ISO-10303-21;
HEADER;
FILE_DESCRIPTION(('KiCad electronic assembly'),'2;1');
FILE_NAME('sensorboard4.step','2026-07-23T14:28:55',('Pcbnew'),('Kicad')
  ,'Open CASCADE STEP processor 7.9','KiCad to STEP converter','Unknown'
  );
FILE_SCHEMA(('AUTOMOTIVE_DESIGN { 1 0 10303 214 1 1 1 1 }'));
ENDSEC;
DATA;
#1 = APPLICATION_PROTOCOL_DEFINITION('international standard',
  'automotive_design',2000,#2);
#2 = APPLICATION_CONTEXT(
  'core data for automotive mechanical design processes');
#3 = SHAPE_DEFINITION_REPRESENTATION(#4,#10);
#4 = PRODUCT_DEFINITION_SHAPE('','',#5);
#5 = PRODUCT_DEFINITION('design','',#6,#9);
#6 = PRODUCT_DEFINITION_FORMATION('','',#7);
#7 = PRODUCT('sensorboard4 1','sensorboard4 1','',(#8));
#8 = PRODUCT_CONTEXT('',#2,'mechanical');
#9 = PRODUCT_DEFINITION_CONTEXT('part definition',#2,'design');
#10 = SHAPE_REPRESENTATION('',(#11,#15,#19,#23,#27,#31,#35,#39,#43,#47,
    #51,#55,#59,#63,#67,#71,#75,#79,#83,#87,#91,#95),#99);
#11 = AXIS2_PLACEMENT_3D('',#12,#13,#14);
#12 = CARTESIAN_POINT('',(0.,0.,0.));
#13 = DIRECTION('',(0.,0.,1.));
#14 = DIRECTION('',(1.,0.,-0.));
#15 = AXIS2_PLACEMENT_3D('',#16,#17,#18);
#16 = CARTESIAN_POINT('',(121.666,-86.995,1.595));
#17 = DIRECTION('',(0.,-0.,1.));
#18 = DIRECTION('',(1.110223024625E-16,1.,0.));
#19 = AXIS2_PLACEMENT_3D('',#20,#21,#22);
#20 = CARTESIAN_POINT('',(108.4939999873,-88.519,1.595));
#21 = DIRECTION('',(0.,-1.,1.110223024625E-16));
#22 = DIRECTION('',(1.,0.,0.));
#23 = AXIS2_PLACEMENT_3D('',#24,#25,#26);
#24 = CARTESIAN_POINT('',(121.666,-90.297,1.595));
#25 = DIRECTION('',(0.,-0.,1.));
#26 = DIRECTION('',(1.110223024625E-16,1.,0.));
#27 = AXIS2_PLACEMENT_3D('',#28,#29,#30);
#28 = CARTESIAN_POINT('',(112.776,-86.741,1.595));
#29 = DIRECTION('',(0.,-0.,1.));
#30 = DIRECTION('',(1.110223024625E-16,1.,0.));
#31 = AXIS2_PLACEMENT_3D('',#32,#33,#34);
#32 = CARTESIAN_POINT('',(99.7169999873,-88.519,1.595));
#33 = DIRECTION('',(0.,-1.,1.110223024625E-16));
#34 = DIRECTION('',(1.,0.,0.));
#35 = AXIS2_PLACEMENT_3D('',#36,#37,#38);
#36 = CARTESIAN_POINT('',(103.759,-90.17,1.595));
#37 = DIRECTION('',(0.,-0.,1.));
#38 = DIRECTION('',(1.110223024625E-16,1.,0.));
#39 = AXIS2_PLACEMENT_3D('',#40,#41,#42);
#40 = CARTESIAN_POINT('',(97.155,-84.455,1.595));
#41 = DIRECTION('',(0.,0.,1.));
#42 = DIRECTION('',(1.,0.,0.));
#43 = AXIS2_PLACEMENT_3D('',#44,#45,#46);
#44 = CARTESIAN_POINT('',(112.903,-90.043,1.595));
#45 = DIRECTION('',(0.,-0.,1.));
#46 = DIRECTION('',(1.110223024625E-16,1.,0.));
#47 = AXIS2_PLACEMENT_3D('',#48,#49,#50);
#48 = CARTESIAN_POINT('',(103.759,-86.868,1.595));
#49 = DIRECTION('',(0.,-0.,1.));
#50 = DIRECTION('',(1.110223024625E-16,1.,0.));
#51 = AXIS2_PLACEMENT_3D('',#52,#53,#54);
#52 = CARTESIAN_POINT('',(120.2,-93.3,1.595));
#53 = DIRECTION('',(0.,0.,1.));
#54 = DIRECTION('',(-1.,1.224646799147E-16,0.));
#55 = AXIS2_PLACEMENT_3D('',#56,#57,#58);
#56 = CARTESIAN_POINT('',(123.063,-84.582,1.595));
#57 = DIRECTION('',(0.,0.,1.));
#58 = DIRECTION('',(-1.,1.224646799147E-16,0.));
#59 = AXIS2_PLACEMENT_3D('',#60,#61,#62);
#60 = CARTESIAN_POINT('',(101.473,-84.455,1.595));
#61 = DIRECTION('',(0.,0.,1.));
#62 = DIRECTION('',(1.,0.,0.));
#63 = AXIS2_PLACEMENT_3D('',#64,#65,#66);
#64 = CARTESIAN_POINT('',(116.078,-84.582,1.595));
#65 = DIRECTION('',(0.,0.,1.));
#66 = DIRECTION('',(1.,0.,0.));
#67 = AXIS2_PLACEMENT_3D('',#68,#69,#70);
#68 = CARTESIAN_POINT('',(110.236,-84.455,1.595));
#69 = DIRECTION('',(0.,0.,1.));
#70 = DIRECTION('',(1.,0.,0.));
#71 = AXIS2_PLACEMENT_3D('',#72,#73,#74);
#72 = CARTESIAN_POINT('',(130.1,-85.75,1.595));
#73 = DIRECTION('',(0.,0.,1.));
#74 = DIRECTION('',(1.,0.,0.));
#75 = AXIS2_PLACEMENT_3D('',#76,#77,#78);
#76 = CARTESIAN_POINT('',(112.649,-92.964,1.595));
#77 = DIRECTION('',(0.,0.,1.));
#78 = DIRECTION('',(-1.,1.224646799147E-16,0.));
#79 = AXIS2_PLACEMENT_3D('',#80,#81,#82);
#80 = CARTESIAN_POINT('',(117.6379999873,-88.539,1.595));
#81 = DIRECTION('',(0.,-1.,1.110223024625E-16));
#82 = DIRECTION('',(1.,0.,0.));
#83 = AXIS2_PLACEMENT_3D('',#84,#85,#86);
#84 = CARTESIAN_POINT('',(125.349,-84.582,1.595));
#85 = DIRECTION('',(0.,-0.,1.));
#86 = DIRECTION('',(1.110223024625E-16,1.,0.));
#87 = AXIS2_PLACEMENT_3D('',#88,#89,#90);
#88 = CARTESIAN_POINT('',(119.38,-84.582,1.595));
#89 = DIRECTION('',(0.,0.,1.));
#90 = DIRECTION('',(1.,0.,0.));
#91 = AXIS2_PLACEMENT_3D('',#92,#93,#94);
#92 = CARTESIAN_POINT('',(126.829999924,-93.4400000008,4.00001056E-02));
#93 = DIRECTION('',(-1.224646799147E-16,-1.,-2.334869823773E-16));
#94 = DIRECTION('',(-1.,1.224646799147E-16,0.));
#95 = AXIS2_PLACEMENT_3D('',#96,#97,#98);
#96 = CARTESIAN_POINT('',(0.,0.,0.));
#97 = DIRECTION('',(0.,0.,1.));
#98 = DIRECTION('',(1.,0.,-0.));
#99 = ( GEOMETRIC_REPRESENTATION_CONTEXT(3) 
GLOBAL_UNCERTAINTY_ASSIGNED_CONTEXT((#103)) GLOBAL_UNIT_ASSIGNED_CONTEXT
((#100,#101,#102)) REPRESENTATION_CONTEXT('Context #1',
  '3D Context with UNIT and UNCERTAINTY') );
#100 = ( LENGTH_UNIT() NAMED_UNIT(*) SI_UNIT(.MILLI.,.METRE.) );
#101 = ( NAMED_UNIT(*) PLANE_ANGLE_UNIT() SI_UNIT($,.RADIAN.) );
#102 = ( NAMED_UNIT(*) SI_UNIT($,.STERADIAN.) SOLID_ANGLE_UNIT() );
#103 = UNCERTAINTY_MEASURE_WITH_UNIT(LENGTH_MEASURE(1.E-07),#100,
  'distance_accuracy_value','confusion accuracy');
#104 = PRODUCT_RELATED_PRODUCT_CATEGORY('part',$,(#7));
#105 = SHAPE_DEFINITION_REPRESENTATION(#106,#112);
#106 = PRODUCT_DEFINITION_SHAPE('','',#107);
#107 = PRODUCT_DEFINITION('design','',#108,#111);
#108 = PRODUCT_DEFINITION_FORMATION('','',#109);
#109 = PRODUCT('C_0603_1608Metric','C_0603_1608Metric','',(#110));
#110 = PRODUCT_CONTEXT('',#2,'mechanical');
#111 = PRODUCT_DEFINITION_CONTEXT('part definition',#2,'design');
#112 = SHAPE_REPRESENTATION('',(#11,#113),#117);
#113 = AXIS2_PLACEMENT_3D('',#114,#115,#116);
#114 = CARTESIAN_POINT('',(0.,0.,0.));
#115 = DIRECTION('',(0.,0.,1.));
#116 = DIRECTION('',(1.,0.,-0.));
#117 = ( GEOMETRIC_REPRESENTATION_CONTEXT(3) 
GLOBAL_UNCERTAINTY_ASSIGNED_CONTEXT((#121)) GLOBAL_UNIT_ASSIGNED_CONTEXT
((#118,#119,#120)) REPRESENTATION_CONTEXT('Context #1',
  '3D Context with UNIT and UNCERTAINTY') );
#118 = ( LENGTH_UNIT() NAMED_UNIT(*) SI_UNIT(.MILLI.,.METRE.) );
#119 = ( NAMED_UNIT(*) PLANE_ANGLE_UNIT() SI_UNIT($,.RADIAN.) );
#120 = ( NAMED_UNIT(*) SI_UNIT($,.STERADIAN.) SOLID_ANGLE_UNIT() );
#121 = UNCERTAINTY_MEASURE_WITH_UNIT(LENGTH_MEASURE(1.E-07),#118,
  'distance_accuracy_value','confusion accuracy');
#122 = CONTEXT_DEPENDENT_SHAPE_REPRESENTATION(#123,#125);
#123 = ( REPRESENTATION_RELATIONSHIP('','',#112,#10) 
REPRESENTATION_RELATIONSHIP_WITH_TRANSFORMATION(#124) 
SHAPE_REPRESENTATION_RELATIONSHIP() );
#124 = ITEM_DEFINED_TRANSFORMATION('','',#11,#15);
#125 = PRODUCT_DEFINITION_SHAPE('Placement','Placement of an item',#126
  );
#126 = NEXT_ASSEMBLY_USAGE_OCCURRENCE('2','C2','',#5,#107,$);
#127 = PRODUCT_RELATED_PRODUCT_CATEGORY('part',$,(#109));
#128 = SHAPE_DEFINITION_REPRESENTATION(#129,#135);
#129 = PRODUCT_DEFINITION_SHAPE('','',#130);
#130 = PRODUCT_DEFINITION('design','',#131,#134);
#131 = PRODUCT_DEFINITION_FORMATION('','',#132);
#132 = PRODUCT('C_0603_1608Metric','C_0603_1608Metric','',(#133));
#133 = PRODUCT_CONTEXT('',#2,'mechanical');
#134 = PRODUCT_DEFINITION_CONTEXT('part definition',#2,'design');
#135 = ADVANCED_BREP_SHAPE_REPRESENTATION('',(#11,#136),#990);
#136 = MANIFOLD_SOLID_BREP('',#137);
#137 = CLOSED_SHELL('',(#138,#214,#245,#270,#295,#319,#343,#368,#393,
    #410,#496,#528,#552,#577,#601,#626,#650,#675,#692,#778,#809,#834,
    #859,#883,#907,#932,#957,#974));
#138 = ADVANCED_FACE('',(#139),#209,.F.);
#139 = FACE_BOUND('',#140,.F.);
#140 = EDGE_LOOP('',(#141,#151,#160,#168,#177,#185,#194,#202));
#141 = ORIENTED_EDGE('',*,*,#142,.F.);
#142 = EDGE_CURVE('',#143,#145,#147,.T.);
#143 = VERTEX_POINT('',#144);
#144 = CARTESIAN_POINT('',(-0.8,-0.4,3.E-02));
#145 = VERTEX_POINT('',#146);
#146 = CARTESIAN_POINT('',(-0.8,-0.4,0.77));
#147 = LINE('',#148,#149);
#148 = CARTESIAN_POINT('',(-0.8,-0.4,0.));
#149 = VECTOR('',#150,1.);
#150 = DIRECTION('',(0.,0.,1.));
#151 = ORIENTED_EDGE('',*,*,#152,.T.);
#152 = EDGE_CURVE('',#143,#153,#155,.T.);
#153 = VERTEX_POINT('',#154);
#154 = CARTESIAN_POINT('',(-0.8,-0.37,0.));
#155 = CIRCLE('',#156,3.E-02);
#156 = AXIS2_PLACEMENT_3D('',#157,#158,#159);
#157 = CARTESIAN_POINT('',(-0.8,-0.37,3.E-02));
#158 = DIRECTION('',(1.,0.,-0.));
#159 = DIRECTION('',(0.,0.,1.));
#160 = ORIENTED_EDGE('',*,*,#161,.T.);
#161 = EDGE_CURVE('',#153,#162,#164,.T.);
#162 = VERTEX_POINT('',#163);
#163 = CARTESIAN_POINT('',(-0.8,0.37,0.));
#164 = LINE('',#165,#166);
#165 = CARTESIAN_POINT('',(-0.8,-0.4,0.));
#166 = VECTOR('',#167,1.);
#167 = DIRECTION('',(0.,1.,0.));
#168 = ORIENTED_EDGE('',*,*,#169,.F.);
#169 = EDGE_CURVE('',#170,#162,#172,.T.);
#170 = VERTEX_POINT('',#171);
#171 = CARTESIAN_POINT('',(-0.8,0.4,3.E-02));
#172 = CIRCLE('',#173,3.E-02);
#173 = AXIS2_PLACEMENT_3D('',#174,#175,#176);
#174 = CARTESIAN_POINT('',(-0.8,0.37,3.E-02));
#175 = DIRECTION('',(-1.,0.,0.));
#176 = DIRECTION('',(0.,0.,1.));
#177 = ORIENTED_EDGE('',*,*,#178,.T.);
#178 = EDGE_CURVE('',#170,#179,#181,.T.);
#179 = VERTEX_POINT('',#180);
#180 = CARTESIAN_POINT('',(-0.8,0.4,0.77));
#181 = LINE('',#182,#183);
#182 = CARTESIAN_POINT('',(-0.8,0.4,0.));
#183 = VECTOR('',#184,1.);
#184 = DIRECTION('',(0.,0.,1.));
#185 = ORIENTED_EDGE('',*,*,#186,.T.);
#186 = EDGE_CURVE('',#179,#187,#189,.T.);
#187 = VERTEX_POINT('',#188);
#188 = CARTESIAN_POINT('',(-0.8,0.37,0.8));
#189 = CIRCLE('',#190,3.E-02);
#190 = AXIS2_PLACEMENT_3D('',#191,#192,#193);
#191 = CARTESIAN_POINT('',(-0.8,0.37,0.77));
#192 = DIRECTION('',(1.,0.,-0.));
#193 = DIRECTION('',(0.,0.,1.));
#194 = ORIENTED_EDGE('',*,*,#195,.F.);
#195 = EDGE_CURVE('',#196,#187,#198,.T.);
#196 = VERTEX_POINT('',#197);
#197 = CARTESIAN_POINT('',(-0.8,-0.37,0.8));
#198 = LINE('',#199,#200);
#199 = CARTESIAN_POINT('',(-0.8,-0.4,0.8));
#200 = VECTOR('',#201,1.);
#201 = DIRECTION('',(0.,1.,0.));
#202 = ORIENTED_EDGE('',*,*,#203,.F.);
#203 = EDGE_CURVE('',#145,#196,#204,.T.);
#204 = CIRCLE('',#205,3.E-02);
#205 = AXIS2_PLACEMENT_3D('',#206,#207,#208);
#206 = CARTESIAN_POINT('',(-0.8,-0.37,0.77));
#207 = DIRECTION('',(-1.,0.,0.));
#208 = DIRECTION('',(0.,0.,1.));
#209 = PLANE('',#210);
#210 = AXIS2_PLACEMENT_3D('',#211,#212,#213);
#211 = CARTESIAN_POINT('',(-0.8,-0.4,0.));
#212 = DIRECTION('',(1.,0.,0.));
#213 = DIRECTION('',(0.,0.,1.));
#214 = ADVANCED_FACE('',(#215),#240,.F.);
#215 = FACE_BOUND('',#216,.F.);
#216 = EDGE_LOOP('',(#217,#227,#233,#234));
#217 = ORIENTED_EDGE('',*,*,#218,.F.);
#218 = EDGE_CURVE('',#219,#221,#223,.T.);
#219 = VERTEX_POINT('',#220);
#220 = CARTESIAN_POINT('',(-0.5,-0.4,3.E-02));
#221 = VERTEX_POINT('',#222);
#222 = CARTESIAN_POINT('',(-0.5,-0.4,0.77));
#223 = LINE('',#224,#225);
#224 = CARTESIAN_POINT('',(-0.5,-0.4,0.));
#225 = VECTOR('',#226,1.);
#226 = DIRECTION('',(0.,0.,1.));
#227 = ORIENTED_EDGE('',*,*,#228,.F.);
#228 = EDGE_CURVE('',#143,#219,#229,.T.);
#229 = LINE('',#230,#231);
#230 = CARTESIAN_POINT('',(-0.8,-0.4,3.E-02));
#231 = VECTOR('',#232,1.);
#232 = DIRECTION('',(1.,0.,0.));
#233 = ORIENTED_EDGE('',*,*,#142,.T.);
#234 = ORIENTED_EDGE('',*,*,#235,.T.);
#235 = EDGE_CURVE('',#145,#221,#236,.T.);
#236 = LINE('',#237,#238);
#237 = CARTESIAN_POINT('',(-0.8,-0.4,0.77));
#238 = VECTOR('',#239,1.);
#239 = DIRECTION('',(1.,0.,0.));
#240 = PLANE('',#241);
#241 = AXIS2_PLACEMENT_3D('',#242,#243,#244);
#242 = CARTESIAN_POINT('',(-0.8,-0.4,0.));
#243 = DIRECTION('',(0.,1.,0.));
#244 = DIRECTION('',(0.,-0.,1.));
#245 = ADVANCED_FACE('',(#246),#265,.T.);
#246 = FACE_BOUND('',#247,.T.);
#247 = EDGE_LOOP('',(#248,#249,#257,#264));
#248 = ORIENTED_EDGE('',*,*,#152,.T.);
#249 = ORIENTED_EDGE('',*,*,#250,.T.);
#250 = EDGE_CURVE('',#153,#251,#253,.T.);
#251 = VERTEX_POINT('',#252);
#252 = CARTESIAN_POINT('',(-0.5,-0.37,0.));
#253 = LINE('',#254,#255);
#254 = CARTESIAN_POINT('',(-0.8,-0.37,0.));
#255 = VECTOR('',#256,1.);
#256 = DIRECTION('',(1.,0.,0.));
#257 = ORIENTED_EDGE('',*,*,#258,.F.);
#258 = EDGE_CURVE('',#219,#251,#259,.T.);
#259 = CIRCLE('',#260,3.E-02);
#260 = AXIS2_PLACEMENT_3D('',#261,#262,#263);
#261 = CARTESIAN_POINT('',(-0.5,-0.37,3.E-02));
#262 = DIRECTION('',(1.,0.,-0.));
#263 = DIRECTION('',(0.,0.,1.));
#264 = ORIENTED_EDGE('',*,*,#228,.F.);
#265 = CYLINDRICAL_SURFACE('',#266,3.E-02);
#266 = AXIS2_PLACEMENT_3D('',#267,#268,#269);
#267 = CARTESIAN_POINT('',(-0.8,-0.37,3.E-02));
#268 = DIRECTION('',(1.,0.,0.));
#269 = DIRECTION('',(0.,-1.,0.));
#270 = ADVANCED_FACE('',(#271),#290,.T.);
#271 = FACE_BOUND('',#272,.T.);
#272 = EDGE_LOOP('',(#273,#274,#283,#289));
#273 = ORIENTED_EDGE('',*,*,#235,.T.);
#274 = ORIENTED_EDGE('',*,*,#275,.T.);
#275 = EDGE_CURVE('',#221,#276,#278,.T.);
#276 = VERTEX_POINT('',#277);
#277 = CARTESIAN_POINT('',(-0.5,-0.37,0.8));
#278 = CIRCLE('',#279,3.E-02);
#279 = AXIS2_PLACEMENT_3D('',#280,#281,#282);
#280 = CARTESIAN_POINT('',(-0.5,-0.37,0.77));
#281 = DIRECTION('',(-1.,0.,0.));
#282 = DIRECTION('',(0.,0.,1.));
#283 = ORIENTED_EDGE('',*,*,#284,.F.);
#284 = EDGE_CURVE('',#196,#276,#285,.T.);
#285 = LINE('',#286,#287);
#286 = CARTESIAN_POINT('',(-0.8,-0.37,0.8));
#287 = VECTOR('',#288,1.);
#288 = DIRECTION('',(1.,0.,0.));
#289 = ORIENTED_EDGE('',*,*,#203,.F.);
#290 = CYLINDRICAL_SURFACE('',#291,3.E-02);
#291 = AXIS2_PLACEMENT_3D('',#292,#293,#294);
#292 = CARTESIAN_POINT('',(-0.8,-0.37,0.77));
#293 = DIRECTION('',(1.,0.,0.));
#294 = DIRECTION('',(0.,-1.,0.));
#295 = ADVANCED_FACE('',(#296),#314,.F.);
#296 = FACE_BOUND('',#297,.F.);
#297 = EDGE_LOOP('',(#298,#299,#300,#308));
#298 = ORIENTED_EDGE('',*,*,#161,.F.);
#299 = ORIENTED_EDGE('',*,*,#250,.T.);
#300 = ORIENTED_EDGE('',*,*,#301,.T.);
#301 = EDGE_CURVE('',#251,#302,#304,.T.);
#302 = VERTEX_POINT('',#303);
#303 = CARTESIAN_POINT('',(-0.5,0.37,0.));
#304 = LINE('',#305,#306);
#305 = CARTESIAN_POINT('',(-0.5,-0.4,0.));
#306 = VECTOR('',#307,1.);
#307 = DIRECTION('',(0.,1.,0.));
#308 = ORIENTED_EDGE('',*,*,#309,.F.);
#309 = EDGE_CURVE('',#162,#302,#310,.T.);
#310 = LINE('',#311,#312);
#311 = CARTESIAN_POINT('',(-0.8,0.37,0.));
#312 = VECTOR('',#313,1.);
#313 = DIRECTION('',(1.,0.,0.));
#314 = PLANE('',#315);
#315 = AXIS2_PLACEMENT_3D('',#316,#317,#318);
#316 = CARTESIAN_POINT('',(-0.8,-0.4,0.));
#317 = DIRECTION('',(0.,0.,1.));
#318 = DIRECTION('',(1.,0.,-0.));
#319 = ADVANCED_FACE('',(#320),#338,.T.);
#320 = FACE_BOUND('',#321,.T.);
#321 = EDGE_LOOP('',(#322,#323,#324,#332));
#322 = ORIENTED_EDGE('',*,*,#195,.F.);
#323 = ORIENTED_EDGE('',*,*,#284,.T.);
#324 = ORIENTED_EDGE('',*,*,#325,.T.);
#325 = EDGE_CURVE('',#276,#326,#328,.T.);
#326 = VERTEX_POINT('',#327);
#327 = CARTESIAN_POINT('',(-0.5,0.37,0.8));
#328 = LINE('',#329,#330);
#329 = CARTESIAN_POINT('',(-0.5,-0.4,0.8));
#330 = VECTOR('',#331,1.);
#331 = DIRECTION('',(0.,1.,0.));
#332 = ORIENTED_EDGE('',*,*,#333,.F.);
#333 = EDGE_CURVE('',#187,#326,#334,.T.);
#334 = LINE('',#335,#336);
#335 = CARTESIAN_POINT('',(-0.8,0.37,0.8));
#336 = VECTOR('',#337,1.);
#337 = DIRECTION('',(1.,0.,0.));
#338 = PLANE('',#339);
#339 = AXIS2_PLACEMENT_3D('',#340,#341,#342);
#340 = CARTESIAN_POINT('',(-0.8,-0.4,0.8));
#341 = DIRECTION('',(0.,0.,1.));
#342 = DIRECTION('',(1.,0.,-0.));
#343 = ADVANCED_FACE('',(#344),#363,.T.);
#344 = FACE_BOUND('',#345,.T.);
#345 = EDGE_LOOP('',(#346,#354,#361,#362));
#346 = ORIENTED_EDGE('',*,*,#347,.T.);
#347 = EDGE_CURVE('',#170,#348,#350,.T.);
#348 = VERTEX_POINT('',#349);
#349 = CARTESIAN_POINT('',(-0.5,0.4,3.E-02));
#350 = LINE('',#351,#352);
#351 = CARTESIAN_POINT('',(-0.8,0.4,3.E-02));
#352 = VECTOR('',#353,1.);
#353 = DIRECTION('',(1.,0.,0.));
#354 = ORIENTED_EDGE('',*,*,#355,.T.);
#355 = EDGE_CURVE('',#348,#302,#356,.T.);
#356 = CIRCLE('',#357,3.E-02);
#357 = AXIS2_PLACEMENT_3D('',#358,#359,#360);
#358 = CARTESIAN_POINT('',(-0.5,0.37,3.E-02));
#359 = DIRECTION('',(-1.,0.,0.));
#360 = DIRECTION('',(0.,0.,1.));
#361 = ORIENTED_EDGE('',*,*,#309,.F.);
#362 = ORIENTED_EDGE('',*,*,#169,.F.);
#363 = CYLINDRICAL_SURFACE('',#364,3.E-02);
#364 = AXIS2_PLACEMENT_3D('',#365,#366,#367);
#365 = CARTESIAN_POINT('',(-0.8,0.37,3.E-02));
#366 = DIRECTION('',(1.,0.,0.));
#367 = DIRECTION('',(-0.,1.,0.));
#368 = ADVANCED_FACE('',(#369),#388,.T.);
#369 = FACE_BOUND('',#370,.T.);
#370 = EDGE_LOOP('',(#371,#372,#373,#382));
#371 = ORIENTED_EDGE('',*,*,#186,.T.);
#372 = ORIENTED_EDGE('',*,*,#333,.T.);
#373 = ORIENTED_EDGE('',*,*,#374,.F.);
#374 = EDGE_CURVE('',#375,#326,#377,.T.);
#375 = VERTEX_POINT('',#376);
#376 = CARTESIAN_POINT('',(-0.5,0.4,0.77));
#377 = CIRCLE('',#378,3.E-02);
#378 = AXIS2_PLACEMENT_3D('',#379,#380,#381);
#379 = CARTESIAN_POINT('',(-0.5,0.37,0.77));
#380 = DIRECTION('',(1.,0.,-0.));
#381 = DIRECTION('',(0.,0.,1.));
#382 = ORIENTED_EDGE('',*,*,#383,.F.);
#383 = EDGE_CURVE('',#179,#375,#384,.T.);
#384 = LINE('',#385,#386);
#385 = CARTESIAN_POINT('',(-0.8,0.4,0.77));
#386 = VECTOR('',#387,1.);
#387 = DIRECTION('',(1.,0.,0.));
#388 = CYLINDRICAL_SURFACE('',#389,3.E-02);
#389 = AXIS2_PLACEMENT_3D('',#390,#391,#392);
#390 = CARTESIAN_POINT('',(-0.8,0.37,0.77));
#391 = DIRECTION('',(1.,0.,0.));
#392 = DIRECTION('',(-0.,1.,0.));
#393 = ADVANCED_FACE('',(#394),#405,.T.);
#394 = FACE_BOUND('',#395,.T.);
#395 = EDGE_LOOP('',(#396,#402,#403,#404));
#396 = ORIENTED_EDGE('',*,*,#397,.F.);
#397 = EDGE_CURVE('',#348,#375,#398,.T.);
#398 = LINE('',#399,#400);
#399 = CARTESIAN_POINT('',(-0.5,0.4,0.));
#400 = VECTOR('',#401,1.);
#401 = DIRECTION('',(0.,0.,1.));
#402 = ORIENTED_EDGE('',*,*,#347,.F.);
#403 = ORIENTED_EDGE('',*,*,#178,.T.);
#404 = ORIENTED_EDGE('',*,*,#383,.T.);
#405 = PLANE('',#406);
#406 = AXIS2_PLACEMENT_3D('',#407,#408,#409);
#407 = CARTESIAN_POINT('',(-0.8,0.4,0.));
#408 = DIRECTION('',(0.,1.,0.));
#409 = DIRECTION('',(0.,-0.,1.));
#410 = ADVANCED_FACE('',(#411,#421),#491,.T.);
#411 = FACE_BOUND('',#412,.T.);
#412 = EDGE_LOOP('',(#413,#414,#415,#416,#417,#418,#419,#420));
#413 = ORIENTED_EDGE('',*,*,#218,.F.);
#414 = ORIENTED_EDGE('',*,*,#258,.T.);
#415 = ORIENTED_EDGE('',*,*,#301,.T.);
#416 = ORIENTED_EDGE('',*,*,#355,.F.);
#417 = ORIENTED_EDGE('',*,*,#397,.T.);
#418 = ORIENTED_EDGE('',*,*,#374,.T.);
#419 = ORIENTED_EDGE('',*,*,#325,.F.);
#420 = ORIENTED_EDGE('',*,*,#275,.F.);
#421 = FACE_BOUND('',#422,.T.);
#422 = EDGE_LOOP('',(#423,#434,#442,#451,#459,#468,#476,#485));
#423 = ORIENTED_EDGE('',*,*,#424,.F.);
#424 = EDGE_CURVE('',#425,#427,#429,.T.);
#425 = VERTEX_POINT('',#426);
#426 = CARTESIAN_POINT('',(-0.5,-0.37,6.E-02));
#427 = VERTEX_POINT('',#428);
#428 = CARTESIAN_POINT('',(-0.5,-0.34,3.E-02));
#429 = CIRCLE('',#430,3.E-02);
#430 = AXIS2_PLACEMENT_3D('',#431,#432,#433);
#431 = CARTESIAN_POINT('',(-0.5,-0.34,6.E-02));
#432 = DIRECTION('',(1.,0.,-0.));
#433 = DIRECTION('',(0.,0.,1.));
#434 = ORIENTED_EDGE('',*,*,#435,.T.);
#435 = EDGE_CURVE('',#425,#436,#438,.T.);
#436 = VERTEX_POINT('',#437);
#437 = CARTESIAN_POINT('',(-0.5,-0.37,0.74));
#438 = LINE('',#439,#440);
#439 = CARTESIAN_POINT('',(-0.5,-0.37,3.E-02));
#440 = VECTOR('',#441,1.);
#441 = DIRECTION('',(0.,0.,1.));
#442 = ORIENTED_EDGE('',*,*,#443,.T.);
#443 = EDGE_CURVE('',#436,#444,#446,.T.);
#444 = VERTEX_POINT('',#445);
#445 = CARTESIAN_POINT('',(-0.5,-0.34,0.77));
#446 = CIRCLE('',#447,3.E-02);
#447 = AXIS2_PLACEMENT_3D('',#448,#449,#450);
#448 = CARTESIAN_POINT('',(-0.5,-0.34,0.74));
#449 = DIRECTION('',(-1.,0.,0.));
#450 = DIRECTION('',(0.,0.,1.));
#451 = ORIENTED_EDGE('',*,*,#452,.T.);
#452 = EDGE_CURVE('',#444,#453,#455,.T.);
#453 = VERTEX_POINT('',#454);
#454 = CARTESIAN_POINT('',(-0.5,0.34,0.77));
#455 = LINE('',#456,#457);
#456 = CARTESIAN_POINT('',(-0.5,-0.37,0.77));
#457 = VECTOR('',#458,1.);
#458 = DIRECTION('',(0.,1.,0.));
#459 = ORIENTED_EDGE('',*,*,#460,.F.);
#460 = EDGE_CURVE('',#461,#453,#463,.T.);
#461 = VERTEX_POINT('',#462);
#462 = CARTESIAN_POINT('',(-0.5,0.37,0.74));
#463 = CIRCLE('',#464,3.E-02);
#464 = AXIS2_PLACEMENT_3D('',#465,#466,#467);
#465 = CARTESIAN_POINT('',(-0.5,0.34,0.74));
#466 = DIRECTION('',(1.,0.,-0.));
#467 = DIRECTION('',(0.,0.,1.));
#468 = ORIENTED_EDGE('',*,*,#469,.F.);
#469 = EDGE_CURVE('',#470,#461,#472,.T.);
#470 = VERTEX_POINT('',#471);
#471 = CARTESIAN_POINT('',(-0.5,0.37,6.E-02));
#472 = LINE('',#473,#474);
#473 = CARTESIAN_POINT('',(-0.5,0.37,3.E-02));
#474 = VECTOR('',#475,1.);
#475 = DIRECTION('',(0.,0.,1.));
#476 = ORIENTED_EDGE('',*,*,#477,.T.);
#477 = EDGE_CURVE('',#470,#478,#480,.T.);
#478 = VERTEX_POINT('',#479);
#479 = CARTESIAN_POINT('',(-0.5,0.34,3.E-02));
#480 = CIRCLE('',#481,3.E-02);
#481 = AXIS2_PLACEMENT_3D('',#482,#483,#484);
#482 = CARTESIAN_POINT('',(-0.5,0.34,6.E-02));
#483 = DIRECTION('',(-1.,0.,0.));
#484 = DIRECTION('',(0.,0.,1.));
#485 = ORIENTED_EDGE('',*,*,#486,.F.);
#486 = EDGE_CURVE('',#427,#478,#487,.T.);
#487 = LINE('',#488,#489);
#488 = CARTESIAN_POINT('',(-0.5,-0.37,3.E-02));
#489 = VECTOR('',#490,1.);
#490 = DIRECTION('',(0.,1.,0.));
#491 = PLANE('',#492);
#492 = AXIS2_PLACEMENT_3D('',#493,#494,#495);
#493 = CARTESIAN_POINT('',(-0.5,-0.4,0.));
#494 = DIRECTION('',(1.,0.,0.));
#495 = DIRECTION('',(0.,0.,1.));
#496 = ADVANCED_FACE('',(#497),#523,.T.);
#497 = FACE_BOUND('',#498,.T.);
#498 = EDGE_LOOP('',(#499,#500,#508,#517));
#499 = ORIENTED_EDGE('',*,*,#424,.T.);
#500 = ORIENTED_EDGE('',*,*,#501,.T.);
#501 = EDGE_CURVE('',#427,#502,#504,.T.);
#502 = VERTEX_POINT('',#503);
#503 = CARTESIAN_POINT('',(0.5,-0.34,3.E-02));
#504 = LINE('',#505,#506);
#505 = CARTESIAN_POINT('',(-0.5,-0.34,3.E-02));
#506 = VECTOR('',#507,1.);
#507 = DIRECTION('',(1.,0.,0.));
#508 = ORIENTED_EDGE('',*,*,#509,.F.);
#509 = EDGE_CURVE('',#510,#502,#512,.T.);
#510 = VERTEX_POINT('',#511);
#511 = CARTESIAN_POINT('',(0.5,-0.37,6.E-02));
#512 = CIRCLE('',#513,3.E-02);
#513 = AXIS2_PLACEMENT_3D('',#514,#515,#516);
#514 = CARTESIAN_POINT('',(0.5,-0.34,6.E-02));
#515 = DIRECTION('',(1.,0.,-0.));
#516 = DIRECTION('',(0.,0.,1.));
#517 = ORIENTED_EDGE('',*,*,#518,.F.);
#518 = EDGE_CURVE('',#425,#510,#519,.T.);
#519 = LINE('',#520,#521);
#520 = CARTESIAN_POINT('',(-0.5,-0.37,6.E-02));
#521 = VECTOR('',#522,1.);
#522 = DIRECTION('',(1.,0.,0.));
#523 = CYLINDRICAL_SURFACE('',#524,3.E-02);
#524 = AXIS2_PLACEMENT_3D('',#525,#526,#527);
#525 = CARTESIAN_POINT('',(-0.5,-0.34,6.E-02));
#526 = DIRECTION('',(1.,0.,0.));
#527 = DIRECTION('',(0.,-1.,0.));
#528 = ADVANCED_FACE('',(#529),#547,.F.);
#529 = FACE_BOUND('',#530,.F.);
#530 = EDGE_LOOP('',(#531,#532,#533,#541));
#531 = ORIENTED_EDGE('',*,*,#486,.F.);
#532 = ORIENTED_EDGE('',*,*,#501,.T.);
#533 = ORIENTED_EDGE('',*,*,#534,.T.);
#534 = EDGE_CURVE('',#502,#535,#537,.T.);
#535 = VERTEX_POINT('',#536);
#536 = CARTESIAN_POINT('',(0.5,0.34,3.E-02));
#537 = LINE('',#538,#539);
#538 = CARTESIAN_POINT('',(0.5,-0.37,3.E-02));
#539 = VECTOR('',#540,1.);
#540 = DIRECTION('',(0.,1.,0.));
#541 = ORIENTED_EDGE('',*,*,#542,.F.);
#542 = EDGE_CURVE('',#478,#535,#543,.T.);
#543 = LINE('',#544,#545);
#544 = CARTESIAN_POINT('',(-0.5,0.34,3.E-02));
#545 = VECTOR('',#546,1.);
#546 = DIRECTION('',(1.,0.,0.));
#547 = PLANE('',#548);
#548 = AXIS2_PLACEMENT_3D('',#549,#550,#551);
#549 = CARTESIAN_POINT('',(-0.5,-0.37,3.E-02));
#550 = DIRECTION('',(0.,0.,1.));
#551 = DIRECTION('',(1.,0.,-0.));
#552 = ADVANCED_FACE('',(#553),#572,.T.);
#553 = FACE_BOUND('',#554,.T.);
#554 = EDGE_LOOP('',(#555,#563,#570,#571));
#555 = ORIENTED_EDGE('',*,*,#556,.T.);
#556 = EDGE_CURVE('',#470,#557,#559,.T.);
#557 = VERTEX_POINT('',#558);
#558 = CARTESIAN_POINT('',(0.5,0.37,6.E-02));
#559 = LINE('',#560,#561);
#560 = CARTESIAN_POINT('',(-0.5,0.37,6.E-02));
#561 = VECTOR('',#562,1.);
#562 = DIRECTION('',(1.,0.,0.));
#563 = ORIENTED_EDGE('',*,*,#564,.T.);
#564 = EDGE_CURVE('',#557,#535,#565,.T.);
#565 = CIRCLE('',#566,3.E-02);
#566 = AXIS2_PLACEMENT_3D('',#567,#568,#569);
#567 = CARTESIAN_POINT('',(0.5,0.34,6.E-02));
#568 = DIRECTION('',(-1.,0.,0.));
#569 = DIRECTION('',(0.,0.,1.));
#570 = ORIENTED_EDGE('',*,*,#542,.F.);
#571 = ORIENTED_EDGE('',*,*,#477,.F.);
#572 = CYLINDRICAL_SURFACE('',#573,3.E-02);
#573 = AXIS2_PLACEMENT_3D('',#574,#575,#576);
#574 = CARTESIAN_POINT('',(-0.5,0.34,6.E-02));
#575 = DIRECTION('',(1.,0.,0.));
#576 = DIRECTION('',(-0.,1.,0.));
#577 = ADVANCED_FACE('',(#578),#596,.T.);
#578 = FACE_BOUND('',#579,.T.);
#579 = EDGE_LOOP('',(#580,#588,#589,#590));
#580 = ORIENTED_EDGE('',*,*,#581,.F.);
#581 = EDGE_CURVE('',#557,#582,#584,.T.);
#582 = VERTEX_POINT('',#583);
#583 = CARTESIAN_POINT('',(0.5,0.37,0.74));
#584 = LINE('',#585,#586);
#585 = CARTESIAN_POINT('',(0.5,0.37,3.E-02));
#586 = VECTOR('',#587,1.);
#587 = DIRECTION('',(0.,0.,1.));
#588 = ORIENTED_EDGE('',*,*,#556,.F.);
#589 = ORIENTED_EDGE('',*,*,#469,.T.);
#590 = ORIENTED_EDGE('',*,*,#591,.T.);
#591 = EDGE_CURVE('',#461,#582,#592,.T.);
#592 = LINE('',#593,#594);
#593 = CARTESIAN_POINT('',(-0.5,0.37,0.74));
#594 = VECTOR('',#595,1.);
#595 = DIRECTION('',(1.,0.,0.));
#596 = PLANE('',#597);
#597 = AXIS2_PLACEMENT_3D('',#598,#599,#600);
#598 = CARTESIAN_POINT('',(-0.5,0.37,3.E-02));
#599 = DIRECTION('',(0.,1.,0.));
#600 = DIRECTION('',(0.,-0.,1.));
#601 = ADVANCED_FACE('',(#602),#621,.T.);
#602 = FACE_BOUND('',#603,.T.);
#603 = EDGE_LOOP('',(#604,#605,#613,#620));
#604 = ORIENTED_EDGE('',*,*,#460,.T.);
#605 = ORIENTED_EDGE('',*,*,#606,.T.);
#606 = EDGE_CURVE('',#453,#607,#609,.T.);
#607 = VERTEX_POINT('',#608);
#608 = CARTESIAN_POINT('',(0.5,0.34,0.77));
#609 = LINE('',#610,#611);
#610 = CARTESIAN_POINT('',(-0.5,0.34,0.77));
#611 = VECTOR('',#612,1.);
#612 = DIRECTION('',(1.,0.,0.));
#613 = ORIENTED_EDGE('',*,*,#614,.F.);
#614 = EDGE_CURVE('',#582,#607,#615,.T.);
#615 = CIRCLE('',#616,3.E-02);
#616 = AXIS2_PLACEMENT_3D('',#617,#618,#619);
#617 = CARTESIAN_POINT('',(0.5,0.34,0.74));
#618 = DIRECTION('',(1.,0.,-0.));
#619 = DIRECTION('',(0.,0.,1.));
#620 = ORIENTED_EDGE('',*,*,#591,.F.);
#621 = CYLINDRICAL_SURFACE('',#622,3.E-02);
#622 = AXIS2_PLACEMENT_3D('',#623,#624,#625);
#623 = CARTESIAN_POINT('',(-0.5,0.34,0.74));
#624 = DIRECTION('',(1.,0.,0.));
#625 = DIRECTION('',(-0.,1.,0.));
#626 = ADVANCED_FACE('',(#627),#645,.T.);
#627 = FACE_BOUND('',#628,.T.);
#628 = EDGE_LOOP('',(#629,#630,#638,#644));
#629 = ORIENTED_EDGE('',*,*,#452,.F.);
#630 = ORIENTED_EDGE('',*,*,#631,.T.);
#631 = EDGE_CURVE('',#444,#632,#634,.T.);
#632 = VERTEX_POINT('',#633);
#633 = CARTESIAN_POINT('',(0.5,-0.34,0.77));
#634 = LINE('',#635,#636);
#635 = CARTESIAN_POINT('',(-0.5,-0.34,0.77));
#636 = VECTOR('',#637,1.);
#637 = DIRECTION('',(1.,0.,0.));
#638 = ORIENTED_EDGE('',*,*,#639,.T.);
#639 = EDGE_CURVE('',#632,#607,#640,.T.);
#640 = LINE('',#641,#642);
#641 = CARTESIAN_POINT('',(0.5,-0.37,0.77));
#642 = VECTOR('',#643,1.);
#643 = DIRECTION('',(0.,1.,0.));
#644 = ORIENTED_EDGE('',*,*,#606,.F.);
#645 = PLANE('',#646);
#646 = AXIS2_PLACEMENT_3D('',#647,#648,#649);
#647 = CARTESIAN_POINT('',(-0.5,-0.37,0.77));
#648 = DIRECTION('',(0.,0.,1.));
#649 = DIRECTION('',(1.,0.,-0.));
#650 = ADVANCED_FACE('',(#651),#670,.T.);
#651 = FACE_BOUND('',#652,.T.);
#652 = EDGE_LOOP('',(#653,#661,#668,#669));
#653 = ORIENTED_EDGE('',*,*,#654,.T.);
#654 = EDGE_CURVE('',#436,#655,#657,.T.);
#655 = VERTEX_POINT('',#656);
#656 = CARTESIAN_POINT('',(0.5,-0.37,0.74));
#657 = LINE('',#658,#659);
#658 = CARTESIAN_POINT('',(-0.5,-0.37,0.74));
#659 = VECTOR('',#660,1.);
#660 = DIRECTION('',(1.,0.,0.));
#661 = ORIENTED_EDGE('',*,*,#662,.T.);
#662 = EDGE_CURVE('',#655,#632,#663,.T.);
#663 = CIRCLE('',#664,3.E-02);
#664 = AXIS2_PLACEMENT_3D('',#665,#666,#667);
#665 = CARTESIAN_POINT('',(0.5,-0.34,0.74));
#666 = DIRECTION('',(-1.,0.,0.));
#667 = DIRECTION('',(0.,0.,1.));
#668 = ORIENTED_EDGE('',*,*,#631,.F.);
#669 = ORIENTED_EDGE('',*,*,#443,.F.);
#670 = CYLINDRICAL_SURFACE('',#671,3.E-02);
#671 = AXIS2_PLACEMENT_3D('',#672,#673,#674);
#672 = CARTESIAN_POINT('',(-0.5,-0.34,0.74));
#673 = DIRECTION('',(1.,0.,0.));
#674 = DIRECTION('',(0.,-1.,0.));
#675 = ADVANCED_FACE('',(#676),#687,.F.);
#676 = FACE_BOUND('',#677,.F.);
#677 = EDGE_LOOP('',(#678,#684,#685,#686));
#678 = ORIENTED_EDGE('',*,*,#679,.F.);
#679 = EDGE_CURVE('',#510,#655,#680,.T.);
#680 = LINE('',#681,#682);
#681 = CARTESIAN_POINT('',(0.5,-0.37,3.E-02));
#682 = VECTOR('',#683,1.);
#683 = DIRECTION('',(0.,0.,1.));
#684 = ORIENTED_EDGE('',*,*,#518,.F.);
#685 = ORIENTED_EDGE('',*,*,#435,.T.);
#686 = ORIENTED_EDGE('',*,*,#654,.T.);
#687 = PLANE('',#688);
#688 = AXIS2_PLACEMENT_3D('',#689,#690,#691);
#689 = CARTESIAN_POINT('',(-0.5,-0.37,3.E-02));
#690 = DIRECTION('',(0.,1.,0.));
#691 = DIRECTION('',(0.,-0.,1.));
#692 = ADVANCED_FACE('',(#693,#763),#773,.F.);
#693 = FACE_BOUND('',#694,.F.);
#694 = EDGE_LOOP('',(#695,#705,#714,#722,#731,#739,#748,#756));
#695 = ORIENTED_EDGE('',*,*,#696,.F.);
#696 = EDGE_CURVE('',#697,#699,#701,.T.);
#697 = VERTEX_POINT('',#698);
#698 = CARTESIAN_POINT('',(0.5,-0.4,3.E-02));
#699 = VERTEX_POINT('',#700);
#700 = CARTESIAN_POINT('',(0.5,-0.4,0.77));
#701 = LINE('',#702,#703);
#702 = CARTESIAN_POINT('',(0.5,-0.4,0.));
#703 = VECTOR('',#704,1.);
#704 = DIRECTION('',(0.,0.,1.));
#705 = ORIENTED_EDGE('',*,*,#706,.T.);
#706 = EDGE_CURVE('',#697,#707,#709,.T.);
#707 = VERTEX_POINT('',#708);
#708 = CARTESIAN_POINT('',(0.5,-0.37,0.));
#709 = CIRCLE('',#710,3.E-02);
#710 = AXIS2_PLACEMENT_3D('',#711,#712,#713);
#711 = CARTESIAN_POINT('',(0.5,-0.37,3.E-02));
#712 = DIRECTION('',(1.,0.,-0.));
#713 = DIRECTION('',(0.,0.,1.));
#714 = ORIENTED_EDGE('',*,*,#715,.T.);
#715 = EDGE_CURVE('',#707,#716,#718,.T.);
#716 = VERTEX_POINT('',#717);
#717 = CARTESIAN_POINT('',(0.5,0.37,0.));
#718 = LINE('',#719,#720);
#719 = CARTESIAN_POINT('',(0.5,-0.4,0.));
#720 = VECTOR('',#721,1.);
#721 = DIRECTION('',(0.,1.,0.));
#722 = ORIENTED_EDGE('',*,*,#723,.F.);
#723 = EDGE_CURVE('',#724,#716,#726,.T.);
#724 = VERTEX_POINT('',#725);
#725 = CARTESIAN_POINT('',(0.5,0.4,3.E-02));
#726 = CIRCLE('',#727,3.E-02);
#727 = AXIS2_PLACEMENT_3D('',#728,#729,#730);
#728 = CARTESIAN_POINT('',(0.5,0.37,3.E-02));
#729 = DIRECTION('',(-1.,0.,0.));
#730 = DIRECTION('',(0.,0.,1.));
#731 = ORIENTED_EDGE('',*,*,#732,.T.);
#732 = EDGE_CURVE('',#724,#733,#735,.T.);
#733 = VERTEX_POINT('',#734);
#734 = CARTESIAN_POINT('',(0.5,0.4,0.77));
#735 = LINE('',#736,#737);
#736 = CARTESIAN_POINT('',(0.5,0.4,0.));
#737 = VECTOR('',#738,1.);
#738 = DIRECTION('',(0.,0.,1.));
#739 = ORIENTED_EDGE('',*,*,#740,.T.);
#740 = EDGE_CURVE('',#733,#741,#743,.T.);
#741 = VERTEX_POINT('',#742);
#742 = CARTESIAN_POINT('',(0.5,0.37,0.8));
#743 = CIRCLE('',#744,3.E-02);
#744 = AXIS2_PLACEMENT_3D('',#745,#746,#747);
#745 = CARTESIAN_POINT('',(0.5,0.37,0.77));
#746 = DIRECTION('',(1.,0.,-0.));
#747 = DIRECTION('',(0.,0.,1.));
#748 = ORIENTED_EDGE('',*,*,#749,.F.);
#749 = EDGE_CURVE('',#750,#741,#752,.T.);
#750 = VERTEX_POINT('',#751);
#751 = CARTESIAN_POINT('',(0.5,-0.37,0.8));
#752 = LINE('',#753,#754);
#753 = CARTESIAN_POINT('',(0.5,-0.4,0.8));
#754 = VECTOR('',#755,1.);
#755 = DIRECTION('',(0.,1.,0.));
#756 = ORIENTED_EDGE('',*,*,#757,.F.);
#757 = EDGE_CURVE('',#699,#750,#758,.T.);
#758 = CIRCLE('',#759,3.E-02);
#759 = AXIS2_PLACEMENT_3D('',#760,#761,#762);
#760 = CARTESIAN_POINT('',(0.5,-0.37,0.77));
#761 = DIRECTION('',(-1.,0.,0.));
#762 = DIRECTION('',(0.,0.,1.));
#763 = FACE_BOUND('',#764,.F.);
#764 = EDGE_LOOP('',(#765,#766,#767,#768,#769,#770,#771,#772));
#765 = ORIENTED_EDGE('',*,*,#509,.F.);
#766 = ORIENTED_EDGE('',*,*,#679,.T.);
#767 = ORIENTED_EDGE('',*,*,#662,.T.);
#768 = ORIENTED_EDGE('',*,*,#639,.T.);
#769 = ORIENTED_EDGE('',*,*,#614,.F.);
#770 = ORIENTED_EDGE('',*,*,#581,.F.);
#771 = ORIENTED_EDGE('',*,*,#564,.T.);
#772 = ORIENTED_EDGE('',*,*,#534,.F.);
#773 = PLANE('',#774);
#774 = AXIS2_PLACEMENT_3D('',#775,#776,#777);
#775 = CARTESIAN_POINT('',(0.5,-0.4,0.));
#776 = DIRECTION('',(1.,0.,0.));
#777 = DIRECTION('',(0.,0.,1.));
#778 = ADVANCED_FACE('',(#779),#804,.F.);
#779 = FACE_BOUND('',#780,.F.);
#780 = EDGE_LOOP('',(#781,#791,#797,#798));
#781 = ORIENTED_EDGE('',*,*,#782,.F.);
#782 = EDGE_CURVE('',#783,#785,#787,.T.);
#783 = VERTEX_POINT('',#784);
#784 = CARTESIAN_POINT('',(0.8,-0.4,3.E-02));
#785 = VERTEX_POINT('',#786);
#786 = CARTESIAN_POINT('',(0.8,-0.4,0.77));
#787 = LINE('',#788,#789);
#788 = CARTESIAN_POINT('',(0.8,-0.4,0.));
#789 = VECTOR('',#790,1.);
#790 = DIRECTION('',(0.,0.,1.));
#791 = ORIENTED_EDGE('',*,*,#792,.F.);
#792 = EDGE_CURVE('',#697,#783,#793,.T.);
#793 = LINE('',#794,#795);
#794 = CARTESIAN_POINT('',(0.5,-0.4,3.E-02));
#795 = VECTOR('',#796,1.);
#796 = DIRECTION('',(1.,0.,0.));
#797 = ORIENTED_EDGE('',*,*,#696,.T.);
#798 = ORIENTED_EDGE('',*,*,#799,.T.);
#799 = EDGE_CURVE('',#699,#785,#800,.T.);
#800 = LINE('',#801,#802);
#801 = CARTESIAN_POINT('',(0.5,-0.4,0.77));
#802 = VECTOR('',#803,1.);
#803 = DIRECTION('',(1.,0.,0.));
#804 = PLANE('',#805);
#805 = AXIS2_PLACEMENT_3D('',#806,#807,#808);
#806 = CARTESIAN_POINT('',(0.5,-0.4,0.));
#807 = DIRECTION('',(0.,1.,0.));
#808 = DIRECTION('',(0.,-0.,1.));
#809 = ADVANCED_FACE('',(#810),#829,.T.);
#810 = FACE_BOUND('',#811,.T.);
#811 = EDGE_LOOP('',(#812,#813,#821,#828));
#812 = ORIENTED_EDGE('',*,*,#706,.T.);
#813 = ORIENTED_EDGE('',*,*,#814,.T.);
#814 = EDGE_CURVE('',#707,#815,#817,.T.);
#815 = VERTEX_POINT('',#816);
#816 = CARTESIAN_POINT('',(0.8,-0.37,0.));
#817 = LINE('',#818,#819);
#818 = CARTESIAN_POINT('',(0.5,-0.37,0.));
#819 = VECTOR('',#820,1.);
#820 = DIRECTION('',(1.,0.,0.));
#821 = ORIENTED_EDGE('',*,*,#822,.F.);
#822 = EDGE_CURVE('',#783,#815,#823,.T.);
#823 = CIRCLE('',#824,3.E-02);
#824 = AXIS2_PLACEMENT_3D('',#825,#826,#827);
#825 = CARTESIAN_POINT('',(0.8,-0.37,3.E-02));
#826 = DIRECTION('',(1.,0.,-0.));
#827 = DIRECTION('',(0.,0.,1.));
#828 = ORIENTED_EDGE('',*,*,#792,.F.);
#829 = CYLINDRICAL_SURFACE('',#830,3.E-02);
#830 = AXIS2_PLACEMENT_3D('',#831,#832,#833);
#831 = CARTESIAN_POINT('',(0.5,-0.37,3.E-02));
#832 = DIRECTION('',(1.,0.,0.));
#833 = DIRECTION('',(0.,-1.,0.));
#834 = ADVANCED_FACE('',(#835),#854,.T.);
#835 = FACE_BOUND('',#836,.T.);
#836 = EDGE_LOOP('',(#837,#838,#847,#853));
#837 = ORIENTED_EDGE('',*,*,#799,.T.);
#838 = ORIENTED_EDGE('',*,*,#839,.T.);
#839 = EDGE_CURVE('',#785,#840,#842,.T.);
#840 = VERTEX_POINT('',#841);
#841 = CARTESIAN_POINT('',(0.8,-0.37,0.8));
#842 = CIRCLE('',#843,3.E-02);
#843 = AXIS2_PLACEMENT_3D('',#844,#845,#846);
#844 = CARTESIAN_POINT('',(0.8,-0.37,0.77));
#845 = DIRECTION('',(-1.,0.,0.));
#846 = DIRECTION('',(0.,0.,1.));
#847 = ORIENTED_EDGE('',*,*,#848,.F.);
#848 = EDGE_CURVE('',#750,#840,#849,.T.);
#849 = LINE('',#850,#851);
#850 = CARTESIAN_POINT('',(0.5,-0.37,0.8));
#851 = VECTOR('',#852,1.);
#852 = DIRECTION('',(1.,0.,0.));
#853 = ORIENTED_EDGE('',*,*,#757,.F.);
#854 = CYLINDRICAL_SURFACE('',#855,3.E-02);
#855 = AXIS2_PLACEMENT_3D('',#856,#857,#858);
#856 = CARTESIAN_POINT('',(0.5,-0.37,0.77));
#857 = DIRECTION('',(1.,0.,0.));
#858 = DIRECTION('',(0.,-1.,0.));
#859 = ADVANCED_FACE('',(#860),#878,.F.);
#860 = FACE_BOUND('',#861,.F.);
#861 = EDGE_LOOP('',(#862,#863,#864,#872));
#862 = ORIENTED_EDGE('',*,*,#715,.F.);
#863 = ORIENTED_EDGE('',*,*,#814,.T.);
#864 = ORIENTED_EDGE('',*,*,#865,.T.);
#865 = EDGE_CURVE('',#815,#866,#868,.T.);
#866 = VERTEX_POINT('',#867);
#867 = CARTESIAN_POINT('',(0.8,0.37,0.));
#868 = LINE('',#869,#870);
#869 = CARTESIAN_POINT('',(0.8,-0.4,0.));
#870 = VECTOR('',#871,1.);
#871 = DIRECTION('',(0.,1.,0.));
#872 = ORIENTED_EDGE('',*,*,#873,.F.);
#873 = EDGE_CURVE('',#716,#866,#874,.T.);
#874 = LINE('',#875,#876);
#875 = CARTESIAN_POINT('',(0.5,0.37,0.));
#876 = VECTOR('',#877,1.);
#877 = DIRECTION('',(1.,0.,0.));
#878 = PLANE('',#879);
#879 = AXIS2_PLACEMENT_3D('',#880,#881,#882);
#880 = CARTESIAN_POINT('',(0.5,-0.4,0.));
#881 = DIRECTION('',(0.,0.,1.));
#882 = DIRECTION('',(1.,0.,-0.));
#883 = ADVANCED_FACE('',(#884),#902,.T.);
#884 = FACE_BOUND('',#885,.T.);
#885 = EDGE_LOOP('',(#886,#887,#888,#896));
#886 = ORIENTED_EDGE('',*,*,#749,.F.);
#887 = ORIENTED_EDGE('',*,*,#848,.T.);
#888 = ORIENTED_EDGE('',*,*,#889,.T.);
#889 = EDGE_CURVE('',#840,#890,#892,.T.);
#890 = VERTEX_POINT('',#891);
#891 = CARTESIAN_POINT('',(0.8,0.37,0.8));
#892 = LINE('',#893,#894);
#893 = CARTESIAN_POINT('',(0.8,-0.4,0.8));
#894 = VECTOR('',#895,1.);
#895 = DIRECTION('',(0.,1.,0.));
#896 = ORIENTED_EDGE('',*,*,#897,.F.);
#897 = EDGE_CURVE('',#741,#890,#898,.T.);
#898 = LINE('',#899,#900);
#899 = CARTESIAN_POINT('',(0.5,0.37,0.8));
#900 = VECTOR('',#901,1.);
#901 = DIRECTION('',(1.,0.,0.));
#902 = PLANE('',#903);
#903 = AXIS2_PLACEMENT_3D('',#904,#905,#906);
#904 = CARTESIAN_POINT('',(0.5,-0.4,0.8));
#905 = DIRECTION('',(0.,0.,1.));
#906 = DIRECTION('',(1.,0.,-0.));
#907 = ADVANCED_FACE('',(#908),#927,.T.);
#908 = FACE_BOUND('',#909,.T.);
#909 = EDGE_LOOP('',(#910,#918,#925,#926));
#910 = ORIENTED_EDGE('',*,*,#911,.T.);
#911 = EDGE_CURVE('',#724,#912,#914,.T.);
#912 = VERTEX_POINT('',#913);
#913 = CARTESIAN_POINT('',(0.8,0.4,3.E-02));
#914 = LINE('',#915,#916);
#915 = CARTESIAN_POINT('',(0.5,0.4,3.E-02));
#916 = VECTOR('',#917,1.);
#917 = DIRECTION('',(1.,0.,0.));
#918 = ORIENTED_EDGE('',*,*,#919,.T.);
#919 = EDGE_CURVE('',#912,#866,#920,.T.);
#920 = CIRCLE('',#921,3.E-02);
#921 = AXIS2_PLACEMENT_3D('',#922,#923,#924);
#922 = CARTESIAN_POINT('',(0.8,0.37,3.E-02));
#923 = DIRECTION('',(-1.,0.,0.));
#924 = DIRECTION('',(0.,0.,1.));
#925 = ORIENTED_EDGE('',*,*,#873,.F.);
#926 = ORIENTED_EDGE('',*,*,#723,.F.);
#927 = CYLINDRICAL_SURFACE('',#928,3.E-02);
#928 = AXIS2_PLACEMENT_3D('',#929,#930,#931);
#929 = CARTESIAN_POINT('',(0.5,0.37,3.E-02));
#930 = DIRECTION('',(1.,0.,0.));
#931 = DIRECTION('',(-0.,1.,0.));
#932 = ADVANCED_FACE('',(#933),#952,.T.);
#933 = FACE_BOUND('',#934,.T.);
#934 = EDGE_LOOP('',(#935,#936,#937,#946));
#935 = ORIENTED_EDGE('',*,*,#740,.T.);
#936 = ORIENTED_EDGE('',*,*,#897,.T.);
#937 = ORIENTED_EDGE('',*,*,#938,.F.);
#938 = EDGE_CURVE('',#939,#890,#941,.T.);
#939 = VERTEX_POINT('',#940);
#940 = CARTESIAN_POINT('',(0.8,0.4,0.77));
#941 = CIRCLE('',#942,3.E-02);
#942 = AXIS2_PLACEMENT_3D('',#943,#944,#945);
#943 = CARTESIAN_POINT('',(0.8,0.37,0.77));
#944 = DIRECTION('',(1.,0.,-0.));
#945 = DIRECTION('',(0.,0.,1.));
#946 = ORIENTED_EDGE('',*,*,#947,.F.);
#947 = EDGE_CURVE('',#733,#939,#948,.T.);
#948 = LINE('',#949,#950);
#949 = CARTESIAN_POINT('',(0.5,0.4,0.77));
#950 = VECTOR('',#951,1.);
#951 = DIRECTION('',(1.,0.,0.));
#952 = CYLINDRICAL_SURFACE('',#953,3.E-02);
#953 = AXIS2_PLACEMENT_3D('',#954,#955,#956);
#954 = CARTESIAN_POINT('',(0.5,0.37,0.77));
#955 = DIRECTION('',(1.,0.,0.));
#956 = DIRECTION('',(-0.,1.,0.));
#957 = ADVANCED_FACE('',(#958),#969,.T.);
#958 = FACE_BOUND('',#959,.T.);
#959 = EDGE_LOOP('',(#960,#966,#967,#968));
#960 = ORIENTED_EDGE('',*,*,#961,.F.);
#961 = EDGE_CURVE('',#912,#939,#962,.T.);
#962 = LINE('',#963,#964);
#963 = CARTESIAN_POINT('',(0.8,0.4,0.));
#964 = VECTOR('',#965,1.);
#965 = DIRECTION('',(0.,0.,1.));
#966 = ORIENTED_EDGE('',*,*,#911,.F.);
#967 = ORIENTED_EDGE('',*,*,#732,.T.);
#968 = ORIENTED_EDGE('',*,*,#947,.T.);
#969 = PLANE('',#970);
#970 = AXIS2_PLACEMENT_3D('',#971,#972,#973);
#971 = CARTESIAN_POINT('',(0.5,0.4,0.));
#972 = DIRECTION('',(0.,1.,0.));
#973 = DIRECTION('',(0.,-0.,1.));
#974 = ADVANCED_FACE('',(#975),#985,.T.);
#975 = FACE_BOUND('',#976,.T.);
#976 = EDGE_LOOP('',(#977,#978,#979,#980,#981,#982,#983,#984));
#977 = ORIENTED_EDGE('',*,*,#782,.F.);
#978 = ORIENTED_EDGE('',*,*,#822,.T.);
#979 = ORIENTED_EDGE('',*,*,#865,.T.);
#980 = ORIENTED_EDGE('',*,*,#919,.F.);
#981 = ORIENTED_EDGE('',*,*,#961,.T.);
#982 = ORIENTED_EDGE('',*,*,#938,.T.);
#983 = ORIENTED_EDGE('',*,*,#889,.F.);
#984 = ORIENTED_EDGE('',*,*,#839,.F.);
#985 = PLANE('',#986);
#986 = AXIS2_PLACEMENT_3D('',#987,#988,#989);
#987 = CARTESIAN_POINT('',(0.8,-0.4,0.));
#988 = DIRECTION('',(1.,0.,0.));
#989 = DIRECTION('',(0.,0.,1.));
#990 = ( GEOMETRIC_REPRESENTATION_CONTEXT(3) 
GLOBAL_UNCERTAINTY_ASSIGNED_CONTEXT((#994)) GLOBAL_UNIT_ASSIGNED_CONTEXT
((#991,#992,#993)) REPRESENTATION_CONTEXT('Context #1',
  '3D Context with UNIT and UNCERTAINTY') );
#991 = ( LENGTH_UNIT() NAMED_UNIT(*) SI_UNIT(.MILLI.,.METRE.) );
#992 = ( NAMED_UNIT(*) PLANE_ANGLE_UNIT() SI_UNIT($,.RADIAN.) );
#993 = ( NAMED_UNIT(*) SI_UNIT($,.STERADIAN.) SOLID_ANGLE_UNIT() );
#994 = UNCERTAINTY_MEASURE_WITH_UNIT(LENGTH_MEASURE(1.E-07),#991,
  'distance_accuracy_value','confusion accuracy');
#995 = CONTEXT_DEPENDENT_SHAPE_REPRESENTATION(#996,#998);
#996 = ( REPRESENTATION_RELATIONSHIP('','',#135,#112) 
REPRESENTATION_RELATIONSHIP_WITH_TRANSFORMATION(#997) 
SHAPE_REPRESENTATION_RELATIONSHIP() );
#997 = ITEM_DEFINED_TRANSFORMATION('','',#11,#113);
#998 = PRODUCT_DEFINITION_SHAPE('Placement','Placement of an item',#999
  );
#999 = NEXT_ASSEMBLY_USAGE_OCCURRENCE('1','=>[0:1:1:3]','',#107,#130,$);
#1000 = PRODUCT_RELATED_PRODUCT_CATEGORY('part',$,(#132));
#1001 = SHAPE_DEFINITION_REPRESENTATION(#1002,#1008);
#1002 = PRODUCT_DEFINITION_SHAPE('','',#1003);
#1003 = PRODUCT_DEFINITION('design','',#1004,#1007);
#1004 = PRODUCT_DEFINITION_FORMATION('','',#1005);
#1005 = PRODUCT('AS72651-BLGT','AS72651-BLGT','',(#1006));
#1006 = PRODUCT_CONTEXT('',#2,'mechanical');
#1007 = PRODUCT_DEFINITION_CONTEXT('part definition',#2,'design');
#1008 = SHAPE_REPRESENTATION('',(#11,#1009),#1013);
#1009 = AXIS2_PLACEMENT_3D('',#1010,#1011,#1012);
#1010 = CARTESIAN_POINT('',(0.,0.,0.));
#1011 = DIRECTION('',(0.,0.,1.));
#1012 = DIRECTION('',(1.,0.,-0.));
#1013 = ( GEOMETRIC_REPRESENTATION_CONTEXT(3) 
GLOBAL_UNCERTAINTY_ASSIGNED_CONTEXT((#1017)) 
GLOBAL_UNIT_ASSIGNED_CONTEXT((#1014,#1015,#1016)) REPRESENTATION_CONTEXT
('Context #1','3D Context with UNIT and UNCERTAINTY') );
#1014 = ( LENGTH_UNIT() NAMED_UNIT(*) SI_UNIT(.MILLI.,.METRE.) );
#1015 = ( NAMED_UNIT(*) PLANE_ANGLE_UNIT() SI_UNIT($,.RADIAN.) );
#1016 = ( NAMED_UNIT(*) SI_UNIT($,.STERADIAN.) SOLID_ANGLE_UNIT() );
#1017 = UNCERTAINTY_MEASURE_WITH_UNIT(LENGTH_MEASURE(1.E-07),#1014,
  'distance_accuracy_value','confusion accuracy');
#1018 = CONTEXT_DEPENDENT_SHAPE_REPRESENTATION(#1019,#1021);
#1019 = ( REPRESENTATION_RELATIONSHIP('','',#1008,#10) 
REPRESENTATION_RELATIONSHIP_WITH_TRANSFORMATION(#1020) 
SHAPE_REPRESENTATION_RELATIONSHIP() );
#1020 = ITEM_DEFINED_TRANSFORMATION('','',#11,#19);
#1021 = PRODUCT_DEFINITION_SHAPE('Placement','Placement of an item',
  #1022);
#1022 = NEXT_ASSEMBLY_USAGE_OCCURRENCE('4','U3','',#5,#1003,$);
#1023 = PRODUCT_RELATED_PRODUCT_CATEGORY('part',$,(#1005));
#1024 = SHAPE_DEFINITION_REPRESENTATION(#1025,#1031);
#1025 = PRODUCT_DEFINITION_SHAPE('','',#1026);
#1026 = PRODUCT_DEFINITION('design','',#1027,#1030);
#1027 = PRODUCT_DEFINITION_FORMATION('','',#1028);
#1028 = PRODUCT('AS72651-BLGT','AS72651-BLGT','',(#1029));
#1029 = PRODUCT_CONTEXT('',#2,'mechanical');
#1030 = PRODUCT_DEFINITION_CONTEXT('part definition',#2,'design');
#1031 = SHAPE_REPRESENTATION('',(#11,#1032,#1182,#1332,#1482,#1632,#1782
    ,#1932,#2082,#2199,#2349,#2499,#2649,#2799,#2949,#3099,#6470,#6620,
    #6770,#6920,#7070,#7220,#7370),#7520);
#1032 = MANIFOLD_SOLID_BREP('',#1033);
#1033 = CLOSED_SHELL('',(#1034,#1074,#1105,#1129,#1153,#1170));
#1034 = ADVANCED_FACE('',(#1035),#1069,.F.);
#1035 = FACE_BOUND('',#1036,.T.);
#1036 = EDGE_LOOP('',(#1037,#1047,#1055,#1063));
#1037 = ORIENTED_EDGE('',*,*,#1038,.F.);
#1038 = EDGE_CURVE('',#1039,#1041,#1043,.T.);
#1039 = VERTEX_POINT('',#1040);
#1040 = CARTESIAN_POINT('',(0.78,0.25,2.2));
#1041 = VERTEX_POINT('',#1042);
#1042 = CARTESIAN_POINT('',(0.52,0.25,2.2));
#1043 = LINE('',#1044,#1045);
#1044 = CARTESIAN_POINT('',(0.,0.25,2.2));
#1045 = VECTOR('',#1046,1.);
#1046 = DIRECTION('',(-1.,-0.,-0.));
#1047 = ORIENTED_EDGE('',*,*,#1048,.F.);
#1048 = EDGE_CURVE('',#1049,#1039,#1051,.T.);
#1049 = VERTEX_POINT('',#1050);
#1050 = CARTESIAN_POINT('',(0.78,0.25,1.75));
#1051 = LINE('',#1052,#1053);
#1052 = CARTESIAN_POINT('',(0.78,0.25,0.));
#1053 = VECTOR('',#1054,1.);
#1054 = DIRECTION('',(-0.,0.,1.));
#1055 = ORIENTED_EDGE('',*,*,#1056,.F.);
#1056 = EDGE_CURVE('',#1057,#1049,#1059,.T.);
#1057 = VERTEX_POINT('',#1058);
#1058 = CARTESIAN_POINT('',(0.52,0.25,1.75));
#1059 = LINE('',#1060,#1061);
#1060 = CARTESIAN_POINT('',(0.,0.25,1.75));
#1061 = VECTOR('',#1062,1.);
#1062 = DIRECTION('',(1.,0.,0.));
#1063 = ORIENTED_EDGE('',*,*,#1064,.F.);
#1064 = EDGE_CURVE('',#1041,#1057,#1065,.T.);
#1065 = LINE('',#1066,#1067);
#1066 = CARTESIAN_POINT('',(0.52,0.25,0.));
#1067 = VECTOR('',#1068,1.);
#1068 = DIRECTION('',(0.,-0.,-1.));
#1069 = PLANE('',#1070);
#1070 = AXIS2_PLACEMENT_3D('',#1071,#1072,#1073);
#1071 = CARTESIAN_POINT('',(0.,0.25,0.));
#1072 = DIRECTION('',(0.,-1.,0.));
#1073 = DIRECTION('',(0.,-0.,-1.));
#1074 = ADVANCED_FACE('',(#1075),#1100,.F.);
#1075 = FACE_BOUND('',#1076,.T.);
#1076 = EDGE_LOOP('',(#1077,#1087,#1093,#1094));
#1077 = ORIENTED_EDGE('',*,*,#1078,.F.);
#1078 = EDGE_CURVE('',#1079,#1081,#1083,.T.);
#1079 = VERTEX_POINT('',#1080);
#1080 = CARTESIAN_POINT('',(0.52,0.,2.2));
#1081 = VERTEX_POINT('',#1082);
#1082 = CARTESIAN_POINT('',(0.52,0.,1.75));
#1083 = LINE('',#1084,#1085);
#1084 = CARTESIAN_POINT('',(0.52,0.,2.2));
#1085 = VECTOR('',#1086,1.);
#1086 = DIRECTION('',(2.409338161079E-16,0.,-1.));
#1087 = ORIENTED_EDGE('',*,*,#1088,.F.);
#1088 = EDGE_CURVE('',#1041,#1079,#1089,.T.);
#1089 = LINE('',#1090,#1091);
#1090 = CARTESIAN_POINT('',(0.52,-0.519711458407,2.2));
#1091 = VECTOR('',#1092,1.);
#1092 = DIRECTION('',(-0.,-1.,-0.));
#1093 = ORIENTED_EDGE('',*,*,#1064,.T.);
#1094 = ORIENTED_EDGE('',*,*,#1095,.F.);
#1095 = EDGE_CURVE('',#1081,#1057,#1096,.T.);
#1096 = LINE('',#1097,#1098);
#1097 = CARTESIAN_POINT('',(0.52,-0.519711458407,1.75));
#1098 = VECTOR('',#1099,1.);
#1099 = DIRECTION('',(0.,1.,0.));
#1100 = PLANE('',#1101);
#1101 = AXIS2_PLACEMENT_3D('',#1102,#1103,#1104);
#1102 = CARTESIAN_POINT('',(0.52,-0.519711458407,2.2));
#1103 = DIRECTION('',(1.,-0.,2.409338161079E-16));
#1104 = DIRECTION('',(2.409338161079E-16,0.,-1.));
#1105 = ADVANCED_FACE('',(#1106),#1124,.F.);
#1106 = FACE_BOUND('',#1107,.T.);
#1107 = EDGE_LOOP('',(#1108,#1116,#1122,#1123));
#1108 = ORIENTED_EDGE('',*,*,#1109,.F.);
#1109 = EDGE_CURVE('',#1110,#1079,#1112,.T.);
#1110 = VERTEX_POINT('',#1111);
#1111 = CARTESIAN_POINT('',(0.78,0.,2.2));
#1112 = LINE('',#1113,#1114);
#1113 = CARTESIAN_POINT('',(0.78,0.,2.2));
#1114 = VECTOR('',#1115,1.);
#1115 = DIRECTION('',(-1.,0.,-0.));
#1116 = ORIENTED_EDGE('',*,*,#1117,.F.);
#1117 = EDGE_CURVE('',#1039,#1110,#1118,.T.);
#1118 = LINE('',#1119,#1120);
#1119 = CARTESIAN_POINT('',(0.78,-0.519711458407,2.2));
#1120 = VECTOR('',#1121,1.);
#1121 = DIRECTION('',(-0.,-1.,-0.));
#1122 = ORIENTED_EDGE('',*,*,#1038,.T.);
#1123 = ORIENTED_EDGE('',*,*,#1088,.T.);
#1124 = PLANE('',#1125);
#1125 = AXIS2_PLACEMENT_3D('',#1126,#1127,#1128);
#1126 = CARTESIAN_POINT('',(0.78,-0.519711458407,2.2));
#1127 = DIRECTION('',(0.,0.,-1.));
#1128 = DIRECTION('',(-1.,0.,-0.));
#1129 = ADVANCED_FACE('',(#1130),#1148,.F.);
#1130 = FACE_BOUND('',#1131,.T.);
#1131 = EDGE_LOOP('',(#1132,#1140,#1146,#1147));
#1132 = ORIENTED_EDGE('',*,*,#1133,.F.);
#1133 = EDGE_CURVE('',#1134,#1110,#1136,.T.);
#1134 = VERTEX_POINT('',#1135);
#1135 = CARTESIAN_POINT('',(0.78,0.,1.75));
#1136 = LINE('',#1137,#1138);
#1137 = CARTESIAN_POINT('',(0.78,0.,1.75));
#1138 = VECTOR('',#1139,1.);
#1139 = DIRECTION('',(-2.409338161079E-16,0.,1.));
#1140 = ORIENTED_EDGE('',*,*,#1141,.F.);
#1141 = EDGE_CURVE('',#1049,#1134,#1142,.T.);
#1142 = LINE('',#1143,#1144);
#1143 = CARTESIAN_POINT('',(0.78,-0.519711458407,1.75));
#1144 = VECTOR('',#1145,1.);
#1145 = DIRECTION('',(-0.,-1.,-0.));
#1146 = ORIENTED_EDGE('',*,*,#1048,.T.);
#1147 = ORIENTED_EDGE('',*,*,#1117,.T.);
#1148 = PLANE('',#1149);
#1149 = AXIS2_PLACEMENT_3D('',#1150,#1151,#1152);
#1150 = CARTESIAN_POINT('',(0.78,-0.519711458407,1.75));
#1151 = DIRECTION('',(-1.,0.,-2.409338161079E-16));
#1152 = DIRECTION('',(-2.409338161079E-16,0.,1.));
#1153 = ADVANCED_FACE('',(#1154),#1165,.F.);
#1154 = FACE_BOUND('',#1155,.T.);
#1155 = EDGE_LOOP('',(#1156,#1162,#1163,#1164));
#1156 = ORIENTED_EDGE('',*,*,#1157,.F.);
#1157 = EDGE_CURVE('',#1081,#1134,#1158,.T.);
#1158 = LINE('',#1159,#1160);
#1159 = CARTESIAN_POINT('',(0.52,0.,1.75));
#1160 = VECTOR('',#1161,1.);
#1161 = DIRECTION('',(1.,0.,-0.));
#1162 = ORIENTED_EDGE('',*,*,#1095,.T.);
#1163 = ORIENTED_EDGE('',*,*,#1056,.T.);
#1164 = ORIENTED_EDGE('',*,*,#1141,.T.);
#1165 = PLANE('',#1166);
#1166 = AXIS2_PLACEMENT_3D('',#1167,#1168,#1169);
#1167 = CARTESIAN_POINT('',(0.52,-0.519711458407,1.75));
#1168 = DIRECTION('',(0.,0.,1.));
#1169 = DIRECTION('',(1.,0.,-0.));
#1170 = ADVANCED_FACE('',(#1171),#1177,.F.);
#1171 = FACE_BOUND('',#1172,.T.);
#1172 = EDGE_LOOP('',(#1173,#1174,#1175,#1176));
#1173 = ORIENTED_EDGE('',*,*,#1133,.T.);
#1174 = ORIENTED_EDGE('',*,*,#1109,.T.);
#1175 = ORIENTED_EDGE('',*,*,#1078,.T.);
#1176 = ORIENTED_EDGE('',*,*,#1157,.T.);
#1177 = PLANE('',#1178);
#1178 = AXIS2_PLACEMENT_3D('',#1179,#1180,#1181);
#1179 = CARTESIAN_POINT('',(0.,0.,0.));
#1180 = DIRECTION('',(0.,1.,0.));
#1181 = DIRECTION('',(0.,-0.,1.));
#1182 = MANIFOLD_SOLID_BREP('',#1183);
#1183 = CLOSED_SHELL('',(#1184,#1224,#1255,#1279,#1303,#1320));
#1184 = ADVANCED_FACE('',(#1185),#1219,.F.);
#1185 = FACE_BOUND('',#1186,.T.);
#1186 = EDGE_LOOP('',(#1187,#1197,#1205,#1213));
#1187 = ORIENTED_EDGE('',*,*,#1188,.F.);
#1188 = EDGE_CURVE('',#1189,#1191,#1193,.T.);
#1189 = VERTEX_POINT('',#1190);
#1190 = CARTESIAN_POINT('',(1.43,0.,-2.2));
#1191 = VERTEX_POINT('',#1192);
#1192 = CARTESIAN_POINT('',(1.17,0.,-2.2));
#1193 = LINE('',#1194,#1195);
#1194 = CARTESIAN_POINT('',(0.,0.,-2.2));
#1195 = VECTOR('',#1196,1.);
#1196 = DIRECTION('',(-1.,-0.,0.));
#1197 = ORIENTED_EDGE('',*,*,#1198,.F.);
#1198 = EDGE_CURVE('',#1199,#1189,#1201,.T.);
#1199 = VERTEX_POINT('',#1200);
#1200 = CARTESIAN_POINT('',(1.43,0.,-1.75));
#1201 = LINE('',#1202,#1203);
#1202 = CARTESIAN_POINT('',(1.43,0.,0.));
#1203 = VECTOR('',#1204,1.);
#1204 = DIRECTION('',(-0.,0.,-1.));
#1205 = ORIENTED_EDGE('',*,*,#1206,.F.);
#1206 = EDGE_CURVE('',#1207,#1199,#1209,.T.);
#1207 = VERTEX_POINT('',#1208);
#1208 = CARTESIAN_POINT('',(1.17,0.,-1.75));
#1209 = LINE('',#1210,#1211);
#1210 = CARTESIAN_POINT('',(0.,0.,-1.75));
#1211 = VECTOR('',#1212,1.);
#1212 = DIRECTION('',(1.,0.,-0.));
#1213 = ORIENTED_EDGE('',*,*,#1214,.F.);
#1214 = EDGE_CURVE('',#1191,#1207,#1215,.T.);
#1215 = LINE('',#1216,#1217);
#1216 = CARTESIAN_POINT('',(1.17,0.,0.));
#1217 = VECTOR('',#1218,1.);
#1218 = DIRECTION('',(0.,-0.,1.));
#1219 = PLANE('',#1220);
#1220 = AXIS2_PLACEMENT_3D('',#1221,#1222,#1223);
#1221 = CARTESIAN_POINT('',(0.,0.,0.));
#1222 = DIRECTION('',(0.,1.,0.));
#1223 = DIRECTION('',(0.,-0.,1.));
#1224 = ADVANCED_FACE('',(#1225),#1250,.F.);
#1225 = FACE_BOUND('',#1226,.T.);
#1226 = EDGE_LOOP('',(#1227,#1228,#1236,#1244));
#1227 = ORIENTED_EDGE('',*,*,#1214,.T.);
#1228 = ORIENTED_EDGE('',*,*,#1229,.F.);
#1229 = EDGE_CURVE('',#1230,#1207,#1232,.T.);
#1230 = VERTEX_POINT('',#1231);
#1231 = CARTESIAN_POINT('',(1.17,0.25,-1.75));
#1232 = LINE('',#1233,#1234);
#1233 = CARTESIAN_POINT('',(1.17,-0.519711458407,-1.75));
#1234 = VECTOR('',#1235,1.);
#1235 = DIRECTION('',(-0.,-1.,-0.));
#1236 = ORIENTED_EDGE('',*,*,#1237,.F.);
#1237 = EDGE_CURVE('',#1238,#1230,#1240,.T.);
#1238 = VERTEX_POINT('',#1239);
#1239 = CARTESIAN_POINT('',(1.17,0.25,-2.2));
#1240 = LINE('',#1241,#1242);
#1241 = CARTESIAN_POINT('',(1.17,0.25,-1.75));
#1242 = VECTOR('',#1243,1.);
#1243 = DIRECTION('',(4.818676322158E-16,-0.,1.));
#1244 = ORIENTED_EDGE('',*,*,#1245,.F.);
#1245 = EDGE_CURVE('',#1191,#1238,#1246,.T.);
#1246 = LINE('',#1247,#1248);
#1247 = CARTESIAN_POINT('',(1.17,-0.519711458407,-2.2));
#1248 = VECTOR('',#1249,1.);
#1249 = DIRECTION('',(0.,1.,0.));
#1250 = PLANE('',#1251);
#1251 = AXIS2_PLACEMENT_3D('',#1252,#1253,#1254);
#1252 = CARTESIAN_POINT('',(1.17,-0.519711458407,-1.75));
#1253 = DIRECTION('',(1.,0.,-4.818676322158E-16));
#1254 = DIRECTION('',(-4.818676322158E-16,0.,-1.));
#1255 = ADVANCED_FACE('',(#1256),#1274,.F.);
#1256 = FACE_BOUND('',#1257,.T.);
#1257 = EDGE_LOOP('',(#1258,#1259,#1260,#1268));
#1258 = ORIENTED_EDGE('',*,*,#1188,.T.);
#1259 = ORIENTED_EDGE('',*,*,#1245,.T.);
#1260 = ORIENTED_EDGE('',*,*,#1261,.F.);
#1261 = EDGE_CURVE('',#1262,#1238,#1264,.T.);
#1262 = VERTEX_POINT('',#1263);
#1263 = CARTESIAN_POINT('',(1.43,0.25,-2.2));
#1264 = LINE('',#1265,#1266);
#1265 = CARTESIAN_POINT('',(1.17,0.25,-2.2));
#1266 = VECTOR('',#1267,1.);
#1267 = DIRECTION('',(-1.,-0.,0.));
#1268 = ORIENTED_EDGE('',*,*,#1269,.F.);
#1269 = EDGE_CURVE('',#1189,#1262,#1270,.T.);
#1270 = LINE('',#1271,#1272);
#1271 = CARTESIAN_POINT('',(1.43,-0.519711458407,-2.2));
#1272 = VECTOR('',#1273,1.);
#1273 = DIRECTION('',(-0.,1.,0.));
#1274 = PLANE('',#1275);
#1275 = AXIS2_PLACEMENT_3D('',#1276,#1277,#1278);
#1276 = CARTESIAN_POINT('',(1.17,-0.519711458407,-2.2));
#1277 = DIRECTION('',(0.,0.,1.));
#1278 = DIRECTION('',(1.,0.,-0.));
#1279 = ADVANCED_FACE('',(#1280),#1298,.F.);
#1280 = FACE_BOUND('',#1281,.T.);
#1281 = EDGE_LOOP('',(#1282,#1283,#1284,#1292));
#1282 = ORIENTED_EDGE('',*,*,#1198,.T.);
#1283 = ORIENTED_EDGE('',*,*,#1269,.T.);
#1284 = ORIENTED_EDGE('',*,*,#1285,.F.);
#1285 = EDGE_CURVE('',#1286,#1262,#1288,.T.);
#1286 = VERTEX_POINT('',#1287);
#1287 = CARTESIAN_POINT('',(1.43,0.25,-1.75));
#1288 = LINE('',#1289,#1290);
#1289 = CARTESIAN_POINT('',(1.43,0.25,-2.2));
#1290 = VECTOR('',#1291,1.);
#1291 = DIRECTION('',(-0.,-0.,-1.));
#1292 = ORIENTED_EDGE('',*,*,#1293,.F.);
#1293 = EDGE_CURVE('',#1199,#1286,#1294,.T.);
#1294 = LINE('',#1295,#1296);
#1295 = CARTESIAN_POINT('',(1.43,-0.519711458407,-1.75));
#1296 = VECTOR('',#1297,1.);
#1297 = DIRECTION('',(0.,1.,-0.));
#1298 = PLANE('',#1299);
#1299 = AXIS2_PLACEMENT_3D('',#1300,#1301,#1302);
#1300 = CARTESIAN_POINT('',(1.43,-0.519711458407,-2.2));
#1301 = DIRECTION('',(-1.,0.,0.));
#1302 = DIRECTION('',(0.,0.,1.));
#1303 = ADVANCED_FACE('',(#1304),#1315,.F.);
#1304 = FACE_BOUND('',#1305,.T.);
#1305 = EDGE_LOOP('',(#1306,#1307,#1308,#1314));
#1306 = ORIENTED_EDGE('',*,*,#1206,.T.);
#1307 = ORIENTED_EDGE('',*,*,#1293,.T.);
#1308 = ORIENTED_EDGE('',*,*,#1309,.F.);
#1309 = EDGE_CURVE('',#1230,#1286,#1310,.T.);
#1310 = LINE('',#1311,#1312);
#1311 = CARTESIAN_POINT('',(1.43,0.25,-1.75));
#1312 = VECTOR('',#1313,1.);
#1313 = DIRECTION('',(1.,-0.,0.));
#1314 = ORIENTED_EDGE('',*,*,#1229,.T.);
#1315 = PLANE('',#1316);
#1316 = AXIS2_PLACEMENT_3D('',#1317,#1318,#1319);
#1317 = CARTESIAN_POINT('',(1.43,-0.519711458407,-1.75));
#1318 = DIRECTION('',(0.,0.,-1.));
#1319 = DIRECTION('',(-1.,0.,-0.));
#1320 = ADVANCED_FACE('',(#1321),#1327,.F.);
#1321 = FACE_BOUND('',#1322,.T.);
#1322 = EDGE_LOOP('',(#1323,#1324,#1325,#1326));
#1323 = ORIENTED_EDGE('',*,*,#1285,.T.);
#1324 = ORIENTED_EDGE('',*,*,#1261,.T.);
#1325 = ORIENTED_EDGE('',*,*,#1237,.T.);
#1326 = ORIENTED_EDGE('',*,*,#1309,.T.);
#1327 = PLANE('',#1328);
#1328 = AXIS2_PLACEMENT_3D('',#1329,#1330,#1331);
#1329 = CARTESIAN_POINT('',(0.,0.25,0.));
#1330 = DIRECTION('',(0.,-1.,0.));
#1331 = DIRECTION('',(0.,-0.,-1.));
#1332 = MANIFOLD_SOLID_BREP('',#1333);
#1333 = CLOSED_SHELL('',(#1334,#1374,#1405,#1429,#1453,#1470));
#1334 = ADVANCED_FACE('',(#1335),#1369,.F.);
#1335 = FACE_BOUND('',#1336,.T.);
#1336 = EDGE_LOOP('',(#1337,#1347,#1355,#1363));
#1337 = ORIENTED_EDGE('',*,*,#1338,.F.);
#1338 = EDGE_CURVE('',#1339,#1341,#1343,.T.);
#1339 = VERTEX_POINT('',#1340);
#1340 = CARTESIAN_POINT('',(1.43,0.25,2.2));
#1341 = VERTEX_POINT('',#1342);
#1342 = CARTESIAN_POINT('',(1.17,0.25,2.2));
#1343 = LINE('',#1344,#1345);
#1344 = CARTESIAN_POINT('',(0.,0.25,2.2));
#1345 = VECTOR('',#1346,1.);
#1346 = DIRECTION('',(-1.,-0.,-0.));
#1347 = ORIENTED_EDGE('',*,*,#1348,.F.);
#1348 = EDGE_CURVE('',#1349,#1339,#1351,.T.);
#1349 = VERTEX_POINT('',#1350);
#1350 = CARTESIAN_POINT('',(1.43,0.25,1.75));
#1351 = LINE('',#1352,#1353);
#1352 = CARTESIAN_POINT('',(1.43,0.25,0.));
#1353 = VECTOR('',#1354,1.);
#1354 = DIRECTION('',(-0.,0.,1.));
#1355 = ORIENTED_EDGE('',*,*,#1356,.F.);
#1356 = EDGE_CURVE('',#1357,#1349,#1359,.T.);
#1357 = VERTEX_POINT('',#1358);
#1358 = CARTESIAN_POINT('',(1.17,0.25,1.75));
#1359 = LINE('',#1360,#1361);
#1360 = CARTESIAN_POINT('',(0.,0.25,1.75));
#1361 = VECTOR('',#1362,1.);
#1362 = DIRECTION('',(1.,0.,0.));
#1363 = ORIENTED_EDGE('',*,*,#1364,.F.);
#1364 = EDGE_CURVE('',#1341,#1357,#1365,.T.);
#1365 = LINE('',#1366,#1367);
#1366 = CARTESIAN_POINT('',(1.17,0.25,0.));
#1367 = VECTOR('',#1368,1.);
#1368 = DIRECTION('',(0.,-0.,-1.));
#1369 = PLANE('',#1370);
#1370 = AXIS2_PLACEMENT_3D('',#1371,#1372,#1373);
#1371 = CARTESIAN_POINT('',(0.,0.25,0.));
#1372 = DIRECTION('',(0.,-1.,0.));
#1373 = DIRECTION('',(0.,-0.,-1.));
#1374 = ADVANCED_FACE('',(#1375),#1400,.F.);
#1375 = FACE_BOUND('',#1376,.T.);
#1376 = EDGE_LOOP('',(#1377,#1387,#1393,#1394));
#1377 = ORIENTED_EDGE('',*,*,#1378,.F.);
#1378 = EDGE_CURVE('',#1379,#1381,#1383,.T.);
#1379 = VERTEX_POINT('',#1380);
#1380 = CARTESIAN_POINT('',(1.17,0.,2.2));
#1381 = VERTEX_POINT('',#1382);
#1382 = CARTESIAN_POINT('',(1.17,0.,1.75));
#1383 = LINE('',#1384,#1385);
#1384 = CARTESIAN_POINT('',(1.17,0.,2.2));
#1385 = VECTOR('',#1386,1.);
#1386 = DIRECTION('',(4.818676322158E-16,0.,-1.));
#1387 = ORIENTED_EDGE('',*,*,#1388,.F.);
#1388 = EDGE_CURVE('',#1341,#1379,#1389,.T.);
#1389 = LINE('',#1390,#1391);
#1390 = CARTESIAN_POINT('',(1.17,-0.519711458407,2.2));
#1391 = VECTOR('',#1392,1.);
#1392 = DIRECTION('',(-0.,-1.,-0.));
#1393 = ORIENTED_EDGE('',*,*,#1364,.T.);
#1394 = ORIENTED_EDGE('',*,*,#1395,.F.);
#1395 = EDGE_CURVE('',#1381,#1357,#1396,.T.);
#1396 = LINE('',#1397,#1398);
#1397 = CARTESIAN_POINT('',(1.17,-0.519711458407,1.75));
#1398 = VECTOR('',#1399,1.);
#1399 = DIRECTION('',(0.,1.,0.));
#1400 = PLANE('',#1401);
#1401 = AXIS2_PLACEMENT_3D('',#1402,#1403,#1404);
#1402 = CARTESIAN_POINT('',(1.17,-0.519711458407,2.2));
#1403 = DIRECTION('',(1.,-0.,4.818676322158E-16));
#1404 = DIRECTION('',(4.818676322158E-16,0.,-1.));
#1405 = ADVANCED_FACE('',(#1406),#1424,.F.);
#1406 = FACE_BOUND('',#1407,.T.);
#1407 = EDGE_LOOP('',(#1408,#1416,#1422,#1423));
#1408 = ORIENTED_EDGE('',*,*,#1409,.F.);
#1409 = EDGE_CURVE('',#1410,#1379,#1412,.T.);
#1410 = VERTEX_POINT('',#1411);
#1411 = CARTESIAN_POINT('',(1.43,0.,2.2));
#1412 = LINE('',#1413,#1414);
#1413 = CARTESIAN_POINT('',(1.43,0.,2.2));
#1414 = VECTOR('',#1415,1.);
#1415 = DIRECTION('',(-1.,0.,-0.));
#1416 = ORIENTED_EDGE('',*,*,#1417,.F.);
#1417 = EDGE_CURVE('',#1339,#1410,#1418,.T.);
#1418 = LINE('',#1419,#1420);
#1419 = CARTESIAN_POINT('',(1.43,-0.519711458407,2.2));
#1420 = VECTOR('',#1421,1.);
#1421 = DIRECTION('',(-0.,-1.,-0.));
#1422 = ORIENTED_EDGE('',*,*,#1338,.T.);
#1423 = ORIENTED_EDGE('',*,*,#1388,.T.);
#1424 = PLANE('',#1425);
#1425 = AXIS2_PLACEMENT_3D('',#1426,#1427,#1428);
#1426 = CARTESIAN_POINT('',(1.43,-0.519711458407,2.2));
#1427 = DIRECTION('',(0.,0.,-1.));
#1428 = DIRECTION('',(-1.,0.,-0.));
#1429 = ADVANCED_FACE('',(#1430),#1448,.F.);
#1430 = FACE_BOUND('',#1431,.T.);
#1431 = EDGE_LOOP('',(#1432,#1440,#1446,#1447));
#1432 = ORIENTED_EDGE('',*,*,#1433,.F.);
#1433 = EDGE_CURVE('',#1434,#1410,#1436,.T.);
#1434 = VERTEX_POINT('',#1435);
#1435 = CARTESIAN_POINT('',(1.43,0.,1.75));
#1436 = LINE('',#1437,#1438);
#1437 = CARTESIAN_POINT('',(1.43,0.,1.75));
#1438 = VECTOR('',#1439,1.);
#1439 = DIRECTION('',(0.,0.,1.));
#1440 = ORIENTED_EDGE('',*,*,#1441,.F.);
#1441 = EDGE_CURVE('',#1349,#1434,#1442,.T.);
#1442 = LINE('',#1443,#1444);
#1443 = CARTESIAN_POINT('',(1.43,-0.519711458407,1.75));
#1444 = VECTOR('',#1445,1.);
#1445 = DIRECTION('',(-0.,-1.,0.));
#1446 = ORIENTED_EDGE('',*,*,#1348,.T.);
#1447 = ORIENTED_EDGE('',*,*,#1417,.T.);
#1448 = PLANE('',#1449);
#1449 = AXIS2_PLACEMENT_3D('',#1450,#1451,#1452);
#1450 = CARTESIAN_POINT('',(1.43,-0.519711458407,1.75));
#1451 = DIRECTION('',(-1.,0.,0.));
#1452 = DIRECTION('',(0.,0.,1.));
#1453 = ADVANCED_FACE('',(#1454),#1465,.F.);
#1454 = FACE_BOUND('',#1455,.T.);
#1455 = EDGE_LOOP('',(#1456,#1462,#1463,#1464));
#1456 = ORIENTED_EDGE('',*,*,#1457,.F.);
#1457 = EDGE_CURVE('',#1381,#1434,#1458,.T.);
#1458 = LINE('',#1459,#1460);
#1459 = CARTESIAN_POINT('',(1.17,0.,1.75));
#1460 = VECTOR('',#1461,1.);
#1461 = DIRECTION('',(1.,0.,-0.));
#1462 = ORIENTED_EDGE('',*,*,#1395,.T.);
#1463 = ORIENTED_EDGE('',*,*,#1356,.T.);
#1464 = ORIENTED_EDGE('',*,*,#1441,.T.);
#1465 = PLANE('',#1466);
#1466 = AXIS2_PLACEMENT_3D('',#1467,#1468,#1469);
#1467 = CARTESIAN_POINT('',(1.17,-0.519711458407,1.75));
#1468 = DIRECTION('',(0.,0.,1.));
#1469 = DIRECTION('',(1.,0.,-0.));
#1470 = ADVANCED_FACE('',(#1471),#1477,.F.);
#1471 = FACE_BOUND('',#1472,.T.);
#1472 = EDGE_LOOP('',(#1473,#1474,#1475,#1476));
#1473 = ORIENTED_EDGE('',*,*,#1433,.T.);
#1474 = ORIENTED_EDGE('',*,*,#1409,.T.);
#1475 = ORIENTED_EDGE('',*,*,#1378,.T.);
#1476 = ORIENTED_EDGE('',*,*,#1457,.T.);
#1477 = PLANE('',#1478);
#1478 = AXIS2_PLACEMENT_3D('',#1479,#1480,#1481);
#1479 = CARTESIAN_POINT('',(0.,0.,0.));
#1480 = DIRECTION('',(0.,1.,0.));
#1481 = DIRECTION('',(0.,-0.,1.));
#1482 = MANIFOLD_SOLID_BREP('',#1483);
#1483 = CLOSED_SHELL('',(#1484,#1524,#1555,#1579,#1603,#1620));
#1484 = ADVANCED_FACE('',(#1485),#1519,.F.);
#1485 = FACE_BOUND('',#1486,.T.);
#1486 = EDGE_LOOP('',(#1487,#1497,#1505,#1513));
#1487 = ORIENTED_EDGE('',*,*,#1488,.F.);
#1488 = EDGE_CURVE('',#1489,#1491,#1493,.T.);
#1489 = VERTEX_POINT('',#1490);
#1490 = CARTESIAN_POINT('',(-1.17,0.,-2.2));
#1491 = VERTEX_POINT('',#1492);
#1492 = CARTESIAN_POINT('',(-1.43,0.,-2.2));
#1493 = LINE('',#1494,#1495);
#1494 = CARTESIAN_POINT('',(0.,0.,-2.2));
#1495 = VECTOR('',#1496,1.);
#1496 = DIRECTION('',(-1.,-0.,0.));
#1497 = ORIENTED_EDGE('',*,*,#1498,.F.);
#1498 = EDGE_CURVE('',#1499,#1489,#1501,.T.);
#1499 = VERTEX_POINT('',#1500);
#1500 = CARTESIAN_POINT('',(-1.17,0.,-1.75));
#1501 = LINE('',#1502,#1503);
#1502 = CARTESIAN_POINT('',(-1.17,0.,0.));
#1503 = VECTOR('',#1504,1.);
#1504 = DIRECTION('',(-0.,0.,-1.));
#1505 = ORIENTED_EDGE('',*,*,#1506,.F.);
#1506 = EDGE_CURVE('',#1507,#1499,#1509,.T.);
#1507 = VERTEX_POINT('',#1508);
#1508 = CARTESIAN_POINT('',(-1.43,0.,-1.75));
#1509 = LINE('',#1510,#1511);
#1510 = CARTESIAN_POINT('',(0.,0.,-1.75));
#1511 = VECTOR('',#1512,1.);
#1512 = DIRECTION('',(1.,0.,-0.));
#1513 = ORIENTED_EDGE('',*,*,#1514,.F.);
#1514 = EDGE_CURVE('',#1491,#1507,#1515,.T.);
#1515 = LINE('',#1516,#1517);
#1516 = CARTESIAN_POINT('',(-1.43,0.,0.));
#1517 = VECTOR('',#1518,1.);
#1518 = DIRECTION('',(0.,-0.,1.));
#1519 = PLANE('',#1520);
#1520 = AXIS2_PLACEMENT_3D('',#1521,#1522,#1523);
#1521 = CARTESIAN_POINT('',(0.,0.,0.));
#1522 = DIRECTION('',(0.,1.,0.));
#1523 = DIRECTION('',(0.,-0.,1.));
#1524 = ADVANCED_FACE('',(#1525),#1550,.F.);
#1525 = FACE_BOUND('',#1526,.T.);
#1526 = EDGE_LOOP('',(#1527,#1528,#1536,#1544));
#1527 = ORIENTED_EDGE('',*,*,#1514,.T.);
#1528 = ORIENTED_EDGE('',*,*,#1529,.F.);
#1529 = EDGE_CURVE('',#1530,#1507,#1532,.T.);
#1530 = VERTEX_POINT('',#1531);
#1531 = CARTESIAN_POINT('',(-1.43,0.25,-1.75));
#1532 = LINE('',#1533,#1534);
#1533 = CARTESIAN_POINT('',(-1.43,-0.519711458407,-1.75));
#1534 = VECTOR('',#1535,1.);
#1535 = DIRECTION('',(-0.,-1.,-0.));
#1536 = ORIENTED_EDGE('',*,*,#1537,.F.);
#1537 = EDGE_CURVE('',#1538,#1530,#1540,.T.);
#1538 = VERTEX_POINT('',#1539);
#1539 = CARTESIAN_POINT('',(-1.43,0.25,-2.2));
#1540 = LINE('',#1541,#1542);
#1541 = CARTESIAN_POINT('',(-1.43,0.25,-1.75));
#1542 = VECTOR('',#1543,1.);
#1543 = DIRECTION('',(4.818676322158E-16,-0.,1.));
#1544 = ORIENTED_EDGE('',*,*,#1545,.F.);
#1545 = EDGE_CURVE('',#1491,#1538,#1546,.T.);
#1546 = LINE('',#1547,#1548);
#1547 = CARTESIAN_POINT('',(-1.43,-0.519711458407,-2.2));
#1548 = VECTOR('',#1549,1.);
#1549 = DIRECTION('',(0.,1.,0.));
#1550 = PLANE('',#1551);
#1551 = AXIS2_PLACEMENT_3D('',#1552,#1553,#1554);
#1552 = CARTESIAN_POINT('',(-1.43,-0.519711458407,-1.75));
#1553 = DIRECTION('',(1.,0.,-4.818676322158E-16));
#1554 = DIRECTION('',(-4.818676322158E-16,0.,-1.));
#1555 = ADVANCED_FACE('',(#1556),#1574,.F.);
#1556 = FACE_BOUND('',#1557,.T.);
#1557 = EDGE_LOOP('',(#1558,#1559,#1560,#1568));
#1558 = ORIENTED_EDGE('',*,*,#1488,.T.);
#1559 = ORIENTED_EDGE('',*,*,#1545,.T.);
#1560 = ORIENTED_EDGE('',*,*,#1561,.F.);
#1561 = EDGE_CURVE('',#1562,#1538,#1564,.T.);
#1562 = VERTEX_POINT('',#1563);
#1563 = CARTESIAN_POINT('',(-1.17,0.25,-2.2));
#1564 = LINE('',#1565,#1566);
#1565 = CARTESIAN_POINT('',(-1.43,0.25,-2.2));
#1566 = VECTOR('',#1567,1.);
#1567 = DIRECTION('',(-1.,-0.,0.));
#1568 = ORIENTED_EDGE('',*,*,#1569,.F.);
#1569 = EDGE_CURVE('',#1489,#1562,#1570,.T.);
#1570 = LINE('',#1571,#1572);
#1571 = CARTESIAN_POINT('',(-1.17,-0.519711458407,-2.2));
#1572 = VECTOR('',#1573,1.);
#1573 = DIRECTION('',(-0.,1.,0.));
#1574 = PLANE('',#1575);
#1575 = AXIS2_PLACEMENT_3D('',#1576,#1577,#1578);
#1576 = CARTESIAN_POINT('',(-1.43,-0.519711458407,-2.2));
#1577 = DIRECTION('',(0.,0.,1.));
#1578 = DIRECTION('',(1.,0.,-0.));
#1579 = ADVANCED_FACE('',(#1580),#1598,.F.);
#1580 = FACE_BOUND('',#1581,.T.);
#1581 = EDGE_LOOP('',(#1582,#1583,#1584,#1592));
#1582 = ORIENTED_EDGE('',*,*,#1498,.T.);
#1583 = ORIENTED_EDGE('',*,*,#1569,.T.);
#1584 = ORIENTED_EDGE('',*,*,#1585,.F.);
#1585 = EDGE_CURVE('',#1586,#1562,#1588,.T.);
#1586 = VERTEX_POINT('',#1587);
#1587 = CARTESIAN_POINT('',(-1.17,0.25,-1.75));
#1588 = LINE('',#1589,#1590);
#1589 = CARTESIAN_POINT('',(-1.17,0.25,-2.2));
#1590 = VECTOR('',#1591,1.);
#1591 = DIRECTION('',(-0.,-0.,-1.));
#1592 = ORIENTED_EDGE('',*,*,#1593,.F.);
#1593 = EDGE_CURVE('',#1499,#1586,#1594,.T.);
#1594 = LINE('',#1595,#1596);
#1595 = CARTESIAN_POINT('',(-1.17,-0.519711458407,-1.75));
#1596 = VECTOR('',#1597,1.);
#1597 = DIRECTION('',(0.,1.,-0.));
#1598 = PLANE('',#1599);
#1599 = AXIS2_PLACEMENT_3D('',#1600,#1601,#1602);
#1600 = CARTESIAN_POINT('',(-1.17,-0.519711458407,-2.2));
#1601 = DIRECTION('',(-1.,0.,0.));
#1602 = DIRECTION('',(0.,0.,1.));
#1603 = ADVANCED_FACE('',(#1604),#1615,.F.);
#1604 = FACE_BOUND('',#1605,.T.);
#1605 = EDGE_LOOP('',(#1606,#1607,#1608,#1614));
#1606 = ORIENTED_EDGE('',*,*,#1506,.T.);
#1607 = ORIENTED_EDGE('',*,*,#1593,.T.);
#1608 = ORIENTED_EDGE('',*,*,#1609,.F.);
#1609 = EDGE_CURVE('',#1530,#1586,#1610,.T.);
#1610 = LINE('',#1611,#1612);
#1611 = CARTESIAN_POINT('',(-1.17,0.25,-1.75));
#1612 = VECTOR('',#1613,1.);
#1613 = DIRECTION('',(1.,-0.,0.));
#1614 = ORIENTED_EDGE('',*,*,#1529,.T.);
#1615 = PLANE('',#1616);
#1616 = AXIS2_PLACEMENT_3D('',#1617,#1618,#1619);
#1617 = CARTESIAN_POINT('',(-1.17,-0.519711458407,-1.75));
#1618 = DIRECTION('',(0.,0.,-1.));
#1619 = DIRECTION('',(-1.,0.,-0.));
#1620 = ADVANCED_FACE('',(#1621),#1627,.F.);
#1621 = FACE_BOUND('',#1622,.T.);
#1622 = EDGE_LOOP('',(#1623,#1624,#1625,#1626));
#1623 = ORIENTED_EDGE('',*,*,#1585,.T.);
#1624 = ORIENTED_EDGE('',*,*,#1561,.T.);
#1625 = ORIENTED_EDGE('',*,*,#1537,.T.);
#1626 = ORIENTED_EDGE('',*,*,#1609,.T.);
#1627 = PLANE('',#1628);
#1628 = AXIS2_PLACEMENT_3D('',#1629,#1630,#1631);
#1629 = CARTESIAN_POINT('',(0.,0.25,0.));
#1630 = DIRECTION('',(0.,-1.,0.));
#1631 = DIRECTION('',(0.,-0.,-1.));
#1632 = MANIFOLD_SOLID_BREP('',#1633);
#1633 = CLOSED_SHELL('',(#1634,#1674,#1705,#1729,#1753,#1770));
#1634 = ADVANCED_FACE('',(#1635),#1669,.F.);
#1635 = FACE_BOUND('',#1636,.T.);
#1636 = EDGE_LOOP('',(#1637,#1647,#1655,#1663));
#1637 = ORIENTED_EDGE('',*,*,#1638,.F.);
#1638 = EDGE_CURVE('',#1639,#1641,#1643,.T.);
#1639 = VERTEX_POINT('',#1640);
#1640 = CARTESIAN_POINT('',(-2.3,0.25,0.13));
#1641 = VERTEX_POINT('',#1642);
#1642 = CARTESIAN_POINT('',(-2.3,0.25,-0.13));
#1643 = LINE('',#1644,#1645);
#1644 = CARTESIAN_POINT('',(-2.3,0.25,0.));
#1645 = VECTOR('',#1646,1.);
#1646 = DIRECTION('',(0.,-0.,-1.));
#1647 = ORIENTED_EDGE('',*,*,#1648,.F.);
#1648 = EDGE_CURVE('',#1649,#1639,#1651,.T.);
#1649 = VERTEX_POINT('',#1650);
#1650 = CARTESIAN_POINT('',(-1.85,0.25,0.13));
#1651 = LINE('',#1652,#1653);
#1652 = CARTESIAN_POINT('',(0.,0.25,0.13));
#1653 = VECTOR('',#1654,1.);
#1654 = DIRECTION('',(-1.,-0.,-0.));
#1655 = ORIENTED_EDGE('',*,*,#1656,.F.);
#1656 = EDGE_CURVE('',#1657,#1649,#1659,.T.);
#1657 = VERTEX_POINT('',#1658);
#1658 = CARTESIAN_POINT('',(-1.85,0.25,-0.13));
#1659 = LINE('',#1660,#1661);
#1660 = CARTESIAN_POINT('',(-1.85,0.25,0.));
#1661 = VECTOR('',#1662,1.);
#1662 = DIRECTION('',(-0.,0.,1.));
#1663 = ORIENTED_EDGE('',*,*,#1664,.F.);
#1664 = EDGE_CURVE('',#1641,#1657,#1665,.T.);
#1665 = LINE('',#1666,#1667);
#1666 = CARTESIAN_POINT('',(0.,0.25,-0.13));
#1667 = VECTOR('',#1668,1.);
#1668 = DIRECTION('',(1.,0.,0.));
#1669 = PLANE('',#1670);
#1670 = AXIS2_PLACEMENT_3D('',#1671,#1672,#1673);
#1671 = CARTESIAN_POINT('',(0.,0.25,0.));
#1672 = DIRECTION('',(0.,-1.,0.));
#1673 = DIRECTION('',(0.,-0.,-1.));
#1674 = ADVANCED_FACE('',(#1675),#1700,.F.);
#1675 = FACE_BOUND('',#1676,.T.);
#1676 = EDGE_LOOP('',(#1677,#1687,#1693,#1694));
#1677 = ORIENTED_EDGE('',*,*,#1678,.F.);
#1678 = EDGE_CURVE('',#1679,#1681,#1683,.T.);
#1679 = VERTEX_POINT('',#1680);
#1680 = CARTESIAN_POINT('',(-2.3,0.,-0.13));
#1681 = VERTEX_POINT('',#1682);
#1682 = CARTESIAN_POINT('',(-1.85,0.,-0.13));
#1683 = LINE('',#1684,#1685);
#1684 = CARTESIAN_POINT('',(-2.3,0.,-0.13));
#1685 = VECTOR('',#1686,1.);
#1686 = DIRECTION('',(1.,0.,-0.));
#1687 = ORIENTED_EDGE('',*,*,#1688,.F.);
#1688 = EDGE_CURVE('',#1641,#1679,#1689,.T.);
#1689 = LINE('',#1690,#1691);
#1690 = CARTESIAN_POINT('',(-2.3,-0.519711458407,-0.13));
#1691 = VECTOR('',#1692,1.);
#1692 = DIRECTION('',(0.,-1.,-0.));
#1693 = ORIENTED_EDGE('',*,*,#1664,.T.);
#1694 = ORIENTED_EDGE('',*,*,#1695,.F.);
#1695 = EDGE_CURVE('',#1681,#1657,#1696,.T.);
#1696 = LINE('',#1697,#1698);
#1697 = CARTESIAN_POINT('',(-1.85,-0.519711458407,-0.13));
#1698 = VECTOR('',#1699,1.);
#1699 = DIRECTION('',(-0.,1.,0.));
#1700 = PLANE('',#1701);
#1701 = AXIS2_PLACEMENT_3D('',#1702,#1703,#1704);
#1702 = CARTESIAN_POINT('',(-2.3,-0.519711458407,-0.13));
#1703 = DIRECTION('',(0.,0.,1.));
#1704 = DIRECTION('',(1.,0.,-0.));
#1705 = ADVANCED_FACE('',(#1706),#1724,.F.);
#1706 = FACE_BOUND('',#1707,.T.);
#1707 = EDGE_LOOP('',(#1708,#1716,#1722,#1723));
#1708 = ORIENTED_EDGE('',*,*,#1709,.F.);
#1709 = EDGE_CURVE('',#1710,#1679,#1712,.T.);
#1710 = VERTEX_POINT('',#1711);
#1711 = CARTESIAN_POINT('',(-2.3,0.,0.13));
#1712 = LINE('',#1713,#1714);
#1713 = CARTESIAN_POINT('',(-2.3,0.,0.13));
#1714 = VECTOR('',#1715,1.);
#1715 = DIRECTION('',(0.,0.,-1.));
#1716 = ORIENTED_EDGE('',*,*,#1717,.F.);
#1717 = EDGE_CURVE('',#1639,#1710,#1718,.T.);
#1718 = LINE('',#1719,#1720);
#1719 = CARTESIAN_POINT('',(-2.3,-0.519711458407,0.13));
#1720 = VECTOR('',#1721,1.);
#1721 = DIRECTION('',(-0.,-1.,-0.));
#1722 = ORIENTED_EDGE('',*,*,#1638,.T.);
#1723 = ORIENTED_EDGE('',*,*,#1688,.T.);
#1724 = PLANE('',#1725);
#1725 = AXIS2_PLACEMENT_3D('',#1726,#1727,#1728);
#1726 = CARTESIAN_POINT('',(-2.3,-0.519711458407,0.13));
#1727 = DIRECTION('',(1.,-0.,0.));
#1728 = DIRECTION('',(0.,0.,-1.));
#1729 = ADVANCED_FACE('',(#1730),#1748,.F.);
#1730 = FACE_BOUND('',#1731,.T.);
#1731 = EDGE_LOOP('',(#1732,#1740,#1746,#1747));
#1732 = ORIENTED_EDGE('',*,*,#1733,.F.);
#1733 = EDGE_CURVE('',#1734,#1710,#1736,.T.);
#1734 = VERTEX_POINT('',#1735);
#1735 = CARTESIAN_POINT('',(-1.85,0.,0.13));
#1736 = LINE('',#1737,#1738);
#1737 = CARTESIAN_POINT('',(-1.85,0.,0.13));
#1738 = VECTOR('',#1739,1.);
#1739 = DIRECTION('',(-1.,0.,-0.));
#1740 = ORIENTED_EDGE('',*,*,#1741,.F.);
#1741 = EDGE_CURVE('',#1649,#1734,#1742,.T.);
#1742 = LINE('',#1743,#1744);
#1743 = CARTESIAN_POINT('',(-1.85,-0.519711458407,0.13));
#1744 = VECTOR('',#1745,1.);
#1745 = DIRECTION('',(-0.,-1.,-0.));
#1746 = ORIENTED_EDGE('',*,*,#1648,.T.);
#1747 = ORIENTED_EDGE('',*,*,#1717,.T.);
#1748 = PLANE('',#1749);
#1749 = AXIS2_PLACEMENT_3D('',#1750,#1751,#1752);
#1750 = CARTESIAN_POINT('',(-1.85,-0.519711458407,0.13));
#1751 = DIRECTION('',(0.,0.,-1.));
#1752 = DIRECTION('',(-1.,0.,-0.));
#1753 = ADVANCED_FACE('',(#1754),#1765,.F.);
#1754 = FACE_BOUND('',#1755,.T.);
#1755 = EDGE_LOOP('',(#1756,#1762,#1763,#1764));
#1756 = ORIENTED_EDGE('',*,*,#1757,.F.);
#1757 = EDGE_CURVE('',#1681,#1734,#1758,.T.);
#1758 = LINE('',#1759,#1760);
#1759 = CARTESIAN_POINT('',(-1.85,0.,-0.13));
#1760 = VECTOR('',#1761,1.);
#1761 = DIRECTION('',(0.,0.,1.));
#1762 = ORIENTED_EDGE('',*,*,#1695,.T.);
#1763 = ORIENTED_EDGE('',*,*,#1656,.T.);
#1764 = ORIENTED_EDGE('',*,*,#1741,.T.);
#1765 = PLANE('',#1766);
#1766 = AXIS2_PLACEMENT_3D('',#1767,#1768,#1769);
#1767 = CARTESIAN_POINT('',(-1.85,-0.519711458407,-0.13));
#1768 = DIRECTION('',(-1.,0.,0.));
#1769 = DIRECTION('',(0.,0.,1.));
#1770 = ADVANCED_FACE('',(#1771),#1777,.F.);
#1771 = FACE_BOUND('',#1772,.T.);
#1772 = EDGE_LOOP('',(#1773,#1774,#1775,#1776));
#1773 = ORIENTED_EDGE('',*,*,#1733,.T.);
#1774 = ORIENTED_EDGE('',*,*,#1709,.T.);
#1775 = ORIENTED_EDGE('',*,*,#1678,.T.);
#1776 = ORIENTED_EDGE('',*,*,#1757,.T.);
#1777 = PLANE('',#1778);
#1778 = AXIS2_PLACEMENT_3D('',#1779,#1780,#1781);
#1779 = CARTESIAN_POINT('',(0.,0.,0.));
#1780 = DIRECTION('',(0.,1.,0.));
#1781 = DIRECTION('',(0.,-0.,1.));
#1782 = MANIFOLD_SOLID_BREP('',#1783);
#1783 = CLOSED_SHELL('',(#1784,#1824,#1855,#1879,#1903,#1920));
#1784 = ADVANCED_FACE('',(#1785),#1819,.F.);
#1785 = FACE_BOUND('',#1786,.T.);
#1786 = EDGE_LOOP('',(#1787,#1797,#1805,#1813));
#1787 = ORIENTED_EDGE('',*,*,#1788,.F.);
#1788 = EDGE_CURVE('',#1789,#1791,#1793,.T.);
#1789 = VERTEX_POINT('',#1790);
#1790 = CARTESIAN_POINT('',(1.85,0.,1.43));
#1791 = VERTEX_POINT('',#1792);
#1792 = CARTESIAN_POINT('',(2.3,0.,1.43));
#1793 = LINE('',#1794,#1795);
#1794 = CARTESIAN_POINT('',(0.,0.,1.43));
#1795 = VECTOR('',#1796,1.);
#1796 = DIRECTION('',(1.,0.,-0.));
#1797 = ORIENTED_EDGE('',*,*,#1798,.F.);
#1798 = EDGE_CURVE('',#1799,#1789,#1801,.T.);
#1799 = VERTEX_POINT('',#1800);
#1800 = CARTESIAN_POINT('',(1.85,0.,1.17));
#1801 = LINE('',#1802,#1803);
#1802 = CARTESIAN_POINT('',(1.85,0.,0.));
#1803 = VECTOR('',#1804,1.);
#1804 = DIRECTION('',(0.,-0.,1.));
#1805 = ORIENTED_EDGE('',*,*,#1806,.F.);
#1806 = EDGE_CURVE('',#1807,#1799,#1809,.T.);
#1807 = VERTEX_POINT('',#1808);
#1808 = CARTESIAN_POINT('',(2.3,0.,1.17));
#1809 = LINE('',#1810,#1811);
#1810 = CARTESIAN_POINT('',(0.,0.,1.17));
#1811 = VECTOR('',#1812,1.);
#1812 = DIRECTION('',(-1.,-0.,0.));
#1813 = ORIENTED_EDGE('',*,*,#1814,.F.);
#1814 = EDGE_CURVE('',#1791,#1807,#1815,.T.);
#1815 = LINE('',#1816,#1817);
#1816 = CARTESIAN_POINT('',(2.3,0.,0.));
#1817 = VECTOR('',#1818,1.);
#1818 = DIRECTION('',(-0.,0.,-1.));
#1819 = PLANE('',#1820);
#1820 = AXIS2_PLACEMENT_3D('',#1821,#1822,#1823);
#1821 = CARTESIAN_POINT('',(0.,0.,0.));
#1822 = DIRECTION('',(0.,1.,0.));
#1823 = DIRECTION('',(0.,-0.,1.));
#1824 = ADVANCED_FACE('',(#1825),#1850,.F.);
#1825 = FACE_BOUND('',#1826,.T.);
#1826 = EDGE_LOOP('',(#1827,#1828,#1836,#1844));
#1827 = ORIENTED_EDGE('',*,*,#1814,.T.);
#1828 = ORIENTED_EDGE('',*,*,#1829,.F.);
#1829 = EDGE_CURVE('',#1830,#1807,#1832,.T.);
#1830 = VERTEX_POINT('',#1831);
#1831 = CARTESIAN_POINT('',(2.3,0.25,1.17));
#1832 = LINE('',#1833,#1834);
#1833 = CARTESIAN_POINT('',(2.3,-0.519711458407,1.17));
#1834 = VECTOR('',#1835,1.);
#1835 = DIRECTION('',(-0.,-1.,0.));
#1836 = ORIENTED_EDGE('',*,*,#1837,.F.);
#1837 = EDGE_CURVE('',#1838,#1830,#1840,.T.);
#1838 = VERTEX_POINT('',#1839);
#1839 = CARTESIAN_POINT('',(2.3,0.25,1.43));
#1840 = LINE('',#1841,#1842);
#1841 = CARTESIAN_POINT('',(2.3,0.25,1.17));
#1842 = VECTOR('',#1843,1.);
#1843 = DIRECTION('',(-0.,-0.,-1.));
#1844 = ORIENTED_EDGE('',*,*,#1845,.F.);
#1845 = EDGE_CURVE('',#1791,#1838,#1846,.T.);
#1846 = LINE('',#1847,#1848);
#1847 = CARTESIAN_POINT('',(2.3,-0.519711458407,1.43));
#1848 = VECTOR('',#1849,1.);
#1849 = DIRECTION('',(0.,1.,-0.));
#1850 = PLANE('',#1851);
#1851 = AXIS2_PLACEMENT_3D('',#1852,#1853,#1854);
#1852 = CARTESIAN_POINT('',(2.3,-0.519711458407,1.17));
#1853 = DIRECTION('',(-1.,0.,0.));
#1854 = DIRECTION('',(0.,0.,1.));
#1855 = ADVANCED_FACE('',(#1856),#1874,.F.);
#1856 = FACE_BOUND('',#1857,.T.);
#1857 = EDGE_LOOP('',(#1858,#1859,#1860,#1868));
#1858 = ORIENTED_EDGE('',*,*,#1788,.T.);
#1859 = ORIENTED_EDGE('',*,*,#1845,.T.);
#1860 = ORIENTED_EDGE('',*,*,#1861,.F.);
#1861 = EDGE_CURVE('',#1862,#1838,#1864,.T.);
#1862 = VERTEX_POINT('',#1863);
#1863 = CARTESIAN_POINT('',(1.85,0.25,1.43));
#1864 = LINE('',#1865,#1866);
#1865 = CARTESIAN_POINT('',(2.3,0.25,1.43));
#1866 = VECTOR('',#1867,1.);
#1867 = DIRECTION('',(1.,-0.,-4.818676322158E-16));
#1868 = ORIENTED_EDGE('',*,*,#1869,.F.);
#1869 = EDGE_CURVE('',#1789,#1862,#1870,.T.);
#1870 = LINE('',#1871,#1872);
#1871 = CARTESIAN_POINT('',(1.85,-0.519711458407,1.43));
#1872 = VECTOR('',#1873,1.);
#1873 = DIRECTION('',(0.,1.,0.));
#1874 = PLANE('',#1875);
#1875 = AXIS2_PLACEMENT_3D('',#1876,#1877,#1878);
#1876 = CARTESIAN_POINT('',(2.3,-0.519711458407,1.43));
#1877 = DIRECTION('',(-4.818676322158E-16,0.,-1.));
#1878 = DIRECTION('',(-1.,0.,4.818676322158E-16));
#1879 = ADVANCED_FACE('',(#1880),#1898,.F.);
#1880 = FACE_BOUND('',#1881,.T.);
#1881 = EDGE_LOOP('',(#1882,#1883,#1884,#1892));
#1882 = ORIENTED_EDGE('',*,*,#1798,.T.);
#1883 = ORIENTED_EDGE('',*,*,#1869,.T.);
#1884 = ORIENTED_EDGE('',*,*,#1885,.F.);
#1885 = EDGE_CURVE('',#1886,#1862,#1888,.T.);
#1886 = VERTEX_POINT('',#1887);
#1887 = CARTESIAN_POINT('',(1.85,0.25,1.17));
#1888 = LINE('',#1889,#1890);
#1889 = CARTESIAN_POINT('',(1.85,0.25,1.43));
#1890 = VECTOR('',#1891,1.);
#1891 = DIRECTION('',(-0.,-0.,1.));
#1892 = ORIENTED_EDGE('',*,*,#1893,.F.);
#1893 = EDGE_CURVE('',#1799,#1886,#1894,.T.);
#1894 = LINE('',#1895,#1896);
#1895 = CARTESIAN_POINT('',(1.85,-0.519711458407,1.17));
#1896 = VECTOR('',#1897,1.);
#1897 = DIRECTION('',(0.,1.,0.));
#1898 = PLANE('',#1899);
#1899 = AXIS2_PLACEMENT_3D('',#1900,#1901,#1902);
#1900 = CARTESIAN_POINT('',(1.85,-0.519711458407,1.43));
#1901 = DIRECTION('',(1.,-0.,0.));
#1902 = DIRECTION('',(0.,0.,-1.));
#1903 = ADVANCED_FACE('',(#1904),#1915,.F.);
#1904 = FACE_BOUND('',#1905,.T.);
#1905 = EDGE_LOOP('',(#1906,#1907,#1908,#1914));
#1906 = ORIENTED_EDGE('',*,*,#1806,.T.);
#1907 = ORIENTED_EDGE('',*,*,#1893,.T.);
#1908 = ORIENTED_EDGE('',*,*,#1909,.F.);
#1909 = EDGE_CURVE('',#1830,#1886,#1910,.T.);
#1910 = LINE('',#1911,#1912);
#1911 = CARTESIAN_POINT('',(1.85,0.25,1.17));
#1912 = VECTOR('',#1913,1.);
#1913 = DIRECTION('',(-1.,-0.,0.));
#1914 = ORIENTED_EDGE('',*,*,#1829,.T.);
#1915 = PLANE('',#1916);
#1916 = AXIS2_PLACEMENT_3D('',#1917,#1918,#1919);
#1917 = CARTESIAN_POINT('',(1.85,-0.519711458407,1.17));
#1918 = DIRECTION('',(0.,0.,1.));
#1919 = DIRECTION('',(1.,0.,-0.));
#1920 = ADVANCED_FACE('',(#1921),#1927,.F.);
#1921 = FACE_BOUND('',#1922,.T.);
#1922 = EDGE_LOOP('',(#1923,#1924,#1925,#1926));
#1923 = ORIENTED_EDGE('',*,*,#1885,.T.);
#1924 = ORIENTED_EDGE('',*,*,#1861,.T.);
#1925 = ORIENTED_EDGE('',*,*,#1837,.T.);
#1926 = ORIENTED_EDGE('',*,*,#1909,.T.);
#1927 = PLANE('',#1928);
#1928 = AXIS2_PLACEMENT_3D('',#1929,#1930,#1931);
#1929 = CARTESIAN_POINT('',(0.,0.25,0.));
#1930 = DIRECTION('',(0.,-1.,0.));
#1931 = DIRECTION('',(0.,-0.,-1.));
#1932 = MANIFOLD_SOLID_BREP('',#1933);
#1933 = CLOSED_SHELL('',(#1934,#1974,#2005,#2029,#2053,#2070));
#1934 = ADVANCED_FACE('',(#1935),#1969,.F.);
#1935 = FACE_BOUND('',#1936,.T.);
#1936 = EDGE_LOOP('',(#1937,#1947,#1955,#1963));
#1937 = ORIENTED_EDGE('',*,*,#1938,.F.);
#1938 = EDGE_CURVE('',#1939,#1941,#1943,.T.);
#1939 = VERTEX_POINT('',#1940);
#1940 = CARTESIAN_POINT('',(1.85,0.,0.78));
#1941 = VERTEX_POINT('',#1942);
#1942 = CARTESIAN_POINT('',(2.3,0.,0.78));
#1943 = LINE('',#1944,#1945);
#1944 = CARTESIAN_POINT('',(0.,0.,0.78));
#1945 = VECTOR('',#1946,1.);
#1946 = DIRECTION('',(1.,0.,-0.));
#1947 = ORIENTED_EDGE('',*,*,#1948,.F.);
#1948 = EDGE_CURVE('',#1949,#1939,#1951,.T.);
#1949 = VERTEX_POINT('',#1950);
#1950 = CARTESIAN_POINT('',(1.85,0.,0.52));
#1951 = LINE('',#1952,#1953);
#1952 = CARTESIAN_POINT('',(1.85,0.,0.));
#1953 = VECTOR('',#1954,1.);
#1954 = DIRECTION('',(0.,-0.,1.));
#1955 = ORIENTED_EDGE('',*,*,#1956,.F.);
#1956 = EDGE_CURVE('',#1957,#1949,#1959,.T.);
#1957 = VERTEX_POINT('',#1958);
#1958 = CARTESIAN_POINT('',(2.3,0.,0.52));
#1959 = LINE('',#1960,#1961);
#1960 = CARTESIAN_POINT('',(0.,0.,0.52));
#1961 = VECTOR('',#1962,1.);
#1962 = DIRECTION('',(-1.,-0.,0.));
#1963 = ORIENTED_EDGE('',*,*,#1964,.F.);
#1964 = EDGE_CURVE('',#1941,#1957,#1965,.T.);
#1965 = LINE('',#1966,#1967);
#1966 = CARTESIAN_POINT('',(2.3,0.,0.));
#1967 = VECTOR('',#1968,1.);
#1968 = DIRECTION('',(-0.,0.,-1.));
#1969 = PLANE('',#1970);
#1970 = AXIS2_PLACEMENT_3D('',#1971,#1972,#1973);
#1971 = CARTESIAN_POINT('',(0.,0.,0.));
#1972 = DIRECTION('',(0.,1.,0.));
#1973 = DIRECTION('',(0.,-0.,1.));
#1974 = ADVANCED_FACE('',(#1975),#2000,.F.);
#1975 = FACE_BOUND('',#1976,.T.);
#1976 = EDGE_LOOP('',(#1977,#1978,#1986,#1994));
#1977 = ORIENTED_EDGE('',*,*,#1964,.T.);
#1978 = ORIENTED_EDGE('',*,*,#1979,.F.);
#1979 = EDGE_CURVE('',#1980,#1957,#1982,.T.);
#1980 = VERTEX_POINT('',#1981);
#1981 = CARTESIAN_POINT('',(2.3,0.25,0.52));
#1982 = LINE('',#1983,#1984);
#1983 = CARTESIAN_POINT('',(2.3,-0.519711458407,0.52));
#1984 = VECTOR('',#1985,1.);
#1985 = DIRECTION('',(-0.,-1.,0.));
#1986 = ORIENTED_EDGE('',*,*,#1987,.F.);
#1987 = EDGE_CURVE('',#1988,#1980,#1990,.T.);
#1988 = VERTEX_POINT('',#1989);
#1989 = CARTESIAN_POINT('',(2.3,0.25,0.78));
#1990 = LINE('',#1991,#1992);
#1991 = CARTESIAN_POINT('',(2.3,0.25,0.52));
#1992 = VECTOR('',#1993,1.);
#1993 = DIRECTION('',(-0.,-0.,-1.));
#1994 = ORIENTED_EDGE('',*,*,#1995,.F.);
#1995 = EDGE_CURVE('',#1941,#1988,#1996,.T.);
#1996 = LINE('',#1997,#1998);
#1997 = CARTESIAN_POINT('',(2.3,-0.519711458407,0.78));
#1998 = VECTOR('',#1999,1.);
#1999 = DIRECTION('',(0.,1.,-0.));
#2000 = PLANE('',#2001);
#2001 = AXIS2_PLACEMENT_3D('',#2002,#2003,#2004);
#2002 = CARTESIAN_POINT('',(2.3,-0.519711458407,0.52));
#2003 = DIRECTION('',(-1.,0.,0.));
#2004 = DIRECTION('',(0.,0.,1.));
#2005 = ADVANCED_FACE('',(#2006),#2024,.F.);
#2006 = FACE_BOUND('',#2007,.T.);
#2007 = EDGE_LOOP('',(#2008,#2009,#2010,#2018));
#2008 = ORIENTED_EDGE('',*,*,#1938,.T.);
#2009 = ORIENTED_EDGE('',*,*,#1995,.T.);
#2010 = ORIENTED_EDGE('',*,*,#2011,.F.);
#2011 = EDGE_CURVE('',#2012,#1988,#2014,.T.);
#2012 = VERTEX_POINT('',#2013);
#2013 = CARTESIAN_POINT('',(1.85,0.25,0.78));
#2014 = LINE('',#2015,#2016);
#2015 = CARTESIAN_POINT('',(2.3,0.25,0.78));
#2016 = VECTOR('',#2017,1.);
#2017 = DIRECTION('',(1.,-0.,0.));
#2018 = ORIENTED_EDGE('',*,*,#2019,.F.);
#2019 = EDGE_CURVE('',#1939,#2012,#2020,.T.);
#2020 = LINE('',#2021,#2022);
#2021 = CARTESIAN_POINT('',(1.85,-0.519711458407,0.78));
#2022 = VECTOR('',#2023,1.);
#2023 = DIRECTION('',(0.,1.,0.));
#2024 = PLANE('',#2025);
#2025 = AXIS2_PLACEMENT_3D('',#2026,#2027,#2028);
#2026 = CARTESIAN_POINT('',(2.3,-0.519711458407,0.78));
#2027 = DIRECTION('',(0.,0.,-1.));
#2028 = DIRECTION('',(-1.,0.,-0.));
#2029 = ADVANCED_FACE('',(#2030),#2048,.F.);
#2030 = FACE_BOUND('',#2031,.T.);
#2031 = EDGE_LOOP('',(#2032,#2033,#2034,#2042));
#2032 = ORIENTED_EDGE('',*,*,#1948,.T.);
#2033 = ORIENTED_EDGE('',*,*,#2019,.T.);
#2034 = ORIENTED_EDGE('',*,*,#2035,.F.);
#2035 = EDGE_CURVE('',#2036,#2012,#2038,.T.);
#2036 = VERTEX_POINT('',#2037);
#2037 = CARTESIAN_POINT('',(1.85,0.25,0.52));
#2038 = LINE('',#2039,#2040);
#2039 = CARTESIAN_POINT('',(1.85,0.25,0.78));
#2040 = VECTOR('',#2041,1.);
#2041 = DIRECTION('',(1.668003342285E-15,-0.,1.));
#2042 = ORIENTED_EDGE('',*,*,#2043,.F.);
#2043 = EDGE_CURVE('',#1949,#2036,#2044,.T.);
#2044 = LINE('',#2045,#2046);
#2045 = CARTESIAN_POINT('',(1.85,-0.519711458407,0.52));
#2046 = VECTOR('',#2047,1.);
#2047 = DIRECTION('',(0.,1.,0.));
#2048 = PLANE('',#2049);
#2049 = AXIS2_PLACEMENT_3D('',#2050,#2051,#2052);
#2050 = CARTESIAN_POINT('',(1.85,-0.519711458407,0.78));
#2051 = DIRECTION('',(1.,0.,-1.668003342285E-15));
#2052 = DIRECTION('',(-1.668003342285E-15,0.,-1.));
#2053 = ADVANCED_FACE('',(#2054),#2065,.F.);
#2054 = FACE_BOUND('',#2055,.T.);
#2055 = EDGE_LOOP('',(#2056,#2057,#2058,#2064));
#2056 = ORIENTED_EDGE('',*,*,#1956,.T.);
#2057 = ORIENTED_EDGE('',*,*,#2043,.T.);
#2058 = ORIENTED_EDGE('',*,*,#2059,.F.);
#2059 = EDGE_CURVE('',#1980,#2036,#2060,.T.);
#2060 = LINE('',#2061,#2062);
#2061 = CARTESIAN_POINT('',(1.85,0.25,0.52));
#2062 = VECTOR('',#2063,1.);
#2063 = DIRECTION('',(-1.,-0.,0.));
#2064 = ORIENTED_EDGE('',*,*,#1979,.T.);
#2065 = PLANE('',#2066);
#2066 = AXIS2_PLACEMENT_3D('',#2067,#2068,#2069);
#2067 = CARTESIAN_POINT('',(1.85,-0.519711458407,0.52));
#2068 = DIRECTION('',(0.,0.,1.));
#2069 = DIRECTION('',(1.,0.,-0.));
#2070 = ADVANCED_FACE('',(#2071),#2077,.F.);
#2071 = FACE_BOUND('',#2072,.T.);
#2072 = EDGE_LOOP('',(#2073,#2074,#2075,#2076));
#2073 = ORIENTED_EDGE('',*,*,#2035,.T.);
#2074 = ORIENTED_EDGE('',*,*,#2011,.T.);
#2075 = ORIENTED_EDGE('',*,*,#1987,.T.);
#2076 = ORIENTED_EDGE('',*,*,#2059,.T.);
#2077 = PLANE('',#2078);
#2078 = AXIS2_PLACEMENT_3D('',#2079,#2080,#2081);
#2079 = CARTESIAN_POINT('',(0.,0.25,0.));
#2080 = DIRECTION('',(0.,-1.,0.));
#2081 = DIRECTION('',(0.,-0.,-1.));
#2082 = MANIFOLD_SOLID_BREP('',#2083);
#2083 = CLOSED_SHELL('',(#2084,#2124,#2155,#2171,#2188));
#2084 = ADVANCED_FACE('',(#2085),#2119,.F.);
#2085 = FACE_BOUND('',#2086,.T.);
#2086 = EDGE_LOOP('',(#2087,#2097,#2105,#2113));
#2087 = ORIENTED_EDGE('',*,*,#2088,.F.);
#2088 = EDGE_CURVE('',#2089,#2091,#2093,.T.);
#2089 = VERTEX_POINT('',#2090);
#2090 = CARTESIAN_POINT('',(-1.8,0.,-1.9));
#2091 = VERTEX_POINT('',#2092);
#2092 = CARTESIAN_POINT('',(-2.,0.,-1.7));
#2093 = LINE('',#2094,#2095);
#2094 = CARTESIAN_POINT('',(-1.8,0.,-1.9));
#2095 = VECTOR('',#2096,1.);
#2096 = DIRECTION('',(-0.707106781187,0.,0.707106781187));
#2097 = ORIENTED_EDGE('',*,*,#2098,.F.);
#2098 = EDGE_CURVE('',#2099,#2089,#2101,.T.);
#2099 = VERTEX_POINT('',#2100);
#2100 = CARTESIAN_POINT('',(-1.8,0.25,-1.9));
#2101 = LINE('',#2102,#2103);
#2102 = CARTESIAN_POINT('',(-1.8,-0.282842712475,-1.9));
#2103 = VECTOR('',#2104,1.);
#2104 = DIRECTION('',(-0.,-1.,-0.));
#2105 = ORIENTED_EDGE('',*,*,#2106,.F.);
#2106 = EDGE_CURVE('',#2107,#2099,#2109,.T.);
#2107 = VERTEX_POINT('',#2108);
#2108 = CARTESIAN_POINT('',(-2.,0.25,-1.7));
#2109 = LINE('',#2110,#2111);
#2110 = CARTESIAN_POINT('',(-1.8,0.25,-1.9));
#2111 = VECTOR('',#2112,1.);
#2112 = DIRECTION('',(0.707106781187,-0.,-0.707106781187));
#2113 = ORIENTED_EDGE('',*,*,#2114,.F.);
#2114 = EDGE_CURVE('',#2091,#2107,#2115,.T.);
#2115 = LINE('',#2116,#2117);
#2116 = CARTESIAN_POINT('',(-2.,-0.282842712475,-1.7));
#2117 = VECTOR('',#2118,1.);
#2118 = DIRECTION('',(0.,1.,0.));
#2119 = PLANE('',#2120);
#2120 = AXIS2_PLACEMENT_3D('',#2121,#2122,#2123);
#2121 = CARTESIAN_POINT('',(-1.8,-0.282842712475,-1.9));
#2122 = DIRECTION('',(-0.707106781187,0.,-0.707106781187));
#2123 = DIRECTION('',(-0.707106781187,0.,0.707106781187));
#2124 = ADVANCED_FACE('',(#2125),#2150,.F.);
#2125 = FACE_BOUND('',#2126,.T.);
#2126 = EDGE_LOOP('',(#2127,#2135,#2136,#2144));
#2127 = ORIENTED_EDGE('',*,*,#2128,.F.);
#2128 = EDGE_CURVE('',#2091,#2129,#2131,.T.);
#2129 = VERTEX_POINT('',#2130);
#2130 = CARTESIAN_POINT('',(-2.,0.,-1.9));
#2131 = LINE('',#2132,#2133);
#2132 = CARTESIAN_POINT('',(-2.,0.,-1.7));
#2133 = VECTOR('',#2134,1.);
#2134 = DIRECTION('',(-2.168404344971E-15,0.,-1.));
#2135 = ORIENTED_EDGE('',*,*,#2114,.T.);
#2136 = ORIENTED_EDGE('',*,*,#2137,.F.);
#2137 = EDGE_CURVE('',#2138,#2107,#2140,.T.);
#2138 = VERTEX_POINT('',#2139);
#2139 = CARTESIAN_POINT('',(-2.,0.25,-1.9));
#2140 = LINE('',#2141,#2142);
#2141 = CARTESIAN_POINT('',(-2.,0.25,-1.7));
#2142 = VECTOR('',#2143,1.);
#2143 = DIRECTION('',(2.168404344971E-15,-0.,1.));
#2144 = ORIENTED_EDGE('',*,*,#2145,.F.);
#2145 = EDGE_CURVE('',#2129,#2138,#2146,.T.);
#2146 = LINE('',#2147,#2148);
#2147 = CARTESIAN_POINT('',(-2.,-0.282842712475,-1.9));
#2148 = VECTOR('',#2149,1.);
#2149 = DIRECTION('',(0.,1.,0.));
#2150 = PLANE('',#2151);
#2151 = AXIS2_PLACEMENT_3D('',#2152,#2153,#2154);
#2152 = CARTESIAN_POINT('',(-2.,-0.282842712475,-1.7));
#2153 = DIRECTION('',(1.,0.,-2.168404344971E-15));
#2154 = DIRECTION('',(-2.168404344971E-15,0.,-1.));
#2155 = ADVANCED_FACE('',(#2156),#2166,.F.);
#2156 = FACE_BOUND('',#2157,.T.);
#2157 = EDGE_LOOP('',(#2158,#2159,#2165));
#2158 = ORIENTED_EDGE('',*,*,#2128,.T.);
#2159 = ORIENTED_EDGE('',*,*,#2160,.F.);
#2160 = EDGE_CURVE('',#2089,#2129,#2161,.T.);
#2161 = LINE('',#2162,#2163);
#2162 = CARTESIAN_POINT('',(0.,0.,-1.9));
#2163 = VECTOR('',#2164,1.);
#2164 = DIRECTION('',(-1.,-0.,0.));
#2165 = ORIENTED_EDGE('',*,*,#2088,.T.);
#2166 = PLANE('',#2167);
#2167 = AXIS2_PLACEMENT_3D('',#2168,#2169,#2170);
#2168 = CARTESIAN_POINT('',(0.,0.,0.));
#2169 = DIRECTION('',(0.,1.,0.));
#2170 = DIRECTION('',(0.,-0.,1.));
#2171 = ADVANCED_FACE('',(#2172),#2183,.F.);
#2172 = FACE_BOUND('',#2173,.T.);
#2173 = EDGE_LOOP('',(#2174,#2175,#2176,#2182));
#2174 = ORIENTED_EDGE('',*,*,#2160,.T.);
#2175 = ORIENTED_EDGE('',*,*,#2145,.T.);
#2176 = ORIENTED_EDGE('',*,*,#2177,.F.);
#2177 = EDGE_CURVE('',#2099,#2138,#2178,.T.);
#2178 = LINE('',#2179,#2180);
#2179 = CARTESIAN_POINT('',(-2.,0.25,-1.9));
#2180 = VECTOR('',#2181,1.);
#2181 = DIRECTION('',(-1.,-0.,0.));
#2182 = ORIENTED_EDGE('',*,*,#2098,.T.);
#2183 = PLANE('',#2184);
#2184 = AXIS2_PLACEMENT_3D('',#2185,#2186,#2187);
#2185 = CARTESIAN_POINT('',(-2.,-0.282842712475,-1.9));
#2186 = DIRECTION('',(0.,0.,1.));
#2187 = DIRECTION('',(1.,0.,-0.));
#2188 = ADVANCED_FACE('',(#2189),#2194,.T.);
#2189 = FACE_BOUND('',#2190,.T.);
#2190 = EDGE_LOOP('',(#2191,#2192,#2193));
#2191 = ORIENTED_EDGE('',*,*,#2137,.T.);
#2192 = ORIENTED_EDGE('',*,*,#2106,.T.);
#2193 = ORIENTED_EDGE('',*,*,#2177,.T.);
#2194 = PLANE('',#2195);
#2195 = AXIS2_PLACEMENT_3D('',#2196,#2197,#2198);
#2196 = CARTESIAN_POINT('',(0.,0.25,0.));
#2197 = DIRECTION('',(0.,1.,0.));
#2198 = DIRECTION('',(0.,-0.,1.));
#2199 = MANIFOLD_SOLID_BREP('',#2200);
#2200 = CLOSED_SHELL('',(#2201,#2241,#2272,#2296,#2320,#2337));
#2201 = ADVANCED_FACE('',(#2202),#2236,.F.);
#2202 = FACE_BOUND('',#2203,.T.);
#2203 = EDGE_LOOP('',(#2204,#2214,#2222,#2230));
#2204 = ORIENTED_EDGE('',*,*,#2205,.F.);
#2205 = EDGE_CURVE('',#2206,#2208,#2210,.T.);
#2206 = VERTEX_POINT('',#2207);
#2207 = CARTESIAN_POINT('',(0.78,0.,-2.2));
#2208 = VERTEX_POINT('',#2209);
#2209 = CARTESIAN_POINT('',(0.52,0.,-2.2));
#2210 = LINE('',#2211,#2212);
#2211 = CARTESIAN_POINT('',(0.,0.,-2.2));
#2212 = VECTOR('',#2213,1.);
#2213 = DIRECTION('',(-1.,-0.,0.));
#2214 = ORIENTED_EDGE('',*,*,#2215,.F.);
#2215 = EDGE_CURVE('',#2216,#2206,#2218,.T.);
#2216 = VERTEX_POINT('',#2217);
#2217 = CARTESIAN_POINT('',(0.78,0.,-1.75));
#2218 = LINE('',#2219,#2220);
#2219 = CARTESIAN_POINT('',(0.78,0.,0.));
#2220 = VECTOR('',#2221,1.);
#2221 = DIRECTION('',(-0.,0.,-1.));
#2222 = ORIENTED_EDGE('',*,*,#2223,.F.);
#2223 = EDGE_CURVE('',#2224,#2216,#2226,.T.);
#2224 = VERTEX_POINT('',#2225);
#2225 = CARTESIAN_POINT('',(0.52,0.,-1.75));
#2226 = LINE('',#2227,#2228);
#2227 = CARTESIAN_POINT('',(0.,0.,-1.75));
#2228 = VECTOR('',#2229,1.);
#2229 = DIRECTION('',(1.,0.,-0.));
#2230 = ORIENTED_EDGE('',*,*,#2231,.F.);
#2231 = EDGE_CURVE('',#2208,#2224,#2232,.T.);
#2232 = LINE('',#2233,#2234);
#2233 = CARTESIAN_POINT('',(0.52,0.,0.));
#2234 = VECTOR('',#2235,1.);
#2235 = DIRECTION('',(0.,-0.,1.));
#2236 = PLANE('',#2237);
#2237 = AXIS2_PLACEMENT_3D('',#2238,#2239,#2240);
#2238 = CARTESIAN_POINT('',(0.,0.,0.));
#2239 = DIRECTION('',(0.,1.,0.));
#2240 = DIRECTION('',(0.,-0.,1.));
#2241 = ADVANCED_FACE('',(#2242),#2267,.F.);
#2242 = FACE_BOUND('',#2243,.T.);
#2243 = EDGE_LOOP('',(#2244,#2245,#2253,#2261));
#2244 = ORIENTED_EDGE('',*,*,#2231,.T.);
#2245 = ORIENTED_EDGE('',*,*,#2246,.F.);
#2246 = EDGE_CURVE('',#2247,#2224,#2249,.T.);
#2247 = VERTEX_POINT('',#2248);
#2248 = CARTESIAN_POINT('',(0.52,0.25,-1.75));
#2249 = LINE('',#2250,#2251);
#2250 = CARTESIAN_POINT('',(0.52,-0.519711458407,-1.75));
#2251 = VECTOR('',#2252,1.);
#2252 = DIRECTION('',(-0.,-1.,-0.));
#2253 = ORIENTED_EDGE('',*,*,#2254,.F.);
#2254 = EDGE_CURVE('',#2255,#2247,#2257,.T.);
#2255 = VERTEX_POINT('',#2256);
#2256 = CARTESIAN_POINT('',(0.52,0.25,-2.2));
#2257 = LINE('',#2258,#2259);
#2258 = CARTESIAN_POINT('',(0.52,0.25,-1.75));
#2259 = VECTOR('',#2260,1.);
#2260 = DIRECTION('',(2.409338161079E-16,-0.,1.));
#2261 = ORIENTED_EDGE('',*,*,#2262,.F.);
#2262 = EDGE_CURVE('',#2208,#2255,#2263,.T.);
#2263 = LINE('',#2264,#2265);
#2264 = CARTESIAN_POINT('',(0.52,-0.519711458407,-2.2));
#2265 = VECTOR('',#2266,1.);
#2266 = DIRECTION('',(0.,1.,0.));
#2267 = PLANE('',#2268);
#2268 = AXIS2_PLACEMENT_3D('',#2269,#2270,#2271);
#2269 = CARTESIAN_POINT('',(0.52,-0.519711458407,-1.75));
#2270 = DIRECTION('',(1.,0.,-2.409338161079E-16));
#2271 = DIRECTION('',(-2.409338161079E-16,0.,-1.));
#2272 = ADVANCED_FACE('',(#2273),#2291,.F.);
#2273 = FACE_BOUND('',#2274,.T.);
#2274 = EDGE_LOOP('',(#2275,#2276,#2277,#2285));
#2275 = ORIENTED_EDGE('',*,*,#2205,.T.);
#2276 = ORIENTED_EDGE('',*,*,#2262,.T.);
#2277 = ORIENTED_EDGE('',*,*,#2278,.F.);
#2278 = EDGE_CURVE('',#2279,#2255,#2281,.T.);
#2279 = VERTEX_POINT('',#2280);
#2280 = CARTESIAN_POINT('',(0.78,0.25,-2.2));
#2281 = LINE('',#2282,#2283);
#2282 = CARTESIAN_POINT('',(0.52,0.25,-2.2));
#2283 = VECTOR('',#2284,1.);
#2284 = DIRECTION('',(-1.,-0.,0.));
#2285 = ORIENTED_EDGE('',*,*,#2286,.F.);
#2286 = EDGE_CURVE('',#2206,#2279,#2287,.T.);
#2287 = LINE('',#2288,#2289);
#2288 = CARTESIAN_POINT('',(0.78,-0.519711458407,-2.2));
#2289 = VECTOR('',#2290,1.);
#2290 = DIRECTION('',(-0.,1.,0.));
#2291 = PLANE('',#2292);
#2292 = AXIS2_PLACEMENT_3D('',#2293,#2294,#2295);
#2293 = CARTESIAN_POINT('',(0.52,-0.519711458407,-2.2));
#2294 = DIRECTION('',(0.,0.,1.));
#2295 = DIRECTION('',(1.,0.,-0.));
#2296 = ADVANCED_FACE('',(#2297),#2315,.F.);
#2297 = FACE_BOUND('',#2298,.T.);
#2298 = EDGE_LOOP('',(#2299,#2300,#2301,#2309));
#2299 = ORIENTED_EDGE('',*,*,#2215,.T.);
#2300 = ORIENTED_EDGE('',*,*,#2286,.T.);
#2301 = ORIENTED_EDGE('',*,*,#2302,.F.);
#2302 = EDGE_CURVE('',#2303,#2279,#2305,.T.);
#2303 = VERTEX_POINT('',#2304);
#2304 = CARTESIAN_POINT('',(0.78,0.25,-1.75));
#2305 = LINE('',#2306,#2307);
#2306 = CARTESIAN_POINT('',(0.78,0.25,-2.2));
#2307 = VECTOR('',#2308,1.);
#2308 = DIRECTION('',(-2.409338161079E-16,-0.,-1.));
#2309 = ORIENTED_EDGE('',*,*,#2310,.F.);
#2310 = EDGE_CURVE('',#2216,#2303,#2311,.T.);
#2311 = LINE('',#2312,#2313);
#2312 = CARTESIAN_POINT('',(0.78,-0.519711458407,-1.75));
#2313 = VECTOR('',#2314,1.);
#2314 = DIRECTION('',(0.,1.,-0.));
#2315 = PLANE('',#2316);
#2316 = AXIS2_PLACEMENT_3D('',#2317,#2318,#2319);
#2317 = CARTESIAN_POINT('',(0.78,-0.519711458407,-2.2));
#2318 = DIRECTION('',(-1.,0.,2.409338161079E-16));
#2319 = DIRECTION('',(2.409338161079E-16,0.,1.));
#2320 = ADVANCED_FACE('',(#2321),#2332,.F.);
#2321 = FACE_BOUND('',#2322,.T.);
#2322 = EDGE_LOOP('',(#2323,#2324,#2325,#2331));
#2323 = ORIENTED_EDGE('',*,*,#2223,.T.);
#2324 = ORIENTED_EDGE('',*,*,#2310,.T.);
#2325 = ORIENTED_EDGE('',*,*,#2326,.F.);
#2326 = EDGE_CURVE('',#2247,#2303,#2327,.T.);
#2327 = LINE('',#2328,#2329);
#2328 = CARTESIAN_POINT('',(0.78,0.25,-1.75));
#2329 = VECTOR('',#2330,1.);
#2330 = DIRECTION('',(1.,-0.,0.));
#2331 = ORIENTED_EDGE('',*,*,#2246,.T.);
#2332 = PLANE('',#2333);
#2333 = AXIS2_PLACEMENT_3D('',#2334,#2335,#2336);
#2334 = CARTESIAN_POINT('',(0.78,-0.519711458407,-1.75));
#2335 = DIRECTION('',(0.,0.,-1.));
#2336 = DIRECTION('',(-1.,0.,-0.));
#2337 = ADVANCED_FACE('',(#2338),#2344,.F.);
#2338 = FACE_BOUND('',#2339,.T.);
#2339 = EDGE_LOOP('',(#2340,#2341,#2342,#2343));
#2340 = ORIENTED_EDGE('',*,*,#2302,.T.);
#2341 = ORIENTED_EDGE('',*,*,#2278,.T.);
#2342 = ORIENTED_EDGE('',*,*,#2254,.T.);
#2343 = ORIENTED_EDGE('',*,*,#2326,.T.);
#2344 = PLANE('',#2345);
#2345 = AXIS2_PLACEMENT_3D('',#2346,#2347,#2348);
#2346 = CARTESIAN_POINT('',(0.,0.25,0.));
#2347 = DIRECTION('',(0.,-1.,0.));
#2348 = DIRECTION('',(0.,-0.,-1.));
#2349 = MANIFOLD_SOLID_BREP('',#2350);
#2350 = CLOSED_SHELL('',(#2351,#2391,#2422,#2446,#2470,#2487));
#2351 = ADVANCED_FACE('',(#2352),#2386,.F.);
#2352 = FACE_BOUND('',#2353,.T.);
#2353 = EDGE_LOOP('',(#2354,#2364,#2372,#2380));
#2354 = ORIENTED_EDGE('',*,*,#2355,.F.);
#2355 = EDGE_CURVE('',#2356,#2358,#2360,.T.);
#2356 = VERTEX_POINT('',#2357);
#2357 = CARTESIAN_POINT('',(-2.3,0.25,1.43));
#2358 = VERTEX_POINT('',#2359);
#2359 = CARTESIAN_POINT('',(-2.3,0.25,1.17));
#2360 = LINE('',#2361,#2362);
#2361 = CARTESIAN_POINT('',(-2.3,0.25,0.));
#2362 = VECTOR('',#2363,1.);
#2363 = DIRECTION('',(0.,-0.,-1.));
#2364 = ORIENTED_EDGE('',*,*,#2365,.F.);
#2365 = EDGE_CURVE('',#2366,#2356,#2368,.T.);
#2366 = VERTEX_POINT('',#2367);
#2367 = CARTESIAN_POINT('',(-1.85,0.25,1.43));
#2368 = LINE('',#2369,#2370);
#2369 = CARTESIAN_POINT('',(0.,0.25,1.43));
#2370 = VECTOR('',#2371,1.);
#2371 = DIRECTION('',(-1.,-0.,-0.));
#2372 = ORIENTED_EDGE('',*,*,#2373,.F.);
#2373 = EDGE_CURVE('',#2374,#2366,#2376,.T.);
#2374 = VERTEX_POINT('',#2375);
#2375 = CARTESIAN_POINT('',(-1.85,0.25,1.17));
#2376 = LINE('',#2377,#2378);
#2377 = CARTESIAN_POINT('',(-1.85,0.25,0.));
#2378 = VECTOR('',#2379,1.);
#2379 = DIRECTION('',(-0.,0.,1.));
#2380 = ORIENTED_EDGE('',*,*,#2381,.F.);
#2381 = EDGE_CURVE('',#2358,#2374,#2382,.T.);
#2382 = LINE('',#2383,#2384);
#2383 = CARTESIAN_POINT('',(0.,0.25,1.17));
#2384 = VECTOR('',#2385,1.);
#2385 = DIRECTION('',(1.,0.,0.));
#2386 = PLANE('',#2387);
#2387 = AXIS2_PLACEMENT_3D('',#2388,#2389,#2390);
#2388 = CARTESIAN_POINT('',(0.,0.25,0.));
#2389 = DIRECTION('',(0.,-1.,0.));
#2390 = DIRECTION('',(0.,-0.,-1.));
#2391 = ADVANCED_FACE('',(#2392),#2417,.F.);
#2392 = FACE_BOUND('',#2393,.T.);
#2393 = EDGE_LOOP('',(#2394,#2404,#2410,#2411));
#2394 = ORIENTED_EDGE('',*,*,#2395,.F.);
#2395 = EDGE_CURVE('',#2396,#2398,#2400,.T.);
#2396 = VERTEX_POINT('',#2397);
#2397 = CARTESIAN_POINT('',(-2.3,0.,1.17));
#2398 = VERTEX_POINT('',#2399);
#2399 = CARTESIAN_POINT('',(-1.85,0.,1.17));
#2400 = LINE('',#2401,#2402);
#2401 = CARTESIAN_POINT('',(-2.3,0.,1.17));
#2402 = VECTOR('',#2403,1.);
#2403 = DIRECTION('',(1.,0.,-0.));
#2404 = ORIENTED_EDGE('',*,*,#2405,.F.);
#2405 = EDGE_CURVE('',#2358,#2396,#2406,.T.);
#2406 = LINE('',#2407,#2408);
#2407 = CARTESIAN_POINT('',(-2.3,-0.519711458407,1.17));
#2408 = VECTOR('',#2409,1.);
#2409 = DIRECTION('',(0.,-1.,-0.));
#2410 = ORIENTED_EDGE('',*,*,#2381,.T.);
#2411 = ORIENTED_EDGE('',*,*,#2412,.F.);
#2412 = EDGE_CURVE('',#2398,#2374,#2413,.T.);
#2413 = LINE('',#2414,#2415);
#2414 = CARTESIAN_POINT('',(-1.85,-0.519711458407,1.17));
#2415 = VECTOR('',#2416,1.);
#2416 = DIRECTION('',(-0.,1.,0.));
#2417 = PLANE('',#2418);
#2418 = AXIS2_PLACEMENT_3D('',#2419,#2420,#2421);
#2419 = CARTESIAN_POINT('',(-2.3,-0.519711458407,1.17));
#2420 = DIRECTION('',(0.,0.,1.));
#2421 = DIRECTION('',(1.,0.,-0.));
#2422 = ADVANCED_FACE('',(#2423),#2441,.F.);
#2423 = FACE_BOUND('',#2424,.T.);
#2424 = EDGE_LOOP('',(#2425,#2433,#2439,#2440));
#2425 = ORIENTED_EDGE('',*,*,#2426,.F.);
#2426 = EDGE_CURVE('',#2427,#2396,#2429,.T.);
#2427 = VERTEX_POINT('',#2428);
#2428 = CARTESIAN_POINT('',(-2.3,0.,1.43));
#2429 = LINE('',#2430,#2431);
#2430 = CARTESIAN_POINT('',(-2.3,0.,1.43));
#2431 = VECTOR('',#2432,1.);
#2432 = DIRECTION('',(0.,0.,-1.));
#2433 = ORIENTED_EDGE('',*,*,#2434,.F.);
#2434 = EDGE_CURVE('',#2356,#2427,#2435,.T.);
#2435 = LINE('',#2436,#2437);
#2436 = CARTESIAN_POINT('',(-2.3,-0.519711458407,1.43));
#2437 = VECTOR('',#2438,1.);
#2438 = DIRECTION('',(-0.,-1.,-0.));
#2439 = ORIENTED_EDGE('',*,*,#2355,.T.);
#2440 = ORIENTED_EDGE('',*,*,#2405,.T.);
#2441 = PLANE('',#2442);
#2442 = AXIS2_PLACEMENT_3D('',#2443,#2444,#2445);
#2443 = CARTESIAN_POINT('',(-2.3,-0.519711458407,1.43));
#2444 = DIRECTION('',(1.,-0.,0.));
#2445 = DIRECTION('',(0.,0.,-1.));
#2446 = ADVANCED_FACE('',(#2447),#2465,.F.);
#2447 = FACE_BOUND('',#2448,.T.);
#2448 = EDGE_LOOP('',(#2449,#2457,#2463,#2464));
#2449 = ORIENTED_EDGE('',*,*,#2450,.F.);
#2450 = EDGE_CURVE('',#2451,#2427,#2453,.T.);
#2451 = VERTEX_POINT('',#2452);
#2452 = CARTESIAN_POINT('',(-1.85,0.,1.43));
#2453 = LINE('',#2454,#2455);
#2454 = CARTESIAN_POINT('',(-1.85,0.,1.43));
#2455 = VECTOR('',#2456,1.);
#2456 = DIRECTION('',(-1.,0.,-0.));
#2457 = ORIENTED_EDGE('',*,*,#2458,.F.);
#2458 = EDGE_CURVE('',#2366,#2451,#2459,.T.);
#2459 = LINE('',#2460,#2461);
#2460 = CARTESIAN_POINT('',(-1.85,-0.519711458407,1.43));
#2461 = VECTOR('',#2462,1.);
#2462 = DIRECTION('',(-0.,-1.,-0.));
#2463 = ORIENTED_EDGE('',*,*,#2365,.T.);
#2464 = ORIENTED_EDGE('',*,*,#2434,.T.);
#2465 = PLANE('',#2466);
#2466 = AXIS2_PLACEMENT_3D('',#2467,#2468,#2469);
#2467 = CARTESIAN_POINT('',(-1.85,-0.519711458407,1.43));
#2468 = DIRECTION('',(0.,0.,-1.));
#2469 = DIRECTION('',(-1.,0.,-0.));
#2470 = ADVANCED_FACE('',(#2471),#2482,.F.);
#2471 = FACE_BOUND('',#2472,.T.);
#2472 = EDGE_LOOP('',(#2473,#2479,#2480,#2481));
#2473 = ORIENTED_EDGE('',*,*,#2474,.F.);
#2474 = EDGE_CURVE('',#2398,#2451,#2475,.T.);
#2475 = LINE('',#2476,#2477);
#2476 = CARTESIAN_POINT('',(-1.85,0.,1.17));
#2477 = VECTOR('',#2478,1.);
#2478 = DIRECTION('',(0.,0.,1.));
#2479 = ORIENTED_EDGE('',*,*,#2412,.T.);
#2480 = ORIENTED_EDGE('',*,*,#2373,.T.);
#2481 = ORIENTED_EDGE('',*,*,#2458,.T.);
#2482 = PLANE('',#2483);
#2483 = AXIS2_PLACEMENT_3D('',#2484,#2485,#2486);
#2484 = CARTESIAN_POINT('',(-1.85,-0.519711458407,1.17));
#2485 = DIRECTION('',(-1.,0.,0.));
#2486 = DIRECTION('',(0.,0.,1.));
#2487 = ADVANCED_FACE('',(#2488),#2494,.F.);
#2488 = FACE_BOUND('',#2489,.T.);
#2489 = EDGE_LOOP('',(#2490,#2491,#2492,#2493));
#2490 = ORIENTED_EDGE('',*,*,#2450,.T.);
#2491 = ORIENTED_EDGE('',*,*,#2426,.T.);
#2492 = ORIENTED_EDGE('',*,*,#2395,.T.);
#2493 = ORIENTED_EDGE('',*,*,#2474,.T.);
#2494 = PLANE('',#2495);
#2495 = AXIS2_PLACEMENT_3D('',#2496,#2497,#2498);
#2496 = CARTESIAN_POINT('',(0.,0.,0.));
#2497 = DIRECTION('',(0.,1.,0.));
#2498 = DIRECTION('',(0.,-0.,1.));
#2499 = MANIFOLD_SOLID_BREP('',#2500);
#2500 = CLOSED_SHELL('',(#2501,#2541,#2572,#2596,#2620,#2637));
#2501 = ADVANCED_FACE('',(#2502),#2536,.F.);
#2502 = FACE_BOUND('',#2503,.T.);
#2503 = EDGE_LOOP('',(#2504,#2514,#2522,#2530));
#2504 = ORIENTED_EDGE('',*,*,#2505,.F.);
#2505 = EDGE_CURVE('',#2506,#2508,#2510,.T.);
#2506 = VERTEX_POINT('',#2507);
#2507 = CARTESIAN_POINT('',(1.85,0.,-0.52));
#2508 = VERTEX_POINT('',#2509);
#2509 = CARTESIAN_POINT('',(2.3,0.,-0.52));
#2510 = LINE('',#2511,#2512);
#2511 = CARTESIAN_POINT('',(0.,0.,-0.52));
#2512 = VECTOR('',#2513,1.);
#2513 = DIRECTION('',(1.,0.,-0.));
#2514 = ORIENTED_EDGE('',*,*,#2515,.F.);
#2515 = EDGE_CURVE('',#2516,#2506,#2518,.T.);
#2516 = VERTEX_POINT('',#2517);
#2517 = CARTESIAN_POINT('',(1.85,0.,-0.78));
#2518 = LINE('',#2519,#2520);
#2519 = CARTESIAN_POINT('',(1.85,0.,0.));
#2520 = VECTOR('',#2521,1.);
#2521 = DIRECTION('',(0.,-0.,1.));
#2522 = ORIENTED_EDGE('',*,*,#2523,.F.);
#2523 = EDGE_CURVE('',#2524,#2516,#2526,.T.);
#2524 = VERTEX_POINT('',#2525);
#2525 = CARTESIAN_POINT('',(2.3,0.,-0.78));
#2526 = LINE('',#2527,#2528);
#2527 = CARTESIAN_POINT('',(0.,0.,-0.78));
#2528 = VECTOR('',#2529,1.);
#2529 = DIRECTION('',(-1.,-0.,0.));
#2530 = ORIENTED_EDGE('',*,*,#2531,.F.);
#2531 = EDGE_CURVE('',#2508,#2524,#2532,.T.);
#2532 = LINE('',#2533,#2534);
#2533 = CARTESIAN_POINT('',(2.3,0.,0.));
#2534 = VECTOR('',#2535,1.);
#2535 = DIRECTION('',(-0.,0.,-1.));
#2536 = PLANE('',#2537);
#2537 = AXIS2_PLACEMENT_3D('',#2538,#2539,#2540);
#2538 = CARTESIAN_POINT('',(0.,0.,0.));
#2539 = DIRECTION('',(0.,1.,0.));
#2540 = DIRECTION('',(0.,-0.,1.));
#2541 = ADVANCED_FACE('',(#2542),#2567,.F.);
#2542 = FACE_BOUND('',#2543,.T.);
#2543 = EDGE_LOOP('',(#2544,#2545,#2553,#2561));
#2544 = ORIENTED_EDGE('',*,*,#2531,.T.);
#2545 = ORIENTED_EDGE('',*,*,#2546,.F.);
#2546 = EDGE_CURVE('',#2547,#2524,#2549,.T.);
#2547 = VERTEX_POINT('',#2548);
#2548 = CARTESIAN_POINT('',(2.3,0.25,-0.78));
#2549 = LINE('',#2550,#2551);
#2550 = CARTESIAN_POINT('',(2.3,-0.519711458407,-0.78));
#2551 = VECTOR('',#2552,1.);
#2552 = DIRECTION('',(-0.,-1.,0.));
#2553 = ORIENTED_EDGE('',*,*,#2554,.F.);
#2554 = EDGE_CURVE('',#2555,#2547,#2557,.T.);
#2555 = VERTEX_POINT('',#2556);
#2556 = CARTESIAN_POINT('',(2.3,0.25,-0.52));
#2557 = LINE('',#2558,#2559);
#2558 = CARTESIAN_POINT('',(2.3,0.25,-0.78));
#2559 = VECTOR('',#2560,1.);
#2560 = DIRECTION('',(-0.,-0.,-1.));
#2561 = ORIENTED_EDGE('',*,*,#2562,.F.);
#2562 = EDGE_CURVE('',#2508,#2555,#2563,.T.);
#2563 = LINE('',#2564,#2565);
#2564 = CARTESIAN_POINT('',(2.3,-0.519711458407,-0.52));
#2565 = VECTOR('',#2566,1.);
#2566 = DIRECTION('',(0.,1.,-0.));
#2567 = PLANE('',#2568);
#2568 = AXIS2_PLACEMENT_3D('',#2569,#2570,#2571);
#2569 = CARTESIAN_POINT('',(2.3,-0.519711458407,-0.78));
#2570 = DIRECTION('',(-1.,0.,0.));
#2571 = DIRECTION('',(0.,0.,1.));
#2572 = ADVANCED_FACE('',(#2573),#2591,.F.);
#2573 = FACE_BOUND('',#2574,.T.);
#2574 = EDGE_LOOP('',(#2575,#2576,#2577,#2585));
#2575 = ORIENTED_EDGE('',*,*,#2505,.T.);
#2576 = ORIENTED_EDGE('',*,*,#2562,.T.);
#2577 = ORIENTED_EDGE('',*,*,#2578,.F.);
#2578 = EDGE_CURVE('',#2579,#2555,#2581,.T.);
#2579 = VERTEX_POINT('',#2580);
#2580 = CARTESIAN_POINT('',(1.85,0.25,-0.52));
#2581 = LINE('',#2582,#2583);
#2582 = CARTESIAN_POINT('',(2.3,0.25,-0.52));
#2583 = VECTOR('',#2584,1.);
#2584 = DIRECTION('',(1.,-0.,0.));
#2585 = ORIENTED_EDGE('',*,*,#2586,.F.);
#2586 = EDGE_CURVE('',#2506,#2579,#2587,.T.);
#2587 = LINE('',#2588,#2589);
#2588 = CARTESIAN_POINT('',(1.85,-0.519711458407,-0.52));
#2589 = VECTOR('',#2590,1.);
#2590 = DIRECTION('',(0.,1.,0.));
#2591 = PLANE('',#2592);
#2592 = AXIS2_PLACEMENT_3D('',#2593,#2594,#2595);
#2593 = CARTESIAN_POINT('',(2.3,-0.519711458407,-0.52));
#2594 = DIRECTION('',(0.,0.,-1.));
#2595 = DIRECTION('',(-1.,0.,-0.));
#2596 = ADVANCED_FACE('',(#2597),#2615,.F.);
#2597 = FACE_BOUND('',#2598,.T.);
#2598 = EDGE_LOOP('',(#2599,#2600,#2601,#2609));
#2599 = ORIENTED_EDGE('',*,*,#2515,.T.);
#2600 = ORIENTED_EDGE('',*,*,#2586,.T.);
#2601 = ORIENTED_EDGE('',*,*,#2602,.F.);
#2602 = EDGE_CURVE('',#2603,#2579,#2605,.T.);
#2603 = VERTEX_POINT('',#2604);
#2604 = CARTESIAN_POINT('',(1.85,0.25,-0.78));
#2605 = LINE('',#2606,#2607);
#2606 = CARTESIAN_POINT('',(1.85,0.25,-0.52));
#2607 = VECTOR('',#2608,1.);
#2608 = DIRECTION('',(1.668003342285E-15,-0.,1.));
#2609 = ORIENTED_EDGE('',*,*,#2610,.F.);
#2610 = EDGE_CURVE('',#2516,#2603,#2611,.T.);
#2611 = LINE('',#2612,#2613);
#2612 = CARTESIAN_POINT('',(1.85,-0.519711458407,-0.78));
#2613 = VECTOR('',#2614,1.);
#2614 = DIRECTION('',(0.,1.,0.));
#2615 = PLANE('',#2616);
#2616 = AXIS2_PLACEMENT_3D('',#2617,#2618,#2619);
#2617 = CARTESIAN_POINT('',(1.85,-0.519711458407,-0.52));
#2618 = DIRECTION('',(1.,0.,-1.668003342285E-15));
#2619 = DIRECTION('',(-1.668003342285E-15,0.,-1.));
#2620 = ADVANCED_FACE('',(#2621),#2632,.F.);
#2621 = FACE_BOUND('',#2622,.T.);
#2622 = EDGE_LOOP('',(#2623,#2624,#2625,#2631));
#2623 = ORIENTED_EDGE('',*,*,#2523,.T.);
#2624 = ORIENTED_EDGE('',*,*,#2610,.T.);
#2625 = ORIENTED_EDGE('',*,*,#2626,.F.);
#2626 = EDGE_CURVE('',#2547,#2603,#2627,.T.);
#2627 = LINE('',#2628,#2629);
#2628 = CARTESIAN_POINT('',(1.85,0.25,-0.78));
#2629 = VECTOR('',#2630,1.);
#2630 = DIRECTION('',(-1.,-0.,0.));
#2631 = ORIENTED_EDGE('',*,*,#2546,.T.);
#2632 = PLANE('',#2633);
#2633 = AXIS2_PLACEMENT_3D('',#2634,#2635,#2636);
#2634 = CARTESIAN_POINT('',(1.85,-0.519711458407,-0.78));
#2635 = DIRECTION('',(0.,0.,1.));
#2636 = DIRECTION('',(1.,0.,-0.));
#2637 = ADVANCED_FACE('',(#2638),#2644,.F.);
#2638 = FACE_BOUND('',#2639,.T.);
#2639 = EDGE_LOOP('',(#2640,#2641,#2642,#2643));
#2640 = ORIENTED_EDGE('',*,*,#2602,.T.);
#2641 = ORIENTED_EDGE('',*,*,#2578,.T.);
#2642 = ORIENTED_EDGE('',*,*,#2554,.T.);
#2643 = ORIENTED_EDGE('',*,*,#2626,.T.);
#2644 = PLANE('',#2645);
#2645 = AXIS2_PLACEMENT_3D('',#2646,#2647,#2648);
#2646 = CARTESIAN_POINT('',(0.,0.25,0.));
#2647 = DIRECTION('',(0.,-1.,0.));
#2648 = DIRECTION('',(0.,-0.,-1.));
#2649 = MANIFOLD_SOLID_BREP('',#2650);
#2650 = CLOSED_SHELL('',(#2651,#2691,#2722,#2746,#2770,#2787));
#2651 = ADVANCED_FACE('',(#2652),#2686,.F.);
#2652 = FACE_BOUND('',#2653,.T.);
#2653 = EDGE_LOOP('',(#2654,#2664,#2672,#2680));
#2654 = ORIENTED_EDGE('',*,*,#2655,.F.);
#2655 = EDGE_CURVE('',#2656,#2658,#2660,.T.);
#2656 = VERTEX_POINT('',#2657);
#2657 = CARTESIAN_POINT('',(-0.52,0.,-2.2));
#2658 = VERTEX_POINT('',#2659);
#2659 = CARTESIAN_POINT('',(-0.78,0.,-2.2));
#2660 = LINE('',#2661,#2662);
#2661 = CARTESIAN_POINT('',(0.,0.,-2.2));
#2662 = VECTOR('',#2663,1.);
#2663 = DIRECTION('',(-1.,-0.,0.));
#2664 = ORIENTED_EDGE('',*,*,#2665,.F.);
#2665 = EDGE_CURVE('',#2666,#2656,#2668,.T.);
#2666 = VERTEX_POINT('',#2667);
#2667 = CARTESIAN_POINT('',(-0.52,0.,-1.75));
#2668 = LINE('',#2669,#2670);
#2669 = CARTESIAN_POINT('',(-0.52,0.,0.));
#2670 = VECTOR('',#2671,1.);
#2671 = DIRECTION('',(-0.,0.,-1.));
#2672 = ORIENTED_EDGE('',*,*,#2673,.F.);
#2673 = EDGE_CURVE('',#2674,#2666,#2676,.T.);
#2674 = VERTEX_POINT('',#2675);
#2675 = CARTESIAN_POINT('',(-0.78,0.,-1.75));
#2676 = LINE('',#2677,#2678);
#2677 = CARTESIAN_POINT('',(0.,0.,-1.75));
#2678 = VECTOR('',#2679,1.);
#2679 = DIRECTION('',(1.,0.,-0.));
#2680 = ORIENTED_EDGE('',*,*,#2681,.F.);
#2681 = EDGE_CURVE('',#2658,#2674,#2682,.T.);
#2682 = LINE('',#2683,#2684);
#2683 = CARTESIAN_POINT('',(-0.78,0.,0.));
#2684 = VECTOR('',#2685,1.);
#2685 = DIRECTION('',(0.,-0.,1.));
#2686 = PLANE('',#2687);
#2687 = AXIS2_PLACEMENT_3D('',#2688,#2689,#2690);
#2688 = CARTESIAN_POINT('',(0.,0.,0.));
#2689 = DIRECTION('',(0.,1.,0.));
#2690 = DIRECTION('',(0.,-0.,1.));
#2691 = ADVANCED_FACE('',(#2692),#2717,.F.);
#2692 = FACE_BOUND('',#2693,.T.);
#2693 = EDGE_LOOP('',(#2694,#2695,#2703,#2711));
#2694 = ORIENTED_EDGE('',*,*,#2681,.T.);
#2695 = ORIENTED_EDGE('',*,*,#2696,.F.);
#2696 = EDGE_CURVE('',#2697,#2674,#2699,.T.);
#2697 = VERTEX_POINT('',#2698);
#2698 = CARTESIAN_POINT('',(-0.78,0.25,-1.75));
#2699 = LINE('',#2700,#2701);
#2700 = CARTESIAN_POINT('',(-0.78,-0.519711458407,-1.75));
#2701 = VECTOR('',#2702,1.);
#2702 = DIRECTION('',(-0.,-1.,-0.));
#2703 = ORIENTED_EDGE('',*,*,#2704,.F.);
#2704 = EDGE_CURVE('',#2705,#2697,#2707,.T.);
#2705 = VERTEX_POINT('',#2706);
#2706 = CARTESIAN_POINT('',(-0.78,0.25,-2.2));
#2707 = LINE('',#2708,#2709);
#2708 = CARTESIAN_POINT('',(-0.78,0.25,-1.75));
#2709 = VECTOR('',#2710,1.);
#2710 = DIRECTION('',(2.409338161079E-16,-0.,1.));
#2711 = ORIENTED_EDGE('',*,*,#2712,.F.);
#2712 = EDGE_CURVE('',#2658,#2705,#2713,.T.);
#2713 = LINE('',#2714,#2715);
#2714 = CARTESIAN_POINT('',(-0.78,-0.519711458407,-2.2));
#2715 = VECTOR('',#2716,1.);
#2716 = DIRECTION('',(0.,1.,0.));
#2717 = PLANE('',#2718);
#2718 = AXIS2_PLACEMENT_3D('',#2719,#2720,#2721);
#2719 = CARTESIAN_POINT('',(-0.78,-0.519711458407,-1.75));
#2720 = DIRECTION('',(1.,0.,-2.409338161079E-16));
#2721 = DIRECTION('',(-2.409338161079E-16,0.,-1.));
#2722 = ADVANCED_FACE('',(#2723),#2741,.F.);
#2723 = FACE_BOUND('',#2724,.T.);
#2724 = EDGE_LOOP('',(#2725,#2726,#2727,#2735));
#2725 = ORIENTED_EDGE('',*,*,#2655,.T.);
#2726 = ORIENTED_EDGE('',*,*,#2712,.T.);
#2727 = ORIENTED_EDGE('',*,*,#2728,.F.);
#2728 = EDGE_CURVE('',#2729,#2705,#2731,.T.);
#2729 = VERTEX_POINT('',#2730);
#2730 = CARTESIAN_POINT('',(-0.52,0.25,-2.2));
#2731 = LINE('',#2732,#2733);
#2732 = CARTESIAN_POINT('',(-0.78,0.25,-2.2));
#2733 = VECTOR('',#2734,1.);
#2734 = DIRECTION('',(-1.,-0.,0.));
#2735 = ORIENTED_EDGE('',*,*,#2736,.F.);
#2736 = EDGE_CURVE('',#2656,#2729,#2737,.T.);
#2737 = LINE('',#2738,#2739);
#2738 = CARTESIAN_POINT('',(-0.52,-0.519711458407,-2.2));
#2739 = VECTOR('',#2740,1.);
#2740 = DIRECTION('',(-0.,1.,0.));
#2741 = PLANE('',#2742);
#2742 = AXIS2_PLACEMENT_3D('',#2743,#2744,#2745);
#2743 = CARTESIAN_POINT('',(-0.78,-0.519711458407,-2.2));
#2744 = DIRECTION('',(0.,0.,1.));
#2745 = DIRECTION('',(1.,0.,-0.));
#2746 = ADVANCED_FACE('',(#2747),#2765,.F.);
#2747 = FACE_BOUND('',#2748,.T.);
#2748 = EDGE_LOOP('',(#2749,#2750,#2751,#2759));
#2749 = ORIENTED_EDGE('',*,*,#2665,.T.);
#2750 = ORIENTED_EDGE('',*,*,#2736,.T.);
#2751 = ORIENTED_EDGE('',*,*,#2752,.F.);
#2752 = EDGE_CURVE('',#2753,#2729,#2755,.T.);
#2753 = VERTEX_POINT('',#2754);
#2754 = CARTESIAN_POINT('',(-0.52,0.25,-1.75));
#2755 = LINE('',#2756,#2757);
#2756 = CARTESIAN_POINT('',(-0.52,0.25,-2.2));
#2757 = VECTOR('',#2758,1.);
#2758 = DIRECTION('',(-2.409338161079E-16,-0.,-1.));
#2759 = ORIENTED_EDGE('',*,*,#2760,.F.);
#2760 = EDGE_CURVE('',#2666,#2753,#2761,.T.);
#2761 = LINE('',#2762,#2763);
#2762 = CARTESIAN_POINT('',(-0.52,-0.519711458407,-1.75));
#2763 = VECTOR('',#2764,1.);
#2764 = DIRECTION('',(0.,1.,-0.));
#2765 = PLANE('',#2766);
#2766 = AXIS2_PLACEMENT_3D('',#2767,#2768,#2769);
#2767 = CARTESIAN_POINT('',(-0.52,-0.519711458407,-2.2));
#2768 = DIRECTION('',(-1.,0.,2.409338161079E-16));
#2769 = DIRECTION('',(2.409338161079E-16,0.,1.));
#2770 = ADVANCED_FACE('',(#2771),#2782,.F.);
#2771 = FACE_BOUND('',#2772,.T.);
#2772 = EDGE_LOOP('',(#2773,#2774,#2775,#2781));
#2773 = ORIENTED_EDGE('',*,*,#2673,.T.);
#2774 = ORIENTED_EDGE('',*,*,#2760,.T.);
#2775 = ORIENTED_EDGE('',*,*,#2776,.F.);
#2776 = EDGE_CURVE('',#2697,#2753,#2777,.T.);
#2777 = LINE('',#2778,#2779);
#2778 = CARTESIAN_POINT('',(-0.52,0.25,-1.75));
#2779 = VECTOR('',#2780,1.);
#2780 = DIRECTION('',(1.,-0.,0.));
#2781 = ORIENTED_EDGE('',*,*,#2696,.T.);
#2782 = PLANE('',#2783);
#2783 = AXIS2_PLACEMENT_3D('',#2784,#2785,#2786);
#2784 = CARTESIAN_POINT('',(-0.52,-0.519711458407,-1.75));
#2785 = DIRECTION('',(0.,0.,-1.));
#2786 = DIRECTION('',(-1.,0.,-0.));
#2787 = ADVANCED_FACE('',(#2788),#2794,.F.);
#2788 = FACE_BOUND('',#2789,.T.);
#2789 = EDGE_LOOP('',(#2790,#2791,#2792,#2793));
#2790 = ORIENTED_EDGE('',*,*,#2752,.T.);
#2791 = ORIENTED_EDGE('',*,*,#2728,.T.);
#2792 = ORIENTED_EDGE('',*,*,#2704,.T.);
#2793 = ORIENTED_EDGE('',*,*,#2776,.T.);
#2794 = PLANE('',#2795);
#2795 = AXIS2_PLACEMENT_3D('',#2796,#2797,#2798);
#2796 = CARTESIAN_POINT('',(0.,0.25,0.));
#2797 = DIRECTION('',(0.,-1.,0.));
#2798 = DIRECTION('',(0.,-0.,-1.));
#2799 = MANIFOLD_SOLID_BREP('',#2800);
#2800 = CLOSED_SHELL('',(#2801,#2841,#2872,#2896,#2920,#2937));
#2801 = ADVANCED_FACE('',(#2802),#2836,.F.);
#2802 = FACE_BOUND('',#2803,.T.);
#2803 = EDGE_LOOP('',(#2804,#2814,#2822,#2830));
#2804 = ORIENTED_EDGE('',*,*,#2805,.F.);
#2805 = EDGE_CURVE('',#2806,#2808,#2810,.T.);
#2806 = VERTEX_POINT('',#2807);
#2807 = CARTESIAN_POINT('',(-0.52,0.25,2.2));
#2808 = VERTEX_POINT('',#2809);
#2809 = CARTESIAN_POINT('',(-0.78,0.25,2.2));
#2810 = LINE('',#2811,#2812);
#2811 = CARTESIAN_POINT('',(0.,0.25,2.2));
#2812 = VECTOR('',#2813,1.);
#2813 = DIRECTION('',(-1.,-0.,-0.));
#2814 = ORIENTED_EDGE('',*,*,#2815,.F.);
#2815 = EDGE_CURVE('',#2816,#2806,#2818,.T.);
#2816 = VERTEX_POINT('',#2817);
#2817 = CARTESIAN_POINT('',(-0.52,0.25,1.75));
#2818 = LINE('',#2819,#2820);
#2819 = CARTESIAN_POINT('',(-0.52,0.25,0.));
#2820 = VECTOR('',#2821,1.);
#2821 = DIRECTION('',(-0.,0.,1.));
#2822 = ORIENTED_EDGE('',*,*,#2823,.F.);
#2823 = EDGE_CURVE('',#2824,#2816,#2826,.T.);
#2824 = VERTEX_POINT('',#2825);
#2825 = CARTESIAN_POINT('',(-0.78,0.25,1.75));
#2826 = LINE('',#2827,#2828);
#2827 = CARTESIAN_POINT('',(0.,0.25,1.75));
#2828 = VECTOR('',#2829,1.);
#2829 = DIRECTION('',(1.,0.,0.));
#2830 = ORIENTED_EDGE('',*,*,#2831,.F.);
#2831 = EDGE_CURVE('',#2808,#2824,#2832,.T.);
#2832 = LINE('',#2833,#2834);
#2833 = CARTESIAN_POINT('',(-0.78,0.25,0.));
#2834 = VECTOR('',#2835,1.);
#2835 = DIRECTION('',(0.,-0.,-1.));
#2836 = PLANE('',#2837);
#2837 = AXIS2_PLACEMENT_3D('',#2838,#2839,#2840);
#2838 = CARTESIAN_POINT('',(0.,0.25,0.));
#2839 = DIRECTION('',(0.,-1.,0.));
#2840 = DIRECTION('',(0.,-0.,-1.));
#2841 = ADVANCED_FACE('',(#2842),#2867,.F.);
#2842 = FACE_BOUND('',#2843,.T.);
#2843 = EDGE_LOOP('',(#2844,#2854,#2860,#2861));
#2844 = ORIENTED_EDGE('',*,*,#2845,.F.);
#2845 = EDGE_CURVE('',#2846,#2848,#2850,.T.);
#2846 = VERTEX_POINT('',#2847);
#2847 = CARTESIAN_POINT('',(-0.78,0.,2.2));
#2848 = VERTEX_POINT('',#2849);
#2849 = CARTESIAN_POINT('',(-0.78,0.,1.75));
#2850 = LINE('',#2851,#2852);
#2851 = CARTESIAN_POINT('',(-0.78,0.,2.2));
#2852 = VECTOR('',#2853,1.);
#2853 = DIRECTION('',(2.409338161079E-16,0.,-1.));
#2854 = ORIENTED_EDGE('',*,*,#2855,.F.);
#2855 = EDGE_CURVE('',#2808,#2846,#2856,.T.);
#2856 = LINE('',#2857,#2858);
#2857 = CARTESIAN_POINT('',(-0.78,-0.519711458407,2.2));
#2858 = VECTOR('',#2859,1.);
#2859 = DIRECTION('',(-0.,-1.,-0.));
#2860 = ORIENTED_EDGE('',*,*,#2831,.T.);
#2861 = ORIENTED_EDGE('',*,*,#2862,.F.);
#2862 = EDGE_CURVE('',#2848,#2824,#2863,.T.);
#2863 = LINE('',#2864,#2865);
#2864 = CARTESIAN_POINT('',(-0.78,-0.519711458407,1.75));
#2865 = VECTOR('',#2866,1.);
#2866 = DIRECTION('',(0.,1.,0.));
#2867 = PLANE('',#2868);
#2868 = AXIS2_PLACEMENT_3D('',#2869,#2870,#2871);
#2869 = CARTESIAN_POINT('',(-0.78,-0.519711458407,2.2));
#2870 = DIRECTION('',(1.,-0.,2.409338161079E-16));
#2871 = DIRECTION('',(2.409338161079E-16,0.,-1.));
#2872 = ADVANCED_FACE('',(#2873),#2891,.F.);
#2873 = FACE_BOUND('',#2874,.T.);
#2874 = EDGE_LOOP('',(#2875,#2883,#2889,#2890));
#2875 = ORIENTED_EDGE('',*,*,#2876,.F.);
#2876 = EDGE_CURVE('',#2877,#2846,#2879,.T.);
#2877 = VERTEX_POINT('',#2878);
#2878 = CARTESIAN_POINT('',(-0.52,0.,2.2));
#2879 = LINE('',#2880,#2881);
#2880 = CARTESIAN_POINT('',(-0.52,0.,2.2));
#2881 = VECTOR('',#2882,1.);
#2882 = DIRECTION('',(-1.,0.,-0.));
#2883 = ORIENTED_EDGE('',*,*,#2884,.F.);
#2884 = EDGE_CURVE('',#2806,#2877,#2885,.T.);
#2885 = LINE('',#2886,#2887);
#2886 = CARTESIAN_POINT('',(-0.52,-0.519711458407,2.2));
#2887 = VECTOR('',#2888,1.);
#2888 = DIRECTION('',(-0.,-1.,-0.));
#2889 = ORIENTED_EDGE('',*,*,#2805,.T.);
#2890 = ORIENTED_EDGE('',*,*,#2855,.T.);
#2891 = PLANE('',#2892);
#2892 = AXIS2_PLACEMENT_3D('',#2893,#2894,#2895);
#2893 = CARTESIAN_POINT('',(-0.52,-0.519711458407,2.2));
#2894 = DIRECTION('',(0.,0.,-1.));
#2895 = DIRECTION('',(-1.,0.,-0.));
#2896 = ADVANCED_FACE('',(#2897),#2915,.F.);
#2897 = FACE_BOUND('',#2898,.T.);
#2898 = EDGE_LOOP('',(#2899,#2907,#2913,#2914));
#2899 = ORIENTED_EDGE('',*,*,#2900,.F.);
#2900 = EDGE_CURVE('',#2901,#2877,#2903,.T.);
#2901 = VERTEX_POINT('',#2902);
#2902 = CARTESIAN_POINT('',(-0.52,0.,1.75));
#2903 = LINE('',#2904,#2905);
#2904 = CARTESIAN_POINT('',(-0.52,0.,1.75));
#2905 = VECTOR('',#2906,1.);
#2906 = DIRECTION('',(-2.409338161079E-16,0.,1.));
#2907 = ORIENTED_EDGE('',*,*,#2908,.F.);
#2908 = EDGE_CURVE('',#2816,#2901,#2909,.T.);
#2909 = LINE('',#2910,#2911);
#2910 = CARTESIAN_POINT('',(-0.52,-0.519711458407,1.75));
#2911 = VECTOR('',#2912,1.);
#2912 = DIRECTION('',(-0.,-1.,-0.));
#2913 = ORIENTED_EDGE('',*,*,#2815,.T.);
#2914 = ORIENTED_EDGE('',*,*,#2884,.T.);
#2915 = PLANE('',#2916);
#2916 = AXIS2_PLACEMENT_3D('',#2917,#2918,#2919);
#2917 = CARTESIAN_POINT('',(-0.52,-0.519711458407,1.75));
#2918 = DIRECTION('',(-1.,0.,-2.409338161079E-16));
#2919 = DIRECTION('',(-2.409338161079E-16,0.,1.));
#2920 = ADVANCED_FACE('',(#2921),#2932,.F.);
#2921 = FACE_BOUND('',#2922,.T.);
#2922 = EDGE_LOOP('',(#2923,#2929,#2930,#2931));
#2923 = ORIENTED_EDGE('',*,*,#2924,.F.);
#2924 = EDGE_CURVE('',#2848,#2901,#2925,.T.);
#2925 = LINE('',#2926,#2927);
#2926 = CARTESIAN_POINT('',(-0.78,0.,1.75));
#2927 = VECTOR('',#2928,1.);
#2928 = DIRECTION('',(1.,0.,-0.));
#2929 = ORIENTED_EDGE('',*,*,#2862,.T.);
#2930 = ORIENTED_EDGE('',*,*,#2823,.T.);
#2931 = ORIENTED_EDGE('',*,*,#2908,.T.);
#2932 = PLANE('',#2933);
#2933 = AXIS2_PLACEMENT_3D('',#2934,#2935,#2936);
#2934 = CARTESIAN_POINT('',(-0.78,-0.519711458407,1.75));
#2935 = DIRECTION('',(0.,0.,1.));
#2936 = DIRECTION('',(1.,0.,-0.));
#2937 = ADVANCED_FACE('',(#2938),#2944,.F.);
#2938 = FACE_BOUND('',#2939,.T.);
#2939 = EDGE_LOOP('',(#2940,#2941,#2942,#2943));
#2940 = ORIENTED_EDGE('',*,*,#2900,.T.);
#2941 = ORIENTED_EDGE('',*,*,#2876,.T.);
#2942 = ORIENTED_EDGE('',*,*,#2845,.T.);
#2943 = ORIENTED_EDGE('',*,*,#2924,.T.);
#2944 = PLANE('',#2945);
#2945 = AXIS2_PLACEMENT_3D('',#2946,#2947,#2948);
#2946 = CARTESIAN_POINT('',(0.,0.,0.));
#2947 = DIRECTION('',(0.,1.,0.));
#2948 = DIRECTION('',(0.,-0.,1.));
#2949 = MANIFOLD_SOLID_BREP('',#2950);
#2950 = CLOSED_SHELL('',(#2951,#2991,#3022,#3046,#3070,#3087));
#2951 = ADVANCED_FACE('',(#2952),#2986,.F.);
#2952 = FACE_BOUND('',#2953,.T.);
#2953 = EDGE_LOOP('',(#2954,#2964,#2972,#2980));
#2954 = ORIENTED_EDGE('',*,*,#2955,.F.);
#2955 = EDGE_CURVE('',#2956,#2958,#2960,.T.);
#2956 = VERTEX_POINT('',#2957);
#2957 = CARTESIAN_POINT('',(0.13,0.,-2.2));
#2958 = VERTEX_POINT('',#2959);
#2959 = CARTESIAN_POINT('',(-0.13,0.,-2.2));
#2960 = LINE('',#2961,#2962);
#2961 = CARTESIAN_POINT('',(0.,0.,-2.2));
#2962 = VECTOR('',#2963,1.);
#2963 = DIRECTION('',(-1.,-0.,0.));
#2964 = ORIENTED_EDGE('',*,*,#2965,.F.);
#2965 = EDGE_CURVE('',#2966,#2956,#2968,.T.);
#2966 = VERTEX_POINT('',#2967);
#2967 = CARTESIAN_POINT('',(0.13,0.,-1.75));
#2968 = LINE('',#2969,#2970);
#2969 = CARTESIAN_POINT('',(0.13,0.,0.));
#2970 = VECTOR('',#2971,1.);
#2971 = DIRECTION('',(-0.,0.,-1.));
#2972 = ORIENTED_EDGE('',*,*,#2973,.F.);
#2973 = EDGE_CURVE('',#2974,#2966,#2976,.T.);
#2974 = VERTEX_POINT('',#2975);
#2975 = CARTESIAN_POINT('',(-0.13,0.,-1.75));
#2976 = LINE('',#2977,#2978);
#2977 = CARTESIAN_POINT('',(0.,0.,-1.75));
#2978 = VECTOR('',#2979,1.);
#2979 = DIRECTION('',(1.,0.,-0.));
#2980 = ORIENTED_EDGE('',*,*,#2981,.F.);
#2981 = EDGE_CURVE('',#2958,#2974,#2982,.T.);
#2982 = LINE('',#2983,#2984);
#2983 = CARTESIAN_POINT('',(-0.13,0.,0.));
#2984 = VECTOR('',#2985,1.);
#2985 = DIRECTION('',(0.,-0.,1.));
#2986 = PLANE('',#2987);
#2987 = AXIS2_PLACEMENT_3D('',#2988,#2989,#2990);
#2988 = CARTESIAN_POINT('',(0.,0.,0.));
#2989 = DIRECTION('',(0.,1.,0.));
#2990 = DIRECTION('',(0.,-0.,1.));
#2991 = ADVANCED_FACE('',(#2992),#3017,.F.);
#2992 = FACE_BOUND('',#2993,.T.);
#2993 = EDGE_LOOP('',(#2994,#2995,#3003,#3011));
#2994 = ORIENTED_EDGE('',*,*,#2981,.T.);
#2995 = ORIENTED_EDGE('',*,*,#2996,.F.);
#2996 = EDGE_CURVE('',#2997,#2974,#2999,.T.);
#2997 = VERTEX_POINT('',#2998);
#2998 = CARTESIAN_POINT('',(-0.13,0.25,-1.75));
#2999 = LINE('',#3000,#3001);
#3000 = CARTESIAN_POINT('',(-0.13,-0.519711458407,-1.75));
#3001 = VECTOR('',#3002,1.);
#3002 = DIRECTION('',(-0.,-1.,-0.));
#3003 = ORIENTED_EDGE('',*,*,#3004,.F.);
#3004 = EDGE_CURVE('',#3005,#2997,#3007,.T.);
#3005 = VERTEX_POINT('',#3006);
#3006 = CARTESIAN_POINT('',(-0.13,0.25,-2.2));
#3007 = LINE('',#3008,#3009);
#3008 = CARTESIAN_POINT('',(-0.13,0.25,-1.75));
#3009 = VECTOR('',#3010,1.);
#3010 = DIRECTION('',(1.204669080539E-16,-0.,1.));
#3011 = ORIENTED_EDGE('',*,*,#3012,.F.);
#3012 = EDGE_CURVE('',#2958,#3005,#3013,.T.);
#3013 = LINE('',#3014,#3015);
#3014 = CARTESIAN_POINT('',(-0.13,-0.519711458407,-2.2));
#3015 = VECTOR('',#3016,1.);
#3016 = DIRECTION('',(0.,1.,0.));
#3017 = PLANE('',#3018);
#3018 = AXIS2_PLACEMENT_3D('',#3019,#3020,#3021);
#3019 = CARTESIAN_POINT('',(-0.13,-0.519711458407,-1.75));
#3020 = DIRECTION('',(1.,0.,-1.204669080539E-16));
#3021 = DIRECTION('',(-1.204669080539E-16,0.,-1.));
#3022 = ADVANCED_FACE('',(#3023),#3041,.F.);
#3023 = FACE_BOUND('',#3024,.T.);
#3024 = EDGE_LOOP('',(#3025,#3026,#3027,#3035));
#3025 = ORIENTED_EDGE('',*,*,#2955,.T.);
#3026 = ORIENTED_EDGE('',*,*,#3012,.T.);
#3027 = ORIENTED_EDGE('',*,*,#3028,.F.);
#3028 = EDGE_CURVE('',#3029,#3005,#3031,.T.);
#3029 = VERTEX_POINT('',#3030);
#3030 = CARTESIAN_POINT('',(0.13,0.25,-2.2));
#3031 = LINE('',#3032,#3033);
#3032 = CARTESIAN_POINT('',(-0.13,0.25,-2.2));
#3033 = VECTOR('',#3034,1.);
#3034 = DIRECTION('',(-1.,-0.,0.));
#3035 = ORIENTED_EDGE('',*,*,#3036,.F.);
#3036 = EDGE_CURVE('',#2956,#3029,#3037,.T.);
#3037 = LINE('',#3038,#3039);
#3038 = CARTESIAN_POINT('',(0.13,-0.519711458407,-2.2));
#3039 = VECTOR('',#3040,1.);
#3040 = DIRECTION('',(-0.,1.,0.));
#3041 = PLANE('',#3042);
#3042 = AXIS2_PLACEMENT_3D('',#3043,#3044,#3045);
#3043 = CARTESIAN_POINT('',(-0.13,-0.519711458407,-2.2));
#3044 = DIRECTION('',(0.,0.,1.));
#3045 = DIRECTION('',(1.,0.,-0.));
#3046 = ADVANCED_FACE('',(#3047),#3065,.F.);
#3047 = FACE_BOUND('',#3048,.T.);
#3048 = EDGE_LOOP('',(#3049,#3050,#3051,#3059));
#3049 = ORIENTED_EDGE('',*,*,#2965,.T.);
#3050 = ORIENTED_EDGE('',*,*,#3036,.T.);
#3051 = ORIENTED_EDGE('',*,*,#3052,.F.);
#3052 = EDGE_CURVE('',#3053,#3029,#3055,.T.);
#3053 = VERTEX_POINT('',#3054);
#3054 = CARTESIAN_POINT('',(0.13,0.25,-1.75));
#3055 = LINE('',#3056,#3057);
#3056 = CARTESIAN_POINT('',(0.13,0.25,-2.2));
#3057 = VECTOR('',#3058,1.);
#3058 = DIRECTION('',(-1.204669080539E-16,-0.,-1.));
#3059 = ORIENTED_EDGE('',*,*,#3060,.F.);
#3060 = EDGE_CURVE('',#2966,#3053,#3061,.T.);
#3061 = LINE('',#3062,#3063);
#3062 = CARTESIAN_POINT('',(0.13,-0.519711458407,-1.75));
#3063 = VECTOR('',#3064,1.);
#3064 = DIRECTION('',(0.,1.,-0.));
#3065 = PLANE('',#3066);
#3066 = AXIS2_PLACEMENT_3D('',#3067,#3068,#3069);
#3067 = CARTESIAN_POINT('',(0.13,-0.519711458407,-2.2));
#3068 = DIRECTION('',(-1.,0.,1.204669080539E-16));
#3069 = DIRECTION('',(1.204669080539E-16,0.,1.));
#3070 = ADVANCED_FACE('',(#3071),#3082,.F.);
#3071 = FACE_BOUND('',#3072,.T.);
#3072 = EDGE_LOOP('',(#3073,#3074,#3075,#3081));
#3073 = ORIENTED_EDGE('',*,*,#2973,.T.);
#3074 = ORIENTED_EDGE('',*,*,#3060,.T.);
#3075 = ORIENTED_EDGE('',*,*,#3076,.F.);
#3076 = EDGE_CURVE('',#2997,#3053,#3077,.T.);
#3077 = LINE('',#3078,#3079);
#3078 = CARTESIAN_POINT('',(0.13,0.25,-1.75));
#3079 = VECTOR('',#3080,1.);
#3080 = DIRECTION('',(1.,-0.,0.));
#3081 = ORIENTED_EDGE('',*,*,#2996,.T.);
#3082 = PLANE('',#3083);
#3083 = AXIS2_PLACEMENT_3D('',#3084,#3085,#3086);
#3084 = CARTESIAN_POINT('',(0.13,-0.519711458407,-1.75));
#3085 = DIRECTION('',(0.,0.,-1.));
#3086 = DIRECTION('',(-1.,0.,-0.));
#3087 = ADVANCED_FACE('',(#3088),#3094,.F.);
#3088 = FACE_BOUND('',#3089,.T.);
#3089 = EDGE_LOOP('',(#3090,#3091,#3092,#3093));
#3090 = ORIENTED_EDGE('',*,*,#3052,.T.);
#3091 = ORIENTED_EDGE('',*,*,#3028,.T.);
#3092 = ORIENTED_EDGE('',*,*,#3004,.T.);
#3093 = ORIENTED_EDGE('',*,*,#3076,.T.);
#3094 = PLANE('',#3095);
#3095 = AXIS2_PLACEMENT_3D('',#3096,#3097,#3098);
#3096 = CARTESIAN_POINT('',(0.,0.25,0.));
#3097 = DIRECTION('',(0.,-1.,0.));
#3098 = DIRECTION('',(0.,-0.,-1.));
#3099 = MANIFOLD_SOLID_BREP('',#3100);
#3100 = CLOSED_SHELL('',(#3101,#3143,#3175,#3921,#3952,#3976,#4000,#4017
    ,#4048,#4072,#4096,#4113,#4144,#4168,#4192,#4209,#4240,#4264,#4288,
    #4305,#4336,#4360,#4384,#4401,#4432,#4456,#4480,#4497,#4528,#4552,
    #4576,#4593,#4624,#4648,#4672,#4689,#4720,#4744,#4768,#4785,#4816,
    #4840,#4864,#4881,#4912,#4936,#4960,#4977,#5008,#5032,#5056,#5073,
    #5104,#5128,#5152,#5169,#5200,#5224,#5248,#5265,#5296,#5320,#5344,
    #5361,#5392,#5416,#5440,#5457,#5488,#5512,#5536,#5553,#5584,#5608,
    #5632,#5649,#5680,#5704,#5728,#5745,#5776,#5800,#5824,#5841,#5872,
    #5896,#5920,#5937,#5968,#5992,#6009,#6055,#6067,#6079,#6091,#6103,
    #6115,#6127,#6139,#6151,#6163,#6175,#6187,#6199,#6211,#6223,#6235,
    #6247,#6259,#6271,#6283,#6295,#6306,#6337,#6361,#6385,#6402,#6424,
    #6442,#6460));
#3101 = ADVANCED_FACE('',(#3102),#3138,.F.);
#3102 = FACE_BOUND('',#3103,.F.);
#3103 = EDGE_LOOP('',(#3104,#3114,#3123,#3131));
#3104 = ORIENTED_EDGE('',*,*,#3105,.T.);
#3105 = EDGE_CURVE('',#3106,#3108,#3110,.T.);
#3106 = VERTEX_POINT('',#3107);
#3107 = CARTESIAN_POINT('',(1.E-02,2.499999999998,-1.329999997779E-02));
#3108 = VERTEX_POINT('',#3109);
#3109 = CARTESIAN_POINT('',(1.E-02,2.600000000029,8.669999999711E-02));
#3110 = LINE('',#3111,#3112);
#3111 = CARTESIAN_POINT('',(1.E-02,2.599999999973,8.669999994027E-02));
#3112 = VECTOR('',#3113,1.);
#3113 = DIRECTION('',(0.,0.707106781187,0.707106781187));
#3114 = ORIENTED_EDGE('',*,*,#3115,.T.);
#3115 = EDGE_CURVE('',#3108,#3116,#3118,.T.);
#3116 = VERTEX_POINT('',#3117);
#3117 = CARTESIAN_POINT('',(1.E-02,2.600000000029,-0.863299999997));
#3118 = CIRCLE('',#3119,0.474999999997);
#3119 = AXIS2_PLACEMENT_3D('',#3120,#3121,#3122);
#3120 = CARTESIAN_POINT('',(1.E-02,2.600000000029,-0.3883));
#3121 = DIRECTION('',(0.,-1.,0.));
#3122 = DIRECTION('',(0.,0.,1.));
#3123 = ORIENTED_EDGE('',*,*,#3124,.F.);
#3124 = EDGE_CURVE('',#3125,#3116,#3127,.T.);
#3125 = VERTEX_POINT('',#3126);
#3126 = CARTESIAN_POINT('',(1.E-02,2.499999999998,-0.763300000022));
#3127 = LINE('',#3128,#3129);
#3128 = CARTESIAN_POINT('',(1.E-02,2.599999999973,-0.86329999994));
#3129 = VECTOR('',#3130,1.);
#3130 = DIRECTION('',(8.659560562355E-17,0.707106781187,-0.707106781187)
  );
#3131 = ORIENTED_EDGE('',*,*,#3132,.T.);
#3132 = EDGE_CURVE('',#3125,#3106,#3133,.T.);
#3133 = CIRCLE('',#3134,0.375000000022);
#3134 = AXIS2_PLACEMENT_3D('',#3135,#3136,#3137);
#3135 = CARTESIAN_POINT('',(1.E-02,2.499999999998,-0.3883));
#3136 = DIRECTION('',(0.,1.,0.));
#3137 = DIRECTION('',(0.,-0.,1.));
#3138 = CONICAL_SURFACE('',#3139,0.47499999994,0.785398163397);
#3139 = AXIS2_PLACEMENT_3D('',#3140,#3141,#3142);
#3140 = CARTESIAN_POINT('',(1.E-02,2.599999999973,-0.3883));
#3141 = DIRECTION('',(-0.,1.,0.));
#3142 = DIRECTION('',(0.,0.,1.));
#3143 = ADVANCED_FACE('',(#3144),#3170,.F.);
#3144 = FACE_BOUND('',#3145,.F.);
#3145 = EDGE_LOOP('',(#3146,#3154,#3155,#3163));
#3146 = ORIENTED_EDGE('',*,*,#3147,.T.);
#3147 = EDGE_CURVE('',#3148,#3106,#3150,.T.);
#3148 = VERTEX_POINT('',#3149);
#3149 = CARTESIAN_POINT('',(1.E-02,2.25,-1.33E-02));
#3150 = LINE('',#3151,#3152);
#3151 = CARTESIAN_POINT('',(1.E-02,2.25,-1.33E-02));
#3152 = VECTOR('',#3153,1.);
#3153 = DIRECTION('',(0.,1.,0.));
#3154 = ORIENTED_EDGE('',*,*,#3132,.F.);
#3155 = ORIENTED_EDGE('',*,*,#3156,.F.);
#3156 = EDGE_CURVE('',#3157,#3125,#3159,.T.);
#3157 = VERTEX_POINT('',#3158);
#3158 = CARTESIAN_POINT('',(1.E-02,2.25,-0.7633));
#3159 = LINE('',#3160,#3161);
#3160 = CARTESIAN_POINT('',(1.E-02,2.25,-0.7633));
#3161 = VECTOR('',#3162,1.);
#3162 = DIRECTION('',(0.,1.,0.));
#3163 = ORIENTED_EDGE('',*,*,#3164,.T.);
#3164 = EDGE_CURVE('',#3157,#3148,#3165,.T.);
#3165 = CIRCLE('',#3166,0.375);
#3166 = AXIS2_PLACEMENT_3D('',#3167,#3168,#3169);
#3167 = CARTESIAN_POINT('',(1.E-02,2.25,-0.3883));
#3168 = DIRECTION('',(0.,1.,0.));
#3169 = DIRECTION('',(0.,-0.,1.));
#3170 = CYLINDRICAL_SURFACE('',#3171,0.375);
#3171 = AXIS2_PLACEMENT_3D('',#3172,#3173,#3174);
#3172 = CARTESIAN_POINT('',(1.E-02,2.25,-0.3883));
#3173 = DIRECTION('',(0.,1.,0.));
#3174 = DIRECTION('',(0.,-0.,1.));
#3175 = ADVANCED_FACE('',(#3176,#3210,#3244,#3278,#3312,#3346,#3380,
    #3414,#3448,#3482,#3516,#3550,#3584,#3618,#3652,#3686,#3720,#3754,
    #3788,#3822,#3856,#3890),#3916,.F.);
#3176 = FACE_BOUND('',#3177,.T.);
#3177 = EDGE_LOOP('',(#3178,#3188,#3196,#3204));
#3178 = ORIENTED_EDGE('',*,*,#3179,.F.);
#3179 = EDGE_CURVE('',#3180,#3182,#3184,.T.);
#3180 = VERTEX_POINT('',#3181);
#3181 = CARTESIAN_POINT('',(-2.35,0.,2.25));
#3182 = VERTEX_POINT('',#3183);
#3183 = CARTESIAN_POINT('',(2.35,0.,2.25));
#3184 = LINE('',#3185,#3186);
#3185 = CARTESIAN_POINT('',(0.,0.,2.25));
#3186 = VECTOR('',#3187,1.);
#3187 = DIRECTION('',(1.,0.,-0.));
#3188 = ORIENTED_EDGE('',*,*,#3189,.F.);
#3189 = EDGE_CURVE('',#3190,#3180,#3192,.T.);
#3190 = VERTEX_POINT('',#3191);
#3191 = CARTESIAN_POINT('',(-2.35,0.,-2.25));
#3192 = LINE('',#3193,#3194);
#3193 = CARTESIAN_POINT('',(-2.35,0.,0.));
#3194 = VECTOR('',#3195,1.);
#3195 = DIRECTION('',(0.,-0.,1.));
#3196 = ORIENTED_EDGE('',*,*,#3197,.F.);
#3197 = EDGE_CURVE('',#3198,#3190,#3200,.T.);
#3198 = VERTEX_POINT('',#3199);
#3199 = CARTESIAN_POINT('',(2.35,0.,-2.25));
#3200 = LINE('',#3201,#3202);
#3201 = CARTESIAN_POINT('',(0.,0.,-2.25));
#3202 = VECTOR('',#3203,1.);
#3203 = DIRECTION('',(-1.,-0.,0.));
#3204 = ORIENTED_EDGE('',*,*,#3205,.F.);
#3205 = EDGE_CURVE('',#3182,#3198,#3206,.T.);
#3206 = LINE('',#3207,#3208);
#3207 = CARTESIAN_POINT('',(2.35,0.,0.));
#3208 = VECTOR('',#3209,1.);
#3209 = DIRECTION('',(-0.,0.,-1.));
#3210 = FACE_BOUND('',#3211,.T.);
#3211 = EDGE_LOOP('',(#3212,#3222,#3230,#3238));
#3212 = ORIENTED_EDGE('',*,*,#3213,.F.);
#3213 = EDGE_CURVE('',#3214,#3216,#3218,.T.);
#3214 = VERTEX_POINT('',#3215);
#3215 = CARTESIAN_POINT('',(0.13,0.,1.75));
#3216 = VERTEX_POINT('',#3217);
#3217 = CARTESIAN_POINT('',(0.13,0.,2.2));
#3218 = LINE('',#3219,#3220);
#3219 = CARTESIAN_POINT('',(0.13,0.,0.));
#3220 = VECTOR('',#3221,1.);
#3221 = DIRECTION('',(0.,-0.,1.));
#3222 = ORIENTED_EDGE('',*,*,#3223,.F.);
#3223 = EDGE_CURVE('',#3224,#3214,#3226,.T.);
#3224 = VERTEX_POINT('',#3225);
#3225 = CARTESIAN_POINT('',(-0.13,0.,1.75));
#3226 = LINE('',#3227,#3228);
#3227 = CARTESIAN_POINT('',(0.,0.,1.75));
#3228 = VECTOR('',#3229,1.);
#3229 = DIRECTION('',(1.,0.,-0.));
#3230 = ORIENTED_EDGE('',*,*,#3231,.F.);
#3231 = EDGE_CURVE('',#3232,#3224,#3234,.T.);
#3232 = VERTEX_POINT('',#3233);
#3233 = CARTESIAN_POINT('',(-0.13,0.,2.2));
#3234 = LINE('',#3235,#3236);
#3235 = CARTESIAN_POINT('',(-0.13,0.,0.));
#3236 = VECTOR('',#3237,1.);
#3237 = DIRECTION('',(-0.,0.,-1.));
#3238 = ORIENTED_EDGE('',*,*,#3239,.F.);
#3239 = EDGE_CURVE('',#3216,#3232,#3240,.T.);
#3240 = LINE('',#3241,#3242);
#3241 = CARTESIAN_POINT('',(0.,0.,2.2));
#3242 = VECTOR('',#3243,1.);
#3243 = DIRECTION('',(-1.,-0.,0.));
#3244 = FACE_BOUND('',#3245,.T.);
#3245 = EDGE_LOOP('',(#3246,#3256,#3264,#3272));
#3246 = ORIENTED_EDGE('',*,*,#3247,.F.);
#3247 = EDGE_CURVE('',#3248,#3250,#3252,.T.);
#3248 = VERTEX_POINT('',#3249);
#3249 = CARTESIAN_POINT('',(2.3,0.,-0.13));
#3250 = VERTEX_POINT('',#3251);
#3251 = CARTESIAN_POINT('',(2.3,0.,0.13));
#3252 = LINE('',#3253,#3254);
#3253 = CARTESIAN_POINT('',(2.3,0.,0.));
#3254 = VECTOR('',#3255,1.);
#3255 = DIRECTION('',(0.,-0.,1.));
#3256 = ORIENTED_EDGE('',*,*,#3257,.F.);
#3257 = EDGE_CURVE('',#3258,#3248,#3260,.T.);
#3258 = VERTEX_POINT('',#3259);
#3259 = CARTESIAN_POINT('',(1.85,0.,-0.13));
#3260 = LINE('',#3261,#3262);
#3261 = CARTESIAN_POINT('',(0.,0.,-0.13));
#3262 = VECTOR('',#3263,1.);
#3263 = DIRECTION('',(1.,0.,-0.));
#3264 = ORIENTED_EDGE('',*,*,#3265,.F.);
#3265 = EDGE_CURVE('',#3266,#3258,#3268,.T.);
#3266 = VERTEX_POINT('',#3267);
#3267 = CARTESIAN_POINT('',(1.85,0.,0.13));
#3268 = LINE('',#3269,#3270);
#3269 = CARTESIAN_POINT('',(1.85,0.,0.));
#3270 = VECTOR('',#3271,1.);
#3271 = DIRECTION('',(-0.,0.,-1.));
#3272 = ORIENTED_EDGE('',*,*,#3273,.F.);
#3273 = EDGE_CURVE('',#3250,#3266,#3274,.T.);
#3274 = LINE('',#3275,#3276);
#3275 = CARTESIAN_POINT('',(0.,0.,0.13));
#3276 = VECTOR('',#3277,1.);
#3277 = DIRECTION('',(-1.,-0.,0.));
#3278 = FACE_BOUND('',#3279,.T.);
#3279 = EDGE_LOOP('',(#3280,#3290,#3298,#3306));
#3280 = ORIENTED_EDGE('',*,*,#3281,.F.);
#3281 = EDGE_CURVE('',#3282,#3284,#3286,.T.);
#3282 = VERTEX_POINT('',#3283);
#3283 = CARTESIAN_POINT('',(2.3,0.,0.52));
#3284 = VERTEX_POINT('',#3285);
#3285 = CARTESIAN_POINT('',(2.3,0.,0.78));
#3286 = LINE('',#3287,#3288);
#3287 = CARTESIAN_POINT('',(2.3,0.,0.));
#3288 = VECTOR('',#3289,1.);
#3289 = DIRECTION('',(0.,-0.,1.));
#3290 = ORIENTED_EDGE('',*,*,#3291,.F.);
#3291 = EDGE_CURVE('',#3292,#3282,#3294,.T.);
#3292 = VERTEX_POINT('',#3293);
#3293 = CARTESIAN_POINT('',(1.85,0.,0.52));
#3294 = LINE('',#3295,#3296);
#3295 = CARTESIAN_POINT('',(0.,0.,0.52));
#3296 = VECTOR('',#3297,1.);
#3297 = DIRECTION('',(1.,0.,-0.));
#3298 = ORIENTED_EDGE('',*,*,#3299,.F.);
#3299 = EDGE_CURVE('',#3300,#3292,#3302,.T.);
#3300 = VERTEX_POINT('',#3301);
#3301 = CARTESIAN_POINT('',(1.85,0.,0.78));
#3302 = LINE('',#3303,#3304);
#3303 = CARTESIAN_POINT('',(1.85,0.,0.));
#3304 = VECTOR('',#3305,1.);
#3305 = DIRECTION('',(-0.,0.,-1.));
#3306 = ORIENTED_EDGE('',*,*,#3307,.F.);
#3307 = EDGE_CURVE('',#3284,#3300,#3308,.T.);
#3308 = LINE('',#3309,#3310);
#3309 = CARTESIAN_POINT('',(0.,0.,0.78));
#3310 = VECTOR('',#3311,1.);
#3311 = DIRECTION('',(-1.,-0.,0.));
#3312 = FACE_BOUND('',#3313,.T.);
#3313 = EDGE_LOOP('',(#3314,#3324,#3332,#3340));
#3314 = ORIENTED_EDGE('',*,*,#3315,.F.);
#3315 = EDGE_CURVE('',#3316,#3318,#3320,.T.);
#3316 = VERTEX_POINT('',#3317);
#3317 = CARTESIAN_POINT('',(2.3,0.,1.17));
#3318 = VERTEX_POINT('',#3319);
#3319 = CARTESIAN_POINT('',(2.3,0.,1.43));
#3320 = LINE('',#3321,#3322);
#3321 = CARTESIAN_POINT('',(2.3,0.,0.));
#3322 = VECTOR('',#3323,1.);
#3323 = DIRECTION('',(0.,-0.,1.));
#3324 = ORIENTED_EDGE('',*,*,#3325,.F.);
#3325 = EDGE_CURVE('',#3326,#3316,#3328,.T.);
#3326 = VERTEX_POINT('',#3327);
#3327 = CARTESIAN_POINT('',(1.85,0.,1.17));
#3328 = LINE('',#3329,#3330);
#3329 = CARTESIAN_POINT('',(0.,0.,1.17));
#3330 = VECTOR('',#3331,1.);
#3331 = DIRECTION('',(1.,0.,-0.));
#3332 = ORIENTED_EDGE('',*,*,#3333,.F.);
#3333 = EDGE_CURVE('',#3334,#3326,#3336,.T.);
#3334 = VERTEX_POINT('',#3335);
#3335 = CARTESIAN_POINT('',(1.85,0.,1.43));
#3336 = LINE('',#3337,#3338);
#3337 = CARTESIAN_POINT('',(1.85,0.,0.));
#3338 = VECTOR('',#3339,1.);
#3339 = DIRECTION('',(-0.,0.,-1.));
#3340 = ORIENTED_EDGE('',*,*,#3341,.F.);
#3341 = EDGE_CURVE('',#3318,#3334,#3342,.T.);
#3342 = LINE('',#3343,#3344);
#3343 = CARTESIAN_POINT('',(0.,0.,1.43));
#3344 = VECTOR('',#3345,1.);
#3345 = DIRECTION('',(-1.,-0.,0.));
#3346 = FACE_BOUND('',#3347,.T.);
#3347 = EDGE_LOOP('',(#3348,#3358,#3366,#3374));
#3348 = ORIENTED_EDGE('',*,*,#3349,.F.);
#3349 = EDGE_CURVE('',#3350,#3352,#3354,.T.);
#3350 = VERTEX_POINT('',#3351);
#3351 = CARTESIAN_POINT('',(-1.85,0.,1.17));
#3352 = VERTEX_POINT('',#3353);
#3353 = CARTESIAN_POINT('',(-1.85,0.,1.43));
#3354 = LINE('',#3355,#3356);
#3355 = CARTESIAN_POINT('',(-1.85,0.,0.));
#3356 = VECTOR('',#3357,1.);
#3357 = DIRECTION('',(0.,-0.,1.));
#3358 = ORIENTED_EDGE('',*,*,#3359,.F.);
#3359 = EDGE_CURVE('',#3360,#3350,#3362,.T.);
#3360 = VERTEX_POINT('',#3361);
#3361 = CARTESIAN_POINT('',(-2.3,0.,1.17));
#3362 = LINE('',#3363,#3364);
#3363 = CARTESIAN_POINT('',(0.,0.,1.17));
#3364 = VECTOR('',#3365,1.);
#3365 = DIRECTION('',(1.,0.,-0.));
#3366 = ORIENTED_EDGE('',*,*,#3367,.F.);
#3367 = EDGE_CURVE('',#3368,#3360,#3370,.T.);
#3368 = VERTEX_POINT('',#3369);
#3369 = CARTESIAN_POINT('',(-2.3,0.,1.43));
#3370 = LINE('',#3371,#3372);
#3371 = CARTESIAN_POINT('',(-2.3,0.,0.));
#3372 = VECTOR('',#3373,1.);
#3373 = DIRECTION('',(-0.,0.,-1.));
#3374 = ORIENTED_EDGE('',*,*,#3375,.F.);
#3375 = EDGE_CURVE('',#3352,#3368,#3376,.T.);
#3376 = LINE('',#3377,#3378);
#3377 = CARTESIAN_POINT('',(0.,0.,1.43));
#3378 = VECTOR('',#3379,1.);
#3379 = DIRECTION('',(-1.,-0.,0.));
#3380 = FACE_BOUND('',#3381,.T.);
#3381 = EDGE_LOOP('',(#3382,#3392,#3400,#3408));
#3382 = ORIENTED_EDGE('',*,*,#3383,.F.);
#3383 = EDGE_CURVE('',#3384,#3386,#3388,.T.);
#3384 = VERTEX_POINT('',#3385);
#3385 = CARTESIAN_POINT('',(-1.85,0.,0.52));
#3386 = VERTEX_POINT('',#3387);
#3387 = CARTESIAN_POINT('',(-1.85,0.,0.78));
#3388 = LINE('',#3389,#3390);
#3389 = CARTESIAN_POINT('',(-1.85,0.,0.));
#3390 = VECTOR('',#3391,1.);
#3391 = DIRECTION('',(0.,-0.,1.));
#3392 = ORIENTED_EDGE('',*,*,#3393,.F.);
#3393 = EDGE_CURVE('',#3394,#3384,#3396,.T.);
#3394 = VERTEX_POINT('',#3395);
#3395 = CARTESIAN_POINT('',(-2.3,0.,0.52));
#3396 = LINE('',#3397,#3398);
#3397 = CARTESIAN_POINT('',(0.,0.,0.52));
#3398 = VECTOR('',#3399,1.);
#3399 = DIRECTION('',(1.,0.,-0.));
#3400 = ORIENTED_EDGE('',*,*,#3401,.F.);
#3401 = EDGE_CURVE('',#3402,#3394,#3404,.T.);
#3402 = VERTEX_POINT('',#3403);
#3403 = CARTESIAN_POINT('',(-2.3,0.,0.78));
#3404 = LINE('',#3405,#3406);
#3405 = CARTESIAN_POINT('',(-2.3,0.,0.));
#3406 = VECTOR('',#3407,1.);
#3407 = DIRECTION('',(-0.,0.,-1.));
#3408 = ORIENTED_EDGE('',*,*,#3409,.F.);
#3409 = EDGE_CURVE('',#3386,#3402,#3410,.T.);
#3410 = LINE('',#3411,#3412);
#3411 = CARTESIAN_POINT('',(0.,0.,0.78));
#3412 = VECTOR('',#3413,1.);
#3413 = DIRECTION('',(-1.,-0.,0.));
#3414 = FACE_BOUND('',#3415,.T.);
#3415 = EDGE_LOOP('',(#3416,#3426,#3434,#3442));
#3416 = ORIENTED_EDGE('',*,*,#3417,.F.);
#3417 = EDGE_CURVE('',#3418,#3420,#3422,.T.);
#3418 = VERTEX_POINT('',#3419);
#3419 = CARTESIAN_POINT('',(-1.43,0.,-1.75));
#3420 = VERTEX_POINT('',#3421);
#3421 = CARTESIAN_POINT('',(-1.43,0.,-2.2));
#3422 = LINE('',#3423,#3424);
#3423 = CARTESIAN_POINT('',(-1.43,0.,0.));
#3424 = VECTOR('',#3425,1.);
#3425 = DIRECTION('',(-0.,0.,-1.));
#3426 = ORIENTED_EDGE('',*,*,#3427,.F.);
#3427 = EDGE_CURVE('',#3428,#3418,#3430,.T.);
#3428 = VERTEX_POINT('',#3429);
#3429 = CARTESIAN_POINT('',(-1.17,0.,-1.75));
#3430 = LINE('',#3431,#3432);
#3431 = CARTESIAN_POINT('',(0.,0.,-1.75));
#3432 = VECTOR('',#3433,1.);
#3433 = DIRECTION('',(-1.,-0.,0.));
#3434 = ORIENTED_EDGE('',*,*,#3435,.F.);
#3435 = EDGE_CURVE('',#3436,#3428,#3438,.T.);
#3436 = VERTEX_POINT('',#3437);
#3437 = CARTESIAN_POINT('',(-1.17,0.,-2.2));
#3438 = LINE('',#3439,#3440);
#3439 = CARTESIAN_POINT('',(-1.17,0.,0.));
#3440 = VECTOR('',#3441,1.);
#3441 = DIRECTION('',(0.,-0.,1.));
#3442 = ORIENTED_EDGE('',*,*,#3443,.F.);
#3443 = EDGE_CURVE('',#3420,#3436,#3444,.T.);
#3444 = LINE('',#3445,#3446);
#3445 = CARTESIAN_POINT('',(0.,0.,-2.2));
#3446 = VECTOR('',#3447,1.);
#3447 = DIRECTION('',(1.,0.,-0.));
#3448 = FACE_BOUND('',#3449,.T.);
#3449 = EDGE_LOOP('',(#3450,#3460,#3468,#3476));
#3450 = ORIENTED_EDGE('',*,*,#3451,.F.);
#3451 = EDGE_CURVE('',#3452,#3454,#3456,.T.);
#3452 = VERTEX_POINT('',#3453);
#3453 = CARTESIAN_POINT('',(-1.43,0.,1.75));
#3454 = VERTEX_POINT('',#3455);
#3455 = CARTESIAN_POINT('',(-1.17,0.,1.75));
#3456 = LINE('',#3457,#3458);
#3457 = CARTESIAN_POINT('',(0.,0.,1.75));
#3458 = VECTOR('',#3459,1.);
#3459 = DIRECTION('',(1.,0.,-0.));
#3460 = ORIENTED_EDGE('',*,*,#3461,.F.);
#3461 = EDGE_CURVE('',#3462,#3452,#3464,.T.);
#3462 = VERTEX_POINT('',#3463);
#3463 = CARTESIAN_POINT('',(-1.43,0.,2.2));
#3464 = LINE('',#3465,#3466);
#3465 = CARTESIAN_POINT('',(-1.43,0.,0.));
#3466 = VECTOR('',#3467,1.);
#3467 = DIRECTION('',(-0.,0.,-1.));
#3468 = ORIENTED_EDGE('',*,*,#3469,.F.);
#3469 = EDGE_CURVE('',#3470,#3462,#3472,.T.);
#3470 = VERTEX_POINT('',#3471);
#3471 = CARTESIAN_POINT('',(-1.17,0.,2.2));
#3472 = LINE('',#3473,#3474);
#3473 = CARTESIAN_POINT('',(0.,0.,2.2));
#3474 = VECTOR('',#3475,1.);
#3475 = DIRECTION('',(-1.,-0.,0.));
#3476 = ORIENTED_EDGE('',*,*,#3477,.F.);
#3477 = EDGE_CURVE('',#3454,#3470,#3478,.T.);
#3478 = LINE('',#3479,#3480);
#3479 = CARTESIAN_POINT('',(-1.17,0.,0.));
#3480 = VECTOR('',#3481,1.);
#3481 = DIRECTION('',(0.,-0.,1.));
#3482 = FACE_BOUND('',#3483,.T.);
#3483 = EDGE_LOOP('',(#3484,#3494,#3502,#3510));
#3484 = ORIENTED_EDGE('',*,*,#3485,.F.);
#3485 = EDGE_CURVE('',#3486,#3488,#3490,.T.);
#3486 = VERTEX_POINT('',#3487);
#3487 = CARTESIAN_POINT('',(-1.85,0.,-0.13));
#3488 = VERTEX_POINT('',#3489);
#3489 = CARTESIAN_POINT('',(-1.85,0.,0.13));
#3490 = LINE('',#3491,#3492);
#3491 = CARTESIAN_POINT('',(-1.85,0.,0.));
#3492 = VECTOR('',#3493,1.);
#3493 = DIRECTION('',(0.,-0.,1.));
#3494 = ORIENTED_EDGE('',*,*,#3495,.F.);
#3495 = EDGE_CURVE('',#3496,#3486,#3498,.T.);
#3496 = VERTEX_POINT('',#3497);
#3497 = CARTESIAN_POINT('',(-2.3,0.,-0.13));
#3498 = LINE('',#3499,#3500);
#3499 = CARTESIAN_POINT('',(0.,0.,-0.13));
#3500 = VECTOR('',#3501,1.);
#3501 = DIRECTION('',(1.,0.,-0.));
#3502 = ORIENTED_EDGE('',*,*,#3503,.F.);
#3503 = EDGE_CURVE('',#3504,#3496,#3506,.T.);
#3504 = VERTEX_POINT('',#3505);
#3505 = CARTESIAN_POINT('',(-2.3,0.,0.13));
#3506 = LINE('',#3507,#3508);
#3507 = CARTESIAN_POINT('',(-2.3,0.,0.));
#3508 = VECTOR('',#3509,1.);
#3509 = DIRECTION('',(-0.,0.,-1.));
#3510 = ORIENTED_EDGE('',*,*,#3511,.F.);
#3511 = EDGE_CURVE('',#3488,#3504,#3512,.T.);
#3512 = LINE('',#3513,#3514);
#3513 = CARTESIAN_POINT('',(0.,0.,0.13));
#3514 = VECTOR('',#3515,1.);
#3515 = DIRECTION('',(-1.,-0.,0.));
#3516 = FACE_BOUND('',#3517,.T.);
#3517 = EDGE_LOOP('',(#3518,#3528,#3536,#3544));
#3518 = ORIENTED_EDGE('',*,*,#3519,.F.);
#3519 = EDGE_CURVE('',#3520,#3522,#3524,.T.);
#3520 = VERTEX_POINT('',#3521);
#3521 = CARTESIAN_POINT('',(0.52,0.,1.75));
#3522 = VERTEX_POINT('',#3523);
#3523 = CARTESIAN_POINT('',(0.78,0.,1.75));
#3524 = LINE('',#3525,#3526);
#3525 = CARTESIAN_POINT('',(0.,0.,1.75));
#3526 = VECTOR('',#3527,1.);
#3527 = DIRECTION('',(1.,0.,-0.));
#3528 = ORIENTED_EDGE('',*,*,#3529,.F.);
#3529 = EDGE_CURVE('',#3530,#3520,#3532,.T.);
#3530 = VERTEX_POINT('',#3531);
#3531 = CARTESIAN_POINT('',(0.52,0.,2.2));
#3532 = LINE('',#3533,#3534);
#3533 = CARTESIAN_POINT('',(0.52,0.,0.));
#3534 = VECTOR('',#3535,1.);
#3535 = DIRECTION('',(-0.,0.,-1.));
#3536 = ORIENTED_EDGE('',*,*,#3537,.F.);
#3537 = EDGE_CURVE('',#3538,#3530,#3540,.T.);
#3538 = VERTEX_POINT('',#3539);
#3539 = CARTESIAN_POINT('',(0.78,0.,2.2));
#3540 = LINE('',#3541,#3542);
#3541 = CARTESIAN_POINT('',(0.,0.,2.2));
#3542 = VECTOR('',#3543,1.);
#3543 = DIRECTION('',(-1.,-0.,0.));
#3544 = ORIENTED_EDGE('',*,*,#3545,.F.);
#3545 = EDGE_CURVE('',#3522,#3538,#3546,.T.);
#3546 = LINE('',#3547,#3548);
#3547 = CARTESIAN_POINT('',(0.78,0.,0.));
#3548 = VECTOR('',#3549,1.);
#3549 = DIRECTION('',(0.,-0.,1.));
#3550 = FACE_BOUND('',#3551,.T.);
#3551 = EDGE_LOOP('',(#3552,#3562,#3570,#3578));
#3552 = ORIENTED_EDGE('',*,*,#3553,.F.);
#3553 = EDGE_CURVE('',#3554,#3556,#3558,.T.);
#3554 = VERTEX_POINT('',#3555);
#3555 = CARTESIAN_POINT('',(1.17,0.,1.75));
#3556 = VERTEX_POINT('',#3557);
#3557 = CARTESIAN_POINT('',(1.43,0.,1.75));
#3558 = LINE('',#3559,#3560);
#3559 = CARTESIAN_POINT('',(0.,0.,1.75));
#3560 = VECTOR('',#3561,1.);
#3561 = DIRECTION('',(1.,0.,-0.));
#3562 = ORIENTED_EDGE('',*,*,#3563,.F.);
#3563 = EDGE_CURVE('',#3564,#3554,#3566,.T.);
#3564 = VERTEX_POINT('',#3565);
#3565 = CARTESIAN_POINT('',(1.17,0.,2.2));
#3566 = LINE('',#3567,#3568);
#3567 = CARTESIAN_POINT('',(1.17,0.,0.));
#3568 = VECTOR('',#3569,1.);
#3569 = DIRECTION('',(-0.,0.,-1.));
#3570 = ORIENTED_EDGE('',*,*,#3571,.F.);
#3571 = EDGE_CURVE('',#3572,#3564,#3574,.T.);
#3572 = VERTEX_POINT('',#3573);
#3573 = CARTESIAN_POINT('',(1.43,0.,2.2));
#3574 = LINE('',#3575,#3576);
#3575 = CARTESIAN_POINT('',(0.,0.,2.2));
#3576 = VECTOR('',#3577,1.);
#3577 = DIRECTION('',(-1.,-0.,0.));
#3578 = ORIENTED_EDGE('',*,*,#3579,.F.);
#3579 = EDGE_CURVE('',#3556,#3572,#3580,.T.);
#3580 = LINE('',#3581,#3582);
#3581 = CARTESIAN_POINT('',(1.43,0.,0.));
#3582 = VECTOR('',#3583,1.);
#3583 = DIRECTION('',(0.,-0.,1.));
#3584 = FACE_BOUND('',#3585,.T.);
#3585 = EDGE_LOOP('',(#3586,#3596,#3604,#3612));
#3586 = ORIENTED_EDGE('',*,*,#3587,.F.);
#3587 = EDGE_CURVE('',#3588,#3590,#3592,.T.);
#3588 = VERTEX_POINT('',#3589);
#3589 = CARTESIAN_POINT('',(-0.78,0.,1.75));
#3590 = VERTEX_POINT('',#3591);
#3591 = CARTESIAN_POINT('',(-0.52,0.,1.75));
#3592 = LINE('',#3593,#3594);
#3593 = CARTESIAN_POINT('',(0.,0.,1.75));
#3594 = VECTOR('',#3595,1.);
#3595 = DIRECTION('',(1.,0.,-0.));
#3596 = ORIENTED_EDGE('',*,*,#3597,.F.);
#3597 = EDGE_CURVE('',#3598,#3588,#3600,.T.);
#3598 = VERTEX_POINT('',#3599);
#3599 = CARTESIAN_POINT('',(-0.78,0.,2.2));
#3600 = LINE('',#3601,#3602);
#3601 = CARTESIAN_POINT('',(-0.78,0.,0.));
#3602 = VECTOR('',#3603,1.);
#3603 = DIRECTION('',(-0.,0.,-1.));
#3604 = ORIENTED_EDGE('',*,*,#3605,.F.);
#3605 = EDGE_CURVE('',#3606,#3598,#3608,.T.);
#3606 = VERTEX_POINT('',#3607);
#3607 = CARTESIAN_POINT('',(-0.52,0.,2.2));
#3608 = LINE('',#3609,#3610);
#3609 = CARTESIAN_POINT('',(0.,0.,2.2));
#3610 = VECTOR('',#3611,1.);
#3611 = DIRECTION('',(-1.,-0.,0.));
#3612 = ORIENTED_EDGE('',*,*,#3613,.F.);
#3613 = EDGE_CURVE('',#3590,#3606,#3614,.T.);
#3614 = LINE('',#3615,#3616);
#3615 = CARTESIAN_POINT('',(-0.52,0.,0.));
#3616 = VECTOR('',#3617,1.);
#3617 = DIRECTION('',(0.,-0.,1.));
#3618 = FACE_BOUND('',#3619,.T.);
#3619 = EDGE_LOOP('',(#3620,#3630,#3638,#3646));
#3620 = ORIENTED_EDGE('',*,*,#3621,.F.);
#3621 = EDGE_CURVE('',#3622,#3624,#3626,.T.);
#3622 = VERTEX_POINT('',#3623);
#3623 = CARTESIAN_POINT('',(2.3,0.,-0.78));
#3624 = VERTEX_POINT('',#3625);
#3625 = CARTESIAN_POINT('',(2.3,0.,-0.52));
#3626 = LINE('',#3627,#3628);
#3627 = CARTESIAN_POINT('',(2.3,0.,0.));
#3628 = VECTOR('',#3629,1.);
#3629 = DIRECTION('',(0.,-0.,1.));
#3630 = ORIENTED_EDGE('',*,*,#3631,.F.);
#3631 = EDGE_CURVE('',#3632,#3622,#3634,.T.);
#3632 = VERTEX_POINT('',#3633);
#3633 = CARTESIAN_POINT('',(1.85,0.,-0.78));
#3634 = LINE('',#3635,#3636);
#3635 = CARTESIAN_POINT('',(0.,0.,-0.78));
#3636 = VECTOR('',#3637,1.);
#3637 = DIRECTION('',(1.,0.,-0.));
#3638 = ORIENTED_EDGE('',*,*,#3639,.F.);
#3639 = EDGE_CURVE('',#3640,#3632,#3642,.T.);
#3640 = VERTEX_POINT('',#3641);
#3641 = CARTESIAN_POINT('',(1.85,0.,-0.52));
#3642 = LINE('',#3643,#3644);
#3643 = CARTESIAN_POINT('',(1.85,0.,0.));
#3644 = VECTOR('',#3645,1.);
#3645 = DIRECTION('',(-0.,0.,-1.));
#3646 = ORIENTED_EDGE('',*,*,#3647,.F.);
#3647 = EDGE_CURVE('',#3624,#3640,#3648,.T.);
#3648 = LINE('',#3649,#3650);
#3649 = CARTESIAN_POINT('',(0.,0.,-0.52));
#3650 = VECTOR('',#3651,1.);
#3651 = DIRECTION('',(-1.,-0.,0.));
#3652 = FACE_BOUND('',#3653,.T.);
#3653 = EDGE_LOOP('',(#3654,#3664,#3672,#3680));
#3654 = ORIENTED_EDGE('',*,*,#3655,.F.);
#3655 = EDGE_CURVE('',#3656,#3658,#3660,.T.);
#3656 = VERTEX_POINT('',#3657);
#3657 = CARTESIAN_POINT('',(2.3,0.,-1.43));
#3658 = VERTEX_POINT('',#3659);
#3659 = CARTESIAN_POINT('',(2.3,0.,-1.17));
#3660 = LINE('',#3661,#3662);
#3661 = CARTESIAN_POINT('',(2.3,0.,0.));
#3662 = VECTOR('',#3663,1.);
#3663 = DIRECTION('',(0.,-0.,1.));
#3664 = ORIENTED_EDGE('',*,*,#3665,.F.);
#3665 = EDGE_CURVE('',#3666,#3656,#3668,.T.);
#3666 = VERTEX_POINT('',#3667);
#3667 = CARTESIAN_POINT('',(1.85,0.,-1.43));
#3668 = LINE('',#3669,#3670);
#3669 = CARTESIAN_POINT('',(0.,0.,-1.43));
#3670 = VECTOR('',#3671,1.);
#3671 = DIRECTION('',(1.,0.,-0.));
#3672 = ORIENTED_EDGE('',*,*,#3673,.F.);
#3673 = EDGE_CURVE('',#3674,#3666,#3676,.T.);
#3674 = VERTEX_POINT('',#3675);
#3675 = CARTESIAN_POINT('',(1.85,0.,-1.17));
#3676 = LINE('',#3677,#3678);
#3677 = CARTESIAN_POINT('',(1.85,0.,0.));
#3678 = VECTOR('',#3679,1.);
#3679 = DIRECTION('',(-0.,0.,-1.));
#3680 = ORIENTED_EDGE('',*,*,#3681,.F.);
#3681 = EDGE_CURVE('',#3658,#3674,#3682,.T.);
#3682 = LINE('',#3683,#3684);
#3683 = CARTESIAN_POINT('',(0.,0.,-1.17));
#3684 = VECTOR('',#3685,1.);
#3685 = DIRECTION('',(-1.,-0.,0.));
#3686 = FACE_BOUND('',#3687,.T.);
#3687 = EDGE_LOOP('',(#3688,#3698,#3706,#3714));
#3688 = ORIENTED_EDGE('',*,*,#3689,.F.);
#3689 = EDGE_CURVE('',#3690,#3692,#3694,.T.);
#3690 = VERTEX_POINT('',#3691);
#3691 = CARTESIAN_POINT('',(-0.13,0.,-1.75));
#3692 = VERTEX_POINT('',#3693);
#3693 = CARTESIAN_POINT('',(-0.13,0.,-2.2));
#3694 = LINE('',#3695,#3696);
#3695 = CARTESIAN_POINT('',(-0.13,0.,0.));
#3696 = VECTOR('',#3697,1.);
#3697 = DIRECTION('',(-0.,0.,-1.));
#3698 = ORIENTED_EDGE('',*,*,#3699,.F.);
#3699 = EDGE_CURVE('',#3700,#3690,#3702,.T.);
#3700 = VERTEX_POINT('',#3701);
#3701 = CARTESIAN_POINT('',(0.13,0.,-1.75));
#3702 = LINE('',#3703,#3704);
#3703 = CARTESIAN_POINT('',(0.,0.,-1.75));
#3704 = VECTOR('',#3705,1.);
#3705 = DIRECTION('',(-1.,-0.,0.));
#3706 = ORIENTED_EDGE('',*,*,#3707,.F.);
#3707 = EDGE_CURVE('',#3708,#3700,#3710,.T.);
#3708 = VERTEX_POINT('',#3709);
#3709 = CARTESIAN_POINT('',(0.13,0.,-2.2));
#3710 = LINE('',#3711,#3712);
#3711 = CARTESIAN_POINT('',(0.13,0.,0.));
#3712 = VECTOR('',#3713,1.);
#3713 = DIRECTION('',(0.,-0.,1.));
#3714 = ORIENTED_EDGE('',*,*,#3715,.F.);
#3715 = EDGE_CURVE('',#3692,#3708,#3716,.T.);
#3716 = LINE('',#3717,#3718);
#3717 = CARTESIAN_POINT('',(0.,0.,-2.2));
#3718 = VECTOR('',#3719,1.);
#3719 = DIRECTION('',(1.,0.,-0.));
#3720 = FACE_BOUND('',#3721,.T.);
#3721 = EDGE_LOOP('',(#3722,#3732,#3740,#3748));
#3722 = ORIENTED_EDGE('',*,*,#3723,.F.);
#3723 = EDGE_CURVE('',#3724,#3726,#3728,.T.);
#3724 = VERTEX_POINT('',#3725);
#3725 = CARTESIAN_POINT('',(0.52,0.,-1.75));
#3726 = VERTEX_POINT('',#3727);
#3727 = CARTESIAN_POINT('',(0.52,0.,-2.2));
#3728 = LINE('',#3729,#3730);
#3729 = CARTESIAN_POINT('',(0.52,0.,0.));
#3730 = VECTOR('',#3731,1.);
#3731 = DIRECTION('',(-0.,0.,-1.));
#3732 = ORIENTED_EDGE('',*,*,#3733,.F.);
#3733 = EDGE_CURVE('',#3734,#3724,#3736,.T.);
#3734 = VERTEX_POINT('',#3735);
#3735 = CARTESIAN_POINT('',(0.78,0.,-1.75));
#3736 = LINE('',#3737,#3738);
#3737 = CARTESIAN_POINT('',(0.,0.,-1.75));
#3738 = VECTOR('',#3739,1.);
#3739 = DIRECTION('',(-1.,-0.,0.));
#3740 = ORIENTED_EDGE('',*,*,#3741,.F.);
#3741 = EDGE_CURVE('',#3742,#3734,#3744,.T.);
#3742 = VERTEX_POINT('',#3743);
#3743 = CARTESIAN_POINT('',(0.78,0.,-2.2));
#3744 = LINE('',#3745,#3746);
#3745 = CARTESIAN_POINT('',(0.78,0.,0.));
#3746 = VECTOR('',#3747,1.);
#3747 = DIRECTION('',(0.,-0.,1.));
#3748 = ORIENTED_EDGE('',*,*,#3749,.F.);
#3749 = EDGE_CURVE('',#3726,#3742,#3750,.T.);
#3750 = LINE('',#3751,#3752);
#3751 = CARTESIAN_POINT('',(0.,0.,-2.2));
#3752 = VECTOR('',#3753,1.);
#3753 = DIRECTION('',(1.,0.,-0.));
#3754 = FACE_BOUND('',#3755,.T.);
#3755 = EDGE_LOOP('',(#3756,#3766,#3774,#3782));
#3756 = ORIENTED_EDGE('',*,*,#3757,.F.);
#3757 = EDGE_CURVE('',#3758,#3760,#3762,.T.);
#3758 = VERTEX_POINT('',#3759);
#3759 = CARTESIAN_POINT('',(1.17,0.,-1.75));
#3760 = VERTEX_POINT('',#3761);
#3761 = CARTESIAN_POINT('',(1.17,0.,-2.2));
#3762 = LINE('',#3763,#3764);
#3763 = CARTESIAN_POINT('',(1.17,0.,0.));
#3764 = VECTOR('',#3765,1.);
#3765 = DIRECTION('',(-0.,0.,-1.));
#3766 = ORIENTED_EDGE('',*,*,#3767,.F.);
#3767 = EDGE_CURVE('',#3768,#3758,#3770,.T.);
#3768 = VERTEX_POINT('',#3769);
#3769 = CARTESIAN_POINT('',(1.43,0.,-1.75));
#3770 = LINE('',#3771,#3772);
#3771 = CARTESIAN_POINT('',(0.,0.,-1.75));
#3772 = VECTOR('',#3773,1.);
#3773 = DIRECTION('',(-1.,-0.,0.));
#3774 = ORIENTED_EDGE('',*,*,#3775,.F.);
#3775 = EDGE_CURVE('',#3776,#3768,#3778,.T.);
#3776 = VERTEX_POINT('',#3777);
#3777 = CARTESIAN_POINT('',(1.43,0.,-2.2));
#3778 = LINE('',#3779,#3780);
#3779 = CARTESIAN_POINT('',(1.43,0.,0.));
#3780 = VECTOR('',#3781,1.);
#3781 = DIRECTION('',(0.,-0.,1.));
#3782 = ORIENTED_EDGE('',*,*,#3783,.F.);
#3783 = EDGE_CURVE('',#3760,#3776,#3784,.T.);
#3784 = LINE('',#3785,#3786);
#3785 = CARTESIAN_POINT('',(0.,0.,-2.2));
#3786 = VECTOR('',#3787,1.);
#3787 = DIRECTION('',(1.,0.,-0.));
#3788 = FACE_BOUND('',#3789,.T.);
#3789 = EDGE_LOOP('',(#3790,#3800,#3808,#3816));
#3790 = ORIENTED_EDGE('',*,*,#3791,.F.);
#3791 = EDGE_CURVE('',#3792,#3794,#3796,.T.);
#3792 = VERTEX_POINT('',#3793);
#3793 = CARTESIAN_POINT('',(-0.78,0.,-1.75));
#3794 = VERTEX_POINT('',#3795);
#3795 = CARTESIAN_POINT('',(-0.78,0.,-2.2));
#3796 = LINE('',#3797,#3798);
#3797 = CARTESIAN_POINT('',(-0.78,0.,0.));
#3798 = VECTOR('',#3799,1.);
#3799 = DIRECTION('',(-0.,0.,-1.));
#3800 = ORIENTED_EDGE('',*,*,#3801,.F.);
#3801 = EDGE_CURVE('',#3802,#3792,#3804,.T.);
#3802 = VERTEX_POINT('',#3803);
#3803 = CARTESIAN_POINT('',(-0.52,0.,-1.75));
#3804 = LINE('',#3805,#3806);
#3805 = CARTESIAN_POINT('',(0.,0.,-1.75));
#3806 = VECTOR('',#3807,1.);
#3807 = DIRECTION('',(-1.,-0.,0.));
#3808 = ORIENTED_EDGE('',*,*,#3809,.F.);
#3809 = EDGE_CURVE('',#3810,#3802,#3812,.T.);
#3810 = VERTEX_POINT('',#3811);
#3811 = CARTESIAN_POINT('',(-0.52,0.,-2.2));
#3812 = LINE('',#3813,#3814);
#3813 = CARTESIAN_POINT('',(-0.52,0.,0.));
#3814 = VECTOR('',#3815,1.);
#3815 = DIRECTION('',(0.,-0.,1.));
#3816 = ORIENTED_EDGE('',*,*,#3817,.F.);
#3817 = EDGE_CURVE('',#3794,#3810,#3818,.T.);
#3818 = LINE('',#3819,#3820);
#3819 = CARTESIAN_POINT('',(0.,0.,-2.2));
#3820 = VECTOR('',#3821,1.);
#3821 = DIRECTION('',(1.,0.,-0.));
#3822 = FACE_BOUND('',#3823,.T.);
#3823 = EDGE_LOOP('',(#3824,#3834,#3842,#3850));
#3824 = ORIENTED_EDGE('',*,*,#3825,.F.);
#3825 = EDGE_CURVE('',#3826,#3828,#3830,.T.);
#3826 = VERTEX_POINT('',#3827);
#3827 = CARTESIAN_POINT('',(-1.85,0.,-1.43));
#3828 = VERTEX_POINT('',#3829);
#3829 = CARTESIAN_POINT('',(-1.85,0.,-1.17));
#3830 = LINE('',#3831,#3832);
#3831 = CARTESIAN_POINT('',(-1.85,0.,0.));
#3832 = VECTOR('',#3833,1.);
#3833 = DIRECTION('',(0.,-0.,1.));
#3834 = ORIENTED_EDGE('',*,*,#3835,.F.);
#3835 = EDGE_CURVE('',#3836,#3826,#3838,.T.);
#3836 = VERTEX_POINT('',#3837);
#3837 = CARTESIAN_POINT('',(-2.3,0.,-1.43));
#3838 = LINE('',#3839,#3840);
#3839 = CARTESIAN_POINT('',(0.,0.,-1.43));
#3840 = VECTOR('',#3841,1.);
#3841 = DIRECTION('',(1.,0.,-0.));
#3842 = ORIENTED_EDGE('',*,*,#3843,.F.);
#3843 = EDGE_CURVE('',#3844,#3836,#3846,.T.);
#3844 = VERTEX_POINT('',#3845);
#3845 = CARTESIAN_POINT('',(-2.3,0.,-1.17));
#3846 = LINE('',#3847,#3848);
#3847 = CARTESIAN_POINT('',(-2.3,0.,0.));
#3848 = VECTOR('',#3849,1.);
#3849 = DIRECTION('',(-0.,0.,-1.));
#3850 = ORIENTED_EDGE('',*,*,#3851,.F.);
#3851 = EDGE_CURVE('',#3828,#3844,#3852,.T.);
#3852 = LINE('',#3853,#3854);
#3853 = CARTESIAN_POINT('',(0.,0.,-1.17));
#3854 = VECTOR('',#3855,1.);
#3855 = DIRECTION('',(-1.,-0.,0.));
#3856 = FACE_BOUND('',#3857,.T.);
#3857 = EDGE_LOOP('',(#3858,#3868,#3876,#3884));
#3858 = ORIENTED_EDGE('',*,*,#3859,.F.);
#3859 = EDGE_CURVE('',#3860,#3862,#3864,.T.);
#3860 = VERTEX_POINT('',#3861);
#3861 = CARTESIAN_POINT('',(-1.85,0.,-0.78));
#3862 = VERTEX_POINT('',#3863);
#3863 = CARTESIAN_POINT('',(-1.85,0.,-0.52));
#3864 = LINE('',#3865,#3866);
#3865 = CARTESIAN_POINT('',(-1.85,0.,0.));
#3866 = VECTOR('',#3867,1.);
#3867 = DIRECTION('',(0.,-0.,1.));
#3868 = ORIENTED_EDGE('',*,*,#3869,.F.);
#3869 = EDGE_CURVE('',#3870,#3860,#3872,.T.);
#3870 = VERTEX_POINT('',#3871);
#3871 = CARTESIAN_POINT('',(-2.3,0.,-0.78));
#3872 = LINE('',#3873,#3874);
#3873 = CARTESIAN_POINT('',(0.,0.,-0.78));
#3874 = VECTOR('',#3875,1.);
#3875 = DIRECTION('',(1.,0.,-0.));
#3876 = ORIENTED_EDGE('',*,*,#3877,.F.);
#3877 = EDGE_CURVE('',#3878,#3870,#3880,.T.);
#3878 = VERTEX_POINT('',#3879);
#3879 = CARTESIAN_POINT('',(-2.3,0.,-0.52));
#3880 = LINE('',#3881,#3882);
#3881 = CARTESIAN_POINT('',(-2.3,0.,0.));
#3882 = VECTOR('',#3883,1.);
#3883 = DIRECTION('',(-0.,0.,-1.));
#3884 = ORIENTED_EDGE('',*,*,#3885,.F.);
#3885 = EDGE_CURVE('',#3862,#3878,#3886,.T.);
#3886 = LINE('',#3887,#3888);
#3887 = CARTESIAN_POINT('',(0.,0.,-0.52));
#3888 = VECTOR('',#3889,1.);
#3889 = DIRECTION('',(-1.,-0.,0.));
#3890 = FACE_BOUND('',#3891,.T.);
#3891 = EDGE_LOOP('',(#3892,#3902,#3910));
#3892 = ORIENTED_EDGE('',*,*,#3893,.F.);
#3893 = EDGE_CURVE('',#3894,#3896,#3898,.T.);
#3894 = VERTEX_POINT('',#3895);
#3895 = CARTESIAN_POINT('',(-1.8,0.,-1.9));
#3896 = VERTEX_POINT('',#3897);
#3897 = CARTESIAN_POINT('',(-2.,0.,-1.7));
#3898 = LINE('',#3899,#3900);
#3899 = CARTESIAN_POINT('',(-1.8,0.,-1.9));
#3900 = VECTOR('',#3901,1.);
#3901 = DIRECTION('',(-0.707106781187,0.,0.707106781187));
#3902 = ORIENTED_EDGE('',*,*,#3903,.F.);
#3903 = EDGE_CURVE('',#3904,#3894,#3906,.T.);
#3904 = VERTEX_POINT('',#3905);
#3905 = CARTESIAN_POINT('',(-2.,0.,-1.9));
#3906 = LINE('',#3907,#3908);
#3907 = CARTESIAN_POINT('',(0.,0.,-1.9));
#3908 = VECTOR('',#3909,1.);
#3909 = DIRECTION('',(1.,0.,-0.));
#3910 = ORIENTED_EDGE('',*,*,#3911,.F.);
#3911 = EDGE_CURVE('',#3896,#3904,#3912,.T.);
#3912 = LINE('',#3913,#3914);
#3913 = CARTESIAN_POINT('',(-2.,0.,0.));
#3914 = VECTOR('',#3915,1.);
#3915 = DIRECTION('',(-0.,0.,-1.));
#3916 = PLANE('',#3917);
#3917 = AXIS2_PLACEMENT_3D('',#3918,#3919,#3920);
#3918 = CARTESIAN_POINT('',(0.,0.,0.));
#3919 = DIRECTION('',(0.,1.,0.));
#3920 = DIRECTION('',(0.,-0.,1.));
#3921 = ADVANCED_FACE('',(#3922),#3947,.F.);
#3922 = FACE_BOUND('',#3923,.T.);
#3923 = EDGE_LOOP('',(#3924,#3932,#3940,#3946));
#3924 = ORIENTED_EDGE('',*,*,#3925,.F.);
#3925 = EDGE_CURVE('',#3926,#3198,#3928,.T.);
#3926 = VERTEX_POINT('',#3927);
#3927 = CARTESIAN_POINT('',(2.35,1.,-2.25));
#3928 = LINE('',#3929,#3930);
#3929 = CARTESIAN_POINT('',(2.35,1.,-2.25));
#3930 = VECTOR('',#3931,1.);
#3931 = DIRECTION('',(-0.,-1.,0.));
#3932 = ORIENTED_EDGE('',*,*,#3933,.F.);
#3933 = EDGE_CURVE('',#3934,#3926,#3936,.T.);
#3934 = VERTEX_POINT('',#3935);
#3935 = CARTESIAN_POINT('',(2.35,1.,2.25));
#3936 = LINE('',#3937,#3938);
#3937 = CARTESIAN_POINT('',(2.35,1.,-2.25));
#3938 = VECTOR('',#3939,1.);
#3939 = DIRECTION('',(-1.927470528863E-16,-0.,-1.));
#3940 = ORIENTED_EDGE('',*,*,#3941,.F.);
#3941 = EDGE_CURVE('',#3182,#3934,#3942,.T.);
#3942 = LINE('',#3943,#3944);
#3943 = CARTESIAN_POINT('',(2.35,1.,2.25));
#3944 = VECTOR('',#3945,1.);
#3945 = DIRECTION('',(0.,1.,-0.));
#3946 = ORIENTED_EDGE('',*,*,#3205,.T.);
#3947 = PLANE('',#3948);
#3948 = AXIS2_PLACEMENT_3D('',#3949,#3950,#3951);
#3949 = CARTESIAN_POINT('',(2.35,1.,-2.25));
#3950 = DIRECTION('',(-1.,0.,1.927470528863E-16));
#3951 = DIRECTION('',(1.927470528863E-16,0.,1.));
#3952 = ADVANCED_FACE('',(#3953),#3971,.F.);
#3953 = FACE_BOUND('',#3954,.T.);
#3954 = EDGE_LOOP('',(#3955,#3956,#3964,#3970));
#3955 = ORIENTED_EDGE('',*,*,#3941,.T.);
#3956 = ORIENTED_EDGE('',*,*,#3957,.F.);
#3957 = EDGE_CURVE('',#3958,#3934,#3960,.T.);
#3958 = VERTEX_POINT('',#3959);
#3959 = CARTESIAN_POINT('',(-2.35,1.,2.25));
#3960 = LINE('',#3961,#3962);
#3961 = CARTESIAN_POINT('',(-2.35,1.,2.25));
#3962 = VECTOR('',#3963,1.);
#3963 = DIRECTION('',(1.,-0.,0.));
#3964 = ORIENTED_EDGE('',*,*,#3965,.F.);
#3965 = EDGE_CURVE('',#3180,#3958,#3966,.T.);
#3966 = LINE('',#3967,#3968);
#3967 = CARTESIAN_POINT('',(-2.35,1.,2.25));
#3968 = VECTOR('',#3969,1.);
#3969 = DIRECTION('',(0.,1.,0.));
#3970 = ORIENTED_EDGE('',*,*,#3179,.T.);
#3971 = PLANE('',#3972);
#3972 = AXIS2_PLACEMENT_3D('',#3973,#3974,#3975);
#3973 = CARTESIAN_POINT('',(-2.35,1.,2.25));
#3974 = DIRECTION('',(0.,0.,-1.));
#3975 = DIRECTION('',(-1.,0.,-0.));
#3976 = ADVANCED_FACE('',(#3977),#3995,.F.);
#3977 = FACE_BOUND('',#3978,.T.);
#3978 = EDGE_LOOP('',(#3979,#3980,#3988,#3994));
#3979 = ORIENTED_EDGE('',*,*,#3965,.T.);
#3980 = ORIENTED_EDGE('',*,*,#3981,.F.);
#3981 = EDGE_CURVE('',#3982,#3958,#3984,.T.);
#3982 = VERTEX_POINT('',#3983);
#3983 = CARTESIAN_POINT('',(-2.35,1.,-2.25));
#3984 = LINE('',#3985,#3986);
#3985 = CARTESIAN_POINT('',(-2.35,1.,-2.25));
#3986 = VECTOR('',#3987,1.);
#3987 = DIRECTION('',(1.927470528863E-16,-0.,1.));
#3988 = ORIENTED_EDGE('',*,*,#3989,.F.);
#3989 = EDGE_CURVE('',#3190,#3982,#3990,.T.);
#3990 = LINE('',#3991,#3992);
#3991 = CARTESIAN_POINT('',(-2.35,1.,-2.25));
#3992 = VECTOR('',#3993,1.);
#3993 = DIRECTION('',(0.,1.,0.));
#3994 = ORIENTED_EDGE('',*,*,#3189,.T.);
#3995 = PLANE('',#3996);
#3996 = AXIS2_PLACEMENT_3D('',#3997,#3998,#3999);
#3997 = CARTESIAN_POINT('',(-2.35,1.,-2.25));
#3998 = DIRECTION('',(1.,0.,-1.927470528863E-16));
#3999 = DIRECTION('',(-1.927470528863E-16,0.,-1.));
#4000 = ADVANCED_FACE('',(#4001),#4012,.F.);
#4001 = FACE_BOUND('',#4002,.T.);
#4002 = EDGE_LOOP('',(#4003,#4004,#4010,#4011));
#4003 = ORIENTED_EDGE('',*,*,#3989,.T.);
#4004 = ORIENTED_EDGE('',*,*,#4005,.F.);
#4005 = EDGE_CURVE('',#3926,#3982,#4006,.T.);
#4006 = LINE('',#4007,#4008);
#4007 = CARTESIAN_POINT('',(-2.35,1.,-2.25));
#4008 = VECTOR('',#4009,1.);
#4009 = DIRECTION('',(-1.,-0.,0.));
#4010 = ORIENTED_EDGE('',*,*,#3925,.T.);
#4011 = ORIENTED_EDGE('',*,*,#3197,.T.);
#4012 = PLANE('',#4013);
#4013 = AXIS2_PLACEMENT_3D('',#4014,#4015,#4016);
#4014 = CARTESIAN_POINT('',(-2.35,1.,-2.25));
#4015 = DIRECTION('',(0.,0.,1.));
#4016 = DIRECTION('',(1.,0.,-0.));
#4017 = ADVANCED_FACE('',(#4018),#4043,.F.);
#4018 = FACE_BOUND('',#4019,.T.);
#4019 = EDGE_LOOP('',(#4020,#4028,#4036,#4042));
#4020 = ORIENTED_EDGE('',*,*,#4021,.F.);
#4021 = EDGE_CURVE('',#4022,#3232,#4024,.T.);
#4022 = VERTEX_POINT('',#4023);
#4023 = CARTESIAN_POINT('',(-0.13,0.25,2.2));
#4024 = LINE('',#4025,#4026);
#4025 = CARTESIAN_POINT('',(-0.13,0.25,2.2));
#4026 = VECTOR('',#4027,1.);
#4027 = DIRECTION('',(0.,-1.,-0.));
#4028 = ORIENTED_EDGE('',*,*,#4029,.F.);
#4029 = EDGE_CURVE('',#4030,#4022,#4032,.T.);
#4030 = VERTEX_POINT('',#4031);
#4031 = CARTESIAN_POINT('',(0.13,0.25,2.2));
#4032 = LINE('',#4033,#4034);
#4033 = CARTESIAN_POINT('',(-0.13,0.25,2.2));
#4034 = VECTOR('',#4035,1.);
#4035 = DIRECTION('',(-1.,-0.,0.));
#4036 = ORIENTED_EDGE('',*,*,#4037,.F.);
#4037 = EDGE_CURVE('',#3216,#4030,#4038,.T.);
#4038 = LINE('',#4039,#4040);
#4039 = CARTESIAN_POINT('',(0.13,0.25,2.2));
#4040 = VECTOR('',#4041,1.);
#4041 = DIRECTION('',(-0.,1.,0.));
#4042 = ORIENTED_EDGE('',*,*,#3239,.T.);
#4043 = PLANE('',#4044);
#4044 = AXIS2_PLACEMENT_3D('',#4045,#4046,#4047);
#4045 = CARTESIAN_POINT('',(-0.13,0.25,2.2));
#4046 = DIRECTION('',(0.,0.,1.));
#4047 = DIRECTION('',(1.,0.,-0.));
#4048 = ADVANCED_FACE('',(#4049),#4067,.F.);
#4049 = FACE_BOUND('',#4050,.T.);
#4050 = EDGE_LOOP('',(#4051,#4052,#4060,#4066));
#4051 = ORIENTED_EDGE('',*,*,#4037,.T.);
#4052 = ORIENTED_EDGE('',*,*,#4053,.F.);
#4053 = EDGE_CURVE('',#4054,#4030,#4056,.T.);
#4054 = VERTEX_POINT('',#4055);
#4055 = CARTESIAN_POINT('',(0.13,0.25,1.75));
#4056 = LINE('',#4057,#4058);
#4057 = CARTESIAN_POINT('',(0.13,0.25,2.2));
#4058 = VECTOR('',#4059,1.);
#4059 = DIRECTION('',(-1.204669080539E-16,-0.,1.));
#4060 = ORIENTED_EDGE('',*,*,#4061,.F.);
#4061 = EDGE_CURVE('',#3214,#4054,#4062,.T.);
#4062 = LINE('',#4063,#4064);
#4063 = CARTESIAN_POINT('',(0.13,0.25,1.75));
#4064 = VECTOR('',#4065,1.);
#4065 = DIRECTION('',(0.,1.,0.));
#4066 = ORIENTED_EDGE('',*,*,#3213,.T.);
#4067 = PLANE('',#4068);
#4068 = AXIS2_PLACEMENT_3D('',#4069,#4070,#4071);
#4069 = CARTESIAN_POINT('',(0.13,0.25,2.2));
#4070 = DIRECTION('',(1.,-0.,1.204669080539E-16));
#4071 = DIRECTION('',(1.204669080539E-16,0.,-1.));
#4072 = ADVANCED_FACE('',(#4073),#4091,.F.);
#4073 = FACE_BOUND('',#4074,.T.);
#4074 = EDGE_LOOP('',(#4075,#4076,#4084,#4090));
#4075 = ORIENTED_EDGE('',*,*,#4061,.T.);
#4076 = ORIENTED_EDGE('',*,*,#4077,.F.);
#4077 = EDGE_CURVE('',#4078,#4054,#4080,.T.);
#4078 = VERTEX_POINT('',#4079);
#4079 = CARTESIAN_POINT('',(-0.13,0.25,1.75));
#4080 = LINE('',#4081,#4082);
#4081 = CARTESIAN_POINT('',(-0.13,0.25,1.75));
#4082 = VECTOR('',#4083,1.);
#4083 = DIRECTION('',(1.,-0.,0.));
#4084 = ORIENTED_EDGE('',*,*,#4085,.F.);
#4085 = EDGE_CURVE('',#3224,#4078,#4086,.T.);
#4086 = LINE('',#4087,#4088);
#4087 = CARTESIAN_POINT('',(-0.13,0.25,1.75));
#4088 = VECTOR('',#4089,1.);
#4089 = DIRECTION('',(0.,1.,0.));
#4090 = ORIENTED_EDGE('',*,*,#3223,.T.);
#4091 = PLANE('',#4092);
#4092 = AXIS2_PLACEMENT_3D('',#4093,#4094,#4095);
#4093 = CARTESIAN_POINT('',(-0.13,0.25,1.75));
#4094 = DIRECTION('',(0.,0.,-1.));
#4095 = DIRECTION('',(-1.,0.,-0.));
#4096 = ADVANCED_FACE('',(#4097),#4108,.F.);
#4097 = FACE_BOUND('',#4098,.T.);
#4098 = EDGE_LOOP('',(#4099,#4100,#4106,#4107));
#4099 = ORIENTED_EDGE('',*,*,#4085,.T.);
#4100 = ORIENTED_EDGE('',*,*,#4101,.F.);
#4101 = EDGE_CURVE('',#4022,#4078,#4102,.T.);
#4102 = LINE('',#4103,#4104);
#4103 = CARTESIAN_POINT('',(-0.13,0.25,2.2));
#4104 = VECTOR('',#4105,1.);
#4105 = DIRECTION('',(1.204669080539E-16,-0.,-1.));
#4106 = ORIENTED_EDGE('',*,*,#4021,.T.);
#4107 = ORIENTED_EDGE('',*,*,#3231,.T.);
#4108 = PLANE('',#4109);
#4109 = AXIS2_PLACEMENT_3D('',#4110,#4111,#4112);
#4110 = CARTESIAN_POINT('',(-0.13,0.25,2.2));
#4111 = DIRECTION('',(-1.,0.,-1.204669080539E-16));
#4112 = DIRECTION('',(-1.204669080539E-16,0.,1.));
#4113 = ADVANCED_FACE('',(#4114),#4139,.F.);
#4114 = FACE_BOUND('',#4115,.T.);
#4115 = EDGE_LOOP('',(#4116,#4124,#4132,#4138));
#4116 = ORIENTED_EDGE('',*,*,#4117,.F.);
#4117 = EDGE_CURVE('',#4118,#3266,#4120,.T.);
#4118 = VERTEX_POINT('',#4119);
#4119 = CARTESIAN_POINT('',(1.85,0.25,0.13));
#4120 = LINE('',#4121,#4122);
#4121 = CARTESIAN_POINT('',(1.85,0.25,0.13));
#4122 = VECTOR('',#4123,1.);
#4123 = DIRECTION('',(0.,-1.,-0.));
#4124 = ORIENTED_EDGE('',*,*,#4125,.F.);
#4125 = EDGE_CURVE('',#4126,#4118,#4128,.T.);
#4126 = VERTEX_POINT('',#4127);
#4127 = CARTESIAN_POINT('',(2.3,0.25,0.13));
#4128 = LINE('',#4129,#4130);
#4129 = CARTESIAN_POINT('',(2.3,0.25,0.13));
#4130 = VECTOR('',#4131,1.);
#4131 = DIRECTION('',(-1.,-0.,0.));
#4132 = ORIENTED_EDGE('',*,*,#4133,.F.);
#4133 = EDGE_CURVE('',#3250,#4126,#4134,.T.);
#4134 = LINE('',#4135,#4136);
#4135 = CARTESIAN_POINT('',(2.3,0.25,0.13));
#4136 = VECTOR('',#4137,1.);
#4137 = DIRECTION('',(-0.,1.,0.));
#4138 = ORIENTED_EDGE('',*,*,#3273,.T.);
#4139 = PLANE('',#4140);
#4140 = AXIS2_PLACEMENT_3D('',#4141,#4142,#4143);
#4141 = CARTESIAN_POINT('',(2.3,0.25,0.13));
#4142 = DIRECTION('',(0.,0.,1.));
#4143 = DIRECTION('',(1.,0.,-0.));
#4144 = ADVANCED_FACE('',(#4145),#4163,.F.);
#4145 = FACE_BOUND('',#4146,.T.);
#4146 = EDGE_LOOP('',(#4147,#4148,#4156,#4162));
#4147 = ORIENTED_EDGE('',*,*,#4133,.T.);
#4148 = ORIENTED_EDGE('',*,*,#4149,.F.);
#4149 = EDGE_CURVE('',#4150,#4126,#4152,.T.);
#4150 = VERTEX_POINT('',#4151);
#4151 = CARTESIAN_POINT('',(2.3,0.25,-0.13));
#4152 = LINE('',#4153,#4154);
#4153 = CARTESIAN_POINT('',(2.3,0.25,0.13));
#4154 = VECTOR('',#4155,1.);
#4155 = DIRECTION('',(-0.,-0.,1.));
#4156 = ORIENTED_EDGE('',*,*,#4157,.F.);
#4157 = EDGE_CURVE('',#3248,#4150,#4158,.T.);
#4158 = LINE('',#4159,#4160);
#4159 = CARTESIAN_POINT('',(2.3,0.25,-0.13));
#4160 = VECTOR('',#4161,1.);
#4161 = DIRECTION('',(0.,1.,0.));
#4162 = ORIENTED_EDGE('',*,*,#3247,.T.);
#4163 = PLANE('',#4164);
#4164 = AXIS2_PLACEMENT_3D('',#4165,#4166,#4167);
#4165 = CARTESIAN_POINT('',(2.3,0.25,0.13));
#4166 = DIRECTION('',(1.,-0.,0.));
#4167 = DIRECTION('',(0.,0.,-1.));
#4168 = ADVANCED_FACE('',(#4169),#4187,.F.);
#4169 = FACE_BOUND('',#4170,.T.);
#4170 = EDGE_LOOP('',(#4171,#4172,#4180,#4186));
#4171 = ORIENTED_EDGE('',*,*,#4157,.T.);
#4172 = ORIENTED_EDGE('',*,*,#4173,.F.);
#4173 = EDGE_CURVE('',#4174,#4150,#4176,.T.);
#4174 = VERTEX_POINT('',#4175);
#4175 = CARTESIAN_POINT('',(1.85,0.25,-0.13));
#4176 = LINE('',#4177,#4178);
#4177 = CARTESIAN_POINT('',(2.3,0.25,-0.13));
#4178 = VECTOR('',#4179,1.);
#4179 = DIRECTION('',(1.,-0.,0.));
#4180 = ORIENTED_EDGE('',*,*,#4181,.F.);
#4181 = EDGE_CURVE('',#3258,#4174,#4182,.T.);
#4182 = LINE('',#4183,#4184);
#4183 = CARTESIAN_POINT('',(1.85,0.25,-0.13));
#4184 = VECTOR('',#4185,1.);
#4185 = DIRECTION('',(0.,1.,0.));
#4186 = ORIENTED_EDGE('',*,*,#3257,.T.);
#4187 = PLANE('',#4188);
#4188 = AXIS2_PLACEMENT_3D('',#4189,#4190,#4191);
#4189 = CARTESIAN_POINT('',(2.3,0.25,-0.13));
#4190 = DIRECTION('',(0.,0.,-1.));
#4191 = DIRECTION('',(-1.,0.,-0.));
#4192 = ADVANCED_FACE('',(#4193),#4204,.F.);
#4193 = FACE_BOUND('',#4194,.T.);
#4194 = EDGE_LOOP('',(#4195,#4196,#4202,#4203));
#4195 = ORIENTED_EDGE('',*,*,#4181,.T.);
#4196 = ORIENTED_EDGE('',*,*,#4197,.F.);
#4197 = EDGE_CURVE('',#4118,#4174,#4198,.T.);
#4198 = LINE('',#4199,#4200);
#4199 = CARTESIAN_POINT('',(1.85,0.25,0.13));
#4200 = VECTOR('',#4201,1.);
#4201 = DIRECTION('',(-0.,-0.,-1.));
#4202 = ORIENTED_EDGE('',*,*,#4117,.T.);
#4203 = ORIENTED_EDGE('',*,*,#3265,.T.);
#4204 = PLANE('',#4205);
#4205 = AXIS2_PLACEMENT_3D('',#4206,#4207,#4208);
#4206 = CARTESIAN_POINT('',(1.85,0.25,0.13));
#4207 = DIRECTION('',(-1.,0.,0.));
#4208 = DIRECTION('',(0.,0.,1.));
#4209 = ADVANCED_FACE('',(#4210),#4235,.F.);
#4210 = FACE_BOUND('',#4211,.T.);
#4211 = EDGE_LOOP('',(#4212,#4220,#4228,#4234));
#4212 = ORIENTED_EDGE('',*,*,#4213,.F.);
#4213 = EDGE_CURVE('',#4214,#3300,#4216,.T.);
#4214 = VERTEX_POINT('',#4215);
#4215 = CARTESIAN_POINT('',(1.85,0.25,0.78));
#4216 = LINE('',#4217,#4218);
#4217 = CARTESIAN_POINT('',(1.85,0.25,0.78));
#4218 = VECTOR('',#4219,1.);
#4219 = DIRECTION('',(0.,-1.,-0.));
#4220 = ORIENTED_EDGE('',*,*,#4221,.F.);
#4221 = EDGE_CURVE('',#4222,#4214,#4224,.T.);
#4222 = VERTEX_POINT('',#4223);
#4223 = CARTESIAN_POINT('',(2.3,0.25,0.78));
#4224 = LINE('',#4225,#4226);
#4225 = CARTESIAN_POINT('',(2.3,0.25,0.78));
#4226 = VECTOR('',#4227,1.);
#4227 = DIRECTION('',(-1.,-0.,0.));
#4228 = ORIENTED_EDGE('',*,*,#4229,.F.);
#4229 = EDGE_CURVE('',#3284,#4222,#4230,.T.);
#4230 = LINE('',#4231,#4232);
#4231 = CARTESIAN_POINT('',(2.3,0.25,0.78));
#4232 = VECTOR('',#4233,1.);
#4233 = DIRECTION('',(-0.,1.,0.));
#4234 = ORIENTED_EDGE('',*,*,#3307,.T.);
#4235 = PLANE('',#4236);
#4236 = AXIS2_PLACEMENT_3D('',#4237,#4238,#4239);
#4237 = CARTESIAN_POINT('',(2.3,0.25,0.78));
#4238 = DIRECTION('',(0.,0.,1.));
#4239 = DIRECTION('',(1.,0.,-0.));
#4240 = ADVANCED_FACE('',(#4241),#4259,.F.);
#4241 = FACE_BOUND('',#4242,.T.);
#4242 = EDGE_LOOP('',(#4243,#4244,#4252,#4258));
#4243 = ORIENTED_EDGE('',*,*,#4229,.T.);
#4244 = ORIENTED_EDGE('',*,*,#4245,.F.);
#4245 = EDGE_CURVE('',#4246,#4222,#4248,.T.);
#4246 = VERTEX_POINT('',#4247);
#4247 = CARTESIAN_POINT('',(2.3,0.25,0.52));
#4248 = LINE('',#4249,#4250);
#4249 = CARTESIAN_POINT('',(2.3,0.25,0.78));
#4250 = VECTOR('',#4251,1.);
#4251 = DIRECTION('',(-0.,-0.,1.));
#4252 = ORIENTED_EDGE('',*,*,#4253,.F.);
#4253 = EDGE_CURVE('',#3282,#4246,#4254,.T.);
#4254 = LINE('',#4255,#4256);
#4255 = CARTESIAN_POINT('',(2.3,0.25,0.52));
#4256 = VECTOR('',#4257,1.);
#4257 = DIRECTION('',(0.,1.,0.));
#4258 = ORIENTED_EDGE('',*,*,#3281,.T.);
#4259 = PLANE('',#4260);
#4260 = AXIS2_PLACEMENT_3D('',#4261,#4262,#4263);
#4261 = CARTESIAN_POINT('',(2.3,0.25,0.78));
#4262 = DIRECTION('',(1.,-0.,0.));
#4263 = DIRECTION('',(0.,0.,-1.));
#4264 = ADVANCED_FACE('',(#4265),#4283,.F.);
#4265 = FACE_BOUND('',#4266,.T.);
#4266 = EDGE_LOOP('',(#4267,#4268,#4276,#4282));
#4267 = ORIENTED_EDGE('',*,*,#4253,.T.);
#4268 = ORIENTED_EDGE('',*,*,#4269,.F.);
#4269 = EDGE_CURVE('',#4270,#4246,#4272,.T.);
#4270 = VERTEX_POINT('',#4271);
#4271 = CARTESIAN_POINT('',(1.85,0.25,0.52));
#4272 = LINE('',#4273,#4274);
#4273 = CARTESIAN_POINT('',(2.3,0.25,0.52));
#4274 = VECTOR('',#4275,1.);
#4275 = DIRECTION('',(1.,-0.,0.));
#4276 = ORIENTED_EDGE('',*,*,#4277,.F.);
#4277 = EDGE_CURVE('',#3292,#4270,#4278,.T.);
#4278 = LINE('',#4279,#4280);
#4279 = CARTESIAN_POINT('',(1.85,0.25,0.52));
#4280 = VECTOR('',#4281,1.);
#4281 = DIRECTION('',(0.,1.,0.));
#4282 = ORIENTED_EDGE('',*,*,#3291,.T.);
#4283 = PLANE('',#4284);
#4284 = AXIS2_PLACEMENT_3D('',#4285,#4286,#4287);
#4285 = CARTESIAN_POINT('',(2.3,0.25,0.52));
#4286 = DIRECTION('',(0.,0.,-1.));
#4287 = DIRECTION('',(-1.,0.,-0.));
#4288 = ADVANCED_FACE('',(#4289),#4300,.F.);
#4289 = FACE_BOUND('',#4290,.T.);
#4290 = EDGE_LOOP('',(#4291,#4292,#4298,#4299));
#4291 = ORIENTED_EDGE('',*,*,#4277,.T.);
#4292 = ORIENTED_EDGE('',*,*,#4293,.F.);
#4293 = EDGE_CURVE('',#4214,#4270,#4294,.T.);
#4294 = LINE('',#4295,#4296);
#4295 = CARTESIAN_POINT('',(1.85,0.25,0.78));
#4296 = VECTOR('',#4297,1.);
#4297 = DIRECTION('',(-1.668003342285E-15,-0.,-1.));
#4298 = ORIENTED_EDGE('',*,*,#4213,.T.);
#4299 = ORIENTED_EDGE('',*,*,#3299,.T.);
#4300 = PLANE('',#4301);
#4301 = AXIS2_PLACEMENT_3D('',#4302,#4303,#4304);
#4302 = CARTESIAN_POINT('',(1.85,0.25,0.78));
#4303 = DIRECTION('',(-1.,0.,1.668003342285E-15));
#4304 = DIRECTION('',(1.668003342285E-15,0.,1.));
#4305 = ADVANCED_FACE('',(#4306),#4331,.F.);
#4306 = FACE_BOUND('',#4307,.T.);
#4307 = EDGE_LOOP('',(#4308,#4316,#4324,#4330));
#4308 = ORIENTED_EDGE('',*,*,#4309,.F.);
#4309 = EDGE_CURVE('',#4310,#3334,#4312,.T.);
#4310 = VERTEX_POINT('',#4311);
#4311 = CARTESIAN_POINT('',(1.85,0.25,1.43));
#4312 = LINE('',#4313,#4314);
#4313 = CARTESIAN_POINT('',(1.85,0.25,1.43));
#4314 = VECTOR('',#4315,1.);
#4315 = DIRECTION('',(-0.,-1.,-0.));
#4316 = ORIENTED_EDGE('',*,*,#4317,.F.);
#4317 = EDGE_CURVE('',#4318,#4310,#4320,.T.);
#4318 = VERTEX_POINT('',#4319);
#4319 = CARTESIAN_POINT('',(2.3,0.25,1.43));
#4320 = LINE('',#4321,#4322);
#4321 = CARTESIAN_POINT('',(2.3,0.25,1.43));
#4322 = VECTOR('',#4323,1.);
#4323 = DIRECTION('',(-1.,-0.,4.818676322158E-16));
#4324 = ORIENTED_EDGE('',*,*,#4325,.F.);
#4325 = EDGE_CURVE('',#3318,#4318,#4326,.T.);
#4326 = LINE('',#4327,#4328);
#4327 = CARTESIAN_POINT('',(2.3,0.25,1.43));
#4328 = VECTOR('',#4329,1.);
#4329 = DIRECTION('',(0.,1.,0.));
#4330 = ORIENTED_EDGE('',*,*,#3341,.T.);
#4331 = PLANE('',#4332);
#4332 = AXIS2_PLACEMENT_3D('',#4333,#4334,#4335);
#4333 = CARTESIAN_POINT('',(2.3,0.25,1.43));
#4334 = DIRECTION('',(4.818676322158E-16,-0.,1.));
#4335 = DIRECTION('',(1.,0.,-4.818676322158E-16));
#4336 = ADVANCED_FACE('',(#4337),#4355,.F.);
#4337 = FACE_BOUND('',#4338,.T.);
#4338 = EDGE_LOOP('',(#4339,#4340,#4348,#4354));
#4339 = ORIENTED_EDGE('',*,*,#4325,.T.);
#4340 = ORIENTED_EDGE('',*,*,#4341,.F.);
#4341 = EDGE_CURVE('',#4342,#4318,#4344,.T.);
#4342 = VERTEX_POINT('',#4343);
#4343 = CARTESIAN_POINT('',(2.3,0.25,1.17));
#4344 = LINE('',#4345,#4346);
#4345 = CARTESIAN_POINT('',(2.3,0.25,1.43));
#4346 = VECTOR('',#4347,1.);
#4347 = DIRECTION('',(-0.,-0.,1.));
#4348 = ORIENTED_EDGE('',*,*,#4349,.F.);
#4349 = EDGE_CURVE('',#3316,#4342,#4350,.T.);
#4350 = LINE('',#4351,#4352);
#4351 = CARTESIAN_POINT('',(2.3,0.25,1.17));
#4352 = VECTOR('',#4353,1.);
#4353 = DIRECTION('',(0.,1.,0.));
#4354 = ORIENTED_EDGE('',*,*,#3315,.T.);
#4355 = PLANE('',#4356);
#4356 = AXIS2_PLACEMENT_3D('',#4357,#4358,#4359);
#4357 = CARTESIAN_POINT('',(2.3,0.25,1.43));
#4358 = DIRECTION('',(1.,-0.,0.));
#4359 = DIRECTION('',(0.,0.,-1.));
#4360 = ADVANCED_FACE('',(#4361),#4379,.F.);
#4361 = FACE_BOUND('',#4362,.T.);
#4362 = EDGE_LOOP('',(#4363,#4364,#4372,#4378));
#4363 = ORIENTED_EDGE('',*,*,#4349,.T.);
#4364 = ORIENTED_EDGE('',*,*,#4365,.F.);
#4365 = EDGE_CURVE('',#4366,#4342,#4368,.T.);
#4366 = VERTEX_POINT('',#4367);
#4367 = CARTESIAN_POINT('',(1.85,0.25,1.17));
#4368 = LINE('',#4369,#4370);
#4369 = CARTESIAN_POINT('',(2.3,0.25,1.17));
#4370 = VECTOR('',#4371,1.);
#4371 = DIRECTION('',(1.,-0.,0.));
#4372 = ORIENTED_EDGE('',*,*,#4373,.F.);
#4373 = EDGE_CURVE('',#3326,#4366,#4374,.T.);
#4374 = LINE('',#4375,#4376);
#4375 = CARTESIAN_POINT('',(1.85,0.25,1.17));
#4376 = VECTOR('',#4377,1.);
#4377 = DIRECTION('',(0.,1.,0.));
#4378 = ORIENTED_EDGE('',*,*,#3325,.T.);
#4379 = PLANE('',#4380);
#4380 = AXIS2_PLACEMENT_3D('',#4381,#4382,#4383);
#4381 = CARTESIAN_POINT('',(2.3,0.25,1.17));
#4382 = DIRECTION('',(0.,0.,-1.));
#4383 = DIRECTION('',(-1.,0.,-0.));
#4384 = ADVANCED_FACE('',(#4385),#4396,.F.);
#4385 = FACE_BOUND('',#4386,.T.);
#4386 = EDGE_LOOP('',(#4387,#4388,#4394,#4395));
#4387 = ORIENTED_EDGE('',*,*,#4373,.T.);
#4388 = ORIENTED_EDGE('',*,*,#4389,.F.);
#4389 = EDGE_CURVE('',#4310,#4366,#4390,.T.);
#4390 = LINE('',#4391,#4392);
#4391 = CARTESIAN_POINT('',(1.85,0.25,1.43));
#4392 = VECTOR('',#4393,1.);
#4393 = DIRECTION('',(-0.,-0.,-1.));
#4394 = ORIENTED_EDGE('',*,*,#4309,.T.);
#4395 = ORIENTED_EDGE('',*,*,#3333,.T.);
#4396 = PLANE('',#4397);
#4397 = AXIS2_PLACEMENT_3D('',#4398,#4399,#4400);
#4398 = CARTESIAN_POINT('',(1.85,0.25,1.43));
#4399 = DIRECTION('',(-1.,0.,0.));
#4400 = DIRECTION('',(0.,0.,1.));
#4401 = ADVANCED_FACE('',(#4402),#4427,.F.);
#4402 = FACE_BOUND('',#4403,.T.);
#4403 = EDGE_LOOP('',(#4404,#4412,#4420,#4426));
#4404 = ORIENTED_EDGE('',*,*,#4405,.F.);
#4405 = EDGE_CURVE('',#4406,#3368,#4408,.T.);
#4406 = VERTEX_POINT('',#4407);
#4407 = CARTESIAN_POINT('',(-2.3,0.25,1.43));
#4408 = LINE('',#4409,#4410);
#4409 = CARTESIAN_POINT('',(-2.3,0.25,1.43));
#4410 = VECTOR('',#4411,1.);
#4411 = DIRECTION('',(0.,-1.,-0.));
#4412 = ORIENTED_EDGE('',*,*,#4413,.F.);
#4413 = EDGE_CURVE('',#4414,#4406,#4416,.T.);
#4414 = VERTEX_POINT('',#4415);
#4415 = CARTESIAN_POINT('',(-1.85,0.25,1.43));
#4416 = LINE('',#4417,#4418);
#4417 = CARTESIAN_POINT('',(-2.3,0.25,1.43));
#4418 = VECTOR('',#4419,1.);
#4419 = DIRECTION('',(-1.,-0.,0.));
#4420 = ORIENTED_EDGE('',*,*,#4421,.F.);
#4421 = EDGE_CURVE('',#3352,#4414,#4422,.T.);
#4422 = LINE('',#4423,#4424);
#4423 = CARTESIAN_POINT('',(-1.85,0.25,1.43));
#4424 = VECTOR('',#4425,1.);
#4425 = DIRECTION('',(-0.,1.,0.));
#4426 = ORIENTED_EDGE('',*,*,#3375,.T.);
#4427 = PLANE('',#4428);
#4428 = AXIS2_PLACEMENT_3D('',#4429,#4430,#4431);
#4429 = CARTESIAN_POINT('',(-2.3,0.25,1.43));
#4430 = DIRECTION('',(0.,0.,1.));
#4431 = DIRECTION('',(1.,0.,-0.));
#4432 = ADVANCED_FACE('',(#4433),#4451,.F.);
#4433 = FACE_BOUND('',#4434,.T.);
#4434 = EDGE_LOOP('',(#4435,#4436,#4444,#4450));
#4435 = ORIENTED_EDGE('',*,*,#4421,.T.);
#4436 = ORIENTED_EDGE('',*,*,#4437,.F.);
#4437 = EDGE_CURVE('',#4438,#4414,#4440,.T.);
#4438 = VERTEX_POINT('',#4439);
#4439 = CARTESIAN_POINT('',(-1.85,0.25,1.17));
#4440 = LINE('',#4441,#4442);
#4441 = CARTESIAN_POINT('',(-1.85,0.25,1.43));
#4442 = VECTOR('',#4443,1.);
#4443 = DIRECTION('',(-0.,-0.,1.));
#4444 = ORIENTED_EDGE('',*,*,#4445,.F.);
#4445 = EDGE_CURVE('',#3350,#4438,#4446,.T.);
#4446 = LINE('',#4447,#4448);
#4447 = CARTESIAN_POINT('',(-1.85,0.25,1.17));
#4448 = VECTOR('',#4449,1.);
#4449 = DIRECTION('',(0.,1.,0.));
#4450 = ORIENTED_EDGE('',*,*,#3349,.T.);
#4451 = PLANE('',#4452);
#4452 = AXIS2_PLACEMENT_3D('',#4453,#4454,#4455);
#4453 = CARTESIAN_POINT('',(-1.85,0.25,1.43));
#4454 = DIRECTION('',(1.,-0.,0.));
#4455 = DIRECTION('',(0.,0.,-1.));
#4456 = ADVANCED_FACE('',(#4457),#4475,.F.);
#4457 = FACE_BOUND('',#4458,.T.);
#4458 = EDGE_LOOP('',(#4459,#4460,#4468,#4474));
#4459 = ORIENTED_EDGE('',*,*,#4445,.T.);
#4460 = ORIENTED_EDGE('',*,*,#4461,.F.);
#4461 = EDGE_CURVE('',#4462,#4438,#4464,.T.);
#4462 = VERTEX_POINT('',#4463);
#4463 = CARTESIAN_POINT('',(-2.3,0.25,1.17));
#4464 = LINE('',#4465,#4466);
#4465 = CARTESIAN_POINT('',(-2.3,0.25,1.17));
#4466 = VECTOR('',#4467,1.);
#4467 = DIRECTION('',(1.,-0.,0.));
#4468 = ORIENTED_EDGE('',*,*,#4469,.F.);
#4469 = EDGE_CURVE('',#3360,#4462,#4470,.T.);
#4470 = LINE('',#4471,#4472);
#4471 = CARTESIAN_POINT('',(-2.3,0.25,1.17));
#4472 = VECTOR('',#4473,1.);
#4473 = DIRECTION('',(0.,1.,0.));
#4474 = ORIENTED_EDGE('',*,*,#3359,.T.);
#4475 = PLANE('',#4476);
#4476 = AXIS2_PLACEMENT_3D('',#4477,#4478,#4479);
#4477 = CARTESIAN_POINT('',(-2.3,0.25,1.17));
#4478 = DIRECTION('',(0.,0.,-1.));
#4479 = DIRECTION('',(-1.,0.,-0.));
#4480 = ADVANCED_FACE('',(#4481),#4492,.F.);
#4481 = FACE_BOUND('',#4482,.T.);
#4482 = EDGE_LOOP('',(#4483,#4484,#4490,#4491));
#4483 = ORIENTED_EDGE('',*,*,#4469,.T.);
#4484 = ORIENTED_EDGE('',*,*,#4485,.F.);
#4485 = EDGE_CURVE('',#4406,#4462,#4486,.T.);
#4486 = LINE('',#4487,#4488);
#4487 = CARTESIAN_POINT('',(-2.3,0.25,1.43));
#4488 = VECTOR('',#4489,1.);
#4489 = DIRECTION('',(-0.,-0.,-1.));
#4490 = ORIENTED_EDGE('',*,*,#4405,.T.);
#4491 = ORIENTED_EDGE('',*,*,#3367,.T.);
#4492 = PLANE('',#4493);
#4493 = AXIS2_PLACEMENT_3D('',#4494,#4495,#4496);
#4494 = CARTESIAN_POINT('',(-2.3,0.25,1.43));
#4495 = DIRECTION('',(-1.,0.,0.));
#4496 = DIRECTION('',(0.,0.,1.));
#4497 = ADVANCED_FACE('',(#4498),#4523,.F.);
#4498 = FACE_BOUND('',#4499,.T.);
#4499 = EDGE_LOOP('',(#4500,#4508,#4516,#4522));
#4500 = ORIENTED_EDGE('',*,*,#4501,.F.);
#4501 = EDGE_CURVE('',#4502,#3402,#4504,.T.);
#4502 = VERTEX_POINT('',#4503);
#4503 = CARTESIAN_POINT('',(-2.3,0.25,0.78));
#4504 = LINE('',#4505,#4506);
#4505 = CARTESIAN_POINT('',(-2.3,0.25,0.78));
#4506 = VECTOR('',#4507,1.);
#4507 = DIRECTION('',(0.,-1.,-0.));
#4508 = ORIENTED_EDGE('',*,*,#4509,.F.);
#4509 = EDGE_CURVE('',#4510,#4502,#4512,.T.);
#4510 = VERTEX_POINT('',#4511);
#4511 = CARTESIAN_POINT('',(-1.85,0.25,0.78));
#4512 = LINE('',#4513,#4514);
#4513 = CARTESIAN_POINT('',(-2.3,0.25,0.78));
#4514 = VECTOR('',#4515,1.);
#4515 = DIRECTION('',(-1.,-0.,0.));
#4516 = ORIENTED_EDGE('',*,*,#4517,.F.);
#4517 = EDGE_CURVE('',#3386,#4510,#4518,.T.);
#4518 = LINE('',#4519,#4520);
#4519 = CARTESIAN_POINT('',(-1.85,0.25,0.78));
#4520 = VECTOR('',#4521,1.);
#4521 = DIRECTION('',(-0.,1.,0.));
#4522 = ORIENTED_EDGE('',*,*,#3409,.T.);
#4523 = PLANE('',#4524);
#4524 = AXIS2_PLACEMENT_3D('',#4525,#4526,#4527);
#4525 = CARTESIAN_POINT('',(-2.3,0.25,0.78));
#4526 = DIRECTION('',(0.,0.,1.));
#4527 = DIRECTION('',(1.,0.,-0.));
#4528 = ADVANCED_FACE('',(#4529),#4547,.F.);
#4529 = FACE_BOUND('',#4530,.T.);
#4530 = EDGE_LOOP('',(#4531,#4532,#4540,#4546));
#4531 = ORIENTED_EDGE('',*,*,#4517,.T.);
#4532 = ORIENTED_EDGE('',*,*,#4533,.F.);
#4533 = EDGE_CURVE('',#4534,#4510,#4536,.T.);
#4534 = VERTEX_POINT('',#4535);
#4535 = CARTESIAN_POINT('',(-1.85,0.25,0.52));
#4536 = LINE('',#4537,#4538);
#4537 = CARTESIAN_POINT('',(-1.85,0.25,0.78));
#4538 = VECTOR('',#4539,1.);
#4539 = DIRECTION('',(-0.,-0.,1.));
#4540 = ORIENTED_EDGE('',*,*,#4541,.F.);
#4541 = EDGE_CURVE('',#3384,#4534,#4542,.T.);
#4542 = LINE('',#4543,#4544);
#4543 = CARTESIAN_POINT('',(-1.85,0.25,0.52));
#4544 = VECTOR('',#4545,1.);
#4545 = DIRECTION('',(0.,1.,0.));
#4546 = ORIENTED_EDGE('',*,*,#3383,.T.);
#4547 = PLANE('',#4548);
#4548 = AXIS2_PLACEMENT_3D('',#4549,#4550,#4551);
#4549 = CARTESIAN_POINT('',(-1.85,0.25,0.78));
#4550 = DIRECTION('',(1.,-0.,0.));
#4551 = DIRECTION('',(0.,0.,-1.));
#4552 = ADVANCED_FACE('',(#4553),#4571,.F.);
#4553 = FACE_BOUND('',#4554,.T.);
#4554 = EDGE_LOOP('',(#4555,#4556,#4564,#4570));
#4555 = ORIENTED_EDGE('',*,*,#4541,.T.);
#4556 = ORIENTED_EDGE('',*,*,#4557,.F.);
#4557 = EDGE_CURVE('',#4558,#4534,#4560,.T.);
#4558 = VERTEX_POINT('',#4559);
#4559 = CARTESIAN_POINT('',(-2.3,0.25,0.52));
#4560 = LINE('',#4561,#4562);
#4561 = CARTESIAN_POINT('',(-2.3,0.25,0.52));
#4562 = VECTOR('',#4563,1.);
#4563 = DIRECTION('',(1.,-0.,0.));
#4564 = ORIENTED_EDGE('',*,*,#4565,.F.);
#4565 = EDGE_CURVE('',#3394,#4558,#4566,.T.);
#4566 = LINE('',#4567,#4568);
#4567 = CARTESIAN_POINT('',(-2.3,0.25,0.52));
#4568 = VECTOR('',#4569,1.);
#4569 = DIRECTION('',(0.,1.,0.));
#4570 = ORIENTED_EDGE('',*,*,#3393,.T.);
#4571 = PLANE('',#4572);
#4572 = AXIS2_PLACEMENT_3D('',#4573,#4574,#4575);
#4573 = CARTESIAN_POINT('',(-2.3,0.25,0.52));
#4574 = DIRECTION('',(0.,0.,-1.));
#4575 = DIRECTION('',(-1.,0.,-0.));
#4576 = ADVANCED_FACE('',(#4577),#4588,.F.);
#4577 = FACE_BOUND('',#4578,.T.);
#4578 = EDGE_LOOP('',(#4579,#4580,#4586,#4587));
#4579 = ORIENTED_EDGE('',*,*,#4565,.T.);
#4580 = ORIENTED_EDGE('',*,*,#4581,.F.);
#4581 = EDGE_CURVE('',#4502,#4558,#4582,.T.);
#4582 = LINE('',#4583,#4584);
#4583 = CARTESIAN_POINT('',(-2.3,0.25,0.78));
#4584 = VECTOR('',#4585,1.);
#4585 = DIRECTION('',(-0.,-0.,-1.));
#4586 = ORIENTED_EDGE('',*,*,#4501,.T.);
#4587 = ORIENTED_EDGE('',*,*,#3401,.T.);
#4588 = PLANE('',#4589);
#4589 = AXIS2_PLACEMENT_3D('',#4590,#4591,#4592);
#4590 = CARTESIAN_POINT('',(-2.3,0.25,0.78));
#4591 = DIRECTION('',(-1.,0.,0.));
#4592 = DIRECTION('',(0.,0.,1.));
#4593 = ADVANCED_FACE('',(#4594),#4619,.F.);
#4594 = FACE_BOUND('',#4595,.T.);
#4595 = EDGE_LOOP('',(#4596,#4604,#4612,#4618));
#4596 = ORIENTED_EDGE('',*,*,#4597,.F.);
#4597 = EDGE_CURVE('',#4598,#3436,#4600,.T.);
#4598 = VERTEX_POINT('',#4599);
#4599 = CARTESIAN_POINT('',(-1.17,0.25,-2.2));
#4600 = LINE('',#4601,#4602);
#4601 = CARTESIAN_POINT('',(-1.17,0.25,-2.2));
#4602 = VECTOR('',#4603,1.);
#4603 = DIRECTION('',(-0.,-1.,-0.));
#4604 = ORIENTED_EDGE('',*,*,#4605,.F.);
#4605 = EDGE_CURVE('',#4606,#4598,#4608,.T.);
#4606 = VERTEX_POINT('',#4607);
#4607 = CARTESIAN_POINT('',(-1.43,0.25,-2.2));
#4608 = LINE('',#4609,#4610);
#4609 = CARTESIAN_POINT('',(-1.43,0.25,-2.2));
#4610 = VECTOR('',#4611,1.);
#4611 = DIRECTION('',(1.,-0.,0.));
#4612 = ORIENTED_EDGE('',*,*,#4613,.F.);
#4613 = EDGE_CURVE('',#3420,#4606,#4614,.T.);
#4614 = LINE('',#4615,#4616);
#4615 = CARTESIAN_POINT('',(-1.43,0.25,-2.2));
#4616 = VECTOR('',#4617,1.);
#4617 = DIRECTION('',(0.,1.,0.));
#4618 = ORIENTED_EDGE('',*,*,#3443,.T.);
#4619 = PLANE('',#4620);
#4620 = AXIS2_PLACEMENT_3D('',#4621,#4622,#4623);
#4621 = CARTESIAN_POINT('',(-1.43,0.25,-2.2));
#4622 = DIRECTION('',(0.,0.,-1.));
#4623 = DIRECTION('',(-1.,0.,-0.));
#4624 = ADVANCED_FACE('',(#4625),#4643,.F.);
#4625 = FACE_BOUND('',#4626,.T.);
#4626 = EDGE_LOOP('',(#4627,#4628,#4636,#4642));
#4627 = ORIENTED_EDGE('',*,*,#4613,.T.);
#4628 = ORIENTED_EDGE('',*,*,#4629,.F.);
#4629 = EDGE_CURVE('',#4630,#4606,#4632,.T.);
#4630 = VERTEX_POINT('',#4631);
#4631 = CARTESIAN_POINT('',(-1.43,0.25,-1.75));
#4632 = LINE('',#4633,#4634);
#4633 = CARTESIAN_POINT('',(-1.43,0.25,-2.2));
#4634 = VECTOR('',#4635,1.);
#4635 = DIRECTION('',(-4.818676322158E-16,-0.,-1.));
#4636 = ORIENTED_EDGE('',*,*,#4637,.F.);
#4637 = EDGE_CURVE('',#3418,#4630,#4638,.T.);
#4638 = LINE('',#4639,#4640);
#4639 = CARTESIAN_POINT('',(-1.43,0.25,-1.75));
#4640 = VECTOR('',#4641,1.);
#4641 = DIRECTION('',(0.,1.,-0.));
#4642 = ORIENTED_EDGE('',*,*,#3417,.T.);
#4643 = PLANE('',#4644);
#4644 = AXIS2_PLACEMENT_3D('',#4645,#4646,#4647);
#4645 = CARTESIAN_POINT('',(-1.43,0.25,-2.2));
#4646 = DIRECTION('',(-1.,0.,4.818676322158E-16));
#4647 = DIRECTION('',(4.818676322158E-16,0.,1.));
#4648 = ADVANCED_FACE('',(#4649),#4667,.F.);
#4649 = FACE_BOUND('',#4650,.T.);
#4650 = EDGE_LOOP('',(#4651,#4652,#4660,#4666));
#4651 = ORIENTED_EDGE('',*,*,#4637,.T.);
#4652 = ORIENTED_EDGE('',*,*,#4653,.F.);
#4653 = EDGE_CURVE('',#4654,#4630,#4656,.T.);
#4654 = VERTEX_POINT('',#4655);
#4655 = CARTESIAN_POINT('',(-1.17,0.25,-1.75));
#4656 = LINE('',#4657,#4658);
#4657 = CARTESIAN_POINT('',(-1.43,0.25,-1.75));
#4658 = VECTOR('',#4659,1.);
#4659 = DIRECTION('',(-1.,-0.,0.));
#4660 = ORIENTED_EDGE('',*,*,#4661,.F.);
#4661 = EDGE_CURVE('',#3428,#4654,#4662,.T.);
#4662 = LINE('',#4663,#4664);
#4663 = CARTESIAN_POINT('',(-1.17,0.25,-1.75));
#4664 = VECTOR('',#4665,1.);
#4665 = DIRECTION('',(-0.,1.,0.));
#4666 = ORIENTED_EDGE('',*,*,#3427,.T.);
#4667 = PLANE('',#4668);
#4668 = AXIS2_PLACEMENT_3D('',#4669,#4670,#4671);
#4669 = CARTESIAN_POINT('',(-1.43,0.25,-1.75));
#4670 = DIRECTION('',(0.,0.,1.));
#4671 = DIRECTION('',(1.,0.,-0.));
#4672 = ADVANCED_FACE('',(#4673),#4684,.F.);
#4673 = FACE_BOUND('',#4674,.T.);
#4674 = EDGE_LOOP('',(#4675,#4676,#4682,#4683));
#4675 = ORIENTED_EDGE('',*,*,#4661,.T.);
#4676 = ORIENTED_EDGE('',*,*,#4677,.F.);
#4677 = EDGE_CURVE('',#4598,#4654,#4678,.T.);
#4678 = LINE('',#4679,#4680);
#4679 = CARTESIAN_POINT('',(-1.17,0.25,-2.2));
#4680 = VECTOR('',#4681,1.);
#4681 = DIRECTION('',(-0.,-0.,1.));
#4682 = ORIENTED_EDGE('',*,*,#4597,.T.);
#4683 = ORIENTED_EDGE('',*,*,#3435,.T.);
#4684 = PLANE('',#4685);
#4685 = AXIS2_PLACEMENT_3D('',#4686,#4687,#4688);
#4686 = CARTESIAN_POINT('',(-1.17,0.25,-2.2));
#4687 = DIRECTION('',(1.,-0.,0.));
#4688 = DIRECTION('',(0.,0.,-1.));
#4689 = ADVANCED_FACE('',(#4690),#4715,.F.);
#4690 = FACE_BOUND('',#4691,.T.);
#4691 = EDGE_LOOP('',(#4692,#4700,#4708,#4714));
#4692 = ORIENTED_EDGE('',*,*,#4693,.F.);
#4693 = EDGE_CURVE('',#4694,#3470,#4696,.T.);
#4694 = VERTEX_POINT('',#4695);
#4695 = CARTESIAN_POINT('',(-1.17,0.25,2.2));
#4696 = LINE('',#4697,#4698);
#4697 = CARTESIAN_POINT('',(-1.17,0.25,2.2));
#4698 = VECTOR('',#4699,1.);
#4699 = DIRECTION('',(-0.,-1.,-0.));
#4700 = ORIENTED_EDGE('',*,*,#4701,.F.);
#4701 = EDGE_CURVE('',#4702,#4694,#4704,.T.);
#4702 = VERTEX_POINT('',#4703);
#4703 = CARTESIAN_POINT('',(-1.17,0.25,1.75));
#4704 = LINE('',#4705,#4706);
#4705 = CARTESIAN_POINT('',(-1.17,0.25,2.2));
#4706 = VECTOR('',#4707,1.);
#4707 = DIRECTION('',(-0.,-0.,1.));
#4708 = ORIENTED_EDGE('',*,*,#4709,.F.);
#4709 = EDGE_CURVE('',#3454,#4702,#4710,.T.);
#4710 = LINE('',#4711,#4712);
#4711 = CARTESIAN_POINT('',(-1.17,0.25,1.75));
#4712 = VECTOR('',#4713,1.);
#4713 = DIRECTION('',(0.,1.,0.));
#4714 = ORIENTED_EDGE('',*,*,#3477,.T.);
#4715 = PLANE('',#4716);
#4716 = AXIS2_PLACEMENT_3D('',#4717,#4718,#4719);
#4717 = CARTESIAN_POINT('',(-1.17,0.25,2.2));
#4718 = DIRECTION('',(1.,-0.,0.));
#4719 = DIRECTION('',(0.,0.,-1.));
#4720 = ADVANCED_FACE('',(#4721),#4739,.F.);
#4721 = FACE_BOUND('',#4722,.T.);
#4722 = EDGE_LOOP('',(#4723,#4724,#4732,#4738));
#4723 = ORIENTED_EDGE('',*,*,#4709,.T.);
#4724 = ORIENTED_EDGE('',*,*,#4725,.F.);
#4725 = EDGE_CURVE('',#4726,#4702,#4728,.T.);
#4726 = VERTEX_POINT('',#4727);
#4727 = CARTESIAN_POINT('',(-1.43,0.25,1.75));
#4728 = LINE('',#4729,#4730);
#4729 = CARTESIAN_POINT('',(-1.43,0.25,1.75));
#4730 = VECTOR('',#4731,1.);
#4731 = DIRECTION('',(1.,-0.,0.));
#4732 = ORIENTED_EDGE('',*,*,#4733,.F.);
#4733 = EDGE_CURVE('',#3452,#4726,#4734,.T.);
#4734 = LINE('',#4735,#4736);
#4735 = CARTESIAN_POINT('',(-1.43,0.25,1.75));
#4736 = VECTOR('',#4737,1.);
#4737 = DIRECTION('',(0.,1.,0.));
#4738 = ORIENTED_EDGE('',*,*,#3451,.T.);
#4739 = PLANE('',#4740);
#4740 = AXIS2_PLACEMENT_3D('',#4741,#4742,#4743);
#4741 = CARTESIAN_POINT('',(-1.43,0.25,1.75));
#4742 = DIRECTION('',(0.,0.,-1.));
#4743 = DIRECTION('',(-1.,0.,-0.));
#4744 = ADVANCED_FACE('',(#4745),#4763,.F.);
#4745 = FACE_BOUND('',#4746,.T.);
#4746 = EDGE_LOOP('',(#4747,#4748,#4756,#4762));
#4747 = ORIENTED_EDGE('',*,*,#4733,.T.);
#4748 = ORIENTED_EDGE('',*,*,#4749,.F.);
#4749 = EDGE_CURVE('',#4750,#4726,#4752,.T.);
#4750 = VERTEX_POINT('',#4751);
#4751 = CARTESIAN_POINT('',(-1.43,0.25,2.2));
#4752 = LINE('',#4753,#4754);
#4753 = CARTESIAN_POINT('',(-1.43,0.25,2.2));
#4754 = VECTOR('',#4755,1.);
#4755 = DIRECTION('',(4.818676322158E-16,-0.,-1.));
#4756 = ORIENTED_EDGE('',*,*,#4757,.F.);
#4757 = EDGE_CURVE('',#3462,#4750,#4758,.T.);
#4758 = LINE('',#4759,#4760);
#4759 = CARTESIAN_POINT('',(-1.43,0.25,2.2));
#4760 = VECTOR('',#4761,1.);
#4761 = DIRECTION('',(0.,1.,0.));
#4762 = ORIENTED_EDGE('',*,*,#3461,.T.);
#4763 = PLANE('',#4764);
#4764 = AXIS2_PLACEMENT_3D('',#4765,#4766,#4767);
#4765 = CARTESIAN_POINT('',(-1.43,0.25,2.2));
#4766 = DIRECTION('',(-1.,0.,-4.818676322158E-16));
#4767 = DIRECTION('',(-4.818676322158E-16,0.,1.));
#4768 = ADVANCED_FACE('',(#4769),#4780,.F.);
#4769 = FACE_BOUND('',#4770,.T.);
#4770 = EDGE_LOOP('',(#4771,#4772,#4778,#4779));
#4771 = ORIENTED_EDGE('',*,*,#4757,.T.);
#4772 = ORIENTED_EDGE('',*,*,#4773,.F.);
#4773 = EDGE_CURVE('',#4694,#4750,#4774,.T.);
#4774 = LINE('',#4775,#4776);
#4775 = CARTESIAN_POINT('',(-1.43,0.25,2.2));
#4776 = VECTOR('',#4777,1.);
#4777 = DIRECTION('',(-1.,-0.,0.));
#4778 = ORIENTED_EDGE('',*,*,#4693,.T.);
#4779 = ORIENTED_EDGE('',*,*,#3469,.T.);
#4780 = PLANE('',#4781);
#4781 = AXIS2_PLACEMENT_3D('',#4782,#4783,#4784);
#4782 = CARTESIAN_POINT('',(-1.43,0.25,2.2));
#4783 = DIRECTION('',(0.,0.,1.));
#4784 = DIRECTION('',(1.,0.,-0.));
#4785 = ADVANCED_FACE('',(#4786),#4811,.F.);
#4786 = FACE_BOUND('',#4787,.T.);
#4787 = EDGE_LOOP('',(#4788,#4796,#4804,#4810));
#4788 = ORIENTED_EDGE('',*,*,#4789,.F.);
#4789 = EDGE_CURVE('',#4790,#3504,#4792,.T.);
#4790 = VERTEX_POINT('',#4791);
#4791 = CARTESIAN_POINT('',(-2.3,0.25,0.13));
#4792 = LINE('',#4793,#4794);
#4793 = CARTESIAN_POINT('',(-2.3,0.25,0.13));
#4794 = VECTOR('',#4795,1.);
#4795 = DIRECTION('',(0.,-1.,-0.));
#4796 = ORIENTED_EDGE('',*,*,#4797,.F.);
#4797 = EDGE_CURVE('',#4798,#4790,#4800,.T.);
#4798 = VERTEX_POINT('',#4799);
#4799 = CARTESIAN_POINT('',(-1.85,0.25,0.13));
#4800 = LINE('',#4801,#4802);
#4801 = CARTESIAN_POINT('',(-2.3,0.25,0.13));
#4802 = VECTOR('',#4803,1.);
#4803 = DIRECTION('',(-1.,-0.,0.));
#4804 = ORIENTED_EDGE('',*,*,#4805,.F.);
#4805 = EDGE_CURVE('',#3488,#4798,#4806,.T.);
#4806 = LINE('',#4807,#4808);
#4807 = CARTESIAN_POINT('',(-1.85,0.25,0.13));
#4808 = VECTOR('',#4809,1.);
#4809 = DIRECTION('',(-0.,1.,0.));
#4810 = ORIENTED_EDGE('',*,*,#3511,.T.);
#4811 = PLANE('',#4812);
#4812 = AXIS2_PLACEMENT_3D('',#4813,#4814,#4815);
#4813 = CARTESIAN_POINT('',(-2.3,0.25,0.13));
#4814 = DIRECTION('',(0.,0.,1.));
#4815 = DIRECTION('',(1.,0.,-0.));
#4816 = ADVANCED_FACE('',(#4817),#4835,.F.);
#4817 = FACE_BOUND('',#4818,.T.);
#4818 = EDGE_LOOP('',(#4819,#4820,#4828,#4834));
#4819 = ORIENTED_EDGE('',*,*,#4805,.T.);
#4820 = ORIENTED_EDGE('',*,*,#4821,.F.);
#4821 = EDGE_CURVE('',#4822,#4798,#4824,.T.);
#4822 = VERTEX_POINT('',#4823);
#4823 = CARTESIAN_POINT('',(-1.85,0.25,-0.13));
#4824 = LINE('',#4825,#4826);
#4825 = CARTESIAN_POINT('',(-1.85,0.25,0.13));
#4826 = VECTOR('',#4827,1.);
#4827 = DIRECTION('',(-0.,-0.,1.));
#4828 = ORIENTED_EDGE('',*,*,#4829,.F.);
#4829 = EDGE_CURVE('',#3486,#4822,#4830,.T.);
#4830 = LINE('',#4831,#4832);
#4831 = CARTESIAN_POINT('',(-1.85,0.25,-0.13));
#4832 = VECTOR('',#4833,1.);
#4833 = DIRECTION('',(0.,1.,0.));
#4834 = ORIENTED_EDGE('',*,*,#3485,.T.);
#4835 = PLANE('',#4836);
#4836 = AXIS2_PLACEMENT_3D('',#4837,#4838,#4839);
#4837 = CARTESIAN_POINT('',(-1.85,0.25,0.13));
#4838 = DIRECTION('',(1.,-0.,0.));
#4839 = DIRECTION('',(0.,0.,-1.));
#4840 = ADVANCED_FACE('',(#4841),#4859,.F.);
#4841 = FACE_BOUND('',#4842,.T.);
#4842 = EDGE_LOOP('',(#4843,#4844,#4852,#4858));
#4843 = ORIENTED_EDGE('',*,*,#4829,.T.);
#4844 = ORIENTED_EDGE('',*,*,#4845,.F.);
#4845 = EDGE_CURVE('',#4846,#4822,#4848,.T.);
#4846 = VERTEX_POINT('',#4847);
#4847 = CARTESIAN_POINT('',(-2.3,0.25,-0.13));
#4848 = LINE('',#4849,#4850);
#4849 = CARTESIAN_POINT('',(-2.3,0.25,-0.13));
#4850 = VECTOR('',#4851,1.);
#4851 = DIRECTION('',(1.,-0.,0.));
#4852 = ORIENTED_EDGE('',*,*,#4853,.F.);
#4853 = EDGE_CURVE('',#3496,#4846,#4854,.T.);
#4854 = LINE('',#4855,#4856);
#4855 = CARTESIAN_POINT('',(-2.3,0.25,-0.13));
#4856 = VECTOR('',#4857,1.);
#4857 = DIRECTION('',(0.,1.,0.));
#4858 = ORIENTED_EDGE('',*,*,#3495,.T.);
#4859 = PLANE('',#4860);
#4860 = AXIS2_PLACEMENT_3D('',#4861,#4862,#4863);
#4861 = CARTESIAN_POINT('',(-2.3,0.25,-0.13));
#4862 = DIRECTION('',(0.,0.,-1.));
#4863 = DIRECTION('',(-1.,0.,-0.));
#4864 = ADVANCED_FACE('',(#4865),#4876,.F.);
#4865 = FACE_BOUND('',#4866,.T.);
#4866 = EDGE_LOOP('',(#4867,#4868,#4874,#4875));
#4867 = ORIENTED_EDGE('',*,*,#4853,.T.);
#4868 = ORIENTED_EDGE('',*,*,#4869,.F.);
#4869 = EDGE_CURVE('',#4790,#4846,#4870,.T.);
#4870 = LINE('',#4871,#4872);
#4871 = CARTESIAN_POINT('',(-2.3,0.25,0.13));
#4872 = VECTOR('',#4873,1.);
#4873 = DIRECTION('',(-0.,-0.,-1.));
#4874 = ORIENTED_EDGE('',*,*,#4789,.T.);
#4875 = ORIENTED_EDGE('',*,*,#3503,.T.);
#4876 = PLANE('',#4877);
#4877 = AXIS2_PLACEMENT_3D('',#4878,#4879,#4880);
#4878 = CARTESIAN_POINT('',(-2.3,0.25,0.13));
#4879 = DIRECTION('',(-1.,0.,0.));
#4880 = DIRECTION('',(0.,0.,1.));
#4881 = ADVANCED_FACE('',(#4882),#4907,.F.);
#4882 = FACE_BOUND('',#4883,.T.);
#4883 = EDGE_LOOP('',(#4884,#4892,#4900,#4906));
#4884 = ORIENTED_EDGE('',*,*,#4885,.F.);
#4885 = EDGE_CURVE('',#4886,#3538,#4888,.T.);
#4886 = VERTEX_POINT('',#4887);
#4887 = CARTESIAN_POINT('',(0.78,0.25,2.2));
#4888 = LINE('',#4889,#4890);
#4889 = CARTESIAN_POINT('',(0.78,0.25,2.2));
#4890 = VECTOR('',#4891,1.);
#4891 = DIRECTION('',(-0.,-1.,-0.));
#4892 = ORIENTED_EDGE('',*,*,#4893,.F.);
#4893 = EDGE_CURVE('',#4894,#4886,#4896,.T.);
#4894 = VERTEX_POINT('',#4895);
#4895 = CARTESIAN_POINT('',(0.78,0.25,1.75));
#4896 = LINE('',#4897,#4898);
#4897 = CARTESIAN_POINT('',(0.78,0.25,2.2));
#4898 = VECTOR('',#4899,1.);
#4899 = DIRECTION('',(-2.409338161079E-16,-0.,1.));
#4900 = ORIENTED_EDGE('',*,*,#4901,.F.);
#4901 = EDGE_CURVE('',#3522,#4894,#4902,.T.);
#4902 = LINE('',#4903,#4904);
#4903 = CARTESIAN_POINT('',(0.78,0.25,1.75));
#4904 = VECTOR('',#4905,1.);
#4905 = DIRECTION('',(0.,1.,0.));
#4906 = ORIENTED_EDGE('',*,*,#3545,.T.);
#4907 = PLANE('',#4908);
#4908 = AXIS2_PLACEMENT_3D('',#4909,#4910,#4911);
#4909 = CARTESIAN_POINT('',(0.78,0.25,2.2));
#4910 = DIRECTION('',(1.,-0.,2.409338161079E-16));
#4911 = DIRECTION('',(2.409338161079E-16,0.,-1.));
#4912 = ADVANCED_FACE('',(#4913),#4931,.F.);
#4913 = FACE_BOUND('',#4914,.T.);
#4914 = EDGE_LOOP('',(#4915,#4916,#4924,#4930));
#4915 = ORIENTED_EDGE('',*,*,#4901,.T.);
#4916 = ORIENTED_EDGE('',*,*,#4917,.F.);
#4917 = EDGE_CURVE('',#4918,#4894,#4920,.T.);
#4918 = VERTEX_POINT('',#4919);
#4919 = CARTESIAN_POINT('',(0.52,0.25,1.75));
#4920 = LINE('',#4921,#4922);
#4921 = CARTESIAN_POINT('',(0.52,0.25,1.75));
#4922 = VECTOR('',#4923,1.);
#4923 = DIRECTION('',(1.,-0.,0.));
#4924 = ORIENTED_EDGE('',*,*,#4925,.F.);
#4925 = EDGE_CURVE('',#3520,#4918,#4926,.T.);
#4926 = LINE('',#4927,#4928);
#4927 = CARTESIAN_POINT('',(0.52,0.25,1.75));
#4928 = VECTOR('',#4929,1.);
#4929 = DIRECTION('',(0.,1.,0.));
#4930 = ORIENTED_EDGE('',*,*,#3519,.T.);
#4931 = PLANE('',#4932);
#4932 = AXIS2_PLACEMENT_3D('',#4933,#4934,#4935);
#4933 = CARTESIAN_POINT('',(0.52,0.25,1.75));
#4934 = DIRECTION('',(0.,0.,-1.));
#4935 = DIRECTION('',(-1.,0.,-0.));
#4936 = ADVANCED_FACE('',(#4937),#4955,.F.);
#4937 = FACE_BOUND('',#4938,.T.);
#4938 = EDGE_LOOP('',(#4939,#4940,#4948,#4954));
#4939 = ORIENTED_EDGE('',*,*,#4925,.T.);
#4940 = ORIENTED_EDGE('',*,*,#4941,.F.);
#4941 = EDGE_CURVE('',#4942,#4918,#4944,.T.);
#4942 = VERTEX_POINT('',#4943);
#4943 = CARTESIAN_POINT('',(0.52,0.25,2.2));
#4944 = LINE('',#4945,#4946);
#4945 = CARTESIAN_POINT('',(0.52,0.25,2.2));
#4946 = VECTOR('',#4947,1.);
#4947 = DIRECTION('',(2.409338161079E-16,-0.,-1.));
#4948 = ORIENTED_EDGE('',*,*,#4949,.F.);
#4949 = EDGE_CURVE('',#3530,#4942,#4950,.T.);
#4950 = LINE('',#4951,#4952);
#4951 = CARTESIAN_POINT('',(0.52,0.25,2.2));
#4952 = VECTOR('',#4953,1.);
#4953 = DIRECTION('',(0.,1.,0.));
#4954 = ORIENTED_EDGE('',*,*,#3529,.T.);
#4955 = PLANE('',#4956);
#4956 = AXIS2_PLACEMENT_3D('',#4957,#4958,#4959);
#4957 = CARTESIAN_POINT('',(0.52,0.25,2.2));
#4958 = DIRECTION('',(-1.,0.,-2.409338161079E-16));
#4959 = DIRECTION('',(-2.409338161079E-16,0.,1.));
#4960 = ADVANCED_FACE('',(#4961),#4972,.F.);
#4961 = FACE_BOUND('',#4962,.T.);
#4962 = EDGE_LOOP('',(#4963,#4964,#4970,#4971));
#4963 = ORIENTED_EDGE('',*,*,#4949,.T.);
#4964 = ORIENTED_EDGE('',*,*,#4965,.F.);
#4965 = EDGE_CURVE('',#4886,#4942,#4966,.T.);
#4966 = LINE('',#4967,#4968);
#4967 = CARTESIAN_POINT('',(0.52,0.25,2.2));
#4968 = VECTOR('',#4969,1.);
#4969 = DIRECTION('',(-1.,-0.,0.));
#4970 = ORIENTED_EDGE('',*,*,#4885,.T.);
#4971 = ORIENTED_EDGE('',*,*,#3537,.T.);
#4972 = PLANE('',#4973);
#4973 = AXIS2_PLACEMENT_3D('',#4974,#4975,#4976);
#4974 = CARTESIAN_POINT('',(0.52,0.25,2.2));
#4975 = DIRECTION('',(0.,0.,1.));
#4976 = DIRECTION('',(1.,0.,-0.));
#4977 = ADVANCED_FACE('',(#4978),#5003,.F.);
#4978 = FACE_BOUND('',#4979,.T.);
#4979 = EDGE_LOOP('',(#4980,#4988,#4996,#5002));
#4980 = ORIENTED_EDGE('',*,*,#4981,.F.);
#4981 = EDGE_CURVE('',#4982,#3572,#4984,.T.);
#4982 = VERTEX_POINT('',#4983);
#4983 = CARTESIAN_POINT('',(1.43,0.25,2.2));
#4984 = LINE('',#4985,#4986);
#4985 = CARTESIAN_POINT('',(1.43,0.25,2.2));
#4986 = VECTOR('',#4987,1.);
#4987 = DIRECTION('',(-0.,-1.,-0.));
#4988 = ORIENTED_EDGE('',*,*,#4989,.F.);
#4989 = EDGE_CURVE('',#4990,#4982,#4992,.T.);
#4990 = VERTEX_POINT('',#4991);
#4991 = CARTESIAN_POINT('',(1.43,0.25,1.75));
#4992 = LINE('',#4993,#4994);
#4993 = CARTESIAN_POINT('',(1.43,0.25,2.2));
#4994 = VECTOR('',#4995,1.);
#4995 = DIRECTION('',(-0.,-0.,1.));
#4996 = ORIENTED_EDGE('',*,*,#4997,.F.);
#4997 = EDGE_CURVE('',#3556,#4990,#4998,.T.);
#4998 = LINE('',#4999,#5000);
#4999 = CARTESIAN_POINT('',(1.43,0.25,1.75));
#5000 = VECTOR('',#5001,1.);
#5001 = DIRECTION('',(0.,1.,0.));
#5002 = ORIENTED_EDGE('',*,*,#3579,.T.);
#5003 = PLANE('',#5004);
#5004 = AXIS2_PLACEMENT_3D('',#5005,#5006,#5007);
#5005 = CARTESIAN_POINT('',(1.43,0.25,2.2));
#5006 = DIRECTION('',(1.,-0.,0.));
#5007 = DIRECTION('',(0.,0.,-1.));
#5008 = ADVANCED_FACE('',(#5009),#5027,.F.);
#5009 = FACE_BOUND('',#5010,.T.);
#5010 = EDGE_LOOP('',(#5011,#5012,#5020,#5026));
#5011 = ORIENTED_EDGE('',*,*,#4997,.T.);
#5012 = ORIENTED_EDGE('',*,*,#5013,.F.);
#5013 = EDGE_CURVE('',#5014,#4990,#5016,.T.);
#5014 = VERTEX_POINT('',#5015);
#5015 = CARTESIAN_POINT('',(1.17,0.25,1.75));
#5016 = LINE('',#5017,#5018);
#5017 = CARTESIAN_POINT('',(1.17,0.25,1.75));
#5018 = VECTOR('',#5019,1.);
#5019 = DIRECTION('',(1.,-0.,0.));
#5020 = ORIENTED_EDGE('',*,*,#5021,.F.);
#5021 = EDGE_CURVE('',#3554,#5014,#5022,.T.);
#5022 = LINE('',#5023,#5024);
#5023 = CARTESIAN_POINT('',(1.17,0.25,1.75));
#5024 = VECTOR('',#5025,1.);
#5025 = DIRECTION('',(0.,1.,0.));
#5026 = ORIENTED_EDGE('',*,*,#3553,.T.);
#5027 = PLANE('',#5028);
#5028 = AXIS2_PLACEMENT_3D('',#5029,#5030,#5031);
#5029 = CARTESIAN_POINT('',(1.17,0.25,1.75));
#5030 = DIRECTION('',(0.,0.,-1.));
#5031 = DIRECTION('',(-1.,0.,-0.));
#5032 = ADVANCED_FACE('',(#5033),#5051,.F.);
#5033 = FACE_BOUND('',#5034,.T.);
#5034 = EDGE_LOOP('',(#5035,#5036,#5044,#5050));
#5035 = ORIENTED_EDGE('',*,*,#5021,.T.);
#5036 = ORIENTED_EDGE('',*,*,#5037,.F.);
#5037 = EDGE_CURVE('',#5038,#5014,#5040,.T.);
#5038 = VERTEX_POINT('',#5039);
#5039 = CARTESIAN_POINT('',(1.17,0.25,2.2));
#5040 = LINE('',#5041,#5042);
#5041 = CARTESIAN_POINT('',(1.17,0.25,2.2));
#5042 = VECTOR('',#5043,1.);
#5043 = DIRECTION('',(4.818676322158E-16,-0.,-1.));
#5044 = ORIENTED_EDGE('',*,*,#5045,.F.);
#5045 = EDGE_CURVE('',#3564,#5038,#5046,.T.);
#5046 = LINE('',#5047,#5048);
#5047 = CARTESIAN_POINT('',(1.17,0.25,2.2));
#5048 = VECTOR('',#5049,1.);
#5049 = DIRECTION('',(0.,1.,0.));
#5050 = ORIENTED_EDGE('',*,*,#3563,.T.);
#5051 = PLANE('',#5052);
#5052 = AXIS2_PLACEMENT_3D('',#5053,#5054,#5055);
#5053 = CARTESIAN_POINT('',(1.17,0.25,2.2));
#5054 = DIRECTION('',(-1.,0.,-4.818676322158E-16));
#5055 = DIRECTION('',(-4.818676322158E-16,0.,1.));
#5056 = ADVANCED_FACE('',(#5057),#5068,.F.);
#5057 = FACE_BOUND('',#5058,.T.);
#5058 = EDGE_LOOP('',(#5059,#5060,#5066,#5067));
#5059 = ORIENTED_EDGE('',*,*,#5045,.T.);
#5060 = ORIENTED_EDGE('',*,*,#5061,.F.);
#5061 = EDGE_CURVE('',#4982,#5038,#5062,.T.);
#5062 = LINE('',#5063,#5064);
#5063 = CARTESIAN_POINT('',(1.17,0.25,2.2));
#5064 = VECTOR('',#5065,1.);
#5065 = DIRECTION('',(-1.,-0.,0.));
#5066 = ORIENTED_EDGE('',*,*,#4981,.T.);
#5067 = ORIENTED_EDGE('',*,*,#3571,.T.);
#5068 = PLANE('',#5069);
#5069 = AXIS2_PLACEMENT_3D('',#5070,#5071,#5072);
#5070 = CARTESIAN_POINT('',(1.17,0.25,2.2));
#5071 = DIRECTION('',(0.,0.,1.));
#5072 = DIRECTION('',(1.,0.,-0.));
#5073 = ADVANCED_FACE('',(#5074),#5099,.F.);
#5074 = FACE_BOUND('',#5075,.T.);
#5075 = EDGE_LOOP('',(#5076,#5084,#5092,#5098));
#5076 = ORIENTED_EDGE('',*,*,#5077,.F.);
#5077 = EDGE_CURVE('',#5078,#3606,#5080,.T.);
#5078 = VERTEX_POINT('',#5079);
#5079 = CARTESIAN_POINT('',(-0.52,0.25,2.2));
#5080 = LINE('',#5081,#5082);
#5081 = CARTESIAN_POINT('',(-0.52,0.25,2.2));
#5082 = VECTOR('',#5083,1.);
#5083 = DIRECTION('',(-0.,-1.,-0.));
#5084 = ORIENTED_EDGE('',*,*,#5085,.F.);
#5085 = EDGE_CURVE('',#5086,#5078,#5088,.T.);
#5086 = VERTEX_POINT('',#5087);
#5087 = CARTESIAN_POINT('',(-0.52,0.25,1.75));
#5088 = LINE('',#5089,#5090);
#5089 = CARTESIAN_POINT('',(-0.52,0.25,2.2));
#5090 = VECTOR('',#5091,1.);
#5091 = DIRECTION('',(-2.409338161079E-16,-0.,1.));
#5092 = ORIENTED_EDGE('',*,*,#5093,.F.);
#5093 = EDGE_CURVE('',#3590,#5086,#5094,.T.);
#5094 = LINE('',#5095,#5096);
#5095 = CARTESIAN_POINT('',(-0.52,0.25,1.75));
#5096 = VECTOR('',#5097,1.);
#5097 = DIRECTION('',(0.,1.,0.));
#5098 = ORIENTED_EDGE('',*,*,#3613,.T.);
#5099 = PLANE('',#5100);
#5100 = AXIS2_PLACEMENT_3D('',#5101,#5102,#5103);
#5101 = CARTESIAN_POINT('',(-0.52,0.25,2.2));
#5102 = DIRECTION('',(1.,-0.,2.409338161079E-16));
#5103 = DIRECTION('',(2.409338161079E-16,0.,-1.));
#5104 = ADVANCED_FACE('',(#5105),#5123,.F.);
#5105 = FACE_BOUND('',#5106,.T.);
#5106 = EDGE_LOOP('',(#5107,#5108,#5116,#5122));
#5107 = ORIENTED_EDGE('',*,*,#5093,.T.);
#5108 = ORIENTED_EDGE('',*,*,#5109,.F.);
#5109 = EDGE_CURVE('',#5110,#5086,#5112,.T.);
#5110 = VERTEX_POINT('',#5111);
#5111 = CARTESIAN_POINT('',(-0.78,0.25,1.75));
#5112 = LINE('',#5113,#5114);
#5113 = CARTESIAN_POINT('',(-0.78,0.25,1.75));
#5114 = VECTOR('',#5115,1.);
#5115 = DIRECTION('',(1.,-0.,0.));
#5116 = ORIENTED_EDGE('',*,*,#5117,.F.);
#5117 = EDGE_CURVE('',#3588,#5110,#5118,.T.);
#5118 = LINE('',#5119,#5120);
#5119 = CARTESIAN_POINT('',(-0.78,0.25,1.75));
#5120 = VECTOR('',#5121,1.);
#5121 = DIRECTION('',(0.,1.,0.));
#5122 = ORIENTED_EDGE('',*,*,#3587,.T.);
#5123 = PLANE('',#5124);
#5124 = AXIS2_PLACEMENT_3D('',#5125,#5126,#5127);
#5125 = CARTESIAN_POINT('',(-0.78,0.25,1.75));
#5126 = DIRECTION('',(0.,0.,-1.));
#5127 = DIRECTION('',(-1.,0.,-0.));
#5128 = ADVANCED_FACE('',(#5129),#5147,.F.);
#5129 = FACE_BOUND('',#5130,.T.);
#5130 = EDGE_LOOP('',(#5131,#5132,#5140,#5146));
#5131 = ORIENTED_EDGE('',*,*,#5117,.T.);
#5132 = ORIENTED_EDGE('',*,*,#5133,.F.);
#5133 = EDGE_CURVE('',#5134,#5110,#5136,.T.);
#5134 = VERTEX_POINT('',#5135);
#5135 = CARTESIAN_POINT('',(-0.78,0.25,2.2));
#5136 = LINE('',#5137,#5138);
#5137 = CARTESIAN_POINT('',(-0.78,0.25,2.2));
#5138 = VECTOR('',#5139,1.);
#5139 = DIRECTION('',(2.409338161079E-16,-0.,-1.));
#5140 = ORIENTED_EDGE('',*,*,#5141,.F.);
#5141 = EDGE_CURVE('',#3598,#5134,#5142,.T.);
#5142 = LINE('',#5143,#5144);
#5143 = CARTESIAN_POINT('',(-0.78,0.25,2.2));
#5144 = VECTOR('',#5145,1.);
#5145 = DIRECTION('',(0.,1.,0.));
#5146 = ORIENTED_EDGE('',*,*,#3597,.T.);
#5147 = PLANE('',#5148);
#5148 = AXIS2_PLACEMENT_3D('',#5149,#5150,#5151);
#5149 = CARTESIAN_POINT('',(-0.78,0.25,2.2));
#5150 = DIRECTION('',(-1.,0.,-2.409338161079E-16));
#5151 = DIRECTION('',(-2.409338161079E-16,0.,1.));
#5152 = ADVANCED_FACE('',(#5153),#5164,.F.);
#5153 = FACE_BOUND('',#5154,.T.);
#5154 = EDGE_LOOP('',(#5155,#5156,#5162,#5163));
#5155 = ORIENTED_EDGE('',*,*,#5141,.T.);
#5156 = ORIENTED_EDGE('',*,*,#5157,.F.);
#5157 = EDGE_CURVE('',#5078,#5134,#5158,.T.);
#5158 = LINE('',#5159,#5160);
#5159 = CARTESIAN_POINT('',(-0.78,0.25,2.2));
#5160 = VECTOR('',#5161,1.);
#5161 = DIRECTION('',(-1.,-0.,0.));
#5162 = ORIENTED_EDGE('',*,*,#5077,.T.);
#5163 = ORIENTED_EDGE('',*,*,#3605,.T.);
#5164 = PLANE('',#5165);
#5165 = AXIS2_PLACEMENT_3D('',#5166,#5167,#5168);
#5166 = CARTESIAN_POINT('',(-0.78,0.25,2.2));
#5167 = DIRECTION('',(0.,0.,1.));
#5168 = DIRECTION('',(1.,0.,-0.));
#5169 = ADVANCED_FACE('',(#5170),#5195,.F.);
#5170 = FACE_BOUND('',#5171,.T.);
#5171 = EDGE_LOOP('',(#5172,#5180,#5188,#5194));
#5172 = ORIENTED_EDGE('',*,*,#5173,.F.);
#5173 = EDGE_CURVE('',#5174,#3640,#5176,.T.);
#5174 = VERTEX_POINT('',#5175);
#5175 = CARTESIAN_POINT('',(1.85,0.25,-0.52));
#5176 = LINE('',#5177,#5178);
#5177 = CARTESIAN_POINT('',(1.85,0.25,-0.52));
#5178 = VECTOR('',#5179,1.);
#5179 = DIRECTION('',(0.,-1.,-0.));
#5180 = ORIENTED_EDGE('',*,*,#5181,.F.);
#5181 = EDGE_CURVE('',#5182,#5174,#5184,.T.);
#5182 = VERTEX_POINT('',#5183);
#5183 = CARTESIAN_POINT('',(2.3,0.25,-0.52));
#5184 = LINE('',#5185,#5186);
#5185 = CARTESIAN_POINT('',(2.3,0.25,-0.52));
#5186 = VECTOR('',#5187,1.);
#5187 = DIRECTION('',(-1.,-0.,0.));
#5188 = ORIENTED_EDGE('',*,*,#5189,.F.);
#5189 = EDGE_CURVE('',#3624,#5182,#5190,.T.);
#5190 = LINE('',#5191,#5192);
#5191 = CARTESIAN_POINT('',(2.3,0.25,-0.52));
#5192 = VECTOR('',#5193,1.);
#5193 = DIRECTION('',(-0.,1.,0.));
#5194 = ORIENTED_EDGE('',*,*,#3647,.T.);
#5195 = PLANE('',#5196);
#5196 = AXIS2_PLACEMENT_3D('',#5197,#5198,#5199);
#5197 = CARTESIAN_POINT('',(2.3,0.25,-0.52));
#5198 = DIRECTION('',(0.,0.,1.));
#5199 = DIRECTION('',(1.,0.,-0.));
#5200 = ADVANCED_FACE('',(#5201),#5219,.F.);
#5201 = FACE_BOUND('',#5202,.T.);
#5202 = EDGE_LOOP('',(#5203,#5204,#5212,#5218));
#5203 = ORIENTED_EDGE('',*,*,#5189,.T.);
#5204 = ORIENTED_EDGE('',*,*,#5205,.F.);
#5205 = EDGE_CURVE('',#5206,#5182,#5208,.T.);
#5206 = VERTEX_POINT('',#5207);
#5207 = CARTESIAN_POINT('',(2.3,0.25,-0.78));
#5208 = LINE('',#5209,#5210);
#5209 = CARTESIAN_POINT('',(2.3,0.25,-0.52));
#5210 = VECTOR('',#5211,1.);
#5211 = DIRECTION('',(-0.,-0.,1.));
#5212 = ORIENTED_EDGE('',*,*,#5213,.F.);
#5213 = EDGE_CURVE('',#3622,#5206,#5214,.T.);
#5214 = LINE('',#5215,#5216);
#5215 = CARTESIAN_POINT('',(2.3,0.25,-0.78));
#5216 = VECTOR('',#5217,1.);
#5217 = DIRECTION('',(0.,1.,0.));
#5218 = ORIENTED_EDGE('',*,*,#3621,.T.);
#5219 = PLANE('',#5220);
#5220 = AXIS2_PLACEMENT_3D('',#5221,#5222,#5223);
#5221 = CARTESIAN_POINT('',(2.3,0.25,-0.52));
#5222 = DIRECTION('',(1.,-0.,0.));
#5223 = DIRECTION('',(0.,0.,-1.));
#5224 = ADVANCED_FACE('',(#5225),#5243,.F.);
#5225 = FACE_BOUND('',#5226,.T.);
#5226 = EDGE_LOOP('',(#5227,#5228,#5236,#5242));
#5227 = ORIENTED_EDGE('',*,*,#5213,.T.);
#5228 = ORIENTED_EDGE('',*,*,#5229,.F.);
#5229 = EDGE_CURVE('',#5230,#5206,#5232,.T.);
#5230 = VERTEX_POINT('',#5231);
#5231 = CARTESIAN_POINT('',(1.85,0.25,-0.78));
#5232 = LINE('',#5233,#5234);
#5233 = CARTESIAN_POINT('',(2.3,0.25,-0.78));
#5234 = VECTOR('',#5235,1.);
#5235 = DIRECTION('',(1.,-0.,0.));
#5236 = ORIENTED_EDGE('',*,*,#5237,.F.);
#5237 = EDGE_CURVE('',#3632,#5230,#5238,.T.);
#5238 = LINE('',#5239,#5240);
#5239 = CARTESIAN_POINT('',(1.85,0.25,-0.78));
#5240 = VECTOR('',#5241,1.);
#5241 = DIRECTION('',(0.,1.,0.));
#5242 = ORIENTED_EDGE('',*,*,#3631,.T.);
#5243 = PLANE('',#5244);
#5244 = AXIS2_PLACEMENT_3D('',#5245,#5246,#5247);
#5245 = CARTESIAN_POINT('',(2.3,0.25,-0.78));
#5246 = DIRECTION('',(0.,0.,-1.));
#5247 = DIRECTION('',(-1.,0.,-0.));
#5248 = ADVANCED_FACE('',(#5249),#5260,.F.);
#5249 = FACE_BOUND('',#5250,.T.);
#5250 = EDGE_LOOP('',(#5251,#5252,#5258,#5259));
#5251 = ORIENTED_EDGE('',*,*,#5237,.T.);
#5252 = ORIENTED_EDGE('',*,*,#5253,.F.);
#5253 = EDGE_CURVE('',#5174,#5230,#5254,.T.);
#5254 = LINE('',#5255,#5256);
#5255 = CARTESIAN_POINT('',(1.85,0.25,-0.52));
#5256 = VECTOR('',#5257,1.);
#5257 = DIRECTION('',(-1.668003342285E-15,-0.,-1.));
#5258 = ORIENTED_EDGE('',*,*,#5173,.T.);
#5259 = ORIENTED_EDGE('',*,*,#3639,.T.);
#5260 = PLANE('',#5261);
#5261 = AXIS2_PLACEMENT_3D('',#5262,#5263,#5264);
#5262 = CARTESIAN_POINT('',(1.85,0.25,-0.52));
#5263 = DIRECTION('',(-1.,0.,1.668003342285E-15));
#5264 = DIRECTION('',(1.668003342285E-15,0.,1.));
#5265 = ADVANCED_FACE('',(#5266),#5291,.F.);
#5266 = FACE_BOUND('',#5267,.T.);
#5267 = EDGE_LOOP('',(#5268,#5276,#5284,#5290));
#5268 = ORIENTED_EDGE('',*,*,#5269,.F.);
#5269 = EDGE_CURVE('',#5270,#3674,#5272,.T.);
#5270 = VERTEX_POINT('',#5271);
#5271 = CARTESIAN_POINT('',(1.85,0.25,-1.17));
#5272 = LINE('',#5273,#5274);
#5273 = CARTESIAN_POINT('',(1.85,0.25,-1.17));
#5274 = VECTOR('',#5275,1.);
#5275 = DIRECTION('',(0.,-1.,-0.));
#5276 = ORIENTED_EDGE('',*,*,#5277,.F.);
#5277 = EDGE_CURVE('',#5278,#5270,#5280,.T.);
#5278 = VERTEX_POINT('',#5279);
#5279 = CARTESIAN_POINT('',(2.3,0.25,-1.17));
#5280 = LINE('',#5281,#5282);
#5281 = CARTESIAN_POINT('',(2.3,0.25,-1.17));
#5282 = VECTOR('',#5283,1.);
#5283 = DIRECTION('',(-1.,-0.,0.));
#5284 = ORIENTED_EDGE('',*,*,#5285,.F.);
#5285 = EDGE_CURVE('',#3658,#5278,#5286,.T.);
#5286 = LINE('',#5287,#5288);
#5287 = CARTESIAN_POINT('',(2.3,0.25,-1.17));
#5288 = VECTOR('',#5289,1.);
#5289 = DIRECTION('',(-0.,1.,0.));
#5290 = ORIENTED_EDGE('',*,*,#3681,.T.);
#5291 = PLANE('',#5292);
#5292 = AXIS2_PLACEMENT_3D('',#5293,#5294,#5295);
#5293 = CARTESIAN_POINT('',(2.3,0.25,-1.17));
#5294 = DIRECTION('',(0.,0.,1.));
#5295 = DIRECTION('',(1.,0.,-0.));
#5296 = ADVANCED_FACE('',(#5297),#5315,.F.);
#5297 = FACE_BOUND('',#5298,.T.);
#5298 = EDGE_LOOP('',(#5299,#5300,#5308,#5314));
#5299 = ORIENTED_EDGE('',*,*,#5285,.T.);
#5300 = ORIENTED_EDGE('',*,*,#5301,.F.);
#5301 = EDGE_CURVE('',#5302,#5278,#5304,.T.);
#5302 = VERTEX_POINT('',#5303);
#5303 = CARTESIAN_POINT('',(2.3,0.25,-1.43));
#5304 = LINE('',#5305,#5306);
#5305 = CARTESIAN_POINT('',(2.3,0.25,-1.17));
#5306 = VECTOR('',#5307,1.);
#5307 = DIRECTION('',(-0.,-0.,1.));
#5308 = ORIENTED_EDGE('',*,*,#5309,.F.);
#5309 = EDGE_CURVE('',#3656,#5302,#5310,.T.);
#5310 = LINE('',#5311,#5312);
#5311 = CARTESIAN_POINT('',(2.3,0.25,-1.43));
#5312 = VECTOR('',#5313,1.);
#5313 = DIRECTION('',(0.,1.,0.));
#5314 = ORIENTED_EDGE('',*,*,#3655,.T.);
#5315 = PLANE('',#5316);
#5316 = AXIS2_PLACEMENT_3D('',#5317,#5318,#5319);
#5317 = CARTESIAN_POINT('',(2.3,0.25,-1.17));
#5318 = DIRECTION('',(1.,-0.,0.));
#5319 = DIRECTION('',(0.,0.,-1.));
#5320 = ADVANCED_FACE('',(#5321),#5339,.F.);
#5321 = FACE_BOUND('',#5322,.T.);
#5322 = EDGE_LOOP('',(#5323,#5324,#5332,#5338));
#5323 = ORIENTED_EDGE('',*,*,#5309,.T.);
#5324 = ORIENTED_EDGE('',*,*,#5325,.F.);
#5325 = EDGE_CURVE('',#5326,#5302,#5328,.T.);
#5326 = VERTEX_POINT('',#5327);
#5327 = CARTESIAN_POINT('',(1.85,0.25,-1.43));
#5328 = LINE('',#5329,#5330);
#5329 = CARTESIAN_POINT('',(2.3,0.25,-1.43));
#5330 = VECTOR('',#5331,1.);
#5331 = DIRECTION('',(1.,-0.,0.));
#5332 = ORIENTED_EDGE('',*,*,#5333,.F.);
#5333 = EDGE_CURVE('',#3666,#5326,#5334,.T.);
#5334 = LINE('',#5335,#5336);
#5335 = CARTESIAN_POINT('',(1.85,0.25,-1.43));
#5336 = VECTOR('',#5337,1.);
#5337 = DIRECTION('',(0.,1.,0.));
#5338 = ORIENTED_EDGE('',*,*,#3665,.T.);
#5339 = PLANE('',#5340);
#5340 = AXIS2_PLACEMENT_3D('',#5341,#5342,#5343);
#5341 = CARTESIAN_POINT('',(2.3,0.25,-1.43));
#5342 = DIRECTION('',(0.,0.,-1.));
#5343 = DIRECTION('',(-1.,0.,-0.));
#5344 = ADVANCED_FACE('',(#5345),#5356,.F.);
#5345 = FACE_BOUND('',#5346,.T.);
#5346 = EDGE_LOOP('',(#5347,#5348,#5354,#5355));
#5347 = ORIENTED_EDGE('',*,*,#5333,.T.);
#5348 = ORIENTED_EDGE('',*,*,#5349,.F.);
#5349 = EDGE_CURVE('',#5270,#5326,#5350,.T.);
#5350 = LINE('',#5351,#5352);
#5351 = CARTESIAN_POINT('',(1.85,0.25,-1.17));
#5352 = VECTOR('',#5353,1.);
#5353 = DIRECTION('',(-0.,-0.,-1.));
#5354 = ORIENTED_EDGE('',*,*,#5269,.T.);
#5355 = ORIENTED_EDGE('',*,*,#3673,.T.);
#5356 = PLANE('',#5357);
#5357 = AXIS2_PLACEMENT_3D('',#5358,#5359,#5360);
#5358 = CARTESIAN_POINT('',(1.85,0.25,-1.17));
#5359 = DIRECTION('',(-1.,0.,0.));
#5360 = DIRECTION('',(0.,0.,1.));
#5361 = ADVANCED_FACE('',(#5362),#5387,.F.);
#5362 = FACE_BOUND('',#5363,.T.);
#5363 = EDGE_LOOP('',(#5364,#5372,#5380,#5386));
#5364 = ORIENTED_EDGE('',*,*,#5365,.F.);
#5365 = EDGE_CURVE('',#5366,#3708,#5368,.T.);
#5366 = VERTEX_POINT('',#5367);
#5367 = CARTESIAN_POINT('',(0.13,0.25,-2.2));
#5368 = LINE('',#5369,#5370);
#5369 = CARTESIAN_POINT('',(0.13,0.25,-2.2));
#5370 = VECTOR('',#5371,1.);
#5371 = DIRECTION('',(-0.,-1.,-0.));
#5372 = ORIENTED_EDGE('',*,*,#5373,.F.);
#5373 = EDGE_CURVE('',#5374,#5366,#5376,.T.);
#5374 = VERTEX_POINT('',#5375);
#5375 = CARTESIAN_POINT('',(-0.13,0.25,-2.2));
#5376 = LINE('',#5377,#5378);
#5377 = CARTESIAN_POINT('',(-0.13,0.25,-2.2));
#5378 = VECTOR('',#5379,1.);
#5379 = DIRECTION('',(1.,-0.,0.));
#5380 = ORIENTED_EDGE('',*,*,#5381,.F.);
#5381 = EDGE_CURVE('',#3692,#5374,#5382,.T.);
#5382 = LINE('',#5383,#5384);
#5383 = CARTESIAN_POINT('',(-0.13,0.25,-2.2));
#5384 = VECTOR('',#5385,1.);
#5385 = DIRECTION('',(0.,1.,0.));
#5386 = ORIENTED_EDGE('',*,*,#3715,.T.);
#5387 = PLANE('',#5388);
#5388 = AXIS2_PLACEMENT_3D('',#5389,#5390,#5391);
#5389 = CARTESIAN_POINT('',(-0.13,0.25,-2.2));
#5390 = DIRECTION('',(0.,0.,-1.));
#5391 = DIRECTION('',(-1.,0.,-0.));
#5392 = ADVANCED_FACE('',(#5393),#5411,.F.);
#5393 = FACE_BOUND('',#5394,.T.);
#5394 = EDGE_LOOP('',(#5395,#5396,#5404,#5410));
#5395 = ORIENTED_EDGE('',*,*,#5381,.T.);
#5396 = ORIENTED_EDGE('',*,*,#5397,.F.);
#5397 = EDGE_CURVE('',#5398,#5374,#5400,.T.);
#5398 = VERTEX_POINT('',#5399);
#5399 = CARTESIAN_POINT('',(-0.13,0.25,-1.75));
#5400 = LINE('',#5401,#5402);
#5401 = CARTESIAN_POINT('',(-0.13,0.25,-2.2));
#5402 = VECTOR('',#5403,1.);
#5403 = DIRECTION('',(-1.204669080539E-16,-0.,-1.));
#5404 = ORIENTED_EDGE('',*,*,#5405,.F.);
#5405 = EDGE_CURVE('',#3690,#5398,#5406,.T.);
#5406 = LINE('',#5407,#5408);
#5407 = CARTESIAN_POINT('',(-0.13,0.25,-1.75));
#5408 = VECTOR('',#5409,1.);
#5409 = DIRECTION('',(0.,1.,-0.));
#5410 = ORIENTED_EDGE('',*,*,#3689,.T.);
#5411 = PLANE('',#5412);
#5412 = AXIS2_PLACEMENT_3D('',#5413,#5414,#5415);
#5413 = CARTESIAN_POINT('',(-0.13,0.25,-2.2));
#5414 = DIRECTION('',(-1.,0.,1.204669080539E-16));
#5415 = DIRECTION('',(1.204669080539E-16,0.,1.));
#5416 = ADVANCED_FACE('',(#5417),#5435,.F.);
#5417 = FACE_BOUND('',#5418,.T.);
#5418 = EDGE_LOOP('',(#5419,#5420,#5428,#5434));
#5419 = ORIENTED_EDGE('',*,*,#5405,.T.);
#5420 = ORIENTED_EDGE('',*,*,#5421,.F.);
#5421 = EDGE_CURVE('',#5422,#5398,#5424,.T.);
#5422 = VERTEX_POINT('',#5423);
#5423 = CARTESIAN_POINT('',(0.13,0.25,-1.75));
#5424 = LINE('',#5425,#5426);
#5425 = CARTESIAN_POINT('',(-0.13,0.25,-1.75));
#5426 = VECTOR('',#5427,1.);
#5427 = DIRECTION('',(-1.,-0.,0.));
#5428 = ORIENTED_EDGE('',*,*,#5429,.F.);
#5429 = EDGE_CURVE('',#3700,#5422,#5430,.T.);
#5430 = LINE('',#5431,#5432);
#5431 = CARTESIAN_POINT('',(0.13,0.25,-1.75));
#5432 = VECTOR('',#5433,1.);
#5433 = DIRECTION('',(-0.,1.,0.));
#5434 = ORIENTED_EDGE('',*,*,#3699,.T.);
#5435 = PLANE('',#5436);
#5436 = AXIS2_PLACEMENT_3D('',#5437,#5438,#5439);
#5437 = CARTESIAN_POINT('',(-0.13,0.25,-1.75));
#5438 = DIRECTION('',(0.,0.,1.));
#5439 = DIRECTION('',(1.,0.,-0.));
#5440 = ADVANCED_FACE('',(#5441),#5452,.F.);
#5441 = FACE_BOUND('',#5442,.T.);
#5442 = EDGE_LOOP('',(#5443,#5444,#5450,#5451));
#5443 = ORIENTED_EDGE('',*,*,#5429,.T.);
#5444 = ORIENTED_EDGE('',*,*,#5445,.F.);
#5445 = EDGE_CURVE('',#5366,#5422,#5446,.T.);
#5446 = LINE('',#5447,#5448);
#5447 = CARTESIAN_POINT('',(0.13,0.25,-2.2));
#5448 = VECTOR('',#5449,1.);
#5449 = DIRECTION('',(1.204669080539E-16,-0.,1.));
#5450 = ORIENTED_EDGE('',*,*,#5365,.T.);
#5451 = ORIENTED_EDGE('',*,*,#3707,.T.);
#5452 = PLANE('',#5453);
#5453 = AXIS2_PLACEMENT_3D('',#5454,#5455,#5456);
#5454 = CARTESIAN_POINT('',(0.13,0.25,-2.2));
#5455 = DIRECTION('',(1.,0.,-1.204669080539E-16));
#5456 = DIRECTION('',(-1.204669080539E-16,0.,-1.));
#5457 = ADVANCED_FACE('',(#5458),#5483,.F.);
#5458 = FACE_BOUND('',#5459,.T.);
#5459 = EDGE_LOOP('',(#5460,#5468,#5476,#5482));
#5460 = ORIENTED_EDGE('',*,*,#5461,.F.);
#5461 = EDGE_CURVE('',#5462,#3742,#5464,.T.);
#5462 = VERTEX_POINT('',#5463);
#5463 = CARTESIAN_POINT('',(0.78,0.25,-2.2));
#5464 = LINE('',#5465,#5466);
#5465 = CARTESIAN_POINT('',(0.78,0.25,-2.2));
#5466 = VECTOR('',#5467,1.);
#5467 = DIRECTION('',(-0.,-1.,-0.));
#5468 = ORIENTED_EDGE('',*,*,#5469,.F.);
#5469 = EDGE_CURVE('',#5470,#5462,#5472,.T.);
#5470 = VERTEX_POINT('',#5471);
#5471 = CARTESIAN_POINT('',(0.52,0.25,-2.2));
#5472 = LINE('',#5473,#5474);
#5473 = CARTESIAN_POINT('',(0.52,0.25,-2.2));
#5474 = VECTOR('',#5475,1.);
#5475 = DIRECTION('',(1.,-0.,0.));
#5476 = ORIENTED_EDGE('',*,*,#5477,.F.);
#5477 = EDGE_CURVE('',#3726,#5470,#5478,.T.);
#5478 = LINE('',#5479,#5480);
#5479 = CARTESIAN_POINT('',(0.52,0.25,-2.2));
#5480 = VECTOR('',#5481,1.);
#5481 = DIRECTION('',(0.,1.,0.));
#5482 = ORIENTED_EDGE('',*,*,#3749,.T.);
#5483 = PLANE('',#5484);
#5484 = AXIS2_PLACEMENT_3D('',#5485,#5486,#5487);
#5485 = CARTESIAN_POINT('',(0.52,0.25,-2.2));
#5486 = DIRECTION('',(0.,0.,-1.));
#5487 = DIRECTION('',(-1.,0.,-0.));
#5488 = ADVANCED_FACE('',(#5489),#5507,.F.);
#5489 = FACE_BOUND('',#5490,.T.);
#5490 = EDGE_LOOP('',(#5491,#5492,#5500,#5506));
#5491 = ORIENTED_EDGE('',*,*,#5477,.T.);
#5492 = ORIENTED_EDGE('',*,*,#5493,.F.);
#5493 = EDGE_CURVE('',#5494,#5470,#5496,.T.);
#5494 = VERTEX_POINT('',#5495);
#5495 = CARTESIAN_POINT('',(0.52,0.25,-1.75));
#5496 = LINE('',#5497,#5498);
#5497 = CARTESIAN_POINT('',(0.52,0.25,-2.2));
#5498 = VECTOR('',#5499,1.);
#5499 = DIRECTION('',(-2.409338161079E-16,-0.,-1.));
#5500 = ORIENTED_EDGE('',*,*,#5501,.F.);
#5501 = EDGE_CURVE('',#3724,#5494,#5502,.T.);
#5502 = LINE('',#5503,#5504);
#5503 = CARTESIAN_POINT('',(0.52,0.25,-1.75));
#5504 = VECTOR('',#5505,1.);
#5505 = DIRECTION('',(0.,1.,-0.));
#5506 = ORIENTED_EDGE('',*,*,#3723,.T.);
#5507 = PLANE('',#5508);
#5508 = AXIS2_PLACEMENT_3D('',#5509,#5510,#5511);
#5509 = CARTESIAN_POINT('',(0.52,0.25,-2.2));
#5510 = DIRECTION('',(-1.,0.,2.409338161079E-16));
#5511 = DIRECTION('',(2.409338161079E-16,0.,1.));
#5512 = ADVANCED_FACE('',(#5513),#5531,.F.);
#5513 = FACE_BOUND('',#5514,.T.);
#5514 = EDGE_LOOP('',(#5515,#5516,#5524,#5530));
#5515 = ORIENTED_EDGE('',*,*,#5501,.T.);
#5516 = ORIENTED_EDGE('',*,*,#5517,.F.);
#5517 = EDGE_CURVE('',#5518,#5494,#5520,.T.);
#5518 = VERTEX_POINT('',#5519);
#5519 = CARTESIAN_POINT('',(0.78,0.25,-1.75));
#5520 = LINE('',#5521,#5522);
#5521 = CARTESIAN_POINT('',(0.52,0.25,-1.75));
#5522 = VECTOR('',#5523,1.);
#5523 = DIRECTION('',(-1.,-0.,0.));
#5524 = ORIENTED_EDGE('',*,*,#5525,.F.);
#5525 = EDGE_CURVE('',#3734,#5518,#5526,.T.);
#5526 = LINE('',#5527,#5528);
#5527 = CARTESIAN_POINT('',(0.78,0.25,-1.75));
#5528 = VECTOR('',#5529,1.);
#5529 = DIRECTION('',(-0.,1.,0.));
#5530 = ORIENTED_EDGE('',*,*,#3733,.T.);
#5531 = PLANE('',#5532);
#5532 = AXIS2_PLACEMENT_3D('',#5533,#5534,#5535);
#5533 = CARTESIAN_POINT('',(0.52,0.25,-1.75));
#5534 = DIRECTION('',(0.,0.,1.));
#5535 = DIRECTION('',(1.,0.,-0.));
#5536 = ADVANCED_FACE('',(#5537),#5548,.F.);
#5537 = FACE_BOUND('',#5538,.T.);
#5538 = EDGE_LOOP('',(#5539,#5540,#5546,#5547));
#5539 = ORIENTED_EDGE('',*,*,#5525,.T.);
#5540 = ORIENTED_EDGE('',*,*,#5541,.F.);
#5541 = EDGE_CURVE('',#5462,#5518,#5542,.T.);
#5542 = LINE('',#5543,#5544);
#5543 = CARTESIAN_POINT('',(0.78,0.25,-2.2));
#5544 = VECTOR('',#5545,1.);
#5545 = DIRECTION('',(2.409338161079E-16,-0.,1.));
#5546 = ORIENTED_EDGE('',*,*,#5461,.T.);
#5547 = ORIENTED_EDGE('',*,*,#3741,.T.);
#5548 = PLANE('',#5549);
#5549 = AXIS2_PLACEMENT_3D('',#5550,#5551,#5552);
#5550 = CARTESIAN_POINT('',(0.78,0.25,-2.2));
#5551 = DIRECTION('',(1.,0.,-2.409338161079E-16));
#5552 = DIRECTION('',(-2.409338161079E-16,0.,-1.));
#5553 = ADVANCED_FACE('',(#5554),#5579,.F.);
#5554 = FACE_BOUND('',#5555,.T.);
#5555 = EDGE_LOOP('',(#5556,#5564,#5572,#5578));
#5556 = ORIENTED_EDGE('',*,*,#5557,.F.);
#5557 = EDGE_CURVE('',#5558,#3776,#5560,.T.);
#5558 = VERTEX_POINT('',#5559);
#5559 = CARTESIAN_POINT('',(1.43,0.25,-2.2));
#5560 = LINE('',#5561,#5562);
#5561 = CARTESIAN_POINT('',(1.43,0.25,-2.2));
#5562 = VECTOR('',#5563,1.);
#5563 = DIRECTION('',(-0.,-1.,-0.));
#5564 = ORIENTED_EDGE('',*,*,#5565,.F.);
#5565 = EDGE_CURVE('',#5566,#5558,#5568,.T.);
#5566 = VERTEX_POINT('',#5567);
#5567 = CARTESIAN_POINT('',(1.17,0.25,-2.2));
#5568 = LINE('',#5569,#5570);
#5569 = CARTESIAN_POINT('',(1.17,0.25,-2.2));
#5570 = VECTOR('',#5571,1.);
#5571 = DIRECTION('',(1.,-0.,0.));
#5572 = ORIENTED_EDGE('',*,*,#5573,.F.);
#5573 = EDGE_CURVE('',#3760,#5566,#5574,.T.);
#5574 = LINE('',#5575,#5576);
#5575 = CARTESIAN_POINT('',(1.17,0.25,-2.2));
#5576 = VECTOR('',#5577,1.);
#5577 = DIRECTION('',(0.,1.,0.));
#5578 = ORIENTED_EDGE('',*,*,#3783,.T.);
#5579 = PLANE('',#5580);
#5580 = AXIS2_PLACEMENT_3D('',#5581,#5582,#5583);
#5581 = CARTESIAN_POINT('',(1.17,0.25,-2.2));
#5582 = DIRECTION('',(0.,0.,-1.));
#5583 = DIRECTION('',(-1.,0.,-0.));
#5584 = ADVANCED_FACE('',(#5585),#5603,.F.);
#5585 = FACE_BOUND('',#5586,.T.);
#5586 = EDGE_LOOP('',(#5587,#5588,#5596,#5602));
#5587 = ORIENTED_EDGE('',*,*,#5573,.T.);
#5588 = ORIENTED_EDGE('',*,*,#5589,.F.);
#5589 = EDGE_CURVE('',#5590,#5566,#5592,.T.);
#5590 = VERTEX_POINT('',#5591);
#5591 = CARTESIAN_POINT('',(1.17,0.25,-1.75));
#5592 = LINE('',#5593,#5594);
#5593 = CARTESIAN_POINT('',(1.17,0.25,-2.2));
#5594 = VECTOR('',#5595,1.);
#5595 = DIRECTION('',(-4.818676322158E-16,-0.,-1.));
#5596 = ORIENTED_EDGE('',*,*,#5597,.F.);
#5597 = EDGE_CURVE('',#3758,#5590,#5598,.T.);
#5598 = LINE('',#5599,#5600);
#5599 = CARTESIAN_POINT('',(1.17,0.25,-1.75));
#5600 = VECTOR('',#5601,1.);
#5601 = DIRECTION('',(0.,1.,-0.));
#5602 = ORIENTED_EDGE('',*,*,#3757,.T.);
#5603 = PLANE('',#5604);
#5604 = AXIS2_PLACEMENT_3D('',#5605,#5606,#5607);
#5605 = CARTESIAN_POINT('',(1.17,0.25,-2.2));
#5606 = DIRECTION('',(-1.,0.,4.818676322158E-16));
#5607 = DIRECTION('',(4.818676322158E-16,0.,1.));
#5608 = ADVANCED_FACE('',(#5609),#5627,.F.);
#5609 = FACE_BOUND('',#5610,.T.);
#5610 = EDGE_LOOP('',(#5611,#5612,#5620,#5626));
#5611 = ORIENTED_EDGE('',*,*,#5597,.T.);
#5612 = ORIENTED_EDGE('',*,*,#5613,.F.);
#5613 = EDGE_CURVE('',#5614,#5590,#5616,.T.);
#5614 = VERTEX_POINT('',#5615);
#5615 = CARTESIAN_POINT('',(1.43,0.25,-1.75));
#5616 = LINE('',#5617,#5618);
#5617 = CARTESIAN_POINT('',(1.17,0.25,-1.75));
#5618 = VECTOR('',#5619,1.);
#5619 = DIRECTION('',(-1.,-0.,0.));
#5620 = ORIENTED_EDGE('',*,*,#5621,.F.);
#5621 = EDGE_CURVE('',#3768,#5614,#5622,.T.);
#5622 = LINE('',#5623,#5624);
#5623 = CARTESIAN_POINT('',(1.43,0.25,-1.75));
#5624 = VECTOR('',#5625,1.);
#5625 = DIRECTION('',(-0.,1.,0.));
#5626 = ORIENTED_EDGE('',*,*,#3767,.T.);
#5627 = PLANE('',#5628);
#5628 = AXIS2_PLACEMENT_3D('',#5629,#5630,#5631);
#5629 = CARTESIAN_POINT('',(1.17,0.25,-1.75));
#5630 = DIRECTION('',(0.,0.,1.));
#5631 = DIRECTION('',(1.,0.,-0.));
#5632 = ADVANCED_FACE('',(#5633),#5644,.F.);
#5633 = FACE_BOUND('',#5634,.T.);
#5634 = EDGE_LOOP('',(#5635,#5636,#5642,#5643));
#5635 = ORIENTED_EDGE('',*,*,#5621,.T.);
#5636 = ORIENTED_EDGE('',*,*,#5637,.F.);
#5637 = EDGE_CURVE('',#5558,#5614,#5638,.T.);
#5638 = LINE('',#5639,#5640);
#5639 = CARTESIAN_POINT('',(1.43,0.25,-2.2));
#5640 = VECTOR('',#5641,1.);
#5641 = DIRECTION('',(-0.,-0.,1.));
#5642 = ORIENTED_EDGE('',*,*,#5557,.T.);
#5643 = ORIENTED_EDGE('',*,*,#3775,.T.);
#5644 = PLANE('',#5645);
#5645 = AXIS2_PLACEMENT_3D('',#5646,#5647,#5648);
#5646 = CARTESIAN_POINT('',(1.43,0.25,-2.2));
#5647 = DIRECTION('',(1.,-0.,0.));
#5648 = DIRECTION('',(0.,0.,-1.));
#5649 = ADVANCED_FACE('',(#5650),#5675,.F.);
#5650 = FACE_BOUND('',#5651,.T.);
#5651 = EDGE_LOOP('',(#5652,#5660,#5668,#5674));
#5652 = ORIENTED_EDGE('',*,*,#5653,.F.);
#5653 = EDGE_CURVE('',#5654,#3810,#5656,.T.);
#5654 = VERTEX_POINT('',#5655);
#5655 = CARTESIAN_POINT('',(-0.52,0.25,-2.2));
#5656 = LINE('',#5657,#5658);
#5657 = CARTESIAN_POINT('',(-0.52,0.25,-2.2));
#5658 = VECTOR('',#5659,1.);
#5659 = DIRECTION('',(-0.,-1.,-0.));
#5660 = ORIENTED_EDGE('',*,*,#5661,.F.);
#5661 = EDGE_CURVE('',#5662,#5654,#5664,.T.);
#5662 = VERTEX_POINT('',#5663);
#5663 = CARTESIAN_POINT('',(-0.78,0.25,-2.2));
#5664 = LINE('',#5665,#5666);
#5665 = CARTESIAN_POINT('',(-0.78,0.25,-2.2));
#5666 = VECTOR('',#5667,1.);
#5667 = DIRECTION('',(1.,-0.,0.));
#5668 = ORIENTED_EDGE('',*,*,#5669,.F.);
#5669 = EDGE_CURVE('',#3794,#5662,#5670,.T.);
#5670 = LINE('',#5671,#5672);
#5671 = CARTESIAN_POINT('',(-0.78,0.25,-2.2));
#5672 = VECTOR('',#5673,1.);
#5673 = DIRECTION('',(0.,1.,0.));
#5674 = ORIENTED_EDGE('',*,*,#3817,.T.);
#5675 = PLANE('',#5676);
#5676 = AXIS2_PLACEMENT_3D('',#5677,#5678,#5679);
#5677 = CARTESIAN_POINT('',(-0.78,0.25,-2.2));
#5678 = DIRECTION('',(0.,0.,-1.));
#5679 = DIRECTION('',(-1.,0.,-0.));
#5680 = ADVANCED_FACE('',(#5681),#5699,.F.);
#5681 = FACE_BOUND('',#5682,.T.);
#5682 = EDGE_LOOP('',(#5683,#5684,#5692,#5698));
#5683 = ORIENTED_EDGE('',*,*,#5669,.T.);
#5684 = ORIENTED_EDGE('',*,*,#5685,.F.);
#5685 = EDGE_CURVE('',#5686,#5662,#5688,.T.);
#5686 = VERTEX_POINT('',#5687);
#5687 = CARTESIAN_POINT('',(-0.78,0.25,-1.75));
#5688 = LINE('',#5689,#5690);
#5689 = CARTESIAN_POINT('',(-0.78,0.25,-2.2));
#5690 = VECTOR('',#5691,1.);
#5691 = DIRECTION('',(-2.409338161079E-16,-0.,-1.));
#5692 = ORIENTED_EDGE('',*,*,#5693,.F.);
#5693 = EDGE_CURVE('',#3792,#5686,#5694,.T.);
#5694 = LINE('',#5695,#5696);
#5695 = CARTESIAN_POINT('',(-0.78,0.25,-1.75));
#5696 = VECTOR('',#5697,1.);
#5697 = DIRECTION('',(0.,1.,-0.));
#5698 = ORIENTED_EDGE('',*,*,#3791,.T.);
#5699 = PLANE('',#5700);
#5700 = AXIS2_PLACEMENT_3D('',#5701,#5702,#5703);
#5701 = CARTESIAN_POINT('',(-0.78,0.25,-2.2));
#5702 = DIRECTION('',(-1.,0.,2.409338161079E-16));
#5703 = DIRECTION('',(2.409338161079E-16,0.,1.));
#5704 = ADVANCED_FACE('',(#5705),#5723,.F.);
#5705 = FACE_BOUND('',#5706,.T.);
#5706 = EDGE_LOOP('',(#5707,#5708,#5716,#5722));
#5707 = ORIENTED_EDGE('',*,*,#5693,.T.);
#5708 = ORIENTED_EDGE('',*,*,#5709,.F.);
#5709 = EDGE_CURVE('',#5710,#5686,#5712,.T.);
#5710 = VERTEX_POINT('',#5711);
#5711 = CARTESIAN_POINT('',(-0.52,0.25,-1.75));
#5712 = LINE('',#5713,#5714);
#5713 = CARTESIAN_POINT('',(-0.78,0.25,-1.75));
#5714 = VECTOR('',#5715,1.);
#5715 = DIRECTION('',(-1.,-0.,0.));
#5716 = ORIENTED_EDGE('',*,*,#5717,.F.);
#5717 = EDGE_CURVE('',#3802,#5710,#5718,.T.);
#5718 = LINE('',#5719,#5720);
#5719 = CARTESIAN_POINT('',(-0.52,0.25,-1.75));
#5720 = VECTOR('',#5721,1.);
#5721 = DIRECTION('',(-0.,1.,0.));
#5722 = ORIENTED_EDGE('',*,*,#3801,.T.);
#5723 = PLANE('',#5724);
#5724 = AXIS2_PLACEMENT_3D('',#5725,#5726,#5727);
#5725 = CARTESIAN_POINT('',(-0.78,0.25,-1.75));
#5726 = DIRECTION('',(0.,0.,1.));
#5727 = DIRECTION('',(1.,0.,-0.));
#5728 = ADVANCED_FACE('',(#5729),#5740,.F.);
#5729 = FACE_BOUND('',#5730,.T.);
#5730 = EDGE_LOOP('',(#5731,#5732,#5738,#5739));
#5731 = ORIENTED_EDGE('',*,*,#5717,.T.);
#5732 = ORIENTED_EDGE('',*,*,#5733,.F.);
#5733 = EDGE_CURVE('',#5654,#5710,#5734,.T.);
#5734 = LINE('',#5735,#5736);
#5735 = CARTESIAN_POINT('',(-0.52,0.25,-2.2));
#5736 = VECTOR('',#5737,1.);
#5737 = DIRECTION('',(2.409338161079E-16,-0.,1.));
#5738 = ORIENTED_EDGE('',*,*,#5653,.T.);
#5739 = ORIENTED_EDGE('',*,*,#3809,.T.);
#5740 = PLANE('',#5741);
#5741 = AXIS2_PLACEMENT_3D('',#5742,#5743,#5744);
#5742 = CARTESIAN_POINT('',(-0.52,0.25,-2.2));
#5743 = DIRECTION('',(1.,0.,-2.409338161079E-16));
#5744 = DIRECTION('',(-2.409338161079E-16,0.,-1.));
#5745 = ADVANCED_FACE('',(#5746),#5771,.F.);
#5746 = FACE_BOUND('',#5747,.T.);
#5747 = EDGE_LOOP('',(#5748,#5756,#5764,#5770));
#5748 = ORIENTED_EDGE('',*,*,#5749,.F.);
#5749 = EDGE_CURVE('',#5750,#3844,#5752,.T.);
#5750 = VERTEX_POINT('',#5751);
#5751 = CARTESIAN_POINT('',(-2.3,0.25,-1.17));
#5752 = LINE('',#5753,#5754);
#5753 = CARTESIAN_POINT('',(-2.3,0.25,-1.17));
#5754 = VECTOR('',#5755,1.);
#5755 = DIRECTION('',(0.,-1.,-0.));
#5756 = ORIENTED_EDGE('',*,*,#5757,.F.);
#5757 = EDGE_CURVE('',#5758,#5750,#5760,.T.);
#5758 = VERTEX_POINT('',#5759);
#5759 = CARTESIAN_POINT('',(-1.85,0.25,-1.17));
#5760 = LINE('',#5761,#5762);
#5761 = CARTESIAN_POINT('',(-2.3,0.25,-1.17));
#5762 = VECTOR('',#5763,1.);
#5763 = DIRECTION('',(-1.,-0.,0.));
#5764 = ORIENTED_EDGE('',*,*,#5765,.F.);
#5765 = EDGE_CURVE('',#3828,#5758,#5766,.T.);
#5766 = LINE('',#5767,#5768);
#5767 = CARTESIAN_POINT('',(-1.85,0.25,-1.17));
#5768 = VECTOR('',#5769,1.);
#5769 = DIRECTION('',(-0.,1.,0.));
#5770 = ORIENTED_EDGE('',*,*,#3851,.T.);
#5771 = PLANE('',#5772);
#5772 = AXIS2_PLACEMENT_3D('',#5773,#5774,#5775);
#5773 = CARTESIAN_POINT('',(-2.3,0.25,-1.17));
#5774 = DIRECTION('',(0.,0.,1.));
#5775 = DIRECTION('',(1.,0.,-0.));
#5776 = ADVANCED_FACE('',(#5777),#5795,.F.);
#5777 = FACE_BOUND('',#5778,.T.);
#5778 = EDGE_LOOP('',(#5779,#5780,#5788,#5794));
#5779 = ORIENTED_EDGE('',*,*,#5765,.T.);
#5780 = ORIENTED_EDGE('',*,*,#5781,.F.);
#5781 = EDGE_CURVE('',#5782,#5758,#5784,.T.);
#5782 = VERTEX_POINT('',#5783);
#5783 = CARTESIAN_POINT('',(-1.85,0.25,-1.43));
#5784 = LINE('',#5785,#5786);
#5785 = CARTESIAN_POINT('',(-1.85,0.25,-1.17));
#5786 = VECTOR('',#5787,1.);
#5787 = DIRECTION('',(-0.,-0.,1.));
#5788 = ORIENTED_EDGE('',*,*,#5789,.F.);
#5789 = EDGE_CURVE('',#3826,#5782,#5790,.T.);
#5790 = LINE('',#5791,#5792);
#5791 = CARTESIAN_POINT('',(-1.85,0.25,-1.43));
#5792 = VECTOR('',#5793,1.);
#5793 = DIRECTION('',(0.,1.,0.));
#5794 = ORIENTED_EDGE('',*,*,#3825,.T.);
#5795 = PLANE('',#5796);
#5796 = AXIS2_PLACEMENT_3D('',#5797,#5798,#5799);
#5797 = CARTESIAN_POINT('',(-1.85,0.25,-1.17));
#5798 = DIRECTION('',(1.,-0.,0.));
#5799 = DIRECTION('',(0.,0.,-1.));
#5800 = ADVANCED_FACE('',(#5801),#5819,.F.);
#5801 = FACE_BOUND('',#5802,.T.);
#5802 = EDGE_LOOP('',(#5803,#5804,#5812,#5818));
#5803 = ORIENTED_EDGE('',*,*,#5789,.T.);
#5804 = ORIENTED_EDGE('',*,*,#5805,.F.);
#5805 = EDGE_CURVE('',#5806,#5782,#5808,.T.);
#5806 = VERTEX_POINT('',#5807);
#5807 = CARTESIAN_POINT('',(-2.3,0.25,-1.43));
#5808 = LINE('',#5809,#5810);
#5809 = CARTESIAN_POINT('',(-2.3,0.25,-1.43));
#5810 = VECTOR('',#5811,1.);
#5811 = DIRECTION('',(1.,-0.,0.));
#5812 = ORIENTED_EDGE('',*,*,#5813,.F.);
#5813 = EDGE_CURVE('',#3836,#5806,#5814,.T.);
#5814 = LINE('',#5815,#5816);
#5815 = CARTESIAN_POINT('',(-2.3,0.25,-1.43));
#5816 = VECTOR('',#5817,1.);
#5817 = DIRECTION('',(0.,1.,0.));
#5818 = ORIENTED_EDGE('',*,*,#3835,.T.);
#5819 = PLANE('',#5820);
#5820 = AXIS2_PLACEMENT_3D('',#5821,#5822,#5823);
#5821 = CARTESIAN_POINT('',(-2.3,0.25,-1.43));
#5822 = DIRECTION('',(0.,0.,-1.));
#5823 = DIRECTION('',(-1.,0.,-0.));
#5824 = ADVANCED_FACE('',(#5825),#5836,.F.);
#5825 = FACE_BOUND('',#5826,.T.);
#5826 = EDGE_LOOP('',(#5827,#5828,#5834,#5835));
#5827 = ORIENTED_EDGE('',*,*,#5813,.T.);
#5828 = ORIENTED_EDGE('',*,*,#5829,.F.);
#5829 = EDGE_CURVE('',#5750,#5806,#5830,.T.);
#5830 = LINE('',#5831,#5832);
#5831 = CARTESIAN_POINT('',(-2.3,0.25,-1.17));
#5832 = VECTOR('',#5833,1.);
#5833 = DIRECTION('',(-0.,-0.,-1.));
#5834 = ORIENTED_EDGE('',*,*,#5749,.T.);
#5835 = ORIENTED_EDGE('',*,*,#3843,.T.);
#5836 = PLANE('',#5837);
#5837 = AXIS2_PLACEMENT_3D('',#5838,#5839,#5840);
#5838 = CARTESIAN_POINT('',(-2.3,0.25,-1.17));
#5839 = DIRECTION('',(-1.,0.,0.));
#5840 = DIRECTION('',(0.,0.,1.));
#5841 = ADVANCED_FACE('',(#5842),#5867,.F.);
#5842 = FACE_BOUND('',#5843,.T.);
#5843 = EDGE_LOOP('',(#5844,#5852,#5860,#5866));
#5844 = ORIENTED_EDGE('',*,*,#5845,.F.);
#5845 = EDGE_CURVE('',#5846,#3878,#5848,.T.);
#5846 = VERTEX_POINT('',#5847);
#5847 = CARTESIAN_POINT('',(-2.3,0.25,-0.52));
#5848 = LINE('',#5849,#5850);
#5849 = CARTESIAN_POINT('',(-2.3,0.25,-0.52));
#5850 = VECTOR('',#5851,1.);
#5851 = DIRECTION('',(0.,-1.,-0.));
#5852 = ORIENTED_EDGE('',*,*,#5853,.F.);
#5853 = EDGE_CURVE('',#5854,#5846,#5856,.T.);
#5854 = VERTEX_POINT('',#5855);
#5855 = CARTESIAN_POINT('',(-1.85,0.25,-0.52));
#5856 = LINE('',#5857,#5858);
#5857 = CARTESIAN_POINT('',(-2.3,0.25,-0.52));
#5858 = VECTOR('',#5859,1.);
#5859 = DIRECTION('',(-1.,-0.,0.));
#5860 = ORIENTED_EDGE('',*,*,#5861,.F.);
#5861 = EDGE_CURVE('',#3862,#5854,#5862,.T.);
#5862 = LINE('',#5863,#5864);
#5863 = CARTESIAN_POINT('',(-1.85,0.25,-0.52));
#5864 = VECTOR('',#5865,1.);
#5865 = DIRECTION('',(-0.,1.,0.));
#5866 = ORIENTED_EDGE('',*,*,#3885,.T.);
#5867 = PLANE('',#5868);
#5868 = AXIS2_PLACEMENT_3D('',#5869,#5870,#5871);
#5869 = CARTESIAN_POINT('',(-2.3,0.25,-0.52));
#5870 = DIRECTION('',(0.,0.,1.));
#5871 = DIRECTION('',(1.,0.,-0.));
#5872 = ADVANCED_FACE('',(#5873),#5891,.F.);
#5873 = FACE_BOUND('',#5874,.T.);
#5874 = EDGE_LOOP('',(#5875,#5876,#5884,#5890));
#5875 = ORIENTED_EDGE('',*,*,#5861,.T.);
#5876 = ORIENTED_EDGE('',*,*,#5877,.F.);
#5877 = EDGE_CURVE('',#5878,#5854,#5880,.T.);
#5878 = VERTEX_POINT('',#5879);
#5879 = CARTESIAN_POINT('',(-1.85,0.25,-0.78));
#5880 = LINE('',#5881,#5882);
#5881 = CARTESIAN_POINT('',(-1.85,0.25,-0.52));
#5882 = VECTOR('',#5883,1.);
#5883 = DIRECTION('',(-0.,-0.,1.));
#5884 = ORIENTED_EDGE('',*,*,#5885,.F.);
#5885 = EDGE_CURVE('',#3860,#5878,#5886,.T.);
#5886 = LINE('',#5887,#5888);
#5887 = CARTESIAN_POINT('',(-1.85,0.25,-0.78));
#5888 = VECTOR('',#5889,1.);
#5889 = DIRECTION('',(0.,1.,0.));
#5890 = ORIENTED_EDGE('',*,*,#3859,.T.);
#5891 = PLANE('',#5892);
#5892 = AXIS2_PLACEMENT_3D('',#5893,#5894,#5895);
#5893 = CARTESIAN_POINT('',(-1.85,0.25,-0.52));
#5894 = DIRECTION('',(1.,-0.,0.));
#5895 = DIRECTION('',(0.,0.,-1.));
#5896 = ADVANCED_FACE('',(#5897),#5915,.F.);
#5897 = FACE_BOUND('',#5898,.T.);
#5898 = EDGE_LOOP('',(#5899,#5900,#5908,#5914));
#5899 = ORIENTED_EDGE('',*,*,#5885,.T.);
#5900 = ORIENTED_EDGE('',*,*,#5901,.F.);
#5901 = EDGE_CURVE('',#5902,#5878,#5904,.T.);
#5902 = VERTEX_POINT('',#5903);
#5903 = CARTESIAN_POINT('',(-2.3,0.25,-0.78));
#5904 = LINE('',#5905,#5906);
#5905 = CARTESIAN_POINT('',(-2.3,0.25,-0.78));
#5906 = VECTOR('',#5907,1.);
#5907 = DIRECTION('',(1.,-0.,0.));
#5908 = ORIENTED_EDGE('',*,*,#5909,.F.);
#5909 = EDGE_CURVE('',#3870,#5902,#5910,.T.);
#5910 = LINE('',#5911,#5912);
#5911 = CARTESIAN_POINT('',(-2.3,0.25,-0.78));
#5912 = VECTOR('',#5913,1.);
#5913 = DIRECTION('',(0.,1.,0.));
#5914 = ORIENTED_EDGE('',*,*,#3869,.T.);
#5915 = PLANE('',#5916);
#5916 = AXIS2_PLACEMENT_3D('',#5917,#5918,#5919);
#5917 = CARTESIAN_POINT('',(-2.3,0.25,-0.78));
#5918 = DIRECTION('',(0.,0.,-1.));
#5919 = DIRECTION('',(-1.,0.,-0.));
#5920 = ADVANCED_FACE('',(#5921),#5932,.F.);
#5921 = FACE_BOUND('',#5922,.T.);
#5922 = EDGE_LOOP('',(#5923,#5924,#5930,#5931));
#5923 = ORIENTED_EDGE('',*,*,#5909,.T.);
#5924 = ORIENTED_EDGE('',*,*,#5925,.F.);
#5925 = EDGE_CURVE('',#5846,#5902,#5926,.T.);
#5926 = LINE('',#5927,#5928);
#5927 = CARTESIAN_POINT('',(-2.3,0.25,-0.52));
#5928 = VECTOR('',#5929,1.);
#5929 = DIRECTION('',(-0.,-0.,-1.));
#5930 = ORIENTED_EDGE('',*,*,#5845,.T.);
#5931 = ORIENTED_EDGE('',*,*,#3877,.T.);
#5932 = PLANE('',#5933);
#5933 = AXIS2_PLACEMENT_3D('',#5934,#5935,#5936);
#5934 = CARTESIAN_POINT('',(-2.3,0.25,-0.52));
#5935 = DIRECTION('',(-1.,0.,0.));
#5936 = DIRECTION('',(0.,0.,1.));
#5937 = ADVANCED_FACE('',(#5938),#5963,.F.);
#5938 = FACE_BOUND('',#5939,.T.);
#5939 = EDGE_LOOP('',(#5940,#5948,#5956,#5962));
#5940 = ORIENTED_EDGE('',*,*,#5941,.F.);
#5941 = EDGE_CURVE('',#5942,#3904,#5944,.T.);
#5942 = VERTEX_POINT('',#5943);
#5943 = CARTESIAN_POINT('',(-2.,0.25,-1.9));
#5944 = LINE('',#5945,#5946);
#5945 = CARTESIAN_POINT('',(-2.,0.25,-1.9));
#5946 = VECTOR('',#5947,1.);
#5947 = DIRECTION('',(-0.,-1.,0.));
#5948 = ORIENTED_EDGE('',*,*,#5949,.F.);
#5949 = EDGE_CURVE('',#5950,#5942,#5952,.T.);
#5950 = VERTEX_POINT('',#5951);
#5951 = CARTESIAN_POINT('',(-2.,0.25,-1.7));
#5952 = LINE('',#5953,#5954);
#5953 = CARTESIAN_POINT('',(-2.,0.25,-1.7));
#5954 = VECTOR('',#5955,1.);
#5955 = DIRECTION('',(-2.168404344971E-15,-0.,-1.));
#5956 = ORIENTED_EDGE('',*,*,#5957,.F.);
#5957 = EDGE_CURVE('',#3896,#5950,#5958,.T.);
#5958 = LINE('',#5959,#5960);
#5959 = CARTESIAN_POINT('',(-2.,0.25,-1.7));
#5960 = VECTOR('',#5961,1.);
#5961 = DIRECTION('',(0.,1.,-0.));
#5962 = ORIENTED_EDGE('',*,*,#3911,.T.);
#5963 = PLANE('',#5964);
#5964 = AXIS2_PLACEMENT_3D('',#5965,#5966,#5967);
#5965 = CARTESIAN_POINT('',(-2.,0.25,-1.7));
#5966 = DIRECTION('',(-1.,0.,2.168404344971E-15));
#5967 = DIRECTION('',(2.168404344971E-15,0.,1.));
#5968 = ADVANCED_FACE('',(#5969),#5987,.F.);
#5969 = FACE_BOUND('',#5970,.T.);
#5970 = EDGE_LOOP('',(#5971,#5972,#5980,#5986));
#5971 = ORIENTED_EDGE('',*,*,#5957,.T.);
#5972 = ORIENTED_EDGE('',*,*,#5973,.F.);
#5973 = EDGE_CURVE('',#5974,#5950,#5976,.T.);
#5974 = VERTEX_POINT('',#5975);
#5975 = CARTESIAN_POINT('',(-1.8,0.25,-1.9));
#5976 = LINE('',#5977,#5978);
#5977 = CARTESIAN_POINT('',(-1.8,0.25,-1.9));
#5978 = VECTOR('',#5979,1.);
#5979 = DIRECTION('',(-0.707106781187,-0.,0.707106781187));
#5980 = ORIENTED_EDGE('',*,*,#5981,.F.);
#5981 = EDGE_CURVE('',#3894,#5974,#5982,.T.);
#5982 = LINE('',#5983,#5984);
#5983 = CARTESIAN_POINT('',(-1.8,0.25,-1.9));
#5984 = VECTOR('',#5985,1.);
#5985 = DIRECTION('',(0.,1.,0.));
#5986 = ORIENTED_EDGE('',*,*,#3893,.T.);
#5987 = PLANE('',#5988);
#5988 = AXIS2_PLACEMENT_3D('',#5989,#5990,#5991);
#5989 = CARTESIAN_POINT('',(-1.8,0.25,-1.9));
#5990 = DIRECTION('',(0.707106781187,-0.,0.707106781187));
#5991 = DIRECTION('',(0.707106781187,0.,-0.707106781187));
#5992 = ADVANCED_FACE('',(#5993),#6004,.F.);
#5993 = FACE_BOUND('',#5994,.T.);
#5994 = EDGE_LOOP('',(#5995,#5996,#6002,#6003));
#5995 = ORIENTED_EDGE('',*,*,#5981,.T.);
#5996 = ORIENTED_EDGE('',*,*,#5997,.F.);
#5997 = EDGE_CURVE('',#5942,#5974,#5998,.T.);
#5998 = LINE('',#5999,#6000);
#5999 = CARTESIAN_POINT('',(-2.,0.25,-1.9));
#6000 = VECTOR('',#6001,1.);
#6001 = DIRECTION('',(1.,-0.,0.));
#6002 = ORIENTED_EDGE('',*,*,#5941,.T.);
#6003 = ORIENTED_EDGE('',*,*,#3903,.T.);
#6004 = PLANE('',#6005);
#6005 = AXIS2_PLACEMENT_3D('',#6006,#6007,#6008);
#6006 = CARTESIAN_POINT('',(-2.,0.25,-1.9));
#6007 = DIRECTION('',(0.,0.,-1.));
#6008 = DIRECTION('',(-1.,0.,-0.));
#6009 = ADVANCED_FACE('',(#6010,#6044),#6050,.T.);
#6010 = FACE_BOUND('',#6011,.T.);
#6011 = EDGE_LOOP('',(#6012,#6022,#6030,#6038));
#6012 = ORIENTED_EDGE('',*,*,#6013,.T.);
#6013 = EDGE_CURVE('',#6014,#6016,#6018,.T.);
#6014 = VERTEX_POINT('',#6015);
#6015 = CARTESIAN_POINT('',(-2.25,1.,2.15));
#6016 = VERTEX_POINT('',#6017);
#6017 = CARTESIAN_POINT('',(-2.25,1.,-2.15));
#6018 = LINE('',#6019,#6020);
#6019 = CARTESIAN_POINT('',(-2.25,1.,0.));
#6020 = VECTOR('',#6021,1.);
#6021 = DIRECTION('',(-0.,0.,-1.));
#6022 = ORIENTED_EDGE('',*,*,#6023,.T.);
#6023 = EDGE_CURVE('',#6016,#6024,#6026,.T.);
#6024 = VERTEX_POINT('',#6025);
#6025 = CARTESIAN_POINT('',(2.25,1.,-2.15));
#6026 = LINE('',#6027,#6028);
#6027 = CARTESIAN_POINT('',(0.,1.,-2.15));
#6028 = VECTOR('',#6029,1.);
#6029 = DIRECTION('',(1.,0.,-0.));
#6030 = ORIENTED_EDGE('',*,*,#6031,.T.);
#6031 = EDGE_CURVE('',#6024,#6032,#6034,.T.);
#6032 = VERTEX_POINT('',#6033);
#6033 = CARTESIAN_POINT('',(2.25,1.,2.15));
#6034 = LINE('',#6035,#6036);
#6035 = CARTESIAN_POINT('',(2.25,1.,0.));
#6036 = VECTOR('',#6037,1.);
#6037 = DIRECTION('',(0.,-0.,1.));
#6038 = ORIENTED_EDGE('',*,*,#6039,.T.);
#6039 = EDGE_CURVE('',#6032,#6014,#6040,.T.);
#6040 = LINE('',#6041,#6042);
#6041 = CARTESIAN_POINT('',(0.,1.,2.15));
#6042 = VECTOR('',#6043,1.);
#6043 = DIRECTION('',(-1.,-0.,0.));
#6044 = FACE_BOUND('',#6045,.T.);
#6045 = EDGE_LOOP('',(#6046,#6047,#6048,#6049));
#6046 = ORIENTED_EDGE('',*,*,#3981,.T.);
#6047 = ORIENTED_EDGE('',*,*,#3957,.T.);
#6048 = ORIENTED_EDGE('',*,*,#3933,.T.);
#6049 = ORIENTED_EDGE('',*,*,#4005,.T.);
#6050 = PLANE('',#6051);
#6051 = AXIS2_PLACEMENT_3D('',#6052,#6053,#6054);
#6052 = CARTESIAN_POINT('',(0.,1.,0.));
#6053 = DIRECTION('',(0.,1.,0.));
#6054 = DIRECTION('',(0.,-0.,1.));
#6055 = ADVANCED_FACE('',(#6056),#6062,.T.);
#6056 = FACE_BOUND('',#6057,.T.);
#6057 = EDGE_LOOP('',(#6058,#6059,#6060,#6061));
#6058 = ORIENTED_EDGE('',*,*,#4101,.T.);
#6059 = ORIENTED_EDGE('',*,*,#4077,.T.);
#6060 = ORIENTED_EDGE('',*,*,#4053,.T.);
#6061 = ORIENTED_EDGE('',*,*,#4029,.T.);
#6062 = PLANE('',#6063);
#6063 = AXIS2_PLACEMENT_3D('',#6064,#6065,#6066);
#6064 = CARTESIAN_POINT('',(0.,0.25,0.));
#6065 = DIRECTION('',(0.,-1.,0.));
#6066 = DIRECTION('',(0.,-0.,-1.));
#6067 = ADVANCED_FACE('',(#6068),#6074,.F.);
#6068 = FACE_BOUND('',#6069,.T.);
#6069 = EDGE_LOOP('',(#6070,#6071,#6072,#6073));
#6070 = ORIENTED_EDGE('',*,*,#4125,.T.);
#6071 = ORIENTED_EDGE('',*,*,#4197,.T.);
#6072 = ORIENTED_EDGE('',*,*,#4173,.T.);
#6073 = ORIENTED_EDGE('',*,*,#4149,.T.);
#6074 = PLANE('',#6075);
#6075 = AXIS2_PLACEMENT_3D('',#6076,#6077,#6078);
#6076 = CARTESIAN_POINT('',(0.,0.25,0.));
#6077 = DIRECTION('',(0.,1.,0.));
#6078 = DIRECTION('',(0.,-0.,1.));
#6079 = ADVANCED_FACE('',(#6080),#6086,.F.);
#6080 = FACE_BOUND('',#6081,.T.);
#6081 = EDGE_LOOP('',(#6082,#6083,#6084,#6085));
#6082 = ORIENTED_EDGE('',*,*,#4221,.T.);
#6083 = ORIENTED_EDGE('',*,*,#4293,.T.);
#6084 = ORIENTED_EDGE('',*,*,#4269,.T.);
#6085 = ORIENTED_EDGE('',*,*,#4245,.T.);
#6086 = PLANE('',#6087);
#6087 = AXIS2_PLACEMENT_3D('',#6088,#6089,#6090);
#6088 = CARTESIAN_POINT('',(0.,0.25,0.));
#6089 = DIRECTION('',(0.,1.,0.));
#6090 = DIRECTION('',(0.,-0.,1.));
#6091 = ADVANCED_FACE('',(#6092),#6098,.F.);
#6092 = FACE_BOUND('',#6093,.T.);
#6093 = EDGE_LOOP('',(#6094,#6095,#6096,#6097));
#6094 = ORIENTED_EDGE('',*,*,#4317,.T.);
#6095 = ORIENTED_EDGE('',*,*,#4389,.T.);
#6096 = ORIENTED_EDGE('',*,*,#4365,.T.);
#6097 = ORIENTED_EDGE('',*,*,#4341,.T.);
#6098 = PLANE('',#6099);
#6099 = AXIS2_PLACEMENT_3D('',#6100,#6101,#6102);
#6100 = CARTESIAN_POINT('',(0.,0.25,0.));
#6101 = DIRECTION('',(0.,1.,0.));
#6102 = DIRECTION('',(0.,-0.,1.));
#6103 = ADVANCED_FACE('',(#6104),#6110,.T.);
#6104 = FACE_BOUND('',#6105,.T.);
#6105 = EDGE_LOOP('',(#6106,#6107,#6108,#6109));
#6106 = ORIENTED_EDGE('',*,*,#4485,.T.);
#6107 = ORIENTED_EDGE('',*,*,#4461,.T.);
#6108 = ORIENTED_EDGE('',*,*,#4437,.T.);
#6109 = ORIENTED_EDGE('',*,*,#4413,.T.);
#6110 = PLANE('',#6111);
#6111 = AXIS2_PLACEMENT_3D('',#6112,#6113,#6114);
#6112 = CARTESIAN_POINT('',(0.,0.25,0.));
#6113 = DIRECTION('',(0.,-1.,0.));
#6114 = DIRECTION('',(0.,-0.,-1.));
#6115 = ADVANCED_FACE('',(#6116),#6122,.T.);
#6116 = FACE_BOUND('',#6117,.T.);
#6117 = EDGE_LOOP('',(#6118,#6119,#6120,#6121));
#6118 = ORIENTED_EDGE('',*,*,#4581,.T.);
#6119 = ORIENTED_EDGE('',*,*,#4557,.T.);
#6120 = ORIENTED_EDGE('',*,*,#4533,.T.);
#6121 = ORIENTED_EDGE('',*,*,#4509,.T.);
#6122 = PLANE('',#6123);
#6123 = AXIS2_PLACEMENT_3D('',#6124,#6125,#6126);
#6124 = CARTESIAN_POINT('',(0.,0.25,0.));
#6125 = DIRECTION('',(0.,-1.,0.));
#6126 = DIRECTION('',(0.,-0.,-1.));
#6127 = ADVANCED_FACE('',(#6128),#6134,.F.);
#6128 = FACE_BOUND('',#6129,.T.);
#6129 = EDGE_LOOP('',(#6130,#6131,#6132,#6133));
#6130 = ORIENTED_EDGE('',*,*,#4605,.T.);
#6131 = ORIENTED_EDGE('',*,*,#4677,.T.);
#6132 = ORIENTED_EDGE('',*,*,#4653,.T.);
#6133 = ORIENTED_EDGE('',*,*,#4629,.T.);
#6134 = PLANE('',#6135);
#6135 = AXIS2_PLACEMENT_3D('',#6136,#6137,#6138);
#6136 = CARTESIAN_POINT('',(0.,0.25,0.));
#6137 = DIRECTION('',(0.,1.,0.));
#6138 = DIRECTION('',(0.,-0.,1.));
#6139 = ADVANCED_FACE('',(#6140),#6146,.F.);
#6140 = FACE_BOUND('',#6141,.T.);
#6141 = EDGE_LOOP('',(#6142,#6143,#6144,#6145));
#6142 = ORIENTED_EDGE('',*,*,#4701,.T.);
#6143 = ORIENTED_EDGE('',*,*,#4773,.T.);
#6144 = ORIENTED_EDGE('',*,*,#4749,.T.);
#6145 = ORIENTED_EDGE('',*,*,#4725,.T.);
#6146 = PLANE('',#6147);
#6147 = AXIS2_PLACEMENT_3D('',#6148,#6149,#6150);
#6148 = CARTESIAN_POINT('',(0.,0.25,0.));
#6149 = DIRECTION('',(0.,1.,0.));
#6150 = DIRECTION('',(0.,-0.,1.));
#6151 = ADVANCED_FACE('',(#6152),#6158,.T.);
#6152 = FACE_BOUND('',#6153,.T.);
#6153 = EDGE_LOOP('',(#6154,#6155,#6156,#6157));
#6154 = ORIENTED_EDGE('',*,*,#4869,.T.);
#6155 = ORIENTED_EDGE('',*,*,#4845,.T.);
#6156 = ORIENTED_EDGE('',*,*,#4821,.T.);
#6157 = ORIENTED_EDGE('',*,*,#4797,.T.);
#6158 = PLANE('',#6159);
#6159 = AXIS2_PLACEMENT_3D('',#6160,#6161,#6162);
#6160 = CARTESIAN_POINT('',(0.,0.25,0.));
#6161 = DIRECTION('',(0.,-1.,0.));
#6162 = DIRECTION('',(0.,-0.,-1.));
#6163 = ADVANCED_FACE('',(#6164),#6170,.F.);
#6164 = FACE_BOUND('',#6165,.T.);
#6165 = EDGE_LOOP('',(#6166,#6167,#6168,#6169));
#6166 = ORIENTED_EDGE('',*,*,#4893,.T.);
#6167 = ORIENTED_EDGE('',*,*,#4965,.T.);
#6168 = ORIENTED_EDGE('',*,*,#4941,.T.);
#6169 = ORIENTED_EDGE('',*,*,#4917,.T.);
#6170 = PLANE('',#6171);
#6171 = AXIS2_PLACEMENT_3D('',#6172,#6173,#6174);
#6172 = CARTESIAN_POINT('',(0.,0.25,0.));
#6173 = DIRECTION('',(0.,1.,0.));
#6174 = DIRECTION('',(0.,-0.,1.));
#6175 = ADVANCED_FACE('',(#6176),#6182,.F.);
#6176 = FACE_BOUND('',#6177,.T.);
#6177 = EDGE_LOOP('',(#6178,#6179,#6180,#6181));
#6178 = ORIENTED_EDGE('',*,*,#4989,.T.);
#6179 = ORIENTED_EDGE('',*,*,#5061,.T.);
#6180 = ORIENTED_EDGE('',*,*,#5037,.T.);
#6181 = ORIENTED_EDGE('',*,*,#5013,.T.);
#6182 = PLANE('',#6183);
#6183 = AXIS2_PLACEMENT_3D('',#6184,#6185,#6186);
#6184 = CARTESIAN_POINT('',(0.,0.25,0.));
#6185 = DIRECTION('',(0.,1.,0.));
#6186 = DIRECTION('',(0.,-0.,1.));
#6187 = ADVANCED_FACE('',(#6188),#6194,.F.);
#6188 = FACE_BOUND('',#6189,.T.);
#6189 = EDGE_LOOP('',(#6190,#6191,#6192,#6193));
#6190 = ORIENTED_EDGE('',*,*,#5085,.T.);
#6191 = ORIENTED_EDGE('',*,*,#5157,.T.);
#6192 = ORIENTED_EDGE('',*,*,#5133,.T.);
#6193 = ORIENTED_EDGE('',*,*,#5109,.T.);
#6194 = PLANE('',#6195);
#6195 = AXIS2_PLACEMENT_3D('',#6196,#6197,#6198);
#6196 = CARTESIAN_POINT('',(0.,0.25,0.));
#6197 = DIRECTION('',(0.,1.,0.));
#6198 = DIRECTION('',(0.,-0.,1.));
#6199 = ADVANCED_FACE('',(#6200),#6206,.F.);
#6200 = FACE_BOUND('',#6201,.T.);
#6201 = EDGE_LOOP('',(#6202,#6203,#6204,#6205));
#6202 = ORIENTED_EDGE('',*,*,#5181,.T.);
#6203 = ORIENTED_EDGE('',*,*,#5253,.T.);
#6204 = ORIENTED_EDGE('',*,*,#5229,.T.);
#6205 = ORIENTED_EDGE('',*,*,#5205,.T.);
#6206 = PLANE('',#6207);
#6207 = AXIS2_PLACEMENT_3D('',#6208,#6209,#6210);
#6208 = CARTESIAN_POINT('',(0.,0.25,0.));
#6209 = DIRECTION('',(0.,1.,0.));
#6210 = DIRECTION('',(0.,-0.,1.));
#6211 = ADVANCED_FACE('',(#6212),#6218,.F.);
#6212 = FACE_BOUND('',#6213,.T.);
#6213 = EDGE_LOOP('',(#6214,#6215,#6216,#6217));
#6214 = ORIENTED_EDGE('',*,*,#5277,.T.);
#6215 = ORIENTED_EDGE('',*,*,#5349,.T.);
#6216 = ORIENTED_EDGE('',*,*,#5325,.T.);
#6217 = ORIENTED_EDGE('',*,*,#5301,.T.);
#6218 = PLANE('',#6219);
#6219 = AXIS2_PLACEMENT_3D('',#6220,#6221,#6222);
#6220 = CARTESIAN_POINT('',(0.,0.25,0.));
#6221 = DIRECTION('',(0.,1.,0.));
#6222 = DIRECTION('',(0.,-0.,1.));
#6223 = ADVANCED_FACE('',(#6224),#6230,.F.);
#6224 = FACE_BOUND('',#6225,.T.);
#6225 = EDGE_LOOP('',(#6226,#6227,#6228,#6229));
#6226 = ORIENTED_EDGE('',*,*,#5373,.T.);
#6227 = ORIENTED_EDGE('',*,*,#5445,.T.);
#6228 = ORIENTED_EDGE('',*,*,#5421,.T.);
#6229 = ORIENTED_EDGE('',*,*,#5397,.T.);
#6230 = PLANE('',#6231);
#6231 = AXIS2_PLACEMENT_3D('',#6232,#6233,#6234);
#6232 = CARTESIAN_POINT('',(0.,0.25,0.));
#6233 = DIRECTION('',(0.,1.,0.));
#6234 = DIRECTION('',(0.,-0.,1.));
#6235 = ADVANCED_FACE('',(#6236),#6242,.F.);
#6236 = FACE_BOUND('',#6237,.T.);
#6237 = EDGE_LOOP('',(#6238,#6239,#6240,#6241));
#6238 = ORIENTED_EDGE('',*,*,#5469,.T.);
#6239 = ORIENTED_EDGE('',*,*,#5541,.T.);
#6240 = ORIENTED_EDGE('',*,*,#5517,.T.);
#6241 = ORIENTED_EDGE('',*,*,#5493,.T.);
#6242 = PLANE('',#6243);
#6243 = AXIS2_PLACEMENT_3D('',#6244,#6245,#6246);
#6244 = CARTESIAN_POINT('',(0.,0.25,0.));
#6245 = DIRECTION('',(0.,1.,0.));
#6246 = DIRECTION('',(0.,-0.,1.));
#6247 = ADVANCED_FACE('',(#6248),#6254,.F.);
#6248 = FACE_BOUND('',#6249,.T.);
#6249 = EDGE_LOOP('',(#6250,#6251,#6252,#6253));
#6250 = ORIENTED_EDGE('',*,*,#5565,.T.);
#6251 = ORIENTED_EDGE('',*,*,#5637,.T.);
#6252 = ORIENTED_EDGE('',*,*,#5613,.T.);
#6253 = ORIENTED_EDGE('',*,*,#5589,.T.);
#6254 = PLANE('',#6255);
#6255 = AXIS2_PLACEMENT_3D('',#6256,#6257,#6258);
#6256 = CARTESIAN_POINT('',(0.,0.25,0.));
#6257 = DIRECTION('',(0.,1.,0.));
#6258 = DIRECTION('',(0.,-0.,1.));
#6259 = ADVANCED_FACE('',(#6260),#6266,.F.);
#6260 = FACE_BOUND('',#6261,.T.);
#6261 = EDGE_LOOP('',(#6262,#6263,#6264,#6265));
#6262 = ORIENTED_EDGE('',*,*,#5661,.T.);
#6263 = ORIENTED_EDGE('',*,*,#5733,.T.);
#6264 = ORIENTED_EDGE('',*,*,#5709,.T.);
#6265 = ORIENTED_EDGE('',*,*,#5685,.T.);
#6266 = PLANE('',#6267);
#6267 = AXIS2_PLACEMENT_3D('',#6268,#6269,#6270);
#6268 = CARTESIAN_POINT('',(0.,0.25,0.));
#6269 = DIRECTION('',(0.,1.,0.));
#6270 = DIRECTION('',(0.,-0.,1.));
#6271 = ADVANCED_FACE('',(#6272),#6278,.T.);
#6272 = FACE_BOUND('',#6273,.T.);
#6273 = EDGE_LOOP('',(#6274,#6275,#6276,#6277));
#6274 = ORIENTED_EDGE('',*,*,#5829,.T.);
#6275 = ORIENTED_EDGE('',*,*,#5805,.T.);
#6276 = ORIENTED_EDGE('',*,*,#5781,.T.);
#6277 = ORIENTED_EDGE('',*,*,#5757,.T.);
#6278 = PLANE('',#6279);
#6279 = AXIS2_PLACEMENT_3D('',#6280,#6281,#6282);
#6280 = CARTESIAN_POINT('',(0.,0.25,0.));
#6281 = DIRECTION('',(0.,-1.,0.));
#6282 = DIRECTION('',(0.,-0.,-1.));
#6283 = ADVANCED_FACE('',(#6284),#6290,.T.);
#6284 = FACE_BOUND('',#6285,.T.);
#6285 = EDGE_LOOP('',(#6286,#6287,#6288,#6289));
#6286 = ORIENTED_EDGE('',*,*,#5925,.T.);
#6287 = ORIENTED_EDGE('',*,*,#5901,.T.);
#6288 = ORIENTED_EDGE('',*,*,#5877,.T.);
#6289 = ORIENTED_EDGE('',*,*,#5853,.T.);
#6290 = PLANE('',#6291);
#6291 = AXIS2_PLACEMENT_3D('',#6292,#6293,#6294);
#6292 = CARTESIAN_POINT('',(0.,0.25,0.));
#6293 = DIRECTION('',(0.,-1.,0.));
#6294 = DIRECTION('',(0.,-0.,-1.));
#6295 = ADVANCED_FACE('',(#6296),#6301,.T.);
#6296 = FACE_BOUND('',#6297,.T.);
#6297 = EDGE_LOOP('',(#6298,#6299,#6300));
#6298 = ORIENTED_EDGE('',*,*,#5949,.T.);
#6299 = ORIENTED_EDGE('',*,*,#5997,.T.);
#6300 = ORIENTED_EDGE('',*,*,#5973,.T.);
#6301 = PLANE('',#6302);
#6302 = AXIS2_PLACEMENT_3D('',#6303,#6304,#6305);
#6303 = CARTESIAN_POINT('',(0.,0.25,0.));
#6304 = DIRECTION('',(0.,-1.,0.));
#6305 = DIRECTION('',(0.,-0.,-1.));
#6306 = ADVANCED_FACE('',(#6307),#6332,.F.);
#6307 = FACE_BOUND('',#6308,.T.);
#6308 = EDGE_LOOP('',(#6309,#6319,#6325,#6326));
#6309 = ORIENTED_EDGE('',*,*,#6310,.F.);
#6310 = EDGE_CURVE('',#6311,#6313,#6315,.T.);
#6311 = VERTEX_POINT('',#6312);
#6312 = CARTESIAN_POINT('',(2.17,2.6,-2.07));
#6313 = VERTEX_POINT('',#6314);
#6314 = CARTESIAN_POINT('',(-2.17,2.6,-2.07));
#6315 = LINE('',#6316,#6317);
#6316 = CARTESIAN_POINT('',(0.,2.6,-2.07));
#6317 = VECTOR('',#6318,1.);
#6318 = DIRECTION('',(-1.,-0.,-0.));
#6319 = ORIENTED_EDGE('',*,*,#6320,.F.);
#6320 = EDGE_CURVE('',#6024,#6311,#6321,.T.);
#6321 = LINE('',#6322,#6323);
#6322 = CARTESIAN_POINT('',(2.25,1.,-2.15));
#6323 = VECTOR('',#6324,1.);
#6324 = DIRECTION('',(-4.987546680538E-02,0.997509336108,
    4.987546680538E-02));
#6325 = ORIENTED_EDGE('',*,*,#6023,.F.);
#6326 = ORIENTED_EDGE('',*,*,#6327,.F.);
#6327 = EDGE_CURVE('',#6313,#6016,#6328,.T.);
#6328 = LINE('',#6329,#6330);
#6329 = CARTESIAN_POINT('',(-2.17,2.6,-2.07));
#6330 = VECTOR('',#6331,1.);
#6331 = DIRECTION('',(-4.987546680538E-02,-0.997509336108,
    -4.987546680538E-02));
#6332 = PLANE('',#6333);
#6333 = AXIS2_PLACEMENT_3D('',#6334,#6335,#6336);
#6334 = CARTESIAN_POINT('',(0.,0.109725685786,-2.194513715711));
#6335 = DIRECTION('',(0.,-4.993761694389E-02,0.998752338878));
#6336 = DIRECTION('',(0.,-0.998752338878,-4.993761694389E-02));
#6337 = ADVANCED_FACE('',(#6338),#6356,.F.);
#6338 = FACE_BOUND('',#6339,.T.);
#6339 = EDGE_LOOP('',(#6340,#6348,#6349,#6350));
#6340 = ORIENTED_EDGE('',*,*,#6341,.F.);
#6341 = EDGE_CURVE('',#6313,#6342,#6344,.T.);
#6342 = VERTEX_POINT('',#6343);
#6343 = CARTESIAN_POINT('',(-2.17,2.6,2.07));
#6344 = LINE('',#6345,#6346);
#6345 = CARTESIAN_POINT('',(-2.17,2.6,0.));
#6346 = VECTOR('',#6347,1.);
#6347 = DIRECTION('',(-0.,0.,1.));
#6348 = ORIENTED_EDGE('',*,*,#6327,.T.);
#6349 = ORIENTED_EDGE('',*,*,#6013,.F.);
#6350 = ORIENTED_EDGE('',*,*,#6351,.F.);
#6351 = EDGE_CURVE('',#6342,#6014,#6352,.T.);
#6352 = LINE('',#6353,#6354);
#6353 = CARTESIAN_POINT('',(-2.17,2.6,2.07));
#6354 = VECTOR('',#6355,1.);
#6355 = DIRECTION('',(-4.987546680538E-02,-0.997509336108,
    4.987546680538E-02));
#6356 = PLANE('',#6357);
#6357 = AXIS2_PLACEMENT_3D('',#6358,#6359,#6360);
#6358 = CARTESIAN_POINT('',(-2.294264339152,0.114713216958,0.));
#6359 = DIRECTION('',(0.998752338878,-4.993761694389E-02,0.));
#6360 = DIRECTION('',(4.993761694389E-02,0.998752338878,0.));
#6361 = ADVANCED_FACE('',(#6362),#6380,.F.);
#6362 = FACE_BOUND('',#6363,.T.);
#6363 = EDGE_LOOP('',(#6364,#6372,#6373,#6374));
#6364 = ORIENTED_EDGE('',*,*,#6365,.F.);
#6365 = EDGE_CURVE('',#6342,#6366,#6368,.T.);
#6366 = VERTEX_POINT('',#6367);
#6367 = CARTESIAN_POINT('',(2.17,2.6,2.07));
#6368 = LINE('',#6369,#6370);
#6369 = CARTESIAN_POINT('',(0.,2.6,2.07));
#6370 = VECTOR('',#6371,1.);
#6371 = DIRECTION('',(1.,0.,0.));
#6372 = ORIENTED_EDGE('',*,*,#6351,.T.);
#6373 = ORIENTED_EDGE('',*,*,#6039,.F.);
#6374 = ORIENTED_EDGE('',*,*,#6375,.F.);
#6375 = EDGE_CURVE('',#6366,#6032,#6376,.T.);
#6376 = LINE('',#6377,#6378);
#6377 = CARTESIAN_POINT('',(2.17,2.6,2.07));
#6378 = VECTOR('',#6379,1.);
#6379 = DIRECTION('',(4.987546680538E-02,-0.997509336108,
    4.987546680538E-02));
#6380 = PLANE('',#6381);
#6381 = AXIS2_PLACEMENT_3D('',#6382,#6383,#6384);
#6382 = CARTESIAN_POINT('',(0.,0.109725685786,2.194513715711));
#6383 = DIRECTION('',(0.,-4.993761694389E-02,-0.998752338878));
#6384 = DIRECTION('',(0.,0.998752338878,-4.993761694389E-02));
#6385 = ADVANCED_FACE('',(#6386),#6397,.F.);
#6386 = FACE_BOUND('',#6387,.T.);
#6387 = EDGE_LOOP('',(#6388,#6394,#6395,#6396));
#6388 = ORIENTED_EDGE('',*,*,#6389,.F.);
#6389 = EDGE_CURVE('',#6366,#6311,#6390,.T.);
#6390 = LINE('',#6391,#6392);
#6391 = CARTESIAN_POINT('',(2.17,2.6,0.));
#6392 = VECTOR('',#6393,1.);
#6393 = DIRECTION('',(-0.,-0.,-1.));
#6394 = ORIENTED_EDGE('',*,*,#6375,.T.);
#6395 = ORIENTED_EDGE('',*,*,#6031,.F.);
#6396 = ORIENTED_EDGE('',*,*,#6320,.T.);
#6397 = PLANE('',#6398);
#6398 = AXIS2_PLACEMENT_3D('',#6399,#6400,#6401);
#6399 = CARTESIAN_POINT('',(2.294264339152,0.114713216958,0.));
#6400 = DIRECTION('',(-0.998752338878,-4.993761694389E-02,0.));
#6401 = DIRECTION('',(4.993761694389E-02,-0.998752338878,0.));
#6402 = ADVANCED_FACE('',(#6403,#6409),#6419,.T.);
#6403 = FACE_BOUND('',#6404,.T.);
#6404 = EDGE_LOOP('',(#6405,#6406,#6407,#6408));
#6405 = ORIENTED_EDGE('',*,*,#6341,.T.);
#6406 = ORIENTED_EDGE('',*,*,#6365,.T.);
#6407 = ORIENTED_EDGE('',*,*,#6389,.T.);
#6408 = ORIENTED_EDGE('',*,*,#6310,.T.);
#6409 = FACE_BOUND('',#6410,.T.);
#6410 = EDGE_LOOP('',(#6411,#6412));
#6411 = ORIENTED_EDGE('',*,*,#3115,.T.);
#6412 = ORIENTED_EDGE('',*,*,#6413,.T.);
#6413 = EDGE_CURVE('',#3116,#3108,#6414,.T.);
#6414 = CIRCLE('',#6415,0.474999999997);
#6415 = AXIS2_PLACEMENT_3D('',#6416,#6417,#6418);
#6416 = CARTESIAN_POINT('',(1.E-02,2.600000000029,-0.3883));
#6417 = DIRECTION('',(0.,-1.,0.));
#6418 = DIRECTION('',(0.,0.,1.));
#6419 = PLANE('',#6420);
#6420 = AXIS2_PLACEMENT_3D('',#6421,#6422,#6423);
#6421 = CARTESIAN_POINT('',(0.,2.6,0.));
#6422 = DIRECTION('',(0.,1.,0.));
#6423 = DIRECTION('',(0.,-0.,1.));
#6424 = ADVANCED_FACE('',(#6425),#6437,.F.);
#6425 = FACE_BOUND('',#6426,.F.);
#6426 = EDGE_LOOP('',(#6427,#6428,#6429,#6436));
#6427 = ORIENTED_EDGE('',*,*,#6413,.T.);
#6428 = ORIENTED_EDGE('',*,*,#3105,.F.);
#6429 = ORIENTED_EDGE('',*,*,#6430,.T.);
#6430 = EDGE_CURVE('',#3106,#3125,#6431,.T.);
#6431 = CIRCLE('',#6432,0.375000000022);
#6432 = AXIS2_PLACEMENT_3D('',#6433,#6434,#6435);
#6433 = CARTESIAN_POINT('',(1.E-02,2.499999999998,-0.3883));
#6434 = DIRECTION('',(0.,1.,0.));
#6435 = DIRECTION('',(0.,-0.,1.));
#6436 = ORIENTED_EDGE('',*,*,#3124,.T.);
#6437 = CONICAL_SURFACE('',#6438,0.47499999994,0.785398163397);
#6438 = AXIS2_PLACEMENT_3D('',#6439,#6440,#6441);
#6439 = CARTESIAN_POINT('',(1.E-02,2.599999999973,-0.3883));
#6440 = DIRECTION('',(-0.,1.,0.));
#6441 = DIRECTION('',(0.,0.,1.));
#6442 = ADVANCED_FACE('',(#6443),#6455,.F.);
#6443 = FACE_BOUND('',#6444,.F.);
#6444 = EDGE_LOOP('',(#6445,#6446,#6447,#6454));
#6445 = ORIENTED_EDGE('',*,*,#6430,.F.);
#6446 = ORIENTED_EDGE('',*,*,#3147,.F.);
#6447 = ORIENTED_EDGE('',*,*,#6448,.T.);
#6448 = EDGE_CURVE('',#3148,#3157,#6449,.T.);
#6449 = CIRCLE('',#6450,0.375);
#6450 = AXIS2_PLACEMENT_3D('',#6451,#6452,#6453);
#6451 = CARTESIAN_POINT('',(1.E-02,2.25,-0.3883));
#6452 = DIRECTION('',(0.,1.,0.));
#6453 = DIRECTION('',(0.,-0.,1.));
#6454 = ORIENTED_EDGE('',*,*,#3156,.T.);
#6455 = CYLINDRICAL_SURFACE('',#6456,0.375);
#6456 = AXIS2_PLACEMENT_3D('',#6457,#6458,#6459);
#6457 = CARTESIAN_POINT('',(1.E-02,2.25,-0.3883));
#6458 = DIRECTION('',(0.,1.,0.));
#6459 = DIRECTION('',(0.,-0.,1.));
#6460 = ADVANCED_FACE('',(#6461),#6465,.T.);
#6461 = FACE_BOUND('',#6462,.T.);
#6462 = EDGE_LOOP('',(#6463,#6464));
#6463 = ORIENTED_EDGE('',*,*,#6448,.T.);
#6464 = ORIENTED_EDGE('',*,*,#3164,.T.);
#6465 = PLANE('',#6466);
#6466 = AXIS2_PLACEMENT_3D('',#6467,#6468,#6469);
#6467 = CARTESIAN_POINT('',(1.E-02,2.25,-0.3883));
#6468 = DIRECTION('',(0.,1.,0.));
#6469 = DIRECTION('',(0.,-0.,1.));
#6470 = MANIFOLD_SOLID_BREP('',#6471);
#6471 = CLOSED_SHELL('',(#6472,#6512,#6543,#6567,#6591,#6608));
#6472 = ADVANCED_FACE('',(#6473),#6507,.F.);
#6473 = FACE_BOUND('',#6474,.T.);
#6474 = EDGE_LOOP('',(#6475,#6485,#6493,#6501));
#6475 = ORIENTED_EDGE('',*,*,#6476,.F.);
#6476 = EDGE_CURVE('',#6477,#6479,#6481,.T.);
#6477 = VERTEX_POINT('',#6478);
#6478 = CARTESIAN_POINT('',(1.85,0.25,0.13));
#6479 = VERTEX_POINT('',#6480);
#6480 = CARTESIAN_POINT('',(1.85,0.25,-0.13));
#6481 = LINE('',#6482,#6483);
#6482 = CARTESIAN_POINT('',(1.85,0.25,0.));
#6483 = VECTOR('',#6484,1.);
#6484 = DIRECTION('',(0.,-0.,-1.));
#6485 = ORIENTED_EDGE('',*,*,#6486,.F.);
#6486 = EDGE_CURVE('',#6487,#6477,#6489,.T.);
#6487 = VERTEX_POINT('',#6488);
#6488 = CARTESIAN_POINT('',(2.3,0.25,0.13));
#6489 = LINE('',#6490,#6491);
#6490 = CARTESIAN_POINT('',(0.,0.25,0.13));
#6491 = VECTOR('',#6492,1.);
#6492 = DIRECTION('',(-1.,-0.,-0.));
#6493 = ORIENTED_EDGE('',*,*,#6494,.F.);
#6494 = EDGE_CURVE('',#6495,#6487,#6497,.T.);
#6495 = VERTEX_POINT('',#6496);
#6496 = CARTESIAN_POINT('',(2.3,0.25,-0.13));
#6497 = LINE('',#6498,#6499);
#6498 = CARTESIAN_POINT('',(2.3,0.25,0.));
#6499 = VECTOR('',#6500,1.);
#6500 = DIRECTION('',(-0.,0.,1.));
#6501 = ORIENTED_EDGE('',*,*,#6502,.F.);
#6502 = EDGE_CURVE('',#6479,#6495,#6503,.T.);
#6503 = LINE('',#6504,#6505);
#6504 = CARTESIAN_POINT('',(0.,0.25,-0.13));
#6505 = VECTOR('',#6506,1.);
#6506 = DIRECTION('',(1.,0.,0.));
#6507 = PLANE('',#6508);
#6508 = AXIS2_PLACEMENT_3D('',#6509,#6510,#6511);
#6509 = CARTESIAN_POINT('',(0.,0.25,0.));
#6510 = DIRECTION('',(0.,-1.,0.));
#6511 = DIRECTION('',(0.,-0.,-1.));
#6512 = ADVANCED_FACE('',(#6513),#6538,.F.);
#6513 = FACE_BOUND('',#6514,.T.);
#6514 = EDGE_LOOP('',(#6515,#6525,#6531,#6532));
#6515 = ORIENTED_EDGE('',*,*,#6516,.F.);
#6516 = EDGE_CURVE('',#6517,#6519,#6521,.T.);
#6517 = VERTEX_POINT('',#6518);
#6518 = CARTESIAN_POINT('',(1.85,0.,-0.13));
#6519 = VERTEX_POINT('',#6520);
#6520 = CARTESIAN_POINT('',(2.3,0.,-0.13));
#6521 = LINE('',#6522,#6523);
#6522 = CARTESIAN_POINT('',(1.85,0.,-0.13));
#6523 = VECTOR('',#6524,1.);
#6524 = DIRECTION('',(1.,0.,-0.));
#6525 = ORIENTED_EDGE('',*,*,#6526,.F.);
#6526 = EDGE_CURVE('',#6479,#6517,#6527,.T.);
#6527 = LINE('',#6528,#6529);
#6528 = CARTESIAN_POINT('',(1.85,-0.519711458407,-0.13));
#6529 = VECTOR('',#6530,1.);
#6530 = DIRECTION('',(0.,-1.,-0.));
#6531 = ORIENTED_EDGE('',*,*,#6502,.T.);
#6532 = ORIENTED_EDGE('',*,*,#6533,.F.);
#6533 = EDGE_CURVE('',#6519,#6495,#6534,.T.);
#6534 = LINE('',#6535,#6536);
#6535 = CARTESIAN_POINT('',(2.3,-0.519711458407,-0.13));
#6536 = VECTOR('',#6537,1.);
#6537 = DIRECTION('',(-0.,1.,0.));
#6538 = PLANE('',#6539);
#6539 = AXIS2_PLACEMENT_3D('',#6540,#6541,#6542);
#6540 = CARTESIAN_POINT('',(1.85,-0.519711458407,-0.13));
#6541 = DIRECTION('',(0.,0.,1.));
#6542 = DIRECTION('',(1.,0.,-0.));
#6543 = ADVANCED_FACE('',(#6544),#6562,.F.);
#6544 = FACE_BOUND('',#6545,.T.);
#6545 = EDGE_LOOP('',(#6546,#6554,#6560,#6561));
#6546 = ORIENTED_EDGE('',*,*,#6547,.F.);
#6547 = EDGE_CURVE('',#6548,#6517,#6550,.T.);
#6548 = VERTEX_POINT('',#6549);
#6549 = CARTESIAN_POINT('',(1.85,0.,0.13));
#6550 = LINE('',#6551,#6552);
#6551 = CARTESIAN_POINT('',(1.85,0.,0.13));
#6552 = VECTOR('',#6553,1.);
#6553 = DIRECTION('',(0.,0.,-1.));
#6554 = ORIENTED_EDGE('',*,*,#6555,.F.);
#6555 = EDGE_CURVE('',#6477,#6548,#6556,.T.);
#6556 = LINE('',#6557,#6558);
#6557 = CARTESIAN_POINT('',(1.85,-0.519711458407,0.13));
#6558 = VECTOR('',#6559,1.);
#6559 = DIRECTION('',(-0.,-1.,-0.));
#6560 = ORIENTED_EDGE('',*,*,#6476,.T.);
#6561 = ORIENTED_EDGE('',*,*,#6526,.T.);
#6562 = PLANE('',#6563);
#6563 = AXIS2_PLACEMENT_3D('',#6564,#6565,#6566);
#6564 = CARTESIAN_POINT('',(1.85,-0.519711458407,0.13));
#6565 = DIRECTION('',(1.,-0.,0.));
#6566 = DIRECTION('',(0.,0.,-1.));
#6567 = ADVANCED_FACE('',(#6568),#6586,.F.);
#6568 = FACE_BOUND('',#6569,.T.);
#6569 = EDGE_LOOP('',(#6570,#6578,#6584,#6585));
#6570 = ORIENTED_EDGE('',*,*,#6571,.F.);
#6571 = EDGE_CURVE('',#6572,#6548,#6574,.T.);
#6572 = VERTEX_POINT('',#6573);
#6573 = CARTESIAN_POINT('',(2.3,0.,0.13));
#6574 = LINE('',#6575,#6576);
#6575 = CARTESIAN_POINT('',(2.3,0.,0.13));
#6576 = VECTOR('',#6577,1.);
#6577 = DIRECTION('',(-1.,0.,-0.));
#6578 = ORIENTED_EDGE('',*,*,#6579,.F.);
#6579 = EDGE_CURVE('',#6487,#6572,#6580,.T.);
#6580 = LINE('',#6581,#6582);
#6581 = CARTESIAN_POINT('',(2.3,-0.519711458407,0.13));
#6582 = VECTOR('',#6583,1.);
#6583 = DIRECTION('',(-0.,-1.,-0.));
#6584 = ORIENTED_EDGE('',*,*,#6486,.T.);
#6585 = ORIENTED_EDGE('',*,*,#6555,.T.);
#6586 = PLANE('',#6587);
#6587 = AXIS2_PLACEMENT_3D('',#6588,#6589,#6590);
#6588 = CARTESIAN_POINT('',(2.3,-0.519711458407,0.13));
#6589 = DIRECTION('',(0.,0.,-1.));
#6590 = DIRECTION('',(-1.,0.,-0.));
#6591 = ADVANCED_FACE('',(#6592),#6603,.F.);
#6592 = FACE_BOUND('',#6593,.T.);
#6593 = EDGE_LOOP('',(#6594,#6600,#6601,#6602));
#6594 = ORIENTED_EDGE('',*,*,#6595,.F.);
#6595 = EDGE_CURVE('',#6519,#6572,#6596,.T.);
#6596 = LINE('',#6597,#6598);
#6597 = CARTESIAN_POINT('',(2.3,0.,-0.13));
#6598 = VECTOR('',#6599,1.);
#6599 = DIRECTION('',(0.,0.,1.));
#6600 = ORIENTED_EDGE('',*,*,#6533,.T.);
#6601 = ORIENTED_EDGE('',*,*,#6494,.T.);
#6602 = ORIENTED_EDGE('',*,*,#6579,.T.);
#6603 = PLANE('',#6604);
#6604 = AXIS2_PLACEMENT_3D('',#6605,#6606,#6607);
#6605 = CARTESIAN_POINT('',(2.3,-0.519711458407,-0.13));
#6606 = DIRECTION('',(-1.,0.,0.));
#6607 = DIRECTION('',(0.,0.,1.));
#6608 = ADVANCED_FACE('',(#6609),#6615,.F.);
#6609 = FACE_BOUND('',#6610,.T.);
#6610 = EDGE_LOOP('',(#6611,#6612,#6613,#6614));
#6611 = ORIENTED_EDGE('',*,*,#6571,.T.);
#6612 = ORIENTED_EDGE('',*,*,#6547,.T.);
#6613 = ORIENTED_EDGE('',*,*,#6516,.T.);
#6614 = ORIENTED_EDGE('',*,*,#6595,.T.);
#6615 = PLANE('',#6616);
#6616 = AXIS2_PLACEMENT_3D('',#6617,#6618,#6619);
#6617 = CARTESIAN_POINT('',(0.,0.,0.));
#6618 = DIRECTION('',(0.,1.,0.));
#6619 = DIRECTION('',(0.,-0.,1.));
#6620 = MANIFOLD_SOLID_BREP('',#6621);
#6621 = CLOSED_SHELL('',(#6622,#6662,#6693,#6717,#6741,#6758));
#6622 = ADVANCED_FACE('',(#6623),#6657,.F.);
#6623 = FACE_BOUND('',#6624,.T.);
#6624 = EDGE_LOOP('',(#6625,#6635,#6643,#6651));
#6625 = ORIENTED_EDGE('',*,*,#6626,.F.);
#6626 = EDGE_CURVE('',#6627,#6629,#6631,.T.);
#6627 = VERTEX_POINT('',#6628);
#6628 = CARTESIAN_POINT('',(1.85,0.25,-1.17));
#6629 = VERTEX_POINT('',#6630);
#6630 = CARTESIAN_POINT('',(1.85,0.25,-1.43));
#6631 = LINE('',#6632,#6633);
#6632 = CARTESIAN_POINT('',(1.85,0.25,0.));
#6633 = VECTOR('',#6634,1.);
#6634 = DIRECTION('',(0.,-0.,-1.));
#6635 = ORIENTED_EDGE('',*,*,#6636,.F.);
#6636 = EDGE_CURVE('',#6637,#6627,#6639,.T.);
#6637 = VERTEX_POINT('',#6638);
#6638 = CARTESIAN_POINT('',(2.3,0.25,-1.17));
#6639 = LINE('',#6640,#6641);
#6640 = CARTESIAN_POINT('',(0.,0.25,-1.17));
#6641 = VECTOR('',#6642,1.);
#6642 = DIRECTION('',(-1.,-0.,-0.));
#6643 = ORIENTED_EDGE('',*,*,#6644,.F.);
#6644 = EDGE_CURVE('',#6645,#6637,#6647,.T.);
#6645 = VERTEX_POINT('',#6646);
#6646 = CARTESIAN_POINT('',(2.3,0.25,-1.43));
#6647 = LINE('',#6648,#6649);
#6648 = CARTESIAN_POINT('',(2.3,0.25,0.));
#6649 = VECTOR('',#6650,1.);
#6650 = DIRECTION('',(-0.,0.,1.));
#6651 = ORIENTED_EDGE('',*,*,#6652,.F.);
#6652 = EDGE_CURVE('',#6629,#6645,#6653,.T.);
#6653 = LINE('',#6654,#6655);
#6654 = CARTESIAN_POINT('',(0.,0.25,-1.43));
#6655 = VECTOR('',#6656,1.);
#6656 = DIRECTION('',(1.,0.,0.));
#6657 = PLANE('',#6658);
#6658 = AXIS2_PLACEMENT_3D('',#6659,#6660,#6661);
#6659 = CARTESIAN_POINT('',(0.,0.25,0.));
#6660 = DIRECTION('',(0.,-1.,0.));
#6661 = DIRECTION('',(0.,-0.,-1.));
#6662 = ADVANCED_FACE('',(#6663),#6688,.F.);
#6663 = FACE_BOUND('',#6664,.T.);
#6664 = EDGE_LOOP('',(#6665,#6675,#6681,#6682));
#6665 = ORIENTED_EDGE('',*,*,#6666,.F.);
#6666 = EDGE_CURVE('',#6667,#6669,#6671,.T.);
#6667 = VERTEX_POINT('',#6668);
#6668 = CARTESIAN_POINT('',(1.85,0.,-1.43));
#6669 = VERTEX_POINT('',#6670);
#6670 = CARTESIAN_POINT('',(2.3,0.,-1.43));
#6671 = LINE('',#6672,#6673);
#6672 = CARTESIAN_POINT('',(1.85,0.,-1.43));
#6673 = VECTOR('',#6674,1.);
#6674 = DIRECTION('',(1.,0.,-0.));
#6675 = ORIENTED_EDGE('',*,*,#6676,.F.);
#6676 = EDGE_CURVE('',#6629,#6667,#6677,.T.);
#6677 = LINE('',#6678,#6679);
#6678 = CARTESIAN_POINT('',(1.85,-0.519711458407,-1.43));
#6679 = VECTOR('',#6680,1.);
#6680 = DIRECTION('',(0.,-1.,-0.));
#6681 = ORIENTED_EDGE('',*,*,#6652,.T.);
#6682 = ORIENTED_EDGE('',*,*,#6683,.F.);
#6683 = EDGE_CURVE('',#6669,#6645,#6684,.T.);
#6684 = LINE('',#6685,#6686);
#6685 = CARTESIAN_POINT('',(2.3,-0.519711458407,-1.43));
#6686 = VECTOR('',#6687,1.);
#6687 = DIRECTION('',(-0.,1.,0.));
#6688 = PLANE('',#6689);
#6689 = AXIS2_PLACEMENT_3D('',#6690,#6691,#6692);
#6690 = CARTESIAN_POINT('',(1.85,-0.519711458407,-1.43));
#6691 = DIRECTION('',(0.,0.,1.));
#6692 = DIRECTION('',(1.,0.,-0.));
#6693 = ADVANCED_FACE('',(#6694),#6712,.F.);
#6694 = FACE_BOUND('',#6695,.T.);
#6695 = EDGE_LOOP('',(#6696,#6704,#6710,#6711));
#6696 = ORIENTED_EDGE('',*,*,#6697,.F.);
#6697 = EDGE_CURVE('',#6698,#6667,#6700,.T.);
#6698 = VERTEX_POINT('',#6699);
#6699 = CARTESIAN_POINT('',(1.85,0.,-1.17));
#6700 = LINE('',#6701,#6702);
#6701 = CARTESIAN_POINT('',(1.85,0.,-1.17));
#6702 = VECTOR('',#6703,1.);
#6703 = DIRECTION('',(0.,0.,-1.));
#6704 = ORIENTED_EDGE('',*,*,#6705,.F.);
#6705 = EDGE_CURVE('',#6627,#6698,#6706,.T.);
#6706 = LINE('',#6707,#6708);
#6707 = CARTESIAN_POINT('',(1.85,-0.519711458407,-1.17));
#6708 = VECTOR('',#6709,1.);
#6709 = DIRECTION('',(-0.,-1.,-0.));
#6710 = ORIENTED_EDGE('',*,*,#6626,.T.);
#6711 = ORIENTED_EDGE('',*,*,#6676,.T.);
#6712 = PLANE('',#6713);
#6713 = AXIS2_PLACEMENT_3D('',#6714,#6715,#6716);
#6714 = CARTESIAN_POINT('',(1.85,-0.519711458407,-1.17));
#6715 = DIRECTION('',(1.,-0.,0.));
#6716 = DIRECTION('',(0.,0.,-1.));
#6717 = ADVANCED_FACE('',(#6718),#6736,.F.);
#6718 = FACE_BOUND('',#6719,.T.);
#6719 = EDGE_LOOP('',(#6720,#6728,#6734,#6735));
#6720 = ORIENTED_EDGE('',*,*,#6721,.F.);
#6721 = EDGE_CURVE('',#6722,#6698,#6724,.T.);
#6722 = VERTEX_POINT('',#6723);
#6723 = CARTESIAN_POINT('',(2.3,0.,-1.17));
#6724 = LINE('',#6725,#6726);
#6725 = CARTESIAN_POINT('',(2.3,0.,-1.17));
#6726 = VECTOR('',#6727,1.);
#6727 = DIRECTION('',(-1.,0.,-0.));
#6728 = ORIENTED_EDGE('',*,*,#6729,.F.);
#6729 = EDGE_CURVE('',#6637,#6722,#6730,.T.);
#6730 = LINE('',#6731,#6732);
#6731 = CARTESIAN_POINT('',(2.3,-0.519711458407,-1.17));
#6732 = VECTOR('',#6733,1.);
#6733 = DIRECTION('',(-0.,-1.,-0.));
#6734 = ORIENTED_EDGE('',*,*,#6636,.T.);
#6735 = ORIENTED_EDGE('',*,*,#6705,.T.);
#6736 = PLANE('',#6737);
#6737 = AXIS2_PLACEMENT_3D('',#6738,#6739,#6740);
#6738 = CARTESIAN_POINT('',(2.3,-0.519711458407,-1.17));
#6739 = DIRECTION('',(0.,0.,-1.));
#6740 = DIRECTION('',(-1.,0.,-0.));
#6741 = ADVANCED_FACE('',(#6742),#6753,.F.);
#6742 = FACE_BOUND('',#6743,.T.);
#6743 = EDGE_LOOP('',(#6744,#6750,#6751,#6752));
#6744 = ORIENTED_EDGE('',*,*,#6745,.F.);
#6745 = EDGE_CURVE('',#6669,#6722,#6746,.T.);
#6746 = LINE('',#6747,#6748);
#6747 = CARTESIAN_POINT('',(2.3,0.,-1.43));
#6748 = VECTOR('',#6749,1.);
#6749 = DIRECTION('',(0.,0.,1.));
#6750 = ORIENTED_EDGE('',*,*,#6683,.T.);
#6751 = ORIENTED_EDGE('',*,*,#6644,.T.);
#6752 = ORIENTED_EDGE('',*,*,#6729,.T.);
#6753 = PLANE('',#6754);
#6754 = AXIS2_PLACEMENT_3D('',#6755,#6756,#6757);
#6755 = CARTESIAN_POINT('',(2.3,-0.519711458407,-1.43));
#6756 = DIRECTION('',(-1.,0.,0.));
#6757 = DIRECTION('',(0.,0.,1.));
#6758 = ADVANCED_FACE('',(#6759),#6765,.F.);
#6759 = FACE_BOUND('',#6760,.T.);
#6760 = EDGE_LOOP('',(#6761,#6762,#6763,#6764));
#6761 = ORIENTED_EDGE('',*,*,#6721,.T.);
#6762 = ORIENTED_EDGE('',*,*,#6697,.T.);
#6763 = ORIENTED_EDGE('',*,*,#6666,.T.);
#6764 = ORIENTED_EDGE('',*,*,#6745,.T.);
#6765 = PLANE('',#6766);
#6766 = AXIS2_PLACEMENT_3D('',#6767,#6768,#6769);
#6767 = CARTESIAN_POINT('',(0.,0.,0.));
#6768 = DIRECTION('',(0.,1.,0.));
#6769 = DIRECTION('',(0.,-0.,1.));
#6770 = MANIFOLD_SOLID_BREP('',#6771);
#6771 = CLOSED_SHELL('',(#6772,#6812,#6843,#6867,#6891,#6908));
#6772 = ADVANCED_FACE('',(#6773),#6807,.F.);
#6773 = FACE_BOUND('',#6774,.T.);
#6774 = EDGE_LOOP('',(#6775,#6785,#6793,#6801));
#6775 = ORIENTED_EDGE('',*,*,#6776,.F.);
#6776 = EDGE_CURVE('',#6777,#6779,#6781,.T.);
#6777 = VERTEX_POINT('',#6778);
#6778 = CARTESIAN_POINT('',(-2.3,0.25,-1.17));
#6779 = VERTEX_POINT('',#6780);
#6780 = CARTESIAN_POINT('',(-2.3,0.25,-1.43));
#6781 = LINE('',#6782,#6783);
#6782 = CARTESIAN_POINT('',(-2.3,0.25,0.));
#6783 = VECTOR('',#6784,1.);
#6784 = DIRECTION('',(0.,-0.,-1.));
#6785 = ORIENTED_EDGE('',*,*,#6786,.F.);
#6786 = EDGE_CURVE('',#6787,#6777,#6789,.T.);
#6787 = VERTEX_POINT('',#6788);
#6788 = CARTESIAN_POINT('',(-1.85,0.25,-1.17));
#6789 = LINE('',#6790,#6791);
#6790 = CARTESIAN_POINT('',(0.,0.25,-1.17));
#6791 = VECTOR('',#6792,1.);
#6792 = DIRECTION('',(-1.,-0.,-0.));
#6793 = ORIENTED_EDGE('',*,*,#6794,.F.);
#6794 = EDGE_CURVE('',#6795,#6787,#6797,.T.);
#6795 = VERTEX_POINT('',#6796);
#6796 = CARTESIAN_POINT('',(-1.85,0.25,-1.43));
#6797 = LINE('',#6798,#6799);
#6798 = CARTESIAN_POINT('',(-1.85,0.25,0.));
#6799 = VECTOR('',#6800,1.);
#6800 = DIRECTION('',(-0.,0.,1.));
#6801 = ORIENTED_EDGE('',*,*,#6802,.F.);
#6802 = EDGE_CURVE('',#6779,#6795,#6803,.T.);
#6803 = LINE('',#6804,#6805);
#6804 = CARTESIAN_POINT('',(0.,0.25,-1.43));
#6805 = VECTOR('',#6806,1.);
#6806 = DIRECTION('',(1.,0.,0.));
#6807 = PLANE('',#6808);
#6808 = AXIS2_PLACEMENT_3D('',#6809,#6810,#6811);
#6809 = CARTESIAN_POINT('',(0.,0.25,0.));
#6810 = DIRECTION('',(0.,-1.,0.));
#6811 = DIRECTION('',(0.,-0.,-1.));
#6812 = ADVANCED_FACE('',(#6813),#6838,.F.);
#6813 = FACE_BOUND('',#6814,.T.);
#6814 = EDGE_LOOP('',(#6815,#6825,#6831,#6832));
#6815 = ORIENTED_EDGE('',*,*,#6816,.F.);
#6816 = EDGE_CURVE('',#6817,#6819,#6821,.T.);
#6817 = VERTEX_POINT('',#6818);
#6818 = CARTESIAN_POINT('',(-2.3,0.,-1.43));
#6819 = VERTEX_POINT('',#6820);
#6820 = CARTESIAN_POINT('',(-1.85,0.,-1.43));
#6821 = LINE('',#6822,#6823);
#6822 = CARTESIAN_POINT('',(-2.3,0.,-1.43));
#6823 = VECTOR('',#6824,1.);
#6824 = DIRECTION('',(1.,0.,-0.));
#6825 = ORIENTED_EDGE('',*,*,#6826,.F.);
#6826 = EDGE_CURVE('',#6779,#6817,#6827,.T.);
#6827 = LINE('',#6828,#6829);
#6828 = CARTESIAN_POINT('',(-2.3,-0.519711458407,-1.43));
#6829 = VECTOR('',#6830,1.);
#6830 = DIRECTION('',(0.,-1.,-0.));
#6831 = ORIENTED_EDGE('',*,*,#6802,.T.);
#6832 = ORIENTED_EDGE('',*,*,#6833,.F.);
#6833 = EDGE_CURVE('',#6819,#6795,#6834,.T.);
#6834 = LINE('',#6835,#6836);
#6835 = CARTESIAN_POINT('',(-1.85,-0.519711458407,-1.43));
#6836 = VECTOR('',#6837,1.);
#6837 = DIRECTION('',(-0.,1.,0.));
#6838 = PLANE('',#6839);
#6839 = AXIS2_PLACEMENT_3D('',#6840,#6841,#6842);
#6840 = CARTESIAN_POINT('',(-2.3,-0.519711458407,-1.43));
#6841 = DIRECTION('',(0.,0.,1.));
#6842 = DIRECTION('',(1.,0.,-0.));
#6843 = ADVANCED_FACE('',(#6844),#6862,.F.);
#6844 = FACE_BOUND('',#6845,.T.);
#6845 = EDGE_LOOP('',(#6846,#6854,#6860,#6861));
#6846 = ORIENTED_EDGE('',*,*,#6847,.F.);
#6847 = EDGE_CURVE('',#6848,#6817,#6850,.T.);
#6848 = VERTEX_POINT('',#6849);
#6849 = CARTESIAN_POINT('',(-2.3,0.,-1.17));
#6850 = LINE('',#6851,#6852);
#6851 = CARTESIAN_POINT('',(-2.3,0.,-1.17));
#6852 = VECTOR('',#6853,1.);
#6853 = DIRECTION('',(0.,0.,-1.));
#6854 = ORIENTED_EDGE('',*,*,#6855,.F.);
#6855 = EDGE_CURVE('',#6777,#6848,#6856,.T.);
#6856 = LINE('',#6857,#6858);
#6857 = CARTESIAN_POINT('',(-2.3,-0.519711458407,-1.17));
#6858 = VECTOR('',#6859,1.);
#6859 = DIRECTION('',(-0.,-1.,-0.));
#6860 = ORIENTED_EDGE('',*,*,#6776,.T.);
#6861 = ORIENTED_EDGE('',*,*,#6826,.T.);
#6862 = PLANE('',#6863);
#6863 = AXIS2_PLACEMENT_3D('',#6864,#6865,#6866);
#6864 = CARTESIAN_POINT('',(-2.3,-0.519711458407,-1.17));
#6865 = DIRECTION('',(1.,-0.,0.));
#6866 = DIRECTION('',(0.,0.,-1.));
#6867 = ADVANCED_FACE('',(#6868),#6886,.F.);
#6868 = FACE_BOUND('',#6869,.T.);
#6869 = EDGE_LOOP('',(#6870,#6878,#6884,#6885));
#6870 = ORIENTED_EDGE('',*,*,#6871,.F.);
#6871 = EDGE_CURVE('',#6872,#6848,#6874,.T.);
#6872 = VERTEX_POINT('',#6873);
#6873 = CARTESIAN_POINT('',(-1.85,0.,-1.17));
#6874 = LINE('',#6875,#6876);
#6875 = CARTESIAN_POINT('',(-1.85,0.,-1.17));
#6876 = VECTOR('',#6877,1.);
#6877 = DIRECTION('',(-1.,0.,-0.));
#6878 = ORIENTED_EDGE('',*,*,#6879,.F.);
#6879 = EDGE_CURVE('',#6787,#6872,#6880,.T.);
#6880 = LINE('',#6881,#6882);
#6881 = CARTESIAN_POINT('',(-1.85,-0.519711458407,-1.17));
#6882 = VECTOR('',#6883,1.);
#6883 = DIRECTION('',(-0.,-1.,-0.));
#6884 = ORIENTED_EDGE('',*,*,#6786,.T.);
#6885 = ORIENTED_EDGE('',*,*,#6855,.T.);
#6886 = PLANE('',#6887);
#6887 = AXIS2_PLACEMENT_3D('',#6888,#6889,#6890);
#6888 = CARTESIAN_POINT('',(-1.85,-0.519711458407,-1.17));
#6889 = DIRECTION('',(0.,0.,-1.));
#6890 = DIRECTION('',(-1.,0.,-0.));
#6891 = ADVANCED_FACE('',(#6892),#6903,.F.);
#6892 = FACE_BOUND('',#6893,.T.);
#6893 = EDGE_LOOP('',(#6894,#6900,#6901,#6902));
#6894 = ORIENTED_EDGE('',*,*,#6895,.F.);
#6895 = EDGE_CURVE('',#6819,#6872,#6896,.T.);
#6896 = LINE('',#6897,#6898);
#6897 = CARTESIAN_POINT('',(-1.85,0.,-1.43));
#6898 = VECTOR('',#6899,1.);
#6899 = DIRECTION('',(0.,0.,1.));
#6900 = ORIENTED_EDGE('',*,*,#6833,.T.);
#6901 = ORIENTED_EDGE('',*,*,#6794,.T.);
#6902 = ORIENTED_EDGE('',*,*,#6879,.T.);
#6903 = PLANE('',#6904);
#6904 = AXIS2_PLACEMENT_3D('',#6905,#6906,#6907);
#6905 = CARTESIAN_POINT('',(-1.85,-0.519711458407,-1.43));
#6906 = DIRECTION('',(-1.,0.,0.));
#6907 = DIRECTION('',(0.,0.,1.));
#6908 = ADVANCED_FACE('',(#6909),#6915,.F.);
#6909 = FACE_BOUND('',#6910,.T.);
#6910 = EDGE_LOOP('',(#6911,#6912,#6913,#6914));
#6911 = ORIENTED_EDGE('',*,*,#6871,.T.);
#6912 = ORIENTED_EDGE('',*,*,#6847,.T.);
#6913 = ORIENTED_EDGE('',*,*,#6816,.T.);
#6914 = ORIENTED_EDGE('',*,*,#6895,.T.);
#6915 = PLANE('',#6916);
#6916 = AXIS2_PLACEMENT_3D('',#6917,#6918,#6919);
#6917 = CARTESIAN_POINT('',(0.,0.,0.));
#6918 = DIRECTION('',(0.,1.,0.));
#6919 = DIRECTION('',(0.,-0.,1.));
#6920 = MANIFOLD_SOLID_BREP('',#6921);
#6921 = CLOSED_SHELL('',(#6922,#6962,#6993,#7017,#7041,#7058));
#6922 = ADVANCED_FACE('',(#6923),#6957,.F.);
#6923 = FACE_BOUND('',#6924,.T.);
#6924 = EDGE_LOOP('',(#6925,#6935,#6943,#6951));
#6925 = ORIENTED_EDGE('',*,*,#6926,.F.);
#6926 = EDGE_CURVE('',#6927,#6929,#6931,.T.);
#6927 = VERTEX_POINT('',#6928);
#6928 = CARTESIAN_POINT('',(-0.13,0.25,2.2));
#6929 = VERTEX_POINT('',#6930);
#6930 = CARTESIAN_POINT('',(-0.13,0.25,1.75));
#6931 = LINE('',#6932,#6933);
#6932 = CARTESIAN_POINT('',(-0.13,0.25,0.));
#6933 = VECTOR('',#6934,1.);
#6934 = DIRECTION('',(0.,-0.,-1.));
#6935 = ORIENTED_EDGE('',*,*,#6936,.F.);
#6936 = EDGE_CURVE('',#6937,#6927,#6939,.T.);
#6937 = VERTEX_POINT('',#6938);
#6938 = CARTESIAN_POINT('',(0.13,0.25,2.2));
#6939 = LINE('',#6940,#6941);
#6940 = CARTESIAN_POINT('',(0.,0.25,2.2));
#6941 = VECTOR('',#6942,1.);
#6942 = DIRECTION('',(-1.,-0.,-0.));
#6943 = ORIENTED_EDGE('',*,*,#6944,.F.);
#6944 = EDGE_CURVE('',#6945,#6937,#6947,.T.);
#6945 = VERTEX_POINT('',#6946);
#6946 = CARTESIAN_POINT('',(0.13,0.25,1.75));
#6947 = LINE('',#6948,#6949);
#6948 = CARTESIAN_POINT('',(0.13,0.25,0.));
#6949 = VECTOR('',#6950,1.);
#6950 = DIRECTION('',(-0.,0.,1.));
#6951 = ORIENTED_EDGE('',*,*,#6952,.F.);
#6952 = EDGE_CURVE('',#6929,#6945,#6953,.T.);
#6953 = LINE('',#6954,#6955);
#6954 = CARTESIAN_POINT('',(0.,0.25,1.75));
#6955 = VECTOR('',#6956,1.);
#6956 = DIRECTION('',(1.,0.,0.));
#6957 = PLANE('',#6958);
#6958 = AXIS2_PLACEMENT_3D('',#6959,#6960,#6961);
#6959 = CARTESIAN_POINT('',(0.,0.25,0.));
#6960 = DIRECTION('',(0.,-1.,0.));
#6961 = DIRECTION('',(0.,-0.,-1.));
#6962 = ADVANCED_FACE('',(#6963),#6988,.F.);
#6963 = FACE_BOUND('',#6964,.T.);
#6964 = EDGE_LOOP('',(#6965,#6975,#6981,#6982));
#6965 = ORIENTED_EDGE('',*,*,#6966,.F.);
#6966 = EDGE_CURVE('',#6967,#6969,#6971,.T.);
#6967 = VERTEX_POINT('',#6968);
#6968 = CARTESIAN_POINT('',(-0.13,0.,1.75));
#6969 = VERTEX_POINT('',#6970);
#6970 = CARTESIAN_POINT('',(0.13,0.,1.75));
#6971 = LINE('',#6972,#6973);
#6972 = CARTESIAN_POINT('',(-0.13,0.,1.75));
#6973 = VECTOR('',#6974,1.);
#6974 = DIRECTION('',(1.,0.,-0.));
#6975 = ORIENTED_EDGE('',*,*,#6976,.F.);
#6976 = EDGE_CURVE('',#6929,#6967,#6977,.T.);
#6977 = LINE('',#6978,#6979);
#6978 = CARTESIAN_POINT('',(-0.13,-0.519711458407,1.75));
#6979 = VECTOR('',#6980,1.);
#6980 = DIRECTION('',(0.,-1.,-0.));
#6981 = ORIENTED_EDGE('',*,*,#6952,.T.);
#6982 = ORIENTED_EDGE('',*,*,#6983,.F.);
#6983 = EDGE_CURVE('',#6969,#6945,#6984,.T.);
#6984 = LINE('',#6985,#6986);
#6985 = CARTESIAN_POINT('',(0.13,-0.519711458407,1.75));
#6986 = VECTOR('',#6987,1.);
#6987 = DIRECTION('',(-0.,1.,0.));
#6988 = PLANE('',#6989);
#6989 = AXIS2_PLACEMENT_3D('',#6990,#6991,#6992);
#6990 = CARTESIAN_POINT('',(-0.13,-0.519711458407,1.75));
#6991 = DIRECTION('',(0.,0.,1.));
#6992 = DIRECTION('',(1.,0.,-0.));
#6993 = ADVANCED_FACE('',(#6994),#7012,.F.);
#6994 = FACE_BOUND('',#6995,.T.);
#6995 = EDGE_LOOP('',(#6996,#7004,#7010,#7011));
#6996 = ORIENTED_EDGE('',*,*,#6997,.F.);
#6997 = EDGE_CURVE('',#6998,#6967,#7000,.T.);
#6998 = VERTEX_POINT('',#6999);
#6999 = CARTESIAN_POINT('',(-0.13,0.,2.2));
#7000 = LINE('',#7001,#7002);
#7001 = CARTESIAN_POINT('',(-0.13,0.,2.2));
#7002 = VECTOR('',#7003,1.);
#7003 = DIRECTION('',(1.204669080539E-16,0.,-1.));
#7004 = ORIENTED_EDGE('',*,*,#7005,.F.);
#7005 = EDGE_CURVE('',#6927,#6998,#7006,.T.);
#7006 = LINE('',#7007,#7008);
#7007 = CARTESIAN_POINT('',(-0.13,-0.519711458407,2.2));
#7008 = VECTOR('',#7009,1.);
#7009 = DIRECTION('',(-0.,-1.,-0.));
#7010 = ORIENTED_EDGE('',*,*,#6926,.T.);
#7011 = ORIENTED_EDGE('',*,*,#6976,.T.);
#7012 = PLANE('',#7013);
#7013 = AXIS2_PLACEMENT_3D('',#7014,#7015,#7016);
#7014 = CARTESIAN_POINT('',(-0.13,-0.519711458407,2.2));
#7015 = DIRECTION('',(1.,-0.,1.204669080539E-16));
#7016 = DIRECTION('',(1.204669080539E-16,0.,-1.));
#7017 = ADVANCED_FACE('',(#7018),#7036,.F.);
#7018 = FACE_BOUND('',#7019,.T.);
#7019 = EDGE_LOOP('',(#7020,#7028,#7034,#7035));
#7020 = ORIENTED_EDGE('',*,*,#7021,.F.);
#7021 = EDGE_CURVE('',#7022,#6998,#7024,.T.);
#7022 = VERTEX_POINT('',#7023);
#7023 = CARTESIAN_POINT('',(0.13,0.,2.2));
#7024 = LINE('',#7025,#7026);
#7025 = CARTESIAN_POINT('',(0.13,0.,2.2));
#7026 = VECTOR('',#7027,1.);
#7027 = DIRECTION('',(-1.,0.,-0.));
#7028 = ORIENTED_EDGE('',*,*,#7029,.F.);
#7029 = EDGE_CURVE('',#6937,#7022,#7030,.T.);
#7030 = LINE('',#7031,#7032);
#7031 = CARTESIAN_POINT('',(0.13,-0.519711458407,2.2));
#7032 = VECTOR('',#7033,1.);
#7033 = DIRECTION('',(-0.,-1.,-0.));
#7034 = ORIENTED_EDGE('',*,*,#6936,.T.);
#7035 = ORIENTED_EDGE('',*,*,#7005,.T.);
#7036 = PLANE('',#7037);
#7037 = AXIS2_PLACEMENT_3D('',#7038,#7039,#7040);
#7038 = CARTESIAN_POINT('',(0.13,-0.519711458407,2.2));
#7039 = DIRECTION('',(0.,0.,-1.));
#7040 = DIRECTION('',(-1.,0.,-0.));
#7041 = ADVANCED_FACE('',(#7042),#7053,.F.);
#7042 = FACE_BOUND('',#7043,.T.);
#7043 = EDGE_LOOP('',(#7044,#7050,#7051,#7052));
#7044 = ORIENTED_EDGE('',*,*,#7045,.F.);
#7045 = EDGE_CURVE('',#6969,#7022,#7046,.T.);
#7046 = LINE('',#7047,#7048);
#7047 = CARTESIAN_POINT('',(0.13,0.,1.75));
#7048 = VECTOR('',#7049,1.);
#7049 = DIRECTION('',(-1.204669080539E-16,0.,1.));
#7050 = ORIENTED_EDGE('',*,*,#6983,.T.);
#7051 = ORIENTED_EDGE('',*,*,#6944,.T.);
#7052 = ORIENTED_EDGE('',*,*,#7029,.T.);
#7053 = PLANE('',#7054);
#7054 = AXIS2_PLACEMENT_3D('',#7055,#7056,#7057);
#7055 = CARTESIAN_POINT('',(0.13,-0.519711458407,1.75));
#7056 = DIRECTION('',(-1.,0.,-1.204669080539E-16));
#7057 = DIRECTION('',(-1.204669080539E-16,0.,1.));
#7058 = ADVANCED_FACE('',(#7059),#7065,.F.);
#7059 = FACE_BOUND('',#7060,.T.);
#7060 = EDGE_LOOP('',(#7061,#7062,#7063,#7064));
#7061 = ORIENTED_EDGE('',*,*,#7021,.T.);
#7062 = ORIENTED_EDGE('',*,*,#6997,.T.);
#7063 = ORIENTED_EDGE('',*,*,#6966,.T.);
#7064 = ORIENTED_EDGE('',*,*,#7045,.T.);
#7065 = PLANE('',#7066);
#7066 = AXIS2_PLACEMENT_3D('',#7067,#7068,#7069);
#7067 = CARTESIAN_POINT('',(0.,0.,0.));
#7068 = DIRECTION('',(0.,1.,0.));
#7069 = DIRECTION('',(0.,-0.,1.));
#7070 = MANIFOLD_SOLID_BREP('',#7071);
#7071 = CLOSED_SHELL('',(#7072,#7112,#7143,#7167,#7191,#7208));
#7072 = ADVANCED_FACE('',(#7073),#7107,.F.);
#7073 = FACE_BOUND('',#7074,.T.);
#7074 = EDGE_LOOP('',(#7075,#7085,#7093,#7101));
#7075 = ORIENTED_EDGE('',*,*,#7076,.F.);
#7076 = EDGE_CURVE('',#7077,#7079,#7081,.T.);
#7077 = VERTEX_POINT('',#7078);
#7078 = CARTESIAN_POINT('',(-2.3,0.25,0.78));
#7079 = VERTEX_POINT('',#7080);
#7080 = CARTESIAN_POINT('',(-2.3,0.25,0.52));
#7081 = LINE('',#7082,#7083);
#7082 = CARTESIAN_POINT('',(-2.3,0.25,0.));
#7083 = VECTOR('',#7084,1.);
#7084 = DIRECTION('',(0.,-0.,-1.));
#7085 = ORIENTED_EDGE('',*,*,#7086,.F.);
#7086 = EDGE_CURVE('',#7087,#7077,#7089,.T.);
#7087 = VERTEX_POINT('',#7088);
#7088 = CARTESIAN_POINT('',(-1.85,0.25,0.78));
#7089 = LINE('',#7090,#7091);
#7090 = CARTESIAN_POINT('',(0.,0.25,0.78));
#7091 = VECTOR('',#7092,1.);
#7092 = DIRECTION('',(-1.,-0.,-0.));
#7093 = ORIENTED_EDGE('',*,*,#7094,.F.);
#7094 = EDGE_CURVE('',#7095,#7087,#7097,.T.);
#7095 = VERTEX_POINT('',#7096);
#7096 = CARTESIAN_POINT('',(-1.85,0.25,0.52));
#7097 = LINE('',#7098,#7099);
#7098 = CARTESIAN_POINT('',(-1.85,0.25,0.));
#7099 = VECTOR('',#7100,1.);
#7100 = DIRECTION('',(-0.,0.,1.));
#7101 = ORIENTED_EDGE('',*,*,#7102,.F.);
#7102 = EDGE_CURVE('',#7079,#7095,#7103,.T.);
#7103 = LINE('',#7104,#7105);
#7104 = CARTESIAN_POINT('',(0.,0.25,0.52));
#7105 = VECTOR('',#7106,1.);
#7106 = DIRECTION('',(1.,0.,0.));
#7107 = PLANE('',#7108);
#7108 = AXIS2_PLACEMENT_3D('',#7109,#7110,#7111);
#7109 = CARTESIAN_POINT('',(0.,0.25,0.));
#7110 = DIRECTION('',(0.,-1.,0.));
#7111 = DIRECTION('',(0.,-0.,-1.));
#7112 = ADVANCED_FACE('',(#7113),#7138,.F.);
#7113 = FACE_BOUND('',#7114,.T.);
#7114 = EDGE_LOOP('',(#7115,#7125,#7131,#7132));
#7115 = ORIENTED_EDGE('',*,*,#7116,.F.);
#7116 = EDGE_CURVE('',#7117,#7119,#7121,.T.);
#7117 = VERTEX_POINT('',#7118);
#7118 = CARTESIAN_POINT('',(-2.3,0.,0.52));
#7119 = VERTEX_POINT('',#7120);
#7120 = CARTESIAN_POINT('',(-1.85,0.,0.52));
#7121 = LINE('',#7122,#7123);
#7122 = CARTESIAN_POINT('',(-2.3,0.,0.52));
#7123 = VECTOR('',#7124,1.);
#7124 = DIRECTION('',(1.,0.,-0.));
#7125 = ORIENTED_EDGE('',*,*,#7126,.F.);
#7126 = EDGE_CURVE('',#7079,#7117,#7127,.T.);
#7127 = LINE('',#7128,#7129);
#7128 = CARTESIAN_POINT('',(-2.3,-0.519711458407,0.52));
#7129 = VECTOR('',#7130,1.);
#7130 = DIRECTION('',(0.,-1.,-0.));
#7131 = ORIENTED_EDGE('',*,*,#7102,.T.);
#7132 = ORIENTED_EDGE('',*,*,#7133,.F.);
#7133 = EDGE_CURVE('',#7119,#7095,#7134,.T.);
#7134 = LINE('',#7135,#7136);
#7135 = CARTESIAN_POINT('',(-1.85,-0.519711458407,0.52));
#7136 = VECTOR('',#7137,1.);
#7137 = DIRECTION('',(-0.,1.,0.));
#7138 = PLANE('',#7139);
#7139 = AXIS2_PLACEMENT_3D('',#7140,#7141,#7142);
#7140 = CARTESIAN_POINT('',(-2.3,-0.519711458407,0.52));
#7141 = DIRECTION('',(0.,0.,1.));
#7142 = DIRECTION('',(1.,0.,-0.));
#7143 = ADVANCED_FACE('',(#7144),#7162,.F.);
#7144 = FACE_BOUND('',#7145,.T.);
#7145 = EDGE_LOOP('',(#7146,#7154,#7160,#7161));
#7146 = ORIENTED_EDGE('',*,*,#7147,.F.);
#7147 = EDGE_CURVE('',#7148,#7117,#7150,.T.);
#7148 = VERTEX_POINT('',#7149);
#7149 = CARTESIAN_POINT('',(-2.3,0.,0.78));
#7150 = LINE('',#7151,#7152);
#7151 = CARTESIAN_POINT('',(-2.3,0.,0.78));
#7152 = VECTOR('',#7153,1.);
#7153 = DIRECTION('',(0.,0.,-1.));
#7154 = ORIENTED_EDGE('',*,*,#7155,.F.);
#7155 = EDGE_CURVE('',#7077,#7148,#7156,.T.);
#7156 = LINE('',#7157,#7158);
#7157 = CARTESIAN_POINT('',(-2.3,-0.519711458407,0.78));
#7158 = VECTOR('',#7159,1.);
#7159 = DIRECTION('',(-0.,-1.,-0.));
#7160 = ORIENTED_EDGE('',*,*,#7076,.T.);
#7161 = ORIENTED_EDGE('',*,*,#7126,.T.);
#7162 = PLANE('',#7163);
#7163 = AXIS2_PLACEMENT_3D('',#7164,#7165,#7166);
#7164 = CARTESIAN_POINT('',(-2.3,-0.519711458407,0.78));
#7165 = DIRECTION('',(1.,-0.,0.));
#7166 = DIRECTION('',(0.,0.,-1.));
#7167 = ADVANCED_FACE('',(#7168),#7186,.F.);
#7168 = FACE_BOUND('',#7169,.T.);
#7169 = EDGE_LOOP('',(#7170,#7178,#7184,#7185));
#7170 = ORIENTED_EDGE('',*,*,#7171,.F.);
#7171 = EDGE_CURVE('',#7172,#7148,#7174,.T.);
#7172 = VERTEX_POINT('',#7173);
#7173 = CARTESIAN_POINT('',(-1.85,0.,0.78));
#7174 = LINE('',#7175,#7176);
#7175 = CARTESIAN_POINT('',(-1.85,0.,0.78));
#7176 = VECTOR('',#7177,1.);
#7177 = DIRECTION('',(-1.,0.,-0.));
#7178 = ORIENTED_EDGE('',*,*,#7179,.F.);
#7179 = EDGE_CURVE('',#7087,#7172,#7180,.T.);
#7180 = LINE('',#7181,#7182);
#7181 = CARTESIAN_POINT('',(-1.85,-0.519711458407,0.78));
#7182 = VECTOR('',#7183,1.);
#7183 = DIRECTION('',(-0.,-1.,-0.));
#7184 = ORIENTED_EDGE('',*,*,#7086,.T.);
#7185 = ORIENTED_EDGE('',*,*,#7155,.T.);
#7186 = PLANE('',#7187);
#7187 = AXIS2_PLACEMENT_3D('',#7188,#7189,#7190);
#7188 = CARTESIAN_POINT('',(-1.85,-0.519711458407,0.78));
#7189 = DIRECTION('',(0.,0.,-1.));
#7190 = DIRECTION('',(-1.,0.,-0.));
#7191 = ADVANCED_FACE('',(#7192),#7203,.F.);
#7192 = FACE_BOUND('',#7193,.T.);
#7193 = EDGE_LOOP('',(#7194,#7200,#7201,#7202));
#7194 = ORIENTED_EDGE('',*,*,#7195,.F.);
#7195 = EDGE_CURVE('',#7119,#7172,#7196,.T.);
#7196 = LINE('',#7197,#7198);
#7197 = CARTESIAN_POINT('',(-1.85,0.,0.52));
#7198 = VECTOR('',#7199,1.);
#7199 = DIRECTION('',(0.,0.,1.));
#7200 = ORIENTED_EDGE('',*,*,#7133,.T.);
#7201 = ORIENTED_EDGE('',*,*,#7094,.T.);
#7202 = ORIENTED_EDGE('',*,*,#7179,.T.);
#7203 = PLANE('',#7204);
#7204 = AXIS2_PLACEMENT_3D('',#7205,#7206,#7207);
#7205 = CARTESIAN_POINT('',(-1.85,-0.519711458407,0.52));
#7206 = DIRECTION('',(-1.,0.,0.));
#7207 = DIRECTION('',(0.,0.,1.));
#7208 = ADVANCED_FACE('',(#7209),#7215,.F.);
#7209 = FACE_BOUND('',#7210,.T.);
#7210 = EDGE_LOOP('',(#7211,#7212,#7213,#7214));
#7211 = ORIENTED_EDGE('',*,*,#7171,.T.);
#7212 = ORIENTED_EDGE('',*,*,#7147,.T.);
#7213 = ORIENTED_EDGE('',*,*,#7116,.T.);
#7214 = ORIENTED_EDGE('',*,*,#7195,.T.);
#7215 = PLANE('',#7216);
#7216 = AXIS2_PLACEMENT_3D('',#7217,#7218,#7219);
#7217 = CARTESIAN_POINT('',(0.,0.,0.));
#7218 = DIRECTION('',(0.,1.,0.));
#7219 = DIRECTION('',(0.,-0.,1.));
#7220 = MANIFOLD_SOLID_BREP('',#7221);
#7221 = CLOSED_SHELL('',(#7222,#7262,#7293,#7317,#7341,#7358));
#7222 = ADVANCED_FACE('',(#7223),#7257,.F.);
#7223 = FACE_BOUND('',#7224,.T.);
#7224 = EDGE_LOOP('',(#7225,#7235,#7243,#7251));
#7225 = ORIENTED_EDGE('',*,*,#7226,.F.);
#7226 = EDGE_CURVE('',#7227,#7229,#7231,.T.);
#7227 = VERTEX_POINT('',#7228);
#7228 = CARTESIAN_POINT('',(-2.3,0.25,-0.52));
#7229 = VERTEX_POINT('',#7230);
#7230 = CARTESIAN_POINT('',(-2.3,0.25,-0.78));
#7231 = LINE('',#7232,#7233);
#7232 = CARTESIAN_POINT('',(-2.3,0.25,0.));
#7233 = VECTOR('',#7234,1.);
#7234 = DIRECTION('',(0.,-0.,-1.));
#7235 = ORIENTED_EDGE('',*,*,#7236,.F.);
#7236 = EDGE_CURVE('',#7237,#7227,#7239,.T.);
#7237 = VERTEX_POINT('',#7238);
#7238 = CARTESIAN_POINT('',(-1.85,0.25,-0.52));
#7239 = LINE('',#7240,#7241);
#7240 = CARTESIAN_POINT('',(0.,0.25,-0.52));
#7241 = VECTOR('',#7242,1.);
#7242 = DIRECTION('',(-1.,-0.,-0.));
#7243 = ORIENTED_EDGE('',*,*,#7244,.F.);
#7244 = EDGE_CURVE('',#7245,#7237,#7247,.T.);
#7245 = VERTEX_POINT('',#7246);
#7246 = CARTESIAN_POINT('',(-1.85,0.25,-0.78));
#7247 = LINE('',#7248,#7249);
#7248 = CARTESIAN_POINT('',(-1.85,0.25,0.));
#7249 = VECTOR('',#7250,1.);
#7250 = DIRECTION('',(-0.,0.,1.));
#7251 = ORIENTED_EDGE('',*,*,#7252,.F.);
#7252 = EDGE_CURVE('',#7229,#7245,#7253,.T.);
#7253 = LINE('',#7254,#7255);
#7254 = CARTESIAN_POINT('',(0.,0.25,-0.78));
#7255 = VECTOR('',#7256,1.);
#7256 = DIRECTION('',(1.,0.,0.));
#7257 = PLANE('',#7258);
#7258 = AXIS2_PLACEMENT_3D('',#7259,#7260,#7261);
#7259 = CARTESIAN_POINT('',(0.,0.25,0.));
#7260 = DIRECTION('',(0.,-1.,0.));
#7261 = DIRECTION('',(0.,-0.,-1.));
#7262 = ADVANCED_FACE('',(#7263),#7288,.F.);
#7263 = FACE_BOUND('',#7264,.T.);
#7264 = EDGE_LOOP('',(#7265,#7275,#7281,#7282));
#7265 = ORIENTED_EDGE('',*,*,#7266,.F.);
#7266 = EDGE_CURVE('',#7267,#7269,#7271,.T.);
#7267 = VERTEX_POINT('',#7268);
#7268 = CARTESIAN_POINT('',(-2.3,0.,-0.78));
#7269 = VERTEX_POINT('',#7270);
#7270 = CARTESIAN_POINT('',(-1.85,0.,-0.78));
#7271 = LINE('',#7272,#7273);
#7272 = CARTESIAN_POINT('',(-2.3,0.,-0.78));
#7273 = VECTOR('',#7274,1.);
#7274 = DIRECTION('',(1.,0.,-0.));
#7275 = ORIENTED_EDGE('',*,*,#7276,.F.);
#7276 = EDGE_CURVE('',#7229,#7267,#7277,.T.);
#7277 = LINE('',#7278,#7279);
#7278 = CARTESIAN_POINT('',(-2.3,-0.519711458407,-0.78));
#7279 = VECTOR('',#7280,1.);
#7280 = DIRECTION('',(0.,-1.,-0.));
#7281 = ORIENTED_EDGE('',*,*,#7252,.T.);
#7282 = ORIENTED_EDGE('',*,*,#7283,.F.);
#7283 = EDGE_CURVE('',#7269,#7245,#7284,.T.);
#7284 = LINE('',#7285,#7286);
#7285 = CARTESIAN_POINT('',(-1.85,-0.519711458407,-0.78));
#7286 = VECTOR('',#7287,1.);
#7287 = DIRECTION('',(-0.,1.,0.));
#7288 = PLANE('',#7289);
#7289 = AXIS2_PLACEMENT_3D('',#7290,#7291,#7292);
#7290 = CARTESIAN_POINT('',(-2.3,-0.519711458407,-0.78));
#7291 = DIRECTION('',(0.,0.,1.));
#7292 = DIRECTION('',(1.,0.,-0.));
#7293 = ADVANCED_FACE('',(#7294),#7312,.F.);
#7294 = FACE_BOUND('',#7295,.T.);
#7295 = EDGE_LOOP('',(#7296,#7304,#7310,#7311));
#7296 = ORIENTED_EDGE('',*,*,#7297,.F.);
#7297 = EDGE_CURVE('',#7298,#7267,#7300,.T.);
#7298 = VERTEX_POINT('',#7299);
#7299 = CARTESIAN_POINT('',(-2.3,0.,-0.52));
#7300 = LINE('',#7301,#7302);
#7301 = CARTESIAN_POINT('',(-2.3,0.,-0.52));
#7302 = VECTOR('',#7303,1.);
#7303 = DIRECTION('',(0.,0.,-1.));
#7304 = ORIENTED_EDGE('',*,*,#7305,.F.);
#7305 = EDGE_CURVE('',#7227,#7298,#7306,.T.);
#7306 = LINE('',#7307,#7308);
#7307 = CARTESIAN_POINT('',(-2.3,-0.519711458407,-0.52));
#7308 = VECTOR('',#7309,1.);
#7309 = DIRECTION('',(-0.,-1.,-0.));
#7310 = ORIENTED_EDGE('',*,*,#7226,.T.);
#7311 = ORIENTED_EDGE('',*,*,#7276,.T.);
#7312 = PLANE('',#7313);
#7313 = AXIS2_PLACEMENT_3D('',#7314,#7315,#7316);
#7314 = CARTESIAN_POINT('',(-2.3,-0.519711458407,-0.52));
#7315 = DIRECTION('',(1.,-0.,0.));
#7316 = DIRECTION('',(0.,0.,-1.));
#7317 = ADVANCED_FACE('',(#7318),#7336,.F.);
#7318 = FACE_BOUND('',#7319,.T.);
#7319 = EDGE_LOOP('',(#7320,#7328,#7334,#7335));
#7320 = ORIENTED_EDGE('',*,*,#7321,.F.);
#7321 = EDGE_CURVE('',#7322,#7298,#7324,.T.);
#7322 = VERTEX_POINT('',#7323);
#7323 = CARTESIAN_POINT('',(-1.85,0.,-0.52));
#7324 = LINE('',#7325,#7326);
#7325 = CARTESIAN_POINT('',(-1.85,0.,-0.52));
#7326 = VECTOR('',#7327,1.);
#7327 = DIRECTION('',(-1.,0.,-0.));
#7328 = ORIENTED_EDGE('',*,*,#7329,.F.);
#7329 = EDGE_CURVE('',#7237,#7322,#7330,.T.);
#7330 = LINE('',#7331,#7332);
#7331 = CARTESIAN_POINT('',(-1.85,-0.519711458407,-0.52));
#7332 = VECTOR('',#7333,1.);
#7333 = DIRECTION('',(-0.,-1.,-0.));
#7334 = ORIENTED_EDGE('',*,*,#7236,.T.);
#7335 = ORIENTED_EDGE('',*,*,#7305,.T.);
#7336 = PLANE('',#7337);
#7337 = AXIS2_PLACEMENT_3D('',#7338,#7339,#7340);
#7338 = CARTESIAN_POINT('',(-1.85,-0.519711458407,-0.52));
#7339 = DIRECTION('',(0.,0.,-1.));
#7340 = DIRECTION('',(-1.,0.,-0.));
#7341 = ADVANCED_FACE('',(#7342),#7353,.F.);
#7342 = FACE_BOUND('',#7343,.T.);
#7343 = EDGE_LOOP('',(#7344,#7350,#7351,#7352));
#7344 = ORIENTED_EDGE('',*,*,#7345,.F.);
#7345 = EDGE_CURVE('',#7269,#7322,#7346,.T.);
#7346 = LINE('',#7347,#7348);
#7347 = CARTESIAN_POINT('',(-1.85,0.,-0.78));
#7348 = VECTOR('',#7349,1.);
#7349 = DIRECTION('',(0.,0.,1.));
#7350 = ORIENTED_EDGE('',*,*,#7283,.T.);
#7351 = ORIENTED_EDGE('',*,*,#7244,.T.);
#7352 = ORIENTED_EDGE('',*,*,#7329,.T.);
#7353 = PLANE('',#7354);
#7354 = AXIS2_PLACEMENT_3D('',#7355,#7356,#7357);
#7355 = CARTESIAN_POINT('',(-1.85,-0.519711458407,-0.78));
#7356 = DIRECTION('',(-1.,0.,0.));
#7357 = DIRECTION('',(0.,0.,1.));
#7358 = ADVANCED_FACE('',(#7359),#7365,.F.);
#7359 = FACE_BOUND('',#7360,.T.);
#7360 = EDGE_LOOP('',(#7361,#7362,#7363,#7364));
#7361 = ORIENTED_EDGE('',*,*,#7321,.T.);
#7362 = ORIENTED_EDGE('',*,*,#7297,.T.);
#7363 = ORIENTED_EDGE('',*,*,#7266,.T.);
#7364 = ORIENTED_EDGE('',*,*,#7345,.T.);
#7365 = PLANE('',#7366);
#7366 = AXIS2_PLACEMENT_3D('',#7367,#7368,#7369);
#7367 = CARTESIAN_POINT('',(0.,0.,0.));
#7368 = DIRECTION('',(0.,1.,0.));
#7369 = DIRECTION('',(0.,-0.,1.));
#7370 = MANIFOLD_SOLID_BREP('',#7371);
#7371 = CLOSED_SHELL('',(#7372,#7412,#7443,#7467,#7491,#7508));
#7372 = ADVANCED_FACE('',(#7373),#7407,.F.);
#7373 = FACE_BOUND('',#7374,.T.);
#7374 = EDGE_LOOP('',(#7375,#7385,#7393,#7401));
#7375 = ORIENTED_EDGE('',*,*,#7376,.F.);
#7376 = EDGE_CURVE('',#7377,#7379,#7381,.T.);
#7377 = VERTEX_POINT('',#7378);
#7378 = CARTESIAN_POINT('',(-1.17,0.25,2.2));
#7379 = VERTEX_POINT('',#7380);
#7380 = CARTESIAN_POINT('',(-1.43,0.25,2.2));
#7381 = LINE('',#7382,#7383);
#7382 = CARTESIAN_POINT('',(0.,0.25,2.2));
#7383 = VECTOR('',#7384,1.);
#7384 = DIRECTION('',(-1.,-0.,-0.));
#7385 = ORIENTED_EDGE('',*,*,#7386,.F.);
#7386 = EDGE_CURVE('',#7387,#7377,#7389,.T.);
#7387 = VERTEX_POINT('',#7388);
#7388 = CARTESIAN_POINT('',(-1.17,0.25,1.75));
#7389 = LINE('',#7390,#7391);
#7390 = CARTESIAN_POINT('',(-1.17,0.25,0.));
#7391 = VECTOR('',#7392,1.);
#7392 = DIRECTION('',(-0.,0.,1.));
#7393 = ORIENTED_EDGE('',*,*,#7394,.F.);
#7394 = EDGE_CURVE('',#7395,#7387,#7397,.T.);
#7395 = VERTEX_POINT('',#7396);
#7396 = CARTESIAN_POINT('',(-1.43,0.25,1.75));
#7397 = LINE('',#7398,#7399);
#7398 = CARTESIAN_POINT('',(0.,0.25,1.75));
#7399 = VECTOR('',#7400,1.);
#7400 = DIRECTION('',(1.,0.,0.));
#7401 = ORIENTED_EDGE('',*,*,#7402,.F.);
#7402 = EDGE_CURVE('',#7379,#7395,#7403,.T.);
#7403 = LINE('',#7404,#7405);
#7404 = CARTESIAN_POINT('',(-1.43,0.25,0.));
#7405 = VECTOR('',#7406,1.);
#7406 = DIRECTION('',(0.,-0.,-1.));
#7407 = PLANE('',#7408);
#7408 = AXIS2_PLACEMENT_3D('',#7409,#7410,#7411);
#7409 = CARTESIAN_POINT('',(0.,0.25,0.));
#7410 = DIRECTION('',(0.,-1.,0.));
#7411 = DIRECTION('',(0.,-0.,-1.));
#7412 = ADVANCED_FACE('',(#7413),#7438,.F.);
#7413 = FACE_BOUND('',#7414,.T.);
#7414 = EDGE_LOOP('',(#7415,#7425,#7431,#7432));
#7415 = ORIENTED_EDGE('',*,*,#7416,.F.);
#7416 = EDGE_CURVE('',#7417,#7419,#7421,.T.);
#7417 = VERTEX_POINT('',#7418);
#7418 = CARTESIAN_POINT('',(-1.43,0.,2.2));
#7419 = VERTEX_POINT('',#7420);
#7420 = CARTESIAN_POINT('',(-1.43,0.,1.75));
#7421 = LINE('',#7422,#7423);
#7422 = CARTESIAN_POINT('',(-1.43,0.,2.2));
#7423 = VECTOR('',#7424,1.);
#7424 = DIRECTION('',(4.818676322158E-16,0.,-1.));
#7425 = ORIENTED_EDGE('',*,*,#7426,.F.);
#7426 = EDGE_CURVE('',#7379,#7417,#7427,.T.);
#7427 = LINE('',#7428,#7429);
#7428 = CARTESIAN_POINT('',(-1.43,-0.519711458407,2.2));
#7429 = VECTOR('',#7430,1.);
#7430 = DIRECTION('',(-0.,-1.,-0.));
#7431 = ORIENTED_EDGE('',*,*,#7402,.T.);
#7432 = ORIENTED_EDGE('',*,*,#7433,.F.);
#7433 = EDGE_CURVE('',#7419,#7395,#7434,.T.);
#7434 = LINE('',#7435,#7436);
#7435 = CARTESIAN_POINT('',(-1.43,-0.519711458407,1.75));
#7436 = VECTOR('',#7437,1.);
#7437 = DIRECTION('',(0.,1.,0.));
#7438 = PLANE('',#7439);
#7439 = AXIS2_PLACEMENT_3D('',#7440,#7441,#7442);
#7440 = CARTESIAN_POINT('',(-1.43,-0.519711458407,2.2));
#7441 = DIRECTION('',(1.,-0.,4.818676322158E-16));
#7442 = DIRECTION('',(4.818676322158E-16,0.,-1.));
#7443 = ADVANCED_FACE('',(#7444),#7462,.F.);
#7444 = FACE_BOUND('',#7445,.T.);
#7445 = EDGE_LOOP('',(#7446,#7454,#7460,#7461));
#7446 = ORIENTED_EDGE('',*,*,#7447,.F.);
#7447 = EDGE_CURVE('',#7448,#7417,#7450,.T.);
#7448 = VERTEX_POINT('',#7449);
#7449 = CARTESIAN_POINT('',(-1.17,0.,2.2));
#7450 = LINE('',#7451,#7452);
#7451 = CARTESIAN_POINT('',(-1.17,0.,2.2));
#7452 = VECTOR('',#7453,1.);
#7453 = DIRECTION('',(-1.,0.,-0.));
#7454 = ORIENTED_EDGE('',*,*,#7455,.F.);
#7455 = EDGE_CURVE('',#7377,#7448,#7456,.T.);
#7456 = LINE('',#7457,#7458);
#7457 = CARTESIAN_POINT('',(-1.17,-0.519711458407,2.2));
#7458 = VECTOR('',#7459,1.);
#7459 = DIRECTION('',(-0.,-1.,-0.));
#7460 = ORIENTED_EDGE('',*,*,#7376,.T.);
#7461 = ORIENTED_EDGE('',*,*,#7426,.T.);
#7462 = PLANE('',#7463);
#7463 = AXIS2_PLACEMENT_3D('',#7464,#7465,#7466);
#7464 = CARTESIAN_POINT('',(-1.17,-0.519711458407,2.2));
#7465 = DIRECTION('',(0.,0.,-1.));
#7466 = DIRECTION('',(-1.,0.,-0.));
#7467 = ADVANCED_FACE('',(#7468),#7486,.F.);
#7468 = FACE_BOUND('',#7469,.T.);
#7469 = EDGE_LOOP('',(#7470,#7478,#7484,#7485));
#7470 = ORIENTED_EDGE('',*,*,#7471,.F.);
#7471 = EDGE_CURVE('',#7472,#7448,#7474,.T.);
#7472 = VERTEX_POINT('',#7473);
#7473 = CARTESIAN_POINT('',(-1.17,0.,1.75));
#7474 = LINE('',#7475,#7476);
#7475 = CARTESIAN_POINT('',(-1.17,0.,1.75));
#7476 = VECTOR('',#7477,1.);
#7477 = DIRECTION('',(0.,0.,1.));
#7478 = ORIENTED_EDGE('',*,*,#7479,.F.);
#7479 = EDGE_CURVE('',#7387,#7472,#7480,.T.);
#7480 = LINE('',#7481,#7482);
#7481 = CARTESIAN_POINT('',(-1.17,-0.519711458407,1.75));
#7482 = VECTOR('',#7483,1.);
#7483 = DIRECTION('',(-0.,-1.,0.));
#7484 = ORIENTED_EDGE('',*,*,#7386,.T.);
#7485 = ORIENTED_EDGE('',*,*,#7455,.T.);
#7486 = PLANE('',#7487);
#7487 = AXIS2_PLACEMENT_3D('',#7488,#7489,#7490);
#7488 = CARTESIAN_POINT('',(-1.17,-0.519711458407,1.75));
#7489 = DIRECTION('',(-1.,0.,0.));
#7490 = DIRECTION('',(0.,0.,1.));
#7491 = ADVANCED_FACE('',(#7492),#7503,.F.);
#7492 = FACE_BOUND('',#7493,.T.);
#7493 = EDGE_LOOP('',(#7494,#7500,#7501,#7502));
#7494 = ORIENTED_EDGE('',*,*,#7495,.F.);
#7495 = EDGE_CURVE('',#7419,#7472,#7496,.T.);
#7496 = LINE('',#7497,#7498);
#7497 = CARTESIAN_POINT('',(-1.43,0.,1.75));
#7498 = VECTOR('',#7499,1.);
#7499 = DIRECTION('',(1.,0.,-0.));
#7500 = ORIENTED_EDGE('',*,*,#7433,.T.);
#7501 = ORIENTED_EDGE('',*,*,#7394,.T.);
#7502 = ORIENTED_EDGE('',*,*,#7479,.T.);
#7503 = PLANE('',#7504);
#7504 = AXIS2_PLACEMENT_3D('',#7505,#7506,#7507);
#7505 = CARTESIAN_POINT('',(-1.43,-0.519711458407,1.75));
#7506 = DIRECTION('',(0.,0.,1.));
#7507 = DIRECTION('',(1.,0.,-0.));
#7508 = ADVANCED_FACE('',(#7509),#7515,.F.);
#7509 = FACE_BOUND('',#7510,.T.);
#7510 = EDGE_LOOP('',(#7511,#7512,#7513,#7514));
#7511 = ORIENTED_EDGE('',*,*,#7471,.T.);
#7512 = ORIENTED_EDGE('',*,*,#7447,.T.);
#7513 = ORIENTED_EDGE('',*,*,#7416,.T.);
#7514 = ORIENTED_EDGE('',*,*,#7495,.T.);
#7515 = PLANE('',#7516);
#7516 = AXIS2_PLACEMENT_3D('',#7517,#7518,#7519);
#7517 = CARTESIAN_POINT('',(0.,0.,0.));
#7518 = DIRECTION('',(0.,1.,0.));
#7519 = DIRECTION('',(0.,-0.,1.));
#7520 = ( GEOMETRIC_REPRESENTATION_CONTEXT(3) 
GLOBAL_UNCERTAINTY_ASSIGNED_CONTEXT((#7524)) 
GLOBAL_UNIT_ASSIGNED_CONTEXT((#7521,#7522,#7523)) REPRESENTATION_CONTEXT
('Context #1','3D Context with UNIT and UNCERTAINTY') );
#7521 = ( LENGTH_UNIT() NAMED_UNIT(*) SI_UNIT(.MILLI.,.METRE.) );
#7522 = ( NAMED_UNIT(*) PLANE_ANGLE_UNIT() SI_UNIT($,.RADIAN.) );
#7523 = ( NAMED_UNIT(*) SI_UNIT($,.STERADIAN.) SOLID_ANGLE_UNIT() );
#7524 = UNCERTAINTY_MEASURE_WITH_UNIT(LENGTH_MEASURE(1.E-07),#7521,
  'distance_accuracy_value','confusion accuracy');
#7525 = CONTEXT_DEPENDENT_SHAPE_REPRESENTATION(#7526,#7528);
#7526 = ( REPRESENTATION_RELATIONSHIP('','',#1031,#1008) 
REPRESENTATION_RELATIONSHIP_WITH_TRANSFORMATION(#7527) 
SHAPE_REPRESENTATION_RELATIONSHIP() );
#7527 = ITEM_DEFINED_TRANSFORMATION('','',#11,#1009);
#7528 = PRODUCT_DEFINITION_SHAPE('Placement','Placement of an item',
  #7529);
#7529 = NEXT_ASSEMBLY_USAGE_OCCURRENCE('3','=>[0:1:1:5]','',#1003,#1026,
  $);
#7530 = PRODUCT_RELATED_PRODUCT_CATEGORY('part',$,(#1028));
#7531 = SHAPE_DEFINITION_REPRESENTATION(#7532,#7538);
#7532 = PRODUCT_DEFINITION_SHAPE('','',#7533);
#7533 = PRODUCT_DEFINITION('design','',#7534,#7537);
#7534 = PRODUCT_DEFINITION_FORMATION('','',#7535);
#7535 = PRODUCT('R_0603_1608Metric','R_0603_1608Metric','',(#7536));
#7536 = PRODUCT_CONTEXT('',#2,'mechanical');
#7537 = PRODUCT_DEFINITION_CONTEXT('part definition',#2,'design');
#7538 = SHAPE_REPRESENTATION('',(#11,#7539),#7543);
#7539 = AXIS2_PLACEMENT_3D('',#7540,#7541,#7542);
#7540 = CARTESIAN_POINT('',(0.,0.,0.));
#7541 = DIRECTION('',(0.,0.,1.));
#7542 = DIRECTION('',(1.,0.,-0.));
#7543 = ( GEOMETRIC_REPRESENTATION_CONTEXT(3) 
GLOBAL_UNCERTAINTY_ASSIGNED_CONTEXT((#7547)) 
GLOBAL_UNIT_ASSIGNED_CONTEXT((#7544,#7545,#7546)) REPRESENTATION_CONTEXT
('Context #1','3D Context with UNIT and UNCERTAINTY') );
#7544 = ( LENGTH_UNIT() NAMED_UNIT(*) SI_UNIT(.MILLI.,.METRE.) );
#7545 = ( NAMED_UNIT(*) PLANE_ANGLE_UNIT() SI_UNIT($,.RADIAN.) );
#7546 = ( NAMED_UNIT(*) SI_UNIT($,.STERADIAN.) SOLID_ANGLE_UNIT() );
#7547 = UNCERTAINTY_MEASURE_WITH_UNIT(LENGTH_MEASURE(1.E-07),#7544,
  'distance_accuracy_value','confusion accuracy');
#7548 = CONTEXT_DEPENDENT_SHAPE_REPRESENTATION(#7549,#7551);
#7549 = ( REPRESENTATION_RELATIONSHIP('','',#7538,#10) 
REPRESENTATION_RELATIONSHIP_WITH_TRANSFORMATION(#7550) 
SHAPE_REPRESENTATION_RELATIONSHIP() );
#7550 = ITEM_DEFINED_TRANSFORMATION('','',#11,#23);
#7551 = PRODUCT_DEFINITION_SHAPE('Placement','Placement of an item',
  #7552);
#7552 = NEXT_ASSEMBLY_USAGE_OCCURRENCE('6','R2','',#5,#7533,$);
#7553 = PRODUCT_RELATED_PRODUCT_CATEGORY('part',$,(#7535));
#7554 = SHAPE_DEFINITION_REPRESENTATION(#7555,#7561);
#7555 = PRODUCT_DEFINITION_SHAPE('','',#7556);
#7556 = PRODUCT_DEFINITION('design','',#7557,#7560);
#7557 = PRODUCT_DEFINITION_FORMATION('','',#7558);
#7558 = PRODUCT('R_0603_1608Metric','R_0603_1608Metric','',(#7559));
#7559 = PRODUCT_CONTEXT('',#2,'mechanical');
#7560 = PRODUCT_DEFINITION_CONTEXT('part definition',#2,'design');
#7561 = ADVANCED_BREP_SHAPE_REPRESENTATION('',(#11,#7562),#8352);
#7562 = MANIFOLD_SOLID_BREP('',#7563);
#7563 = CLOSED_SHELL('',(#7564,#7604,#7687,#7712,#7737,#7804,#7821,#7838
    ,#7887,#7904,#7921,#7970,#7987,#8056,#8087,#8111,#8180,#8204,#8221,
    #8238,#8255,#8272,#8289,#8306,#8323,#8340));
#7564 = ADVANCED_FACE('',(#7565),#7599,.F.);
#7565 = FACE_BOUND('',#7566,.F.);
#7566 = EDGE_LOOP('',(#7567,#7577,#7585,#7593));
#7567 = ORIENTED_EDGE('',*,*,#7568,.F.);
#7568 = EDGE_CURVE('',#7569,#7571,#7573,.T.);
#7569 = VERTEX_POINT('',#7570);
#7570 = CARTESIAN_POINT('',(-0.8,-0.4,4.5E-02));
#7571 = VERTEX_POINT('',#7572);
#7572 = CARTESIAN_POINT('',(-0.8,-0.4,0.405));
#7573 = LINE('',#7574,#7575);
#7574 = CARTESIAN_POINT('',(-0.8,-0.4,0.));
#7575 = VECTOR('',#7576,1.);
#7576 = DIRECTION('',(0.,0.,1.));
#7577 = ORIENTED_EDGE('',*,*,#7578,.T.);
#7578 = EDGE_CURVE('',#7569,#7579,#7581,.T.);
#7579 = VERTEX_POINT('',#7580);
#7580 = CARTESIAN_POINT('',(-0.8,0.4,4.5E-02));
#7581 = LINE('',#7582,#7583);
#7582 = CARTESIAN_POINT('',(-0.8,-0.4,4.5E-02));
#7583 = VECTOR('',#7584,1.);
#7584 = DIRECTION('',(0.,1.,0.));
#7585 = ORIENTED_EDGE('',*,*,#7586,.T.);
#7586 = EDGE_CURVE('',#7579,#7587,#7589,.T.);
#7587 = VERTEX_POINT('',#7588);
#7588 = CARTESIAN_POINT('',(-0.8,0.4,0.405));
#7589 = LINE('',#7590,#7591);
#7590 = CARTESIAN_POINT('',(-0.8,0.4,0.));
#7591 = VECTOR('',#7592,1.);
#7592 = DIRECTION('',(0.,0.,1.));
#7593 = ORIENTED_EDGE('',*,*,#7594,.F.);
#7594 = EDGE_CURVE('',#7571,#7587,#7595,.T.);
#7595 = LINE('',#7596,#7597);
#7596 = CARTESIAN_POINT('',(-0.8,-0.4,0.405));
#7597 = VECTOR('',#7598,1.);
#7598 = DIRECTION('',(0.,1.,0.));
#7599 = PLANE('',#7600);
#7600 = AXIS2_PLACEMENT_3D('',#7601,#7602,#7603);
#7601 = CARTESIAN_POINT('',(-0.8,-0.4,0.));
#7602 = DIRECTION('',(1.,0.,0.));
#7603 = DIRECTION('',(0.,0.,1.));
#7604 = ADVANCED_FACE('',(#7605),#7682,.F.);
#7605 = FACE_BOUND('',#7606,.F.);
#7606 = EDGE_LOOP('',(#7607,#7617,#7624,#7625,#7634,#7642,#7651,#7659,
    #7667,#7675));
#7607 = ORIENTED_EDGE('',*,*,#7608,.F.);
#7608 = EDGE_CURVE('',#7609,#7611,#7613,.T.);
#7609 = VERTEX_POINT('',#7610);
#7610 = CARTESIAN_POINT('',(-0.755,-0.4,-2.775557561563E-17));
#7611 = VERTEX_POINT('',#7612);
#7612 = CARTESIAN_POINT('',(-0.545,-0.4,-2.775557561563E-17));
#7613 = LINE('',#7614,#7615);
#7614 = CARTESIAN_POINT('',(-0.8,-0.4,0.));
#7615 = VECTOR('',#7616,1.);
#7616 = DIRECTION('',(1.,0.,0.));
#7617 = ORIENTED_EDGE('',*,*,#7618,.F.);
#7618 = EDGE_CURVE('',#7569,#7609,#7619,.T.);
#7619 = CIRCLE('',#7620,4.5E-02);
#7620 = AXIS2_PLACEMENT_3D('',#7621,#7622,#7623);
#7621 = CARTESIAN_POINT('',(-0.755,-0.4,4.5E-02));
#7622 = DIRECTION('',(0.,-1.,0.));
#7623 = DIRECTION('',(0.,0.,1.));
#7624 = ORIENTED_EDGE('',*,*,#7568,.T.);
#7625 = ORIENTED_EDGE('',*,*,#7626,.T.);
#7626 = EDGE_CURVE('',#7571,#7627,#7629,.T.);
#7627 = VERTEX_POINT('',#7628);
#7628 = CARTESIAN_POINT('',(-0.755,-0.4,0.45));
#7629 = CIRCLE('',#7630,4.5E-02);
#7630 = AXIS2_PLACEMENT_3D('',#7631,#7632,#7633);
#7631 = CARTESIAN_POINT('',(-0.755,-0.4,0.405));
#7632 = DIRECTION('',(0.,1.,0.));
#7633 = DIRECTION('',(0.,-0.,1.));
#7634 = ORIENTED_EDGE('',*,*,#7635,.T.);
#7635 = EDGE_CURVE('',#7627,#7636,#7638,.T.);
#7636 = VERTEX_POINT('',#7637);
#7637 = CARTESIAN_POINT('',(-0.545,-0.4,0.45));
#7638 = LINE('',#7639,#7640);
#7639 = CARTESIAN_POINT('',(-0.8,-0.4,0.45));
#7640 = VECTOR('',#7641,1.);
#7641 = DIRECTION('',(1.,0.,0.));
#7642 = ORIENTED_EDGE('',*,*,#7643,.F.);
#7643 = EDGE_CURVE('',#7644,#7636,#7646,.T.);
#7644 = VERTEX_POINT('',#7645);
#7645 = CARTESIAN_POINT('',(-0.5,-0.4,0.405));
#7646 = CIRCLE('',#7647,4.5E-02);
#7647 = AXIS2_PLACEMENT_3D('',#7648,#7649,#7650);
#7648 = CARTESIAN_POINT('',(-0.545,-0.4,0.405));
#7649 = DIRECTION('',(0.,-1.,0.));
#7650 = DIRECTION('',(0.,0.,1.));
#7651 = ORIENTED_EDGE('',*,*,#7652,.F.);
#7652 = EDGE_CURVE('',#7653,#7644,#7655,.T.);
#7653 = VERTEX_POINT('',#7654);
#7654 = CARTESIAN_POINT('',(-0.755,-0.4,0.405));
#7655 = LINE('',#7656,#7657);
#7656 = CARTESIAN_POINT('',(-0.755,-0.4,0.405));
#7657 = VECTOR('',#7658,1.);
#7658 = DIRECTION('',(1.,0.,0.));
#7659 = ORIENTED_EDGE('',*,*,#7660,.F.);
#7660 = EDGE_CURVE('',#7661,#7653,#7663,.T.);
#7661 = VERTEX_POINT('',#7662);
#7662 = CARTESIAN_POINT('',(-0.755,-0.4,4.5E-02));
#7663 = LINE('',#7664,#7665);
#7664 = CARTESIAN_POINT('',(-0.755,-0.4,4.5E-02));
#7665 = VECTOR('',#7666,1.);
#7666 = DIRECTION('',(0.,0.,1.));
#7667 = ORIENTED_EDGE('',*,*,#7668,.T.);
#7668 = EDGE_CURVE('',#7661,#7669,#7671,.T.);
#7669 = VERTEX_POINT('',#7670);
#7670 = CARTESIAN_POINT('',(-0.5,-0.4,4.5E-02));
#7671 = LINE('',#7672,#7673);
#7672 = CARTESIAN_POINT('',(-0.755,-0.4,4.5E-02));
#7673 = VECTOR('',#7674,1.);
#7674 = DIRECTION('',(1.,0.,0.));
#7675 = ORIENTED_EDGE('',*,*,#7676,.T.);
#7676 = EDGE_CURVE('',#7669,#7611,#7677,.T.);
#7677 = CIRCLE('',#7678,4.5E-02);
#7678 = AXIS2_PLACEMENT_3D('',#7679,#7680,#7681);
#7679 = CARTESIAN_POINT('',(-0.545,-0.4,4.5E-02));
#7680 = DIRECTION('',(0.,1.,0.));
#7681 = DIRECTION('',(0.,-0.,1.));
#7682 = PLANE('',#7683);
#7683 = AXIS2_PLACEMENT_3D('',#7684,#7685,#7686);
#7684 = CARTESIAN_POINT('',(-0.8,-0.4,0.));
#7685 = DIRECTION('',(0.,1.,0.));
#7686 = DIRECTION('',(0.,-0.,1.));
#7687 = ADVANCED_FACE('',(#7688),#7707,.T.);
#7688 = FACE_BOUND('',#7689,.T.);
#7689 = EDGE_LOOP('',(#7690,#7691,#7700,#7706));
#7690 = ORIENTED_EDGE('',*,*,#7578,.T.);
#7691 = ORIENTED_EDGE('',*,*,#7692,.T.);
#7692 = EDGE_CURVE('',#7579,#7693,#7695,.T.);
#7693 = VERTEX_POINT('',#7694);
#7694 = CARTESIAN_POINT('',(-0.755,0.4,-2.775557561563E-17));
#7695 = CIRCLE('',#7696,4.5E-02);
#7696 = AXIS2_PLACEMENT_3D('',#7697,#7698,#7699);
#7697 = CARTESIAN_POINT('',(-0.755,0.4,4.5E-02));
#7698 = DIRECTION('',(0.,-1.,0.));
#7699 = DIRECTION('',(0.,0.,1.));
#7700 = ORIENTED_EDGE('',*,*,#7701,.F.);
#7701 = EDGE_CURVE('',#7609,#7693,#7702,.T.);
#7702 = LINE('',#7703,#7704);
#7703 = CARTESIAN_POINT('',(-0.755,-0.4,-2.775557561563E-17));
#7704 = VECTOR('',#7705,1.);
#7705 = DIRECTION('',(0.,1.,0.));
#7706 = ORIENTED_EDGE('',*,*,#7618,.F.);
#7707 = CYLINDRICAL_SURFACE('',#7708,4.5E-02);
#7708 = AXIS2_PLACEMENT_3D('',#7709,#7710,#7711);
#7709 = CARTESIAN_POINT('',(-0.755,-0.4,4.5E-02));
#7710 = DIRECTION('',(0.,1.,0.));
#7711 = DIRECTION('',(-1.,0.,0.));
#7712 = ADVANCED_FACE('',(#7713),#7732,.T.);
#7713 = FACE_BOUND('',#7714,.T.);
#7714 = EDGE_LOOP('',(#7715,#7716,#7724,#7731));
#7715 = ORIENTED_EDGE('',*,*,#7626,.T.);
#7716 = ORIENTED_EDGE('',*,*,#7717,.T.);
#7717 = EDGE_CURVE('',#7627,#7718,#7720,.T.);
#7718 = VERTEX_POINT('',#7719);
#7719 = CARTESIAN_POINT('',(-0.755,0.4,0.45));
#7720 = LINE('',#7721,#7722);
#7721 = CARTESIAN_POINT('',(-0.755,-0.4,0.45));
#7722 = VECTOR('',#7723,1.);
#7723 = DIRECTION('',(0.,1.,0.));
#7724 = ORIENTED_EDGE('',*,*,#7725,.F.);
#7725 = EDGE_CURVE('',#7587,#7718,#7726,.T.);
#7726 = CIRCLE('',#7727,4.5E-02);
#7727 = AXIS2_PLACEMENT_3D('',#7728,#7729,#7730);
#7728 = CARTESIAN_POINT('',(-0.755,0.4,0.405));
#7729 = DIRECTION('',(0.,1.,0.));
#7730 = DIRECTION('',(0.,-0.,1.));
#7731 = ORIENTED_EDGE('',*,*,#7594,.F.);
#7732 = CYLINDRICAL_SURFACE('',#7733,4.5E-02);
#7733 = AXIS2_PLACEMENT_3D('',#7734,#7735,#7736);
#7734 = CARTESIAN_POINT('',(-0.755,-0.4,0.405));
#7735 = DIRECTION('',(0.,1.,0.));
#7736 = DIRECTION('',(-1.,0.,0.));
#7737 = ADVANCED_FACE('',(#7738),#7799,.T.);
#7738 = FACE_BOUND('',#7739,.T.);
#7739 = EDGE_LOOP('',(#7740,#7748,#7749,#7750,#7751,#7759,#7768,#7776,
    #7784,#7792));
#7740 = ORIENTED_EDGE('',*,*,#7741,.F.);
#7741 = EDGE_CURVE('',#7693,#7742,#7744,.T.);
#7742 = VERTEX_POINT('',#7743);
#7743 = CARTESIAN_POINT('',(-0.545,0.4,-2.775557561563E-17));
#7744 = LINE('',#7745,#7746);
#7745 = CARTESIAN_POINT('',(-0.8,0.4,0.));
#7746 = VECTOR('',#7747,1.);
#7747 = DIRECTION('',(1.,0.,0.));
#7748 = ORIENTED_EDGE('',*,*,#7692,.F.);
#7749 = ORIENTED_EDGE('',*,*,#7586,.T.);
#7750 = ORIENTED_EDGE('',*,*,#7725,.T.);
#7751 = ORIENTED_EDGE('',*,*,#7752,.T.);
#7752 = EDGE_CURVE('',#7718,#7753,#7755,.T.);
#7753 = VERTEX_POINT('',#7754);
#7754 = CARTESIAN_POINT('',(-0.545,0.4,0.45));
#7755 = LINE('',#7756,#7757);
#7756 = CARTESIAN_POINT('',(-0.8,0.4,0.45));
#7757 = VECTOR('',#7758,1.);
#7758 = DIRECTION('',(1.,0.,0.));
#7759 = ORIENTED_EDGE('',*,*,#7760,.F.);
#7760 = EDGE_CURVE('',#7761,#7753,#7763,.T.);
#7761 = VERTEX_POINT('',#7762);
#7762 = CARTESIAN_POINT('',(-0.5,0.4,0.405));
#7763 = CIRCLE('',#7764,4.5E-02);
#7764 = AXIS2_PLACEMENT_3D('',#7765,#7766,#7767);
#7765 = CARTESIAN_POINT('',(-0.545,0.4,0.405));
#7766 = DIRECTION('',(0.,-1.,0.));
#7767 = DIRECTION('',(0.,0.,1.));
#7768 = ORIENTED_EDGE('',*,*,#7769,.F.);
#7769 = EDGE_CURVE('',#7770,#7761,#7772,.T.);
#7770 = VERTEX_POINT('',#7771);
#7771 = CARTESIAN_POINT('',(-0.755,0.4,0.405));
#7772 = LINE('',#7773,#7774);
#7773 = CARTESIAN_POINT('',(-0.755,0.4,0.405));
#7774 = VECTOR('',#7775,1.);
#7775 = DIRECTION('',(1.,0.,0.));
#7776 = ORIENTED_EDGE('',*,*,#7777,.F.);
#7777 = EDGE_CURVE('',#7778,#7770,#7780,.T.);
#7778 = VERTEX_POINT('',#7779);
#7779 = CARTESIAN_POINT('',(-0.755,0.4,4.5E-02));
#7780 = LINE('',#7781,#7782);
#7781 = CARTESIAN_POINT('',(-0.755,0.4,4.5E-02));
#7782 = VECTOR('',#7783,1.);
#7783 = DIRECTION('',(0.,0.,1.));
#7784 = ORIENTED_EDGE('',*,*,#7785,.T.);
#7785 = EDGE_CURVE('',#7778,#7786,#7788,.T.);
#7786 = VERTEX_POINT('',#7787);
#7787 = CARTESIAN_POINT('',(-0.5,0.4,4.5E-02));
#7788 = LINE('',#7789,#7790);
#7789 = CARTESIAN_POINT('',(-0.755,0.4,4.5E-02));
#7790 = VECTOR('',#7791,1.);
#7791 = DIRECTION('',(1.,0.,0.));
#7792 = ORIENTED_EDGE('',*,*,#7793,.T.);
#7793 = EDGE_CURVE('',#7786,#7742,#7794,.T.);
#7794 = CIRCLE('',#7795,4.5E-02);
#7795 = AXIS2_PLACEMENT_3D('',#7796,#7797,#7798);
#7796 = CARTESIAN_POINT('',(-0.545,0.4,4.5E-02));
#7797 = DIRECTION('',(0.,1.,0.));
#7798 = DIRECTION('',(0.,-0.,1.));
#7799 = PLANE('',#7800);
#7800 = AXIS2_PLACEMENT_3D('',#7801,#7802,#7803);
#7801 = CARTESIAN_POINT('',(-0.8,0.4,0.));
#7802 = DIRECTION('',(0.,1.,0.));
#7803 = DIRECTION('',(0.,-0.,1.));
#7804 = ADVANCED_FACE('',(#7805),#7816,.F.);
#7805 = FACE_BOUND('',#7806,.F.);
#7806 = EDGE_LOOP('',(#7807,#7808,#7809,#7810));
#7807 = ORIENTED_EDGE('',*,*,#7741,.F.);
#7808 = ORIENTED_EDGE('',*,*,#7701,.F.);
#7809 = ORIENTED_EDGE('',*,*,#7608,.T.);
#7810 = ORIENTED_EDGE('',*,*,#7811,.T.);
#7811 = EDGE_CURVE('',#7611,#7742,#7812,.T.);
#7812 = LINE('',#7813,#7814);
#7813 = CARTESIAN_POINT('',(-0.545,-0.4,-2.775557561563E-17));
#7814 = VECTOR('',#7815,1.);
#7815 = DIRECTION('',(0.,1.,0.));
#7816 = PLANE('',#7817);
#7817 = AXIS2_PLACEMENT_3D('',#7818,#7819,#7820);
#7818 = CARTESIAN_POINT('',(-0.8,-0.4,0.));
#7819 = DIRECTION('',(0.,0.,1.));
#7820 = DIRECTION('',(1.,0.,-0.));
#7821 = ADVANCED_FACE('',(#7822),#7833,.T.);
#7822 = FACE_BOUND('',#7823,.T.);
#7823 = EDGE_LOOP('',(#7824,#7825,#7826,#7827));
#7824 = ORIENTED_EDGE('',*,*,#7676,.T.);
#7825 = ORIENTED_EDGE('',*,*,#7811,.T.);
#7826 = ORIENTED_EDGE('',*,*,#7793,.F.);
#7827 = ORIENTED_EDGE('',*,*,#7828,.F.);
#7828 = EDGE_CURVE('',#7669,#7786,#7829,.T.);
#7829 = LINE('',#7830,#7831);
#7830 = CARTESIAN_POINT('',(-0.5,-0.4,4.5E-02));
#7831 = VECTOR('',#7832,1.);
#7832 = DIRECTION('',(0.,1.,0.));
#7833 = CYLINDRICAL_SURFACE('',#7834,4.5E-02);
#7834 = AXIS2_PLACEMENT_3D('',#7835,#7836,#7837);
#7835 = CARTESIAN_POINT('',(-0.545,-0.4,4.5E-02));
#7836 = DIRECTION('',(0.,1.,0.));
#7837 = DIRECTION('',(1.,0.,0.));
#7838 = ADVANCED_FACE('',(#7839),#7882,.F.);
#7839 = FACE_BOUND('',#7840,.F.);
#7840 = EDGE_LOOP('',(#7841,#7842,#7843,#7844,#7852,#7860,#7868,#7876));
#7841 = ORIENTED_EDGE('',*,*,#7668,.F.);
#7842 = ORIENTED_EDGE('',*,*,#7660,.T.);
#7843 = ORIENTED_EDGE('',*,*,#7652,.T.);
#7844 = ORIENTED_EDGE('',*,*,#7845,.T.);
#7845 = EDGE_CURVE('',#7644,#7846,#7848,.T.);
#7846 = VERTEX_POINT('',#7847);
#7847 = CARTESIAN_POINT('',(0.5,-0.4,0.405));
#7848 = LINE('',#7849,#7850);
#7849 = CARTESIAN_POINT('',(-0.5,-0.4,0.405));
#7850 = VECTOR('',#7851,1.);
#7851 = DIRECTION('',(1.,0.,0.));
#7852 = ORIENTED_EDGE('',*,*,#7853,.T.);
#7853 = EDGE_CURVE('',#7846,#7854,#7856,.T.);
#7854 = VERTEX_POINT('',#7855);
#7855 = CARTESIAN_POINT('',(0.755,-0.4,0.405));
#7856 = LINE('',#7857,#7858);
#7857 = CARTESIAN_POINT('',(-0.755,-0.4,0.405));
#7858 = VECTOR('',#7859,1.);
#7859 = DIRECTION('',(1.,0.,0.));
#7860 = ORIENTED_EDGE('',*,*,#7861,.F.);
#7861 = EDGE_CURVE('',#7862,#7854,#7864,.T.);
#7862 = VERTEX_POINT('',#7863);
#7863 = CARTESIAN_POINT('',(0.755,-0.4,4.5E-02));
#7864 = LINE('',#7865,#7866);
#7865 = CARTESIAN_POINT('',(0.755,-0.4,4.5E-02));
#7866 = VECTOR('',#7867,1.);
#7867 = DIRECTION('',(0.,0.,1.));
#7868 = ORIENTED_EDGE('',*,*,#7869,.F.);
#7869 = EDGE_CURVE('',#7870,#7862,#7872,.T.);
#7870 = VERTEX_POINT('',#7871);
#7871 = CARTESIAN_POINT('',(0.5,-0.4,4.5E-02));
#7872 = LINE('',#7873,#7874);
#7873 = CARTESIAN_POINT('',(-0.755,-0.4,4.5E-02));
#7874 = VECTOR('',#7875,1.);
#7875 = DIRECTION('',(1.,0.,0.));
#7876 = ORIENTED_EDGE('',*,*,#7877,.F.);
#7877 = EDGE_CURVE('',#7669,#7870,#7878,.T.);
#7878 = LINE('',#7879,#7880);
#7879 = CARTESIAN_POINT('',(-0.755,-0.4,4.5E-02));
#7880 = VECTOR('',#7881,1.);
#7881 = DIRECTION('',(1.,0.,0.));
#7882 = PLANE('',#7883);
#7883 = AXIS2_PLACEMENT_3D('',#7884,#7885,#7886);
#7884 = CARTESIAN_POINT('',(-0.755,-0.4,4.5E-02));
#7885 = DIRECTION('',(0.,1.,0.));
#7886 = DIRECTION('',(0.,-0.,1.));
#7887 = ADVANCED_FACE('',(#7888),#7899,.T.);
#7888 = FACE_BOUND('',#7889,.T.);
#7889 = EDGE_LOOP('',(#7890,#7891,#7892,#7893));
#7890 = ORIENTED_EDGE('',*,*,#7752,.F.);
#7891 = ORIENTED_EDGE('',*,*,#7717,.F.);
#7892 = ORIENTED_EDGE('',*,*,#7635,.T.);
#7893 = ORIENTED_EDGE('',*,*,#7894,.T.);
#7894 = EDGE_CURVE('',#7636,#7753,#7895,.T.);
#7895 = LINE('',#7896,#7897);
#7896 = CARTESIAN_POINT('',(-0.545,-0.4,0.45));
#7897 = VECTOR('',#7898,1.);
#7898 = DIRECTION('',(0.,1.,0.));
#7899 = PLANE('',#7900);
#7900 = AXIS2_PLACEMENT_3D('',#7901,#7902,#7903);
#7901 = CARTESIAN_POINT('',(-0.8,-0.4,0.45));
#7902 = DIRECTION('',(0.,0.,1.));
#7903 = DIRECTION('',(1.,0.,-0.));
#7904 = ADVANCED_FACE('',(#7905),#7916,.T.);
#7905 = FACE_BOUND('',#7906,.T.);
#7906 = EDGE_LOOP('',(#7907,#7913,#7914,#7915));
#7907 = ORIENTED_EDGE('',*,*,#7908,.T.);
#7908 = EDGE_CURVE('',#7644,#7761,#7909,.T.);
#7909 = LINE('',#7910,#7911);
#7910 = CARTESIAN_POINT('',(-0.5,-0.4,0.405));
#7911 = VECTOR('',#7912,1.);
#7912 = DIRECTION('',(0.,1.,0.));
#7913 = ORIENTED_EDGE('',*,*,#7760,.T.);
#7914 = ORIENTED_EDGE('',*,*,#7894,.F.);
#7915 = ORIENTED_EDGE('',*,*,#7643,.F.);
#7916 = CYLINDRICAL_SURFACE('',#7917,4.5E-02);
#7917 = AXIS2_PLACEMENT_3D('',#7918,#7919,#7920);
#7918 = CARTESIAN_POINT('',(-0.545,-0.4,0.405));
#7919 = DIRECTION('',(0.,1.,0.));
#7920 = DIRECTION('',(1.,0.,0.));
#7921 = ADVANCED_FACE('',(#7922),#7965,.T.);
#7922 = FACE_BOUND('',#7923,.T.);
#7923 = EDGE_LOOP('',(#7924,#7925,#7926,#7927,#7935,#7943,#7951,#7959));
#7924 = ORIENTED_EDGE('',*,*,#7785,.F.);
#7925 = ORIENTED_EDGE('',*,*,#7777,.T.);
#7926 = ORIENTED_EDGE('',*,*,#7769,.T.);
#7927 = ORIENTED_EDGE('',*,*,#7928,.T.);
#7928 = EDGE_CURVE('',#7761,#7929,#7931,.T.);
#7929 = VERTEX_POINT('',#7930);
#7930 = CARTESIAN_POINT('',(0.5,0.4,0.405));
#7931 = LINE('',#7932,#7933);
#7932 = CARTESIAN_POINT('',(-0.5,0.4,0.405));
#7933 = VECTOR('',#7934,1.);
#7934 = DIRECTION('',(1.,0.,0.));
#7935 = ORIENTED_EDGE('',*,*,#7936,.T.);
#7936 = EDGE_CURVE('',#7929,#7937,#7939,.T.);
#7937 = VERTEX_POINT('',#7938);
#7938 = CARTESIAN_POINT('',(0.755,0.4,0.405));
#7939 = LINE('',#7940,#7941);
#7940 = CARTESIAN_POINT('',(-0.755,0.4,0.405));
#7941 = VECTOR('',#7942,1.);
#7942 = DIRECTION('',(1.,0.,0.));
#7943 = ORIENTED_EDGE('',*,*,#7944,.F.);
#7944 = EDGE_CURVE('',#7945,#7937,#7947,.T.);
#7945 = VERTEX_POINT('',#7946);
#7946 = CARTESIAN_POINT('',(0.755,0.4,4.5E-02));
#7947 = LINE('',#7948,#7949);
#7948 = CARTESIAN_POINT('',(0.755,0.4,4.5E-02));
#7949 = VECTOR('',#7950,1.);
#7950 = DIRECTION('',(0.,0.,1.));
#7951 = ORIENTED_EDGE('',*,*,#7952,.F.);
#7952 = EDGE_CURVE('',#7953,#7945,#7955,.T.);
#7953 = VERTEX_POINT('',#7954);
#7954 = CARTESIAN_POINT('',(0.5,0.4,4.5E-02));
#7955 = LINE('',#7956,#7957);
#7956 = CARTESIAN_POINT('',(-0.755,0.4,4.5E-02));
#7957 = VECTOR('',#7958,1.);
#7958 = DIRECTION('',(1.,0.,0.));
#7959 = ORIENTED_EDGE('',*,*,#7960,.F.);
#7960 = EDGE_CURVE('',#7786,#7953,#7961,.T.);
#7961 = LINE('',#7962,#7963);
#7962 = CARTESIAN_POINT('',(-0.755,0.4,4.5E-02));
#7963 = VECTOR('',#7964,1.);
#7964 = DIRECTION('',(1.,0.,0.));
#7965 = PLANE('',#7966);
#7966 = AXIS2_PLACEMENT_3D('',#7967,#7968,#7969);
#7967 = CARTESIAN_POINT('',(-0.755,0.4,4.5E-02));
#7968 = DIRECTION('',(0.,1.,0.));
#7969 = DIRECTION('',(0.,-0.,1.));
#7970 = ADVANCED_FACE('',(#7971),#7982,.F.);
#7971 = FACE_BOUND('',#7972,.F.);
#7972 = EDGE_LOOP('',(#7973,#7974,#7975,#7981));
#7973 = ORIENTED_EDGE('',*,*,#7828,.F.);
#7974 = ORIENTED_EDGE('',*,*,#7877,.T.);
#7975 = ORIENTED_EDGE('',*,*,#7976,.T.);
#7976 = EDGE_CURVE('',#7870,#7953,#7977,.T.);
#7977 = LINE('',#7978,#7979);
#7978 = CARTESIAN_POINT('',(0.5,-0.4,4.5E-02));
#7979 = VECTOR('',#7980,1.);
#7980 = DIRECTION('',(0.,1.,0.));
#7981 = ORIENTED_EDGE('',*,*,#7960,.F.);
#7982 = PLANE('',#7983);
#7983 = AXIS2_PLACEMENT_3D('',#7984,#7985,#7986);
#7984 = CARTESIAN_POINT('',(-0.755,-0.4,4.5E-02));
#7985 = DIRECTION('',(0.,0.,1.));
#7986 = DIRECTION('',(1.,0.,-0.));
#7987 = ADVANCED_FACE('',(#7988),#8051,.F.);
#7988 = FACE_BOUND('',#7989,.F.);
#7989 = EDGE_LOOP('',(#7990,#8000,#8007,#8008,#8009,#8010,#8019,#8027,
    #8036,#8044));
#7990 = ORIENTED_EDGE('',*,*,#7991,.F.);
#7991 = EDGE_CURVE('',#7992,#7994,#7996,.T.);
#7992 = VERTEX_POINT('',#7993);
#7993 = CARTESIAN_POINT('',(0.545,-0.4,-2.775557561563E-17));
#7994 = VERTEX_POINT('',#7995);
#7995 = CARTESIAN_POINT('',(0.755,-0.4,-2.775557561563E-17));
#7996 = LINE('',#7997,#7998);
#7997 = CARTESIAN_POINT('',(0.5,-0.4,0.));
#7998 = VECTOR('',#7999,1.);
#7999 = DIRECTION('',(1.,0.,0.));
#8000 = ORIENTED_EDGE('',*,*,#8001,.F.);
#8001 = EDGE_CURVE('',#7870,#7992,#8002,.T.);
#8002 = CIRCLE('',#8003,4.5E-02);
#8003 = AXIS2_PLACEMENT_3D('',#8004,#8005,#8006);
#8004 = CARTESIAN_POINT('',(0.545,-0.4,4.5E-02));
#8005 = DIRECTION('',(0.,-1.,0.));
#8006 = DIRECTION('',(0.,0.,1.));
#8007 = ORIENTED_EDGE('',*,*,#7869,.T.);
#8008 = ORIENTED_EDGE('',*,*,#7861,.T.);
#8009 = ORIENTED_EDGE('',*,*,#7853,.F.);
#8010 = ORIENTED_EDGE('',*,*,#8011,.T.);
#8011 = EDGE_CURVE('',#7846,#8012,#8014,.T.);
#8012 = VERTEX_POINT('',#8013);
#8013 = CARTESIAN_POINT('',(0.545,-0.4,0.45));
#8014 = CIRCLE('',#8015,4.5E-02);
#8015 = AXIS2_PLACEMENT_3D('',#8016,#8017,#8018);
#8016 = CARTESIAN_POINT('',(0.545,-0.4,0.405));
#8017 = DIRECTION('',(0.,1.,0.));
#8018 = DIRECTION('',(0.,-0.,1.));
#8019 = ORIENTED_EDGE('',*,*,#8020,.T.);
#8020 = EDGE_CURVE('',#8012,#8021,#8023,.T.);
#8021 = VERTEX_POINT('',#8022);
#8022 = CARTESIAN_POINT('',(0.755,-0.4,0.45));
#8023 = LINE('',#8024,#8025);
#8024 = CARTESIAN_POINT('',(0.5,-0.4,0.45));
#8025 = VECTOR('',#8026,1.);
#8026 = DIRECTION('',(1.,0.,0.));
#8027 = ORIENTED_EDGE('',*,*,#8028,.F.);
#8028 = EDGE_CURVE('',#8029,#8021,#8031,.T.);
#8029 = VERTEX_POINT('',#8030);
#8030 = CARTESIAN_POINT('',(0.8,-0.4,0.405));
#8031 = CIRCLE('',#8032,4.5E-02);
#8032 = AXIS2_PLACEMENT_3D('',#8033,#8034,#8035);
#8033 = CARTESIAN_POINT('',(0.755,-0.4,0.405));
#8034 = DIRECTION('',(0.,-1.,0.));
#8035 = DIRECTION('',(0.,0.,1.));
#8036 = ORIENTED_EDGE('',*,*,#8037,.F.);
#8037 = EDGE_CURVE('',#8038,#8029,#8040,.T.);
#8038 = VERTEX_POINT('',#8039);
#8039 = CARTESIAN_POINT('',(0.8,-0.4,4.5E-02));
#8040 = LINE('',#8041,#8042);
#8041 = CARTESIAN_POINT('',(0.8,-0.4,0.));
#8042 = VECTOR('',#8043,1.);
#8043 = DIRECTION('',(0.,0.,1.));
#8044 = ORIENTED_EDGE('',*,*,#8045,.T.);
#8045 = EDGE_CURVE('',#8038,#7994,#8046,.T.);
#8046 = CIRCLE('',#8047,4.5E-02);
#8047 = AXIS2_PLACEMENT_3D('',#8048,#8049,#8050);
#8048 = CARTESIAN_POINT('',(0.755,-0.4,4.5E-02));
#8049 = DIRECTION('',(0.,1.,0.));
#8050 = DIRECTION('',(0.,-0.,1.));
#8051 = PLANE('',#8052);
#8052 = AXIS2_PLACEMENT_3D('',#8053,#8054,#8055);
#8053 = CARTESIAN_POINT('',(0.5,-0.4,0.));
#8054 = DIRECTION('',(0.,1.,0.));
#8055 = DIRECTION('',(0.,-0.,1.));
#8056 = ADVANCED_FACE('',(#8057),#8082,.F.);
#8057 = FACE_BOUND('',#8058,.F.);
#8058 = EDGE_LOOP('',(#8059,#8060,#8068,#8076));
#8059 = ORIENTED_EDGE('',*,*,#7845,.F.);
#8060 = ORIENTED_EDGE('',*,*,#8061,.T.);
#8061 = EDGE_CURVE('',#7644,#8062,#8064,.T.);
#8062 = VERTEX_POINT('',#8063);
#8063 = CARTESIAN_POINT('',(-0.5,-0.4,0.45));
#8064 = LINE('',#8065,#8066);
#8065 = CARTESIAN_POINT('',(-0.5,-0.4,0.405));
#8066 = VECTOR('',#8067,1.);
#8067 = DIRECTION('',(0.,0.,1.));
#8068 = ORIENTED_EDGE('',*,*,#8069,.T.);
#8069 = EDGE_CURVE('',#8062,#8070,#8072,.T.);
#8070 = VERTEX_POINT('',#8071);
#8071 = CARTESIAN_POINT('',(0.5,-0.4,0.45));
#8072 = LINE('',#8073,#8074);
#8073 = CARTESIAN_POINT('',(-0.5,-0.4,0.45));
#8074 = VECTOR('',#8075,1.);
#8075 = DIRECTION('',(1.,0.,0.));
#8076 = ORIENTED_EDGE('',*,*,#8077,.F.);
#8077 = EDGE_CURVE('',#7846,#8070,#8078,.T.);
#8078 = LINE('',#8079,#8080);
#8079 = CARTESIAN_POINT('',(0.5,-0.4,0.405));
#8080 = VECTOR('',#8081,1.);
#8081 = DIRECTION('',(0.,0.,1.));
#8082 = PLANE('',#8083);
#8083 = AXIS2_PLACEMENT_3D('',#8084,#8085,#8086);
#8084 = CARTESIAN_POINT('',(-0.5,-0.4,0.405));
#8085 = DIRECTION('',(0.,1.,0.));
#8086 = DIRECTION('',(0.,-0.,1.));
#8087 = ADVANCED_FACE('',(#8088),#8106,.F.);
#8088 = FACE_BOUND('',#8089,.F.);
#8089 = EDGE_LOOP('',(#8090,#8091,#8092,#8100));
#8090 = ORIENTED_EDGE('',*,*,#8061,.F.);
#8091 = ORIENTED_EDGE('',*,*,#7908,.T.);
#8092 = ORIENTED_EDGE('',*,*,#8093,.T.);
#8093 = EDGE_CURVE('',#7761,#8094,#8096,.T.);
#8094 = VERTEX_POINT('',#8095);
#8095 = CARTESIAN_POINT('',(-0.5,0.4,0.45));
#8096 = LINE('',#8097,#8098);
#8097 = CARTESIAN_POINT('',(-0.5,0.4,0.405));
#8098 = VECTOR('',#8099,1.);
#8099 = DIRECTION('',(0.,0.,1.));
#8100 = ORIENTED_EDGE('',*,*,#8101,.F.);
#8101 = EDGE_CURVE('',#8062,#8094,#8102,.T.);
#8102 = LINE('',#8103,#8104);
#8103 = CARTESIAN_POINT('',(-0.5,-0.4,0.45));
#8104 = VECTOR('',#8105,1.);
#8105 = DIRECTION('',(0.,1.,0.));
#8106 = PLANE('',#8107);
#8107 = AXIS2_PLACEMENT_3D('',#8108,#8109,#8110);
#8108 = CARTESIAN_POINT('',(-0.5,-0.4,0.405));
#8109 = DIRECTION('',(1.,0.,0.));
#8110 = DIRECTION('',(0.,0.,1.));
#8111 = ADVANCED_FACE('',(#8112),#8175,.T.);
#8112 = FACE_BOUND('',#8113,.T.);
#8113 = EDGE_LOOP('',(#8114,#8124,#8131,#8132,#8133,#8134,#8143,#8151,
    #8160,#8168));
#8114 = ORIENTED_EDGE('',*,*,#8115,.F.);
#8115 = EDGE_CURVE('',#8116,#8118,#8120,.T.);
#8116 = VERTEX_POINT('',#8117);
#8117 = CARTESIAN_POINT('',(0.545,0.4,-2.775557561563E-17));
#8118 = VERTEX_POINT('',#8119);
#8119 = CARTESIAN_POINT('',(0.755,0.4,-2.775557561563E-17));
#8120 = LINE('',#8121,#8122);
#8121 = CARTESIAN_POINT('',(0.5,0.4,0.));
#8122 = VECTOR('',#8123,1.);
#8123 = DIRECTION('',(1.,0.,0.));
#8124 = ORIENTED_EDGE('',*,*,#8125,.F.);
#8125 = EDGE_CURVE('',#7953,#8116,#8126,.T.);
#8126 = CIRCLE('',#8127,4.5E-02);
#8127 = AXIS2_PLACEMENT_3D('',#8128,#8129,#8130);
#8128 = CARTESIAN_POINT('',(0.545,0.4,4.5E-02));
#8129 = DIRECTION('',(0.,-1.,0.));
#8130 = DIRECTION('',(0.,0.,1.));
#8131 = ORIENTED_EDGE('',*,*,#7952,.T.);
#8132 = ORIENTED_EDGE('',*,*,#7944,.T.);
#8133 = ORIENTED_EDGE('',*,*,#7936,.F.);
#8134 = ORIENTED_EDGE('',*,*,#8135,.T.);
#8135 = EDGE_CURVE('',#7929,#8136,#8138,.T.);
#8136 = VERTEX_POINT('',#8137);
#8137 = CARTESIAN_POINT('',(0.545,0.4,0.45));
#8138 = CIRCLE('',#8139,4.5E-02);
#8139 = AXIS2_PLACEMENT_3D('',#8140,#8141,#8142);
#8140 = CARTESIAN_POINT('',(0.545,0.4,0.405));
#8141 = DIRECTION('',(0.,1.,0.));
#8142 = DIRECTION('',(0.,-0.,1.));
#8143 = ORIENTED_EDGE('',*,*,#8144,.T.);
#8144 = EDGE_CURVE('',#8136,#8145,#8147,.T.);
#8145 = VERTEX_POINT('',#8146);
#8146 = CARTESIAN_POINT('',(0.755,0.4,0.45));
#8147 = LINE('',#8148,#8149);
#8148 = CARTESIAN_POINT('',(0.5,0.4,0.45));
#8149 = VECTOR('',#8150,1.);
#8150 = DIRECTION('',(1.,0.,0.));
#8151 = ORIENTED_EDGE('',*,*,#8152,.F.);
#8152 = EDGE_CURVE('',#8153,#8145,#8155,.T.);
#8153 = VERTEX_POINT('',#8154);
#8154 = CARTESIAN_POINT('',(0.8,0.4,0.405));
#8155 = CIRCLE('',#8156,4.5E-02);
#8156 = AXIS2_PLACEMENT_3D('',#8157,#8158,#8159);
#8157 = CARTESIAN_POINT('',(0.755,0.4,0.405));
#8158 = DIRECTION('',(0.,-1.,0.));
#8159 = DIRECTION('',(0.,0.,1.));
#8160 = ORIENTED_EDGE('',*,*,#8161,.F.);
#8161 = EDGE_CURVE('',#8162,#8153,#8164,.T.);
#8162 = VERTEX_POINT('',#8163);
#8163 = CARTESIAN_POINT('',(0.8,0.4,4.5E-02));
#8164 = LINE('',#8165,#8166);
#8165 = CARTESIAN_POINT('',(0.8,0.4,0.));
#8166 = VECTOR('',#8167,1.);
#8167 = DIRECTION('',(0.,0.,1.));
#8168 = ORIENTED_EDGE('',*,*,#8169,.T.);
#8169 = EDGE_CURVE('',#8162,#8118,#8170,.T.);
#8170 = CIRCLE('',#8171,4.5E-02);
#8171 = AXIS2_PLACEMENT_3D('',#8172,#8173,#8174);
#8172 = CARTESIAN_POINT('',(0.755,0.4,4.5E-02));
#8173 = DIRECTION('',(0.,1.,0.));
#8174 = DIRECTION('',(0.,-0.,1.));
#8175 = PLANE('',#8176);
#8176 = AXIS2_PLACEMENT_3D('',#8177,#8178,#8179);
#8177 = CARTESIAN_POINT('',(0.5,0.4,0.));
#8178 = DIRECTION('',(0.,1.,0.));
#8179 = DIRECTION('',(0.,-0.,1.));
#8180 = ADVANCED_FACE('',(#8181),#8199,.T.);
#8181 = FACE_BOUND('',#8182,.T.);
#8182 = EDGE_LOOP('',(#8183,#8184,#8185,#8193));
#8183 = ORIENTED_EDGE('',*,*,#7928,.F.);
#8184 = ORIENTED_EDGE('',*,*,#8093,.T.);
#8185 = ORIENTED_EDGE('',*,*,#8186,.T.);
#8186 = EDGE_CURVE('',#8094,#8187,#8189,.T.);
#8187 = VERTEX_POINT('',#8188);
#8188 = CARTESIAN_POINT('',(0.5,0.4,0.45));
#8189 = LINE('',#8190,#8191);
#8190 = CARTESIAN_POINT('',(-0.5,0.4,0.45));
#8191 = VECTOR('',#8192,1.);
#8192 = DIRECTION('',(1.,0.,0.));
#8193 = ORIENTED_EDGE('',*,*,#8194,.F.);
#8194 = EDGE_CURVE('',#7929,#8187,#8195,.T.);
#8195 = LINE('',#8196,#8197);
#8196 = CARTESIAN_POINT('',(0.5,0.4,0.405));
#8197 = VECTOR('',#8198,1.);
#8198 = DIRECTION('',(0.,0.,1.));
#8199 = PLANE('',#8200);
#8200 = AXIS2_PLACEMENT_3D('',#8201,#8202,#8203);
#8201 = CARTESIAN_POINT('',(-0.5,0.4,0.405));
#8202 = DIRECTION('',(0.,1.,0.));
#8203 = DIRECTION('',(0.,-0.,1.));
#8204 = ADVANCED_FACE('',(#8205),#8216,.T.);
#8205 = FACE_BOUND('',#8206,.T.);
#8206 = EDGE_LOOP('',(#8207,#8208,#8209,#8215));
#8207 = ORIENTED_EDGE('',*,*,#7976,.T.);
#8208 = ORIENTED_EDGE('',*,*,#8125,.T.);
#8209 = ORIENTED_EDGE('',*,*,#8210,.F.);
#8210 = EDGE_CURVE('',#7992,#8116,#8211,.T.);
#8211 = LINE('',#8212,#8213);
#8212 = CARTESIAN_POINT('',(0.545,-0.4,-2.775557561563E-17));
#8213 = VECTOR('',#8214,1.);
#8214 = DIRECTION('',(0.,1.,0.));
#8215 = ORIENTED_EDGE('',*,*,#8001,.F.);
#8216 = CYLINDRICAL_SURFACE('',#8217,4.5E-02);
#8217 = AXIS2_PLACEMENT_3D('',#8218,#8219,#8220);
#8218 = CARTESIAN_POINT('',(0.545,-0.4,4.5E-02));
#8219 = DIRECTION('',(0.,1.,0.));
#8220 = DIRECTION('',(-1.,0.,0.));
#8221 = ADVANCED_FACE('',(#8222),#8233,.F.);
#8222 = FACE_BOUND('',#8223,.F.);
#8223 = EDGE_LOOP('',(#8224,#8225,#8226,#8227));
#8224 = ORIENTED_EDGE('',*,*,#8115,.F.);
#8225 = ORIENTED_EDGE('',*,*,#8210,.F.);
#8226 = ORIENTED_EDGE('',*,*,#7991,.T.);
#8227 = ORIENTED_EDGE('',*,*,#8228,.T.);
#8228 = EDGE_CURVE('',#7994,#8118,#8229,.T.);
#8229 = LINE('',#8230,#8231);
#8230 = CARTESIAN_POINT('',(0.755,-0.4,-2.775557561563E-17));
#8231 = VECTOR('',#8232,1.);
#8232 = DIRECTION('',(0.,1.,0.));
#8233 = PLANE('',#8234);
#8234 = AXIS2_PLACEMENT_3D('',#8235,#8236,#8237);
#8235 = CARTESIAN_POINT('',(0.5,-0.4,0.));
#8236 = DIRECTION('',(0.,0.,1.));
#8237 = DIRECTION('',(1.,0.,-0.));
#8238 = ADVANCED_FACE('',(#8239),#8250,.T.);
#8239 = FACE_BOUND('',#8240,.T.);
#8240 = EDGE_LOOP('',(#8241,#8242,#8243,#8244));
#8241 = ORIENTED_EDGE('',*,*,#8045,.T.);
#8242 = ORIENTED_EDGE('',*,*,#8228,.T.);
#8243 = ORIENTED_EDGE('',*,*,#8169,.F.);
#8244 = ORIENTED_EDGE('',*,*,#8245,.F.);
#8245 = EDGE_CURVE('',#8038,#8162,#8246,.T.);
#8246 = LINE('',#8247,#8248);
#8247 = CARTESIAN_POINT('',(0.8,-0.4,4.5E-02));
#8248 = VECTOR('',#8249,1.);
#8249 = DIRECTION('',(0.,1.,0.));
#8250 = CYLINDRICAL_SURFACE('',#8251,4.5E-02);
#8251 = AXIS2_PLACEMENT_3D('',#8252,#8253,#8254);
#8252 = CARTESIAN_POINT('',(0.755,-0.4,4.5E-02));
#8253 = DIRECTION('',(0.,1.,0.));
#8254 = DIRECTION('',(1.,0.,0.));
#8255 = ADVANCED_FACE('',(#8256),#8267,.T.);
#8256 = FACE_BOUND('',#8257,.T.);
#8257 = EDGE_LOOP('',(#8258,#8259,#8260,#8261));
#8258 = ORIENTED_EDGE('',*,*,#8037,.F.);
#8259 = ORIENTED_EDGE('',*,*,#8245,.T.);
#8260 = ORIENTED_EDGE('',*,*,#8161,.T.);
#8261 = ORIENTED_EDGE('',*,*,#8262,.F.);
#8262 = EDGE_CURVE('',#8029,#8153,#8263,.T.);
#8263 = LINE('',#8264,#8265);
#8264 = CARTESIAN_POINT('',(0.8,-0.4,0.405));
#8265 = VECTOR('',#8266,1.);
#8266 = DIRECTION('',(0.,1.,0.));
#8267 = PLANE('',#8268);
#8268 = AXIS2_PLACEMENT_3D('',#8269,#8270,#8271);
#8269 = CARTESIAN_POINT('',(0.8,-0.4,0.));
#8270 = DIRECTION('',(1.,0.,0.));
#8271 = DIRECTION('',(0.,0.,1.));
#8272 = ADVANCED_FACE('',(#8273),#8284,.T.);
#8273 = FACE_BOUND('',#8274,.T.);
#8274 = EDGE_LOOP('',(#8275,#8276,#8277,#8283));
#8275 = ORIENTED_EDGE('',*,*,#8262,.T.);
#8276 = ORIENTED_EDGE('',*,*,#8152,.T.);
#8277 = ORIENTED_EDGE('',*,*,#8278,.F.);
#8278 = EDGE_CURVE('',#8021,#8145,#8279,.T.);
#8279 = LINE('',#8280,#8281);
#8280 = CARTESIAN_POINT('',(0.755,-0.4,0.45));
#8281 = VECTOR('',#8282,1.);
#8282 = DIRECTION('',(0.,1.,0.));
#8283 = ORIENTED_EDGE('',*,*,#8028,.F.);
#8284 = CYLINDRICAL_SURFACE('',#8285,4.5E-02);
#8285 = AXIS2_PLACEMENT_3D('',#8286,#8287,#8288);
#8286 = CARTESIAN_POINT('',(0.755,-0.4,0.405));
#8287 = DIRECTION('',(0.,1.,0.));
#8288 = DIRECTION('',(1.,0.,0.));
#8289 = ADVANCED_FACE('',(#8290),#8301,.T.);
#8290 = FACE_BOUND('',#8291,.T.);
#8291 = EDGE_LOOP('',(#8292,#8293,#8299,#8300));
#8292 = ORIENTED_EDGE('',*,*,#8144,.F.);
#8293 = ORIENTED_EDGE('',*,*,#8294,.F.);
#8294 = EDGE_CURVE('',#8012,#8136,#8295,.T.);
#8295 = LINE('',#8296,#8297);
#8296 = CARTESIAN_POINT('',(0.545,-0.4,0.45));
#8297 = VECTOR('',#8298,1.);
#8298 = DIRECTION('',(0.,1.,0.));
#8299 = ORIENTED_EDGE('',*,*,#8020,.T.);
#8300 = ORIENTED_EDGE('',*,*,#8278,.T.);
#8301 = PLANE('',#8302);
#8302 = AXIS2_PLACEMENT_3D('',#8303,#8304,#8305);
#8303 = CARTESIAN_POINT('',(0.5,-0.4,0.45));
#8304 = DIRECTION('',(0.,0.,1.));
#8305 = DIRECTION('',(1.,0.,-0.));
#8306 = ADVANCED_FACE('',(#8307),#8318,.T.);
#8307 = FACE_BOUND('',#8308,.T.);
#8308 = EDGE_LOOP('',(#8309,#8310,#8311,#8312));
#8309 = ORIENTED_EDGE('',*,*,#8011,.T.);
#8310 = ORIENTED_EDGE('',*,*,#8294,.T.);
#8311 = ORIENTED_EDGE('',*,*,#8135,.F.);
#8312 = ORIENTED_EDGE('',*,*,#8313,.F.);
#8313 = EDGE_CURVE('',#7846,#7929,#8314,.T.);
#8314 = LINE('',#8315,#8316);
#8315 = CARTESIAN_POINT('',(0.5,-0.4,0.405));
#8316 = VECTOR('',#8317,1.);
#8317 = DIRECTION('',(0.,1.,0.));
#8318 = CYLINDRICAL_SURFACE('',#8319,4.5E-02);
#8319 = AXIS2_PLACEMENT_3D('',#8320,#8321,#8322);
#8320 = CARTESIAN_POINT('',(0.545,-0.4,0.405));
#8321 = DIRECTION('',(0.,1.,0.));
#8322 = DIRECTION('',(-1.,0.,0.));
#8323 = ADVANCED_FACE('',(#8324),#8335,.T.);
#8324 = FACE_BOUND('',#8325,.T.);
#8325 = EDGE_LOOP('',(#8326,#8327,#8328,#8329));
#8326 = ORIENTED_EDGE('',*,*,#8077,.F.);
#8327 = ORIENTED_EDGE('',*,*,#8313,.T.);
#8328 = ORIENTED_EDGE('',*,*,#8194,.T.);
#8329 = ORIENTED_EDGE('',*,*,#8330,.F.);
#8330 = EDGE_CURVE('',#8070,#8187,#8331,.T.);
#8331 = LINE('',#8332,#8333);
#8332 = CARTESIAN_POINT('',(0.5,-0.4,0.45));
#8333 = VECTOR('',#8334,1.);
#8334 = DIRECTION('',(0.,1.,0.));
#8335 = PLANE('',#8336);
#8336 = AXIS2_PLACEMENT_3D('',#8337,#8338,#8339);
#8337 = CARTESIAN_POINT('',(0.5,-0.4,0.405));
#8338 = DIRECTION('',(1.,0.,0.));
#8339 = DIRECTION('',(0.,0.,1.));
#8340 = ADVANCED_FACE('',(#8341),#8347,.T.);
#8341 = FACE_BOUND('',#8342,.T.);
#8342 = EDGE_LOOP('',(#8343,#8344,#8345,#8346));
#8343 = ORIENTED_EDGE('',*,*,#8101,.F.);
#8344 = ORIENTED_EDGE('',*,*,#8069,.T.);
#8345 = ORIENTED_EDGE('',*,*,#8330,.T.);
#8346 = ORIENTED_EDGE('',*,*,#8186,.F.);
#8347 = PLANE('',#8348);
#8348 = AXIS2_PLACEMENT_3D('',#8349,#8350,#8351);
#8349 = CARTESIAN_POINT('',(-0.5,-0.4,0.45));
#8350 = DIRECTION('',(0.,0.,1.));
#8351 = DIRECTION('',(1.,0.,-0.));
#8352 = ( GEOMETRIC_REPRESENTATION_CONTEXT(3) 
GLOBAL_UNCERTAINTY_ASSIGNED_CONTEXT((#8356)) 
GLOBAL_UNIT_ASSIGNED_CONTEXT((#8353,#8354,#8355)) REPRESENTATION_CONTEXT
('Context #1','3D Context with UNIT and UNCERTAINTY') );
#8353 = ( LENGTH_UNIT() NAMED_UNIT(*) SI_UNIT(.MILLI.,.METRE.) );
#8354 = ( NAMED_UNIT(*) PLANE_ANGLE_UNIT() SI_UNIT($,.RADIAN.) );
#8355 = ( NAMED_UNIT(*) SI_UNIT($,.STERADIAN.) SOLID_ANGLE_UNIT() );
#8356 = UNCERTAINTY_MEASURE_WITH_UNIT(LENGTH_MEASURE(1.E-07),#8353,
  'distance_accuracy_value','confusion accuracy');
#8357 = CONTEXT_DEPENDENT_SHAPE_REPRESENTATION(#8358,#8360);
#8358 = ( REPRESENTATION_RELATIONSHIP('','',#7561,#7538) 
REPRESENTATION_RELATIONSHIP_WITH_TRANSFORMATION(#8359) 
SHAPE_REPRESENTATION_RELATIONSHIP() );
#8359 = ITEM_DEFINED_TRANSFORMATION('','',#11,#7539);
#8360 = PRODUCT_DEFINITION_SHAPE('Placement','Placement of an item',
  #8361);
#8361 = NEXT_ASSEMBLY_USAGE_OCCURRENCE('5','=>[0:1:1:7]','',#7533,#7556,
  $);
#8362 = PRODUCT_RELATED_PRODUCT_CATEGORY('part',$,(#7558));
#8363 = CONTEXT_DEPENDENT_SHAPE_REPRESENTATION(#8364,#8366);
#8364 = ( REPRESENTATION_RELATIONSHIP('','',#112,#10) 
REPRESENTATION_RELATIONSHIP_WITH_TRANSFORMATION(#8365) 
SHAPE_REPRESENTATION_RELATIONSHIP() );
#8365 = ITEM_DEFINED_TRANSFORMATION('','',#11,#27);
#8366 = PRODUCT_DEFINITION_SHAPE('Placement','Placement of an item',
  #8367);
#8367 = NEXT_ASSEMBLY_USAGE_OCCURRENCE('7','C3','',#5,#107,$);
#8368 = CONTEXT_DEPENDENT_SHAPE_REPRESENTATION(#8369,#8371);
#8369 = ( REPRESENTATION_RELATIONSHIP('','',#1008,#10) 
REPRESENTATION_RELATIONSHIP_WITH_TRANSFORMATION(#8370) 
SHAPE_REPRESENTATION_RELATIONSHIP() );
#8370 = ITEM_DEFINED_TRANSFORMATION('','',#11,#31);
#8371 = PRODUCT_DEFINITION_SHAPE('Placement','Placement of an item',
  #8372);
#8372 = NEXT_ASSEMBLY_USAGE_OCCURRENCE('8','U4','',#5,#1003,$);
#8373 = CONTEXT_DEPENDENT_SHAPE_REPRESENTATION(#8374,#8376);
#8374 = ( REPRESENTATION_RELATIONSHIP('','',#7538,#10) 
REPRESENTATION_RELATIONSHIP_WITH_TRANSFORMATION(#8375) 
SHAPE_REPRESENTATION_RELATIONSHIP() );
#8375 = ITEM_DEFINED_TRANSFORMATION('','',#11,#35);
#8376 = PRODUCT_DEFINITION_SHAPE('Placement','Placement of an item',
  #8377);
#8377 = NEXT_ASSEMBLY_USAGE_OCCURRENCE('9','R6','',#5,#7533,$);
#8378 = CONTEXT_DEPENDENT_SHAPE_REPRESENTATION(#8379,#8381);
#8379 = ( REPRESENTATION_RELATIONSHIP('','',#7538,#10) 
REPRESENTATION_RELATIONSHIP_WITH_TRANSFORMATION(#8380) 
SHAPE_REPRESENTATION_RELATIONSHIP() );
#8380 = ITEM_DEFINED_TRANSFORMATION('','',#11,#39);
#8381 = PRODUCT_DEFINITION_SHAPE('Placement','Placement of an item',
  #8382);
#8382 = NEXT_ASSEMBLY_USAGE_OCCURRENCE('10','R5','',#5,#7533,$);
#8383 = CONTEXT_DEPENDENT_SHAPE_REPRESENTATION(#8384,#8386);
#8384 = ( REPRESENTATION_RELATIONSHIP('','',#7538,#10) 
REPRESENTATION_RELATIONSHIP_WITH_TRANSFORMATION(#8385) 
SHAPE_REPRESENTATION_RELATIONSHIP() );
#8385 = ITEM_DEFINED_TRANSFORMATION('','',#11,#43);
#8386 = PRODUCT_DEFINITION_SHAPE('Placement','Placement of an item',
  #8387);
#8387 = NEXT_ASSEMBLY_USAGE_OCCURRENCE('11','R1','',#5,#7533,$);
#8388 = CONTEXT_DEPENDENT_SHAPE_REPRESENTATION(#8389,#8391);
#8389 = ( REPRESENTATION_RELATIONSHIP('','',#112,#10) 
REPRESENTATION_RELATIONSHIP_WITH_TRANSFORMATION(#8390) 
SHAPE_REPRESENTATION_RELATIONSHIP() );
#8390 = ITEM_DEFINED_TRANSFORMATION('','',#11,#47);
#8391 = PRODUCT_DEFINITION_SHAPE('Placement','Placement of an item',
  #8392);
#8392 = NEXT_ASSEMBLY_USAGE_OCCURRENCE('12','C6','',#5,#107,$);
#8393 = CONTEXT_DEPENDENT_SHAPE_REPRESENTATION(#8394,#8396);
#8394 = ( REPRESENTATION_RELATIONSHIP('','',#7538,#10) 
REPRESENTATION_RELATIONSHIP_WITH_TRANSFORMATION(#8395) 
SHAPE_REPRESENTATION_RELATIONSHIP() );
#8395 = ITEM_DEFINED_TRANSFORMATION('','',#11,#51);
#8396 = PRODUCT_DEFINITION_SHAPE('Placement','Placement of an item',
  #8397);
#8397 = NEXT_ASSEMBLY_USAGE_OCCURRENCE('13','R3','',#5,#7533,$);
#8398 = SHAPE_DEFINITION_REPRESENTATION(#8399,#8405);
#8399 = PRODUCT_DEFINITION_SHAPE('','',#8400);
#8400 = PRODUCT_DEFINITION('design','',#8401,#8404);
#8401 = PRODUCT_DEFINITION_FORMATION('','',#8402);
#8402 = PRODUCT('LED_0603_1608Metric','LED_0603_1608Metric','',(#8403));
#8403 = PRODUCT_CONTEXT('',#2,'mechanical');
#8404 = PRODUCT_DEFINITION_CONTEXT('part definition',#2,'design');
#8405 = SHAPE_REPRESENTATION('',(#11,#8406),#8410);
#8406 = AXIS2_PLACEMENT_3D('',#8407,#8408,#8409);
#8407 = CARTESIAN_POINT('',(0.,0.,0.));
#8408 = DIRECTION('',(0.,0.,1.));
#8409 = DIRECTION('',(1.,0.,-0.));
#8410 = ( GEOMETRIC_REPRESENTATION_CONTEXT(3) 
GLOBAL_UNCERTAINTY_ASSIGNED_CONTEXT((#8414)) 
GLOBAL_UNIT_ASSIGNED_CONTEXT((#8411,#8412,#8413)) REPRESENTATION_CONTEXT
('Context #1','3D Context with UNIT and UNCERTAINTY') );
#8411 = ( LENGTH_UNIT() NAMED_UNIT(*) SI_UNIT(.MILLI.,.METRE.) );
#8412 = ( NAMED_UNIT(*) PLANE_ANGLE_UNIT() SI_UNIT($,.RADIAN.) );
#8413 = ( NAMED_UNIT(*) SI_UNIT($,.STERADIAN.) SOLID_ANGLE_UNIT() );
#8414 = UNCERTAINTY_MEASURE_WITH_UNIT(LENGTH_MEASURE(1.E-07),#8411,
  'distance_accuracy_value','confusion accuracy');
#8415 = CONTEXT_DEPENDENT_SHAPE_REPRESENTATION(#8416,#8418);
#8416 = ( REPRESENTATION_RELATIONSHIP('','',#8405,#10) 
REPRESENTATION_RELATIONSHIP_WITH_TRANSFORMATION(#8417) 
SHAPE_REPRESENTATION_RELATIONSHIP() );
#8417 = ITEM_DEFINED_TRANSFORMATION('','',#11,#55);
#8418 = PRODUCT_DEFINITION_SHAPE('Placement','Placement of an item',
  #8419);
#8419 = NEXT_ASSEMBLY_USAGE_OCCURRENCE('15','D1','',#5,#8400,$);
#8420 = PRODUCT_RELATED_PRODUCT_CATEGORY('part',$,(#8402));
#8421 = SHAPE_DEFINITION_REPRESENTATION(#8422,#8428);
#8422 = PRODUCT_DEFINITION_SHAPE('','',#8423);
#8423 = PRODUCT_DEFINITION('design','',#8424,#8427);
#8424 = PRODUCT_DEFINITION_FORMATION('','',#8425);
#8425 = PRODUCT('LED_0603_1608Metric','LED_0603_1608Metric','',(#8426));
#8426 = PRODUCT_CONTEXT('',#2,'mechanical');
#8427 = PRODUCT_DEFINITION_CONTEXT('part definition',#2,'design');
#8428 = ADVANCED_BREP_SHAPE_REPRESENTATION('',(#11,#8429),#9952);
#8429 = MANIFOLD_SOLID_BREP('',#8430);
#8430 = CLOSED_SHELL('',(#8431,#8471,#8518,#8597,#8621,#8661,#8692,#8709
    ,#8742,#8766,#8833,#8954,#9021,#9045,#9076,#9109,#9165,#9189,#9213,
    #9237,#9270,#9282,#9345,#9370,#9387,#9411,#9429,#9447,#9465,#9482,
    #9499,#9530,#9555,#9580,#9604,#9621,#9652,#9676,#9693,#9721,#9746,
    #9770,#9795,#9842,#9859,#9871,#9893,#9905,#9923,#9941));
#8431 = ADVANCED_FACE('',(#8432),#8466,.F.);
#8432 = FACE_BOUND('',#8433,.F.);
#8433 = EDGE_LOOP('',(#8434,#8444,#8452,#8460));
#8434 = ORIENTED_EDGE('',*,*,#8435,.T.);
#8435 = EDGE_CURVE('',#8436,#8438,#8440,.T.);
#8436 = VERTEX_POINT('',#8437);
#8437 = CARTESIAN_POINT('',(-0.5,-0.4,0.47));
#8438 = VERTEX_POINT('',#8439);
#8439 = CARTESIAN_POINT('',(-0.45,-0.4,1.1));
#8440 = LINE('',#8441,#8442);
#8441 = CARTESIAN_POINT('',(-0.5,-0.4,0.47));
#8442 = VECTOR('',#8443,1.);
#8443 = DIRECTION('',(7.911630099815E-02,0.,0.996865392576));
#8444 = ORIENTED_EDGE('',*,*,#8445,.T.);
#8445 = EDGE_CURVE('',#8438,#8446,#8448,.T.);
#8446 = VERTEX_POINT('',#8447);
#8447 = CARTESIAN_POINT('',(0.45,-0.4,1.1));
#8448 = LINE('',#8449,#8450);
#8449 = CARTESIAN_POINT('',(-0.45,-0.4,1.1));
#8450 = VECTOR('',#8451,1.);
#8451 = DIRECTION('',(1.,0.,0.));
#8452 = ORIENTED_EDGE('',*,*,#8453,.T.);
#8453 = EDGE_CURVE('',#8446,#8454,#8456,.T.);
#8454 = VERTEX_POINT('',#8455);
#8455 = CARTESIAN_POINT('',(0.5,-0.4,0.47));
#8456 = LINE('',#8457,#8458);
#8457 = CARTESIAN_POINT('',(0.45,-0.4,1.1));
#8458 = VECTOR('',#8459,1.);
#8459 = DIRECTION('',(7.911630099815E-02,0.,-0.996865392576));
#8460 = ORIENTED_EDGE('',*,*,#8461,.T.);
#8461 = EDGE_CURVE('',#8454,#8436,#8462,.T.);
#8462 = LINE('',#8463,#8464);
#8463 = CARTESIAN_POINT('',(0.5,-0.4,0.47));
#8464 = VECTOR('',#8465,1.);
#8465 = DIRECTION('',(-1.,0.,0.));
#8466 = PLANE('',#8467);
#8467 = AXIS2_PLACEMENT_3D('',#8468,#8469,#8470);
#8468 = CARTESIAN_POINT('',(-8.772411109409E-18,-0.4,0.775044128294));
#8469 = DIRECTION('',(0.,1.,0.));
#8470 = DIRECTION('',(0.,-0.,1.));
#8471 = ADVANCED_FACE('',(#8472),#8513,.T.);
#8472 = FACE_BOUND('',#8473,.T.);
#8473 = EDGE_LOOP('',(#8474,#8484,#8492,#8498,#8499,#8507));
#8474 = ORIENTED_EDGE('',*,*,#8475,.T.);
#8475 = EDGE_CURVE('',#8476,#8478,#8480,.T.);
#8476 = VERTEX_POINT('',#8477);
#8477 = CARTESIAN_POINT('',(-0.5,0.4,0.47));
#8478 = VERTEX_POINT('',#8479);
#8479 = CARTESIAN_POINT('',(-0.5,0.3,0.47));
#8480 = LINE('',#8481,#8482);
#8481 = CARTESIAN_POINT('',(-0.5,0.4,0.47));
#8482 = VECTOR('',#8483,1.);
#8483 = DIRECTION('',(0.,-1.,0.));
#8484 = ORIENTED_EDGE('',*,*,#8485,.F.);
#8485 = EDGE_CURVE('',#8486,#8478,#8488,.T.);
#8486 = VERTEX_POINT('',#8487);
#8487 = CARTESIAN_POINT('',(-0.5,-0.3,0.47));
#8488 = LINE('',#8489,#8490);
#8489 = CARTESIAN_POINT('',(-0.5,-0.4,0.47));
#8490 = VECTOR('',#8491,1.);
#8491 = DIRECTION('',(0.,1.,0.));
#8492 = ORIENTED_EDGE('',*,*,#8493,.T.);
#8493 = EDGE_CURVE('',#8486,#8436,#8494,.T.);
#8494 = LINE('',#8495,#8496);
#8495 = CARTESIAN_POINT('',(-0.5,0.4,0.47));
#8496 = VECTOR('',#8497,1.);
#8497 = DIRECTION('',(0.,-1.,0.));
#8498 = ORIENTED_EDGE('',*,*,#8435,.T.);
#8499 = ORIENTED_EDGE('',*,*,#8500,.F.);
#8500 = EDGE_CURVE('',#8501,#8438,#8503,.T.);
#8501 = VERTEX_POINT('',#8502);
#8502 = CARTESIAN_POINT('',(-0.45,0.4,1.1));
#8503 = LINE('',#8504,#8505);
#8504 = CARTESIAN_POINT('',(-0.45,0.4,1.1));
#8505 = VECTOR('',#8506,1.);
#8506 = DIRECTION('',(0.,-1.,0.));
#8507 = ORIENTED_EDGE('',*,*,#8508,.F.);
#8508 = EDGE_CURVE('',#8476,#8501,#8509,.T.);
#8509 = LINE('',#8510,#8511);
#8510 = CARTESIAN_POINT('',(-0.5,0.4,0.47));
#8511 = VECTOR('',#8512,1.);
#8512 = DIRECTION('',(7.911630099815E-02,0.,0.996865392576));
#8513 = PLANE('',#8514);
#8514 = AXIS2_PLACEMENT_3D('',#8515,#8516,#8517);
#8515 = CARTESIAN_POINT('',(-0.5,0.4,0.47));
#8516 = DIRECTION('',(-0.996865392576,0.,7.911630099815E-02));
#8517 = DIRECTION('',(7.911630099815E-02,0.,0.996865392576));
#8518 = ADVANCED_FACE('',(#8519),#8592,.F.);
#8519 = FACE_BOUND('',#8520,.F.);
#8520 = EDGE_LOOP('',(#8521,#8531,#8539,#8547,#8553,#8554,#8562,#8570,
    #8578,#8586));
#8521 = ORIENTED_EDGE('',*,*,#8522,.F.);
#8522 = EDGE_CURVE('',#8523,#8525,#8527,.T.);
#8523 = VERTEX_POINT('',#8524);
#8524 = CARTESIAN_POINT('',(-0.77,-0.4,3.E-02));
#8525 = VERTEX_POINT('',#8526);
#8526 = CARTESIAN_POINT('',(-0.725,-0.4,3.E-02));
#8527 = LINE('',#8528,#8529);
#8528 = CARTESIAN_POINT('',(-0.77,-0.4,3.E-02));
#8529 = VECTOR('',#8530,1.);
#8530 = DIRECTION('',(1.,0.,0.));
#8531 = ORIENTED_EDGE('',*,*,#8532,.T.);
#8532 = EDGE_CURVE('',#8523,#8533,#8535,.T.);
#8533 = VERTEX_POINT('',#8534);
#8534 = CARTESIAN_POINT('',(-0.77,-0.4,0.47));
#8535 = LINE('',#8536,#8537);
#8536 = CARTESIAN_POINT('',(-0.77,-0.4,3.E-02));
#8537 = VECTOR('',#8538,1.);
#8538 = DIRECTION('',(0.,0.,1.));
#8539 = ORIENTED_EDGE('',*,*,#8540,.T.);
#8540 = EDGE_CURVE('',#8533,#8541,#8543,.T.);
#8541 = VERTEX_POINT('',#8542);
#8542 = CARTESIAN_POINT('',(-0.725,-0.4,0.47));
#8543 = LINE('',#8544,#8545);
#8544 = CARTESIAN_POINT('',(-0.77,-0.4,0.47));
#8545 = VECTOR('',#8546,1.);
#8546 = DIRECTION('',(1.,0.,0.));
#8547 = ORIENTED_EDGE('',*,*,#8548,.T.);
#8548 = EDGE_CURVE('',#8541,#8436,#8549,.T.);
#8549 = LINE('',#8550,#8551);
#8550 = CARTESIAN_POINT('',(-0.77,-0.4,0.47));
#8551 = VECTOR('',#8552,1.);
#8552 = DIRECTION('',(1.,0.,0.));
#8553 = ORIENTED_EDGE('',*,*,#8461,.F.);
#8554 = ORIENTED_EDGE('',*,*,#8555,.T.);
#8555 = EDGE_CURVE('',#8454,#8556,#8558,.T.);
#8556 = VERTEX_POINT('',#8557);
#8557 = CARTESIAN_POINT('',(0.725,-0.4,0.47));
#8558 = LINE('',#8559,#8560);
#8559 = CARTESIAN_POINT('',(-0.77,-0.4,0.47));
#8560 = VECTOR('',#8561,1.);
#8561 = DIRECTION('',(1.,0.,0.));
#8562 = ORIENTED_EDGE('',*,*,#8563,.T.);
#8563 = EDGE_CURVE('',#8556,#8564,#8566,.T.);
#8564 = VERTEX_POINT('',#8565);
#8565 = CARTESIAN_POINT('',(0.77,-0.4,0.47));
#8566 = LINE('',#8567,#8568);
#8567 = CARTESIAN_POINT('',(-0.77,-0.4,0.47));
#8568 = VECTOR('',#8569,1.);
#8569 = DIRECTION('',(1.,0.,0.));
#8570 = ORIENTED_EDGE('',*,*,#8571,.F.);
#8571 = EDGE_CURVE('',#8572,#8564,#8574,.T.);
#8572 = VERTEX_POINT('',#8573);
#8573 = CARTESIAN_POINT('',(0.77,-0.4,3.E-02));
#8574 = LINE('',#8575,#8576);
#8575 = CARTESIAN_POINT('',(0.77,-0.4,3.E-02));
#8576 = VECTOR('',#8577,1.);
#8577 = DIRECTION('',(0.,0.,1.));
#8578 = ORIENTED_EDGE('',*,*,#8579,.F.);
#8579 = EDGE_CURVE('',#8580,#8572,#8582,.T.);
#8580 = VERTEX_POINT('',#8581);
#8581 = CARTESIAN_POINT('',(0.725,-0.4,3.E-02));
#8582 = LINE('',#8583,#8584);
#8583 = CARTESIAN_POINT('',(-0.77,-0.4,3.E-02));
#8584 = VECTOR('',#8585,1.);
#8585 = DIRECTION('',(1.,0.,0.));
#8586 = ORIENTED_EDGE('',*,*,#8587,.F.);
#8587 = EDGE_CURVE('',#8525,#8580,#8588,.T.);
#8588 = LINE('',#8589,#8590);
#8589 = CARTESIAN_POINT('',(-0.77,-0.4,3.E-02));
#8590 = VECTOR('',#8591,1.);
#8591 = DIRECTION('',(1.,0.,0.));
#8592 = PLANE('',#8593);
#8593 = AXIS2_PLACEMENT_3D('',#8594,#8595,#8596);
#8594 = CARTESIAN_POINT('',(-0.77,-0.4,3.E-02));
#8595 = DIRECTION('',(0.,1.,0.));
#8596 = DIRECTION('',(0.,-0.,1.));
#8597 = ADVANCED_FACE('',(#8598),#8616,.T.);
#8598 = FACE_BOUND('',#8599,.T.);
#8599 = EDGE_LOOP('',(#8600,#8601,#8602,#8610));
#8600 = ORIENTED_EDGE('',*,*,#8500,.T.);
#8601 = ORIENTED_EDGE('',*,*,#8445,.T.);
#8602 = ORIENTED_EDGE('',*,*,#8603,.F.);
#8603 = EDGE_CURVE('',#8604,#8446,#8606,.T.);
#8604 = VERTEX_POINT('',#8605);
#8605 = CARTESIAN_POINT('',(0.45,0.4,1.1));
#8606 = LINE('',#8607,#8608);
#8607 = CARTESIAN_POINT('',(0.45,0.4,1.1));
#8608 = VECTOR('',#8609,1.);
#8609 = DIRECTION('',(0.,-1.,0.));
#8610 = ORIENTED_EDGE('',*,*,#8611,.F.);
#8611 = EDGE_CURVE('',#8501,#8604,#8612,.T.);
#8612 = LINE('',#8613,#8614);
#8613 = CARTESIAN_POINT('',(-0.45,0.4,1.1));
#8614 = VECTOR('',#8615,1.);
#8615 = DIRECTION('',(1.,0.,0.));
#8616 = PLANE('',#8617);
#8617 = AXIS2_PLACEMENT_3D('',#8618,#8619,#8620);
#8618 = CARTESIAN_POINT('',(-0.45,0.4,1.1));
#8619 = DIRECTION('',(0.,0.,1.));
#8620 = DIRECTION('',(1.,0.,-0.));
#8621 = ADVANCED_FACE('',(#8622),#8656,.T.);
#8622 = FACE_BOUND('',#8623,.T.);
#8623 = EDGE_LOOP('',(#8624,#8625,#8626,#8634,#8642,#8650));
#8624 = ORIENTED_EDGE('',*,*,#8603,.T.);
#8625 = ORIENTED_EDGE('',*,*,#8453,.T.);
#8626 = ORIENTED_EDGE('',*,*,#8627,.F.);
#8627 = EDGE_CURVE('',#8628,#8454,#8630,.T.);
#8628 = VERTEX_POINT('',#8629);
#8629 = CARTESIAN_POINT('',(0.5,-0.3,0.47));
#8630 = LINE('',#8631,#8632);
#8631 = CARTESIAN_POINT('',(0.5,0.4,0.47));
#8632 = VECTOR('',#8633,1.);
#8633 = DIRECTION('',(0.,-1.,0.));
#8634 = ORIENTED_EDGE('',*,*,#8635,.T.);
#8635 = EDGE_CURVE('',#8628,#8636,#8638,.T.);
#8636 = VERTEX_POINT('',#8637);
#8637 = CARTESIAN_POINT('',(0.5,0.3,0.47));
#8638 = LINE('',#8639,#8640);
#8639 = CARTESIAN_POINT('',(0.5,-0.4,0.47));
#8640 = VECTOR('',#8641,1.);
#8641 = DIRECTION('',(0.,1.,0.));
#8642 = ORIENTED_EDGE('',*,*,#8643,.F.);
#8643 = EDGE_CURVE('',#8644,#8636,#8646,.T.);
#8644 = VERTEX_POINT('',#8645);
#8645 = CARTESIAN_POINT('',(0.5,0.4,0.47));
#8646 = LINE('',#8647,#8648);
#8647 = CARTESIAN_POINT('',(0.5,0.4,0.47));
#8648 = VECTOR('',#8649,1.);
#8649 = DIRECTION('',(0.,-1.,0.));
#8650 = ORIENTED_EDGE('',*,*,#8651,.F.);
#8651 = EDGE_CURVE('',#8604,#8644,#8652,.T.);
#8652 = LINE('',#8653,#8654);
#8653 = CARTESIAN_POINT('',(0.45,0.4,1.1));
#8654 = VECTOR('',#8655,1.);
#8655 = DIRECTION('',(7.911630099815E-02,0.,-0.996865392576));
#8656 = PLANE('',#8657);
#8657 = AXIS2_PLACEMENT_3D('',#8658,#8659,#8660);
#8658 = CARTESIAN_POINT('',(0.45,0.4,1.1));
#8659 = DIRECTION('',(0.996865392576,0.,7.911630099815E-02));
#8660 = DIRECTION('',(7.911630099815E-02,0.,-0.996865392576));
#8661 = ADVANCED_FACE('',(#8662),#8687,.T.);
#8662 = FACE_BOUND('',#8663,.T.);
#8663 = EDGE_LOOP('',(#8664,#8672,#8680,#8686));
#8664 = ORIENTED_EDGE('',*,*,#8665,.F.);
#8665 = EDGE_CURVE('',#8666,#8476,#8668,.T.);
#8666 = VERTEX_POINT('',#8667);
#8667 = CARTESIAN_POINT('',(-0.725,0.4,0.47));
#8668 = LINE('',#8669,#8670);
#8669 = CARTESIAN_POINT('',(-0.77,0.4,0.47));
#8670 = VECTOR('',#8671,1.);
#8671 = DIRECTION('',(1.,0.,0.));
#8672 = ORIENTED_EDGE('',*,*,#8673,.F.);
#8673 = EDGE_CURVE('',#8674,#8666,#8676,.T.);
#8674 = VERTEX_POINT('',#8675);
#8675 = CARTESIAN_POINT('',(-0.725,0.3,0.47));
#8676 = LINE('',#8677,#8678);
#8677 = CARTESIAN_POINT('',(-0.725,5.E-02,0.47));
#8678 = VECTOR('',#8679,1.);
#8679 = DIRECTION('',(0.,1.,0.));
#8680 = ORIENTED_EDGE('',*,*,#8681,.F.);
#8681 = EDGE_CURVE('',#8478,#8674,#8682,.T.);
#8682 = LINE('',#8683,#8684);
#8683 = CARTESIAN_POINT('',(-0.7475,0.3,0.47));
#8684 = VECTOR('',#8685,1.);
#8685 = DIRECTION('',(-1.,0.,0.));
#8686 = ORIENTED_EDGE('',*,*,#8475,.F.);
#8687 = PLANE('',#8688);
#8688 = AXIS2_PLACEMENT_3D('',#8689,#8690,#8691);
#8689 = CARTESIAN_POINT('',(-0.77,-0.4,0.47));
#8690 = DIRECTION('',(0.,0.,1.));
#8691 = DIRECTION('',(1.,0.,-0.));
#8692 = ADVANCED_FACE('',(#8693),#8704,.T.);
#8693 = FACE_BOUND('',#8694,.T.);
#8694 = EDGE_LOOP('',(#8695,#8696,#8697,#8698));
#8695 = ORIENTED_EDGE('',*,*,#8508,.T.);
#8696 = ORIENTED_EDGE('',*,*,#8611,.T.);
#8697 = ORIENTED_EDGE('',*,*,#8651,.T.);
#8698 = ORIENTED_EDGE('',*,*,#8699,.T.);
#8699 = EDGE_CURVE('',#8644,#8476,#8700,.T.);
#8700 = LINE('',#8701,#8702);
#8701 = CARTESIAN_POINT('',(0.5,0.4,0.47));
#8702 = VECTOR('',#8703,1.);
#8703 = DIRECTION('',(-1.,0.,0.));
#8704 = PLANE('',#8705);
#8705 = AXIS2_PLACEMENT_3D('',#8706,#8707,#8708);
#8706 = CARTESIAN_POINT('',(-8.772411109409E-18,0.4,0.775044128294));
#8707 = DIRECTION('',(0.,1.,0.));
#8708 = DIRECTION('',(0.,-0.,1.));
#8709 = ADVANCED_FACE('',(#8710),#8737,.T.);
#8710 = FACE_BOUND('',#8711,.T.);
#8711 = EDGE_LOOP('',(#8712,#8721,#8729,#8736));
#8712 = ORIENTED_EDGE('',*,*,#8713,.F.);
#8713 = EDGE_CURVE('',#8714,#8478,#8716,.T.);
#8714 = VERTEX_POINT('',#8715);
#8715 = CARTESIAN_POINT('',(-0.53,0.3,0.5));
#8716 = CIRCLE('',#8717,3.E-02);
#8717 = AXIS2_PLACEMENT_3D('',#8718,#8719,#8720);
#8718 = CARTESIAN_POINT('',(-0.53,0.3,0.47));
#8719 = DIRECTION('',(-0.,1.,0.));
#8720 = DIRECTION('',(1.,0.,0.));
#8721 = ORIENTED_EDGE('',*,*,#8722,.F.);
#8722 = EDGE_CURVE('',#8723,#8714,#8725,.T.);
#8723 = VERTEX_POINT('',#8724);
#8724 = CARTESIAN_POINT('',(-0.53,-0.3,0.5));
#8725 = LINE('',#8726,#8727);
#8726 = CARTESIAN_POINT('',(-0.53,-0.4,0.5));
#8727 = VECTOR('',#8728,1.);
#8728 = DIRECTION('',(0.,1.,0.));
#8729 = ORIENTED_EDGE('',*,*,#8730,.T.);
#8730 = EDGE_CURVE('',#8723,#8486,#8731,.T.);
#8731 = CIRCLE('',#8732,3.E-02);
#8732 = AXIS2_PLACEMENT_3D('',#8733,#8734,#8735);
#8733 = CARTESIAN_POINT('',(-0.53,-0.3,0.47));
#8734 = DIRECTION('',(-0.,1.,0.));
#8735 = DIRECTION('',(1.,0.,0.));
#8736 = ORIENTED_EDGE('',*,*,#8485,.T.);
#8737 = CYLINDRICAL_SURFACE('',#8738,3.E-02);
#8738 = AXIS2_PLACEMENT_3D('',#8739,#8740,#8741);
#8739 = CARTESIAN_POINT('',(-0.53,-0.4,0.47));
#8740 = DIRECTION('',(0.,1.,0.));
#8741 = DIRECTION('',(1.,0.,0.));
#8742 = ADVANCED_FACE('',(#8743),#8761,.T.);
#8743 = FACE_BOUND('',#8744,.T.);
#8744 = EDGE_LOOP('',(#8745,#8753,#8754,#8755));
#8745 = ORIENTED_EDGE('',*,*,#8746,.F.);
#8746 = EDGE_CURVE('',#8541,#8747,#8749,.T.);
#8747 = VERTEX_POINT('',#8748);
#8748 = CARTESIAN_POINT('',(-0.725,-0.3,0.47));
#8749 = LINE('',#8750,#8751);
#8750 = CARTESIAN_POINT('',(-0.725,-0.35,0.47));
#8751 = VECTOR('',#8752,1.);
#8752 = DIRECTION('',(0.,1.,0.));
#8753 = ORIENTED_EDGE('',*,*,#8548,.T.);
#8754 = ORIENTED_EDGE('',*,*,#8493,.F.);
#8755 = ORIENTED_EDGE('',*,*,#8756,.F.);
#8756 = EDGE_CURVE('',#8747,#8486,#8757,.T.);
#8757 = LINE('',#8758,#8759);
#8758 = CARTESIAN_POINT('',(-2.25E-02,-0.3,0.47));
#8759 = VECTOR('',#8760,1.);
#8760 = DIRECTION('',(1.,0.,0.));
#8761 = PLANE('',#8762);
#8762 = AXIS2_PLACEMENT_3D('',#8763,#8764,#8765);
#8763 = CARTESIAN_POINT('',(-0.77,-0.4,0.47));
#8764 = DIRECTION('',(0.,0.,1.));
#8765 = DIRECTION('',(1.,0.,-0.));
#8766 = ADVANCED_FACE('',(#8767),#8828,.F.);
#8767 = FACE_BOUND('',#8768,.F.);
#8768 = EDGE_LOOP('',(#8769,#8779,#8788,#8796,#8805,#8813,#8819,#8820,
    #8821,#8822));
#8769 = ORIENTED_EDGE('',*,*,#8770,.F.);
#8770 = EDGE_CURVE('',#8771,#8773,#8775,.T.);
#8771 = VERTEX_POINT('',#8772);
#8772 = CARTESIAN_POINT('',(-0.77,-0.4,-3.469446951954E-18));
#8773 = VERTEX_POINT('',#8774);
#8774 = CARTESIAN_POINT('',(-0.725,-0.4,0.));
#8775 = LINE('',#8776,#8777);
#8776 = CARTESIAN_POINT('',(-0.8,-0.4,0.));
#8777 = VECTOR('',#8778,1.);
#8778 = DIRECTION('',(1.,0.,0.));
#8779 = ORIENTED_EDGE('',*,*,#8780,.F.);
#8780 = EDGE_CURVE('',#8781,#8771,#8783,.T.);
#8781 = VERTEX_POINT('',#8782);
#8782 = CARTESIAN_POINT('',(-0.8,-0.4,3.E-02));
#8783 = CIRCLE('',#8784,3.E-02);
#8784 = AXIS2_PLACEMENT_3D('',#8785,#8786,#8787);
#8785 = CARTESIAN_POINT('',(-0.77,-0.4,3.E-02));
#8786 = DIRECTION('',(0.,-1.,0.));
#8787 = DIRECTION('',(0.,0.,1.));
#8788 = ORIENTED_EDGE('',*,*,#8789,.T.);
#8789 = EDGE_CURVE('',#8781,#8790,#8792,.T.);
#8790 = VERTEX_POINT('',#8791);
#8791 = CARTESIAN_POINT('',(-0.8,-0.4,0.47));
#8792 = LINE('',#8793,#8794);
#8793 = CARTESIAN_POINT('',(-0.8,-0.4,0.));
#8794 = VECTOR('',#8795,1.);
#8795 = DIRECTION('',(0.,0.,1.));
#8796 = ORIENTED_EDGE('',*,*,#8797,.T.);
#8797 = EDGE_CURVE('',#8790,#8798,#8800,.T.);
#8798 = VERTEX_POINT('',#8799);
#8799 = CARTESIAN_POINT('',(-0.77,-0.4,0.5));
#8800 = CIRCLE('',#8801,3.E-02);
#8801 = AXIS2_PLACEMENT_3D('',#8802,#8803,#8804);
#8802 = CARTESIAN_POINT('',(-0.77,-0.4,0.47));
#8803 = DIRECTION('',(0.,1.,0.));
#8804 = DIRECTION('',(0.,-0.,1.));
#8805 = ORIENTED_EDGE('',*,*,#8806,.T.);
#8806 = EDGE_CURVE('',#8798,#8807,#8809,.T.);
#8807 = VERTEX_POINT('',#8808);
#8808 = CARTESIAN_POINT('',(-0.725,-0.4,0.5));
#8809 = LINE('',#8810,#8811);
#8810 = CARTESIAN_POINT('',(-0.8,-0.4,0.5));
#8811 = VECTOR('',#8812,1.);
#8812 = DIRECTION('',(1.,0.,0.));
#8813 = ORIENTED_EDGE('',*,*,#8814,.F.);
#8814 = EDGE_CURVE('',#8541,#8807,#8815,.T.);
#8815 = LINE('',#8816,#8817);
#8816 = CARTESIAN_POINT('',(-0.725,-0.4,0.375));
#8817 = VECTOR('',#8818,1.);
#8818 = DIRECTION('',(0.,0.,1.));
#8819 = ORIENTED_EDGE('',*,*,#8540,.F.);
#8820 = ORIENTED_EDGE('',*,*,#8532,.F.);
#8821 = ORIENTED_EDGE('',*,*,#8522,.T.);
#8822 = ORIENTED_EDGE('',*,*,#8823,.F.);
#8823 = EDGE_CURVE('',#8773,#8525,#8824,.T.);
#8824 = LINE('',#8825,#8826);
#8825 = CARTESIAN_POINT('',(-0.725,-0.4,0.375));
#8826 = VECTOR('',#8827,1.);
#8827 = DIRECTION('',(0.,0.,1.));
#8828 = PLANE('',#8829);
#8829 = AXIS2_PLACEMENT_3D('',#8830,#8831,#8832);
#8830 = CARTESIAN_POINT('',(-0.8,-0.4,0.));
#8831 = DIRECTION('',(0.,1.,0.));
#8832 = DIRECTION('',(0.,-0.,1.));
#8833 = ADVANCED_FACE('',(#8834,#8923),#8949,.F.);
#8834 = FACE_BOUND('',#8835,.F.);
#8835 = EDGE_LOOP('',(#8836,#8844,#8845,#8853,#8861,#8869,#8877,#8885,
    #8893,#8901,#8909,#8917));
#8836 = ORIENTED_EDGE('',*,*,#8837,.F.);
#8837 = EDGE_CURVE('',#8525,#8838,#8840,.T.);
#8838 = VERTEX_POINT('',#8839);
#8839 = CARTESIAN_POINT('',(-0.725,-0.3,3.E-02));
#8840 = LINE('',#8841,#8842);
#8841 = CARTESIAN_POINT('',(-0.725,-0.35,3.E-02));
#8842 = VECTOR('',#8843,1.);
#8843 = DIRECTION('',(0.,1.,0.));
#8844 = ORIENTED_EDGE('',*,*,#8587,.T.);
#8845 = ORIENTED_EDGE('',*,*,#8846,.F.);
#8846 = EDGE_CURVE('',#8847,#8580,#8849,.T.);
#8847 = VERTEX_POINT('',#8848);
#8848 = CARTESIAN_POINT('',(0.725,-0.3,3.E-02));
#8849 = LINE('',#8850,#8851);
#8850 = CARTESIAN_POINT('',(0.725,-0.45,3.E-02));
#8851 = VECTOR('',#8852,1.);
#8852 = DIRECTION('',(0.,-1.,0.));
#8853 = ORIENTED_EDGE('',*,*,#8854,.F.);
#8854 = EDGE_CURVE('',#8855,#8847,#8857,.T.);
#8855 = VERTEX_POINT('',#8856);
#8856 = CARTESIAN_POINT('',(0.5,-0.3,3.E-02));
#8857 = LINE('',#8858,#8859);
#8858 = CARTESIAN_POINT('',(-2.25E-02,-0.3,3.E-02));
#8859 = VECTOR('',#8860,1.);
#8860 = DIRECTION('',(1.,0.,0.));
#8861 = ORIENTED_EDGE('',*,*,#8862,.T.);
#8862 = EDGE_CURVE('',#8855,#8863,#8865,.T.);
#8863 = VERTEX_POINT('',#8864);
#8864 = CARTESIAN_POINT('',(0.5,0.3,3.E-02));
#8865 = LINE('',#8866,#8867);
#8866 = CARTESIAN_POINT('',(0.5,-0.4,3.E-02));
#8867 = VECTOR('',#8868,1.);
#8868 = DIRECTION('',(0.,1.,0.));
#8869 = ORIENTED_EDGE('',*,*,#8870,.F.);
#8870 = EDGE_CURVE('',#8871,#8863,#8873,.T.);
#8871 = VERTEX_POINT('',#8872);
#8872 = CARTESIAN_POINT('',(0.725,0.3,3.E-02));
#8873 = LINE('',#8874,#8875);
#8874 = CARTESIAN_POINT('',(-0.7475,0.3,3.E-02));
#8875 = VECTOR('',#8876,1.);
#8876 = DIRECTION('',(-1.,0.,0.));
#8877 = ORIENTED_EDGE('',*,*,#8878,.F.);
#8878 = EDGE_CURVE('',#8879,#8871,#8881,.T.);
#8879 = VERTEX_POINT('',#8880);
#8880 = CARTESIAN_POINT('',(0.725,0.4,3.E-02));
#8881 = LINE('',#8882,#8883);
#8882 = CARTESIAN_POINT('',(0.725,-5.E-02,3.E-02));
#8883 = VECTOR('',#8884,1.);
#8884 = DIRECTION('',(0.,-1.,0.));
#8885 = ORIENTED_EDGE('',*,*,#8886,.F.);
#8886 = EDGE_CURVE('',#8887,#8879,#8889,.T.);
#8887 = VERTEX_POINT('',#8888);
#8888 = CARTESIAN_POINT('',(-0.725,0.4,3.E-02));
#8889 = LINE('',#8890,#8891);
#8890 = CARTESIAN_POINT('',(-0.77,0.4,3.E-02));
#8891 = VECTOR('',#8892,1.);
#8892 = DIRECTION('',(1.,0.,0.));
#8893 = ORIENTED_EDGE('',*,*,#8894,.F.);
#8894 = EDGE_CURVE('',#8895,#8887,#8897,.T.);
#8895 = VERTEX_POINT('',#8896);
#8896 = CARTESIAN_POINT('',(-0.725,0.3,3.E-02));
#8897 = LINE('',#8898,#8899);
#8898 = CARTESIAN_POINT('',(-0.725,5.E-02,3.E-02));
#8899 = VECTOR('',#8900,1.);
#8900 = DIRECTION('',(0.,1.,0.));
#8901 = ORIENTED_EDGE('',*,*,#8902,.F.);
#8902 = EDGE_CURVE('',#8903,#8895,#8905,.T.);
#8903 = VERTEX_POINT('',#8904);
#8904 = CARTESIAN_POINT('',(-0.5,0.3,3.E-02));
#8905 = LINE('',#8906,#8907);
#8906 = CARTESIAN_POINT('',(-0.7475,0.3,3.E-02));
#8907 = VECTOR('',#8908,1.);
#8908 = DIRECTION('',(-1.,0.,0.));
#8909 = ORIENTED_EDGE('',*,*,#8910,.F.);
#8910 = EDGE_CURVE('',#8911,#8903,#8913,.T.);
#8911 = VERTEX_POINT('',#8912);
#8912 = CARTESIAN_POINT('',(-0.5,-0.3,3.E-02));
#8913 = LINE('',#8914,#8915);
#8914 = CARTESIAN_POINT('',(-0.5,-0.4,3.E-02));
#8915 = VECTOR('',#8916,1.);
#8916 = DIRECTION('',(0.,1.,0.));
#8917 = ORIENTED_EDGE('',*,*,#8918,.F.);
#8918 = EDGE_CURVE('',#8838,#8911,#8919,.T.);
#8919 = LINE('',#8920,#8921);
#8920 = CARTESIAN_POINT('',(-2.25E-02,-0.3,3.E-02));
#8921 = VECTOR('',#8922,1.);
#8922 = DIRECTION('',(1.,0.,0.));
#8923 = FACE_BOUND('',#8924,.F.);
#8924 = EDGE_LOOP('',(#8925,#8935,#8943));
#8925 = ORIENTED_EDGE('',*,*,#8926,.T.);
#8926 = EDGE_CURVE('',#8927,#8929,#8931,.T.);
#8927 = VERTEX_POINT('',#8928);
#8928 = CARTESIAN_POINT('',(0.277128129211,0.32,3.E-02));
#8929 = VERTEX_POINT('',#8930);
#8930 = CARTESIAN_POINT('',(0.277128129211,-0.32,3.E-02));
#8931 = LINE('',#8932,#8933);
#8932 = CARTESIAN_POINT('',(0.277128129211,0.32,3.E-02));
#8933 = VECTOR('',#8934,1.);
#8934 = DIRECTION('',(0.,-1.,0.));
#8935 = ORIENTED_EDGE('',*,*,#8936,.T.);
#8936 = EDGE_CURVE('',#8929,#8937,#8939,.T.);
#8937 = VERTEX_POINT('',#8938);
#8938 = CARTESIAN_POINT('',(-0.277128129211,0.,3.E-02));
#8939 = LINE('',#8940,#8941);
#8940 = CARTESIAN_POINT('',(0.277128129211,-0.32,3.E-02));
#8941 = VECTOR('',#8942,1.);
#8942 = DIRECTION('',(-0.866025403784,0.5,0.));
#8943 = ORIENTED_EDGE('',*,*,#8944,.T.);
#8944 = EDGE_CURVE('',#8937,#8927,#8945,.T.);
#8945 = LINE('',#8946,#8947);
#8946 = CARTESIAN_POINT('',(-0.277128129211,0.,3.E-02));
#8947 = VECTOR('',#8948,1.);
#8948 = DIRECTION('',(0.866025403784,0.5,0.));
#8949 = PLANE('',#8950);
#8950 = AXIS2_PLACEMENT_3D('',#8951,#8952,#8953);
#8951 = CARTESIAN_POINT('',(-0.77,-0.4,3.E-02));
#8952 = DIRECTION('',(0.,0.,1.));
#8953 = DIRECTION('',(1.,0.,-0.));
#8954 = ADVANCED_FACE('',(#8955),#9016,.F.);
#8955 = FACE_BOUND('',#8956,.F.);
#8956 = EDGE_LOOP('',(#8957,#8967,#8973,#8974,#8975,#8976,#8984,#8992,
    #9001,#9009));
#8957 = ORIENTED_EDGE('',*,*,#8958,.F.);
#8958 = EDGE_CURVE('',#8959,#8961,#8963,.T.);
#8959 = VERTEX_POINT('',#8960);
#8960 = CARTESIAN_POINT('',(0.725,-0.4,0.));
#8961 = VERTEX_POINT('',#8962);
#8962 = CARTESIAN_POINT('',(0.77,-0.4,-3.469446951954E-18));
#8963 = LINE('',#8964,#8965);
#8964 = CARTESIAN_POINT('',(0.5,-0.4,0.));
#8965 = VECTOR('',#8966,1.);
#8966 = DIRECTION('',(1.,0.,0.));
#8967 = ORIENTED_EDGE('',*,*,#8968,.F.);
#8968 = EDGE_CURVE('',#8580,#8959,#8969,.T.);
#8969 = LINE('',#8970,#8971);
#8970 = CARTESIAN_POINT('',(0.725,-0.4,0.375));
#8971 = VECTOR('',#8972,1.);
#8972 = DIRECTION('',(0.,0.,-1.));
#8973 = ORIENTED_EDGE('',*,*,#8579,.T.);
#8974 = ORIENTED_EDGE('',*,*,#8571,.T.);
#8975 = ORIENTED_EDGE('',*,*,#8563,.F.);
#8976 = ORIENTED_EDGE('',*,*,#8977,.F.);
#8977 = EDGE_CURVE('',#8978,#8556,#8980,.T.);
#8978 = VERTEX_POINT('',#8979);
#8979 = CARTESIAN_POINT('',(0.725,-0.4,0.5));
#8980 = LINE('',#8981,#8982);
#8981 = CARTESIAN_POINT('',(0.725,-0.4,0.375));
#8982 = VECTOR('',#8983,1.);
#8983 = DIRECTION('',(0.,0.,-1.));
#8984 = ORIENTED_EDGE('',*,*,#8985,.T.);
#8985 = EDGE_CURVE('',#8978,#8986,#8988,.T.);
#8986 = VERTEX_POINT('',#8987);
#8987 = CARTESIAN_POINT('',(0.77,-0.4,0.5));
#8988 = LINE('',#8989,#8990);
#8989 = CARTESIAN_POINT('',(0.5,-0.4,0.5));
#8990 = VECTOR('',#8991,1.);
#8991 = DIRECTION('',(1.,0.,0.));
#8992 = ORIENTED_EDGE('',*,*,#8993,.F.);
#8993 = EDGE_CURVE('',#8994,#8986,#8996,.T.);
#8994 = VERTEX_POINT('',#8995);
#8995 = CARTESIAN_POINT('',(0.8,-0.4,0.47));
#8996 = CIRCLE('',#8997,3.E-02);
#8997 = AXIS2_PLACEMENT_3D('',#8998,#8999,#9000);
#8998 = CARTESIAN_POINT('',(0.77,-0.4,0.47));
#8999 = DIRECTION('',(0.,-1.,0.));
#9000 = DIRECTION('',(0.,0.,1.));
#9001 = ORIENTED_EDGE('',*,*,#9002,.F.);
#9002 = EDGE_CURVE('',#9003,#8994,#9005,.T.);
#9003 = VERTEX_POINT('',#9004);
#9004 = CARTESIAN_POINT('',(0.8,-0.4,3.E-02));
#9005 = LINE('',#9006,#9007);
#9006 = CARTESIAN_POINT('',(0.8,-0.4,0.));
#9007 = VECTOR('',#9008,1.);
#9008 = DIRECTION('',(0.,0.,1.));
#9009 = ORIENTED_EDGE('',*,*,#9010,.T.);
#9010 = EDGE_CURVE('',#9003,#8961,#9011,.T.);
#9011 = CIRCLE('',#9012,3.E-02);
#9012 = AXIS2_PLACEMENT_3D('',#9013,#9014,#9015);
#9013 = CARTESIAN_POINT('',(0.77,-0.4,3.E-02));
#9014 = DIRECTION('',(0.,1.,0.));
#9015 = DIRECTION('',(0.,-0.,1.));
#9016 = PLANE('',#9017);
#9017 = AXIS2_PLACEMENT_3D('',#9018,#9019,#9020);
#9018 = CARTESIAN_POINT('',(0.5,-0.4,0.));
#9019 = DIRECTION('',(0.,1.,0.));
#9020 = DIRECTION('',(0.,-0.,1.));
#9021 = ADVANCED_FACE('',(#9022),#9040,.T.);
#9022 = FACE_BOUND('',#9023,.T.);
#9023 = EDGE_LOOP('',(#9024,#9032,#9033,#9034));
#9024 = ORIENTED_EDGE('',*,*,#9025,.F.);
#9025 = EDGE_CURVE('',#8628,#9026,#9028,.T.);
#9026 = VERTEX_POINT('',#9027);
#9027 = CARTESIAN_POINT('',(0.725,-0.3,0.47));
#9028 = LINE('',#9029,#9030);
#9029 = CARTESIAN_POINT('',(-2.25E-02,-0.3,0.47));
#9030 = VECTOR('',#9031,1.);
#9031 = DIRECTION('',(1.,0.,0.));
#9032 = ORIENTED_EDGE('',*,*,#8627,.T.);
#9033 = ORIENTED_EDGE('',*,*,#8555,.T.);
#9034 = ORIENTED_EDGE('',*,*,#9035,.F.);
#9035 = EDGE_CURVE('',#9026,#8556,#9036,.T.);
#9036 = LINE('',#9037,#9038);
#9037 = CARTESIAN_POINT('',(0.725,-0.45,0.47));
#9038 = VECTOR('',#9039,1.);
#9039 = DIRECTION('',(0.,-1.,0.));
#9040 = PLANE('',#9041);
#9041 = AXIS2_PLACEMENT_3D('',#9042,#9043,#9044);
#9042 = CARTESIAN_POINT('',(-0.77,-0.4,0.47));
#9043 = DIRECTION('',(0.,0.,1.));
#9044 = DIRECTION('',(1.,0.,-0.));
#9045 = ADVANCED_FACE('',(#9046),#9071,.T.);
#9046 = FACE_BOUND('',#9047,.T.);
#9047 = EDGE_LOOP('',(#9048,#9056,#9057,#9065));
#9048 = ORIENTED_EDGE('',*,*,#9049,.F.);
#9049 = EDGE_CURVE('',#8644,#9050,#9052,.T.);
#9050 = VERTEX_POINT('',#9051);
#9051 = CARTESIAN_POINT('',(0.725,0.4,0.47));
#9052 = LINE('',#9053,#9054);
#9053 = CARTESIAN_POINT('',(-0.77,0.4,0.47));
#9054 = VECTOR('',#9055,1.);
#9055 = DIRECTION('',(1.,0.,0.));
#9056 = ORIENTED_EDGE('',*,*,#8643,.T.);
#9057 = ORIENTED_EDGE('',*,*,#9058,.F.);
#9058 = EDGE_CURVE('',#9059,#8636,#9061,.T.);
#9059 = VERTEX_POINT('',#9060);
#9060 = CARTESIAN_POINT('',(0.725,0.3,0.47));
#9061 = LINE('',#9062,#9063);
#9062 = CARTESIAN_POINT('',(-0.7475,0.3,0.47));
#9063 = VECTOR('',#9064,1.);
#9064 = DIRECTION('',(-1.,0.,0.));
#9065 = ORIENTED_EDGE('',*,*,#9066,.F.);
#9066 = EDGE_CURVE('',#9050,#9059,#9067,.T.);
#9067 = LINE('',#9068,#9069);
#9068 = CARTESIAN_POINT('',(0.725,-5.E-02,0.47));
#9069 = VECTOR('',#9070,1.);
#9070 = DIRECTION('',(0.,-1.,0.));
#9071 = PLANE('',#9072);
#9072 = AXIS2_PLACEMENT_3D('',#9073,#9074,#9075);
#9073 = CARTESIAN_POINT('',(-0.77,-0.4,0.47));
#9074 = DIRECTION('',(0.,0.,1.));
#9075 = DIRECTION('',(1.,0.,-0.));
#9076 = ADVANCED_FACE('',(#9077),#9104,.T.);
#9077 = FACE_BOUND('',#9078,.T.);
#9078 = EDGE_LOOP('',(#9079,#9080,#9089,#9097));
#9079 = ORIENTED_EDGE('',*,*,#8635,.F.);
#9080 = ORIENTED_EDGE('',*,*,#9081,.T.);
#9081 = EDGE_CURVE('',#8628,#9082,#9084,.T.);
#9082 = VERTEX_POINT('',#9083);
#9083 = CARTESIAN_POINT('',(0.53,-0.3,0.5));
#9084 = CIRCLE('',#9085,3.E-02);
#9085 = AXIS2_PLACEMENT_3D('',#9086,#9087,#9088);
#9086 = CARTESIAN_POINT('',(0.53,-0.3,0.47));
#9087 = DIRECTION('',(0.,1.,-0.));
#9088 = DIRECTION('',(-1.,0.,0.));
#9089 = ORIENTED_EDGE('',*,*,#9090,.T.);
#9090 = EDGE_CURVE('',#9082,#9091,#9093,.T.);
#9091 = VERTEX_POINT('',#9092);
#9092 = CARTESIAN_POINT('',(0.53,0.3,0.5));
#9093 = LINE('',#9094,#9095);
#9094 = CARTESIAN_POINT('',(0.53,-0.4,0.5));
#9095 = VECTOR('',#9096,1.);
#9096 = DIRECTION('',(0.,1.,0.));
#9097 = ORIENTED_EDGE('',*,*,#9098,.F.);
#9098 = EDGE_CURVE('',#8636,#9091,#9099,.T.);
#9099 = CIRCLE('',#9100,3.E-02);
#9100 = AXIS2_PLACEMENT_3D('',#9101,#9102,#9103);
#9101 = CARTESIAN_POINT('',(0.53,0.3,0.47));
#9102 = DIRECTION('',(0.,1.,-0.));
#9103 = DIRECTION('',(-1.,0.,0.));
#9104 = CYLINDRICAL_SURFACE('',#9105,3.E-02);
#9105 = AXIS2_PLACEMENT_3D('',#9106,#9107,#9108);
#9106 = CARTESIAN_POINT('',(0.53,-0.4,0.47));
#9107 = DIRECTION('',(0.,1.,0.));
#9108 = DIRECTION('',(-1.,0.,0.));
#9109 = ADVANCED_FACE('',(#9110),#9160,.T.);
#9110 = FACE_BOUND('',#9111,.T.);
#9111 = EDGE_LOOP('',(#9112,#9120,#9128,#9134,#9135,#9136,#9137,#9145,
    #9153,#9159));
#9112 = ORIENTED_EDGE('',*,*,#9113,.F.);
#9113 = EDGE_CURVE('',#9114,#8887,#9116,.T.);
#9114 = VERTEX_POINT('',#9115);
#9115 = CARTESIAN_POINT('',(-0.77,0.4,3.E-02));
#9116 = LINE('',#9117,#9118);
#9117 = CARTESIAN_POINT('',(-0.77,0.4,3.E-02));
#9118 = VECTOR('',#9119,1.);
#9119 = DIRECTION('',(1.,0.,0.));
#9120 = ORIENTED_EDGE('',*,*,#9121,.T.);
#9121 = EDGE_CURVE('',#9114,#9122,#9124,.T.);
#9122 = VERTEX_POINT('',#9123);
#9123 = CARTESIAN_POINT('',(-0.77,0.4,0.47));
#9124 = LINE('',#9125,#9126);
#9125 = CARTESIAN_POINT('',(-0.77,0.4,3.E-02));
#9126 = VECTOR('',#9127,1.);
#9127 = DIRECTION('',(0.,0.,1.));
#9128 = ORIENTED_EDGE('',*,*,#9129,.T.);
#9129 = EDGE_CURVE('',#9122,#8666,#9130,.T.);
#9130 = LINE('',#9131,#9132);
#9131 = CARTESIAN_POINT('',(-0.77,0.4,0.47));
#9132 = VECTOR('',#9133,1.);
#9133 = DIRECTION('',(1.,0.,0.));
#9134 = ORIENTED_EDGE('',*,*,#8665,.T.);
#9135 = ORIENTED_EDGE('',*,*,#8699,.F.);
#9136 = ORIENTED_EDGE('',*,*,#9049,.T.);
#9137 = ORIENTED_EDGE('',*,*,#9138,.T.);
#9138 = EDGE_CURVE('',#9050,#9139,#9141,.T.);
#9139 = VERTEX_POINT('',#9140);
#9140 = CARTESIAN_POINT('',(0.77,0.4,0.47));
#9141 = LINE('',#9142,#9143);
#9142 = CARTESIAN_POINT('',(-0.77,0.4,0.47));
#9143 = VECTOR('',#9144,1.);
#9144 = DIRECTION('',(1.,0.,0.));
#9145 = ORIENTED_EDGE('',*,*,#9146,.F.);
#9146 = EDGE_CURVE('',#9147,#9139,#9149,.T.);
#9147 = VERTEX_POINT('',#9148);
#9148 = CARTESIAN_POINT('',(0.77,0.4,3.E-02));
#9149 = LINE('',#9150,#9151);
#9150 = CARTESIAN_POINT('',(0.77,0.4,3.E-02));
#9151 = VECTOR('',#9152,1.);
#9152 = DIRECTION('',(0.,0.,1.));
#9153 = ORIENTED_EDGE('',*,*,#9154,.F.);
#9154 = EDGE_CURVE('',#8879,#9147,#9155,.T.);
#9155 = LINE('',#9156,#9157);
#9156 = CARTESIAN_POINT('',(-0.77,0.4,3.E-02));
#9157 = VECTOR('',#9158,1.);
#9158 = DIRECTION('',(1.,0.,0.));
#9159 = ORIENTED_EDGE('',*,*,#8886,.F.);
#9160 = PLANE('',#9161);
#9161 = AXIS2_PLACEMENT_3D('',#9162,#9163,#9164);
#9162 = CARTESIAN_POINT('',(-0.77,0.4,3.E-02));
#9163 = DIRECTION('',(0.,1.,0.));
#9164 = DIRECTION('',(0.,-0.,1.));
#9165 = ADVANCED_FACE('',(#9166),#9184,.F.);
#9166 = FACE_BOUND('',#9167,.F.);
#9167 = EDGE_LOOP('',(#9168,#9176,#9182,#9183));
#9168 = ORIENTED_EDGE('',*,*,#9169,.F.);
#9169 = EDGE_CURVE('',#9170,#8714,#9172,.T.);
#9170 = VERTEX_POINT('',#9171);
#9171 = CARTESIAN_POINT('',(-0.725,0.3,0.5));
#9172 = LINE('',#9173,#9174);
#9173 = CARTESIAN_POINT('',(-0.7625,0.3,0.5));
#9174 = VECTOR('',#9175,1.);
#9175 = DIRECTION('',(1.,0.,0.));
#9176 = ORIENTED_EDGE('',*,*,#9177,.T.);
#9177 = EDGE_CURVE('',#9170,#8674,#9178,.T.);
#9178 = LINE('',#9179,#9180);
#9179 = CARTESIAN_POINT('',(-0.725,0.3,0.75));
#9180 = VECTOR('',#9181,1.);
#9181 = DIRECTION('',(-0.,-0.,-1.));
#9182 = ORIENTED_EDGE('',*,*,#8681,.F.);
#9183 = ORIENTED_EDGE('',*,*,#8713,.F.);
#9184 = PLANE('',#9185);
#9185 = AXIS2_PLACEMENT_3D('',#9186,#9187,#9188);
#9186 = CARTESIAN_POINT('',(-0.725,0.3,0.75));
#9187 = DIRECTION('',(0.,-1.,0.));
#9188 = DIRECTION('',(1.,0.,0.));
#9189 = ADVANCED_FACE('',(#9190),#9208,.F.);
#9190 = FACE_BOUND('',#9191,.F.);
#9191 = EDGE_LOOP('',(#9192,#9193,#9201,#9207));
#9192 = ORIENTED_EDGE('',*,*,#9177,.F.);
#9193 = ORIENTED_EDGE('',*,*,#9194,.F.);
#9194 = EDGE_CURVE('',#9195,#9170,#9197,.T.);
#9195 = VERTEX_POINT('',#9196);
#9196 = CARTESIAN_POINT('',(-0.725,0.4,0.5));
#9197 = LINE('',#9198,#9199);
#9198 = CARTESIAN_POINT('',(-0.725,5.E-02,0.5));
#9199 = VECTOR('',#9200,1.);
#9200 = DIRECTION('',(0.,-1.,0.));
#9201 = ORIENTED_EDGE('',*,*,#9202,.F.);
#9202 = EDGE_CURVE('',#8666,#9195,#9203,.T.);
#9203 = LINE('',#9204,#9205);
#9204 = CARTESIAN_POINT('',(-0.725,0.4,0.375));
#9205 = VECTOR('',#9206,1.);
#9206 = DIRECTION('',(0.,0.,1.));
#9207 = ORIENTED_EDGE('',*,*,#8673,.F.);
#9208 = PLANE('',#9209);
#9209 = AXIS2_PLACEMENT_3D('',#9210,#9211,#9212);
#9210 = CARTESIAN_POINT('',(-0.725,0.5,0.75));
#9211 = DIRECTION('',(-1.,0.,0.));
#9212 = DIRECTION('',(0.,-1.,0.));
#9213 = ADVANCED_FACE('',(#9214),#9232,.F.);
#9214 = FACE_BOUND('',#9215,.F.);
#9215 = EDGE_LOOP('',(#9216,#9224,#9230,#9231));
#9216 = ORIENTED_EDGE('',*,*,#9217,.F.);
#9217 = EDGE_CURVE('',#9218,#8747,#9220,.T.);
#9218 = VERTEX_POINT('',#9219);
#9219 = CARTESIAN_POINT('',(-0.725,-0.3,0.5));
#9220 = LINE('',#9221,#9222);
#9221 = CARTESIAN_POINT('',(-0.725,-0.3,0.75));
#9222 = VECTOR('',#9223,1.);
#9223 = DIRECTION('',(-0.,-0.,-1.));
#9224 = ORIENTED_EDGE('',*,*,#9225,.F.);
#9225 = EDGE_CURVE('',#8723,#9218,#9226,.T.);
#9226 = LINE('',#9227,#9228);
#9227 = CARTESIAN_POINT('',(-3.75E-02,-0.3,0.5));
#9228 = VECTOR('',#9229,1.);
#9229 = DIRECTION('',(-1.,0.,0.));
#9230 = ORIENTED_EDGE('',*,*,#8730,.T.);
#9231 = ORIENTED_EDGE('',*,*,#8756,.F.);
#9232 = PLANE('',#9233);
#9233 = AXIS2_PLACEMENT_3D('',#9234,#9235,#9236);
#9234 = CARTESIAN_POINT('',(0.725,-0.3,0.75));
#9235 = DIRECTION('',(0.,1.,0.));
#9236 = DIRECTION('',(-1.,0.,0.));
#9237 = ADVANCED_FACE('',(#9238),#9265,.T.);
#9238 = FACE_BOUND('',#9239,.T.);
#9239 = EDGE_LOOP('',(#9240,#9248,#9254,#9255,#9261,#9262,#9263,#9264));
#9240 = ORIENTED_EDGE('',*,*,#9241,.F.);
#9241 = EDGE_CURVE('',#9242,#9195,#9244,.T.);
#9242 = VERTEX_POINT('',#9243);
#9243 = CARTESIAN_POINT('',(-0.77,0.4,0.5));
#9244 = LINE('',#9245,#9246);
#9245 = CARTESIAN_POINT('',(-0.8,0.4,0.5));
#9246 = VECTOR('',#9247,1.);
#9247 = DIRECTION('',(1.,0.,0.));
#9248 = ORIENTED_EDGE('',*,*,#9249,.F.);
#9249 = EDGE_CURVE('',#8798,#9242,#9250,.T.);
#9250 = LINE('',#9251,#9252);
#9251 = CARTESIAN_POINT('',(-0.77,-0.4,0.5));
#9252 = VECTOR('',#9253,1.);
#9253 = DIRECTION('',(0.,1.,0.));
#9254 = ORIENTED_EDGE('',*,*,#8806,.T.);
#9255 = ORIENTED_EDGE('',*,*,#9256,.F.);
#9256 = EDGE_CURVE('',#9218,#8807,#9257,.T.);
#9257 = LINE('',#9258,#9259);
#9258 = CARTESIAN_POINT('',(-0.725,-0.35,0.5));
#9259 = VECTOR('',#9260,1.);
#9260 = DIRECTION('',(0.,-1.,0.));
#9261 = ORIENTED_EDGE('',*,*,#9225,.F.);
#9262 = ORIENTED_EDGE('',*,*,#8722,.T.);
#9263 = ORIENTED_EDGE('',*,*,#9169,.F.);
#9264 = ORIENTED_EDGE('',*,*,#9194,.F.);
#9265 = PLANE('',#9266);
#9266 = AXIS2_PLACEMENT_3D('',#9267,#9268,#9269);
#9267 = CARTESIAN_POINT('',(-0.8,-0.4,0.5));
#9268 = DIRECTION('',(0.,0.,1.));
#9269 = DIRECTION('',(1.,0.,-0.));
#9270 = ADVANCED_FACE('',(#9271),#9277,.F.);
#9271 = FACE_BOUND('',#9272,.F.);
#9272 = EDGE_LOOP('',(#9273,#9274,#9275,#9276));
#9273 = ORIENTED_EDGE('',*,*,#9256,.F.);
#9274 = ORIENTED_EDGE('',*,*,#9217,.T.);
#9275 = ORIENTED_EDGE('',*,*,#8746,.F.);
#9276 = ORIENTED_EDGE('',*,*,#8814,.T.);
#9277 = PLANE('',#9278);
#9278 = AXIS2_PLACEMENT_3D('',#9279,#9280,#9281);
#9279 = CARTESIAN_POINT('',(-0.725,-0.3,0.75));
#9280 = DIRECTION('',(-1.,0.,0.));
#9281 = DIRECTION('',(0.,-1.,0.));
#9282 = ADVANCED_FACE('',(#9283),#9340,.F.);
#9283 = FACE_BOUND('',#9284,.F.);
#9284 = EDGE_LOOP('',(#9285,#9295,#9301,#9302,#9310,#9318,#9326,#9334));
#9285 = ORIENTED_EDGE('',*,*,#9286,.F.);
#9286 = EDGE_CURVE('',#9287,#9289,#9291,.T.);
#9287 = VERTEX_POINT('',#9288);
#9288 = CARTESIAN_POINT('',(-0.77,0.4,-3.469446951954E-18));
#9289 = VERTEX_POINT('',#9290);
#9290 = CARTESIAN_POINT('',(-0.725,0.4,0.));
#9291 = LINE('',#9292,#9293);
#9292 = CARTESIAN_POINT('',(-0.8,0.4,0.));
#9293 = VECTOR('',#9294,1.);
#9294 = DIRECTION('',(1.,0.,0.));
#9295 = ORIENTED_EDGE('',*,*,#9296,.F.);
#9296 = EDGE_CURVE('',#8771,#9287,#9297,.T.);
#9297 = LINE('',#9298,#9299);
#9298 = CARTESIAN_POINT('',(-0.77,-0.4,-3.469446951954E-18));
#9299 = VECTOR('',#9300,1.);
#9300 = DIRECTION('',(0.,1.,0.));
#9301 = ORIENTED_EDGE('',*,*,#8770,.T.);
#9302 = ORIENTED_EDGE('',*,*,#9303,.F.);
#9303 = EDGE_CURVE('',#9304,#8773,#9306,.T.);
#9304 = VERTEX_POINT('',#9305);
#9305 = CARTESIAN_POINT('',(-0.725,-0.3,0.));
#9306 = LINE('',#9307,#9308);
#9307 = CARTESIAN_POINT('',(-0.725,-0.35,0.));
#9308 = VECTOR('',#9309,1.);
#9309 = DIRECTION('',(0.,-1.,0.));
#9310 = ORIENTED_EDGE('',*,*,#9311,.F.);
#9311 = EDGE_CURVE('',#9312,#9304,#9314,.T.);
#9312 = VERTEX_POINT('',#9313);
#9313 = CARTESIAN_POINT('',(-0.53,-0.3,-3.469446951954E-18));
#9314 = LINE('',#9315,#9316);
#9315 = CARTESIAN_POINT('',(-3.75E-02,-0.3,0.));
#9316 = VECTOR('',#9317,1.);
#9317 = DIRECTION('',(-1.,0.,0.));
#9318 = ORIENTED_EDGE('',*,*,#9319,.T.);
#9319 = EDGE_CURVE('',#9312,#9320,#9322,.T.);
#9320 = VERTEX_POINT('',#9321);
#9321 = CARTESIAN_POINT('',(-0.53,0.3,-3.469446951954E-18));
#9322 = LINE('',#9323,#9324);
#9323 = CARTESIAN_POINT('',(-0.53,-0.4,-3.469446951954E-18));
#9324 = VECTOR('',#9325,1.);
#9325 = DIRECTION('',(0.,1.,0.));
#9326 = ORIENTED_EDGE('',*,*,#9327,.F.);
#9327 = EDGE_CURVE('',#9328,#9320,#9330,.T.);
#9328 = VERTEX_POINT('',#9329);
#9329 = CARTESIAN_POINT('',(-0.725,0.3,0.));
#9330 = LINE('',#9331,#9332);
#9331 = CARTESIAN_POINT('',(-0.7625,0.3,0.));
#9332 = VECTOR('',#9333,1.);
#9333 = DIRECTION('',(1.,0.,0.));
#9334 = ORIENTED_EDGE('',*,*,#9335,.F.);
#9335 = EDGE_CURVE('',#9289,#9328,#9336,.T.);
#9336 = LINE('',#9337,#9338);
#9337 = CARTESIAN_POINT('',(-0.725,5.E-02,0.));
#9338 = VECTOR('',#9339,1.);
#9339 = DIRECTION('',(0.,-1.,0.));
#9340 = PLANE('',#9341);
#9341 = AXIS2_PLACEMENT_3D('',#9342,#9343,#9344);
#9342 = CARTESIAN_POINT('',(-0.8,-0.4,0.));
#9343 = DIRECTION('',(0.,0.,1.));
#9344 = DIRECTION('',(1.,0.,-0.));
#9345 = ADVANCED_FACE('',(#9346),#9365,.T.);
#9346 = FACE_BOUND('',#9347,.T.);
#9347 = EDGE_LOOP('',(#9348,#9356,#9363,#9364));
#9348 = ORIENTED_EDGE('',*,*,#9349,.T.);
#9349 = EDGE_CURVE('',#8781,#9350,#9352,.T.);
#9350 = VERTEX_POINT('',#9351);
#9351 = CARTESIAN_POINT('',(-0.8,0.4,3.E-02));
#9352 = LINE('',#9353,#9354);
#9353 = CARTESIAN_POINT('',(-0.8,-0.4,3.E-02));
#9354 = VECTOR('',#9355,1.);
#9355 = DIRECTION('',(0.,1.,0.));
#9356 = ORIENTED_EDGE('',*,*,#9357,.T.);
#9357 = EDGE_CURVE('',#9350,#9287,#9358,.T.);
#9358 = CIRCLE('',#9359,3.E-02);
#9359 = AXIS2_PLACEMENT_3D('',#9360,#9361,#9362);
#9360 = CARTESIAN_POINT('',(-0.77,0.4,3.E-02));
#9361 = DIRECTION('',(0.,-1.,0.));
#9362 = DIRECTION('',(0.,0.,1.));
#9363 = ORIENTED_EDGE('',*,*,#9296,.F.);
#9364 = ORIENTED_EDGE('',*,*,#8780,.F.);
#9365 = CYLINDRICAL_SURFACE('',#9366,3.E-02);
#9366 = AXIS2_PLACEMENT_3D('',#9367,#9368,#9369);
#9367 = CARTESIAN_POINT('',(-0.77,-0.4,3.E-02));
#9368 = DIRECTION('',(0.,1.,0.));
#9369 = DIRECTION('',(-1.,0.,0.));
#9370 = ADVANCED_FACE('',(#9371),#9382,.F.);
#9371 = FACE_BOUND('',#9372,.F.);
#9372 = EDGE_LOOP('',(#9373,#9374,#9380,#9381));
#9373 = ORIENTED_EDGE('',*,*,#8837,.T.);
#9374 = ORIENTED_EDGE('',*,*,#9375,.T.);
#9375 = EDGE_CURVE('',#8838,#9304,#9376,.T.);
#9376 = LINE('',#9377,#9378);
#9377 = CARTESIAN_POINT('',(-0.725,-0.3,0.75));
#9378 = VECTOR('',#9379,1.);
#9379 = DIRECTION('',(-0.,-0.,-1.));
#9380 = ORIENTED_EDGE('',*,*,#9303,.T.);
#9381 = ORIENTED_EDGE('',*,*,#8823,.T.);
#9382 = PLANE('',#9383);
#9383 = AXIS2_PLACEMENT_3D('',#9384,#9385,#9386);
#9384 = CARTESIAN_POINT('',(-0.725,-0.3,0.75));
#9385 = DIRECTION('',(-1.,0.,0.));
#9386 = DIRECTION('',(0.,-1.,0.));
#9387 = ADVANCED_FACE('',(#9388),#9406,.F.);
#9388 = FACE_BOUND('',#9389,.F.);
#9389 = EDGE_LOOP('',(#9390,#9391,#9392,#9400));
#9390 = ORIENTED_EDGE('',*,*,#8789,.F.);
#9391 = ORIENTED_EDGE('',*,*,#9349,.T.);
#9392 = ORIENTED_EDGE('',*,*,#9393,.T.);
#9393 = EDGE_CURVE('',#9350,#9394,#9396,.T.);
#9394 = VERTEX_POINT('',#9395);
#9395 = CARTESIAN_POINT('',(-0.8,0.4,0.47));
#9396 = LINE('',#9397,#9398);
#9397 = CARTESIAN_POINT('',(-0.8,0.4,0.));
#9398 = VECTOR('',#9399,1.);
#9399 = DIRECTION('',(0.,0.,1.));
#9400 = ORIENTED_EDGE('',*,*,#9401,.F.);
#9401 = EDGE_CURVE('',#8790,#9394,#9402,.T.);
#9402 = LINE('',#9403,#9404);
#9403 = CARTESIAN_POINT('',(-0.8,-0.4,0.47));
#9404 = VECTOR('',#9405,1.);
#9405 = DIRECTION('',(0.,1.,0.));
#9406 = PLANE('',#9407);
#9407 = AXIS2_PLACEMENT_3D('',#9408,#9409,#9410);
#9408 = CARTESIAN_POINT('',(-0.8,-0.4,0.));
#9409 = DIRECTION('',(1.,0.,0.));
#9410 = DIRECTION('',(0.,0.,1.));
#9411 = ADVANCED_FACE('',(#9412),#9424,.T.);
#9412 = FACE_BOUND('',#9413,.T.);
#9413 = EDGE_LOOP('',(#9414,#9415,#9416,#9423));
#9414 = ORIENTED_EDGE('',*,*,#8797,.T.);
#9415 = ORIENTED_EDGE('',*,*,#9249,.T.);
#9416 = ORIENTED_EDGE('',*,*,#9417,.F.);
#9417 = EDGE_CURVE('',#9394,#9242,#9418,.T.);
#9418 = CIRCLE('',#9419,3.E-02);
#9419 = AXIS2_PLACEMENT_3D('',#9420,#9421,#9422);
#9420 = CARTESIAN_POINT('',(-0.77,0.4,0.47));
#9421 = DIRECTION('',(0.,1.,0.));
#9422 = DIRECTION('',(0.,-0.,1.));
#9423 = ORIENTED_EDGE('',*,*,#9401,.F.);
#9424 = CYLINDRICAL_SURFACE('',#9425,3.E-02);
#9425 = AXIS2_PLACEMENT_3D('',#9426,#9427,#9428);
#9426 = CARTESIAN_POINT('',(-0.77,-0.4,0.47));
#9427 = DIRECTION('',(0.,1.,0.));
#9428 = DIRECTION('',(-1.,0.,0.));
#9429 = ADVANCED_FACE('',(#9430),#9442,.F.);
#9430 = FACE_BOUND('',#9431,.F.);
#9431 = EDGE_LOOP('',(#9432,#9433,#9434,#9441));
#9432 = ORIENTED_EDGE('',*,*,#9375,.F.);
#9433 = ORIENTED_EDGE('',*,*,#8918,.T.);
#9434 = ORIENTED_EDGE('',*,*,#9435,.T.);
#9435 = EDGE_CURVE('',#8911,#9312,#9436,.T.);
#9436 = CIRCLE('',#9437,3.E-02);
#9437 = AXIS2_PLACEMENT_3D('',#9438,#9439,#9440);
#9438 = CARTESIAN_POINT('',(-0.53,-0.3,3.E-02));
#9439 = DIRECTION('',(-0.,1.,0.));
#9440 = DIRECTION('',(1.,0.,0.));
#9441 = ORIENTED_EDGE('',*,*,#9311,.T.);
#9442 = PLANE('',#9443);
#9443 = AXIS2_PLACEMENT_3D('',#9444,#9445,#9446);
#9444 = CARTESIAN_POINT('',(0.725,-0.3,0.75));
#9445 = DIRECTION('',(0.,1.,0.));
#9446 = DIRECTION('',(-1.,0.,0.));
#9447 = ADVANCED_FACE('',(#9448),#9460,.T.);
#9448 = FACE_BOUND('',#9449,.T.);
#9449 = EDGE_LOOP('',(#9450,#9451,#9452,#9453));
#9450 = ORIENTED_EDGE('',*,*,#8910,.F.);
#9451 = ORIENTED_EDGE('',*,*,#9435,.T.);
#9452 = ORIENTED_EDGE('',*,*,#9319,.T.);
#9453 = ORIENTED_EDGE('',*,*,#9454,.F.);
#9454 = EDGE_CURVE('',#8903,#9320,#9455,.T.);
#9455 = CIRCLE('',#9456,3.E-02);
#9456 = AXIS2_PLACEMENT_3D('',#9457,#9458,#9459);
#9457 = CARTESIAN_POINT('',(-0.53,0.3,3.E-02));
#9458 = DIRECTION('',(-0.,1.,0.));
#9459 = DIRECTION('',(1.,0.,0.));
#9460 = CYLINDRICAL_SURFACE('',#9461,3.E-02);
#9461 = AXIS2_PLACEMENT_3D('',#9462,#9463,#9464);
#9462 = CARTESIAN_POINT('',(-0.53,-0.4,3.E-02));
#9463 = DIRECTION('',(0.,1.,0.));
#9464 = DIRECTION('',(1.,0.,0.));
#9465 = ADVANCED_FACE('',(#9466),#9477,.F.);
#9466 = FACE_BOUND('',#9467,.F.);
#9467 = EDGE_LOOP('',(#9468,#9469,#9475,#9476));
#9468 = ORIENTED_EDGE('',*,*,#8902,.T.);
#9469 = ORIENTED_EDGE('',*,*,#9470,.T.);
#9470 = EDGE_CURVE('',#8895,#9328,#9471,.T.);
#9471 = LINE('',#9472,#9473);
#9472 = CARTESIAN_POINT('',(-0.725,0.3,0.75));
#9473 = VECTOR('',#9474,1.);
#9474 = DIRECTION('',(-0.,-0.,-1.));
#9475 = ORIENTED_EDGE('',*,*,#9327,.T.);
#9476 = ORIENTED_EDGE('',*,*,#9454,.F.);
#9477 = PLANE('',#9478);
#9478 = AXIS2_PLACEMENT_3D('',#9479,#9480,#9481);
#9479 = CARTESIAN_POINT('',(-0.725,0.3,0.75));
#9480 = DIRECTION('',(0.,-1.,0.));
#9481 = DIRECTION('',(1.,0.,0.));
#9482 = ADVANCED_FACE('',(#9483),#9494,.F.);
#9483 = FACE_BOUND('',#9484,.F.);
#9484 = EDGE_LOOP('',(#9485,#9486,#9487,#9493));
#9485 = ORIENTED_EDGE('',*,*,#9470,.F.);
#9486 = ORIENTED_EDGE('',*,*,#8894,.T.);
#9487 = ORIENTED_EDGE('',*,*,#9488,.F.);
#9488 = EDGE_CURVE('',#9289,#8887,#9489,.T.);
#9489 = LINE('',#9490,#9491);
#9490 = CARTESIAN_POINT('',(-0.725,0.4,0.375));
#9491 = VECTOR('',#9492,1.);
#9492 = DIRECTION('',(0.,0.,1.));
#9493 = ORIENTED_EDGE('',*,*,#9335,.T.);
#9494 = PLANE('',#9495);
#9495 = AXIS2_PLACEMENT_3D('',#9496,#9497,#9498);
#9496 = CARTESIAN_POINT('',(-0.725,0.5,0.75));
#9497 = DIRECTION('',(-1.,0.,0.));
#9498 = DIRECTION('',(0.,-1.,0.));
#9499 = ADVANCED_FACE('',(#9500),#9525,.F.);
#9500 = FACE_BOUND('',#9501,.F.);
#9501 = EDGE_LOOP('',(#9502,#9503,#9511,#9519));
#9502 = ORIENTED_EDGE('',*,*,#8878,.T.);
#9503 = ORIENTED_EDGE('',*,*,#9504,.T.);
#9504 = EDGE_CURVE('',#8871,#9505,#9507,.T.);
#9505 = VERTEX_POINT('',#9506);
#9506 = CARTESIAN_POINT('',(0.725,0.3,0.));
#9507 = LINE('',#9508,#9509);
#9508 = CARTESIAN_POINT('',(0.725,0.3,0.75));
#9509 = VECTOR('',#9510,1.);
#9510 = DIRECTION('',(-0.,-0.,-1.));
#9511 = ORIENTED_EDGE('',*,*,#9512,.T.);
#9512 = EDGE_CURVE('',#9505,#9513,#9515,.T.);
#9513 = VERTEX_POINT('',#9514);
#9514 = CARTESIAN_POINT('',(0.725,0.4,0.));
#9515 = LINE('',#9516,#9517);
#9516 = CARTESIAN_POINT('',(0.725,-5.E-02,0.));
#9517 = VECTOR('',#9518,1.);
#9518 = DIRECTION('',(0.,1.,0.));
#9519 = ORIENTED_EDGE('',*,*,#9520,.F.);
#9520 = EDGE_CURVE('',#8879,#9513,#9521,.T.);
#9521 = LINE('',#9522,#9523);
#9522 = CARTESIAN_POINT('',(0.725,0.4,0.375));
#9523 = VECTOR('',#9524,1.);
#9524 = DIRECTION('',(0.,0.,-1.));
#9525 = PLANE('',#9526);
#9526 = AXIS2_PLACEMENT_3D('',#9527,#9528,#9529);
#9527 = CARTESIAN_POINT('',(0.725,0.3,0.75));
#9528 = DIRECTION('',(1.,0.,0.));
#9529 = DIRECTION('',(-0.,1.,0.));
#9530 = ADVANCED_FACE('',(#9531),#9550,.F.);
#9531 = FACE_BOUND('',#9532,.F.);
#9532 = EDGE_LOOP('',(#9533,#9534,#9535,#9544));
#9533 = ORIENTED_EDGE('',*,*,#9504,.F.);
#9534 = ORIENTED_EDGE('',*,*,#8870,.T.);
#9535 = ORIENTED_EDGE('',*,*,#9536,.F.);
#9536 = EDGE_CURVE('',#9537,#8863,#9539,.T.);
#9537 = VERTEX_POINT('',#9538);
#9538 = CARTESIAN_POINT('',(0.53,0.3,-3.469446951954E-18));
#9539 = CIRCLE('',#9540,3.E-02);
#9540 = AXIS2_PLACEMENT_3D('',#9541,#9542,#9543);
#9541 = CARTESIAN_POINT('',(0.53,0.3,3.E-02));
#9542 = DIRECTION('',(0.,1.,-0.));
#9543 = DIRECTION('',(-1.,0.,0.));
#9544 = ORIENTED_EDGE('',*,*,#9545,.T.);
#9545 = EDGE_CURVE('',#9537,#9505,#9546,.T.);
#9546 = LINE('',#9547,#9548);
#9547 = CARTESIAN_POINT('',(-0.1125,0.3,0.));
#9548 = VECTOR('',#9549,1.);
#9549 = DIRECTION('',(1.,0.,0.));
#9550 = PLANE('',#9551);
#9551 = AXIS2_PLACEMENT_3D('',#9552,#9553,#9554);
#9552 = CARTESIAN_POINT('',(-0.725,0.3,0.75));
#9553 = DIRECTION('',(0.,-1.,0.));
#9554 = DIRECTION('',(1.,0.,0.));
#9555 = ADVANCED_FACE('',(#9556),#9575,.T.);
#9556 = FACE_BOUND('',#9557,.T.);
#9557 = EDGE_LOOP('',(#9558,#9559,#9567,#9574));
#9558 = ORIENTED_EDGE('',*,*,#9536,.F.);
#9559 = ORIENTED_EDGE('',*,*,#9560,.F.);
#9560 = EDGE_CURVE('',#9561,#9537,#9563,.T.);
#9561 = VERTEX_POINT('',#9562);
#9562 = CARTESIAN_POINT('',(0.53,-0.3,-3.469446951954E-18));
#9563 = LINE('',#9564,#9565);
#9564 = CARTESIAN_POINT('',(0.53,-0.4,-3.469446951954E-18));
#9565 = VECTOR('',#9566,1.);
#9566 = DIRECTION('',(0.,1.,0.));
#9567 = ORIENTED_EDGE('',*,*,#9568,.T.);
#9568 = EDGE_CURVE('',#9561,#8855,#9569,.T.);
#9569 = CIRCLE('',#9570,3.E-02);
#9570 = AXIS2_PLACEMENT_3D('',#9571,#9572,#9573);
#9571 = CARTESIAN_POINT('',(0.53,-0.3,3.E-02));
#9572 = DIRECTION('',(0.,1.,-0.));
#9573 = DIRECTION('',(-1.,0.,0.));
#9574 = ORIENTED_EDGE('',*,*,#8862,.T.);
#9575 = CYLINDRICAL_SURFACE('',#9576,3.E-02);
#9576 = AXIS2_PLACEMENT_3D('',#9577,#9578,#9579);
#9577 = CARTESIAN_POINT('',(0.53,-0.4,3.E-02));
#9578 = DIRECTION('',(0.,1.,0.));
#9579 = DIRECTION('',(-1.,0.,0.));
#9580 = ADVANCED_FACE('',(#9581),#9599,.F.);
#9581 = FACE_BOUND('',#9582,.F.);
#9582 = EDGE_LOOP('',(#9583,#9584,#9592,#9598));
#9583 = ORIENTED_EDGE('',*,*,#8854,.T.);
#9584 = ORIENTED_EDGE('',*,*,#9585,.T.);
#9585 = EDGE_CURVE('',#8847,#9586,#9588,.T.);
#9586 = VERTEX_POINT('',#9587);
#9587 = CARTESIAN_POINT('',(0.725,-0.3,0.));
#9588 = LINE('',#9589,#9590);
#9589 = CARTESIAN_POINT('',(0.725,-0.3,0.75));
#9590 = VECTOR('',#9591,1.);
#9591 = DIRECTION('',(-0.,-0.,-1.));
#9592 = ORIENTED_EDGE('',*,*,#9593,.T.);
#9593 = EDGE_CURVE('',#9586,#9561,#9594,.T.);
#9594 = LINE('',#9595,#9596);
#9595 = CARTESIAN_POINT('',(0.6125,-0.3,0.));
#9596 = VECTOR('',#9597,1.);
#9597 = DIRECTION('',(-1.,0.,0.));
#9598 = ORIENTED_EDGE('',*,*,#9568,.T.);
#9599 = PLANE('',#9600);
#9600 = AXIS2_PLACEMENT_3D('',#9601,#9602,#9603);
#9601 = CARTESIAN_POINT('',(0.725,-0.3,0.75));
#9602 = DIRECTION('',(0.,1.,0.));
#9603 = DIRECTION('',(-1.,0.,0.));
#9604 = ADVANCED_FACE('',(#9605),#9616,.F.);
#9605 = FACE_BOUND('',#9606,.F.);
#9606 = EDGE_LOOP('',(#9607,#9608,#9609,#9610));
#9607 = ORIENTED_EDGE('',*,*,#9585,.F.);
#9608 = ORIENTED_EDGE('',*,*,#8846,.T.);
#9609 = ORIENTED_EDGE('',*,*,#8968,.T.);
#9610 = ORIENTED_EDGE('',*,*,#9611,.T.);
#9611 = EDGE_CURVE('',#8959,#9586,#9612,.T.);
#9612 = LINE('',#9613,#9614);
#9613 = CARTESIAN_POINT('',(0.725,-0.45,0.));
#9614 = VECTOR('',#9615,1.);
#9615 = DIRECTION('',(0.,1.,0.));
#9616 = PLANE('',#9617);
#9617 = AXIS2_PLACEMENT_3D('',#9618,#9619,#9620);
#9618 = CARTESIAN_POINT('',(0.725,-0.5,0.75));
#9619 = DIRECTION('',(1.,0.,0.));
#9620 = DIRECTION('',(-0.,1.,0.));
#9621 = ADVANCED_FACE('',(#9622),#9647,.T.);
#9622 = FACE_BOUND('',#9623,.T.);
#9623 = EDGE_LOOP('',(#9624,#9632,#9633,#9641));
#9624 = ORIENTED_EDGE('',*,*,#9625,.T.);
#9625 = EDGE_CURVE('',#9626,#8927,#9628,.T.);
#9626 = VERTEX_POINT('',#9627);
#9627 = CARTESIAN_POINT('',(0.277128129211,0.32,1.5E-02));
#9628 = LINE('',#9629,#9630);
#9629 = CARTESIAN_POINT('',(0.277128129211,0.32,1.5E-02));
#9630 = VECTOR('',#9631,1.);
#9631 = DIRECTION('',(0.,0.,1.));
#9632 = ORIENTED_EDGE('',*,*,#8926,.T.);
#9633 = ORIENTED_EDGE('',*,*,#9634,.F.);
#9634 = EDGE_CURVE('',#9635,#8929,#9637,.T.);
#9635 = VERTEX_POINT('',#9636);
#9636 = CARTESIAN_POINT('',(0.277128129211,-0.32,1.5E-02));
#9637 = LINE('',#9638,#9639);
#9638 = CARTESIAN_POINT('',(0.277128129211,-0.32,1.5E-02));
#9639 = VECTOR('',#9640,1.);
#9640 = DIRECTION('',(0.,0.,1.));
#9641 = ORIENTED_EDGE('',*,*,#9642,.F.);
#9642 = EDGE_CURVE('',#9626,#9635,#9643,.T.);
#9643 = LINE('',#9644,#9645);
#9644 = CARTESIAN_POINT('',(0.277128129211,0.32,1.5E-02));
#9645 = VECTOR('',#9646,1.);
#9646 = DIRECTION('',(0.,-1.,0.));
#9647 = PLANE('',#9648);
#9648 = AXIS2_PLACEMENT_3D('',#9649,#9650,#9651);
#9649 = CARTESIAN_POINT('',(0.277128129211,0.32,1.5E-02));
#9650 = DIRECTION('',(1.,0.,0.));
#9651 = DIRECTION('',(0.,-1.,0.));
#9652 = ADVANCED_FACE('',(#9653),#9671,.T.);
#9653 = FACE_BOUND('',#9654,.T.);
#9654 = EDGE_LOOP('',(#9655,#9663,#9664,#9665));
#9655 = ORIENTED_EDGE('',*,*,#9656,.T.);
#9656 = EDGE_CURVE('',#9657,#8937,#9659,.T.);
#9657 = VERTEX_POINT('',#9658);
#9658 = CARTESIAN_POINT('',(-0.277128129211,0.,1.5E-02));
#9659 = LINE('',#9660,#9661);
#9660 = CARTESIAN_POINT('',(-0.277128129211,0.,1.5E-02));
#9661 = VECTOR('',#9662,1.);
#9662 = DIRECTION('',(0.,0.,1.));
#9663 = ORIENTED_EDGE('',*,*,#8944,.T.);
#9664 = ORIENTED_EDGE('',*,*,#9625,.F.);
#9665 = ORIENTED_EDGE('',*,*,#9666,.F.);
#9666 = EDGE_CURVE('',#9657,#9626,#9667,.T.);
#9667 = LINE('',#9668,#9669);
#9668 = CARTESIAN_POINT('',(-0.277128129211,0.,1.5E-02));
#9669 = VECTOR('',#9670,1.);
#9670 = DIRECTION('',(0.866025403784,0.5,0.));
#9671 = PLANE('',#9672);
#9672 = AXIS2_PLACEMENT_3D('',#9673,#9674,#9675);
#9673 = CARTESIAN_POINT('',(-0.277128129211,0.,1.5E-02));
#9674 = DIRECTION('',(-0.5,0.866025403784,0.));
#9675 = DIRECTION('',(0.866025403784,0.5,0.));
#9676 = ADVANCED_FACE('',(#9677),#9688,.T.);
#9677 = FACE_BOUND('',#9678,.T.);
#9678 = EDGE_LOOP('',(#9679,#9680,#9681,#9682));
#9679 = ORIENTED_EDGE('',*,*,#9634,.T.);
#9680 = ORIENTED_EDGE('',*,*,#8936,.T.);
#9681 = ORIENTED_EDGE('',*,*,#9656,.F.);
#9682 = ORIENTED_EDGE('',*,*,#9683,.F.);
#9683 = EDGE_CURVE('',#9635,#9657,#9684,.T.);
#9684 = LINE('',#9685,#9686);
#9685 = CARTESIAN_POINT('',(0.277128129211,-0.32,1.5E-02));
#9686 = VECTOR('',#9687,1.);
#9687 = DIRECTION('',(-0.866025403784,0.5,0.));
#9688 = PLANE('',#9689);
#9689 = AXIS2_PLACEMENT_3D('',#9690,#9691,#9692);
#9690 = CARTESIAN_POINT('',(0.277128129211,-0.32,1.5E-02));
#9691 = DIRECTION('',(-0.5,-0.866025403784,0.));
#9692 = DIRECTION('',(-0.866025403784,0.5,0.));
#9693 = ADVANCED_FACE('',(#9694),#9716,.F.);
#9694 = FACE_BOUND('',#9695,.F.);
#9695 = EDGE_LOOP('',(#9696,#9704,#9705,#9706,#9707,#9708,#9709,#9710));
#9696 = ORIENTED_EDGE('',*,*,#9697,.F.);
#9697 = EDGE_CURVE('',#9513,#9698,#9700,.T.);
#9698 = VERTEX_POINT('',#9699);
#9699 = CARTESIAN_POINT('',(0.77,0.4,-3.469446951954E-18));
#9700 = LINE('',#9701,#9702);
#9701 = CARTESIAN_POINT('',(0.5,0.4,0.));
#9702 = VECTOR('',#9703,1.);
#9703 = DIRECTION('',(1.,0.,0.));
#9704 = ORIENTED_EDGE('',*,*,#9512,.F.);
#9705 = ORIENTED_EDGE('',*,*,#9545,.F.);
#9706 = ORIENTED_EDGE('',*,*,#9560,.F.);
#9707 = ORIENTED_EDGE('',*,*,#9593,.F.);
#9708 = ORIENTED_EDGE('',*,*,#9611,.F.);
#9709 = ORIENTED_EDGE('',*,*,#8958,.T.);
#9710 = ORIENTED_EDGE('',*,*,#9711,.T.);
#9711 = EDGE_CURVE('',#8961,#9698,#9712,.T.);
#9712 = LINE('',#9713,#9714);
#9713 = CARTESIAN_POINT('',(0.77,-0.4,-3.469446951954E-18));
#9714 = VECTOR('',#9715,1.);
#9715 = DIRECTION('',(0.,1.,0.));
#9716 = PLANE('',#9717);
#9717 = AXIS2_PLACEMENT_3D('',#9718,#9719,#9720);
#9718 = CARTESIAN_POINT('',(0.5,-0.4,0.));
#9719 = DIRECTION('',(0.,0.,1.));
#9720 = DIRECTION('',(1.,0.,-0.));
#9721 = ADVANCED_FACE('',(#9722),#9741,.T.);
#9722 = FACE_BOUND('',#9723,.T.);
#9723 = EDGE_LOOP('',(#9724,#9725,#9726,#9735));
#9724 = ORIENTED_EDGE('',*,*,#9010,.T.);
#9725 = ORIENTED_EDGE('',*,*,#9711,.T.);
#9726 = ORIENTED_EDGE('',*,*,#9727,.F.);
#9727 = EDGE_CURVE('',#9728,#9698,#9730,.T.);
#9728 = VERTEX_POINT('',#9729);
#9729 = CARTESIAN_POINT('',(0.8,0.4,3.E-02));
#9730 = CIRCLE('',#9731,3.E-02);
#9731 = AXIS2_PLACEMENT_3D('',#9732,#9733,#9734);
#9732 = CARTESIAN_POINT('',(0.77,0.4,3.E-02));
#9733 = DIRECTION('',(0.,1.,0.));
#9734 = DIRECTION('',(0.,-0.,1.));
#9735 = ORIENTED_EDGE('',*,*,#9736,.F.);
#9736 = EDGE_CURVE('',#9003,#9728,#9737,.T.);
#9737 = LINE('',#9738,#9739);
#9738 = CARTESIAN_POINT('',(0.8,-0.4,3.E-02));
#9739 = VECTOR('',#9740,1.);
#9740 = DIRECTION('',(0.,1.,0.));
#9741 = CYLINDRICAL_SURFACE('',#9742,3.E-02);
#9742 = AXIS2_PLACEMENT_3D('',#9743,#9744,#9745);
#9743 = CARTESIAN_POINT('',(0.77,-0.4,3.E-02));
#9744 = DIRECTION('',(0.,1.,0.));
#9745 = DIRECTION('',(1.,0.,0.));
#9746 = ADVANCED_FACE('',(#9747),#9765,.T.);
#9747 = FACE_BOUND('',#9748,.T.);
#9748 = EDGE_LOOP('',(#9749,#9750,#9751,#9759));
#9749 = ORIENTED_EDGE('',*,*,#9002,.F.);
#9750 = ORIENTED_EDGE('',*,*,#9736,.T.);
#9751 = ORIENTED_EDGE('',*,*,#9752,.T.);
#9752 = EDGE_CURVE('',#9728,#9753,#9755,.T.);
#9753 = VERTEX_POINT('',#9754);
#9754 = CARTESIAN_POINT('',(0.8,0.4,0.47));
#9755 = LINE('',#9756,#9757);
#9756 = CARTESIAN_POINT('',(0.8,0.4,0.));
#9757 = VECTOR('',#9758,1.);
#9758 = DIRECTION('',(0.,0.,1.));
#9759 = ORIENTED_EDGE('',*,*,#9760,.F.);
#9760 = EDGE_CURVE('',#8994,#9753,#9761,.T.);
#9761 = LINE('',#9762,#9763);
#9762 = CARTESIAN_POINT('',(0.8,-0.4,0.47));
#9763 = VECTOR('',#9764,1.);
#9764 = DIRECTION('',(0.,1.,0.));
#9765 = PLANE('',#9766);
#9766 = AXIS2_PLACEMENT_3D('',#9767,#9768,#9769);
#9767 = CARTESIAN_POINT('',(0.8,-0.4,0.));
#9768 = DIRECTION('',(1.,0.,0.));
#9769 = DIRECTION('',(0.,0.,1.));
#9770 = ADVANCED_FACE('',(#9771),#9790,.T.);
#9771 = FACE_BOUND('',#9772,.T.);
#9772 = EDGE_LOOP('',(#9773,#9774,#9783,#9789));
#9773 = ORIENTED_EDGE('',*,*,#9760,.T.);
#9774 = ORIENTED_EDGE('',*,*,#9775,.T.);
#9775 = EDGE_CURVE('',#9753,#9776,#9778,.T.);
#9776 = VERTEX_POINT('',#9777);
#9777 = CARTESIAN_POINT('',(0.77,0.4,0.5));
#9778 = CIRCLE('',#9779,3.E-02);
#9779 = AXIS2_PLACEMENT_3D('',#9780,#9781,#9782);
#9780 = CARTESIAN_POINT('',(0.77,0.4,0.47));
#9781 = DIRECTION('',(0.,-1.,0.));
#9782 = DIRECTION('',(0.,0.,1.));
#9783 = ORIENTED_EDGE('',*,*,#9784,.F.);
#9784 = EDGE_CURVE('',#8986,#9776,#9785,.T.);
#9785 = LINE('',#9786,#9787);
#9786 = CARTESIAN_POINT('',(0.77,-0.4,0.5));
#9787 = VECTOR('',#9788,1.);
#9788 = DIRECTION('',(0.,1.,0.));
#9789 = ORIENTED_EDGE('',*,*,#8993,.F.);
#9790 = CYLINDRICAL_SURFACE('',#9791,3.E-02);
#9791 = AXIS2_PLACEMENT_3D('',#9792,#9793,#9794);
#9792 = CARTESIAN_POINT('',(0.77,-0.4,0.47));
#9793 = DIRECTION('',(0.,1.,0.));
#9794 = DIRECTION('',(1.,0.,0.));
#9795 = ADVANCED_FACE('',(#9796),#9837,.T.);
#9796 = FACE_BOUND('',#9797,.T.);
#9797 = EDGE_LOOP('',(#9798,#9806,#9814,#9820,#9821,#9829,#9835,#9836));
#9798 = ORIENTED_EDGE('',*,*,#9799,.F.);
#9799 = EDGE_CURVE('',#9800,#9776,#9802,.T.);
#9800 = VERTEX_POINT('',#9801);
#9801 = CARTESIAN_POINT('',(0.725,0.4,0.5));
#9802 = LINE('',#9803,#9804);
#9803 = CARTESIAN_POINT('',(0.5,0.4,0.5));
#9804 = VECTOR('',#9805,1.);
#9805 = DIRECTION('',(1.,0.,0.));
#9806 = ORIENTED_EDGE('',*,*,#9807,.F.);
#9807 = EDGE_CURVE('',#9808,#9800,#9810,.T.);
#9808 = VERTEX_POINT('',#9809);
#9809 = CARTESIAN_POINT('',(0.725,0.3,0.5));
#9810 = LINE('',#9811,#9812);
#9811 = CARTESIAN_POINT('',(0.725,-5.E-02,0.5));
#9812 = VECTOR('',#9813,1.);
#9813 = DIRECTION('',(0.,1.,0.));
#9814 = ORIENTED_EDGE('',*,*,#9815,.F.);
#9815 = EDGE_CURVE('',#9091,#9808,#9816,.T.);
#9816 = LINE('',#9817,#9818);
#9817 = CARTESIAN_POINT('',(-0.1125,0.3,0.5));
#9818 = VECTOR('',#9819,1.);
#9819 = DIRECTION('',(1.,0.,0.));
#9820 = ORIENTED_EDGE('',*,*,#9090,.F.);
#9821 = ORIENTED_EDGE('',*,*,#9822,.F.);
#9822 = EDGE_CURVE('',#9823,#9082,#9825,.T.);
#9823 = VERTEX_POINT('',#9824);
#9824 = CARTESIAN_POINT('',(0.725,-0.3,0.5));
#9825 = LINE('',#9826,#9827);
#9826 = CARTESIAN_POINT('',(0.6125,-0.3,0.5));
#9827 = VECTOR('',#9828,1.);
#9828 = DIRECTION('',(-1.,0.,0.));
#9829 = ORIENTED_EDGE('',*,*,#9830,.F.);
#9830 = EDGE_CURVE('',#8978,#9823,#9831,.T.);
#9831 = LINE('',#9832,#9833);
#9832 = CARTESIAN_POINT('',(0.725,-0.45,0.5));
#9833 = VECTOR('',#9834,1.);
#9834 = DIRECTION('',(0.,1.,0.));
#9835 = ORIENTED_EDGE('',*,*,#8985,.T.);
#9836 = ORIENTED_EDGE('',*,*,#9784,.T.);
#9837 = PLANE('',#9838);
#9838 = AXIS2_PLACEMENT_3D('',#9839,#9840,#9841);
#9839 = CARTESIAN_POINT('',(0.5,-0.4,0.5));
#9840 = DIRECTION('',(0.,0.,1.));
#9841 = DIRECTION('',(1.,0.,-0.));
#9842 = ADVANCED_FACE('',(#9843),#9854,.F.);
#9843 = FACE_BOUND('',#9844,.F.);
#9844 = EDGE_LOOP('',(#9845,#9851,#9852,#9853));
#9845 = ORIENTED_EDGE('',*,*,#9846,.F.);
#9846 = EDGE_CURVE('',#9823,#9026,#9847,.T.);
#9847 = LINE('',#9848,#9849);
#9848 = CARTESIAN_POINT('',(0.725,-0.3,0.75));
#9849 = VECTOR('',#9850,1.);
#9850 = DIRECTION('',(-0.,-0.,-1.));
#9851 = ORIENTED_EDGE('',*,*,#9830,.F.);
#9852 = ORIENTED_EDGE('',*,*,#8977,.T.);
#9853 = ORIENTED_EDGE('',*,*,#9035,.F.);
#9854 = PLANE('',#9855);
#9855 = AXIS2_PLACEMENT_3D('',#9856,#9857,#9858);
#9856 = CARTESIAN_POINT('',(0.725,-0.5,0.75));
#9857 = DIRECTION('',(1.,0.,0.));
#9858 = DIRECTION('',(-0.,1.,0.));
#9859 = ADVANCED_FACE('',(#9860),#9866,.F.);
#9860 = FACE_BOUND('',#9861,.F.);
#9861 = EDGE_LOOP('',(#9862,#9863,#9864,#9865));
#9862 = ORIENTED_EDGE('',*,*,#9822,.F.);
#9863 = ORIENTED_EDGE('',*,*,#9846,.T.);
#9864 = ORIENTED_EDGE('',*,*,#9025,.F.);
#9865 = ORIENTED_EDGE('',*,*,#9081,.T.);
#9866 = PLANE('',#9867);
#9867 = AXIS2_PLACEMENT_3D('',#9868,#9869,#9870);
#9868 = CARTESIAN_POINT('',(0.725,-0.3,0.75));
#9869 = DIRECTION('',(0.,1.,0.));
#9870 = DIRECTION('',(-1.,0.,0.));
#9871 = ADVANCED_FACE('',(#9872),#9888,.F.);
#9872 = FACE_BOUND('',#9873,.F.);
#9873 = EDGE_LOOP('',(#9874,#9875,#9881,#9882));
#9874 = ORIENTED_EDGE('',*,*,#9807,.F.);
#9875 = ORIENTED_EDGE('',*,*,#9876,.T.);
#9876 = EDGE_CURVE('',#9808,#9059,#9877,.T.);
#9877 = LINE('',#9878,#9879);
#9878 = CARTESIAN_POINT('',(0.725,0.3,0.75));
#9879 = VECTOR('',#9880,1.);
#9880 = DIRECTION('',(-0.,-0.,-1.));
#9881 = ORIENTED_EDGE('',*,*,#9066,.F.);
#9882 = ORIENTED_EDGE('',*,*,#9883,.F.);
#9883 = EDGE_CURVE('',#9800,#9050,#9884,.T.);
#9884 = LINE('',#9885,#9886);
#9885 = CARTESIAN_POINT('',(0.725,0.4,0.375));
#9886 = VECTOR('',#9887,1.);
#9887 = DIRECTION('',(0.,0.,-1.));
#9888 = PLANE('',#9889);
#9889 = AXIS2_PLACEMENT_3D('',#9890,#9891,#9892);
#9890 = CARTESIAN_POINT('',(0.725,0.3,0.75));
#9891 = DIRECTION('',(1.,0.,0.));
#9892 = DIRECTION('',(-0.,1.,0.));
#9893 = ADVANCED_FACE('',(#9894),#9900,.F.);
#9894 = FACE_BOUND('',#9895,.F.);
#9895 = EDGE_LOOP('',(#9896,#9897,#9898,#9899));
#9896 = ORIENTED_EDGE('',*,*,#9876,.F.);
#9897 = ORIENTED_EDGE('',*,*,#9815,.F.);
#9898 = ORIENTED_EDGE('',*,*,#9098,.F.);
#9899 = ORIENTED_EDGE('',*,*,#9058,.F.);
#9900 = PLANE('',#9901);
#9901 = AXIS2_PLACEMENT_3D('',#9902,#9903,#9904);
#9902 = CARTESIAN_POINT('',(-0.725,0.3,0.75));
#9903 = DIRECTION('',(0.,-1.,0.));
#9904 = DIRECTION('',(1.,0.,0.));
#9905 = ADVANCED_FACE('',(#9906),#9918,.T.);
#9906 = FACE_BOUND('',#9907,.T.);
#9907 = EDGE_LOOP('',(#9908,#9909,#9910,#9911,#9912,#9913,#9914,#9915,
    #9916,#9917));
#9908 = ORIENTED_EDGE('',*,*,#9286,.F.);
#9909 = ORIENTED_EDGE('',*,*,#9357,.F.);
#9910 = ORIENTED_EDGE('',*,*,#9393,.T.);
#9911 = ORIENTED_EDGE('',*,*,#9417,.T.);
#9912 = ORIENTED_EDGE('',*,*,#9241,.T.);
#9913 = ORIENTED_EDGE('',*,*,#9202,.F.);
#9914 = ORIENTED_EDGE('',*,*,#9129,.F.);
#9915 = ORIENTED_EDGE('',*,*,#9121,.F.);
#9916 = ORIENTED_EDGE('',*,*,#9113,.T.);
#9917 = ORIENTED_EDGE('',*,*,#9488,.F.);
#9918 = PLANE('',#9919);
#9919 = AXIS2_PLACEMENT_3D('',#9920,#9921,#9922);
#9920 = CARTESIAN_POINT('',(-0.8,0.4,0.));
#9921 = DIRECTION('',(0.,1.,0.));
#9922 = DIRECTION('',(0.,-0.,1.));
#9923 = ADVANCED_FACE('',(#9924),#9936,.T.);
#9924 = FACE_BOUND('',#9925,.T.);
#9925 = EDGE_LOOP('',(#9926,#9927,#9928,#9929,#9930,#9931,#9932,#9933,
    #9934,#9935));
#9926 = ORIENTED_EDGE('',*,*,#9697,.F.);
#9927 = ORIENTED_EDGE('',*,*,#9520,.F.);
#9928 = ORIENTED_EDGE('',*,*,#9154,.T.);
#9929 = ORIENTED_EDGE('',*,*,#9146,.T.);
#9930 = ORIENTED_EDGE('',*,*,#9138,.F.);
#9931 = ORIENTED_EDGE('',*,*,#9883,.F.);
#9932 = ORIENTED_EDGE('',*,*,#9799,.T.);
#9933 = ORIENTED_EDGE('',*,*,#9775,.F.);
#9934 = ORIENTED_EDGE('',*,*,#9752,.F.);
#9935 = ORIENTED_EDGE('',*,*,#9727,.T.);
#9936 = PLANE('',#9937);
#9937 = AXIS2_PLACEMENT_3D('',#9938,#9939,#9940);
#9938 = CARTESIAN_POINT('',(0.5,0.4,0.));
#9939 = DIRECTION('',(0.,1.,0.));
#9940 = DIRECTION('',(0.,-0.,1.));
#9941 = ADVANCED_FACE('',(#9942),#9947,.T.);
#9942 = FACE_BOUND('',#9943,.T.);
#9943 = EDGE_LOOP('',(#9944,#9945,#9946));
#9944 = ORIENTED_EDGE('',*,*,#9666,.T.);
#9945 = ORIENTED_EDGE('',*,*,#9642,.T.);
#9946 = ORIENTED_EDGE('',*,*,#9683,.T.);
#9947 = PLANE('',#9948);
#9948 = AXIS2_PLACEMENT_3D('',#9949,#9950,#9951);
#9949 = CARTESIAN_POINT('',(9.237604307034E-02,0.,1.5E-02));
#9950 = DIRECTION('',(-0.,-0.,-1.));
#9951 = DIRECTION('',(-1.,0.,0.));
#9952 = ( GEOMETRIC_REPRESENTATION_CONTEXT(3) 
GLOBAL_UNCERTAINTY_ASSIGNED_CONTEXT((#9956)) 
GLOBAL_UNIT_ASSIGNED_CONTEXT((#9953,#9954,#9955)) REPRESENTATION_CONTEXT
('Context #1','3D Context with UNIT and UNCERTAINTY') );
#9953 = ( LENGTH_UNIT() NAMED_UNIT(*) SI_UNIT(.MILLI.,.METRE.) );
#9954 = ( NAMED_UNIT(*) PLANE_ANGLE_UNIT() SI_UNIT($,.RADIAN.) );
#9955 = ( NAMED_UNIT(*) SI_UNIT($,.STERADIAN.) SOLID_ANGLE_UNIT() );
#9956 = UNCERTAINTY_MEASURE_WITH_UNIT(LENGTH_MEASURE(1.E-07),#9953,
  'distance_accuracy_value','confusion accuracy');
#9957 = CONTEXT_DEPENDENT_SHAPE_REPRESENTATION(#9958,#9960);
#9958 = ( REPRESENTATION_RELATIONSHIP('','',#8428,#8405) 
REPRESENTATION_RELATIONSHIP_WITH_TRANSFORMATION(#9959) 
SHAPE_REPRESENTATION_RELATIONSHIP() );
#9959 = ITEM_DEFINED_TRANSFORMATION('','',#11,#8406);
#9960 = PRODUCT_DEFINITION_SHAPE('Placement','Placement of an item',
  #9961);
#9961 = NEXT_ASSEMBLY_USAGE_OCCURRENCE('14','=>[0:1:1:9]','',#8400,#8423
  ,$);
#9962 = PRODUCT_RELATED_PRODUCT_CATEGORY('part',$,(#8425));
#9963 = CONTEXT_DEPENDENT_SHAPE_REPRESENTATION(#9964,#9966);
#9964 = ( REPRESENTATION_RELATIONSHIP('','',#112,#10) 
REPRESENTATION_RELATIONSHIP_WITH_TRANSFORMATION(#9965) 
SHAPE_REPRESENTATION_RELATIONSHIP() );
#9965 = ITEM_DEFINED_TRANSFORMATION('','',#11,#59);
#9966 = PRODUCT_DEFINITION_SHAPE('Placement','Placement of an item',
  #9967);
#9967 = NEXT_ASSEMBLY_USAGE_OCCURRENCE('16','C4','',#5,#107,$);
#9968 = CONTEXT_DEPENDENT_SHAPE_REPRESENTATION(#9969,#9971);
#9969 = ( REPRESENTATION_RELATIONSHIP('','',#7538,#10) 
REPRESENTATION_RELATIONSHIP_WITH_TRANSFORMATION(#9970) 
SHAPE_REPRESENTATION_RELATIONSHIP() );
#9970 = ITEM_DEFINED_TRANSFORMATION('','',#11,#63);
#9971 = PRODUCT_DEFINITION_SHAPE('Placement','Placement of an item',
  #9972);
#9972 = NEXT_ASSEMBLY_USAGE_OCCURRENCE('17','R4','',#5,#7533,$);
#9973 = CONTEXT_DEPENDENT_SHAPE_REPRESENTATION(#9974,#9976);
#9974 = ( REPRESENTATION_RELATIONSHIP('','',#112,#10) 
REPRESENTATION_RELATIONSHIP_WITH_TRANSFORMATION(#9975) 
SHAPE_REPRESENTATION_RELATIONSHIP() );
#9975 = ITEM_DEFINED_TRANSFORMATION('','',#11,#67);
#9976 = PRODUCT_DEFINITION_SHAPE('Placement','Placement of an item',
  #9977);
#9977 = NEXT_ASSEMBLY_USAGE_OCCURRENCE('18','C5','',#5,#107,$);
#9978 = SHAPE_DEFINITION_REPRESENTATION(#9979,#9985);
#9979 = PRODUCT_DEFINITION_SHAPE('','',#9980);
#9980 = PRODUCT_DEFINITION('design','',#9981,#9984);
#9981 = PRODUCT_DEFINITION_FORMATION('','',#9982);
#9982 = PRODUCT('AT25SF041B-SSHD-B','AT25SF041B-SSHD-B','',(#9983));
#9983 = PRODUCT_CONTEXT('',#2,'mechanical');
#9984 = PRODUCT_DEFINITION_CONTEXT('part definition',#2,'design');
#9985 = SHAPE_REPRESENTATION('',(#11,#9986),#9990);
#9986 = AXIS2_PLACEMENT_3D('',#9987,#9988,#9989);
#9987 = CARTESIAN_POINT('',(0.,0.,0.));
#9988 = DIRECTION('',(0.,0.,1.));
#9989 = DIRECTION('',(1.,0.,-0.));
#9990 = ( GEOMETRIC_REPRESENTATION_CONTEXT(3) 
GLOBAL_UNCERTAINTY_ASSIGNED_CONTEXT((#9994)) 
GLOBAL_UNIT_ASSIGNED_CONTEXT((#9991,#9992,#9993)) REPRESENTATION_CONTEXT
('Context #1','3D Context with UNIT and UNCERTAINTY') );
#9991 = ( LENGTH_UNIT() NAMED_UNIT(*) SI_UNIT(.MILLI.,.METRE.) );
#9992 = ( NAMED_UNIT(*) PLANE_ANGLE_UNIT() SI_UNIT($,.RADIAN.) );
#9993 = ( NAMED_UNIT(*) SI_UNIT($,.STERADIAN.) SOLID_ANGLE_UNIT() );
#9994 = UNCERTAINTY_MEASURE_WITH_UNIT(LENGTH_MEASURE(1.E-07),#9991,
  'distance_accuracy_value','confusion accuracy');
#9995 = CONTEXT_DEPENDENT_SHAPE_REPRESENTATION(#9996,#9998);
#9996 = ( REPRESENTATION_RELATIONSHIP('','',#9985,#10) 
REPRESENTATION_RELATIONSHIP_WITH_TRANSFORMATION(#9997) 
SHAPE_REPRESENTATION_RELATIONSHIP() );
#9997 = ITEM_DEFINED_TRANSFORMATION('','',#11,#71);
#9998 = PRODUCT_DEFINITION_SHAPE('Placement','Placement of an item',
  #9999);
#9999 = NEXT_ASSEMBLY_USAGE_OCCURRENCE('22','U2','',#5,#9980,$);
#10000 = PRODUCT_RELATED_PRODUCT_CATEGORY('part',$,(#9982));
#10001 = SHAPE_DEFINITION_REPRESENTATION(#10002,#10008);
#10002 = PRODUCT_DEFINITION_SHAPE('','',#10003);
#10003 = PRODUCT_DEFINITION('design','',#10004,#10007);
#10004 = PRODUCT_DEFINITION_FORMATION('','',#10005);
#10005 = PRODUCT('ASSEMBLY','ASSEMBLY','',(#10006));
#10006 = PRODUCT_CONTEXT('',#2,'mechanical');
#10007 = PRODUCT_DEFINITION_CONTEXT('part definition',#2,'design');
#10008 = SHAPE_REPRESENTATION('',(#11,#10009,#10013),#10017);
#10009 = AXIS2_PLACEMENT_3D('',#10010,#10011,#10012);
#10010 = CARTESIAN_POINT('',(0.,0.,0.));
#10011 = DIRECTION('',(0.,0.,1.));
#10012 = DIRECTION('',(1.,0.,0.));
#10013 = AXIS2_PLACEMENT_3D('',#10014,#10015,#10016);
#10014 = CARTESIAN_POINT('',(0.,0.,0.));
#10015 = DIRECTION('',(0.,0.,1.));
#10016 = DIRECTION('',(1.,0.,0.));
#10017 = ( GEOMETRIC_REPRESENTATION_CONTEXT(3) 
GLOBAL_UNCERTAINTY_ASSIGNED_CONTEXT((#10021)) 
GLOBAL_UNIT_ASSIGNED_CONTEXT((#10018,#10019,#10020)) 
REPRESENTATION_CONTEXT('Context #1',
  '3D Context with UNIT and UNCERTAINTY') );
#10018 = ( LENGTH_UNIT() NAMED_UNIT(*) SI_UNIT(.MILLI.,.METRE.) );
#10019 = ( NAMED_UNIT(*) PLANE_ANGLE_UNIT() SI_UNIT($,.RADIAN.) );
#10020 = ( NAMED_UNIT(*) SI_UNIT($,.STERADIAN.) SOLID_ANGLE_UNIT() );
#10021 = UNCERTAINTY_MEASURE_WITH_UNIT(LENGTH_MEASURE(1.E-07),#10018,
  'distance_accuracy_value','confusion accuracy');
#10022 = CONTEXT_DEPENDENT_SHAPE_REPRESENTATION(#10023,#10025);
#10023 = ( REPRESENTATION_RELATIONSHIP('','',#10008,#9985) 
REPRESENTATION_RELATIONSHIP_WITH_TRANSFORMATION(#10024) 
SHAPE_REPRESENTATION_RELATIONSHIP() );
#10024 = ITEM_DEFINED_TRANSFORMATION('','',#11,#9986);
#10025 = PRODUCT_DEFINITION_SHAPE('Placement','Placement of an item',
  #10026);
#10026 = NEXT_ASSEMBLY_USAGE_OCCURRENCE('21','=>[0:1:1:11]','',#9980,
  #10003,$);
#10027 = PRODUCT_RELATED_PRODUCT_CATEGORY('part',$,(#10005));
#10028 = SHAPE_DEFINITION_REPRESENTATION(#10029,#10035);
#10029 = PRODUCT_DEFINITION_SHAPE('','',#10030);
#10030 = PRODUCT_DEFINITION('design','',#10031,#10034);
#10031 = PRODUCT_DEFINITION_FORMATION('','',#10032);
#10032 = PRODUCT('Body','Body','',(#10033));
#10033 = PRODUCT_CONTEXT('',#2,'mechanical');
#10034 = PRODUCT_DEFINITION_CONTEXT('part definition',#2,'design');
#10035 = ADVANCED_BREP_SHAPE_REPRESENTATION('',(#11,#10036),#10623);
#10036 = MANIFOLD_SOLID_BREP('',#10037);
#10037 = CLOSED_SHELL('',(#10038,#10078,#10109,#10142,#10173,#10204,
    #10229,#10253,#10275,#10299,#10317,#10348,#10372,#10384,#10401,
    #10425,#10458,#10482,#10499,#10524,#10559,#10577,#10589,#10614));
#10038 = ADVANCED_FACE('',(#10039),#10073,.T.);
#10039 = FACE_BOUND('',#10040,.T.);
#10040 = EDGE_LOOP('',(#10041,#10051,#10059,#10067));
#10041 = ORIENTED_EDGE('',*,*,#10042,.F.);
#10042 = EDGE_CURVE('',#10043,#10045,#10047,.T.);
#10043 = VERTEX_POINT('',#10044);
#10044 = CARTESIAN_POINT('',(-1.95,-2.4625,0.791942816109));
#10045 = VERTEX_POINT('',#10046);
#10046 = CARTESIAN_POINT('',(-1.859168385466,-2.371668385466,
    0.217195000085));
#10047 = LINE('',#10048,#10049);
#10048 = CARTESIAN_POINT('',(-1.902409644169,-2.414909644169,
    0.4908091941));
#10049 = VECTOR('',#10050,1.);
#10050 = DIRECTION('',(0.154232203843,0.154232203843,-0.975922565881));
#10051 = ORIENTED_EDGE('',*,*,#10052,.T.);
#10052 = EDGE_CURVE('',#10043,#10053,#10055,.T.);
#10053 = VERTEX_POINT('',#10054);
#10054 = CARTESIAN_POINT('',(-1.95,2.4625,0.791942816109));
#10055 = LINE('',#10056,#10057);
#10056 = CARTESIAN_POINT('',(-1.95,-2.4625,0.791942816109));
#10057 = VECTOR('',#10058,1.);
#10058 = DIRECTION('',(0.,1.,0.));
#10059 = ORIENTED_EDGE('',*,*,#10060,.T.);
#10060 = EDGE_CURVE('',#10053,#10061,#10063,.T.);
#10061 = VERTEX_POINT('',#10062);
#10062 = CARTESIAN_POINT('',(-1.859168385466,2.371668385466,
    0.217195000085));
#10063 = LINE('',#10064,#10065);
#10064 = CARTESIAN_POINT('',(-1.84383274639,2.35633274639,0.120156924616
    ));
#10065 = VECTOR('',#10066,1.);
#10066 = DIRECTION('',(0.154232203843,-0.154232203843,-0.975922565881));
#10067 = ORIENTED_EDGE('',*,*,#10068,.F.);
#10068 = EDGE_CURVE('',#10045,#10061,#10069,.T.);
#10069 = LINE('',#10070,#10071);
#10070 = CARTESIAN_POINT('',(-1.859168385466,-2.365,0.217195000085));
#10071 = VECTOR('',#10072,1.);
#10072 = DIRECTION('',(0.,1.,0.));
#10073 = PLANE('',#10074);
#10074 = AXIS2_PLACEMENT_3D('',#10075,#10076,#10077);
#10075 = CARTESIAN_POINT('',(-1.90125,-2.4625,0.483471408055));
#10076 = DIRECTION('',(-0.987741256874,0.,-0.156099998299));
#10077 = DIRECTION('',(0.,1.,0.));
#10078 = ADVANCED_FACE('',(#10079),#10104,.T.);
#10079 = FACE_BOUND('',#10080,.F.);
#10080 = EDGE_LOOP('',(#10081,#10082,#10090,#10098));
#10081 = ORIENTED_EDGE('',*,*,#10042,.F.);
#10082 = ORIENTED_EDGE('',*,*,#10083,.T.);
#10083 = EDGE_CURVE('',#10043,#10084,#10086,.T.);
#10084 = VERTEX_POINT('',#10085);
#10085 = CARTESIAN_POINT('',(1.95,-2.4625,0.791942816109));
#10086 = LINE('',#10087,#10088);
#10087 = CARTESIAN_POINT('',(-1.95,-2.4625,0.791942816109));
#10088 = VECTOR('',#10089,1.);
#10089 = DIRECTION('',(1.,0.,0.));
#10090 = ORIENTED_EDGE('',*,*,#10091,.T.);
#10091 = EDGE_CURVE('',#10084,#10092,#10094,.T.);
#10092 = VERTEX_POINT('',#10093);
#10093 = CARTESIAN_POINT('',(1.859168385466,-2.371668385466,
    0.217195000085));
#10094 = LINE('',#10095,#10096);
#10095 = CARTESIAN_POINT('',(1.8560238774,-2.3685238774,0.197297752275)
  );
#10096 = VECTOR('',#10097,1.);
#10097 = DIRECTION('',(-0.154232203843,0.154232203843,-0.975922565881));
#10098 = ORIENTED_EDGE('',*,*,#10099,.F.);
#10099 = EDGE_CURVE('',#10045,#10092,#10100,.T.);
#10100 = LINE('',#10101,#10102);
#10101 = CARTESIAN_POINT('',(-1.8525,-2.371668385466,0.217195000085));
#10102 = VECTOR('',#10103,1.);
#10103 = DIRECTION('',(1.,0.,0.));
#10104 = PLANE('',#10105);
#10105 = AXIS2_PLACEMENT_3D('',#10106,#10107,#10108);
#10106 = CARTESIAN_POINT('',(-1.95,-2.41375,0.483471408055));
#10107 = DIRECTION('',(0.,-0.987741256874,-0.156099998299));
#10108 = DIRECTION('',(-1.,-0.,0.));
#10109 = ADVANCED_FACE('',(#10110),#10137,.T.);
#10110 = FACE_BOUND('',#10111,.T.);
#10111 = EDGE_LOOP('',(#10112,#10113,#10122,#10130));
#10112 = ORIENTED_EDGE('',*,*,#10068,.T.);
#10113 = ORIENTED_EDGE('',*,*,#10114,.T.);
#10114 = EDGE_CURVE('',#10061,#10115,#10117,.T.);
#10115 = VERTEX_POINT('',#10116);
#10116 = CARTESIAN_POINT('',(-1.809781322622,2.322281322622,0.175));
#10117 = ELLIPSE('',#10118,7.071067811865E-02,5.E-02);
#10118 = AXIS2_PLACEMENT_3D('',#10119,#10120,#10121);
#10119 = CARTESIAN_POINT('',(-1.809781322622,2.322281322622,0.225));
#10120 = DIRECTION('',(-0.707106781187,-0.707106781187,-0.));
#10121 = DIRECTION('',(-0.707106781187,0.707106781187,0.));
#10122 = ORIENTED_EDGE('',*,*,#10123,.F.);
#10123 = EDGE_CURVE('',#10124,#10115,#10126,.T.);
#10124 = VERTEX_POINT('',#10125);
#10125 = CARTESIAN_POINT('',(-1.809781322622,-2.322281322622,0.175));
#10126 = LINE('',#10127,#10128);
#10127 = CARTESIAN_POINT('',(-1.809781322622,-2.365,0.175));
#10128 = VECTOR('',#10129,1.);
#10129 = DIRECTION('',(0.,1.,0.));
#10130 = ORIENTED_EDGE('',*,*,#10131,.F.);
#10131 = EDGE_CURVE('',#10045,#10124,#10132,.T.);
#10132 = ELLIPSE('',#10133,7.071067811865E-02,5.E-02);
#10133 = AXIS2_PLACEMENT_3D('',#10134,#10135,#10136);
#10134 = CARTESIAN_POINT('',(-1.809781322622,-2.322281322622,0.225));
#10135 = DIRECTION('',(0.707106781187,-0.707106781187,0.));
#10136 = DIRECTION('',(0.707106781187,0.707106781187,0.));
#10137 = CYLINDRICAL_SURFACE('',#10138,5.E-02);
#10138 = AXIS2_PLACEMENT_3D('',#10139,#10140,#10141);
#10139 = CARTESIAN_POINT('',(-1.809781322622,-2.365,0.225));
#10140 = DIRECTION('',(0.,1.,0.));
#10141 = DIRECTION('',(-0.987741256874,0.,-0.156099998299));
#10142 = ADVANCED_FACE('',(#10143),#10168,.F.);
#10143 = FACE_BOUND('',#10144,.F.);
#10144 = EDGE_LOOP('',(#10145,#10153,#10154,#10162));
#10145 = ORIENTED_EDGE('',*,*,#10146,.F.);
#10146 = EDGE_CURVE('',#10043,#10147,#10149,.T.);
#10147 = VERTEX_POINT('',#10148);
#10148 = CARTESIAN_POINT('',(-1.95,-2.4625,0.996942816109));
#10149 = LINE('',#10150,#10151);
#10150 = CARTESIAN_POINT('',(-1.95,-2.4625,0.175));
#10151 = VECTOR('',#10152,1.);
#10152 = DIRECTION('',(0.,0.,1.));
#10153 = ORIENTED_EDGE('',*,*,#10052,.T.);
#10154 = ORIENTED_EDGE('',*,*,#10155,.T.);
#10155 = EDGE_CURVE('',#10053,#10156,#10158,.T.);
#10156 = VERTEX_POINT('',#10157);
#10157 = CARTESIAN_POINT('',(-1.95,2.4625,0.996942816109));
#10158 = LINE('',#10159,#10160);
#10159 = CARTESIAN_POINT('',(-1.95,2.4625,0.175));
#10160 = VECTOR('',#10161,1.);
#10161 = DIRECTION('',(0.,0.,1.));
#10162 = ORIENTED_EDGE('',*,*,#10163,.F.);
#10163 = EDGE_CURVE('',#10147,#10156,#10164,.T.);
#10164 = LINE('',#10165,#10166);
#10165 = CARTESIAN_POINT('',(-1.95,-2.4625,0.996942816109));
#10166 = VECTOR('',#10167,1.);
#10167 = DIRECTION('',(0.,1.,0.));
#10168 = PLANE('',#10169);
#10169 = AXIS2_PLACEMENT_3D('',#10170,#10171,#10172);
#10170 = CARTESIAN_POINT('',(-1.95,-2.4625,0.175));
#10171 = DIRECTION('',(1.,0.,0.));
#10172 = DIRECTION('',(0.,0.,1.));
#10173 = ADVANCED_FACE('',(#10174),#10199,.F.);
#10174 = FACE_BOUND('',#10175,.T.);
#10175 = EDGE_LOOP('',(#10176,#10177,#10185,#10193));
#10176 = ORIENTED_EDGE('',*,*,#10060,.F.);
#10177 = ORIENTED_EDGE('',*,*,#10178,.T.);
#10178 = EDGE_CURVE('',#10053,#10179,#10181,.T.);
#10179 = VERTEX_POINT('',#10180);
#10180 = CARTESIAN_POINT('',(1.95,2.4625,0.791942816109));
#10181 = LINE('',#10182,#10183);
#10182 = CARTESIAN_POINT('',(-1.95,2.4625,0.791942816109));
#10183 = VECTOR('',#10184,1.);
#10184 = DIRECTION('',(1.,0.,0.));
#10185 = ORIENTED_EDGE('',*,*,#10186,.T.);
#10186 = EDGE_CURVE('',#10179,#10187,#10189,.T.);
#10187 = VERTEX_POINT('',#10188);
#10188 = CARTESIAN_POINT('',(1.859168385466,2.371668385466,
    0.217195000085));
#10189 = LINE('',#10190,#10191);
#10190 = CARTESIAN_POINT('',(1.797446979621,2.309946979621,
    -0.17335451721));
#10191 = VECTOR('',#10192,1.);
#10192 = DIRECTION('',(-0.154232203843,-0.154232203843,-0.975922565881)
  );
#10193 = ORIENTED_EDGE('',*,*,#10194,.F.);
#10194 = EDGE_CURVE('',#10061,#10187,#10195,.T.);
#10195 = LINE('',#10196,#10197);
#10196 = CARTESIAN_POINT('',(-1.8525,2.371668385466,0.217195000085));
#10197 = VECTOR('',#10198,1.);
#10198 = DIRECTION('',(1.,0.,0.));
#10199 = PLANE('',#10200);
#10200 = AXIS2_PLACEMENT_3D('',#10201,#10202,#10203);
#10201 = CARTESIAN_POINT('',(-1.95,2.41375,0.483471408055));
#10202 = DIRECTION('',(0.,-0.987741256874,0.156099998299));
#10203 = DIRECTION('',(-1.,0.,0.));
#10204 = ADVANCED_FACE('',(#10205),#10224,.T.);
#10205 = FACE_BOUND('',#10206,.T.);
#10206 = EDGE_LOOP('',(#10207,#10208,#10216,#10223));
#10207 = ORIENTED_EDGE('',*,*,#10131,.T.);
#10208 = ORIENTED_EDGE('',*,*,#10209,.T.);
#10209 = EDGE_CURVE('',#10124,#10210,#10212,.T.);
#10210 = VERTEX_POINT('',#10211);
#10211 = CARTESIAN_POINT('',(1.809781322622,-2.322281322622,0.175));
#10212 = LINE('',#10213,#10214);
#10213 = CARTESIAN_POINT('',(-1.8525,-2.322281322622,0.175));
#10214 = VECTOR('',#10215,1.);
#10215 = DIRECTION('',(1.,0.,0.));
#10216 = ORIENTED_EDGE('',*,*,#10217,.F.);
#10217 = EDGE_CURVE('',#10092,#10210,#10218,.T.);
#10218 = ELLIPSE('',#10219,7.071067811865E-02,5.E-02);
#10219 = AXIS2_PLACEMENT_3D('',#10220,#10221,#10222);
#10220 = CARTESIAN_POINT('',(1.809781322622,-2.322281322622,0.225));
#10221 = DIRECTION('',(0.707106781187,0.707106781187,0.));
#10222 = DIRECTION('',(0.707106781187,-0.707106781187,0.));
#10223 = ORIENTED_EDGE('',*,*,#10099,.F.);
#10224 = CYLINDRICAL_SURFACE('',#10225,5.E-02);
#10225 = AXIS2_PLACEMENT_3D('',#10226,#10227,#10228);
#10226 = CARTESIAN_POINT('',(-1.8525,-2.322281322622,0.225));
#10227 = DIRECTION('',(1.,0.,0.));
#10228 = DIRECTION('',(0.,-0.987741256874,-0.156099998299));
#10229 = ADVANCED_FACE('',(#10230),#10248,.F.);
#10230 = FACE_BOUND('',#10231,.F.);
#10231 = EDGE_LOOP('',(#10232,#10240,#10241,#10242));
#10232 = ORIENTED_EDGE('',*,*,#10233,.F.);
#10233 = EDGE_CURVE('',#10084,#10234,#10236,.T.);
#10234 = VERTEX_POINT('',#10235);
#10235 = CARTESIAN_POINT('',(1.95,-2.4625,0.996942816109));
#10236 = LINE('',#10237,#10238);
#10237 = CARTESIAN_POINT('',(1.95,-2.4625,0.175));
#10238 = VECTOR('',#10239,1.);
#10239 = DIRECTION('',(0.,0.,1.));
#10240 = ORIENTED_EDGE('',*,*,#10083,.F.);
#10241 = ORIENTED_EDGE('',*,*,#10146,.T.);
#10242 = ORIENTED_EDGE('',*,*,#10243,.T.);
#10243 = EDGE_CURVE('',#10147,#10234,#10244,.T.);
#10244 = LINE('',#10245,#10246);
#10245 = CARTESIAN_POINT('',(-1.95,-2.4625,0.996942816109));
#10246 = VECTOR('',#10247,1.);
#10247 = DIRECTION('',(1.,0.,0.));
#10248 = PLANE('',#10249);
#10249 = AXIS2_PLACEMENT_3D('',#10250,#10251,#10252);
#10250 = CARTESIAN_POINT('',(-1.95,-2.4625,0.175));
#10251 = DIRECTION('',(0.,1.,0.));
#10252 = DIRECTION('',(0.,-0.,1.));
#10253 = ADVANCED_FACE('',(#10254),#10270,.F.);
#10254 = FACE_BOUND('',#10255,.F.);
#10255 = EDGE_LOOP('',(#10256,#10257,#10263,#10264));
#10256 = ORIENTED_EDGE('',*,*,#10091,.F.);
#10257 = ORIENTED_EDGE('',*,*,#10258,.T.);
#10258 = EDGE_CURVE('',#10084,#10179,#10259,.T.);
#10259 = LINE('',#10260,#10261);
#10260 = CARTESIAN_POINT('',(1.95,-2.4625,0.791942816109));
#10261 = VECTOR('',#10262,1.);
#10262 = DIRECTION('',(0.,1.,0.));
#10263 = ORIENTED_EDGE('',*,*,#10186,.T.);
#10264 = ORIENTED_EDGE('',*,*,#10265,.F.);
#10265 = EDGE_CURVE('',#10092,#10187,#10266,.T.);
#10266 = LINE('',#10267,#10268);
#10267 = CARTESIAN_POINT('',(1.859168385466,-2.365,0.217195000085));
#10268 = VECTOR('',#10269,1.);
#10269 = DIRECTION('',(0.,1.,0.));
#10270 = PLANE('',#10271);
#10271 = AXIS2_PLACEMENT_3D('',#10272,#10273,#10274);
#10272 = CARTESIAN_POINT('',(1.90125,-2.4625,0.483471408055));
#10273 = DIRECTION('',(-0.987741256874,0.,0.156099998299));
#10274 = DIRECTION('',(0.,1.,0.));
#10275 = ADVANCED_FACE('',(#10276),#10294,.F.);
#10276 = FACE_BOUND('',#10277,.F.);
#10277 = EDGE_LOOP('',(#10278,#10279,#10280,#10288));
#10278 = ORIENTED_EDGE('',*,*,#10123,.F.);
#10279 = ORIENTED_EDGE('',*,*,#10209,.T.);
#10280 = ORIENTED_EDGE('',*,*,#10281,.T.);
#10281 = EDGE_CURVE('',#10210,#10282,#10284,.T.);
#10282 = VERTEX_POINT('',#10283);
#10283 = CARTESIAN_POINT('',(1.809781322622,2.322281322622,0.175));
#10284 = LINE('',#10285,#10286);
#10285 = CARTESIAN_POINT('',(1.809781322622,-2.365,0.175));
#10286 = VECTOR('',#10287,1.);
#10287 = DIRECTION('',(0.,1.,0.));
#10288 = ORIENTED_EDGE('',*,*,#10289,.F.);
#10289 = EDGE_CURVE('',#10115,#10282,#10290,.T.);
#10290 = LINE('',#10291,#10292);
#10291 = CARTESIAN_POINT('',(-1.8525,2.322281322622,0.175));
#10292 = VECTOR('',#10293,1.);
#10293 = DIRECTION('',(1.,0.,0.));
#10294 = PLANE('',#10295);
#10295 = AXIS2_PLACEMENT_3D('',#10296,#10297,#10298);
#10296 = CARTESIAN_POINT('',(-1.95,-2.4625,0.175));
#10297 = DIRECTION('',(0.,0.,1.));
#10298 = DIRECTION('',(1.,0.,-0.));
#10299 = ADVANCED_FACE('',(#10300),#10312,.T.);
#10300 = FACE_BOUND('',#10301,.T.);
#10301 = EDGE_LOOP('',(#10302,#10303,#10304,#10311));
#10302 = ORIENTED_EDGE('',*,*,#10114,.F.);
#10303 = ORIENTED_EDGE('',*,*,#10194,.T.);
#10304 = ORIENTED_EDGE('',*,*,#10305,.F.);
#10305 = EDGE_CURVE('',#10282,#10187,#10306,.T.);
#10306 = ELLIPSE('',#10307,7.071067811865E-02,5.E-02);
#10307 = AXIS2_PLACEMENT_3D('',#10308,#10309,#10310);
#10308 = CARTESIAN_POINT('',(1.809781322622,2.322281322622,0.225));
#10309 = DIRECTION('',(0.707106781187,-0.707106781187,0.));
#10310 = DIRECTION('',(0.707106781187,0.707106781187,0.));
#10311 = ORIENTED_EDGE('',*,*,#10289,.F.);
#10312 = CYLINDRICAL_SURFACE('',#10313,5.E-02);
#10313 = AXIS2_PLACEMENT_3D('',#10314,#10315,#10316);
#10314 = CARTESIAN_POINT('',(-1.8525,2.322281322622,0.225));
#10315 = DIRECTION('',(1.,0.,0.));
#10316 = DIRECTION('',(0.,0.,-1.));
#10317 = ADVANCED_FACE('',(#10318),#10343,.F.);
#10318 = FACE_BOUND('',#10319,.F.);
#10319 = EDGE_LOOP('',(#10320,#10328,#10329,#10337));
#10320 = ORIENTED_EDGE('',*,*,#10321,.F.);
#10321 = EDGE_CURVE('',#10147,#10322,#10324,.T.);
#10322 = VERTEX_POINT('',#10323);
#10323 = CARTESIAN_POINT('',(-1.858142396832,-2.370642396832,
    1.706420025961));
#10324 = LINE('',#10325,#10326);
#10325 = CARTESIAN_POINT('',(-1.902040690429,-2.414540690429,
    1.367364381305));
#10326 = VECTOR('',#10327,1.);
#10327 = DIRECTION('',(0.127354979723,0.127354979723,0.983646998816));
#10328 = ORIENTED_EDGE('',*,*,#10163,.T.);
#10329 = ORIENTED_EDGE('',*,*,#10330,.T.);
#10330 = EDGE_CURVE('',#10156,#10331,#10333,.T.);
#10331 = VERTEX_POINT('',#10332);
#10332 = CARTESIAN_POINT('',(-1.858142396832,2.370642396832,
    1.706420025961));
#10333 = LINE('',#10334,#10335);
#10334 = CARTESIAN_POINT('',(-1.862100686686,2.374600686686,
    1.675847527392));
#10335 = VECTOR('',#10336,1.);
#10336 = DIRECTION('',(0.127354979723,-0.127354979723,0.983646998816));
#10337 = ORIENTED_EDGE('',*,*,#10338,.F.);
#10338 = EDGE_CURVE('',#10322,#10331,#10339,.T.);
#10339 = LINE('',#10340,#10341);
#10340 = CARTESIAN_POINT('',(-1.858142396832,-2.365,1.706420025961));
#10341 = VECTOR('',#10342,1.);
#10342 = DIRECTION('',(0.,1.,0.));
#10343 = PLANE('',#10344);
#10344 = AXIS2_PLACEMENT_3D('',#10345,#10346,#10347);
#10345 = CARTESIAN_POINT('',(-1.90125,-2.4625,1.373471408055));
#10346 = DIRECTION('',(0.991722393952,0.,-0.128400519215));
#10347 = DIRECTION('',(0.,1.,0.));
#10348 = ADVANCED_FACE('',(#10349),#10367,.T.);
#10349 = FACE_BOUND('',#10350,.T.);
#10350 = EDGE_LOOP('',(#10351,#10359,#10360,#10361));
#10351 = ORIENTED_EDGE('',*,*,#10352,.F.);
#10352 = EDGE_CURVE('',#10179,#10353,#10355,.T.);
#10353 = VERTEX_POINT('',#10354);
#10354 = CARTESIAN_POINT('',(1.95,2.4625,0.996942816109));
#10355 = LINE('',#10356,#10357);
#10356 = CARTESIAN_POINT('',(1.95,2.4625,0.175));
#10357 = VECTOR('',#10358,1.);
#10358 = DIRECTION('',(0.,0.,1.));
#10359 = ORIENTED_EDGE('',*,*,#10178,.F.);
#10360 = ORIENTED_EDGE('',*,*,#10155,.T.);
#10361 = ORIENTED_EDGE('',*,*,#10362,.T.);
#10362 = EDGE_CURVE('',#10156,#10353,#10363,.T.);
#10363 = LINE('',#10364,#10365);
#10364 = CARTESIAN_POINT('',(-1.95,2.4625,0.996942816109));
#10365 = VECTOR('',#10366,1.);
#10366 = DIRECTION('',(1.,0.,0.));
#10367 = PLANE('',#10368);
#10368 = AXIS2_PLACEMENT_3D('',#10369,#10370,#10371);
#10369 = CARTESIAN_POINT('',(-1.95,2.4625,0.175));
#10370 = DIRECTION('',(0.,1.,0.));
#10371 = DIRECTION('',(0.,-0.,1.));
#10372 = ADVANCED_FACE('',(#10373),#10379,.T.);
#10373 = FACE_BOUND('',#10374,.T.);
#10374 = EDGE_LOOP('',(#10375,#10376,#10377,#10378));
#10375 = ORIENTED_EDGE('',*,*,#10281,.T.);
#10376 = ORIENTED_EDGE('',*,*,#10305,.T.);
#10377 = ORIENTED_EDGE('',*,*,#10265,.F.);
#10378 = ORIENTED_EDGE('',*,*,#10217,.T.);
#10379 = CYLINDRICAL_SURFACE('',#10380,5.E-02);
#10380 = AXIS2_PLACEMENT_3D('',#10381,#10382,#10383);
#10381 = CARTESIAN_POINT('',(1.809781322622,-2.365,0.225));
#10382 = DIRECTION('',(0.,1.,0.));
#10383 = DIRECTION('',(0.,0.,-1.));
#10384 = ADVANCED_FACE('',(#10385),#10396,.T.);
#10385 = FACE_BOUND('',#10386,.T.);
#10386 = EDGE_LOOP('',(#10387,#10388,#10389,#10390));
#10387 = ORIENTED_EDGE('',*,*,#10233,.F.);
#10388 = ORIENTED_EDGE('',*,*,#10258,.T.);
#10389 = ORIENTED_EDGE('',*,*,#10352,.T.);
#10390 = ORIENTED_EDGE('',*,*,#10391,.F.);
#10391 = EDGE_CURVE('',#10234,#10353,#10392,.T.);
#10392 = LINE('',#10393,#10394);
#10393 = CARTESIAN_POINT('',(1.95,-2.4625,0.996942816109));
#10394 = VECTOR('',#10395,1.);
#10395 = DIRECTION('',(0.,1.,0.));
#10396 = PLANE('',#10397);
#10397 = AXIS2_PLACEMENT_3D('',#10398,#10399,#10400);
#10398 = CARTESIAN_POINT('',(1.95,-2.4625,0.175));
#10399 = DIRECTION('',(1.,0.,0.));
#10400 = DIRECTION('',(0.,0.,1.));
#10401 = ADVANCED_FACE('',(#10402),#10420,.F.);
#10402 = FACE_BOUND('',#10403,.T.);
#10403 = EDGE_LOOP('',(#10404,#10405,#10406,#10414));
#10404 = ORIENTED_EDGE('',*,*,#10321,.F.);
#10405 = ORIENTED_EDGE('',*,*,#10243,.T.);
#10406 = ORIENTED_EDGE('',*,*,#10407,.T.);
#10407 = EDGE_CURVE('',#10234,#10408,#10410,.T.);
#10408 = VERTEX_POINT('',#10409);
#10409 = CARTESIAN_POINT('',(1.858142396832,-2.370642396832,
    1.706420025961));
#10410 = LINE('',#10411,#10412);
#10411 = CARTESIAN_POINT('',(1.870413073252,-2.382913073252,
    1.611645451302));
#10412 = VECTOR('',#10413,1.);
#10413 = DIRECTION('',(-0.127354979723,0.127354979723,0.983646998816));
#10414 = ORIENTED_EDGE('',*,*,#10415,.F.);
#10415 = EDGE_CURVE('',#10322,#10408,#10416,.T.);
#10416 = LINE('',#10417,#10418);
#10417 = CARTESIAN_POINT('',(-1.8525,-2.370642396832,1.706420025961));
#10418 = VECTOR('',#10419,1.);
#10419 = DIRECTION('',(1.,0.,0.));
#10420 = PLANE('',#10421);
#10421 = AXIS2_PLACEMENT_3D('',#10422,#10423,#10424);
#10422 = CARTESIAN_POINT('',(-1.95,-2.41375,1.373471408055));
#10423 = DIRECTION('',(0.,0.991722393952,-0.128400519215));
#10424 = DIRECTION('',(-1.,0.,-0.));
#10425 = ADVANCED_FACE('',(#10426),#10453,.T.);
#10426 = FACE_BOUND('',#10427,.T.);
#10427 = EDGE_LOOP('',(#10428,#10437,#10445,#10452));
#10428 = ORIENTED_EDGE('',*,*,#10429,.T.);
#10429 = EDGE_CURVE('',#10322,#10430,#10432,.T.);
#10430 = VERTEX_POINT('',#10431);
#10431 = CARTESIAN_POINT('',(-1.808556277135,-2.321056277135,1.75));
#10432 = ELLIPSE('',#10433,7.071067811865E-02,5.E-02);
#10433 = AXIS2_PLACEMENT_3D('',#10434,#10435,#10436);
#10434 = CARTESIAN_POINT('',(-1.808556277135,-2.321056277135,1.7));
#10435 = DIRECTION('',(-0.707106781187,0.707106781187,0.));
#10436 = DIRECTION('',(0.707106781187,0.707106781187,0.));
#10437 = ORIENTED_EDGE('',*,*,#10438,.T.);
#10438 = EDGE_CURVE('',#10430,#10439,#10441,.T.);
#10439 = VERTEX_POINT('',#10440);
#10440 = CARTESIAN_POINT('',(-1.808556277135,2.321056277135,1.75));
#10441 = LINE('',#10442,#10443);
#10442 = CARTESIAN_POINT('',(-1.808556277135,-2.365,1.75));
#10443 = VECTOR('',#10444,1.);
#10444 = DIRECTION('',(0.,1.,0.));
#10445 = ORIENTED_EDGE('',*,*,#10446,.F.);
#10446 = EDGE_CURVE('',#10331,#10439,#10447,.T.);
#10447 = ELLIPSE('',#10448,7.071067811865E-02,5.E-02);
#10448 = AXIS2_PLACEMENT_3D('',#10449,#10450,#10451);
#10449 = CARTESIAN_POINT('',(-1.808556277135,2.321056277135,1.7));
#10450 = DIRECTION('',(0.707106781187,0.707106781187,-0.));
#10451 = DIRECTION('',(-0.707106781187,0.707106781187,0.));
#10452 = ORIENTED_EDGE('',*,*,#10338,.F.);
#10453 = CYLINDRICAL_SURFACE('',#10454,5.E-02);
#10454 = AXIS2_PLACEMENT_3D('',#10455,#10456,#10457);
#10455 = CARTESIAN_POINT('',(-1.808556277135,-2.365,1.7));
#10456 = DIRECTION('',(0.,1.,0.));
#10457 = DIRECTION('',(-0.991722393952,0.,0.128400519215));
#10458 = ADVANCED_FACE('',(#10459),#10477,.T.);
#10459 = FACE_BOUND('',#10460,.F.);
#10460 = EDGE_LOOP('',(#10461,#10462,#10463,#10471));
#10461 = ORIENTED_EDGE('',*,*,#10330,.F.);
#10462 = ORIENTED_EDGE('',*,*,#10362,.T.);
#10463 = ORIENTED_EDGE('',*,*,#10464,.T.);
#10464 = EDGE_CURVE('',#10353,#10465,#10467,.T.);
#10465 = VERTEX_POINT('',#10466);
#10466 = CARTESIAN_POINT('',(1.858142396832,2.370642396832,
    1.706420025961));
#10467 = LINE('',#10468,#10469);
#10468 = CARTESIAN_POINT('',(1.830473069509,2.342973069509,
    1.920128597389));
#10469 = VECTOR('',#10470,1.);
#10470 = DIRECTION('',(-0.127354979723,-0.127354979723,0.983646998816));
#10471 = ORIENTED_EDGE('',*,*,#10472,.F.);
#10472 = EDGE_CURVE('',#10331,#10465,#10473,.T.);
#10473 = LINE('',#10474,#10475);
#10474 = CARTESIAN_POINT('',(-1.8525,2.370642396832,1.706420025961));
#10475 = VECTOR('',#10476,1.);
#10476 = DIRECTION('',(1.,0.,0.));
#10477 = PLANE('',#10478);
#10478 = AXIS2_PLACEMENT_3D('',#10479,#10480,#10481);
#10479 = CARTESIAN_POINT('',(-1.95,2.41375,1.373471408055));
#10480 = DIRECTION('',(0.,0.991722393952,0.128400519215));
#10481 = DIRECTION('',(-1.,0.,0.));
#10482 = ADVANCED_FACE('',(#10483),#10494,.T.);
#10483 = FACE_BOUND('',#10484,.T.);
#10484 = EDGE_LOOP('',(#10485,#10486,#10487,#10488));
#10485 = ORIENTED_EDGE('',*,*,#10407,.F.);
#10486 = ORIENTED_EDGE('',*,*,#10391,.T.);
#10487 = ORIENTED_EDGE('',*,*,#10464,.T.);
#10488 = ORIENTED_EDGE('',*,*,#10489,.F.);
#10489 = EDGE_CURVE('',#10408,#10465,#10490,.T.);
#10490 = LINE('',#10491,#10492);
#10491 = CARTESIAN_POINT('',(1.858142396832,-2.365,1.706420025961));
#10492 = VECTOR('',#10493,1.);
#10493 = DIRECTION('',(0.,1.,0.));
#10494 = PLANE('',#10495);
#10495 = AXIS2_PLACEMENT_3D('',#10496,#10497,#10498);
#10496 = CARTESIAN_POINT('',(1.90125,-2.4625,1.373471408055));
#10497 = DIRECTION('',(0.991722393952,0.,0.128400519215));
#10498 = DIRECTION('',(-0.,1.,0.));
#10499 = ADVANCED_FACE('',(#10500),#10519,.T.);
#10500 = FACE_BOUND('',#10501,.T.);
#10501 = EDGE_LOOP('',(#10502,#10503,#10512,#10518));
#10502 = ORIENTED_EDGE('',*,*,#10415,.T.);
#10503 = ORIENTED_EDGE('',*,*,#10504,.T.);
#10504 = EDGE_CURVE('',#10408,#10505,#10507,.T.);
#10505 = VERTEX_POINT('',#10506);
#10506 = CARTESIAN_POINT('',(1.808556277135,-2.321056277135,1.75));
#10507 = ELLIPSE('',#10508,7.071067811865E-02,5.E-02);
#10508 = AXIS2_PLACEMENT_3D('',#10509,#10510,#10511);
#10509 = CARTESIAN_POINT('',(1.808556277135,-2.321056277135,1.7));
#10510 = DIRECTION('',(-0.707106781187,-0.707106781187,0.));
#10511 = DIRECTION('',(0.707106781187,-0.707106781187,0.));
#10512 = ORIENTED_EDGE('',*,*,#10513,.F.);
#10513 = EDGE_CURVE('',#10430,#10505,#10514,.T.);
#10514 = LINE('',#10515,#10516);
#10515 = CARTESIAN_POINT('',(-1.8525,-2.321056277135,1.75));
#10516 = VECTOR('',#10517,1.);
#10517 = DIRECTION('',(1.,0.,0.));
#10518 = ORIENTED_EDGE('',*,*,#10429,.F.);
#10519 = CYLINDRICAL_SURFACE('',#10520,5.E-02);
#10520 = AXIS2_PLACEMENT_3D('',#10521,#10522,#10523);
#10521 = CARTESIAN_POINT('',(-1.8525,-2.321056277135,1.7));
#10522 = DIRECTION('',(1.,0.,0.));
#10523 = DIRECTION('',(0.,-0.991722393952,0.128400519215));
#10524 = ADVANCED_FACE('',(#10525,#10543),#10554,.T.);
#10525 = FACE_BOUND('',#10526,.T.);
#10526 = EDGE_LOOP('',(#10527,#10528,#10529,#10537));
#10527 = ORIENTED_EDGE('',*,*,#10438,.F.);
#10528 = ORIENTED_EDGE('',*,*,#10513,.T.);
#10529 = ORIENTED_EDGE('',*,*,#10530,.T.);
#10530 = EDGE_CURVE('',#10505,#10531,#10533,.T.);
#10531 = VERTEX_POINT('',#10532);
#10532 = CARTESIAN_POINT('',(1.808556277135,2.321056277135,1.75));
#10533 = LINE('',#10534,#10535);
#10534 = CARTESIAN_POINT('',(1.808556277135,-2.365,1.75));
#10535 = VECTOR('',#10536,1.);
#10536 = DIRECTION('',(0.,1.,0.));
#10537 = ORIENTED_EDGE('',*,*,#10538,.F.);
#10538 = EDGE_CURVE('',#10439,#10531,#10539,.T.);
#10539 = LINE('',#10540,#10541);
#10540 = CARTESIAN_POINT('',(-1.8525,2.321056277135,1.75));
#10541 = VECTOR('',#10542,1.);
#10542 = DIRECTION('',(1.,0.,0.));
#10543 = FACE_BOUND('',#10544,.T.);
#10544 = EDGE_LOOP('',(#10545));
#10545 = ORIENTED_EDGE('',*,*,#10546,.F.);
#10546 = EDGE_CURVE('',#10547,#10547,#10549,.T.);
#10547 = VERTEX_POINT('',#10548);
#10548 = CARTESIAN_POINT('',(-1.07125,1.8275,1.75));
#10549 = CIRCLE('',#10550,0.24375);
#10550 = AXIS2_PLACEMENT_3D('',#10551,#10552,#10553);
#10551 = CARTESIAN_POINT('',(-1.315,1.8275,1.75));
#10552 = DIRECTION('',(0.,0.,1.));
#10553 = DIRECTION('',(1.,0.,-0.));
#10554 = PLANE('',#10555);
#10555 = AXIS2_PLACEMENT_3D('',#10556,#10557,#10558);
#10556 = CARTESIAN_POINT('',(-1.95,-2.4625,1.75));
#10557 = DIRECTION('',(0.,0.,1.));
#10558 = DIRECTION('',(1.,0.,-0.));
#10559 = ADVANCED_FACE('',(#10560),#10572,.T.);
#10560 = FACE_BOUND('',#10561,.T.);
#10561 = EDGE_LOOP('',(#10562,#10563,#10570,#10571));
#10562 = ORIENTED_EDGE('',*,*,#10538,.T.);
#10563 = ORIENTED_EDGE('',*,*,#10564,.T.);
#10564 = EDGE_CURVE('',#10531,#10465,#10565,.T.);
#10565 = ELLIPSE('',#10566,7.071067811865E-02,5.E-02);
#10566 = AXIS2_PLACEMENT_3D('',#10567,#10568,#10569);
#10567 = CARTESIAN_POINT('',(1.808556277135,2.321056277135,1.7));
#10568 = DIRECTION('',(-0.707106781187,0.707106781187,0.));
#10569 = DIRECTION('',(0.707106781187,0.707106781187,0.));
#10570 = ORIENTED_EDGE('',*,*,#10472,.F.);
#10571 = ORIENTED_EDGE('',*,*,#10446,.T.);
#10572 = CYLINDRICAL_SURFACE('',#10573,5.E-02);
#10573 = AXIS2_PLACEMENT_3D('',#10574,#10575,#10576);
#10574 = CARTESIAN_POINT('',(-1.8525,2.321056277135,1.7));
#10575 = DIRECTION('',(1.,0.,0.));
#10576 = DIRECTION('',(0.,0.,1.));
#10577 = ADVANCED_FACE('',(#10578),#10584,.T.);
#10578 = FACE_BOUND('',#10579,.T.);
#10579 = EDGE_LOOP('',(#10580,#10581,#10582,#10583));
#10580 = ORIENTED_EDGE('',*,*,#10504,.F.);
#10581 = ORIENTED_EDGE('',*,*,#10489,.T.);
#10582 = ORIENTED_EDGE('',*,*,#10564,.F.);
#10583 = ORIENTED_EDGE('',*,*,#10530,.F.);
#10584 = CYLINDRICAL_SURFACE('',#10585,5.E-02);
#10585 = AXIS2_PLACEMENT_3D('',#10586,#10587,#10588);
#10586 = CARTESIAN_POINT('',(1.808556277135,-2.365,1.7));
#10587 = DIRECTION('',(0.,1.,0.));
#10588 = DIRECTION('',(0.,-0.,1.));
#10589 = ADVANCED_FACE('',(#10590),#10609,.F.);
#10590 = FACE_BOUND('',#10591,.F.);
#10591 = EDGE_LOOP('',(#10592,#10601,#10607,#10608));
#10592 = ORIENTED_EDGE('',*,*,#10593,.T.);
#10593 = EDGE_CURVE('',#10594,#10594,#10596,.T.);
#10594 = VERTEX_POINT('',#10595);
#10595 = CARTESIAN_POINT('',(-1.07125,1.8275,1.575));
#10596 = CIRCLE('',#10597,0.24375);
#10597 = AXIS2_PLACEMENT_3D('',#10598,#10599,#10600);
#10598 = CARTESIAN_POINT('',(-1.315,1.8275,1.575));
#10599 = DIRECTION('',(0.,0.,1.));
#10600 = DIRECTION('',(1.,0.,-0.));
#10601 = ORIENTED_EDGE('',*,*,#10602,.T.);
#10602 = EDGE_CURVE('',#10594,#10547,#10603,.T.);
#10603 = LINE('',#10604,#10605);
#10604 = CARTESIAN_POINT('',(-1.07125,1.8275,1.575));
#10605 = VECTOR('',#10606,1.);
#10606 = DIRECTION('',(0.,0.,1.));
#10607 = ORIENTED_EDGE('',*,*,#10546,.F.);
#10608 = ORIENTED_EDGE('',*,*,#10602,.F.);
#10609 = CYLINDRICAL_SURFACE('',#10610,0.24375);
#10610 = AXIS2_PLACEMENT_3D('',#10611,#10612,#10613);
#10611 = CARTESIAN_POINT('',(-1.315,1.8275,1.575));
#10612 = DIRECTION('',(0.,0.,1.));
#10613 = DIRECTION('',(1.,0.,-0.));
#10614 = ADVANCED_FACE('',(#10615),#10618,.T.);
#10615 = FACE_BOUND('',#10616,.T.);
#10616 = EDGE_LOOP('',(#10617));
#10617 = ORIENTED_EDGE('',*,*,#10593,.T.);
#10618 = PLANE('',#10619);
#10619 = AXIS2_PLACEMENT_3D('',#10620,#10621,#10622);
#10620 = CARTESIAN_POINT('',(-1.315,1.8275,1.575));
#10621 = DIRECTION('',(0.,0.,1.));
#10622 = DIRECTION('',(1.,0.,-0.));
#10623 = ( GEOMETRIC_REPRESENTATION_CONTEXT(3) 
GLOBAL_UNCERTAINTY_ASSIGNED_CONTEXT((#10627)) 
GLOBAL_UNIT_ASSIGNED_CONTEXT((#10624,#10625,#10626)) 
REPRESENTATION_CONTEXT('Context #1',
  '3D Context with UNIT and UNCERTAINTY') );
#10624 = ( LENGTH_UNIT() NAMED_UNIT(*) SI_UNIT(.MILLI.,.METRE.) );
#10625 = ( NAMED_UNIT(*) PLANE_ANGLE_UNIT() SI_UNIT($,.RADIAN.) );
#10626 = ( NAMED_UNIT(*) SI_UNIT($,.STERADIAN.) SOLID_ANGLE_UNIT() );
#10627 = UNCERTAINTY_MEASURE_WITH_UNIT(LENGTH_MEASURE(1.E-07),#10624,
  'distance_accuracy_value','confusion accuracy');
#10628 = CONTEXT_DEPENDENT_SHAPE_REPRESENTATION(#10629,#10631);
#10629 = ( REPRESENTATION_RELATIONSHIP('','',#10035,#10008) 
REPRESENTATION_RELATIONSHIP_WITH_TRANSFORMATION(#10630) 
SHAPE_REPRESENTATION_RELATIONSHIP() );
#10630 = ITEM_DEFINED_TRANSFORMATION('','',#11,#10009);
#10631 = PRODUCT_DEFINITION_SHAPE('Placement','Placement of an item',
  #10632);
#10632 = NEXT_ASSEMBLY_USAGE_OCCURRENCE('19','=>0:1:1:12','',#10003,
  #10030,$);
#10633 = PRODUCT_RELATED_PRODUCT_CATEGORY('part',$,(#10032));
#10634 = SHAPE_DEFINITION_REPRESENTATION(#10635,#10641);
#10635 = PRODUCT_DEFINITION_SHAPE('','',#10636);
#10636 = PRODUCT_DEFINITION('design','',#10637,#10640);
#10637 = PRODUCT_DEFINITION_FORMATION('','',#10638);
#10638 = PRODUCT('PinsArrayLR','PinsArrayLR','',(#10639));
#10639 = PRODUCT_CONTEXT('',#2,'mechanical');
#10640 = PRODUCT_DEFINITION_CONTEXT('part definition',#2,'design');
#10641 = SHAPE_REPRESENTATION('',(#11,#10642,#11029,#11416,#11803,#12190
    ,#12577,#12964,#13351),#13738);
#10642 = MANIFOLD_SOLID_BREP('',#10643);
#10643 = CLOSED_SHELL('',(#10644,#10684,#10774,#10799,#10823,#10898,
    #10915,#10932,#10949,#10966,#10983,#11000,#11017));
#10644 = ADVANCED_FACE('',(#10645),#10679,.T.);
#10645 = FACE_BOUND('',#10646,.T.);
#10646 = EDGE_LOOP('',(#10647,#10657,#10665,#10673));
#10647 = ORIENTED_EDGE('',*,*,#10648,.F.);
#10648 = EDGE_CURVE('',#10649,#10651,#10653,.T.);
#10649 = VERTEX_POINT('',#10650);
#10650 = CARTESIAN_POINT('',(-2.9975,2.11,0.205));
#10651 = VERTEX_POINT('',#10652);
#10652 = CARTESIAN_POINT('',(-2.752487909886,2.11,0.205));
#10653 = LINE('',#10654,#10655);
#10654 = CARTESIAN_POINT('',(-2.9975,2.11,0.205));
#10655 = VECTOR('',#10656,1.);
#10656 = DIRECTION('',(1.,0.,0.));
#10657 = ORIENTED_EDGE('',*,*,#10658,.F.);
#10658 = EDGE_CURVE('',#10659,#10649,#10661,.T.);
#10659 = VERTEX_POINT('',#10660);
#10660 = CARTESIAN_POINT('',(-2.9975,1.7,0.205));
#10661 = LINE('',#10662,#10663);
#10662 = CARTESIAN_POINT('',(-2.9975,1.7,0.205));
#10663 = VECTOR('',#10664,1.);
#10664 = DIRECTION('',(0.,1.,0.));
#10665 = ORIENTED_EDGE('',*,*,#10666,.T.);
#10666 = EDGE_CURVE('',#10659,#10667,#10669,.T.);
#10667 = VERTEX_POINT('',#10668);
#10668 = CARTESIAN_POINT('',(-2.752487909886,1.7,0.205));
#10669 = LINE('',#10670,#10671);
#10670 = CARTESIAN_POINT('',(-2.9975,1.7,0.205));
#10671 = VECTOR('',#10672,1.);
#10672 = DIRECTION('',(1.,0.,0.));
#10673 = ORIENTED_EDGE('',*,*,#10674,.T.);
#10674 = EDGE_CURVE('',#10667,#10651,#10675,.T.);
#10675 = LINE('',#10676,#10677);
#10676 = CARTESIAN_POINT('',(-2.752487909886,1.7,0.205));
#10677 = VECTOR('',#10678,1.);
#10678 = DIRECTION('',(0.,1.,0.));
#10679 = PLANE('',#10680);
#10680 = AXIS2_PLACEMENT_3D('',#10681,#10682,#10683);
#10681 = CARTESIAN_POINT('',(-2.9975,1.7,0.205));
#10682 = DIRECTION('',(0.,0.,1.));
#10683 = DIRECTION('',(1.,0.,-0.));
#10684 = ADVANCED_FACE('',(#10685),#10769,.T.);
#10685 = FACE_BOUND('',#10686,.T.);
#10686 = EDGE_LOOP('',(#10687,#10697,#10703,#10704,#10713,#10721,#10730,
    #10738,#10746,#10754,#10762));
#10687 = ORIENTED_EDGE('',*,*,#10688,.F.);
#10688 = EDGE_CURVE('',#10689,#10691,#10693,.T.);
#10689 = VERTEX_POINT('',#10690);
#10690 = CARTESIAN_POINT('',(-2.9975,2.11,0.));
#10691 = VERTEX_POINT('',#10692);
#10692 = CARTESIAN_POINT('',(-2.649162636629,2.11,0.));
#10693 = LINE('',#10694,#10695);
#10694 = CARTESIAN_POINT('',(-2.9975,2.11,0.));
#10695 = VECTOR('',#10696,1.);
#10696 = DIRECTION('',(1.,0.,0.));
#10697 = ORIENTED_EDGE('',*,*,#10698,.T.);
#10698 = EDGE_CURVE('',#10689,#10649,#10699,.T.);
#10699 = LINE('',#10700,#10701);
#10700 = CARTESIAN_POINT('',(-2.9975,2.11,0.));
#10701 = VECTOR('',#10702,1.);
#10702 = DIRECTION('',(0.,0.,1.));
#10703 = ORIENTED_EDGE('',*,*,#10648,.T.);
#10704 = ORIENTED_EDGE('',*,*,#10705,.T.);
#10705 = EDGE_CURVE('',#10651,#10706,#10708,.T.);
#10706 = VERTEX_POINT('',#10707);
#10707 = CARTESIAN_POINT('',(-2.670094115218,2.11,0.246528591945));
#10708 = CIRCLE('',#10709,0.1025);
#10709 = AXIS2_PLACEMENT_3D('',#10710,#10711,#10712);
#10710 = CARTESIAN_POINT('',(-2.752487909886,2.11,0.3075));
#10711 = DIRECTION('',(0.,-1.,0.));
#10712 = DIRECTION('',(0.,0.,1.));
#10713 = ORIENTED_EDGE('',*,*,#10714,.T.);
#10714 = EDGE_CURVE('',#10706,#10715,#10717,.T.);
#10715 = VERTEX_POINT('',#10716);
#10716 = CARTESIAN_POINT('',(-2.145518747376,2.11,0.955414224164));
#10717 = LINE('',#10718,#10719);
#10718 = CARTESIAN_POINT('',(-2.762287589337,2.11,0.121942816109));
#10719 = VECTOR('',#10720,1.);
#10720 = DIRECTION('',(0.59484300541,0.,0.803841899203));
#10721 = ORIENTED_EDGE('',*,*,#10722,.T.);
#10722 = EDGE_CURVE('',#10715,#10723,#10725,.T.);
#10723 = VERTEX_POINT('',#10724);
#10724 = CARTESIAN_POINT('',(-2.063124952708,2.11,0.996942816109));
#10725 = CIRCLE('',#10726,0.1025);
#10726 = AXIS2_PLACEMENT_3D('',#10727,#10728,#10729);
#10727 = CARTESIAN_POINT('',(-2.063124952708,2.11,0.894442816109));
#10728 = DIRECTION('',(0.,1.,0.));
#10729 = DIRECTION('',(0.,-0.,1.));
#10730 = ORIENTED_EDGE('',*,*,#10731,.T.);
#10731 = EDGE_CURVE('',#10723,#10732,#10734,.T.);
#10732 = VERTEX_POINT('',#10733);
#10733 = CARTESIAN_POINT('',(-1.95,2.11,0.996942816109));
#10734 = LINE('',#10735,#10736);
#10735 = CARTESIAN_POINT('',(-2.114787589337,2.11,0.996942816109));
#10736 = VECTOR('',#10737,1.);
#10737 = DIRECTION('',(1.,0.,0.));
#10738 = ORIENTED_EDGE('',*,*,#10739,.F.);
#10739 = EDGE_CURVE('',#10740,#10732,#10742,.T.);
#10740 = VERTEX_POINT('',#10741);
#10741 = CARTESIAN_POINT('',(-1.95,2.11,0.791942816109));
#10742 = LINE('',#10743,#10744);
#10743 = CARTESIAN_POINT('',(-1.95,2.11,0.791942816109));
#10744 = VECTOR('',#10745,1.);
#10745 = DIRECTION('',(0.,0.,1.));
#10746 = ORIENTED_EDGE('',*,*,#10747,.F.);
#10747 = EDGE_CURVE('',#10748,#10740,#10750,.T.);
#10748 = VERTEX_POINT('',#10749);
#10749 = CARTESIAN_POINT('',(-2.011462316079,2.11,0.791942816109));
#10750 = LINE('',#10751,#10752);
#10751 = CARTESIAN_POINT('',(-2.114787589337,2.11,0.791942816109));
#10752 = VECTOR('',#10753,1.);
#10753 = DIRECTION('',(1.,0.,0.));
#10754 = ORIENTED_EDGE('',*,*,#10755,.F.);
#10755 = EDGE_CURVE('',#10756,#10748,#10758,.T.);
#10756 = VERTEX_POINT('',#10757);
#10757 = CARTESIAN_POINT('',(-2.56676884196,2.11,4.152859194544E-02));
#10758 = LINE('',#10759,#10760);
#10759 = CARTESIAN_POINT('',(-2.5975,2.11,2.775557561563E-17));
#10760 = VECTOR('',#10761,1.);
#10761 = DIRECTION('',(0.59484300541,0.,0.803841899203));
#10762 = ORIENTED_EDGE('',*,*,#10763,.F.);
#10763 = EDGE_CURVE('',#10691,#10756,#10764,.T.);
#10764 = CIRCLE('',#10765,0.1025);
#10765 = AXIS2_PLACEMENT_3D('',#10766,#10767,#10768);
#10766 = CARTESIAN_POINT('',(-2.649162636629,2.11,0.1025));
#10767 = DIRECTION('',(0.,-1.,0.));
#10768 = DIRECTION('',(0.,0.,1.));
#10769 = PLANE('',#10770);
#10770 = AXIS2_PLACEMENT_3D('',#10771,#10772,#10773);
#10771 = CARTESIAN_POINT('',(-2.445327895667,2.11,0.442081221949));
#10772 = DIRECTION('',(1.554627533177E-30,1.,-1.256499372016E-30));
#10773 = DIRECTION('',(1.,-1.554627533177E-30,0.));
#10774 = ADVANCED_FACE('',(#10775),#10794,.F.);
#10775 = FACE_BOUND('',#10776,.F.);
#10776 = EDGE_LOOP('',(#10777,#10778,#10779,#10787));
#10777 = ORIENTED_EDGE('',*,*,#10674,.T.);
#10778 = ORIENTED_EDGE('',*,*,#10705,.T.);
#10779 = ORIENTED_EDGE('',*,*,#10780,.F.);
#10780 = EDGE_CURVE('',#10781,#10706,#10783,.T.);
#10781 = VERTEX_POINT('',#10782);
#10782 = CARTESIAN_POINT('',(-2.670094115218,1.7,0.246528591945));
#10783 = LINE('',#10784,#10785);
#10784 = CARTESIAN_POINT('',(-2.670094115218,1.7,0.246528591945));
#10785 = VECTOR('',#10786,1.);
#10786 = DIRECTION('',(0.,1.,0.));
#10787 = ORIENTED_EDGE('',*,*,#10788,.F.);
#10788 = EDGE_CURVE('',#10667,#10781,#10789,.T.);
#10789 = CIRCLE('',#10790,0.1025);
#10790 = AXIS2_PLACEMENT_3D('',#10791,#10792,#10793);
#10791 = CARTESIAN_POINT('',(-2.752487909886,1.7,0.3075));
#10792 = DIRECTION('',(0.,-1.,0.));
#10793 = DIRECTION('',(0.,0.,1.));
#10794 = CYLINDRICAL_SURFACE('',#10795,0.1025);
#10795 = AXIS2_PLACEMENT_3D('',#10796,#10797,#10798);
#10796 = CARTESIAN_POINT('',(-2.752487909886,1.7,0.3075));
#10797 = DIRECTION('',(0.,1.,0.));
#10798 = DIRECTION('',(0.,0.,-1.));
#10799 = ADVANCED_FACE('',(#10800),#10818,.F.);
#10800 = FACE_BOUND('',#10801,.F.);
#10801 = EDGE_LOOP('',(#10802,#10810,#10816,#10817));
#10802 = ORIENTED_EDGE('',*,*,#10803,.F.);
#10803 = EDGE_CURVE('',#10804,#10659,#10806,.T.);
#10804 = VERTEX_POINT('',#10805);
#10805 = CARTESIAN_POINT('',(-2.9975,1.7,0.));
#10806 = LINE('',#10807,#10808);
#10807 = CARTESIAN_POINT('',(-2.9975,1.7,0.));
#10808 = VECTOR('',#10809,1.);
#10809 = DIRECTION('',(0.,0.,1.));
#10810 = ORIENTED_EDGE('',*,*,#10811,.T.);
#10811 = EDGE_CURVE('',#10804,#10689,#10812,.T.);
#10812 = LINE('',#10813,#10814);
#10813 = CARTESIAN_POINT('',(-2.9975,1.7,0.));
#10814 = VECTOR('',#10815,1.);
#10815 = DIRECTION('',(0.,1.,0.));
#10816 = ORIENTED_EDGE('',*,*,#10698,.T.);
#10817 = ORIENTED_EDGE('',*,*,#10658,.F.);
#10818 = PLANE('',#10819);
#10819 = AXIS2_PLACEMENT_3D('',#10820,#10821,#10822);
#10820 = CARTESIAN_POINT('',(-2.9975,1.7,0.));
#10821 = DIRECTION('',(1.,0.,0.));
#10822 = DIRECTION('',(0.,0.,1.));
#10823 = ADVANCED_FACE('',(#10824),#10893,.T.);
#10824 = FACE_BOUND('',#10825,.T.);
#10825 = EDGE_LOOP('',(#10826,#10834,#10843,#10851,#10859,#10867,#10875,
    #10884,#10890,#10891,#10892));
#10826 = ORIENTED_EDGE('',*,*,#10827,.T.);
#10827 = EDGE_CURVE('',#10804,#10828,#10830,.T.);
#10828 = VERTEX_POINT('',#10829);
#10829 = CARTESIAN_POINT('',(-2.649162636629,1.7,0.));
#10830 = LINE('',#10831,#10832);
#10831 = CARTESIAN_POINT('',(-2.9975,1.7,0.));
#10832 = VECTOR('',#10833,1.);
#10833 = DIRECTION('',(1.,0.,0.));
#10834 = ORIENTED_EDGE('',*,*,#10835,.T.);
#10835 = EDGE_CURVE('',#10828,#10836,#10838,.T.);
#10836 = VERTEX_POINT('',#10837);
#10837 = CARTESIAN_POINT('',(-2.56676884196,1.7,4.152859194544E-02));
#10838 = CIRCLE('',#10839,0.1025);
#10839 = AXIS2_PLACEMENT_3D('',#10840,#10841,#10842);
#10840 = CARTESIAN_POINT('',(-2.649162636629,1.7,0.1025));
#10841 = DIRECTION('',(0.,-1.,0.));
#10842 = DIRECTION('',(0.,0.,1.));
#10843 = ORIENTED_EDGE('',*,*,#10844,.T.);
#10844 = EDGE_CURVE('',#10836,#10845,#10847,.T.);
#10845 = VERTEX_POINT('',#10846);
#10846 = CARTESIAN_POINT('',(-2.011462316079,1.7,0.791942816109));
#10847 = LINE('',#10848,#10849);
#10848 = CARTESIAN_POINT('',(-2.5975,1.7,2.775557561563E-17));
#10849 = VECTOR('',#10850,1.);
#10850 = DIRECTION('',(0.59484300541,0.,0.803841899203));
#10851 = ORIENTED_EDGE('',*,*,#10852,.T.);
#10852 = EDGE_CURVE('',#10845,#10853,#10855,.T.);
#10853 = VERTEX_POINT('',#10854);
#10854 = CARTESIAN_POINT('',(-1.95,1.7,0.791942816109));
#10855 = LINE('',#10856,#10857);
#10856 = CARTESIAN_POINT('',(-2.114787589337,1.7,0.791942816109));
#10857 = VECTOR('',#10858,1.);
#10858 = DIRECTION('',(1.,0.,0.));
#10859 = ORIENTED_EDGE('',*,*,#10860,.T.);
#10860 = EDGE_CURVE('',#10853,#10861,#10863,.T.);
#10861 = VERTEX_POINT('',#10862);
#10862 = CARTESIAN_POINT('',(-1.95,1.7,0.996942816109));
#10863 = LINE('',#10864,#10865);
#10864 = CARTESIAN_POINT('',(-1.95,1.7,0.791942816109));
#10865 = VECTOR('',#10866,1.);
#10866 = DIRECTION('',(0.,0.,1.));
#10867 = ORIENTED_EDGE('',*,*,#10868,.F.);
#10868 = EDGE_CURVE('',#10869,#10861,#10871,.T.);
#10869 = VERTEX_POINT('',#10870);
#10870 = CARTESIAN_POINT('',(-2.063124952708,1.7,0.996942816109));
#10871 = LINE('',#10872,#10873);
#10872 = CARTESIAN_POINT('',(-2.114787589337,1.7,0.996942816109));
#10873 = VECTOR('',#10874,1.);
#10874 = DIRECTION('',(1.,0.,0.));
#10875 = ORIENTED_EDGE('',*,*,#10876,.F.);
#10876 = EDGE_CURVE('',#10877,#10869,#10879,.T.);
#10877 = VERTEX_POINT('',#10878);
#10878 = CARTESIAN_POINT('',(-2.145518747376,1.7,0.955414224164));
#10879 = CIRCLE('',#10880,0.1025);
#10880 = AXIS2_PLACEMENT_3D('',#10881,#10882,#10883);
#10881 = CARTESIAN_POINT('',(-2.063124952708,1.7,0.894442816109));
#10882 = DIRECTION('',(0.,1.,0.));
#10883 = DIRECTION('',(0.,-0.,1.));
#10884 = ORIENTED_EDGE('',*,*,#10885,.F.);
#10885 = EDGE_CURVE('',#10781,#10877,#10886,.T.);
#10886 = LINE('',#10887,#10888);
#10887 = CARTESIAN_POINT('',(-2.762287589337,1.7,0.121942816109));
#10888 = VECTOR('',#10889,1.);
#10889 = DIRECTION('',(0.59484300541,0.,0.803841899203));
#10890 = ORIENTED_EDGE('',*,*,#10788,.F.);
#10891 = ORIENTED_EDGE('',*,*,#10666,.F.);
#10892 = ORIENTED_EDGE('',*,*,#10803,.F.);
#10893 = PLANE('',#10894);
#10894 = AXIS2_PLACEMENT_3D('',#10895,#10896,#10897);
#10895 = CARTESIAN_POINT('',(-2.445327895667,1.7,0.442081221949));
#10896 = DIRECTION('',(-0.,-1.,-0.));
#10897 = DIRECTION('',(0.,0.,-1.));
#10898 = ADVANCED_FACE('',(#10899),#10910,.F.);
#10899 = FACE_BOUND('',#10900,.F.);
#10900 = EDGE_LOOP('',(#10901,#10902,#10903,#10904));
#10901 = ORIENTED_EDGE('',*,*,#10688,.F.);
#10902 = ORIENTED_EDGE('',*,*,#10811,.F.);
#10903 = ORIENTED_EDGE('',*,*,#10827,.T.);
#10904 = ORIENTED_EDGE('',*,*,#10905,.T.);
#10905 = EDGE_CURVE('',#10828,#10691,#10906,.T.);
#10906 = LINE('',#10907,#10908);
#10907 = CARTESIAN_POINT('',(-2.649162636629,1.7,0.));
#10908 = VECTOR('',#10909,1.);
#10909 = DIRECTION('',(0.,1.,0.));
#10910 = PLANE('',#10911);
#10911 = AXIS2_PLACEMENT_3D('',#10912,#10913,#10914);
#10912 = CARTESIAN_POINT('',(-2.9975,1.7,0.));
#10913 = DIRECTION('',(0.,0.,1.));
#10914 = DIRECTION('',(1.,0.,-0.));
#10915 = ADVANCED_FACE('',(#10916),#10927,.T.);
#10916 = FACE_BOUND('',#10917,.T.);
#10917 = EDGE_LOOP('',(#10918,#10919,#10920,#10926));
#10918 = ORIENTED_EDGE('',*,*,#10905,.T.);
#10919 = ORIENTED_EDGE('',*,*,#10763,.T.);
#10920 = ORIENTED_EDGE('',*,*,#10921,.F.);
#10921 = EDGE_CURVE('',#10836,#10756,#10922,.T.);
#10922 = LINE('',#10923,#10924);
#10923 = CARTESIAN_POINT('',(-2.56676884196,1.7,4.152859194544E-02));
#10924 = VECTOR('',#10925,1.);
#10925 = DIRECTION('',(0.,1.,0.));
#10926 = ORIENTED_EDGE('',*,*,#10835,.F.);
#10927 = CYLINDRICAL_SURFACE('',#10928,0.1025);
#10928 = AXIS2_PLACEMENT_3D('',#10929,#10930,#10931);
#10929 = CARTESIAN_POINT('',(-2.649162636629,1.7,0.1025));
#10930 = DIRECTION('',(0.,1.,0.));
#10931 = DIRECTION('',(0.,0.,-1.));
#10932 = ADVANCED_FACE('',(#10933),#10944,.T.);
#10933 = FACE_BOUND('',#10934,.T.);
#10934 = EDGE_LOOP('',(#10935,#10936,#10937,#10938));
#10935 = ORIENTED_EDGE('',*,*,#10844,.F.);
#10936 = ORIENTED_EDGE('',*,*,#10921,.T.);
#10937 = ORIENTED_EDGE('',*,*,#10755,.T.);
#10938 = ORIENTED_EDGE('',*,*,#10939,.F.);
#10939 = EDGE_CURVE('',#10845,#10748,#10940,.T.);
#10940 = LINE('',#10941,#10942);
#10941 = CARTESIAN_POINT('',(-2.011462316079,1.7,0.791942816109));
#10942 = VECTOR('',#10943,1.);
#10943 = DIRECTION('',(0.,1.,0.));
#10944 = PLANE('',#10945);
#10945 = AXIS2_PLACEMENT_3D('',#10946,#10947,#10948);
#10946 = CARTESIAN_POINT('',(-2.5975,1.7,2.775557561563E-17));
#10947 = DIRECTION('',(0.803841899203,0.,-0.59484300541));
#10948 = DIRECTION('',(0.59484300541,0.,0.803841899203));
#10949 = ADVANCED_FACE('',(#10950),#10961,.F.);
#10950 = FACE_BOUND('',#10951,.F.);
#10951 = EDGE_LOOP('',(#10952,#10953,#10954,#10955));
#10952 = ORIENTED_EDGE('',*,*,#10747,.F.);
#10953 = ORIENTED_EDGE('',*,*,#10939,.F.);
#10954 = ORIENTED_EDGE('',*,*,#10852,.T.);
#10955 = ORIENTED_EDGE('',*,*,#10956,.T.);
#10956 = EDGE_CURVE('',#10853,#10740,#10957,.T.);
#10957 = LINE('',#10958,#10959);
#10958 = CARTESIAN_POINT('',(-1.95,1.7,0.791942816109));
#10959 = VECTOR('',#10960,1.);
#10960 = DIRECTION('',(0.,1.,0.));
#10961 = PLANE('',#10962);
#10962 = AXIS2_PLACEMENT_3D('',#10963,#10964,#10965);
#10963 = CARTESIAN_POINT('',(-2.114787589337,1.7,0.791942816109));
#10964 = DIRECTION('',(0.,0.,1.));
#10965 = DIRECTION('',(1.,0.,-0.));
#10966 = ADVANCED_FACE('',(#10967),#10978,.T.);
#10967 = FACE_BOUND('',#10968,.T.);
#10968 = EDGE_LOOP('',(#10969,#10970,#10971,#10972));
#10969 = ORIENTED_EDGE('',*,*,#10860,.F.);
#10970 = ORIENTED_EDGE('',*,*,#10956,.T.);
#10971 = ORIENTED_EDGE('',*,*,#10739,.T.);
#10972 = ORIENTED_EDGE('',*,*,#10973,.F.);
#10973 = EDGE_CURVE('',#10861,#10732,#10974,.T.);
#10974 = LINE('',#10975,#10976);
#10975 = CARTESIAN_POINT('',(-1.95,1.7,0.996942816109));
#10976 = VECTOR('',#10977,1.);
#10977 = DIRECTION('',(0.,1.,0.));
#10978 = PLANE('',#10979);
#10979 = AXIS2_PLACEMENT_3D('',#10980,#10981,#10982);
#10980 = CARTESIAN_POINT('',(-1.95,1.7,0.791942816109));
#10981 = DIRECTION('',(1.,0.,0.));
#10982 = DIRECTION('',(0.,0.,1.));
#10983 = ADVANCED_FACE('',(#10984),#10995,.F.);
#10984 = FACE_BOUND('',#10985,.F.);
#10985 = EDGE_LOOP('',(#10986,#10987,#10988,#10989));
#10986 = ORIENTED_EDGE('',*,*,#10885,.F.);
#10987 = ORIENTED_EDGE('',*,*,#10780,.T.);
#10988 = ORIENTED_EDGE('',*,*,#10714,.T.);
#10989 = ORIENTED_EDGE('',*,*,#10990,.F.);
#10990 = EDGE_CURVE('',#10877,#10715,#10991,.T.);
#10991 = LINE('',#10992,#10993);
#10992 = CARTESIAN_POINT('',(-2.145518747376,1.7,0.955414224164));
#10993 = VECTOR('',#10994,1.);
#10994 = DIRECTION('',(0.,1.,0.));
#10995 = PLANE('',#10996);
#10996 = AXIS2_PLACEMENT_3D('',#10997,#10998,#10999);
#10997 = CARTESIAN_POINT('',(-2.762287589337,1.7,0.121942816109));
#10998 = DIRECTION('',(0.803841899203,0.,-0.59484300541));
#10999 = DIRECTION('',(0.59484300541,0.,0.803841899203));
#11000 = ADVANCED_FACE('',(#11001),#11012,.T.);
#11001 = FACE_BOUND('',#11002,.T.);
#11002 = EDGE_LOOP('',(#11003,#11004,#11005,#11006));
#11003 = ORIENTED_EDGE('',*,*,#10868,.T.);
#11004 = ORIENTED_EDGE('',*,*,#10973,.T.);
#11005 = ORIENTED_EDGE('',*,*,#10731,.F.);
#11006 = ORIENTED_EDGE('',*,*,#11007,.F.);
#11007 = EDGE_CURVE('',#10869,#10723,#11008,.T.);
#11008 = LINE('',#11009,#11010);
#11009 = CARTESIAN_POINT('',(-2.063124952708,1.7,0.996942816109));
#11010 = VECTOR('',#11011,1.);
#11011 = DIRECTION('',(0.,1.,0.));
#11012 = PLANE('',#11013);
#11013 = AXIS2_PLACEMENT_3D('',#11014,#11015,#11016);
#11014 = CARTESIAN_POINT('',(-2.114787589337,1.7,0.996942816109));
#11015 = DIRECTION('',(0.,0.,1.));
#11016 = DIRECTION('',(1.,0.,-0.));
#11017 = ADVANCED_FACE('',(#11018),#11024,.T.);
#11018 = FACE_BOUND('',#11019,.T.);
#11019 = EDGE_LOOP('',(#11020,#11021,#11022,#11023));
#11020 = ORIENTED_EDGE('',*,*,#10876,.T.);
#11021 = ORIENTED_EDGE('',*,*,#11007,.T.);
#11022 = ORIENTED_EDGE('',*,*,#10722,.F.);
#11023 = ORIENTED_EDGE('',*,*,#10990,.F.);
#11024 = CYLINDRICAL_SURFACE('',#11025,0.1025);
#11025 = AXIS2_PLACEMENT_3D('',#11026,#11027,#11028);
#11026 = CARTESIAN_POINT('',(-2.063124952708,1.7,0.894442816109));
#11027 = DIRECTION('',(0.,1.,0.));
#11028 = DIRECTION('',(-0.803841899203,0.,0.59484300541));
#11029 = MANIFOLD_SOLID_BREP('',#11030);
#11030 = CLOSED_SHELL('',(#11031,#11071,#11161,#11186,#11210,#11285,
    #11302,#11319,#11336,#11353,#11370,#11387,#11404));
#11031 = ADVANCED_FACE('',(#11032),#11066,.T.);
#11032 = FACE_BOUND('',#11033,.T.);
#11033 = EDGE_LOOP('',(#11034,#11044,#11052,#11060));
#11034 = ORIENTED_EDGE('',*,*,#11035,.F.);
#11035 = EDGE_CURVE('',#11036,#11038,#11040,.T.);
#11036 = VERTEX_POINT('',#11037);
#11037 = CARTESIAN_POINT('',(2.752487909886,2.11,0.205));
#11038 = VERTEX_POINT('',#11039);
#11039 = CARTESIAN_POINT('',(2.9975,2.11,0.205));
#11040 = LINE('',#11041,#11042);
#11041 = CARTESIAN_POINT('',(2.5975,2.11,0.205));
#11042 = VECTOR('',#11043,1.);
#11043 = DIRECTION('',(1.,0.,0.));
#11044 = ORIENTED_EDGE('',*,*,#11045,.F.);
#11045 = EDGE_CURVE('',#11046,#11036,#11048,.T.);
#11046 = VERTEX_POINT('',#11047);
#11047 = CARTESIAN_POINT('',(2.752487909886,1.7,0.205));
#11048 = LINE('',#11049,#11050);
#11049 = CARTESIAN_POINT('',(2.752487909886,1.7,0.205));
#11050 = VECTOR('',#11051,1.);
#11051 = DIRECTION('',(0.,1.,0.));
#11052 = ORIENTED_EDGE('',*,*,#11053,.T.);
#11053 = EDGE_CURVE('',#11046,#11054,#11056,.T.);
#11054 = VERTEX_POINT('',#11055);
#11055 = CARTESIAN_POINT('',(2.9975,1.7,0.205));
#11056 = LINE('',#11057,#11058);
#11057 = CARTESIAN_POINT('',(2.5975,1.7,0.205));
#11058 = VECTOR('',#11059,1.);
#11059 = DIRECTION('',(1.,0.,0.));
#11060 = ORIENTED_EDGE('',*,*,#11061,.T.);
#11061 = EDGE_CURVE('',#11054,#11038,#11062,.T.);
#11062 = LINE('',#11063,#11064);
#11063 = CARTESIAN_POINT('',(2.9975,1.7,0.205));
#11064 = VECTOR('',#11065,1.);
#11065 = DIRECTION('',(0.,1.,0.));
#11066 = PLANE('',#11067);
#11067 = AXIS2_PLACEMENT_3D('',#11068,#11069,#11070);
#11068 = CARTESIAN_POINT('',(2.5975,1.7,0.205));
#11069 = DIRECTION('',(0.,0.,1.));
#11070 = DIRECTION('',(1.,0.,-0.));
#11071 = ADVANCED_FACE('',(#11072),#11156,.T.);
#11072 = FACE_BOUND('',#11073,.T.);
#11073 = EDGE_LOOP('',(#11074,#11084,#11093,#11101,#11109,#11117,#11125,
    #11134,#11142,#11149,#11150));
#11074 = ORIENTED_EDGE('',*,*,#11075,.F.);
#11075 = EDGE_CURVE('',#11076,#11078,#11080,.T.);
#11076 = VERTEX_POINT('',#11077);
#11077 = CARTESIAN_POINT('',(2.649162636629,2.11,0.));
#11078 = VERTEX_POINT('',#11079);
#11079 = CARTESIAN_POINT('',(2.9975,2.11,0.));
#11080 = LINE('',#11081,#11082);
#11081 = CARTESIAN_POINT('',(2.5975,2.11,0.));
#11082 = VECTOR('',#11083,1.);
#11083 = DIRECTION('',(1.,0.,0.));
#11084 = ORIENTED_EDGE('',*,*,#11085,.T.);
#11085 = EDGE_CURVE('',#11076,#11086,#11088,.T.);
#11086 = VERTEX_POINT('',#11087);
#11087 = CARTESIAN_POINT('',(2.56676884196,2.11,4.152859194544E-02));
#11088 = CIRCLE('',#11089,0.1025);
#11089 = AXIS2_PLACEMENT_3D('',#11090,#11091,#11092);
#11090 = CARTESIAN_POINT('',(2.649162636629,2.11,0.1025));
#11091 = DIRECTION('',(0.,1.,0.));
#11092 = DIRECTION('',(0.,-0.,1.));
#11093 = ORIENTED_EDGE('',*,*,#11094,.T.);
#11094 = EDGE_CURVE('',#11086,#11095,#11097,.T.);
#11095 = VERTEX_POINT('',#11096);
#11096 = CARTESIAN_POINT('',(2.011462316079,2.11,0.791942816109));
#11097 = LINE('',#11098,#11099);
#11098 = CARTESIAN_POINT('',(2.5975,2.11,0.));
#11099 = VECTOR('',#11100,1.);
#11100 = DIRECTION('',(-0.59484300541,0.,0.803841899203));
#11101 = ORIENTED_EDGE('',*,*,#11102,.F.);
#11102 = EDGE_CURVE('',#11103,#11095,#11105,.T.);
#11103 = VERTEX_POINT('',#11104);
#11104 = CARTESIAN_POINT('',(1.95,2.11,0.791942816109));
#11105 = LINE('',#11106,#11107);
#11106 = CARTESIAN_POINT('',(1.95,2.11,0.791942816109));
#11107 = VECTOR('',#11108,1.);
#11108 = DIRECTION('',(1.,0.,0.));
#11109 = ORIENTED_EDGE('',*,*,#11110,.T.);
#11110 = EDGE_CURVE('',#11103,#11111,#11113,.T.);
#11111 = VERTEX_POINT('',#11112);
#11112 = CARTESIAN_POINT('',(1.95,2.11,0.996942816109));
#11113 = LINE('',#11114,#11115);
#11114 = CARTESIAN_POINT('',(1.95,2.11,0.791942816109));
#11115 = VECTOR('',#11116,1.);
#11116 = DIRECTION('',(0.,0.,1.));
#11117 = ORIENTED_EDGE('',*,*,#11118,.T.);
#11118 = EDGE_CURVE('',#11111,#11119,#11121,.T.);
#11119 = VERTEX_POINT('',#11120);
#11120 = CARTESIAN_POINT('',(2.063124952708,2.11,0.996942816109));
#11121 = LINE('',#11122,#11123);
#11122 = CARTESIAN_POINT('',(1.95,2.11,0.996942816109));
#11123 = VECTOR('',#11124,1.);
#11124 = DIRECTION('',(1.,0.,0.));
#11125 = ORIENTED_EDGE('',*,*,#11126,.F.);
#11126 = EDGE_CURVE('',#11127,#11119,#11129,.T.);
#11127 = VERTEX_POINT('',#11128);
#11128 = CARTESIAN_POINT('',(2.145518747376,2.11,0.955414224164));
#11129 = CIRCLE('',#11130,0.1025);
#11130 = AXIS2_PLACEMENT_3D('',#11131,#11132,#11133);
#11131 = CARTESIAN_POINT('',(2.063124952708,2.11,0.894442816109));
#11132 = DIRECTION('',(0.,-1.,0.));
#11133 = DIRECTION('',(0.,0.,1.));
#11134 = ORIENTED_EDGE('',*,*,#11135,.F.);
#11135 = EDGE_CURVE('',#11136,#11127,#11138,.T.);
#11136 = VERTEX_POINT('',#11137);
#11137 = CARTESIAN_POINT('',(2.670094115218,2.11,0.246528591945));
#11138 = LINE('',#11139,#11140);
#11139 = CARTESIAN_POINT('',(2.762287589337,2.11,0.121942816109));
#11140 = VECTOR('',#11141,1.);
#11141 = DIRECTION('',(-0.59484300541,0.,0.803841899203));
#11142 = ORIENTED_EDGE('',*,*,#11143,.F.);
#11143 = EDGE_CURVE('',#11036,#11136,#11144,.T.);
#11144 = CIRCLE('',#11145,0.1025);
#11145 = AXIS2_PLACEMENT_3D('',#11146,#11147,#11148);
#11146 = CARTESIAN_POINT('',(2.752487909886,2.11,0.3075));
#11147 = DIRECTION('',(0.,1.,0.));
#11148 = DIRECTION('',(0.,-0.,1.));
#11149 = ORIENTED_EDGE('',*,*,#11035,.T.);
#11150 = ORIENTED_EDGE('',*,*,#11151,.F.);
#11151 = EDGE_CURVE('',#11078,#11038,#11152,.T.);
#11152 = LINE('',#11153,#11154);
#11153 = CARTESIAN_POINT('',(2.9975,2.11,0.));
#11154 = VECTOR('',#11155,1.);
#11155 = DIRECTION('',(0.,0.,1.));
#11156 = PLANE('',#11157);
#11157 = AXIS2_PLACEMENT_3D('',#11158,#11159,#11160);
#11158 = CARTESIAN_POINT('',(2.445327895667,2.11,0.442081221949));
#11159 = DIRECTION('',(-1.037026165273E-29,1.,-8.427830616673E-30));
#11160 = DIRECTION('',(1.,1.037026165273E-29,0.));
#11161 = ADVANCED_FACE('',(#11162),#11181,.F.);
#11162 = FACE_BOUND('',#11163,.F.);
#11163 = EDGE_LOOP('',(#11164,#11173,#11179,#11180));
#11164 = ORIENTED_EDGE('',*,*,#11165,.T.);
#11165 = EDGE_CURVE('',#11046,#11166,#11168,.T.);
#11166 = VERTEX_POINT('',#11167);
#11167 = CARTESIAN_POINT('',(2.670094115218,1.7,0.246528591945));
#11168 = CIRCLE('',#11169,0.1025);
#11169 = AXIS2_PLACEMENT_3D('',#11170,#11171,#11172);
#11170 = CARTESIAN_POINT('',(2.752487909886,1.7,0.3075));
#11171 = DIRECTION('',(0.,1.,0.));
#11172 = DIRECTION('',(0.,-0.,1.));
#11173 = ORIENTED_EDGE('',*,*,#11174,.T.);
#11174 = EDGE_CURVE('',#11166,#11136,#11175,.T.);
#11175 = LINE('',#11176,#11177);
#11176 = CARTESIAN_POINT('',(2.670094115218,1.7,0.246528591945));
#11177 = VECTOR('',#11178,1.);
#11178 = DIRECTION('',(0.,1.,0.));
#11179 = ORIENTED_EDGE('',*,*,#11143,.F.);
#11180 = ORIENTED_EDGE('',*,*,#11045,.F.);
#11181 = CYLINDRICAL_SURFACE('',#11182,0.1025);
#11182 = AXIS2_PLACEMENT_3D('',#11183,#11184,#11185);
#11183 = CARTESIAN_POINT('',(2.752487909886,1.7,0.3075));
#11184 = DIRECTION('',(0.,1.,0.));
#11185 = DIRECTION('',(0.,0.,-1.));
#11186 = ADVANCED_FACE('',(#11187),#11205,.T.);
#11187 = FACE_BOUND('',#11188,.T.);
#11188 = EDGE_LOOP('',(#11189,#11197,#11203,#11204));
#11189 = ORIENTED_EDGE('',*,*,#11190,.F.);
#11190 = EDGE_CURVE('',#11191,#11054,#11193,.T.);
#11191 = VERTEX_POINT('',#11192);
#11192 = CARTESIAN_POINT('',(2.9975,1.7,0.));
#11193 = LINE('',#11194,#11195);
#11194 = CARTESIAN_POINT('',(2.9975,1.7,0.));
#11195 = VECTOR('',#11196,1.);
#11196 = DIRECTION('',(0.,0.,1.));
#11197 = ORIENTED_EDGE('',*,*,#11198,.T.);
#11198 = EDGE_CURVE('',#11191,#11078,#11199,.T.);
#11199 = LINE('',#11200,#11201);
#11200 = CARTESIAN_POINT('',(2.9975,1.7,0.));
#11201 = VECTOR('',#11202,1.);
#11202 = DIRECTION('',(0.,1.,0.));
#11203 = ORIENTED_EDGE('',*,*,#11151,.T.);
#11204 = ORIENTED_EDGE('',*,*,#11061,.F.);
#11205 = PLANE('',#11206);
#11206 = AXIS2_PLACEMENT_3D('',#11207,#11208,#11209);
#11207 = CARTESIAN_POINT('',(2.9975,1.7,0.));
#11208 = DIRECTION('',(1.,0.,0.));
#11209 = DIRECTION('',(0.,0.,1.));
#11210 = ADVANCED_FACE('',(#11211),#11280,.T.);
#11211 = FACE_BOUND('',#11212,.T.);
#11212 = EDGE_LOOP('',(#11213,#11221,#11222,#11223,#11224,#11232,#11241,
    #11249,#11257,#11265,#11273));
#11213 = ORIENTED_EDGE('',*,*,#11214,.T.);
#11214 = EDGE_CURVE('',#11215,#11191,#11217,.T.);
#11215 = VERTEX_POINT('',#11216);
#11216 = CARTESIAN_POINT('',(2.649162636629,1.7,0.));
#11217 = LINE('',#11218,#11219);
#11218 = CARTESIAN_POINT('',(2.5975,1.7,0.));
#11219 = VECTOR('',#11220,1.);
#11220 = DIRECTION('',(1.,0.,0.));
#11221 = ORIENTED_EDGE('',*,*,#11190,.T.);
#11222 = ORIENTED_EDGE('',*,*,#11053,.F.);
#11223 = ORIENTED_EDGE('',*,*,#11165,.T.);
#11224 = ORIENTED_EDGE('',*,*,#11225,.T.);
#11225 = EDGE_CURVE('',#11166,#11226,#11228,.T.);
#11226 = VERTEX_POINT('',#11227);
#11227 = CARTESIAN_POINT('',(2.145518747376,1.7,0.955414224164));
#11228 = LINE('',#11229,#11230);
#11229 = CARTESIAN_POINT('',(2.762287589337,1.7,0.121942816109));
#11230 = VECTOR('',#11231,1.);
#11231 = DIRECTION('',(-0.59484300541,0.,0.803841899203));
#11232 = ORIENTED_EDGE('',*,*,#11233,.T.);
#11233 = EDGE_CURVE('',#11226,#11234,#11236,.T.);
#11234 = VERTEX_POINT('',#11235);
#11235 = CARTESIAN_POINT('',(2.063124952708,1.7,0.996942816109));
#11236 = CIRCLE('',#11237,0.1025);
#11237 = AXIS2_PLACEMENT_3D('',#11238,#11239,#11240);
#11238 = CARTESIAN_POINT('',(2.063124952708,1.7,0.894442816109));
#11239 = DIRECTION('',(0.,-1.,0.));
#11240 = DIRECTION('',(0.,0.,1.));
#11241 = ORIENTED_EDGE('',*,*,#11242,.F.);
#11242 = EDGE_CURVE('',#11243,#11234,#11245,.T.);
#11243 = VERTEX_POINT('',#11244);
#11244 = CARTESIAN_POINT('',(1.95,1.7,0.996942816109));
#11245 = LINE('',#11246,#11247);
#11246 = CARTESIAN_POINT('',(1.95,1.7,0.996942816109));
#11247 = VECTOR('',#11248,1.);
#11248 = DIRECTION('',(1.,0.,0.));
#11249 = ORIENTED_EDGE('',*,*,#11250,.F.);
#11250 = EDGE_CURVE('',#11251,#11243,#11253,.T.);
#11251 = VERTEX_POINT('',#11252);
#11252 = CARTESIAN_POINT('',(1.95,1.7,0.791942816109));
#11253 = LINE('',#11254,#11255);
#11254 = CARTESIAN_POINT('',(1.95,1.7,0.791942816109));
#11255 = VECTOR('',#11256,1.);
#11256 = DIRECTION('',(0.,0.,1.));
#11257 = ORIENTED_EDGE('',*,*,#11258,.T.);
#11258 = EDGE_CURVE('',#11251,#11259,#11261,.T.);
#11259 = VERTEX_POINT('',#11260);
#11260 = CARTESIAN_POINT('',(2.011462316079,1.7,0.791942816109));
#11261 = LINE('',#11262,#11263);
#11262 = CARTESIAN_POINT('',(1.95,1.7,0.791942816109));
#11263 = VECTOR('',#11264,1.);
#11264 = DIRECTION('',(1.,0.,0.));
#11265 = ORIENTED_EDGE('',*,*,#11266,.F.);
#11266 = EDGE_CURVE('',#11267,#11259,#11269,.T.);
#11267 = VERTEX_POINT('',#11268);
#11268 = CARTESIAN_POINT('',(2.56676884196,1.7,4.152859194544E-02));
#11269 = LINE('',#11270,#11271);
#11270 = CARTESIAN_POINT('',(2.5975,1.7,0.));
#11271 = VECTOR('',#11272,1.);
#11272 = DIRECTION('',(-0.59484300541,0.,0.803841899203));
#11273 = ORIENTED_EDGE('',*,*,#11274,.F.);
#11274 = EDGE_CURVE('',#11215,#11267,#11275,.T.);
#11275 = CIRCLE('',#11276,0.1025);
#11276 = AXIS2_PLACEMENT_3D('',#11277,#11278,#11279);
#11277 = CARTESIAN_POINT('',(2.649162636629,1.7,0.1025));
#11278 = DIRECTION('',(0.,1.,0.));
#11279 = DIRECTION('',(0.,-0.,1.));
#11280 = PLANE('',#11281);
#11281 = AXIS2_PLACEMENT_3D('',#11282,#11283,#11284);
#11282 = CARTESIAN_POINT('',(2.445327895667,1.7,0.442081221949));
#11283 = DIRECTION('',(-1.93878169659E-30,-1.,-1.599636002756E-30));
#11284 = DIRECTION('',(-1.,1.93878169659E-30,0.));
#11285 = ADVANCED_FACE('',(#11286),#11297,.F.);
#11286 = FACE_BOUND('',#11287,.F.);
#11287 = EDGE_LOOP('',(#11288,#11289,#11290,#11291));
#11288 = ORIENTED_EDGE('',*,*,#11214,.T.);
#11289 = ORIENTED_EDGE('',*,*,#11198,.T.);
#11290 = ORIENTED_EDGE('',*,*,#11075,.F.);
#11291 = ORIENTED_EDGE('',*,*,#11292,.F.);
#11292 = EDGE_CURVE('',#11215,#11076,#11293,.T.);
#11293 = LINE('',#11294,#11295);
#11294 = CARTESIAN_POINT('',(2.649162636629,1.7,0.));
#11295 = VECTOR('',#11296,1.);
#11296 = DIRECTION('',(0.,1.,0.));
#11297 = PLANE('',#11298);
#11298 = AXIS2_PLACEMENT_3D('',#11299,#11300,#11301);
#11299 = CARTESIAN_POINT('',(2.5975,1.7,0.));
#11300 = DIRECTION('',(0.,0.,1.));
#11301 = DIRECTION('',(1.,0.,-0.));
#11302 = ADVANCED_FACE('',(#11303),#11314,.T.);
#11303 = FACE_BOUND('',#11304,.T.);
#11304 = EDGE_LOOP('',(#11305,#11306,#11312,#11313));
#11305 = ORIENTED_EDGE('',*,*,#11274,.T.);
#11306 = ORIENTED_EDGE('',*,*,#11307,.T.);
#11307 = EDGE_CURVE('',#11267,#11086,#11308,.T.);
#11308 = LINE('',#11309,#11310);
#11309 = CARTESIAN_POINT('',(2.56676884196,1.7,4.152859194544E-02));
#11310 = VECTOR('',#11311,1.);
#11311 = DIRECTION('',(0.,1.,0.));
#11312 = ORIENTED_EDGE('',*,*,#11085,.F.);
#11313 = ORIENTED_EDGE('',*,*,#11292,.F.);
#11314 = CYLINDRICAL_SURFACE('',#11315,0.1025);
#11315 = AXIS2_PLACEMENT_3D('',#11316,#11317,#11318);
#11316 = CARTESIAN_POINT('',(2.649162636629,1.7,0.1025));
#11317 = DIRECTION('',(0.,1.,0.));
#11318 = DIRECTION('',(0.,0.,-1.));
#11319 = ADVANCED_FACE('',(#11320),#11331,.F.);
#11320 = FACE_BOUND('',#11321,.F.);
#11321 = EDGE_LOOP('',(#11322,#11323,#11324,#11325));
#11322 = ORIENTED_EDGE('',*,*,#11266,.F.);
#11323 = ORIENTED_EDGE('',*,*,#11307,.T.);
#11324 = ORIENTED_EDGE('',*,*,#11094,.T.);
#11325 = ORIENTED_EDGE('',*,*,#11326,.F.);
#11326 = EDGE_CURVE('',#11259,#11095,#11327,.T.);
#11327 = LINE('',#11328,#11329);
#11328 = CARTESIAN_POINT('',(2.011462316079,1.7,0.791942816109));
#11329 = VECTOR('',#11330,1.);
#11330 = DIRECTION('',(0.,1.,0.));
#11331 = PLANE('',#11332);
#11332 = AXIS2_PLACEMENT_3D('',#11333,#11334,#11335);
#11333 = CARTESIAN_POINT('',(2.5975,1.7,0.));
#11334 = DIRECTION('',(0.803841899203,0.,0.59484300541));
#11335 = DIRECTION('',(-0.59484300541,0.,0.803841899203));
#11336 = ADVANCED_FACE('',(#11337),#11348,.F.);
#11337 = FACE_BOUND('',#11338,.F.);
#11338 = EDGE_LOOP('',(#11339,#11340,#11346,#11347));
#11339 = ORIENTED_EDGE('',*,*,#11102,.F.);
#11340 = ORIENTED_EDGE('',*,*,#11341,.F.);
#11341 = EDGE_CURVE('',#11251,#11103,#11342,.T.);
#11342 = LINE('',#11343,#11344);
#11343 = CARTESIAN_POINT('',(1.95,1.7,0.791942816109));
#11344 = VECTOR('',#11345,1.);
#11345 = DIRECTION('',(0.,1.,0.));
#11346 = ORIENTED_EDGE('',*,*,#11258,.T.);
#11347 = ORIENTED_EDGE('',*,*,#11326,.T.);
#11348 = PLANE('',#11349);
#11349 = AXIS2_PLACEMENT_3D('',#11350,#11351,#11352);
#11350 = CARTESIAN_POINT('',(1.95,1.7,0.791942816109));
#11351 = DIRECTION('',(0.,0.,1.));
#11352 = DIRECTION('',(1.,0.,-0.));
#11353 = ADVANCED_FACE('',(#11354),#11365,.F.);
#11354 = FACE_BOUND('',#11355,.T.);
#11355 = EDGE_LOOP('',(#11356,#11357,#11363,#11364));
#11356 = ORIENTED_EDGE('',*,*,#11250,.T.);
#11357 = ORIENTED_EDGE('',*,*,#11358,.T.);
#11358 = EDGE_CURVE('',#11243,#11111,#11359,.T.);
#11359 = LINE('',#11360,#11361);
#11360 = CARTESIAN_POINT('',(1.95,1.7,0.996942816109));
#11361 = VECTOR('',#11362,1.);
#11362 = DIRECTION('',(0.,1.,0.));
#11363 = ORIENTED_EDGE('',*,*,#11110,.F.);
#11364 = ORIENTED_EDGE('',*,*,#11341,.F.);
#11365 = PLANE('',#11366);
#11366 = AXIS2_PLACEMENT_3D('',#11367,#11368,#11369);
#11367 = CARTESIAN_POINT('',(1.95,1.7,0.791942816109));
#11368 = DIRECTION('',(1.,0.,0.));
#11369 = DIRECTION('',(0.,0.,1.));
#11370 = ADVANCED_FACE('',(#11371),#11382,.T.);
#11371 = FACE_BOUND('',#11372,.T.);
#11372 = EDGE_LOOP('',(#11373,#11374,#11375,#11376));
#11373 = ORIENTED_EDGE('',*,*,#11225,.F.);
#11374 = ORIENTED_EDGE('',*,*,#11174,.T.);
#11375 = ORIENTED_EDGE('',*,*,#11135,.T.);
#11376 = ORIENTED_EDGE('',*,*,#11377,.F.);
#11377 = EDGE_CURVE('',#11226,#11127,#11378,.T.);
#11378 = LINE('',#11379,#11380);
#11379 = CARTESIAN_POINT('',(2.145518747376,1.7,0.955414224164));
#11380 = VECTOR('',#11381,1.);
#11381 = DIRECTION('',(0.,1.,0.));
#11382 = PLANE('',#11383);
#11383 = AXIS2_PLACEMENT_3D('',#11384,#11385,#11386);
#11384 = CARTESIAN_POINT('',(2.762287589337,1.7,0.121942816109));
#11385 = DIRECTION('',(0.803841899203,0.,0.59484300541));
#11386 = DIRECTION('',(-0.59484300541,0.,0.803841899203));
#11387 = ADVANCED_FACE('',(#11388),#11399,.T.);
#11388 = FACE_BOUND('',#11389,.T.);
#11389 = EDGE_LOOP('',(#11390,#11391,#11392,#11393));
#11390 = ORIENTED_EDGE('',*,*,#11118,.F.);
#11391 = ORIENTED_EDGE('',*,*,#11358,.F.);
#11392 = ORIENTED_EDGE('',*,*,#11242,.T.);
#11393 = ORIENTED_EDGE('',*,*,#11394,.T.);
#11394 = EDGE_CURVE('',#11234,#11119,#11395,.T.);
#11395 = LINE('',#11396,#11397);
#11396 = CARTESIAN_POINT('',(2.063124952708,1.7,0.996942816109));
#11397 = VECTOR('',#11398,1.);
#11398 = DIRECTION('',(0.,1.,0.));
#11399 = PLANE('',#11400);
#11400 = AXIS2_PLACEMENT_3D('',#11401,#11402,#11403);
#11401 = CARTESIAN_POINT('',(1.95,1.7,0.996942816109));
#11402 = DIRECTION('',(0.,0.,1.));
#11403 = DIRECTION('',(1.,0.,-0.));
#11404 = ADVANCED_FACE('',(#11405),#11411,.T.);
#11405 = FACE_BOUND('',#11406,.T.);
#11406 = EDGE_LOOP('',(#11407,#11408,#11409,#11410));
#11407 = ORIENTED_EDGE('',*,*,#11377,.T.);
#11408 = ORIENTED_EDGE('',*,*,#11126,.T.);
#11409 = ORIENTED_EDGE('',*,*,#11394,.F.);
#11410 = ORIENTED_EDGE('',*,*,#11233,.F.);
#11411 = CYLINDRICAL_SURFACE('',#11412,0.1025);
#11412 = AXIS2_PLACEMENT_3D('',#11413,#11414,#11415);
#11413 = CARTESIAN_POINT('',(2.063124952708,1.7,0.894442816109));
#11414 = DIRECTION('',(0.,1.,0.));
#11415 = DIRECTION('',(0.803841899203,-0.,0.59484300541));
#11416 = MANIFOLD_SOLID_BREP('',#11417);
#11417 = CLOSED_SHELL('',(#11418,#11458,#11548,#11573,#11597,#11672,
    #11689,#11706,#11723,#11740,#11757,#11774,#11791));
#11418 = ADVANCED_FACE('',(#11419),#11453,.T.);
#11419 = FACE_BOUND('',#11420,.T.);
#11420 = EDGE_LOOP('',(#11421,#11431,#11439,#11447));
#11421 = ORIENTED_EDGE('',*,*,#11422,.F.);
#11422 = EDGE_CURVE('',#11423,#11425,#11427,.T.);
#11423 = VERTEX_POINT('',#11424);
#11424 = CARTESIAN_POINT('',(-2.9975,0.84,0.205));
#11425 = VERTEX_POINT('',#11426);
#11426 = CARTESIAN_POINT('',(-2.752487909886,0.84,0.205));
#11427 = LINE('',#11428,#11429);
#11428 = CARTESIAN_POINT('',(-2.9975,0.84,0.205));
#11429 = VECTOR('',#11430,1.);
#11430 = DIRECTION('',(1.,0.,0.));
#11431 = ORIENTED_EDGE('',*,*,#11432,.F.);
#11432 = EDGE_CURVE('',#11433,#11423,#11435,.T.);
#11433 = VERTEX_POINT('',#11434);
#11434 = CARTESIAN_POINT('',(-2.9975,0.43,0.205));
#11435 = LINE('',#11436,#11437);
#11436 = CARTESIAN_POINT('',(-2.9975,0.43,0.205));
#11437 = VECTOR('',#11438,1.);
#11438 = DIRECTION('',(0.,1.,0.));
#11439 = ORIENTED_EDGE('',*,*,#11440,.T.);
#11440 = EDGE_CURVE('',#11433,#11441,#11443,.T.);
#11441 = VERTEX_POINT('',#11442);
#11442 = CARTESIAN_POINT('',(-2.752487909886,0.43,0.205));
#11443 = LINE('',#11444,#11445);
#11444 = CARTESIAN_POINT('',(-2.9975,0.43,0.205));
#11445 = VECTOR('',#11446,1.);
#11446 = DIRECTION('',(1.,0.,0.));
#11447 = ORIENTED_EDGE('',*,*,#11448,.T.);
#11448 = EDGE_CURVE('',#11441,#11425,#11449,.T.);
#11449 = LINE('',#11450,#11451);
#11450 = CARTESIAN_POINT('',(-2.752487909886,0.43,0.205));
#11451 = VECTOR('',#11452,1.);
#11452 = DIRECTION('',(0.,1.,0.));
#11453 = PLANE('',#11454);
#11454 = AXIS2_PLACEMENT_3D('',#11455,#11456,#11457);
#11455 = CARTESIAN_POINT('',(-2.9975,0.43,0.205));
#11456 = DIRECTION('',(0.,0.,1.));
#11457 = DIRECTION('',(1.,0.,-0.));
#11458 = ADVANCED_FACE('',(#11459),#11543,.T.);
#11459 = FACE_BOUND('',#11460,.T.);
#11460 = EDGE_LOOP('',(#11461,#11471,#11477,#11478,#11487,#11495,#11504,
    #11512,#11520,#11528,#11536));
#11461 = ORIENTED_EDGE('',*,*,#11462,.F.);
#11462 = EDGE_CURVE('',#11463,#11465,#11467,.T.);
#11463 = VERTEX_POINT('',#11464);
#11464 = CARTESIAN_POINT('',(-2.9975,0.84,0.));
#11465 = VERTEX_POINT('',#11466);
#11466 = CARTESIAN_POINT('',(-2.649162636629,0.84,0.));
#11467 = LINE('',#11468,#11469);
#11468 = CARTESIAN_POINT('',(-2.9975,0.84,0.));
#11469 = VECTOR('',#11470,1.);
#11470 = DIRECTION('',(1.,0.,0.));
#11471 = ORIENTED_EDGE('',*,*,#11472,.T.);
#11472 = EDGE_CURVE('',#11463,#11423,#11473,.T.);
#11473 = LINE('',#11474,#11475);
#11474 = CARTESIAN_POINT('',(-2.9975,0.84,0.));
#11475 = VECTOR('',#11476,1.);
#11476 = DIRECTION('',(0.,0.,1.));
#11477 = ORIENTED_EDGE('',*,*,#11422,.T.);
#11478 = ORIENTED_EDGE('',*,*,#11479,.T.);
#11479 = EDGE_CURVE('',#11425,#11480,#11482,.T.);
#11480 = VERTEX_POINT('',#11481);
#11481 = CARTESIAN_POINT('',(-2.670094115218,0.84,0.246528591945));
#11482 = CIRCLE('',#11483,0.1025);
#11483 = AXIS2_PLACEMENT_3D('',#11484,#11485,#11486);
#11484 = CARTESIAN_POINT('',(-2.752487909886,0.84,0.3075));
#11485 = DIRECTION('',(0.,-1.,0.));
#11486 = DIRECTION('',(0.,0.,1.));
#11487 = ORIENTED_EDGE('',*,*,#11488,.T.);
#11488 = EDGE_CURVE('',#11480,#11489,#11491,.T.);
#11489 = VERTEX_POINT('',#11490);
#11490 = CARTESIAN_POINT('',(-2.145518747376,0.84,0.955414224164));
#11491 = LINE('',#11492,#11493);
#11492 = CARTESIAN_POINT('',(-2.762287589337,0.84,0.121942816109));
#11493 = VECTOR('',#11494,1.);
#11494 = DIRECTION('',(0.59484300541,0.,0.803841899203));
#11495 = ORIENTED_EDGE('',*,*,#11496,.T.);
#11496 = EDGE_CURVE('',#11489,#11497,#11499,.T.);
#11497 = VERTEX_POINT('',#11498);
#11498 = CARTESIAN_POINT('',(-2.063124952708,0.84,0.996942816109));
#11499 = CIRCLE('',#11500,0.1025);
#11500 = AXIS2_PLACEMENT_3D('',#11501,#11502,#11503);
#11501 = CARTESIAN_POINT('',(-2.063124952708,0.84,0.894442816109));
#11502 = DIRECTION('',(0.,1.,0.));
#11503 = DIRECTION('',(0.,-0.,1.));
#11504 = ORIENTED_EDGE('',*,*,#11505,.T.);
#11505 = EDGE_CURVE('',#11497,#11506,#11508,.T.);
#11506 = VERTEX_POINT('',#11507);
#11507 = CARTESIAN_POINT('',(-1.95,0.84,0.996942816109));
#11508 = LINE('',#11509,#11510);
#11509 = CARTESIAN_POINT('',(-2.114787589337,0.84,0.996942816109));
#11510 = VECTOR('',#11511,1.);
#11511 = DIRECTION('',(1.,0.,0.));
#11512 = ORIENTED_EDGE('',*,*,#11513,.F.);
#11513 = EDGE_CURVE('',#11514,#11506,#11516,.T.);
#11514 = VERTEX_POINT('',#11515);
#11515 = CARTESIAN_POINT('',(-1.95,0.84,0.791942816109));
#11516 = LINE('',#11517,#11518);
#11517 = CARTESIAN_POINT('',(-1.95,0.84,0.791942816109));
#11518 = VECTOR('',#11519,1.);
#11519 = DIRECTION('',(0.,0.,1.));
#11520 = ORIENTED_EDGE('',*,*,#11521,.F.);
#11521 = EDGE_CURVE('',#11522,#11514,#11524,.T.);
#11522 = VERTEX_POINT('',#11523);
#11523 = CARTESIAN_POINT('',(-2.011462316079,0.84,0.791942816109));
#11524 = LINE('',#11525,#11526);
#11525 = CARTESIAN_POINT('',(-2.114787589337,0.84,0.791942816109));
#11526 = VECTOR('',#11527,1.);
#11527 = DIRECTION('',(1.,0.,0.));
#11528 = ORIENTED_EDGE('',*,*,#11529,.F.);
#11529 = EDGE_CURVE('',#11530,#11522,#11532,.T.);
#11530 = VERTEX_POINT('',#11531);
#11531 = CARTESIAN_POINT('',(-2.56676884196,0.84,4.152859194544E-02));
#11532 = LINE('',#11533,#11534);
#11533 = CARTESIAN_POINT('',(-2.5975,0.84,2.775557561563E-17));
#11534 = VECTOR('',#11535,1.);
#11535 = DIRECTION('',(0.59484300541,0.,0.803841899203));
#11536 = ORIENTED_EDGE('',*,*,#11537,.F.);
#11537 = EDGE_CURVE('',#11465,#11530,#11538,.T.);
#11538 = CIRCLE('',#11539,0.1025);
#11539 = AXIS2_PLACEMENT_3D('',#11540,#11541,#11542);
#11540 = CARTESIAN_POINT('',(-2.649162636629,0.84,0.1025));
#11541 = DIRECTION('',(0.,-1.,0.));
#11542 = DIRECTION('',(0.,0.,1.));
#11543 = PLANE('',#11544);
#11544 = AXIS2_PLACEMENT_3D('',#11545,#11546,#11547);
#11545 = CARTESIAN_POINT('',(-2.445327895667,0.84,0.442081221949));
#11546 = DIRECTION('',(1.554627533177E-30,1.,-1.256499372016E-30));
#11547 = DIRECTION('',(1.,-1.554627533177E-30,0.));
#11548 = ADVANCED_FACE('',(#11549),#11568,.F.);
#11549 = FACE_BOUND('',#11550,.F.);
#11550 = EDGE_LOOP('',(#11551,#11552,#11553,#11561));
#11551 = ORIENTED_EDGE('',*,*,#11448,.T.);
#11552 = ORIENTED_EDGE('',*,*,#11479,.T.);
#11553 = ORIENTED_EDGE('',*,*,#11554,.F.);
#11554 = EDGE_CURVE('',#11555,#11480,#11557,.T.);
#11555 = VERTEX_POINT('',#11556);
#11556 = CARTESIAN_POINT('',(-2.670094115218,0.43,0.246528591945));
#11557 = LINE('',#11558,#11559);
#11558 = CARTESIAN_POINT('',(-2.670094115218,0.43,0.246528591945));
#11559 = VECTOR('',#11560,1.);
#11560 = DIRECTION('',(0.,1.,0.));
#11561 = ORIENTED_EDGE('',*,*,#11562,.F.);
#11562 = EDGE_CURVE('',#11441,#11555,#11563,.T.);
#11563 = CIRCLE('',#11564,0.1025);
#11564 = AXIS2_PLACEMENT_3D('',#11565,#11566,#11567);
#11565 = CARTESIAN_POINT('',(-2.752487909886,0.43,0.3075));
#11566 = DIRECTION('',(0.,-1.,0.));
#11567 = DIRECTION('',(0.,0.,1.));
#11568 = CYLINDRICAL_SURFACE('',#11569,0.1025);
#11569 = AXIS2_PLACEMENT_3D('',#11570,#11571,#11572);
#11570 = CARTESIAN_POINT('',(-2.752487909886,0.43,0.3075));
#11571 = DIRECTION('',(0.,1.,0.));
#11572 = DIRECTION('',(0.,0.,-1.));
#11573 = ADVANCED_FACE('',(#11574),#11592,.F.);
#11574 = FACE_BOUND('',#11575,.F.);
#11575 = EDGE_LOOP('',(#11576,#11584,#11590,#11591));
#11576 = ORIENTED_EDGE('',*,*,#11577,.F.);
#11577 = EDGE_CURVE('',#11578,#11433,#11580,.T.);
#11578 = VERTEX_POINT('',#11579);
#11579 = CARTESIAN_POINT('',(-2.9975,0.43,0.));
#11580 = LINE('',#11581,#11582);
#11581 = CARTESIAN_POINT('',(-2.9975,0.43,0.));
#11582 = VECTOR('',#11583,1.);
#11583 = DIRECTION('',(0.,0.,1.));
#11584 = ORIENTED_EDGE('',*,*,#11585,.T.);
#11585 = EDGE_CURVE('',#11578,#11463,#11586,.T.);
#11586 = LINE('',#11587,#11588);
#11587 = CARTESIAN_POINT('',(-2.9975,0.43,0.));
#11588 = VECTOR('',#11589,1.);
#11589 = DIRECTION('',(0.,1.,0.));
#11590 = ORIENTED_EDGE('',*,*,#11472,.T.);
#11591 = ORIENTED_EDGE('',*,*,#11432,.F.);
#11592 = PLANE('',#11593);
#11593 = AXIS2_PLACEMENT_3D('',#11594,#11595,#11596);
#11594 = CARTESIAN_POINT('',(-2.9975,0.43,0.));
#11595 = DIRECTION('',(1.,0.,0.));
#11596 = DIRECTION('',(0.,0.,1.));
#11597 = ADVANCED_FACE('',(#11598),#11667,.T.);
#11598 = FACE_BOUND('',#11599,.T.);
#11599 = EDGE_LOOP('',(#11600,#11608,#11617,#11625,#11633,#11641,#11649,
    #11658,#11664,#11665,#11666));
#11600 = ORIENTED_EDGE('',*,*,#11601,.T.);
#11601 = EDGE_CURVE('',#11578,#11602,#11604,.T.);
#11602 = VERTEX_POINT('',#11603);
#11603 = CARTESIAN_POINT('',(-2.649162636629,0.43,0.));
#11604 = LINE('',#11605,#11606);
#11605 = CARTESIAN_POINT('',(-2.9975,0.43,0.));
#11606 = VECTOR('',#11607,1.);
#11607 = DIRECTION('',(1.,0.,0.));
#11608 = ORIENTED_EDGE('',*,*,#11609,.T.);
#11609 = EDGE_CURVE('',#11602,#11610,#11612,.T.);
#11610 = VERTEX_POINT('',#11611);
#11611 = CARTESIAN_POINT('',(-2.56676884196,0.43,4.152859194544E-02));
#11612 = CIRCLE('',#11613,0.1025);
#11613 = AXIS2_PLACEMENT_3D('',#11614,#11615,#11616);
#11614 = CARTESIAN_POINT('',(-2.649162636629,0.43,0.1025));
#11615 = DIRECTION('',(0.,-1.,0.));
#11616 = DIRECTION('',(0.,0.,1.));
#11617 = ORIENTED_EDGE('',*,*,#11618,.T.);
#11618 = EDGE_CURVE('',#11610,#11619,#11621,.T.);
#11619 = VERTEX_POINT('',#11620);
#11620 = CARTESIAN_POINT('',(-2.011462316079,0.43,0.791942816109));
#11621 = LINE('',#11622,#11623);
#11622 = CARTESIAN_POINT('',(-2.5975,0.43,2.775557561563E-17));
#11623 = VECTOR('',#11624,1.);
#11624 = DIRECTION('',(0.59484300541,0.,0.803841899203));
#11625 = ORIENTED_EDGE('',*,*,#11626,.T.);
#11626 = EDGE_CURVE('',#11619,#11627,#11629,.T.);
#11627 = VERTEX_POINT('',#11628);
#11628 = CARTESIAN_POINT('',(-1.95,0.43,0.791942816109));
#11629 = LINE('',#11630,#11631);
#11630 = CARTESIAN_POINT('',(-2.114787589337,0.43,0.791942816109));
#11631 = VECTOR('',#11632,1.);
#11632 = DIRECTION('',(1.,0.,0.));
#11633 = ORIENTED_EDGE('',*,*,#11634,.T.);
#11634 = EDGE_CURVE('',#11627,#11635,#11637,.T.);
#11635 = VERTEX_POINT('',#11636);
#11636 = CARTESIAN_POINT('',(-1.95,0.43,0.996942816109));
#11637 = LINE('',#11638,#11639);
#11638 = CARTESIAN_POINT('',(-1.95,0.43,0.791942816109));
#11639 = VECTOR('',#11640,1.);
#11640 = DIRECTION('',(0.,0.,1.));
#11641 = ORIENTED_EDGE('',*,*,#11642,.F.);
#11642 = EDGE_CURVE('',#11643,#11635,#11645,.T.);
#11643 = VERTEX_POINT('',#11644);
#11644 = CARTESIAN_POINT('',(-2.063124952708,0.43,0.996942816109));
#11645 = LINE('',#11646,#11647);
#11646 = CARTESIAN_POINT('',(-2.114787589337,0.43,0.996942816109));
#11647 = VECTOR('',#11648,1.);
#11648 = DIRECTION('',(1.,0.,0.));
#11649 = ORIENTED_EDGE('',*,*,#11650,.F.);
#11650 = EDGE_CURVE('',#11651,#11643,#11653,.T.);
#11651 = VERTEX_POINT('',#11652);
#11652 = CARTESIAN_POINT('',(-2.145518747376,0.43,0.955414224164));
#11653 = CIRCLE('',#11654,0.1025);
#11654 = AXIS2_PLACEMENT_3D('',#11655,#11656,#11657);
#11655 = CARTESIAN_POINT('',(-2.063124952708,0.43,0.894442816109));
#11656 = DIRECTION('',(0.,1.,0.));
#11657 = DIRECTION('',(0.,-0.,1.));
#11658 = ORIENTED_EDGE('',*,*,#11659,.F.);
#11659 = EDGE_CURVE('',#11555,#11651,#11660,.T.);
#11660 = LINE('',#11661,#11662);
#11661 = CARTESIAN_POINT('',(-2.762287589337,0.43,0.121942816109));
#11662 = VECTOR('',#11663,1.);
#11663 = DIRECTION('',(0.59484300541,0.,0.803841899203));
#11664 = ORIENTED_EDGE('',*,*,#11562,.F.);
#11665 = ORIENTED_EDGE('',*,*,#11440,.F.);
#11666 = ORIENTED_EDGE('',*,*,#11577,.F.);
#11667 = PLANE('',#11668);
#11668 = AXIS2_PLACEMENT_3D('',#11669,#11670,#11671);
#11669 = CARTESIAN_POINT('',(-2.445327895667,0.43,0.442081221949));
#11670 = DIRECTION('',(-0.,-1.,-0.));
#11671 = DIRECTION('',(0.,0.,-1.));
#11672 = ADVANCED_FACE('',(#11673),#11684,.F.);
#11673 = FACE_BOUND('',#11674,.F.);
#11674 = EDGE_LOOP('',(#11675,#11676,#11677,#11678));
#11675 = ORIENTED_EDGE('',*,*,#11462,.F.);
#11676 = ORIENTED_EDGE('',*,*,#11585,.F.);
#11677 = ORIENTED_EDGE('',*,*,#11601,.T.);
#11678 = ORIENTED_EDGE('',*,*,#11679,.T.);
#11679 = EDGE_CURVE('',#11602,#11465,#11680,.T.);
#11680 = LINE('',#11681,#11682);
#11681 = CARTESIAN_POINT('',(-2.649162636629,0.43,0.));
#11682 = VECTOR('',#11683,1.);
#11683 = DIRECTION('',(0.,1.,0.));
#11684 = PLANE('',#11685);
#11685 = AXIS2_PLACEMENT_3D('',#11686,#11687,#11688);
#11686 = CARTESIAN_POINT('',(-2.9975,0.43,0.));
#11687 = DIRECTION('',(0.,0.,1.));
#11688 = DIRECTION('',(1.,0.,-0.));
#11689 = ADVANCED_FACE('',(#11690),#11701,.T.);
#11690 = FACE_BOUND('',#11691,.T.);
#11691 = EDGE_LOOP('',(#11692,#11693,#11694,#11700));
#11692 = ORIENTED_EDGE('',*,*,#11679,.T.);
#11693 = ORIENTED_EDGE('',*,*,#11537,.T.);
#11694 = ORIENTED_EDGE('',*,*,#11695,.F.);
#11695 = EDGE_CURVE('',#11610,#11530,#11696,.T.);
#11696 = LINE('',#11697,#11698);
#11697 = CARTESIAN_POINT('',(-2.56676884196,0.43,4.152859194544E-02));
#11698 = VECTOR('',#11699,1.);
#11699 = DIRECTION('',(0.,1.,0.));
#11700 = ORIENTED_EDGE('',*,*,#11609,.F.);
#11701 = CYLINDRICAL_SURFACE('',#11702,0.1025);
#11702 = AXIS2_PLACEMENT_3D('',#11703,#11704,#11705);
#11703 = CARTESIAN_POINT('',(-2.649162636629,0.43,0.1025));
#11704 = DIRECTION('',(0.,1.,0.));
#11705 = DIRECTION('',(0.,0.,-1.));
#11706 = ADVANCED_FACE('',(#11707),#11718,.T.);
#11707 = FACE_BOUND('',#11708,.T.);
#11708 = EDGE_LOOP('',(#11709,#11710,#11711,#11712));
#11709 = ORIENTED_EDGE('',*,*,#11618,.F.);
#11710 = ORIENTED_EDGE('',*,*,#11695,.T.);
#11711 = ORIENTED_EDGE('',*,*,#11529,.T.);
#11712 = ORIENTED_EDGE('',*,*,#11713,.F.);
#11713 = EDGE_CURVE('',#11619,#11522,#11714,.T.);
#11714 = LINE('',#11715,#11716);
#11715 = CARTESIAN_POINT('',(-2.011462316079,0.43,0.791942816109));
#11716 = VECTOR('',#11717,1.);
#11717 = DIRECTION('',(0.,1.,0.));
#11718 = PLANE('',#11719);
#11719 = AXIS2_PLACEMENT_3D('',#11720,#11721,#11722);
#11720 = CARTESIAN_POINT('',(-2.5975,0.43,2.775557561563E-17));
#11721 = DIRECTION('',(0.803841899203,0.,-0.59484300541));
#11722 = DIRECTION('',(0.59484300541,0.,0.803841899203));
#11723 = ADVANCED_FACE('',(#11724),#11735,.F.);
#11724 = FACE_BOUND('',#11725,.F.);
#11725 = EDGE_LOOP('',(#11726,#11727,#11728,#11729));
#11726 = ORIENTED_EDGE('',*,*,#11521,.F.);
#11727 = ORIENTED_EDGE('',*,*,#11713,.F.);
#11728 = ORIENTED_EDGE('',*,*,#11626,.T.);
#11729 = ORIENTED_EDGE('',*,*,#11730,.T.);
#11730 = EDGE_CURVE('',#11627,#11514,#11731,.T.);
#11731 = LINE('',#11732,#11733);
#11732 = CARTESIAN_POINT('',(-1.95,0.43,0.791942816109));
#11733 = VECTOR('',#11734,1.);
#11734 = DIRECTION('',(0.,1.,0.));
#11735 = PLANE('',#11736);
#11736 = AXIS2_PLACEMENT_3D('',#11737,#11738,#11739);
#11737 = CARTESIAN_POINT('',(-2.114787589337,0.43,0.791942816109));
#11738 = DIRECTION('',(0.,0.,1.));
#11739 = DIRECTION('',(1.,0.,-0.));
#11740 = ADVANCED_FACE('',(#11741),#11752,.T.);
#11741 = FACE_BOUND('',#11742,.T.);
#11742 = EDGE_LOOP('',(#11743,#11744,#11745,#11746));
#11743 = ORIENTED_EDGE('',*,*,#11634,.F.);
#11744 = ORIENTED_EDGE('',*,*,#11730,.T.);
#11745 = ORIENTED_EDGE('',*,*,#11513,.T.);
#11746 = ORIENTED_EDGE('',*,*,#11747,.F.);
#11747 = EDGE_CURVE('',#11635,#11506,#11748,.T.);
#11748 = LINE('',#11749,#11750);
#11749 = CARTESIAN_POINT('',(-1.95,0.43,0.996942816109));
#11750 = VECTOR('',#11751,1.);
#11751 = DIRECTION('',(0.,1.,0.));
#11752 = PLANE('',#11753);
#11753 = AXIS2_PLACEMENT_3D('',#11754,#11755,#11756);
#11754 = CARTESIAN_POINT('',(-1.95,0.43,0.791942816109));
#11755 = DIRECTION('',(1.,0.,0.));
#11756 = DIRECTION('',(0.,0.,1.));
#11757 = ADVANCED_FACE('',(#11758),#11769,.F.);
#11758 = FACE_BOUND('',#11759,.F.);
#11759 = EDGE_LOOP('',(#11760,#11761,#11762,#11763));
#11760 = ORIENTED_EDGE('',*,*,#11659,.F.);
#11761 = ORIENTED_EDGE('',*,*,#11554,.T.);
#11762 = ORIENTED_EDGE('',*,*,#11488,.T.);
#11763 = ORIENTED_EDGE('',*,*,#11764,.F.);
#11764 = EDGE_CURVE('',#11651,#11489,#11765,.T.);
#11765 = LINE('',#11766,#11767);
#11766 = CARTESIAN_POINT('',(-2.145518747376,0.43,0.955414224164));
#11767 = VECTOR('',#11768,1.);
#11768 = DIRECTION('',(0.,1.,0.));
#11769 = PLANE('',#11770);
#11770 = AXIS2_PLACEMENT_3D('',#11771,#11772,#11773);
#11771 = CARTESIAN_POINT('',(-2.762287589337,0.43,0.121942816109));
#11772 = DIRECTION('',(0.803841899203,0.,-0.59484300541));
#11773 = DIRECTION('',(0.59484300541,0.,0.803841899203));
#11774 = ADVANCED_FACE('',(#11775),#11786,.T.);
#11775 = FACE_BOUND('',#11776,.T.);
#11776 = EDGE_LOOP('',(#11777,#11778,#11779,#11780));
#11777 = ORIENTED_EDGE('',*,*,#11642,.T.);
#11778 = ORIENTED_EDGE('',*,*,#11747,.T.);
#11779 = ORIENTED_EDGE('',*,*,#11505,.F.);
#11780 = ORIENTED_EDGE('',*,*,#11781,.F.);
#11781 = EDGE_CURVE('',#11643,#11497,#11782,.T.);
#11782 = LINE('',#11783,#11784);
#11783 = CARTESIAN_POINT('',(-2.063124952708,0.43,0.996942816109));
#11784 = VECTOR('',#11785,1.);
#11785 = DIRECTION('',(0.,1.,0.));
#11786 = PLANE('',#11787);
#11787 = AXIS2_PLACEMENT_3D('',#11788,#11789,#11790);
#11788 = CARTESIAN_POINT('',(-2.114787589337,0.43,0.996942816109));
#11789 = DIRECTION('',(0.,0.,1.));
#11790 = DIRECTION('',(1.,0.,-0.));
#11791 = ADVANCED_FACE('',(#11792),#11798,.T.);
#11792 = FACE_BOUND('',#11793,.T.);
#11793 = EDGE_LOOP('',(#11794,#11795,#11796,#11797));
#11794 = ORIENTED_EDGE('',*,*,#11650,.T.);
#11795 = ORIENTED_EDGE('',*,*,#11781,.T.);
#11796 = ORIENTED_EDGE('',*,*,#11496,.F.);
#11797 = ORIENTED_EDGE('',*,*,#11764,.F.);
#11798 = CYLINDRICAL_SURFACE('',#11799,0.1025);
#11799 = AXIS2_PLACEMENT_3D('',#11800,#11801,#11802);
#11800 = CARTESIAN_POINT('',(-2.063124952708,0.43,0.894442816109));
#11801 = DIRECTION('',(0.,1.,0.));
#11802 = DIRECTION('',(-0.803841899203,0.,0.59484300541));
#11803 = MANIFOLD_SOLID_BREP('',#11804);
#11804 = CLOSED_SHELL('',(#11805,#11845,#11935,#11960,#11984,#12059,
    #12076,#12093,#12110,#12127,#12144,#12161,#12178));
#11805 = ADVANCED_FACE('',(#11806),#11840,.T.);
#11806 = FACE_BOUND('',#11807,.T.);
#11807 = EDGE_LOOP('',(#11808,#11818,#11826,#11834));
#11808 = ORIENTED_EDGE('',*,*,#11809,.F.);
#11809 = EDGE_CURVE('',#11810,#11812,#11814,.T.);
#11810 = VERTEX_POINT('',#11811);
#11811 = CARTESIAN_POINT('',(2.752487909886,0.84,0.205));
#11812 = VERTEX_POINT('',#11813);
#11813 = CARTESIAN_POINT('',(2.9975,0.84,0.205));
#11814 = LINE('',#11815,#11816);
#11815 = CARTESIAN_POINT('',(2.5975,0.84,0.205));
#11816 = VECTOR('',#11817,1.);
#11817 = DIRECTION('',(1.,0.,0.));
#11818 = ORIENTED_EDGE('',*,*,#11819,.F.);
#11819 = EDGE_CURVE('',#11820,#11810,#11822,.T.);
#11820 = VERTEX_POINT('',#11821);
#11821 = CARTESIAN_POINT('',(2.752487909886,0.43,0.205));
#11822 = LINE('',#11823,#11824);
#11823 = CARTESIAN_POINT('',(2.752487909886,0.43,0.205));
#11824 = VECTOR('',#11825,1.);
#11825 = DIRECTION('',(0.,1.,0.));
#11826 = ORIENTED_EDGE('',*,*,#11827,.T.);
#11827 = EDGE_CURVE('',#11820,#11828,#11830,.T.);
#11828 = VERTEX_POINT('',#11829);
#11829 = CARTESIAN_POINT('',(2.9975,0.43,0.205));
#11830 = LINE('',#11831,#11832);
#11831 = CARTESIAN_POINT('',(2.5975,0.43,0.205));
#11832 = VECTOR('',#11833,1.);
#11833 = DIRECTION('',(1.,0.,0.));
#11834 = ORIENTED_EDGE('',*,*,#11835,.T.);
#11835 = EDGE_CURVE('',#11828,#11812,#11836,.T.);
#11836 = LINE('',#11837,#11838);
#11837 = CARTESIAN_POINT('',(2.9975,0.43,0.205));
#11838 = VECTOR('',#11839,1.);
#11839 = DIRECTION('',(0.,1.,0.));
#11840 = PLANE('',#11841);
#11841 = AXIS2_PLACEMENT_3D('',#11842,#11843,#11844);
#11842 = CARTESIAN_POINT('',(2.5975,0.43,0.205));
#11843 = DIRECTION('',(0.,0.,1.));
#11844 = DIRECTION('',(1.,0.,-0.));
#11845 = ADVANCED_FACE('',(#11846),#11930,.T.);
#11846 = FACE_BOUND('',#11847,.T.);
#11847 = EDGE_LOOP('',(#11848,#11858,#11867,#11875,#11883,#11891,#11899,
    #11908,#11916,#11923,#11924));
#11848 = ORIENTED_EDGE('',*,*,#11849,.F.);
#11849 = EDGE_CURVE('',#11850,#11852,#11854,.T.);
#11850 = VERTEX_POINT('',#11851);
#11851 = CARTESIAN_POINT('',(2.649162636629,0.84,0.));
#11852 = VERTEX_POINT('',#11853);
#11853 = CARTESIAN_POINT('',(2.9975,0.84,0.));
#11854 = LINE('',#11855,#11856);
#11855 = CARTESIAN_POINT('',(2.5975,0.84,0.));
#11856 = VECTOR('',#11857,1.);
#11857 = DIRECTION('',(1.,0.,0.));
#11858 = ORIENTED_EDGE('',*,*,#11859,.T.);
#11859 = EDGE_CURVE('',#11850,#11860,#11862,.T.);
#11860 = VERTEX_POINT('',#11861);
#11861 = CARTESIAN_POINT('',(2.56676884196,0.84,4.152859194544E-02));
#11862 = CIRCLE('',#11863,0.1025);
#11863 = AXIS2_PLACEMENT_3D('',#11864,#11865,#11866);
#11864 = CARTESIAN_POINT('',(2.649162636629,0.84,0.1025));
#11865 = DIRECTION('',(0.,1.,0.));
#11866 = DIRECTION('',(0.,-0.,1.));
#11867 = ORIENTED_EDGE('',*,*,#11868,.T.);
#11868 = EDGE_CURVE('',#11860,#11869,#11871,.T.);
#11869 = VERTEX_POINT('',#11870);
#11870 = CARTESIAN_POINT('',(2.011462316079,0.84,0.791942816109));
#11871 = LINE('',#11872,#11873);
#11872 = CARTESIAN_POINT('',(2.5975,0.84,0.));
#11873 = VECTOR('',#11874,1.);
#11874 = DIRECTION('',(-0.59484300541,0.,0.803841899203));
#11875 = ORIENTED_EDGE('',*,*,#11876,.F.);
#11876 = EDGE_CURVE('',#11877,#11869,#11879,.T.);
#11877 = VERTEX_POINT('',#11878);
#11878 = CARTESIAN_POINT('',(1.95,0.84,0.791942816109));
#11879 = LINE('',#11880,#11881);
#11880 = CARTESIAN_POINT('',(1.95,0.84,0.791942816109));
#11881 = VECTOR('',#11882,1.);
#11882 = DIRECTION('',(1.,0.,0.));
#11883 = ORIENTED_EDGE('',*,*,#11884,.T.);
#11884 = EDGE_CURVE('',#11877,#11885,#11887,.T.);
#11885 = VERTEX_POINT('',#11886);
#11886 = CARTESIAN_POINT('',(1.95,0.84,0.996942816109));
#11887 = LINE('',#11888,#11889);
#11888 = CARTESIAN_POINT('',(1.95,0.84,0.791942816109));
#11889 = VECTOR('',#11890,1.);
#11890 = DIRECTION('',(0.,0.,1.));
#11891 = ORIENTED_EDGE('',*,*,#11892,.T.);
#11892 = EDGE_CURVE('',#11885,#11893,#11895,.T.);
#11893 = VERTEX_POINT('',#11894);
#11894 = CARTESIAN_POINT('',(2.063124952708,0.84,0.996942816109));
#11895 = LINE('',#11896,#11897);
#11896 = CARTESIAN_POINT('',(1.95,0.84,0.996942816109));
#11897 = VECTOR('',#11898,1.);
#11898 = DIRECTION('',(1.,0.,0.));
#11899 = ORIENTED_EDGE('',*,*,#11900,.F.);
#11900 = EDGE_CURVE('',#11901,#11893,#11903,.T.);
#11901 = VERTEX_POINT('',#11902);
#11902 = CARTESIAN_POINT('',(2.145518747376,0.84,0.955414224164));
#11903 = CIRCLE('',#11904,0.1025);
#11904 = AXIS2_PLACEMENT_3D('',#11905,#11906,#11907);
#11905 = CARTESIAN_POINT('',(2.063124952708,0.84,0.894442816109));
#11906 = DIRECTION('',(0.,-1.,0.));
#11907 = DIRECTION('',(0.,0.,1.));
#11908 = ORIENTED_EDGE('',*,*,#11909,.F.);
#11909 = EDGE_CURVE('',#11910,#11901,#11912,.T.);
#11910 = VERTEX_POINT('',#11911);
#11911 = CARTESIAN_POINT('',(2.670094115218,0.84,0.246528591945));
#11912 = LINE('',#11913,#11914);
#11913 = CARTESIAN_POINT('',(2.762287589337,0.84,0.121942816109));
#11914 = VECTOR('',#11915,1.);
#11915 = DIRECTION('',(-0.59484300541,0.,0.803841899203));
#11916 = ORIENTED_EDGE('',*,*,#11917,.F.);
#11917 = EDGE_CURVE('',#11810,#11910,#11918,.T.);
#11918 = CIRCLE('',#11919,0.1025);
#11919 = AXIS2_PLACEMENT_3D('',#11920,#11921,#11922);
#11920 = CARTESIAN_POINT('',(2.752487909886,0.84,0.3075));
#11921 = DIRECTION('',(0.,1.,0.));
#11922 = DIRECTION('',(0.,-0.,1.));
#11923 = ORIENTED_EDGE('',*,*,#11809,.T.);
#11924 = ORIENTED_EDGE('',*,*,#11925,.F.);
#11925 = EDGE_CURVE('',#11852,#11812,#11926,.T.);
#11926 = LINE('',#11927,#11928);
#11927 = CARTESIAN_POINT('',(2.9975,0.84,0.));
#11928 = VECTOR('',#11929,1.);
#11929 = DIRECTION('',(0.,0.,1.));
#11930 = PLANE('',#11931);
#11931 = AXIS2_PLACEMENT_3D('',#11932,#11933,#11934);
#11932 = CARTESIAN_POINT('',(2.445327895667,0.84,0.442081221949));
#11933 = DIRECTION('',(-1.037026165273E-29,1.,-8.427830616673E-30));
#11934 = DIRECTION('',(1.,1.037026165273E-29,0.));
#11935 = ADVANCED_FACE('',(#11936),#11955,.F.);
#11936 = FACE_BOUND('',#11937,.F.);
#11937 = EDGE_LOOP('',(#11938,#11947,#11953,#11954));
#11938 = ORIENTED_EDGE('',*,*,#11939,.T.);
#11939 = EDGE_CURVE('',#11820,#11940,#11942,.T.);
#11940 = VERTEX_POINT('',#11941);
#11941 = CARTESIAN_POINT('',(2.670094115218,0.43,0.246528591945));
#11942 = CIRCLE('',#11943,0.1025);
#11943 = AXIS2_PLACEMENT_3D('',#11944,#11945,#11946);
#11944 = CARTESIAN_POINT('',(2.752487909886,0.43,0.3075));
#11945 = DIRECTION('',(0.,1.,0.));
#11946 = DIRECTION('',(0.,-0.,1.));
#11947 = ORIENTED_EDGE('',*,*,#11948,.T.);
#11948 = EDGE_CURVE('',#11940,#11910,#11949,.T.);
#11949 = LINE('',#11950,#11951);
#11950 = CARTESIAN_POINT('',(2.670094115218,0.43,0.246528591945));
#11951 = VECTOR('',#11952,1.);
#11952 = DIRECTION('',(0.,1.,0.));
#11953 = ORIENTED_EDGE('',*,*,#11917,.F.);
#11954 = ORIENTED_EDGE('',*,*,#11819,.F.);
#11955 = CYLINDRICAL_SURFACE('',#11956,0.1025);
#11956 = AXIS2_PLACEMENT_3D('',#11957,#11958,#11959);
#11957 = CARTESIAN_POINT('',(2.752487909886,0.43,0.3075));
#11958 = DIRECTION('',(0.,1.,0.));
#11959 = DIRECTION('',(0.,0.,-1.));
#11960 = ADVANCED_FACE('',(#11961),#11979,.T.);
#11961 = FACE_BOUND('',#11962,.T.);
#11962 = EDGE_LOOP('',(#11963,#11971,#11977,#11978));
#11963 = ORIENTED_EDGE('',*,*,#11964,.F.);
#11964 = EDGE_CURVE('',#11965,#11828,#11967,.T.);
#11965 = VERTEX_POINT('',#11966);
#11966 = CARTESIAN_POINT('',(2.9975,0.43,0.));
#11967 = LINE('',#11968,#11969);
#11968 = CARTESIAN_POINT('',(2.9975,0.43,0.));
#11969 = VECTOR('',#11970,1.);
#11970 = DIRECTION('',(0.,0.,1.));
#11971 = ORIENTED_EDGE('',*,*,#11972,.T.);
#11972 = EDGE_CURVE('',#11965,#11852,#11973,.T.);
#11973 = LINE('',#11974,#11975);
#11974 = CARTESIAN_POINT('',(2.9975,0.43,0.));
#11975 = VECTOR('',#11976,1.);
#11976 = DIRECTION('',(0.,1.,0.));
#11977 = ORIENTED_EDGE('',*,*,#11925,.T.);
#11978 = ORIENTED_EDGE('',*,*,#11835,.F.);
#11979 = PLANE('',#11980);
#11980 = AXIS2_PLACEMENT_3D('',#11981,#11982,#11983);
#11981 = CARTESIAN_POINT('',(2.9975,0.43,0.));
#11982 = DIRECTION('',(1.,0.,0.));
#11983 = DIRECTION('',(0.,0.,1.));
#11984 = ADVANCED_FACE('',(#11985),#12054,.T.);
#11985 = FACE_BOUND('',#11986,.T.);
#11986 = EDGE_LOOP('',(#11987,#11995,#11996,#11997,#11998,#12006,#12015,
    #12023,#12031,#12039,#12047));
#11987 = ORIENTED_EDGE('',*,*,#11988,.T.);
#11988 = EDGE_CURVE('',#11989,#11965,#11991,.T.);
#11989 = VERTEX_POINT('',#11990);
#11990 = CARTESIAN_POINT('',(2.649162636629,0.43,0.));
#11991 = LINE('',#11992,#11993);
#11992 = CARTESIAN_POINT('',(2.5975,0.43,0.));
#11993 = VECTOR('',#11994,1.);
#11994 = DIRECTION('',(1.,0.,0.));
#11995 = ORIENTED_EDGE('',*,*,#11964,.T.);
#11996 = ORIENTED_EDGE('',*,*,#11827,.F.);
#11997 = ORIENTED_EDGE('',*,*,#11939,.T.);
#11998 = ORIENTED_EDGE('',*,*,#11999,.T.);
#11999 = EDGE_CURVE('',#11940,#12000,#12002,.T.);
#12000 = VERTEX_POINT('',#12001);
#12001 = CARTESIAN_POINT('',(2.145518747376,0.43,0.955414224164));
#12002 = LINE('',#12003,#12004);
#12003 = CARTESIAN_POINT('',(2.762287589337,0.43,0.121942816109));
#12004 = VECTOR('',#12005,1.);
#12005 = DIRECTION('',(-0.59484300541,0.,0.803841899203));
#12006 = ORIENTED_EDGE('',*,*,#12007,.T.);
#12007 = EDGE_CURVE('',#12000,#12008,#12010,.T.);
#12008 = VERTEX_POINT('',#12009);
#12009 = CARTESIAN_POINT('',(2.063124952708,0.43,0.996942816109));
#12010 = CIRCLE('',#12011,0.1025);
#12011 = AXIS2_PLACEMENT_3D('',#12012,#12013,#12014);
#12012 = CARTESIAN_POINT('',(2.063124952708,0.43,0.894442816109));
#12013 = DIRECTION('',(0.,-1.,0.));
#12014 = DIRECTION('',(0.,0.,1.));
#12015 = ORIENTED_EDGE('',*,*,#12016,.F.);
#12016 = EDGE_CURVE('',#12017,#12008,#12019,.T.);
#12017 = VERTEX_POINT('',#12018);
#12018 = CARTESIAN_POINT('',(1.95,0.43,0.996942816109));
#12019 = LINE('',#12020,#12021);
#12020 = CARTESIAN_POINT('',(1.95,0.43,0.996942816109));
#12021 = VECTOR('',#12022,1.);
#12022 = DIRECTION('',(1.,0.,0.));
#12023 = ORIENTED_EDGE('',*,*,#12024,.F.);
#12024 = EDGE_CURVE('',#12025,#12017,#12027,.T.);
#12025 = VERTEX_POINT('',#12026);
#12026 = CARTESIAN_POINT('',(1.95,0.43,0.791942816109));
#12027 = LINE('',#12028,#12029);
#12028 = CARTESIAN_POINT('',(1.95,0.43,0.791942816109));
#12029 = VECTOR('',#12030,1.);
#12030 = DIRECTION('',(0.,0.,1.));
#12031 = ORIENTED_EDGE('',*,*,#12032,.T.);
#12032 = EDGE_CURVE('',#12025,#12033,#12035,.T.);
#12033 = VERTEX_POINT('',#12034);
#12034 = CARTESIAN_POINT('',(2.011462316079,0.43,0.791942816109));
#12035 = LINE('',#12036,#12037);
#12036 = CARTESIAN_POINT('',(1.95,0.43,0.791942816109));
#12037 = VECTOR('',#12038,1.);
#12038 = DIRECTION('',(1.,0.,0.));
#12039 = ORIENTED_EDGE('',*,*,#12040,.F.);
#12040 = EDGE_CURVE('',#12041,#12033,#12043,.T.);
#12041 = VERTEX_POINT('',#12042);
#12042 = CARTESIAN_POINT('',(2.56676884196,0.43,4.152859194544E-02));
#12043 = LINE('',#12044,#12045);
#12044 = CARTESIAN_POINT('',(2.5975,0.43,0.));
#12045 = VECTOR('',#12046,1.);
#12046 = DIRECTION('',(-0.59484300541,0.,0.803841899203));
#12047 = ORIENTED_EDGE('',*,*,#12048,.F.);
#12048 = EDGE_CURVE('',#11989,#12041,#12049,.T.);
#12049 = CIRCLE('',#12050,0.1025);
#12050 = AXIS2_PLACEMENT_3D('',#12051,#12052,#12053);
#12051 = CARTESIAN_POINT('',(2.649162636629,0.43,0.1025));
#12052 = DIRECTION('',(0.,1.,0.));
#12053 = DIRECTION('',(0.,-0.,1.));
#12054 = PLANE('',#12055);
#12055 = AXIS2_PLACEMENT_3D('',#12056,#12057,#12058);
#12056 = CARTESIAN_POINT('',(2.445327895667,0.43,0.442081221949));
#12057 = DIRECTION('',(-1.93878169659E-30,-1.,-1.599636002756E-30));
#12058 = DIRECTION('',(-1.,1.93878169659E-30,0.));
#12059 = ADVANCED_FACE('',(#12060),#12071,.F.);
#12060 = FACE_BOUND('',#12061,.F.);
#12061 = EDGE_LOOP('',(#12062,#12063,#12064,#12065));
#12062 = ORIENTED_EDGE('',*,*,#11988,.T.);
#12063 = ORIENTED_EDGE('',*,*,#11972,.T.);
#12064 = ORIENTED_EDGE('',*,*,#11849,.F.);
#12065 = ORIENTED_EDGE('',*,*,#12066,.F.);
#12066 = EDGE_CURVE('',#11989,#11850,#12067,.T.);
#12067 = LINE('',#12068,#12069);
#12068 = CARTESIAN_POINT('',(2.649162636629,0.43,0.));
#12069 = VECTOR('',#12070,1.);
#12070 = DIRECTION('',(0.,1.,0.));
#12071 = PLANE('',#12072);
#12072 = AXIS2_PLACEMENT_3D('',#12073,#12074,#12075);
#12073 = CARTESIAN_POINT('',(2.5975,0.43,0.));
#12074 = DIRECTION('',(0.,0.,1.));
#12075 = DIRECTION('',(1.,0.,-0.));
#12076 = ADVANCED_FACE('',(#12077),#12088,.T.);
#12077 = FACE_BOUND('',#12078,.T.);
#12078 = EDGE_LOOP('',(#12079,#12080,#12086,#12087));
#12079 = ORIENTED_EDGE('',*,*,#12048,.T.);
#12080 = ORIENTED_EDGE('',*,*,#12081,.T.);
#12081 = EDGE_CURVE('',#12041,#11860,#12082,.T.);
#12082 = LINE('',#12083,#12084);
#12083 = CARTESIAN_POINT('',(2.56676884196,0.43,4.152859194544E-02));
#12084 = VECTOR('',#12085,1.);
#12085 = DIRECTION('',(0.,1.,0.));
#12086 = ORIENTED_EDGE('',*,*,#11859,.F.);
#12087 = ORIENTED_EDGE('',*,*,#12066,.F.);
#12088 = CYLINDRICAL_SURFACE('',#12089,0.1025);
#12089 = AXIS2_PLACEMENT_3D('',#12090,#12091,#12092);
#12090 = CARTESIAN_POINT('',(2.649162636629,0.43,0.1025));
#12091 = DIRECTION('',(0.,1.,0.));
#12092 = DIRECTION('',(0.,0.,-1.));
#12093 = ADVANCED_FACE('',(#12094),#12105,.F.);
#12094 = FACE_BOUND('',#12095,.F.);
#12095 = EDGE_LOOP('',(#12096,#12097,#12098,#12099));
#12096 = ORIENTED_EDGE('',*,*,#12040,.F.);
#12097 = ORIENTED_EDGE('',*,*,#12081,.T.);
#12098 = ORIENTED_EDGE('',*,*,#11868,.T.);
#12099 = ORIENTED_EDGE('',*,*,#12100,.F.);
#12100 = EDGE_CURVE('',#12033,#11869,#12101,.T.);
#12101 = LINE('',#12102,#12103);
#12102 = CARTESIAN_POINT('',(2.011462316079,0.43,0.791942816109));
#12103 = VECTOR('',#12104,1.);
#12104 = DIRECTION('',(0.,1.,0.));
#12105 = PLANE('',#12106);
#12106 = AXIS2_PLACEMENT_3D('',#12107,#12108,#12109);
#12107 = CARTESIAN_POINT('',(2.5975,0.43,0.));
#12108 = DIRECTION('',(0.803841899203,0.,0.59484300541));
#12109 = DIRECTION('',(-0.59484300541,0.,0.803841899203));
#12110 = ADVANCED_FACE('',(#12111),#12122,.F.);
#12111 = FACE_BOUND('',#12112,.F.);
#12112 = EDGE_LOOP('',(#12113,#12114,#12120,#12121));
#12113 = ORIENTED_EDGE('',*,*,#11876,.F.);
#12114 = ORIENTED_EDGE('',*,*,#12115,.F.);
#12115 = EDGE_CURVE('',#12025,#11877,#12116,.T.);
#12116 = LINE('',#12117,#12118);
#12117 = CARTESIAN_POINT('',(1.95,0.43,0.791942816109));
#12118 = VECTOR('',#12119,1.);
#12119 = DIRECTION('',(0.,1.,0.));
#12120 = ORIENTED_EDGE('',*,*,#12032,.T.);
#12121 = ORIENTED_EDGE('',*,*,#12100,.T.);
#12122 = PLANE('',#12123);
#12123 = AXIS2_PLACEMENT_3D('',#12124,#12125,#12126);
#12124 = CARTESIAN_POINT('',(1.95,0.43,0.791942816109));
#12125 = DIRECTION('',(0.,0.,1.));
#12126 = DIRECTION('',(1.,0.,-0.));
#12127 = ADVANCED_FACE('',(#12128),#12139,.F.);
#12128 = FACE_BOUND('',#12129,.T.);
#12129 = EDGE_LOOP('',(#12130,#12131,#12137,#12138));
#12130 = ORIENTED_EDGE('',*,*,#12024,.T.);
#12131 = ORIENTED_EDGE('',*,*,#12132,.T.);
#12132 = EDGE_CURVE('',#12017,#11885,#12133,.T.);
#12133 = LINE('',#12134,#12135);
#12134 = CARTESIAN_POINT('',(1.95,0.43,0.996942816109));
#12135 = VECTOR('',#12136,1.);
#12136 = DIRECTION('',(0.,1.,0.));
#12137 = ORIENTED_EDGE('',*,*,#11884,.F.);
#12138 = ORIENTED_EDGE('',*,*,#12115,.F.);
#12139 = PLANE('',#12140);
#12140 = AXIS2_PLACEMENT_3D('',#12141,#12142,#12143);
#12141 = CARTESIAN_POINT('',(1.95,0.43,0.791942816109));
#12142 = DIRECTION('',(1.,0.,0.));
#12143 = DIRECTION('',(0.,0.,1.));
#12144 = ADVANCED_FACE('',(#12145),#12156,.T.);
#12145 = FACE_BOUND('',#12146,.T.);
#12146 = EDGE_LOOP('',(#12147,#12148,#12149,#12150));
#12147 = ORIENTED_EDGE('',*,*,#11999,.F.);
#12148 = ORIENTED_EDGE('',*,*,#11948,.T.);
#12149 = ORIENTED_EDGE('',*,*,#11909,.T.);
#12150 = ORIENTED_EDGE('',*,*,#12151,.F.);
#12151 = EDGE_CURVE('',#12000,#11901,#12152,.T.);
#12152 = LINE('',#12153,#12154);
#12153 = CARTESIAN_POINT('',(2.145518747376,0.43,0.955414224164));
#12154 = VECTOR('',#12155,1.);
#12155 = DIRECTION('',(0.,1.,0.));
#12156 = PLANE('',#12157);
#12157 = AXIS2_PLACEMENT_3D('',#12158,#12159,#12160);
#12158 = CARTESIAN_POINT('',(2.762287589337,0.43,0.121942816109));
#12159 = DIRECTION('',(0.803841899203,0.,0.59484300541));
#12160 = DIRECTION('',(-0.59484300541,0.,0.803841899203));
#12161 = ADVANCED_FACE('',(#12162),#12173,.T.);
#12162 = FACE_BOUND('',#12163,.T.);
#12163 = EDGE_LOOP('',(#12164,#12165,#12166,#12167));
#12164 = ORIENTED_EDGE('',*,*,#11892,.F.);
#12165 = ORIENTED_EDGE('',*,*,#12132,.F.);
#12166 = ORIENTED_EDGE('',*,*,#12016,.T.);
#12167 = ORIENTED_EDGE('',*,*,#12168,.T.);
#12168 = EDGE_CURVE('',#12008,#11893,#12169,.T.);
#12169 = LINE('',#12170,#12171);
#12170 = CARTESIAN_POINT('',(2.063124952708,0.43,0.996942816109));
#12171 = VECTOR('',#12172,1.);
#12172 = DIRECTION('',(0.,1.,0.));
#12173 = PLANE('',#12174);
#12174 = AXIS2_PLACEMENT_3D('',#12175,#12176,#12177);
#12175 = CARTESIAN_POINT('',(1.95,0.43,0.996942816109));
#12176 = DIRECTION('',(0.,0.,1.));
#12177 = DIRECTION('',(1.,0.,-0.));
#12178 = ADVANCED_FACE('',(#12179),#12185,.T.);
#12179 = FACE_BOUND('',#12180,.T.);
#12180 = EDGE_LOOP('',(#12181,#12182,#12183,#12184));
#12181 = ORIENTED_EDGE('',*,*,#12151,.T.);
#12182 = ORIENTED_EDGE('',*,*,#11900,.T.);
#12183 = ORIENTED_EDGE('',*,*,#12168,.F.);
#12184 = ORIENTED_EDGE('',*,*,#12007,.F.);
#12185 = CYLINDRICAL_SURFACE('',#12186,0.1025);
#12186 = AXIS2_PLACEMENT_3D('',#12187,#12188,#12189);
#12187 = CARTESIAN_POINT('',(2.063124952708,0.43,0.894442816109));
#12188 = DIRECTION('',(0.,1.,0.));
#12189 = DIRECTION('',(0.803841899203,-0.,0.59484300541));
#12190 = MANIFOLD_SOLID_BREP('',#12191);
#12191 = CLOSED_SHELL('',(#12192,#12232,#12322,#12347,#12371,#12446,
    #12463,#12480,#12497,#12514,#12531,#12548,#12565));
#12192 = ADVANCED_FACE('',(#12193),#12227,.T.);
#12193 = FACE_BOUND('',#12194,.T.);
#12194 = EDGE_LOOP('',(#12195,#12205,#12213,#12221));
#12195 = ORIENTED_EDGE('',*,*,#12196,.F.);
#12196 = EDGE_CURVE('',#12197,#12199,#12201,.T.);
#12197 = VERTEX_POINT('',#12198);
#12198 = CARTESIAN_POINT('',(-2.9975,-0.43,0.205));
#12199 = VERTEX_POINT('',#12200);
#12200 = CARTESIAN_POINT('',(-2.752487909886,-0.43,0.205));
#12201 = LINE('',#12202,#12203);
#12202 = CARTESIAN_POINT('',(-2.9975,-0.43,0.205));
#12203 = VECTOR('',#12204,1.);
#12204 = DIRECTION('',(1.,0.,0.));
#12205 = ORIENTED_EDGE('',*,*,#12206,.F.);
#12206 = EDGE_CURVE('',#12207,#12197,#12209,.T.);
#12207 = VERTEX_POINT('',#12208);
#12208 = CARTESIAN_POINT('',(-2.9975,-0.84,0.205));
#12209 = LINE('',#12210,#12211);
#12210 = CARTESIAN_POINT('',(-2.9975,-0.84,0.205));
#12211 = VECTOR('',#12212,1.);
#12212 = DIRECTION('',(0.,1.,0.));
#12213 = ORIENTED_EDGE('',*,*,#12214,.T.);
#12214 = EDGE_CURVE('',#12207,#12215,#12217,.T.);
#12215 = VERTEX_POINT('',#12216);
#12216 = CARTESIAN_POINT('',(-2.752487909886,-0.84,0.205));
#12217 = LINE('',#12218,#12219);
#12218 = CARTESIAN_POINT('',(-2.9975,-0.84,0.205));
#12219 = VECTOR('',#12220,1.);
#12220 = DIRECTION('',(1.,0.,0.));
#12221 = ORIENTED_EDGE('',*,*,#12222,.T.);
#12222 = EDGE_CURVE('',#12215,#12199,#12223,.T.);
#12223 = LINE('',#12224,#12225);
#12224 = CARTESIAN_POINT('',(-2.752487909886,-0.84,0.205));
#12225 = VECTOR('',#12226,1.);
#12226 = DIRECTION('',(0.,1.,0.));
#12227 = PLANE('',#12228);
#12228 = AXIS2_PLACEMENT_3D('',#12229,#12230,#12231);
#12229 = CARTESIAN_POINT('',(-2.9975,-0.84,0.205));
#12230 = DIRECTION('',(0.,0.,1.));
#12231 = DIRECTION('',(1.,0.,-0.));
#12232 = ADVANCED_FACE('',(#12233),#12317,.T.);
#12233 = FACE_BOUND('',#12234,.T.);
#12234 = EDGE_LOOP('',(#12235,#12245,#12251,#12252,#12261,#12269,#12278,
    #12286,#12294,#12302,#12310));
#12235 = ORIENTED_EDGE('',*,*,#12236,.F.);
#12236 = EDGE_CURVE('',#12237,#12239,#12241,.T.);
#12237 = VERTEX_POINT('',#12238);
#12238 = CARTESIAN_POINT('',(-2.9975,-0.43,0.));
#12239 = VERTEX_POINT('',#12240);
#12240 = CARTESIAN_POINT('',(-2.649162636629,-0.43,0.));
#12241 = LINE('',#12242,#12243);
#12242 = CARTESIAN_POINT('',(-2.9975,-0.43,0.));
#12243 = VECTOR('',#12244,1.);
#12244 = DIRECTION('',(1.,0.,0.));
#12245 = ORIENTED_EDGE('',*,*,#12246,.T.);
#12246 = EDGE_CURVE('',#12237,#12197,#12247,.T.);
#12247 = LINE('',#12248,#12249);
#12248 = CARTESIAN_POINT('',(-2.9975,-0.43,0.));
#12249 = VECTOR('',#12250,1.);
#12250 = DIRECTION('',(0.,0.,1.));
#12251 = ORIENTED_EDGE('',*,*,#12196,.T.);
#12252 = ORIENTED_EDGE('',*,*,#12253,.T.);
#12253 = EDGE_CURVE('',#12199,#12254,#12256,.T.);
#12254 = VERTEX_POINT('',#12255);
#12255 = CARTESIAN_POINT('',(-2.670094115218,-0.43,0.246528591945));
#12256 = CIRCLE('',#12257,0.1025);
#12257 = AXIS2_PLACEMENT_3D('',#12258,#12259,#12260);
#12258 = CARTESIAN_POINT('',(-2.752487909886,-0.43,0.3075));
#12259 = DIRECTION('',(0.,-1.,0.));
#12260 = DIRECTION('',(0.,0.,1.));
#12261 = ORIENTED_EDGE('',*,*,#12262,.T.);
#12262 = EDGE_CURVE('',#12254,#12263,#12265,.T.);
#12263 = VERTEX_POINT('',#12264);
#12264 = CARTESIAN_POINT('',(-2.145518747376,-0.43,0.955414224164));
#12265 = LINE('',#12266,#12267);
#12266 = CARTESIAN_POINT('',(-2.762287589337,-0.43,0.121942816109));
#12267 = VECTOR('',#12268,1.);
#12268 = DIRECTION('',(0.59484300541,0.,0.803841899203));
#12269 = ORIENTED_EDGE('',*,*,#12270,.T.);
#12270 = EDGE_CURVE('',#12263,#12271,#12273,.T.);
#12271 = VERTEX_POINT('',#12272);
#12272 = CARTESIAN_POINT('',(-2.063124952708,-0.43,0.996942816109));
#12273 = CIRCLE('',#12274,0.1025);
#12274 = AXIS2_PLACEMENT_3D('',#12275,#12276,#12277);
#12275 = CARTESIAN_POINT('',(-2.063124952708,-0.43,0.894442816109));
#12276 = DIRECTION('',(0.,1.,0.));
#12277 = DIRECTION('',(0.,-0.,1.));
#12278 = ORIENTED_EDGE('',*,*,#12279,.T.);
#12279 = EDGE_CURVE('',#12271,#12280,#12282,.T.);
#12280 = VERTEX_POINT('',#12281);
#12281 = CARTESIAN_POINT('',(-1.95,-0.43,0.996942816109));
#12282 = LINE('',#12283,#12284);
#12283 = CARTESIAN_POINT('',(-2.114787589337,-0.43,0.996942816109));
#12284 = VECTOR('',#12285,1.);
#12285 = DIRECTION('',(1.,0.,0.));
#12286 = ORIENTED_EDGE('',*,*,#12287,.F.);
#12287 = EDGE_CURVE('',#12288,#12280,#12290,.T.);
#12288 = VERTEX_POINT('',#12289);
#12289 = CARTESIAN_POINT('',(-1.95,-0.43,0.791942816109));
#12290 = LINE('',#12291,#12292);
#12291 = CARTESIAN_POINT('',(-1.95,-0.43,0.791942816109));
#12292 = VECTOR('',#12293,1.);
#12293 = DIRECTION('',(0.,0.,1.));
#12294 = ORIENTED_EDGE('',*,*,#12295,.F.);
#12295 = EDGE_CURVE('',#12296,#12288,#12298,.T.);
#12296 = VERTEX_POINT('',#12297);
#12297 = CARTESIAN_POINT('',(-2.011462316079,-0.43,0.791942816109));
#12298 = LINE('',#12299,#12300);
#12299 = CARTESIAN_POINT('',(-2.114787589337,-0.43,0.791942816109));
#12300 = VECTOR('',#12301,1.);
#12301 = DIRECTION('',(1.,0.,0.));
#12302 = ORIENTED_EDGE('',*,*,#12303,.F.);
#12303 = EDGE_CURVE('',#12304,#12296,#12306,.T.);
#12304 = VERTEX_POINT('',#12305);
#12305 = CARTESIAN_POINT('',(-2.56676884196,-0.43,4.152859194544E-02));
#12306 = LINE('',#12307,#12308);
#12307 = CARTESIAN_POINT('',(-2.5975,-0.43,2.775557561563E-17));
#12308 = VECTOR('',#12309,1.);
#12309 = DIRECTION('',(0.59484300541,0.,0.803841899203));
#12310 = ORIENTED_EDGE('',*,*,#12311,.F.);
#12311 = EDGE_CURVE('',#12239,#12304,#12312,.T.);
#12312 = CIRCLE('',#12313,0.1025);
#12313 = AXIS2_PLACEMENT_3D('',#12314,#12315,#12316);
#12314 = CARTESIAN_POINT('',(-2.649162636629,-0.43,0.1025));
#12315 = DIRECTION('',(0.,-1.,0.));
#12316 = DIRECTION('',(0.,0.,1.));
#12317 = PLANE('',#12318);
#12318 = AXIS2_PLACEMENT_3D('',#12319,#12320,#12321);
#12319 = CARTESIAN_POINT('',(-2.445327895667,-0.43,0.442081221949));
#12320 = DIRECTION('',(1.554627533177E-30,1.,-1.256499372016E-30));
#12321 = DIRECTION('',(1.,-1.554627533177E-30,0.));
#12322 = ADVANCED_FACE('',(#12323),#12342,.F.);
#12323 = FACE_BOUND('',#12324,.F.);
#12324 = EDGE_LOOP('',(#12325,#12326,#12327,#12335));
#12325 = ORIENTED_EDGE('',*,*,#12222,.T.);
#12326 = ORIENTED_EDGE('',*,*,#12253,.T.);
#12327 = ORIENTED_EDGE('',*,*,#12328,.F.);
#12328 = EDGE_CURVE('',#12329,#12254,#12331,.T.);
#12329 = VERTEX_POINT('',#12330);
#12330 = CARTESIAN_POINT('',(-2.670094115218,-0.84,0.246528591945));
#12331 = LINE('',#12332,#12333);
#12332 = CARTESIAN_POINT('',(-2.670094115218,-0.84,0.246528591945));
#12333 = VECTOR('',#12334,1.);
#12334 = DIRECTION('',(0.,1.,0.));
#12335 = ORIENTED_EDGE('',*,*,#12336,.F.);
#12336 = EDGE_CURVE('',#12215,#12329,#12337,.T.);
#12337 = CIRCLE('',#12338,0.1025);
#12338 = AXIS2_PLACEMENT_3D('',#12339,#12340,#12341);
#12339 = CARTESIAN_POINT('',(-2.752487909886,-0.84,0.3075));
#12340 = DIRECTION('',(0.,-1.,0.));
#12341 = DIRECTION('',(0.,0.,1.));
#12342 = CYLINDRICAL_SURFACE('',#12343,0.1025);
#12343 = AXIS2_PLACEMENT_3D('',#12344,#12345,#12346);
#12344 = CARTESIAN_POINT('',(-2.752487909886,-0.84,0.3075));
#12345 = DIRECTION('',(0.,1.,0.));
#12346 = DIRECTION('',(0.,0.,-1.));
#12347 = ADVANCED_FACE('',(#12348),#12366,.F.);
#12348 = FACE_BOUND('',#12349,.F.);
#12349 = EDGE_LOOP('',(#12350,#12358,#12364,#12365));
#12350 = ORIENTED_EDGE('',*,*,#12351,.F.);
#12351 = EDGE_CURVE('',#12352,#12207,#12354,.T.);
#12352 = VERTEX_POINT('',#12353);
#12353 = CARTESIAN_POINT('',(-2.9975,-0.84,0.));
#12354 = LINE('',#12355,#12356);
#12355 = CARTESIAN_POINT('',(-2.9975,-0.84,0.));
#12356 = VECTOR('',#12357,1.);
#12357 = DIRECTION('',(0.,0.,1.));
#12358 = ORIENTED_EDGE('',*,*,#12359,.T.);
#12359 = EDGE_CURVE('',#12352,#12237,#12360,.T.);
#12360 = LINE('',#12361,#12362);
#12361 = CARTESIAN_POINT('',(-2.9975,-0.84,0.));
#12362 = VECTOR('',#12363,1.);
#12363 = DIRECTION('',(0.,1.,0.));
#12364 = ORIENTED_EDGE('',*,*,#12246,.T.);
#12365 = ORIENTED_EDGE('',*,*,#12206,.F.);
#12366 = PLANE('',#12367);
#12367 = AXIS2_PLACEMENT_3D('',#12368,#12369,#12370);
#12368 = CARTESIAN_POINT('',(-2.9975,-0.84,0.));
#12369 = DIRECTION('',(1.,0.,0.));
#12370 = DIRECTION('',(0.,0.,1.));
#12371 = ADVANCED_FACE('',(#12372),#12441,.T.);
#12372 = FACE_BOUND('',#12373,.T.);
#12373 = EDGE_LOOP('',(#12374,#12382,#12391,#12399,#12407,#12415,#12423,
    #12432,#12438,#12439,#12440));
#12374 = ORIENTED_EDGE('',*,*,#12375,.T.);
#12375 = EDGE_CURVE('',#12352,#12376,#12378,.T.);
#12376 = VERTEX_POINT('',#12377);
#12377 = CARTESIAN_POINT('',(-2.649162636629,-0.84,0.));
#12378 = LINE('',#12379,#12380);
#12379 = CARTESIAN_POINT('',(-2.9975,-0.84,0.));
#12380 = VECTOR('',#12381,1.);
#12381 = DIRECTION('',(1.,0.,0.));
#12382 = ORIENTED_EDGE('',*,*,#12383,.T.);
#12383 = EDGE_CURVE('',#12376,#12384,#12386,.T.);
#12384 = VERTEX_POINT('',#12385);
#12385 = CARTESIAN_POINT('',(-2.56676884196,-0.84,4.152859194544E-02));
#12386 = CIRCLE('',#12387,0.1025);
#12387 = AXIS2_PLACEMENT_3D('',#12388,#12389,#12390);
#12388 = CARTESIAN_POINT('',(-2.649162636629,-0.84,0.1025));
#12389 = DIRECTION('',(0.,-1.,0.));
#12390 = DIRECTION('',(0.,0.,1.));
#12391 = ORIENTED_EDGE('',*,*,#12392,.T.);
#12392 = EDGE_CURVE('',#12384,#12393,#12395,.T.);
#12393 = VERTEX_POINT('',#12394);
#12394 = CARTESIAN_POINT('',(-2.011462316079,-0.84,0.791942816109));
#12395 = LINE('',#12396,#12397);
#12396 = CARTESIAN_POINT('',(-2.5975,-0.84,2.775557561563E-17));
#12397 = VECTOR('',#12398,1.);
#12398 = DIRECTION('',(0.59484300541,0.,0.803841899203));
#12399 = ORIENTED_EDGE('',*,*,#12400,.T.);
#12400 = EDGE_CURVE('',#12393,#12401,#12403,.T.);
#12401 = VERTEX_POINT('',#12402);
#12402 = CARTESIAN_POINT('',(-1.95,-0.84,0.791942816109));
#12403 = LINE('',#12404,#12405);
#12404 = CARTESIAN_POINT('',(-2.114787589337,-0.84,0.791942816109));
#12405 = VECTOR('',#12406,1.);
#12406 = DIRECTION('',(1.,0.,0.));
#12407 = ORIENTED_EDGE('',*,*,#12408,.T.);
#12408 = EDGE_CURVE('',#12401,#12409,#12411,.T.);
#12409 = VERTEX_POINT('',#12410);
#12410 = CARTESIAN_POINT('',(-1.95,-0.84,0.996942816109));
#12411 = LINE('',#12412,#12413);
#12412 = CARTESIAN_POINT('',(-1.95,-0.84,0.791942816109));
#12413 = VECTOR('',#12414,1.);
#12414 = DIRECTION('',(0.,0.,1.));
#12415 = ORIENTED_EDGE('',*,*,#12416,.F.);
#12416 = EDGE_CURVE('',#12417,#12409,#12419,.T.);
#12417 = VERTEX_POINT('',#12418);
#12418 = CARTESIAN_POINT('',(-2.063124952708,-0.84,0.996942816109));
#12419 = LINE('',#12420,#12421);
#12420 = CARTESIAN_POINT('',(-2.114787589337,-0.84,0.996942816109));
#12421 = VECTOR('',#12422,1.);
#12422 = DIRECTION('',(1.,0.,0.));
#12423 = ORIENTED_EDGE('',*,*,#12424,.F.);
#12424 = EDGE_CURVE('',#12425,#12417,#12427,.T.);
#12425 = VERTEX_POINT('',#12426);
#12426 = CARTESIAN_POINT('',(-2.145518747376,-0.84,0.955414224164));
#12427 = CIRCLE('',#12428,0.1025);
#12428 = AXIS2_PLACEMENT_3D('',#12429,#12430,#12431);
#12429 = CARTESIAN_POINT('',(-2.063124952708,-0.84,0.894442816109));
#12430 = DIRECTION('',(0.,1.,0.));
#12431 = DIRECTION('',(0.,-0.,1.));
#12432 = ORIENTED_EDGE('',*,*,#12433,.F.);
#12433 = EDGE_CURVE('',#12329,#12425,#12434,.T.);
#12434 = LINE('',#12435,#12436);
#12435 = CARTESIAN_POINT('',(-2.762287589337,-0.84,0.121942816109));
#12436 = VECTOR('',#12437,1.);
#12437 = DIRECTION('',(0.59484300541,0.,0.803841899203));
#12438 = ORIENTED_EDGE('',*,*,#12336,.F.);
#12439 = ORIENTED_EDGE('',*,*,#12214,.F.);
#12440 = ORIENTED_EDGE('',*,*,#12351,.F.);
#12441 = PLANE('',#12442);
#12442 = AXIS2_PLACEMENT_3D('',#12443,#12444,#12445);
#12443 = CARTESIAN_POINT('',(-2.445327895667,-0.84,0.442081221949));
#12444 = DIRECTION('',(-0.,-1.,-0.));
#12445 = DIRECTION('',(0.,0.,-1.));
#12446 = ADVANCED_FACE('',(#12447),#12458,.F.);
#12447 = FACE_BOUND('',#12448,.F.);
#12448 = EDGE_LOOP('',(#12449,#12450,#12451,#12452));
#12449 = ORIENTED_EDGE('',*,*,#12236,.F.);
#12450 = ORIENTED_EDGE('',*,*,#12359,.F.);
#12451 = ORIENTED_EDGE('',*,*,#12375,.T.);
#12452 = ORIENTED_EDGE('',*,*,#12453,.T.);
#12453 = EDGE_CURVE('',#12376,#12239,#12454,.T.);
#12454 = LINE('',#12455,#12456);
#12455 = CARTESIAN_POINT('',(-2.649162636629,-0.84,0.));
#12456 = VECTOR('',#12457,1.);
#12457 = DIRECTION('',(0.,1.,0.));
#12458 = PLANE('',#12459);
#12459 = AXIS2_PLACEMENT_3D('',#12460,#12461,#12462);
#12460 = CARTESIAN_POINT('',(-2.9975,-0.84,0.));
#12461 = DIRECTION('',(0.,0.,1.));
#12462 = DIRECTION('',(1.,0.,-0.));
#12463 = ADVANCED_FACE('',(#12464),#12475,.T.);
#12464 = FACE_BOUND('',#12465,.T.);
#12465 = EDGE_LOOP('',(#12466,#12467,#12468,#12474));
#12466 = ORIENTED_EDGE('',*,*,#12453,.T.);
#12467 = ORIENTED_EDGE('',*,*,#12311,.T.);
#12468 = ORIENTED_EDGE('',*,*,#12469,.F.);
#12469 = EDGE_CURVE('',#12384,#12304,#12470,.T.);
#12470 = LINE('',#12471,#12472);
#12471 = CARTESIAN_POINT('',(-2.56676884196,-0.84,4.152859194544E-02));
#12472 = VECTOR('',#12473,1.);
#12473 = DIRECTION('',(0.,1.,0.));
#12474 = ORIENTED_EDGE('',*,*,#12383,.F.);
#12475 = CYLINDRICAL_SURFACE('',#12476,0.1025);
#12476 = AXIS2_PLACEMENT_3D('',#12477,#12478,#12479);
#12477 = CARTESIAN_POINT('',(-2.649162636629,-0.84,0.1025));
#12478 = DIRECTION('',(0.,1.,0.));
#12479 = DIRECTION('',(0.,0.,-1.));
#12480 = ADVANCED_FACE('',(#12481),#12492,.T.);
#12481 = FACE_BOUND('',#12482,.T.);
#12482 = EDGE_LOOP('',(#12483,#12484,#12485,#12486));
#12483 = ORIENTED_EDGE('',*,*,#12392,.F.);
#12484 = ORIENTED_EDGE('',*,*,#12469,.T.);
#12485 = ORIENTED_EDGE('',*,*,#12303,.T.);
#12486 = ORIENTED_EDGE('',*,*,#12487,.F.);
#12487 = EDGE_CURVE('',#12393,#12296,#12488,.T.);
#12488 = LINE('',#12489,#12490);
#12489 = CARTESIAN_POINT('',(-2.011462316079,-0.84,0.791942816109));
#12490 = VECTOR('',#12491,1.);
#12491 = DIRECTION('',(0.,1.,0.));
#12492 = PLANE('',#12493);
#12493 = AXIS2_PLACEMENT_3D('',#12494,#12495,#12496);
#12494 = CARTESIAN_POINT('',(-2.5975,-0.84,2.775557561563E-17));
#12495 = DIRECTION('',(0.803841899203,0.,-0.59484300541));
#12496 = DIRECTION('',(0.59484300541,0.,0.803841899203));
#12497 = ADVANCED_FACE('',(#12498),#12509,.F.);
#12498 = FACE_BOUND('',#12499,.F.);
#12499 = EDGE_LOOP('',(#12500,#12501,#12502,#12503));
#12500 = ORIENTED_EDGE('',*,*,#12295,.F.);
#12501 = ORIENTED_EDGE('',*,*,#12487,.F.);
#12502 = ORIENTED_EDGE('',*,*,#12400,.T.);
#12503 = ORIENTED_EDGE('',*,*,#12504,.T.);
#12504 = EDGE_CURVE('',#12401,#12288,#12505,.T.);
#12505 = LINE('',#12506,#12507);
#12506 = CARTESIAN_POINT('',(-1.95,-0.84,0.791942816109));
#12507 = VECTOR('',#12508,1.);
#12508 = DIRECTION('',(0.,1.,0.));
#12509 = PLANE('',#12510);
#12510 = AXIS2_PLACEMENT_3D('',#12511,#12512,#12513);
#12511 = CARTESIAN_POINT('',(-2.114787589337,-0.84,0.791942816109));
#12512 = DIRECTION('',(0.,0.,1.));
#12513 = DIRECTION('',(1.,0.,-0.));
#12514 = ADVANCED_FACE('',(#12515),#12526,.T.);
#12515 = FACE_BOUND('',#12516,.T.);
#12516 = EDGE_LOOP('',(#12517,#12518,#12519,#12520));
#12517 = ORIENTED_EDGE('',*,*,#12408,.F.);
#12518 = ORIENTED_EDGE('',*,*,#12504,.T.);
#12519 = ORIENTED_EDGE('',*,*,#12287,.T.);
#12520 = ORIENTED_EDGE('',*,*,#12521,.F.);
#12521 = EDGE_CURVE('',#12409,#12280,#12522,.T.);
#12522 = LINE('',#12523,#12524);
#12523 = CARTESIAN_POINT('',(-1.95,-0.84,0.996942816109));
#12524 = VECTOR('',#12525,1.);
#12525 = DIRECTION('',(0.,1.,0.));
#12526 = PLANE('',#12527);
#12527 = AXIS2_PLACEMENT_3D('',#12528,#12529,#12530);
#12528 = CARTESIAN_POINT('',(-1.95,-0.84,0.791942816109));
#12529 = DIRECTION('',(1.,0.,0.));
#12530 = DIRECTION('',(0.,0.,1.));
#12531 = ADVANCED_FACE('',(#12532),#12543,.F.);
#12532 = FACE_BOUND('',#12533,.F.);
#12533 = EDGE_LOOP('',(#12534,#12535,#12536,#12537));
#12534 = ORIENTED_EDGE('',*,*,#12433,.F.);
#12535 = ORIENTED_EDGE('',*,*,#12328,.T.);
#12536 = ORIENTED_EDGE('',*,*,#12262,.T.);
#12537 = ORIENTED_EDGE('',*,*,#12538,.F.);
#12538 = EDGE_CURVE('',#12425,#12263,#12539,.T.);
#12539 = LINE('',#12540,#12541);
#12540 = CARTESIAN_POINT('',(-2.145518747376,-0.84,0.955414224164));
#12541 = VECTOR('',#12542,1.);
#12542 = DIRECTION('',(0.,1.,0.));
#12543 = PLANE('',#12544);
#12544 = AXIS2_PLACEMENT_3D('',#12545,#12546,#12547);
#12545 = CARTESIAN_POINT('',(-2.762287589337,-0.84,0.121942816109));
#12546 = DIRECTION('',(0.803841899203,0.,-0.59484300541));
#12547 = DIRECTION('',(0.59484300541,0.,0.803841899203));
#12548 = ADVANCED_FACE('',(#12549),#12560,.T.);
#12549 = FACE_BOUND('',#12550,.T.);
#12550 = EDGE_LOOP('',(#12551,#12552,#12553,#12554));
#12551 = ORIENTED_EDGE('',*,*,#12416,.T.);
#12552 = ORIENTED_EDGE('',*,*,#12521,.T.);
#12553 = ORIENTED_EDGE('',*,*,#12279,.F.);
#12554 = ORIENTED_EDGE('',*,*,#12555,.F.);
#12555 = EDGE_CURVE('',#12417,#12271,#12556,.T.);
#12556 = LINE('',#12557,#12558);
#12557 = CARTESIAN_POINT('',(-2.063124952708,-0.84,0.996942816109));
#12558 = VECTOR('',#12559,1.);
#12559 = DIRECTION('',(0.,1.,0.));
#12560 = PLANE('',#12561);
#12561 = AXIS2_PLACEMENT_3D('',#12562,#12563,#12564);
#12562 = CARTESIAN_POINT('',(-2.114787589337,-0.84,0.996942816109));
#12563 = DIRECTION('',(0.,0.,1.));
#12564 = DIRECTION('',(1.,0.,-0.));
#12565 = ADVANCED_FACE('',(#12566),#12572,.T.);
#12566 = FACE_BOUND('',#12567,.T.);
#12567 = EDGE_LOOP('',(#12568,#12569,#12570,#12571));
#12568 = ORIENTED_EDGE('',*,*,#12424,.T.);
#12569 = ORIENTED_EDGE('',*,*,#12555,.T.);
#12570 = ORIENTED_EDGE('',*,*,#12270,.F.);
#12571 = ORIENTED_EDGE('',*,*,#12538,.F.);
#12572 = CYLINDRICAL_SURFACE('',#12573,0.1025);
#12573 = AXIS2_PLACEMENT_3D('',#12574,#12575,#12576);
#12574 = CARTESIAN_POINT('',(-2.063124952708,-0.84,0.894442816109));
#12575 = DIRECTION('',(0.,1.,0.));
#12576 = DIRECTION('',(-0.803841899203,0.,0.59484300541));
#12577 = MANIFOLD_SOLID_BREP('',#12578);
#12578 = CLOSED_SHELL('',(#12579,#12619,#12709,#12734,#12758,#12833,
    #12850,#12867,#12884,#12901,#12918,#12935,#12952));
#12579 = ADVANCED_FACE('',(#12580),#12614,.T.);
#12580 = FACE_BOUND('',#12581,.T.);
#12581 = EDGE_LOOP('',(#12582,#12592,#12600,#12608));
#12582 = ORIENTED_EDGE('',*,*,#12583,.F.);
#12583 = EDGE_CURVE('',#12584,#12586,#12588,.T.);
#12584 = VERTEX_POINT('',#12585);
#12585 = CARTESIAN_POINT('',(2.752487909886,-0.43,0.205));
#12586 = VERTEX_POINT('',#12587);
#12587 = CARTESIAN_POINT('',(2.9975,-0.43,0.205));
#12588 = LINE('',#12589,#12590);
#12589 = CARTESIAN_POINT('',(2.5975,-0.43,0.205));
#12590 = VECTOR('',#12591,1.);
#12591 = DIRECTION('',(1.,0.,0.));
#12592 = ORIENTED_EDGE('',*,*,#12593,.F.);
#12593 = EDGE_CURVE('',#12594,#12584,#12596,.T.);
#12594 = VERTEX_POINT('',#12595);
#12595 = CARTESIAN_POINT('',(2.752487909886,-0.84,0.205));
#12596 = LINE('',#12597,#12598);
#12597 = CARTESIAN_POINT('',(2.752487909886,-0.84,0.205));
#12598 = VECTOR('',#12599,1.);
#12599 = DIRECTION('',(0.,1.,0.));
#12600 = ORIENTED_EDGE('',*,*,#12601,.T.);
#12601 = EDGE_CURVE('',#12594,#12602,#12604,.T.);
#12602 = VERTEX_POINT('',#12603);
#12603 = CARTESIAN_POINT('',(2.9975,-0.84,0.205));
#12604 = LINE('',#12605,#12606);
#12605 = CARTESIAN_POINT('',(2.5975,-0.84,0.205));
#12606 = VECTOR('',#12607,1.);
#12607 = DIRECTION('',(1.,0.,0.));
#12608 = ORIENTED_EDGE('',*,*,#12609,.T.);
#12609 = EDGE_CURVE('',#12602,#12586,#12610,.T.);
#12610 = LINE('',#12611,#12612);
#12611 = CARTESIAN_POINT('',(2.9975,-0.84,0.205));
#12612 = VECTOR('',#12613,1.);
#12613 = DIRECTION('',(0.,1.,0.));
#12614 = PLANE('',#12615);
#12615 = AXIS2_PLACEMENT_3D('',#12616,#12617,#12618);
#12616 = CARTESIAN_POINT('',(2.5975,-0.84,0.205));
#12617 = DIRECTION('',(0.,0.,1.));
#12618 = DIRECTION('',(1.,0.,-0.));
#12619 = ADVANCED_FACE('',(#12620),#12704,.T.);
#12620 = FACE_BOUND('',#12621,.T.);
#12621 = EDGE_LOOP('',(#12622,#12632,#12641,#12649,#12657,#12665,#12673,
    #12682,#12690,#12697,#12698));
#12622 = ORIENTED_EDGE('',*,*,#12623,.F.);
#12623 = EDGE_CURVE('',#12624,#12626,#12628,.T.);
#12624 = VERTEX_POINT('',#12625);
#12625 = CARTESIAN_POINT('',(2.649162636629,-0.43,0.));
#12626 = VERTEX_POINT('',#12627);
#12627 = CARTESIAN_POINT('',(2.9975,-0.43,0.));
#12628 = LINE('',#12629,#12630);
#12629 = CARTESIAN_POINT('',(2.5975,-0.43,0.));
#12630 = VECTOR('',#12631,1.);
#12631 = DIRECTION('',(1.,0.,0.));
#12632 = ORIENTED_EDGE('',*,*,#12633,.T.);
#12633 = EDGE_CURVE('',#12624,#12634,#12636,.T.);
#12634 = VERTEX_POINT('',#12635);
#12635 = CARTESIAN_POINT('',(2.56676884196,-0.43,4.152859194544E-02));
#12636 = CIRCLE('',#12637,0.1025);
#12637 = AXIS2_PLACEMENT_3D('',#12638,#12639,#12640);
#12638 = CARTESIAN_POINT('',(2.649162636629,-0.43,0.1025));
#12639 = DIRECTION('',(0.,1.,0.));
#12640 = DIRECTION('',(0.,-0.,1.));
#12641 = ORIENTED_EDGE('',*,*,#12642,.T.);
#12642 = EDGE_CURVE('',#12634,#12643,#12645,.T.);
#12643 = VERTEX_POINT('',#12644);
#12644 = CARTESIAN_POINT('',(2.011462316079,-0.43,0.791942816109));
#12645 = LINE('',#12646,#12647);
#12646 = CARTESIAN_POINT('',(2.5975,-0.43,0.));
#12647 = VECTOR('',#12648,1.);
#12648 = DIRECTION('',(-0.59484300541,0.,0.803841899203));
#12649 = ORIENTED_EDGE('',*,*,#12650,.F.);
#12650 = EDGE_CURVE('',#12651,#12643,#12653,.T.);
#12651 = VERTEX_POINT('',#12652);
#12652 = CARTESIAN_POINT('',(1.95,-0.43,0.791942816109));
#12653 = LINE('',#12654,#12655);
#12654 = CARTESIAN_POINT('',(1.95,-0.43,0.791942816109));
#12655 = VECTOR('',#12656,1.);
#12656 = DIRECTION('',(1.,0.,0.));
#12657 = ORIENTED_EDGE('',*,*,#12658,.T.);
#12658 = EDGE_CURVE('',#12651,#12659,#12661,.T.);
#12659 = VERTEX_POINT('',#12660);
#12660 = CARTESIAN_POINT('',(1.95,-0.43,0.996942816109));
#12661 = LINE('',#12662,#12663);
#12662 = CARTESIAN_POINT('',(1.95,-0.43,0.791942816109));
#12663 = VECTOR('',#12664,1.);
#12664 = DIRECTION('',(0.,0.,1.));
#12665 = ORIENTED_EDGE('',*,*,#12666,.T.);
#12666 = EDGE_CURVE('',#12659,#12667,#12669,.T.);
#12667 = VERTEX_POINT('',#12668);
#12668 = CARTESIAN_POINT('',(2.063124952708,-0.43,0.996942816109));
#12669 = LINE('',#12670,#12671);
#12670 = CARTESIAN_POINT('',(1.95,-0.43,0.996942816109));
#12671 = VECTOR('',#12672,1.);
#12672 = DIRECTION('',(1.,0.,0.));
#12673 = ORIENTED_EDGE('',*,*,#12674,.F.);
#12674 = EDGE_CURVE('',#12675,#12667,#12677,.T.);
#12675 = VERTEX_POINT('',#12676);
#12676 = CARTESIAN_POINT('',(2.145518747376,-0.43,0.955414224164));
#12677 = CIRCLE('',#12678,0.1025);
#12678 = AXIS2_PLACEMENT_3D('',#12679,#12680,#12681);
#12679 = CARTESIAN_POINT('',(2.063124952708,-0.43,0.894442816109));
#12680 = DIRECTION('',(0.,-1.,0.));
#12681 = DIRECTION('',(0.,0.,1.));
#12682 = ORIENTED_EDGE('',*,*,#12683,.F.);
#12683 = EDGE_CURVE('',#12684,#12675,#12686,.T.);
#12684 = VERTEX_POINT('',#12685);
#12685 = CARTESIAN_POINT('',(2.670094115218,-0.43,0.246528591945));
#12686 = LINE('',#12687,#12688);
#12687 = CARTESIAN_POINT('',(2.762287589337,-0.43,0.121942816109));
#12688 = VECTOR('',#12689,1.);
#12689 = DIRECTION('',(-0.59484300541,0.,0.803841899203));
#12690 = ORIENTED_EDGE('',*,*,#12691,.F.);
#12691 = EDGE_CURVE('',#12584,#12684,#12692,.T.);
#12692 = CIRCLE('',#12693,0.1025);
#12693 = AXIS2_PLACEMENT_3D('',#12694,#12695,#12696);
#12694 = CARTESIAN_POINT('',(2.752487909886,-0.43,0.3075));
#12695 = DIRECTION('',(0.,1.,0.));
#12696 = DIRECTION('',(0.,-0.,1.));
#12697 = ORIENTED_EDGE('',*,*,#12583,.T.);
#12698 = ORIENTED_EDGE('',*,*,#12699,.F.);
#12699 = EDGE_CURVE('',#12626,#12586,#12700,.T.);
#12700 = LINE('',#12701,#12702);
#12701 = CARTESIAN_POINT('',(2.9975,-0.43,0.));
#12702 = VECTOR('',#12703,1.);
#12703 = DIRECTION('',(0.,0.,1.));
#12704 = PLANE('',#12705);
#12705 = AXIS2_PLACEMENT_3D('',#12706,#12707,#12708);
#12706 = CARTESIAN_POINT('',(2.445327895667,-0.43,0.442081221949));
#12707 = DIRECTION('',(-1.037026165273E-29,1.,-8.427830616673E-30));
#12708 = DIRECTION('',(1.,1.037026165273E-29,0.));
#12709 = ADVANCED_FACE('',(#12710),#12729,.F.);
#12710 = FACE_BOUND('',#12711,.F.);
#12711 = EDGE_LOOP('',(#12712,#12721,#12727,#12728));
#12712 = ORIENTED_EDGE('',*,*,#12713,.T.);
#12713 = EDGE_CURVE('',#12594,#12714,#12716,.T.);
#12714 = VERTEX_POINT('',#12715);
#12715 = CARTESIAN_POINT('',(2.670094115218,-0.84,0.246528591945));
#12716 = CIRCLE('',#12717,0.1025);
#12717 = AXIS2_PLACEMENT_3D('',#12718,#12719,#12720);
#12718 = CARTESIAN_POINT('',(2.752487909886,-0.84,0.3075));
#12719 = DIRECTION('',(0.,1.,0.));
#12720 = DIRECTION('',(0.,-0.,1.));
#12721 = ORIENTED_EDGE('',*,*,#12722,.T.);
#12722 = EDGE_CURVE('',#12714,#12684,#12723,.T.);
#12723 = LINE('',#12724,#12725);
#12724 = CARTESIAN_POINT('',(2.670094115218,-0.84,0.246528591945));
#12725 = VECTOR('',#12726,1.);
#12726 = DIRECTION('',(0.,1.,0.));
#12727 = ORIENTED_EDGE('',*,*,#12691,.F.);
#12728 = ORIENTED_EDGE('',*,*,#12593,.F.);
#12729 = CYLINDRICAL_SURFACE('',#12730,0.1025);
#12730 = AXIS2_PLACEMENT_3D('',#12731,#12732,#12733);
#12731 = CARTESIAN_POINT('',(2.752487909886,-0.84,0.3075));
#12732 = DIRECTION('',(0.,1.,0.));
#12733 = DIRECTION('',(0.,0.,-1.));
#12734 = ADVANCED_FACE('',(#12735),#12753,.T.);
#12735 = FACE_BOUND('',#12736,.T.);
#12736 = EDGE_LOOP('',(#12737,#12745,#12751,#12752));
#12737 = ORIENTED_EDGE('',*,*,#12738,.F.);
#12738 = EDGE_CURVE('',#12739,#12602,#12741,.T.);
#12739 = VERTEX_POINT('',#12740);
#12740 = CARTESIAN_POINT('',(2.9975,-0.84,0.));
#12741 = LINE('',#12742,#12743);
#12742 = CARTESIAN_POINT('',(2.9975,-0.84,0.));
#12743 = VECTOR('',#12744,1.);
#12744 = DIRECTION('',(0.,0.,1.));
#12745 = ORIENTED_EDGE('',*,*,#12746,.T.);
#12746 = EDGE_CURVE('',#12739,#12626,#12747,.T.);
#12747 = LINE('',#12748,#12749);
#12748 = CARTESIAN_POINT('',(2.9975,-0.84,0.));
#12749 = VECTOR('',#12750,1.);
#12750 = DIRECTION('',(0.,1.,0.));
#12751 = ORIENTED_EDGE('',*,*,#12699,.T.);
#12752 = ORIENTED_EDGE('',*,*,#12609,.F.);
#12753 = PLANE('',#12754);
#12754 = AXIS2_PLACEMENT_3D('',#12755,#12756,#12757);
#12755 = CARTESIAN_POINT('',(2.9975,-0.84,0.));
#12756 = DIRECTION('',(1.,0.,0.));
#12757 = DIRECTION('',(0.,0.,1.));
#12758 = ADVANCED_FACE('',(#12759),#12828,.T.);
#12759 = FACE_BOUND('',#12760,.T.);
#12760 = EDGE_LOOP('',(#12761,#12769,#12770,#12771,#12772,#12780,#12789,
    #12797,#12805,#12813,#12821));
#12761 = ORIENTED_EDGE('',*,*,#12762,.T.);
#12762 = EDGE_CURVE('',#12763,#12739,#12765,.T.);
#12763 = VERTEX_POINT('',#12764);
#12764 = CARTESIAN_POINT('',(2.649162636629,-0.84,0.));
#12765 = LINE('',#12766,#12767);
#12766 = CARTESIAN_POINT('',(2.5975,-0.84,0.));
#12767 = VECTOR('',#12768,1.);
#12768 = DIRECTION('',(1.,0.,0.));
#12769 = ORIENTED_EDGE('',*,*,#12738,.T.);
#12770 = ORIENTED_EDGE('',*,*,#12601,.F.);
#12771 = ORIENTED_EDGE('',*,*,#12713,.T.);
#12772 = ORIENTED_EDGE('',*,*,#12773,.T.);
#12773 = EDGE_CURVE('',#12714,#12774,#12776,.T.);
#12774 = VERTEX_POINT('',#12775);
#12775 = CARTESIAN_POINT('',(2.145518747376,-0.84,0.955414224164));
#12776 = LINE('',#12777,#12778);
#12777 = CARTESIAN_POINT('',(2.762287589337,-0.84,0.121942816109));
#12778 = VECTOR('',#12779,1.);
#12779 = DIRECTION('',(-0.59484300541,0.,0.803841899203));
#12780 = ORIENTED_EDGE('',*,*,#12781,.T.);
#12781 = EDGE_CURVE('',#12774,#12782,#12784,.T.);
#12782 = VERTEX_POINT('',#12783);
#12783 = CARTESIAN_POINT('',(2.063124952708,-0.84,0.996942816109));
#12784 = CIRCLE('',#12785,0.1025);
#12785 = AXIS2_PLACEMENT_3D('',#12786,#12787,#12788);
#12786 = CARTESIAN_POINT('',(2.063124952708,-0.84,0.894442816109));
#12787 = DIRECTION('',(0.,-1.,0.));
#12788 = DIRECTION('',(0.,0.,1.));
#12789 = ORIENTED_EDGE('',*,*,#12790,.F.);
#12790 = EDGE_CURVE('',#12791,#12782,#12793,.T.);
#12791 = VERTEX_POINT('',#12792);
#12792 = CARTESIAN_POINT('',(1.95,-0.84,0.996942816109));
#12793 = LINE('',#12794,#12795);
#12794 = CARTESIAN_POINT('',(1.95,-0.84,0.996942816109));
#12795 = VECTOR('',#12796,1.);
#12796 = DIRECTION('',(1.,0.,0.));
#12797 = ORIENTED_EDGE('',*,*,#12798,.F.);
#12798 = EDGE_CURVE('',#12799,#12791,#12801,.T.);
#12799 = VERTEX_POINT('',#12800);
#12800 = CARTESIAN_POINT('',(1.95,-0.84,0.791942816109));
#12801 = LINE('',#12802,#12803);
#12802 = CARTESIAN_POINT('',(1.95,-0.84,0.791942816109));
#12803 = VECTOR('',#12804,1.);
#12804 = DIRECTION('',(0.,0.,1.));
#12805 = ORIENTED_EDGE('',*,*,#12806,.T.);
#12806 = EDGE_CURVE('',#12799,#12807,#12809,.T.);
#12807 = VERTEX_POINT('',#12808);
#12808 = CARTESIAN_POINT('',(2.011462316079,-0.84,0.791942816109));
#12809 = LINE('',#12810,#12811);
#12810 = CARTESIAN_POINT('',(1.95,-0.84,0.791942816109));
#12811 = VECTOR('',#12812,1.);
#12812 = DIRECTION('',(1.,0.,0.));
#12813 = ORIENTED_EDGE('',*,*,#12814,.F.);
#12814 = EDGE_CURVE('',#12815,#12807,#12817,.T.);
#12815 = VERTEX_POINT('',#12816);
#12816 = CARTESIAN_POINT('',(2.56676884196,-0.84,4.152859194544E-02));
#12817 = LINE('',#12818,#12819);
#12818 = CARTESIAN_POINT('',(2.5975,-0.84,0.));
#12819 = VECTOR('',#12820,1.);
#12820 = DIRECTION('',(-0.59484300541,0.,0.803841899203));
#12821 = ORIENTED_EDGE('',*,*,#12822,.F.);
#12822 = EDGE_CURVE('',#12763,#12815,#12823,.T.);
#12823 = CIRCLE('',#12824,0.1025);
#12824 = AXIS2_PLACEMENT_3D('',#12825,#12826,#12827);
#12825 = CARTESIAN_POINT('',(2.649162636629,-0.84,0.1025));
#12826 = DIRECTION('',(0.,1.,0.));
#12827 = DIRECTION('',(0.,-0.,1.));
#12828 = PLANE('',#12829);
#12829 = AXIS2_PLACEMENT_3D('',#12830,#12831,#12832);
#12830 = CARTESIAN_POINT('',(2.445327895667,-0.84,0.442081221949));
#12831 = DIRECTION('',(-1.93878169659E-30,-1.,-1.599636002756E-30));
#12832 = DIRECTION('',(-1.,1.93878169659E-30,0.));
#12833 = ADVANCED_FACE('',(#12834),#12845,.F.);
#12834 = FACE_BOUND('',#12835,.F.);
#12835 = EDGE_LOOP('',(#12836,#12837,#12838,#12839));
#12836 = ORIENTED_EDGE('',*,*,#12762,.T.);
#12837 = ORIENTED_EDGE('',*,*,#12746,.T.);
#12838 = ORIENTED_EDGE('',*,*,#12623,.F.);
#12839 = ORIENTED_EDGE('',*,*,#12840,.F.);
#12840 = EDGE_CURVE('',#12763,#12624,#12841,.T.);
#12841 = LINE('',#12842,#12843);
#12842 = CARTESIAN_POINT('',(2.649162636629,-0.84,0.));
#12843 = VECTOR('',#12844,1.);
#12844 = DIRECTION('',(0.,1.,0.));
#12845 = PLANE('',#12846);
#12846 = AXIS2_PLACEMENT_3D('',#12847,#12848,#12849);
#12847 = CARTESIAN_POINT('',(2.5975,-0.84,0.));
#12848 = DIRECTION('',(0.,0.,1.));
#12849 = DIRECTION('',(1.,0.,-0.));
#12850 = ADVANCED_FACE('',(#12851),#12862,.T.);
#12851 = FACE_BOUND('',#12852,.T.);
#12852 = EDGE_LOOP('',(#12853,#12854,#12860,#12861));
#12853 = ORIENTED_EDGE('',*,*,#12822,.T.);
#12854 = ORIENTED_EDGE('',*,*,#12855,.T.);
#12855 = EDGE_CURVE('',#12815,#12634,#12856,.T.);
#12856 = LINE('',#12857,#12858);
#12857 = CARTESIAN_POINT('',(2.56676884196,-0.84,4.152859194544E-02));
#12858 = VECTOR('',#12859,1.);
#12859 = DIRECTION('',(0.,1.,0.));
#12860 = ORIENTED_EDGE('',*,*,#12633,.F.);
#12861 = ORIENTED_EDGE('',*,*,#12840,.F.);
#12862 = CYLINDRICAL_SURFACE('',#12863,0.1025);
#12863 = AXIS2_PLACEMENT_3D('',#12864,#12865,#12866);
#12864 = CARTESIAN_POINT('',(2.649162636629,-0.84,0.1025));
#12865 = DIRECTION('',(0.,1.,0.));
#12866 = DIRECTION('',(0.,0.,-1.));
#12867 = ADVANCED_FACE('',(#12868),#12879,.F.);
#12868 = FACE_BOUND('',#12869,.F.);
#12869 = EDGE_LOOP('',(#12870,#12871,#12872,#12873));
#12870 = ORIENTED_EDGE('',*,*,#12814,.F.);
#12871 = ORIENTED_EDGE('',*,*,#12855,.T.);
#12872 = ORIENTED_EDGE('',*,*,#12642,.T.);
#12873 = ORIENTED_EDGE('',*,*,#12874,.F.);
#12874 = EDGE_CURVE('',#12807,#12643,#12875,.T.);
#12875 = LINE('',#12876,#12877);
#12876 = CARTESIAN_POINT('',(2.011462316079,-0.84,0.791942816109));
#12877 = VECTOR('',#12878,1.);
#12878 = DIRECTION('',(0.,1.,0.));
#12879 = PLANE('',#12880);
#12880 = AXIS2_PLACEMENT_3D('',#12881,#12882,#12883);
#12881 = CARTESIAN_POINT('',(2.5975,-0.84,0.));
#12882 = DIRECTION('',(0.803841899203,0.,0.59484300541));
#12883 = DIRECTION('',(-0.59484300541,0.,0.803841899203));
#12884 = ADVANCED_FACE('',(#12885),#12896,.F.);
#12885 = FACE_BOUND('',#12886,.F.);
#12886 = EDGE_LOOP('',(#12887,#12888,#12894,#12895));
#12887 = ORIENTED_EDGE('',*,*,#12650,.F.);
#12888 = ORIENTED_EDGE('',*,*,#12889,.F.);
#12889 = EDGE_CURVE('',#12799,#12651,#12890,.T.);
#12890 = LINE('',#12891,#12892);
#12891 = CARTESIAN_POINT('',(1.95,-0.84,0.791942816109));
#12892 = VECTOR('',#12893,1.);
#12893 = DIRECTION('',(0.,1.,0.));
#12894 = ORIENTED_EDGE('',*,*,#12806,.T.);
#12895 = ORIENTED_EDGE('',*,*,#12874,.T.);
#12896 = PLANE('',#12897);
#12897 = AXIS2_PLACEMENT_3D('',#12898,#12899,#12900);
#12898 = CARTESIAN_POINT('',(1.95,-0.84,0.791942816109));
#12899 = DIRECTION('',(0.,0.,1.));
#12900 = DIRECTION('',(1.,0.,-0.));
#12901 = ADVANCED_FACE('',(#12902),#12913,.F.);
#12902 = FACE_BOUND('',#12903,.T.);
#12903 = EDGE_LOOP('',(#12904,#12905,#12911,#12912));
#12904 = ORIENTED_EDGE('',*,*,#12798,.T.);
#12905 = ORIENTED_EDGE('',*,*,#12906,.T.);
#12906 = EDGE_CURVE('',#12791,#12659,#12907,.T.);
#12907 = LINE('',#12908,#12909);
#12908 = CARTESIAN_POINT('',(1.95,-0.84,0.996942816109));
#12909 = VECTOR('',#12910,1.);
#12910 = DIRECTION('',(0.,1.,0.));
#12911 = ORIENTED_EDGE('',*,*,#12658,.F.);
#12912 = ORIENTED_EDGE('',*,*,#12889,.F.);
#12913 = PLANE('',#12914);
#12914 = AXIS2_PLACEMENT_3D('',#12915,#12916,#12917);
#12915 = CARTESIAN_POINT('',(1.95,-0.84,0.791942816109));
#12916 = DIRECTION('',(1.,0.,0.));
#12917 = DIRECTION('',(0.,0.,1.));
#12918 = ADVANCED_FACE('',(#12919),#12930,.T.);
#12919 = FACE_BOUND('',#12920,.T.);
#12920 = EDGE_LOOP('',(#12921,#12922,#12923,#12924));
#12921 = ORIENTED_EDGE('',*,*,#12773,.F.);
#12922 = ORIENTED_EDGE('',*,*,#12722,.T.);
#12923 = ORIENTED_EDGE('',*,*,#12683,.T.);
#12924 = ORIENTED_EDGE('',*,*,#12925,.F.);
#12925 = EDGE_CURVE('',#12774,#12675,#12926,.T.);
#12926 = LINE('',#12927,#12928);
#12927 = CARTESIAN_POINT('',(2.145518747376,-0.84,0.955414224164));
#12928 = VECTOR('',#12929,1.);
#12929 = DIRECTION('',(0.,1.,0.));
#12930 = PLANE('',#12931);
#12931 = AXIS2_PLACEMENT_3D('',#12932,#12933,#12934);
#12932 = CARTESIAN_POINT('',(2.762287589337,-0.84,0.121942816109));
#12933 = DIRECTION('',(0.803841899203,0.,0.59484300541));
#12934 = DIRECTION('',(-0.59484300541,0.,0.803841899203));
#12935 = ADVANCED_FACE('',(#12936),#12947,.T.);
#12936 = FACE_BOUND('',#12937,.T.);
#12937 = EDGE_LOOP('',(#12938,#12939,#12940,#12941));
#12938 = ORIENTED_EDGE('',*,*,#12666,.F.);
#12939 = ORIENTED_EDGE('',*,*,#12906,.F.);
#12940 = ORIENTED_EDGE('',*,*,#12790,.T.);
#12941 = ORIENTED_EDGE('',*,*,#12942,.T.);
#12942 = EDGE_CURVE('',#12782,#12667,#12943,.T.);
#12943 = LINE('',#12944,#12945);
#12944 = CARTESIAN_POINT('',(2.063124952708,-0.84,0.996942816109));
#12945 = VECTOR('',#12946,1.);
#12946 = DIRECTION('',(0.,1.,0.));
#12947 = PLANE('',#12948);
#12948 = AXIS2_PLACEMENT_3D('',#12949,#12950,#12951);
#12949 = CARTESIAN_POINT('',(1.95,-0.84,0.996942816109));
#12950 = DIRECTION('',(0.,0.,1.));
#12951 = DIRECTION('',(1.,0.,-0.));
#12952 = ADVANCED_FACE('',(#12953),#12959,.T.);
#12953 = FACE_BOUND('',#12954,.T.);
#12954 = EDGE_LOOP('',(#12955,#12956,#12957,#12958));
#12955 = ORIENTED_EDGE('',*,*,#12925,.T.);
#12956 = ORIENTED_EDGE('',*,*,#12674,.T.);
#12957 = ORIENTED_EDGE('',*,*,#12942,.F.);
#12958 = ORIENTED_EDGE('',*,*,#12781,.F.);
#12959 = CYLINDRICAL_SURFACE('',#12960,0.1025);
#12960 = AXIS2_PLACEMENT_3D('',#12961,#12962,#12963);
#12961 = CARTESIAN_POINT('',(2.063124952708,-0.84,0.894442816109));
#12962 = DIRECTION('',(0.,1.,0.));
#12963 = DIRECTION('',(0.803841899203,-0.,0.59484300541));
#12964 = MANIFOLD_SOLID_BREP('',#12965);
#12965 = CLOSED_SHELL('',(#12966,#13006,#13096,#13121,#13145,#13220,
    #13237,#13254,#13271,#13288,#13305,#13322,#13339));
#12966 = ADVANCED_FACE('',(#12967),#13001,.T.);
#12967 = FACE_BOUND('',#12968,.T.);
#12968 = EDGE_LOOP('',(#12969,#12979,#12987,#12995));
#12969 = ORIENTED_EDGE('',*,*,#12970,.F.);
#12970 = EDGE_CURVE('',#12971,#12973,#12975,.T.);
#12971 = VERTEX_POINT('',#12972);
#12972 = CARTESIAN_POINT('',(-2.9975,-1.7,0.205));
#12973 = VERTEX_POINT('',#12974);
#12974 = CARTESIAN_POINT('',(-2.752487909886,-1.7,0.205));
#12975 = LINE('',#12976,#12977);
#12976 = CARTESIAN_POINT('',(-2.9975,-1.7,0.205));
#12977 = VECTOR('',#12978,1.);
#12978 = DIRECTION('',(1.,0.,0.));
#12979 = ORIENTED_EDGE('',*,*,#12980,.F.);
#12980 = EDGE_CURVE('',#12981,#12971,#12983,.T.);
#12981 = VERTEX_POINT('',#12982);
#12982 = CARTESIAN_POINT('',(-2.9975,-2.11,0.205));
#12983 = LINE('',#12984,#12985);
#12984 = CARTESIAN_POINT('',(-2.9975,-2.11,0.205));
#12985 = VECTOR('',#12986,1.);
#12986 = DIRECTION('',(0.,1.,0.));
#12987 = ORIENTED_EDGE('',*,*,#12988,.T.);
#12988 = EDGE_CURVE('',#12981,#12989,#12991,.T.);
#12989 = VERTEX_POINT('',#12990);
#12990 = CARTESIAN_POINT('',(-2.752487909886,-2.11,0.205));
#12991 = LINE('',#12992,#12993);
#12992 = CARTESIAN_POINT('',(-2.9975,-2.11,0.205));
#12993 = VECTOR('',#12994,1.);
#12994 = DIRECTION('',(1.,0.,0.));
#12995 = ORIENTED_EDGE('',*,*,#12996,.T.);
#12996 = EDGE_CURVE('',#12989,#12973,#12997,.T.);
#12997 = LINE('',#12998,#12999);
#12998 = CARTESIAN_POINT('',(-2.752487909886,-2.11,0.205));
#12999 = VECTOR('',#13000,1.);
#13000 = DIRECTION('',(0.,1.,0.));
#13001 = PLANE('',#13002);
#13002 = AXIS2_PLACEMENT_3D('',#13003,#13004,#13005);
#13003 = CARTESIAN_POINT('',(-2.9975,-2.11,0.205));
#13004 = DIRECTION('',(0.,0.,1.));
#13005 = DIRECTION('',(1.,0.,-0.));
#13006 = ADVANCED_FACE('',(#13007),#13091,.T.);
#13007 = FACE_BOUND('',#13008,.T.);
#13008 = EDGE_LOOP('',(#13009,#13019,#13025,#13026,#13035,#13043,#13052,
    #13060,#13068,#13076,#13084));
#13009 = ORIENTED_EDGE('',*,*,#13010,.F.);
#13010 = EDGE_CURVE('',#13011,#13013,#13015,.T.);
#13011 = VERTEX_POINT('',#13012);
#13012 = CARTESIAN_POINT('',(-2.9975,-1.7,0.));
#13013 = VERTEX_POINT('',#13014);
#13014 = CARTESIAN_POINT('',(-2.649162636629,-1.7,0.));
#13015 = LINE('',#13016,#13017);
#13016 = CARTESIAN_POINT('',(-2.9975,-1.7,0.));
#13017 = VECTOR('',#13018,1.);
#13018 = DIRECTION('',(1.,0.,0.));
#13019 = ORIENTED_EDGE('',*,*,#13020,.T.);
#13020 = EDGE_CURVE('',#13011,#12971,#13021,.T.);
#13021 = LINE('',#13022,#13023);
#13022 = CARTESIAN_POINT('',(-2.9975,-1.7,0.));
#13023 = VECTOR('',#13024,1.);
#13024 = DIRECTION('',(0.,0.,1.));
#13025 = ORIENTED_EDGE('',*,*,#12970,.T.);
#13026 = ORIENTED_EDGE('',*,*,#13027,.T.);
#13027 = EDGE_CURVE('',#12973,#13028,#13030,.T.);
#13028 = VERTEX_POINT('',#13029);
#13029 = CARTESIAN_POINT('',(-2.670094115218,-1.7,0.246528591945));
#13030 = CIRCLE('',#13031,0.1025);
#13031 = AXIS2_PLACEMENT_3D('',#13032,#13033,#13034);
#13032 = CARTESIAN_POINT('',(-2.752487909886,-1.7,0.3075));
#13033 = DIRECTION('',(0.,-1.,0.));
#13034 = DIRECTION('',(0.,0.,1.));
#13035 = ORIENTED_EDGE('',*,*,#13036,.T.);
#13036 = EDGE_CURVE('',#13028,#13037,#13039,.T.);
#13037 = VERTEX_POINT('',#13038);
#13038 = CARTESIAN_POINT('',(-2.145518747376,-1.7,0.955414224164));
#13039 = LINE('',#13040,#13041);
#13040 = CARTESIAN_POINT('',(-2.762287589337,-1.7,0.121942816109));
#13041 = VECTOR('',#13042,1.);
#13042 = DIRECTION('',(0.59484300541,0.,0.803841899203));
#13043 = ORIENTED_EDGE('',*,*,#13044,.T.);
#13044 = EDGE_CURVE('',#13037,#13045,#13047,.T.);
#13045 = VERTEX_POINT('',#13046);
#13046 = CARTESIAN_POINT('',(-2.063124952708,-1.7,0.996942816109));
#13047 = CIRCLE('',#13048,0.1025);
#13048 = AXIS2_PLACEMENT_3D('',#13049,#13050,#13051);
#13049 = CARTESIAN_POINT('',(-2.063124952708,-1.7,0.894442816109));
#13050 = DIRECTION('',(0.,1.,0.));
#13051 = DIRECTION('',(0.,-0.,1.));
#13052 = ORIENTED_EDGE('',*,*,#13053,.T.);
#13053 = EDGE_CURVE('',#13045,#13054,#13056,.T.);
#13054 = VERTEX_POINT('',#13055);
#13055 = CARTESIAN_POINT('',(-1.95,-1.7,0.996942816109));
#13056 = LINE('',#13057,#13058);
#13057 = CARTESIAN_POINT('',(-2.114787589337,-1.7,0.996942816109));
#13058 = VECTOR('',#13059,1.);
#13059 = DIRECTION('',(1.,0.,0.));
#13060 = ORIENTED_EDGE('',*,*,#13061,.F.);
#13061 = EDGE_CURVE('',#13062,#13054,#13064,.T.);
#13062 = VERTEX_POINT('',#13063);
#13063 = CARTESIAN_POINT('',(-1.95,-1.7,0.791942816109));
#13064 = LINE('',#13065,#13066);
#13065 = CARTESIAN_POINT('',(-1.95,-1.7,0.791942816109));
#13066 = VECTOR('',#13067,1.);
#13067 = DIRECTION('',(0.,0.,1.));
#13068 = ORIENTED_EDGE('',*,*,#13069,.F.);
#13069 = EDGE_CURVE('',#13070,#13062,#13072,.T.);
#13070 = VERTEX_POINT('',#13071);
#13071 = CARTESIAN_POINT('',(-2.011462316079,-1.7,0.791942816109));
#13072 = LINE('',#13073,#13074);
#13073 = CARTESIAN_POINT('',(-2.114787589337,-1.7,0.791942816109));
#13074 = VECTOR('',#13075,1.);
#13075 = DIRECTION('',(1.,0.,0.));
#13076 = ORIENTED_EDGE('',*,*,#13077,.F.);
#13077 = EDGE_CURVE('',#13078,#13070,#13080,.T.);
#13078 = VERTEX_POINT('',#13079);
#13079 = CARTESIAN_POINT('',(-2.56676884196,-1.7,4.152859194544E-02));
#13080 = LINE('',#13081,#13082);
#13081 = CARTESIAN_POINT('',(-2.5975,-1.7,2.775557561563E-17));
#13082 = VECTOR('',#13083,1.);
#13083 = DIRECTION('',(0.59484300541,0.,0.803841899203));
#13084 = ORIENTED_EDGE('',*,*,#13085,.F.);
#13085 = EDGE_CURVE('',#13013,#13078,#13086,.T.);
#13086 = CIRCLE('',#13087,0.1025);
#13087 = AXIS2_PLACEMENT_3D('',#13088,#13089,#13090);
#13088 = CARTESIAN_POINT('',(-2.649162636629,-1.7,0.1025));
#13089 = DIRECTION('',(0.,-1.,0.));
#13090 = DIRECTION('',(0.,0.,1.));
#13091 = PLANE('',#13092);
#13092 = AXIS2_PLACEMENT_3D('',#13093,#13094,#13095);
#13093 = CARTESIAN_POINT('',(-2.445327895667,-1.7,0.442081221949));
#13094 = DIRECTION('',(1.554627533177E-30,1.,-1.256499372016E-30));
#13095 = DIRECTION('',(1.,-1.554627533177E-30,0.));
#13096 = ADVANCED_FACE('',(#13097),#13116,.F.);
#13097 = FACE_BOUND('',#13098,.F.);
#13098 = EDGE_LOOP('',(#13099,#13100,#13101,#13109));
#13099 = ORIENTED_EDGE('',*,*,#12996,.T.);
#13100 = ORIENTED_EDGE('',*,*,#13027,.T.);
#13101 = ORIENTED_EDGE('',*,*,#13102,.F.);
#13102 = EDGE_CURVE('',#13103,#13028,#13105,.T.);
#13103 = VERTEX_POINT('',#13104);
#13104 = CARTESIAN_POINT('',(-2.670094115218,-2.11,0.246528591945));
#13105 = LINE('',#13106,#13107);
#13106 = CARTESIAN_POINT('',(-2.670094115218,-2.11,0.246528591945));
#13107 = VECTOR('',#13108,1.);
#13108 = DIRECTION('',(0.,1.,0.));
#13109 = ORIENTED_EDGE('',*,*,#13110,.F.);
#13110 = EDGE_CURVE('',#12989,#13103,#13111,.T.);
#13111 = CIRCLE('',#13112,0.1025);
#13112 = AXIS2_PLACEMENT_3D('',#13113,#13114,#13115);
#13113 = CARTESIAN_POINT('',(-2.752487909886,-2.11,0.3075));
#13114 = DIRECTION('',(0.,-1.,0.));
#13115 = DIRECTION('',(0.,0.,1.));
#13116 = CYLINDRICAL_SURFACE('',#13117,0.1025);
#13117 = AXIS2_PLACEMENT_3D('',#13118,#13119,#13120);
#13118 = CARTESIAN_POINT('',(-2.752487909886,-2.11,0.3075));
#13119 = DIRECTION('',(0.,1.,0.));
#13120 = DIRECTION('',(0.,0.,-1.));
#13121 = ADVANCED_FACE('',(#13122),#13140,.F.);
#13122 = FACE_BOUND('',#13123,.F.);
#13123 = EDGE_LOOP('',(#13124,#13132,#13138,#13139));
#13124 = ORIENTED_EDGE('',*,*,#13125,.F.);
#13125 = EDGE_CURVE('',#13126,#12981,#13128,.T.);
#13126 = VERTEX_POINT('',#13127);
#13127 = CARTESIAN_POINT('',(-2.9975,-2.11,0.));
#13128 = LINE('',#13129,#13130);
#13129 = CARTESIAN_POINT('',(-2.9975,-2.11,0.));
#13130 = VECTOR('',#13131,1.);
#13131 = DIRECTION('',(0.,0.,1.));
#13132 = ORIENTED_EDGE('',*,*,#13133,.T.);
#13133 = EDGE_CURVE('',#13126,#13011,#13134,.T.);
#13134 = LINE('',#13135,#13136);
#13135 = CARTESIAN_POINT('',(-2.9975,-2.11,0.));
#13136 = VECTOR('',#13137,1.);
#13137 = DIRECTION('',(0.,1.,0.));
#13138 = ORIENTED_EDGE('',*,*,#13020,.T.);
#13139 = ORIENTED_EDGE('',*,*,#12980,.F.);
#13140 = PLANE('',#13141);
#13141 = AXIS2_PLACEMENT_3D('',#13142,#13143,#13144);
#13142 = CARTESIAN_POINT('',(-2.9975,-2.11,0.));
#13143 = DIRECTION('',(1.,0.,0.));
#13144 = DIRECTION('',(0.,0.,1.));
#13145 = ADVANCED_FACE('',(#13146),#13215,.T.);
#13146 = FACE_BOUND('',#13147,.T.);
#13147 = EDGE_LOOP('',(#13148,#13156,#13165,#13173,#13181,#13189,#13197,
    #13206,#13212,#13213,#13214));
#13148 = ORIENTED_EDGE('',*,*,#13149,.T.);
#13149 = EDGE_CURVE('',#13126,#13150,#13152,.T.);
#13150 = VERTEX_POINT('',#13151);
#13151 = CARTESIAN_POINT('',(-2.649162636629,-2.11,0.));
#13152 = LINE('',#13153,#13154);
#13153 = CARTESIAN_POINT('',(-2.9975,-2.11,0.));
#13154 = VECTOR('',#13155,1.);
#13155 = DIRECTION('',(1.,0.,0.));
#13156 = ORIENTED_EDGE('',*,*,#13157,.T.);
#13157 = EDGE_CURVE('',#13150,#13158,#13160,.T.);
#13158 = VERTEX_POINT('',#13159);
#13159 = CARTESIAN_POINT('',(-2.56676884196,-2.11,4.152859194544E-02));
#13160 = CIRCLE('',#13161,0.1025);
#13161 = AXIS2_PLACEMENT_3D('',#13162,#13163,#13164);
#13162 = CARTESIAN_POINT('',(-2.649162636629,-2.11,0.1025));
#13163 = DIRECTION('',(0.,-1.,0.));
#13164 = DIRECTION('',(0.,0.,1.));
#13165 = ORIENTED_EDGE('',*,*,#13166,.T.);
#13166 = EDGE_CURVE('',#13158,#13167,#13169,.T.);
#13167 = VERTEX_POINT('',#13168);
#13168 = CARTESIAN_POINT('',(-2.011462316079,-2.11,0.791942816109));
#13169 = LINE('',#13170,#13171);
#13170 = CARTESIAN_POINT('',(-2.5975,-2.11,2.775557561563E-17));
#13171 = VECTOR('',#13172,1.);
#13172 = DIRECTION('',(0.59484300541,0.,0.803841899203));
#13173 = ORIENTED_EDGE('',*,*,#13174,.T.);
#13174 = EDGE_CURVE('',#13167,#13175,#13177,.T.);
#13175 = VERTEX_POINT('',#13176);
#13176 = CARTESIAN_POINT('',(-1.95,-2.11,0.791942816109));
#13177 = LINE('',#13178,#13179);
#13178 = CARTESIAN_POINT('',(-2.114787589337,-2.11,0.791942816109));
#13179 = VECTOR('',#13180,1.);
#13180 = DIRECTION('',(1.,0.,0.));
#13181 = ORIENTED_EDGE('',*,*,#13182,.T.);
#13182 = EDGE_CURVE('',#13175,#13183,#13185,.T.);
#13183 = VERTEX_POINT('',#13184);
#13184 = CARTESIAN_POINT('',(-1.95,-2.11,0.996942816109));
#13185 = LINE('',#13186,#13187);
#13186 = CARTESIAN_POINT('',(-1.95,-2.11,0.791942816109));
#13187 = VECTOR('',#13188,1.);
#13188 = DIRECTION('',(0.,0.,1.));
#13189 = ORIENTED_EDGE('',*,*,#13190,.F.);
#13190 = EDGE_CURVE('',#13191,#13183,#13193,.T.);
#13191 = VERTEX_POINT('',#13192);
#13192 = CARTESIAN_POINT('',(-2.063124952708,-2.11,0.996942816109));
#13193 = LINE('',#13194,#13195);
#13194 = CARTESIAN_POINT('',(-2.114787589337,-2.11,0.996942816109));
#13195 = VECTOR('',#13196,1.);
#13196 = DIRECTION('',(1.,0.,0.));
#13197 = ORIENTED_EDGE('',*,*,#13198,.F.);
#13198 = EDGE_CURVE('',#13199,#13191,#13201,.T.);
#13199 = VERTEX_POINT('',#13200);
#13200 = CARTESIAN_POINT('',(-2.145518747376,-2.11,0.955414224164));
#13201 = CIRCLE('',#13202,0.1025);
#13202 = AXIS2_PLACEMENT_3D('',#13203,#13204,#13205);
#13203 = CARTESIAN_POINT('',(-2.063124952708,-2.11,0.894442816109));
#13204 = DIRECTION('',(0.,1.,0.));
#13205 = DIRECTION('',(0.,-0.,1.));
#13206 = ORIENTED_EDGE('',*,*,#13207,.F.);
#13207 = EDGE_CURVE('',#13103,#13199,#13208,.T.);
#13208 = LINE('',#13209,#13210);
#13209 = CARTESIAN_POINT('',(-2.762287589337,-2.11,0.121942816109));
#13210 = VECTOR('',#13211,1.);
#13211 = DIRECTION('',(0.59484300541,0.,0.803841899203));
#13212 = ORIENTED_EDGE('',*,*,#13110,.F.);
#13213 = ORIENTED_EDGE('',*,*,#12988,.F.);
#13214 = ORIENTED_EDGE('',*,*,#13125,.F.);
#13215 = PLANE('',#13216);
#13216 = AXIS2_PLACEMENT_3D('',#13217,#13218,#13219);
#13217 = CARTESIAN_POINT('',(-2.445327895667,-2.11,0.442081221949));
#13218 = DIRECTION('',(-0.,-1.,-0.));
#13219 = DIRECTION('',(0.,0.,-1.));
#13220 = ADVANCED_FACE('',(#13221),#13232,.F.);
#13221 = FACE_BOUND('',#13222,.F.);
#13222 = EDGE_LOOP('',(#13223,#13224,#13225,#13226));
#13223 = ORIENTED_EDGE('',*,*,#13010,.F.);
#13224 = ORIENTED_EDGE('',*,*,#13133,.F.);
#13225 = ORIENTED_EDGE('',*,*,#13149,.T.);
#13226 = ORIENTED_EDGE('',*,*,#13227,.T.);
#13227 = EDGE_CURVE('',#13150,#13013,#13228,.T.);
#13228 = LINE('',#13229,#13230);
#13229 = CARTESIAN_POINT('',(-2.649162636629,-2.11,0.));
#13230 = VECTOR('',#13231,1.);
#13231 = DIRECTION('',(0.,1.,0.));
#13232 = PLANE('',#13233);
#13233 = AXIS2_PLACEMENT_3D('',#13234,#13235,#13236);
#13234 = CARTESIAN_POINT('',(-2.9975,-2.11,0.));
#13235 = DIRECTION('',(0.,0.,1.));
#13236 = DIRECTION('',(1.,0.,-0.));
#13237 = ADVANCED_FACE('',(#13238),#13249,.T.);
#13238 = FACE_BOUND('',#13239,.T.);
#13239 = EDGE_LOOP('',(#13240,#13241,#13242,#13248));
#13240 = ORIENTED_EDGE('',*,*,#13227,.T.);
#13241 = ORIENTED_EDGE('',*,*,#13085,.T.);
#13242 = ORIENTED_EDGE('',*,*,#13243,.F.);
#13243 = EDGE_CURVE('',#13158,#13078,#13244,.T.);
#13244 = LINE('',#13245,#13246);
#13245 = CARTESIAN_POINT('',(-2.56676884196,-2.11,4.152859194544E-02));
#13246 = VECTOR('',#13247,1.);
#13247 = DIRECTION('',(0.,1.,0.));
#13248 = ORIENTED_EDGE('',*,*,#13157,.F.);
#13249 = CYLINDRICAL_SURFACE('',#13250,0.1025);
#13250 = AXIS2_PLACEMENT_3D('',#13251,#13252,#13253);
#13251 = CARTESIAN_POINT('',(-2.649162636629,-2.11,0.1025));
#13252 = DIRECTION('',(0.,1.,0.));
#13253 = DIRECTION('',(0.,0.,-1.));
#13254 = ADVANCED_FACE('',(#13255),#13266,.T.);
#13255 = FACE_BOUND('',#13256,.T.);
#13256 = EDGE_LOOP('',(#13257,#13258,#13259,#13260));
#13257 = ORIENTED_EDGE('',*,*,#13166,.F.);
#13258 = ORIENTED_EDGE('',*,*,#13243,.T.);
#13259 = ORIENTED_EDGE('',*,*,#13077,.T.);
#13260 = ORIENTED_EDGE('',*,*,#13261,.F.);
#13261 = EDGE_CURVE('',#13167,#13070,#13262,.T.);
#13262 = LINE('',#13263,#13264);
#13263 = CARTESIAN_POINT('',(-2.011462316079,-2.11,0.791942816109));
#13264 = VECTOR('',#13265,1.);
#13265 = DIRECTION('',(0.,1.,0.));
#13266 = PLANE('',#13267);
#13267 = AXIS2_PLACEMENT_3D('',#13268,#13269,#13270);
#13268 = CARTESIAN_POINT('',(-2.5975,-2.11,2.775557561563E-17));
#13269 = DIRECTION('',(0.803841899203,0.,-0.59484300541));
#13270 = DIRECTION('',(0.59484300541,0.,0.803841899203));
#13271 = ADVANCED_FACE('',(#13272),#13283,.F.);
#13272 = FACE_BOUND('',#13273,.F.);
#13273 = EDGE_LOOP('',(#13274,#13275,#13276,#13277));
#13274 = ORIENTED_EDGE('',*,*,#13069,.F.);
#13275 = ORIENTED_EDGE('',*,*,#13261,.F.);
#13276 = ORIENTED_EDGE('',*,*,#13174,.T.);
#13277 = ORIENTED_EDGE('',*,*,#13278,.T.);
#13278 = EDGE_CURVE('',#13175,#13062,#13279,.T.);
#13279 = LINE('',#13280,#13281);
#13280 = CARTESIAN_POINT('',(-1.95,-2.11,0.791942816109));
#13281 = VECTOR('',#13282,1.);
#13282 = DIRECTION('',(0.,1.,0.));
#13283 = PLANE('',#13284);
#13284 = AXIS2_PLACEMENT_3D('',#13285,#13286,#13287);
#13285 = CARTESIAN_POINT('',(-2.114787589337,-2.11,0.791942816109));
#13286 = DIRECTION('',(0.,0.,1.));
#13287 = DIRECTION('',(1.,0.,-0.));
#13288 = ADVANCED_FACE('',(#13289),#13300,.T.);
#13289 = FACE_BOUND('',#13290,.T.);
#13290 = EDGE_LOOP('',(#13291,#13292,#13293,#13294));
#13291 = ORIENTED_EDGE('',*,*,#13182,.F.);
#13292 = ORIENTED_EDGE('',*,*,#13278,.T.);
#13293 = ORIENTED_EDGE('',*,*,#13061,.T.);
#13294 = ORIENTED_EDGE('',*,*,#13295,.F.);
#13295 = EDGE_CURVE('',#13183,#13054,#13296,.T.);
#13296 = LINE('',#13297,#13298);
#13297 = CARTESIAN_POINT('',(-1.95,-2.11,0.996942816109));
#13298 = VECTOR('',#13299,1.);
#13299 = DIRECTION('',(0.,1.,0.));
#13300 = PLANE('',#13301);
#13301 = AXIS2_PLACEMENT_3D('',#13302,#13303,#13304);
#13302 = CARTESIAN_POINT('',(-1.95,-2.11,0.791942816109));
#13303 = DIRECTION('',(1.,0.,0.));
#13304 = DIRECTION('',(0.,0.,1.));
#13305 = ADVANCED_FACE('',(#13306),#13317,.F.);
#13306 = FACE_BOUND('',#13307,.F.);
#13307 = EDGE_LOOP('',(#13308,#13309,#13310,#13311));
#13308 = ORIENTED_EDGE('',*,*,#13207,.F.);
#13309 = ORIENTED_EDGE('',*,*,#13102,.T.);
#13310 = ORIENTED_EDGE('',*,*,#13036,.T.);
#13311 = ORIENTED_EDGE('',*,*,#13312,.F.);
#13312 = EDGE_CURVE('',#13199,#13037,#13313,.T.);
#13313 = LINE('',#13314,#13315);
#13314 = CARTESIAN_POINT('',(-2.145518747376,-2.11,0.955414224164));
#13315 = VECTOR('',#13316,1.);
#13316 = DIRECTION('',(0.,1.,0.));
#13317 = PLANE('',#13318);
#13318 = AXIS2_PLACEMENT_3D('',#13319,#13320,#13321);
#13319 = CARTESIAN_POINT('',(-2.762287589337,-2.11,0.121942816109));
#13320 = DIRECTION('',(0.803841899203,0.,-0.59484300541));
#13321 = DIRECTION('',(0.59484300541,0.,0.803841899203));
#13322 = ADVANCED_FACE('',(#13323),#13334,.T.);
#13323 = FACE_BOUND('',#13324,.T.);
#13324 = EDGE_LOOP('',(#13325,#13326,#13327,#13328));
#13325 = ORIENTED_EDGE('',*,*,#13190,.T.);
#13326 = ORIENTED_EDGE('',*,*,#13295,.T.);
#13327 = ORIENTED_EDGE('',*,*,#13053,.F.);
#13328 = ORIENTED_EDGE('',*,*,#13329,.F.);
#13329 = EDGE_CURVE('',#13191,#13045,#13330,.T.);
#13330 = LINE('',#13331,#13332);
#13331 = CARTESIAN_POINT('',(-2.063124952708,-2.11,0.996942816109));
#13332 = VECTOR('',#13333,1.);
#13333 = DIRECTION('',(0.,1.,0.));
#13334 = PLANE('',#13335);
#13335 = AXIS2_PLACEMENT_3D('',#13336,#13337,#13338);
#13336 = CARTESIAN_POINT('',(-2.114787589337,-2.11,0.996942816109));
#13337 = DIRECTION('',(0.,0.,1.));
#13338 = DIRECTION('',(1.,0.,-0.));
#13339 = ADVANCED_FACE('',(#13340),#13346,.T.);
#13340 = FACE_BOUND('',#13341,.T.);
#13341 = EDGE_LOOP('',(#13342,#13343,#13344,#13345));
#13342 = ORIENTED_EDGE('',*,*,#13198,.T.);
#13343 = ORIENTED_EDGE('',*,*,#13329,.T.);
#13344 = ORIENTED_EDGE('',*,*,#13044,.F.);
#13345 = ORIENTED_EDGE('',*,*,#13312,.F.);
#13346 = CYLINDRICAL_SURFACE('',#13347,0.1025);
#13347 = AXIS2_PLACEMENT_3D('',#13348,#13349,#13350);
#13348 = CARTESIAN_POINT('',(-2.063124952708,-2.11,0.894442816109));
#13349 = DIRECTION('',(0.,1.,0.));
#13350 = DIRECTION('',(-0.803841899203,0.,0.59484300541));
#13351 = MANIFOLD_SOLID_BREP('',#13352);
#13352 = CLOSED_SHELL('',(#13353,#13393,#13483,#13508,#13532,#13607,
    #13624,#13641,#13658,#13675,#13692,#13709,#13726));
#13353 = ADVANCED_FACE('',(#13354),#13388,.T.);
#13354 = FACE_BOUND('',#13355,.T.);
#13355 = EDGE_LOOP('',(#13356,#13366,#13374,#13382));
#13356 = ORIENTED_EDGE('',*,*,#13357,.F.);
#13357 = EDGE_CURVE('',#13358,#13360,#13362,.T.);
#13358 = VERTEX_POINT('',#13359);
#13359 = CARTESIAN_POINT('',(2.752487909886,-1.7,0.205));
#13360 = VERTEX_POINT('',#13361);
#13361 = CARTESIAN_POINT('',(2.9975,-1.7,0.205));
#13362 = LINE('',#13363,#13364);
#13363 = CARTESIAN_POINT('',(2.5975,-1.7,0.205));
#13364 = VECTOR('',#13365,1.);
#13365 = DIRECTION('',(1.,0.,0.));
#13366 = ORIENTED_EDGE('',*,*,#13367,.F.);
#13367 = EDGE_CURVE('',#13368,#13358,#13370,.T.);
#13368 = VERTEX_POINT('',#13369);
#13369 = CARTESIAN_POINT('',(2.752487909886,-2.11,0.205));
#13370 = LINE('',#13371,#13372);
#13371 = CARTESIAN_POINT('',(2.752487909886,-2.11,0.205));
#13372 = VECTOR('',#13373,1.);
#13373 = DIRECTION('',(0.,1.,0.));
#13374 = ORIENTED_EDGE('',*,*,#13375,.T.);
#13375 = EDGE_CURVE('',#13368,#13376,#13378,.T.);
#13376 = VERTEX_POINT('',#13377);
#13377 = CARTESIAN_POINT('',(2.9975,-2.11,0.205));
#13378 = LINE('',#13379,#13380);
#13379 = CARTESIAN_POINT('',(2.5975,-2.11,0.205));
#13380 = VECTOR('',#13381,1.);
#13381 = DIRECTION('',(1.,0.,0.));
#13382 = ORIENTED_EDGE('',*,*,#13383,.T.);
#13383 = EDGE_CURVE('',#13376,#13360,#13384,.T.);
#13384 = LINE('',#13385,#13386);
#13385 = CARTESIAN_POINT('',(2.9975,-2.11,0.205));
#13386 = VECTOR('',#13387,1.);
#13387 = DIRECTION('',(0.,1.,0.));
#13388 = PLANE('',#13389);
#13389 = AXIS2_PLACEMENT_3D('',#13390,#13391,#13392);
#13390 = CARTESIAN_POINT('',(2.5975,-2.11,0.205));
#13391 = DIRECTION('',(0.,0.,1.));
#13392 = DIRECTION('',(1.,0.,-0.));
#13393 = ADVANCED_FACE('',(#13394),#13478,.T.);
#13394 = FACE_BOUND('',#13395,.T.);
#13395 = EDGE_LOOP('',(#13396,#13406,#13415,#13423,#13431,#13439,#13447,
    #13456,#13464,#13471,#13472));
#13396 = ORIENTED_EDGE('',*,*,#13397,.F.);
#13397 = EDGE_CURVE('',#13398,#13400,#13402,.T.);
#13398 = VERTEX_POINT('',#13399);
#13399 = CARTESIAN_POINT('',(2.649162636629,-1.7,0.));
#13400 = VERTEX_POINT('',#13401);
#13401 = CARTESIAN_POINT('',(2.9975,-1.7,0.));
#13402 = LINE('',#13403,#13404);
#13403 = CARTESIAN_POINT('',(2.5975,-1.7,0.));
#13404 = VECTOR('',#13405,1.);
#13405 = DIRECTION('',(1.,0.,0.));
#13406 = ORIENTED_EDGE('',*,*,#13407,.T.);
#13407 = EDGE_CURVE('',#13398,#13408,#13410,.T.);
#13408 = VERTEX_POINT('',#13409);
#13409 = CARTESIAN_POINT('',(2.56676884196,-1.7,4.152859194544E-02));
#13410 = CIRCLE('',#13411,0.1025);
#13411 = AXIS2_PLACEMENT_3D('',#13412,#13413,#13414);
#13412 = CARTESIAN_POINT('',(2.649162636629,-1.7,0.1025));
#13413 = DIRECTION('',(0.,1.,0.));
#13414 = DIRECTION('',(0.,-0.,1.));
#13415 = ORIENTED_EDGE('',*,*,#13416,.T.);
#13416 = EDGE_CURVE('',#13408,#13417,#13419,.T.);
#13417 = VERTEX_POINT('',#13418);
#13418 = CARTESIAN_POINT('',(2.011462316079,-1.7,0.791942816109));
#13419 = LINE('',#13420,#13421);
#13420 = CARTESIAN_POINT('',(2.5975,-1.7,0.));
#13421 = VECTOR('',#13422,1.);
#13422 = DIRECTION('',(-0.59484300541,0.,0.803841899203));
#13423 = ORIENTED_EDGE('',*,*,#13424,.F.);
#13424 = EDGE_CURVE('',#13425,#13417,#13427,.T.);
#13425 = VERTEX_POINT('',#13426);
#13426 = CARTESIAN_POINT('',(1.95,-1.7,0.791942816109));
#13427 = LINE('',#13428,#13429);
#13428 = CARTESIAN_POINT('',(1.95,-1.7,0.791942816109));
#13429 = VECTOR('',#13430,1.);
#13430 = DIRECTION('',(1.,0.,0.));
#13431 = ORIENTED_EDGE('',*,*,#13432,.T.);
#13432 = EDGE_CURVE('',#13425,#13433,#13435,.T.);
#13433 = VERTEX_POINT('',#13434);
#13434 = CARTESIAN_POINT('',(1.95,-1.7,0.996942816109));
#13435 = LINE('',#13436,#13437);
#13436 = CARTESIAN_POINT('',(1.95,-1.7,0.791942816109));
#13437 = VECTOR('',#13438,1.);
#13438 = DIRECTION('',(0.,0.,1.));
#13439 = ORIENTED_EDGE('',*,*,#13440,.T.);
#13440 = EDGE_CURVE('',#13433,#13441,#13443,.T.);
#13441 = VERTEX_POINT('',#13442);
#13442 = CARTESIAN_POINT('',(2.063124952708,-1.7,0.996942816109));
#13443 = LINE('',#13444,#13445);
#13444 = CARTESIAN_POINT('',(1.95,-1.7,0.996942816109));
#13445 = VECTOR('',#13446,1.);
#13446 = DIRECTION('',(1.,0.,0.));
#13447 = ORIENTED_EDGE('',*,*,#13448,.F.);
#13448 = EDGE_CURVE('',#13449,#13441,#13451,.T.);
#13449 = VERTEX_POINT('',#13450);
#13450 = CARTESIAN_POINT('',(2.145518747376,-1.7,0.955414224164));
#13451 = CIRCLE('',#13452,0.1025);
#13452 = AXIS2_PLACEMENT_3D('',#13453,#13454,#13455);
#13453 = CARTESIAN_POINT('',(2.063124952708,-1.7,0.894442816109));
#13454 = DIRECTION('',(0.,-1.,0.));
#13455 = DIRECTION('',(0.,0.,1.));
#13456 = ORIENTED_EDGE('',*,*,#13457,.F.);
#13457 = EDGE_CURVE('',#13458,#13449,#13460,.T.);
#13458 = VERTEX_POINT('',#13459);
#13459 = CARTESIAN_POINT('',(2.670094115218,-1.7,0.246528591945));
#13460 = LINE('',#13461,#13462);
#13461 = CARTESIAN_POINT('',(2.762287589337,-1.7,0.121942816109));
#13462 = VECTOR('',#13463,1.);
#13463 = DIRECTION('',(-0.59484300541,0.,0.803841899203));
#13464 = ORIENTED_EDGE('',*,*,#13465,.F.);
#13465 = EDGE_CURVE('',#13358,#13458,#13466,.T.);
#13466 = CIRCLE('',#13467,0.1025);
#13467 = AXIS2_PLACEMENT_3D('',#13468,#13469,#13470);
#13468 = CARTESIAN_POINT('',(2.752487909886,-1.7,0.3075));
#13469 = DIRECTION('',(0.,1.,0.));
#13470 = DIRECTION('',(0.,-0.,1.));
#13471 = ORIENTED_EDGE('',*,*,#13357,.T.);
#13472 = ORIENTED_EDGE('',*,*,#13473,.F.);
#13473 = EDGE_CURVE('',#13400,#13360,#13474,.T.);
#13474 = LINE('',#13475,#13476);
#13475 = CARTESIAN_POINT('',(2.9975,-1.7,0.));
#13476 = VECTOR('',#13477,1.);
#13477 = DIRECTION('',(0.,0.,1.));
#13478 = PLANE('',#13479);
#13479 = AXIS2_PLACEMENT_3D('',#13480,#13481,#13482);
#13480 = CARTESIAN_POINT('',(2.445327895667,-1.7,0.442081221949));
#13481 = DIRECTION('',(-1.037026165273E-29,1.,-8.427830616673E-30));
#13482 = DIRECTION('',(1.,1.037026165273E-29,0.));
#13483 = ADVANCED_FACE('',(#13484),#13503,.F.);
#13484 = FACE_BOUND('',#13485,.F.);
#13485 = EDGE_LOOP('',(#13486,#13495,#13501,#13502));
#13486 = ORIENTED_EDGE('',*,*,#13487,.T.);
#13487 = EDGE_CURVE('',#13368,#13488,#13490,.T.);
#13488 = VERTEX_POINT('',#13489);
#13489 = CARTESIAN_POINT('',(2.670094115218,-2.11,0.246528591945));
#13490 = CIRCLE('',#13491,0.1025);
#13491 = AXIS2_PLACEMENT_3D('',#13492,#13493,#13494);
#13492 = CARTESIAN_POINT('',(2.752487909886,-2.11,0.3075));
#13493 = DIRECTION('',(0.,1.,0.));
#13494 = DIRECTION('',(0.,-0.,1.));
#13495 = ORIENTED_EDGE('',*,*,#13496,.T.);
#13496 = EDGE_CURVE('',#13488,#13458,#13497,.T.);
#13497 = LINE('',#13498,#13499);
#13498 = CARTESIAN_POINT('',(2.670094115218,-2.11,0.246528591945));
#13499 = VECTOR('',#13500,1.);
#13500 = DIRECTION('',(0.,1.,0.));
#13501 = ORIENTED_EDGE('',*,*,#13465,.F.);
#13502 = ORIENTED_EDGE('',*,*,#13367,.F.);
#13503 = CYLINDRICAL_SURFACE('',#13504,0.1025);
#13504 = AXIS2_PLACEMENT_3D('',#13505,#13506,#13507);
#13505 = CARTESIAN_POINT('',(2.752487909886,-2.11,0.3075));
#13506 = DIRECTION('',(0.,1.,0.));
#13507 = DIRECTION('',(0.,0.,-1.));
#13508 = ADVANCED_FACE('',(#13509),#13527,.T.);
#13509 = FACE_BOUND('',#13510,.T.);
#13510 = EDGE_LOOP('',(#13511,#13519,#13525,#13526));
#13511 = ORIENTED_EDGE('',*,*,#13512,.F.);
#13512 = EDGE_CURVE('',#13513,#13376,#13515,.T.);
#13513 = VERTEX_POINT('',#13514);
#13514 = CARTESIAN_POINT('',(2.9975,-2.11,0.));
#13515 = LINE('',#13516,#13517);
#13516 = CARTESIAN_POINT('',(2.9975,-2.11,0.));
#13517 = VECTOR('',#13518,1.);
#13518 = DIRECTION('',(0.,0.,1.));
#13519 = ORIENTED_EDGE('',*,*,#13520,.T.);
#13520 = EDGE_CURVE('',#13513,#13400,#13521,.T.);
#13521 = LINE('',#13522,#13523);
#13522 = CARTESIAN_POINT('',(2.9975,-2.11,0.));
#13523 = VECTOR('',#13524,1.);
#13524 = DIRECTION('',(0.,1.,0.));
#13525 = ORIENTED_EDGE('',*,*,#13473,.T.);
#13526 = ORIENTED_EDGE('',*,*,#13383,.F.);
#13527 = PLANE('',#13528);
#13528 = AXIS2_PLACEMENT_3D('',#13529,#13530,#13531);
#13529 = CARTESIAN_POINT('',(2.9975,-2.11,0.));
#13530 = DIRECTION('',(1.,0.,0.));
#13531 = DIRECTION('',(0.,0.,1.));
#13532 = ADVANCED_FACE('',(#13533),#13602,.T.);
#13533 = FACE_BOUND('',#13534,.T.);
#13534 = EDGE_LOOP('',(#13535,#13543,#13544,#13545,#13546,#13554,#13563,
    #13571,#13579,#13587,#13595));
#13535 = ORIENTED_EDGE('',*,*,#13536,.T.);
#13536 = EDGE_CURVE('',#13537,#13513,#13539,.T.);
#13537 = VERTEX_POINT('',#13538);
#13538 = CARTESIAN_POINT('',(2.649162636629,-2.11,0.));
#13539 = LINE('',#13540,#13541);
#13540 = CARTESIAN_POINT('',(2.5975,-2.11,0.));
#13541 = VECTOR('',#13542,1.);
#13542 = DIRECTION('',(1.,0.,0.));
#13543 = ORIENTED_EDGE('',*,*,#13512,.T.);
#13544 = ORIENTED_EDGE('',*,*,#13375,.F.);
#13545 = ORIENTED_EDGE('',*,*,#13487,.T.);
#13546 = ORIENTED_EDGE('',*,*,#13547,.T.);
#13547 = EDGE_CURVE('',#13488,#13548,#13550,.T.);
#13548 = VERTEX_POINT('',#13549);
#13549 = CARTESIAN_POINT('',(2.145518747376,-2.11,0.955414224164));
#13550 = LINE('',#13551,#13552);
#13551 = CARTESIAN_POINT('',(2.762287589337,-2.11,0.121942816109));
#13552 = VECTOR('',#13553,1.);
#13553 = DIRECTION('',(-0.59484300541,0.,0.803841899203));
#13554 = ORIENTED_EDGE('',*,*,#13555,.T.);
#13555 = EDGE_CURVE('',#13548,#13556,#13558,.T.);
#13556 = VERTEX_POINT('',#13557);
#13557 = CARTESIAN_POINT('',(2.063124952708,-2.11,0.996942816109));
#13558 = CIRCLE('',#13559,0.1025);
#13559 = AXIS2_PLACEMENT_3D('',#13560,#13561,#13562);
#13560 = CARTESIAN_POINT('',(2.063124952708,-2.11,0.894442816109));
#13561 = DIRECTION('',(0.,-1.,0.));
#13562 = DIRECTION('',(0.,0.,1.));
#13563 = ORIENTED_EDGE('',*,*,#13564,.F.);
#13564 = EDGE_CURVE('',#13565,#13556,#13567,.T.);
#13565 = VERTEX_POINT('',#13566);
#13566 = CARTESIAN_POINT('',(1.95,-2.11,0.996942816109));
#13567 = LINE('',#13568,#13569);
#13568 = CARTESIAN_POINT('',(1.95,-2.11,0.996942816109));
#13569 = VECTOR('',#13570,1.);
#13570 = DIRECTION('',(1.,0.,0.));
#13571 = ORIENTED_EDGE('',*,*,#13572,.F.);
#13572 = EDGE_CURVE('',#13573,#13565,#13575,.T.);
#13573 = VERTEX_POINT('',#13574);
#13574 = CARTESIAN_POINT('',(1.95,-2.11,0.791942816109));
#13575 = LINE('',#13576,#13577);
#13576 = CARTESIAN_POINT('',(1.95,-2.11,0.791942816109));
#13577 = VECTOR('',#13578,1.);
#13578 = DIRECTION('',(0.,0.,1.));
#13579 = ORIENTED_EDGE('',*,*,#13580,.T.);
#13580 = EDGE_CURVE('',#13573,#13581,#13583,.T.);
#13581 = VERTEX_POINT('',#13582);
#13582 = CARTESIAN_POINT('',(2.011462316079,-2.11,0.791942816109));
#13583 = LINE('',#13584,#13585);
#13584 = CARTESIAN_POINT('',(1.95,-2.11,0.791942816109));
#13585 = VECTOR('',#13586,1.);
#13586 = DIRECTION('',(1.,0.,0.));
#13587 = ORIENTED_EDGE('',*,*,#13588,.F.);
#13588 = EDGE_CURVE('',#13589,#13581,#13591,.T.);
#13589 = VERTEX_POINT('',#13590);
#13590 = CARTESIAN_POINT('',(2.56676884196,-2.11,4.152859194544E-02));
#13591 = LINE('',#13592,#13593);
#13592 = CARTESIAN_POINT('',(2.5975,-2.11,0.));
#13593 = VECTOR('',#13594,1.);
#13594 = DIRECTION('',(-0.59484300541,0.,0.803841899203));
#13595 = ORIENTED_EDGE('',*,*,#13596,.F.);
#13596 = EDGE_CURVE('',#13537,#13589,#13597,.T.);
#13597 = CIRCLE('',#13598,0.1025);
#13598 = AXIS2_PLACEMENT_3D('',#13599,#13600,#13601);
#13599 = CARTESIAN_POINT('',(2.649162636629,-2.11,0.1025));
#13600 = DIRECTION('',(0.,1.,0.));
#13601 = DIRECTION('',(0.,-0.,1.));
#13602 = PLANE('',#13603);
#13603 = AXIS2_PLACEMENT_3D('',#13604,#13605,#13606);
#13604 = CARTESIAN_POINT('',(2.445327895667,-2.11,0.442081221949));
#13605 = DIRECTION('',(-1.93878169659E-30,-1.,-1.599636002756E-30));
#13606 = DIRECTION('',(-1.,1.93878169659E-30,0.));
#13607 = ADVANCED_FACE('',(#13608),#13619,.F.);
#13608 = FACE_BOUND('',#13609,.F.);
#13609 = EDGE_LOOP('',(#13610,#13611,#13612,#13613));
#13610 = ORIENTED_EDGE('',*,*,#13536,.T.);
#13611 = ORIENTED_EDGE('',*,*,#13520,.T.);
#13612 = ORIENTED_EDGE('',*,*,#13397,.F.);
#13613 = ORIENTED_EDGE('',*,*,#13614,.F.);
#13614 = EDGE_CURVE('',#13537,#13398,#13615,.T.);
#13615 = LINE('',#13616,#13617);
#13616 = CARTESIAN_POINT('',(2.649162636629,-2.11,0.));
#13617 = VECTOR('',#13618,1.);
#13618 = DIRECTION('',(0.,1.,0.));
#13619 = PLANE('',#13620);
#13620 = AXIS2_PLACEMENT_3D('',#13621,#13622,#13623);
#13621 = CARTESIAN_POINT('',(2.5975,-2.11,0.));
#13622 = DIRECTION('',(0.,0.,1.));
#13623 = DIRECTION('',(1.,0.,-0.));
#13624 = ADVANCED_FACE('',(#13625),#13636,.T.);
#13625 = FACE_BOUND('',#13626,.T.);
#13626 = EDGE_LOOP('',(#13627,#13628,#13634,#13635));
#13627 = ORIENTED_EDGE('',*,*,#13596,.T.);
#13628 = ORIENTED_EDGE('',*,*,#13629,.T.);
#13629 = EDGE_CURVE('',#13589,#13408,#13630,.T.);
#13630 = LINE('',#13631,#13632);
#13631 = CARTESIAN_POINT('',(2.56676884196,-2.11,4.152859194544E-02));
#13632 = VECTOR('',#13633,1.);
#13633 = DIRECTION('',(0.,1.,0.));
#13634 = ORIENTED_EDGE('',*,*,#13407,.F.);
#13635 = ORIENTED_EDGE('',*,*,#13614,.F.);
#13636 = CYLINDRICAL_SURFACE('',#13637,0.1025);
#13637 = AXIS2_PLACEMENT_3D('',#13638,#13639,#13640);
#13638 = CARTESIAN_POINT('',(2.649162636629,-2.11,0.1025));
#13639 = DIRECTION('',(0.,1.,0.));
#13640 = DIRECTION('',(0.,0.,-1.));
#13641 = ADVANCED_FACE('',(#13642),#13653,.F.);
#13642 = FACE_BOUND('',#13643,.F.);
#13643 = EDGE_LOOP('',(#13644,#13645,#13646,#13647));
#13644 = ORIENTED_EDGE('',*,*,#13588,.F.);
#13645 = ORIENTED_EDGE('',*,*,#13629,.T.);
#13646 = ORIENTED_EDGE('',*,*,#13416,.T.);
#13647 = ORIENTED_EDGE('',*,*,#13648,.F.);
#13648 = EDGE_CURVE('',#13581,#13417,#13649,.T.);
#13649 = LINE('',#13650,#13651);
#13650 = CARTESIAN_POINT('',(2.011462316079,-2.11,0.791942816109));
#13651 = VECTOR('',#13652,1.);
#13652 = DIRECTION('',(0.,1.,0.));
#13653 = PLANE('',#13654);
#13654 = AXIS2_PLACEMENT_3D('',#13655,#13656,#13657);
#13655 = CARTESIAN_POINT('',(2.5975,-2.11,0.));
#13656 = DIRECTION('',(0.803841899203,0.,0.59484300541));
#13657 = DIRECTION('',(-0.59484300541,0.,0.803841899203));
#13658 = ADVANCED_FACE('',(#13659),#13670,.F.);
#13659 = FACE_BOUND('',#13660,.F.);
#13660 = EDGE_LOOP('',(#13661,#13662,#13668,#13669));
#13661 = ORIENTED_EDGE('',*,*,#13424,.F.);
#13662 = ORIENTED_EDGE('',*,*,#13663,.F.);
#13663 = EDGE_CURVE('',#13573,#13425,#13664,.T.);
#13664 = LINE('',#13665,#13666);
#13665 = CARTESIAN_POINT('',(1.95,-2.11,0.791942816109));
#13666 = VECTOR('',#13667,1.);
#13667 = DIRECTION('',(0.,1.,0.));
#13668 = ORIENTED_EDGE('',*,*,#13580,.T.);
#13669 = ORIENTED_EDGE('',*,*,#13648,.T.);
#13670 = PLANE('',#13671);
#13671 = AXIS2_PLACEMENT_3D('',#13672,#13673,#13674);
#13672 = CARTESIAN_POINT('',(1.95,-2.11,0.791942816109));
#13673 = DIRECTION('',(0.,0.,1.));
#13674 = DIRECTION('',(1.,0.,-0.));
#13675 = ADVANCED_FACE('',(#13676),#13687,.F.);
#13676 = FACE_BOUND('',#13677,.T.);
#13677 = EDGE_LOOP('',(#13678,#13679,#13685,#13686));
#13678 = ORIENTED_EDGE('',*,*,#13572,.T.);
#13679 = ORIENTED_EDGE('',*,*,#13680,.T.);
#13680 = EDGE_CURVE('',#13565,#13433,#13681,.T.);
#13681 = LINE('',#13682,#13683);
#13682 = CARTESIAN_POINT('',(1.95,-2.11,0.996942816109));
#13683 = VECTOR('',#13684,1.);
#13684 = DIRECTION('',(0.,1.,0.));
#13685 = ORIENTED_EDGE('',*,*,#13432,.F.);
#13686 = ORIENTED_EDGE('',*,*,#13663,.F.);
#13687 = PLANE('',#13688);
#13688 = AXIS2_PLACEMENT_3D('',#13689,#13690,#13691);
#13689 = CARTESIAN_POINT('',(1.95,-2.11,0.791942816109));
#13690 = DIRECTION('',(1.,0.,0.));
#13691 = DIRECTION('',(0.,0.,1.));
#13692 = ADVANCED_FACE('',(#13693),#13704,.T.);
#13693 = FACE_BOUND('',#13694,.T.);
#13694 = EDGE_LOOP('',(#13695,#13696,#13697,#13698));
#13695 = ORIENTED_EDGE('',*,*,#13547,.F.);
#13696 = ORIENTED_EDGE('',*,*,#13496,.T.);
#13697 = ORIENTED_EDGE('',*,*,#13457,.T.);
#13698 = ORIENTED_EDGE('',*,*,#13699,.F.);
#13699 = EDGE_CURVE('',#13548,#13449,#13700,.T.);
#13700 = LINE('',#13701,#13702);
#13701 = CARTESIAN_POINT('',(2.145518747376,-2.11,0.955414224164));
#13702 = VECTOR('',#13703,1.);
#13703 = DIRECTION('',(0.,1.,0.));
#13704 = PLANE('',#13705);
#13705 = AXIS2_PLACEMENT_3D('',#13706,#13707,#13708);
#13706 = CARTESIAN_POINT('',(2.762287589337,-2.11,0.121942816109));
#13707 = DIRECTION('',(0.803841899203,0.,0.59484300541));
#13708 = DIRECTION('',(-0.59484300541,0.,0.803841899203));
#13709 = ADVANCED_FACE('',(#13710),#13721,.T.);
#13710 = FACE_BOUND('',#13711,.T.);
#13711 = EDGE_LOOP('',(#13712,#13713,#13714,#13715));
#13712 = ORIENTED_EDGE('',*,*,#13440,.F.);
#13713 = ORIENTED_EDGE('',*,*,#13680,.F.);
#13714 = ORIENTED_EDGE('',*,*,#13564,.T.);
#13715 = ORIENTED_EDGE('',*,*,#13716,.T.);
#13716 = EDGE_CURVE('',#13556,#13441,#13717,.T.);
#13717 = LINE('',#13718,#13719);
#13718 = CARTESIAN_POINT('',(2.063124952708,-2.11,0.996942816109));
#13719 = VECTOR('',#13720,1.);
#13720 = DIRECTION('',(0.,1.,0.));
#13721 = PLANE('',#13722);
#13722 = AXIS2_PLACEMENT_3D('',#13723,#13724,#13725);
#13723 = CARTESIAN_POINT('',(1.95,-2.11,0.996942816109));
#13724 = DIRECTION('',(0.,0.,1.));
#13725 = DIRECTION('',(1.,0.,-0.));
#13726 = ADVANCED_FACE('',(#13727),#13733,.T.);
#13727 = FACE_BOUND('',#13728,.T.);
#13728 = EDGE_LOOP('',(#13729,#13730,#13731,#13732));
#13729 = ORIENTED_EDGE('',*,*,#13699,.T.);
#13730 = ORIENTED_EDGE('',*,*,#13448,.T.);
#13731 = ORIENTED_EDGE('',*,*,#13716,.F.);
#13732 = ORIENTED_EDGE('',*,*,#13555,.F.);
#13733 = CYLINDRICAL_SURFACE('',#13734,0.1025);
#13734 = AXIS2_PLACEMENT_3D('',#13735,#13736,#13737);
#13735 = CARTESIAN_POINT('',(2.063124952708,-2.11,0.894442816109));
#13736 = DIRECTION('',(0.,1.,0.));
#13737 = DIRECTION('',(0.803841899203,-0.,0.59484300541));
#13738 = ( GEOMETRIC_REPRESENTATION_CONTEXT(3) 
GLOBAL_UNCERTAINTY_ASSIGNED_CONTEXT((#13742)) 
GLOBAL_UNIT_ASSIGNED_CONTEXT((#13739,#13740,#13741)) 
REPRESENTATION_CONTEXT('Context #1',
  '3D Context with UNIT and UNCERTAINTY') );
#13739 = ( LENGTH_UNIT() NAMED_UNIT(*) SI_UNIT(.MILLI.,.METRE.) );
#13740 = ( NAMED_UNIT(*) PLANE_ANGLE_UNIT() SI_UNIT($,.RADIAN.) );
#13741 = ( NAMED_UNIT(*) SI_UNIT($,.STERADIAN.) SOLID_ANGLE_UNIT() );
#13742 = UNCERTAINTY_MEASURE_WITH_UNIT(LENGTH_MEASURE(1.E-07),#13739,
  'distance_accuracy_value','confusion accuracy');
#13743 = CONTEXT_DEPENDENT_SHAPE_REPRESENTATION(#13744,#13746);
#13744 = ( REPRESENTATION_RELATIONSHIP('','',#10641,#10008) 
REPRESENTATION_RELATIONSHIP_WITH_TRANSFORMATION(#13745) 
SHAPE_REPRESENTATION_RELATIONSHIP() );
#13745 = ITEM_DEFINED_TRANSFORMATION('','',#11,#10013);
#13746 = PRODUCT_DEFINITION_SHAPE('Placement','Placement of an item',
  #13747);
#13747 = NEXT_ASSEMBLY_USAGE_OCCURRENCE('20','=>0:1:1:13','',#10003,
  #10636,$);
#13748 = PRODUCT_RELATED_PRODUCT_CATEGORY('part',$,(#10638));
#13749 = CONTEXT_DEPENDENT_SHAPE_REPRESENTATION(#13750,#13752);
#13750 = ( REPRESENTATION_RELATIONSHIP('','',#7538,#10) 
REPRESENTATION_RELATIONSHIP_WITH_TRANSFORMATION(#13751) 
SHAPE_REPRESENTATION_RELATIONSHIP() );
#13751 = ITEM_DEFINED_TRANSFORMATION('','',#11,#75);
#13752 = PRODUCT_DEFINITION_SHAPE('Placement','Placement of an item',
  #13753);
#13753 = NEXT_ASSEMBLY_USAGE_OCCURRENCE('23','R7','',#5,#7533,$);
#13754 = CONTEXT_DEPENDENT_SHAPE_REPRESENTATION(#13755,#13757);
#13755 = ( REPRESENTATION_RELATIONSHIP('','',#1008,#10) 
REPRESENTATION_RELATIONSHIP_WITH_TRANSFORMATION(#13756) 
SHAPE_REPRESENTATION_RELATIONSHIP() );
#13756 = ITEM_DEFINED_TRANSFORMATION('','',#11,#79);
#13757 = PRODUCT_DEFINITION_SHAPE('Placement','Placement of an item',
  #13758);
#13758 = NEXT_ASSEMBLY_USAGE_OCCURRENCE('24','U1','',#5,#1003,$);
#13759 = CONTEXT_DEPENDENT_SHAPE_REPRESENTATION(#13760,#13762);
#13760 = ( REPRESENTATION_RELATIONSHIP('','',#112,#10) 
REPRESENTATION_RELATIONSHIP_WITH_TRANSFORMATION(#13761) 
SHAPE_REPRESENTATION_RELATIONSHIP() );
#13761 = ITEM_DEFINED_TRANSFORMATION('','',#11,#83);
#13762 = PRODUCT_DEFINITION_SHAPE('Placement','Placement of an item',
  #13763);
#13763 = NEXT_ASSEMBLY_USAGE_OCCURRENCE('25','C7','',#5,#107,$);
#13764 = CONTEXT_DEPENDENT_SHAPE_REPRESENTATION(#13765,#13767);
#13765 = ( REPRESENTATION_RELATIONSHIP('','',#112,#10) 
REPRESENTATION_RELATIONSHIP_WITH_TRANSFORMATION(#13766) 
SHAPE_REPRESENTATION_RELATIONSHIP() );
#13766 = ITEM_DEFINED_TRANSFORMATION('','',#11,#87);
#13767 = PRODUCT_DEFINITION_SHAPE('Placement','Placement of an item',
  #13768);
#13768 = NEXT_ASSEMBLY_USAGE_OCCURRENCE('26','C1','',#5,#107,$);
#13769 = SHAPE_DEFINITION_REPRESENTATION(#13770,#13776);
#13770 = PRODUCT_DEFINITION_SHAPE('','',#13771);
#13771 = PRODUCT_DEFINITION('design','',#13772,#13775);
#13772 = PRODUCT_DEFINITION_FORMATION('','',#13773);
#13773 = PRODUCT('SFMC-105-01-L-D','SFMC-105-01-L-D','',(#13774));
#13774 = PRODUCT_CONTEXT('',#2,'mechanical');
#13775 = PRODUCT_DEFINITION_CONTEXT('part definition',#2,'design');
#13776 = SHAPE_REPRESENTATION('',(#11,#13777),#13781);
#13777 = AXIS2_PLACEMENT_3D('',#13778,#13779,#13780);
#13778 = CARTESIAN_POINT('',(0.,0.,0.));
#13779 = DIRECTION('',(0.,0.,1.));
#13780 = DIRECTION('',(1.,0.,-0.));
#13781 = ( GEOMETRIC_REPRESENTATION_CONTEXT(3) 
GLOBAL_UNCERTAINTY_ASSIGNED_CONTEXT((#13785)) 
GLOBAL_UNIT_ASSIGNED_CONTEXT((#13782,#13783,#13784)) 
REPRESENTATION_CONTEXT('Context #1',
  '3D Context with UNIT and UNCERTAINTY') );
#13782 = ( LENGTH_UNIT() NAMED_UNIT(*) SI_UNIT(.MILLI.,.METRE.) );
#13783 = ( NAMED_UNIT(*) PLANE_ANGLE_UNIT() SI_UNIT($,.RADIAN.) );
#13784 = ( NAMED_UNIT(*) SI_UNIT($,.STERADIAN.) SOLID_ANGLE_UNIT() );
#13785 = UNCERTAINTY_MEASURE_WITH_UNIT(LENGTH_MEASURE(1.E-07),#13782,
  'distance_accuracy_value','confusion accuracy');
#13786 = CONTEXT_DEPENDENT_SHAPE_REPRESENTATION(#13787,#13789);
#13787 = ( REPRESENTATION_RELATIONSHIP('','',#13776,#10) 
REPRESENTATION_RELATIONSHIP_WITH_TRANSFORMATION(#13788) 
SHAPE_REPRESENTATION_RELATIONSHIP() );
#13788 = ITEM_DEFINED_TRANSFORMATION('','',#11,#91);
#13789 = PRODUCT_DEFINITION_SHAPE('Placement','Placement of an item',
  #13790);
#13790 = NEXT_ASSEMBLY_USAGE_OCCURRENCE('30','J1','',#5,#13771,$);
#13791 = PRODUCT_RELATED_PRODUCT_CATEGORY('part',$,(#13773));
#13792 = SHAPE_DEFINITION_REPRESENTATION(#13793,#13799);
#13793 = PRODUCT_DEFINITION_SHAPE('','',#13794);
#13794 = PRODUCT_DEFINITION('design','',#13795,#13798);
#13795 = PRODUCT_DEFINITION_FORMATION('','',#13796);
#13796 = PRODUCT('SFMC-105-01-L-D','SFMC-105-01-L-D','',(#13797));
#13797 = PRODUCT_CONTEXT('',#2,'mechanical');
#13798 = PRODUCT_DEFINITION_CONTEXT('part definition',#2,'design');
#13799 = SHAPE_REPRESENTATION('',(#11,#13800,#13804),#13808);
#13800 = AXIS2_PLACEMENT_3D('',#13801,#13802,#13803);
#13801 = CARTESIAN_POINT('',(0.,0.,0.));
#13802 = DIRECTION('',(0.,0.,1.));
#13803 = DIRECTION('',(1.,0.,0.));
#13804 = AXIS2_PLACEMENT_3D('',#13805,#13806,#13807);
#13805 = CARTESIAN_POINT('',(0.,0.,0.));
#13806 = DIRECTION('',(0.,0.,1.));
#13807 = DIRECTION('',(1.,0.,0.));
#13808 = ( GEOMETRIC_REPRESENTATION_CONTEXT(3) 
GLOBAL_UNCERTAINTY_ASSIGNED_CONTEXT((#13812)) 
GLOBAL_UNIT_ASSIGNED_CONTEXT((#13809,#13810,#13811)) 
REPRESENTATION_CONTEXT('Context #1',
  '3D Context with UNIT and UNCERTAINTY') );
#13809 = ( LENGTH_UNIT() NAMED_UNIT(*) SI_UNIT(.MILLI.,.METRE.) );
#13810 = ( NAMED_UNIT(*) PLANE_ANGLE_UNIT() SI_UNIT($,.RADIAN.) );
#13811 = ( NAMED_UNIT(*) SI_UNIT($,.STERADIAN.) SOLID_ANGLE_UNIT() );
#13812 = UNCERTAINTY_MEASURE_WITH_UNIT(LENGTH_MEASURE(1.E-07),#13809,
  'distance_accuracy_value','confusion accuracy');
#13813 = CONTEXT_DEPENDENT_SHAPE_REPRESENTATION(#13814,#13816);
#13814 = ( REPRESENTATION_RELATIONSHIP('','',#13799,#13776) 
REPRESENTATION_RELATIONSHIP_WITH_TRANSFORMATION(#13815) 
SHAPE_REPRESENTATION_RELATIONSHIP() );
#13815 = ITEM_DEFINED_TRANSFORMATION('','',#11,#13777);
#13816 = PRODUCT_DEFINITION_SHAPE('Placement','Placement of an item',
  #13817);
#13817 = NEXT_ASSEMBLY_USAGE_OCCURRENCE('29','=>[0:1:1:15]','',#13771,
  #13794,$);
#13818 = PRODUCT_RELATED_PRODUCT_CATEGORY('part',$,(#13796));
#13819 = SHAPE_DEFINITION_REPRESENTATION(#13820,#13826);
#13820 = PRODUCT_DEFINITION_SHAPE('','',#13821);
#13821 = PRODUCT_DEFINITION('design','',#13822,#13825);
#13822 = PRODUCT_DEFINITION_FORMATION('','',#13823);
#13823 = PRODUCT('SFMC-105-01_socket','SFMC-105-01_socket','',(#13824));
#13824 = PRODUCT_CONTEXT('',#2,'mechanical');
#13825 = PRODUCT_DEFINITION_CONTEXT('part definition',#2,'design');
#13826 = ADVANCED_BREP_SHAPE_REPRESENTATION('',(#11,#13827),#17189);
#13827 = MANIFOLD_SOLID_BREP('',#13828);
#13828 = CLOSED_SHELL('',(#13829,#13901,#13973,#14004,#14035,#14397,
    #14414,#14431,#14462,#14486,#14510,#14527,#14558,#14582,#14606,
    #14623,#14654,#14678,#14702,#14719,#14750,#14774,#14798,#14815,
    #14846,#14870,#14894,#14911,#14942,#14966,#14990,#15007,#15038,
    #15062,#15086,#15103,#15134,#15158,#15182,#15199,#15230,#15254,
    #15278,#15295,#15326,#15350,#15374,#15391,#15585,#15602,#15619,
    #15636,#15653,#15665,#15677,#15708,#15732,#15756,#15787,#15811,
    #15835,#15866,#15890,#15914,#15945,#15969,#15993,#16010,#16027,
    #16044,#16061,#16073,#16085,#16097,#16109,#16140,#16164,#16188,
    #16205,#16217,#16248,#16272,#16296,#16313,#16325,#16356,#16380,
    #16404,#16421,#16433,#16464,#16488,#16512,#16529,#16541,#16572,
    #16596,#16620,#16637,#16649,#16680,#16704,#16728,#16745,#16757,
    #16788,#16812,#16836,#16853,#16865,#16896,#16920,#16944,#16961,
    #16973,#17004,#17028,#17052,#17069,#17081,#17112,#17136,#17160,
    #17177));
#13829 = ADVANCED_FACE('',(#13830),#13896,.F.);
#13830 = FACE_BOUND('',#13831,.T.);
#13831 = EDGE_LOOP('',(#13832,#13842,#13850,#13858,#13866,#13874,#13882,
    #13890));
#13832 = ORIENTED_EDGE('',*,*,#13833,.F.);
#13833 = EDGE_CURVE('',#13834,#13836,#13838,.T.);
#13834 = VERTEX_POINT('',#13835);
#13835 = CARTESIAN_POINT('',(-3.3655,0.,-1.27));
#13836 = VERTEX_POINT('',#13837);
#13837 = CARTESIAN_POINT('',(-3.3655,0.381,-1.27));
#13838 = LINE('',#13839,#13840);
#13839 = CARTESIAN_POINT('',(-3.3655,4.572,-1.27));
#13840 = VECTOR('',#13841,1.);
#13841 = DIRECTION('',(0.,1.,0.));
#13842 = ORIENTED_EDGE('',*,*,#13843,.T.);
#13843 = EDGE_CURVE('',#13834,#13844,#13846,.T.);
#13844 = VERTEX_POINT('',#13845);
#13845 = CARTESIAN_POINT('',(-3.3655,0.,1.27));
#13846 = LINE('',#13847,#13848);
#13847 = CARTESIAN_POINT('',(-3.3655,0.,-1.524));
#13848 = VECTOR('',#13849,1.);
#13849 = DIRECTION('',(0.,0.,1.));
#13850 = ORIENTED_EDGE('',*,*,#13851,.F.);
#13851 = EDGE_CURVE('',#13852,#13844,#13854,.T.);
#13852 = VERTEX_POINT('',#13853);
#13853 = CARTESIAN_POINT('',(-3.3655,0.381,1.27));
#13854 = LINE('',#13855,#13856);
#13855 = CARTESIAN_POINT('',(-3.3655,4.572,1.27));
#13856 = VECTOR('',#13857,1.);
#13857 = DIRECTION('',(0.,-1.,0.));
#13858 = ORIENTED_EDGE('',*,*,#13859,.T.);
#13859 = EDGE_CURVE('',#13852,#13860,#13862,.T.);
#13860 = VERTEX_POINT('',#13861);
#13861 = CARTESIAN_POINT('',(-3.3655,0.381,1.524));
#13862 = LINE('',#13863,#13864);
#13863 = CARTESIAN_POINT('',(-3.3655,0.381,-1.524));
#13864 = VECTOR('',#13865,1.);
#13865 = DIRECTION('',(0.,0.,1.));
#13866 = ORIENTED_EDGE('',*,*,#13867,.F.);
#13867 = EDGE_CURVE('',#13868,#13860,#13870,.T.);
#13868 = VERTEX_POINT('',#13869);
#13869 = CARTESIAN_POINT('',(-3.3655,4.572,1.524));
#13870 = LINE('',#13871,#13872);
#13871 = CARTESIAN_POINT('',(-3.3655,4.572,1.524));
#13872 = VECTOR('',#13873,1.);
#13873 = DIRECTION('',(0.,-1.,0.));
#13874 = ORIENTED_EDGE('',*,*,#13875,.F.);
#13875 = EDGE_CURVE('',#13876,#13868,#13878,.T.);
#13876 = VERTEX_POINT('',#13877);
#13877 = CARTESIAN_POINT('',(-3.3655,4.572,-1.524));
#13878 = LINE('',#13879,#13880);
#13879 = CARTESIAN_POINT('',(-3.3655,4.572,-1.524));
#13880 = VECTOR('',#13881,1.);
#13881 = DIRECTION('',(0.,0.,1.));
#13882 = ORIENTED_EDGE('',*,*,#13883,.T.);
#13883 = EDGE_CURVE('',#13876,#13884,#13886,.T.);
#13884 = VERTEX_POINT('',#13885);
#13885 = CARTESIAN_POINT('',(-3.3655,0.381,-1.524));
#13886 = LINE('',#13887,#13888);
#13887 = CARTESIAN_POINT('',(-3.3655,4.572,-1.524));
#13888 = VECTOR('',#13889,1.);
#13889 = DIRECTION('',(0.,-1.,0.));
#13890 = ORIENTED_EDGE('',*,*,#13891,.T.);
#13891 = EDGE_CURVE('',#13884,#13836,#13892,.T.);
#13892 = LINE('',#13893,#13894);
#13893 = CARTESIAN_POINT('',(-3.3655,0.381,-1.524));
#13894 = VECTOR('',#13895,1.);
#13895 = DIRECTION('',(0.,0.,1.));
#13896 = PLANE('',#13897);
#13897 = AXIS2_PLACEMENT_3D('',#13898,#13899,#13900);
#13898 = CARTESIAN_POINT('',(-3.3655,4.572,-1.524));
#13899 = DIRECTION('',(1.,0.,0.));
#13900 = DIRECTION('',(0.,0.,-1.));
#13901 = ADVANCED_FACE('',(#13902),#13968,.F.);
#13902 = FACE_BOUND('',#13903,.T.);
#13903 = EDGE_LOOP('',(#13904,#13914,#13922,#13930,#13938,#13946,#13954,
    #13962));
#13904 = ORIENTED_EDGE('',*,*,#13905,.F.);
#13905 = EDGE_CURVE('',#13906,#13908,#13910,.T.);
#13906 = VERTEX_POINT('',#13907);
#13907 = CARTESIAN_POINT('',(3.3655,0.,1.27));
#13908 = VERTEX_POINT('',#13909);
#13909 = CARTESIAN_POINT('',(3.3655,0.381,1.27));
#13910 = LINE('',#13911,#13912);
#13911 = CARTESIAN_POINT('',(3.3655,4.572,1.27));
#13912 = VECTOR('',#13913,1.);
#13913 = DIRECTION('',(0.,1.,0.));
#13914 = ORIENTED_EDGE('',*,*,#13915,.T.);
#13915 = EDGE_CURVE('',#13906,#13916,#13918,.T.);
#13916 = VERTEX_POINT('',#13917);
#13917 = CARTESIAN_POINT('',(3.3655,0.,-1.27));
#13918 = LINE('',#13919,#13920);
#13919 = CARTESIAN_POINT('',(3.3655,0.,1.524));
#13920 = VECTOR('',#13921,1.);
#13921 = DIRECTION('',(0.,0.,-1.));
#13922 = ORIENTED_EDGE('',*,*,#13923,.F.);
#13923 = EDGE_CURVE('',#13924,#13916,#13926,.T.);
#13924 = VERTEX_POINT('',#13925);
#13925 = CARTESIAN_POINT('',(3.3655,0.381,-1.27));
#13926 = LINE('',#13927,#13928);
#13927 = CARTESIAN_POINT('',(3.3655,4.572,-1.27));
#13928 = VECTOR('',#13929,1.);
#13929 = DIRECTION('',(0.,-1.,0.));
#13930 = ORIENTED_EDGE('',*,*,#13931,.T.);
#13931 = EDGE_CURVE('',#13924,#13932,#13934,.T.);
#13932 = VERTEX_POINT('',#13933);
#13933 = CARTESIAN_POINT('',(3.3655,0.381,-1.524));
#13934 = LINE('',#13935,#13936);
#13935 = CARTESIAN_POINT('',(3.3655,0.381,1.524));
#13936 = VECTOR('',#13937,1.);
#13937 = DIRECTION('',(0.,0.,-1.));
#13938 = ORIENTED_EDGE('',*,*,#13939,.F.);
#13939 = EDGE_CURVE('',#13940,#13932,#13942,.T.);
#13940 = VERTEX_POINT('',#13941);
#13941 = CARTESIAN_POINT('',(3.3655,4.572,-1.524));
#13942 = LINE('',#13943,#13944);
#13943 = CARTESIAN_POINT('',(3.3655,4.572,-1.524));
#13944 = VECTOR('',#13945,1.);
#13945 = DIRECTION('',(0.,-1.,0.));
#13946 = ORIENTED_EDGE('',*,*,#13947,.F.);
#13947 = EDGE_CURVE('',#13948,#13940,#13950,.T.);
#13948 = VERTEX_POINT('',#13949);
#13949 = CARTESIAN_POINT('',(3.3655,4.572,1.524));
#13950 = LINE('',#13951,#13952);
#13951 = CARTESIAN_POINT('',(3.3655,4.572,1.524));
#13952 = VECTOR('',#13953,1.);
#13953 = DIRECTION('',(0.,0.,-1.));
#13954 = ORIENTED_EDGE('',*,*,#13955,.T.);
#13955 = EDGE_CURVE('',#13948,#13956,#13958,.T.);
#13956 = VERTEX_POINT('',#13957);
#13957 = CARTESIAN_POINT('',(3.3655,0.381,1.524));
#13958 = LINE('',#13959,#13960);
#13959 = CARTESIAN_POINT('',(3.3655,4.572,1.524));
#13960 = VECTOR('',#13961,1.);
#13961 = DIRECTION('',(0.,-1.,0.));
#13962 = ORIENTED_EDGE('',*,*,#13963,.T.);
#13963 = EDGE_CURVE('',#13956,#13908,#13964,.T.);
#13964 = LINE('',#13965,#13966);
#13965 = CARTESIAN_POINT('',(3.3655,0.381,1.524));
#13966 = VECTOR('',#13967,1.);
#13967 = DIRECTION('',(0.,0.,-1.));
#13968 = PLANE('',#13969);
#13969 = AXIS2_PLACEMENT_3D('',#13970,#13971,#13972);
#13970 = CARTESIAN_POINT('',(3.3655,4.572,1.524));
#13971 = DIRECTION('',(-1.,0.,0.));
#13972 = DIRECTION('',(0.,0.,1.));
#13973 = ADVANCED_FACE('',(#13974),#13999,.F.);
#13974 = FACE_BOUND('',#13975,.T.);
#13975 = EDGE_LOOP('',(#13976,#13984,#13992,#13998));
#13976 = ORIENTED_EDGE('',*,*,#13977,.F.);
#13977 = EDGE_CURVE('',#13978,#13834,#13980,.T.);
#13978 = VERTEX_POINT('',#13979);
#13979 = CARTESIAN_POINT('',(-3.1115,0.,-1.27));
#13980 = LINE('',#13981,#13982);
#13981 = CARTESIAN_POINT('',(0.,0.,-1.27));
#13982 = VECTOR('',#13983,1.);
#13983 = DIRECTION('',(-1.,0.,0.));
#13984 = ORIENTED_EDGE('',*,*,#13985,.T.);
#13985 = EDGE_CURVE('',#13978,#13986,#13988,.T.);
#13986 = VERTEX_POINT('',#13987);
#13987 = CARTESIAN_POINT('',(-3.1115,0.,1.27));
#13988 = LINE('',#13989,#13990);
#13989 = CARTESIAN_POINT('',(-3.1115,0.,-1.27));
#13990 = VECTOR('',#13991,1.);
#13991 = DIRECTION('',(0.,0.,1.));
#13992 = ORIENTED_EDGE('',*,*,#13993,.T.);
#13993 = EDGE_CURVE('',#13986,#13844,#13994,.T.);
#13994 = LINE('',#13995,#13996);
#13995 = CARTESIAN_POINT('',(-3.1115,0.,1.27));
#13996 = VECTOR('',#13997,1.);
#13997 = DIRECTION('',(-1.,0.,0.));
#13998 = ORIENTED_EDGE('',*,*,#13843,.F.);
#13999 = PLANE('',#14000);
#14000 = AXIS2_PLACEMENT_3D('',#14001,#14002,#14003);
#14001 = CARTESIAN_POINT('',(0.,0.,0.));
#14002 = DIRECTION('',(0.,1.,0.));
#14003 = DIRECTION('',(0.,-0.,1.));
#14004 = ADVANCED_FACE('',(#14005),#14030,.F.);
#14005 = FACE_BOUND('',#14006,.T.);
#14006 = EDGE_LOOP('',(#14007,#14015,#14023,#14029));
#14007 = ORIENTED_EDGE('',*,*,#14008,.F.);
#14008 = EDGE_CURVE('',#14009,#13906,#14011,.T.);
#14009 = VERTEX_POINT('',#14010);
#14010 = CARTESIAN_POINT('',(3.1115,0.,1.27));
#14011 = LINE('',#14012,#14013);
#14012 = CARTESIAN_POINT('',(0.,0.,1.27));
#14013 = VECTOR('',#14014,1.);
#14014 = DIRECTION('',(1.,0.,0.));
#14015 = ORIENTED_EDGE('',*,*,#14016,.T.);
#14016 = EDGE_CURVE('',#14009,#14017,#14019,.T.);
#14017 = VERTEX_POINT('',#14018);
#14018 = CARTESIAN_POINT('',(3.1115,0.,-1.27));
#14019 = LINE('',#14020,#14021);
#14020 = CARTESIAN_POINT('',(3.1115,0.,1.27));
#14021 = VECTOR('',#14022,1.);
#14022 = DIRECTION('',(0.,0.,-1.));
#14023 = ORIENTED_EDGE('',*,*,#14024,.T.);
#14024 = EDGE_CURVE('',#14017,#13916,#14025,.T.);
#14025 = LINE('',#14026,#14027);
#14026 = CARTESIAN_POINT('',(3.1115,0.,-1.27));
#14027 = VECTOR('',#14028,1.);
#14028 = DIRECTION('',(1.,0.,-4.2685124901E-16));
#14029 = ORIENTED_EDGE('',*,*,#13915,.F.);
#14030 = PLANE('',#14031);
#14031 = AXIS2_PLACEMENT_3D('',#14032,#14033,#14034);
#14032 = CARTESIAN_POINT('',(0.,0.,0.));
#14033 = DIRECTION('',(0.,1.,0.));
#14034 = DIRECTION('',(0.,-0.,1.));
#14035 = ADVANCED_FACE('',(#14036,#14052,#14086,#14120,#14154,#14188,
    #14222,#14256,#14290,#14324,#14358),#14392,.T.);
#14036 = FACE_BOUND('',#14037,.T.);
#14037 = EDGE_LOOP('',(#14038,#14044,#14045,#14051));
#14038 = ORIENTED_EDGE('',*,*,#14039,.T.);
#14039 = EDGE_CURVE('',#13940,#13876,#14040,.T.);
#14040 = LINE('',#14041,#14042);
#14041 = CARTESIAN_POINT('',(3.3655,4.572,-1.524));
#14042 = VECTOR('',#14043,1.);
#14043 = DIRECTION('',(-1.,0.,0.));
#14044 = ORIENTED_EDGE('',*,*,#13875,.T.);
#14045 = ORIENTED_EDGE('',*,*,#14046,.T.);
#14046 = EDGE_CURVE('',#13868,#13948,#14047,.T.);
#14047 = LINE('',#14048,#14049);
#14048 = CARTESIAN_POINT('',(-3.3655,4.572,1.524));
#14049 = VECTOR('',#14050,1.);
#14050 = DIRECTION('',(1.,0.,0.));
#14051 = ORIENTED_EDGE('',*,*,#13947,.T.);
#14052 = FACE_BOUND('',#14053,.T.);
#14053 = EDGE_LOOP('',(#14054,#14064,#14072,#14080));
#14054 = ORIENTED_EDGE('',*,*,#14055,.T.);
#14055 = EDGE_CURVE('',#14056,#14058,#14060,.T.);
#14056 = VERTEX_POINT('',#14057);
#14057 = CARTESIAN_POINT('',(-3.0226,4.572,1.1176));
#14058 = VERTEX_POINT('',#14059);
#14059 = CARTESIAN_POINT('',(-3.0226,4.572,0.1524));
#14060 = LINE('',#14061,#14062);
#14061 = CARTESIAN_POINT('',(-3.0226,4.572,0.));
#14062 = VECTOR('',#14063,1.);
#14063 = DIRECTION('',(0.,0.,-1.));
#14064 = ORIENTED_EDGE('',*,*,#14065,.T.);
#14065 = EDGE_CURVE('',#14058,#14066,#14068,.T.);
#14066 = VERTEX_POINT('',#14067);
#14067 = CARTESIAN_POINT('',(-2.0574,4.572,0.1524));
#14068 = LINE('',#14069,#14070);
#14069 = CARTESIAN_POINT('',(0.,4.572,0.1524));
#14070 = VECTOR('',#14071,1.);
#14071 = DIRECTION('',(1.,0.,0.));
#14072 = ORIENTED_EDGE('',*,*,#14073,.T.);
#14073 = EDGE_CURVE('',#14066,#14074,#14076,.T.);
#14074 = VERTEX_POINT('',#14075);
#14075 = CARTESIAN_POINT('',(-2.0574,4.572,1.1176));
#14076 = LINE('',#14077,#14078);
#14077 = CARTESIAN_POINT('',(-2.0574,4.572,0.));
#14078 = VECTOR('',#14079,1.);
#14079 = DIRECTION('',(0.,0.,1.));
#14080 = ORIENTED_EDGE('',*,*,#14081,.T.);
#14081 = EDGE_CURVE('',#14074,#14056,#14082,.T.);
#14082 = LINE('',#14083,#14084);
#14083 = CARTESIAN_POINT('',(0.,4.572,1.1176));
#14084 = VECTOR('',#14085,1.);
#14085 = DIRECTION('',(-1.,0.,0.));
#14086 = FACE_BOUND('',#14087,.T.);
#14087 = EDGE_LOOP('',(#14088,#14098,#14106,#14114));
#14088 = ORIENTED_EDGE('',*,*,#14089,.T.);
#14089 = EDGE_CURVE('',#14090,#14092,#14094,.T.);
#14090 = VERTEX_POINT('',#14091);
#14091 = CARTESIAN_POINT('',(-1.7526,4.572,1.1176));
#14092 = VERTEX_POINT('',#14093);
#14093 = CARTESIAN_POINT('',(-1.7526,4.572,0.1524));
#14094 = LINE('',#14095,#14096);
#14095 = CARTESIAN_POINT('',(-1.7526,4.572,0.));
#14096 = VECTOR('',#14097,1.);
#14097 = DIRECTION('',(0.,0.,-1.));
#14098 = ORIENTED_EDGE('',*,*,#14099,.T.);
#14099 = EDGE_CURVE('',#14092,#14100,#14102,.T.);
#14100 = VERTEX_POINT('',#14101);
#14101 = CARTESIAN_POINT('',(-0.7874,4.572,0.1524));
#14102 = LINE('',#14103,#14104);
#14103 = CARTESIAN_POINT('',(0.,4.572,0.1524));
#14104 = VECTOR('',#14105,1.);
#14105 = DIRECTION('',(1.,0.,0.));
#14106 = ORIENTED_EDGE('',*,*,#14107,.T.);
#14107 = EDGE_CURVE('',#14100,#14108,#14110,.T.);
#14108 = VERTEX_POINT('',#14109);
#14109 = CARTESIAN_POINT('',(-0.7874,4.572,1.1176));
#14110 = LINE('',#14111,#14112);
#14111 = CARTESIAN_POINT('',(-0.7874,4.572,0.));
#14112 = VECTOR('',#14113,1.);
#14113 = DIRECTION('',(0.,0.,1.));
#14114 = ORIENTED_EDGE('',*,*,#14115,.T.);
#14115 = EDGE_CURVE('',#14108,#14090,#14116,.T.);
#14116 = LINE('',#14117,#14118);
#14117 = CARTESIAN_POINT('',(0.,4.572,1.1176));
#14118 = VECTOR('',#14119,1.);
#14119 = DIRECTION('',(-1.,0.,0.));
#14120 = FACE_BOUND('',#14121,.T.);
#14121 = EDGE_LOOP('',(#14122,#14132,#14140,#14148));
#14122 = ORIENTED_EDGE('',*,*,#14123,.T.);
#14123 = EDGE_CURVE('',#14124,#14126,#14128,.T.);
#14124 = VERTEX_POINT('',#14125);
#14125 = CARTESIAN_POINT('',(2.0574,4.572,-0.1524));
#14126 = VERTEX_POINT('',#14127);
#14127 = CARTESIAN_POINT('',(2.0574,4.572,-1.1176));
#14128 = LINE('',#14129,#14130);
#14129 = CARTESIAN_POINT('',(2.0574,4.572,0.));
#14130 = VECTOR('',#14131,1.);
#14131 = DIRECTION('',(0.,0.,-1.));
#14132 = ORIENTED_EDGE('',*,*,#14133,.T.);
#14133 = EDGE_CURVE('',#14126,#14134,#14136,.T.);
#14134 = VERTEX_POINT('',#14135);
#14135 = CARTESIAN_POINT('',(3.0226,4.572,-1.1176));
#14136 = LINE('',#14137,#14138);
#14137 = CARTESIAN_POINT('',(0.,4.572,-1.1176));
#14138 = VECTOR('',#14139,1.);
#14139 = DIRECTION('',(1.,0.,0.));
#14140 = ORIENTED_EDGE('',*,*,#14141,.T.);
#14141 = EDGE_CURVE('',#14134,#14142,#14144,.T.);
#14142 = VERTEX_POINT('',#14143);
#14143 = CARTESIAN_POINT('',(3.0226,4.572,-0.1524));
#14144 = LINE('',#14145,#14146);
#14145 = CARTESIAN_POINT('',(3.0226,4.572,0.));
#14146 = VECTOR('',#14147,1.);
#14147 = DIRECTION('',(0.,0.,1.));
#14148 = ORIENTED_EDGE('',*,*,#14149,.T.);
#14149 = EDGE_CURVE('',#14142,#14124,#14150,.T.);
#14150 = LINE('',#14151,#14152);
#14151 = CARTESIAN_POINT('',(0.,4.572,-0.1524));
#14152 = VECTOR('',#14153,1.);
#14153 = DIRECTION('',(-1.,0.,0.));
#14154 = FACE_BOUND('',#14155,.T.);
#14155 = EDGE_LOOP('',(#14156,#14166,#14174,#14182));
#14156 = ORIENTED_EDGE('',*,*,#14157,.T.);
#14157 = EDGE_CURVE('',#14158,#14160,#14162,.T.);
#14158 = VERTEX_POINT('',#14159);
#14159 = CARTESIAN_POINT('',(0.7874,4.572,-0.1524));
#14160 = VERTEX_POINT('',#14161);
#14161 = CARTESIAN_POINT('',(0.7874,4.572,-1.1176));
#14162 = LINE('',#14163,#14164);
#14163 = CARTESIAN_POINT('',(0.7874,4.572,0.));
#14164 = VECTOR('',#14165,1.);
#14165 = DIRECTION('',(0.,0.,-1.));
#14166 = ORIENTED_EDGE('',*,*,#14167,.T.);
#14167 = EDGE_CURVE('',#14160,#14168,#14170,.T.);
#14168 = VERTEX_POINT('',#14169);
#14169 = CARTESIAN_POINT('',(1.7526,4.572,-1.1176));
#14170 = LINE('',#14171,#14172);
#14171 = CARTESIAN_POINT('',(0.,4.572,-1.1176));
#14172 = VECTOR('',#14173,1.);
#14173 = DIRECTION('',(1.,0.,0.));
#14174 = ORIENTED_EDGE('',*,*,#14175,.T.);
#14175 = EDGE_CURVE('',#14168,#14176,#14178,.T.);
#14176 = VERTEX_POINT('',#14177);
#14177 = CARTESIAN_POINT('',(1.7526,4.572,-0.1524));
#14178 = LINE('',#14179,#14180);
#14179 = CARTESIAN_POINT('',(1.7526,4.572,0.));
#14180 = VECTOR('',#14181,1.);
#14181 = DIRECTION('',(0.,0.,1.));
#14182 = ORIENTED_EDGE('',*,*,#14183,.T.);
#14183 = EDGE_CURVE('',#14176,#14158,#14184,.T.);
#14184 = LINE('',#14185,#14186);
#14185 = CARTESIAN_POINT('',(0.,4.572,-0.1524));
#14186 = VECTOR('',#14187,1.);
#14187 = DIRECTION('',(-1.,0.,0.));
#14188 = FACE_BOUND('',#14189,.T.);
#14189 = EDGE_LOOP('',(#14190,#14200,#14208,#14216));
#14190 = ORIENTED_EDGE('',*,*,#14191,.T.);
#14191 = EDGE_CURVE('',#14192,#14194,#14196,.T.);
#14192 = VERTEX_POINT('',#14193);
#14193 = CARTESIAN_POINT('',(-0.4826,4.572,-0.1524));
#14194 = VERTEX_POINT('',#14195);
#14195 = CARTESIAN_POINT('',(-0.4826,4.572,-1.1176));
#14196 = LINE('',#14197,#14198);
#14197 = CARTESIAN_POINT('',(-0.4826,4.572,0.));
#14198 = VECTOR('',#14199,1.);
#14199 = DIRECTION('',(0.,0.,-1.));
#14200 = ORIENTED_EDGE('',*,*,#14201,.T.);
#14201 = EDGE_CURVE('',#14194,#14202,#14204,.T.);
#14202 = VERTEX_POINT('',#14203);
#14203 = CARTESIAN_POINT('',(0.4826,4.572,-1.1176));
#14204 = LINE('',#14205,#14206);
#14205 = CARTESIAN_POINT('',(0.,4.572,-1.1176));
#14206 = VECTOR('',#14207,1.);
#14207 = DIRECTION('',(1.,0.,0.));
#14208 = ORIENTED_EDGE('',*,*,#14209,.T.);
#14209 = EDGE_CURVE('',#14202,#14210,#14212,.T.);
#14210 = VERTEX_POINT('',#14211);
#14211 = CARTESIAN_POINT('',(0.4826,4.572,-0.1524));
#14212 = LINE('',#14213,#14214);
#14213 = CARTESIAN_POINT('',(0.4826,4.572,0.));
#14214 = VECTOR('',#14215,1.);
#14215 = DIRECTION('',(0.,0.,1.));
#14216 = ORIENTED_EDGE('',*,*,#14217,.T.);
#14217 = EDGE_CURVE('',#14210,#14192,#14218,.T.);
#14218 = LINE('',#14219,#14220);
#14219 = CARTESIAN_POINT('',(0.,4.572,-0.1524));
#14220 = VECTOR('',#14221,1.);
#14221 = DIRECTION('',(-1.,0.,0.));
#14222 = FACE_BOUND('',#14223,.T.);
#14223 = EDGE_LOOP('',(#14224,#14234,#14242,#14250));
#14224 = ORIENTED_EDGE('',*,*,#14225,.T.);
#14225 = EDGE_CURVE('',#14226,#14228,#14230,.T.);
#14226 = VERTEX_POINT('',#14227);
#14227 = CARTESIAN_POINT('',(-1.7526,4.572,-0.1524));
#14228 = VERTEX_POINT('',#14229);
#14229 = CARTESIAN_POINT('',(-1.7526,4.572,-1.1176));
#14230 = LINE('',#14231,#14232);
#14231 = CARTESIAN_POINT('',(-1.7526,4.572,0.));
#14232 = VECTOR('',#14233,1.);
#14233 = DIRECTION('',(0.,0.,-1.));
#14234 = ORIENTED_EDGE('',*,*,#14235,.T.);
#14235 = EDGE_CURVE('',#14228,#14236,#14238,.T.);
#14236 = VERTEX_POINT('',#14237);
#14237 = CARTESIAN_POINT('',(-0.7874,4.572,-1.1176));
#14238 = LINE('',#14239,#14240);
#14239 = CARTESIAN_POINT('',(0.,4.572,-1.1176));
#14240 = VECTOR('',#14241,1.);
#14241 = DIRECTION('',(1.,0.,0.));
#14242 = ORIENTED_EDGE('',*,*,#14243,.T.);
#14243 = EDGE_CURVE('',#14236,#14244,#14246,.T.);
#14244 = VERTEX_POINT('',#14245);
#14245 = CARTESIAN_POINT('',(-0.7874,4.572,-0.1524));
#14246 = LINE('',#14247,#14248);
#14247 = CARTESIAN_POINT('',(-0.7874,4.572,0.));
#14248 = VECTOR('',#14249,1.);
#14249 = DIRECTION('',(0.,0.,1.));
#14250 = ORIENTED_EDGE('',*,*,#14251,.T.);
#14251 = EDGE_CURVE('',#14244,#14226,#14252,.T.);
#14252 = LINE('',#14253,#14254);
#14253 = CARTESIAN_POINT('',(0.,4.572,-0.1524));
#14254 = VECTOR('',#14255,1.);
#14255 = DIRECTION('',(-1.,0.,0.));
#14256 = FACE_BOUND('',#14257,.T.);
#14257 = EDGE_LOOP('',(#14258,#14268,#14276,#14284));
#14258 = ORIENTED_EDGE('',*,*,#14259,.T.);
#14259 = EDGE_CURVE('',#14260,#14262,#14264,.T.);
#14260 = VERTEX_POINT('',#14261);
#14261 = CARTESIAN_POINT('',(-0.4826,4.572,1.1176));
#14262 = VERTEX_POINT('',#14263);
#14263 = CARTESIAN_POINT('',(-0.4826,4.572,0.1524));
#14264 = LINE('',#14265,#14266);
#14265 = CARTESIAN_POINT('',(-0.4826,4.572,0.));
#14266 = VECTOR('',#14267,1.);
#14267 = DIRECTION('',(0.,0.,-1.));
#14268 = ORIENTED_EDGE('',*,*,#14269,.T.);
#14269 = EDGE_CURVE('',#14262,#14270,#14272,.T.);
#14270 = VERTEX_POINT('',#14271);
#14271 = CARTESIAN_POINT('',(0.4826,4.572,0.1524));
#14272 = LINE('',#14273,#14274);
#14273 = CARTESIAN_POINT('',(0.,4.572,0.1524));
#14274 = VECTOR('',#14275,1.);
#14275 = DIRECTION('',(1.,0.,0.));
#14276 = ORIENTED_EDGE('',*,*,#14277,.T.);
#14277 = EDGE_CURVE('',#14270,#14278,#14280,.T.);
#14278 = VERTEX_POINT('',#14279);
#14279 = CARTESIAN_POINT('',(0.4826,4.572,1.1176));
#14280 = LINE('',#14281,#14282);
#14281 = CARTESIAN_POINT('',(0.4826,4.572,0.));
#14282 = VECTOR('',#14283,1.);
#14283 = DIRECTION('',(0.,0.,1.));
#14284 = ORIENTED_EDGE('',*,*,#14285,.T.);
#14285 = EDGE_CURVE('',#14278,#14260,#14286,.T.);
#14286 = LINE('',#14287,#14288);
#14287 = CARTESIAN_POINT('',(0.,4.572,1.1176));
#14288 = VECTOR('',#14289,1.);
#14289 = DIRECTION('',(-1.,0.,0.));
#14290 = FACE_BOUND('',#14291,.T.);
#14291 = EDGE_LOOP('',(#14292,#14302,#14310,#14318));
#14292 = ORIENTED_EDGE('',*,*,#14293,.T.);
#14293 = EDGE_CURVE('',#14294,#14296,#14298,.T.);
#14294 = VERTEX_POINT('',#14295);
#14295 = CARTESIAN_POINT('',(0.7874,4.572,1.1176));
#14296 = VERTEX_POINT('',#14297);
#14297 = CARTESIAN_POINT('',(0.7874,4.572,0.1524));
#14298 = LINE('',#14299,#14300);
#14299 = CARTESIAN_POINT('',(0.7874,4.572,0.));
#14300 = VECTOR('',#14301,1.);
#14301 = DIRECTION('',(0.,0.,-1.));
#14302 = ORIENTED_EDGE('',*,*,#14303,.T.);
#14303 = EDGE_CURVE('',#14296,#14304,#14306,.T.);
#14304 = VERTEX_POINT('',#14305);
#14305 = CARTESIAN_POINT('',(1.7526,4.572,0.1524));
#14306 = LINE('',#14307,#14308);
#14307 = CARTESIAN_POINT('',(0.,4.572,0.1524));
#14308 = VECTOR('',#14309,1.);
#14309 = DIRECTION('',(1.,0.,0.));
#14310 = ORIENTED_EDGE('',*,*,#14311,.T.);
#14311 = EDGE_CURVE('',#14304,#14312,#14314,.T.);
#14312 = VERTEX_POINT('',#14313);
#14313 = CARTESIAN_POINT('',(1.7526,4.572,1.1176));
#14314 = LINE('',#14315,#14316);
#14315 = CARTESIAN_POINT('',(1.7526,4.572,0.));
#14316 = VECTOR('',#14317,1.);
#14317 = DIRECTION('',(0.,0.,1.));
#14318 = ORIENTED_EDGE('',*,*,#14319,.T.);
#14319 = EDGE_CURVE('',#14312,#14294,#14320,.T.);
#14320 = LINE('',#14321,#14322);
#14321 = CARTESIAN_POINT('',(0.,4.572,1.1176));
#14322 = VECTOR('',#14323,1.);
#14323 = DIRECTION('',(-1.,0.,0.));
#14324 = FACE_BOUND('',#14325,.T.);
#14325 = EDGE_LOOP('',(#14326,#14336,#14344,#14352));
#14326 = ORIENTED_EDGE('',*,*,#14327,.T.);
#14327 = EDGE_CURVE('',#14328,#14330,#14332,.T.);
#14328 = VERTEX_POINT('',#14329);
#14329 = CARTESIAN_POINT('',(2.0574,4.572,1.1176));
#14330 = VERTEX_POINT('',#14331);
#14331 = CARTESIAN_POINT('',(2.0574,4.572,0.1524));
#14332 = LINE('',#14333,#14334);
#14333 = CARTESIAN_POINT('',(2.0574,4.572,0.));
#14334 = VECTOR('',#14335,1.);
#14335 = DIRECTION('',(0.,0.,-1.));
#14336 = ORIENTED_EDGE('',*,*,#14337,.T.);
#14337 = EDGE_CURVE('',#14330,#14338,#14340,.T.);
#14338 = VERTEX_POINT('',#14339);
#14339 = CARTESIAN_POINT('',(3.0226,4.572,0.1524));
#14340 = LINE('',#14341,#14342);
#14341 = CARTESIAN_POINT('',(0.,4.572,0.1524));
#14342 = VECTOR('',#14343,1.);
#14343 = DIRECTION('',(1.,0.,0.));
#14344 = ORIENTED_EDGE('',*,*,#14345,.T.);
#14345 = EDGE_CURVE('',#14338,#14346,#14348,.T.);
#14346 = VERTEX_POINT('',#14347);
#14347 = CARTESIAN_POINT('',(3.0226,4.572,1.1176));
#14348 = LINE('',#14349,#14350);
#14349 = CARTESIAN_POINT('',(3.0226,4.572,0.));
#14350 = VECTOR('',#14351,1.);
#14351 = DIRECTION('',(0.,0.,1.));
#14352 = ORIENTED_EDGE('',*,*,#14353,.T.);
#14353 = EDGE_CURVE('',#14346,#14328,#14354,.T.);
#14354 = LINE('',#14355,#14356);
#14355 = CARTESIAN_POINT('',(0.,4.572,1.1176));
#14356 = VECTOR('',#14357,1.);
#14357 = DIRECTION('',(-1.,0.,0.));
#14358 = FACE_BOUND('',#14359,.T.);
#14359 = EDGE_LOOP('',(#14360,#14370,#14378,#14386));
#14360 = ORIENTED_EDGE('',*,*,#14361,.T.);
#14361 = EDGE_CURVE('',#14362,#14364,#14366,.T.);
#14362 = VERTEX_POINT('',#14363);
#14363 = CARTESIAN_POINT('',(-3.0226,4.572,-0.1524));
#14364 = VERTEX_POINT('',#14365);
#14365 = CARTESIAN_POINT('',(-3.0226,4.572,-1.1176));
#14366 = LINE('',#14367,#14368);
#14367 = CARTESIAN_POINT('',(-3.0226,4.572,0.));
#14368 = VECTOR('',#14369,1.);
#14369 = DIRECTION('',(0.,0.,-1.));
#14370 = ORIENTED_EDGE('',*,*,#14371,.T.);
#14371 = EDGE_CURVE('',#14364,#14372,#14374,.T.);
#14372 = VERTEX_POINT('',#14373);
#14373 = CARTESIAN_POINT('',(-2.0574,4.572,-1.1176));
#14374 = LINE('',#14375,#14376);
#14375 = CARTESIAN_POINT('',(0.,4.572,-1.1176));
#14376 = VECTOR('',#14377,1.);
#14377 = DIRECTION('',(1.,0.,0.));
#14378 = ORIENTED_EDGE('',*,*,#14379,.T.);
#14379 = EDGE_CURVE('',#14372,#14380,#14382,.T.);
#14380 = VERTEX_POINT('',#14381);
#14381 = CARTESIAN_POINT('',(-2.0574,4.572,-0.1524));
#14382 = LINE('',#14383,#14384);
#14383 = CARTESIAN_POINT('',(-2.0574,4.572,0.));
#14384 = VECTOR('',#14385,1.);
#14385 = DIRECTION('',(0.,0.,1.));
#14386 = ORIENTED_EDGE('',*,*,#14387,.T.);
#14387 = EDGE_CURVE('',#14380,#14362,#14388,.T.);
#14388 = LINE('',#14389,#14390);
#14389 = CARTESIAN_POINT('',(0.,4.572,-0.1524));
#14390 = VECTOR('',#14391,1.);
#14391 = DIRECTION('',(-1.,0.,0.));
#14392 = PLANE('',#14393);
#14393 = AXIS2_PLACEMENT_3D('',#14394,#14395,#14396);
#14394 = CARTESIAN_POINT('',(0.,4.572,0.));
#14395 = DIRECTION('',(0.,1.,0.));
#14396 = DIRECTION('',(0.,-0.,1.));
#14397 = ADVANCED_FACE('',(#14398),#14409,.F.);
#14398 = FACE_BOUND('',#14399,.T.);
#14399 = EDGE_LOOP('',(#14400,#14401,#14407,#14408));
#14400 = ORIENTED_EDGE('',*,*,#13939,.T.);
#14401 = ORIENTED_EDGE('',*,*,#14402,.T.);
#14402 = EDGE_CURVE('',#13932,#13884,#14403,.T.);
#14403 = LINE('',#14404,#14405);
#14404 = CARTESIAN_POINT('',(3.3655,0.381,-1.524));
#14405 = VECTOR('',#14406,1.);
#14406 = DIRECTION('',(-1.,0.,0.));
#14407 = ORIENTED_EDGE('',*,*,#13883,.F.);
#14408 = ORIENTED_EDGE('',*,*,#14039,.F.);
#14409 = PLANE('',#14410);
#14410 = AXIS2_PLACEMENT_3D('',#14411,#14412,#14413);
#14411 = CARTESIAN_POINT('',(3.3655,4.572,-1.524));
#14412 = DIRECTION('',(0.,0.,1.));
#14413 = DIRECTION('',(1.,0.,-0.));
#14414 = ADVANCED_FACE('',(#14415),#14426,.F.);
#14415 = FACE_BOUND('',#14416,.T.);
#14416 = EDGE_LOOP('',(#14417,#14418,#14424,#14425));
#14417 = ORIENTED_EDGE('',*,*,#13867,.T.);
#14418 = ORIENTED_EDGE('',*,*,#14419,.T.);
#14419 = EDGE_CURVE('',#13860,#13956,#14420,.T.);
#14420 = LINE('',#14421,#14422);
#14421 = CARTESIAN_POINT('',(-3.3655,0.381,1.524));
#14422 = VECTOR('',#14423,1.);
#14423 = DIRECTION('',(1.,0.,0.));
#14424 = ORIENTED_EDGE('',*,*,#13955,.F.);
#14425 = ORIENTED_EDGE('',*,*,#14046,.F.);
#14426 = PLANE('',#14427);
#14427 = AXIS2_PLACEMENT_3D('',#14428,#14429,#14430);
#14428 = CARTESIAN_POINT('',(-3.3655,4.572,1.524));
#14429 = DIRECTION('',(0.,0.,-1.));
#14430 = DIRECTION('',(-1.,0.,0.));
#14431 = ADVANCED_FACE('',(#14432),#14457,.T.);
#14432 = FACE_BOUND('',#14433,.T.);
#14433 = EDGE_LOOP('',(#14434,#14442,#14450,#14456));
#14434 = ORIENTED_EDGE('',*,*,#14435,.T.);
#14435 = EDGE_CURVE('',#14058,#14436,#14438,.T.);
#14436 = VERTEX_POINT('',#14437);
#14437 = CARTESIAN_POINT('',(-2.794,4.3434,0.381));
#14438 = LINE('',#14439,#14440);
#14439 = CARTESIAN_POINT('',(-2.794,4.3434,0.381));
#14440 = VECTOR('',#14441,1.);
#14441 = DIRECTION('',(0.57735026919,-0.57735026919,0.57735026919));
#14442 = ORIENTED_EDGE('',*,*,#14443,.F.);
#14443 = EDGE_CURVE('',#14444,#14436,#14446,.T.);
#14444 = VERTEX_POINT('',#14445);
#14445 = CARTESIAN_POINT('',(-2.286,4.3434,0.381));
#14446 = LINE('',#14447,#14448);
#14447 = CARTESIAN_POINT('',(-2.286,4.3434,0.381));
#14448 = VECTOR('',#14449,1.);
#14449 = DIRECTION('',(-1.,0.,0.));
#14450 = ORIENTED_EDGE('',*,*,#14451,.F.);
#14451 = EDGE_CURVE('',#14066,#14444,#14452,.T.);
#14452 = LINE('',#14453,#14454);
#14453 = CARTESIAN_POINT('',(-2.286,4.3434,0.381));
#14454 = VECTOR('',#14455,1.);
#14455 = DIRECTION('',(-0.57735026919,-0.57735026919,0.57735026919));
#14456 = ORIENTED_EDGE('',*,*,#14065,.F.);
#14457 = PLANE('',#14458);
#14458 = AXIS2_PLACEMENT_3D('',#14459,#14460,#14461);
#14459 = CARTESIAN_POINT('',(-2.286,4.3434,0.381));
#14460 = DIRECTION('',(0.,0.707106781187,0.707106781187));
#14461 = DIRECTION('',(0.,-0.707106781187,0.707106781187));
#14462 = ADVANCED_FACE('',(#14463),#14481,.T.);
#14463 = FACE_BOUND('',#14464,.T.);
#14464 = EDGE_LOOP('',(#14465,#14473,#14479,#14480));
#14465 = ORIENTED_EDGE('',*,*,#14466,.T.);
#14466 = EDGE_CURVE('',#14056,#14467,#14469,.T.);
#14467 = VERTEX_POINT('',#14468);
#14468 = CARTESIAN_POINT('',(-2.794,4.3434,0.889));
#14469 = LINE('',#14470,#14471);
#14470 = CARTESIAN_POINT('',(-2.794,4.3434,0.889));
#14471 = VECTOR('',#14472,1.);
#14472 = DIRECTION('',(0.57735026919,-0.57735026919,-0.57735026919));
#14473 = ORIENTED_EDGE('',*,*,#14474,.F.);
#14474 = EDGE_CURVE('',#14436,#14467,#14475,.T.);
#14475 = LINE('',#14476,#14477);
#14476 = CARTESIAN_POINT('',(-2.794,4.3434,0.381));
#14477 = VECTOR('',#14478,1.);
#14478 = DIRECTION('',(0.,0.,1.));
#14479 = ORIENTED_EDGE('',*,*,#14435,.F.);
#14480 = ORIENTED_EDGE('',*,*,#14055,.F.);
#14481 = PLANE('',#14482);
#14482 = AXIS2_PLACEMENT_3D('',#14483,#14484,#14485);
#14483 = CARTESIAN_POINT('',(-2.794,4.3434,0.381));
#14484 = DIRECTION('',(0.707106781187,0.707106781187,0.));
#14485 = DIRECTION('',(-0.707106781187,0.707106781187,0.));
#14486 = ADVANCED_FACE('',(#14487),#14505,.T.);
#14487 = FACE_BOUND('',#14488,.T.);
#14488 = EDGE_LOOP('',(#14489,#14497,#14503,#14504));
#14489 = ORIENTED_EDGE('',*,*,#14490,.T.);
#14490 = EDGE_CURVE('',#14074,#14491,#14493,.T.);
#14491 = VERTEX_POINT('',#14492);
#14492 = CARTESIAN_POINT('',(-2.286,4.3434,0.889));
#14493 = LINE('',#14494,#14495);
#14494 = CARTESIAN_POINT('',(-2.286,4.3434,0.889));
#14495 = VECTOR('',#14496,1.);
#14496 = DIRECTION('',(-0.57735026919,-0.57735026919,-0.57735026919));
#14497 = ORIENTED_EDGE('',*,*,#14498,.F.);
#14498 = EDGE_CURVE('',#14467,#14491,#14499,.T.);
#14499 = LINE('',#14500,#14501);
#14500 = CARTESIAN_POINT('',(-2.794,4.3434,0.889));
#14501 = VECTOR('',#14502,1.);
#14502 = DIRECTION('',(1.,0.,0.));
#14503 = ORIENTED_EDGE('',*,*,#14466,.F.);
#14504 = ORIENTED_EDGE('',*,*,#14081,.F.);
#14505 = PLANE('',#14506);
#14506 = AXIS2_PLACEMENT_3D('',#14507,#14508,#14509);
#14507 = CARTESIAN_POINT('',(-2.794,4.3434,0.889));
#14508 = DIRECTION('',(0.,0.707106781187,-0.707106781187));
#14509 = DIRECTION('',(0.,0.707106781187,0.707106781187));
#14510 = ADVANCED_FACE('',(#14511),#14522,.T.);
#14511 = FACE_BOUND('',#14512,.T.);
#14512 = EDGE_LOOP('',(#14513,#14514,#14520,#14521));
#14513 = ORIENTED_EDGE('',*,*,#14451,.T.);
#14514 = ORIENTED_EDGE('',*,*,#14515,.F.);
#14515 = EDGE_CURVE('',#14491,#14444,#14516,.T.);
#14516 = LINE('',#14517,#14518);
#14517 = CARTESIAN_POINT('',(-2.286,4.3434,0.889));
#14518 = VECTOR('',#14519,1.);
#14519 = DIRECTION('',(0.,0.,-1.));
#14520 = ORIENTED_EDGE('',*,*,#14490,.F.);
#14521 = ORIENTED_EDGE('',*,*,#14073,.F.);
#14522 = PLANE('',#14523);
#14523 = AXIS2_PLACEMENT_3D('',#14524,#14525,#14526);
#14524 = CARTESIAN_POINT('',(-2.286,4.3434,0.889));
#14525 = DIRECTION('',(-0.707106781187,0.707106781187,0.));
#14526 = DIRECTION('',(-0.707106781187,-0.707106781187,0.));
#14527 = ADVANCED_FACE('',(#14528),#14553,.T.);
#14528 = FACE_BOUND('',#14529,.T.);
#14529 = EDGE_LOOP('',(#14530,#14538,#14546,#14552));
#14530 = ORIENTED_EDGE('',*,*,#14531,.T.);
#14531 = EDGE_CURVE('',#14092,#14532,#14534,.T.);
#14532 = VERTEX_POINT('',#14533);
#14533 = CARTESIAN_POINT('',(-1.524,4.3434,0.381));
#14534 = LINE('',#14535,#14536);
#14535 = CARTESIAN_POINT('',(-1.524,4.3434,0.381));
#14536 = VECTOR('',#14537,1.);
#14537 = DIRECTION('',(0.57735026919,-0.57735026919,0.57735026919));
#14538 = ORIENTED_EDGE('',*,*,#14539,.F.);
#14539 = EDGE_CURVE('',#14540,#14532,#14542,.T.);
#14540 = VERTEX_POINT('',#14541);
#14541 = CARTESIAN_POINT('',(-1.016,4.3434,0.381));
#14542 = LINE('',#14543,#14544);
#14543 = CARTESIAN_POINT('',(-1.016,4.3434,0.381));
#14544 = VECTOR('',#14545,1.);
#14545 = DIRECTION('',(-1.,0.,0.));
#14546 = ORIENTED_EDGE('',*,*,#14547,.F.);
#14547 = EDGE_CURVE('',#14100,#14540,#14548,.T.);
#14548 = LINE('',#14549,#14550);
#14549 = CARTESIAN_POINT('',(-1.016,4.3434,0.381));
#14550 = VECTOR('',#14551,1.);
#14551 = DIRECTION('',(-0.57735026919,-0.57735026919,0.57735026919));
#14552 = ORIENTED_EDGE('',*,*,#14099,.F.);
#14553 = PLANE('',#14554);
#14554 = AXIS2_PLACEMENT_3D('',#14555,#14556,#14557);
#14555 = CARTESIAN_POINT('',(-1.016,4.3434,0.381));
#14556 = DIRECTION('',(0.,0.707106781187,0.707106781187));
#14557 = DIRECTION('',(0.,-0.707106781187,0.707106781187));
#14558 = ADVANCED_FACE('',(#14559),#14577,.T.);
#14559 = FACE_BOUND('',#14560,.T.);
#14560 = EDGE_LOOP('',(#14561,#14569,#14575,#14576));
#14561 = ORIENTED_EDGE('',*,*,#14562,.T.);
#14562 = EDGE_CURVE('',#14090,#14563,#14565,.T.);
#14563 = VERTEX_POINT('',#14564);
#14564 = CARTESIAN_POINT('',(-1.524,4.3434,0.889));
#14565 = LINE('',#14566,#14567);
#14566 = CARTESIAN_POINT('',(-1.524,4.3434,0.889));
#14567 = VECTOR('',#14568,1.);
#14568 = DIRECTION('',(0.57735026919,-0.57735026919,-0.57735026919));
#14569 = ORIENTED_EDGE('',*,*,#14570,.F.);
#14570 = EDGE_CURVE('',#14532,#14563,#14571,.T.);
#14571 = LINE('',#14572,#14573);
#14572 = CARTESIAN_POINT('',(-1.524,4.3434,0.381));
#14573 = VECTOR('',#14574,1.);
#14574 = DIRECTION('',(0.,0.,1.));
#14575 = ORIENTED_EDGE('',*,*,#14531,.F.);
#14576 = ORIENTED_EDGE('',*,*,#14089,.F.);
#14577 = PLANE('',#14578);
#14578 = AXIS2_PLACEMENT_3D('',#14579,#14580,#14581);
#14579 = CARTESIAN_POINT('',(-1.524,4.3434,0.381));
#14580 = DIRECTION('',(0.707106781187,0.707106781187,0.));
#14581 = DIRECTION('',(-0.707106781187,0.707106781187,0.));
#14582 = ADVANCED_FACE('',(#14583),#14601,.T.);
#14583 = FACE_BOUND('',#14584,.T.);
#14584 = EDGE_LOOP('',(#14585,#14593,#14599,#14600));
#14585 = ORIENTED_EDGE('',*,*,#14586,.T.);
#14586 = EDGE_CURVE('',#14108,#14587,#14589,.T.);
#14587 = VERTEX_POINT('',#14588);
#14588 = CARTESIAN_POINT('',(-1.016,4.3434,0.889));
#14589 = LINE('',#14590,#14591);
#14590 = CARTESIAN_POINT('',(-1.016,4.3434,0.889));
#14591 = VECTOR('',#14592,1.);
#14592 = DIRECTION('',(-0.57735026919,-0.57735026919,-0.57735026919));
#14593 = ORIENTED_EDGE('',*,*,#14594,.F.);
#14594 = EDGE_CURVE('',#14563,#14587,#14595,.T.);
#14595 = LINE('',#14596,#14597);
#14596 = CARTESIAN_POINT('',(-1.524,4.3434,0.889));
#14597 = VECTOR('',#14598,1.);
#14598 = DIRECTION('',(1.,0.,0.));
#14599 = ORIENTED_EDGE('',*,*,#14562,.F.);
#14600 = ORIENTED_EDGE('',*,*,#14115,.F.);
#14601 = PLANE('',#14602);
#14602 = AXIS2_PLACEMENT_3D('',#14603,#14604,#14605);
#14603 = CARTESIAN_POINT('',(-1.524,4.3434,0.889));
#14604 = DIRECTION('',(0.,0.707106781187,-0.707106781187));
#14605 = DIRECTION('',(0.,0.707106781187,0.707106781187));
#14606 = ADVANCED_FACE('',(#14607),#14618,.T.);
#14607 = FACE_BOUND('',#14608,.T.);
#14608 = EDGE_LOOP('',(#14609,#14610,#14616,#14617));
#14609 = ORIENTED_EDGE('',*,*,#14547,.T.);
#14610 = ORIENTED_EDGE('',*,*,#14611,.F.);
#14611 = EDGE_CURVE('',#14587,#14540,#14612,.T.);
#14612 = LINE('',#14613,#14614);
#14613 = CARTESIAN_POINT('',(-1.016,4.3434,0.889));
#14614 = VECTOR('',#14615,1.);
#14615 = DIRECTION('',(0.,0.,-1.));
#14616 = ORIENTED_EDGE('',*,*,#14586,.F.);
#14617 = ORIENTED_EDGE('',*,*,#14107,.F.);
#14618 = PLANE('',#14619);
#14619 = AXIS2_PLACEMENT_3D('',#14620,#14621,#14622);
#14620 = CARTESIAN_POINT('',(-1.016,4.3434,0.889));
#14621 = DIRECTION('',(-0.707106781187,0.707106781187,0.));
#14622 = DIRECTION('',(-0.707106781187,-0.707106781187,0.));
#14623 = ADVANCED_FACE('',(#14624),#14649,.T.);
#14624 = FACE_BOUND('',#14625,.T.);
#14625 = EDGE_LOOP('',(#14626,#14634,#14642,#14648));
#14626 = ORIENTED_EDGE('',*,*,#14627,.T.);
#14627 = EDGE_CURVE('',#14126,#14628,#14630,.T.);
#14628 = VERTEX_POINT('',#14629);
#14629 = CARTESIAN_POINT('',(2.286,4.3434,-0.889));
#14630 = LINE('',#14631,#14632);
#14631 = CARTESIAN_POINT('',(2.286,4.3434,-0.889));
#14632 = VECTOR('',#14633,1.);
#14633 = DIRECTION('',(0.57735026919,-0.57735026919,0.57735026919));
#14634 = ORIENTED_EDGE('',*,*,#14635,.F.);
#14635 = EDGE_CURVE('',#14636,#14628,#14638,.T.);
#14636 = VERTEX_POINT('',#14637);
#14637 = CARTESIAN_POINT('',(2.794,4.3434,-0.889));
#14638 = LINE('',#14639,#14640);
#14639 = CARTESIAN_POINT('',(2.794,4.3434,-0.889));
#14640 = VECTOR('',#14641,1.);
#14641 = DIRECTION('',(-1.,0.,0.));
#14642 = ORIENTED_EDGE('',*,*,#14643,.F.);
#14643 = EDGE_CURVE('',#14134,#14636,#14644,.T.);
#14644 = LINE('',#14645,#14646);
#14645 = CARTESIAN_POINT('',(2.794,4.3434,-0.889));
#14646 = VECTOR('',#14647,1.);
#14647 = DIRECTION('',(-0.57735026919,-0.57735026919,0.57735026919));
#14648 = ORIENTED_EDGE('',*,*,#14133,.F.);
#14649 = PLANE('',#14650);
#14650 = AXIS2_PLACEMENT_3D('',#14651,#14652,#14653);
#14651 = CARTESIAN_POINT('',(2.794,4.3434,-0.889));
#14652 = DIRECTION('',(0.,0.707106781187,0.707106781187));
#14653 = DIRECTION('',(0.,-0.707106781187,0.707106781187));
#14654 = ADVANCED_FACE('',(#14655),#14673,.T.);
#14655 = FACE_BOUND('',#14656,.T.);
#14656 = EDGE_LOOP('',(#14657,#14665,#14671,#14672));
#14657 = ORIENTED_EDGE('',*,*,#14658,.T.);
#14658 = EDGE_CURVE('',#14124,#14659,#14661,.T.);
#14659 = VERTEX_POINT('',#14660);
#14660 = CARTESIAN_POINT('',(2.286,4.3434,-0.381));
#14661 = LINE('',#14662,#14663);
#14662 = CARTESIAN_POINT('',(2.286,4.3434,-0.381));
#14663 = VECTOR('',#14664,1.);
#14664 = DIRECTION('',(0.57735026919,-0.57735026919,-0.57735026919));
#14665 = ORIENTED_EDGE('',*,*,#14666,.F.);
#14666 = EDGE_CURVE('',#14628,#14659,#14667,.T.);
#14667 = LINE('',#14668,#14669);
#14668 = CARTESIAN_POINT('',(2.286,4.3434,-0.889));
#14669 = VECTOR('',#14670,1.);
#14670 = DIRECTION('',(0.,0.,1.));
#14671 = ORIENTED_EDGE('',*,*,#14627,.F.);
#14672 = ORIENTED_EDGE('',*,*,#14123,.F.);
#14673 = PLANE('',#14674);
#14674 = AXIS2_PLACEMENT_3D('',#14675,#14676,#14677);
#14675 = CARTESIAN_POINT('',(2.286,4.3434,-0.889));
#14676 = DIRECTION('',(0.707106781187,0.707106781187,0.));
#14677 = DIRECTION('',(-0.707106781187,0.707106781187,0.));
#14678 = ADVANCED_FACE('',(#14679),#14697,.T.);
#14679 = FACE_BOUND('',#14680,.T.);
#14680 = EDGE_LOOP('',(#14681,#14689,#14695,#14696));
#14681 = ORIENTED_EDGE('',*,*,#14682,.T.);
#14682 = EDGE_CURVE('',#14142,#14683,#14685,.T.);
#14683 = VERTEX_POINT('',#14684);
#14684 = CARTESIAN_POINT('',(2.794,4.3434,-0.381));
#14685 = LINE('',#14686,#14687);
#14686 = CARTESIAN_POINT('',(2.794,4.3434,-0.381));
#14687 = VECTOR('',#14688,1.);
#14688 = DIRECTION('',(-0.57735026919,-0.57735026919,-0.57735026919));
#14689 = ORIENTED_EDGE('',*,*,#14690,.F.);
#14690 = EDGE_CURVE('',#14659,#14683,#14691,.T.);
#14691 = LINE('',#14692,#14693);
#14692 = CARTESIAN_POINT('',(2.286,4.3434,-0.381));
#14693 = VECTOR('',#14694,1.);
#14694 = DIRECTION('',(1.,0.,0.));
#14695 = ORIENTED_EDGE('',*,*,#14658,.F.);
#14696 = ORIENTED_EDGE('',*,*,#14149,.F.);
#14697 = PLANE('',#14698);
#14698 = AXIS2_PLACEMENT_3D('',#14699,#14700,#14701);
#14699 = CARTESIAN_POINT('',(2.286,4.3434,-0.381));
#14700 = DIRECTION('',(0.,0.707106781187,-0.707106781187));
#14701 = DIRECTION('',(0.,0.707106781187,0.707106781187));
#14702 = ADVANCED_FACE('',(#14703),#14714,.T.);
#14703 = FACE_BOUND('',#14704,.T.);
#14704 = EDGE_LOOP('',(#14705,#14706,#14712,#14713));
#14705 = ORIENTED_EDGE('',*,*,#14643,.T.);
#14706 = ORIENTED_EDGE('',*,*,#14707,.F.);
#14707 = EDGE_CURVE('',#14683,#14636,#14708,.T.);
#14708 = LINE('',#14709,#14710);
#14709 = CARTESIAN_POINT('',(2.794,4.3434,-0.381));
#14710 = VECTOR('',#14711,1.);
#14711 = DIRECTION('',(0.,0.,-1.));
#14712 = ORIENTED_EDGE('',*,*,#14682,.F.);
#14713 = ORIENTED_EDGE('',*,*,#14141,.F.);
#14714 = PLANE('',#14715);
#14715 = AXIS2_PLACEMENT_3D('',#14716,#14717,#14718);
#14716 = CARTESIAN_POINT('',(2.794,4.3434,-0.381));
#14717 = DIRECTION('',(-0.707106781187,0.707106781187,0.));
#14718 = DIRECTION('',(-0.707106781187,-0.707106781187,0.));
#14719 = ADVANCED_FACE('',(#14720),#14745,.T.);
#14720 = FACE_BOUND('',#14721,.T.);
#14721 = EDGE_LOOP('',(#14722,#14730,#14738,#14744));
#14722 = ORIENTED_EDGE('',*,*,#14723,.T.);
#14723 = EDGE_CURVE('',#14160,#14724,#14726,.T.);
#14724 = VERTEX_POINT('',#14725);
#14725 = CARTESIAN_POINT('',(1.016,4.3434,-0.889));
#14726 = LINE('',#14727,#14728);
#14727 = CARTESIAN_POINT('',(1.016,4.3434,-0.889));
#14728 = VECTOR('',#14729,1.);
#14729 = DIRECTION('',(0.57735026919,-0.57735026919,0.57735026919));
#14730 = ORIENTED_EDGE('',*,*,#14731,.F.);
#14731 = EDGE_CURVE('',#14732,#14724,#14734,.T.);
#14732 = VERTEX_POINT('',#14733);
#14733 = CARTESIAN_POINT('',(1.524,4.3434,-0.889));
#14734 = LINE('',#14735,#14736);
#14735 = CARTESIAN_POINT('',(1.524,4.3434,-0.889));
#14736 = VECTOR('',#14737,1.);
#14737 = DIRECTION('',(-1.,0.,0.));
#14738 = ORIENTED_EDGE('',*,*,#14739,.F.);
#14739 = EDGE_CURVE('',#14168,#14732,#14740,.T.);
#14740 = LINE('',#14741,#14742);
#14741 = CARTESIAN_POINT('',(1.524,4.3434,-0.889));
#14742 = VECTOR('',#14743,1.);
#14743 = DIRECTION('',(-0.57735026919,-0.57735026919,0.57735026919));
#14744 = ORIENTED_EDGE('',*,*,#14167,.F.);
#14745 = PLANE('',#14746);
#14746 = AXIS2_PLACEMENT_3D('',#14747,#14748,#14749);
#14747 = CARTESIAN_POINT('',(1.524,4.3434,-0.889));
#14748 = DIRECTION('',(0.,0.707106781187,0.707106781187));
#14749 = DIRECTION('',(0.,-0.707106781187,0.707106781187));
#14750 = ADVANCED_FACE('',(#14751),#14769,.T.);
#14751 = FACE_BOUND('',#14752,.T.);
#14752 = EDGE_LOOP('',(#14753,#14761,#14767,#14768));
#14753 = ORIENTED_EDGE('',*,*,#14754,.T.);
#14754 = EDGE_CURVE('',#14158,#14755,#14757,.T.);
#14755 = VERTEX_POINT('',#14756);
#14756 = CARTESIAN_POINT('',(1.016,4.3434,-0.381));
#14757 = LINE('',#14758,#14759);
#14758 = CARTESIAN_POINT('',(1.016,4.3434,-0.381));
#14759 = VECTOR('',#14760,1.);
#14760 = DIRECTION('',(0.57735026919,-0.57735026919,-0.57735026919));
#14761 = ORIENTED_EDGE('',*,*,#14762,.F.);
#14762 = EDGE_CURVE('',#14724,#14755,#14763,.T.);
#14763 = LINE('',#14764,#14765);
#14764 = CARTESIAN_POINT('',(1.016,4.3434,-0.889));
#14765 = VECTOR('',#14766,1.);
#14766 = DIRECTION('',(0.,0.,1.));
#14767 = ORIENTED_EDGE('',*,*,#14723,.F.);
#14768 = ORIENTED_EDGE('',*,*,#14157,.F.);
#14769 = PLANE('',#14770);
#14770 = AXIS2_PLACEMENT_3D('',#14771,#14772,#14773);
#14771 = CARTESIAN_POINT('',(1.016,4.3434,-0.889));
#14772 = DIRECTION('',(0.707106781187,0.707106781187,0.));
#14773 = DIRECTION('',(-0.707106781187,0.707106781187,0.));
#14774 = ADVANCED_FACE('',(#14775),#14793,.T.);
#14775 = FACE_BOUND('',#14776,.T.);
#14776 = EDGE_LOOP('',(#14777,#14785,#14791,#14792));
#14777 = ORIENTED_EDGE('',*,*,#14778,.T.);
#14778 = EDGE_CURVE('',#14176,#14779,#14781,.T.);
#14779 = VERTEX_POINT('',#14780);
#14780 = CARTESIAN_POINT('',(1.524,4.3434,-0.381));
#14781 = LINE('',#14782,#14783);
#14782 = CARTESIAN_POINT('',(1.524,4.3434,-0.381));
#14783 = VECTOR('',#14784,1.);
#14784 = DIRECTION('',(-0.57735026919,-0.57735026919,-0.57735026919));
#14785 = ORIENTED_EDGE('',*,*,#14786,.F.);
#14786 = EDGE_CURVE('',#14755,#14779,#14787,.T.);
#14787 = LINE('',#14788,#14789);
#14788 = CARTESIAN_POINT('',(1.016,4.3434,-0.381));
#14789 = VECTOR('',#14790,1.);
#14790 = DIRECTION('',(1.,0.,0.));
#14791 = ORIENTED_EDGE('',*,*,#14754,.F.);
#14792 = ORIENTED_EDGE('',*,*,#14183,.F.);
#14793 = PLANE('',#14794);
#14794 = AXIS2_PLACEMENT_3D('',#14795,#14796,#14797);
#14795 = CARTESIAN_POINT('',(1.016,4.3434,-0.381));
#14796 = DIRECTION('',(0.,0.707106781187,-0.707106781187));
#14797 = DIRECTION('',(0.,0.707106781187,0.707106781187));
#14798 = ADVANCED_FACE('',(#14799),#14810,.T.);
#14799 = FACE_BOUND('',#14800,.T.);
#14800 = EDGE_LOOP('',(#14801,#14802,#14808,#14809));
#14801 = ORIENTED_EDGE('',*,*,#14739,.T.);
#14802 = ORIENTED_EDGE('',*,*,#14803,.F.);
#14803 = EDGE_CURVE('',#14779,#14732,#14804,.T.);
#14804 = LINE('',#14805,#14806);
#14805 = CARTESIAN_POINT('',(1.524,4.3434,-0.381));
#14806 = VECTOR('',#14807,1.);
#14807 = DIRECTION('',(0.,0.,-1.));
#14808 = ORIENTED_EDGE('',*,*,#14778,.F.);
#14809 = ORIENTED_EDGE('',*,*,#14175,.F.);
#14810 = PLANE('',#14811);
#14811 = AXIS2_PLACEMENT_3D('',#14812,#14813,#14814);
#14812 = CARTESIAN_POINT('',(1.524,4.3434,-0.381));
#14813 = DIRECTION('',(-0.707106781187,0.707106781187,0.));
#14814 = DIRECTION('',(-0.707106781187,-0.707106781187,0.));
#14815 = ADVANCED_FACE('',(#14816),#14841,.T.);
#14816 = FACE_BOUND('',#14817,.T.);
#14817 = EDGE_LOOP('',(#14818,#14826,#14834,#14840));
#14818 = ORIENTED_EDGE('',*,*,#14819,.T.);
#14819 = EDGE_CURVE('',#14194,#14820,#14822,.T.);
#14820 = VERTEX_POINT('',#14821);
#14821 = CARTESIAN_POINT('',(-0.254,4.3434,-0.889));
#14822 = LINE('',#14823,#14824);
#14823 = CARTESIAN_POINT('',(-0.254,4.3434,-0.889));
#14824 = VECTOR('',#14825,1.);
#14825 = DIRECTION('',(0.57735026919,-0.57735026919,0.57735026919));
#14826 = ORIENTED_EDGE('',*,*,#14827,.F.);
#14827 = EDGE_CURVE('',#14828,#14820,#14830,.T.);
#14828 = VERTEX_POINT('',#14829);
#14829 = CARTESIAN_POINT('',(0.254,4.3434,-0.889));
#14830 = LINE('',#14831,#14832);
#14831 = CARTESIAN_POINT('',(0.254,4.3434,-0.889));
#14832 = VECTOR('',#14833,1.);
#14833 = DIRECTION('',(-1.,0.,0.));
#14834 = ORIENTED_EDGE('',*,*,#14835,.F.);
#14835 = EDGE_CURVE('',#14202,#14828,#14836,.T.);
#14836 = LINE('',#14837,#14838);
#14837 = CARTESIAN_POINT('',(0.254,4.3434,-0.889));
#14838 = VECTOR('',#14839,1.);
#14839 = DIRECTION('',(-0.57735026919,-0.57735026919,0.57735026919));
#14840 = ORIENTED_EDGE('',*,*,#14201,.F.);
#14841 = PLANE('',#14842);
#14842 = AXIS2_PLACEMENT_3D('',#14843,#14844,#14845);
#14843 = CARTESIAN_POINT('',(0.254,4.3434,-0.889));
#14844 = DIRECTION('',(0.,0.707106781187,0.707106781187));
#14845 = DIRECTION('',(0.,-0.707106781187,0.707106781187));
#14846 = ADVANCED_FACE('',(#14847),#14865,.T.);
#14847 = FACE_BOUND('',#14848,.T.);
#14848 = EDGE_LOOP('',(#14849,#14857,#14863,#14864));
#14849 = ORIENTED_EDGE('',*,*,#14850,.T.);
#14850 = EDGE_CURVE('',#14192,#14851,#14853,.T.);
#14851 = VERTEX_POINT('',#14852);
#14852 = CARTESIAN_POINT('',(-0.254,4.3434,-0.381));
#14853 = LINE('',#14854,#14855);
#14854 = CARTESIAN_POINT('',(-0.254,4.3434,-0.381));
#14855 = VECTOR('',#14856,1.);
#14856 = DIRECTION('',(0.57735026919,-0.57735026919,-0.57735026919));
#14857 = ORIENTED_EDGE('',*,*,#14858,.F.);
#14858 = EDGE_CURVE('',#14820,#14851,#14859,.T.);
#14859 = LINE('',#14860,#14861);
#14860 = CARTESIAN_POINT('',(-0.254,4.3434,-0.889));
#14861 = VECTOR('',#14862,1.);
#14862 = DIRECTION('',(0.,0.,1.));
#14863 = ORIENTED_EDGE('',*,*,#14819,.F.);
#14864 = ORIENTED_EDGE('',*,*,#14191,.F.);
#14865 = PLANE('',#14866);
#14866 = AXIS2_PLACEMENT_3D('',#14867,#14868,#14869);
#14867 = CARTESIAN_POINT('',(-0.254,4.3434,-0.889));
#14868 = DIRECTION('',(0.707106781187,0.707106781187,0.));
#14869 = DIRECTION('',(-0.707106781187,0.707106781187,0.));
#14870 = ADVANCED_FACE('',(#14871),#14889,.T.);
#14871 = FACE_BOUND('',#14872,.T.);
#14872 = EDGE_LOOP('',(#14873,#14881,#14887,#14888));
#14873 = ORIENTED_EDGE('',*,*,#14874,.T.);
#14874 = EDGE_CURVE('',#14210,#14875,#14877,.T.);
#14875 = VERTEX_POINT('',#14876);
#14876 = CARTESIAN_POINT('',(0.254,4.3434,-0.381));
#14877 = LINE('',#14878,#14879);
#14878 = CARTESIAN_POINT('',(0.254,4.3434,-0.381));
#14879 = VECTOR('',#14880,1.);
#14880 = DIRECTION('',(-0.57735026919,-0.57735026919,-0.57735026919));
#14881 = ORIENTED_EDGE('',*,*,#14882,.F.);
#14882 = EDGE_CURVE('',#14851,#14875,#14883,.T.);
#14883 = LINE('',#14884,#14885);
#14884 = CARTESIAN_POINT('',(-0.254,4.3434,-0.381));
#14885 = VECTOR('',#14886,1.);
#14886 = DIRECTION('',(1.,0.,0.));
#14887 = ORIENTED_EDGE('',*,*,#14850,.F.);
#14888 = ORIENTED_EDGE('',*,*,#14217,.F.);
#14889 = PLANE('',#14890);
#14890 = AXIS2_PLACEMENT_3D('',#14891,#14892,#14893);
#14891 = CARTESIAN_POINT('',(-0.254,4.3434,-0.381));
#14892 = DIRECTION('',(0.,0.707106781187,-0.707106781187));
#14893 = DIRECTION('',(0.,0.707106781187,0.707106781187));
#14894 = ADVANCED_FACE('',(#14895),#14906,.T.);
#14895 = FACE_BOUND('',#14896,.T.);
#14896 = EDGE_LOOP('',(#14897,#14898,#14904,#14905));
#14897 = ORIENTED_EDGE('',*,*,#14835,.T.);
#14898 = ORIENTED_EDGE('',*,*,#14899,.F.);
#14899 = EDGE_CURVE('',#14875,#14828,#14900,.T.);
#14900 = LINE('',#14901,#14902);
#14901 = CARTESIAN_POINT('',(0.254,4.3434,-0.381));
#14902 = VECTOR('',#14903,1.);
#14903 = DIRECTION('',(0.,0.,-1.));
#14904 = ORIENTED_EDGE('',*,*,#14874,.F.);
#14905 = ORIENTED_EDGE('',*,*,#14209,.F.);
#14906 = PLANE('',#14907);
#14907 = AXIS2_PLACEMENT_3D('',#14908,#14909,#14910);
#14908 = CARTESIAN_POINT('',(0.254,4.3434,-0.381));
#14909 = DIRECTION('',(-0.707106781187,0.707106781187,0.));
#14910 = DIRECTION('',(-0.707106781187,-0.707106781187,0.));
#14911 = ADVANCED_FACE('',(#14912),#14937,.T.);
#14912 = FACE_BOUND('',#14913,.T.);
#14913 = EDGE_LOOP('',(#14914,#14922,#14930,#14936));
#14914 = ORIENTED_EDGE('',*,*,#14915,.T.);
#14915 = EDGE_CURVE('',#14228,#14916,#14918,.T.);
#14916 = VERTEX_POINT('',#14917);
#14917 = CARTESIAN_POINT('',(-1.524,4.3434,-0.889));
#14918 = LINE('',#14919,#14920);
#14919 = CARTESIAN_POINT('',(-1.524,4.3434,-0.889));
#14920 = VECTOR('',#14921,1.);
#14921 = DIRECTION('',(0.57735026919,-0.57735026919,0.57735026919));
#14922 = ORIENTED_EDGE('',*,*,#14923,.F.);
#14923 = EDGE_CURVE('',#14924,#14916,#14926,.T.);
#14924 = VERTEX_POINT('',#14925);
#14925 = CARTESIAN_POINT('',(-1.016,4.3434,-0.889));
#14926 = LINE('',#14927,#14928);
#14927 = CARTESIAN_POINT('',(-1.016,4.3434,-0.889));
#14928 = VECTOR('',#14929,1.);
#14929 = DIRECTION('',(-1.,0.,0.));
#14930 = ORIENTED_EDGE('',*,*,#14931,.F.);
#14931 = EDGE_CURVE('',#14236,#14924,#14932,.T.);
#14932 = LINE('',#14933,#14934);
#14933 = CARTESIAN_POINT('',(-1.016,4.3434,-0.889));
#14934 = VECTOR('',#14935,1.);
#14935 = DIRECTION('',(-0.57735026919,-0.57735026919,0.57735026919));
#14936 = ORIENTED_EDGE('',*,*,#14235,.F.);
#14937 = PLANE('',#14938);
#14938 = AXIS2_PLACEMENT_3D('',#14939,#14940,#14941);
#14939 = CARTESIAN_POINT('',(-1.016,4.3434,-0.889));
#14940 = DIRECTION('',(0.,0.707106781187,0.707106781187));
#14941 = DIRECTION('',(0.,-0.707106781187,0.707106781187));
#14942 = ADVANCED_FACE('',(#14943),#14961,.T.);
#14943 = FACE_BOUND('',#14944,.T.);
#14944 = EDGE_LOOP('',(#14945,#14953,#14959,#14960));
#14945 = ORIENTED_EDGE('',*,*,#14946,.T.);
#14946 = EDGE_CURVE('',#14226,#14947,#14949,.T.);
#14947 = VERTEX_POINT('',#14948);
#14948 = CARTESIAN_POINT('',(-1.524,4.3434,-0.381));
#14949 = LINE('',#14950,#14951);
#14950 = CARTESIAN_POINT('',(-1.524,4.3434,-0.381));
#14951 = VECTOR('',#14952,1.);
#14952 = DIRECTION('',(0.57735026919,-0.57735026919,-0.57735026919));
#14953 = ORIENTED_EDGE('',*,*,#14954,.F.);
#14954 = EDGE_CURVE('',#14916,#14947,#14955,.T.);
#14955 = LINE('',#14956,#14957);
#14956 = CARTESIAN_POINT('',(-1.524,4.3434,-0.889));
#14957 = VECTOR('',#14958,1.);
#14958 = DIRECTION('',(0.,0.,1.));
#14959 = ORIENTED_EDGE('',*,*,#14915,.F.);
#14960 = ORIENTED_EDGE('',*,*,#14225,.F.);
#14961 = PLANE('',#14962);
#14962 = AXIS2_PLACEMENT_3D('',#14963,#14964,#14965);
#14963 = CARTESIAN_POINT('',(-1.524,4.3434,-0.889));
#14964 = DIRECTION('',(0.707106781187,0.707106781187,0.));
#14965 = DIRECTION('',(-0.707106781187,0.707106781187,0.));
#14966 = ADVANCED_FACE('',(#14967),#14985,.T.);
#14967 = FACE_BOUND('',#14968,.T.);
#14968 = EDGE_LOOP('',(#14969,#14977,#14983,#14984));
#14969 = ORIENTED_EDGE('',*,*,#14970,.T.);
#14970 = EDGE_CURVE('',#14244,#14971,#14973,.T.);
#14971 = VERTEX_POINT('',#14972);
#14972 = CARTESIAN_POINT('',(-1.016,4.3434,-0.381));
#14973 = LINE('',#14974,#14975);
#14974 = CARTESIAN_POINT('',(-1.016,4.3434,-0.381));
#14975 = VECTOR('',#14976,1.);
#14976 = DIRECTION('',(-0.57735026919,-0.57735026919,-0.57735026919));
#14977 = ORIENTED_EDGE('',*,*,#14978,.F.);
#14978 = EDGE_CURVE('',#14947,#14971,#14979,.T.);
#14979 = LINE('',#14980,#14981);
#14980 = CARTESIAN_POINT('',(-1.524,4.3434,-0.381));
#14981 = VECTOR('',#14982,1.);
#14982 = DIRECTION('',(1.,0.,0.));
#14983 = ORIENTED_EDGE('',*,*,#14946,.F.);
#14984 = ORIENTED_EDGE('',*,*,#14251,.F.);
#14985 = PLANE('',#14986);
#14986 = AXIS2_PLACEMENT_3D('',#14987,#14988,#14989);
#14987 = CARTESIAN_POINT('',(-1.524,4.3434,-0.381));
#14988 = DIRECTION('',(0.,0.707106781187,-0.707106781187));
#14989 = DIRECTION('',(0.,0.707106781187,0.707106781187));
#14990 = ADVANCED_FACE('',(#14991),#15002,.T.);
#14991 = FACE_BOUND('',#14992,.T.);
#14992 = EDGE_LOOP('',(#14993,#14994,#15000,#15001));
#14993 = ORIENTED_EDGE('',*,*,#14931,.T.);
#14994 = ORIENTED_EDGE('',*,*,#14995,.F.);
#14995 = EDGE_CURVE('',#14971,#14924,#14996,.T.);
#14996 = LINE('',#14997,#14998);
#14997 = CARTESIAN_POINT('',(-1.016,4.3434,-0.381));
#14998 = VECTOR('',#14999,1.);
#14999 = DIRECTION('',(0.,0.,-1.));
#15000 = ORIENTED_EDGE('',*,*,#14970,.F.);
#15001 = ORIENTED_EDGE('',*,*,#14243,.F.);
#15002 = PLANE('',#15003);
#15003 = AXIS2_PLACEMENT_3D('',#15004,#15005,#15006);
#15004 = CARTESIAN_POINT('',(-1.016,4.3434,-0.381));
#15005 = DIRECTION('',(-0.707106781187,0.707106781187,0.));
#15006 = DIRECTION('',(-0.707106781187,-0.707106781187,0.));
#15007 = ADVANCED_FACE('',(#15008),#15033,.T.);
#15008 = FACE_BOUND('',#15009,.T.);
#15009 = EDGE_LOOP('',(#15010,#15018,#15026,#15032));
#15010 = ORIENTED_EDGE('',*,*,#15011,.T.);
#15011 = EDGE_CURVE('',#14262,#15012,#15014,.T.);
#15012 = VERTEX_POINT('',#15013);
#15013 = CARTESIAN_POINT('',(-0.254,4.3434,0.381));
#15014 = LINE('',#15015,#15016);
#15015 = CARTESIAN_POINT('',(-0.254,4.3434,0.381));
#15016 = VECTOR('',#15017,1.);
#15017 = DIRECTION('',(0.57735026919,-0.57735026919,0.57735026919));
#15018 = ORIENTED_EDGE('',*,*,#15019,.F.);
#15019 = EDGE_CURVE('',#15020,#15012,#15022,.T.);
#15020 = VERTEX_POINT('',#15021);
#15021 = CARTESIAN_POINT('',(0.254,4.3434,0.381));
#15022 = LINE('',#15023,#15024);
#15023 = CARTESIAN_POINT('',(0.254,4.3434,0.381));
#15024 = VECTOR('',#15025,1.);
#15025 = DIRECTION('',(-1.,0.,0.));
#15026 = ORIENTED_EDGE('',*,*,#15027,.F.);
#15027 = EDGE_CURVE('',#14270,#15020,#15028,.T.);
#15028 = LINE('',#15029,#15030);
#15029 = CARTESIAN_POINT('',(0.254,4.3434,0.381));
#15030 = VECTOR('',#15031,1.);
#15031 = DIRECTION('',(-0.57735026919,-0.57735026919,0.57735026919));
#15032 = ORIENTED_EDGE('',*,*,#14269,.F.);
#15033 = PLANE('',#15034);
#15034 = AXIS2_PLACEMENT_3D('',#15035,#15036,#15037);
#15035 = CARTESIAN_POINT('',(0.254,4.3434,0.381));
#15036 = DIRECTION('',(0.,0.707106781187,0.707106781187));
#15037 = DIRECTION('',(0.,-0.707106781187,0.707106781187));
#15038 = ADVANCED_FACE('',(#15039),#15057,.T.);
#15039 = FACE_BOUND('',#15040,.T.);
#15040 = EDGE_LOOP('',(#15041,#15049,#15055,#15056));
#15041 = ORIENTED_EDGE('',*,*,#15042,.T.);
#15042 = EDGE_CURVE('',#14260,#15043,#15045,.T.);
#15043 = VERTEX_POINT('',#15044);
#15044 = CARTESIAN_POINT('',(-0.254,4.3434,0.889));
#15045 = LINE('',#15046,#15047);
#15046 = CARTESIAN_POINT('',(-0.254,4.3434,0.889));
#15047 = VECTOR('',#15048,1.);
#15048 = DIRECTION('',(0.57735026919,-0.57735026919,-0.57735026919));
#15049 = ORIENTED_EDGE('',*,*,#15050,.F.);
#15050 = EDGE_CURVE('',#15012,#15043,#15051,.T.);
#15051 = LINE('',#15052,#15053);
#15052 = CARTESIAN_POINT('',(-0.254,4.3434,0.381));
#15053 = VECTOR('',#15054,1.);
#15054 = DIRECTION('',(0.,0.,1.));
#15055 = ORIENTED_EDGE('',*,*,#15011,.F.);
#15056 = ORIENTED_EDGE('',*,*,#14259,.F.);
#15057 = PLANE('',#15058);
#15058 = AXIS2_PLACEMENT_3D('',#15059,#15060,#15061);
#15059 = CARTESIAN_POINT('',(-0.254,4.3434,0.381));
#15060 = DIRECTION('',(0.707106781187,0.707106781187,0.));
#15061 = DIRECTION('',(-0.707106781187,0.707106781187,0.));
#15062 = ADVANCED_FACE('',(#15063),#15081,.T.);
#15063 = FACE_BOUND('',#15064,.T.);
#15064 = EDGE_LOOP('',(#15065,#15073,#15079,#15080));
#15065 = ORIENTED_EDGE('',*,*,#15066,.T.);
#15066 = EDGE_CURVE('',#14278,#15067,#15069,.T.);
#15067 = VERTEX_POINT('',#15068);
#15068 = CARTESIAN_POINT('',(0.254,4.3434,0.889));
#15069 = LINE('',#15070,#15071);
#15070 = CARTESIAN_POINT('',(0.254,4.3434,0.889));
#15071 = VECTOR('',#15072,1.);
#15072 = DIRECTION('',(-0.57735026919,-0.57735026919,-0.57735026919));
#15073 = ORIENTED_EDGE('',*,*,#15074,.F.);
#15074 = EDGE_CURVE('',#15043,#15067,#15075,.T.);
#15075 = LINE('',#15076,#15077);
#15076 = CARTESIAN_POINT('',(-0.254,4.3434,0.889));
#15077 = VECTOR('',#15078,1.);
#15078 = DIRECTION('',(1.,0.,0.));
#15079 = ORIENTED_EDGE('',*,*,#15042,.F.);
#15080 = ORIENTED_EDGE('',*,*,#14285,.F.);
#15081 = PLANE('',#15082);
#15082 = AXIS2_PLACEMENT_3D('',#15083,#15084,#15085);
#15083 = CARTESIAN_POINT('',(-0.254,4.3434,0.889));
#15084 = DIRECTION('',(0.,0.707106781187,-0.707106781187));
#15085 = DIRECTION('',(0.,0.707106781187,0.707106781187));
#15086 = ADVANCED_FACE('',(#15087),#15098,.T.);
#15087 = FACE_BOUND('',#15088,.T.);
#15088 = EDGE_LOOP('',(#15089,#15090,#15096,#15097));
#15089 = ORIENTED_EDGE('',*,*,#15027,.T.);
#15090 = ORIENTED_EDGE('',*,*,#15091,.F.);
#15091 = EDGE_CURVE('',#15067,#15020,#15092,.T.);
#15092 = LINE('',#15093,#15094);
#15093 = CARTESIAN_POINT('',(0.254,4.3434,0.889));
#15094 = VECTOR('',#15095,1.);
#15095 = DIRECTION('',(0.,0.,-1.));
#15096 = ORIENTED_EDGE('',*,*,#15066,.F.);
#15097 = ORIENTED_EDGE('',*,*,#14277,.F.);
#15098 = PLANE('',#15099);
#15099 = AXIS2_PLACEMENT_3D('',#15100,#15101,#15102);
#15100 = CARTESIAN_POINT('',(0.254,4.3434,0.889));
#15101 = DIRECTION('',(-0.707106781187,0.707106781187,0.));
#15102 = DIRECTION('',(-0.707106781187,-0.707106781187,0.));
#15103 = ADVANCED_FACE('',(#15104),#15129,.T.);
#15104 = FACE_BOUND('',#15105,.T.);
#15105 = EDGE_LOOP('',(#15106,#15114,#15122,#15128));
#15106 = ORIENTED_EDGE('',*,*,#15107,.T.);
#15107 = EDGE_CURVE('',#14296,#15108,#15110,.T.);
#15108 = VERTEX_POINT('',#15109);
#15109 = CARTESIAN_POINT('',(1.016,4.3434,0.381));
#15110 = LINE('',#15111,#15112);
#15111 = CARTESIAN_POINT('',(1.016,4.3434,0.381));
#15112 = VECTOR('',#15113,1.);
#15113 = DIRECTION('',(0.57735026919,-0.57735026919,0.57735026919));
#15114 = ORIENTED_EDGE('',*,*,#15115,.F.);
#15115 = EDGE_CURVE('',#15116,#15108,#15118,.T.);
#15116 = VERTEX_POINT('',#15117);
#15117 = CARTESIAN_POINT('',(1.524,4.3434,0.381));
#15118 = LINE('',#15119,#15120);
#15119 = CARTESIAN_POINT('',(1.524,4.3434,0.381));
#15120 = VECTOR('',#15121,1.);
#15121 = DIRECTION('',(-1.,0.,0.));
#15122 = ORIENTED_EDGE('',*,*,#15123,.F.);
#15123 = EDGE_CURVE('',#14304,#15116,#15124,.T.);
#15124 = LINE('',#15125,#15126);
#15125 = CARTESIAN_POINT('',(1.524,4.3434,0.381));
#15126 = VECTOR('',#15127,1.);
#15127 = DIRECTION('',(-0.57735026919,-0.57735026919,0.57735026919));
#15128 = ORIENTED_EDGE('',*,*,#14303,.F.);
#15129 = PLANE('',#15130);
#15130 = AXIS2_PLACEMENT_3D('',#15131,#15132,#15133);
#15131 = CARTESIAN_POINT('',(1.524,4.3434,0.381));
#15132 = DIRECTION('',(0.,0.707106781187,0.707106781187));
#15133 = DIRECTION('',(0.,-0.707106781187,0.707106781187));
#15134 = ADVANCED_FACE('',(#15135),#15153,.T.);
#15135 = FACE_BOUND('',#15136,.T.);
#15136 = EDGE_LOOP('',(#15137,#15145,#15151,#15152));
#15137 = ORIENTED_EDGE('',*,*,#15138,.T.);
#15138 = EDGE_CURVE('',#14294,#15139,#15141,.T.);
#15139 = VERTEX_POINT('',#15140);
#15140 = CARTESIAN_POINT('',(1.016,4.3434,0.889));
#15141 = LINE('',#15142,#15143);
#15142 = CARTESIAN_POINT('',(1.016,4.3434,0.889));
#15143 = VECTOR('',#15144,1.);
#15144 = DIRECTION('',(0.57735026919,-0.57735026919,-0.57735026919));
#15145 = ORIENTED_EDGE('',*,*,#15146,.F.);
#15146 = EDGE_CURVE('',#15108,#15139,#15147,.T.);
#15147 = LINE('',#15148,#15149);
#15148 = CARTESIAN_POINT('',(1.016,4.3434,0.381));
#15149 = VECTOR('',#15150,1.);
#15150 = DIRECTION('',(0.,0.,1.));
#15151 = ORIENTED_EDGE('',*,*,#15107,.F.);
#15152 = ORIENTED_EDGE('',*,*,#14293,.F.);
#15153 = PLANE('',#15154);
#15154 = AXIS2_PLACEMENT_3D('',#15155,#15156,#15157);
#15155 = CARTESIAN_POINT('',(1.016,4.3434,0.381));
#15156 = DIRECTION('',(0.707106781187,0.707106781187,0.));
#15157 = DIRECTION('',(-0.707106781187,0.707106781187,0.));
#15158 = ADVANCED_FACE('',(#15159),#15177,.T.);
#15159 = FACE_BOUND('',#15160,.T.);
#15160 = EDGE_LOOP('',(#15161,#15169,#15175,#15176));
#15161 = ORIENTED_EDGE('',*,*,#15162,.T.);
#15162 = EDGE_CURVE('',#14312,#15163,#15165,.T.);
#15163 = VERTEX_POINT('',#15164);
#15164 = CARTESIAN_POINT('',(1.524,4.3434,0.889));
#15165 = LINE('',#15166,#15167);
#15166 = CARTESIAN_POINT('',(1.524,4.3434,0.889));
#15167 = VECTOR('',#15168,1.);
#15168 = DIRECTION('',(-0.57735026919,-0.57735026919,-0.57735026919));
#15169 = ORIENTED_EDGE('',*,*,#15170,.F.);
#15170 = EDGE_CURVE('',#15139,#15163,#15171,.T.);
#15171 = LINE('',#15172,#15173);
#15172 = CARTESIAN_POINT('',(1.016,4.3434,0.889));
#15173 = VECTOR('',#15174,1.);
#15174 = DIRECTION('',(1.,0.,0.));
#15175 = ORIENTED_EDGE('',*,*,#15138,.F.);
#15176 = ORIENTED_EDGE('',*,*,#14319,.F.);
#15177 = PLANE('',#15178);
#15178 = AXIS2_PLACEMENT_3D('',#15179,#15180,#15181);
#15179 = CARTESIAN_POINT('',(1.016,4.3434,0.889));
#15180 = DIRECTION('',(0.,0.707106781187,-0.707106781187));
#15181 = DIRECTION('',(0.,0.707106781187,0.707106781187));
#15182 = ADVANCED_FACE('',(#15183),#15194,.T.);
#15183 = FACE_BOUND('',#15184,.T.);
#15184 = EDGE_LOOP('',(#15185,#15186,#15192,#15193));
#15185 = ORIENTED_EDGE('',*,*,#15123,.T.);
#15186 = ORIENTED_EDGE('',*,*,#15187,.F.);
#15187 = EDGE_CURVE('',#15163,#15116,#15188,.T.);
#15188 = LINE('',#15189,#15190);
#15189 = CARTESIAN_POINT('',(1.524,4.3434,0.889));
#15190 = VECTOR('',#15191,1.);
#15191 = DIRECTION('',(0.,0.,-1.));
#15192 = ORIENTED_EDGE('',*,*,#15162,.F.);
#15193 = ORIENTED_EDGE('',*,*,#14311,.F.);
#15194 = PLANE('',#15195);
#15195 = AXIS2_PLACEMENT_3D('',#15196,#15197,#15198);
#15196 = CARTESIAN_POINT('',(1.524,4.3434,0.889));
#15197 = DIRECTION('',(-0.707106781187,0.707106781187,0.));
#15198 = DIRECTION('',(-0.707106781187,-0.707106781187,0.));
#15199 = ADVANCED_FACE('',(#15200),#15225,.T.);
#15200 = FACE_BOUND('',#15201,.T.);
#15201 = EDGE_LOOP('',(#15202,#15210,#15218,#15224));
#15202 = ORIENTED_EDGE('',*,*,#15203,.T.);
#15203 = EDGE_CURVE('',#14330,#15204,#15206,.T.);
#15204 = VERTEX_POINT('',#15205);
#15205 = CARTESIAN_POINT('',(2.286,4.3434,0.381));
#15206 = LINE('',#15207,#15208);
#15207 = CARTESIAN_POINT('',(2.286,4.3434,0.381));
#15208 = VECTOR('',#15209,1.);
#15209 = DIRECTION('',(0.57735026919,-0.57735026919,0.57735026919));
#15210 = ORIENTED_EDGE('',*,*,#15211,.F.);
#15211 = EDGE_CURVE('',#15212,#15204,#15214,.T.);
#15212 = VERTEX_POINT('',#15213);
#15213 = CARTESIAN_POINT('',(2.794,4.3434,0.381));
#15214 = LINE('',#15215,#15216);
#15215 = CARTESIAN_POINT('',(2.794,4.3434,0.381));
#15216 = VECTOR('',#15217,1.);
#15217 = DIRECTION('',(-1.,0.,0.));
#15218 = ORIENTED_EDGE('',*,*,#15219,.F.);
#15219 = EDGE_CURVE('',#14338,#15212,#15220,.T.);
#15220 = LINE('',#15221,#15222);
#15221 = CARTESIAN_POINT('',(2.794,4.3434,0.381));
#15222 = VECTOR('',#15223,1.);
#15223 = DIRECTION('',(-0.57735026919,-0.57735026919,0.57735026919));
#15224 = ORIENTED_EDGE('',*,*,#14337,.F.);
#15225 = PLANE('',#15226);
#15226 = AXIS2_PLACEMENT_3D('',#15227,#15228,#15229);
#15227 = CARTESIAN_POINT('',(2.794,4.3434,0.381));
#15228 = DIRECTION('',(0.,0.707106781187,0.707106781187));
#15229 = DIRECTION('',(0.,-0.707106781187,0.707106781187));
#15230 = ADVANCED_FACE('',(#15231),#15249,.T.);
#15231 = FACE_BOUND('',#15232,.T.);
#15232 = EDGE_LOOP('',(#15233,#15241,#15247,#15248));
#15233 = ORIENTED_EDGE('',*,*,#15234,.T.);
#15234 = EDGE_CURVE('',#14328,#15235,#15237,.T.);
#15235 = VERTEX_POINT('',#15236);
#15236 = CARTESIAN_POINT('',(2.286,4.3434,0.889));
#15237 = LINE('',#15238,#15239);
#15238 = CARTESIAN_POINT('',(2.286,4.3434,0.889));
#15239 = VECTOR('',#15240,1.);
#15240 = DIRECTION('',(0.57735026919,-0.57735026919,-0.57735026919));
#15241 = ORIENTED_EDGE('',*,*,#15242,.F.);
#15242 = EDGE_CURVE('',#15204,#15235,#15243,.T.);
#15243 = LINE('',#15244,#15245);
#15244 = CARTESIAN_POINT('',(2.286,4.3434,0.381));
#15245 = VECTOR('',#15246,1.);
#15246 = DIRECTION('',(0.,0.,1.));
#15247 = ORIENTED_EDGE('',*,*,#15203,.F.);
#15248 = ORIENTED_EDGE('',*,*,#14327,.F.);
#15249 = PLANE('',#15250);
#15250 = AXIS2_PLACEMENT_3D('',#15251,#15252,#15253);
#15251 = CARTESIAN_POINT('',(2.286,4.3434,0.381));
#15252 = DIRECTION('',(0.707106781187,0.707106781187,0.));
#15253 = DIRECTION('',(-0.707106781187,0.707106781187,0.));
#15254 = ADVANCED_FACE('',(#15255),#15273,.T.);
#15255 = FACE_BOUND('',#15256,.T.);
#15256 = EDGE_LOOP('',(#15257,#15265,#15271,#15272));
#15257 = ORIENTED_EDGE('',*,*,#15258,.T.);
#15258 = EDGE_CURVE('',#14346,#15259,#15261,.T.);
#15259 = VERTEX_POINT('',#15260);
#15260 = CARTESIAN_POINT('',(2.794,4.3434,0.889));
#15261 = LINE('',#15262,#15263);
#15262 = CARTESIAN_POINT('',(2.794,4.3434,0.889));
#15263 = VECTOR('',#15264,1.);
#15264 = DIRECTION('',(-0.57735026919,-0.57735026919,-0.57735026919));
#15265 = ORIENTED_EDGE('',*,*,#15266,.F.);
#15266 = EDGE_CURVE('',#15235,#15259,#15267,.T.);
#15267 = LINE('',#15268,#15269);
#15268 = CARTESIAN_POINT('',(2.286,4.3434,0.889));
#15269 = VECTOR('',#15270,1.);
#15270 = DIRECTION('',(1.,0.,0.));
#15271 = ORIENTED_EDGE('',*,*,#15234,.F.);
#15272 = ORIENTED_EDGE('',*,*,#14353,.F.);
#15273 = PLANE('',#15274);
#15274 = AXIS2_PLACEMENT_3D('',#15275,#15276,#15277);
#15275 = CARTESIAN_POINT('',(2.286,4.3434,0.889));
#15276 = DIRECTION('',(0.,0.707106781187,-0.707106781187));
#15277 = DIRECTION('',(0.,0.707106781187,0.707106781187));
#15278 = ADVANCED_FACE('',(#15279),#15290,.T.);
#15279 = FACE_BOUND('',#15280,.T.);
#15280 = EDGE_LOOP('',(#15281,#15282,#15288,#15289));
#15281 = ORIENTED_EDGE('',*,*,#15219,.T.);
#15282 = ORIENTED_EDGE('',*,*,#15283,.F.);
#15283 = EDGE_CURVE('',#15259,#15212,#15284,.T.);
#15284 = LINE('',#15285,#15286);
#15285 = CARTESIAN_POINT('',(2.794,4.3434,0.889));
#15286 = VECTOR('',#15287,1.);
#15287 = DIRECTION('',(0.,0.,-1.));
#15288 = ORIENTED_EDGE('',*,*,#15258,.F.);
#15289 = ORIENTED_EDGE('',*,*,#14345,.F.);
#15290 = PLANE('',#15291);
#15291 = AXIS2_PLACEMENT_3D('',#15292,#15293,#15294);
#15292 = CARTESIAN_POINT('',(2.794,4.3434,0.889));
#15293 = DIRECTION('',(-0.707106781187,0.707106781187,0.));
#15294 = DIRECTION('',(-0.707106781187,-0.707106781187,0.));
#15295 = ADVANCED_FACE('',(#15296),#15321,.T.);
#15296 = FACE_BOUND('',#15297,.T.);
#15297 = EDGE_LOOP('',(#15298,#15306,#15314,#15320));
#15298 = ORIENTED_EDGE('',*,*,#15299,.T.);
#15299 = EDGE_CURVE('',#14364,#15300,#15302,.T.);
#15300 = VERTEX_POINT('',#15301);
#15301 = CARTESIAN_POINT('',(-2.794,4.3434,-0.889));
#15302 = LINE('',#15303,#15304);
#15303 = CARTESIAN_POINT('',(-2.794,4.3434,-0.889));
#15304 = VECTOR('',#15305,1.);
#15305 = DIRECTION('',(0.57735026919,-0.57735026919,0.57735026919));
#15306 = ORIENTED_EDGE('',*,*,#15307,.F.);
#15307 = EDGE_CURVE('',#15308,#15300,#15310,.T.);
#15308 = VERTEX_POINT('',#15309);
#15309 = CARTESIAN_POINT('',(-2.286,4.3434,-0.889));
#15310 = LINE('',#15311,#15312);
#15311 = CARTESIAN_POINT('',(-2.286,4.3434,-0.889));
#15312 = VECTOR('',#15313,1.);
#15313 = DIRECTION('',(-1.,0.,0.));
#15314 = ORIENTED_EDGE('',*,*,#15315,.F.);
#15315 = EDGE_CURVE('',#14372,#15308,#15316,.T.);
#15316 = LINE('',#15317,#15318);
#15317 = CARTESIAN_POINT('',(-2.286,4.3434,-0.889));
#15318 = VECTOR('',#15319,1.);
#15319 = DIRECTION('',(-0.57735026919,-0.57735026919,0.57735026919));
#15320 = ORIENTED_EDGE('',*,*,#14371,.F.);
#15321 = PLANE('',#15322);
#15322 = AXIS2_PLACEMENT_3D('',#15323,#15324,#15325);
#15323 = CARTESIAN_POINT('',(-2.286,4.3434,-0.889));
#15324 = DIRECTION('',(0.,0.707106781187,0.707106781187));
#15325 = DIRECTION('',(0.,-0.707106781187,0.707106781187));
#15326 = ADVANCED_FACE('',(#15327),#15345,.T.);
#15327 = FACE_BOUND('',#15328,.T.);
#15328 = EDGE_LOOP('',(#15329,#15337,#15343,#15344));
#15329 = ORIENTED_EDGE('',*,*,#15330,.T.);
#15330 = EDGE_CURVE('',#14362,#15331,#15333,.T.);
#15331 = VERTEX_POINT('',#15332);
#15332 = CARTESIAN_POINT('',(-2.794,4.3434,-0.381));
#15333 = LINE('',#15334,#15335);
#15334 = CARTESIAN_POINT('',(-2.794,4.3434,-0.381));
#15335 = VECTOR('',#15336,1.);
#15336 = DIRECTION('',(0.57735026919,-0.57735026919,-0.57735026919));
#15337 = ORIENTED_EDGE('',*,*,#15338,.F.);
#15338 = EDGE_CURVE('',#15300,#15331,#15339,.T.);
#15339 = LINE('',#15340,#15341);
#15340 = CARTESIAN_POINT('',(-2.794,4.3434,-0.889));
#15341 = VECTOR('',#15342,1.);
#15342 = DIRECTION('',(0.,0.,1.));
#15343 = ORIENTED_EDGE('',*,*,#15299,.F.);
#15344 = ORIENTED_EDGE('',*,*,#14361,.F.);
#15345 = PLANE('',#15346);
#15346 = AXIS2_PLACEMENT_3D('',#15347,#15348,#15349);
#15347 = CARTESIAN_POINT('',(-2.794,4.3434,-0.889));
#15348 = DIRECTION('',(0.707106781187,0.707106781187,0.));
#15349 = DIRECTION('',(-0.707106781187,0.707106781187,0.));
#15350 = ADVANCED_FACE('',(#15351),#15369,.T.);
#15351 = FACE_BOUND('',#15352,.T.);
#15352 = EDGE_LOOP('',(#15353,#15361,#15367,#15368));
#15353 = ORIENTED_EDGE('',*,*,#15354,.T.);
#15354 = EDGE_CURVE('',#14380,#15355,#15357,.T.);
#15355 = VERTEX_POINT('',#15356);
#15356 = CARTESIAN_POINT('',(-2.286,4.3434,-0.381));
#15357 = LINE('',#15358,#15359);
#15358 = CARTESIAN_POINT('',(-2.286,4.3434,-0.381));
#15359 = VECTOR('',#15360,1.);
#15360 = DIRECTION('',(-0.57735026919,-0.57735026919,-0.57735026919));
#15361 = ORIENTED_EDGE('',*,*,#15362,.F.);
#15362 = EDGE_CURVE('',#15331,#15355,#15363,.T.);
#15363 = LINE('',#15364,#15365);
#15364 = CARTESIAN_POINT('',(-2.794,4.3434,-0.381));
#15365 = VECTOR('',#15366,1.);
#15366 = DIRECTION('',(1.,0.,0.));
#15367 = ORIENTED_EDGE('',*,*,#15330,.F.);
#15368 = ORIENTED_EDGE('',*,*,#14387,.F.);
#15369 = PLANE('',#15370);
#15370 = AXIS2_PLACEMENT_3D('',#15371,#15372,#15373);
#15371 = CARTESIAN_POINT('',(-2.794,4.3434,-0.381));
#15372 = DIRECTION('',(0.,0.707106781187,-0.707106781187));
#15373 = DIRECTION('',(0.,0.707106781187,0.707106781187));
#15374 = ADVANCED_FACE('',(#15375),#15386,.T.);
#15375 = FACE_BOUND('',#15376,.T.);
#15376 = EDGE_LOOP('',(#15377,#15378,#15384,#15385));
#15377 = ORIENTED_EDGE('',*,*,#15315,.T.);
#15378 = ORIENTED_EDGE('',*,*,#15379,.F.);
#15379 = EDGE_CURVE('',#15355,#15308,#15380,.T.);
#15380 = LINE('',#15381,#15382);
#15381 = CARTESIAN_POINT('',(-2.286,4.3434,-0.381));
#15382 = VECTOR('',#15383,1.);
#15383 = DIRECTION('',(0.,0.,-1.));
#15384 = ORIENTED_EDGE('',*,*,#15354,.F.);
#15385 = ORIENTED_EDGE('',*,*,#14379,.F.);
#15386 = PLANE('',#15387);
#15387 = AXIS2_PLACEMENT_3D('',#15388,#15389,#15390);
#15388 = CARTESIAN_POINT('',(-2.286,4.3434,-0.381));
#15389 = DIRECTION('',(-0.707106781187,0.707106781187,0.));
#15390 = DIRECTION('',(-0.707106781187,-0.707106781187,0.));
#15391 = ADVANCED_FACE('',(#15392,#15426,#15460,#15494,#15528),#15580,
  .F.);
#15392 = FACE_BOUND('',#15393,.T.);
#15393 = EDGE_LOOP('',(#15394,#15404,#15412,#15420));
#15394 = ORIENTED_EDGE('',*,*,#15395,.T.);
#15395 = EDGE_CURVE('',#15396,#15398,#15400,.T.);
#15396 = VERTEX_POINT('',#15397);
#15397 = CARTESIAN_POINT('',(-1.8161,0.381,-1.27));
#15398 = VERTEX_POINT('',#15399);
#15399 = CARTESIAN_POINT('',(-2.0066,0.381,-1.27));
#15400 = LINE('',#15401,#15402);
#15401 = CARTESIAN_POINT('',(-1.8161,0.381,-1.27));
#15402 = VECTOR('',#15403,1.);
#15403 = DIRECTION('',(-1.,0.,0.));
#15404 = ORIENTED_EDGE('',*,*,#15405,.T.);
#15405 = EDGE_CURVE('',#15398,#15406,#15408,.T.);
#15406 = VERTEX_POINT('',#15407);
#15407 = CARTESIAN_POINT('',(-2.0066,0.381,1.27));
#15408 = LINE('',#15409,#15410);
#15409 = CARTESIAN_POINT('',(-2.0066,0.381,-1.27));
#15410 = VECTOR('',#15411,1.);
#15411 = DIRECTION('',(0.,0.,1.));
#15412 = ORIENTED_EDGE('',*,*,#15413,.T.);
#15413 = EDGE_CURVE('',#15406,#15414,#15416,.T.);
#15414 = VERTEX_POINT('',#15415);
#15415 = CARTESIAN_POINT('',(-1.8161,0.381,1.27));
#15416 = LINE('',#15417,#15418);
#15417 = CARTESIAN_POINT('',(-2.0066,0.381,1.27));
#15418 = VECTOR('',#15419,1.);
#15419 = DIRECTION('',(1.,0.,0.));
#15420 = ORIENTED_EDGE('',*,*,#15421,.T.);
#15421 = EDGE_CURVE('',#15414,#15396,#15422,.T.);
#15422 = LINE('',#15423,#15424);
#15423 = CARTESIAN_POINT('',(-1.8161,0.381,1.27));
#15424 = VECTOR('',#15425,1.);
#15425 = DIRECTION('',(0.,0.,-1.));
#15426 = FACE_BOUND('',#15427,.T.);
#15427 = EDGE_LOOP('',(#15428,#15438,#15446,#15454));
#15428 = ORIENTED_EDGE('',*,*,#15429,.T.);
#15429 = EDGE_CURVE('',#15430,#15432,#15434,.T.);
#15430 = VERTEX_POINT('',#15431);
#15431 = CARTESIAN_POINT('',(-0.5461,0.381,-1.27));
#15432 = VERTEX_POINT('',#15433);
#15433 = CARTESIAN_POINT('',(-0.7366,0.381,-1.27));
#15434 = LINE('',#15435,#15436);
#15435 = CARTESIAN_POINT('',(-0.5461,0.381,-1.27));
#15436 = VECTOR('',#15437,1.);
#15437 = DIRECTION('',(-1.,0.,0.));
#15438 = ORIENTED_EDGE('',*,*,#15439,.T.);
#15439 = EDGE_CURVE('',#15432,#15440,#15442,.T.);
#15440 = VERTEX_POINT('',#15441);
#15441 = CARTESIAN_POINT('',(-0.7366,0.381,1.27));
#15442 = LINE('',#15443,#15444);
#15443 = CARTESIAN_POINT('',(-0.7366,0.381,-1.27));
#15444 = VECTOR('',#15445,1.);
#15445 = DIRECTION('',(0.,0.,1.));
#15446 = ORIENTED_EDGE('',*,*,#15447,.T.);
#15447 = EDGE_CURVE('',#15440,#15448,#15450,.T.);
#15448 = VERTEX_POINT('',#15449);
#15449 = CARTESIAN_POINT('',(-0.5461,0.381,1.27));
#15450 = LINE('',#15451,#15452);
#15451 = CARTESIAN_POINT('',(-0.7366,0.381,1.27));
#15452 = VECTOR('',#15453,1.);
#15453 = DIRECTION('',(1.,0.,0.));
#15454 = ORIENTED_EDGE('',*,*,#15455,.T.);
#15455 = EDGE_CURVE('',#15448,#15430,#15456,.T.);
#15456 = LINE('',#15457,#15458);
#15457 = CARTESIAN_POINT('',(-0.5461,0.381,1.27));
#15458 = VECTOR('',#15459,1.);
#15459 = DIRECTION('',(0.,0.,-1.));
#15460 = FACE_BOUND('',#15461,.T.);
#15461 = EDGE_LOOP('',(#15462,#15472,#15480,#15488));
#15462 = ORIENTED_EDGE('',*,*,#15463,.T.);
#15463 = EDGE_CURVE('',#15464,#15466,#15468,.T.);
#15464 = VERTEX_POINT('',#15465);
#15465 = CARTESIAN_POINT('',(0.7239,0.381,-1.27));
#15466 = VERTEX_POINT('',#15467);
#15467 = CARTESIAN_POINT('',(0.5334,0.381,-1.27));
#15468 = LINE('',#15469,#15470);
#15469 = CARTESIAN_POINT('',(0.7239,0.381,-1.27));
#15470 = VECTOR('',#15471,1.);
#15471 = DIRECTION('',(-1.,0.,0.));
#15472 = ORIENTED_EDGE('',*,*,#15473,.T.);
#15473 = EDGE_CURVE('',#15466,#15474,#15476,.T.);
#15474 = VERTEX_POINT('',#15475);
#15475 = CARTESIAN_POINT('',(0.5334,0.381,1.27));
#15476 = LINE('',#15477,#15478);
#15477 = CARTESIAN_POINT('',(0.5334,0.381,-1.27));
#15478 = VECTOR('',#15479,1.);
#15479 = DIRECTION('',(0.,0.,1.));
#15480 = ORIENTED_EDGE('',*,*,#15481,.T.);
#15481 = EDGE_CURVE('',#15474,#15482,#15484,.T.);
#15482 = VERTEX_POINT('',#15483);
#15483 = CARTESIAN_POINT('',(0.7239,0.381,1.27));
#15484 = LINE('',#15485,#15486);
#15485 = CARTESIAN_POINT('',(0.5334,0.381,1.27));
#15486 = VECTOR('',#15487,1.);
#15487 = DIRECTION('',(1.,0.,0.));
#15488 = ORIENTED_EDGE('',*,*,#15489,.T.);
#15489 = EDGE_CURVE('',#15482,#15464,#15490,.T.);
#15490 = LINE('',#15491,#15492);
#15491 = CARTESIAN_POINT('',(0.7239,0.381,1.27));
#15492 = VECTOR('',#15493,1.);
#15493 = DIRECTION('',(0.,0.,-1.));
#15494 = FACE_BOUND('',#15495,.T.);
#15495 = EDGE_LOOP('',(#15496,#15506,#15514,#15522));
#15496 = ORIENTED_EDGE('',*,*,#15497,.T.);
#15497 = EDGE_CURVE('',#15498,#15500,#15502,.T.);
#15498 = VERTEX_POINT('',#15499);
#15499 = CARTESIAN_POINT('',(1.9939,0.381,-1.27));
#15500 = VERTEX_POINT('',#15501);
#15501 = CARTESIAN_POINT('',(1.8034,0.381,-1.27));
#15502 = LINE('',#15503,#15504);
#15503 = CARTESIAN_POINT('',(1.9939,0.381,-1.27));
#15504 = VECTOR('',#15505,1.);
#15505 = DIRECTION('',(-1.,0.,0.));
#15506 = ORIENTED_EDGE('',*,*,#15507,.T.);
#15507 = EDGE_CURVE('',#15500,#15508,#15510,.T.);
#15508 = VERTEX_POINT('',#15509);
#15509 = CARTESIAN_POINT('',(1.8034,0.381,1.27));
#15510 = LINE('',#15511,#15512);
#15511 = CARTESIAN_POINT('',(1.8034,0.381,-1.27));
#15512 = VECTOR('',#15513,1.);
#15513 = DIRECTION('',(0.,0.,1.));
#15514 = ORIENTED_EDGE('',*,*,#15515,.T.);
#15515 = EDGE_CURVE('',#15508,#15516,#15518,.T.);
#15516 = VERTEX_POINT('',#15517);
#15517 = CARTESIAN_POINT('',(1.9939,0.381,1.27));
#15518 = LINE('',#15519,#15520);
#15519 = CARTESIAN_POINT('',(1.8034,0.381,1.27));
#15520 = VECTOR('',#15521,1.);
#15521 = DIRECTION('',(1.,0.,0.));
#15522 = ORIENTED_EDGE('',*,*,#15523,.T.);
#15523 = EDGE_CURVE('',#15516,#15498,#15524,.T.);
#15524 = LINE('',#15525,#15526);
#15525 = CARTESIAN_POINT('',(1.9939,0.381,1.27));
#15526 = VECTOR('',#15527,1.);
#15527 = DIRECTION('',(0.,0.,-1.));
#15528 = FACE_BOUND('',#15529,.T.);
#15529 = EDGE_LOOP('',(#15530,#15538,#15546,#15552,#15553,#15554,#15555,
    #15563,#15571,#15577,#15578,#15579));
#15530 = ORIENTED_EDGE('',*,*,#15531,.F.);
#15531 = EDGE_CURVE('',#15532,#13852,#15534,.T.);
#15532 = VERTEX_POINT('',#15533);
#15533 = CARTESIAN_POINT('',(-3.1115,0.381,1.27));
#15534 = LINE('',#15535,#15536);
#15535 = CARTESIAN_POINT('',(-3.1115,0.381,1.27));
#15536 = VECTOR('',#15537,1.);
#15537 = DIRECTION('',(-1.,0.,0.));
#15538 = ORIENTED_EDGE('',*,*,#15539,.F.);
#15539 = EDGE_CURVE('',#15540,#15532,#15542,.T.);
#15540 = VERTEX_POINT('',#15541);
#15541 = CARTESIAN_POINT('',(-3.1115,0.381,-1.27));
#15542 = LINE('',#15543,#15544);
#15543 = CARTESIAN_POINT('',(-3.1115,0.381,-1.27));
#15544 = VECTOR('',#15545,1.);
#15545 = DIRECTION('',(0.,0.,1.));
#15546 = ORIENTED_EDGE('',*,*,#15547,.F.);
#15547 = EDGE_CURVE('',#13836,#15540,#15548,.T.);
#15548 = LINE('',#15549,#15550);
#15549 = CARTESIAN_POINT('',(-3.6195,0.381,-1.27));
#15550 = VECTOR('',#15551,1.);
#15551 = DIRECTION('',(1.,0.,0.));
#15552 = ORIENTED_EDGE('',*,*,#13891,.F.);
#15553 = ORIENTED_EDGE('',*,*,#14402,.F.);
#15554 = ORIENTED_EDGE('',*,*,#13931,.F.);
#15555 = ORIENTED_EDGE('',*,*,#15556,.F.);
#15556 = EDGE_CURVE('',#15557,#13924,#15559,.T.);
#15557 = VERTEX_POINT('',#15558);
#15558 = CARTESIAN_POINT('',(3.1115,0.381,-1.27));
#15559 = LINE('',#15560,#15561);
#15560 = CARTESIAN_POINT('',(3.1115,0.381,-1.27));
#15561 = VECTOR('',#15562,1.);
#15562 = DIRECTION('',(1.,0.,-4.2685124901E-16));
#15563 = ORIENTED_EDGE('',*,*,#15564,.F.);
#15564 = EDGE_CURVE('',#15565,#15557,#15567,.T.);
#15565 = VERTEX_POINT('',#15566);
#15566 = CARTESIAN_POINT('',(3.1115,0.381,1.27));
#15567 = LINE('',#15568,#15569);
#15568 = CARTESIAN_POINT('',(3.1115,0.381,1.27));
#15569 = VECTOR('',#15570,1.);
#15570 = DIRECTION('',(0.,0.,-1.));
#15571 = ORIENTED_EDGE('',*,*,#15572,.F.);
#15572 = EDGE_CURVE('',#13908,#15565,#15573,.T.);
#15573 = LINE('',#15574,#15575);
#15574 = CARTESIAN_POINT('',(3.6195,0.381,1.27));
#15575 = VECTOR('',#15576,1.);
#15576 = DIRECTION('',(-1.,0.,0.));
#15577 = ORIENTED_EDGE('',*,*,#13963,.F.);
#15578 = ORIENTED_EDGE('',*,*,#14419,.F.);
#15579 = ORIENTED_EDGE('',*,*,#13859,.F.);
#15580 = PLANE('',#15581);
#15581 = AXIS2_PLACEMENT_3D('',#15582,#15583,#15584);
#15582 = CARTESIAN_POINT('',(0.,0.381,0.));
#15583 = DIRECTION('',(0.,1.,0.));
#15584 = DIRECTION('',(0.,-0.,1.));
#15585 = ADVANCED_FACE('',(#15586),#15597,.T.);
#15586 = FACE_BOUND('',#15587,.T.);
#15587 = EDGE_LOOP('',(#15588,#15589,#15590,#15596));
#15588 = ORIENTED_EDGE('',*,*,#13833,.T.);
#15589 = ORIENTED_EDGE('',*,*,#15547,.T.);
#15590 = ORIENTED_EDGE('',*,*,#15591,.T.);
#15591 = EDGE_CURVE('',#15540,#13978,#15592,.T.);
#15592 = LINE('',#15593,#15594);
#15593 = CARTESIAN_POINT('',(-3.1115,0.381,-1.27));
#15594 = VECTOR('',#15595,1.);
#15595 = DIRECTION('',(0.,-1.,0.));
#15596 = ORIENTED_EDGE('',*,*,#13977,.T.);
#15597 = PLANE('',#15598);
#15598 = AXIS2_PLACEMENT_3D('',#15599,#15600,#15601);
#15599 = CARTESIAN_POINT('',(-3.6195,0.381,-1.27));
#15600 = DIRECTION('',(0.,0.,-1.));
#15601 = DIRECTION('',(-1.,0.,0.));
#15602 = ADVANCED_FACE('',(#15603),#15614,.T.);
#15603 = FACE_BOUND('',#15604,.T.);
#15604 = EDGE_LOOP('',(#15605,#15606,#15607,#15613));
#15605 = ORIENTED_EDGE('',*,*,#13851,.T.);
#15606 = ORIENTED_EDGE('',*,*,#13993,.F.);
#15607 = ORIENTED_EDGE('',*,*,#15608,.F.);
#15608 = EDGE_CURVE('',#15532,#13986,#15609,.T.);
#15609 = LINE('',#15610,#15611);
#15610 = CARTESIAN_POINT('',(-3.1115,0.381,1.27));
#15611 = VECTOR('',#15612,1.);
#15612 = DIRECTION('',(0.,-1.,0.));
#15613 = ORIENTED_EDGE('',*,*,#15531,.T.);
#15614 = PLANE('',#15615);
#15615 = AXIS2_PLACEMENT_3D('',#15616,#15617,#15618);
#15616 = CARTESIAN_POINT('',(-3.1115,0.381,1.27));
#15617 = DIRECTION('',(0.,0.,1.));
#15618 = DIRECTION('',(1.,0.,-0.));
#15619 = ADVANCED_FACE('',(#15620),#15631,.T.);
#15620 = FACE_BOUND('',#15621,.T.);
#15621 = EDGE_LOOP('',(#15622,#15623,#15624,#15630));
#15622 = ORIENTED_EDGE('',*,*,#13905,.T.);
#15623 = ORIENTED_EDGE('',*,*,#15572,.T.);
#15624 = ORIENTED_EDGE('',*,*,#15625,.T.);
#15625 = EDGE_CURVE('',#15565,#14009,#15626,.T.);
#15626 = LINE('',#15627,#15628);
#15627 = CARTESIAN_POINT('',(3.1115,0.381,1.27));
#15628 = VECTOR('',#15629,1.);
#15629 = DIRECTION('',(0.,-1.,0.));
#15630 = ORIENTED_EDGE('',*,*,#14008,.T.);
#15631 = PLANE('',#15632);
#15632 = AXIS2_PLACEMENT_3D('',#15633,#15634,#15635);
#15633 = CARTESIAN_POINT('',(3.6195,0.381,1.27));
#15634 = DIRECTION('',(0.,0.,1.));
#15635 = DIRECTION('',(1.,0.,-0.));
#15636 = ADVANCED_FACE('',(#15637),#15648,.T.);
#15637 = FACE_BOUND('',#15638,.T.);
#15638 = EDGE_LOOP('',(#15639,#15640,#15641,#15647));
#15639 = ORIENTED_EDGE('',*,*,#13923,.T.);
#15640 = ORIENTED_EDGE('',*,*,#14024,.F.);
#15641 = ORIENTED_EDGE('',*,*,#15642,.F.);
#15642 = EDGE_CURVE('',#15557,#14017,#15643,.T.);
#15643 = LINE('',#15644,#15645);
#15644 = CARTESIAN_POINT('',(3.1115,0.381,-1.27));
#15645 = VECTOR('',#15646,1.);
#15646 = DIRECTION('',(0.,-1.,0.));
#15647 = ORIENTED_EDGE('',*,*,#15556,.T.);
#15648 = PLANE('',#15649);
#15649 = AXIS2_PLACEMENT_3D('',#15650,#15651,#15652);
#15650 = CARTESIAN_POINT('',(3.1115,0.381,-1.27));
#15651 = DIRECTION('',(-4.2685124901E-16,0.,-1.));
#15652 = DIRECTION('',(-1.,0.,4.2685124901E-16));
#15653 = ADVANCED_FACE('',(#15654),#15660,.T.);
#15654 = FACE_BOUND('',#15655,.T.);
#15655 = EDGE_LOOP('',(#15656,#15657,#15658,#15659));
#15656 = ORIENTED_EDGE('',*,*,#13985,.F.);
#15657 = ORIENTED_EDGE('',*,*,#15591,.F.);
#15658 = ORIENTED_EDGE('',*,*,#15539,.T.);
#15659 = ORIENTED_EDGE('',*,*,#15608,.T.);
#15660 = PLANE('',#15661);
#15661 = AXIS2_PLACEMENT_3D('',#15662,#15663,#15664);
#15662 = CARTESIAN_POINT('',(-3.1115,0.381,-1.27));
#15663 = DIRECTION('',(1.,0.,0.));
#15664 = DIRECTION('',(0.,0.,-1.));
#15665 = ADVANCED_FACE('',(#15666),#15672,.T.);
#15666 = FACE_BOUND('',#15667,.T.);
#15667 = EDGE_LOOP('',(#15668,#15669,#15670,#15671));
#15668 = ORIENTED_EDGE('',*,*,#14016,.F.);
#15669 = ORIENTED_EDGE('',*,*,#15625,.F.);
#15670 = ORIENTED_EDGE('',*,*,#15564,.T.);
#15671 = ORIENTED_EDGE('',*,*,#15642,.T.);
#15672 = PLANE('',#15673);
#15673 = AXIS2_PLACEMENT_3D('',#15674,#15675,#15676);
#15674 = CARTESIAN_POINT('',(3.1115,0.381,1.27));
#15675 = DIRECTION('',(-1.,0.,0.));
#15676 = DIRECTION('',(0.,0.,1.));
#15677 = ADVANCED_FACE('',(#15678),#15703,.F.);
#15678 = FACE_BOUND('',#15679,.T.);
#15679 = EDGE_LOOP('',(#15680,#15690,#15696,#15697));
#15680 = ORIENTED_EDGE('',*,*,#15681,.T.);
#15681 = EDGE_CURVE('',#15682,#15684,#15686,.T.);
#15682 = VERTEX_POINT('',#15683);
#15683 = CARTESIAN_POINT('',(1.9939,0.,-1.27));
#15684 = VERTEX_POINT('',#15685);
#15685 = CARTESIAN_POINT('',(1.8034,0.,-1.27));
#15686 = LINE('',#15687,#15688);
#15687 = CARTESIAN_POINT('',(1.9939,0.,-1.27));
#15688 = VECTOR('',#15689,1.);
#15689 = DIRECTION('',(-1.,0.,0.));
#15690 = ORIENTED_EDGE('',*,*,#15691,.F.);
#15691 = EDGE_CURVE('',#15500,#15684,#15692,.T.);
#15692 = LINE('',#15693,#15694);
#15693 = CARTESIAN_POINT('',(1.8034,0.381,-1.27));
#15694 = VECTOR('',#15695,1.);
#15695 = DIRECTION('',(0.,-1.,0.));
#15696 = ORIENTED_EDGE('',*,*,#15497,.F.);
#15697 = ORIENTED_EDGE('',*,*,#15698,.T.);
#15698 = EDGE_CURVE('',#15498,#15682,#15699,.T.);
#15699 = LINE('',#15700,#15701);
#15700 = CARTESIAN_POINT('',(1.9939,0.381,-1.27));
#15701 = VECTOR('',#15702,1.);
#15702 = DIRECTION('',(0.,-1.,0.));
#15703 = PLANE('',#15704);
#15704 = AXIS2_PLACEMENT_3D('',#15705,#15706,#15707);
#15705 = CARTESIAN_POINT('',(1.9939,0.381,-1.27));
#15706 = DIRECTION('',(0.,0.,1.));
#15707 = DIRECTION('',(1.,0.,-0.));
#15708 = ADVANCED_FACE('',(#15709),#15727,.F.);
#15709 = FACE_BOUND('',#15710,.T.);
#15710 = EDGE_LOOP('',(#15711,#15719,#15720,#15721));
#15711 = ORIENTED_EDGE('',*,*,#15712,.T.);
#15712 = EDGE_CURVE('',#15713,#15682,#15715,.T.);
#15713 = VERTEX_POINT('',#15714);
#15714 = CARTESIAN_POINT('',(1.9939,0.,1.27));
#15715 = LINE('',#15716,#15717);
#15716 = CARTESIAN_POINT('',(1.9939,0.,1.27));
#15717 = VECTOR('',#15718,1.);
#15718 = DIRECTION('',(0.,0.,-1.));
#15719 = ORIENTED_EDGE('',*,*,#15698,.F.);
#15720 = ORIENTED_EDGE('',*,*,#15523,.F.);
#15721 = ORIENTED_EDGE('',*,*,#15722,.T.);
#15722 = EDGE_CURVE('',#15516,#15713,#15723,.T.);
#15723 = LINE('',#15724,#15725);
#15724 = CARTESIAN_POINT('',(1.9939,0.381,1.27));
#15725 = VECTOR('',#15726,1.);
#15726 = DIRECTION('',(0.,-1.,0.));
#15727 = PLANE('',#15728);
#15728 = AXIS2_PLACEMENT_3D('',#15729,#15730,#15731);
#15729 = CARTESIAN_POINT('',(1.9939,0.381,1.27));
#15730 = DIRECTION('',(-1.,0.,0.));
#15731 = DIRECTION('',(0.,0.,1.));
#15732 = ADVANCED_FACE('',(#15733),#15751,.F.);
#15733 = FACE_BOUND('',#15734,.T.);
#15734 = EDGE_LOOP('',(#15735,#15743,#15744,#15745));
#15735 = ORIENTED_EDGE('',*,*,#15736,.T.);
#15736 = EDGE_CURVE('',#15737,#15713,#15739,.T.);
#15737 = VERTEX_POINT('',#15738);
#15738 = CARTESIAN_POINT('',(1.8034,0.,1.27));
#15739 = LINE('',#15740,#15741);
#15740 = CARTESIAN_POINT('',(1.8034,0.,1.27));
#15741 = VECTOR('',#15742,1.);
#15742 = DIRECTION('',(1.,0.,0.));
#15743 = ORIENTED_EDGE('',*,*,#15722,.F.);
#15744 = ORIENTED_EDGE('',*,*,#15515,.F.);
#15745 = ORIENTED_EDGE('',*,*,#15746,.T.);
#15746 = EDGE_CURVE('',#15508,#15737,#15747,.T.);
#15747 = LINE('',#15748,#15749);
#15748 = CARTESIAN_POINT('',(1.8034,0.381,1.27));
#15749 = VECTOR('',#15750,1.);
#15750 = DIRECTION('',(0.,-1.,0.));
#15751 = PLANE('',#15752);
#15752 = AXIS2_PLACEMENT_3D('',#15753,#15754,#15755);
#15753 = CARTESIAN_POINT('',(1.8034,0.381,1.27));
#15754 = DIRECTION('',(0.,0.,-1.));
#15755 = DIRECTION('',(-1.,0.,0.));
#15756 = ADVANCED_FACE('',(#15757),#15782,.F.);
#15757 = FACE_BOUND('',#15758,.T.);
#15758 = EDGE_LOOP('',(#15759,#15769,#15775,#15776));
#15759 = ORIENTED_EDGE('',*,*,#15760,.T.);
#15760 = EDGE_CURVE('',#15761,#15763,#15765,.T.);
#15761 = VERTEX_POINT('',#15762);
#15762 = CARTESIAN_POINT('',(0.7239,0.,-1.27));
#15763 = VERTEX_POINT('',#15764);
#15764 = CARTESIAN_POINT('',(0.5334,0.,-1.27));
#15765 = LINE('',#15766,#15767);
#15766 = CARTESIAN_POINT('',(0.7239,0.,-1.27));
#15767 = VECTOR('',#15768,1.);
#15768 = DIRECTION('',(-1.,0.,0.));
#15769 = ORIENTED_EDGE('',*,*,#15770,.F.);
#15770 = EDGE_CURVE('',#15466,#15763,#15771,.T.);
#15771 = LINE('',#15772,#15773);
#15772 = CARTESIAN_POINT('',(0.5334,0.381,-1.27));
#15773 = VECTOR('',#15774,1.);
#15774 = DIRECTION('',(0.,-1.,0.));
#15775 = ORIENTED_EDGE('',*,*,#15463,.F.);
#15776 = ORIENTED_EDGE('',*,*,#15777,.T.);
#15777 = EDGE_CURVE('',#15464,#15761,#15778,.T.);
#15778 = LINE('',#15779,#15780);
#15779 = CARTESIAN_POINT('',(0.7239,0.381,-1.27));
#15780 = VECTOR('',#15781,1.);
#15781 = DIRECTION('',(0.,-1.,0.));
#15782 = PLANE('',#15783);
#15783 = AXIS2_PLACEMENT_3D('',#15784,#15785,#15786);
#15784 = CARTESIAN_POINT('',(0.7239,0.381,-1.27));
#15785 = DIRECTION('',(0.,0.,1.));
#15786 = DIRECTION('',(1.,0.,-0.));
#15787 = ADVANCED_FACE('',(#15788),#15806,.F.);
#15788 = FACE_BOUND('',#15789,.T.);
#15789 = EDGE_LOOP('',(#15790,#15798,#15799,#15800));
#15790 = ORIENTED_EDGE('',*,*,#15791,.T.);
#15791 = EDGE_CURVE('',#15792,#15761,#15794,.T.);
#15792 = VERTEX_POINT('',#15793);
#15793 = CARTESIAN_POINT('',(0.7239,0.,1.27));
#15794 = LINE('',#15795,#15796);
#15795 = CARTESIAN_POINT('',(0.7239,0.,1.27));
#15796 = VECTOR('',#15797,1.);
#15797 = DIRECTION('',(0.,0.,-1.));
#15798 = ORIENTED_EDGE('',*,*,#15777,.F.);
#15799 = ORIENTED_EDGE('',*,*,#15489,.F.);
#15800 = ORIENTED_EDGE('',*,*,#15801,.T.);
#15801 = EDGE_CURVE('',#15482,#15792,#15802,.T.);
#15802 = LINE('',#15803,#15804);
#15803 = CARTESIAN_POINT('',(0.7239,0.381,1.27));
#15804 = VECTOR('',#15805,1.);
#15805 = DIRECTION('',(0.,-1.,0.));
#15806 = PLANE('',#15807);
#15807 = AXIS2_PLACEMENT_3D('',#15808,#15809,#15810);
#15808 = CARTESIAN_POINT('',(0.7239,0.381,1.27));
#15809 = DIRECTION('',(-1.,0.,0.));
#15810 = DIRECTION('',(0.,0.,1.));
#15811 = ADVANCED_FACE('',(#15812),#15830,.F.);
#15812 = FACE_BOUND('',#15813,.T.);
#15813 = EDGE_LOOP('',(#15814,#15822,#15823,#15824));
#15814 = ORIENTED_EDGE('',*,*,#15815,.T.);
#15815 = EDGE_CURVE('',#15816,#15792,#15818,.T.);
#15816 = VERTEX_POINT('',#15817);
#15817 = CARTESIAN_POINT('',(0.5334,0.,1.27));
#15818 = LINE('',#15819,#15820);
#15819 = CARTESIAN_POINT('',(0.5334,0.,1.27));
#15820 = VECTOR('',#15821,1.);
#15821 = DIRECTION('',(1.,0.,0.));
#15822 = ORIENTED_EDGE('',*,*,#15801,.F.);
#15823 = ORIENTED_EDGE('',*,*,#15481,.F.);
#15824 = ORIENTED_EDGE('',*,*,#15825,.T.);
#15825 = EDGE_CURVE('',#15474,#15816,#15826,.T.);
#15826 = LINE('',#15827,#15828);
#15827 = CARTESIAN_POINT('',(0.5334,0.381,1.27));
#15828 = VECTOR('',#15829,1.);
#15829 = DIRECTION('',(0.,-1.,0.));
#15830 = PLANE('',#15831);
#15831 = AXIS2_PLACEMENT_3D('',#15832,#15833,#15834);
#15832 = CARTESIAN_POINT('',(0.5334,0.381,1.27));
#15833 = DIRECTION('',(0.,0.,-1.));
#15834 = DIRECTION('',(-1.,0.,0.));
#15835 = ADVANCED_FACE('',(#15836),#15861,.F.);
#15836 = FACE_BOUND('',#15837,.T.);
#15837 = EDGE_LOOP('',(#15838,#15848,#15854,#15855));
#15838 = ORIENTED_EDGE('',*,*,#15839,.T.);
#15839 = EDGE_CURVE('',#15840,#15842,#15844,.T.);
#15840 = VERTEX_POINT('',#15841);
#15841 = CARTESIAN_POINT('',(-0.5461,0.,-1.27));
#15842 = VERTEX_POINT('',#15843);
#15843 = CARTESIAN_POINT('',(-0.7366,0.,-1.27));
#15844 = LINE('',#15845,#15846);
#15845 = CARTESIAN_POINT('',(-0.5461,0.,-1.27));
#15846 = VECTOR('',#15847,1.);
#15847 = DIRECTION('',(-1.,0.,0.));
#15848 = ORIENTED_EDGE('',*,*,#15849,.F.);
#15849 = EDGE_CURVE('',#15432,#15842,#15850,.T.);
#15850 = LINE('',#15851,#15852);
#15851 = CARTESIAN_POINT('',(-0.7366,0.381,-1.27));
#15852 = VECTOR('',#15853,1.);
#15853 = DIRECTION('',(0.,-1.,0.));
#15854 = ORIENTED_EDGE('',*,*,#15429,.F.);
#15855 = ORIENTED_EDGE('',*,*,#15856,.T.);
#15856 = EDGE_CURVE('',#15430,#15840,#15857,.T.);
#15857 = LINE('',#15858,#15859);
#15858 = CARTESIAN_POINT('',(-0.5461,0.381,-1.27));
#15859 = VECTOR('',#15860,1.);
#15860 = DIRECTION('',(0.,-1.,0.));
#15861 = PLANE('',#15862);
#15862 = AXIS2_PLACEMENT_3D('',#15863,#15864,#15865);
#15863 = CARTESIAN_POINT('',(-0.5461,0.381,-1.27));
#15864 = DIRECTION('',(0.,0.,1.));
#15865 = DIRECTION('',(1.,0.,-0.));
#15866 = ADVANCED_FACE('',(#15867),#15885,.F.);
#15867 = FACE_BOUND('',#15868,.T.);
#15868 = EDGE_LOOP('',(#15869,#15877,#15878,#15879));
#15869 = ORIENTED_EDGE('',*,*,#15870,.T.);
#15870 = EDGE_CURVE('',#15871,#15840,#15873,.T.);
#15871 = VERTEX_POINT('',#15872);
#15872 = CARTESIAN_POINT('',(-0.5461,0.,1.27));
#15873 = LINE('',#15874,#15875);
#15874 = CARTESIAN_POINT('',(-0.5461,0.,1.27));
#15875 = VECTOR('',#15876,1.);
#15876 = DIRECTION('',(0.,0.,-1.));
#15877 = ORIENTED_EDGE('',*,*,#15856,.F.);
#15878 = ORIENTED_EDGE('',*,*,#15455,.F.);
#15879 = ORIENTED_EDGE('',*,*,#15880,.T.);
#15880 = EDGE_CURVE('',#15448,#15871,#15881,.T.);
#15881 = LINE('',#15882,#15883);
#15882 = CARTESIAN_POINT('',(-0.5461,0.381,1.27));
#15883 = VECTOR('',#15884,1.);
#15884 = DIRECTION('',(0.,-1.,0.));
#15885 = PLANE('',#15886);
#15886 = AXIS2_PLACEMENT_3D('',#15887,#15888,#15889);
#15887 = CARTESIAN_POINT('',(-0.5461,0.381,1.27));
#15888 = DIRECTION('',(-1.,0.,0.));
#15889 = DIRECTION('',(0.,0.,1.));
#15890 = ADVANCED_FACE('',(#15891),#15909,.F.);
#15891 = FACE_BOUND('',#15892,.T.);
#15892 = EDGE_LOOP('',(#15893,#15901,#15902,#15903));
#15893 = ORIENTED_EDGE('',*,*,#15894,.T.);
#15894 = EDGE_CURVE('',#15895,#15871,#15897,.T.);
#15895 = VERTEX_POINT('',#15896);
#15896 = CARTESIAN_POINT('',(-0.7366,0.,1.27));
#15897 = LINE('',#15898,#15899);
#15898 = CARTESIAN_POINT('',(-0.7366,0.,1.27));
#15899 = VECTOR('',#15900,1.);
#15900 = DIRECTION('',(1.,0.,0.));
#15901 = ORIENTED_EDGE('',*,*,#15880,.F.);
#15902 = ORIENTED_EDGE('',*,*,#15447,.F.);
#15903 = ORIENTED_EDGE('',*,*,#15904,.T.);
#15904 = EDGE_CURVE('',#15440,#15895,#15905,.T.);
#15905 = LINE('',#15906,#15907);
#15906 = CARTESIAN_POINT('',(-0.7366,0.381,1.27));
#15907 = VECTOR('',#15908,1.);
#15908 = DIRECTION('',(0.,-1.,0.));
#15909 = PLANE('',#15910);
#15910 = AXIS2_PLACEMENT_3D('',#15911,#15912,#15913);
#15911 = CARTESIAN_POINT('',(-0.7366,0.381,1.27));
#15912 = DIRECTION('',(0.,0.,-1.));
#15913 = DIRECTION('',(-1.,0.,0.));
#15914 = ADVANCED_FACE('',(#15915),#15940,.F.);
#15915 = FACE_BOUND('',#15916,.T.);
#15916 = EDGE_LOOP('',(#15917,#15927,#15933,#15934));
#15917 = ORIENTED_EDGE('',*,*,#15918,.T.);
#15918 = EDGE_CURVE('',#15919,#15921,#15923,.T.);
#15919 = VERTEX_POINT('',#15920);
#15920 = CARTESIAN_POINT('',(-1.8161,0.,-1.27));
#15921 = VERTEX_POINT('',#15922);
#15922 = CARTESIAN_POINT('',(-2.0066,0.,-1.27));
#15923 = LINE('',#15924,#15925);
#15924 = CARTESIAN_POINT('',(-1.8161,0.,-1.27));
#15925 = VECTOR('',#15926,1.);
#15926 = DIRECTION('',(-1.,0.,0.));
#15927 = ORIENTED_EDGE('',*,*,#15928,.F.);
#15928 = EDGE_CURVE('',#15398,#15921,#15929,.T.);
#15929 = LINE('',#15930,#15931);
#15930 = CARTESIAN_POINT('',(-2.0066,0.381,-1.27));
#15931 = VECTOR('',#15932,1.);
#15932 = DIRECTION('',(0.,-1.,0.));
#15933 = ORIENTED_EDGE('',*,*,#15395,.F.);
#15934 = ORIENTED_EDGE('',*,*,#15935,.T.);
#15935 = EDGE_CURVE('',#15396,#15919,#15936,.T.);
#15936 = LINE('',#15937,#15938);
#15937 = CARTESIAN_POINT('',(-1.8161,0.381,-1.27));
#15938 = VECTOR('',#15939,1.);
#15939 = DIRECTION('',(0.,-1.,0.));
#15940 = PLANE('',#15941);
#15941 = AXIS2_PLACEMENT_3D('',#15942,#15943,#15944);
#15942 = CARTESIAN_POINT('',(-1.8161,0.381,-1.27));
#15943 = DIRECTION('',(0.,0.,1.));
#15944 = DIRECTION('',(1.,0.,-0.));
#15945 = ADVANCED_FACE('',(#15946),#15964,.F.);
#15946 = FACE_BOUND('',#15947,.T.);
#15947 = EDGE_LOOP('',(#15948,#15956,#15957,#15958));
#15948 = ORIENTED_EDGE('',*,*,#15949,.T.);
#15949 = EDGE_CURVE('',#15950,#15919,#15952,.T.);
#15950 = VERTEX_POINT('',#15951);
#15951 = CARTESIAN_POINT('',(-1.8161,0.,1.27));
#15952 = LINE('',#15953,#15954);
#15953 = CARTESIAN_POINT('',(-1.8161,0.,1.27));
#15954 = VECTOR('',#15955,1.);
#15955 = DIRECTION('',(0.,0.,-1.));
#15956 = ORIENTED_EDGE('',*,*,#15935,.F.);
#15957 = ORIENTED_EDGE('',*,*,#15421,.F.);
#15958 = ORIENTED_EDGE('',*,*,#15959,.T.);
#15959 = EDGE_CURVE('',#15414,#15950,#15960,.T.);
#15960 = LINE('',#15961,#15962);
#15961 = CARTESIAN_POINT('',(-1.8161,0.381,1.27));
#15962 = VECTOR('',#15963,1.);
#15963 = DIRECTION('',(0.,-1.,0.));
#15964 = PLANE('',#15965);
#15965 = AXIS2_PLACEMENT_3D('',#15966,#15967,#15968);
#15966 = CARTESIAN_POINT('',(-1.8161,0.381,1.27));
#15967 = DIRECTION('',(-1.,0.,0.));
#15968 = DIRECTION('',(0.,0.,1.));
#15969 = ADVANCED_FACE('',(#15970),#15988,.F.);
#15970 = FACE_BOUND('',#15971,.T.);
#15971 = EDGE_LOOP('',(#15972,#15980,#15981,#15982));
#15972 = ORIENTED_EDGE('',*,*,#15973,.T.);
#15973 = EDGE_CURVE('',#15974,#15950,#15976,.T.);
#15974 = VERTEX_POINT('',#15975);
#15975 = CARTESIAN_POINT('',(-2.0066,0.,1.27));
#15976 = LINE('',#15977,#15978);
#15977 = CARTESIAN_POINT('',(-2.0066,0.,1.27));
#15978 = VECTOR('',#15979,1.);
#15979 = DIRECTION('',(1.,0.,0.));
#15980 = ORIENTED_EDGE('',*,*,#15959,.F.);
#15981 = ORIENTED_EDGE('',*,*,#15413,.F.);
#15982 = ORIENTED_EDGE('',*,*,#15983,.T.);
#15983 = EDGE_CURVE('',#15406,#15974,#15984,.T.);
#15984 = LINE('',#15985,#15986);
#15985 = CARTESIAN_POINT('',(-2.0066,0.381,1.27));
#15986 = VECTOR('',#15987,1.);
#15987 = DIRECTION('',(0.,-1.,0.));
#15988 = PLANE('',#15989);
#15989 = AXIS2_PLACEMENT_3D('',#15990,#15991,#15992);
#15990 = CARTESIAN_POINT('',(-2.0066,0.381,1.27));
#15991 = DIRECTION('',(0.,0.,-1.));
#15992 = DIRECTION('',(-1.,0.,0.));
#15993 = ADVANCED_FACE('',(#15994),#16005,.F.);
#15994 = FACE_BOUND('',#15995,.T.);
#15995 = EDGE_LOOP('',(#15996,#16002,#16003,#16004));
#15996 = ORIENTED_EDGE('',*,*,#15997,.T.);
#15997 = EDGE_CURVE('',#15684,#15737,#15998,.T.);
#15998 = LINE('',#15999,#16000);
#15999 = CARTESIAN_POINT('',(1.8034,0.,-1.27));
#16000 = VECTOR('',#16001,1.);
#16001 = DIRECTION('',(0.,0.,1.));
#16002 = ORIENTED_EDGE('',*,*,#15746,.F.);
#16003 = ORIENTED_EDGE('',*,*,#15507,.F.);
#16004 = ORIENTED_EDGE('',*,*,#15691,.T.);
#16005 = PLANE('',#16006);
#16006 = AXIS2_PLACEMENT_3D('',#16007,#16008,#16009);
#16007 = CARTESIAN_POINT('',(1.8034,0.381,-1.27));
#16008 = DIRECTION('',(1.,0.,0.));
#16009 = DIRECTION('',(0.,0.,-1.));
#16010 = ADVANCED_FACE('',(#16011),#16022,.F.);
#16011 = FACE_BOUND('',#16012,.T.);
#16012 = EDGE_LOOP('',(#16013,#16019,#16020,#16021));
#16013 = ORIENTED_EDGE('',*,*,#16014,.T.);
#16014 = EDGE_CURVE('',#15763,#15816,#16015,.T.);
#16015 = LINE('',#16016,#16017);
#16016 = CARTESIAN_POINT('',(0.5334,0.,-1.27));
#16017 = VECTOR('',#16018,1.);
#16018 = DIRECTION('',(0.,0.,1.));
#16019 = ORIENTED_EDGE('',*,*,#15825,.F.);
#16020 = ORIENTED_EDGE('',*,*,#15473,.F.);
#16021 = ORIENTED_EDGE('',*,*,#15770,.T.);
#16022 = PLANE('',#16023);
#16023 = AXIS2_PLACEMENT_3D('',#16024,#16025,#16026);
#16024 = CARTESIAN_POINT('',(0.5334,0.381,-1.27));
#16025 = DIRECTION('',(1.,0.,0.));
#16026 = DIRECTION('',(0.,0.,-1.));
#16027 = ADVANCED_FACE('',(#16028),#16039,.F.);
#16028 = FACE_BOUND('',#16029,.T.);
#16029 = EDGE_LOOP('',(#16030,#16036,#16037,#16038));
#16030 = ORIENTED_EDGE('',*,*,#16031,.T.);
#16031 = EDGE_CURVE('',#15842,#15895,#16032,.T.);
#16032 = LINE('',#16033,#16034);
#16033 = CARTESIAN_POINT('',(-0.7366,0.,-1.27));
#16034 = VECTOR('',#16035,1.);
#16035 = DIRECTION('',(0.,0.,1.));
#16036 = ORIENTED_EDGE('',*,*,#15904,.F.);
#16037 = ORIENTED_EDGE('',*,*,#15439,.F.);
#16038 = ORIENTED_EDGE('',*,*,#15849,.T.);
#16039 = PLANE('',#16040);
#16040 = AXIS2_PLACEMENT_3D('',#16041,#16042,#16043);
#16041 = CARTESIAN_POINT('',(-0.7366,0.381,-1.27));
#16042 = DIRECTION('',(1.,0.,0.));
#16043 = DIRECTION('',(0.,0.,-1.));
#16044 = ADVANCED_FACE('',(#16045),#16056,.F.);
#16045 = FACE_BOUND('',#16046,.T.);
#16046 = EDGE_LOOP('',(#16047,#16053,#16054,#16055));
#16047 = ORIENTED_EDGE('',*,*,#16048,.T.);
#16048 = EDGE_CURVE('',#15921,#15974,#16049,.T.);
#16049 = LINE('',#16050,#16051);
#16050 = CARTESIAN_POINT('',(-2.0066,0.,-1.27));
#16051 = VECTOR('',#16052,1.);
#16052 = DIRECTION('',(0.,0.,1.));
#16053 = ORIENTED_EDGE('',*,*,#15983,.F.);
#16054 = ORIENTED_EDGE('',*,*,#15405,.F.);
#16055 = ORIENTED_EDGE('',*,*,#15928,.T.);
#16056 = PLANE('',#16057);
#16057 = AXIS2_PLACEMENT_3D('',#16058,#16059,#16060);
#16058 = CARTESIAN_POINT('',(-2.0066,0.381,-1.27));
#16059 = DIRECTION('',(1.,0.,0.));
#16060 = DIRECTION('',(0.,0.,-1.));
#16061 = ADVANCED_FACE('',(#16062),#16068,.F.);
#16062 = FACE_BOUND('',#16063,.T.);
#16063 = EDGE_LOOP('',(#16064,#16065,#16066,#16067));
#16064 = ORIENTED_EDGE('',*,*,#16031,.F.);
#16065 = ORIENTED_EDGE('',*,*,#15839,.F.);
#16066 = ORIENTED_EDGE('',*,*,#15870,.F.);
#16067 = ORIENTED_EDGE('',*,*,#15894,.F.);
#16068 = PLANE('',#16069);
#16069 = AXIS2_PLACEMENT_3D('',#16070,#16071,#16072);
#16070 = CARTESIAN_POINT('',(0.,0.,0.));
#16071 = DIRECTION('',(0.,1.,0.));
#16072 = DIRECTION('',(0.,-0.,1.));
#16073 = ADVANCED_FACE('',(#16074),#16080,.F.);
#16074 = FACE_BOUND('',#16075,.T.);
#16075 = EDGE_LOOP('',(#16076,#16077,#16078,#16079));
#16076 = ORIENTED_EDGE('',*,*,#16014,.F.);
#16077 = ORIENTED_EDGE('',*,*,#15760,.F.);
#16078 = ORIENTED_EDGE('',*,*,#15791,.F.);
#16079 = ORIENTED_EDGE('',*,*,#15815,.F.);
#16080 = PLANE('',#16081);
#16081 = AXIS2_PLACEMENT_3D('',#16082,#16083,#16084);
#16082 = CARTESIAN_POINT('',(0.,0.,0.));
#16083 = DIRECTION('',(0.,1.,0.));
#16084 = DIRECTION('',(0.,-0.,1.));
#16085 = ADVANCED_FACE('',(#16086),#16092,.F.);
#16086 = FACE_BOUND('',#16087,.T.);
#16087 = EDGE_LOOP('',(#16088,#16089,#16090,#16091));
#16088 = ORIENTED_EDGE('',*,*,#15997,.F.);
#16089 = ORIENTED_EDGE('',*,*,#15681,.F.);
#16090 = ORIENTED_EDGE('',*,*,#15712,.F.);
#16091 = ORIENTED_EDGE('',*,*,#15736,.F.);
#16092 = PLANE('',#16093);
#16093 = AXIS2_PLACEMENT_3D('',#16094,#16095,#16096);
#16094 = CARTESIAN_POINT('',(0.,0.,0.));
#16095 = DIRECTION('',(0.,1.,0.));
#16096 = DIRECTION('',(0.,-0.,1.));
#16097 = ADVANCED_FACE('',(#16098),#16104,.F.);
#16098 = FACE_BOUND('',#16099,.T.);
#16099 = EDGE_LOOP('',(#16100,#16101,#16102,#16103));
#16100 = ORIENTED_EDGE('',*,*,#16048,.F.);
#16101 = ORIENTED_EDGE('',*,*,#15918,.F.);
#16102 = ORIENTED_EDGE('',*,*,#15949,.F.);
#16103 = ORIENTED_EDGE('',*,*,#15973,.F.);
#16104 = PLANE('',#16105);
#16105 = AXIS2_PLACEMENT_3D('',#16106,#16107,#16108);
#16106 = CARTESIAN_POINT('',(0.,0.,0.));
#16107 = DIRECTION('',(0.,1.,0.));
#16108 = DIRECTION('',(0.,-0.,1.));
#16109 = ADVANCED_FACE('',(#16110),#16135,.F.);
#16110 = FACE_BOUND('',#16111,.T.);
#16111 = EDGE_LOOP('',(#16112,#16113,#16121,#16129));
#16112 = ORIENTED_EDGE('',*,*,#14443,.T.);
#16113 = ORIENTED_EDGE('',*,*,#16114,.F.);
#16114 = EDGE_CURVE('',#16115,#14436,#16117,.T.);
#16115 = VERTEX_POINT('',#16116);
#16116 = CARTESIAN_POINT('',(-2.794,1.27,0.381));
#16117 = LINE('',#16118,#16119);
#16118 = CARTESIAN_POINT('',(-2.794,1.27,0.381));
#16119 = VECTOR('',#16120,1.);
#16120 = DIRECTION('',(0.,1.,0.));
#16121 = ORIENTED_EDGE('',*,*,#16122,.F.);
#16122 = EDGE_CURVE('',#16123,#16115,#16125,.T.);
#16123 = VERTEX_POINT('',#16124);
#16124 = CARTESIAN_POINT('',(-2.286,1.27,0.381));
#16125 = LINE('',#16126,#16127);
#16126 = CARTESIAN_POINT('',(-2.286,1.27,0.381));
#16127 = VECTOR('',#16128,1.);
#16128 = DIRECTION('',(-1.,0.,0.));
#16129 = ORIENTED_EDGE('',*,*,#16130,.T.);
#16130 = EDGE_CURVE('',#16123,#14444,#16131,.T.);
#16131 = LINE('',#16132,#16133);
#16132 = CARTESIAN_POINT('',(-2.286,1.27,0.381));
#16133 = VECTOR('',#16134,1.);
#16134 = DIRECTION('',(0.,1.,0.));
#16135 = PLANE('',#16136);
#16136 = AXIS2_PLACEMENT_3D('',#16137,#16138,#16139);
#16137 = CARTESIAN_POINT('',(-2.286,1.27,0.381));
#16138 = DIRECTION('',(0.,0.,-1.));
#16139 = DIRECTION('',(-1.,0.,0.));
#16140 = ADVANCED_FACE('',(#16141),#16159,.F.);
#16141 = FACE_BOUND('',#16142,.T.);
#16142 = EDGE_LOOP('',(#16143,#16144,#16152,#16158));
#16143 = ORIENTED_EDGE('',*,*,#14474,.T.);
#16144 = ORIENTED_EDGE('',*,*,#16145,.F.);
#16145 = EDGE_CURVE('',#16146,#14467,#16148,.T.);
#16146 = VERTEX_POINT('',#16147);
#16147 = CARTESIAN_POINT('',(-2.794,1.27,0.889));
#16148 = LINE('',#16149,#16150);
#16149 = CARTESIAN_POINT('',(-2.794,1.27,0.889));
#16150 = VECTOR('',#16151,1.);
#16151 = DIRECTION('',(0.,1.,0.));
#16152 = ORIENTED_EDGE('',*,*,#16153,.F.);
#16153 = EDGE_CURVE('',#16115,#16146,#16154,.T.);
#16154 = LINE('',#16155,#16156);
#16155 = CARTESIAN_POINT('',(-2.794,1.27,0.381));
#16156 = VECTOR('',#16157,1.);
#16157 = DIRECTION('',(0.,0.,1.));
#16158 = ORIENTED_EDGE('',*,*,#16114,.T.);
#16159 = PLANE('',#16160);
#16160 = AXIS2_PLACEMENT_3D('',#16161,#16162,#16163);
#16161 = CARTESIAN_POINT('',(-2.794,1.27,0.381));
#16162 = DIRECTION('',(-1.,0.,0.));
#16163 = DIRECTION('',(0.,0.,1.));
#16164 = ADVANCED_FACE('',(#16165),#16183,.F.);
#16165 = FACE_BOUND('',#16166,.T.);
#16166 = EDGE_LOOP('',(#16167,#16168,#16176,#16182));
#16167 = ORIENTED_EDGE('',*,*,#14498,.T.);
#16168 = ORIENTED_EDGE('',*,*,#16169,.F.);
#16169 = EDGE_CURVE('',#16170,#14491,#16172,.T.);
#16170 = VERTEX_POINT('',#16171);
#16171 = CARTESIAN_POINT('',(-2.286,1.27,0.889));
#16172 = LINE('',#16173,#16174);
#16173 = CARTESIAN_POINT('',(-2.286,1.27,0.889));
#16174 = VECTOR('',#16175,1.);
#16175 = DIRECTION('',(0.,1.,0.));
#16176 = ORIENTED_EDGE('',*,*,#16177,.F.);
#16177 = EDGE_CURVE('',#16146,#16170,#16178,.T.);
#16178 = LINE('',#16179,#16180);
#16179 = CARTESIAN_POINT('',(-2.794,1.27,0.889));
#16180 = VECTOR('',#16181,1.);
#16181 = DIRECTION('',(1.,0.,0.));
#16182 = ORIENTED_EDGE('',*,*,#16145,.T.);
#16183 = PLANE('',#16184);
#16184 = AXIS2_PLACEMENT_3D('',#16185,#16186,#16187);
#16185 = CARTESIAN_POINT('',(-2.794,1.27,0.889));
#16186 = DIRECTION('',(0.,0.,1.));
#16187 = DIRECTION('',(1.,0.,-0.));
#16188 = ADVANCED_FACE('',(#16189),#16200,.F.);
#16189 = FACE_BOUND('',#16190,.T.);
#16190 = EDGE_LOOP('',(#16191,#16192,#16193,#16199));
#16191 = ORIENTED_EDGE('',*,*,#14515,.T.);
#16192 = ORIENTED_EDGE('',*,*,#16130,.F.);
#16193 = ORIENTED_EDGE('',*,*,#16194,.F.);
#16194 = EDGE_CURVE('',#16170,#16123,#16195,.T.);
#16195 = LINE('',#16196,#16197);
#16196 = CARTESIAN_POINT('',(-2.286,1.27,0.889));
#16197 = VECTOR('',#16198,1.);
#16198 = DIRECTION('',(0.,0.,-1.));
#16199 = ORIENTED_EDGE('',*,*,#16169,.T.);
#16200 = PLANE('',#16201);
#16201 = AXIS2_PLACEMENT_3D('',#16202,#16203,#16204);
#16202 = CARTESIAN_POINT('',(-2.286,1.27,0.889));
#16203 = DIRECTION('',(1.,0.,0.));
#16204 = DIRECTION('',(0.,0.,-1.));
#16205 = ADVANCED_FACE('',(#16206),#16212,.T.);
#16206 = FACE_BOUND('',#16207,.T.);
#16207 = EDGE_LOOP('',(#16208,#16209,#16210,#16211));
#16208 = ORIENTED_EDGE('',*,*,#16122,.T.);
#16209 = ORIENTED_EDGE('',*,*,#16153,.T.);
#16210 = ORIENTED_EDGE('',*,*,#16177,.T.);
#16211 = ORIENTED_EDGE('',*,*,#16194,.T.);
#16212 = PLANE('',#16213);
#16213 = AXIS2_PLACEMENT_3D('',#16214,#16215,#16216);
#16214 = CARTESIAN_POINT('',(0.,1.27,0.));
#16215 = DIRECTION('',(0.,1.,0.));
#16216 = DIRECTION('',(0.,-0.,1.));
#16217 = ADVANCED_FACE('',(#16218),#16243,.F.);
#16218 = FACE_BOUND('',#16219,.T.);
#16219 = EDGE_LOOP('',(#16220,#16221,#16229,#16237));
#16220 = ORIENTED_EDGE('',*,*,#15307,.T.);
#16221 = ORIENTED_EDGE('',*,*,#16222,.F.);
#16222 = EDGE_CURVE('',#16223,#15300,#16225,.T.);
#16223 = VERTEX_POINT('',#16224);
#16224 = CARTESIAN_POINT('',(-2.794,1.27,-0.889));
#16225 = LINE('',#16226,#16227);
#16226 = CARTESIAN_POINT('',(-2.794,1.27,-0.889));
#16227 = VECTOR('',#16228,1.);
#16228 = DIRECTION('',(0.,1.,0.));
#16229 = ORIENTED_EDGE('',*,*,#16230,.F.);
#16230 = EDGE_CURVE('',#16231,#16223,#16233,.T.);
#16231 = VERTEX_POINT('',#16232);
#16232 = CARTESIAN_POINT('',(-2.286,1.27,-0.889));
#16233 = LINE('',#16234,#16235);
#16234 = CARTESIAN_POINT('',(-2.286,1.27,-0.889));
#16235 = VECTOR('',#16236,1.);
#16236 = DIRECTION('',(-1.,0.,0.));
#16237 = ORIENTED_EDGE('',*,*,#16238,.T.);
#16238 = EDGE_CURVE('',#16231,#15308,#16239,.T.);
#16239 = LINE('',#16240,#16241);
#16240 = CARTESIAN_POINT('',(-2.286,1.27,-0.889));
#16241 = VECTOR('',#16242,1.);
#16242 = DIRECTION('',(0.,1.,0.));
#16243 = PLANE('',#16244);
#16244 = AXIS2_PLACEMENT_3D('',#16245,#16246,#16247);
#16245 = CARTESIAN_POINT('',(-2.286,1.27,-0.889));
#16246 = DIRECTION('',(0.,0.,-1.));
#16247 = DIRECTION('',(-1.,0.,0.));
#16248 = ADVANCED_FACE('',(#16249),#16267,.F.);
#16249 = FACE_BOUND('',#16250,.T.);
#16250 = EDGE_LOOP('',(#16251,#16252,#16260,#16266));
#16251 = ORIENTED_EDGE('',*,*,#15338,.T.);
#16252 = ORIENTED_EDGE('',*,*,#16253,.F.);
#16253 = EDGE_CURVE('',#16254,#15331,#16256,.T.);
#16254 = VERTEX_POINT('',#16255);
#16255 = CARTESIAN_POINT('',(-2.794,1.27,-0.381));
#16256 = LINE('',#16257,#16258);
#16257 = CARTESIAN_POINT('',(-2.794,1.27,-0.381));
#16258 = VECTOR('',#16259,1.);
#16259 = DIRECTION('',(0.,1.,0.));
#16260 = ORIENTED_EDGE('',*,*,#16261,.F.);
#16261 = EDGE_CURVE('',#16223,#16254,#16262,.T.);
#16262 = LINE('',#16263,#16264);
#16263 = CARTESIAN_POINT('',(-2.794,1.27,-0.889));
#16264 = VECTOR('',#16265,1.);
#16265 = DIRECTION('',(0.,0.,1.));
#16266 = ORIENTED_EDGE('',*,*,#16222,.T.);
#16267 = PLANE('',#16268);
#16268 = AXIS2_PLACEMENT_3D('',#16269,#16270,#16271);
#16269 = CARTESIAN_POINT('',(-2.794,1.27,-0.889));
#16270 = DIRECTION('',(-1.,0.,0.));
#16271 = DIRECTION('',(0.,0.,1.));
#16272 = ADVANCED_FACE('',(#16273),#16291,.F.);
#16273 = FACE_BOUND('',#16274,.T.);
#16274 = EDGE_LOOP('',(#16275,#16276,#16284,#16290));
#16275 = ORIENTED_EDGE('',*,*,#15362,.T.);
#16276 = ORIENTED_EDGE('',*,*,#16277,.F.);
#16277 = EDGE_CURVE('',#16278,#15355,#16280,.T.);
#16278 = VERTEX_POINT('',#16279);
#16279 = CARTESIAN_POINT('',(-2.286,1.27,-0.381));
#16280 = LINE('',#16281,#16282);
#16281 = CARTESIAN_POINT('',(-2.286,1.27,-0.381));
#16282 = VECTOR('',#16283,1.);
#16283 = DIRECTION('',(0.,1.,0.));
#16284 = ORIENTED_EDGE('',*,*,#16285,.F.);
#16285 = EDGE_CURVE('',#16254,#16278,#16286,.T.);
#16286 = LINE('',#16287,#16288);
#16287 = CARTESIAN_POINT('',(-2.794,1.27,-0.381));
#16288 = VECTOR('',#16289,1.);
#16289 = DIRECTION('',(1.,0.,0.));
#16290 = ORIENTED_EDGE('',*,*,#16253,.T.);
#16291 = PLANE('',#16292);
#16292 = AXIS2_PLACEMENT_3D('',#16293,#16294,#16295);
#16293 = CARTESIAN_POINT('',(-2.794,1.27,-0.381));
#16294 = DIRECTION('',(0.,0.,1.));
#16295 = DIRECTION('',(1.,0.,-0.));
#16296 = ADVANCED_FACE('',(#16297),#16308,.F.);
#16297 = FACE_BOUND('',#16298,.T.);
#16298 = EDGE_LOOP('',(#16299,#16300,#16301,#16307));
#16299 = ORIENTED_EDGE('',*,*,#15379,.T.);
#16300 = ORIENTED_EDGE('',*,*,#16238,.F.);
#16301 = ORIENTED_EDGE('',*,*,#16302,.F.);
#16302 = EDGE_CURVE('',#16278,#16231,#16303,.T.);
#16303 = LINE('',#16304,#16305);
#16304 = CARTESIAN_POINT('',(-2.286,1.27,-0.381));
#16305 = VECTOR('',#16306,1.);
#16306 = DIRECTION('',(0.,0.,-1.));
#16307 = ORIENTED_EDGE('',*,*,#16277,.T.);
#16308 = PLANE('',#16309);
#16309 = AXIS2_PLACEMENT_3D('',#16310,#16311,#16312);
#16310 = CARTESIAN_POINT('',(-2.286,1.27,-0.381));
#16311 = DIRECTION('',(1.,0.,0.));
#16312 = DIRECTION('',(0.,0.,-1.));
#16313 = ADVANCED_FACE('',(#16314),#16320,.T.);
#16314 = FACE_BOUND('',#16315,.T.);
#16315 = EDGE_LOOP('',(#16316,#16317,#16318,#16319));
#16316 = ORIENTED_EDGE('',*,*,#16230,.T.);
#16317 = ORIENTED_EDGE('',*,*,#16261,.T.);
#16318 = ORIENTED_EDGE('',*,*,#16285,.T.);
#16319 = ORIENTED_EDGE('',*,*,#16302,.T.);
#16320 = PLANE('',#16321);
#16321 = AXIS2_PLACEMENT_3D('',#16322,#16323,#16324);
#16322 = CARTESIAN_POINT('',(0.,1.27,-1.27));
#16323 = DIRECTION('',(0.,1.,0.));
#16324 = DIRECTION('',(0.,-0.,1.));
#16325 = ADVANCED_FACE('',(#16326),#16351,.F.);
#16326 = FACE_BOUND('',#16327,.T.);
#16327 = EDGE_LOOP('',(#16328,#16329,#16337,#16345));
#16328 = ORIENTED_EDGE('',*,*,#15211,.T.);
#16329 = ORIENTED_EDGE('',*,*,#16330,.F.);
#16330 = EDGE_CURVE('',#16331,#15204,#16333,.T.);
#16331 = VERTEX_POINT('',#16332);
#16332 = CARTESIAN_POINT('',(2.286,1.27,0.381));
#16333 = LINE('',#16334,#16335);
#16334 = CARTESIAN_POINT('',(2.286,1.27,0.381));
#16335 = VECTOR('',#16336,1.);
#16336 = DIRECTION('',(0.,1.,0.));
#16337 = ORIENTED_EDGE('',*,*,#16338,.F.);
#16338 = EDGE_CURVE('',#16339,#16331,#16341,.T.);
#16339 = VERTEX_POINT('',#16340);
#16340 = CARTESIAN_POINT('',(2.794,1.27,0.381));
#16341 = LINE('',#16342,#16343);
#16342 = CARTESIAN_POINT('',(2.794,1.27,0.381));
#16343 = VECTOR('',#16344,1.);
#16344 = DIRECTION('',(-1.,0.,0.));
#16345 = ORIENTED_EDGE('',*,*,#16346,.T.);
#16346 = EDGE_CURVE('',#16339,#15212,#16347,.T.);
#16347 = LINE('',#16348,#16349);
#16348 = CARTESIAN_POINT('',(2.794,1.27,0.381));
#16349 = VECTOR('',#16350,1.);
#16350 = DIRECTION('',(0.,1.,0.));
#16351 = PLANE('',#16352);
#16352 = AXIS2_PLACEMENT_3D('',#16353,#16354,#16355);
#16353 = CARTESIAN_POINT('',(2.794,1.27,0.381));
#16354 = DIRECTION('',(0.,0.,-1.));
#16355 = DIRECTION('',(-1.,0.,0.));
#16356 = ADVANCED_FACE('',(#16357),#16375,.F.);
#16357 = FACE_BOUND('',#16358,.T.);
#16358 = EDGE_LOOP('',(#16359,#16360,#16368,#16374));
#16359 = ORIENTED_EDGE('',*,*,#15242,.T.);
#16360 = ORIENTED_EDGE('',*,*,#16361,.F.);
#16361 = EDGE_CURVE('',#16362,#15235,#16364,.T.);
#16362 = VERTEX_POINT('',#16363);
#16363 = CARTESIAN_POINT('',(2.286,1.27,0.889));
#16364 = LINE('',#16365,#16366);
#16365 = CARTESIAN_POINT('',(2.286,1.27,0.889));
#16366 = VECTOR('',#16367,1.);
#16367 = DIRECTION('',(0.,1.,0.));
#16368 = ORIENTED_EDGE('',*,*,#16369,.F.);
#16369 = EDGE_CURVE('',#16331,#16362,#16370,.T.);
#16370 = LINE('',#16371,#16372);
#16371 = CARTESIAN_POINT('',(2.286,1.27,0.381));
#16372 = VECTOR('',#16373,1.);
#16373 = DIRECTION('',(0.,0.,1.));
#16374 = ORIENTED_EDGE('',*,*,#16330,.T.);
#16375 = PLANE('',#16376);
#16376 = AXIS2_PLACEMENT_3D('',#16377,#16378,#16379);
#16377 = CARTESIAN_POINT('',(2.286,1.27,0.381));
#16378 = DIRECTION('',(-1.,0.,0.));
#16379 = DIRECTION('',(0.,0.,1.));
#16380 = ADVANCED_FACE('',(#16381),#16399,.F.);
#16381 = FACE_BOUND('',#16382,.T.);
#16382 = EDGE_LOOP('',(#16383,#16384,#16392,#16398));
#16383 = ORIENTED_EDGE('',*,*,#15266,.T.);
#16384 = ORIENTED_EDGE('',*,*,#16385,.F.);
#16385 = EDGE_CURVE('',#16386,#15259,#16388,.T.);
#16386 = VERTEX_POINT('',#16387);
#16387 = CARTESIAN_POINT('',(2.794,1.27,0.889));
#16388 = LINE('',#16389,#16390);
#16389 = CARTESIAN_POINT('',(2.794,1.27,0.889));
#16390 = VECTOR('',#16391,1.);
#16391 = DIRECTION('',(0.,1.,0.));
#16392 = ORIENTED_EDGE('',*,*,#16393,.F.);
#16393 = EDGE_CURVE('',#16362,#16386,#16394,.T.);
#16394 = LINE('',#16395,#16396);
#16395 = CARTESIAN_POINT('',(2.286,1.27,0.889));
#16396 = VECTOR('',#16397,1.);
#16397 = DIRECTION('',(1.,0.,0.));
#16398 = ORIENTED_EDGE('',*,*,#16361,.T.);
#16399 = PLANE('',#16400);
#16400 = AXIS2_PLACEMENT_3D('',#16401,#16402,#16403);
#16401 = CARTESIAN_POINT('',(2.286,1.27,0.889));
#16402 = DIRECTION('',(0.,0.,1.));
#16403 = DIRECTION('',(1.,0.,-0.));
#16404 = ADVANCED_FACE('',(#16405),#16416,.F.);
#16405 = FACE_BOUND('',#16406,.T.);
#16406 = EDGE_LOOP('',(#16407,#16408,#16409,#16415));
#16407 = ORIENTED_EDGE('',*,*,#15283,.T.);
#16408 = ORIENTED_EDGE('',*,*,#16346,.F.);
#16409 = ORIENTED_EDGE('',*,*,#16410,.F.);
#16410 = EDGE_CURVE('',#16386,#16339,#16411,.T.);
#16411 = LINE('',#16412,#16413);
#16412 = CARTESIAN_POINT('',(2.794,1.27,0.889));
#16413 = VECTOR('',#16414,1.);
#16414 = DIRECTION('',(0.,0.,-1.));
#16415 = ORIENTED_EDGE('',*,*,#16385,.T.);
#16416 = PLANE('',#16417);
#16417 = AXIS2_PLACEMENT_3D('',#16418,#16419,#16420);
#16418 = CARTESIAN_POINT('',(2.794,1.27,0.889));
#16419 = DIRECTION('',(1.,0.,0.));
#16420 = DIRECTION('',(0.,0.,-1.));
#16421 = ADVANCED_FACE('',(#16422),#16428,.T.);
#16422 = FACE_BOUND('',#16423,.T.);
#16423 = EDGE_LOOP('',(#16424,#16425,#16426,#16427));
#16424 = ORIENTED_EDGE('',*,*,#16338,.T.);
#16425 = ORIENTED_EDGE('',*,*,#16369,.T.);
#16426 = ORIENTED_EDGE('',*,*,#16393,.T.);
#16427 = ORIENTED_EDGE('',*,*,#16410,.T.);
#16428 = PLANE('',#16429);
#16429 = AXIS2_PLACEMENT_3D('',#16430,#16431,#16432);
#16430 = CARTESIAN_POINT('',(5.08,1.27,0.));
#16431 = DIRECTION('',(0.,1.,0.));
#16432 = DIRECTION('',(0.,-0.,1.));
#16433 = ADVANCED_FACE('',(#16434),#16459,.F.);
#16434 = FACE_BOUND('',#16435,.T.);
#16435 = EDGE_LOOP('',(#16436,#16437,#16445,#16453));
#16436 = ORIENTED_EDGE('',*,*,#15115,.T.);
#16437 = ORIENTED_EDGE('',*,*,#16438,.F.);
#16438 = EDGE_CURVE('',#16439,#15108,#16441,.T.);
#16439 = VERTEX_POINT('',#16440);
#16440 = CARTESIAN_POINT('',(1.016,1.27,0.381));
#16441 = LINE('',#16442,#16443);
#16442 = CARTESIAN_POINT('',(1.016,1.27,0.381));
#16443 = VECTOR('',#16444,1.);
#16444 = DIRECTION('',(0.,1.,0.));
#16445 = ORIENTED_EDGE('',*,*,#16446,.F.);
#16446 = EDGE_CURVE('',#16447,#16439,#16449,.T.);
#16447 = VERTEX_POINT('',#16448);
#16448 = CARTESIAN_POINT('',(1.524,1.27,0.381));
#16449 = LINE('',#16450,#16451);
#16450 = CARTESIAN_POINT('',(1.524,1.27,0.381));
#16451 = VECTOR('',#16452,1.);
#16452 = DIRECTION('',(-1.,0.,0.));
#16453 = ORIENTED_EDGE('',*,*,#16454,.T.);
#16454 = EDGE_CURVE('',#16447,#15116,#16455,.T.);
#16455 = LINE('',#16456,#16457);
#16456 = CARTESIAN_POINT('',(1.524,1.27,0.381));
#16457 = VECTOR('',#16458,1.);
#16458 = DIRECTION('',(0.,1.,0.));
#16459 = PLANE('',#16460);
#16460 = AXIS2_PLACEMENT_3D('',#16461,#16462,#16463);
#16461 = CARTESIAN_POINT('',(1.524,1.27,0.381));
#16462 = DIRECTION('',(0.,0.,-1.));
#16463 = DIRECTION('',(-1.,0.,0.));
#16464 = ADVANCED_FACE('',(#16465),#16483,.F.);
#16465 = FACE_BOUND('',#16466,.T.);
#16466 = EDGE_LOOP('',(#16467,#16468,#16476,#16482));
#16467 = ORIENTED_EDGE('',*,*,#15146,.T.);
#16468 = ORIENTED_EDGE('',*,*,#16469,.F.);
#16469 = EDGE_CURVE('',#16470,#15139,#16472,.T.);
#16470 = VERTEX_POINT('',#16471);
#16471 = CARTESIAN_POINT('',(1.016,1.27,0.889));
#16472 = LINE('',#16473,#16474);
#16473 = CARTESIAN_POINT('',(1.016,1.27,0.889));
#16474 = VECTOR('',#16475,1.);
#16475 = DIRECTION('',(0.,1.,0.));
#16476 = ORIENTED_EDGE('',*,*,#16477,.F.);
#16477 = EDGE_CURVE('',#16439,#16470,#16478,.T.);
#16478 = LINE('',#16479,#16480);
#16479 = CARTESIAN_POINT('',(1.016,1.27,0.381));
#16480 = VECTOR('',#16481,1.);
#16481 = DIRECTION('',(0.,0.,1.));
#16482 = ORIENTED_EDGE('',*,*,#16438,.T.);
#16483 = PLANE('',#16484);
#16484 = AXIS2_PLACEMENT_3D('',#16485,#16486,#16487);
#16485 = CARTESIAN_POINT('',(1.016,1.27,0.381));
#16486 = DIRECTION('',(-1.,0.,0.));
#16487 = DIRECTION('',(0.,0.,1.));
#16488 = ADVANCED_FACE('',(#16489),#16507,.F.);
#16489 = FACE_BOUND('',#16490,.T.);
#16490 = EDGE_LOOP('',(#16491,#16492,#16500,#16506));
#16491 = ORIENTED_EDGE('',*,*,#15170,.T.);
#16492 = ORIENTED_EDGE('',*,*,#16493,.F.);
#16493 = EDGE_CURVE('',#16494,#15163,#16496,.T.);
#16494 = VERTEX_POINT('',#16495);
#16495 = CARTESIAN_POINT('',(1.524,1.27,0.889));
#16496 = LINE('',#16497,#16498);
#16497 = CARTESIAN_POINT('',(1.524,1.27,0.889));
#16498 = VECTOR('',#16499,1.);
#16499 = DIRECTION('',(0.,1.,0.));
#16500 = ORIENTED_EDGE('',*,*,#16501,.F.);
#16501 = EDGE_CURVE('',#16470,#16494,#16502,.T.);
#16502 = LINE('',#16503,#16504);
#16503 = CARTESIAN_POINT('',(1.016,1.27,0.889));
#16504 = VECTOR('',#16505,1.);
#16505 = DIRECTION('',(1.,0.,0.));
#16506 = ORIENTED_EDGE('',*,*,#16469,.T.);
#16507 = PLANE('',#16508);
#16508 = AXIS2_PLACEMENT_3D('',#16509,#16510,#16511);
#16509 = CARTESIAN_POINT('',(1.016,1.27,0.889));
#16510 = DIRECTION('',(0.,0.,1.));
#16511 = DIRECTION('',(1.,0.,-0.));
#16512 = ADVANCED_FACE('',(#16513),#16524,.F.);
#16513 = FACE_BOUND('',#16514,.T.);
#16514 = EDGE_LOOP('',(#16515,#16516,#16517,#16523));
#16515 = ORIENTED_EDGE('',*,*,#15187,.T.);
#16516 = ORIENTED_EDGE('',*,*,#16454,.F.);
#16517 = ORIENTED_EDGE('',*,*,#16518,.F.);
#16518 = EDGE_CURVE('',#16494,#16447,#16519,.T.);
#16519 = LINE('',#16520,#16521);
#16520 = CARTESIAN_POINT('',(1.524,1.27,0.889));
#16521 = VECTOR('',#16522,1.);
#16522 = DIRECTION('',(0.,0.,-1.));
#16523 = ORIENTED_EDGE('',*,*,#16493,.T.);
#16524 = PLANE('',#16525);
#16525 = AXIS2_PLACEMENT_3D('',#16526,#16527,#16528);
#16526 = CARTESIAN_POINT('',(1.524,1.27,0.889));
#16527 = DIRECTION('',(1.,0.,0.));
#16528 = DIRECTION('',(0.,0.,-1.));
#16529 = ADVANCED_FACE('',(#16530),#16536,.T.);
#16530 = FACE_BOUND('',#16531,.T.);
#16531 = EDGE_LOOP('',(#16532,#16533,#16534,#16535));
#16532 = ORIENTED_EDGE('',*,*,#16446,.T.);
#16533 = ORIENTED_EDGE('',*,*,#16477,.T.);
#16534 = ORIENTED_EDGE('',*,*,#16501,.T.);
#16535 = ORIENTED_EDGE('',*,*,#16518,.T.);
#16536 = PLANE('',#16537);
#16537 = AXIS2_PLACEMENT_3D('',#16538,#16539,#16540);
#16538 = CARTESIAN_POINT('',(3.81,1.27,0.));
#16539 = DIRECTION('',(0.,1.,0.));
#16540 = DIRECTION('',(0.,-0.,1.));
#16541 = ADVANCED_FACE('',(#16542),#16567,.F.);
#16542 = FACE_BOUND('',#16543,.T.);
#16543 = EDGE_LOOP('',(#16544,#16545,#16553,#16561));
#16544 = ORIENTED_EDGE('',*,*,#15019,.T.);
#16545 = ORIENTED_EDGE('',*,*,#16546,.F.);
#16546 = EDGE_CURVE('',#16547,#15012,#16549,.T.);
#16547 = VERTEX_POINT('',#16548);
#16548 = CARTESIAN_POINT('',(-0.254,1.27,0.381));
#16549 = LINE('',#16550,#16551);
#16550 = CARTESIAN_POINT('',(-0.254,1.27,0.381));
#16551 = VECTOR('',#16552,1.);
#16552 = DIRECTION('',(0.,1.,0.));
#16553 = ORIENTED_EDGE('',*,*,#16554,.F.);
#16554 = EDGE_CURVE('',#16555,#16547,#16557,.T.);
#16555 = VERTEX_POINT('',#16556);
#16556 = CARTESIAN_POINT('',(0.254,1.27,0.381));
#16557 = LINE('',#16558,#16559);
#16558 = CARTESIAN_POINT('',(0.254,1.27,0.381));
#16559 = VECTOR('',#16560,1.);
#16560 = DIRECTION('',(-1.,0.,0.));
#16561 = ORIENTED_EDGE('',*,*,#16562,.T.);
#16562 = EDGE_CURVE('',#16555,#15020,#16563,.T.);
#16563 = LINE('',#16564,#16565);
#16564 = CARTESIAN_POINT('',(0.254,1.27,0.381));
#16565 = VECTOR('',#16566,1.);
#16566 = DIRECTION('',(0.,1.,0.));
#16567 = PLANE('',#16568);
#16568 = AXIS2_PLACEMENT_3D('',#16569,#16570,#16571);
#16569 = CARTESIAN_POINT('',(0.254,1.27,0.381));
#16570 = DIRECTION('',(0.,0.,-1.));
#16571 = DIRECTION('',(-1.,0.,0.));
#16572 = ADVANCED_FACE('',(#16573),#16591,.F.);
#16573 = FACE_BOUND('',#16574,.T.);
#16574 = EDGE_LOOP('',(#16575,#16576,#16584,#16590));
#16575 = ORIENTED_EDGE('',*,*,#15050,.T.);
#16576 = ORIENTED_EDGE('',*,*,#16577,.F.);
#16577 = EDGE_CURVE('',#16578,#15043,#16580,.T.);
#16578 = VERTEX_POINT('',#16579);
#16579 = CARTESIAN_POINT('',(-0.254,1.27,0.889));
#16580 = LINE('',#16581,#16582);
#16581 = CARTESIAN_POINT('',(-0.254,1.27,0.889));
#16582 = VECTOR('',#16583,1.);
#16583 = DIRECTION('',(0.,1.,0.));
#16584 = ORIENTED_EDGE('',*,*,#16585,.F.);
#16585 = EDGE_CURVE('',#16547,#16578,#16586,.T.);
#16586 = LINE('',#16587,#16588);
#16587 = CARTESIAN_POINT('',(-0.254,1.27,0.381));
#16588 = VECTOR('',#16589,1.);
#16589 = DIRECTION('',(0.,0.,1.));
#16590 = ORIENTED_EDGE('',*,*,#16546,.T.);
#16591 = PLANE('',#16592);
#16592 = AXIS2_PLACEMENT_3D('',#16593,#16594,#16595);
#16593 = CARTESIAN_POINT('',(-0.254,1.27,0.381));
#16594 = DIRECTION('',(-1.,0.,0.));
#16595 = DIRECTION('',(0.,0.,1.));
#16596 = ADVANCED_FACE('',(#16597),#16615,.F.);
#16597 = FACE_BOUND('',#16598,.T.);
#16598 = EDGE_LOOP('',(#16599,#16600,#16608,#16614));
#16599 = ORIENTED_EDGE('',*,*,#15074,.T.);
#16600 = ORIENTED_EDGE('',*,*,#16601,.F.);
#16601 = EDGE_CURVE('',#16602,#15067,#16604,.T.);
#16602 = VERTEX_POINT('',#16603);
#16603 = CARTESIAN_POINT('',(0.254,1.27,0.889));
#16604 = LINE('',#16605,#16606);
#16605 = CARTESIAN_POINT('',(0.254,1.27,0.889));
#16606 = VECTOR('',#16607,1.);
#16607 = DIRECTION('',(0.,1.,0.));
#16608 = ORIENTED_EDGE('',*,*,#16609,.F.);
#16609 = EDGE_CURVE('',#16578,#16602,#16610,.T.);
#16610 = LINE('',#16611,#16612);
#16611 = CARTESIAN_POINT('',(-0.254,1.27,0.889));
#16612 = VECTOR('',#16613,1.);
#16613 = DIRECTION('',(1.,0.,0.));
#16614 = ORIENTED_EDGE('',*,*,#16577,.T.);
#16615 = PLANE('',#16616);
#16616 = AXIS2_PLACEMENT_3D('',#16617,#16618,#16619);
#16617 = CARTESIAN_POINT('',(-0.254,1.27,0.889));
#16618 = DIRECTION('',(0.,0.,1.));
#16619 = DIRECTION('',(1.,0.,-0.));
#16620 = ADVANCED_FACE('',(#16621),#16632,.F.);
#16621 = FACE_BOUND('',#16622,.T.);
#16622 = EDGE_LOOP('',(#16623,#16624,#16625,#16631));
#16623 = ORIENTED_EDGE('',*,*,#15091,.T.);
#16624 = ORIENTED_EDGE('',*,*,#16562,.F.);
#16625 = ORIENTED_EDGE('',*,*,#16626,.F.);
#16626 = EDGE_CURVE('',#16602,#16555,#16627,.T.);
#16627 = LINE('',#16628,#16629);
#16628 = CARTESIAN_POINT('',(0.254,1.27,0.889));
#16629 = VECTOR('',#16630,1.);
#16630 = DIRECTION('',(0.,0.,-1.));
#16631 = ORIENTED_EDGE('',*,*,#16601,.T.);
#16632 = PLANE('',#16633);
#16633 = AXIS2_PLACEMENT_3D('',#16634,#16635,#16636);
#16634 = CARTESIAN_POINT('',(0.254,1.27,0.889));
#16635 = DIRECTION('',(1.,0.,0.));
#16636 = DIRECTION('',(0.,0.,-1.));
#16637 = ADVANCED_FACE('',(#16638),#16644,.T.);
#16638 = FACE_BOUND('',#16639,.T.);
#16639 = EDGE_LOOP('',(#16640,#16641,#16642,#16643));
#16640 = ORIENTED_EDGE('',*,*,#16554,.T.);
#16641 = ORIENTED_EDGE('',*,*,#16585,.T.);
#16642 = ORIENTED_EDGE('',*,*,#16609,.T.);
#16643 = ORIENTED_EDGE('',*,*,#16626,.T.);
#16644 = PLANE('',#16645);
#16645 = AXIS2_PLACEMENT_3D('',#16646,#16647,#16648);
#16646 = CARTESIAN_POINT('',(2.54,1.27,0.));
#16647 = DIRECTION('',(0.,1.,0.));
#16648 = DIRECTION('',(0.,-0.,1.));
#16649 = ADVANCED_FACE('',(#16650),#16675,.F.);
#16650 = FACE_BOUND('',#16651,.T.);
#16651 = EDGE_LOOP('',(#16652,#16653,#16661,#16669));
#16652 = ORIENTED_EDGE('',*,*,#14923,.T.);
#16653 = ORIENTED_EDGE('',*,*,#16654,.F.);
#16654 = EDGE_CURVE('',#16655,#14916,#16657,.T.);
#16655 = VERTEX_POINT('',#16656);
#16656 = CARTESIAN_POINT('',(-1.524,1.27,-0.889));
#16657 = LINE('',#16658,#16659);
#16658 = CARTESIAN_POINT('',(-1.524,1.27,-0.889));
#16659 = VECTOR('',#16660,1.);
#16660 = DIRECTION('',(0.,1.,0.));
#16661 = ORIENTED_EDGE('',*,*,#16662,.F.);
#16662 = EDGE_CURVE('',#16663,#16655,#16665,.T.);
#16663 = VERTEX_POINT('',#16664);
#16664 = CARTESIAN_POINT('',(-1.016,1.27,-0.889));
#16665 = LINE('',#16666,#16667);
#16666 = CARTESIAN_POINT('',(-1.016,1.27,-0.889));
#16667 = VECTOR('',#16668,1.);
#16668 = DIRECTION('',(-1.,0.,0.));
#16669 = ORIENTED_EDGE('',*,*,#16670,.T.);
#16670 = EDGE_CURVE('',#16663,#14924,#16671,.T.);
#16671 = LINE('',#16672,#16673);
#16672 = CARTESIAN_POINT('',(-1.016,1.27,-0.889));
#16673 = VECTOR('',#16674,1.);
#16674 = DIRECTION('',(0.,1.,0.));
#16675 = PLANE('',#16676);
#16676 = AXIS2_PLACEMENT_3D('',#16677,#16678,#16679);
#16677 = CARTESIAN_POINT('',(-1.016,1.27,-0.889));
#16678 = DIRECTION('',(0.,0.,-1.));
#16679 = DIRECTION('',(-1.,0.,0.));
#16680 = ADVANCED_FACE('',(#16681),#16699,.F.);
#16681 = FACE_BOUND('',#16682,.T.);
#16682 = EDGE_LOOP('',(#16683,#16684,#16692,#16698));
#16683 = ORIENTED_EDGE('',*,*,#14954,.T.);
#16684 = ORIENTED_EDGE('',*,*,#16685,.F.);
#16685 = EDGE_CURVE('',#16686,#14947,#16688,.T.);
#16686 = VERTEX_POINT('',#16687);
#16687 = CARTESIAN_POINT('',(-1.524,1.27,-0.381));
#16688 = LINE('',#16689,#16690);
#16689 = CARTESIAN_POINT('',(-1.524,1.27,-0.381));
#16690 = VECTOR('',#16691,1.);
#16691 = DIRECTION('',(0.,1.,0.));
#16692 = ORIENTED_EDGE('',*,*,#16693,.F.);
#16693 = EDGE_CURVE('',#16655,#16686,#16694,.T.);
#16694 = LINE('',#16695,#16696);
#16695 = CARTESIAN_POINT('',(-1.524,1.27,-0.889));
#16696 = VECTOR('',#16697,1.);
#16697 = DIRECTION('',(0.,0.,1.));
#16698 = ORIENTED_EDGE('',*,*,#16654,.T.);
#16699 = PLANE('',#16700);
#16700 = AXIS2_PLACEMENT_3D('',#16701,#16702,#16703);
#16701 = CARTESIAN_POINT('',(-1.524,1.27,-0.889));
#16702 = DIRECTION('',(-1.,0.,0.));
#16703 = DIRECTION('',(0.,0.,1.));
#16704 = ADVANCED_FACE('',(#16705),#16723,.F.);
#16705 = FACE_BOUND('',#16706,.T.);
#16706 = EDGE_LOOP('',(#16707,#16708,#16716,#16722));
#16707 = ORIENTED_EDGE('',*,*,#14978,.T.);
#16708 = ORIENTED_EDGE('',*,*,#16709,.F.);
#16709 = EDGE_CURVE('',#16710,#14971,#16712,.T.);
#16710 = VERTEX_POINT('',#16711);
#16711 = CARTESIAN_POINT('',(-1.016,1.27,-0.381));
#16712 = LINE('',#16713,#16714);
#16713 = CARTESIAN_POINT('',(-1.016,1.27,-0.381));
#16714 = VECTOR('',#16715,1.);
#16715 = DIRECTION('',(0.,1.,0.));
#16716 = ORIENTED_EDGE('',*,*,#16717,.F.);
#16717 = EDGE_CURVE('',#16686,#16710,#16718,.T.);
#16718 = LINE('',#16719,#16720);
#16719 = CARTESIAN_POINT('',(-1.524,1.27,-0.381));
#16720 = VECTOR('',#16721,1.);
#16721 = DIRECTION('',(1.,0.,0.));
#16722 = ORIENTED_EDGE('',*,*,#16685,.T.);
#16723 = PLANE('',#16724);
#16724 = AXIS2_PLACEMENT_3D('',#16725,#16726,#16727);
#16725 = CARTESIAN_POINT('',(-1.524,1.27,-0.381));
#16726 = DIRECTION('',(0.,0.,1.));
#16727 = DIRECTION('',(1.,0.,-0.));
#16728 = ADVANCED_FACE('',(#16729),#16740,.F.);
#16729 = FACE_BOUND('',#16730,.T.);
#16730 = EDGE_LOOP('',(#16731,#16732,#16733,#16739));
#16731 = ORIENTED_EDGE('',*,*,#14995,.T.);
#16732 = ORIENTED_EDGE('',*,*,#16670,.F.);
#16733 = ORIENTED_EDGE('',*,*,#16734,.F.);
#16734 = EDGE_CURVE('',#16710,#16663,#16735,.T.);
#16735 = LINE('',#16736,#16737);
#16736 = CARTESIAN_POINT('',(-1.016,1.27,-0.381));
#16737 = VECTOR('',#16738,1.);
#16738 = DIRECTION('',(0.,0.,-1.));
#16739 = ORIENTED_EDGE('',*,*,#16709,.T.);
#16740 = PLANE('',#16741);
#16741 = AXIS2_PLACEMENT_3D('',#16742,#16743,#16744);
#16742 = CARTESIAN_POINT('',(-1.016,1.27,-0.381));
#16743 = DIRECTION('',(1.,0.,0.));
#16744 = DIRECTION('',(0.,0.,-1.));
#16745 = ADVANCED_FACE('',(#16746),#16752,.T.);
#16746 = FACE_BOUND('',#16747,.T.);
#16747 = EDGE_LOOP('',(#16748,#16749,#16750,#16751));
#16748 = ORIENTED_EDGE('',*,*,#16662,.T.);
#16749 = ORIENTED_EDGE('',*,*,#16693,.T.);
#16750 = ORIENTED_EDGE('',*,*,#16717,.T.);
#16751 = ORIENTED_EDGE('',*,*,#16734,.T.);
#16752 = PLANE('',#16753);
#16753 = AXIS2_PLACEMENT_3D('',#16754,#16755,#16756);
#16754 = CARTESIAN_POINT('',(1.27,1.27,-1.27));
#16755 = DIRECTION('',(0.,1.,0.));
#16756 = DIRECTION('',(0.,-0.,1.));
#16757 = ADVANCED_FACE('',(#16758),#16783,.F.);
#16758 = FACE_BOUND('',#16759,.T.);
#16759 = EDGE_LOOP('',(#16760,#16761,#16769,#16777));
#16760 = ORIENTED_EDGE('',*,*,#14827,.T.);
#16761 = ORIENTED_EDGE('',*,*,#16762,.F.);
#16762 = EDGE_CURVE('',#16763,#14820,#16765,.T.);
#16763 = VERTEX_POINT('',#16764);
#16764 = CARTESIAN_POINT('',(-0.254,1.27,-0.889));
#16765 = LINE('',#16766,#16767);
#16766 = CARTESIAN_POINT('',(-0.254,1.27,-0.889));
#16767 = VECTOR('',#16768,1.);
#16768 = DIRECTION('',(0.,1.,0.));
#16769 = ORIENTED_EDGE('',*,*,#16770,.F.);
#16770 = EDGE_CURVE('',#16771,#16763,#16773,.T.);
#16771 = VERTEX_POINT('',#16772);
#16772 = CARTESIAN_POINT('',(0.254,1.27,-0.889));
#16773 = LINE('',#16774,#16775);
#16774 = CARTESIAN_POINT('',(0.254,1.27,-0.889));
#16775 = VECTOR('',#16776,1.);
#16776 = DIRECTION('',(-1.,0.,0.));
#16777 = ORIENTED_EDGE('',*,*,#16778,.T.);
#16778 = EDGE_CURVE('',#16771,#14828,#16779,.T.);
#16779 = LINE('',#16780,#16781);
#16780 = CARTESIAN_POINT('',(0.254,1.27,-0.889));
#16781 = VECTOR('',#16782,1.);
#16782 = DIRECTION('',(0.,1.,0.));
#16783 = PLANE('',#16784);
#16784 = AXIS2_PLACEMENT_3D('',#16785,#16786,#16787);
#16785 = CARTESIAN_POINT('',(0.254,1.27,-0.889));
#16786 = DIRECTION('',(0.,0.,-1.));
#16787 = DIRECTION('',(-1.,0.,0.));
#16788 = ADVANCED_FACE('',(#16789),#16807,.F.);
#16789 = FACE_BOUND('',#16790,.T.);
#16790 = EDGE_LOOP('',(#16791,#16792,#16800,#16806));
#16791 = ORIENTED_EDGE('',*,*,#14858,.T.);
#16792 = ORIENTED_EDGE('',*,*,#16793,.F.);
#16793 = EDGE_CURVE('',#16794,#14851,#16796,.T.);
#16794 = VERTEX_POINT('',#16795);
#16795 = CARTESIAN_POINT('',(-0.254,1.27,-0.381));
#16796 = LINE('',#16797,#16798);
#16797 = CARTESIAN_POINT('',(-0.254,1.27,-0.381));
#16798 = VECTOR('',#16799,1.);
#16799 = DIRECTION('',(0.,1.,0.));
#16800 = ORIENTED_EDGE('',*,*,#16801,.F.);
#16801 = EDGE_CURVE('',#16763,#16794,#16802,.T.);
#16802 = LINE('',#16803,#16804);
#16803 = CARTESIAN_POINT('',(-0.254,1.27,-0.889));
#16804 = VECTOR('',#16805,1.);
#16805 = DIRECTION('',(0.,0.,1.));
#16806 = ORIENTED_EDGE('',*,*,#16762,.T.);
#16807 = PLANE('',#16808);
#16808 = AXIS2_PLACEMENT_3D('',#16809,#16810,#16811);
#16809 = CARTESIAN_POINT('',(-0.254,1.27,-0.889));
#16810 = DIRECTION('',(-1.,0.,0.));
#16811 = DIRECTION('',(0.,0.,1.));
#16812 = ADVANCED_FACE('',(#16813),#16831,.F.);
#16813 = FACE_BOUND('',#16814,.T.);
#16814 = EDGE_LOOP('',(#16815,#16816,#16824,#16830));
#16815 = ORIENTED_EDGE('',*,*,#14882,.T.);
#16816 = ORIENTED_EDGE('',*,*,#16817,.F.);
#16817 = EDGE_CURVE('',#16818,#14875,#16820,.T.);
#16818 = VERTEX_POINT('',#16819);
#16819 = CARTESIAN_POINT('',(0.254,1.27,-0.381));
#16820 = LINE('',#16821,#16822);
#16821 = CARTESIAN_POINT('',(0.254,1.27,-0.381));
#16822 = VECTOR('',#16823,1.);
#16823 = DIRECTION('',(0.,1.,0.));
#16824 = ORIENTED_EDGE('',*,*,#16825,.F.);
#16825 = EDGE_CURVE('',#16794,#16818,#16826,.T.);
#16826 = LINE('',#16827,#16828);
#16827 = CARTESIAN_POINT('',(-0.254,1.27,-0.381));
#16828 = VECTOR('',#16829,1.);
#16829 = DIRECTION('',(1.,0.,0.));
#16830 = ORIENTED_EDGE('',*,*,#16793,.T.);
#16831 = PLANE('',#16832);
#16832 = AXIS2_PLACEMENT_3D('',#16833,#16834,#16835);
#16833 = CARTESIAN_POINT('',(-0.254,1.27,-0.381));
#16834 = DIRECTION('',(0.,0.,1.));
#16835 = DIRECTION('',(1.,0.,-0.));
#16836 = ADVANCED_FACE('',(#16837),#16848,.F.);
#16837 = FACE_BOUND('',#16838,.T.);
#16838 = EDGE_LOOP('',(#16839,#16840,#16841,#16847));
#16839 = ORIENTED_EDGE('',*,*,#14899,.T.);
#16840 = ORIENTED_EDGE('',*,*,#16778,.F.);
#16841 = ORIENTED_EDGE('',*,*,#16842,.F.);
#16842 = EDGE_CURVE('',#16818,#16771,#16843,.T.);
#16843 = LINE('',#16844,#16845);
#16844 = CARTESIAN_POINT('',(0.254,1.27,-0.381));
#16845 = VECTOR('',#16846,1.);
#16846 = DIRECTION('',(0.,0.,-1.));
#16847 = ORIENTED_EDGE('',*,*,#16817,.T.);
#16848 = PLANE('',#16849);
#16849 = AXIS2_PLACEMENT_3D('',#16850,#16851,#16852);
#16850 = CARTESIAN_POINT('',(0.254,1.27,-0.381));
#16851 = DIRECTION('',(1.,0.,0.));
#16852 = DIRECTION('',(0.,0.,-1.));
#16853 = ADVANCED_FACE('',(#16854),#16860,.T.);
#16854 = FACE_BOUND('',#16855,.T.);
#16855 = EDGE_LOOP('',(#16856,#16857,#16858,#16859));
#16856 = ORIENTED_EDGE('',*,*,#16770,.T.);
#16857 = ORIENTED_EDGE('',*,*,#16801,.T.);
#16858 = ORIENTED_EDGE('',*,*,#16825,.T.);
#16859 = ORIENTED_EDGE('',*,*,#16842,.T.);
#16860 = PLANE('',#16861);
#16861 = AXIS2_PLACEMENT_3D('',#16862,#16863,#16864);
#16862 = CARTESIAN_POINT('',(2.54,1.27,-1.27));
#16863 = DIRECTION('',(0.,1.,0.));
#16864 = DIRECTION('',(0.,-0.,1.));
#16865 = ADVANCED_FACE('',(#16866),#16891,.F.);
#16866 = FACE_BOUND('',#16867,.T.);
#16867 = EDGE_LOOP('',(#16868,#16869,#16877,#16885));
#16868 = ORIENTED_EDGE('',*,*,#14731,.T.);
#16869 = ORIENTED_EDGE('',*,*,#16870,.F.);
#16870 = EDGE_CURVE('',#16871,#14724,#16873,.T.);
#16871 = VERTEX_POINT('',#16872);
#16872 = CARTESIAN_POINT('',(1.016,1.27,-0.889));
#16873 = LINE('',#16874,#16875);
#16874 = CARTESIAN_POINT('',(1.016,1.27,-0.889));
#16875 = VECTOR('',#16876,1.);
#16876 = DIRECTION('',(0.,1.,0.));
#16877 = ORIENTED_EDGE('',*,*,#16878,.F.);
#16878 = EDGE_CURVE('',#16879,#16871,#16881,.T.);
#16879 = VERTEX_POINT('',#16880);
#16880 = CARTESIAN_POINT('',(1.524,1.27,-0.889));
#16881 = LINE('',#16882,#16883);
#16882 = CARTESIAN_POINT('',(1.524,1.27,-0.889));
#16883 = VECTOR('',#16884,1.);
#16884 = DIRECTION('',(-1.,0.,0.));
#16885 = ORIENTED_EDGE('',*,*,#16886,.T.);
#16886 = EDGE_CURVE('',#16879,#14732,#16887,.T.);
#16887 = LINE('',#16888,#16889);
#16888 = CARTESIAN_POINT('',(1.524,1.27,-0.889));
#16889 = VECTOR('',#16890,1.);
#16890 = DIRECTION('',(0.,1.,0.));
#16891 = PLANE('',#16892);
#16892 = AXIS2_PLACEMENT_3D('',#16893,#16894,#16895);
#16893 = CARTESIAN_POINT('',(1.524,1.27,-0.889));
#16894 = DIRECTION('',(0.,0.,-1.));
#16895 = DIRECTION('',(-1.,0.,0.));
#16896 = ADVANCED_FACE('',(#16897),#16915,.F.);
#16897 = FACE_BOUND('',#16898,.T.);
#16898 = EDGE_LOOP('',(#16899,#16900,#16908,#16914));
#16899 = ORIENTED_EDGE('',*,*,#14762,.T.);
#16900 = ORIENTED_EDGE('',*,*,#16901,.F.);
#16901 = EDGE_CURVE('',#16902,#14755,#16904,.T.);
#16902 = VERTEX_POINT('',#16903);
#16903 = CARTESIAN_POINT('',(1.016,1.27,-0.381));
#16904 = LINE('',#16905,#16906);
#16905 = CARTESIAN_POINT('',(1.016,1.27,-0.381));
#16906 = VECTOR('',#16907,1.);
#16907 = DIRECTION('',(0.,1.,0.));
#16908 = ORIENTED_EDGE('',*,*,#16909,.F.);
#16909 = EDGE_CURVE('',#16871,#16902,#16910,.T.);
#16910 = LINE('',#16911,#16912);
#16911 = CARTESIAN_POINT('',(1.016,1.27,-0.889));
#16912 = VECTOR('',#16913,1.);
#16913 = DIRECTION('',(0.,0.,1.));
#16914 = ORIENTED_EDGE('',*,*,#16870,.T.);
#16915 = PLANE('',#16916);
#16916 = AXIS2_PLACEMENT_3D('',#16917,#16918,#16919);
#16917 = CARTESIAN_POINT('',(1.016,1.27,-0.889));
#16918 = DIRECTION('',(-1.,0.,0.));
#16919 = DIRECTION('',(0.,0.,1.));
#16920 = ADVANCED_FACE('',(#16921),#16939,.F.);
#16921 = FACE_BOUND('',#16922,.T.);
#16922 = EDGE_LOOP('',(#16923,#16924,#16932,#16938));
#16923 = ORIENTED_EDGE('',*,*,#14786,.T.);
#16924 = ORIENTED_EDGE('',*,*,#16925,.F.);
#16925 = EDGE_CURVE('',#16926,#14779,#16928,.T.);
#16926 = VERTEX_POINT('',#16927);
#16927 = CARTESIAN_POINT('',(1.524,1.27,-0.381));
#16928 = LINE('',#16929,#16930);
#16929 = CARTESIAN_POINT('',(1.524,1.27,-0.381));
#16930 = VECTOR('',#16931,1.);
#16931 = DIRECTION('',(0.,1.,0.));
#16932 = ORIENTED_EDGE('',*,*,#16933,.F.);
#16933 = EDGE_CURVE('',#16902,#16926,#16934,.T.);
#16934 = LINE('',#16935,#16936);
#16935 = CARTESIAN_POINT('',(1.016,1.27,-0.381));
#16936 = VECTOR('',#16937,1.);
#16937 = DIRECTION('',(1.,0.,0.));
#16938 = ORIENTED_EDGE('',*,*,#16901,.T.);
#16939 = PLANE('',#16940);
#16940 = AXIS2_PLACEMENT_3D('',#16941,#16942,#16943);
#16941 = CARTESIAN_POINT('',(1.016,1.27,-0.381));
#16942 = DIRECTION('',(0.,0.,1.));
#16943 = DIRECTION('',(1.,0.,-0.));
#16944 = ADVANCED_FACE('',(#16945),#16956,.F.);
#16945 = FACE_BOUND('',#16946,.T.);
#16946 = EDGE_LOOP('',(#16947,#16948,#16949,#16955));
#16947 = ORIENTED_EDGE('',*,*,#14803,.T.);
#16948 = ORIENTED_EDGE('',*,*,#16886,.F.);
#16949 = ORIENTED_EDGE('',*,*,#16950,.F.);
#16950 = EDGE_CURVE('',#16926,#16879,#16951,.T.);
#16951 = LINE('',#16952,#16953);
#16952 = CARTESIAN_POINT('',(1.524,1.27,-0.381));
#16953 = VECTOR('',#16954,1.);
#16954 = DIRECTION('',(0.,0.,-1.));
#16955 = ORIENTED_EDGE('',*,*,#16925,.T.);
#16956 = PLANE('',#16957);
#16957 = AXIS2_PLACEMENT_3D('',#16958,#16959,#16960);
#16958 = CARTESIAN_POINT('',(1.524,1.27,-0.381));
#16959 = DIRECTION('',(1.,0.,0.));
#16960 = DIRECTION('',(0.,0.,-1.));
#16961 = ADVANCED_FACE('',(#16962),#16968,.T.);
#16962 = FACE_BOUND('',#16963,.T.);
#16963 = EDGE_LOOP('',(#16964,#16965,#16966,#16967));
#16964 = ORIENTED_EDGE('',*,*,#16878,.T.);
#16965 = ORIENTED_EDGE('',*,*,#16909,.T.);
#16966 = ORIENTED_EDGE('',*,*,#16933,.T.);
#16967 = ORIENTED_EDGE('',*,*,#16950,.T.);
#16968 = PLANE('',#16969);
#16969 = AXIS2_PLACEMENT_3D('',#16970,#16971,#16972);
#16970 = CARTESIAN_POINT('',(3.81,1.27,-1.27));
#16971 = DIRECTION('',(0.,1.,0.));
#16972 = DIRECTION('',(0.,-0.,1.));
#16973 = ADVANCED_FACE('',(#16974),#16999,.F.);
#16974 = FACE_BOUND('',#16975,.T.);
#16975 = EDGE_LOOP('',(#16976,#16977,#16985,#16993));
#16976 = ORIENTED_EDGE('',*,*,#14635,.T.);
#16977 = ORIENTED_EDGE('',*,*,#16978,.F.);
#16978 = EDGE_CURVE('',#16979,#14628,#16981,.T.);
#16979 = VERTEX_POINT('',#16980);
#16980 = CARTESIAN_POINT('',(2.286,1.27,-0.889));
#16981 = LINE('',#16982,#16983);
#16982 = CARTESIAN_POINT('',(2.286,1.27,-0.889));
#16983 = VECTOR('',#16984,1.);
#16984 = DIRECTION('',(0.,1.,0.));
#16985 = ORIENTED_EDGE('',*,*,#16986,.F.);
#16986 = EDGE_CURVE('',#16987,#16979,#16989,.T.);
#16987 = VERTEX_POINT('',#16988);
#16988 = CARTESIAN_POINT('',(2.794,1.27,-0.889));
#16989 = LINE('',#16990,#16991);
#16990 = CARTESIAN_POINT('',(2.794,1.27,-0.889));
#16991 = VECTOR('',#16992,1.);
#16992 = DIRECTION('',(-1.,0.,0.));
#16993 = ORIENTED_EDGE('',*,*,#16994,.T.);
#16994 = EDGE_CURVE('',#16987,#14636,#16995,.T.);
#16995 = LINE('',#16996,#16997);
#16996 = CARTESIAN_POINT('',(2.794,1.27,-0.889));
#16997 = VECTOR('',#16998,1.);
#16998 = DIRECTION('',(0.,1.,0.));
#16999 = PLANE('',#17000);
#17000 = AXIS2_PLACEMENT_3D('',#17001,#17002,#17003);
#17001 = CARTESIAN_POINT('',(2.794,1.27,-0.889));
#17002 = DIRECTION('',(0.,0.,-1.));
#17003 = DIRECTION('',(-1.,0.,0.));
#17004 = ADVANCED_FACE('',(#17005),#17023,.F.);
#17005 = FACE_BOUND('',#17006,.T.);
#17006 = EDGE_LOOP('',(#17007,#17008,#17016,#17022));
#17007 = ORIENTED_EDGE('',*,*,#14666,.T.);
#17008 = ORIENTED_EDGE('',*,*,#17009,.F.);
#17009 = EDGE_CURVE('',#17010,#14659,#17012,.T.);
#17010 = VERTEX_POINT('',#17011);
#17011 = CARTESIAN_POINT('',(2.286,1.27,-0.381));
#17012 = LINE('',#17013,#17014);
#17013 = CARTESIAN_POINT('',(2.286,1.27,-0.381));
#17014 = VECTOR('',#17015,1.);
#17015 = DIRECTION('',(0.,1.,0.));
#17016 = ORIENTED_EDGE('',*,*,#17017,.F.);
#17017 = EDGE_CURVE('',#16979,#17010,#17018,.T.);
#17018 = LINE('',#17019,#17020);
#17019 = CARTESIAN_POINT('',(2.286,1.27,-0.889));
#17020 = VECTOR('',#17021,1.);
#17021 = DIRECTION('',(0.,0.,1.));
#17022 = ORIENTED_EDGE('',*,*,#16978,.T.);
#17023 = PLANE('',#17024);
#17024 = AXIS2_PLACEMENT_3D('',#17025,#17026,#17027);
#17025 = CARTESIAN_POINT('',(2.286,1.27,-0.889));
#17026 = DIRECTION('',(-1.,0.,0.));
#17027 = DIRECTION('',(0.,0.,1.));
#17028 = ADVANCED_FACE('',(#17029),#17047,.F.);
#17029 = FACE_BOUND('',#17030,.T.);
#17030 = EDGE_LOOP('',(#17031,#17032,#17040,#17046));
#17031 = ORIENTED_EDGE('',*,*,#14690,.T.);
#17032 = ORIENTED_EDGE('',*,*,#17033,.F.);
#17033 = EDGE_CURVE('',#17034,#14683,#17036,.T.);
#17034 = VERTEX_POINT('',#17035);
#17035 = CARTESIAN_POINT('',(2.794,1.27,-0.381));
#17036 = LINE('',#17037,#17038);
#17037 = CARTESIAN_POINT('',(2.794,1.27,-0.381));
#17038 = VECTOR('',#17039,1.);
#17039 = DIRECTION('',(0.,1.,0.));
#17040 = ORIENTED_EDGE('',*,*,#17041,.F.);
#17041 = EDGE_CURVE('',#17010,#17034,#17042,.T.);
#17042 = LINE('',#17043,#17044);
#17043 = CARTESIAN_POINT('',(2.286,1.27,-0.381));
#17044 = VECTOR('',#17045,1.);
#17045 = DIRECTION('',(1.,0.,0.));
#17046 = ORIENTED_EDGE('',*,*,#17009,.T.);
#17047 = PLANE('',#17048);
#17048 = AXIS2_PLACEMENT_3D('',#17049,#17050,#17051);
#17049 = CARTESIAN_POINT('',(2.286,1.27,-0.381));
#17050 = DIRECTION('',(0.,0.,1.));
#17051 = DIRECTION('',(1.,0.,-0.));
#17052 = ADVANCED_FACE('',(#17053),#17064,.F.);
#17053 = FACE_BOUND('',#17054,.T.);
#17054 = EDGE_LOOP('',(#17055,#17056,#17057,#17063));
#17055 = ORIENTED_EDGE('',*,*,#14707,.T.);
#17056 = ORIENTED_EDGE('',*,*,#16994,.F.);
#17057 = ORIENTED_EDGE('',*,*,#17058,.F.);
#17058 = EDGE_CURVE('',#17034,#16987,#17059,.T.);
#17059 = LINE('',#17060,#17061);
#17060 = CARTESIAN_POINT('',(2.794,1.27,-0.381));
#17061 = VECTOR('',#17062,1.);
#17062 = DIRECTION('',(0.,0.,-1.));
#17063 = ORIENTED_EDGE('',*,*,#17033,.T.);
#17064 = PLANE('',#17065);
#17065 = AXIS2_PLACEMENT_3D('',#17066,#17067,#17068);
#17066 = CARTESIAN_POINT('',(2.794,1.27,-0.381));
#17067 = DIRECTION('',(1.,0.,0.));
#17068 = DIRECTION('',(0.,0.,-1.));
#17069 = ADVANCED_FACE('',(#17070),#17076,.T.);
#17070 = FACE_BOUND('',#17071,.T.);
#17071 = EDGE_LOOP('',(#17072,#17073,#17074,#17075));
#17072 = ORIENTED_EDGE('',*,*,#16986,.T.);
#17073 = ORIENTED_EDGE('',*,*,#17017,.T.);
#17074 = ORIENTED_EDGE('',*,*,#17041,.T.);
#17075 = ORIENTED_EDGE('',*,*,#17058,.T.);
#17076 = PLANE('',#17077);
#17077 = AXIS2_PLACEMENT_3D('',#17078,#17079,#17080);
#17078 = CARTESIAN_POINT('',(5.08,1.27,-1.27));
#17079 = DIRECTION('',(0.,1.,0.));
#17080 = DIRECTION('',(0.,-0.,1.));
#17081 = ADVANCED_FACE('',(#17082),#17107,.F.);
#17082 = FACE_BOUND('',#17083,.T.);
#17083 = EDGE_LOOP('',(#17084,#17085,#17093,#17101));
#17084 = ORIENTED_EDGE('',*,*,#14539,.T.);
#17085 = ORIENTED_EDGE('',*,*,#17086,.F.);
#17086 = EDGE_CURVE('',#17087,#14532,#17089,.T.);
#17087 = VERTEX_POINT('',#17088);
#17088 = CARTESIAN_POINT('',(-1.524,1.27,0.381));
#17089 = LINE('',#17090,#17091);
#17090 = CARTESIAN_POINT('',(-1.524,1.27,0.381));
#17091 = VECTOR('',#17092,1.);
#17092 = DIRECTION('',(0.,1.,0.));
#17093 = ORIENTED_EDGE('',*,*,#17094,.F.);
#17094 = EDGE_CURVE('',#17095,#17087,#17097,.T.);
#17095 = VERTEX_POINT('',#17096);
#17096 = CARTESIAN_POINT('',(-1.016,1.27,0.381));
#17097 = LINE('',#17098,#17099);
#17098 = CARTESIAN_POINT('',(-1.016,1.27,0.381));
#17099 = VECTOR('',#17100,1.);
#17100 = DIRECTION('',(-1.,0.,0.));
#17101 = ORIENTED_EDGE('',*,*,#17102,.T.);
#17102 = EDGE_CURVE('',#17095,#14540,#17103,.T.);
#17103 = LINE('',#17104,#17105);
#17104 = CARTESIAN_POINT('',(-1.016,1.27,0.381));
#17105 = VECTOR('',#17106,1.);
#17106 = DIRECTION('',(0.,1.,0.));
#17107 = PLANE('',#17108);
#17108 = AXIS2_PLACEMENT_3D('',#17109,#17110,#17111);
#17109 = CARTESIAN_POINT('',(-1.016,1.27,0.381));
#17110 = DIRECTION('',(0.,0.,-1.));
#17111 = DIRECTION('',(-1.,0.,0.));
#17112 = ADVANCED_FACE('',(#17113),#17131,.F.);
#17113 = FACE_BOUND('',#17114,.T.);
#17114 = EDGE_LOOP('',(#17115,#17116,#17124,#17130));
#17115 = ORIENTED_EDGE('',*,*,#14570,.T.);
#17116 = ORIENTED_EDGE('',*,*,#17117,.F.);
#17117 = EDGE_CURVE('',#17118,#14563,#17120,.T.);
#17118 = VERTEX_POINT('',#17119);
#17119 = CARTESIAN_POINT('',(-1.524,1.27,0.889));
#17120 = LINE('',#17121,#17122);
#17121 = CARTESIAN_POINT('',(-1.524,1.27,0.889));
#17122 = VECTOR('',#17123,1.);
#17123 = DIRECTION('',(0.,1.,0.));
#17124 = ORIENTED_EDGE('',*,*,#17125,.F.);
#17125 = EDGE_CURVE('',#17087,#17118,#17126,.T.);
#17126 = LINE('',#17127,#17128);
#17127 = CARTESIAN_POINT('',(-1.524,1.27,0.381));
#17128 = VECTOR('',#17129,1.);
#17129 = DIRECTION('',(0.,0.,1.));
#17130 = ORIENTED_EDGE('',*,*,#17086,.T.);
#17131 = PLANE('',#17132);
#17132 = AXIS2_PLACEMENT_3D('',#17133,#17134,#17135);
#17133 = CARTESIAN_POINT('',(-1.524,1.27,0.381));
#17134 = DIRECTION('',(-1.,0.,0.));
#17135 = DIRECTION('',(0.,0.,1.));
#17136 = ADVANCED_FACE('',(#17137),#17155,.F.);
#17137 = FACE_BOUND('',#17138,.T.);
#17138 = EDGE_LOOP('',(#17139,#17140,#17148,#17154));
#17139 = ORIENTED_EDGE('',*,*,#14594,.T.);
#17140 = ORIENTED_EDGE('',*,*,#17141,.F.);
#17141 = EDGE_CURVE('',#17142,#14587,#17144,.T.);
#17142 = VERTEX_POINT('',#17143);
#17143 = CARTESIAN_POINT('',(-1.016,1.27,0.889));
#17144 = LINE('',#17145,#17146);
#17145 = CARTESIAN_POINT('',(-1.016,1.27,0.889));
#17146 = VECTOR('',#17147,1.);
#17147 = DIRECTION('',(0.,1.,0.));
#17148 = ORIENTED_EDGE('',*,*,#17149,.F.);
#17149 = EDGE_CURVE('',#17118,#17142,#17150,.T.);
#17150 = LINE('',#17151,#17152);
#17151 = CARTESIAN_POINT('',(-1.524,1.27,0.889));
#17152 = VECTOR('',#17153,1.);
#17153 = DIRECTION('',(1.,0.,0.));
#17154 = ORIENTED_EDGE('',*,*,#17117,.T.);
#17155 = PLANE('',#17156);
#17156 = AXIS2_PLACEMENT_3D('',#17157,#17158,#17159);
#17157 = CARTESIAN_POINT('',(-1.524,1.27,0.889));
#17158 = DIRECTION('',(0.,0.,1.));
#17159 = DIRECTION('',(1.,0.,-0.));
#17160 = ADVANCED_FACE('',(#17161),#17172,.F.);
#17161 = FACE_BOUND('',#17162,.T.);
#17162 = EDGE_LOOP('',(#17163,#17164,#17165,#17171));
#17163 = ORIENTED_EDGE('',*,*,#14611,.T.);
#17164 = ORIENTED_EDGE('',*,*,#17102,.F.);
#17165 = ORIENTED_EDGE('',*,*,#17166,.F.);
#17166 = EDGE_CURVE('',#17142,#17095,#17167,.T.);
#17167 = LINE('',#17168,#17169);
#17168 = CARTESIAN_POINT('',(-1.016,1.27,0.889));
#17169 = VECTOR('',#17170,1.);
#17170 = DIRECTION('',(0.,0.,-1.));
#17171 = ORIENTED_EDGE('',*,*,#17141,.T.);
#17172 = PLANE('',#17173);
#17173 = AXIS2_PLACEMENT_3D('',#17174,#17175,#17176);
#17174 = CARTESIAN_POINT('',(-1.016,1.27,0.889));
#17175 = DIRECTION('',(1.,0.,0.));
#17176 = DIRECTION('',(0.,0.,-1.));
#17177 = ADVANCED_FACE('',(#17178),#17184,.T.);
#17178 = FACE_BOUND('',#17179,.T.);
#17179 = EDGE_LOOP('',(#17180,#17181,#17182,#17183));
#17180 = ORIENTED_EDGE('',*,*,#17094,.T.);
#17181 = ORIENTED_EDGE('',*,*,#17125,.T.);
#17182 = ORIENTED_EDGE('',*,*,#17149,.T.);
#17183 = ORIENTED_EDGE('',*,*,#17166,.T.);
#17184 = PLANE('',#17185);
#17185 = AXIS2_PLACEMENT_3D('',#17186,#17187,#17188);
#17186 = CARTESIAN_POINT('',(1.27,1.27,0.));
#17187 = DIRECTION('',(0.,1.,0.));
#17188 = DIRECTION('',(0.,-0.,1.));
#17189 = ( GEOMETRIC_REPRESENTATION_CONTEXT(3) 
GLOBAL_UNCERTAINTY_ASSIGNED_CONTEXT((#17193)) 
GLOBAL_UNIT_ASSIGNED_CONTEXT((#17190,#17191,#17192)) 
REPRESENTATION_CONTEXT('Context #1',
  '3D Context with UNIT and UNCERTAINTY') );
#17190 = ( LENGTH_UNIT() NAMED_UNIT(*) SI_UNIT(.MILLI.,.METRE.) );
#17191 = ( NAMED_UNIT(*) PLANE_ANGLE_UNIT() SI_UNIT($,.RADIAN.) );
#17192 = ( NAMED_UNIT(*) SI_UNIT($,.STERADIAN.) SOLID_ANGLE_UNIT() );
#17193 = UNCERTAINTY_MEASURE_WITH_UNIT(LENGTH_MEASURE(1.E-07),#17190,
  'distance_accuracy_value','confusion accuracy');
#17194 = CONTEXT_DEPENDENT_SHAPE_REPRESENTATION(#17195,#17197);
#17195 = ( REPRESENTATION_RELATIONSHIP('','',#13826,#13799) 
REPRESENTATION_RELATIONSHIP_WITH_TRANSFORMATION(#17196) 
SHAPE_REPRESENTATION_RELATIONSHIP() );
#17196 = ITEM_DEFINED_TRANSFORMATION('','',#11,#13800);
#17197 = PRODUCT_DEFINITION_SHAPE('Placement','Placement of an item',
  #17198);
#17198 = NEXT_ASSEMBLY_USAGE_OCCURRENCE('27','SFMC-105-01_socket','',
  #13794,#13821,$);
#17199 = PRODUCT_RELATED_PRODUCT_CATEGORY('part',$,(#13823));
#17200 = SHAPE_DEFINITION_REPRESENTATION(#17201,#17207);
#17201 = PRODUCT_DEFINITION_SHAPE('','',#17202);
#17202 = PRODUCT_DEFINITION('design','',#17203,#17206);
#17203 = PRODUCT_DEFINITION_FORMATION('','',#17204);
#17204 = PRODUCT('C-05-01_spins','C-05-01_spins','',(#17205));
#17205 = PRODUCT_CONTEXT('',#2,'mechanical');
#17206 = PRODUCT_DEFINITION_CONTEXT('part definition',#2,'design');
#17207 = ADVANCED_BREP_SHAPE_REPRESENTATION('',(#11,#17208),#18738);
#17208 = MANIFOLD_SOLID_BREP('',#17209);
#17209 = CLOSED_SHELL('',(#17210,#17250,#17290,#17330,#17370,#17410,
    #17487,#17518,#17586,#17598,#17622,#17646,#17670,#17694,#17734,
    #17765,#17796,#17836,#17867,#17898,#17938,#17969,#18000,#18040,
    #18071,#18102,#18142,#18173,#18204,#18244,#18275,#18306,#18330,
    #18354,#18371,#18395,#18419,#18436,#18453,#18470,#18492,#18514,
    #18536,#18558,#18580,#18602,#18666,#18678,#18690,#18702,#18714,
    #18726));
#17210 = ADVANCED_FACE('',(#17211),#17245,.F.);
#17211 = FACE_BOUND('',#17212,.T.);
#17212 = EDGE_LOOP('',(#17213,#17223,#17231,#17239));
#17213 = ORIENTED_EDGE('',*,*,#17214,.F.);
#17214 = EDGE_CURVE('',#17215,#17217,#17219,.T.);
#17215 = VERTEX_POINT('',#17216);
#17216 = CARTESIAN_POINT('',(-2.286,-3.048,0.5715));
#17217 = VERTEX_POINT('',#17218);
#17218 = CARTESIAN_POINT('',(-2.794,-3.048,0.5715));
#17219 = LINE('',#17220,#17221);
#17220 = CARTESIAN_POINT('',(0.,-3.048,0.5715));
#17221 = VECTOR('',#17222,1.);
#17222 = DIRECTION('',(-1.,0.,0.));
#17223 = ORIENTED_EDGE('',*,*,#17224,.F.);
#17224 = EDGE_CURVE('',#17225,#17215,#17227,.T.);
#17225 = VERTEX_POINT('',#17226);
#17226 = CARTESIAN_POINT('',(-2.286,-3.048,0.6985));
#17227 = LINE('',#17228,#17229);
#17228 = CARTESIAN_POINT('',(-2.286,-3.048,0.));
#17229 = VECTOR('',#17230,1.);
#17230 = DIRECTION('',(0.,0.,-1.));
#17231 = ORIENTED_EDGE('',*,*,#17232,.F.);
#17232 = EDGE_CURVE('',#17233,#17225,#17235,.T.);
#17233 = VERTEX_POINT('',#17234);
#17234 = CARTESIAN_POINT('',(-2.794,-3.048,0.6985));
#17235 = LINE('',#17236,#17237);
#17236 = CARTESIAN_POINT('',(0.,-3.048,0.6985));
#17237 = VECTOR('',#17238,1.);
#17238 = DIRECTION('',(1.,0.,0.));
#17239 = ORIENTED_EDGE('',*,*,#17240,.F.);
#17240 = EDGE_CURVE('',#17217,#17233,#17241,.T.);
#17241 = LINE('',#17242,#17243);
#17242 = CARTESIAN_POINT('',(-2.794,-3.048,-0.889));
#17243 = VECTOR('',#17244,1.);
#17244 = DIRECTION('',(0.,0.,1.));
#17245 = PLANE('',#17246);
#17246 = AXIS2_PLACEMENT_3D('',#17247,#17248,#17249);
#17247 = CARTESIAN_POINT('',(0.,-3.048,0.));
#17248 = DIRECTION('',(0.,1.,0.));
#17249 = DIRECTION('',(0.,-0.,1.));
#17250 = ADVANCED_FACE('',(#17251),#17285,.F.);
#17251 = FACE_BOUND('',#17252,.T.);
#17252 = EDGE_LOOP('',(#17253,#17263,#17271,#17279));
#17253 = ORIENTED_EDGE('',*,*,#17254,.F.);
#17254 = EDGE_CURVE('',#17255,#17257,#17259,.T.);
#17255 = VERTEX_POINT('',#17256);
#17256 = CARTESIAN_POINT('',(-2.286,-3.048,-0.6985));
#17257 = VERTEX_POINT('',#17258);
#17258 = CARTESIAN_POINT('',(-2.794,-3.048,-0.6985));
#17259 = LINE('',#17260,#17261);
#17260 = CARTESIAN_POINT('',(0.,-3.048,-0.6985));
#17261 = VECTOR('',#17262,1.);
#17262 = DIRECTION('',(-1.,0.,0.));
#17263 = ORIENTED_EDGE('',*,*,#17264,.F.);
#17264 = EDGE_CURVE('',#17265,#17255,#17267,.T.);
#17265 = VERTEX_POINT('',#17266);
#17266 = CARTESIAN_POINT('',(-2.286,-3.048,-0.5715));
#17267 = LINE('',#17268,#17269);
#17268 = CARTESIAN_POINT('',(-2.286,-3.048,0.));
#17269 = VECTOR('',#17270,1.);
#17270 = DIRECTION('',(0.,0.,-1.));
#17271 = ORIENTED_EDGE('',*,*,#17272,.F.);
#17272 = EDGE_CURVE('',#17273,#17265,#17275,.T.);
#17273 = VERTEX_POINT('',#17274);
#17274 = CARTESIAN_POINT('',(-2.794,-3.048,-0.5715));
#17275 = LINE('',#17276,#17277);
#17276 = CARTESIAN_POINT('',(0.,-3.048,-0.5715));
#17277 = VECTOR('',#17278,1.);
#17278 = DIRECTION('',(1.,0.,0.));
#17279 = ORIENTED_EDGE('',*,*,#17280,.F.);
#17280 = EDGE_CURVE('',#17257,#17273,#17281,.T.);
#17281 = LINE('',#17282,#17283);
#17282 = CARTESIAN_POINT('',(-2.794,-3.048,-0.889));
#17283 = VECTOR('',#17284,1.);
#17284 = DIRECTION('',(0.,0.,1.));
#17285 = PLANE('',#17286);
#17286 = AXIS2_PLACEMENT_3D('',#17287,#17288,#17289);
#17287 = CARTESIAN_POINT('',(0.,-3.048,0.));
#17288 = DIRECTION('',(0.,1.,0.));
#17289 = DIRECTION('',(0.,-0.,1.));
#17290 = ADVANCED_FACE('',(#17291),#17325,.F.);
#17291 = FACE_BOUND('',#17292,.T.);
#17292 = EDGE_LOOP('',(#17293,#17303,#17311,#17319));
#17293 = ORIENTED_EDGE('',*,*,#17294,.F.);
#17294 = EDGE_CURVE('',#17295,#17297,#17299,.T.);
#17295 = VERTEX_POINT('',#17296);
#17296 = CARTESIAN_POINT('',(2.794,-3.048,0.5715));
#17297 = VERTEX_POINT('',#17298);
#17298 = CARTESIAN_POINT('',(2.286,-3.048,0.5715));
#17299 = LINE('',#17300,#17301);
#17300 = CARTESIAN_POINT('',(0.,-3.048,0.5715));
#17301 = VECTOR('',#17302,1.);
#17302 = DIRECTION('',(-1.,0.,0.));
#17303 = ORIENTED_EDGE('',*,*,#17304,.F.);
#17304 = EDGE_CURVE('',#17305,#17295,#17307,.T.);
#17305 = VERTEX_POINT('',#17306);
#17306 = CARTESIAN_POINT('',(2.794,-3.048,0.6985));
#17307 = LINE('',#17308,#17309);
#17308 = CARTESIAN_POINT('',(2.794,-3.048,0.889));
#17309 = VECTOR('',#17310,1.);
#17310 = DIRECTION('',(0.,0.,-1.));
#17311 = ORIENTED_EDGE('',*,*,#17312,.F.);
#17312 = EDGE_CURVE('',#17313,#17305,#17315,.T.);
#17313 = VERTEX_POINT('',#17314);
#17314 = CARTESIAN_POINT('',(2.286,-3.048,0.6985));
#17315 = LINE('',#17316,#17317);
#17316 = CARTESIAN_POINT('',(0.,-3.048,0.6985));
#17317 = VECTOR('',#17318,1.);
#17318 = DIRECTION('',(1.,0.,0.));
#17319 = ORIENTED_EDGE('',*,*,#17320,.F.);
#17320 = EDGE_CURVE('',#17297,#17313,#17321,.T.);
#17321 = LINE('',#17322,#17323);
#17322 = CARTESIAN_POINT('',(2.286,-3.048,0.));
#17323 = VECTOR('',#17324,1.);
#17324 = DIRECTION('',(0.,0.,1.));
#17325 = PLANE('',#17326);
#17326 = AXIS2_PLACEMENT_3D('',#17327,#17328,#17329);
#17327 = CARTESIAN_POINT('',(0.,-3.048,0.));
#17328 = DIRECTION('',(0.,1.,0.));
#17329 = DIRECTION('',(0.,-0.,1.));
#17330 = ADVANCED_FACE('',(#17331),#17365,.F.);
#17331 = FACE_BOUND('',#17332,.T.);
#17332 = EDGE_LOOP('',(#17333,#17343,#17351,#17359));
#17333 = ORIENTED_EDGE('',*,*,#17334,.F.);
#17334 = EDGE_CURVE('',#17335,#17337,#17339,.T.);
#17335 = VERTEX_POINT('',#17336);
#17336 = CARTESIAN_POINT('',(2.794,-3.048,-0.6985));
#17337 = VERTEX_POINT('',#17338);
#17338 = CARTESIAN_POINT('',(2.286,-3.048,-0.6985));
#17339 = LINE('',#17340,#17341);
#17340 = CARTESIAN_POINT('',(0.,-3.048,-0.6985));
#17341 = VECTOR('',#17342,1.);
#17342 = DIRECTION('',(-1.,0.,0.));
#17343 = ORIENTED_EDGE('',*,*,#17344,.F.);
#17344 = EDGE_CURVE('',#17345,#17335,#17347,.T.);
#17345 = VERTEX_POINT('',#17346);
#17346 = CARTESIAN_POINT('',(2.794,-3.048,-0.5715));
#17347 = LINE('',#17348,#17349);
#17348 = CARTESIAN_POINT('',(2.794,-3.048,0.889));
#17349 = VECTOR('',#17350,1.);
#17350 = DIRECTION('',(0.,0.,-1.));
#17351 = ORIENTED_EDGE('',*,*,#17352,.F.);
#17352 = EDGE_CURVE('',#17353,#17345,#17355,.T.);
#17353 = VERTEX_POINT('',#17354);
#17354 = CARTESIAN_POINT('',(2.286,-3.048,-0.5715));
#17355 = LINE('',#17356,#17357);
#17356 = CARTESIAN_POINT('',(0.,-3.048,-0.5715));
#17357 = VECTOR('',#17358,1.);
#17358 = DIRECTION('',(1.,0.,0.));
#17359 = ORIENTED_EDGE('',*,*,#17360,.F.);
#17360 = EDGE_CURVE('',#17337,#17353,#17361,.T.);
#17361 = LINE('',#17362,#17363);
#17362 = CARTESIAN_POINT('',(2.286,-3.048,0.));
#17363 = VECTOR('',#17364,1.);
#17364 = DIRECTION('',(0.,0.,1.));
#17365 = PLANE('',#17366);
#17366 = AXIS2_PLACEMENT_3D('',#17367,#17368,#17369);
#17367 = CARTESIAN_POINT('',(0.,-3.048,0.));
#17368 = DIRECTION('',(0.,1.,0.));
#17369 = DIRECTION('',(0.,-0.,1.));
#17370 = ADVANCED_FACE('',(#17371),#17405,.T.);
#17371 = FACE_BOUND('',#17372,.T.);
#17372 = EDGE_LOOP('',(#17373,#17383,#17391,#17399));
#17373 = ORIENTED_EDGE('',*,*,#17374,.F.);
#17374 = EDGE_CURVE('',#17375,#17377,#17379,.T.);
#17375 = VERTEX_POINT('',#17376);
#17376 = CARTESIAN_POINT('',(-2.794,0.635,-0.889));
#17377 = VERTEX_POINT('',#17378);
#17378 = CARTESIAN_POINT('',(2.794,0.635,-0.889));
#17379 = LINE('',#17380,#17381);
#17380 = CARTESIAN_POINT('',(2.794,0.635,-0.889));
#17381 = VECTOR('',#17382,1.);
#17382 = DIRECTION('',(1.,0.,0.));
#17383 = ORIENTED_EDGE('',*,*,#17384,.T.);
#17384 = EDGE_CURVE('',#17375,#17385,#17387,.T.);
#17385 = VERTEX_POINT('',#17386);
#17386 = CARTESIAN_POINT('',(-2.794,0.762,-0.889));
#17387 = LINE('',#17388,#17389);
#17388 = CARTESIAN_POINT('',(-2.794,-3.048,-0.889));
#17389 = VECTOR('',#17390,1.);
#17390 = DIRECTION('',(0.,1.,0.));
#17391 = ORIENTED_EDGE('',*,*,#17392,.F.);
#17392 = EDGE_CURVE('',#17393,#17385,#17395,.T.);
#17393 = VERTEX_POINT('',#17394);
#17394 = CARTESIAN_POINT('',(2.794,0.762,-0.889));
#17395 = LINE('',#17396,#17397);
#17396 = CARTESIAN_POINT('',(2.794,0.762,-0.889));
#17397 = VECTOR('',#17398,1.);
#17398 = DIRECTION('',(-1.,0.,0.));
#17399 = ORIENTED_EDGE('',*,*,#17400,.F.);
#17400 = EDGE_CURVE('',#17377,#17393,#17401,.T.);
#17401 = LINE('',#17402,#17403);
#17402 = CARTESIAN_POINT('',(2.794,-3.048,-0.889));
#17403 = VECTOR('',#17404,1.);
#17404 = DIRECTION('',(0.,1.,0.));
#17405 = PLANE('',#17406);
#17406 = AXIS2_PLACEMENT_3D('',#17407,#17408,#17409);
#17407 = CARTESIAN_POINT('',(2.794,-3.048,-0.889));
#17408 = DIRECTION('',(0.,0.,-1.));
#17409 = DIRECTION('',(-1.,0.,0.));
#17410 = ADVANCED_FACE('',(#17411),#17482,.T.);
#17411 = FACE_BOUND('',#17412,.T.);
#17412 = EDGE_LOOP('',(#17413,#17423,#17431,#17437,#17438,#17446,#17452,
    #17453,#17461,#17469,#17475,#17476));
#17413 = ORIENTED_EDGE('',*,*,#17414,.F.);
#17414 = EDGE_CURVE('',#17415,#17417,#17419,.T.);
#17415 = VERTEX_POINT('',#17416);
#17416 = CARTESIAN_POINT('',(-2.794,0.635,0.889));
#17417 = VERTEX_POINT('',#17418);
#17418 = CARTESIAN_POINT('',(-2.794,0.635,0.6985));
#17419 = LINE('',#17420,#17421);
#17420 = CARTESIAN_POINT('',(-2.794,0.635,-0.889));
#17421 = VECTOR('',#17422,1.);
#17422 = DIRECTION('',(0.,0.,-1.));
#17423 = ORIENTED_EDGE('',*,*,#17424,.T.);
#17424 = EDGE_CURVE('',#17415,#17425,#17427,.T.);
#17425 = VERTEX_POINT('',#17426);
#17426 = CARTESIAN_POINT('',(-2.794,0.762,0.889));
#17427 = LINE('',#17428,#17429);
#17428 = CARTESIAN_POINT('',(-2.794,-3.048,0.889));
#17429 = VECTOR('',#17430,1.);
#17430 = DIRECTION('',(0.,1.,0.));
#17431 = ORIENTED_EDGE('',*,*,#17432,.F.);
#17432 = EDGE_CURVE('',#17385,#17425,#17433,.T.);
#17433 = LINE('',#17434,#17435);
#17434 = CARTESIAN_POINT('',(-2.794,0.762,-0.889));
#17435 = VECTOR('',#17436,1.);
#17436 = DIRECTION('',(0.,0.,1.));
#17437 = ORIENTED_EDGE('',*,*,#17384,.F.);
#17438 = ORIENTED_EDGE('',*,*,#17439,.F.);
#17439 = EDGE_CURVE('',#17440,#17375,#17442,.T.);
#17440 = VERTEX_POINT('',#17441);
#17441 = CARTESIAN_POINT('',(-2.794,0.635,-0.6985));
#17442 = LINE('',#17443,#17444);
#17443 = CARTESIAN_POINT('',(-2.794,0.635,-0.889));
#17444 = VECTOR('',#17445,1.);
#17445 = DIRECTION('',(0.,0.,-1.));
#17446 = ORIENTED_EDGE('',*,*,#17447,.F.);
#17447 = EDGE_CURVE('',#17257,#17440,#17448,.T.);
#17448 = LINE('',#17449,#17450);
#17449 = CARTESIAN_POINT('',(-2.794,-3.175,-0.6985));
#17450 = VECTOR('',#17451,1.);
#17451 = DIRECTION('',(0.,1.,0.));
#17452 = ORIENTED_EDGE('',*,*,#17280,.T.);
#17453 = ORIENTED_EDGE('',*,*,#17454,.T.);
#17454 = EDGE_CURVE('',#17273,#17455,#17457,.T.);
#17455 = VERTEX_POINT('',#17456);
#17456 = CARTESIAN_POINT('',(-2.794,0.635,-0.5715));
#17457 = LINE('',#17458,#17459);
#17458 = CARTESIAN_POINT('',(-2.794,-3.175,-0.5715));
#17459 = VECTOR('',#17460,1.);
#17460 = DIRECTION('',(0.,1.,0.));
#17461 = ORIENTED_EDGE('',*,*,#17462,.F.);
#17462 = EDGE_CURVE('',#17463,#17455,#17465,.T.);
#17463 = VERTEX_POINT('',#17464);
#17464 = CARTESIAN_POINT('',(-2.794,0.635,0.5715));
#17465 = LINE('',#17466,#17467);
#17466 = CARTESIAN_POINT('',(-2.794,0.635,-0.889));
#17467 = VECTOR('',#17468,1.);
#17468 = DIRECTION('',(0.,0.,-1.));
#17469 = ORIENTED_EDGE('',*,*,#17470,.F.);
#17470 = EDGE_CURVE('',#17217,#17463,#17471,.T.);
#17471 = LINE('',#17472,#17473);
#17472 = CARTESIAN_POINT('',(-2.794,-3.175,0.5715));
#17473 = VECTOR('',#17474,1.);
#17474 = DIRECTION('',(0.,1.,0.));
#17475 = ORIENTED_EDGE('',*,*,#17240,.T.);
#17476 = ORIENTED_EDGE('',*,*,#17477,.T.);
#17477 = EDGE_CURVE('',#17233,#17417,#17478,.T.);
#17478 = LINE('',#17479,#17480);
#17479 = CARTESIAN_POINT('',(-2.794,-3.175,0.6985));
#17480 = VECTOR('',#17481,1.);
#17481 = DIRECTION('',(0.,1.,0.));
#17482 = PLANE('',#17483);
#17483 = AXIS2_PLACEMENT_3D('',#17484,#17485,#17486);
#17484 = CARTESIAN_POINT('',(-2.794,-3.048,-0.889));
#17485 = DIRECTION('',(-1.,0.,0.));
#17486 = DIRECTION('',(0.,0.,1.));
#17487 = ADVANCED_FACE('',(#17488),#17513,.T.);
#17488 = FACE_BOUND('',#17489,.T.);
#17489 = EDGE_LOOP('',(#17490,#17498,#17506,#17512));
#17490 = ORIENTED_EDGE('',*,*,#17491,.F.);
#17491 = EDGE_CURVE('',#17492,#17415,#17494,.T.);
#17492 = VERTEX_POINT('',#17493);
#17493 = CARTESIAN_POINT('',(2.794,0.635,0.889));
#17494 = LINE('',#17495,#17496);
#17495 = CARTESIAN_POINT('',(-2.794,0.635,0.889));
#17496 = VECTOR('',#17497,1.);
#17497 = DIRECTION('',(-1.,0.,0.));
#17498 = ORIENTED_EDGE('',*,*,#17499,.T.);
#17499 = EDGE_CURVE('',#17492,#17500,#17502,.T.);
#17500 = VERTEX_POINT('',#17501);
#17501 = CARTESIAN_POINT('',(2.794,0.762,0.889));
#17502 = LINE('',#17503,#17504);
#17503 = CARTESIAN_POINT('',(2.794,-3.048,0.889));
#17504 = VECTOR('',#17505,1.);
#17505 = DIRECTION('',(0.,1.,0.));
#17506 = ORIENTED_EDGE('',*,*,#17507,.F.);
#17507 = EDGE_CURVE('',#17425,#17500,#17508,.T.);
#17508 = LINE('',#17509,#17510);
#17509 = CARTESIAN_POINT('',(-2.794,0.762,0.889));
#17510 = VECTOR('',#17511,1.);
#17511 = DIRECTION('',(1.,0.,0.));
#17512 = ORIENTED_EDGE('',*,*,#17424,.F.);
#17513 = PLANE('',#17514);
#17514 = AXIS2_PLACEMENT_3D('',#17515,#17516,#17517);
#17515 = CARTESIAN_POINT('',(-2.794,-3.048,0.889));
#17516 = DIRECTION('',(0.,0.,1.));
#17517 = DIRECTION('',(1.,0.,-0.));
#17518 = ADVANCED_FACE('',(#17519),#17581,.T.);
#17519 = FACE_BOUND('',#17520,.T.);
#17520 = EDGE_LOOP('',(#17521,#17529,#17530,#17536,#17537,#17545,#17551,
    #17552,#17560,#17568,#17574,#17575));
#17521 = ORIENTED_EDGE('',*,*,#17522,.F.);
#17522 = EDGE_CURVE('',#17377,#17523,#17525,.T.);
#17523 = VERTEX_POINT('',#17524);
#17524 = CARTESIAN_POINT('',(2.794,0.635,-0.6985));
#17525 = LINE('',#17526,#17527);
#17526 = CARTESIAN_POINT('',(2.794,0.635,0.889));
#17527 = VECTOR('',#17528,1.);
#17528 = DIRECTION('',(0.,0.,1.));
#17529 = ORIENTED_EDGE('',*,*,#17400,.T.);
#17530 = ORIENTED_EDGE('',*,*,#17531,.F.);
#17531 = EDGE_CURVE('',#17500,#17393,#17532,.T.);
#17532 = LINE('',#17533,#17534);
#17533 = CARTESIAN_POINT('',(2.794,0.762,0.889));
#17534 = VECTOR('',#17535,1.);
#17535 = DIRECTION('',(0.,0.,-1.));
#17536 = ORIENTED_EDGE('',*,*,#17499,.F.);
#17537 = ORIENTED_EDGE('',*,*,#17538,.F.);
#17538 = EDGE_CURVE('',#17539,#17492,#17541,.T.);
#17539 = VERTEX_POINT('',#17540);
#17540 = CARTESIAN_POINT('',(2.794,0.635,0.6985));
#17541 = LINE('',#17542,#17543);
#17542 = CARTESIAN_POINT('',(2.794,0.635,0.889));
#17543 = VECTOR('',#17544,1.);
#17544 = DIRECTION('',(0.,0.,1.));
#17545 = ORIENTED_EDGE('',*,*,#17546,.F.);
#17546 = EDGE_CURVE('',#17305,#17539,#17547,.T.);
#17547 = LINE('',#17548,#17549);
#17548 = CARTESIAN_POINT('',(2.794,-3.175,0.6985));
#17549 = VECTOR('',#17550,1.);
#17550 = DIRECTION('',(0.,1.,0.));
#17551 = ORIENTED_EDGE('',*,*,#17304,.T.);
#17552 = ORIENTED_EDGE('',*,*,#17553,.T.);
#17553 = EDGE_CURVE('',#17295,#17554,#17556,.T.);
#17554 = VERTEX_POINT('',#17555);
#17555 = CARTESIAN_POINT('',(2.794,0.635,0.5715));
#17556 = LINE('',#17557,#17558);
#17557 = CARTESIAN_POINT('',(2.794,-3.175,0.5715));
#17558 = VECTOR('',#17559,1.);
#17559 = DIRECTION('',(0.,1.,0.));
#17560 = ORIENTED_EDGE('',*,*,#17561,.F.);
#17561 = EDGE_CURVE('',#17562,#17554,#17564,.T.);
#17562 = VERTEX_POINT('',#17563);
#17563 = CARTESIAN_POINT('',(2.794,0.635,-0.5715));
#17564 = LINE('',#17565,#17566);
#17565 = CARTESIAN_POINT('',(2.794,0.635,0.889));
#17566 = VECTOR('',#17567,1.);
#17567 = DIRECTION('',(0.,0.,1.));
#17568 = ORIENTED_EDGE('',*,*,#17569,.F.);
#17569 = EDGE_CURVE('',#17345,#17562,#17570,.T.);
#17570 = LINE('',#17571,#17572);
#17571 = CARTESIAN_POINT('',(2.794,-3.175,-0.5715));
#17572 = VECTOR('',#17573,1.);
#17573 = DIRECTION('',(0.,1.,0.));
#17574 = ORIENTED_EDGE('',*,*,#17344,.T.);
#17575 = ORIENTED_EDGE('',*,*,#17576,.T.);
#17576 = EDGE_CURVE('',#17335,#17523,#17577,.T.);
#17577 = LINE('',#17578,#17579);
#17578 = CARTESIAN_POINT('',(2.794,-3.175,-0.6985));
#17579 = VECTOR('',#17580,1.);
#17580 = DIRECTION('',(0.,1.,0.));
#17581 = PLANE('',#17582);
#17582 = AXIS2_PLACEMENT_3D('',#17583,#17584,#17585);
#17583 = CARTESIAN_POINT('',(2.794,-3.048,0.889));
#17584 = DIRECTION('',(1.,0.,0.));
#17585 = DIRECTION('',(0.,0.,-1.));
#17586 = ADVANCED_FACE('',(#17587),#17593,.T.);
#17587 = FACE_BOUND('',#17588,.T.);
#17588 = EDGE_LOOP('',(#17589,#17590,#17591,#17592));
#17589 = ORIENTED_EDGE('',*,*,#17392,.T.);
#17590 = ORIENTED_EDGE('',*,*,#17432,.T.);
#17591 = ORIENTED_EDGE('',*,*,#17507,.T.);
#17592 = ORIENTED_EDGE('',*,*,#17531,.T.);
#17593 = PLANE('',#17594);
#17594 = AXIS2_PLACEMENT_3D('',#17595,#17596,#17597);
#17595 = CARTESIAN_POINT('',(0.,0.762,0.));
#17596 = DIRECTION('',(0.,1.,0.));
#17597 = DIRECTION('',(0.,-0.,1.));
#17598 = ADVANCED_FACE('',(#17599),#17617,.T.);
#17599 = FACE_BOUND('',#17600,.T.);
#17600 = EDGE_LOOP('',(#17601,#17602,#17610,#17616));
#17601 = ORIENTED_EDGE('',*,*,#17294,.T.);
#17602 = ORIENTED_EDGE('',*,*,#17603,.T.);
#17603 = EDGE_CURVE('',#17297,#17604,#17606,.T.);
#17604 = VERTEX_POINT('',#17605);
#17605 = CARTESIAN_POINT('',(2.286,0.635,0.5715));
#17606 = LINE('',#17607,#17608);
#17607 = CARTESIAN_POINT('',(2.286,-3.175,0.5715));
#17608 = VECTOR('',#17609,1.);
#17609 = DIRECTION('',(0.,1.,0.));
#17610 = ORIENTED_EDGE('',*,*,#17611,.F.);
#17611 = EDGE_CURVE('',#17554,#17604,#17612,.T.);
#17612 = LINE('',#17613,#17614);
#17613 = CARTESIAN_POINT('',(2.794,0.635,0.5715));
#17614 = VECTOR('',#17615,1.);
#17615 = DIRECTION('',(-1.,0.,0.));
#17616 = ORIENTED_EDGE('',*,*,#17553,.F.);
#17617 = PLANE('',#17618);
#17618 = AXIS2_PLACEMENT_3D('',#17619,#17620,#17621);
#17619 = CARTESIAN_POINT('',(2.794,-3.175,0.5715));
#17620 = DIRECTION('',(0.,0.,-1.));
#17621 = DIRECTION('',(-1.,0.,0.));
#17622 = ADVANCED_FACE('',(#17623),#17641,.T.);
#17623 = FACE_BOUND('',#17624,.T.);
#17624 = EDGE_LOOP('',(#17625,#17626,#17627,#17635));
#17625 = ORIENTED_EDGE('',*,*,#17312,.T.);
#17626 = ORIENTED_EDGE('',*,*,#17546,.T.);
#17627 = ORIENTED_EDGE('',*,*,#17628,.F.);
#17628 = EDGE_CURVE('',#17629,#17539,#17631,.T.);
#17629 = VERTEX_POINT('',#17630);
#17630 = CARTESIAN_POINT('',(2.286,0.635,0.6985));
#17631 = LINE('',#17632,#17633);
#17632 = CARTESIAN_POINT('',(2.286,0.635,0.6985));
#17633 = VECTOR('',#17634,1.);
#17634 = DIRECTION('',(1.,0.,0.));
#17635 = ORIENTED_EDGE('',*,*,#17636,.F.);
#17636 = EDGE_CURVE('',#17313,#17629,#17637,.T.);
#17637 = LINE('',#17638,#17639);
#17638 = CARTESIAN_POINT('',(2.286,-3.175,0.6985));
#17639 = VECTOR('',#17640,1.);
#17640 = DIRECTION('',(0.,1.,0.));
#17641 = PLANE('',#17642);
#17642 = AXIS2_PLACEMENT_3D('',#17643,#17644,#17645);
#17643 = CARTESIAN_POINT('',(2.286,-3.175,0.6985));
#17644 = DIRECTION('',(0.,0.,1.));
#17645 = DIRECTION('',(1.,0.,-0.));
#17646 = ADVANCED_FACE('',(#17647),#17665,.T.);
#17647 = FACE_BOUND('',#17648,.T.);
#17648 = EDGE_LOOP('',(#17649,#17650,#17658,#17664));
#17649 = ORIENTED_EDGE('',*,*,#17334,.T.);
#17650 = ORIENTED_EDGE('',*,*,#17651,.T.);
#17651 = EDGE_CURVE('',#17337,#17652,#17654,.T.);
#17652 = VERTEX_POINT('',#17653);
#17653 = CARTESIAN_POINT('',(2.286,0.635,-0.6985));
#17654 = LINE('',#17655,#17656);
#17655 = CARTESIAN_POINT('',(2.286,-3.175,-0.6985));
#17656 = VECTOR('',#17657,1.);
#17657 = DIRECTION('',(0.,1.,0.));
#17658 = ORIENTED_EDGE('',*,*,#17659,.F.);
#17659 = EDGE_CURVE('',#17523,#17652,#17660,.T.);
#17660 = LINE('',#17661,#17662);
#17661 = CARTESIAN_POINT('',(2.794,0.635,-0.6985));
#17662 = VECTOR('',#17663,1.);
#17663 = DIRECTION('',(-1.,0.,0.));
#17664 = ORIENTED_EDGE('',*,*,#17576,.F.);
#17665 = PLANE('',#17666);
#17666 = AXIS2_PLACEMENT_3D('',#17667,#17668,#17669);
#17667 = CARTESIAN_POINT('',(2.794,-3.175,-0.6985));
#17668 = DIRECTION('',(0.,0.,-1.));
#17669 = DIRECTION('',(-1.,0.,0.));
#17670 = ADVANCED_FACE('',(#17671),#17689,.T.);
#17671 = FACE_BOUND('',#17672,.T.);
#17672 = EDGE_LOOP('',(#17673,#17674,#17675,#17683));
#17673 = ORIENTED_EDGE('',*,*,#17352,.T.);
#17674 = ORIENTED_EDGE('',*,*,#17569,.T.);
#17675 = ORIENTED_EDGE('',*,*,#17676,.F.);
#17676 = EDGE_CURVE('',#17677,#17562,#17679,.T.);
#17677 = VERTEX_POINT('',#17678);
#17678 = CARTESIAN_POINT('',(2.286,0.635,-0.5715));
#17679 = LINE('',#17680,#17681);
#17680 = CARTESIAN_POINT('',(2.286,0.635,-0.5715));
#17681 = VECTOR('',#17682,1.);
#17682 = DIRECTION('',(1.,0.,0.));
#17683 = ORIENTED_EDGE('',*,*,#17684,.F.);
#17684 = EDGE_CURVE('',#17353,#17677,#17685,.T.);
#17685 = LINE('',#17686,#17687);
#17686 = CARTESIAN_POINT('',(2.286,-3.175,-0.5715));
#17687 = VECTOR('',#17688,1.);
#17688 = DIRECTION('',(0.,1.,0.));
#17689 = PLANE('',#17690);
#17690 = AXIS2_PLACEMENT_3D('',#17691,#17692,#17693);
#17691 = CARTESIAN_POINT('',(2.286,-3.175,-0.5715));
#17692 = DIRECTION('',(0.,0.,1.));
#17693 = DIRECTION('',(1.,0.,-0.));
#17694 = ADVANCED_FACE('',(#17695),#17729,.T.);
#17695 = FACE_BOUND('',#17696,.T.);
#17696 = EDGE_LOOP('',(#17697,#17707,#17715,#17723));
#17697 = ORIENTED_EDGE('',*,*,#17698,.T.);
#17698 = EDGE_CURVE('',#17699,#17701,#17703,.T.);
#17699 = VERTEX_POINT('',#17700);
#17700 = CARTESIAN_POINT('',(1.524,-3.048,0.5715));
#17701 = VERTEX_POINT('',#17702);
#17702 = CARTESIAN_POINT('',(1.016,-3.048,0.5715));
#17703 = LINE('',#17704,#17705);
#17704 = CARTESIAN_POINT('',(0.,-3.048,0.5715));
#17705 = VECTOR('',#17706,1.);
#17706 = DIRECTION('',(-1.,0.,0.));
#17707 = ORIENTED_EDGE('',*,*,#17708,.T.);
#17708 = EDGE_CURVE('',#17701,#17709,#17711,.T.);
#17709 = VERTEX_POINT('',#17710);
#17710 = CARTESIAN_POINT('',(1.016,0.635,0.5715));
#17711 = LINE('',#17712,#17713);
#17712 = CARTESIAN_POINT('',(1.016,-3.175,0.5715));
#17713 = VECTOR('',#17714,1.);
#17714 = DIRECTION('',(0.,1.,0.));
#17715 = ORIENTED_EDGE('',*,*,#17716,.F.);
#17716 = EDGE_CURVE('',#17717,#17709,#17719,.T.);
#17717 = VERTEX_POINT('',#17718);
#17718 = CARTESIAN_POINT('',(1.524,0.635,0.5715));
#17719 = LINE('',#17720,#17721);
#17720 = CARTESIAN_POINT('',(1.524,0.635,0.5715));
#17721 = VECTOR('',#17722,1.);
#17722 = DIRECTION('',(-1.,0.,0.));
#17723 = ORIENTED_EDGE('',*,*,#17724,.F.);
#17724 = EDGE_CURVE('',#17699,#17717,#17725,.T.);
#17725 = LINE('',#17726,#17727);
#17726 = CARTESIAN_POINT('',(1.524,-3.175,0.5715));
#17727 = VECTOR('',#17728,1.);
#17728 = DIRECTION('',(0.,1.,0.));
#17729 = PLANE('',#17730);
#17730 = AXIS2_PLACEMENT_3D('',#17731,#17732,#17733);
#17731 = CARTESIAN_POINT('',(1.524,-3.175,0.5715));
#17732 = DIRECTION('',(0.,0.,-1.));
#17733 = DIRECTION('',(-1.,0.,0.));
#17734 = ADVANCED_FACE('',(#17735),#17760,.T.);
#17735 = FACE_BOUND('',#17736,.T.);
#17736 = EDGE_LOOP('',(#17737,#17745,#17746,#17754));
#17737 = ORIENTED_EDGE('',*,*,#17738,.T.);
#17738 = EDGE_CURVE('',#17739,#17699,#17741,.T.);
#17739 = VERTEX_POINT('',#17740);
#17740 = CARTESIAN_POINT('',(1.524,-3.048,0.6985));
#17741 = LINE('',#17742,#17743);
#17742 = CARTESIAN_POINT('',(1.524,-3.048,0.));
#17743 = VECTOR('',#17744,1.);
#17744 = DIRECTION('',(0.,0.,-1.));
#17745 = ORIENTED_EDGE('',*,*,#17724,.T.);
#17746 = ORIENTED_EDGE('',*,*,#17747,.F.);
#17747 = EDGE_CURVE('',#17748,#17717,#17750,.T.);
#17748 = VERTEX_POINT('',#17749);
#17749 = CARTESIAN_POINT('',(1.524,0.635,0.6985));
#17750 = LINE('',#17751,#17752);
#17751 = CARTESIAN_POINT('',(1.524,0.635,0.6985));
#17752 = VECTOR('',#17753,1.);
#17753 = DIRECTION('',(0.,0.,-1.));
#17754 = ORIENTED_EDGE('',*,*,#17755,.F.);
#17755 = EDGE_CURVE('',#17739,#17748,#17756,.T.);
#17756 = LINE('',#17757,#17758);
#17757 = CARTESIAN_POINT('',(1.524,-3.175,0.6985));
#17758 = VECTOR('',#17759,1.);
#17759 = DIRECTION('',(0.,1.,0.));
#17760 = PLANE('',#17761);
#17761 = AXIS2_PLACEMENT_3D('',#17762,#17763,#17764);
#17762 = CARTESIAN_POINT('',(1.524,-3.175,0.6985));
#17763 = DIRECTION('',(1.,0.,0.));
#17764 = DIRECTION('',(0.,0.,-1.));
#17765 = ADVANCED_FACE('',(#17766),#17791,.T.);
#17766 = FACE_BOUND('',#17767,.T.);
#17767 = EDGE_LOOP('',(#17768,#17776,#17777,#17785));
#17768 = ORIENTED_EDGE('',*,*,#17769,.T.);
#17769 = EDGE_CURVE('',#17770,#17739,#17772,.T.);
#17770 = VERTEX_POINT('',#17771);
#17771 = CARTESIAN_POINT('',(1.016,-3.048,0.6985));
#17772 = LINE('',#17773,#17774);
#17773 = CARTESIAN_POINT('',(0.,-3.048,0.6985));
#17774 = VECTOR('',#17775,1.);
#17775 = DIRECTION('',(1.,0.,0.));
#17776 = ORIENTED_EDGE('',*,*,#17755,.T.);
#17777 = ORIENTED_EDGE('',*,*,#17778,.F.);
#17778 = EDGE_CURVE('',#17779,#17748,#17781,.T.);
#17779 = VERTEX_POINT('',#17780);
#17780 = CARTESIAN_POINT('',(1.016,0.635,0.6985));
#17781 = LINE('',#17782,#17783);
#17782 = CARTESIAN_POINT('',(1.016,0.635,0.6985));
#17783 = VECTOR('',#17784,1.);
#17784 = DIRECTION('',(1.,0.,0.));
#17785 = ORIENTED_EDGE('',*,*,#17786,.F.);
#17786 = EDGE_CURVE('',#17770,#17779,#17787,.T.);
#17787 = LINE('',#17788,#17789);
#17788 = CARTESIAN_POINT('',(1.016,-3.175,0.6985));
#17789 = VECTOR('',#17790,1.);
#17790 = DIRECTION('',(0.,1.,0.));
#17791 = PLANE('',#17792);
#17792 = AXIS2_PLACEMENT_3D('',#17793,#17794,#17795);
#17793 = CARTESIAN_POINT('',(1.016,-3.175,0.6985));
#17794 = DIRECTION('',(0.,0.,1.));
#17795 = DIRECTION('',(1.,0.,-0.));
#17796 = ADVANCED_FACE('',(#17797),#17831,.T.);
#17797 = FACE_BOUND('',#17798,.T.);
#17798 = EDGE_LOOP('',(#17799,#17809,#17817,#17825));
#17799 = ORIENTED_EDGE('',*,*,#17800,.T.);
#17800 = EDGE_CURVE('',#17801,#17803,#17805,.T.);
#17801 = VERTEX_POINT('',#17802);
#17802 = CARTESIAN_POINT('',(1.524,-3.048,-0.6985));
#17803 = VERTEX_POINT('',#17804);
#17804 = CARTESIAN_POINT('',(1.016,-3.048,-0.6985));
#17805 = LINE('',#17806,#17807);
#17806 = CARTESIAN_POINT('',(0.,-3.048,-0.6985));
#17807 = VECTOR('',#17808,1.);
#17808 = DIRECTION('',(-1.,0.,0.));
#17809 = ORIENTED_EDGE('',*,*,#17810,.T.);
#17810 = EDGE_CURVE('',#17803,#17811,#17813,.T.);
#17811 = VERTEX_POINT('',#17812);
#17812 = CARTESIAN_POINT('',(1.016,0.635,-0.6985));
#17813 = LINE('',#17814,#17815);
#17814 = CARTESIAN_POINT('',(1.016,-3.175,-0.6985));
#17815 = VECTOR('',#17816,1.);
#17816 = DIRECTION('',(0.,1.,0.));
#17817 = ORIENTED_EDGE('',*,*,#17818,.F.);
#17818 = EDGE_CURVE('',#17819,#17811,#17821,.T.);
#17819 = VERTEX_POINT('',#17820);
#17820 = CARTESIAN_POINT('',(1.524,0.635,-0.6985));
#17821 = LINE('',#17822,#17823);
#17822 = CARTESIAN_POINT('',(1.524,0.635,-0.6985));
#17823 = VECTOR('',#17824,1.);
#17824 = DIRECTION('',(-1.,0.,0.));
#17825 = ORIENTED_EDGE('',*,*,#17826,.F.);
#17826 = EDGE_CURVE('',#17801,#17819,#17827,.T.);
#17827 = LINE('',#17828,#17829);
#17828 = CARTESIAN_POINT('',(1.524,-3.175,-0.6985));
#17829 = VECTOR('',#17830,1.);
#17830 = DIRECTION('',(0.,1.,0.));
#17831 = PLANE('',#17832);
#17832 = AXIS2_PLACEMENT_3D('',#17833,#17834,#17835);
#17833 = CARTESIAN_POINT('',(1.524,-3.175,-0.6985));
#17834 = DIRECTION('',(0.,0.,-1.));
#17835 = DIRECTION('',(-1.,0.,0.));
#17836 = ADVANCED_FACE('',(#17837),#17862,.T.);
#17837 = FACE_BOUND('',#17838,.T.);
#17838 = EDGE_LOOP('',(#17839,#17847,#17848,#17856));
#17839 = ORIENTED_EDGE('',*,*,#17840,.T.);
#17840 = EDGE_CURVE('',#17841,#17801,#17843,.T.);
#17841 = VERTEX_POINT('',#17842);
#17842 = CARTESIAN_POINT('',(1.524,-3.048,-0.5715));
#17843 = LINE('',#17844,#17845);
#17844 = CARTESIAN_POINT('',(1.524,-3.048,0.));
#17845 = VECTOR('',#17846,1.);
#17846 = DIRECTION('',(0.,0.,-1.));
#17847 = ORIENTED_EDGE('',*,*,#17826,.T.);
#17848 = ORIENTED_EDGE('',*,*,#17849,.F.);
#17849 = EDGE_CURVE('',#17850,#17819,#17852,.T.);
#17850 = VERTEX_POINT('',#17851);
#17851 = CARTESIAN_POINT('',(1.524,0.635,-0.5715));
#17852 = LINE('',#17853,#17854);
#17853 = CARTESIAN_POINT('',(1.524,0.635,-0.5715));
#17854 = VECTOR('',#17855,1.);
#17855 = DIRECTION('',(0.,0.,-1.));
#17856 = ORIENTED_EDGE('',*,*,#17857,.F.);
#17857 = EDGE_CURVE('',#17841,#17850,#17858,.T.);
#17858 = LINE('',#17859,#17860);
#17859 = CARTESIAN_POINT('',(1.524,-3.175,-0.5715));
#17860 = VECTOR('',#17861,1.);
#17861 = DIRECTION('',(0.,1.,0.));
#17862 = PLANE('',#17863);
#17863 = AXIS2_PLACEMENT_3D('',#17864,#17865,#17866);
#17864 = CARTESIAN_POINT('',(1.524,-3.175,-0.5715));
#17865 = DIRECTION('',(1.,0.,0.));
#17866 = DIRECTION('',(0.,0.,-1.));
#17867 = ADVANCED_FACE('',(#17868),#17893,.T.);
#17868 = FACE_BOUND('',#17869,.T.);
#17869 = EDGE_LOOP('',(#17870,#17878,#17879,#17887));
#17870 = ORIENTED_EDGE('',*,*,#17871,.T.);
#17871 = EDGE_CURVE('',#17872,#17841,#17874,.T.);
#17872 = VERTEX_POINT('',#17873);
#17873 = CARTESIAN_POINT('',(1.016,-3.048,-0.5715));
#17874 = LINE('',#17875,#17876);
#17875 = CARTESIAN_POINT('',(0.,-3.048,-0.5715));
#17876 = VECTOR('',#17877,1.);
#17877 = DIRECTION('',(1.,0.,0.));
#17878 = ORIENTED_EDGE('',*,*,#17857,.T.);
#17879 = ORIENTED_EDGE('',*,*,#17880,.F.);
#17880 = EDGE_CURVE('',#17881,#17850,#17883,.T.);
#17881 = VERTEX_POINT('',#17882);
#17882 = CARTESIAN_POINT('',(1.016,0.635,-0.5715));
#17883 = LINE('',#17884,#17885);
#17884 = CARTESIAN_POINT('',(1.016,0.635,-0.5715));
#17885 = VECTOR('',#17886,1.);
#17886 = DIRECTION('',(1.,0.,0.));
#17887 = ORIENTED_EDGE('',*,*,#17888,.F.);
#17888 = EDGE_CURVE('',#17872,#17881,#17889,.T.);
#17889 = LINE('',#17890,#17891);
#17890 = CARTESIAN_POINT('',(1.016,-3.175,-0.5715));
#17891 = VECTOR('',#17892,1.);
#17892 = DIRECTION('',(0.,1.,0.));
#17893 = PLANE('',#17894);
#17894 = AXIS2_PLACEMENT_3D('',#17895,#17896,#17897);
#17895 = CARTESIAN_POINT('',(1.016,-3.175,-0.5715));
#17896 = DIRECTION('',(0.,0.,1.));
#17897 = DIRECTION('',(1.,0.,-0.));
#17898 = ADVANCED_FACE('',(#17899),#17933,.T.);
#17899 = FACE_BOUND('',#17900,.T.);
#17900 = EDGE_LOOP('',(#17901,#17911,#17919,#17927));
#17901 = ORIENTED_EDGE('',*,*,#17902,.T.);
#17902 = EDGE_CURVE('',#17903,#17905,#17907,.T.);
#17903 = VERTEX_POINT('',#17904);
#17904 = CARTESIAN_POINT('',(0.254,-3.048,0.5715));
#17905 = VERTEX_POINT('',#17906);
#17906 = CARTESIAN_POINT('',(-0.254,-3.048,0.5715));
#17907 = LINE('',#17908,#17909);
#17908 = CARTESIAN_POINT('',(0.,-3.048,0.5715));
#17909 = VECTOR('',#17910,1.);
#17910 = DIRECTION('',(-1.,0.,0.));
#17911 = ORIENTED_EDGE('',*,*,#17912,.T.);
#17912 = EDGE_CURVE('',#17905,#17913,#17915,.T.);
#17913 = VERTEX_POINT('',#17914);
#17914 = CARTESIAN_POINT('',(-0.254,0.635,0.5715));
#17915 = LINE('',#17916,#17917);
#17916 = CARTESIAN_POINT('',(-0.254,-3.175,0.5715));
#17917 = VECTOR('',#17918,1.);
#17918 = DIRECTION('',(0.,1.,0.));
#17919 = ORIENTED_EDGE('',*,*,#17920,.F.);
#17920 = EDGE_CURVE('',#17921,#17913,#17923,.T.);
#17921 = VERTEX_POINT('',#17922);
#17922 = CARTESIAN_POINT('',(0.254,0.635,0.5715));
#17923 = LINE('',#17924,#17925);
#17924 = CARTESIAN_POINT('',(0.254,0.635,0.5715));
#17925 = VECTOR('',#17926,1.);
#17926 = DIRECTION('',(-1.,0.,0.));
#17927 = ORIENTED_EDGE('',*,*,#17928,.F.);
#17928 = EDGE_CURVE('',#17903,#17921,#17929,.T.);
#17929 = LINE('',#17930,#17931);
#17930 = CARTESIAN_POINT('',(0.254,-3.175,0.5715));
#17931 = VECTOR('',#17932,1.);
#17932 = DIRECTION('',(0.,1.,0.));
#17933 = PLANE('',#17934);
#17934 = AXIS2_PLACEMENT_3D('',#17935,#17936,#17937);
#17935 = CARTESIAN_POINT('',(0.254,-3.175,0.5715));
#17936 = DIRECTION('',(0.,0.,-1.));
#17937 = DIRECTION('',(-1.,0.,0.));
#17938 = ADVANCED_FACE('',(#17939),#17964,.T.);
#17939 = FACE_BOUND('',#17940,.T.);
#17940 = EDGE_LOOP('',(#17941,#17949,#17950,#17958));
#17941 = ORIENTED_EDGE('',*,*,#17942,.T.);
#17942 = EDGE_CURVE('',#17943,#17903,#17945,.T.);
#17943 = VERTEX_POINT('',#17944);
#17944 = CARTESIAN_POINT('',(0.254,-3.048,0.6985));
#17945 = LINE('',#17946,#17947);
#17946 = CARTESIAN_POINT('',(0.254,-3.048,0.));
#17947 = VECTOR('',#17948,1.);
#17948 = DIRECTION('',(0.,0.,-1.));
#17949 = ORIENTED_EDGE('',*,*,#17928,.T.);
#17950 = ORIENTED_EDGE('',*,*,#17951,.F.);
#17951 = EDGE_CURVE('',#17952,#17921,#17954,.T.);
#17952 = VERTEX_POINT('',#17953);
#17953 = CARTESIAN_POINT('',(0.254,0.635,0.6985));
#17954 = LINE('',#17955,#17956);
#17955 = CARTESIAN_POINT('',(0.254,0.635,0.6985));
#17956 = VECTOR('',#17957,1.);
#17957 = DIRECTION('',(0.,0.,-1.));
#17958 = ORIENTED_EDGE('',*,*,#17959,.F.);
#17959 = EDGE_CURVE('',#17943,#17952,#17960,.T.);
#17960 = LINE('',#17961,#17962);
#17961 = CARTESIAN_POINT('',(0.254,-3.175,0.6985));
#17962 = VECTOR('',#17963,1.);
#17963 = DIRECTION('',(0.,1.,0.));
#17964 = PLANE('',#17965);
#17965 = AXIS2_PLACEMENT_3D('',#17966,#17967,#17968);
#17966 = CARTESIAN_POINT('',(0.254,-3.175,0.6985));
#17967 = DIRECTION('',(1.,0.,0.));
#17968 = DIRECTION('',(0.,0.,-1.));
#17969 = ADVANCED_FACE('',(#17970),#17995,.T.);
#17970 = FACE_BOUND('',#17971,.T.);
#17971 = EDGE_LOOP('',(#17972,#17980,#17981,#17989));
#17972 = ORIENTED_EDGE('',*,*,#17973,.T.);
#17973 = EDGE_CURVE('',#17974,#17943,#17976,.T.);
#17974 = VERTEX_POINT('',#17975);
#17975 = CARTESIAN_POINT('',(-0.254,-3.048,0.6985));
#17976 = LINE('',#17977,#17978);
#17977 = CARTESIAN_POINT('',(0.,-3.048,0.6985));
#17978 = VECTOR('',#17979,1.);
#17979 = DIRECTION('',(1.,0.,0.));
#17980 = ORIENTED_EDGE('',*,*,#17959,.T.);
#17981 = ORIENTED_EDGE('',*,*,#17982,.F.);
#17982 = EDGE_CURVE('',#17983,#17952,#17985,.T.);
#17983 = VERTEX_POINT('',#17984);
#17984 = CARTESIAN_POINT('',(-0.254,0.635,0.6985));
#17985 = LINE('',#17986,#17987);
#17986 = CARTESIAN_POINT('',(-0.254,0.635,0.6985));
#17987 = VECTOR('',#17988,1.);
#17988 = DIRECTION('',(1.,0.,0.));
#17989 = ORIENTED_EDGE('',*,*,#17990,.F.);
#17990 = EDGE_CURVE('',#17974,#17983,#17991,.T.);
#17991 = LINE('',#17992,#17993);
#17992 = CARTESIAN_POINT('',(-0.254,-3.175,0.6985));
#17993 = VECTOR('',#17994,1.);
#17994 = DIRECTION('',(0.,1.,0.));
#17995 = PLANE('',#17996);
#17996 = AXIS2_PLACEMENT_3D('',#17997,#17998,#17999);
#17997 = CARTESIAN_POINT('',(-0.254,-3.175,0.6985));
#17998 = DIRECTION('',(0.,0.,1.));
#17999 = DIRECTION('',(1.,0.,-0.));
#18000 = ADVANCED_FACE('',(#18001),#18035,.T.);
#18001 = FACE_BOUND('',#18002,.T.);
#18002 = EDGE_LOOP('',(#18003,#18013,#18021,#18029));
#18003 = ORIENTED_EDGE('',*,*,#18004,.T.);
#18004 = EDGE_CURVE('',#18005,#18007,#18009,.T.);
#18005 = VERTEX_POINT('',#18006);
#18006 = CARTESIAN_POINT('',(0.254,-3.048,-0.6985));
#18007 = VERTEX_POINT('',#18008);
#18008 = CARTESIAN_POINT('',(-0.254,-3.048,-0.6985));
#18009 = LINE('',#18010,#18011);
#18010 = CARTESIAN_POINT('',(0.,-3.048,-0.6985));
#18011 = VECTOR('',#18012,1.);
#18012 = DIRECTION('',(-1.,0.,0.));
#18013 = ORIENTED_EDGE('',*,*,#18014,.T.);
#18014 = EDGE_CURVE('',#18007,#18015,#18017,.T.);
#18015 = VERTEX_POINT('',#18016);
#18016 = CARTESIAN_POINT('',(-0.254,0.635,-0.6985));
#18017 = LINE('',#18018,#18019);
#18018 = CARTESIAN_POINT('',(-0.254,-3.175,-0.6985));
#18019 = VECTOR('',#18020,1.);
#18020 = DIRECTION('',(0.,1.,0.));
#18021 = ORIENTED_EDGE('',*,*,#18022,.F.);
#18022 = EDGE_CURVE('',#18023,#18015,#18025,.T.);
#18023 = VERTEX_POINT('',#18024);
#18024 = CARTESIAN_POINT('',(0.254,0.635,-0.6985));
#18025 = LINE('',#18026,#18027);
#18026 = CARTESIAN_POINT('',(0.254,0.635,-0.6985));
#18027 = VECTOR('',#18028,1.);
#18028 = DIRECTION('',(-1.,0.,0.));
#18029 = ORIENTED_EDGE('',*,*,#18030,.F.);
#18030 = EDGE_CURVE('',#18005,#18023,#18031,.T.);
#18031 = LINE('',#18032,#18033);
#18032 = CARTESIAN_POINT('',(0.254,-3.175,-0.6985));
#18033 = VECTOR('',#18034,1.);
#18034 = DIRECTION('',(0.,1.,0.));
#18035 = PLANE('',#18036);
#18036 = AXIS2_PLACEMENT_3D('',#18037,#18038,#18039);
#18037 = CARTESIAN_POINT('',(0.254,-3.175,-0.6985));
#18038 = DIRECTION('',(0.,0.,-1.));
#18039 = DIRECTION('',(-1.,0.,0.));
#18040 = ADVANCED_FACE('',(#18041),#18066,.T.);
#18041 = FACE_BOUND('',#18042,.T.);
#18042 = EDGE_LOOP('',(#18043,#18051,#18052,#18060));
#18043 = ORIENTED_EDGE('',*,*,#18044,.T.);
#18044 = EDGE_CURVE('',#18045,#18005,#18047,.T.);
#18045 = VERTEX_POINT('',#18046);
#18046 = CARTESIAN_POINT('',(0.254,-3.048,-0.5715));
#18047 = LINE('',#18048,#18049);
#18048 = CARTESIAN_POINT('',(0.254,-3.048,0.));
#18049 = VECTOR('',#18050,1.);
#18050 = DIRECTION('',(0.,0.,-1.));
#18051 = ORIENTED_EDGE('',*,*,#18030,.T.);
#18052 = ORIENTED_EDGE('',*,*,#18053,.F.);
#18053 = EDGE_CURVE('',#18054,#18023,#18056,.T.);
#18054 = VERTEX_POINT('',#18055);
#18055 = CARTESIAN_POINT('',(0.254,0.635,-0.5715));
#18056 = LINE('',#18057,#18058);
#18057 = CARTESIAN_POINT('',(0.254,0.635,-0.5715));
#18058 = VECTOR('',#18059,1.);
#18059 = DIRECTION('',(0.,0.,-1.));
#18060 = ORIENTED_EDGE('',*,*,#18061,.F.);
#18061 = EDGE_CURVE('',#18045,#18054,#18062,.T.);
#18062 = LINE('',#18063,#18064);
#18063 = CARTESIAN_POINT('',(0.254,-3.175,-0.5715));
#18064 = VECTOR('',#18065,1.);
#18065 = DIRECTION('',(0.,1.,0.));
#18066 = PLANE('',#18067);
#18067 = AXIS2_PLACEMENT_3D('',#18068,#18069,#18070);
#18068 = CARTESIAN_POINT('',(0.254,-3.175,-0.5715));
#18069 = DIRECTION('',(1.,0.,0.));
#18070 = DIRECTION('',(0.,0.,-1.));
#18071 = ADVANCED_FACE('',(#18072),#18097,.T.);
#18072 = FACE_BOUND('',#18073,.T.);
#18073 = EDGE_LOOP('',(#18074,#18082,#18083,#18091));
#18074 = ORIENTED_EDGE('',*,*,#18075,.T.);
#18075 = EDGE_CURVE('',#18076,#18045,#18078,.T.);
#18076 = VERTEX_POINT('',#18077);
#18077 = CARTESIAN_POINT('',(-0.254,-3.048,-0.5715));
#18078 = LINE('',#18079,#18080);
#18079 = CARTESIAN_POINT('',(0.,-3.048,-0.5715));
#18080 = VECTOR('',#18081,1.);
#18081 = DIRECTION('',(1.,0.,0.));
#18082 = ORIENTED_EDGE('',*,*,#18061,.T.);
#18083 = ORIENTED_EDGE('',*,*,#18084,.F.);
#18084 = EDGE_CURVE('',#18085,#18054,#18087,.T.);
#18085 = VERTEX_POINT('',#18086);
#18086 = CARTESIAN_POINT('',(-0.254,0.635,-0.5715));
#18087 = LINE('',#18088,#18089);
#18088 = CARTESIAN_POINT('',(-0.254,0.635,-0.5715));
#18089 = VECTOR('',#18090,1.);
#18090 = DIRECTION('',(1.,0.,0.));
#18091 = ORIENTED_EDGE('',*,*,#18092,.F.);
#18092 = EDGE_CURVE('',#18076,#18085,#18093,.T.);
#18093 = LINE('',#18094,#18095);
#18094 = CARTESIAN_POINT('',(-0.254,-3.175,-0.5715));
#18095 = VECTOR('',#18096,1.);
#18096 = DIRECTION('',(0.,1.,0.));
#18097 = PLANE('',#18098);
#18098 = AXIS2_PLACEMENT_3D('',#18099,#18100,#18101);
#18099 = CARTESIAN_POINT('',(-0.254,-3.175,-0.5715));
#18100 = DIRECTION('',(0.,0.,1.));
#18101 = DIRECTION('',(1.,0.,-0.));
#18102 = ADVANCED_FACE('',(#18103),#18137,.T.);
#18103 = FACE_BOUND('',#18104,.T.);
#18104 = EDGE_LOOP('',(#18105,#18115,#18123,#18131));
#18105 = ORIENTED_EDGE('',*,*,#18106,.T.);
#18106 = EDGE_CURVE('',#18107,#18109,#18111,.T.);
#18107 = VERTEX_POINT('',#18108);
#18108 = CARTESIAN_POINT('',(-1.016,-3.048,0.5715));
#18109 = VERTEX_POINT('',#18110);
#18110 = CARTESIAN_POINT('',(-1.524,-3.048,0.5715));
#18111 = LINE('',#18112,#18113);
#18112 = CARTESIAN_POINT('',(0.,-3.048,0.5715));
#18113 = VECTOR('',#18114,1.);
#18114 = DIRECTION('',(-1.,0.,0.));
#18115 = ORIENTED_EDGE('',*,*,#18116,.T.);
#18116 = EDGE_CURVE('',#18109,#18117,#18119,.T.);
#18117 = VERTEX_POINT('',#18118);
#18118 = CARTESIAN_POINT('',(-1.524,0.635,0.5715));
#18119 = LINE('',#18120,#18121);
#18120 = CARTESIAN_POINT('',(-1.524,-3.175,0.5715));
#18121 = VECTOR('',#18122,1.);
#18122 = DIRECTION('',(0.,1.,0.));
#18123 = ORIENTED_EDGE('',*,*,#18124,.F.);
#18124 = EDGE_CURVE('',#18125,#18117,#18127,.T.);
#18125 = VERTEX_POINT('',#18126);
#18126 = CARTESIAN_POINT('',(-1.016,0.635,0.5715));
#18127 = LINE('',#18128,#18129);
#18128 = CARTESIAN_POINT('',(-1.016,0.635,0.5715));
#18129 = VECTOR('',#18130,1.);
#18130 = DIRECTION('',(-1.,0.,0.));
#18131 = ORIENTED_EDGE('',*,*,#18132,.F.);
#18132 = EDGE_CURVE('',#18107,#18125,#18133,.T.);
#18133 = LINE('',#18134,#18135);
#18134 = CARTESIAN_POINT('',(-1.016,-3.175,0.5715));
#18135 = VECTOR('',#18136,1.);
#18136 = DIRECTION('',(0.,1.,0.));
#18137 = PLANE('',#18138);
#18138 = AXIS2_PLACEMENT_3D('',#18139,#18140,#18141);
#18139 = CARTESIAN_POINT('',(-1.016,-3.175,0.5715));
#18140 = DIRECTION('',(0.,0.,-1.));
#18141 = DIRECTION('',(-1.,0.,0.));
#18142 = ADVANCED_FACE('',(#18143),#18168,.T.);
#18143 = FACE_BOUND('',#18144,.T.);
#18144 = EDGE_LOOP('',(#18145,#18153,#18154,#18162));
#18145 = ORIENTED_EDGE('',*,*,#18146,.T.);
#18146 = EDGE_CURVE('',#18147,#18107,#18149,.T.);
#18147 = VERTEX_POINT('',#18148);
#18148 = CARTESIAN_POINT('',(-1.016,-3.048,0.6985));
#18149 = LINE('',#18150,#18151);
#18150 = CARTESIAN_POINT('',(-1.016,-3.048,0.));
#18151 = VECTOR('',#18152,1.);
#18152 = DIRECTION('',(0.,0.,-1.));
#18153 = ORIENTED_EDGE('',*,*,#18132,.T.);
#18154 = ORIENTED_EDGE('',*,*,#18155,.F.);
#18155 = EDGE_CURVE('',#18156,#18125,#18158,.T.);
#18156 = VERTEX_POINT('',#18157);
#18157 = CARTESIAN_POINT('',(-1.016,0.635,0.6985));
#18158 = LINE('',#18159,#18160);
#18159 = CARTESIAN_POINT('',(-1.016,0.635,0.6985));
#18160 = VECTOR('',#18161,1.);
#18161 = DIRECTION('',(0.,0.,-1.));
#18162 = ORIENTED_EDGE('',*,*,#18163,.F.);
#18163 = EDGE_CURVE('',#18147,#18156,#18164,.T.);
#18164 = LINE('',#18165,#18166);
#18165 = CARTESIAN_POINT('',(-1.016,-3.175,0.6985));
#18166 = VECTOR('',#18167,1.);
#18167 = DIRECTION('',(0.,1.,0.));
#18168 = PLANE('',#18169);
#18169 = AXIS2_PLACEMENT_3D('',#18170,#18171,#18172);
#18170 = CARTESIAN_POINT('',(-1.016,-3.175,0.6985));
#18171 = DIRECTION('',(1.,0.,0.));
#18172 = DIRECTION('',(0.,0.,-1.));
#18173 = ADVANCED_FACE('',(#18174),#18199,.T.);
#18174 = FACE_BOUND('',#18175,.T.);
#18175 = EDGE_LOOP('',(#18176,#18184,#18185,#18193));
#18176 = ORIENTED_EDGE('',*,*,#18177,.T.);
#18177 = EDGE_CURVE('',#18178,#18147,#18180,.T.);
#18178 = VERTEX_POINT('',#18179);
#18179 = CARTESIAN_POINT('',(-1.524,-3.048,0.6985));
#18180 = LINE('',#18181,#18182);
#18181 = CARTESIAN_POINT('',(0.,-3.048,0.6985));
#18182 = VECTOR('',#18183,1.);
#18183 = DIRECTION('',(1.,0.,0.));
#18184 = ORIENTED_EDGE('',*,*,#18163,.T.);
#18185 = ORIENTED_EDGE('',*,*,#18186,.F.);
#18186 = EDGE_CURVE('',#18187,#18156,#18189,.T.);
#18187 = VERTEX_POINT('',#18188);
#18188 = CARTESIAN_POINT('',(-1.524,0.635,0.6985));
#18189 = LINE('',#18190,#18191);
#18190 = CARTESIAN_POINT('',(-1.524,0.635,0.6985));
#18191 = VECTOR('',#18192,1.);
#18192 = DIRECTION('',(1.,0.,0.));
#18193 = ORIENTED_EDGE('',*,*,#18194,.F.);
#18194 = EDGE_CURVE('',#18178,#18187,#18195,.T.);
#18195 = LINE('',#18196,#18197);
#18196 = CARTESIAN_POINT('',(-1.524,-3.175,0.6985));
#18197 = VECTOR('',#18198,1.);
#18198 = DIRECTION('',(0.,1.,0.));
#18199 = PLANE('',#18200);
#18200 = AXIS2_PLACEMENT_3D('',#18201,#18202,#18203);
#18201 = CARTESIAN_POINT('',(-1.524,-3.175,0.6985));
#18202 = DIRECTION('',(0.,0.,1.));
#18203 = DIRECTION('',(1.,0.,-0.));
#18204 = ADVANCED_FACE('',(#18205),#18239,.T.);
#18205 = FACE_BOUND('',#18206,.T.);
#18206 = EDGE_LOOP('',(#18207,#18217,#18225,#18233));
#18207 = ORIENTED_EDGE('',*,*,#18208,.T.);
#18208 = EDGE_CURVE('',#18209,#18211,#18213,.T.);
#18209 = VERTEX_POINT('',#18210);
#18210 = CARTESIAN_POINT('',(-1.016,-3.048,-0.6985));
#18211 = VERTEX_POINT('',#18212);
#18212 = CARTESIAN_POINT('',(-1.524,-3.048,-0.6985));
#18213 = LINE('',#18214,#18215);
#18214 = CARTESIAN_POINT('',(0.,-3.048,-0.6985));
#18215 = VECTOR('',#18216,1.);
#18216 = DIRECTION('',(-1.,0.,0.));
#18217 = ORIENTED_EDGE('',*,*,#18218,.T.);
#18218 = EDGE_CURVE('',#18211,#18219,#18221,.T.);
#18219 = VERTEX_POINT('',#18220);
#18220 = CARTESIAN_POINT('',(-1.524,0.635,-0.6985));
#18221 = LINE('',#18222,#18223);
#18222 = CARTESIAN_POINT('',(-1.524,-3.175,-0.6985));
#18223 = VECTOR('',#18224,1.);
#18224 = DIRECTION('',(0.,1.,0.));
#18225 = ORIENTED_EDGE('',*,*,#18226,.F.);
#18226 = EDGE_CURVE('',#18227,#18219,#18229,.T.);
#18227 = VERTEX_POINT('',#18228);
#18228 = CARTESIAN_POINT('',(-1.016,0.635,-0.6985));
#18229 = LINE('',#18230,#18231);
#18230 = CARTESIAN_POINT('',(-1.016,0.635,-0.6985));
#18231 = VECTOR('',#18232,1.);
#18232 = DIRECTION('',(-1.,0.,0.));
#18233 = ORIENTED_EDGE('',*,*,#18234,.F.);
#18234 = EDGE_CURVE('',#18209,#18227,#18235,.T.);
#18235 = LINE('',#18236,#18237);
#18236 = CARTESIAN_POINT('',(-1.016,-3.175,-0.6985));
#18237 = VECTOR('',#18238,1.);
#18238 = DIRECTION('',(0.,1.,0.));
#18239 = PLANE('',#18240);
#18240 = AXIS2_PLACEMENT_3D('',#18241,#18242,#18243);
#18241 = CARTESIAN_POINT('',(-1.016,-3.175,-0.6985));
#18242 = DIRECTION('',(0.,0.,-1.));
#18243 = DIRECTION('',(-1.,0.,0.));
#18244 = ADVANCED_FACE('',(#18245),#18270,.T.);
#18245 = FACE_BOUND('',#18246,.T.);
#18246 = EDGE_LOOP('',(#18247,#18255,#18256,#18264));
#18247 = ORIENTED_EDGE('',*,*,#18248,.T.);
#18248 = EDGE_CURVE('',#18249,#18209,#18251,.T.);
#18249 = VERTEX_POINT('',#18250);
#18250 = CARTESIAN_POINT('',(-1.016,-3.048,-0.5715));
#18251 = LINE('',#18252,#18253);
#18252 = CARTESIAN_POINT('',(-1.016,-3.048,0.));
#18253 = VECTOR('',#18254,1.);
#18254 = DIRECTION('',(0.,0.,-1.));
#18255 = ORIENTED_EDGE('',*,*,#18234,.T.);
#18256 = ORIENTED_EDGE('',*,*,#18257,.F.);
#18257 = EDGE_CURVE('',#18258,#18227,#18260,.T.);
#18258 = VERTEX_POINT('',#18259);
#18259 = CARTESIAN_POINT('',(-1.016,0.635,-0.5715));
#18260 = LINE('',#18261,#18262);
#18261 = CARTESIAN_POINT('',(-1.016,0.635,-0.5715));
#18262 = VECTOR('',#18263,1.);
#18263 = DIRECTION('',(0.,0.,-1.));
#18264 = ORIENTED_EDGE('',*,*,#18265,.F.);
#18265 = EDGE_CURVE('',#18249,#18258,#18266,.T.);
#18266 = LINE('',#18267,#18268);
#18267 = CARTESIAN_POINT('',(-1.016,-3.175,-0.5715));
#18268 = VECTOR('',#18269,1.);
#18269 = DIRECTION('',(0.,1.,0.));
#18270 = PLANE('',#18271);
#18271 = AXIS2_PLACEMENT_3D('',#18272,#18273,#18274);
#18272 = CARTESIAN_POINT('',(-1.016,-3.175,-0.5715));
#18273 = DIRECTION('',(1.,0.,0.));
#18274 = DIRECTION('',(0.,0.,-1.));
#18275 = ADVANCED_FACE('',(#18276),#18301,.T.);
#18276 = FACE_BOUND('',#18277,.T.);
#18277 = EDGE_LOOP('',(#18278,#18286,#18287,#18295));
#18278 = ORIENTED_EDGE('',*,*,#18279,.T.);
#18279 = EDGE_CURVE('',#18280,#18249,#18282,.T.);
#18280 = VERTEX_POINT('',#18281);
#18281 = CARTESIAN_POINT('',(-1.524,-3.048,-0.5715));
#18282 = LINE('',#18283,#18284);
#18283 = CARTESIAN_POINT('',(0.,-3.048,-0.5715));
#18284 = VECTOR('',#18285,1.);
#18285 = DIRECTION('',(1.,0.,0.));
#18286 = ORIENTED_EDGE('',*,*,#18265,.T.);
#18287 = ORIENTED_EDGE('',*,*,#18288,.F.);
#18288 = EDGE_CURVE('',#18289,#18258,#18291,.T.);
#18289 = VERTEX_POINT('',#18290);
#18290 = CARTESIAN_POINT('',(-1.524,0.635,-0.5715));
#18291 = LINE('',#18292,#18293);
#18292 = CARTESIAN_POINT('',(-1.524,0.635,-0.5715));
#18293 = VECTOR('',#18294,1.);
#18294 = DIRECTION('',(1.,0.,0.));
#18295 = ORIENTED_EDGE('',*,*,#18296,.F.);
#18296 = EDGE_CURVE('',#18280,#18289,#18297,.T.);
#18297 = LINE('',#18298,#18299);
#18298 = CARTESIAN_POINT('',(-1.524,-3.175,-0.5715));
#18299 = VECTOR('',#18300,1.);
#18300 = DIRECTION('',(0.,1.,0.));
#18301 = PLANE('',#18302);
#18302 = AXIS2_PLACEMENT_3D('',#18303,#18304,#18305);
#18303 = CARTESIAN_POINT('',(-1.524,-3.175,-0.5715));
#18304 = DIRECTION('',(0.,0.,1.));
#18305 = DIRECTION('',(1.,0.,-0.));
#18306 = ADVANCED_FACE('',(#18307),#18325,.T.);
#18307 = FACE_BOUND('',#18308,.T.);
#18308 = EDGE_LOOP('',(#18309,#18310,#18311,#18319));
#18309 = ORIENTED_EDGE('',*,*,#17214,.T.);
#18310 = ORIENTED_EDGE('',*,*,#17470,.T.);
#18311 = ORIENTED_EDGE('',*,*,#18312,.F.);
#18312 = EDGE_CURVE('',#18313,#17463,#18315,.T.);
#18313 = VERTEX_POINT('',#18314);
#18314 = CARTESIAN_POINT('',(-2.286,0.635,0.5715));
#18315 = LINE('',#18316,#18317);
#18316 = CARTESIAN_POINT('',(-2.286,0.635,0.5715));
#18317 = VECTOR('',#18318,1.);
#18318 = DIRECTION('',(-1.,0.,0.));
#18319 = ORIENTED_EDGE('',*,*,#18320,.F.);
#18320 = EDGE_CURVE('',#17215,#18313,#18321,.T.);
#18321 = LINE('',#18322,#18323);
#18322 = CARTESIAN_POINT('',(-2.286,-3.175,0.5715));
#18323 = VECTOR('',#18324,1.);
#18324 = DIRECTION('',(0.,1.,0.));
#18325 = PLANE('',#18326);
#18326 = AXIS2_PLACEMENT_3D('',#18327,#18328,#18329);
#18327 = CARTESIAN_POINT('',(-2.286,-3.175,0.5715));
#18328 = DIRECTION('',(0.,0.,-1.));
#18329 = DIRECTION('',(-1.,0.,0.));
#18330 = ADVANCED_FACE('',(#18331),#18349,.T.);
#18331 = FACE_BOUND('',#18332,.T.);
#18332 = EDGE_LOOP('',(#18333,#18334,#18335,#18343));
#18333 = ORIENTED_EDGE('',*,*,#17224,.T.);
#18334 = ORIENTED_EDGE('',*,*,#18320,.T.);
#18335 = ORIENTED_EDGE('',*,*,#18336,.F.);
#18336 = EDGE_CURVE('',#18337,#18313,#18339,.T.);
#18337 = VERTEX_POINT('',#18338);
#18338 = CARTESIAN_POINT('',(-2.286,0.635,0.6985));
#18339 = LINE('',#18340,#18341);
#18340 = CARTESIAN_POINT('',(-2.286,0.635,0.6985));
#18341 = VECTOR('',#18342,1.);
#18342 = DIRECTION('',(0.,0.,-1.));
#18343 = ORIENTED_EDGE('',*,*,#18344,.F.);
#18344 = EDGE_CURVE('',#17225,#18337,#18345,.T.);
#18345 = LINE('',#18346,#18347);
#18346 = CARTESIAN_POINT('',(-2.286,-3.175,0.6985));
#18347 = VECTOR('',#18348,1.);
#18348 = DIRECTION('',(0.,1.,0.));
#18349 = PLANE('',#18350);
#18350 = AXIS2_PLACEMENT_3D('',#18351,#18352,#18353);
#18351 = CARTESIAN_POINT('',(-2.286,-3.175,0.6985));
#18352 = DIRECTION('',(1.,0.,0.));
#18353 = DIRECTION('',(0.,0.,-1.));
#18354 = ADVANCED_FACE('',(#18355),#18366,.T.);
#18355 = FACE_BOUND('',#18356,.T.);
#18356 = EDGE_LOOP('',(#18357,#18358,#18359,#18365));
#18357 = ORIENTED_EDGE('',*,*,#17232,.T.);
#18358 = ORIENTED_EDGE('',*,*,#18344,.T.);
#18359 = ORIENTED_EDGE('',*,*,#18360,.F.);
#18360 = EDGE_CURVE('',#17417,#18337,#18361,.T.);
#18361 = LINE('',#18362,#18363);
#18362 = CARTESIAN_POINT('',(-2.794,0.635,0.6985));
#18363 = VECTOR('',#18364,1.);
#18364 = DIRECTION('',(1.,0.,0.));
#18365 = ORIENTED_EDGE('',*,*,#17477,.F.);
#18366 = PLANE('',#18367);
#18367 = AXIS2_PLACEMENT_3D('',#18368,#18369,#18370);
#18368 = CARTESIAN_POINT('',(-2.794,-3.175,0.6985));
#18369 = DIRECTION('',(0.,0.,1.));
#18370 = DIRECTION('',(1.,0.,-0.));
#18371 = ADVANCED_FACE('',(#18372),#18390,.T.);
#18372 = FACE_BOUND('',#18373,.T.);
#18373 = EDGE_LOOP('',(#18374,#18375,#18376,#18384));
#18374 = ORIENTED_EDGE('',*,*,#17254,.T.);
#18375 = ORIENTED_EDGE('',*,*,#17447,.T.);
#18376 = ORIENTED_EDGE('',*,*,#18377,.F.);
#18377 = EDGE_CURVE('',#18378,#17440,#18380,.T.);
#18378 = VERTEX_POINT('',#18379);
#18379 = CARTESIAN_POINT('',(-2.286,0.635,-0.6985));
#18380 = LINE('',#18381,#18382);
#18381 = CARTESIAN_POINT('',(-2.286,0.635,-0.6985));
#18382 = VECTOR('',#18383,1.);
#18383 = DIRECTION('',(-1.,0.,0.));
#18384 = ORIENTED_EDGE('',*,*,#18385,.F.);
#18385 = EDGE_CURVE('',#17255,#18378,#18386,.T.);
#18386 = LINE('',#18387,#18388);
#18387 = CARTESIAN_POINT('',(-2.286,-3.175,-0.6985));
#18388 = VECTOR('',#18389,1.);
#18389 = DIRECTION('',(0.,1.,0.));
#18390 = PLANE('',#18391);
#18391 = AXIS2_PLACEMENT_3D('',#18392,#18393,#18394);
#18392 = CARTESIAN_POINT('',(-2.286,-3.175,-0.6985));
#18393 = DIRECTION('',(0.,0.,-1.));
#18394 = DIRECTION('',(-1.,0.,0.));
#18395 = ADVANCED_FACE('',(#18396),#18414,.T.);
#18396 = FACE_BOUND('',#18397,.T.);
#18397 = EDGE_LOOP('',(#18398,#18399,#18400,#18408));
#18398 = ORIENTED_EDGE('',*,*,#17264,.T.);
#18399 = ORIENTED_EDGE('',*,*,#18385,.T.);
#18400 = ORIENTED_EDGE('',*,*,#18401,.F.);
#18401 = EDGE_CURVE('',#18402,#18378,#18404,.T.);
#18402 = VERTEX_POINT('',#18403);
#18403 = CARTESIAN_POINT('',(-2.286,0.635,-0.5715));
#18404 = LINE('',#18405,#18406);
#18405 = CARTESIAN_POINT('',(-2.286,0.635,-0.5715));
#18406 = VECTOR('',#18407,1.);
#18407 = DIRECTION('',(0.,0.,-1.));
#18408 = ORIENTED_EDGE('',*,*,#18409,.F.);
#18409 = EDGE_CURVE('',#17265,#18402,#18410,.T.);
#18410 = LINE('',#18411,#18412);
#18411 = CARTESIAN_POINT('',(-2.286,-3.175,-0.5715));
#18412 = VECTOR('',#18413,1.);
#18413 = DIRECTION('',(0.,1.,0.));
#18414 = PLANE('',#18415);
#18415 = AXIS2_PLACEMENT_3D('',#18416,#18417,#18418);
#18416 = CARTESIAN_POINT('',(-2.286,-3.175,-0.5715));
#18417 = DIRECTION('',(1.,0.,0.));
#18418 = DIRECTION('',(0.,0.,-1.));
#18419 = ADVANCED_FACE('',(#18420),#18431,.T.);
#18420 = FACE_BOUND('',#18421,.T.);
#18421 = EDGE_LOOP('',(#18422,#18423,#18424,#18430));
#18422 = ORIENTED_EDGE('',*,*,#17272,.T.);
#18423 = ORIENTED_EDGE('',*,*,#18409,.T.);
#18424 = ORIENTED_EDGE('',*,*,#18425,.F.);
#18425 = EDGE_CURVE('',#17455,#18402,#18426,.T.);
#18426 = LINE('',#18427,#18428);
#18427 = CARTESIAN_POINT('',(-2.794,0.635,-0.5715));
#18428 = VECTOR('',#18429,1.);
#18429 = DIRECTION('',(1.,0.,0.));
#18430 = ORIENTED_EDGE('',*,*,#17454,.F.);
#18431 = PLANE('',#18432);
#18432 = AXIS2_PLACEMENT_3D('',#18433,#18434,#18435);
#18433 = CARTESIAN_POINT('',(-2.794,-3.175,-0.5715));
#18434 = DIRECTION('',(0.,0.,1.));
#18435 = DIRECTION('',(1.,0.,-0.));
#18436 = ADVANCED_FACE('',(#18437),#18448,.T.);
#18437 = FACE_BOUND('',#18438,.T.);
#18438 = EDGE_LOOP('',(#18439,#18440,#18441,#18447));
#18439 = ORIENTED_EDGE('',*,*,#17320,.T.);
#18440 = ORIENTED_EDGE('',*,*,#17636,.T.);
#18441 = ORIENTED_EDGE('',*,*,#18442,.F.);
#18442 = EDGE_CURVE('',#17604,#17629,#18443,.T.);
#18443 = LINE('',#18444,#18445);
#18444 = CARTESIAN_POINT('',(2.286,0.635,0.5715));
#18445 = VECTOR('',#18446,1.);
#18446 = DIRECTION('',(0.,0.,1.));
#18447 = ORIENTED_EDGE('',*,*,#17603,.F.);
#18448 = PLANE('',#18449);
#18449 = AXIS2_PLACEMENT_3D('',#18450,#18451,#18452);
#18450 = CARTESIAN_POINT('',(2.286,-3.175,0.5715));
#18451 = DIRECTION('',(-1.,0.,0.));
#18452 = DIRECTION('',(0.,0.,1.));
#18453 = ADVANCED_FACE('',(#18454),#18465,.T.);
#18454 = FACE_BOUND('',#18455,.T.);
#18455 = EDGE_LOOP('',(#18456,#18457,#18458,#18464));
#18456 = ORIENTED_EDGE('',*,*,#17360,.T.);
#18457 = ORIENTED_EDGE('',*,*,#17684,.T.);
#18458 = ORIENTED_EDGE('',*,*,#18459,.F.);
#18459 = EDGE_CURVE('',#17652,#17677,#18460,.T.);
#18460 = LINE('',#18461,#18462);
#18461 = CARTESIAN_POINT('',(2.286,0.635,-0.6985));
#18462 = VECTOR('',#18463,1.);
#18463 = DIRECTION('',(0.,0.,1.));
#18464 = ORIENTED_EDGE('',*,*,#17651,.F.);
#18465 = PLANE('',#18466);
#18466 = AXIS2_PLACEMENT_3D('',#18467,#18468,#18469);
#18467 = CARTESIAN_POINT('',(2.286,-3.175,-0.6985));
#18468 = DIRECTION('',(-1.,0.,0.));
#18469 = DIRECTION('',(0.,0.,1.));
#18470 = ADVANCED_FACE('',(#18471),#18487,.T.);
#18471 = FACE_BOUND('',#18472,.T.);
#18472 = EDGE_LOOP('',(#18473,#18479,#18480,#18486));
#18473 = ORIENTED_EDGE('',*,*,#18474,.T.);
#18474 = EDGE_CURVE('',#17701,#17770,#18475,.T.);
#18475 = LINE('',#18476,#18477);
#18476 = CARTESIAN_POINT('',(1.016,-3.048,0.));
#18477 = VECTOR('',#18478,1.);
#18478 = DIRECTION('',(0.,0.,1.));
#18479 = ORIENTED_EDGE('',*,*,#17786,.T.);
#18480 = ORIENTED_EDGE('',*,*,#18481,.F.);
#18481 = EDGE_CURVE('',#17709,#17779,#18482,.T.);
#18482 = LINE('',#18483,#18484);
#18483 = CARTESIAN_POINT('',(1.016,0.635,0.5715));
#18484 = VECTOR('',#18485,1.);
#18485 = DIRECTION('',(0.,0.,1.));
#18486 = ORIENTED_EDGE('',*,*,#17708,.F.);
#18487 = PLANE('',#18488);
#18488 = AXIS2_PLACEMENT_3D('',#18489,#18490,#18491);
#18489 = CARTESIAN_POINT('',(1.016,-3.175,0.5715));
#18490 = DIRECTION('',(-1.,0.,0.));
#18491 = DIRECTION('',(0.,0.,1.));
#18492 = ADVANCED_FACE('',(#18493),#18509,.T.);
#18493 = FACE_BOUND('',#18494,.T.);
#18494 = EDGE_LOOP('',(#18495,#18501,#18502,#18508));
#18495 = ORIENTED_EDGE('',*,*,#18496,.T.);
#18496 = EDGE_CURVE('',#17803,#17872,#18497,.T.);
#18497 = LINE('',#18498,#18499);
#18498 = CARTESIAN_POINT('',(1.016,-3.048,0.));
#18499 = VECTOR('',#18500,1.);
#18500 = DIRECTION('',(0.,0.,1.));
#18501 = ORIENTED_EDGE('',*,*,#17888,.T.);
#18502 = ORIENTED_EDGE('',*,*,#18503,.F.);
#18503 = EDGE_CURVE('',#17811,#17881,#18504,.T.);
#18504 = LINE('',#18505,#18506);
#18505 = CARTESIAN_POINT('',(1.016,0.635,-0.6985));
#18506 = VECTOR('',#18507,1.);
#18507 = DIRECTION('',(0.,0.,1.));
#18508 = ORIENTED_EDGE('',*,*,#17810,.F.);
#18509 = PLANE('',#18510);
#18510 = AXIS2_PLACEMENT_3D('',#18511,#18512,#18513);
#18511 = CARTESIAN_POINT('',(1.016,-3.175,-0.6985));
#18512 = DIRECTION('',(-1.,0.,0.));
#18513 = DIRECTION('',(0.,0.,1.));
#18514 = ADVANCED_FACE('',(#18515),#18531,.T.);
#18515 = FACE_BOUND('',#18516,.T.);
#18516 = EDGE_LOOP('',(#18517,#18523,#18524,#18530));
#18517 = ORIENTED_EDGE('',*,*,#18518,.T.);
#18518 = EDGE_CURVE('',#17905,#17974,#18519,.T.);
#18519 = LINE('',#18520,#18521);
#18520 = CARTESIAN_POINT('',(-0.254,-3.048,0.));
#18521 = VECTOR('',#18522,1.);
#18522 = DIRECTION('',(0.,0.,1.));
#18523 = ORIENTED_EDGE('',*,*,#17990,.T.);
#18524 = ORIENTED_EDGE('',*,*,#18525,.F.);
#18525 = EDGE_CURVE('',#17913,#17983,#18526,.T.);
#18526 = LINE('',#18527,#18528);
#18527 = CARTESIAN_POINT('',(-0.254,0.635,0.5715));
#18528 = VECTOR('',#18529,1.);
#18529 = DIRECTION('',(0.,0.,1.));
#18530 = ORIENTED_EDGE('',*,*,#17912,.F.);
#18531 = PLANE('',#18532);
#18532 = AXIS2_PLACEMENT_3D('',#18533,#18534,#18535);
#18533 = CARTESIAN_POINT('',(-0.254,-3.175,0.5715));
#18534 = DIRECTION('',(-1.,0.,0.));
#18535 = DIRECTION('',(0.,0.,1.));
#18536 = ADVANCED_FACE('',(#18537),#18553,.T.);
#18537 = FACE_BOUND('',#18538,.T.);
#18538 = EDGE_LOOP('',(#18539,#18545,#18546,#18552));
#18539 = ORIENTED_EDGE('',*,*,#18540,.T.);
#18540 = EDGE_CURVE('',#18007,#18076,#18541,.T.);
#18541 = LINE('',#18542,#18543);
#18542 = CARTESIAN_POINT('',(-0.254,-3.048,0.));
#18543 = VECTOR('',#18544,1.);
#18544 = DIRECTION('',(0.,0.,1.));
#18545 = ORIENTED_EDGE('',*,*,#18092,.T.);
#18546 = ORIENTED_EDGE('',*,*,#18547,.F.);
#18547 = EDGE_CURVE('',#18015,#18085,#18548,.T.);
#18548 = LINE('',#18549,#18550);
#18549 = CARTESIAN_POINT('',(-0.254,0.635,-0.6985));
#18550 = VECTOR('',#18551,1.);
#18551 = DIRECTION('',(0.,0.,1.));
#18552 = ORIENTED_EDGE('',*,*,#18014,.F.);
#18553 = PLANE('',#18554);
#18554 = AXIS2_PLACEMENT_3D('',#18555,#18556,#18557);
#18555 = CARTESIAN_POINT('',(-0.254,-3.175,-0.6985));
#18556 = DIRECTION('',(-1.,0.,0.));
#18557 = DIRECTION('',(0.,0.,1.));
#18558 = ADVANCED_FACE('',(#18559),#18575,.T.);
#18559 = FACE_BOUND('',#18560,.T.);
#18560 = EDGE_LOOP('',(#18561,#18567,#18568,#18574));
#18561 = ORIENTED_EDGE('',*,*,#18562,.T.);
#18562 = EDGE_CURVE('',#18109,#18178,#18563,.T.);
#18563 = LINE('',#18564,#18565);
#18564 = CARTESIAN_POINT('',(-1.524,-3.048,0.));
#18565 = VECTOR('',#18566,1.);
#18566 = DIRECTION('',(0.,0.,1.));
#18567 = ORIENTED_EDGE('',*,*,#18194,.T.);
#18568 = ORIENTED_EDGE('',*,*,#18569,.F.);
#18569 = EDGE_CURVE('',#18117,#18187,#18570,.T.);
#18570 = LINE('',#18571,#18572);
#18571 = CARTESIAN_POINT('',(-1.524,0.635,0.5715));
#18572 = VECTOR('',#18573,1.);
#18573 = DIRECTION('',(0.,0.,1.));
#18574 = ORIENTED_EDGE('',*,*,#18116,.F.);
#18575 = PLANE('',#18576);
#18576 = AXIS2_PLACEMENT_3D('',#18577,#18578,#18579);
#18577 = CARTESIAN_POINT('',(-1.524,-3.175,0.5715));
#18578 = DIRECTION('',(-1.,0.,0.));
#18579 = DIRECTION('',(0.,0.,1.));
#18580 = ADVANCED_FACE('',(#18581),#18597,.T.);
#18581 = FACE_BOUND('',#18582,.T.);
#18582 = EDGE_LOOP('',(#18583,#18589,#18590,#18596));
#18583 = ORIENTED_EDGE('',*,*,#18584,.T.);
#18584 = EDGE_CURVE('',#18211,#18280,#18585,.T.);
#18585 = LINE('',#18586,#18587);
#18586 = CARTESIAN_POINT('',(-1.524,-3.048,0.));
#18587 = VECTOR('',#18588,1.);
#18588 = DIRECTION('',(0.,0.,1.));
#18589 = ORIENTED_EDGE('',*,*,#18296,.T.);
#18590 = ORIENTED_EDGE('',*,*,#18591,.F.);
#18591 = EDGE_CURVE('',#18219,#18289,#18592,.T.);
#18592 = LINE('',#18593,#18594);
#18593 = CARTESIAN_POINT('',(-1.524,0.635,-0.6985));
#18594 = VECTOR('',#18595,1.);
#18595 = DIRECTION('',(0.,0.,1.));
#18596 = ORIENTED_EDGE('',*,*,#18218,.F.);
#18597 = PLANE('',#18598);
#18598 = AXIS2_PLACEMENT_3D('',#18599,#18600,#18601);
#18599 = CARTESIAN_POINT('',(-1.524,-3.175,-0.6985));
#18600 = DIRECTION('',(-1.,0.,0.));
#18601 = DIRECTION('',(0.,0.,1.));
#18602 = ADVANCED_FACE('',(#18603,#18625,#18631,#18637,#18643,#18649,
    #18655),#18661,.F.);
#18603 = FACE_BOUND('',#18604,.T.);
#18604 = EDGE_LOOP('',(#18605,#18606,#18607,#18608,#18609,#18610,#18611,
    #18612,#18613,#18614,#18615,#18616,#18617,#18618,#18619,#18620,
    #18621,#18622,#18623,#18624));
#18605 = ORIENTED_EDGE('',*,*,#17462,.T.);
#18606 = ORIENTED_EDGE('',*,*,#18425,.T.);
#18607 = ORIENTED_EDGE('',*,*,#18401,.T.);
#18608 = ORIENTED_EDGE('',*,*,#18377,.T.);
#18609 = ORIENTED_EDGE('',*,*,#17439,.T.);
#18610 = ORIENTED_EDGE('',*,*,#17374,.T.);
#18611 = ORIENTED_EDGE('',*,*,#17522,.T.);
#18612 = ORIENTED_EDGE('',*,*,#17659,.T.);
#18613 = ORIENTED_EDGE('',*,*,#18459,.T.);
#18614 = ORIENTED_EDGE('',*,*,#17676,.T.);
#18615 = ORIENTED_EDGE('',*,*,#17561,.T.);
#18616 = ORIENTED_EDGE('',*,*,#17611,.T.);
#18617 = ORIENTED_EDGE('',*,*,#18442,.T.);
#18618 = ORIENTED_EDGE('',*,*,#17628,.T.);
#18619 = ORIENTED_EDGE('',*,*,#17538,.T.);
#18620 = ORIENTED_EDGE('',*,*,#17491,.T.);
#18621 = ORIENTED_EDGE('',*,*,#17414,.T.);
#18622 = ORIENTED_EDGE('',*,*,#18360,.T.);
#18623 = ORIENTED_EDGE('',*,*,#18336,.T.);
#18624 = ORIENTED_EDGE('',*,*,#18312,.T.);
#18625 = FACE_BOUND('',#18626,.T.);
#18626 = EDGE_LOOP('',(#18627,#18628,#18629,#18630));
#18627 = ORIENTED_EDGE('',*,*,#18226,.T.);
#18628 = ORIENTED_EDGE('',*,*,#18591,.T.);
#18629 = ORIENTED_EDGE('',*,*,#18288,.T.);
#18630 = ORIENTED_EDGE('',*,*,#18257,.T.);
#18631 = FACE_BOUND('',#18632,.T.);
#18632 = EDGE_LOOP('',(#18633,#18634,#18635,#18636));
#18633 = ORIENTED_EDGE('',*,*,#18124,.T.);
#18634 = ORIENTED_EDGE('',*,*,#18569,.T.);
#18635 = ORIENTED_EDGE('',*,*,#18186,.T.);
#18636 = ORIENTED_EDGE('',*,*,#18155,.T.);
#18637 = FACE_BOUND('',#18638,.T.);
#18638 = EDGE_LOOP('',(#18639,#18640,#18641,#18642));
#18639 = ORIENTED_EDGE('',*,*,#18022,.T.);
#18640 = ORIENTED_EDGE('',*,*,#18547,.T.);
#18641 = ORIENTED_EDGE('',*,*,#18084,.T.);
#18642 = ORIENTED_EDGE('',*,*,#18053,.T.);
#18643 = FACE_BOUND('',#18644,.T.);
#18644 = EDGE_LOOP('',(#18645,#18646,#18647,#18648));
#18645 = ORIENTED_EDGE('',*,*,#17920,.T.);
#18646 = ORIENTED_EDGE('',*,*,#18525,.T.);
#18647 = ORIENTED_EDGE('',*,*,#17982,.T.);
#18648 = ORIENTED_EDGE('',*,*,#17951,.T.);
#18649 = FACE_BOUND('',#18650,.T.);
#18650 = EDGE_LOOP('',(#18651,#18652,#18653,#18654));
#18651 = ORIENTED_EDGE('',*,*,#17818,.T.);
#18652 = ORIENTED_EDGE('',*,*,#18503,.T.);
#18653 = ORIENTED_EDGE('',*,*,#17880,.T.);
#18654 = ORIENTED_EDGE('',*,*,#17849,.T.);
#18655 = FACE_BOUND('',#18656,.T.);
#18656 = EDGE_LOOP('',(#18657,#18658,#18659,#18660));
#18657 = ORIENTED_EDGE('',*,*,#17716,.T.);
#18658 = ORIENTED_EDGE('',*,*,#18481,.T.);
#18659 = ORIENTED_EDGE('',*,*,#17778,.T.);
#18660 = ORIENTED_EDGE('',*,*,#17747,.T.);
#18661 = PLANE('',#18662);
#18662 = AXIS2_PLACEMENT_3D('',#18663,#18664,#18665);
#18663 = CARTESIAN_POINT('',(0.,0.635,0.));
#18664 = DIRECTION('',(0.,1.,0.));
#18665 = DIRECTION('',(0.,-0.,1.));
#18666 = ADVANCED_FACE('',(#18667),#18673,.F.);
#18667 = FACE_BOUND('',#18668,.T.);
#18668 = EDGE_LOOP('',(#18669,#18670,#18671,#18672));
#18669 = ORIENTED_EDGE('',*,*,#18106,.F.);
#18670 = ORIENTED_EDGE('',*,*,#18146,.F.);
#18671 = ORIENTED_EDGE('',*,*,#18177,.F.);
#18672 = ORIENTED_EDGE('',*,*,#18562,.F.);
#18673 = PLANE('',#18674);
#18674 = AXIS2_PLACEMENT_3D('',#18675,#18676,#18677);
#18675 = CARTESIAN_POINT('',(0.,-3.048,0.));
#18676 = DIRECTION('',(0.,1.,0.));
#18677 = DIRECTION('',(0.,-0.,1.));
#18678 = ADVANCED_FACE('',(#18679),#18685,.F.);
#18679 = FACE_BOUND('',#18680,.T.);
#18680 = EDGE_LOOP('',(#18681,#18682,#18683,#18684));
#18681 = ORIENTED_EDGE('',*,*,#18004,.F.);
#18682 = ORIENTED_EDGE('',*,*,#18044,.F.);
#18683 = ORIENTED_EDGE('',*,*,#18075,.F.);
#18684 = ORIENTED_EDGE('',*,*,#18540,.F.);
#18685 = PLANE('',#18686);
#18686 = AXIS2_PLACEMENT_3D('',#18687,#18688,#18689);
#18687 = CARTESIAN_POINT('',(0.,-3.048,0.));
#18688 = DIRECTION('',(0.,1.,0.));
#18689 = DIRECTION('',(0.,-0.,1.));
#18690 = ADVANCED_FACE('',(#18691),#18697,.F.);
#18691 = FACE_BOUND('',#18692,.T.);
#18692 = EDGE_LOOP('',(#18693,#18694,#18695,#18696));
#18693 = ORIENTED_EDGE('',*,*,#17902,.F.);
#18694 = ORIENTED_EDGE('',*,*,#17942,.F.);
#18695 = ORIENTED_EDGE('',*,*,#17973,.F.);
#18696 = ORIENTED_EDGE('',*,*,#18518,.F.);
#18697 = PLANE('',#18698);
#18698 = AXIS2_PLACEMENT_3D('',#18699,#18700,#18701);
#18699 = CARTESIAN_POINT('',(0.,-3.048,0.));
#18700 = DIRECTION('',(0.,1.,0.));
#18701 = DIRECTION('',(0.,-0.,1.));
#18702 = ADVANCED_FACE('',(#18703),#18709,.F.);
#18703 = FACE_BOUND('',#18704,.T.);
#18704 = EDGE_LOOP('',(#18705,#18706,#18707,#18708));
#18705 = ORIENTED_EDGE('',*,*,#17800,.F.);
#18706 = ORIENTED_EDGE('',*,*,#17840,.F.);
#18707 = ORIENTED_EDGE('',*,*,#17871,.F.);
#18708 = ORIENTED_EDGE('',*,*,#18496,.F.);
#18709 = PLANE('',#18710);
#18710 = AXIS2_PLACEMENT_3D('',#18711,#18712,#18713);
#18711 = CARTESIAN_POINT('',(0.,-3.048,0.));
#18712 = DIRECTION('',(0.,1.,0.));
#18713 = DIRECTION('',(0.,-0.,1.));
#18714 = ADVANCED_FACE('',(#18715),#18721,.F.);
#18715 = FACE_BOUND('',#18716,.T.);
#18716 = EDGE_LOOP('',(#18717,#18718,#18719,#18720));
#18717 = ORIENTED_EDGE('',*,*,#17698,.F.);
#18718 = ORIENTED_EDGE('',*,*,#17738,.F.);
#18719 = ORIENTED_EDGE('',*,*,#17769,.F.);
#18720 = ORIENTED_EDGE('',*,*,#18474,.F.);
#18721 = PLANE('',#18722);
#18722 = AXIS2_PLACEMENT_3D('',#18723,#18724,#18725);
#18723 = CARTESIAN_POINT('',(0.,-3.048,0.));
#18724 = DIRECTION('',(0.,1.,0.));
#18725 = DIRECTION('',(0.,-0.,1.));
#18726 = ADVANCED_FACE('',(#18727),#18733,.F.);
#18727 = FACE_BOUND('',#18728,.T.);
#18728 = EDGE_LOOP('',(#18729,#18730,#18731,#18732));
#18729 = ORIENTED_EDGE('',*,*,#18208,.F.);
#18730 = ORIENTED_EDGE('',*,*,#18248,.F.);
#18731 = ORIENTED_EDGE('',*,*,#18279,.F.);
#18732 = ORIENTED_EDGE('',*,*,#18584,.F.);
#18733 = PLANE('',#18734);
#18734 = AXIS2_PLACEMENT_3D('',#18735,#18736,#18737);
#18735 = CARTESIAN_POINT('',(0.,-3.048,0.));
#18736 = DIRECTION('',(0.,1.,0.));
#18737 = DIRECTION('',(0.,-0.,1.));
#18738 = ( GEOMETRIC_REPRESENTATION_CONTEXT(3) 
GLOBAL_UNCERTAINTY_ASSIGNED_CONTEXT((#18742)) 
GLOBAL_UNIT_ASSIGNED_CONTEXT((#18739,#18740,#18741)) 
REPRESENTATION_CONTEXT('Context #1',
  '3D Context with UNIT and UNCERTAINTY') );
#18739 = ( LENGTH_UNIT() NAMED_UNIT(*) SI_UNIT(.MILLI.,.METRE.) );
#18740 = ( NAMED_UNIT(*) PLANE_ANGLE_UNIT() SI_UNIT($,.RADIAN.) );
#18741 = ( NAMED_UNIT(*) SI_UNIT($,.STERADIAN.) SOLID_ANGLE_UNIT() );
#18742 = UNCERTAINTY_MEASURE_WITH_UNIT(LENGTH_MEASURE(1.E-07),#18739,
  'distance_accuracy_value','confusion accuracy');
#18743 = CONTEXT_DEPENDENT_SHAPE_REPRESENTATION(#18744,#18746);
#18744 = ( REPRESENTATION_RELATIONSHIP('','',#17207,#13799) 
REPRESENTATION_RELATIONSHIP_WITH_TRANSFORMATION(#18745) 
SHAPE_REPRESENTATION_RELATIONSHIP() );
#18745 = ITEM_DEFINED_TRANSFORMATION('','',#11,#13804);
#18746 = PRODUCT_DEFINITION_SHAPE('Placement','Placement of an item',
  #18747);
#18747 = NEXT_ASSEMBLY_USAGE_OCCURRENCE('28','C-05-01_spins','',#13794,
  #17202,$);
#18748 = PRODUCT_RELATED_PRODUCT_CATEGORY('part',$,(#17204));
#18749 = SHAPE_DEFINITION_REPRESENTATION(#18750,#18756);
#18750 = PRODUCT_DEFINITION_SHAPE('','',#18751);
#18751 = PRODUCT_DEFINITION('design','',#18752,#18755);
#18752 = PRODUCT_DEFINITION_FORMATION('','',#18753);
#18753 = PRODUCT('sensorPCB_PCB','sensorPCB_PCB','',(#18754));
#18754 = PRODUCT_CONTEXT('',#2,'mechanical');
#18755 = PRODUCT_DEFINITION_CONTEXT('part definition',#2,'design');
#18756 = ADVANCED_BREP_SHAPE_REPRESENTATION('',(#11,#18757),#19375);
#18757 = MANIFOLD_SOLID_BREP('',#18758);
#18758 = CLOSED_SHELL('',(#18759,#18799,#18830,#18861,#19010,#19159,
    #19171,#19188,#19205,#19222,#19239,#19256,#19273,#19290,#19307,
    #19324,#19341,#19358));
#18759 = ADVANCED_FACE('',(#18760),#18794,.T.);
#18760 = FACE_BOUND('',#18761,.T.);
#18761 = EDGE_LOOP('',(#18762,#18772,#18780,#18788));
#18762 = ORIENTED_EDGE('',*,*,#18763,.T.);
#18763 = EDGE_CURVE('',#18764,#18766,#18768,.T.);
#18764 = VERTEX_POINT('',#18765);
#18765 = CARTESIAN_POINT('',(140.1,-95.5,0.));
#18766 = VERTEX_POINT('',#18767);
#18767 = CARTESIAN_POINT('',(140.1,-95.5,1.51));
#18768 = LINE('',#18769,#18770);
#18769 = CARTESIAN_POINT('',(140.1,-95.5,0.));
#18770 = VECTOR('',#18771,1.);
#18771 = DIRECTION('',(0.,0.,1.));
#18772 = ORIENTED_EDGE('',*,*,#18773,.T.);
#18773 = EDGE_CURVE('',#18766,#18774,#18776,.T.);
#18774 = VERTEX_POINT('',#18775);
#18775 = CARTESIAN_POINT('',(87.9,-95.5,1.51));
#18776 = LINE('',#18777,#18778);
#18777 = CARTESIAN_POINT('',(140.1,-95.5,1.51));
#18778 = VECTOR('',#18779,1.);
#18779 = DIRECTION('',(-1.,0.,0.));
#18780 = ORIENTED_EDGE('',*,*,#18781,.F.);
#18781 = EDGE_CURVE('',#18782,#18774,#18784,.T.);
#18782 = VERTEX_POINT('',#18783);
#18783 = CARTESIAN_POINT('',(87.9,-95.5,0.));
#18784 = LINE('',#18785,#18786);
#18785 = CARTESIAN_POINT('',(87.9,-95.5,0.));
#18786 = VECTOR('',#18787,1.);
#18787 = DIRECTION('',(0.,0.,1.));
#18788 = ORIENTED_EDGE('',*,*,#18789,.F.);
#18789 = EDGE_CURVE('',#18764,#18782,#18790,.T.);
#18790 = LINE('',#18791,#18792);
#18791 = CARTESIAN_POINT('',(140.1,-95.5,0.));
#18792 = VECTOR('',#18793,1.);
#18793 = DIRECTION('',(-1.,0.,0.));
#18794 = PLANE('',#18795);
#18795 = AXIS2_PLACEMENT_3D('',#18796,#18797,#18798);
#18796 = CARTESIAN_POINT('',(140.1,-95.5,0.));
#18797 = DIRECTION('',(0.,-1.,0.));
#18798 = DIRECTION('',(-1.,0.,0.));
#18799 = ADVANCED_FACE('',(#18800),#18825,.T.);
#18800 = FACE_BOUND('',#18801,.T.);
#18801 = EDGE_LOOP('',(#18802,#18812,#18818,#18819));
#18802 = ORIENTED_EDGE('',*,*,#18803,.T.);
#18803 = EDGE_CURVE('',#18804,#18806,#18808,.T.);
#18804 = VERTEX_POINT('',#18805);
#18805 = CARTESIAN_POINT('',(140.1,-82.55,0.));
#18806 = VERTEX_POINT('',#18807);
#18807 = CARTESIAN_POINT('',(140.1,-82.55,1.51));
#18808 = LINE('',#18809,#18810);
#18809 = CARTESIAN_POINT('',(140.1,-82.55,0.));
#18810 = VECTOR('',#18811,1.);
#18811 = DIRECTION('',(0.,0.,1.));
#18812 = ORIENTED_EDGE('',*,*,#18813,.T.);
#18813 = EDGE_CURVE('',#18806,#18766,#18814,.T.);
#18814 = LINE('',#18815,#18816);
#18815 = CARTESIAN_POINT('',(140.1,-82.55,1.51));
#18816 = VECTOR('',#18817,1.);
#18817 = DIRECTION('',(0.,-1.,0.));
#18818 = ORIENTED_EDGE('',*,*,#18763,.F.);
#18819 = ORIENTED_EDGE('',*,*,#18820,.F.);
#18820 = EDGE_CURVE('',#18804,#18764,#18821,.T.);
#18821 = LINE('',#18822,#18823);
#18822 = CARTESIAN_POINT('',(140.1,-82.55,0.));
#18823 = VECTOR('',#18824,1.);
#18824 = DIRECTION('',(0.,-1.,0.));
#18825 = PLANE('',#18826);
#18826 = AXIS2_PLACEMENT_3D('',#18827,#18828,#18829);
#18827 = CARTESIAN_POINT('',(140.1,-82.55,0.));
#18828 = DIRECTION('',(1.,0.,-0.));
#18829 = DIRECTION('',(0.,-1.,0.));
#18830 = ADVANCED_FACE('',(#18831),#18856,.T.);
#18831 = FACE_BOUND('',#18832,.T.);
#18832 = EDGE_LOOP('',(#18833,#18834,#18842,#18850));
#18833 = ORIENTED_EDGE('',*,*,#18781,.T.);
#18834 = ORIENTED_EDGE('',*,*,#18835,.T.);
#18835 = EDGE_CURVE('',#18774,#18836,#18838,.T.);
#18836 = VERTEX_POINT('',#18837);
#18837 = CARTESIAN_POINT('',(87.9,-82.55,1.51));
#18838 = LINE('',#18839,#18840);
#18839 = CARTESIAN_POINT('',(87.9,-95.5,1.51));
#18840 = VECTOR('',#18841,1.);
#18841 = DIRECTION('',(0.,1.,0.));
#18842 = ORIENTED_EDGE('',*,*,#18843,.F.);
#18843 = EDGE_CURVE('',#18844,#18836,#18846,.T.);
#18844 = VERTEX_POINT('',#18845);
#18845 = CARTESIAN_POINT('',(87.9,-82.55,0.));
#18846 = LINE('',#18847,#18848);
#18847 = CARTESIAN_POINT('',(87.9,-82.55,0.));
#18848 = VECTOR('',#18849,1.);
#18849 = DIRECTION('',(0.,0.,1.));
#18850 = ORIENTED_EDGE('',*,*,#18851,.F.);
#18851 = EDGE_CURVE('',#18782,#18844,#18852,.T.);
#18852 = LINE('',#18853,#18854);
#18853 = CARTESIAN_POINT('',(87.9,-95.5,0.));
#18854 = VECTOR('',#18855,1.);
#18855 = DIRECTION('',(0.,1.,0.));
#18856 = PLANE('',#18857);
#18857 = AXIS2_PLACEMENT_3D('',#18858,#18859,#18860);
#18858 = CARTESIAN_POINT('',(87.9,-95.5,0.));
#18859 = DIRECTION('',(-1.,0.,0.));
#18860 = DIRECTION('',(0.,1.,0.));
#18861 = ADVANCED_FACE('',(#18862,#18873,#18884,#18895,#18906,#18917,
    #18928,#18939,#18950,#18961,#18972,#18983,#18994),#19005,.F.);
#18862 = FACE_BOUND('',#18863,.F.);
#18863 = EDGE_LOOP('',(#18864,#18865,#18866,#18872));
#18864 = ORIENTED_EDGE('',*,*,#18789,.F.);
#18865 = ORIENTED_EDGE('',*,*,#18820,.F.);
#18866 = ORIENTED_EDGE('',*,*,#18867,.F.);
#18867 = EDGE_CURVE('',#18844,#18804,#18868,.T.);
#18868 = LINE('',#18869,#18870);
#18869 = CARTESIAN_POINT('',(87.9,-82.55,0.));
#18870 = VECTOR('',#18871,1.);
#18871 = DIRECTION('',(1.,0.,0.));
#18872 = ORIENTED_EDGE('',*,*,#18851,.F.);
#18873 = FACE_BOUND('',#18874,.F.);
#18874 = EDGE_LOOP('',(#18875));
#18875 = ORIENTED_EDGE('',*,*,#18876,.T.);
#18876 = EDGE_CURVE('',#18877,#18877,#18879,.T.);
#18877 = VERTEX_POINT('',#18878);
#18878 = CARTESIAN_POINT('',(124.29,-94.405,0.));
#18879 = CIRCLE('',#18880,0.355);
#18880 = AXIS2_PLACEMENT_3D('',#18881,#18882,#18883);
#18881 = CARTESIAN_POINT('',(124.29,-94.05,0.));
#18882 = DIRECTION('',(-0.,0.,-1.));
#18883 = DIRECTION('',(4.003057666254E-14,-1.,-0.));
#18884 = FACE_BOUND('',#18885,.F.);
#18885 = EDGE_LOOP('',(#18886));
#18886 = ORIENTED_EDGE('',*,*,#18887,.T.);
#18887 = EDGE_CURVE('',#18888,#18888,#18890,.T.);
#18888 = VERTEX_POINT('',#18889);
#18889 = CARTESIAN_POINT('',(125.56,-94.405,0.));
#18890 = CIRCLE('',#18891,0.355);
#18891 = AXIS2_PLACEMENT_3D('',#18892,#18893,#18894);
#18892 = CARTESIAN_POINT('',(125.56,-94.05,0.));
#18893 = DIRECTION('',(-0.,0.,-1.));
#18894 = DIRECTION('',(-0.,-1.,0.));
#18895 = FACE_BOUND('',#18896,.F.);
#18896 = EDGE_LOOP('',(#18897));
#18897 = ORIENTED_EDGE('',*,*,#18898,.T.);
#18898 = EDGE_CURVE('',#18899,#18899,#18901,.T.);
#18899 = VERTEX_POINT('',#18900);
#18900 = CARTESIAN_POINT('',(124.29,-93.135,0.));
#18901 = CIRCLE('',#18902,0.355);
#18902 = AXIS2_PLACEMENT_3D('',#18903,#18904,#18905);
#18903 = CARTESIAN_POINT('',(124.29,-92.78,0.));
#18904 = DIRECTION('',(-0.,0.,-1.));
#18905 = DIRECTION('',(4.003057666254E-14,-1.,-0.));
#18906 = FACE_BOUND('',#18907,.F.);
#18907 = EDGE_LOOP('',(#18908));
#18908 = ORIENTED_EDGE('',*,*,#18909,.T.);
#18909 = EDGE_CURVE('',#18910,#18910,#18912,.T.);
#18910 = VERTEX_POINT('',#18911);
#18911 = CARTESIAN_POINT('',(125.56,-93.135,0.));
#18912 = CIRCLE('',#18913,0.355);
#18913 = AXIS2_PLACEMENT_3D('',#18914,#18915,#18916);
#18914 = CARTESIAN_POINT('',(125.56,-92.78,0.));
#18915 = DIRECTION('',(-0.,0.,-1.));
#18916 = DIRECTION('',(-0.,-1.,0.));
#18917 = FACE_BOUND('',#18918,.F.);
#18918 = EDGE_LOOP('',(#18919));
#18919 = ORIENTED_EDGE('',*,*,#18920,.T.);
#18920 = EDGE_CURVE('',#18921,#18921,#18923,.T.);
#18921 = VERTEX_POINT('',#18922);
#18922 = CARTESIAN_POINT('',(126.83,-94.405,0.));
#18923 = CIRCLE('',#18924,0.355);
#18924 = AXIS2_PLACEMENT_3D('',#18925,#18926,#18927);
#18925 = CARTESIAN_POINT('',(126.83,-94.05,0.));
#18926 = DIRECTION('',(-0.,0.,-1.));
#18927 = DIRECTION('',(-0.,-1.,0.));
#18928 = FACE_BOUND('',#18929,.F.);
#18929 = EDGE_LOOP('',(#18930));
#18930 = ORIENTED_EDGE('',*,*,#18931,.T.);
#18931 = EDGE_CURVE('',#18932,#18932,#18934,.T.);
#18932 = VERTEX_POINT('',#18933);
#18933 = CARTESIAN_POINT('',(128.1,-94.405,0.));
#18934 = CIRCLE('',#18935,0.355);
#18935 = AXIS2_PLACEMENT_3D('',#18936,#18937,#18938);
#18936 = CARTESIAN_POINT('',(128.1,-94.05,0.));
#18937 = DIRECTION('',(-0.,0.,-1.));
#18938 = DIRECTION('',(-8.006115332508E-14,-1.,0.));
#18939 = FACE_BOUND('',#18940,.F.);
#18940 = EDGE_LOOP('',(#18941));
#18941 = ORIENTED_EDGE('',*,*,#18942,.T.);
#18942 = EDGE_CURVE('',#18943,#18943,#18945,.T.);
#18943 = VERTEX_POINT('',#18944);
#18944 = CARTESIAN_POINT('',(129.37,-94.405,0.));
#18945 = CIRCLE('',#18946,0.355);
#18946 = AXIS2_PLACEMENT_3D('',#18947,#18948,#18949);
#18947 = CARTESIAN_POINT('',(129.37,-94.05,0.));
#18948 = DIRECTION('',(-0.,0.,-1.));
#18949 = DIRECTION('',(-0.,-1.,0.));
#18950 = FACE_BOUND('',#18951,.F.);
#18951 = EDGE_LOOP('',(#18952));
#18952 = ORIENTED_EDGE('',*,*,#18953,.T.);
#18953 = EDGE_CURVE('',#18954,#18954,#18956,.T.);
#18954 = VERTEX_POINT('',#18955);
#18955 = CARTESIAN_POINT('',(126.83,-93.135,0.));
#18956 = CIRCLE('',#18957,0.355);
#18957 = AXIS2_PLACEMENT_3D('',#18958,#18959,#18960);
#18958 = CARTESIAN_POINT('',(126.83,-92.78,0.));
#18959 = DIRECTION('',(-0.,0.,-1.));
#18960 = DIRECTION('',(-0.,-1.,0.));
#18961 = FACE_BOUND('',#18962,.F.);
#18962 = EDGE_LOOP('',(#18963));
#18963 = ORIENTED_EDGE('',*,*,#18964,.T.);
#18964 = EDGE_CURVE('',#18965,#18965,#18967,.T.);
#18965 = VERTEX_POINT('',#18966);
#18966 = CARTESIAN_POINT('',(128.1,-93.135,0.));
#18967 = CIRCLE('',#18968,0.355);
#18968 = AXIS2_PLACEMENT_3D('',#18969,#18970,#18971);
#18969 = CARTESIAN_POINT('',(128.1,-92.78,0.));
#18970 = DIRECTION('',(-0.,0.,-1.));
#18971 = DIRECTION('',(-8.006115332509E-14,-1.,0.));
#18972 = FACE_BOUND('',#18973,.F.);
#18973 = EDGE_LOOP('',(#18974));
#18974 = ORIENTED_EDGE('',*,*,#18975,.T.);
#18975 = EDGE_CURVE('',#18976,#18976,#18978,.T.);
#18976 = VERTEX_POINT('',#18977);
#18977 = CARTESIAN_POINT('',(129.37,-93.135,0.));
#18978 = CIRCLE('',#18979,0.355);
#18979 = AXIS2_PLACEMENT_3D('',#18980,#18981,#18982);
#18980 = CARTESIAN_POINT('',(129.37,-92.78,0.));
#18981 = DIRECTION('',(-0.,0.,-1.));
#18982 = DIRECTION('',(-0.,-1.,0.));
#18983 = FACE_BOUND('',#18984,.F.);
#18984 = EDGE_LOOP('',(#18985));
#18985 = ORIENTED_EDGE('',*,*,#18986,.T.);
#18986 = EDGE_CURVE('',#18987,#18987,#18989,.T.);
#18987 = VERTEX_POINT('',#18988);
#18988 = CARTESIAN_POINT('',(92.,-90.2,0.));
#18989 = CIRCLE('',#18990,1.85);
#18990 = AXIS2_PLACEMENT_3D('',#18991,#18992,#18993);
#18991 = CARTESIAN_POINT('',(92.,-88.35,0.));
#18992 = DIRECTION('',(-0.,0.,-1.));
#18993 = DIRECTION('',(-0.,-1.,0.));
#18994 = FACE_BOUND('',#18995,.F.);
#18995 = EDGE_LOOP('',(#18996));
#18996 = ORIENTED_EDGE('',*,*,#18997,.T.);
#18997 = EDGE_CURVE('',#18998,#18998,#19000,.T.);
#18998 = VERTEX_POINT('',#18999);
#18999 = CARTESIAN_POINT('',(136.,-90.25,0.));
#19000 = CIRCLE('',#19001,1.85);
#19001 = AXIS2_PLACEMENT_3D('',#19002,#19003,#19004);
#19002 = CARTESIAN_POINT('',(136.,-88.4,0.));
#19003 = DIRECTION('',(-0.,0.,-1.));
#19004 = DIRECTION('',(-0.,-1.,0.));
#19005 = PLANE('',#19006);
#19006 = AXIS2_PLACEMENT_3D('',#19007,#19008,#19009);
#19007 = CARTESIAN_POINT('',(0.,0.,0.));
#19008 = DIRECTION('',(0.,0.,1.));
#19009 = DIRECTION('',(1.,0.,-0.));
#19010 = ADVANCED_FACE('',(#19011,#19022,#19033,#19044,#19055,#19066,
    #19077,#19088,#19099,#19110,#19121,#19132,#19143),#19154,.T.);
#19011 = FACE_BOUND('',#19012,.T.);
#19012 = EDGE_LOOP('',(#19013,#19014,#19015,#19021));
#19013 = ORIENTED_EDGE('',*,*,#18773,.F.);
#19014 = ORIENTED_EDGE('',*,*,#18813,.F.);
#19015 = ORIENTED_EDGE('',*,*,#19016,.F.);
#19016 = EDGE_CURVE('',#18836,#18806,#19017,.T.);
#19017 = LINE('',#19018,#19019);
#19018 = CARTESIAN_POINT('',(87.9,-82.55,1.51));
#19019 = VECTOR('',#19020,1.);
#19020 = DIRECTION('',(1.,0.,0.));
#19021 = ORIENTED_EDGE('',*,*,#18835,.F.);
#19022 = FACE_BOUND('',#19023,.T.);
#19023 = EDGE_LOOP('',(#19024));
#19024 = ORIENTED_EDGE('',*,*,#19025,.T.);
#19025 = EDGE_CURVE('',#19026,#19026,#19028,.T.);
#19026 = VERTEX_POINT('',#19027);
#19027 = CARTESIAN_POINT('',(124.29,-94.405,1.51));
#19028 = CIRCLE('',#19029,0.355);
#19029 = AXIS2_PLACEMENT_3D('',#19030,#19031,#19032);
#19030 = CARTESIAN_POINT('',(124.29,-94.05,1.51));
#19031 = DIRECTION('',(-0.,0.,-1.));
#19032 = DIRECTION('',(4.003057666254E-14,-1.,-0.));
#19033 = FACE_BOUND('',#19034,.T.);
#19034 = EDGE_LOOP('',(#19035));
#19035 = ORIENTED_EDGE('',*,*,#19036,.T.);
#19036 = EDGE_CURVE('',#19037,#19037,#19039,.T.);
#19037 = VERTEX_POINT('',#19038);
#19038 = CARTESIAN_POINT('',(125.56,-94.405,1.51));
#19039 = CIRCLE('',#19040,0.355);
#19040 = AXIS2_PLACEMENT_3D('',#19041,#19042,#19043);
#19041 = CARTESIAN_POINT('',(125.56,-94.05,1.51));
#19042 = DIRECTION('',(-0.,0.,-1.));
#19043 = DIRECTION('',(-0.,-1.,0.));
#19044 = FACE_BOUND('',#19045,.T.);
#19045 = EDGE_LOOP('',(#19046));
#19046 = ORIENTED_EDGE('',*,*,#19047,.T.);
#19047 = EDGE_CURVE('',#19048,#19048,#19050,.T.);
#19048 = VERTEX_POINT('',#19049);
#19049 = CARTESIAN_POINT('',(124.29,-93.135,1.51));
#19050 = CIRCLE('',#19051,0.355);
#19051 = AXIS2_PLACEMENT_3D('',#19052,#19053,#19054);
#19052 = CARTESIAN_POINT('',(124.29,-92.78,1.51));
#19053 = DIRECTION('',(-0.,0.,-1.));
#19054 = DIRECTION('',(4.003057666254E-14,-1.,-0.));
#19055 = FACE_BOUND('',#19056,.T.);
#19056 = EDGE_LOOP('',(#19057));
#19057 = ORIENTED_EDGE('',*,*,#19058,.T.);
#19058 = EDGE_CURVE('',#19059,#19059,#19061,.T.);
#19059 = VERTEX_POINT('',#19060);
#19060 = CARTESIAN_POINT('',(125.56,-93.135,1.51));
#19061 = CIRCLE('',#19062,0.355);
#19062 = AXIS2_PLACEMENT_3D('',#19063,#19064,#19065);
#19063 = CARTESIAN_POINT('',(125.56,-92.78,1.51));
#19064 = DIRECTION('',(-0.,0.,-1.));
#19065 = DIRECTION('',(-0.,-1.,0.));
#19066 = FACE_BOUND('',#19067,.T.);
#19067 = EDGE_LOOP('',(#19068));
#19068 = ORIENTED_EDGE('',*,*,#19069,.T.);
#19069 = EDGE_CURVE('',#19070,#19070,#19072,.T.);
#19070 = VERTEX_POINT('',#19071);
#19071 = CARTESIAN_POINT('',(126.83,-94.405,1.51));
#19072 = CIRCLE('',#19073,0.355);
#19073 = AXIS2_PLACEMENT_3D('',#19074,#19075,#19076);
#19074 = CARTESIAN_POINT('',(126.83,-94.05,1.51));
#19075 = DIRECTION('',(-0.,0.,-1.));
#19076 = DIRECTION('',(-0.,-1.,0.));
#19077 = FACE_BOUND('',#19078,.T.);
#19078 = EDGE_LOOP('',(#19079));
#19079 = ORIENTED_EDGE('',*,*,#19080,.T.);
#19080 = EDGE_CURVE('',#19081,#19081,#19083,.T.);
#19081 = VERTEX_POINT('',#19082);
#19082 = CARTESIAN_POINT('',(128.1,-94.405,1.51));
#19083 = CIRCLE('',#19084,0.355);
#19084 = AXIS2_PLACEMENT_3D('',#19085,#19086,#19087);
#19085 = CARTESIAN_POINT('',(128.1,-94.05,1.51));
#19086 = DIRECTION('',(-0.,0.,-1.));
#19087 = DIRECTION('',(-8.006115332508E-14,-1.,0.));
#19088 = FACE_BOUND('',#19089,.T.);
#19089 = EDGE_LOOP('',(#19090));
#19090 = ORIENTED_EDGE('',*,*,#19091,.T.);
#19091 = EDGE_CURVE('',#19092,#19092,#19094,.T.);
#19092 = VERTEX_POINT('',#19093);
#19093 = CARTESIAN_POINT('',(129.37,-94.405,1.51));
#19094 = CIRCLE('',#19095,0.355);
#19095 = AXIS2_PLACEMENT_3D('',#19096,#19097,#19098);
#19096 = CARTESIAN_POINT('',(129.37,-94.05,1.51));
#19097 = DIRECTION('',(-0.,0.,-1.));
#19098 = DIRECTION('',(-0.,-1.,0.));
#19099 = FACE_BOUND('',#19100,.T.);
#19100 = EDGE_LOOP('',(#19101));
#19101 = ORIENTED_EDGE('',*,*,#19102,.T.);
#19102 = EDGE_CURVE('',#19103,#19103,#19105,.T.);
#19103 = VERTEX_POINT('',#19104);
#19104 = CARTESIAN_POINT('',(126.83,-93.135,1.51));
#19105 = CIRCLE('',#19106,0.355);
#19106 = AXIS2_PLACEMENT_3D('',#19107,#19108,#19109);
#19107 = CARTESIAN_POINT('',(126.83,-92.78,1.51));
#19108 = DIRECTION('',(-0.,0.,-1.));
#19109 = DIRECTION('',(-0.,-1.,0.));
#19110 = FACE_BOUND('',#19111,.T.);
#19111 = EDGE_LOOP('',(#19112));
#19112 = ORIENTED_EDGE('',*,*,#19113,.T.);
#19113 = EDGE_CURVE('',#19114,#19114,#19116,.T.);
#19114 = VERTEX_POINT('',#19115);
#19115 = CARTESIAN_POINT('',(128.1,-93.135,1.51));
#19116 = CIRCLE('',#19117,0.355);
#19117 = AXIS2_PLACEMENT_3D('',#19118,#19119,#19120);
#19118 = CARTESIAN_POINT('',(128.1,-92.78,1.51));
#19119 = DIRECTION('',(-0.,0.,-1.));
#19120 = DIRECTION('',(-8.006115332509E-14,-1.,0.));
#19121 = FACE_BOUND('',#19122,.T.);
#19122 = EDGE_LOOP('',(#19123));
#19123 = ORIENTED_EDGE('',*,*,#19124,.T.);
#19124 = EDGE_CURVE('',#19125,#19125,#19127,.T.);
#19125 = VERTEX_POINT('',#19126);
#19126 = CARTESIAN_POINT('',(129.37,-93.135,1.51));
#19127 = CIRCLE('',#19128,0.355);
#19128 = AXIS2_PLACEMENT_3D('',#19129,#19130,#19131);
#19129 = CARTESIAN_POINT('',(129.37,-92.78,1.51));
#19130 = DIRECTION('',(-0.,0.,-1.));
#19131 = DIRECTION('',(-0.,-1.,0.));
#19132 = FACE_BOUND('',#19133,.T.);
#19133 = EDGE_LOOP('',(#19134));
#19134 = ORIENTED_EDGE('',*,*,#19135,.T.);
#19135 = EDGE_CURVE('',#19136,#19136,#19138,.T.);
#19136 = VERTEX_POINT('',#19137);
#19137 = CARTESIAN_POINT('',(92.,-90.2,1.51));
#19138 = CIRCLE('',#19139,1.85);
#19139 = AXIS2_PLACEMENT_3D('',#19140,#19141,#19142);
#19140 = CARTESIAN_POINT('',(92.,-88.35,1.51));
#19141 = DIRECTION('',(-0.,0.,-1.));
#19142 = DIRECTION('',(-0.,-1.,0.));
#19143 = FACE_BOUND('',#19144,.T.);
#19144 = EDGE_LOOP('',(#19145));
#19145 = ORIENTED_EDGE('',*,*,#19146,.T.);
#19146 = EDGE_CURVE('',#19147,#19147,#19149,.T.);
#19147 = VERTEX_POINT('',#19148);
#19148 = CARTESIAN_POINT('',(136.,-90.25,1.51));
#19149 = CIRCLE('',#19150,1.85);
#19150 = AXIS2_PLACEMENT_3D('',#19151,#19152,#19153);
#19151 = CARTESIAN_POINT('',(136.,-88.4,1.51));
#19152 = DIRECTION('',(-0.,0.,-1.));
#19153 = DIRECTION('',(-0.,-1.,0.));
#19154 = PLANE('',#19155);
#19155 = AXIS2_PLACEMENT_3D('',#19156,#19157,#19158);
#19156 = CARTESIAN_POINT('',(0.,0.,1.51));
#19157 = DIRECTION('',(0.,0.,1.));
#19158 = DIRECTION('',(1.,0.,-0.));
#19159 = ADVANCED_FACE('',(#19160),#19166,.T.);
#19160 = FACE_BOUND('',#19161,.T.);
#19161 = EDGE_LOOP('',(#19162,#19163,#19164,#19165));
#19162 = ORIENTED_EDGE('',*,*,#18843,.T.);
#19163 = ORIENTED_EDGE('',*,*,#19016,.T.);
#19164 = ORIENTED_EDGE('',*,*,#18803,.F.);
#19165 = ORIENTED_EDGE('',*,*,#18867,.F.);
#19166 = PLANE('',#19167);
#19167 = AXIS2_PLACEMENT_3D('',#19168,#19169,#19170);
#19168 = CARTESIAN_POINT('',(87.9,-82.55,0.));
#19169 = DIRECTION('',(0.,1.,0.));
#19170 = DIRECTION('',(1.,0.,0.));
#19171 = ADVANCED_FACE('',(#19172),#19183,.F.);
#19172 = FACE_BOUND('',#19173,.T.);
#19173 = EDGE_LOOP('',(#19174,#19175,#19181,#19182));
#19174 = ORIENTED_EDGE('',*,*,#18876,.T.);
#19175 = ORIENTED_EDGE('',*,*,#19176,.T.);
#19176 = EDGE_CURVE('',#18877,#19026,#19177,.T.);
#19177 = LINE('',#19178,#19179);
#19178 = CARTESIAN_POINT('',(124.29,-94.405,-4.6E-02));
#19179 = VECTOR('',#19180,1.);
#19180 = DIRECTION('',(0.,0.,1.));
#19181 = ORIENTED_EDGE('',*,*,#19025,.F.);
#19182 = ORIENTED_EDGE('',*,*,#19176,.F.);
#19183 = CYLINDRICAL_SURFACE('',#19184,0.355);
#19184 = AXIS2_PLACEMENT_3D('',#19185,#19186,#19187);
#19185 = CARTESIAN_POINT('',(124.29,-94.05,-4.6E-02));
#19186 = DIRECTION('',(-0.,0.,-1.));
#19187 = DIRECTION('',(4.003057666254E-14,-1.,-0.));
#19188 = ADVANCED_FACE('',(#19189),#19200,.F.);
#19189 = FACE_BOUND('',#19190,.T.);
#19190 = EDGE_LOOP('',(#19191,#19192,#19198,#19199));
#19191 = ORIENTED_EDGE('',*,*,#18887,.T.);
#19192 = ORIENTED_EDGE('',*,*,#19193,.T.);
#19193 = EDGE_CURVE('',#18888,#19037,#19194,.T.);
#19194 = LINE('',#19195,#19196);
#19195 = CARTESIAN_POINT('',(125.56,-94.405,-4.6E-02));
#19196 = VECTOR('',#19197,1.);
#19197 = DIRECTION('',(0.,0.,1.));
#19198 = ORIENTED_EDGE('',*,*,#19036,.F.);
#19199 = ORIENTED_EDGE('',*,*,#19193,.F.);
#19200 = CYLINDRICAL_SURFACE('',#19201,0.355);
#19201 = AXIS2_PLACEMENT_3D('',#19202,#19203,#19204);
#19202 = CARTESIAN_POINT('',(125.56,-94.05,-4.6E-02));
#19203 = DIRECTION('',(-0.,-0.,-1.));
#19204 = DIRECTION('',(-0.,-1.,0.));
#19205 = ADVANCED_FACE('',(#19206),#19217,.F.);
#19206 = FACE_BOUND('',#19207,.T.);
#19207 = EDGE_LOOP('',(#19208,#19209,#19215,#19216));
#19208 = ORIENTED_EDGE('',*,*,#18898,.T.);
#19209 = ORIENTED_EDGE('',*,*,#19210,.T.);
#19210 = EDGE_CURVE('',#18899,#19048,#19211,.T.);
#19211 = LINE('',#19212,#19213);
#19212 = CARTESIAN_POINT('',(124.29,-93.135,-4.6E-02));
#19213 = VECTOR('',#19214,1.);
#19214 = DIRECTION('',(0.,0.,1.));
#19215 = ORIENTED_EDGE('',*,*,#19047,.F.);
#19216 = ORIENTED_EDGE('',*,*,#19210,.F.);
#19217 = CYLINDRICAL_SURFACE('',#19218,0.355);
#19218 = AXIS2_PLACEMENT_3D('',#19219,#19220,#19221);
#19219 = CARTESIAN_POINT('',(124.29,-92.78,-4.6E-02));
#19220 = DIRECTION('',(-0.,0.,-1.));
#19221 = DIRECTION('',(4.003057666254E-14,-1.,-0.));
#19222 = ADVANCED_FACE('',(#19223),#19234,.F.);
#19223 = FACE_BOUND('',#19224,.T.);
#19224 = EDGE_LOOP('',(#19225,#19226,#19232,#19233));
#19225 = ORIENTED_EDGE('',*,*,#18909,.T.);
#19226 = ORIENTED_EDGE('',*,*,#19227,.T.);
#19227 = EDGE_CURVE('',#18910,#19059,#19228,.T.);
#19228 = LINE('',#19229,#19230);
#19229 = CARTESIAN_POINT('',(125.56,-93.135,-4.6E-02));
#19230 = VECTOR('',#19231,1.);
#19231 = DIRECTION('',(0.,0.,1.));
#19232 = ORIENTED_EDGE('',*,*,#19058,.F.);
#19233 = ORIENTED_EDGE('',*,*,#19227,.F.);
#19234 = CYLINDRICAL_SURFACE('',#19235,0.355);
#19235 = AXIS2_PLACEMENT_3D('',#19236,#19237,#19238);
#19236 = CARTESIAN_POINT('',(125.56,-92.78,-4.6E-02));
#19237 = DIRECTION('',(-0.,-0.,-1.));
#19238 = DIRECTION('',(-0.,-1.,0.));
#19239 = ADVANCED_FACE('',(#19240),#19251,.F.);
#19240 = FACE_BOUND('',#19241,.T.);
#19241 = EDGE_LOOP('',(#19242,#19243,#19249,#19250));
#19242 = ORIENTED_EDGE('',*,*,#18920,.T.);
#19243 = ORIENTED_EDGE('',*,*,#19244,.T.);
#19244 = EDGE_CURVE('',#18921,#19070,#19245,.T.);
#19245 = LINE('',#19246,#19247);
#19246 = CARTESIAN_POINT('',(126.83,-94.405,-4.6E-02));
#19247 = VECTOR('',#19248,1.);
#19248 = DIRECTION('',(0.,0.,1.));
#19249 = ORIENTED_EDGE('',*,*,#19069,.F.);
#19250 = ORIENTED_EDGE('',*,*,#19244,.F.);
#19251 = CYLINDRICAL_SURFACE('',#19252,0.355);
#19252 = AXIS2_PLACEMENT_3D('',#19253,#19254,#19255);
#19253 = CARTESIAN_POINT('',(126.83,-94.05,-4.6E-02));
#19254 = DIRECTION('',(-0.,-0.,-1.));
#19255 = DIRECTION('',(-0.,-1.,0.));
#19256 = ADVANCED_FACE('',(#19257),#19268,.F.);
#19257 = FACE_BOUND('',#19258,.T.);
#19258 = EDGE_LOOP('',(#19259,#19260,#19266,#19267));
#19259 = ORIENTED_EDGE('',*,*,#18931,.T.);
#19260 = ORIENTED_EDGE('',*,*,#19261,.T.);
#19261 = EDGE_CURVE('',#18932,#19081,#19262,.T.);
#19262 = LINE('',#19263,#19264);
#19263 = CARTESIAN_POINT('',(128.1,-94.405,-4.6E-02));
#19264 = VECTOR('',#19265,1.);
#19265 = DIRECTION('',(0.,0.,1.));
#19266 = ORIENTED_EDGE('',*,*,#19080,.F.);
#19267 = ORIENTED_EDGE('',*,*,#19261,.F.);
#19268 = CYLINDRICAL_SURFACE('',#19269,0.355);
#19269 = AXIS2_PLACEMENT_3D('',#19270,#19271,#19272);
#19270 = CARTESIAN_POINT('',(128.1,-94.05,-4.6E-02));
#19271 = DIRECTION('',(-0.,-0.,-1.));
#19272 = DIRECTION('',(-8.006115332508E-14,-1.,0.));
#19273 = ADVANCED_FACE('',(#19274),#19285,.F.);
#19274 = FACE_BOUND('',#19275,.T.);
#19275 = EDGE_LOOP('',(#19276,#19277,#19283,#19284));
#19276 = ORIENTED_EDGE('',*,*,#18942,.T.);
#19277 = ORIENTED_EDGE('',*,*,#19278,.T.);
#19278 = EDGE_CURVE('',#18943,#19092,#19279,.T.);
#19279 = LINE('',#19280,#19281);
#19280 = CARTESIAN_POINT('',(129.37,-94.405,-4.6E-02));
#19281 = VECTOR('',#19282,1.);
#19282 = DIRECTION('',(0.,0.,1.));
#19283 = ORIENTED_EDGE('',*,*,#19091,.F.);
#19284 = ORIENTED_EDGE('',*,*,#19278,.F.);
#19285 = CYLINDRICAL_SURFACE('',#19286,0.355);
#19286 = AXIS2_PLACEMENT_3D('',#19287,#19288,#19289);
#19287 = CARTESIAN_POINT('',(129.37,-94.05,-4.6E-02));
#19288 = DIRECTION('',(-0.,-0.,-1.));
#19289 = DIRECTION('',(-0.,-1.,0.));
#19290 = ADVANCED_FACE('',(#19291),#19302,.F.);
#19291 = FACE_BOUND('',#19292,.T.);
#19292 = EDGE_LOOP('',(#19293,#19294,#19300,#19301));
#19293 = ORIENTED_EDGE('',*,*,#18953,.T.);
#19294 = ORIENTED_EDGE('',*,*,#19295,.T.);
#19295 = EDGE_CURVE('',#18954,#19103,#19296,.T.);
#19296 = LINE('',#19297,#19298);
#19297 = CARTESIAN_POINT('',(126.83,-93.135,-4.6E-02));
#19298 = VECTOR('',#19299,1.);
#19299 = DIRECTION('',(0.,0.,1.));
#19300 = ORIENTED_EDGE('',*,*,#19102,.F.);
#19301 = ORIENTED_EDGE('',*,*,#19295,.F.);
#19302 = CYLINDRICAL_SURFACE('',#19303,0.355);
#19303 = AXIS2_PLACEMENT_3D('',#19304,#19305,#19306);
#19304 = CARTESIAN_POINT('',(126.83,-92.78,-4.6E-02));
#19305 = DIRECTION('',(-0.,-0.,-1.));
#19306 = DIRECTION('',(-0.,-1.,0.));
#19307 = ADVANCED_FACE('',(#19308),#19319,.F.);
#19308 = FACE_BOUND('',#19309,.T.);
#19309 = EDGE_LOOP('',(#19310,#19311,#19317,#19318));
#19310 = ORIENTED_EDGE('',*,*,#18964,.T.);
#19311 = ORIENTED_EDGE('',*,*,#19312,.T.);
#19312 = EDGE_CURVE('',#18965,#19114,#19313,.T.);
#19313 = LINE('',#19314,#19315);
#19314 = CARTESIAN_POINT('',(128.1,-93.135,-4.6E-02));
#19315 = VECTOR('',#19316,1.);
#19316 = DIRECTION('',(0.,0.,1.));
#19317 = ORIENTED_EDGE('',*,*,#19113,.F.);
#19318 = ORIENTED_EDGE('',*,*,#19312,.F.);
#19319 = CYLINDRICAL_SURFACE('',#19320,0.355);
#19320 = AXIS2_PLACEMENT_3D('',#19321,#19322,#19323);
#19321 = CARTESIAN_POINT('',(128.1,-92.78,-4.6E-02));
#19322 = DIRECTION('',(-0.,-0.,-1.));
#19323 = DIRECTION('',(-8.006115332509E-14,-1.,0.));
#19324 = ADVANCED_FACE('',(#19325),#19336,.F.);
#19325 = FACE_BOUND('',#19326,.T.);
#19326 = EDGE_LOOP('',(#19327,#19328,#19334,#19335));
#19327 = ORIENTED_EDGE('',*,*,#18975,.T.);
#19328 = ORIENTED_EDGE('',*,*,#19329,.T.);
#19329 = EDGE_CURVE('',#18976,#19125,#19330,.T.);
#19330 = LINE('',#19331,#19332);
#19331 = CARTESIAN_POINT('',(129.37,-93.135,-4.6E-02));
#19332 = VECTOR('',#19333,1.);
#19333 = DIRECTION('',(0.,0.,1.));
#19334 = ORIENTED_EDGE('',*,*,#19124,.F.);
#19335 = ORIENTED_EDGE('',*,*,#19329,.F.);
#19336 = CYLINDRICAL_SURFACE('',#19337,0.355);
#19337 = AXIS2_PLACEMENT_3D('',#19338,#19339,#19340);
#19338 = CARTESIAN_POINT('',(129.37,-92.78,-4.6E-02));
#19339 = DIRECTION('',(-0.,-0.,-1.));
#19340 = DIRECTION('',(-0.,-1.,0.));
#19341 = ADVANCED_FACE('',(#19342),#19353,.F.);
#19342 = FACE_BOUND('',#19343,.T.);
#19343 = EDGE_LOOP('',(#19344,#19345,#19351,#19352));
#19344 = ORIENTED_EDGE('',*,*,#18986,.T.);
#19345 = ORIENTED_EDGE('',*,*,#19346,.T.);
#19346 = EDGE_CURVE('',#18987,#19136,#19347,.T.);
#19347 = LINE('',#19348,#19349);
#19348 = CARTESIAN_POINT('',(92.,-90.2,-4.6E-02));
#19349 = VECTOR('',#19350,1.);
#19350 = DIRECTION('',(0.,0.,1.));
#19351 = ORIENTED_EDGE('',*,*,#19135,.F.);
#19352 = ORIENTED_EDGE('',*,*,#19346,.F.);
#19353 = CYLINDRICAL_SURFACE('',#19354,1.85);
#19354 = AXIS2_PLACEMENT_3D('',#19355,#19356,#19357);
#19355 = CARTESIAN_POINT('',(92.,-88.35,-4.6E-02));
#19356 = DIRECTION('',(-0.,-0.,-1.));
#19357 = DIRECTION('',(-0.,-1.,0.));
#19358 = ADVANCED_FACE('',(#19359),#19370,.F.);
#19359 = FACE_BOUND('',#19360,.T.);
#19360 = EDGE_LOOP('',(#19361,#19362,#19368,#19369));
#19361 = ORIENTED_EDGE('',*,*,#18997,.T.);
#19362 = ORIENTED_EDGE('',*,*,#19363,.T.);
#19363 = EDGE_CURVE('',#18998,#19147,#19364,.T.);
#19364 = LINE('',#19365,#19366);
#19365 = CARTESIAN_POINT('',(136.,-90.25,-4.6E-02));
#19366 = VECTOR('',#19367,1.);
#19367 = DIRECTION('',(0.,0.,1.));
#19368 = ORIENTED_EDGE('',*,*,#19146,.F.);
#19369 = ORIENTED_EDGE('',*,*,#19363,.F.);
#19370 = CYLINDRICAL_SURFACE('',#19371,1.85);
#19371 = AXIS2_PLACEMENT_3D('',#19372,#19373,#19374);
#19372 = CARTESIAN_POINT('',(136.,-88.4,-4.6E-02));
#19373 = DIRECTION('',(-0.,-0.,-1.));
#19374 = DIRECTION('',(-0.,-1.,0.));
#19375 = ( GEOMETRIC_REPRESENTATION_CONTEXT(3) 
GLOBAL_UNCERTAINTY_ASSIGNED_CONTEXT((#19379)) 
GLOBAL_UNIT_ASSIGNED_CONTEXT((#19376,#19377,#19378)) 
REPRESENTATION_CONTEXT('Context #1',
  '3D Context with UNIT and UNCERTAINTY') );
#19376 = ( LENGTH_UNIT() NAMED_UNIT(*) SI_UNIT(.MILLI.,.METRE.) );
#19377 = ( NAMED_UNIT(*) PLANE_ANGLE_UNIT() SI_UNIT($,.RADIAN.) );
#19378 = ( NAMED_UNIT(*) SI_UNIT($,.STERADIAN.) SOLID_ANGLE_UNIT() );
#19379 = UNCERTAINTY_MEASURE_WITH_UNIT(LENGTH_MEASURE(1.E-07),#19376,
  'distance_accuracy_value','confusion accuracy');
#19380 = CONTEXT_DEPENDENT_SHAPE_REPRESENTATION(#19381,#19383);
#19381 = ( REPRESENTATION_RELATIONSHIP('','',#18756,#10) 
REPRESENTATION_RELATIONSHIP_WITH_TRANSFORMATION(#19382) 
SHAPE_REPRESENTATION_RELATIONSHIP() );
#19382 = ITEM_DEFINED_TRANSFORMATION('','',#11,#95);
#19383 = PRODUCT_DEFINITION_SHAPE('Placement','Placement of an item',
  #19384);
#19384 = NEXT_ASSEMBLY_USAGE_OCCURRENCE('31','=>[0:1:1:18]','',#5,#18751
  ,$);
#19385 = PRODUCT_RELATED_PRODUCT_CATEGORY('part',$,(#18753));
#19386 = MECHANICAL_DESIGN_GEOMETRIC_PRESENTATION_REPRESENTATION('',(
    #19387),#19375);
#19387 = STYLED_ITEM('color',(#19388),#18757);
#19388 = PRESENTATION_STYLE_ASSIGNMENT((#19389));
#19389 = SURFACE_STYLE_USAGE(.BOTH.,#19390);
#19390 = SURFACE_SIDE_STYLE('',(#19391));
#19391 = SURFACE_STYLE_FILL_AREA(#19392);
#19392 = FILL_AREA_STYLE('',(#19393));
#19393 = FILL_AREA_STYLE_COLOUR('',#19394);
#19394 = COLOUR_RGB('',0.313304153717,0.484529207832,0.410020903123);
#19395 = MECHANICAL_DESIGN_GEOMETRIC_PRESENTATION_REPRESENTATION('',(
    #19396,#19404,#19411,#19418,#19425,#19432,#19439,#19446,#19453,
    #19460,#19467,#19474,#19481,#19488,#19495,#19502,#19509,#19516,
    #19523,#19530,#19537,#19544,#19551,#19558,#19565,#19572,#19579,
    #19586,#19593,#19600,#19607,#19614,#19621,#19628,#19635,#19642,
    #19649,#19656,#19663,#19670,#19677,#19684,#19691,#19698,#19705,
    #19712,#19719,#19726,#19733,#19740,#19747,#19754,#19761,#19768,
    #19775,#19782,#19789,#19796,#19803,#19810,#19817,#19824,#19831,
    #19838,#19845,#19852,#19859,#19866,#19873,#19880,#19887,#19894,
    #19901,#19908,#19915,#19922,#19929,#19936,#19943,#19950,#19957,
    #19964,#19971,#19978,#19985,#19992,#19999,#20006,#20013,#20020,
    #20027,#20034,#20041,#20048,#20055,#20062,#20069,#20076,#20084,
    #20091,#20098,#20105,#20112,#20119,#20126,#20133,#20140,#20147,
    #20154,#20161,#20168,#20175,#20182,#20189,#20196,#20203,#20210,
    #20217,#20224,#20231,#20238,#20245,#20252,#20259,#20266,#20273,
    #20280,#20287,#20294,#20301,#20308,#20315,#20322,#20329,#20336,
    #20343,#20350,#20357,#20364,#20371,#20378,#20385,#20392,#20399,
    #20406,#20413,#20420,#20427,#20434,#20441,#20448,#20455,#20462,
    #20469,#20476,#20483,#20490,#20497,#20504,#20511,#20518,#20525,
    #20532,#20539,#20546,#20553,#20560,#20567,#20574,#20581,#20588,
    #20595,#20602,#20609,#20616,#20623,#20630,#20637,#20644,#20651,
    #20658,#20665,#20672,#20679,#20686,#20693,#20700,#20707,#20714,
    #20721,#20728,#20735,#20742,#20749,#20756,#20763,#20770,#20777,
    #20784,#20791,#20798,#20805,#20812,#20819,#20826,#20833,#20840,
    #20847,#20854,#20861,#20868,#20875,#20882,#20889,#20896,#20903,
    #20910,#20917,#20924,#20931,#20938,#20945,#20952,#20959,#20966,
    #20973,#20980,#20987,#20994,#21001,#21008,#21015,#21022,#21029,
    #21036,#21043,#21050,#21057,#21064,#21071,#21078,#21085,#21092,
    #21099,#21106,#21113,#21120,#21127,#21134,#21141,#21148,#21155,
    #21162,#21169,#21176,#21183,#21190,#21197,#21204,#21211,#21218,
    #21225,#21232,#21239,#21246,#21253,#21260),#7520);
#19396 = STYLED_ITEM('color',(#19397),#1032);
#19397 = PRESENTATION_STYLE_ASSIGNMENT((#19398));
#19398 = SURFACE_STYLE_USAGE(.BOTH.,#19399);
#19399 = SURFACE_SIDE_STYLE('',(#19400));
#19400 = SURFACE_STYLE_FILL_AREA(#19401);
#19401 = FILL_AREA_STYLE('',(#19402));
#19402 = FILL_AREA_STYLE_COLOUR('',#19403);
#19403 = COLOUR_RGB('',0.968627457133,0.878431359152,0.599999994755);
#19404 = OVER_RIDING_STYLED_ITEM('overriding color',(#19405),#1034,
  #19396);
#19405 = PRESENTATION_STYLE_ASSIGNMENT((#19406));
#19406 = SURFACE_STYLE_USAGE(.BOTH.,#19407);
#19407 = SURFACE_SIDE_STYLE('',(#19408));
#19408 = SURFACE_STYLE_FILL_AREA(#19409);
#19409 = FILL_AREA_STYLE('',(#19410));
#19410 = FILL_AREA_STYLE_COLOUR('',#19403);
#19411 = OVER_RIDING_STYLED_ITEM('overriding color',(#19412),#1074,
  #19396);
#19412 = PRESENTATION_STYLE_ASSIGNMENT((#19413));
#19413 = SURFACE_STYLE_USAGE(.BOTH.,#19414);
#19414 = SURFACE_SIDE_STYLE('',(#19415));
#19415 = SURFACE_STYLE_FILL_AREA(#19416);
#19416 = FILL_AREA_STYLE('',(#19417));
#19417 = FILL_AREA_STYLE_COLOUR('',#19403);
#19418 = OVER_RIDING_STYLED_ITEM('overriding color',(#19419),#1105,
  #19396);
#19419 = PRESENTATION_STYLE_ASSIGNMENT((#19420));
#19420 = SURFACE_STYLE_USAGE(.BOTH.,#19421);
#19421 = SURFACE_SIDE_STYLE('',(#19422));
#19422 = SURFACE_STYLE_FILL_AREA(#19423);
#19423 = FILL_AREA_STYLE('',(#19424));
#19424 = FILL_AREA_STYLE_COLOUR('',#19403);
#19425 = OVER_RIDING_STYLED_ITEM('overriding color',(#19426),#1129,
  #19396);
#19426 = PRESENTATION_STYLE_ASSIGNMENT((#19427));
#19427 = SURFACE_STYLE_USAGE(.BOTH.,#19428);
#19428 = SURFACE_SIDE_STYLE('',(#19429));
#19429 = SURFACE_STYLE_FILL_AREA(#19430);
#19430 = FILL_AREA_STYLE('',(#19431));
#19431 = FILL_AREA_STYLE_COLOUR('',#19403);
#19432 = OVER_RIDING_STYLED_ITEM('overriding color',(#19433),#1153,
  #19396);
#19433 = PRESENTATION_STYLE_ASSIGNMENT((#19434));
#19434 = SURFACE_STYLE_USAGE(.BOTH.,#19435);
#19435 = SURFACE_SIDE_STYLE('',(#19436));
#19436 = SURFACE_STYLE_FILL_AREA(#19437);
#19437 = FILL_AREA_STYLE('',(#19438));
#19438 = FILL_AREA_STYLE_COLOUR('',#19403);
#19439 = OVER_RIDING_STYLED_ITEM('overriding color',(#19440),#1170,
  #19396);
#19440 = PRESENTATION_STYLE_ASSIGNMENT((#19441));
#19441 = SURFACE_STYLE_USAGE(.BOTH.,#19442);
#19442 = SURFACE_SIDE_STYLE('',(#19443));
#19443 = SURFACE_STYLE_FILL_AREA(#19444);
#19444 = FILL_AREA_STYLE('',(#19445));
#19445 = FILL_AREA_STYLE_COLOUR('',#19403);
#19446 = STYLED_ITEM('color',(#19447),#1182);
#19447 = PRESENTATION_STYLE_ASSIGNMENT((#19448));
#19448 = SURFACE_STYLE_USAGE(.BOTH.,#19449);
#19449 = SURFACE_SIDE_STYLE('',(#19450));
#19450 = SURFACE_STYLE_FILL_AREA(#19451);
#19451 = FILL_AREA_STYLE('',(#19452));
#19452 = FILL_AREA_STYLE_COLOUR('',#19403);
#19453 = OVER_RIDING_STYLED_ITEM('overriding color',(#19454),#1184,
  #19446);
#19454 = PRESENTATION_STYLE_ASSIGNMENT((#19455));
#19455 = SURFACE_STYLE_USAGE(.BOTH.,#19456);
#19456 = SURFACE_SIDE_STYLE('',(#19457));
#19457 = SURFACE_STYLE_FILL_AREA(#19458);
#19458 = FILL_AREA_STYLE('',(#19459));
#19459 = FILL_AREA_STYLE_COLOUR('',#19403);
#19460 = OVER_RIDING_STYLED_ITEM('overriding color',(#19461),#1224,
  #19446);
#19461 = PRESENTATION_STYLE_ASSIGNMENT((#19462));
#19462 = SURFACE_STYLE_USAGE(.BOTH.,#19463);
#19463 = SURFACE_SIDE_STYLE('',(#19464));
#19464 = SURFACE_STYLE_FILL_AREA(#19465);
#19465 = FILL_AREA_STYLE('',(#19466));
#19466 = FILL_AREA_STYLE_COLOUR('',#19403);
#19467 = OVER_RIDING_STYLED_ITEM('overriding color',(#19468),#1255,
  #19446);
#19468 = PRESENTATION_STYLE_ASSIGNMENT((#19469));
#19469 = SURFACE_STYLE_USAGE(.BOTH.,#19470);
#19470 = SURFACE_SIDE_STYLE('',(#19471));
#19471 = SURFACE_STYLE_FILL_AREA(#19472);
#19472 = FILL_AREA_STYLE('',(#19473));
#19473 = FILL_AREA_STYLE_COLOUR('',#19403);
#19474 = OVER_RIDING_STYLED_ITEM('overriding color',(#19475),#1279,
  #19446);
#19475 = PRESENTATION_STYLE_ASSIGNMENT((#19476));
#19476 = SURFACE_STYLE_USAGE(.BOTH.,#19477);
#19477 = SURFACE_SIDE_STYLE('',(#19478));
#19478 = SURFACE_STYLE_FILL_AREA(#19479);
#19479 = FILL_AREA_STYLE('',(#19480));
#19480 = FILL_AREA_STYLE_COLOUR('',#19403);
#19481 = OVER_RIDING_STYLED_ITEM('overriding color',(#19482),#1303,
  #19446);
#19482 = PRESENTATION_STYLE_ASSIGNMENT((#19483));
#19483 = SURFACE_STYLE_USAGE(.BOTH.,#19484);
#19484 = SURFACE_SIDE_STYLE('',(#19485));
#19485 = SURFACE_STYLE_FILL_AREA(#19486);
#19486 = FILL_AREA_STYLE('',(#19487));
#19487 = FILL_AREA_STYLE_COLOUR('',#19403);
#19488 = OVER_RIDING_STYLED_ITEM('overriding color',(#19489),#1320,
  #19446);
#19489 = PRESENTATION_STYLE_ASSIGNMENT((#19490));
#19490 = SURFACE_STYLE_USAGE(.BOTH.,#19491);
#19491 = SURFACE_SIDE_STYLE('',(#19492));
#19492 = SURFACE_STYLE_FILL_AREA(#19493);
#19493 = FILL_AREA_STYLE('',(#19494));
#19494 = FILL_AREA_STYLE_COLOUR('',#19403);
#19495 = STYLED_ITEM('color',(#19496),#1332);
#19496 = PRESENTATION_STYLE_ASSIGNMENT((#19497));
#19497 = SURFACE_STYLE_USAGE(.BOTH.,#19498);
#19498 = SURFACE_SIDE_STYLE('',(#19499));
#19499 = SURFACE_STYLE_FILL_AREA(#19500);
#19500 = FILL_AREA_STYLE('',(#19501));
#19501 = FILL_AREA_STYLE_COLOUR('',#19403);
#19502 = OVER_RIDING_STYLED_ITEM('overriding color',(#19503),#1334,
  #19495);
#19503 = PRESENTATION_STYLE_ASSIGNMENT((#19504));
#19504 = SURFACE_STYLE_USAGE(.BOTH.,#19505);
#19505 = SURFACE_SIDE_STYLE('',(#19506));
#19506 = SURFACE_STYLE_FILL_AREA(#19507);
#19507 = FILL_AREA_STYLE('',(#19508));
#19508 = FILL_AREA_STYLE_COLOUR('',#19403);
#19509 = OVER_RIDING_STYLED_ITEM('overriding color',(#19510),#1374,
  #19495);
#19510 = PRESENTATION_STYLE_ASSIGNMENT((#19511));
#19511 = SURFACE_STYLE_USAGE(.BOTH.,#19512);
#19512 = SURFACE_SIDE_STYLE('',(#19513));
#19513 = SURFACE_STYLE_FILL_AREA(#19514);
#19514 = FILL_AREA_STYLE('',(#19515));
#19515 = FILL_AREA_STYLE_COLOUR('',#19403);
#19516 = OVER_RIDING_STYLED_ITEM('overriding color',(#19517),#1405,
  #19495);
#19517 = PRESENTATION_STYLE_ASSIGNMENT((#19518));
#19518 = SURFACE_STYLE_USAGE(.BOTH.,#19519);
#19519 = SURFACE_SIDE_STYLE('',(#19520));
#19520 = SURFACE_STYLE_FILL_AREA(#19521);
#19521 = FILL_AREA_STYLE('',(#19522));
#19522 = FILL_AREA_STYLE_COLOUR('',#19403);
#19523 = OVER_RIDING_STYLED_ITEM('overriding color',(#19524),#1429,
  #19495);
#19524 = PRESENTATION_STYLE_ASSIGNMENT((#19525));
#19525 = SURFACE_STYLE_USAGE(.BOTH.,#19526);
#19526 = SURFACE_SIDE_STYLE('',(#19527));
#19527 = SURFACE_STYLE_FILL_AREA(#19528);
#19528 = FILL_AREA_STYLE('',(#19529));
#19529 = FILL_AREA_STYLE_COLOUR('',#19403);
#19530 = OVER_RIDING_STYLED_ITEM('overriding color',(#19531),#1453,
  #19495);
#19531 = PRESENTATION_STYLE_ASSIGNMENT((#19532));
#19532 = SURFACE_STYLE_USAGE(.BOTH.,#19533);
#19533 = SURFACE_SIDE_STYLE('',(#19534));
#19534 = SURFACE_STYLE_FILL_AREA(#19535);
#19535 = FILL_AREA_STYLE('',(#19536));
#19536 = FILL_AREA_STYLE_COLOUR('',#19403);
#19537 = OVER_RIDING_STYLED_ITEM('overriding color',(#19538),#1470,
  #19495);
#19538 = PRESENTATION_STYLE_ASSIGNMENT((#19539));
#19539 = SURFACE_STYLE_USAGE(.BOTH.,#19540);
#19540 = SURFACE_SIDE_STYLE('',(#19541));
#19541 = SURFACE_STYLE_FILL_AREA(#19542);
#19542 = FILL_AREA_STYLE('',(#19543));
#19543 = FILL_AREA_STYLE_COLOUR('',#19403);
#19544 = STYLED_ITEM('color',(#19545),#1482);
#19545 = PRESENTATION_STYLE_ASSIGNMENT((#19546));
#19546 = SURFACE_STYLE_USAGE(.BOTH.,#19547);
#19547 = SURFACE_SIDE_STYLE('',(#19548));
#19548 = SURFACE_STYLE_FILL_AREA(#19549);
#19549 = FILL_AREA_STYLE('',(#19550));
#19550 = FILL_AREA_STYLE_COLOUR('',#19403);
#19551 = OVER_RIDING_STYLED_ITEM('overriding color',(#19552),#1484,
  #19544);
#19552 = PRESENTATION_STYLE_ASSIGNMENT((#19553));
#19553 = SURFACE_STYLE_USAGE(.BOTH.,#19554);
#19554 = SURFACE_SIDE_STYLE('',(#19555));
#19555 = SURFACE_STYLE_FILL_AREA(#19556);
#19556 = FILL_AREA_STYLE('',(#19557));
#19557 = FILL_AREA_STYLE_COLOUR('',#19403);
#19558 = OVER_RIDING_STYLED_ITEM('overriding color',(#19559),#1524,
  #19544);
#19559 = PRESENTATION_STYLE_ASSIGNMENT((#19560));
#19560 = SURFACE_STYLE_USAGE(.BOTH.,#19561);
#19561 = SURFACE_SIDE_STYLE('',(#19562));
#19562 = SURFACE_STYLE_FILL_AREA(#19563);
#19563 = FILL_AREA_STYLE('',(#19564));
#19564 = FILL_AREA_STYLE_COLOUR('',#19403);
#19565 = OVER_RIDING_STYLED_ITEM('overriding color',(#19566),#1555,
  #19544);
#19566 = PRESENTATION_STYLE_ASSIGNMENT((#19567));
#19567 = SURFACE_STYLE_USAGE(.BOTH.,#19568);
#19568 = SURFACE_SIDE_STYLE('',(#19569));
#19569 = SURFACE_STYLE_FILL_AREA(#19570);
#19570 = FILL_AREA_STYLE('',(#19571));
#19571 = FILL_AREA_STYLE_COLOUR('',#19403);
#19572 = OVER_RIDING_STYLED_ITEM('overriding color',(#19573),#1579,
  #19544);
#19573 = PRESENTATION_STYLE_ASSIGNMENT((#19574));
#19574 = SURFACE_STYLE_USAGE(.BOTH.,#19575);
#19575 = SURFACE_SIDE_STYLE('',(#19576));
#19576 = SURFACE_STYLE_FILL_AREA(#19577);
#19577 = FILL_AREA_STYLE('',(#19578));
#19578 = FILL_AREA_STYLE_COLOUR('',#19403);
#19579 = OVER_RIDING_STYLED_ITEM('overriding color',(#19580),#1603,
  #19544);
#19580 = PRESENTATION_STYLE_ASSIGNMENT((#19581));
#19581 = SURFACE_STYLE_USAGE(.BOTH.,#19582);
#19582 = SURFACE_SIDE_STYLE('',(#19583));
#19583 = SURFACE_STYLE_FILL_AREA(#19584);
#19584 = FILL_AREA_STYLE('',(#19585));
#19585 = FILL_AREA_STYLE_COLOUR('',#19403);
#19586 = OVER_RIDING_STYLED_ITEM('overriding color',(#19587),#1620,
  #19544);
#19587 = PRESENTATION_STYLE_ASSIGNMENT((#19588));
#19588 = SURFACE_STYLE_USAGE(.BOTH.,#19589);
#19589 = SURFACE_SIDE_STYLE('',(#19590));
#19590 = SURFACE_STYLE_FILL_AREA(#19591);
#19591 = FILL_AREA_STYLE('',(#19592));
#19592 = FILL_AREA_STYLE_COLOUR('',#19403);
#19593 = STYLED_ITEM('color',(#19594),#1632);
#19594 = PRESENTATION_STYLE_ASSIGNMENT((#19595));
#19595 = SURFACE_STYLE_USAGE(.BOTH.,#19596);
#19596 = SURFACE_SIDE_STYLE('',(#19597));
#19597 = SURFACE_STYLE_FILL_AREA(#19598);
#19598 = FILL_AREA_STYLE('',(#19599));
#19599 = FILL_AREA_STYLE_COLOUR('',#19403);
#19600 = OVER_RIDING_STYLED_ITEM('overriding color',(#19601),#1634,
  #19593);
#19601 = PRESENTATION_STYLE_ASSIGNMENT((#19602));
#19602 = SURFACE_STYLE_USAGE(.BOTH.,#19603);
#19603 = SURFACE_SIDE_STYLE('',(#19604));
#19604 = SURFACE_STYLE_FILL_AREA(#19605);
#19605 = FILL_AREA_STYLE('',(#19606));
#19606 = FILL_AREA_STYLE_COLOUR('',#19403);
#19607 = OVER_RIDING_STYLED_ITEM('overriding color',(#19608),#1674,
  #19593);
#19608 = PRESENTATION_STYLE_ASSIGNMENT((#19609));
#19609 = SURFACE_STYLE_USAGE(.BOTH.,#19610);
#19610 = SURFACE_SIDE_STYLE('',(#19611));
#19611 = SURFACE_STYLE_FILL_AREA(#19612);
#19612 = FILL_AREA_STYLE('',(#19613));
#19613 = FILL_AREA_STYLE_COLOUR('',#19403);
#19614 = OVER_RIDING_STYLED_ITEM('overriding color',(#19615),#1705,
  #19593);
#19615 = PRESENTATION_STYLE_ASSIGNMENT((#19616));
#19616 = SURFACE_STYLE_USAGE(.BOTH.,#19617);
#19617 = SURFACE_SIDE_STYLE('',(#19618));
#19618 = SURFACE_STYLE_FILL_AREA(#19619);
#19619 = FILL_AREA_STYLE('',(#19620));
#19620 = FILL_AREA_STYLE_COLOUR('',#19403);
#19621 = OVER_RIDING_STYLED_ITEM('overriding color',(#19622),#1729,
  #19593);
#19622 = PRESENTATION_STYLE_ASSIGNMENT((#19623));
#19623 = SURFACE_STYLE_USAGE(.BOTH.,#19624);
#19624 = SURFACE_SIDE_STYLE('',(#19625));
#19625 = SURFACE_STYLE_FILL_AREA(#19626);
#19626 = FILL_AREA_STYLE('',(#19627));
#19627 = FILL_AREA_STYLE_COLOUR('',#19403);
#19628 = OVER_RIDING_STYLED_ITEM('overriding color',(#19629),#1753,
  #19593);
#19629 = PRESENTATION_STYLE_ASSIGNMENT((#19630));
#19630 = SURFACE_STYLE_USAGE(.BOTH.,#19631);
#19631 = SURFACE_SIDE_STYLE('',(#19632));
#19632 = SURFACE_STYLE_FILL_AREA(#19633);
#19633 = FILL_AREA_STYLE('',(#19634));
#19634 = FILL_AREA_STYLE_COLOUR('',#19403);
#19635 = OVER_RIDING_STYLED_ITEM('overriding color',(#19636),#1770,
  #19593);
#19636 = PRESENTATION_STYLE_ASSIGNMENT((#19637));
#19637 = SURFACE_STYLE_USAGE(.BOTH.,#19638);
#19638 = SURFACE_SIDE_STYLE('',(#19639));
#19639 = SURFACE_STYLE_FILL_AREA(#19640);
#19640 = FILL_AREA_STYLE('',(#19641));
#19641 = FILL_AREA_STYLE_COLOUR('',#19403);
#19642 = STYLED_ITEM('color',(#19643),#1782);
#19643 = PRESENTATION_STYLE_ASSIGNMENT((#19644));
#19644 = SURFACE_STYLE_USAGE(.BOTH.,#19645);
#19645 = SURFACE_SIDE_STYLE('',(#19646));
#19646 = SURFACE_STYLE_FILL_AREA(#19647);
#19647 = FILL_AREA_STYLE('',(#19648));
#19648 = FILL_AREA_STYLE_COLOUR('',#19403);
#19649 = OVER_RIDING_STYLED_ITEM('overriding color',(#19650),#1784,
  #19642);
#19650 = PRESENTATION_STYLE_ASSIGNMENT((#19651));
#19651 = SURFACE_STYLE_USAGE(.BOTH.,#19652);
#19652 = SURFACE_SIDE_STYLE('',(#19653));
#19653 = SURFACE_STYLE_FILL_AREA(#19654);
#19654 = FILL_AREA_STYLE('',(#19655));
#19655 = FILL_AREA_STYLE_COLOUR('',#19403);
#19656 = OVER_RIDING_STYLED_ITEM('overriding color',(#19657),#1824,
  #19642);
#19657 = PRESENTATION_STYLE_ASSIGNMENT((#19658));
#19658 = SURFACE_STYLE_USAGE(.BOTH.,#19659);
#19659 = SURFACE_SIDE_STYLE('',(#19660));
#19660 = SURFACE_STYLE_FILL_AREA(#19661);
#19661 = FILL_AREA_STYLE('',(#19662));
#19662 = FILL_AREA_STYLE_COLOUR('',#19403);
#19663 = OVER_RIDING_STYLED_ITEM('overriding color',(#19664),#1855,
  #19642);
#19664 = PRESENTATION_STYLE_ASSIGNMENT((#19665));
#19665 = SURFACE_STYLE_USAGE(.BOTH.,#19666);
#19666 = SURFACE_SIDE_STYLE('',(#19667));
#19667 = SURFACE_STYLE_FILL_AREA(#19668);
#19668 = FILL_AREA_STYLE('',(#19669));
#19669 = FILL_AREA_STYLE_COLOUR('',#19403);
#19670 = OVER_RIDING_STYLED_ITEM('overriding color',(#19671),#1879,
  #19642);
#19671 = PRESENTATION_STYLE_ASSIGNMENT((#19672));
#19672 = SURFACE_STYLE_USAGE(.BOTH.,#19673);
#19673 = SURFACE_SIDE_STYLE('',(#19674));
#19674 = SURFACE_STYLE_FILL_AREA(#19675);
#19675 = FILL_AREA_STYLE('',(#19676));
#19676 = FILL_AREA_STYLE_COLOUR('',#19403);
#19677 = OVER_RIDING_STYLED_ITEM('overriding color',(#19678),#1903,
  #19642);
#19678 = PRESENTATION_STYLE_ASSIGNMENT((#19679));
#19679 = SURFACE_STYLE_USAGE(.BOTH.,#19680);
#19680 = SURFACE_SIDE_STYLE('',(#19681));
#19681 = SURFACE_STYLE_FILL_AREA(#19682);
#19682 = FILL_AREA_STYLE('',(#19683));
#19683 = FILL_AREA_STYLE_COLOUR('',#19403);
#19684 = OVER_RIDING_STYLED_ITEM('overriding color',(#19685),#1920,
  #19642);
#19685 = PRESENTATION_STYLE_ASSIGNMENT((#19686));
#19686 = SURFACE_STYLE_USAGE(.BOTH.,#19687);
#19687 = SURFACE_SIDE_STYLE('',(#19688));
#19688 = SURFACE_STYLE_FILL_AREA(#19689);
#19689 = FILL_AREA_STYLE('',(#19690));
#19690 = FILL_AREA_STYLE_COLOUR('',#19403);
#19691 = STYLED_ITEM('color',(#19692),#1932);
#19692 = PRESENTATION_STYLE_ASSIGNMENT((#19693));
#19693 = SURFACE_STYLE_USAGE(.BOTH.,#19694);
#19694 = SURFACE_SIDE_STYLE('',(#19695));
#19695 = SURFACE_STYLE_FILL_AREA(#19696);
#19696 = FILL_AREA_STYLE('',(#19697));
#19697 = FILL_AREA_STYLE_COLOUR('',#19403);
#19698 = OVER_RIDING_STYLED_ITEM('overriding color',(#19699),#1934,
  #19691);
#19699 = PRESENTATION_STYLE_ASSIGNMENT((#19700));
#19700 = SURFACE_STYLE_USAGE(.BOTH.,#19701);
#19701 = SURFACE_SIDE_STYLE('',(#19702));
#19702 = SURFACE_STYLE_FILL_AREA(#19703);
#19703 = FILL_AREA_STYLE('',(#19704));
#19704 = FILL_AREA_STYLE_COLOUR('',#19403);
#19705 = OVER_RIDING_STYLED_ITEM('overriding color',(#19706),#1974,
  #19691);
#19706 = PRESENTATION_STYLE_ASSIGNMENT((#19707));
#19707 = SURFACE_STYLE_USAGE(.BOTH.,#19708);
#19708 = SURFACE_SIDE_STYLE('',(#19709));
#19709 = SURFACE_STYLE_FILL_AREA(#19710);
#19710 = FILL_AREA_STYLE('',(#19711));
#19711 = FILL_AREA_STYLE_COLOUR('',#19403);
#19712 = OVER_RIDING_STYLED_ITEM('overriding color',(#19713),#2005,
  #19691);
#19713 = PRESENTATION_STYLE_ASSIGNMENT((#19714));
#19714 = SURFACE_STYLE_USAGE(.BOTH.,#19715);
#19715 = SURFACE_SIDE_STYLE('',(#19716));
#19716 = SURFACE_STYLE_FILL_AREA(#19717);
#19717 = FILL_AREA_STYLE('',(#19718));
#19718 = FILL_AREA_STYLE_COLOUR('',#19403);
#19719 = OVER_RIDING_STYLED_ITEM('overriding color',(#19720),#2029,
  #19691);
#19720 = PRESENTATION_STYLE_ASSIGNMENT((#19721));
#19721 = SURFACE_STYLE_USAGE(.BOTH.,#19722);
#19722 = SURFACE_SIDE_STYLE('',(#19723));
#19723 = SURFACE_STYLE_FILL_AREA(#19724);
#19724 = FILL_AREA_STYLE('',(#19725));
#19725 = FILL_AREA_STYLE_COLOUR('',#19403);
#19726 = OVER_RIDING_STYLED_ITEM('overriding color',(#19727),#2053,
  #19691);
#19727 = PRESENTATION_STYLE_ASSIGNMENT((#19728));
#19728 = SURFACE_STYLE_USAGE(.BOTH.,#19729);
#19729 = SURFACE_SIDE_STYLE('',(#19730));
#19730 = SURFACE_STYLE_FILL_AREA(#19731);
#19731 = FILL_AREA_STYLE('',(#19732));
#19732 = FILL_AREA_STYLE_COLOUR('',#19403);
#19733 = OVER_RIDING_STYLED_ITEM('overriding color',(#19734),#2070,
  #19691);
#19734 = PRESENTATION_STYLE_ASSIGNMENT((#19735));
#19735 = SURFACE_STYLE_USAGE(.BOTH.,#19736);
#19736 = SURFACE_SIDE_STYLE('',(#19737));
#19737 = SURFACE_STYLE_FILL_AREA(#19738);
#19738 = FILL_AREA_STYLE('',(#19739));
#19739 = FILL_AREA_STYLE_COLOUR('',#19403);
#19740 = STYLED_ITEM('color',(#19741),#2082);
#19741 = PRESENTATION_STYLE_ASSIGNMENT((#19742));
#19742 = SURFACE_STYLE_USAGE(.BOTH.,#19743);
#19743 = SURFACE_SIDE_STYLE('',(#19744));
#19744 = SURFACE_STYLE_FILL_AREA(#19745);
#19745 = FILL_AREA_STYLE('',(#19746));
#19746 = FILL_AREA_STYLE_COLOUR('',#19403);
#19747 = OVER_RIDING_STYLED_ITEM('overriding color',(#19748),#2084,
  #19740);
#19748 = PRESENTATION_STYLE_ASSIGNMENT((#19749));
#19749 = SURFACE_STYLE_USAGE(.BOTH.,#19750);
#19750 = SURFACE_SIDE_STYLE('',(#19751));
#19751 = SURFACE_STYLE_FILL_AREA(#19752);
#19752 = FILL_AREA_STYLE('',(#19753));
#19753 = FILL_AREA_STYLE_COLOUR('',#19403);
#19754 = OVER_RIDING_STYLED_ITEM('overriding color',(#19755),#2124,
  #19740);
#19755 = PRESENTATION_STYLE_ASSIGNMENT((#19756));
#19756 = SURFACE_STYLE_USAGE(.BOTH.,#19757);
#19757 = SURFACE_SIDE_STYLE('',(#19758));
#19758 = SURFACE_STYLE_FILL_AREA(#19759);
#19759 = FILL_AREA_STYLE('',(#19760));
#19760 = FILL_AREA_STYLE_COLOUR('',#19403);
#19761 = OVER_RIDING_STYLED_ITEM('overriding color',(#19762),#2155,
  #19740);
#19762 = PRESENTATION_STYLE_ASSIGNMENT((#19763));
#19763 = SURFACE_STYLE_USAGE(.BOTH.,#19764);
#19764 = SURFACE_SIDE_STYLE('',(#19765));
#19765 = SURFACE_STYLE_FILL_AREA(#19766);
#19766 = FILL_AREA_STYLE('',(#19767));
#19767 = FILL_AREA_STYLE_COLOUR('',#19403);
#19768 = OVER_RIDING_STYLED_ITEM('overriding color',(#19769),#2171,
  #19740);
#19769 = PRESENTATION_STYLE_ASSIGNMENT((#19770));
#19770 = SURFACE_STYLE_USAGE(.BOTH.,#19771);
#19771 = SURFACE_SIDE_STYLE('',(#19772));
#19772 = SURFACE_STYLE_FILL_AREA(#19773);
#19773 = FILL_AREA_STYLE('',(#19774));
#19774 = FILL_AREA_STYLE_COLOUR('',#19403);
#19775 = OVER_RIDING_STYLED_ITEM('overriding color',(#19776),#2188,
  #19740);
#19776 = PRESENTATION_STYLE_ASSIGNMENT((#19777));
#19777 = SURFACE_STYLE_USAGE(.BOTH.,#19778);
#19778 = SURFACE_SIDE_STYLE('',(#19779));
#19779 = SURFACE_STYLE_FILL_AREA(#19780);
#19780 = FILL_AREA_STYLE('',(#19781));
#19781 = FILL_AREA_STYLE_COLOUR('',#19403);
#19782 = STYLED_ITEM('color',(#19783),#2199);
#19783 = PRESENTATION_STYLE_ASSIGNMENT((#19784));
#19784 = SURFACE_STYLE_USAGE(.BOTH.,#19785);
#19785 = SURFACE_SIDE_STYLE('',(#19786));
#19786 = SURFACE_STYLE_FILL_AREA(#19787);
#19787 = FILL_AREA_STYLE('',(#19788));
#19788 = FILL_AREA_STYLE_COLOUR('',#19403);
#19789 = OVER_RIDING_STYLED_ITEM('overriding color',(#19790),#2201,
  #19782);
#19790 = PRESENTATION_STYLE_ASSIGNMENT((#19791));
#19791 = SURFACE_STYLE_USAGE(.BOTH.,#19792);
#19792 = SURFACE_SIDE_STYLE('',(#19793));
#19793 = SURFACE_STYLE_FILL_AREA(#19794);
#19794 = FILL_AREA_STYLE('',(#19795));
#19795 = FILL_AREA_STYLE_COLOUR('',#19403);
#19796 = OVER_RIDING_STYLED_ITEM('overriding color',(#19797),#2241,
  #19782);
#19797 = PRESENTATION_STYLE_ASSIGNMENT((#19798));
#19798 = SURFACE_STYLE_USAGE(.BOTH.,#19799);
#19799 = SURFACE_SIDE_STYLE('',(#19800));
#19800 = SURFACE_STYLE_FILL_AREA(#19801);
#19801 = FILL_AREA_STYLE('',(#19802));
#19802 = FILL_AREA_STYLE_COLOUR('',#19403);
#19803 = OVER_RIDING_STYLED_ITEM('overriding color',(#19804),#2272,
  #19782);
#19804 = PRESENTATION_STYLE_ASSIGNMENT((#19805));
#19805 = SURFACE_STYLE_USAGE(.BOTH.,#19806);
#19806 = SURFACE_SIDE_STYLE('',(#19807));
#19807 = SURFACE_STYLE_FILL_AREA(#19808);
#19808 = FILL_AREA_STYLE('',(#19809));
#19809 = FILL_AREA_STYLE_COLOUR('',#19403);
#19810 = OVER_RIDING_STYLED_ITEM('overriding color',(#19811),#2296,
  #19782);
#19811 = PRESENTATION_STYLE_ASSIGNMENT((#19812));
#19812 = SURFACE_STYLE_USAGE(.BOTH.,#19813);
#19813 = SURFACE_SIDE_STYLE('',(#19814));
#19814 = SURFACE_STYLE_FILL_AREA(#19815);
#19815 = FILL_AREA_STYLE('',(#19816));
#19816 = FILL_AREA_STYLE_COLOUR('',#19403);
#19817 = OVER_RIDING_STYLED_ITEM('overriding color',(#19818),#2320,
  #19782);
#19818 = PRESENTATION_STYLE_ASSIGNMENT((#19819));
#19819 = SURFACE_STYLE_USAGE(.BOTH.,#19820);
#19820 = SURFACE_SIDE_STYLE('',(#19821));
#19821 = SURFACE_STYLE_FILL_AREA(#19822);
#19822 = FILL_AREA_STYLE('',(#19823));
#19823 = FILL_AREA_STYLE_COLOUR('',#19403);
#19824 = OVER_RIDING_STYLED_ITEM('overriding color',(#19825),#2337,
  #19782);
#19825 = PRESENTATION_STYLE_ASSIGNMENT((#19826));
#19826 = SURFACE_STYLE_USAGE(.BOTH.,#19827);
#19827 = SURFACE_SIDE_STYLE('',(#19828));
#19828 = SURFACE_STYLE_FILL_AREA(#19829);
#19829 = FILL_AREA_STYLE('',(#19830));
#19830 = FILL_AREA_STYLE_COLOUR('',#19403);
#19831 = STYLED_ITEM('color',(#19832),#2349);
#19832 = PRESENTATION_STYLE_ASSIGNMENT((#19833));
#19833 = SURFACE_STYLE_USAGE(.BOTH.,#19834);
#19834 = SURFACE_SIDE_STYLE('',(#19835));
#19835 = SURFACE_STYLE_FILL_AREA(#19836);
#19836 = FILL_AREA_STYLE('',(#19837));
#19837 = FILL_AREA_STYLE_COLOUR('',#19403);
#19838 = OVER_RIDING_STYLED_ITEM('overriding color',(#19839),#2351,
  #19831);
#19839 = PRESENTATION_STYLE_ASSIGNMENT((#19840));
#19840 = SURFACE_STYLE_USAGE(.BOTH.,#19841);
#19841 = SURFACE_SIDE_STYLE('',(#19842));
#19842 = SURFACE_STYLE_FILL_AREA(#19843);
#19843 = FILL_AREA_STYLE('',(#19844));
#19844 = FILL_AREA_STYLE_COLOUR('',#19403);
#19845 = OVER_RIDING_STYLED_ITEM('overriding color',(#19846),#2391,
  #19831);
#19846 = PRESENTATION_STYLE_ASSIGNMENT((#19847));
#19847 = SURFACE_STYLE_USAGE(.BOTH.,#19848);
#19848 = SURFACE_SIDE_STYLE('',(#19849));
#19849 = SURFACE_STYLE_FILL_AREA(#19850);
#19850 = FILL_AREA_STYLE('',(#19851));
#19851 = FILL_AREA_STYLE_COLOUR('',#19403);
#19852 = OVER_RIDING_STYLED_ITEM('overriding color',(#19853),#2422,
  #19831);
#19853 = PRESENTATION_STYLE_ASSIGNMENT((#19854));
#19854 = SURFACE_STYLE_USAGE(.BOTH.,#19855);
#19855 = SURFACE_SIDE_STYLE('',(#19856));
#19856 = SURFACE_STYLE_FILL_AREA(#19857);
#19857 = FILL_AREA_STYLE('',(#19858));
#19858 = FILL_AREA_STYLE_COLOUR('',#19403);
#19859 = OVER_RIDING_STYLED_ITEM('overriding color',(#19860),#2446,
  #19831);
#19860 = PRESENTATION_STYLE_ASSIGNMENT((#19861));
#19861 = SURFACE_STYLE_USAGE(.BOTH.,#19862);
#19862 = SURFACE_SIDE_STYLE('',(#19863));
#19863 = SURFACE_STYLE_FILL_AREA(#19864);
#19864 = FILL_AREA_STYLE('',(#19865));
#19865 = FILL_AREA_STYLE_COLOUR('',#19403);
#19866 = OVER_RIDING_STYLED_ITEM('overriding color',(#19867),#2470,
  #19831);
#19867 = PRESENTATION_STYLE_ASSIGNMENT((#19868));
#19868 = SURFACE_STYLE_USAGE(.BOTH.,#19869);
#19869 = SURFACE_SIDE_STYLE('',(#19870));
#19870 = SURFACE_STYLE_FILL_AREA(#19871);
#19871 = FILL_AREA_STYLE('',(#19872));
#19872 = FILL_AREA_STYLE_COLOUR('',#19403);
#19873 = OVER_RIDING_STYLED_ITEM('overriding color',(#19874),#2487,
  #19831);
#19874 = PRESENTATION_STYLE_ASSIGNMENT((#19875));
#19875 = SURFACE_STYLE_USAGE(.BOTH.,#19876);
#19876 = SURFACE_SIDE_STYLE('',(#19877));
#19877 = SURFACE_STYLE_FILL_AREA(#19878);
#19878 = FILL_AREA_STYLE('',(#19879));
#19879 = FILL_AREA_STYLE_COLOUR('',#19403);
#19880 = STYLED_ITEM('color',(#19881),#2499);
#19881 = PRESENTATION_STYLE_ASSIGNMENT((#19882));
#19882 = SURFACE_STYLE_USAGE(.BOTH.,#19883);
#19883 = SURFACE_SIDE_STYLE('',(#19884));
#19884 = SURFACE_STYLE_FILL_AREA(#19885);
#19885 = FILL_AREA_STYLE('',(#19886));
#19886 = FILL_AREA_STYLE_COLOUR('',#19403);
#19887 = OVER_RIDING_STYLED_ITEM('overriding color',(#19888),#2501,
  #19880);
#19888 = PRESENTATION_STYLE_ASSIGNMENT((#19889));
#19889 = SURFACE_STYLE_USAGE(.BOTH.,#19890);
#19890 = SURFACE_SIDE_STYLE('',(#19891));
#19891 = SURFACE_STYLE_FILL_AREA(#19892);
#19892 = FILL_AREA_STYLE('',(#19893));
#19893 = FILL_AREA_STYLE_COLOUR('',#19403);
#19894 = OVER_RIDING_STYLED_ITEM('overriding color',(#19895),#2541,
  #19880);
#19895 = PRESENTATION_STYLE_ASSIGNMENT((#19896));
#19896 = SURFACE_STYLE_USAGE(.BOTH.,#19897);
#19897 = SURFACE_SIDE_STYLE('',(#19898));
#19898 = SURFACE_STYLE_FILL_AREA(#19899);
#19899 = FILL_AREA_STYLE('',(#19900));
#19900 = FILL_AREA_STYLE_COLOUR('',#19403);
#19901 = OVER_RIDING_STYLED_ITEM('overriding color',(#19902),#2572,
  #19880);
#19902 = PRESENTATION_STYLE_ASSIGNMENT((#19903));
#19903 = SURFACE_STYLE_USAGE(.BOTH.,#19904);
#19904 = SURFACE_SIDE_STYLE('',(#19905));
#19905 = SURFACE_STYLE_FILL_AREA(#19906);
#19906 = FILL_AREA_STYLE('',(#19907));
#19907 = FILL_AREA_STYLE_COLOUR('',#19403);
#19908 = OVER_RIDING_STYLED_ITEM('overriding color',(#19909),#2596,
  #19880);
#19909 = PRESENTATION_STYLE_ASSIGNMENT((#19910));
#19910 = SURFACE_STYLE_USAGE(.BOTH.,#19911);
#19911 = SURFACE_SIDE_STYLE('',(#19912));
#19912 = SURFACE_STYLE_FILL_AREA(#19913);
#19913 = FILL_AREA_STYLE('',(#19914));
#19914 = FILL_AREA_STYLE_COLOUR('',#19403);
#19915 = OVER_RIDING_STYLED_ITEM('overriding color',(#19916),#2620,
  #19880);
#19916 = PRESENTATION_STYLE_ASSIGNMENT((#19917));
#19917 = SURFACE_STYLE_USAGE(.BOTH.,#19918);
#19918 = SURFACE_SIDE_STYLE('',(#19919));
#19919 = SURFACE_STYLE_FILL_AREA(#19920);
#19920 = FILL_AREA_STYLE('',(#19921));
#19921 = FILL_AREA_STYLE_COLOUR('',#19403);
#19922 = OVER_RIDING_STYLED_ITEM('overriding color',(#19923),#2637,
  #19880);
#19923 = PRESENTATION_STYLE_ASSIGNMENT((#19924));
#19924 = SURFACE_STYLE_USAGE(.BOTH.,#19925);
#19925 = SURFACE_SIDE_STYLE('',(#19926));
#19926 = SURFACE_STYLE_FILL_AREA(#19927);
#19927 = FILL_AREA_STYLE('',(#19928));
#19928 = FILL_AREA_STYLE_COLOUR('',#19403);
#19929 = STYLED_ITEM('color',(#19930),#2649);
#19930 = PRESENTATION_STYLE_ASSIGNMENT((#19931));
#19931 = SURFACE_STYLE_USAGE(.BOTH.,#19932);
#19932 = SURFACE_SIDE_STYLE('',(#19933));
#19933 = SURFACE_STYLE_FILL_AREA(#19934);
#19934 = FILL_AREA_STYLE('',(#19935));
#19935 = FILL_AREA_STYLE_COLOUR('',#19403);
#19936 = OVER_RIDING_STYLED_ITEM('overriding color',(#19937),#2651,
  #19929);
#19937 = PRESENTATION_STYLE_ASSIGNMENT((#19938));
#19938 = SURFACE_STYLE_USAGE(.BOTH.,#19939);
#19939 = SURFACE_SIDE_STYLE('',(#19940));
#19940 = SURFACE_STYLE_FILL_AREA(#19941);
#19941 = FILL_AREA_STYLE('',(#19942));
#19942 = FILL_AREA_STYLE_COLOUR('',#19403);
#19943 = OVER_RIDING_STYLED_ITEM('overriding color',(#19944),#2691,
  #19929);
#19944 = PRESENTATION_STYLE_ASSIGNMENT((#19945));
#19945 = SURFACE_STYLE_USAGE(.BOTH.,#19946);
#19946 = SURFACE_SIDE_STYLE('',(#19947));
#19947 = SURFACE_STYLE_FILL_AREA(#19948);
#19948 = FILL_AREA_STYLE('',(#19949));
#19949 = FILL_AREA_STYLE_COLOUR('',#19403);
#19950 = OVER_RIDING_STYLED_ITEM('overriding color',(#19951),#2722,
  #19929);
#19951 = PRESENTATION_STYLE_ASSIGNMENT((#19952));
#19952 = SURFACE_STYLE_USAGE(.BOTH.,#19953);
#19953 = SURFACE_SIDE_STYLE('',(#19954));
#19954 = SURFACE_STYLE_FILL_AREA(#19955);
#19955 = FILL_AREA_STYLE('',(#19956));
#19956 = FILL_AREA_STYLE_COLOUR('',#19403);
#19957 = OVER_RIDING_STYLED_ITEM('overriding color',(#19958),#2746,
  #19929);
#19958 = PRESENTATION_STYLE_ASSIGNMENT((#19959));
#19959 = SURFACE_STYLE_USAGE(.BOTH.,#19960);
#19960 = SURFACE_SIDE_STYLE('',(#19961));
#19961 = SURFACE_STYLE_FILL_AREA(#19962);
#19962 = FILL_AREA_STYLE('',(#19963));
#19963 = FILL_AREA_STYLE_COLOUR('',#19403);
#19964 = OVER_RIDING_STYLED_ITEM('overriding color',(#19965),#2770,
  #19929);
#19965 = PRESENTATION_STYLE_ASSIGNMENT((#19966));
#19966 = SURFACE_STYLE_USAGE(.BOTH.,#19967);
#19967 = SURFACE_SIDE_STYLE('',(#19968));
#19968 = SURFACE_STYLE_FILL_AREA(#19969);
#19969 = FILL_AREA_STYLE('',(#19970));
#19970 = FILL_AREA_STYLE_COLOUR('',#19403);
#19971 = OVER_RIDING_STYLED_ITEM('overriding color',(#19972),#2787,
  #19929);
#19972 = PRESENTATION_STYLE_ASSIGNMENT((#19973));
#19973 = SURFACE_STYLE_USAGE(.BOTH.,#19974);
#19974 = SURFACE_SIDE_STYLE('',(#19975));
#19975 = SURFACE_STYLE_FILL_AREA(#19976);
#19976 = FILL_AREA_STYLE('',(#19977));
#19977 = FILL_AREA_STYLE_COLOUR('',#19403);
#19978 = STYLED_ITEM('color',(#19979),#2799);
#19979 = PRESENTATION_STYLE_ASSIGNMENT((#19980));
#19980 = SURFACE_STYLE_USAGE(.BOTH.,#19981);
#19981 = SURFACE_SIDE_STYLE('',(#19982));
#19982 = SURFACE_STYLE_FILL_AREA(#19983);
#19983 = FILL_AREA_STYLE('',(#19984));
#19984 = FILL_AREA_STYLE_COLOUR('',#19403);
#19985 = OVER_RIDING_STYLED_ITEM('overriding color',(#19986),#2801,
  #19978);
#19986 = PRESENTATION_STYLE_ASSIGNMENT((#19987));
#19987 = SURFACE_STYLE_USAGE(.BOTH.,#19988);
#19988 = SURFACE_SIDE_STYLE('',(#19989));
#19989 = SURFACE_STYLE_FILL_AREA(#19990);
#19990 = FILL_AREA_STYLE('',(#19991));
#19991 = FILL_AREA_STYLE_COLOUR('',#19403);
#19992 = OVER_RIDING_STYLED_ITEM('overriding color',(#19993),#2841,
  #19978);
#19993 = PRESENTATION_STYLE_ASSIGNMENT((#19994));
#19994 = SURFACE_STYLE_USAGE(.BOTH.,#19995);
#19995 = SURFACE_SIDE_STYLE('',(#19996));
#19996 = SURFACE_STYLE_FILL_AREA(#19997);
#19997 = FILL_AREA_STYLE('',(#19998));
#19998 = FILL_AREA_STYLE_COLOUR('',#19403);
#19999 = OVER_RIDING_STYLED_ITEM('overriding color',(#20000),#2872,
  #19978);
#20000 = PRESENTATION_STYLE_ASSIGNMENT((#20001));
#20001 = SURFACE_STYLE_USAGE(.BOTH.,#20002);
#20002 = SURFACE_SIDE_STYLE('',(#20003));
#20003 = SURFACE_STYLE_FILL_AREA(#20004);
#20004 = FILL_AREA_STYLE('',(#20005));
#20005 = FILL_AREA_STYLE_COLOUR('',#19403);
#20006 = OVER_RIDING_STYLED_ITEM('overriding color',(#20007),#2896,
  #19978);
#20007 = PRESENTATION_STYLE_ASSIGNMENT((#20008));
#20008 = SURFACE_STYLE_USAGE(.BOTH.,#20009);
#20009 = SURFACE_SIDE_STYLE('',(#20010));
#20010 = SURFACE_STYLE_FILL_AREA(#20011);
#20011 = FILL_AREA_STYLE('',(#20012));
#20012 = FILL_AREA_STYLE_COLOUR('',#19403);
#20013 = OVER_RIDING_STYLED_ITEM('overriding color',(#20014),#2920,
  #19978);
#20014 = PRESENTATION_STYLE_ASSIGNMENT((#20015));
#20015 = SURFACE_STYLE_USAGE(.BOTH.,#20016);
#20016 = SURFACE_SIDE_STYLE('',(#20017));
#20017 = SURFACE_STYLE_FILL_AREA(#20018);
#20018 = FILL_AREA_STYLE('',(#20019));
#20019 = FILL_AREA_STYLE_COLOUR('',#19403);
#20020 = OVER_RIDING_STYLED_ITEM('overriding color',(#20021),#2937,
  #19978);
#20021 = PRESENTATION_STYLE_ASSIGNMENT((#20022));
#20022 = SURFACE_STYLE_USAGE(.BOTH.,#20023);
#20023 = SURFACE_SIDE_STYLE('',(#20024));
#20024 = SURFACE_STYLE_FILL_AREA(#20025);
#20025 = FILL_AREA_STYLE('',(#20026));
#20026 = FILL_AREA_STYLE_COLOUR('',#19403);
#20027 = STYLED_ITEM('color',(#20028),#2949);
#20028 = PRESENTATION_STYLE_ASSIGNMENT((#20029));
#20029 = SURFACE_STYLE_USAGE(.BOTH.,#20030);
#20030 = SURFACE_SIDE_STYLE('',(#20031));
#20031 = SURFACE_STYLE_FILL_AREA(#20032);
#20032 = FILL_AREA_STYLE('',(#20033));
#20033 = FILL_AREA_STYLE_COLOUR('',#19403);
#20034 = OVER_RIDING_STYLED_ITEM('overriding color',(#20035),#2951,
  #20027);
#20035 = PRESENTATION_STYLE_ASSIGNMENT((#20036));
#20036 = SURFACE_STYLE_USAGE(.BOTH.,#20037);
#20037 = SURFACE_SIDE_STYLE('',(#20038));
#20038 = SURFACE_STYLE_FILL_AREA(#20039);
#20039 = FILL_AREA_STYLE('',(#20040));
#20040 = FILL_AREA_STYLE_COLOUR('',#19403);
#20041 = OVER_RIDING_STYLED_ITEM('overriding color',(#20042),#2991,
  #20027);
#20042 = PRESENTATION_STYLE_ASSIGNMENT((#20043));
#20043 = SURFACE_STYLE_USAGE(.BOTH.,#20044);
#20044 = SURFACE_SIDE_STYLE('',(#20045));
#20045 = SURFACE_STYLE_FILL_AREA(#20046);
#20046 = FILL_AREA_STYLE('',(#20047));
#20047 = FILL_AREA_STYLE_COLOUR('',#19403);
#20048 = OVER_RIDING_STYLED_ITEM('overriding color',(#20049),#3022,
  #20027);
#20049 = PRESENTATION_STYLE_ASSIGNMENT((#20050));
#20050 = SURFACE_STYLE_USAGE(.BOTH.,#20051);
#20051 = SURFACE_SIDE_STYLE('',(#20052));
#20052 = SURFACE_STYLE_FILL_AREA(#20053);
#20053 = FILL_AREA_STYLE('',(#20054));
#20054 = FILL_AREA_STYLE_COLOUR('',#19403);
#20055 = OVER_RIDING_STYLED_ITEM('overriding color',(#20056),#3046,
  #20027);
#20056 = PRESENTATION_STYLE_ASSIGNMENT((#20057));
#20057 = SURFACE_STYLE_USAGE(.BOTH.,#20058);
#20058 = SURFACE_SIDE_STYLE('',(#20059));
#20059 = SURFACE_STYLE_FILL_AREA(#20060);
#20060 = FILL_AREA_STYLE('',(#20061));
#20061 = FILL_AREA_STYLE_COLOUR('',#19403);
#20062 = OVER_RIDING_STYLED_ITEM('overriding color',(#20063),#3070,
  #20027);
#20063 = PRESENTATION_STYLE_ASSIGNMENT((#20064));
#20064 = SURFACE_STYLE_USAGE(.BOTH.,#20065);
#20065 = SURFACE_SIDE_STYLE('',(#20066));
#20066 = SURFACE_STYLE_FILL_AREA(#20067);
#20067 = FILL_AREA_STYLE('',(#20068));
#20068 = FILL_AREA_STYLE_COLOUR('',#19403);
#20069 = OVER_RIDING_STYLED_ITEM('overriding color',(#20070),#3087,
  #20027);
#20070 = PRESENTATION_STYLE_ASSIGNMENT((#20071));
#20071 = SURFACE_STYLE_USAGE(.BOTH.,#20072);
#20072 = SURFACE_SIDE_STYLE('',(#20073));
#20073 = SURFACE_STYLE_FILL_AREA(#20074);
#20074 = FILL_AREA_STYLE('',(#20075));
#20075 = FILL_AREA_STYLE_COLOUR('',#19403);
#20076 = STYLED_ITEM('color',(#20077),#3099);
#20077 = PRESENTATION_STYLE_ASSIGNMENT((#20078));
#20078 = SURFACE_STYLE_USAGE(.BOTH.,#20079);
#20079 = SURFACE_SIDE_STYLE('',(#20080));
#20080 = SURFACE_STYLE_FILL_AREA(#20081);
#20081 = FILL_AREA_STYLE('',(#20082));
#20082 = FILL_AREA_STYLE_COLOUR('',#20083);
#20083 = COLOUR_RGB('',0.250980388104,0.250980388104,0.250980388104);
#20084 = OVER_RIDING_STYLED_ITEM('overriding color',(#20085),#3101,
  #20076);
#20085 = PRESENTATION_STYLE_ASSIGNMENT((#20086));
#20086 = SURFACE_STYLE_USAGE(.BOTH.,#20087);
#20087 = SURFACE_SIDE_STYLE('',(#20088));
#20088 = SURFACE_STYLE_FILL_AREA(#20089);
#20089 = FILL_AREA_STYLE('',(#20090));
#20090 = FILL_AREA_STYLE_COLOUR('',#20083);
#20091 = OVER_RIDING_STYLED_ITEM('overriding color',(#20092),#3143,
  #20076);
#20092 = PRESENTATION_STYLE_ASSIGNMENT((#20093));
#20093 = SURFACE_STYLE_USAGE(.BOTH.,#20094);
#20094 = SURFACE_SIDE_STYLE('',(#20095));
#20095 = SURFACE_STYLE_FILL_AREA(#20096);
#20096 = FILL_AREA_STYLE('',(#20097));
#20097 = FILL_AREA_STYLE_COLOUR('',#20083);
#20098 = OVER_RIDING_STYLED_ITEM('overriding color',(#20099),#3175,
  #20076);
#20099 = PRESENTATION_STYLE_ASSIGNMENT((#20100));
#20100 = SURFACE_STYLE_USAGE(.BOTH.,#20101);
#20101 = SURFACE_SIDE_STYLE('',(#20102));
#20102 = SURFACE_STYLE_FILL_AREA(#20103);
#20103 = FILL_AREA_STYLE('',(#20104));
#20104 = FILL_AREA_STYLE_COLOUR('',#20083);
#20105 = OVER_RIDING_STYLED_ITEM('overriding color',(#20106),#3921,
  #20076);
#20106 = PRESENTATION_STYLE_ASSIGNMENT((#20107));
#20107 = SURFACE_STYLE_USAGE(.BOTH.,#20108);
#20108 = SURFACE_SIDE_STYLE('',(#20109));
#20109 = SURFACE_STYLE_FILL_AREA(#20110);
#20110 = FILL_AREA_STYLE('',(#20111));
#20111 = FILL_AREA_STYLE_COLOUR('',#20083);
#20112 = OVER_RIDING_STYLED_ITEM('overriding color',(#20113),#3952,
  #20076);
#20113 = PRESENTATION_STYLE_ASSIGNMENT((#20114));
#20114 = SURFACE_STYLE_USAGE(.BOTH.,#20115);
#20115 = SURFACE_SIDE_STYLE('',(#20116));
#20116 = SURFACE_STYLE_FILL_AREA(#20117);
#20117 = FILL_AREA_STYLE('',(#20118));
#20118 = FILL_AREA_STYLE_COLOUR('',#20083);
#20119 = OVER_RIDING_STYLED_ITEM('overriding color',(#20120),#3976,
  #20076);
#20120 = PRESENTATION_STYLE_ASSIGNMENT((#20121));
#20121 = SURFACE_STYLE_USAGE(.BOTH.,#20122);
#20122 = SURFACE_SIDE_STYLE('',(#20123));
#20123 = SURFACE_STYLE_FILL_AREA(#20124);
#20124 = FILL_AREA_STYLE('',(#20125));
#20125 = FILL_AREA_STYLE_COLOUR('',#20083);
#20126 = OVER_RIDING_STYLED_ITEM('overriding color',(#20127),#4000,
  #20076);
#20127 = PRESENTATION_STYLE_ASSIGNMENT((#20128));
#20128 = SURFACE_STYLE_USAGE(.BOTH.,#20129);
#20129 = SURFACE_SIDE_STYLE('',(#20130));
#20130 = SURFACE_STYLE_FILL_AREA(#20131);
#20131 = FILL_AREA_STYLE('',(#20132));
#20132 = FILL_AREA_STYLE_COLOUR('',#20083);
#20133 = OVER_RIDING_STYLED_ITEM('overriding color',(#20134),#4017,
  #20076);
#20134 = PRESENTATION_STYLE_ASSIGNMENT((#20135));
#20135 = SURFACE_STYLE_USAGE(.BOTH.,#20136);
#20136 = SURFACE_SIDE_STYLE('',(#20137));
#20137 = SURFACE_STYLE_FILL_AREA(#20138);
#20138 = FILL_AREA_STYLE('',(#20139));
#20139 = FILL_AREA_STYLE_COLOUR('',#20083);
#20140 = OVER_RIDING_STYLED_ITEM('overriding color',(#20141),#4048,
  #20076);
#20141 = PRESENTATION_STYLE_ASSIGNMENT((#20142));
#20142 = SURFACE_STYLE_USAGE(.BOTH.,#20143);
#20143 = SURFACE_SIDE_STYLE('',(#20144));
#20144 = SURFACE_STYLE_FILL_AREA(#20145);
#20145 = FILL_AREA_STYLE('',(#20146));
#20146 = FILL_AREA_STYLE_COLOUR('',#20083);
#20147 = OVER_RIDING_STYLED_ITEM('overriding color',(#20148),#4072,
  #20076);
#20148 = PRESENTATION_STYLE_ASSIGNMENT((#20149));
#20149 = SURFACE_STYLE_USAGE(.BOTH.,#20150);
#20150 = SURFACE_SIDE_STYLE('',(#20151));
#20151 = SURFACE_STYLE_FILL_AREA(#20152);
#20152 = FILL_AREA_STYLE('',(#20153));
#20153 = FILL_AREA_STYLE_COLOUR('',#20083);
#20154 = OVER_RIDING_STYLED_ITEM('overriding color',(#20155),#4096,
  #20076);
#20155 = PRESENTATION_STYLE_ASSIGNMENT((#20156));
#20156 = SURFACE_STYLE_USAGE(.BOTH.,#20157);
#20157 = SURFACE_SIDE_STYLE('',(#20158));
#20158 = SURFACE_STYLE_FILL_AREA(#20159);
#20159 = FILL_AREA_STYLE('',(#20160));
#20160 = FILL_AREA_STYLE_COLOUR('',#20083);
#20161 = OVER_RIDING_STYLED_ITEM('overriding color',(#20162),#4113,
  #20076);
#20162 = PRESENTATION_STYLE_ASSIGNMENT((#20163));
#20163 = SURFACE_STYLE_USAGE(.BOTH.,#20164);
#20164 = SURFACE_SIDE_STYLE('',(#20165));
#20165 = SURFACE_STYLE_FILL_AREA(#20166);
#20166 = FILL_AREA_STYLE('',(#20167));
#20167 = FILL_AREA_STYLE_COLOUR('',#20083);
#20168 = OVER_RIDING_STYLED_ITEM('overriding color',(#20169),#4144,
  #20076);
#20169 = PRESENTATION_STYLE_ASSIGNMENT((#20170));
#20170 = SURFACE_STYLE_USAGE(.BOTH.,#20171);
#20171 = SURFACE_SIDE_STYLE('',(#20172));
#20172 = SURFACE_STYLE_FILL_AREA(#20173);
#20173 = FILL_AREA_STYLE('',(#20174));
#20174 = FILL_AREA_STYLE_COLOUR('',#20083);
#20175 = OVER_RIDING_STYLED_ITEM('overriding color',(#20176),#4168,
  #20076);
#20176 = PRESENTATION_STYLE_ASSIGNMENT((#20177));
#20177 = SURFACE_STYLE_USAGE(.BOTH.,#20178);
#20178 = SURFACE_SIDE_STYLE('',(#20179));
#20179 = SURFACE_STYLE_FILL_AREA(#20180);
#20180 = FILL_AREA_STYLE('',(#20181));
#20181 = FILL_AREA_STYLE_COLOUR('',#20083);
#20182 = OVER_RIDING_STYLED_ITEM('overriding color',(#20183),#4192,
  #20076);
#20183 = PRESENTATION_STYLE_ASSIGNMENT((#20184));
#20184 = SURFACE_STYLE_USAGE(.BOTH.,#20185);
#20185 = SURFACE_SIDE_STYLE('',(#20186));
#20186 = SURFACE_STYLE_FILL_AREA(#20187);
#20187 = FILL_AREA_STYLE('',(#20188));
#20188 = FILL_AREA_STYLE_COLOUR('',#20083);
#20189 = OVER_RIDING_STYLED_ITEM('overriding color',(#20190),#4209,
  #20076);
#20190 = PRESENTATION_STYLE_ASSIGNMENT((#20191));
#20191 = SURFACE_STYLE_USAGE(.BOTH.,#20192);
#20192 = SURFACE_SIDE_STYLE('',(#20193));
#20193 = SURFACE_STYLE_FILL_AREA(#20194);
#20194 = FILL_AREA_STYLE('',(#20195));
#20195 = FILL_AREA_STYLE_COLOUR('',#20083);
#20196 = OVER_RIDING_STYLED_ITEM('overriding color',(#20197),#4240,
  #20076);
#20197 = PRESENTATION_STYLE_ASSIGNMENT((#20198));
#20198 = SURFACE_STYLE_USAGE(.BOTH.,#20199);
#20199 = SURFACE_SIDE_STYLE('',(#20200));
#20200 = SURFACE_STYLE_FILL_AREA(#20201);
#20201 = FILL_AREA_STYLE('',(#20202));
#20202 = FILL_AREA_STYLE_COLOUR('',#20083);
#20203 = OVER_RIDING_STYLED_ITEM('overriding color',(#20204),#4264,
  #20076);
#20204 = PRESENTATION_STYLE_ASSIGNMENT((#20205));
#20205 = SURFACE_STYLE_USAGE(.BOTH.,#20206);
#20206 = SURFACE_SIDE_STYLE('',(#20207));
#20207 = SURFACE_STYLE_FILL_AREA(#20208);
#20208 = FILL_AREA_STYLE('',(#20209));
#20209 = FILL_AREA_STYLE_COLOUR('',#20083);
#20210 = OVER_RIDING_STYLED_ITEM('overriding color',(#20211),#4288,
  #20076);
#20211 = PRESENTATION_STYLE_ASSIGNMENT((#20212));
#20212 = SURFACE_STYLE_USAGE(.BOTH.,#20213);
#20213 = SURFACE_SIDE_STYLE('',(#20214));
#20214 = SURFACE_STYLE_FILL_AREA(#20215);
#20215 = FILL_AREA_STYLE('',(#20216));
#20216 = FILL_AREA_STYLE_COLOUR('',#20083);
#20217 = OVER_RIDING_STYLED_ITEM('overriding color',(#20218),#4305,
  #20076);
#20218 = PRESENTATION_STYLE_ASSIGNMENT((#20219));
#20219 = SURFACE_STYLE_USAGE(.BOTH.,#20220);
#20220 = SURFACE_SIDE_STYLE('',(#20221));
#20221 = SURFACE_STYLE_FILL_AREA(#20222);
#20222 = FILL_AREA_STYLE('',(#20223));
#20223 = FILL_AREA_STYLE_COLOUR('',#20083);
#20224 = OVER_RIDING_STYLED_ITEM('overriding color',(#20225),#4336,
  #20076);
#20225 = PRESENTATION_STYLE_ASSIGNMENT((#20226));
#20226 = SURFACE_STYLE_USAGE(.BOTH.,#20227);
#20227 = SURFACE_SIDE_STYLE('',(#20228));
#20228 = SURFACE_STYLE_FILL_AREA(#20229);
#20229 = FILL_AREA_STYLE('',(#20230));
#20230 = FILL_AREA_STYLE_COLOUR('',#20083);
#20231 = OVER_RIDING_STYLED_ITEM('overriding color',(#20232),#4360,
  #20076);
#20232 = PRESENTATION_STYLE_ASSIGNMENT((#20233));
#20233 = SURFACE_STYLE_USAGE(.BOTH.,#20234);
#20234 = SURFACE_SIDE_STYLE('',(#20235));
#20235 = SURFACE_STYLE_FILL_AREA(#20236);
#20236 = FILL_AREA_STYLE('',(#20237));
#20237 = FILL_AREA_STYLE_COLOUR('',#20083);
#20238 = OVER_RIDING_STYLED_ITEM('overriding color',(#20239),#4384,
  #20076);
#20239 = PRESENTATION_STYLE_ASSIGNMENT((#20240));
#20240 = SURFACE_STYLE_USAGE(.BOTH.,#20241);
#20241 = SURFACE_SIDE_STYLE('',(#20242));
#20242 = SURFACE_STYLE_FILL_AREA(#20243);
#20243 = FILL_AREA_STYLE('',(#20244));
#20244 = FILL_AREA_STYLE_COLOUR('',#20083);
#20245 = OVER_RIDING_STYLED_ITEM('overriding color',(#20246),#4401,
  #20076);
#20246 = PRESENTATION_STYLE_ASSIGNMENT((#20247));
#20247 = SURFACE_STYLE_USAGE(.BOTH.,#20248);
#20248 = SURFACE_SIDE_STYLE('',(#20249));
#20249 = SURFACE_STYLE_FILL_AREA(#20250);
#20250 = FILL_AREA_STYLE('',(#20251));
#20251 = FILL_AREA_STYLE_COLOUR('',#20083);
#20252 = OVER_RIDING_STYLED_ITEM('overriding color',(#20253),#4432,
  #20076);
#20253 = PRESENTATION_STYLE_ASSIGNMENT((#20254));
#20254 = SURFACE_STYLE_USAGE(.BOTH.,#20255);
#20255 = SURFACE_SIDE_STYLE('',(#20256));
#20256 = SURFACE_STYLE_FILL_AREA(#20257);
#20257 = FILL_AREA_STYLE('',(#20258));
#20258 = FILL_AREA_STYLE_COLOUR('',#20083);
#20259 = OVER_RIDING_STYLED_ITEM('overriding color',(#20260),#4456,
  #20076);
#20260 = PRESENTATION_STYLE_ASSIGNMENT((#20261));
#20261 = SURFACE_STYLE_USAGE(.BOTH.,#20262);
#20262 = SURFACE_SIDE_STYLE('',(#20263));
#20263 = SURFACE_STYLE_FILL_AREA(#20264);
#20264 = FILL_AREA_STYLE('',(#20265));
#20265 = FILL_AREA_STYLE_COLOUR('',#20083);
#20266 = OVER_RIDING_STYLED_ITEM('overriding color',(#20267),#4480,
  #20076);
#20267 = PRESENTATION_STYLE_ASSIGNMENT((#20268));
#20268 = SURFACE_STYLE_USAGE(.BOTH.,#20269);
#20269 = SURFACE_SIDE_STYLE('',(#20270));
#20270 = SURFACE_STYLE_FILL_AREA(#20271);
#20271 = FILL_AREA_STYLE('',(#20272));
#20272 = FILL_AREA_STYLE_COLOUR('',#20083);
#20273 = OVER_RIDING_STYLED_ITEM('overriding color',(#20274),#4497,
  #20076);
#20274 = PRESENTATION_STYLE_ASSIGNMENT((#20275));
#20275 = SURFACE_STYLE_USAGE(.BOTH.,#20276);
#20276 = SURFACE_SIDE_STYLE('',(#20277));
#20277 = SURFACE_STYLE_FILL_AREA(#20278);
#20278 = FILL_AREA_STYLE('',(#20279));
#20279 = FILL_AREA_STYLE_COLOUR('',#20083);
#20280 = OVER_RIDING_STYLED_ITEM('overriding color',(#20281),#4528,
  #20076);
#20281 = PRESENTATION_STYLE_ASSIGNMENT((#20282));
#20282 = SURFACE_STYLE_USAGE(.BOTH.,#20283);
#20283 = SURFACE_SIDE_STYLE('',(#20284));
#20284 = SURFACE_STYLE_FILL_AREA(#20285);
#20285 = FILL_AREA_STYLE('',(#20286));
#20286 = FILL_AREA_STYLE_COLOUR('',#20083);
#20287 = OVER_RIDING_STYLED_ITEM('overriding color',(#20288),#4552,
  #20076);
#20288 = PRESENTATION_STYLE_ASSIGNMENT((#20289));
#20289 = SURFACE_STYLE_USAGE(.BOTH.,#20290);
#20290 = SURFACE_SIDE_STYLE('',(#20291));
#20291 = SURFACE_STYLE_FILL_AREA(#20292);
#20292 = FILL_AREA_STYLE('',(#20293));
#20293 = FILL_AREA_STYLE_COLOUR('',#20083);
#20294 = OVER_RIDING_STYLED_ITEM('overriding color',(#20295),#4576,
  #20076);
#20295 = PRESENTATION_STYLE_ASSIGNMENT((#20296));
#20296 = SURFACE_STYLE_USAGE(.BOTH.,#20297);
#20297 = SURFACE_SIDE_STYLE('',(#20298));
#20298 = SURFACE_STYLE_FILL_AREA(#20299);
#20299 = FILL_AREA_STYLE('',(#20300));
#20300 = FILL_AREA_STYLE_COLOUR('',#20083);
#20301 = OVER_RIDING_STYLED_ITEM('overriding color',(#20302),#4593,
  #20076);
#20302 = PRESENTATION_STYLE_ASSIGNMENT((#20303));
#20303 = SURFACE_STYLE_USAGE(.BOTH.,#20304);
#20304 = SURFACE_SIDE_STYLE('',(#20305));
#20305 = SURFACE_STYLE_FILL_AREA(#20306);
#20306 = FILL_AREA_STYLE('',(#20307));
#20307 = FILL_AREA_STYLE_COLOUR('',#20083);
#20308 = OVER_RIDING_STYLED_ITEM('overriding color',(#20309),#4624,
  #20076);
#20309 = PRESENTATION_STYLE_ASSIGNMENT((#20310));
#20310 = SURFACE_STYLE_USAGE(.BOTH.,#20311);
#20311 = SURFACE_SIDE_STYLE('',(#20312));
#20312 = SURFACE_STYLE_FILL_AREA(#20313);
#20313 = FILL_AREA_STYLE('',(#20314));
#20314 = FILL_AREA_STYLE_COLOUR('',#20083);
#20315 = OVER_RIDING_STYLED_ITEM('overriding color',(#20316),#4648,
  #20076);
#20316 = PRESENTATION_STYLE_ASSIGNMENT((#20317));
#20317 = SURFACE_STYLE_USAGE(.BOTH.,#20318);
#20318 = SURFACE_SIDE_STYLE('',(#20319));
#20319 = SURFACE_STYLE_FILL_AREA(#20320);
#20320 = FILL_AREA_STYLE('',(#20321));
#20321 = FILL_AREA_STYLE_COLOUR('',#20083);
#20322 = OVER_RIDING_STYLED_ITEM('overriding color',(#20323),#4672,
  #20076);
#20323 = PRESENTATION_STYLE_ASSIGNMENT((#20324));
#20324 = SURFACE_STYLE_USAGE(.BOTH.,#20325);
#20325 = SURFACE_SIDE_STYLE('',(#20326));
#20326 = SURFACE_STYLE_FILL_AREA(#20327);
#20327 = FILL_AREA_STYLE('',(#20328));
#20328 = FILL_AREA_STYLE_COLOUR('',#20083);
#20329 = OVER_RIDING_STYLED_ITEM('overriding color',(#20330),#4689,
  #20076);
#20330 = PRESENTATION_STYLE_ASSIGNMENT((#20331));
#20331 = SURFACE_STYLE_USAGE(.BOTH.,#20332);
#20332 = SURFACE_SIDE_STYLE('',(#20333));
#20333 = SURFACE_STYLE_FILL_AREA(#20334);
#20334 = FILL_AREA_STYLE('',(#20335));
#20335 = FILL_AREA_STYLE_COLOUR('',#20083);
#20336 = OVER_RIDING_STYLED_ITEM('overriding color',(#20337),#4720,
  #20076);
#20337 = PRESENTATION_STYLE_ASSIGNMENT((#20338));
#20338 = SURFACE_STYLE_USAGE(.BOTH.,#20339);
#20339 = SURFACE_SIDE_STYLE('',(#20340));
#20340 = SURFACE_STYLE_FILL_AREA(#20341);
#20341 = FILL_AREA_STYLE('',(#20342));
#20342 = FILL_AREA_STYLE_COLOUR('',#20083);
#20343 = OVER_RIDING_STYLED_ITEM('overriding color',(#20344),#4744,
  #20076);
#20344 = PRESENTATION_STYLE_ASSIGNMENT((#20345));
#20345 = SURFACE_STYLE_USAGE(.BOTH.,#20346);
#20346 = SURFACE_SIDE_STYLE('',(#20347));
#20347 = SURFACE_STYLE_FILL_AREA(#20348);
#20348 = FILL_AREA_STYLE('',(#20349));
#20349 = FILL_AREA_STYLE_COLOUR('',#20083);
#20350 = OVER_RIDING_STYLED_ITEM('overriding color',(#20351),#4768,
  #20076);
#20351 = PRESENTATION_STYLE_ASSIGNMENT((#20352));
#20352 = SURFACE_STYLE_USAGE(.BOTH.,#20353);
#20353 = SURFACE_SIDE_STYLE('',(#20354));
#20354 = SURFACE_STYLE_FILL_AREA(#20355);
#20355 = FILL_AREA_STYLE('',(#20356));
#20356 = FILL_AREA_STYLE_COLOUR('',#20083);
#20357 = OVER_RIDING_STYLED_ITEM('overriding color',(#20358),#4785,
  #20076);
#20358 = PRESENTATION_STYLE_ASSIGNMENT((#20359));
#20359 = SURFACE_STYLE_USAGE(.BOTH.,#20360);
#20360 = SURFACE_SIDE_STYLE('',(#20361));
#20361 = SURFACE_STYLE_FILL_AREA(#20362);
#20362 = FILL_AREA_STYLE('',(#20363));
#20363 = FILL_AREA_STYLE_COLOUR('',#20083);
#20364 = OVER_RIDING_STYLED_ITEM('overriding color',(#20365),#4816,
  #20076);
#20365 = PRESENTATION_STYLE_ASSIGNMENT((#20366));
#20366 = SURFACE_STYLE_USAGE(.BOTH.,#20367);
#20367 = SURFACE_SIDE_STYLE('',(#20368));
#20368 = SURFACE_STYLE_FILL_AREA(#20369);
#20369 = FILL_AREA_STYLE('',(#20370));
#20370 = FILL_AREA_STYLE_COLOUR('',#20083);
#20371 = OVER_RIDING_STYLED_ITEM('overriding color',(#20372),#4840,
  #20076);
#20372 = PRESENTATION_STYLE_ASSIGNMENT((#20373));
#20373 = SURFACE_STYLE_USAGE(.BOTH.,#20374);
#20374 = SURFACE_SIDE_STYLE('',(#20375));
#20375 = SURFACE_STYLE_FILL_AREA(#20376);
#20376 = FILL_AREA_STYLE('',(#20377));
#20377 = FILL_AREA_STYLE_COLOUR('',#20083);
#20378 = OVER_RIDING_STYLED_ITEM('overriding color',(#20379),#4864,
  #20076);
#20379 = PRESENTATION_STYLE_ASSIGNMENT((#20380));
#20380 = SURFACE_STYLE_USAGE(.BOTH.,#20381);
#20381 = SURFACE_SIDE_STYLE('',(#20382));
#20382 = SURFACE_STYLE_FILL_AREA(#20383);
#20383 = FILL_AREA_STYLE('',(#20384));
#20384 = FILL_AREA_STYLE_COLOUR('',#20083);
#20385 = OVER_RIDING_STYLED_ITEM('overriding color',(#20386),#4881,
  #20076);
#20386 = PRESENTATION_STYLE_ASSIGNMENT((#20387));
#20387 = SURFACE_STYLE_USAGE(.BOTH.,#20388);
#20388 = SURFACE_SIDE_STYLE('',(#20389));
#20389 = SURFACE_STYLE_FILL_AREA(#20390);
#20390 = FILL_AREA_STYLE('',(#20391));
#20391 = FILL_AREA_STYLE_COLOUR('',#20083);
#20392 = OVER_RIDING_STYLED_ITEM('overriding color',(#20393),#4912,
  #20076);
#20393 = PRESENTATION_STYLE_ASSIGNMENT((#20394));
#20394 = SURFACE_STYLE_USAGE(.BOTH.,#20395);
#20395 = SURFACE_SIDE_STYLE('',(#20396));
#20396 = SURFACE_STYLE_FILL_AREA(#20397);
#20397 = FILL_AREA_STYLE('',(#20398));
#20398 = FILL_AREA_STYLE_COLOUR('',#20083);
#20399 = OVER_RIDING_STYLED_ITEM('overriding color',(#20400),#4936,
  #20076);
#20400 = PRESENTATION_STYLE_ASSIGNMENT((#20401));
#20401 = SURFACE_STYLE_USAGE(.BOTH.,#20402);
#20402 = SURFACE_SIDE_STYLE('',(#20403));
#20403 = SURFACE_STYLE_FILL_AREA(#20404);
#20404 = FILL_AREA_STYLE('',(#20405));
#20405 = FILL_AREA_STYLE_COLOUR('',#20083);
#20406 = OVER_RIDING_STYLED_ITEM('overriding color',(#20407),#4960,
  #20076);
#20407 = PRESENTATION_STYLE_ASSIGNMENT((#20408));
#20408 = SURFACE_STYLE_USAGE(.BOTH.,#20409);
#20409 = SURFACE_SIDE_STYLE('',(#20410));
#20410 = SURFACE_STYLE_FILL_AREA(#20411);
#20411 = FILL_AREA_STYLE('',(#20412));
#20412 = FILL_AREA_STYLE_COLOUR('',#20083);
#20413 = OVER_RIDING_STYLED_ITEM('overriding color',(#20414),#4977,
  #20076);
#20414 = PRESENTATION_STYLE_ASSIGNMENT((#20415));
#20415 = SURFACE_STYLE_USAGE(.BOTH.,#20416);
#20416 = SURFACE_SIDE_STYLE('',(#20417));
#20417 = SURFACE_STYLE_FILL_AREA(#20418);
#20418 = FILL_AREA_STYLE('',(#20419));
#20419 = FILL_AREA_STYLE_COLOUR('',#20083);
#20420 = OVER_RIDING_STYLED_ITEM('overriding color',(#20421),#5008,
  #20076);
#20421 = PRESENTATION_STYLE_ASSIGNMENT((#20422));
#20422 = SURFACE_STYLE_USAGE(.BOTH.,#20423);
#20423 = SURFACE_SIDE_STYLE('',(#20424));
#20424 = SURFACE_STYLE_FILL_AREA(#20425);
#20425 = FILL_AREA_STYLE('',(#20426));
#20426 = FILL_AREA_STYLE_COLOUR('',#20083);
#20427 = OVER_RIDING_STYLED_ITEM('overriding color',(#20428),#5032,
  #20076);
#20428 = PRESENTATION_STYLE_ASSIGNMENT((#20429));
#20429 = SURFACE_STYLE_USAGE(.BOTH.,#20430);
#20430 = SURFACE_SIDE_STYLE('',(#20431));
#20431 = SURFACE_STYLE_FILL_AREA(#20432);
#20432 = FILL_AREA_STYLE('',(#20433));
#20433 = FILL_AREA_STYLE_COLOUR('',#20083);
#20434 = OVER_RIDING_STYLED_ITEM('overriding color',(#20435),#5056,
  #20076);
#20435 = PRESENTATION_STYLE_ASSIGNMENT((#20436));
#20436 = SURFACE_STYLE_USAGE(.BOTH.,#20437);
#20437 = SURFACE_SIDE_STYLE('',(#20438));
#20438 = SURFACE_STYLE_FILL_AREA(#20439);
#20439 = FILL_AREA_STYLE('',(#20440));
#20440 = FILL_AREA_STYLE_COLOUR('',#20083);
#20441 = OVER_RIDING_STYLED_ITEM('overriding color',(#20442),#5073,
  #20076);
#20442 = PRESENTATION_STYLE_ASSIGNMENT((#20443));
#20443 = SURFACE_STYLE_USAGE(.BOTH.,#20444);
#20444 = SURFACE_SIDE_STYLE('',(#20445));
#20445 = SURFACE_STYLE_FILL_AREA(#20446);
#20446 = FILL_AREA_STYLE('',(#20447));
#20447 = FILL_AREA_STYLE_COLOUR('',#20083);
#20448 = OVER_RIDING_STYLED_ITEM('overriding color',(#20449),#5104,
  #20076);
#20449 = PRESENTATION_STYLE_ASSIGNMENT((#20450));
#20450 = SURFACE_STYLE_USAGE(.BOTH.,#20451);
#20451 = SURFACE_SIDE_STYLE('',(#20452));
#20452 = SURFACE_STYLE_FILL_AREA(#20453);
#20453 = FILL_AREA_STYLE('',(#20454));
#20454 = FILL_AREA_STYLE_COLOUR('',#20083);
#20455 = OVER_RIDING_STYLED_ITEM('overriding color',(#20456),#5128,
  #20076);
#20456 = PRESENTATION_STYLE_ASSIGNMENT((#20457));
#20457 = SURFACE_STYLE_USAGE(.BOTH.,#20458);
#20458 = SURFACE_SIDE_STYLE('',(#20459));
#20459 = SURFACE_STYLE_FILL_AREA(#20460);
#20460 = FILL_AREA_STYLE('',(#20461));
#20461 = FILL_AREA_STYLE_COLOUR('',#20083);
#20462 = OVER_RIDING_STYLED_ITEM('overriding color',(#20463),#5152,
  #20076);
#20463 = PRESENTATION_STYLE_ASSIGNMENT((#20464));
#20464 = SURFACE_STYLE_USAGE(.BOTH.,#20465);
#20465 = SURFACE_SIDE_STYLE('',(#20466));
#20466 = SURFACE_STYLE_FILL_AREA(#20467);
#20467 = FILL_AREA_STYLE('',(#20468));
#20468 = FILL_AREA_STYLE_COLOUR('',#20083);
#20469 = OVER_RIDING_STYLED_ITEM('overriding color',(#20470),#5169,
  #20076);
#20470 = PRESENTATION_STYLE_ASSIGNMENT((#20471));
#20471 = SURFACE_STYLE_USAGE(.BOTH.,#20472);
#20472 = SURFACE_SIDE_STYLE('',(#20473));
#20473 = SURFACE_STYLE_FILL_AREA(#20474);
#20474 = FILL_AREA_STYLE('',(#20475));
#20475 = FILL_AREA_STYLE_COLOUR('',#20083);
#20476 = OVER_RIDING_STYLED_ITEM('overriding color',(#20477),#5200,
  #20076);
#20477 = PRESENTATION_STYLE_ASSIGNMENT((#20478));
#20478 = SURFACE_STYLE_USAGE(.BOTH.,#20479);
#20479 = SURFACE_SIDE_STYLE('',(#20480));
#20480 = SURFACE_STYLE_FILL_AREA(#20481);
#20481 = FILL_AREA_STYLE('',(#20482));
#20482 = FILL_AREA_STYLE_COLOUR('',#20083);
#20483 = OVER_RIDING_STYLED_ITEM('overriding color',(#20484),#5224,
  #20076);
#20484 = PRESENTATION_STYLE_ASSIGNMENT((#20485));
#20485 = SURFACE_STYLE_USAGE(.BOTH.,#20486);
#20486 = SURFACE_SIDE_STYLE('',(#20487));
#20487 = SURFACE_STYLE_FILL_AREA(#20488);
#20488 = FILL_AREA_STYLE('',(#20489));
#20489 = FILL_AREA_STYLE_COLOUR('',#20083);
#20490 = OVER_RIDING_STYLED_ITEM('overriding color',(#20491),#5248,
  #20076);
#20491 = PRESENTATION_STYLE_ASSIGNMENT((#20492));
#20492 = SURFACE_STYLE_USAGE(.BOTH.,#20493);
#20493 = SURFACE_SIDE_STYLE('',(#20494));
#20494 = SURFACE_STYLE_FILL_AREA(#20495);
#20495 = FILL_AREA_STYLE('',(#20496));
#20496 = FILL_AREA_STYLE_COLOUR('',#20083);
#20497 = OVER_RIDING_STYLED_ITEM('overriding color',(#20498),#5265,
  #20076);
#20498 = PRESENTATION_STYLE_ASSIGNMENT((#20499));
#20499 = SURFACE_STYLE_USAGE(.BOTH.,#20500);
#20500 = SURFACE_SIDE_STYLE('',(#20501));
#20501 = SURFACE_STYLE_FILL_AREA(#20502);
#20502 = FILL_AREA_STYLE('',(#20503));
#20503 = FILL_AREA_STYLE_COLOUR('',#20083);
#20504 = OVER_RIDING_STYLED_ITEM('overriding color',(#20505),#5296,
  #20076);
#20505 = PRESENTATION_STYLE_ASSIGNMENT((#20506));
#20506 = SURFACE_STYLE_USAGE(.BOTH.,#20507);
#20507 = SURFACE_SIDE_STYLE('',(#20508));
#20508 = SURFACE_STYLE_FILL_AREA(#20509);
#20509 = FILL_AREA_STYLE('',(#20510));
#20510 = FILL_AREA_STYLE_COLOUR('',#20083);
#20511 = OVER_RIDING_STYLED_ITEM('overriding color',(#20512),#5320,
  #20076);
#20512 = PRESENTATION_STYLE_ASSIGNMENT((#20513));
#20513 = SURFACE_STYLE_USAGE(.BOTH.,#20514);
#20514 = SURFACE_SIDE_STYLE('',(#20515));
#20515 = SURFACE_STYLE_FILL_AREA(#20516);
#20516 = FILL_AREA_STYLE('',(#20517));
#20517 = FILL_AREA_STYLE_COLOUR('',#20083);
#20518 = OVER_RIDING_STYLED_ITEM('overriding color',(#20519),#5344,
  #20076);
#20519 = PRESENTATION_STYLE_ASSIGNMENT((#20520));
#20520 = SURFACE_STYLE_USAGE(.BOTH.,#20521);
#20521 = SURFACE_SIDE_STYLE('',(#20522));
#20522 = SURFACE_STYLE_FILL_AREA(#20523);
#20523 = FILL_AREA_STYLE('',(#20524));
#20524 = FILL_AREA_STYLE_COLOUR('',#20083);
#20525 = OVER_RIDING_STYLED_ITEM('overriding color',(#20526),#5361,
  #20076);
#20526 = PRESENTATION_STYLE_ASSIGNMENT((#20527));
#20527 = SURFACE_STYLE_USAGE(.BOTH.,#20528);
#20528 = SURFACE_SIDE_STYLE('',(#20529));
#20529 = SURFACE_STYLE_FILL_AREA(#20530);
#20530 = FILL_AREA_STYLE('',(#20531));
#20531 = FILL_AREA_STYLE_COLOUR('',#20083);
#20532 = OVER_RIDING_STYLED_ITEM('overriding color',(#20533),#5392,
  #20076);
#20533 = PRESENTATION_STYLE_ASSIGNMENT((#20534));
#20534 = SURFACE_STYLE_USAGE(.BOTH.,#20535);
#20535 = SURFACE_SIDE_STYLE('',(#20536));
#20536 = SURFACE_STYLE_FILL_AREA(#20537);
#20537 = FILL_AREA_STYLE('',(#20538));
#20538 = FILL_AREA_STYLE_COLOUR('',#20083);
#20539 = OVER_RIDING_STYLED_ITEM('overriding color',(#20540),#5416,
  #20076);
#20540 = PRESENTATION_STYLE_ASSIGNMENT((#20541));
#20541 = SURFACE_STYLE_USAGE(.BOTH.,#20542);
#20542 = SURFACE_SIDE_STYLE('',(#20543));
#20543 = SURFACE_STYLE_FILL_AREA(#20544);
#20544 = FILL_AREA_STYLE('',(#20545));
#20545 = FILL_AREA_STYLE_COLOUR('',#20083);
#20546 = OVER_RIDING_STYLED_ITEM('overriding color',(#20547),#5440,
  #20076);
#20547 = PRESENTATION_STYLE_ASSIGNMENT((#20548));
#20548 = SURFACE_STYLE_USAGE(.BOTH.,#20549);
#20549 = SURFACE_SIDE_STYLE('',(#20550));
#20550 = SURFACE_STYLE_FILL_AREA(#20551);
#20551 = FILL_AREA_STYLE('',(#20552));
#20552 = FILL_AREA_STYLE_COLOUR('',#20083);
#20553 = OVER_RIDING_STYLED_ITEM('overriding color',(#20554),#5457,
  #20076);
#20554 = PRESENTATION_STYLE_ASSIGNMENT((#20555));
#20555 = SURFACE_STYLE_USAGE(.BOTH.,#20556);
#20556 = SURFACE_SIDE_STYLE('',(#20557));
#20557 = SURFACE_STYLE_FILL_AREA(#20558);
#20558 = FILL_AREA_STYLE('',(#20559));
#20559 = FILL_AREA_STYLE_COLOUR('',#20083);
#20560 = OVER_RIDING_STYLED_ITEM('overriding color',(#20561),#5488,
  #20076);
#20561 = PRESENTATION_STYLE_ASSIGNMENT((#20562));
#20562 = SURFACE_STYLE_USAGE(.BOTH.,#20563);
#20563 = SURFACE_SIDE_STYLE('',(#20564));
#20564 = SURFACE_STYLE_FILL_AREA(#20565);
#20565 = FILL_AREA_STYLE('',(#20566));
#20566 = FILL_AREA_STYLE_COLOUR('',#20083);
#20567 = OVER_RIDING_STYLED_ITEM('overriding color',(#20568),#5512,
  #20076);
#20568 = PRESENTATION_STYLE_ASSIGNMENT((#20569));
#20569 = SURFACE_STYLE_USAGE(.BOTH.,#20570);
#20570 = SURFACE_SIDE_STYLE('',(#20571));
#20571 = SURFACE_STYLE_FILL_AREA(#20572);
#20572 = FILL_AREA_STYLE('',(#20573));
#20573 = FILL_AREA_STYLE_COLOUR('',#20083);
#20574 = OVER_RIDING_STYLED_ITEM('overriding color',(#20575),#5536,
  #20076);
#20575 = PRESENTATION_STYLE_ASSIGNMENT((#20576));
#20576 = SURFACE_STYLE_USAGE(.BOTH.,#20577);
#20577 = SURFACE_SIDE_STYLE('',(#20578));
#20578 = SURFACE_STYLE_FILL_AREA(#20579);
#20579 = FILL_AREA_STYLE('',(#20580));
#20580 = FILL_AREA_STYLE_COLOUR('',#20083);
#20581 = OVER_RIDING_STYLED_ITEM('overriding color',(#20582),#5553,
  #20076);
#20582 = PRESENTATION_STYLE_ASSIGNMENT((#20583));
#20583 = SURFACE_STYLE_USAGE(.BOTH.,#20584);
#20584 = SURFACE_SIDE_STYLE('',(#20585));
#20585 = SURFACE_STYLE_FILL_AREA(#20586);
#20586 = FILL_AREA_STYLE('',(#20587));
#20587 = FILL_AREA_STYLE_COLOUR('',#20083);
#20588 = OVER_RIDING_STYLED_ITEM('overriding color',(#20589),#5584,
  #20076);
#20589 = PRESENTATION_STYLE_ASSIGNMENT((#20590));
#20590 = SURFACE_STYLE_USAGE(.BOTH.,#20591);
#20591 = SURFACE_SIDE_STYLE('',(#20592));
#20592 = SURFACE_STYLE_FILL_AREA(#20593);
#20593 = FILL_AREA_STYLE('',(#20594));
#20594 = FILL_AREA_STYLE_COLOUR('',#20083);
#20595 = OVER_RIDING_STYLED_ITEM('overriding color',(#20596),#5608,
  #20076);
#20596 = PRESENTATION_STYLE_ASSIGNMENT((#20597));
#20597 = SURFACE_STYLE_USAGE(.BOTH.,#20598);
#20598 = SURFACE_SIDE_STYLE('',(#20599));
#20599 = SURFACE_STYLE_FILL_AREA(#20600);
#20600 = FILL_AREA_STYLE('',(#20601));
#20601 = FILL_AREA_STYLE_COLOUR('',#20083);
#20602 = OVER_RIDING_STYLED_ITEM('overriding color',(#20603),#5632,
  #20076);
#20603 = PRESENTATION_STYLE_ASSIGNMENT((#20604));
#20604 = SURFACE_STYLE_USAGE(.BOTH.,#20605);
#20605 = SURFACE_SIDE_STYLE('',(#20606));
#20606 = SURFACE_STYLE_FILL_AREA(#20607);
#20607 = FILL_AREA_STYLE('',(#20608));
#20608 = FILL_AREA_STYLE_COLOUR('',#20083);
#20609 = OVER_RIDING_STYLED_ITEM('overriding color',(#20610),#5649,
  #20076);
#20610 = PRESENTATION_STYLE_ASSIGNMENT((#20611));
#20611 = SURFACE_STYLE_USAGE(.BOTH.,#20612);
#20612 = SURFACE_SIDE_STYLE('',(#20613));
#20613 = SURFACE_STYLE_FILL_AREA(#20614);
#20614 = FILL_AREA_STYLE('',(#20615));
#20615 = FILL_AREA_STYLE_COLOUR('',#20083);
#20616 = OVER_RIDING_STYLED_ITEM('overriding color',(#20617),#5680,
  #20076);
#20617 = PRESENTATION_STYLE_ASSIGNMENT((#20618));
#20618 = SURFACE_STYLE_USAGE(.BOTH.,#20619);
#20619 = SURFACE_SIDE_STYLE('',(#20620));
#20620 = SURFACE_STYLE_FILL_AREA(#20621);
#20621 = FILL_AREA_STYLE('',(#20622));
#20622 = FILL_AREA_STYLE_COLOUR('',#20083);
#20623 = OVER_RIDING_STYLED_ITEM('overriding color',(#20624),#5704,
  #20076);
#20624 = PRESENTATION_STYLE_ASSIGNMENT((#20625));
#20625 = SURFACE_STYLE_USAGE(.BOTH.,#20626);
#20626 = SURFACE_SIDE_STYLE('',(#20627));
#20627 = SURFACE_STYLE_FILL_AREA(#20628);
#20628 = FILL_AREA_STYLE('',(#20629));
#20629 = FILL_AREA_STYLE_COLOUR('',#20083);
#20630 = OVER_RIDING_STYLED_ITEM('overriding color',(#20631),#5728,
  #20076);
#20631 = PRESENTATION_STYLE_ASSIGNMENT((#20632));
#20632 = SURFACE_STYLE_USAGE(.BOTH.,#20633);
#20633 = SURFACE_SIDE_STYLE('',(#20634));
#20634 = SURFACE_STYLE_FILL_AREA(#20635);
#20635 = FILL_AREA_STYLE('',(#20636));
#20636 = FILL_AREA_STYLE_COLOUR('',#20083);
#20637 = OVER_RIDING_STYLED_ITEM('overriding color',(#20638),#5745,
  #20076);
#20638 = PRESENTATION_STYLE_ASSIGNMENT((#20639));
#20639 = SURFACE_STYLE_USAGE(.BOTH.,#20640);
#20640 = SURFACE_SIDE_STYLE('',(#20641));
#20641 = SURFACE_STYLE_FILL_AREA(#20642);
#20642 = FILL_AREA_STYLE('',(#20643));
#20643 = FILL_AREA_STYLE_COLOUR('',#20083);
#20644 = OVER_RIDING_STYLED_ITEM('overriding color',(#20645),#5776,
  #20076);
#20645 = PRESENTATION_STYLE_ASSIGNMENT((#20646));
#20646 = SURFACE_STYLE_USAGE(.BOTH.,#20647);
#20647 = SURFACE_SIDE_STYLE('',(#20648));
#20648 = SURFACE_STYLE_FILL_AREA(#20649);
#20649 = FILL_AREA_STYLE('',(#20650));
#20650 = FILL_AREA_STYLE_COLOUR('',#20083);
#20651 = OVER_RIDING_STYLED_ITEM('overriding color',(#20652),#5800,
  #20076);
#20652 = PRESENTATION_STYLE_ASSIGNMENT((#20653));
#20653 = SURFACE_STYLE_USAGE(.BOTH.,#20654);
#20654 = SURFACE_SIDE_STYLE('',(#20655));
#20655 = SURFACE_STYLE_FILL_AREA(#20656);
#20656 = FILL_AREA_STYLE('',(#20657));
#20657 = FILL_AREA_STYLE_COLOUR('',#20083);
#20658 = OVER_RIDING_STYLED_ITEM('overriding color',(#20659),#5824,
  #20076);
#20659 = PRESENTATION_STYLE_ASSIGNMENT((#20660));
#20660 = SURFACE_STYLE_USAGE(.BOTH.,#20661);
#20661 = SURFACE_SIDE_STYLE('',(#20662));
#20662 = SURFACE_STYLE_FILL_AREA(#20663);
#20663 = FILL_AREA_STYLE('',(#20664));
#20664 = FILL_AREA_STYLE_COLOUR('',#20083);
#20665 = OVER_RIDING_STYLED_ITEM('overriding color',(#20666),#5841,
  #20076);
#20666 = PRESENTATION_STYLE_ASSIGNMENT((#20667));
#20667 = SURFACE_STYLE_USAGE(.BOTH.,#20668);
#20668 = SURFACE_SIDE_STYLE('',(#20669));
#20669 = SURFACE_STYLE_FILL_AREA(#20670);
#20670 = FILL_AREA_STYLE('',(#20671));
#20671 = FILL_AREA_STYLE_COLOUR('',#20083);
#20672 = OVER_RIDING_STYLED_ITEM('overriding color',(#20673),#5872,
  #20076);
#20673 = PRESENTATION_STYLE_ASSIGNMENT((#20674));
#20674 = SURFACE_STYLE_USAGE(.BOTH.,#20675);
#20675 = SURFACE_SIDE_STYLE('',(#20676));
#20676 = SURFACE_STYLE_FILL_AREA(#20677);
#20677 = FILL_AREA_STYLE('',(#20678));
#20678 = FILL_AREA_STYLE_COLOUR('',#20083);
#20679 = OVER_RIDING_STYLED_ITEM('overriding color',(#20680),#5896,
  #20076);
#20680 = PRESENTATION_STYLE_ASSIGNMENT((#20681));
#20681 = SURFACE_STYLE_USAGE(.BOTH.,#20682);
#20682 = SURFACE_SIDE_STYLE('',(#20683));
#20683 = SURFACE_STYLE_FILL_AREA(#20684);
#20684 = FILL_AREA_STYLE('',(#20685));
#20685 = FILL_AREA_STYLE_COLOUR('',#20083);
#20686 = OVER_RIDING_STYLED_ITEM('overriding color',(#20687),#5920,
  #20076);
#20687 = PRESENTATION_STYLE_ASSIGNMENT((#20688));
#20688 = SURFACE_STYLE_USAGE(.BOTH.,#20689);
#20689 = SURFACE_SIDE_STYLE('',(#20690));
#20690 = SURFACE_STYLE_FILL_AREA(#20691);
#20691 = FILL_AREA_STYLE('',(#20692));
#20692 = FILL_AREA_STYLE_COLOUR('',#20083);
#20693 = OVER_RIDING_STYLED_ITEM('overriding color',(#20694),#5937,
  #20076);
#20694 = PRESENTATION_STYLE_ASSIGNMENT((#20695));
#20695 = SURFACE_STYLE_USAGE(.BOTH.,#20696);
#20696 = SURFACE_SIDE_STYLE('',(#20697));
#20697 = SURFACE_STYLE_FILL_AREA(#20698);
#20698 = FILL_AREA_STYLE('',(#20699));
#20699 = FILL_AREA_STYLE_COLOUR('',#20083);
#20700 = OVER_RIDING_STYLED_ITEM('overriding color',(#20701),#5968,
  #20076);
#20701 = PRESENTATION_STYLE_ASSIGNMENT((#20702));
#20702 = SURFACE_STYLE_USAGE(.BOTH.,#20703);
#20703 = SURFACE_SIDE_STYLE('',(#20704));
#20704 = SURFACE_STYLE_FILL_AREA(#20705);
#20705 = FILL_AREA_STYLE('',(#20706));
#20706 = FILL_AREA_STYLE_COLOUR('',#20083);
#20707 = OVER_RIDING_STYLED_ITEM('overriding color',(#20708),#5992,
  #20076);
#20708 = PRESENTATION_STYLE_ASSIGNMENT((#20709));
#20709 = SURFACE_STYLE_USAGE(.BOTH.,#20710);
#20710 = SURFACE_SIDE_STYLE('',(#20711));
#20711 = SURFACE_STYLE_FILL_AREA(#20712);
#20712 = FILL_AREA_STYLE('',(#20713));
#20713 = FILL_AREA_STYLE_COLOUR('',#20083);
#20714 = OVER_RIDING_STYLED_ITEM('overriding color',(#20715),#6009,
  #20076);
#20715 = PRESENTATION_STYLE_ASSIGNMENT((#20716));
#20716 = SURFACE_STYLE_USAGE(.BOTH.,#20717);
#20717 = SURFACE_SIDE_STYLE('',(#20718));
#20718 = SURFACE_STYLE_FILL_AREA(#20719);
#20719 = FILL_AREA_STYLE('',(#20720));
#20720 = FILL_AREA_STYLE_COLOUR('',#20083);
#20721 = OVER_RIDING_STYLED_ITEM('overriding color',(#20722),#6055,
  #20076);
#20722 = PRESENTATION_STYLE_ASSIGNMENT((#20723));
#20723 = SURFACE_STYLE_USAGE(.BOTH.,#20724);
#20724 = SURFACE_SIDE_STYLE('',(#20725));
#20725 = SURFACE_STYLE_FILL_AREA(#20726);
#20726 = FILL_AREA_STYLE('',(#20727));
#20727 = FILL_AREA_STYLE_COLOUR('',#20083);
#20728 = OVER_RIDING_STYLED_ITEM('overriding color',(#20729),#6067,
  #20076);
#20729 = PRESENTATION_STYLE_ASSIGNMENT((#20730));
#20730 = SURFACE_STYLE_USAGE(.BOTH.,#20731);
#20731 = SURFACE_SIDE_STYLE('',(#20732));
#20732 = SURFACE_STYLE_FILL_AREA(#20733);
#20733 = FILL_AREA_STYLE('',(#20734));
#20734 = FILL_AREA_STYLE_COLOUR('',#20083);
#20735 = OVER_RIDING_STYLED_ITEM('overriding color',(#20736),#6079,
  #20076);
#20736 = PRESENTATION_STYLE_ASSIGNMENT((#20737));
#20737 = SURFACE_STYLE_USAGE(.BOTH.,#20738);
#20738 = SURFACE_SIDE_STYLE('',(#20739));
#20739 = SURFACE_STYLE_FILL_AREA(#20740);
#20740 = FILL_AREA_STYLE('',(#20741));
#20741 = FILL_AREA_STYLE_COLOUR('',#20083);
#20742 = OVER_RIDING_STYLED_ITEM('overriding color',(#20743),#6091,
  #20076);
#20743 = PRESENTATION_STYLE_ASSIGNMENT((#20744));
#20744 = SURFACE_STYLE_USAGE(.BOTH.,#20745);
#20745 = SURFACE_SIDE_STYLE('',(#20746));
#20746 = SURFACE_STYLE_FILL_AREA(#20747);
#20747 = FILL_AREA_STYLE('',(#20748));
#20748 = FILL_AREA_STYLE_COLOUR('',#20083);
#20749 = OVER_RIDING_STYLED_ITEM('overriding color',(#20750),#6103,
  #20076);
#20750 = PRESENTATION_STYLE_ASSIGNMENT((#20751));
#20751 = SURFACE_STYLE_USAGE(.BOTH.,#20752);
#20752 = SURFACE_SIDE_STYLE('',(#20753));
#20753 = SURFACE_STYLE_FILL_AREA(#20754);
#20754 = FILL_AREA_STYLE('',(#20755));
#20755 = FILL_AREA_STYLE_COLOUR('',#20083);
#20756 = OVER_RIDING_STYLED_ITEM('overriding color',(#20757),#6115,
  #20076);
#20757 = PRESENTATION_STYLE_ASSIGNMENT((#20758));
#20758 = SURFACE_STYLE_USAGE(.BOTH.,#20759);
#20759 = SURFACE_SIDE_STYLE('',(#20760));
#20760 = SURFACE_STYLE_FILL_AREA(#20761);
#20761 = FILL_AREA_STYLE('',(#20762));
#20762 = FILL_AREA_STYLE_COLOUR('',#20083);
#20763 = OVER_RIDING_STYLED_ITEM('overriding color',(#20764),#6127,
  #20076);
#20764 = PRESENTATION_STYLE_ASSIGNMENT((#20765));
#20765 = SURFACE_STYLE_USAGE(.BOTH.,#20766);
#20766 = SURFACE_SIDE_STYLE('',(#20767));
#20767 = SURFACE_STYLE_FILL_AREA(#20768);
#20768 = FILL_AREA_STYLE('',(#20769));
#20769 = FILL_AREA_STYLE_COLOUR('',#20083);
#20770 = OVER_RIDING_STYLED_ITEM('overriding color',(#20771),#6139,
  #20076);
#20771 = PRESENTATION_STYLE_ASSIGNMENT((#20772));
#20772 = SURFACE_STYLE_USAGE(.BOTH.,#20773);
#20773 = SURFACE_SIDE_STYLE('',(#20774));
#20774 = SURFACE_STYLE_FILL_AREA(#20775);
#20775 = FILL_AREA_STYLE('',(#20776));
#20776 = FILL_AREA_STYLE_COLOUR('',#20083);
#20777 = OVER_RIDING_STYLED_ITEM('overriding color',(#20778),#6151,
  #20076);
#20778 = PRESENTATION_STYLE_ASSIGNMENT((#20779));
#20779 = SURFACE_STYLE_USAGE(.BOTH.,#20780);
#20780 = SURFACE_SIDE_STYLE('',(#20781));
#20781 = SURFACE_STYLE_FILL_AREA(#20782);
#20782 = FILL_AREA_STYLE('',(#20783));
#20783 = FILL_AREA_STYLE_COLOUR('',#20083);
#20784 = OVER_RIDING_STYLED_ITEM('overriding color',(#20785),#6163,
  #20076);
#20785 = PRESENTATION_STYLE_ASSIGNMENT((#20786));
#20786 = SURFACE_STYLE_USAGE(.BOTH.,#20787);
#20787 = SURFACE_SIDE_STYLE('',(#20788));
#20788 = SURFACE_STYLE_FILL_AREA(#20789);
#20789 = FILL_AREA_STYLE('',(#20790));
#20790 = FILL_AREA_STYLE_COLOUR('',#20083);
#20791 = OVER_RIDING_STYLED_ITEM('overriding color',(#20792),#6175,
  #20076);
#20792 = PRESENTATION_STYLE_ASSIGNMENT((#20793));
#20793 = SURFACE_STYLE_USAGE(.BOTH.,#20794);
#20794 = SURFACE_SIDE_STYLE('',(#20795));
#20795 = SURFACE_STYLE_FILL_AREA(#20796);
#20796 = FILL_AREA_STYLE('',(#20797));
#20797 = FILL_AREA_STYLE_COLOUR('',#20083);
#20798 = OVER_RIDING_STYLED_ITEM('overriding color',(#20799),#6187,
  #20076);
#20799 = PRESENTATION_STYLE_ASSIGNMENT((#20800));
#20800 = SURFACE_STYLE_USAGE(.BOTH.,#20801);
#20801 = SURFACE_SIDE_STYLE('',(#20802));
#20802 = SURFACE_STYLE_FILL_AREA(#20803);
#20803 = FILL_AREA_STYLE('',(#20804));
#20804 = FILL_AREA_STYLE_COLOUR('',#20083);
#20805 = OVER_RIDING_STYLED_ITEM('overriding color',(#20806),#6199,
  #20076);
#20806 = PRESENTATION_STYLE_ASSIGNMENT((#20807));
#20807 = SURFACE_STYLE_USAGE(.BOTH.,#20808);
#20808 = SURFACE_SIDE_STYLE('',(#20809));
#20809 = SURFACE_STYLE_FILL_AREA(#20810);
#20810 = FILL_AREA_STYLE('',(#20811));
#20811 = FILL_AREA_STYLE_COLOUR('',#20083);
#20812 = OVER_RIDING_STYLED_ITEM('overriding color',(#20813),#6211,
  #20076);
#20813 = PRESENTATION_STYLE_ASSIGNMENT((#20814));
#20814 = SURFACE_STYLE_USAGE(.BOTH.,#20815);
#20815 = SURFACE_SIDE_STYLE('',(#20816));
#20816 = SURFACE_STYLE_FILL_AREA(#20817);
#20817 = FILL_AREA_STYLE('',(#20818));
#20818 = FILL_AREA_STYLE_COLOUR('',#20083);
#20819 = OVER_RIDING_STYLED_ITEM('overriding color',(#20820),#6223,
  #20076);
#20820 = PRESENTATION_STYLE_ASSIGNMENT((#20821));
#20821 = SURFACE_STYLE_USAGE(.BOTH.,#20822);
#20822 = SURFACE_SIDE_STYLE('',(#20823));
#20823 = SURFACE_STYLE_FILL_AREA(#20824);
#20824 = FILL_AREA_STYLE('',(#20825));
#20825 = FILL_AREA_STYLE_COLOUR('',#20083);
#20826 = OVER_RIDING_STYLED_ITEM('overriding color',(#20827),#6235,
  #20076);
#20827 = PRESENTATION_STYLE_ASSIGNMENT((#20828));
#20828 = SURFACE_STYLE_USAGE(.BOTH.,#20829);
#20829 = SURFACE_SIDE_STYLE('',(#20830));
#20830 = SURFACE_STYLE_FILL_AREA(#20831);
#20831 = FILL_AREA_STYLE('',(#20832));
#20832 = FILL_AREA_STYLE_COLOUR('',#20083);
#20833 = OVER_RIDING_STYLED_ITEM('overriding color',(#20834),#6247,
  #20076);
#20834 = PRESENTATION_STYLE_ASSIGNMENT((#20835));
#20835 = SURFACE_STYLE_USAGE(.BOTH.,#20836);
#20836 = SURFACE_SIDE_STYLE('',(#20837));
#20837 = SURFACE_STYLE_FILL_AREA(#20838);
#20838 = FILL_AREA_STYLE('',(#20839));
#20839 = FILL_AREA_STYLE_COLOUR('',#20083);
#20840 = OVER_RIDING_STYLED_ITEM('overriding color',(#20841),#6259,
  #20076);
#20841 = PRESENTATION_STYLE_ASSIGNMENT((#20842));
#20842 = SURFACE_STYLE_USAGE(.BOTH.,#20843);
#20843 = SURFACE_SIDE_STYLE('',(#20844));
#20844 = SURFACE_STYLE_FILL_AREA(#20845);
#20845 = FILL_AREA_STYLE('',(#20846));
#20846 = FILL_AREA_STYLE_COLOUR('',#20083);
#20847 = OVER_RIDING_STYLED_ITEM('overriding color',(#20848),#6271,
  #20076);
#20848 = PRESENTATION_STYLE_ASSIGNMENT((#20849));
#20849 = SURFACE_STYLE_USAGE(.BOTH.,#20850);
#20850 = SURFACE_SIDE_STYLE('',(#20851));
#20851 = SURFACE_STYLE_FILL_AREA(#20852);
#20852 = FILL_AREA_STYLE('',(#20853));
#20853 = FILL_AREA_STYLE_COLOUR('',#20083);
#20854 = OVER_RIDING_STYLED_ITEM('overriding color',(#20855),#6283,
  #20076);
#20855 = PRESENTATION_STYLE_ASSIGNMENT((#20856));
#20856 = SURFACE_STYLE_USAGE(.BOTH.,#20857);
#20857 = SURFACE_SIDE_STYLE('',(#20858));
#20858 = SURFACE_STYLE_FILL_AREA(#20859);
#20859 = FILL_AREA_STYLE('',(#20860));
#20860 = FILL_AREA_STYLE_COLOUR('',#20083);
#20861 = OVER_RIDING_STYLED_ITEM('overriding color',(#20862),#6295,
  #20076);
#20862 = PRESENTATION_STYLE_ASSIGNMENT((#20863));
#20863 = SURFACE_STYLE_USAGE(.BOTH.,#20864);
#20864 = SURFACE_SIDE_STYLE('',(#20865));
#20865 = SURFACE_STYLE_FILL_AREA(#20866);
#20866 = FILL_AREA_STYLE('',(#20867));
#20867 = FILL_AREA_STYLE_COLOUR('',#20083);
#20868 = OVER_RIDING_STYLED_ITEM('overriding color',(#20869),#6306,
  #20076);
#20869 = PRESENTATION_STYLE_ASSIGNMENT((#20870));
#20870 = SURFACE_STYLE_USAGE(.BOTH.,#20871);
#20871 = SURFACE_SIDE_STYLE('',(#20872));
#20872 = SURFACE_STYLE_FILL_AREA(#20873);
#20873 = FILL_AREA_STYLE('',(#20874));
#20874 = FILL_AREA_STYLE_COLOUR('',#20083);
#20875 = OVER_RIDING_STYLED_ITEM('overriding color',(#20876),#6337,
  #20076);
#20876 = PRESENTATION_STYLE_ASSIGNMENT((#20877));
#20877 = SURFACE_STYLE_USAGE(.BOTH.,#20878);
#20878 = SURFACE_SIDE_STYLE('',(#20879));
#20879 = SURFACE_STYLE_FILL_AREA(#20880);
#20880 = FILL_AREA_STYLE('',(#20881));
#20881 = FILL_AREA_STYLE_COLOUR('',#20083);
#20882 = OVER_RIDING_STYLED_ITEM('overriding color',(#20883),#6361,
  #20076);
#20883 = PRESENTATION_STYLE_ASSIGNMENT((#20884));
#20884 = SURFACE_STYLE_USAGE(.BOTH.,#20885);
#20885 = SURFACE_SIDE_STYLE('',(#20886));
#20886 = SURFACE_STYLE_FILL_AREA(#20887);
#20887 = FILL_AREA_STYLE('',(#20888));
#20888 = FILL_AREA_STYLE_COLOUR('',#20083);
#20889 = OVER_RIDING_STYLED_ITEM('overriding color',(#20890),#6385,
  #20076);
#20890 = PRESENTATION_STYLE_ASSIGNMENT((#20891));
#20891 = SURFACE_STYLE_USAGE(.BOTH.,#20892);
#20892 = SURFACE_SIDE_STYLE('',(#20893));
#20893 = SURFACE_STYLE_FILL_AREA(#20894);
#20894 = FILL_AREA_STYLE('',(#20895));
#20895 = FILL_AREA_STYLE_COLOUR('',#20083);
#20896 = OVER_RIDING_STYLED_ITEM('overriding color',(#20897),#6402,
  #20076);
#20897 = PRESENTATION_STYLE_ASSIGNMENT((#20898));
#20898 = SURFACE_STYLE_USAGE(.BOTH.,#20899);
#20899 = SURFACE_SIDE_STYLE('',(#20900));
#20900 = SURFACE_STYLE_FILL_AREA(#20901);
#20901 = FILL_AREA_STYLE('',(#20902));
#20902 = FILL_AREA_STYLE_COLOUR('',#20083);
#20903 = OVER_RIDING_STYLED_ITEM('overriding color',(#20904),#6424,
  #20076);
#20904 = PRESENTATION_STYLE_ASSIGNMENT((#20905));
#20905 = SURFACE_STYLE_USAGE(.BOTH.,#20906);
#20906 = SURFACE_SIDE_STYLE('',(#20907));
#20907 = SURFACE_STYLE_FILL_AREA(#20908);
#20908 = FILL_AREA_STYLE('',(#20909));
#20909 = FILL_AREA_STYLE_COLOUR('',#20083);
#20910 = OVER_RIDING_STYLED_ITEM('overriding color',(#20911),#6442,
  #20076);
#20911 = PRESENTATION_STYLE_ASSIGNMENT((#20912));
#20912 = SURFACE_STYLE_USAGE(.BOTH.,#20913);
#20913 = SURFACE_SIDE_STYLE('',(#20914));
#20914 = SURFACE_STYLE_FILL_AREA(#20915);
#20915 = FILL_AREA_STYLE('',(#20916));
#20916 = FILL_AREA_STYLE_COLOUR('',#20083);
#20917 = OVER_RIDING_STYLED_ITEM('overriding color',(#20918),#6460,
  #20076);
#20918 = PRESENTATION_STYLE_ASSIGNMENT((#20919));
#20919 = SURFACE_STYLE_USAGE(.BOTH.,#20920);
#20920 = SURFACE_SIDE_STYLE('',(#20921));
#20921 = SURFACE_STYLE_FILL_AREA(#20922);
#20922 = FILL_AREA_STYLE('',(#20923));
#20923 = FILL_AREA_STYLE_COLOUR('',#20083);
#20924 = STYLED_ITEM('color',(#20925),#6470);
#20925 = PRESENTATION_STYLE_ASSIGNMENT((#20926));
#20926 = SURFACE_STYLE_USAGE(.BOTH.,#20927);
#20927 = SURFACE_SIDE_STYLE('',(#20928));
#20928 = SURFACE_STYLE_FILL_AREA(#20929);
#20929 = FILL_AREA_STYLE('',(#20930));
#20930 = FILL_AREA_STYLE_COLOUR('',#19403);
#20931 = OVER_RIDING_STYLED_ITEM('overriding color',(#20932),#6472,
  #20924);
#20932 = PRESENTATION_STYLE_ASSIGNMENT((#20933));
#20933 = SURFACE_STYLE_USAGE(.BOTH.,#20934);
#20934 = SURFACE_SIDE_STYLE('',(#20935));
#20935 = SURFACE_STYLE_FILL_AREA(#20936);
#20936 = FILL_AREA_STYLE('',(#20937));
#20937 = FILL_AREA_STYLE_COLOUR('',#19403);
#20938 = OVER_RIDING_STYLED_ITEM('overriding color',(#20939),#6512,
  #20924);
#20939 = PRESENTATION_STYLE_ASSIGNMENT((#20940));
#20940 = SURFACE_STYLE_USAGE(.BOTH.,#20941);
#20941 = SURFACE_SIDE_STYLE('',(#20942));
#20942 = SURFACE_STYLE_FILL_AREA(#20943);
#20943 = FILL_AREA_STYLE('',(#20944));
#20944 = FILL_AREA_STYLE_COLOUR('',#19403);
#20945 = OVER_RIDING_STYLED_ITEM('overriding color',(#20946),#6543,
  #20924);
#20946 = PRESENTATION_STYLE_ASSIGNMENT((#20947));
#20947 = SURFACE_STYLE_USAGE(.BOTH.,#20948);
#20948 = SURFACE_SIDE_STYLE('',(#20949));
#20949 = SURFACE_STYLE_FILL_AREA(#20950);
#20950 = FILL_AREA_STYLE('',(#20951));
#20951 = FILL_AREA_STYLE_COLOUR('',#19403);
#20952 = OVER_RIDING_STYLED_ITEM('overriding color',(#20953),#6567,
  #20924);
#20953 = PRESENTATION_STYLE_ASSIGNMENT((#20954));
#20954 = SURFACE_STYLE_USAGE(.BOTH.,#20955);
#20955 = SURFACE_SIDE_STYLE('',(#20956));
#20956 = SURFACE_STYLE_FILL_AREA(#20957);
#20957 = FILL_AREA_STYLE('',(#20958));
#20958 = FILL_AREA_STYLE_COLOUR('',#19403);
#20959 = OVER_RIDING_STYLED_ITEM('overriding color',(#20960),#6591,
  #20924);
#20960 = PRESENTATION_STYLE_ASSIGNMENT((#20961));
#20961 = SURFACE_STYLE_USAGE(.BOTH.,#20962);
#20962 = SURFACE_SIDE_STYLE('',(#20963));
#20963 = SURFACE_STYLE_FILL_AREA(#20964);
#20964 = FILL_AREA_STYLE('',(#20965));
#20965 = FILL_AREA_STYLE_COLOUR('',#19403);
#20966 = OVER_RIDING_STYLED_ITEM('overriding color',(#20967),#6608,
  #20924);
#20967 = PRESENTATION_STYLE_ASSIGNMENT((#20968));
#20968 = SURFACE_STYLE_USAGE(.BOTH.,#20969);
#20969 = SURFACE_SIDE_STYLE('',(#20970));
#20970 = SURFACE_STYLE_FILL_AREA(#20971);
#20971 = FILL_AREA_STYLE('',(#20972));
#20972 = FILL_AREA_STYLE_COLOUR('',#19403);
#20973 = STYLED_ITEM('color',(#20974),#6620);
#20974 = PRESENTATION_STYLE_ASSIGNMENT((#20975));
#20975 = SURFACE_STYLE_USAGE(.BOTH.,#20976);
#20976 = SURFACE_SIDE_STYLE('',(#20977));
#20977 = SURFACE_STYLE_FILL_AREA(#20978);
#20978 = FILL_AREA_STYLE('',(#20979));
#20979 = FILL_AREA_STYLE_COLOUR('',#19403);
#20980 = OVER_RIDING_STYLED_ITEM('overriding color',(#20981),#6622,
  #20973);
#20981 = PRESENTATION_STYLE_ASSIGNMENT((#20982));
#20982 = SURFACE_STYLE_USAGE(.BOTH.,#20983);
#20983 = SURFACE_SIDE_STYLE('',(#20984));
#20984 = SURFACE_STYLE_FILL_AREA(#20985);
#20985 = FILL_AREA_STYLE('',(#20986));
#20986 = FILL_AREA_STYLE_COLOUR('',#19403);
#20987 = OVER_RIDING_STYLED_ITEM('overriding color',(#20988),#6662,
  #20973);
#20988 = PRESENTATION_STYLE_ASSIGNMENT((#20989));
#20989 = SURFACE_STYLE_USAGE(.BOTH.,#20990);
#20990 = SURFACE_SIDE_STYLE('',(#20991));
#20991 = SURFACE_STYLE_FILL_AREA(#20992);
#20992 = FILL_AREA_STYLE('',(#20993));
#20993 = FILL_AREA_STYLE_COLOUR('',#19403);
#20994 = OVER_RIDING_STYLED_ITEM('overriding color',(#20995),#6693,
  #20973);
#20995 = PRESENTATION_STYLE_ASSIGNMENT((#20996));
#20996 = SURFACE_STYLE_USAGE(.BOTH.,#20997);
#20997 = SURFACE_SIDE_STYLE('',(#20998));
#20998 = SURFACE_STYLE_FILL_AREA(#20999);
#20999 = FILL_AREA_STYLE('',(#21000));
#21000 = FILL_AREA_STYLE_COLOUR('',#19403);
#21001 = OVER_RIDING_STYLED_ITEM('overriding color',(#21002),#6717,
  #20973);
#21002 = PRESENTATION_STYLE_ASSIGNMENT((#21003));
#21003 = SURFACE_STYLE_USAGE(.BOTH.,#21004);
#21004 = SURFACE_SIDE_STYLE('',(#21005));
#21005 = SURFACE_STYLE_FILL_AREA(#21006);
#21006 = FILL_AREA_STYLE('',(#21007));
#21007 = FILL_AREA_STYLE_COLOUR('',#19403);
#21008 = OVER_RIDING_STYLED_ITEM('overriding color',(#21009),#6741,
  #20973);
#21009 = PRESENTATION_STYLE_ASSIGNMENT((#21010));
#21010 = SURFACE_STYLE_USAGE(.BOTH.,#21011);
#21011 = SURFACE_SIDE_STYLE('',(#21012));
#21012 = SURFACE_STYLE_FILL_AREA(#21013);
#21013 = FILL_AREA_STYLE('',(#21014));
#21014 = FILL_AREA_STYLE_COLOUR('',#19403);
#21015 = OVER_RIDING_STYLED_ITEM('overriding color',(#21016),#6758,
  #20973);
#21016 = PRESENTATION_STYLE_ASSIGNMENT((#21017));
#21017 = SURFACE_STYLE_USAGE(.BOTH.,#21018);
#21018 = SURFACE_SIDE_STYLE('',(#21019));
#21019 = SURFACE_STYLE_FILL_AREA(#21020);
#21020 = FILL_AREA_STYLE('',(#21021));
#21021 = FILL_AREA_STYLE_COLOUR('',#19403);
#21022 = STYLED_ITEM('color',(#21023),#6770);
#21023 = PRESENTATION_STYLE_ASSIGNMENT((#21024));
#21024 = SURFACE_STYLE_USAGE(.BOTH.,#21025);
#21025 = SURFACE_SIDE_STYLE('',(#21026));
#21026 = SURFACE_STYLE_FILL_AREA(#21027);
#21027 = FILL_AREA_STYLE('',(#21028));
#21028 = FILL_AREA_STYLE_COLOUR('',#19403);
#21029 = OVER_RIDING_STYLED_ITEM('overriding color',(#21030),#6772,
  #21022);
#21030 = PRESENTATION_STYLE_ASSIGNMENT((#21031));
#21031 = SURFACE_STYLE_USAGE(.BOTH.,#21032);
#21032 = SURFACE_SIDE_STYLE('',(#21033));
#21033 = SURFACE_STYLE_FILL_AREA(#21034);
#21034 = FILL_AREA_STYLE('',(#21035));
#21035 = FILL_AREA_STYLE_COLOUR('',#19403);
#21036 = OVER_RIDING_STYLED_ITEM('overriding color',(#21037),#6812,
  #21022);
#21037 = PRESENTATION_STYLE_ASSIGNMENT((#21038));
#21038 = SURFACE_STYLE_USAGE(.BOTH.,#21039);
#21039 = SURFACE_SIDE_STYLE('',(#21040));
#21040 = SURFACE_STYLE_FILL_AREA(#21041);
#21041 = FILL_AREA_STYLE('',(#21042));
#21042 = FILL_AREA_STYLE_COLOUR('',#19403);
#21043 = OVER_RIDING_STYLED_ITEM('overriding color',(#21044),#6843,
  #21022);
#21044 = PRESENTATION_STYLE_ASSIGNMENT((#21045));
#21045 = SURFACE_STYLE_USAGE(.BOTH.,#21046);
#21046 = SURFACE_SIDE_STYLE('',(#21047));
#21047 = SURFACE_STYLE_FILL_AREA(#21048);
#21048 = FILL_AREA_STYLE('',(#21049));
#21049 = FILL_AREA_STYLE_COLOUR('',#19403);
#21050 = OVER_RIDING_STYLED_ITEM('overriding color',(#21051),#6867,
  #21022);
#21051 = PRESENTATION_STYLE_ASSIGNMENT((#21052));
#21052 = SURFACE_STYLE_USAGE(.BOTH.,#21053);
#21053 = SURFACE_SIDE_STYLE('',(#21054));
#21054 = SURFACE_STYLE_FILL_AREA(#21055);
#21055 = FILL_AREA_STYLE('',(#21056));
#21056 = FILL_AREA_STYLE_COLOUR('',#19403);
#21057 = OVER_RIDING_STYLED_ITEM('overriding color',(#21058),#6891,
  #21022);
#21058 = PRESENTATION_STYLE_ASSIGNMENT((#21059));
#21059 = SURFACE_STYLE_USAGE(.BOTH.,#21060);
#21060 = SURFACE_SIDE_STYLE('',(#21061));
#21061 = SURFACE_STYLE_FILL_AREA(#21062);
#21062 = FILL_AREA_STYLE('',(#21063));
#21063 = FILL_AREA_STYLE_COLOUR('',#19403);
#21064 = OVER_RIDING_STYLED_ITEM('overriding color',(#21065),#6908,
  #21022);
#21065 = PRESENTATION_STYLE_ASSIGNMENT((#21066));
#21066 = SURFACE_STYLE_USAGE(.BOTH.,#21067);
#21067 = SURFACE_SIDE_STYLE('',(#21068));
#21068 = SURFACE_STYLE_FILL_AREA(#21069);
#21069 = FILL_AREA_STYLE('',(#21070));
#21070 = FILL_AREA_STYLE_COLOUR('',#19403);
#21071 = STYLED_ITEM('color',(#21072),#6920);
#21072 = PRESENTATION_STYLE_ASSIGNMENT((#21073));
#21073 = SURFACE_STYLE_USAGE(.BOTH.,#21074);
#21074 = SURFACE_SIDE_STYLE('',(#21075));
#21075 = SURFACE_STYLE_FILL_AREA(#21076);
#21076 = FILL_AREA_STYLE('',(#21077));
#21077 = FILL_AREA_STYLE_COLOUR('',#19403);
#21078 = OVER_RIDING_STYLED_ITEM('overriding color',(#21079),#6922,
  #21071);
#21079 = PRESENTATION_STYLE_ASSIGNMENT((#21080));
#21080 = SURFACE_STYLE_USAGE(.BOTH.,#21081);
#21081 = SURFACE_SIDE_STYLE('',(#21082));
#21082 = SURFACE_STYLE_FILL_AREA(#21083);
#21083 = FILL_AREA_STYLE('',(#21084));
#21084 = FILL_AREA_STYLE_COLOUR('',#19403);
#21085 = OVER_RIDING_STYLED_ITEM('overriding color',(#21086),#6962,
  #21071);
#21086 = PRESENTATION_STYLE_ASSIGNMENT((#21087));
#21087 = SURFACE_STYLE_USAGE(.BOTH.,#21088);
#21088 = SURFACE_SIDE_STYLE('',(#21089));
#21089 = SURFACE_STYLE_FILL_AREA(#21090);
#21090 = FILL_AREA_STYLE('',(#21091));
#21091 = FILL_AREA_STYLE_COLOUR('',#19403);
#21092 = OVER_RIDING_STYLED_ITEM('overriding color',(#21093),#6993,
  #21071);
#21093 = PRESENTATION_STYLE_ASSIGNMENT((#21094));
#21094 = SURFACE_STYLE_USAGE(.BOTH.,#21095);
#21095 = SURFACE_SIDE_STYLE('',(#21096));
#21096 = SURFACE_STYLE_FILL_AREA(#21097);
#21097 = FILL_AREA_STYLE('',(#21098));
#21098 = FILL_AREA_STYLE_COLOUR('',#19403);
#21099 = OVER_RIDING_STYLED_ITEM('overriding color',(#21100),#7017,
  #21071);
#21100 = PRESENTATION_STYLE_ASSIGNMENT((#21101));
#21101 = SURFACE_STYLE_USAGE(.BOTH.,#21102);
#21102 = SURFACE_SIDE_STYLE('',(#21103));
#21103 = SURFACE_STYLE_FILL_AREA(#21104);
#21104 = FILL_AREA_STYLE('',(#21105));
#21105 = FILL_AREA_STYLE_COLOUR('',#19403);
#21106 = OVER_RIDING_STYLED_ITEM('overriding color',(#21107),#7041,
  #21071);
#21107 = PRESENTATION_STYLE_ASSIGNMENT((#21108));
#21108 = SURFACE_STYLE_USAGE(.BOTH.,#21109);
#21109 = SURFACE_SIDE_STYLE('',(#21110));
#21110 = SURFACE_STYLE_FILL_AREA(#21111);
#21111 = FILL_AREA_STYLE('',(#21112));
#21112 = FILL_AREA_STYLE_COLOUR('',#19403);
#21113 = OVER_RIDING_STYLED_ITEM('overriding color',(#21114),#7058,
  #21071);
#21114 = PRESENTATION_STYLE_ASSIGNMENT((#21115));
#21115 = SURFACE_STYLE_USAGE(.BOTH.,#21116);
#21116 = SURFACE_SIDE_STYLE('',(#21117));
#21117 = SURFACE_STYLE_FILL_AREA(#21118);
#21118 = FILL_AREA_STYLE('',(#21119));
#21119 = FILL_AREA_STYLE_COLOUR('',#19403);
#21120 = STYLED_ITEM('color',(#21121),#7070);
#21121 = PRESENTATION_STYLE_ASSIGNMENT((#21122));
#21122 = SURFACE_STYLE_USAGE(.BOTH.,#21123);
#21123 = SURFACE_SIDE_STYLE('',(#21124));
#21124 = SURFACE_STYLE_FILL_AREA(#21125);
#21125 = FILL_AREA_STYLE('',(#21126));
#21126 = FILL_AREA_STYLE_COLOUR('',#19403);
#21127 = OVER_RIDING_STYLED_ITEM('overriding color',(#21128),#7072,
  #21120);
#21128 = PRESENTATION_STYLE_ASSIGNMENT((#21129));
#21129 = SURFACE_STYLE_USAGE(.BOTH.,#21130);
#21130 = SURFACE_SIDE_STYLE('',(#21131));
#21131 = SURFACE_STYLE_FILL_AREA(#21132);
#21132 = FILL_AREA_STYLE('',(#21133));
#21133 = FILL_AREA_STYLE_COLOUR('',#19403);
#21134 = OVER_RIDING_STYLED_ITEM('overriding color',(#21135),#7112,
  #21120);
#21135 = PRESENTATION_STYLE_ASSIGNMENT((#21136));
#21136 = SURFACE_STYLE_USAGE(.BOTH.,#21137);
#21137 = SURFACE_SIDE_STYLE('',(#21138));
#21138 = SURFACE_STYLE_FILL_AREA(#21139);
#21139 = FILL_AREA_STYLE('',(#21140));
#21140 = FILL_AREA_STYLE_COLOUR('',#19403);
#21141 = OVER_RIDING_STYLED_ITEM('overriding color',(#21142),#7143,
  #21120);
#21142 = PRESENTATION_STYLE_ASSIGNMENT((#21143));
#21143 = SURFACE_STYLE_USAGE(.BOTH.,#21144);
#21144 = SURFACE_SIDE_STYLE('',(#21145));
#21145 = SURFACE_STYLE_FILL_AREA(#21146);
#21146 = FILL_AREA_STYLE('',(#21147));
#21147 = FILL_AREA_STYLE_COLOUR('',#19403);
#21148 = OVER_RIDING_STYLED_ITEM('overriding color',(#21149),#7167,
  #21120);
#21149 = PRESENTATION_STYLE_ASSIGNMENT((#21150));
#21150 = SURFACE_STYLE_USAGE(.BOTH.,#21151);
#21151 = SURFACE_SIDE_STYLE('',(#21152));
#21152 = SURFACE_STYLE_FILL_AREA(#21153);
#21153 = FILL_AREA_STYLE('',(#21154));
#21154 = FILL_AREA_STYLE_COLOUR('',#19403);
#21155 = OVER_RIDING_STYLED_ITEM('overriding color',(#21156),#7191,
  #21120);
#21156 = PRESENTATION_STYLE_ASSIGNMENT((#21157));
#21157 = SURFACE_STYLE_USAGE(.BOTH.,#21158);
#21158 = SURFACE_SIDE_STYLE('',(#21159));
#21159 = SURFACE_STYLE_FILL_AREA(#21160);
#21160 = FILL_AREA_STYLE('',(#21161));
#21161 = FILL_AREA_STYLE_COLOUR('',#19403);
#21162 = OVER_RIDING_STYLED_ITEM('overriding color',(#21163),#7208,
  #21120);
#21163 = PRESENTATION_STYLE_ASSIGNMENT((#21164));
#21164 = SURFACE_STYLE_USAGE(.BOTH.,#21165);
#21165 = SURFACE_SIDE_STYLE('',(#21166));
#21166 = SURFACE_STYLE_FILL_AREA(#21167);
#21167 = FILL_AREA_STYLE('',(#21168));
#21168 = FILL_AREA_STYLE_COLOUR('',#19403);
#21169 = STYLED_ITEM('color',(#21170),#7220);
#21170 = PRESENTATION_STYLE_ASSIGNMENT((#21171));
#21171 = SURFACE_STYLE_USAGE(.BOTH.,#21172);
#21172 = SURFACE_SIDE_STYLE('',(#21173));
#21173 = SURFACE_STYLE_FILL_AREA(#21174);
#21174 = FILL_AREA_STYLE('',(#21175));
#21175 = FILL_AREA_STYLE_COLOUR('',#19403);
#21176 = OVER_RIDING_STYLED_ITEM('overriding color',(#21177),#7222,
  #21169);
#21177 = PRESENTATION_STYLE_ASSIGNMENT((#21178));
#21178 = SURFACE_STYLE_USAGE(.BOTH.,#21179);
#21179 = SURFACE_SIDE_STYLE('',(#21180));
#21180 = SURFACE_STYLE_FILL_AREA(#21181);
#21181 = FILL_AREA_STYLE('',(#21182));
#21182 = FILL_AREA_STYLE_COLOUR('',#19403);
#21183 = OVER_RIDING_STYLED_ITEM('overriding color',(#21184),#7262,
  #21169);
#21184 = PRESENTATION_STYLE_ASSIGNMENT((#21185));
#21185 = SURFACE_STYLE_USAGE(.BOTH.,#21186);
#21186 = SURFACE_SIDE_STYLE('',(#21187));
#21187 = SURFACE_STYLE_FILL_AREA(#21188);
#21188 = FILL_AREA_STYLE('',(#21189));
#21189 = FILL_AREA_STYLE_COLOUR('',#19403);
#21190 = OVER_RIDING_STYLED_ITEM('overriding color',(#21191),#7293,
  #21169);
#21191 = PRESENTATION_STYLE_ASSIGNMENT((#21192));
#21192 = SURFACE_STYLE_USAGE(.BOTH.,#21193);
#21193 = SURFACE_SIDE_STYLE('',(#21194));
#21194 = SURFACE_STYLE_FILL_AREA(#21195);
#21195 = FILL_AREA_STYLE('',(#21196));
#21196 = FILL_AREA_STYLE_COLOUR('',#19403);
#21197 = OVER_RIDING_STYLED_ITEM('overriding color',(#21198),#7317,
  #21169);
#21198 = PRESENTATION_STYLE_ASSIGNMENT((#21199));
#21199 = SURFACE_STYLE_USAGE(.BOTH.,#21200);
#21200 = SURFACE_SIDE_STYLE('',(#21201));
#21201 = SURFACE_STYLE_FILL_AREA(#21202);
#21202 = FILL_AREA_STYLE('',(#21203));
#21203 = FILL_AREA_STYLE_COLOUR('',#19403);
#21204 = OVER_RIDING_STYLED_ITEM('overriding color',(#21205),#7341,
  #21169);
#21205 = PRESENTATION_STYLE_ASSIGNMENT((#21206));
#21206 = SURFACE_STYLE_USAGE(.BOTH.,#21207);
#21207 = SURFACE_SIDE_STYLE('',(#21208));
#21208 = SURFACE_STYLE_FILL_AREA(#21209);
#21209 = FILL_AREA_STYLE('',(#21210));
#21210 = FILL_AREA_STYLE_COLOUR('',#19403);
#21211 = OVER_RIDING_STYLED_ITEM('overriding color',(#21212),#7358,
  #21169);
#21212 = PRESENTATION_STYLE_ASSIGNMENT((#21213));
#21213 = SURFACE_STYLE_USAGE(.BOTH.,#21214);
#21214 = SURFACE_SIDE_STYLE('',(#21215));
#21215 = SURFACE_STYLE_FILL_AREA(#21216);
#21216 = FILL_AREA_STYLE('',(#21217));
#21217 = FILL_AREA_STYLE_COLOUR('',#19403);
#21218 = STYLED_ITEM('color',(#21219),#7370);
#21219 = PRESENTATION_STYLE_ASSIGNMENT((#21220));
#21220 = SURFACE_STYLE_USAGE(.BOTH.,#21221);
#21221 = SURFACE_SIDE_STYLE('',(#21222));
#21222 = SURFACE_STYLE_FILL_AREA(#21223);
#21223 = FILL_AREA_STYLE('',(#21224));
#21224 = FILL_AREA_STYLE_COLOUR('',#19403);
#21225 = OVER_RIDING_STYLED_ITEM('overriding color',(#21226),#7372,
  #21218);
#21226 = PRESENTATION_STYLE_ASSIGNMENT((#21227));
#21227 = SURFACE_STYLE_USAGE(.BOTH.,#21228);
#21228 = SURFACE_SIDE_STYLE('',(#21229));
#21229 = SURFACE_STYLE_FILL_AREA(#21230);
#21230 = FILL_AREA_STYLE('',(#21231));
#21231 = FILL_AREA_STYLE_COLOUR('',#19403);
#21232 = OVER_RIDING_STYLED_ITEM('overriding color',(#21233),#7412,
  #21218);
#21233 = PRESENTATION_STYLE_ASSIGNMENT((#21234));
#21234 = SURFACE_STYLE_USAGE(.BOTH.,#21235);
#21235 = SURFACE_SIDE_STYLE('',(#21236));
#21236 = SURFACE_STYLE_FILL_AREA(#21237);
#21237 = FILL_AREA_STYLE('',(#21238));
#21238 = FILL_AREA_STYLE_COLOUR('',#19403);
#21239 = OVER_RIDING_STYLED_ITEM('overriding color',(#21240),#7443,
  #21218);
#21240 = PRESENTATION_STYLE_ASSIGNMENT((#21241));
#21241 = SURFACE_STYLE_USAGE(.BOTH.,#21242);
#21242 = SURFACE_SIDE_STYLE('',(#21243));
#21243 = SURFACE_STYLE_FILL_AREA(#21244);
#21244 = FILL_AREA_STYLE('',(#21245));
#21245 = FILL_AREA_STYLE_COLOUR('',#19403);
#21246 = OVER_RIDING_STYLED_ITEM('overriding color',(#21247),#7467,
  #21218);
#21247 = PRESENTATION_STYLE_ASSIGNMENT((#21248));
#21248 = SURFACE_STYLE_USAGE(.BOTH.,#21249);
#21249 = SURFACE_SIDE_STYLE('',(#21250));
#21250 = SURFACE_STYLE_FILL_AREA(#21251);
#21251 = FILL_AREA_STYLE('',(#21252));
#21252 = FILL_AREA_STYLE_COLOUR('',#19403);
#21253 = OVER_RIDING_STYLED_ITEM('overriding color',(#21254),#7491,
  #21218);
#21254 = PRESENTATION_STYLE_ASSIGNMENT((#21255));
#21255 = SURFACE_STYLE_USAGE(.BOTH.,#21256);
#21256 = SURFACE_SIDE_STYLE('',(#21257));
#21257 = SURFACE_STYLE_FILL_AREA(#21258);
#21258 = FILL_AREA_STYLE('',(#21259));
#21259 = FILL_AREA_STYLE_COLOUR('',#19403);
#21260 = OVER_RIDING_STYLED_ITEM('overriding color',(#21261),#7508,
  #21218);
#21261 = PRESENTATION_STYLE_ASSIGNMENT((#21262));
#21262 = SURFACE_STYLE_USAGE(.BOTH.,#21263);
#21263 = SURFACE_SIDE_STYLE('',(#21264));
#21264 = SURFACE_STYLE_FILL_AREA(#21265);
#21265 = FILL_AREA_STYLE('',(#21266));
#21266 = FILL_AREA_STYLE_COLOUR('',#19403);
#21267 = MECHANICAL_DESIGN_GEOMETRIC_PRESENTATION_REPRESENTATION('',(
    #21268),#10623);
#21268 = STYLED_ITEM('color',(#21269),#10036);
#21269 = PRESENTATION_STYLE_ASSIGNMENT((#21270,#21276));
#21270 = SURFACE_STYLE_USAGE(.BOTH.,#21271);
#21271 = SURFACE_SIDE_STYLE('',(#21272));
#21272 = SURFACE_STYLE_FILL_AREA(#21273);
#21273 = FILL_AREA_STYLE('',(#21274));
#21274 = FILL_AREA_STYLE_COLOUR('',#21275);
#21275 = COLOUR_RGB('',0.300000011149,0.300000011149,0.300000011149);
#21276 = CURVE_STYLE('',#21277,POSITIVE_LENGTH_MEASURE(0.1),#21275);
#21277 = DRAUGHTING_PRE_DEFINED_CURVE_FONT('continuous');
#21278 = MECHANICAL_DESIGN_GEOMETRIC_PRESENTATION_REPRESENTATION('',(
    #21279,#21287,#21294,#21301,#21308,#21315,#21322,#21329,#21336,
    #21343,#21350,#21358,#21365,#21372,#21379,#21386,#21393,#21400,
    #21407,#21414,#21421,#21428,#21435,#21442,#21449,#21456,#21463,
    #21470),#990);
#21279 = STYLED_ITEM('color',(#21280),#138);
#21280 = PRESENTATION_STYLE_ASSIGNMENT((#21281));
#21281 = SURFACE_STYLE_USAGE(.BOTH.,#21282);
#21282 = SURFACE_SIDE_STYLE('',(#21283));
#21283 = SURFACE_STYLE_FILL_AREA(#21284);
#21284 = FILL_AREA_STYLE('',(#21285));
#21285 = FILL_AREA_STYLE_COLOUR('',#21286);
#21286 = COLOUR_RGB('',0.823999987314,0.819999987296,0.781000009244);
#21287 = STYLED_ITEM('color',(#21288),#214);
#21288 = PRESENTATION_STYLE_ASSIGNMENT((#21289));
#21289 = SURFACE_STYLE_USAGE(.BOTH.,#21290);
#21290 = SURFACE_SIDE_STYLE('',(#21291));
#21291 = SURFACE_STYLE_FILL_AREA(#21292);
#21292 = FILL_AREA_STYLE('',(#21293));
#21293 = FILL_AREA_STYLE_COLOUR('',#21286);
#21294 = STYLED_ITEM('color',(#21295),#245);
#21295 = PRESENTATION_STYLE_ASSIGNMENT((#21296));
#21296 = SURFACE_STYLE_USAGE(.BOTH.,#21297);
#21297 = SURFACE_SIDE_STYLE('',(#21298));
#21298 = SURFACE_STYLE_FILL_AREA(#21299);
#21299 = FILL_AREA_STYLE('',(#21300));
#21300 = FILL_AREA_STYLE_COLOUR('',#21286);
#21301 = STYLED_ITEM('color',(#21302),#270);
#21302 = PRESENTATION_STYLE_ASSIGNMENT((#21303));
#21303 = SURFACE_STYLE_USAGE(.BOTH.,#21304);
#21304 = SURFACE_SIDE_STYLE('',(#21305));
#21305 = SURFACE_STYLE_FILL_AREA(#21306);
#21306 = FILL_AREA_STYLE('',(#21307));
#21307 = FILL_AREA_STYLE_COLOUR('',#21286);
#21308 = STYLED_ITEM('color',(#21309),#295);
#21309 = PRESENTATION_STYLE_ASSIGNMENT((#21310));
#21310 = SURFACE_STYLE_USAGE(.BOTH.,#21311);
#21311 = SURFACE_SIDE_STYLE('',(#21312));
#21312 = SURFACE_STYLE_FILL_AREA(#21313);
#21313 = FILL_AREA_STYLE('',(#21314));
#21314 = FILL_AREA_STYLE_COLOUR('',#21286);
#21315 = STYLED_ITEM('color',(#21316),#319);
#21316 = PRESENTATION_STYLE_ASSIGNMENT((#21317));
#21317 = SURFACE_STYLE_USAGE(.BOTH.,#21318);
#21318 = SURFACE_SIDE_STYLE('',(#21319));
#21319 = SURFACE_STYLE_FILL_AREA(#21320);
#21320 = FILL_AREA_STYLE('',(#21321));
#21321 = FILL_AREA_STYLE_COLOUR('',#21286);
#21322 = STYLED_ITEM('color',(#21323),#343);
#21323 = PRESENTATION_STYLE_ASSIGNMENT((#21324));
#21324 = SURFACE_STYLE_USAGE(.BOTH.,#21325);
#21325 = SURFACE_SIDE_STYLE('',(#21326));
#21326 = SURFACE_STYLE_FILL_AREA(#21327);
#21327 = FILL_AREA_STYLE('',(#21328));
#21328 = FILL_AREA_STYLE_COLOUR('',#21286);
#21329 = STYLED_ITEM('color',(#21330),#368);
#21330 = PRESENTATION_STYLE_ASSIGNMENT((#21331));
#21331 = SURFACE_STYLE_USAGE(.BOTH.,#21332);
#21332 = SURFACE_SIDE_STYLE('',(#21333));
#21333 = SURFACE_STYLE_FILL_AREA(#21334);
#21334 = FILL_AREA_STYLE('',(#21335));
#21335 = FILL_AREA_STYLE_COLOUR('',#21286);
#21336 = STYLED_ITEM('color',(#21337),#393);
#21337 = PRESENTATION_STYLE_ASSIGNMENT((#21338));
#21338 = SURFACE_STYLE_USAGE(.BOTH.,#21339);
#21339 = SURFACE_SIDE_STYLE('',(#21340));
#21340 = SURFACE_STYLE_FILL_AREA(#21341);
#21341 = FILL_AREA_STYLE('',(#21342));
#21342 = FILL_AREA_STYLE_COLOUR('',#21286);
#21343 = STYLED_ITEM('color',(#21344),#410);
#21344 = PRESENTATION_STYLE_ASSIGNMENT((#21345));
#21345 = SURFACE_STYLE_USAGE(.BOTH.,#21346);
#21346 = SURFACE_SIDE_STYLE('',(#21347));
#21347 = SURFACE_STYLE_FILL_AREA(#21348);
#21348 = FILL_AREA_STYLE('',(#21349));
#21349 = FILL_AREA_STYLE_COLOUR('',#21286);
#21350 = STYLED_ITEM('color',(#21351),#496);
#21351 = PRESENTATION_STYLE_ASSIGNMENT((#21352));
#21352 = SURFACE_STYLE_USAGE(.BOTH.,#21353);
#21353 = SURFACE_SIDE_STYLE('',(#21354));
#21354 = SURFACE_STYLE_FILL_AREA(#21355);
#21355 = FILL_AREA_STYLE('',(#21356));
#21356 = FILL_AREA_STYLE_COLOUR('',#21357);
#21357 = COLOUR_RGB('',0.379000005575,0.270000008848,0.214999999939);
#21358 = STYLED_ITEM('color',(#21359),#528);
#21359 = PRESENTATION_STYLE_ASSIGNMENT((#21360));
#21360 = SURFACE_STYLE_USAGE(.BOTH.,#21361);
#21361 = SURFACE_SIDE_STYLE('',(#21362));
#21362 = SURFACE_STYLE_FILL_AREA(#21363);
#21363 = FILL_AREA_STYLE('',(#21364));
#21364 = FILL_AREA_STYLE_COLOUR('',#21357);
#21365 = STYLED_ITEM('color',(#21366),#552);
#21366 = PRESENTATION_STYLE_ASSIGNMENT((#21367));
#21367 = SURFACE_STYLE_USAGE(.BOTH.,#21368);
#21368 = SURFACE_SIDE_STYLE('',(#21369));
#21369 = SURFACE_STYLE_FILL_AREA(#21370);
#21370 = FILL_AREA_STYLE('',(#21371));
#21371 = FILL_AREA_STYLE_COLOUR('',#21357);
#21372 = STYLED_ITEM('color',(#21373),#577);
#21373 = PRESENTATION_STYLE_ASSIGNMENT((#21374));
#21374 = SURFACE_STYLE_USAGE(.BOTH.,#21375);
#21375 = SURFACE_SIDE_STYLE('',(#21376));
#21376 = SURFACE_STYLE_FILL_AREA(#21377);
#21377 = FILL_AREA_STYLE('',(#21378));
#21378 = FILL_AREA_STYLE_COLOUR('',#21357);
#21379 = STYLED_ITEM('color',(#21380),#601);
#21380 = PRESENTATION_STYLE_ASSIGNMENT((#21381));
#21381 = SURFACE_STYLE_USAGE(.BOTH.,#21382);
#21382 = SURFACE_SIDE_STYLE('',(#21383));
#21383 = SURFACE_STYLE_FILL_AREA(#21384);
#21384 = FILL_AREA_STYLE('',(#21385));
#21385 = FILL_AREA_STYLE_COLOUR('',#21357);
#21386 = STYLED_ITEM('color',(#21387),#626);
#21387 = PRESENTATION_STYLE_ASSIGNMENT((#21388));
#21388 = SURFACE_STYLE_USAGE(.BOTH.,#21389);
#21389 = SURFACE_SIDE_STYLE('',(#21390));
#21390 = SURFACE_STYLE_FILL_AREA(#21391);
#21391 = FILL_AREA_STYLE('',(#21392));
#21392 = FILL_AREA_STYLE_COLOUR('',#21357);
#21393 = STYLED_ITEM('color',(#21394),#650);
#21394 = PRESENTATION_STYLE_ASSIGNMENT((#21395));
#21395 = SURFACE_STYLE_USAGE(.BOTH.,#21396);
#21396 = SURFACE_SIDE_STYLE('',(#21397));
#21397 = SURFACE_STYLE_FILL_AREA(#21398);
#21398 = FILL_AREA_STYLE('',(#21399));
#21399 = FILL_AREA_STYLE_COLOUR('',#21357);
#21400 = STYLED_ITEM('color',(#21401),#675);
#21401 = PRESENTATION_STYLE_ASSIGNMENT((#21402));
#21402 = SURFACE_STYLE_USAGE(.BOTH.,#21403);
#21403 = SURFACE_SIDE_STYLE('',(#21404));
#21404 = SURFACE_STYLE_FILL_AREA(#21405);
#21405 = FILL_AREA_STYLE('',(#21406));
#21406 = FILL_AREA_STYLE_COLOUR('',#21357);
#21407 = STYLED_ITEM('color',(#21408),#692);
#21408 = PRESENTATION_STYLE_ASSIGNMENT((#21409));
#21409 = SURFACE_STYLE_USAGE(.BOTH.,#21410);
#21410 = SURFACE_SIDE_STYLE('',(#21411));
#21411 = SURFACE_STYLE_FILL_AREA(#21412);
#21412 = FILL_AREA_STYLE('',(#21413));
#21413 = FILL_AREA_STYLE_COLOUR('',#21286);
#21414 = STYLED_ITEM('color',(#21415),#778);
#21415 = PRESENTATION_STYLE_ASSIGNMENT((#21416));
#21416 = SURFACE_STYLE_USAGE(.BOTH.,#21417);
#21417 = SURFACE_SIDE_STYLE('',(#21418));
#21418 = SURFACE_STYLE_FILL_AREA(#21419);
#21419 = FILL_AREA_STYLE('',(#21420));
#21420 = FILL_AREA_STYLE_COLOUR('',#21286);
#21421 = STYLED_ITEM('color',(#21422),#809);
#21422 = PRESENTATION_STYLE_ASSIGNMENT((#21423));
#21423 = SURFACE_STYLE_USAGE(.BOTH.,#21424);
#21424 = SURFACE_SIDE_STYLE('',(#21425));
#21425 = SURFACE_STYLE_FILL_AREA(#21426);
#21426 = FILL_AREA_STYLE('',(#21427));
#21427 = FILL_AREA_STYLE_COLOUR('',#21286);
#21428 = STYLED_ITEM('color',(#21429),#834);
#21429 = PRESENTATION_STYLE_ASSIGNMENT((#21430));
#21430 = SURFACE_STYLE_USAGE(.BOTH.,#21431);
#21431 = SURFACE_SIDE_STYLE('',(#21432));
#21432 = SURFACE_STYLE_FILL_AREA(#21433);
#21433 = FILL_AREA_STYLE('',(#21434));
#21434 = FILL_AREA_STYLE_COLOUR('',#21286);
#21435 = STYLED_ITEM('color',(#21436),#859);
#21436 = PRESENTATION_STYLE_ASSIGNMENT((#21437));
#21437 = SURFACE_STYLE_USAGE(.BOTH.,#21438);
#21438 = SURFACE_SIDE_STYLE('',(#21439));
#21439 = SURFACE_STYLE_FILL_AREA(#21440);
#21440 = FILL_AREA_STYLE('',(#21441));
#21441 = FILL_AREA_STYLE_COLOUR('',#21286);
#21442 = STYLED_ITEM('color',(#21443),#883);
#21443 = PRESENTATION_STYLE_ASSIGNMENT((#21444));
#21444 = SURFACE_STYLE_USAGE(.BOTH.,#21445);
#21445 = SURFACE_SIDE_STYLE('',(#21446));
#21446 = SURFACE_STYLE_FILL_AREA(#21447);
#21447 = FILL_AREA_STYLE('',(#21448));
#21448 = FILL_AREA_STYLE_COLOUR('',#21286);
#21449 = STYLED_ITEM('color',(#21450),#907);
#21450 = PRESENTATION_STYLE_ASSIGNMENT((#21451));
#21451 = SURFACE_STYLE_USAGE(.BOTH.,#21452);
#21452 = SURFACE_SIDE_STYLE('',(#21453));
#21453 = SURFACE_STYLE_FILL_AREA(#21454);
#21454 = FILL_AREA_STYLE('',(#21455));
#21455 = FILL_AREA_STYLE_COLOUR('',#21286);
#21456 = STYLED_ITEM('color',(#21457),#932);
#21457 = PRESENTATION_STYLE_ASSIGNMENT((#21458));
#21458 = SURFACE_STYLE_USAGE(.BOTH.,#21459);
#21459 = SURFACE_SIDE_STYLE('',(#21460));
#21460 = SURFACE_STYLE_FILL_AREA(#21461);
#21461 = FILL_AREA_STYLE('',(#21462));
#21462 = FILL_AREA_STYLE_COLOUR('',#21286);
#21463 = STYLED_ITEM('color',(#21464),#957);
#21464 = PRESENTATION_STYLE_ASSIGNMENT((#21465));
#21465 = SURFACE_STYLE_USAGE(.BOTH.,#21466);
#21466 = SURFACE_SIDE_STYLE('',(#21467));
#21467 = SURFACE_STYLE_FILL_AREA(#21468);
#21468 = FILL_AREA_STYLE('',(#21469));
#21469 = FILL_AREA_STYLE_COLOUR('',#21286);
#21470 = STYLED_ITEM('color',(#21471),#974);
#21471 = PRESENTATION_STYLE_ASSIGNMENT((#21472));
#21472 = SURFACE_STYLE_USAGE(.BOTH.,#21473);
#21473 = SURFACE_SIDE_STYLE('',(#21474));
#21474 = SURFACE_STYLE_FILL_AREA(#21475);
#21475 = FILL_AREA_STYLE('',(#21476));
#21476 = FILL_AREA_STYLE_COLOUR('',#21286);
#21477 = MECHANICAL_DESIGN_GEOMETRIC_PRESENTATION_REPRESENTATION('',(
    #21478,#21486,#21493,#21500,#21507,#21514,#21521,#21528,#21536,
    #21543,#21550,#21557,#21564,#21571,#21578,#21585,#21592,#21599,
    #21606,#21613,#21620,#21627,#21634,#21641,#21648,#21655,#21662,
    #21669,#21676,#21683,#21690,#21697,#21704,#21711,#21718,#21725,
    #21733,#21740,#21747,#21754,#21761,#21768,#21775,#21782,#21789,
    #21796,#21803,#21810,#21817,#21824),#9952);
#21478 = STYLED_ITEM('color',(#21479),#8431);
#21479 = PRESENTATION_STYLE_ASSIGNMENT((#21480));
#21480 = SURFACE_STYLE_USAGE(.BOTH.,#21481);
#21481 = SURFACE_SIDE_STYLE('',(#21482));
#21482 = SURFACE_STYLE_FILL_AREA(#21483);
#21483 = FILL_AREA_STYLE('',(#21484));
#21484 = FILL_AREA_STYLE_COLOUR('',#21485);
#21485 = COLOUR_RGB('',0.894999966383,0.890999961016,0.813000030345);
#21486 = STYLED_ITEM('color',(#21487),#8471);
#21487 = PRESENTATION_STYLE_ASSIGNMENT((#21488));
#21488 = SURFACE_STYLE_USAGE(.BOTH.,#21489);
#21489 = SURFACE_SIDE_STYLE('',(#21490));
#21490 = SURFACE_STYLE_FILL_AREA(#21491);
#21491 = FILL_AREA_STYLE('',(#21492));
#21492 = FILL_AREA_STYLE_COLOUR('',#21485);
#21493 = STYLED_ITEM('color',(#21494),#8518);
#21494 = PRESENTATION_STYLE_ASSIGNMENT((#21495));
#21495 = SURFACE_STYLE_USAGE(.BOTH.,#21496);
#21496 = SURFACE_SIDE_STYLE('',(#21497));
#21497 = SURFACE_STYLE_FILL_AREA(#21498);
#21498 = FILL_AREA_STYLE('',(#21499));
#21499 = FILL_AREA_STYLE_COLOUR('',#21485);
#21500 = STYLED_ITEM('color',(#21501),#8597);
#21501 = PRESENTATION_STYLE_ASSIGNMENT((#21502));
#21502 = SURFACE_STYLE_USAGE(.BOTH.,#21503);
#21503 = SURFACE_SIDE_STYLE('',(#21504));
#21504 = SURFACE_STYLE_FILL_AREA(#21505);
#21505 = FILL_AREA_STYLE('',(#21506));
#21506 = FILL_AREA_STYLE_COLOUR('',#21485);
#21507 = STYLED_ITEM('color',(#21508),#8621);
#21508 = PRESENTATION_STYLE_ASSIGNMENT((#21509));
#21509 = SURFACE_STYLE_USAGE(.BOTH.,#21510);
#21510 = SURFACE_SIDE_STYLE('',(#21511));
#21511 = SURFACE_STYLE_FILL_AREA(#21512);
#21512 = FILL_AREA_STYLE('',(#21513));
#21513 = FILL_AREA_STYLE_COLOUR('',#21485);
#21514 = STYLED_ITEM('color',(#21515),#8661);
#21515 = PRESENTATION_STYLE_ASSIGNMENT((#21516));
#21516 = SURFACE_STYLE_USAGE(.BOTH.,#21517);
#21517 = SURFACE_SIDE_STYLE('',(#21518));
#21518 = SURFACE_STYLE_FILL_AREA(#21519);
#21519 = FILL_AREA_STYLE('',(#21520));
#21520 = FILL_AREA_STYLE_COLOUR('',#21485);
#21521 = STYLED_ITEM('color',(#21522),#8692);
#21522 = PRESENTATION_STYLE_ASSIGNMENT((#21523));
#21523 = SURFACE_STYLE_USAGE(.BOTH.,#21524);
#21524 = SURFACE_SIDE_STYLE('',(#21525));
#21525 = SURFACE_STYLE_FILL_AREA(#21526);
#21526 = FILL_AREA_STYLE('',(#21527));
#21527 = FILL_AREA_STYLE_COLOUR('',#21485);
#21528 = STYLED_ITEM('color',(#21529),#8709);
#21529 = PRESENTATION_STYLE_ASSIGNMENT((#21530));
#21530 = SURFACE_STYLE_USAGE(.BOTH.,#21531);
#21531 = SURFACE_SIDE_STYLE('',(#21532));
#21532 = SURFACE_STYLE_FILL_AREA(#21533);
#21533 = FILL_AREA_STYLE('',(#21534));
#21534 = FILL_AREA_STYLE_COLOUR('',#21535);
#21535 = COLOUR_RGB('',0.859000020776,0.737999965183,0.495999988746);
#21536 = STYLED_ITEM('color',(#21537),#8742);
#21537 = PRESENTATION_STYLE_ASSIGNMENT((#21538));
#21538 = SURFACE_STYLE_USAGE(.BOTH.,#21539);
#21539 = SURFACE_SIDE_STYLE('',(#21540));
#21540 = SURFACE_STYLE_FILL_AREA(#21541);
#21541 = FILL_AREA_STYLE('',(#21542));
#21542 = FILL_AREA_STYLE_COLOUR('',#21485);
#21543 = STYLED_ITEM('color',(#21544),#8766);
#21544 = PRESENTATION_STYLE_ASSIGNMENT((#21545));
#21545 = SURFACE_STYLE_USAGE(.BOTH.,#21546);
#21546 = SURFACE_SIDE_STYLE('',(#21547));
#21547 = SURFACE_STYLE_FILL_AREA(#21548);
#21548 = FILL_AREA_STYLE('',(#21549));
#21549 = FILL_AREA_STYLE_COLOUR('',#21535);
#21550 = STYLED_ITEM('color',(#21551),#8833);
#21551 = PRESENTATION_STYLE_ASSIGNMENT((#21552));
#21552 = SURFACE_STYLE_USAGE(.BOTH.,#21553);
#21553 = SURFACE_SIDE_STYLE('',(#21554));
#21554 = SURFACE_STYLE_FILL_AREA(#21555);
#21555 = FILL_AREA_STYLE('',(#21556));
#21556 = FILL_AREA_STYLE_COLOUR('',#21485);
#21557 = STYLED_ITEM('color',(#21558),#8954);
#21558 = PRESENTATION_STYLE_ASSIGNMENT((#21559));
#21559 = SURFACE_STYLE_USAGE(.BOTH.,#21560);
#21560 = SURFACE_SIDE_STYLE('',(#21561));
#21561 = SURFACE_STYLE_FILL_AREA(#21562);
#21562 = FILL_AREA_STYLE('',(#21563));
#21563 = FILL_AREA_STYLE_COLOUR('',#21535);
#21564 = STYLED_ITEM('color',(#21565),#9021);
#21565 = PRESENTATION_STYLE_ASSIGNMENT((#21566));
#21566 = SURFACE_STYLE_USAGE(.BOTH.,#21567);
#21567 = SURFACE_SIDE_STYLE('',(#21568));
#21568 = SURFACE_STYLE_FILL_AREA(#21569);
#21569 = FILL_AREA_STYLE('',(#21570));
#21570 = FILL_AREA_STYLE_COLOUR('',#21485);
#21571 = STYLED_ITEM('color',(#21572),#9045);
#21572 = PRESENTATION_STYLE_ASSIGNMENT((#21573));
#21573 = SURFACE_STYLE_USAGE(.BOTH.,#21574);
#21574 = SURFACE_SIDE_STYLE('',(#21575));
#21575 = SURFACE_STYLE_FILL_AREA(#21576);
#21576 = FILL_AREA_STYLE('',(#21577));
#21577 = FILL_AREA_STYLE_COLOUR('',#21485);
#21578 = STYLED_ITEM('color',(#21579),#9076);
#21579 = PRESENTATION_STYLE_ASSIGNMENT((#21580));
#21580 = SURFACE_STYLE_USAGE(.BOTH.,#21581);
#21581 = SURFACE_SIDE_STYLE('',(#21582));
#21582 = SURFACE_STYLE_FILL_AREA(#21583);
#21583 = FILL_AREA_STYLE('',(#21584));
#21584 = FILL_AREA_STYLE_COLOUR('',#21535);
#21585 = STYLED_ITEM('color',(#21586),#9109);
#21586 = PRESENTATION_STYLE_ASSIGNMENT((#21587));
#21587 = SURFACE_STYLE_USAGE(.BOTH.,#21588);
#21588 = SURFACE_SIDE_STYLE('',(#21589));
#21589 = SURFACE_STYLE_FILL_AREA(#21590);
#21590 = FILL_AREA_STYLE('',(#21591));
#21591 = FILL_AREA_STYLE_COLOUR('',#21485);
#21592 = STYLED_ITEM('color',(#21593),#9165);
#21593 = PRESENTATION_STYLE_ASSIGNMENT((#21594));
#21594 = SURFACE_STYLE_USAGE(.BOTH.,#21595);
#21595 = SURFACE_SIDE_STYLE('',(#21596));
#21596 = SURFACE_STYLE_FILL_AREA(#21597);
#21597 = FILL_AREA_STYLE('',(#21598));
#21598 = FILL_AREA_STYLE_COLOUR('',#21535);
#21599 = STYLED_ITEM('color',(#21600),#9189);
#21600 = PRESENTATION_STYLE_ASSIGNMENT((#21601));
#21601 = SURFACE_STYLE_USAGE(.BOTH.,#21602);
#21602 = SURFACE_SIDE_STYLE('',(#21603));
#21603 = SURFACE_STYLE_FILL_AREA(#21604);
#21604 = FILL_AREA_STYLE('',(#21605));
#21605 = FILL_AREA_STYLE_COLOUR('',#21535);
#21606 = STYLED_ITEM('color',(#21607),#9213);
#21607 = PRESENTATION_STYLE_ASSIGNMENT((#21608));
#21608 = SURFACE_STYLE_USAGE(.BOTH.,#21609);
#21609 = SURFACE_SIDE_STYLE('',(#21610));
#21610 = SURFACE_STYLE_FILL_AREA(#21611);
#21611 = FILL_AREA_STYLE('',(#21612));
#21612 = FILL_AREA_STYLE_COLOUR('',#21535);
#21613 = STYLED_ITEM('color',(#21614),#9237);
#21614 = PRESENTATION_STYLE_ASSIGNMENT((#21615));
#21615 = SURFACE_STYLE_USAGE(.BOTH.,#21616);
#21616 = SURFACE_SIDE_STYLE('',(#21617));
#21617 = SURFACE_STYLE_FILL_AREA(#21618);
#21618 = FILL_AREA_STYLE('',(#21619));
#21619 = FILL_AREA_STYLE_COLOUR('',#21535);
#21620 = STYLED_ITEM('color',(#21621),#9270);
#21621 = PRESENTATION_STYLE_ASSIGNMENT((#21622));
#21622 = SURFACE_STYLE_USAGE(.BOTH.,#21623);
#21623 = SURFACE_SIDE_STYLE('',(#21624));
#21624 = SURFACE_STYLE_FILL_AREA(#21625);
#21625 = FILL_AREA_STYLE('',(#21626));
#21626 = FILL_AREA_STYLE_COLOUR('',#21535);
#21627 = STYLED_ITEM('color',(#21628),#9282);
#21628 = PRESENTATION_STYLE_ASSIGNMENT((#21629));
#21629 = SURFACE_STYLE_USAGE(.BOTH.,#21630);
#21630 = SURFACE_SIDE_STYLE('',(#21631));
#21631 = SURFACE_STYLE_FILL_AREA(#21632);
#21632 = FILL_AREA_STYLE('',(#21633));
#21633 = FILL_AREA_STYLE_COLOUR('',#21535);
#21634 = STYLED_ITEM('color',(#21635),#9345);
#21635 = PRESENTATION_STYLE_ASSIGNMENT((#21636));
#21636 = SURFACE_STYLE_USAGE(.BOTH.,#21637);
#21637 = SURFACE_SIDE_STYLE('',(#21638));
#21638 = SURFACE_STYLE_FILL_AREA(#21639);
#21639 = FILL_AREA_STYLE('',(#21640));
#21640 = FILL_AREA_STYLE_COLOUR('',#21535);
#21641 = STYLED_ITEM('color',(#21642),#9370);
#21642 = PRESENTATION_STYLE_ASSIGNMENT((#21643));
#21643 = SURFACE_STYLE_USAGE(.BOTH.,#21644);
#21644 = SURFACE_SIDE_STYLE('',(#21645));
#21645 = SURFACE_STYLE_FILL_AREA(#21646);
#21646 = FILL_AREA_STYLE('',(#21647));
#21647 = FILL_AREA_STYLE_COLOUR('',#21535);
#21648 = STYLED_ITEM('color',(#21649),#9387);
#21649 = PRESENTATION_STYLE_ASSIGNMENT((#21650));
#21650 = SURFACE_STYLE_USAGE(.BOTH.,#21651);
#21651 = SURFACE_SIDE_STYLE('',(#21652));
#21652 = SURFACE_STYLE_FILL_AREA(#21653);
#21653 = FILL_AREA_STYLE('',(#21654));
#21654 = FILL_AREA_STYLE_COLOUR('',#21535);
#21655 = STYLED_ITEM('color',(#21656),#9411);
#21656 = PRESENTATION_STYLE_ASSIGNMENT((#21657));
#21657 = SURFACE_STYLE_USAGE(.BOTH.,#21658);
#21658 = SURFACE_SIDE_STYLE('',(#21659));
#21659 = SURFACE_STYLE_FILL_AREA(#21660);
#21660 = FILL_AREA_STYLE('',(#21661));
#21661 = FILL_AREA_STYLE_COLOUR('',#21535);
#21662 = STYLED_ITEM('color',(#21663),#9429);
#21663 = PRESENTATION_STYLE_ASSIGNMENT((#21664));
#21664 = SURFACE_STYLE_USAGE(.BOTH.,#21665);
#21665 = SURFACE_SIDE_STYLE('',(#21666));
#21666 = SURFACE_STYLE_FILL_AREA(#21667);
#21667 = FILL_AREA_STYLE('',(#21668));
#21668 = FILL_AREA_STYLE_COLOUR('',#21535);
#21669 = STYLED_ITEM('color',(#21670),#9447);
#21670 = PRESENTATION_STYLE_ASSIGNMENT((#21671));
#21671 = SURFACE_STYLE_USAGE(.BOTH.,#21672);
#21672 = SURFACE_SIDE_STYLE('',(#21673));
#21673 = SURFACE_STYLE_FILL_AREA(#21674);
#21674 = FILL_AREA_STYLE('',(#21675));
#21675 = FILL_AREA_STYLE_COLOUR('',#21535);
#21676 = STYLED_ITEM('color',(#21677),#9465);
#21677 = PRESENTATION_STYLE_ASSIGNMENT((#21678));
#21678 = SURFACE_STYLE_USAGE(.BOTH.,#21679);
#21679 = SURFACE_SIDE_STYLE('',(#21680));
#21680 = SURFACE_STYLE_FILL_AREA(#21681);
#21681 = FILL_AREA_STYLE('',(#21682));
#21682 = FILL_AREA_STYLE_COLOUR('',#21535);
#21683 = STYLED_ITEM('color',(#21684),#9482);
#21684 = PRESENTATION_STYLE_ASSIGNMENT((#21685));
#21685 = SURFACE_STYLE_USAGE(.BOTH.,#21686);
#21686 = SURFACE_SIDE_STYLE('',(#21687));
#21687 = SURFACE_STYLE_FILL_AREA(#21688);
#21688 = FILL_AREA_STYLE('',(#21689));
#21689 = FILL_AREA_STYLE_COLOUR('',#21535);
#21690 = STYLED_ITEM('color',(#21691),#9499);
#21691 = PRESENTATION_STYLE_ASSIGNMENT((#21692));
#21692 = SURFACE_STYLE_USAGE(.BOTH.,#21693);
#21693 = SURFACE_SIDE_STYLE('',(#21694));
#21694 = SURFACE_STYLE_FILL_AREA(#21695);
#21695 = FILL_AREA_STYLE('',(#21696));
#21696 = FILL_AREA_STYLE_COLOUR('',#21535);
#21697 = STYLED_ITEM('color',(#21698),#9530);
#21698 = PRESENTATION_STYLE_ASSIGNMENT((#21699));
#21699 = SURFACE_STYLE_USAGE(.BOTH.,#21700);
#21700 = SURFACE_SIDE_STYLE('',(#21701));
#21701 = SURFACE_STYLE_FILL_AREA(#21702);
#21702 = FILL_AREA_STYLE('',(#21703));
#21703 = FILL_AREA_STYLE_COLOUR('',#21535);
#21704 = STYLED_ITEM('color',(#21705),#9555);
#21705 = PRESENTATION_STYLE_ASSIGNMENT((#21706));
#21706 = SURFACE_STYLE_USAGE(.BOTH.,#21707);
#21707 = SURFACE_SIDE_STYLE('',(#21708));
#21708 = SURFACE_STYLE_FILL_AREA(#21709);
#21709 = FILL_AREA_STYLE('',(#21710));
#21710 = FILL_AREA_STYLE_COLOUR('',#21535);
#21711 = STYLED_ITEM('color',(#21712),#9580);
#21712 = PRESENTATION_STYLE_ASSIGNMENT((#21713));
#21713 = SURFACE_STYLE_USAGE(.BOTH.,#21714);
#21714 = SURFACE_SIDE_STYLE('',(#21715));
#21715 = SURFACE_STYLE_FILL_AREA(#21716);
#21716 = FILL_AREA_STYLE('',(#21717));
#21717 = FILL_AREA_STYLE_COLOUR('',#21535);
#21718 = STYLED_ITEM('color',(#21719),#9604);
#21719 = PRESENTATION_STYLE_ASSIGNMENT((#21720));
#21720 = SURFACE_STYLE_USAGE(.BOTH.,#21721);
#21721 = SURFACE_SIDE_STYLE('',(#21722));
#21722 = SURFACE_STYLE_FILL_AREA(#21723);
#21723 = FILL_AREA_STYLE('',(#21724));
#21724 = FILL_AREA_STYLE_COLOUR('',#21535);
#21725 = STYLED_ITEM('color',(#21726),#9621);
#21726 = PRESENTATION_STYLE_ASSIGNMENT((#21727));
#21727 = SURFACE_STYLE_USAGE(.BOTH.,#21728);
#21728 = SURFACE_SIDE_STYLE('',(#21729));
#21729 = SURFACE_STYLE_FILL_AREA(#21730);
#21730 = FILL_AREA_STYLE('',(#21731));
#21731 = FILL_AREA_STYLE_COLOUR('',#21732);
#21732 = COLOUR_RGB('',0.340000006699,0.68000001254,0.444999988852);
#21733 = STYLED_ITEM('color',(#21734),#9652);
#21734 = PRESENTATION_STYLE_ASSIGNMENT((#21735));
#21735 = SURFACE_STYLE_USAGE(.BOTH.,#21736);
#21736 = SURFACE_SIDE_STYLE('',(#21737));
#21737 = SURFACE_STYLE_FILL_AREA(#21738);
#21738 = FILL_AREA_STYLE('',(#21739));
#21739 = FILL_AREA_STYLE_COLOUR('',#21732);
#21740 = STYLED_ITEM('color',(#21741),#9676);
#21741 = PRESENTATION_STYLE_ASSIGNMENT((#21742));
#21742 = SURFACE_STYLE_USAGE(.BOTH.,#21743);
#21743 = SURFACE_SIDE_STYLE('',(#21744));
#21744 = SURFACE_STYLE_FILL_AREA(#21745);
#21745 = FILL_AREA_STYLE('',(#21746));
#21746 = FILL_AREA_STYLE_COLOUR('',#21732);
#21747 = STYLED_ITEM('color',(#21748),#9693);
#21748 = PRESENTATION_STYLE_ASSIGNMENT((#21749));
#21749 = SURFACE_STYLE_USAGE(.BOTH.,#21750);
#21750 = SURFACE_SIDE_STYLE('',(#21751));
#21751 = SURFACE_STYLE_FILL_AREA(#21752);
#21752 = FILL_AREA_STYLE('',(#21753));
#21753 = FILL_AREA_STYLE_COLOUR('',#21535);
#21754 = STYLED_ITEM('color',(#21755),#9721);
#21755 = PRESENTATION_STYLE_ASSIGNMENT((#21756));
#21756 = SURFACE_STYLE_USAGE(.BOTH.,#21757);
#21757 = SURFACE_SIDE_STYLE('',(#21758));
#21758 = SURFACE_STYLE_FILL_AREA(#21759);
#21759 = FILL_AREA_STYLE('',(#21760));
#21760 = FILL_AREA_STYLE_COLOUR('',#21535);
#21761 = STYLED_ITEM('color',(#21762),#9746);
#21762 = PRESENTATION_STYLE_ASSIGNMENT((#21763));
#21763 = SURFACE_STYLE_USAGE(.BOTH.,#21764);
#21764 = SURFACE_SIDE_STYLE('',(#21765));
#21765 = SURFACE_STYLE_FILL_AREA(#21766);
#21766 = FILL_AREA_STYLE('',(#21767));
#21767 = FILL_AREA_STYLE_COLOUR('',#21535);
#21768 = STYLED_ITEM('color',(#21769),#9770);
#21769 = PRESENTATION_STYLE_ASSIGNMENT((#21770));
#21770 = SURFACE_STYLE_USAGE(.BOTH.,#21771);
#21771 = SURFACE_SIDE_STYLE('',(#21772));
#21772 = SURFACE_STYLE_FILL_AREA(#21773);
#21773 = FILL_AREA_STYLE('',(#21774));
#21774 = FILL_AREA_STYLE_COLOUR('',#21535);
#21775 = STYLED_ITEM('color',(#21776),#9795);
#21776 = PRESENTATION_STYLE_ASSIGNMENT((#21777));
#21777 = SURFACE_STYLE_USAGE(.BOTH.,#21778);
#21778 = SURFACE_SIDE_STYLE('',(#21779));
#21779 = SURFACE_STYLE_FILL_AREA(#21780);
#21780 = FILL_AREA_STYLE('',(#21781));
#21781 = FILL_AREA_STYLE_COLOUR('',#21535);
#21782 = STYLED_ITEM('color',(#21783),#9842);
#21783 = PRESENTATION_STYLE_ASSIGNMENT((#21784));
#21784 = SURFACE_STYLE_USAGE(.BOTH.,#21785);
#21785 = SURFACE_SIDE_STYLE('',(#21786));
#21786 = SURFACE_STYLE_FILL_AREA(#21787);
#21787 = FILL_AREA_STYLE('',(#21788));
#21788 = FILL_AREA_STYLE_COLOUR('',#21535);
#21789 = STYLED_ITEM('color',(#21790),#9859);
#21790 = PRESENTATION_STYLE_ASSIGNMENT((#21791));
#21791 = SURFACE_STYLE_USAGE(.BOTH.,#21792);
#21792 = SURFACE_SIDE_STYLE('',(#21793));
#21793 = SURFACE_STYLE_FILL_AREA(#21794);
#21794 = FILL_AREA_STYLE('',(#21795));
#21795 = FILL_AREA_STYLE_COLOUR('',#21535);
#21796 = STYLED_ITEM('color',(#21797),#9871);
#21797 = PRESENTATION_STYLE_ASSIGNMENT((#21798));
#21798 = SURFACE_STYLE_USAGE(.BOTH.,#21799);
#21799 = SURFACE_SIDE_STYLE('',(#21800));
#21800 = SURFACE_STYLE_FILL_AREA(#21801);
#21801 = FILL_AREA_STYLE('',(#21802));
#21802 = FILL_AREA_STYLE_COLOUR('',#21535);
#21803 = STYLED_ITEM('color',(#21804),#9893);
#21804 = PRESENTATION_STYLE_ASSIGNMENT((#21805));
#21805 = SURFACE_STYLE_USAGE(.BOTH.,#21806);
#21806 = SURFACE_SIDE_STYLE('',(#21807));
#21807 = SURFACE_STYLE_FILL_AREA(#21808);
#21808 = FILL_AREA_STYLE('',(#21809));
#21809 = FILL_AREA_STYLE_COLOUR('',#21535);
#21810 = STYLED_ITEM('color',(#21811),#9905);
#21811 = PRESENTATION_STYLE_ASSIGNMENT((#21812));
#21812 = SURFACE_STYLE_USAGE(.BOTH.,#21813);
#21813 = SURFACE_SIDE_STYLE('',(#21814));
#21814 = SURFACE_STYLE_FILL_AREA(#21815);
#21815 = FILL_AREA_STYLE('',(#21816));
#21816 = FILL_AREA_STYLE_COLOUR('',#21535);
#21817 = STYLED_ITEM('color',(#21818),#9923);
#21818 = PRESENTATION_STYLE_ASSIGNMENT((#21819));
#21819 = SURFACE_STYLE_USAGE(.BOTH.,#21820);
#21820 = SURFACE_SIDE_STYLE('',(#21821));
#21821 = SURFACE_STYLE_FILL_AREA(#21822);
#21822 = FILL_AREA_STYLE('',(#21823));
#21823 = FILL_AREA_STYLE_COLOUR('',#21535);
#21824 = STYLED_ITEM('color',(#21825),#9941);
#21825 = PRESENTATION_STYLE_ASSIGNMENT((#21826));
#21826 = SURFACE_STYLE_USAGE(.BOTH.,#21827);
#21827 = SURFACE_SIDE_STYLE('',(#21828));
#21828 = SURFACE_STYLE_FILL_AREA(#21829);
#21829 = FILL_AREA_STYLE('',(#21830));
#21830 = FILL_AREA_STYLE_COLOUR('',#21732);
#21831 = MECHANICAL_DESIGN_GEOMETRIC_PRESENTATION_REPRESENTATION('',(
    #21832,#21839,#21846,#21853,#21860,#21867,#21874,#21881,#21888,
    #21895,#21902,#21909,#21916,#21923,#21931,#21938,#21945,#21952,
    #21959,#21966,#21973,#21980,#21987,#21994,#22001,#22008),#8352);
#21832 = STYLED_ITEM('color',(#21833),#7564);
#21833 = PRESENTATION_STYLE_ASSIGNMENT((#21834));
#21834 = SURFACE_STYLE_USAGE(.BOTH.,#21835);
#21835 = SURFACE_SIDE_STYLE('',(#21836));
#21836 = SURFACE_STYLE_FILL_AREA(#21837);
#21837 = FILL_AREA_STYLE('',(#21838));
#21838 = FILL_AREA_STYLE_COLOUR('',#21286);
#21839 = STYLED_ITEM('color',(#21840),#7604);
#21840 = PRESENTATION_STYLE_ASSIGNMENT((#21841));
#21841 = SURFACE_STYLE_USAGE(.BOTH.,#21842);
#21842 = SURFACE_SIDE_STYLE('',(#21843));
#21843 = SURFACE_STYLE_FILL_AREA(#21844);
#21844 = FILL_AREA_STYLE('',(#21845));
#21845 = FILL_AREA_STYLE_COLOUR('',#21286);
#21846 = STYLED_ITEM('color',(#21847),#7687);
#21847 = PRESENTATION_STYLE_ASSIGNMENT((#21848));
#21848 = SURFACE_STYLE_USAGE(.BOTH.,#21849);
#21849 = SURFACE_SIDE_STYLE('',(#21850));
#21850 = SURFACE_STYLE_FILL_AREA(#21851);
#21851 = FILL_AREA_STYLE('',(#21852));
#21852 = FILL_AREA_STYLE_COLOUR('',#21286);
#21853 = STYLED_ITEM('color',(#21854),#7712);
#21854 = PRESENTATION_STYLE_ASSIGNMENT((#21855));
#21855 = SURFACE_STYLE_USAGE(.BOTH.,#21856);
#21856 = SURFACE_SIDE_STYLE('',(#21857));
#21857 = SURFACE_STYLE_FILL_AREA(#21858);
#21858 = FILL_AREA_STYLE('',(#21859));
#21859 = FILL_AREA_STYLE_COLOUR('',#21286);
#21860 = STYLED_ITEM('color',(#21861),#7737);
#21861 = PRESENTATION_STYLE_ASSIGNMENT((#21862));
#21862 = SURFACE_STYLE_USAGE(.BOTH.,#21863);
#21863 = SURFACE_SIDE_STYLE('',(#21864));
#21864 = SURFACE_STYLE_FILL_AREA(#21865);
#21865 = FILL_AREA_STYLE('',(#21866));
#21866 = FILL_AREA_STYLE_COLOUR('',#21286);
#21867 = STYLED_ITEM('color',(#21868),#7804);
#21868 = PRESENTATION_STYLE_ASSIGNMENT((#21869));
#21869 = SURFACE_STYLE_USAGE(.BOTH.,#21870);
#21870 = SURFACE_SIDE_STYLE('',(#21871));
#21871 = SURFACE_STYLE_FILL_AREA(#21872);
#21872 = FILL_AREA_STYLE('',(#21873));
#21873 = FILL_AREA_STYLE_COLOUR('',#21286);
#21874 = STYLED_ITEM('color',(#21875),#7821);
#21875 = PRESENTATION_STYLE_ASSIGNMENT((#21876));
#21876 = SURFACE_STYLE_USAGE(.BOTH.,#21877);
#21877 = SURFACE_SIDE_STYLE('',(#21878));
#21878 = SURFACE_STYLE_FILL_AREA(#21879);
#21879 = FILL_AREA_STYLE('',(#21880));
#21880 = FILL_AREA_STYLE_COLOUR('',#21286);
#21881 = STYLED_ITEM('color',(#21882),#7838);
#21882 = PRESENTATION_STYLE_ASSIGNMENT((#21883));
#21883 = SURFACE_STYLE_USAGE(.BOTH.,#21884);
#21884 = SURFACE_SIDE_STYLE('',(#21885));
#21885 = SURFACE_STYLE_FILL_AREA(#21886);
#21886 = FILL_AREA_STYLE('',(#21887));
#21887 = FILL_AREA_STYLE_COLOUR('',#21485);
#21888 = STYLED_ITEM('color',(#21889),#7887);
#21889 = PRESENTATION_STYLE_ASSIGNMENT((#21890));
#21890 = SURFACE_STYLE_USAGE(.BOTH.,#21891);
#21891 = SURFACE_SIDE_STYLE('',(#21892));
#21892 = SURFACE_STYLE_FILL_AREA(#21893);
#21893 = FILL_AREA_STYLE('',(#21894));
#21894 = FILL_AREA_STYLE_COLOUR('',#21286);
#21895 = STYLED_ITEM('color',(#21896),#7904);
#21896 = PRESENTATION_STYLE_ASSIGNMENT((#21897));
#21897 = SURFACE_STYLE_USAGE(.BOTH.,#21898);
#21898 = SURFACE_SIDE_STYLE('',(#21899));
#21899 = SURFACE_STYLE_FILL_AREA(#21900);
#21900 = FILL_AREA_STYLE('',(#21901));
#21901 = FILL_AREA_STYLE_COLOUR('',#21286);
#21902 = STYLED_ITEM('color',(#21903),#7921);
#21903 = PRESENTATION_STYLE_ASSIGNMENT((#21904));
#21904 = SURFACE_STYLE_USAGE(.BOTH.,#21905);
#21905 = SURFACE_SIDE_STYLE('',(#21906));
#21906 = SURFACE_STYLE_FILL_AREA(#21907);
#21907 = FILL_AREA_STYLE('',(#21908));
#21908 = FILL_AREA_STYLE_COLOUR('',#21485);
#21909 = STYLED_ITEM('color',(#21910),#7970);
#21910 = PRESENTATION_STYLE_ASSIGNMENT((#21911));
#21911 = SURFACE_STYLE_USAGE(.BOTH.,#21912);
#21912 = SURFACE_SIDE_STYLE('',(#21913));
#21913 = SURFACE_STYLE_FILL_AREA(#21914);
#21914 = FILL_AREA_STYLE('',(#21915));
#21915 = FILL_AREA_STYLE_COLOUR('',#21485);
#21916 = STYLED_ITEM('color',(#21917),#7987);
#21917 = PRESENTATION_STYLE_ASSIGNMENT((#21918));
#21918 = SURFACE_STYLE_USAGE(.BOTH.,#21919);
#21919 = SURFACE_SIDE_STYLE('',(#21920));
#21920 = SURFACE_STYLE_FILL_AREA(#21921);
#21921 = FILL_AREA_STYLE('',(#21922));
#21922 = FILL_AREA_STYLE_COLOUR('',#21286);
#21923 = STYLED_ITEM('color',(#21924),#8056);
#21924 = PRESENTATION_STYLE_ASSIGNMENT((#21925));
#21925 = SURFACE_STYLE_USAGE(.BOTH.,#21926);
#21926 = SURFACE_SIDE_STYLE('',(#21927));
#21927 = SURFACE_STYLE_FILL_AREA(#21928);
#21928 = FILL_AREA_STYLE('',(#21929));
#21929 = FILL_AREA_STYLE_COLOUR('',#21930);
#21930 = COLOUR_RGB('',8.200000279077E-02,8.600000121357E-02,
  9.399999706163E-02);
#21931 = STYLED_ITEM('color',(#21932),#8087);
#21932 = PRESENTATION_STYLE_ASSIGNMENT((#21933));
#21933 = SURFACE_STYLE_USAGE(.BOTH.,#21934);
#21934 = SURFACE_SIDE_STYLE('',(#21935));
#21935 = SURFACE_STYLE_FILL_AREA(#21936);
#21936 = FILL_AREA_STYLE('',(#21937));
#21937 = FILL_AREA_STYLE_COLOUR('',#21930);
#21938 = STYLED_ITEM('color',(#21939),#8111);
#21939 = PRESENTATION_STYLE_ASSIGNMENT((#21940));
#21940 = SURFACE_STYLE_USAGE(.BOTH.,#21941);
#21941 = SURFACE_SIDE_STYLE('',(#21942));
#21942 = SURFACE_STYLE_FILL_AREA(#21943);
#21943 = FILL_AREA_STYLE('',(#21944));
#21944 = FILL_AREA_STYLE_COLOUR('',#21286);
#21945 = STYLED_ITEM('color',(#21946),#8180);
#21946 = PRESENTATION_STYLE_ASSIGNMENT((#21947));
#21947 = SURFACE_STYLE_USAGE(.BOTH.,#21948);
#21948 = SURFACE_SIDE_STYLE('',(#21949));
#21949 = SURFACE_STYLE_FILL_AREA(#21950);
#21950 = FILL_AREA_STYLE('',(#21951));
#21951 = FILL_AREA_STYLE_COLOUR('',#21930);
#21952 = STYLED_ITEM('color',(#21953),#8204);
#21953 = PRESENTATION_STYLE_ASSIGNMENT((#21954));
#21954 = SURFACE_STYLE_USAGE(.BOTH.,#21955);
#21955 = SURFACE_SIDE_STYLE('',(#21956));
#21956 = SURFACE_STYLE_FILL_AREA(#21957);
#21957 = FILL_AREA_STYLE('',(#21958));
#21958 = FILL_AREA_STYLE_COLOUR('',#21286);
#21959 = STYLED_ITEM('color',(#21960),#8221);
#21960 = PRESENTATION_STYLE_ASSIGNMENT((#21961));
#21961 = SURFACE_STYLE_USAGE(.BOTH.,#21962);
#21962 = SURFACE_SIDE_STYLE('',(#21963));
#21963 = SURFACE_STYLE_FILL_AREA(#21964);
#21964 = FILL_AREA_STYLE('',(#21965));
#21965 = FILL_AREA_STYLE_COLOUR('',#21286);
#21966 = STYLED_ITEM('color',(#21967),#8238);
#21967 = PRESENTATION_STYLE_ASSIGNMENT((#21968));
#21968 = SURFACE_STYLE_USAGE(.BOTH.,#21969);
#21969 = SURFACE_SIDE_STYLE('',(#21970));
#21970 = SURFACE_STYLE_FILL_AREA(#21971);
#21971 = FILL_AREA_STYLE('',(#21972));
#21972 = FILL_AREA_STYLE_COLOUR('',#21286);
#21973 = STYLED_ITEM('color',(#21974),#8255);
#21974 = PRESENTATION_STYLE_ASSIGNMENT((#21975));
#21975 = SURFACE_STYLE_USAGE(.BOTH.,#21976);
#21976 = SURFACE_SIDE_STYLE('',(#21977));
#21977 = SURFACE_STYLE_FILL_AREA(#21978);
#21978 = FILL_AREA_STYLE('',(#21979));
#21979 = FILL_AREA_STYLE_COLOUR('',#21286);
#21980 = STYLED_ITEM('color',(#21981),#8272);
#21981 = PRESENTATION_STYLE_ASSIGNMENT((#21982));
#21982 = SURFACE_STYLE_USAGE(.BOTH.,#21983);
#21983 = SURFACE_SIDE_STYLE('',(#21984));
#21984 = SURFACE_STYLE_FILL_AREA(#21985);
#21985 = FILL_AREA_STYLE('',(#21986));
#21986 = FILL_AREA_STYLE_COLOUR('',#21286);
#21987 = STYLED_ITEM('color',(#21988),#8289);
#21988 = PRESENTATION_STYLE_ASSIGNMENT((#21989));
#21989 = SURFACE_STYLE_USAGE(.BOTH.,#21990);
#21990 = SURFACE_SIDE_STYLE('',(#21991));
#21991 = SURFACE_STYLE_FILL_AREA(#21992);
#21992 = FILL_AREA_STYLE('',(#21993));
#21993 = FILL_AREA_STYLE_COLOUR('',#21286);
#21994 = STYLED_ITEM('color',(#21995),#8306);
#21995 = PRESENTATION_STYLE_ASSIGNMENT((#21996));
#21996 = SURFACE_STYLE_USAGE(.BOTH.,#21997);
#21997 = SURFACE_SIDE_STYLE('',(#21998));
#21998 = SURFACE_STYLE_FILL_AREA(#21999);
#21999 = FILL_AREA_STYLE('',(#22000));
#22000 = FILL_AREA_STYLE_COLOUR('',#21286);
#22001 = STYLED_ITEM('color',(#22002),#8323);
#22002 = PRESENTATION_STYLE_ASSIGNMENT((#22003));
#22003 = SURFACE_STYLE_USAGE(.BOTH.,#22004);
#22004 = SURFACE_SIDE_STYLE('',(#22005));
#22005 = SURFACE_STYLE_FILL_AREA(#22006);
#22006 = FILL_AREA_STYLE('',(#22007));
#22007 = FILL_AREA_STYLE_COLOUR('',#21930);
#22008 = STYLED_ITEM('color',(#22009),#8340);
#22009 = PRESENTATION_STYLE_ASSIGNMENT((#22010));
#22010 = SURFACE_STYLE_USAGE(.BOTH.,#22011);
#22011 = SURFACE_SIDE_STYLE('',(#22012));
#22012 = SURFACE_STYLE_FILL_AREA(#22013);
#22013 = FILL_AREA_STYLE('',(#22014));
#22014 = FILL_AREA_STYLE_COLOUR('',#21930);
#22015 = MECHANICAL_DESIGN_GEOMETRIC_PRESENTATION_REPRESENTATION('',(
    #22016),#17189);
#22016 = STYLED_ITEM('color',(#22017),#13827);
#22017 = PRESENTATION_STYLE_ASSIGNMENT((#22018));
#22018 = SURFACE_STYLE_USAGE(.BOTH.,#22019);
#22019 = SURFACE_SIDE_STYLE('',(#22020));
#22020 = SURFACE_STYLE_FILL_AREA(#22021);
#22021 = FILL_AREA_STYLE('',(#22022));
#22022 = FILL_AREA_STYLE_COLOUR('',#22023);
#22023 = COLOUR_RGB('',0.690000002877,0.690000002877,0.690000002877);
#22024 = MECHANICAL_DESIGN_GEOMETRIC_PRESENTATION_REPRESENTATION('',(
    #22025,#22035,#22044,#22053,#22062,#22071,#22080,#22089),#13738);
#22025 = STYLED_ITEM('color',(#22026),#10642);
#22026 = PRESENTATION_STYLE_ASSIGNMENT((#22027,#22033));
#22027 = SURFACE_STYLE_USAGE(.BOTH.,#22028);
#22028 = SURFACE_SIDE_STYLE('',(#22029));
#22029 = SURFACE_STYLE_FILL_AREA(#22030);
#22030 = FILL_AREA_STYLE('',(#22031));
#22031 = FILL_AREA_STYLE_COLOUR('',#22032);
#22032 = COLOUR_RGB('',0.734000028196,0.773000013638,0.796999989372);
#22033 = CURVE_STYLE('',#22034,POSITIVE_LENGTH_MEASURE(0.1),#22032);
#22034 = DRAUGHTING_PRE_DEFINED_CURVE_FONT('continuous');
#22035 = STYLED_ITEM('color',(#22036),#11029);
#22036 = PRESENTATION_STYLE_ASSIGNMENT((#22037,#22042));
#22037 = SURFACE_STYLE_USAGE(.BOTH.,#22038);
#22038 = SURFACE_SIDE_STYLE('',(#22039));
#22039 = SURFACE_STYLE_FILL_AREA(#22040);
#22040 = FILL_AREA_STYLE('',(#22041));
#22041 = FILL_AREA_STYLE_COLOUR('',#22032);
#22042 = CURVE_STYLE('',#22043,POSITIVE_LENGTH_MEASURE(0.1),#22032);
#22043 = DRAUGHTING_PRE_DEFINED_CURVE_FONT('continuous');
#22044 = STYLED_ITEM('color',(#22045),#11416);
#22045 = PRESENTATION_STYLE_ASSIGNMENT((#22046,#22051));
#22046 = SURFACE_STYLE_USAGE(.BOTH.,#22047);
#22047 = SURFACE_SIDE_STYLE('',(#22048));
#22048 = SURFACE_STYLE_FILL_AREA(#22049);
#22049 = FILL_AREA_STYLE('',(#22050));
#22050 = FILL_AREA_STYLE_COLOUR('',#22032);
#22051 = CURVE_STYLE('',#22052,POSITIVE_LENGTH_MEASURE(0.1),#22032);
#22052 = DRAUGHTING_PRE_DEFINED_CURVE_FONT('continuous');
#22053 = STYLED_ITEM('color',(#22054),#11803);
#22054 = PRESENTATION_STYLE_ASSIGNMENT((#22055,#22060));
#22055 = SURFACE_STYLE_USAGE(.BOTH.,#22056);
#22056 = SURFACE_SIDE_STYLE('',(#22057));
#22057 = SURFACE_STYLE_FILL_AREA(#22058);
#22058 = FILL_AREA_STYLE('',(#22059));
#22059 = FILL_AREA_STYLE_COLOUR('',#22032);
#22060 = CURVE_STYLE('',#22061,POSITIVE_LENGTH_MEASURE(0.1),#22032);
#22061 = DRAUGHTING_PRE_DEFINED_CURVE_FONT('continuous');
#22062 = STYLED_ITEM('color',(#22063),#12190);
#22063 = PRESENTATION_STYLE_ASSIGNMENT((#22064,#22069));
#22064 = SURFACE_STYLE_USAGE(.BOTH.,#22065);
#22065 = SURFACE_SIDE_STYLE('',(#22066));
#22066 = SURFACE_STYLE_FILL_AREA(#22067);
#22067 = FILL_AREA_STYLE('',(#22068));
#22068 = FILL_AREA_STYLE_COLOUR('',#22032);
#22069 = CURVE_STYLE('',#22070,POSITIVE_LENGTH_MEASURE(0.1),#22032);
#22070 = DRAUGHTING_PRE_DEFINED_CURVE_FONT('continuous');
#22071 = STYLED_ITEM('color',(#22072),#12577);
#22072 = PRESENTATION_STYLE_ASSIGNMENT((#22073,#22078));
#22073 = SURFACE_STYLE_USAGE(.BOTH.,#22074);
#22074 = SURFACE_SIDE_STYLE('',(#22075));
#22075 = SURFACE_STYLE_FILL_AREA(#22076);
#22076 = FILL_AREA_STYLE('',(#22077));
#22077 = FILL_AREA_STYLE_COLOUR('',#22032);
#22078 = CURVE_STYLE('',#22079,POSITIVE_LENGTH_MEASURE(0.1),#22032);
#22079 = DRAUGHTING_PRE_DEFINED_CURVE_FONT('continuous');
#22080 = STYLED_ITEM('color',(#22081),#12964);
#22081 = PRESENTATION_STYLE_ASSIGNMENT((#22082,#22087));
#22082 = SURFACE_STYLE_USAGE(.BOTH.,#22083);
#22083 = SURFACE_SIDE_STYLE('',(#22084));
#22084 = SURFACE_STYLE_FILL_AREA(#22085);
#22085 = FILL_AREA_STYLE('',(#22086));
#22086 = FILL_AREA_STYLE_COLOUR('',#22032);
#22087 = CURVE_STYLE('',#22088,POSITIVE_LENGTH_MEASURE(0.1),#22032);
#22088 = DRAUGHTING_PRE_DEFINED_CURVE_FONT('continuous');
#22089 = STYLED_ITEM('color',(#22090),#13351);
#22090 = PRESENTATION_STYLE_ASSIGNMENT((#22091,#22096));
#22091 = SURFACE_STYLE_USAGE(.BOTH.,#22092);
#22092 = SURFACE_SIDE_STYLE('',(#22093));
#22093 = SURFACE_STYLE_FILL_AREA(#22094);
#22094 = FILL_AREA_STYLE('',(#22095));
#22095 = FILL_AREA_STYLE_COLOUR('',#22032);
#22096 = CURVE_STYLE('',#22097,POSITIVE_LENGTH_MEASURE(0.1),#22032);
#22097 = DRAUGHTING_PRE_DEFINED_CURVE_FONT('continuous');
#22098 = MECHANICAL_DESIGN_GEOMETRIC_PRESENTATION_REPRESENTATION('',(
    #22099),#18738);
#22099 = STYLED_ITEM('color',(#22100),#17208);
#22100 = PRESENTATION_STYLE_ASSIGNMENT((#22101));
#22101 = SURFACE_STYLE_USAGE(.BOTH.,#22102);
#22102 = SURFACE_SIDE_STYLE('',(#22103));
#22103 = SURFACE_STYLE_FILL_AREA(#22104);
#22104 = FILL_AREA_STYLE('',(#22105));
#22105 = FILL_AREA_STYLE_COLOUR('',#22106);
#22106 = DRAUGHTING_PRE_DEFINED_COLOUR('yellow');
ENDSEC;
END-ISO-10303-21;
