ISO-10303-21;
HEADER;
FILE_DESCRIPTION (( 'STEP AP214' ),
    '1' );
FILE_NAME ('AS72651-BLGT.STEP',
    '2023-03-12T07:26:58',
    ( '' ),
    ( '' ),
    'SwSTEP 2.0',
    'SolidWorks 2013',
    '' );
FILE_SCHEMA (( 'AUTOMOTIVE_DESIGN' ));
ENDSEC;

DATA;
#1 =( GEOMETRIC_REPRESENTATION_CONTEXT ( 3 ) GLOBAL_UNCERTAINTY_ASSIGNED_CONTEXT ( ( #9843 ) ) GLOBAL_UNIT_ASSIGNED_CONTEXT ( ( #1977, #1937, #1897 ) ) REPRESENTATION_CONTEXT ( 'NONE', 'WORKASPACE' ) );
#2 =( CONVERSION_BASED_UNIT ( 'INCH', #10325 ) LENGTH_UNIT ( ) NAMED_UNIT ( #5251 ) );
#3 = DIRECTION ( 'NONE',  ( 0.0000000000000000000, 0.0000000000000000000, 1.000000000000000000 ) ) ;
#4 =( GEOMETRIC_REPRESENTATION_CONTEXT ( 3 ) GLOBAL_UNCERTAINTY_ASSIGNED_CONTEXT ( ( #7716 ) ) GLOBAL_UNIT_ASSIGNED_CONTEXT ( ( #1264, #1225, #1159 ) ) REPRESENTATION_CONTEXT ( 'NONE', 'WORKASPACE' ) );
#5 = SURFACE_STYLE_FILL_AREA ( #5014 ) ;
#6 = PRESENTATION_STYLE_ASSIGNMENT (( #1104 ) ) ;
#7 = PLANE ( 'NONE',  #11230 ) ;
#8 = UNCERTAINTY_MEASURE_WITH_UNIT (LENGTH_MEASURE( 1.000000000000000100E-005 ), #3330, 'distance_accuracy_value', 'NONE');
#9 = EDGE_LOOP ( 'NONE', ( #2523, #8400, #4748, #10190 ) ) ;
#10 = CARTESIAN_POINT ( 'NONE',  ( -0.05629921259842520600, 0.009842519685039369900, -0.08661417322834641400 ) ) ;
#11 = COLOUR_RGB ( '',0.2509803921568627400, 0.2509803921568627400, 0.2509803921568627400 ) ;
#12 = ADVANCED_FACE ( 'NONE', ( #8150 ), #6460, .F. ) ;
#13 =( CONVERSION_BASED_UNIT ( 'INCH', #6874 ) LENGTH_UNIT ( ) NAMED_UNIT ( #9500 ) );
#14 = VERTEX_POINT ( 'NONE', #4509 ) ;
#15 = SURFACE_STYLE_USAGE ( .BOTH. , #54 ) ;
#16 = MECHANICAL_DESIGN_GEOMETRIC_PRESENTATION_REPRESENTATION (  '', ( #9636 ), #602 ) ;
#17 = FILL_AREA_STYLE ('',( #4341 ) ) ;
#18 = PLANE ( 'NONE',  #7451 ) ;
#19 = LINE ( 'NONE', #406, #11095 ) ;
#20 = SURFACE_STYLE_USAGE ( .BOTH. , #5285 ) ;
#21 = CARTESIAN_POINT ( 'NONE',  ( 0.005118110236220473200, 0.0000000000000000000, 0.06889763779527562100 ) ) ;
#22 =( GEOMETRIC_REPRESENTATION_CONTEXT ( 3 ) GLOBAL_UNCERTAINTY_ASSIGNED_CONTEXT ( ( #3283 ) ) GLOBAL_UNIT_ASSIGNED_CONTEXT ( ( #826, #6978, #1708 ) ) REPRESENTATION_CONTEXT ( 'NONE', 'WORKASPACE' ) );
#23 = COLOUR_RGB ( '',0.9686274509803921600, 0.8784313725490196000, 0.5999999999999999800 ) ;
#24 =( NAMED_UNIT ( * ) PLANE_ANGLE_UNIT ( ) SI_UNIT ( $, .RADIAN. ) );
#25 = AXIS2_PLACEMENT_3D ( 'NONE', #3987, #3919, #3865 ) ;
#26 = PRESENTATION_LAYER_ASSIGNMENT (  '', '', ( #10227 ) ) ;
#27 = FACE_BOUND ( 'NONE', #2881, .T. ) ;
#28 = ORIENTED_EDGE ( 'NONE', *, *, #4815, .T. ) ;
#29 = CARTESIAN_POINT ( 'NONE',  ( 0.02047244094488188600, 0.009842519685039369900, -0.08661417322834641400 ) ) ;
#30 = LINE ( 'NONE', #1316, #4395 ) ;
#31 = SURFACE_STYLE_USAGE ( .BOTH. , #5294 ) ;
#32 =( NAMED_UNIT ( * ) SI_UNIT ( $, .STERADIAN. ) SOLID_ANGLE_UNIT ( ) );
#33 = LINE ( 'NONE', #5608, #4398 ) ;
#34 = LINE ( 'NONE', #10397, #4689 ) ;
#35 = FACE_OUTER_BOUND ( 'NONE', #1204, .T. ) ;
#36 = ORIENTED_EDGE ( 'NONE', *, *, #7201, .F. ) ;
#37 = PLANE ( 'NONE',  #10923 ) ;
#38 = ORIENTED_EDGE ( 'NONE', *, *, #2434, .F. ) ;
#39 = DIMENSIONAL_EXPONENTS ( 1.000000000000000000, 0.0000000000000000000, 0.0000000000000000000, 0.0000000000000000000, 0.0000000000000000000, 0.0000000000000000000, 0.0000000000000000000 ) ;
#40 = FILL_AREA_STYLE ('',( #3517 ) ) ;
#41 = PLANE ( 'NONE',  #3817 ) ;
#42 = LINE ( 'NONE', #6634, #9092 ) ;
#43 = PRESENTATION_STYLE_ASSIGNMENT (( #946 ) ) ;
#44 = UNCERTAINTY_MEASURE_WITH_UNIT (LENGTH_MEASURE( 1.000000000000000100E-005 ), #208, 'distance_accuracy_value', 'NONE');
#45 = EDGE_CURVE ( 'NONE', #855, #1078, #7063, .T. ) ;
#46 = ORIENTED_EDGE ( 'NONE', *, *, #10503, .F. ) ;
#47 = ORIENTED_EDGE ( 'NONE', *, *, #8204, .T. ) ;
#48 = EDGE_CURVE ( 'NONE', #4381, #5299, #4717, .T. ) ;
#49 = STYLED_ITEM ( 'NONE', ( #9504 ), #8156 ) ;
#50 = UNCERTAINTY_MEASURE_WITH_UNIT (LENGTH_MEASURE( 1.000000000000000100E-005 ), #2359, 'distance_accuracy_value', 'NONE');
#51 =( CONVERSION_BASED_UNIT ( 'INCH', #7767 ) LENGTH_UNIT ( ) NAMED_UNIT ( #7671 ) );
#52 = ORIENTED_EDGE ( 'NONE', *, *, #313, .F. ) ;
#53 = ADVANCED_FACE ( 'NONE', ( #328 ), #10992, .F. ) ;
#54 = SURFACE_SIDE_STYLE ('',( #2031 ) ) ;
#55 = CARTESIAN_POINT ( 'NONE',  ( 0.05629921259842520000, 0.009842519685039369900, 0.08661417322834648300 ) ) ;
#56 = CARTESIAN_POINT ( 'NONE',  ( 0.04606299212598425500, 0.0000000000000000000, 0.06889763779527562100 ) ) ;
#57 = VERTEX_POINT ( 'NONE', #11261 ) ;
#58 = CARTESIAN_POINT ( 'NONE',  ( 0.09055118110236225200, 0.009842519685039369900, 0.04606299212598425500 ) ) ;
#59 = ORIENTED_EDGE ( 'NONE', *, *, #1950, .F. ) ;
#60 = DIRECTION ( 'NONE',  ( 1.000000000000000000, -0.0000000000000000000, 0.0000000000000000000 ) ) ;
#61 = VECTOR ( 'NONE', #6148, 39.37007874015748100 ) ;
#62 =( CONVERSION_BASED_UNIT ( 'INCH', #1910 ) LENGTH_UNIT ( ) NAMED_UNIT ( #4857 ) );
#63 = SURFACE_STYLE_FILL_AREA ( #3306 ) ;
#64 = LINE ( 'NONE', #6469, #9392 ) ;
#65 = DIMENSIONAL_EXPONENTS ( 1.000000000000000000, 0.0000000000000000000, 0.0000000000000000000, 0.0000000000000000000, 0.0000000000000000000, 0.0000000000000000000, 0.0000000000000000000 ) ;
#66 = EDGE_LOOP ( 'NONE', ( #1705, #9706, #5731, #3466 ) ) ;
#67 = FILL_AREA_STYLE ('',( #6233 ) ) ;
#68 = CARTESIAN_POINT ( 'NONE',  ( 0.04606299212598424800, 0.009842519685039369900, -0.08661417322834641400 ) ) ;
#69 = PRESENTATION_LAYER_ASSIGNMENT (  '', '', ( #10263 ) ) ;
#70 = DIMENSIONAL_EXPONENTS ( 1.000000000000000000, 0.0000000000000000000, 0.0000000000000000000, 0.0000000000000000000, 0.0000000000000000000, 0.0000000000000000000, 0.0000000000000000000 ) ;
#71 = ORIENTED_EDGE ( 'NONE', *, *, #5195, .T. ) ;
#72 =( NAMED_UNIT ( * ) PLANE_ANGLE_UNIT ( ) SI_UNIT ( $, .RADIAN. ) );
#73 = DIRECTION ( 'NONE',  ( -1.000000000000000000, 0.0000000000000000000, 0.0000000000000000000 ) ) ;
#74 = ADVANCED_FACE ( 'NONE', ( #1280 ), #8892, .F. ) ;
#75 = EDGE_LOOP ( 'NONE', ( #3089, #6195, #10087, #7611 ) ) ;
#76 = VECTOR ( 'NONE', #1495, 39.37007874015748100 ) ;
#77 = CARTESIAN_POINT ( 'NONE',  ( 0.0000000000000000000, 0.0000000000000000000, 0.0000000000000000000 ) ) ;
#78 = PRESENTATION_LAYER_ASSIGNMENT (  '', '', ( #10269 ) ) ;
#79 = EDGE_LOOP ( 'NONE', ( #10582, #10326, #3355, #5031 ) ) ;
#80 = LINE ( 'NONE', #2995, #8864 ) ;
#81 = PRESENTATION_LAYER_ASSIGNMENT (  '', '', ( #10270 ) ) ;
#82 = CARTESIAN_POINT ( 'NONE',  ( -0.07283464566929133400, 0.0000000000000000000, 0.05629921259842523400 ) ) ;
#83 = CARTESIAN_POINT ( 'NONE',  ( 0.07283464566929137600, 0.009842519685039369900, 0.005118110236220474100 ) ) ;
#84 = VERTEX_POINT ( 'NONE', #9902 ) ;
#85 = ORIENTED_EDGE ( 'NONE', *, *, #2987, .T. ) ;
#86 = MECHANICAL_DESIGN_GEOMETRIC_PRESENTATION_REPRESENTATION (  '', ( #9698 ), #667 ) ;
#87 = VERTEX_POINT ( 'NONE', #8190 ) ;
#88 =( GEOMETRIC_REPRESENTATION_CONTEXT ( 3 ) GLOBAL_UNCERTAINTY_ASSIGNED_CONTEXT ( ( #887 ) ) GLOBAL_UNIT_ASSIGNED_CONTEXT ( ( #1987, #8118, #2858 ) ) REPRESENTATION_CONTEXT ( 'NONE', 'WORKASPACE' ) );
#89 = ORIENTED_EDGE ( 'NONE', *, *, #8632, .F. ) ;
#90 = PRESENTATION_LAYER_ASSIGNMENT (  '', '', ( #10283 ) ) ;
#91 = FILL_AREA_STYLE ('',( #968 ) ) ;
#92 = FILL_AREA_STYLE ('',( #211 ) ) ;
#93 = PRESENTATION_LAYER_ASSIGNMENT (  '', '', ( #10285 ) ) ;
#94 = CARTESIAN_POINT ( 'NONE',  ( -0.07283464566929133400, 0.0000000000000000000, 0.03070866141732286900 ) ) ;
#95 = CARTESIAN_POINT ( 'NONE',  ( -0.07283464566929134800, -0.02046108103966344500, -0.03070866141732280000 ) ) ;
#96 = EDGE_LOOP ( 'NONE', ( #7175, #5940, #763, #6204 ) ) ;
#97 = PLANE ( 'NONE',  #10919 ) ;
#98 = STYLED_ITEM ( 'NONE', ( #9632 ), #6984 ) ;
#99 =( NAMED_UNIT ( * ) SI_UNIT ( $, .STERADIAN. ) SOLID_ANGLE_UNIT ( ) );
#100 =( LENGTH_UNIT ( ) NAMED_UNIT ( * ) SI_UNIT ( $, .METRE. ) );
#101 = EDGE_CURVE ( 'NONE', #10952, #7937, #4853, .T. ) ;
#102 =( NAMED_UNIT ( * ) SI_UNIT ( $, .STERADIAN. ) SOLID_ANGLE_UNIT ( ) );
#103 = DIRECTION ( 'NONE',  ( 0.0000000000000000000, 0.0000000000000000000, -1.000000000000000000 ) ) ;
#104 = VECTOR ( 'NONE', #5825, 39.37007874015748100 ) ;
#105 = CARTESIAN_POINT ( 'NONE',  ( 0.07283464566929137600, -0.02046108103966344500, -0.005118110236220472400 ) ) ;
#106 =( GEOMETRIC_REPRESENTATION_CONTEXT ( 3 ) GLOBAL_UNCERTAINTY_ASSIGNED_CONTEXT ( ( #7053 ) ) GLOBAL_UNIT_ASSIGNED_CONTEXT ( ( #6885, #1613, #7771 ) ) REPRESENTATION_CONTEXT ( 'NONE', 'WORKASPACE' ) );
#107 =( CONVERSION_BASED_UNIT ( 'INCH', #4888 ) LENGTH_UNIT ( ) NAMED_UNIT ( #11211 ) );
#108 = ADVANCED_FACE ( 'NONE', ( #2506 ), #7969, .F. ) ;
#109 = VERTEX_POINT ( 'NONE', #8110 ) ;
#110 = FILL_AREA_STYLE ('',( #10583 ) ) ;
#111 = EDGE_CURVE ( 'NONE', #2603, #184, #3740, .T. ) ;
#112 = FACE_OUTER_BOUND ( 'NONE', #3063, .T. ) ;
#113 =( CONVERSION_BASED_UNIT ( 'INCH', #3462 ) LENGTH_UNIT ( ) NAMED_UNIT ( #7903 ) );
#114 = EDGE_CURVE ( 'NONE', #7624, #4025, #6080, .T. ) ;
#115 = DIRECTION ( 'NONE',  ( -1.000000000000000000, -0.0000000000000000000, 0.0000000000000000000 ) ) ;
#116 = SURFACE_STYLE_USAGE ( .BOTH. , #5378 ) ;
#117 = STYLED_ITEM ( 'NONE', ( #5291 ), #7845 ) ;
#118 = UNCERTAINTY_MEASURE_WITH_UNIT (LENGTH_MEASURE( 1.000000000000000100E-005 ), #6959, 'distance_accuracy_value', 'NONE');
#119 = UNCERTAINTY_MEASURE_WITH_UNIT (LENGTH_MEASURE( 1.000000000000000100E-005 ), #2537, 'distance_accuracy_value', 'NONE');
#120 = FILL_AREA_STYLE ('',( #158 ) ) ;
#121 = UNCERTAINTY_MEASURE_WITH_UNIT (LENGTH_MEASURE( 1.000000000000000100E-005 ), #2266, 'distance_accuracy_value', 'NONE');
#122 = ADVANCED_FACE ( 'NONE', ( #1414 ), #5558, .F. ) ;
#123 = EDGE_CURVE ( 'NONE', #1617, #6742, #5312, .T. ) ;
#124 = DIRECTION ( 'NONE',  ( -0.0000000000000000000, -1.000000000000000000, -0.0000000000000000000 ) ) ;
#125 = CARTESIAN_POINT ( 'NONE',  ( -0.03070866141732284500, 0.0000000000000000000, 0.08661417322834648300 ) ) ;
#126 = DIRECTION ( 'NONE',  ( -0.0000000000000000000, 0.0000000000000000000, 1.000000000000000000 ) ) ;
#127 = PLANE ( 'NONE',  #1409 ) ;
#128 = SURFACE_STYLE_FILL_AREA ( #6135 ) ;
#129 = DIRECTION ( 'NONE',  ( 0.0000000000000000000, -0.0000000000000000000, -1.000000000000000000 ) ) ;
#130 = EDGE_CURVE ( 'NONE', #1724, #109, #906, .T. ) ;
#131 =( NAMED_UNIT ( * ) PLANE_ANGLE_UNIT ( ) SI_UNIT ( $, .RADIAN. ) );
#132 =( NAMED_UNIT ( * ) PLANE_ANGLE_UNIT ( ) SI_UNIT ( $, .RADIAN. ) );
#133 = MECHANICAL_DESIGN_GEOMETRIC_PRESENTATION_REPRESENTATION (  '', ( #9746 ), #719 ) ;
#134 = SURFACE_STYLE_USAGE ( .BOTH. , #174 ) ;
#135 =( NAMED_UNIT ( * ) PLANE_ANGLE_UNIT ( ) SI_UNIT ( $, .RADIAN. ) );
#136 = VECTOR ( 'NONE', #904, 39.37007874015748100 ) ;
#137 = SURFACE_STYLE_FILL_AREA ( #342 ) ;
#138 = CARTESIAN_POINT ( 'NONE',  ( -0.05629921259842520000, 0.009842519685039369900, 0.06889763779527562100 ) ) ;
#139 = DIRECTION ( 'NONE',  ( -2.168404344971005700E-015, 0.0000000000000000000, -1.000000000000000000 ) ) ;
#140 = CARTESIAN_POINT ( 'NONE',  ( -0.09055118110236221000, 0.009842519685039369900, -0.03070866141732280600 ) ) ;
#141 =( CONVERSION_BASED_UNIT ( 'INCH', #4733 ) LENGTH_UNIT ( ) NAMED_UNIT ( #2495 ) );
#142 = CARTESIAN_POINT ( 'NONE',  ( 0.0003937007874015829800, 0.09842519685030418100, -0.01528740157480314700 ) ) ;
#143 = VERTEX_POINT ( 'NONE', #3730 ) ;
#144 = COLOUR_RGB ( '',0.2509803921568627400, 0.2509803921568627400, 0.2509803921568627400 ) ;
#145 = VECTOR ( 'NONE', #115, 39.37007874015748100 ) ;
#146 = VECTOR ( 'NONE', #7527, 39.37007874015748100 ) ;
#147 = AXIS2_PLACEMENT_3D ( 'NONE', #4930, #4895, #4803 ) ;
#148 = DIRECTION ( 'NONE',  ( 2.409338161078899700E-016, -0.0000000000000000000, -1.000000000000000000 ) ) ;
#149 = VECTOR ( 'NONE', #1912, 39.37007874015748100 ) ;
#150 = MANIFOLD_SOLID_BREP ( 'Boss-Extrude2[9]', #3074 ) ;
#151 = SURFACE_STYLE_FILL_AREA ( #2073 ) ;
#152 = DIRECTION ( 'NONE',  ( 0.0000000000000000000, 1.000000000000000000, 0.0000000000000000000 ) ) ;
#153 =( GEOMETRIC_REPRESENTATION_CONTEXT ( 3 ) GLOBAL_UNCERTAINTY_ASSIGNED_CONTEXT ( ( #9880 ) ) GLOBAL_UNIT_ASSIGNED_CONTEXT ( ( #4462, #10565, #5360 ) ) REPRESENTATION_CONTEXT ( 'NONE', 'WORKASPACE' ) );
#154 = SURFACE_STYLE_FILL_AREA ( #4943 ) ;
#155 = MECHANICAL_DESIGN_GEOMETRIC_PRESENTATION_REPRESENTATION (  '', ( #9770 ), #740 ) ;
#156 = VERTEX_POINT ( 'NONE', #3694 ) ;
#157 = PRESENTATION_LAYER_ASSIGNMENT (  '', '', ( #10359 ) ) ;
#158 = FILL_AREA_STYLE_COLOUR ( '', #2355 ) ;
#159 = APPLICATION_CONTEXT ( 'automotive_design' ) ;
#160 = LINE ( 'NONE', #8003, #4827 ) ;
#161 = PRESENTATION_LAYER_ASSIGNMENT (  '', '', ( #10362 ) ) ;
#162 = ADVANCED_FACE ( 'NONE', ( #4199 ), #4473, .F. ) ;
#163 = PLANE ( 'NONE',  #7461 ) ;
#164 =( NAMED_UNIT ( * ) PLANE_ANGLE_UNIT ( ) SI_UNIT ( $, .RADIAN. ) );
#165 = SURFACE_STYLE_USAGE ( .BOTH. , #2633 ) ;
#166 = ORIENTED_EDGE ( 'NONE', *, *, #4655, .F. ) ;
#167 = PRESENTATION_LAYER_ASSIGNMENT (  '', '', ( #10365 ) ) ;
#168 = FILL_AREA_STYLE_COLOUR ( '', #4668 ) ;
#169 = FILL_AREA_STYLE_COLOUR ( '', #8913 ) ;
#170 = ORIENTED_EDGE ( 'NONE', *, *, #4461, .T. ) ;
#171 = SURFACE_STYLE_USAGE ( .BOTH. , #5437 ) ;
#172 = SURFACE_SIDE_STYLE ('',( #1801 ) ) ;
#173 = AXIS2_PLACEMENT_3D ( 'NONE', #283, #6422, #1168 ) ;
#174 = SURFACE_SIDE_STYLE ('',( #409 ) ) ;
#175 = STYLED_ITEM ( 'NONE', ( #3833 ), #3542 ) ;
#176 = VECTOR ( 'NONE', #9314, 39.37007874015748100 ) ;
#177 = DIMENSIONAL_EXPONENTS ( 1.000000000000000000, 0.0000000000000000000, 0.0000000000000000000, 0.0000000000000000000, 0.0000000000000000000, 0.0000000000000000000, 0.0000000000000000000 ) ;
#178 =( CONVERSION_BASED_UNIT ( 'INCH', #3539 ) LENGTH_UNIT ( ) NAMED_UNIT ( #6976 ) );
#179 = DIRECTION ( 'NONE',  ( 1.000000000000000000, 0.0000000000000000000, -0.0000000000000000000 ) ) ;
#180 = FILL_AREA_STYLE_COLOUR ( '', #1332 ) ;
#181 = ORIENTED_EDGE ( 'NONE', *, *, #9217, .T. ) ;
#182 =( CONVERSION_BASED_UNIT ( 'INCH', #9928 ) LENGTH_UNIT ( ) NAMED_UNIT ( #4187 ) );
#183 = EDGE_CURVE ( 'NONE', #11303, #4196, #9683, .T. ) ;
#184 = VERTEX_POINT ( 'NONE', #3969 ) ;
#185 = DIMENSIONAL_EXPONENTS ( 1.000000000000000000, 0.0000000000000000000, 0.0000000000000000000, 0.0000000000000000000, 0.0000000000000000000, 0.0000000000000000000, 0.0000000000000000000 ) ;
#186 =( LENGTH_UNIT ( ) NAMED_UNIT ( * ) SI_UNIT ( $, .METRE. ) );
#187 = EDGE_CURVE ( 'NONE', #6265, #4316, #765, .T. ) ;
#188 = VECTOR ( 'NONE', #5667, 39.37007874015748100 ) ;
#189 = ADVANCED_FACE ( 'NONE', ( #3103 ), #369, .F. ) ;
#190 = EDGE_LOOP ( 'NONE', ( #4173, #1268, #8991, #8202 ) ) ;
#191 =( NAMED_UNIT ( * ) PLANE_ANGLE_UNIT ( ) SI_UNIT ( $, .RADIAN. ) );
#192 = VERTEX_POINT ( 'NONE', #991 ) ;
#193 = ORIENTED_EDGE ( 'NONE', *, *, #10307, .F. ) ;
#194 = VECTOR ( 'NONE', #8053, 39.37007874015748100 ) ;
#195 = DIRECTION ( 'NONE',  ( 0.0000000000000000000, 0.0000000000000000000, -1.000000000000000000 ) ) ;
#196 = DIRECTION ( 'NONE',  ( 0.0000000000000000000, -0.0000000000000000000, 1.000000000000000000 ) ) ;
#197 = PRESENTATION_STYLE_ASSIGNMENT (( #8603 ) ) ;
#198 =( LENGTH_UNIT ( ) NAMED_UNIT ( * ) SI_UNIT ( $, .METRE. ) );
#199 = UNCERTAINTY_MEASURE_WITH_UNIT (LENGTH_MEASURE( 1.000000000000000100E-005 ), #3732, 'distance_accuracy_value', 'NONE');
#200 = ORIENTED_EDGE ( 'NONE', *, *, #11312, .T. ) ;
#201 = EDGE_CURVE ( 'NONE', #11132, #6662, #1991, .T. ) ;
#202 =( NAMED_UNIT ( * ) SI_UNIT ( $, .STERADIAN. ) SOLID_ANGLE_UNIT ( ) );
#203 = EDGE_LOOP ( 'NONE', ( #4756, #1455, #6756, #8457 ) ) ;
#204 = EDGE_CURVE ( 'NONE', #8148, #2152, #11019, .T. ) ;
#205 = ORIENTED_EDGE ( 'NONE', *, *, #1733, .F. ) ;
#206 = ORIENTED_EDGE ( 'NONE', *, *, #5717, .F. ) ;
#207 = PRESENTATION_STYLE_ASSIGNMENT (( #7629 ) ) ;
#208 =( CONVERSION_BASED_UNIT ( 'INCH', #7017 ) LENGTH_UNIT ( ) NAMED_UNIT ( #8312 ) );
#209 = DIRECTION ( 'NONE',  ( 0.0000000000000000000, 0.0000000000000000000, 1.000000000000000000 ) ) ;
#210 = COLOUR_RGB ( '',0.9686274509803921600, 0.8784313725490196000, 0.5999999999999999800 ) ;
#211 = FILL_AREA_STYLE_COLOUR ( '', #4094 ) ;
#212 = LINE ( 'NONE', #5625, #11279 ) ;
#213 = VERTEX_POINT ( 'NONE', #5769 ) ;
#214 = CARTESIAN_POINT ( 'NONE',  ( 0.02047244094488188900, 0.0000000000000000000, 0.0000000000000000000 ) ) ;
#215 = CARTESIAN_POINT ( 'NONE',  ( -0.005118110236220475000, -0.02046108103966344500, 0.08661417322834648300 ) ) ;
#216 = VERTEX_POINT ( 'NONE', #9689 ) ;
#217 = SURFACE_STYLE_FILL_AREA ( #5785 ) ;
#218 =( LENGTH_UNIT ( ) NAMED_UNIT ( * ) SI_UNIT ( $, .METRE. ) );
#219 = DIRECTION ( 'NONE',  ( -1.000000000000000000, 0.0000000000000000000, -0.0000000000000000000 ) ) ;
#220 = FILL_AREA_STYLE_COLOUR ( '', #6122 ) ;
#221 = PRESENTATION_STYLE_ASSIGNMENT (( #165 ) ) ;
#222 = LENGTH_MEASURE_WITH_UNIT ( LENGTH_MEASURE( 0.02539999999999999900 ), #1582 );
#223 = ORIENTED_EDGE ( 'NONE', *, *, #2665, .F. ) ;
#224 = PRESENTATION_STYLE_ASSIGNMENT (( #1115 ) ) ;
#225 = AXIS2_PLACEMENT_3D ( 'NONE', #8859, #8815, #8375 ) ;
#226 = SURFACE_STYLE_USAGE ( .BOTH. , #286 ) ;
#227 = FILL_AREA_STYLE_COLOUR ( '', #210 ) ;
#228 = ORIENTED_EDGE ( 'NONE', *, *, #546, .T. ) ;
#229 = ADVANCED_FACE ( 'NONE', ( #6681 ), #10836, .F. ) ;
#230 = CARTESIAN_POINT ( 'NONE',  ( 0.07283464566929137600, 0.009842519685039369900, -0.04606299212598424800 ) ) ;
#231 = MECHANICAL_DESIGN_GEOMETRIC_PRESENTATION_REPRESENTATION (  '', ( #9839 ), #804 ) ;
#232 =( GEOMETRIC_REPRESENTATION_CONTEXT ( 3 ) GLOBAL_UNCERTAINTY_ASSIGNED_CONTEXT ( ( #6090 ) ) GLOBAL_UNIT_ASSIGNED_CONTEXT ( ( #10100, #4856, #10948 ) ) REPRESENTATION_CONTEXT ( 'NONE', 'WORKASPACE' ) );
#233 = LINE ( 'NONE', #8342, #2549 ) ;
#234 = DIRECTION ( 'NONE',  ( 0.0000000000000000000, 0.0000000000000000000, 1.000000000000000000 ) ) ;
#235 = FILL_AREA_STYLE ('',( #2827 ) ) ;
#236 = CARTESIAN_POINT ( 'NONE',  ( -0.07283464566929133400, 0.009842519685039369900, 0.03070866141732286900 ) ) ;
#237 = EDGE_LOOP ( 'NONE', ( #1319, #6962, #2736, #9397 ) ) ;
#238 = PRESENTATION_LAYER_ASSIGNMENT (  '', '', ( #10418 ) ) ;
#239 = MECHANICAL_DESIGN_GEOMETRIC_PRESENTATION_REPRESENTATION (  '', ( #10423 ), #816 ) ;
#240 = AXIS2_PLACEMENT_3D ( 'NONE', #10343, #10234, #10192 ) ;
#241 = CARTESIAN_POINT ( 'NONE',  ( 0.09055118110236222400, -0.02046108103966344500, -0.04606299212598424800 ) ) ;
#242 = FILL_AREA_STYLE ('',( #7246 ) ) ;
#243 = DIRECTION ( 'NONE',  ( -0.0000000000000000000, 1.000000000000000000, 0.0000000000000000000 ) ) ;
#244 = ORIENTED_EDGE ( 'NONE', *, *, #9743, .T. ) ;
#245 = DIRECTION ( 'NONE',  ( -1.000000000000000000, 0.0000000000000000000, 0.0000000000000000000 ) ) ;
#246 =( NAMED_UNIT ( * ) PLANE_ANGLE_UNIT ( ) SI_UNIT ( $, .RADIAN. ) );
#247 =( GEOMETRIC_REPRESENTATION_CONTEXT ( 3 ) GLOBAL_UNCERTAINTY_ASSIGNED_CONTEXT ( ( #614 ) ) GLOBAL_UNIT_ASSIGNED_CONTEXT ( ( #10938, #5734, #476 ) ) REPRESENTATION_CONTEXT ( 'NONE', 'WORKASPACE' ) );
#248 = SURFACE_SIDE_STYLE ('',( #428 ) ) ;
#249 =( NAMED_UNIT ( * ) SI_UNIT ( $, .STERADIAN. ) SOLID_ANGLE_UNIT ( ) );
#250 = SURFACE_STYLE_USAGE ( .BOTH. , #279 ) ;
#251 = DIRECTION ( 'NONE',  ( -0.0000000000000000000, 0.0000000000000000000, -1.000000000000000000 ) ) ;
#252 = VERTEX_POINT ( 'NONE', #1068 ) ;
#253 = DIRECTION ( 'NONE',  ( 0.0000000000000000000, 0.0000000000000000000, 1.000000000000000000 ) ) ;
#254 = LINE ( 'NONE', #6358, #4637 ) ;
#255 = SURFACE_SIDE_STYLE ('',( #623 ) ) ;
#256 = CARTESIAN_POINT ( 'NONE',  ( -0.07283464566929134800, 0.0000000000000000000, -0.02047244094488185500 ) ) ;
#257 = CARTESIAN_POINT ( 'NONE',  ( -0.005118110236220475000, 0.0000000000000000000, 0.0000000000000000000 ) ) ;
#258 = EDGE_CURVE ( 'NONE', #6662, #9382, #9947, .T. ) ;
#259 = LINE ( 'NONE', #4532, #4932 ) ;
#260 = FILL_AREA_STYLE ('',( #10743 ) ) ;
#261 = EDGE_CURVE ( 'NONE', #8820, #8148, #5297, .T. ) ;
#262 = LENGTH_MEASURE_WITH_UNIT ( LENGTH_MEASURE( 0.02539999999999999900 ), #2044 );
#263 = CARTESIAN_POINT ( 'NONE',  ( 0.07283464566929139000, 0.0000000000000000000, 0.05629921259842522000 ) ) ;
#264 = LENGTH_MEASURE_WITH_UNIT ( LENGTH_MEASURE( 0.02539999999999999900 ), #9060 );
#265 = SURFACE_STYLE_USAGE ( .BOTH. , #5526 ) ;
#266 = VECTOR ( 'NONE', #5389, 39.37007874015748100 ) ;
#267 =( LENGTH_UNIT ( ) NAMED_UNIT ( * ) SI_UNIT ( $, .METRE. ) );
#268 =( NAMED_UNIT ( * ) SI_UNIT ( $, .STERADIAN. ) SOLID_ANGLE_UNIT ( ) );
#269 = ADVANCED_FACE ( 'NONE', ( #7363 ), #2655, .F. ) ;
#270 = CARTESIAN_POINT ( 'NONE',  ( -0.04606299212598425500, 0.0000000000000000000, -0.08661417322834641400 ) ) ;
#271 = COLOUR_RGB ( '',0.2509803921568627400, 0.2509803921568627400, 0.2509803921568627400 ) ;
#272 = SURFACE_STYLE_FILL_AREA ( #235 ) ;
#273 = CARTESIAN_POINT ( 'NONE',  ( 0.07283464566929137600, 0.009842519685039369900, -0.05629921259842520000 ) ) ;
#274 = LENGTH_MEASURE_WITH_UNIT ( LENGTH_MEASURE( 0.02539999999999999900 ), #3245 );
#275 = SURFACE_STYLE_FILL_AREA ( #11080 ) ;
#276 = SURFACE_STYLE_FILL_AREA ( #10336 ) ;
#277 = DIMENSIONAL_EXPONENTS ( 1.000000000000000000, 0.0000000000000000000, 0.0000000000000000000, 0.0000000000000000000, 0.0000000000000000000, 0.0000000000000000000, 0.0000000000000000000 ) ;
#278 = DIRECTION ( 'NONE',  ( 0.0000000000000000000, -0.0000000000000000000, 1.000000000000000000 ) ) ;
#279 = SURFACE_SIDE_STYLE ('',( #1757 ) ) ;
#280 = FILL_AREA_STYLE_COLOUR ( '', #7730 ) ;
#281 = CARTESIAN_POINT ( 'NONE',  ( -0.05629921259842520600, 0.0000000000000000000, 0.0000000000000000000 ) ) ;
#282 = ORIENTED_EDGE ( 'NONE', *, *, #5639, .F. ) ;
#283 = CARTESIAN_POINT ( 'NONE',  ( -0.07283464566929133400, 0.009842519685039369900, 0.05629921259842523400 ) ) ;
#284 = STYLED_ITEM ( 'NONE', ( #927 ), #5934 ) ;
#285 = DIMENSIONAL_EXPONENTS ( 1.000000000000000000, 0.0000000000000000000, 0.0000000000000000000, 0.0000000000000000000, 0.0000000000000000000, 0.0000000000000000000, 0.0000000000000000000 ) ;
#286 = SURFACE_SIDE_STYLE ('',( #7776 ) ) ;
#287 = VECTOR ( 'NONE', #10219, 39.37007874015748100 ) ;
#288 =( NAMED_UNIT ( * ) PLANE_ANGLE_UNIT ( ) SI_UNIT ( $, .RADIAN. ) );
#289 =( NAMED_UNIT ( * ) SI_UNIT ( $, .STERADIAN. ) SOLID_ANGLE_UNIT ( ) );
#290 = FACE_BOUND ( 'NONE', #7460, .T. ) ;
#291 = ORIENTED_EDGE ( 'NONE', *, *, #10377, .T. ) ;
#292 = PRESENTATION_LAYER_ASSIGNMENT (  '', '', ( #11063 ) ) ;
#293 = CARTESIAN_POINT ( 'NONE',  ( -0.09251968503937006700, 0.0000000000000000000, 0.08858267716535438200 ) ) ;
#294 = SURFACE_STYLE_FILL_AREA ( #3766 ) ;
#295 =( NAMED_UNIT ( * ) PLANE_ANGLE_UNIT ( ) SI_UNIT ( $, .RADIAN. ) );
#296 = DIRECTION ( 'NONE',  ( -0.0000000000000000000, -1.000000000000000000, -0.0000000000000000000 ) ) ;
#297 = AXIS2_PLACEMENT_3D ( 'NONE', #5265, #3, #6125 ) ;
#298 = COLOUR_RGB ( '',0.9686274509803921600, 0.8784313725490196000, 0.5999999999999999800 ) ;
#299 = SURFACE_SIDE_STYLE ('',( #6879 ) ) ;
#300 = STYLED_ITEM ( 'NONE', ( #10931 ), #2680 ) ;
#301 = STYLED_ITEM ( 'NONE', ( #975 ), #5083 ) ;
#302 = EDGE_LOOP ( 'NONE', ( #4264, #223, #9673, #9772 ) ) ;
#303 = ORIENTED_EDGE ( 'NONE', *, *, #10023, .T. ) ;
#304 = FACE_OUTER_BOUND ( 'NONE', #7354, .T. ) ;
#305 =( NAMED_UNIT ( * ) PLANE_ANGLE_UNIT ( ) SI_UNIT ( $, .RADIAN. ) );
#306 = VECTOR ( 'NONE', #496, 39.37007874015748100 ) ;
#307 = ORIENTED_EDGE ( 'NONE', *, *, #8401, .T. ) ;
#308 =( NAMED_UNIT ( * ) PLANE_ANGLE_UNIT ( ) SI_UNIT ( $, .RADIAN. ) );
#309 = LINE ( 'NONE', #3507, #4981 ) ;
#310 = FACE_OUTER_BOUND ( 'NONE', #7324, .T. ) ;
#311 = DIRECTION ( 'NONE',  ( -0.0000000000000000000, -1.000000000000000000, -0.0000000000000000000 ) ) ;
#312 = DIRECTION ( 'NONE',  ( 1.000000000000000000, -0.0000000000000000000, 4.818676322157799300E-016 ) ) ;
#313 = EDGE_CURVE ( 'NONE', #8173, #10435, #4188, .T. ) ;
#314 = EDGE_LOOP ( 'NONE', ( #3268, #655, #10056, #3235 ) ) ;
#315 = DIRECTION ( 'NONE',  ( 1.000000000000000000, 0.0000000000000000000, -2.409338161078899700E-016 ) ) ;
#316 = EDGE_LOOP ( 'NONE', ( #11051, #9424, #8947, #52 ) ) ;
#317 = MECHANICAL_DESIGN_GEOMETRIC_PRESENTATION_REPRESENTATION (  '', ( #9942 ), #913 ) ;
#318 = PLANE ( 'NONE',  #3986 ) ;
#319 = VECTOR ( 'NONE', #10774, 39.37007874015748100 ) ;
#320 = FILL_AREA_STYLE ('',( #1164 ) ) ;
#321 =( NAMED_UNIT ( * ) SI_UNIT ( $, .STERADIAN. ) SOLID_ANGLE_UNIT ( ) );
#322 = VERTEX_POINT ( 'NONE', #10727 ) ;
#323 = CARTESIAN_POINT ( 'NONE',  ( -0.05629921259842520600, 0.0000000000000000000, -0.08661417322834641400 ) ) ;
#324 = CARTESIAN_POINT ( 'NONE',  ( -0.07283464566929133400, 0.0000000000000000000, 0.03070866141732286900 ) ) ;
#325 = EDGE_CURVE ( 'NONE', #2502, #7252, #6240, .T. ) ;
#326 = EDGE_LOOP ( 'NONE', ( #2795, #4154, #507, #631 ) ) ;
#327 = ORIENTED_EDGE ( 'NONE', *, *, #3050, .F. ) ;
#328 = FACE_OUTER_BOUND ( 'NONE', #96, .T. ) ;
#329 = FILL_AREA_STYLE ('',( #439 ) ) ;
#330 =( NAMED_UNIT ( * ) PLANE_ANGLE_UNIT ( ) SI_UNIT ( $, .RADIAN. ) );
#331 = EDGE_CURVE ( 'NONE', #5318, #6242, #8581, .T. ) ;
#332 = FACE_OUTER_BOUND ( 'NONE', #590, .T. ) ;
#333 = LINE ( 'NONE', #6578, #2644 ) ;
#334 = CARTESIAN_POINT ( 'NONE',  ( 0.07283464566929139000, 0.009842519685039369900, 0.03070866141732283800 ) ) ;
#335 = FACE_OUTER_BOUND ( 'NONE', #6455, .T. ) ;
#336 = ADVANCED_FACE ( 'NONE', ( #1573 ), #9985, .F. ) ;
#337 = LINE ( 'NONE', #8193, #4723 ) ;
#338 = DIRECTION ( 'NONE',  ( 0.0000000000000000000, -0.0000000000000000000, -1.000000000000000000 ) ) ;
#339 = SURFACE_STYLE_FILL_AREA ( #5222 ) ;
#340 = ORIENTED_EDGE ( 'NONE', *, *, #7699, .F. ) ;
#341 = PLANE ( 'NONE',  #7707 ) ;
#342 = FILL_AREA_STYLE ('',( #3815 ) ) ;
#343 = ORIENTED_EDGE ( 'NONE', *, *, #10937, .F. ) ;
#344 = PRESENTATION_STYLE_ASSIGNMENT (( #9395 ) ) ;
#345 = ORIENTED_EDGE ( 'NONE', *, *, #5989, .T. ) ;
#346 = FACE_OUTER_BOUND ( 'NONE', #1596, .T. ) ;
#347 = EDGE_CURVE ( 'NONE', #3631, #4484, #5162, .T. ) ;
#348 = FACE_OUTER_BOUND ( 'NONE', #5938, .T. ) ;
#349 = VECTOR ( 'NONE', #6672, 39.37007874015748100 ) ;
#350 = COLOUR_RGB ( '',0.2509803921568627400, 0.2509803921568627400, 0.2509803921568627400 ) ;
#351 = ORIENTED_EDGE ( 'NONE', *, *, #8782, .F. ) ;
#352 = EDGE_CURVE ( 'NONE', #6567, #7917, #479, .T. ) ;
#353 = PRESENTATION_LAYER_ASSIGNMENT (  '', '', ( #10531 ) ) ;
#354 =( NAMED_UNIT ( * ) PLANE_ANGLE_UNIT ( ) SI_UNIT ( $, .RADIAN. ) );
#355 = VERTEX_POINT ( 'NONE', #8340 ) ;
#356 = CARTESIAN_POINT ( 'NONE',  ( -0.07283464566929133400, 0.0000000000000000000, 0.04606299212598428900 ) ) ;
#357 = FILL_AREA_STYLE_COLOUR ( '', #9477 ) ;
#358 = DIRECTION ( 'NONE',  ( 1.000000000000000000, 0.0000000000000000000, 0.0000000000000000000 ) ) ;
#359 = ORIENTED_EDGE ( 'NONE', *, *, #6214, .F. ) ;
#360 = ORIENTED_EDGE ( 'NONE', *, *, #2750, .T. ) ;
#361 = DIRECTION ( 'NONE',  ( 0.0000000000000000000, -0.0000000000000000000, 1.000000000000000000 ) ) ;
#362 = ORIENTED_EDGE ( 'NONE', *, *, #9137, .F. ) ;
#363 = PLANE ( 'NONE',  #10855 ) ;
#364 =( NAMED_UNIT ( * ) PLANE_ANGLE_UNIT ( ) SI_UNIT ( $, .RADIAN. ) );
#365 = FILL_AREA_STYLE_COLOUR ( '', #4585 ) ;
#366 = STYLED_ITEM ( 'NONE', ( #8299 ), #336 ) ;
#367 = SURFACE_STYLE_USAGE ( .BOTH. , #405 ) ;
#368 = VECTOR ( 'NONE', #4691, 39.37007874015748100 ) ;
#369 = PLANE ( 'NONE',  #5306 ) ;
#370 =( LENGTH_UNIT ( ) NAMED_UNIT ( * ) SI_UNIT ( $, .METRE. ) );
#371 = MECHANICAL_DESIGN_GEOMETRIC_PRESENTATION_REPRESENTATION (  '', ( #9991 ), #956 ) ;
#372 = FILL_AREA_STYLE ('',( #3851 ) ) ;
#373 = EDGE_LOOP ( 'NONE', ( #5656, #6659, #1883, #2551 ) ) ;
#374 = PRESENTATION_LAYER_ASSIGNMENT (  '', '', ( #11142 ) ) ;
#375 = AXIS2_PLACEMENT_3D ( 'NONE', #6063, #813, #6971 ) ;
#376 = DIRECTION ( 'NONE',  ( 0.0000000000000000000, 0.0000000000000000000, -1.000000000000000000 ) ) ;
#377 = STYLED_ITEM ( 'NONE', ( #9972 ), #6283 ) ;
#378 = COLOUR_RGB ( '',0.9686274509803921600, 0.8784313725490196000, 0.5999999999999999800 ) ;
#379 = VERTEX_POINT ( 'NONE', #8369 ) ;
#380 = AXIS2_PLACEMENT_3D ( 'NONE', #6169, #5538, #5500 ) ;
#381 = FILL_AREA_STYLE_COLOUR ( '', #3184 ) ;
#382 =( CONVERSION_BASED_UNIT ( 'INCH', #1379 ) LENGTH_UNIT ( ) NAMED_UNIT ( #65 ) );
#383 = STYLED_ITEM ( 'NONE', ( #10378 ), #10603 ) ;
#384 = MECHANICAL_DESIGN_GEOMETRIC_PRESENTATION_REPRESENTATION (  '', ( #10006 ), #981 ) ;
#385 = VECTOR ( 'NONE', #8656, 39.37007874015748100 ) ;
#386 = ADVANCED_FACE ( 'NONE', ( #2797 ), #7697, .F. ) ;
#387 = SURFACE_SIDE_STYLE ('',( #11155 ) ) ;
#388 = CARTESIAN_POINT ( 'NONE',  ( 0.0003937007874015829800, 0.1023622047233316700, -0.01528740157480314700 ) ) ;
#389 = UNCERTAINTY_MEASURE_WITH_UNIT (LENGTH_MEASURE( 1.000000000000000100E-005 ), #6450, 'distance_accuracy_value', 'NONE');
#390 = CARTESIAN_POINT ( 'NONE',  ( -0.08543307086614176900, 0.1023622047244094600, -0.08149606299212595900 ) ) ;
#391 = LENGTH_MEASURE_WITH_UNIT ( LENGTH_MEASURE( 0.02539999999999999900 ), #2869 );
#392 = MECHANICAL_DESIGN_GEOMETRIC_PRESENTATION_REPRESENTATION (  '', ( #10575 ), #986 ) ;
#393 = EDGE_CURVE ( 'NONE', #8687, #7546, #6091, .T. ) ;
#394 = FACE_OUTER_BOUND ( 'NONE', #9365, .T. ) ;
#395 = COLOUR_RGB ( '',0.9686274509803921600, 0.8784313725490196000, 0.5999999999999999800 ) ;
#396 = DIMENSIONAL_EXPONENTS ( 1.000000000000000000, 0.0000000000000000000, 0.0000000000000000000, 0.0000000000000000000, 0.0000000000000000000, 0.0000000000000000000, 0.0000000000000000000 ) ;
#397 =( CONVERSION_BASED_UNIT ( 'INCH', #4675 ) LENGTH_UNIT ( ) NAMED_UNIT ( #1556 ) );
#398 = DIRECTION ( 'NONE',  ( 1.000000000000000000, 0.0000000000000000000, 0.0000000000000000000 ) ) ;
#399 = CARTESIAN_POINT ( 'NONE',  ( 0.04606299212598424800, 0.0000000000000000000, 0.0000000000000000000 ) ) ;
#400 = DIRECTION ( 'NONE',  ( -0.0000000000000000000, -0.0000000000000000000, -1.000000000000000000 ) ) ;
#401 = LINE ( 'NONE', #1083, #2539 ) ;
#402 = LINE ( 'NONE', #7554, #2440 ) ;
#403 = CARTESIAN_POINT ( 'NONE',  ( -0.03070866141732284500, 0.0000000000000000000, 0.0000000000000000000 ) ) ;
#404 = DIMENSIONAL_EXPONENTS ( 1.000000000000000000, 0.0000000000000000000, 0.0000000000000000000, 0.0000000000000000000, 0.0000000000000000000, 0.0000000000000000000, 0.0000000000000000000 ) ;
#405 = SURFACE_SIDE_STYLE ('',( #7041 ) ) ;
#406 = CARTESIAN_POINT ( 'NONE',  ( 0.05629921259842520000, 0.0000000000000000000, 0.08661417322834648300 ) ) ;
#407 =( CONVERSION_BASED_UNIT ( 'INCH', #10739 ) LENGTH_UNIT ( ) NAMED_UNIT ( #2009 ) );
#408 = CARTESIAN_POINT ( 'NONE',  ( 0.0000000000000000000, 0.009842519685039369900, -0.04606299212598424800 ) ) ;
#409 = SURFACE_STYLE_FILL_AREA ( #675 ) ;
#410 = EDGE_CURVE ( 'NONE', #5266, #1148, #10737, .T. ) ;
#411 = SURFACE_STYLE_FILL_AREA ( #9476 ) ;
#412 = DIRECTION ( 'NONE',  ( 0.0000000000000000000, 0.0000000000000000000, 1.000000000000000000 ) ) ;
#413 = SURFACE_STYLE_FILL_AREA ( #10274 ) ;
#414 = EDGE_CURVE ( 'NONE', #1855, #1661, #8432, .T. ) ;
#415 = CARTESIAN_POINT ( 'NONE',  ( 0.07283464566929137600, 0.009842519685039369900, -0.005118110236220473200 ) ) ;
#416 = CARTESIAN_POINT ( 'NONE',  ( -0.02047244094488189300, -0.02046108103966344500, 0.08661417322834648300 ) ) ;
#417 = PRESENTATION_LAYER_ASSIGNMENT (  '', '', ( #10598 ) ) ;
#418 = CARTESIAN_POINT ( 'NONE',  ( 0.09055118110236222400, 0.009842519685039369900, -0.04606299212598424800 ) ) ;
#419 = ORIENTED_EDGE ( 'NONE', *, *, #8584, .F. ) ;
#420 = VECTOR ( 'NONE', #8957, 39.37007874015748100 ) ;
#421 = LINE ( 'NONE', #955, #9473 ) ;
#422 =( LENGTH_UNIT ( ) NAMED_UNIT ( * ) SI_UNIT ( $, .METRE. ) );
#423 = LINE ( 'NONE', #973, #9749 ) ;
#424 = SURFACE_STYLE_USAGE ( .BOTH. , #8176 ) ;
#425 = LINE ( 'NONE', #5830, #2467 ) ;
#426 = ORIENTED_EDGE ( 'NONE', *, *, #11181, .F. ) ;
#427 = LENGTH_MEASURE_WITH_UNIT ( LENGTH_MEASURE( 0.02539999999999999900 ), #7151 );
#428 = SURFACE_STYLE_FILL_AREA ( #5507 ) ;
#429 = PRESENTATION_STYLE_ASSIGNMENT (( #7320 ) ) ;
#430 = SURFACE_STYLE_FILL_AREA ( #3977 ) ;
#431 =( CONVERSION_BASED_UNIT ( 'INCH', #2896 ) LENGTH_UNIT ( ) NAMED_UNIT ( #7973 ) );
#432 = DIRECTION ( 'NONE',  ( 0.0000000000000000000, -0.0000000000000000000, 1.000000000000000000 ) ) ;
#433 = ORIENTED_EDGE ( 'NONE', *, *, #3121, .F. ) ;
#434 =( GEOMETRIC_REPRESENTATION_CONTEXT ( 3 ) GLOBAL_UNCERTAINTY_ASSIGNED_CONTEXT ( ( #810 ) ) GLOBAL_UNIT_ASSIGNED_CONTEXT ( ( #911, #7052, #1779 ) ) REPRESENTATION_CONTEXT ( 'NONE', 'WORKASPACE' ) );
#435 = ORIENTED_EDGE ( 'NONE', *, *, #5859, .T. ) ;
#436 = CARTESIAN_POINT ( 'NONE',  ( -0.005118110236220475000, 0.009842519685039369900, 0.0000000000000000000 ) ) ;
#437 = AXIS2_PLACEMENT_3D ( 'NONE', #1278, #10561, #2485 ) ;
#438 = CARTESIAN_POINT ( 'NONE',  ( 0.07283464566929137600, 0.009842519685039369900, 0.005118110236220474100 ) ) ;
#439 = FILL_AREA_STYLE_COLOUR ( '', #7513 ) ;
#440 =( NAMED_UNIT ( * ) PLANE_ANGLE_UNIT ( ) SI_UNIT ( $, .RADIAN. ) );
#441 = COLOUR_RGB ( '',0.9686274509803921600, 0.8784313725490196000, 0.5999999999999999800 ) ;
#442 = CARTESIAN_POINT ( 'NONE',  ( -0.09055118110236221000, 0.009842519685039369900, -0.005118110236220437700 ) ) ;
#443 = FACE_OUTER_BOUND ( 'NONE', #3526, .T. ) ;
#444 = ADVANCED_FACE ( 'NONE', ( #5829 ), #5908, .F. ) ;
#445 = LINE ( 'NONE', #10037, #5126 ) ;
#446 = SURFACE_STYLE_FILL_AREA ( #260 ) ;
#447 =( NAMED_UNIT ( * ) PLANE_ANGLE_UNIT ( ) SI_UNIT ( $, .RADIAN. ) );
#448 = ORIENTED_EDGE ( 'NONE', *, *, #6580, .F. ) ;
#449 = AXIS2_PLACEMENT_3D ( 'NONE', #4190, #4153, #4075 ) ;
#450 = SURFACE_STYLE_USAGE ( .BOTH. , #5719 ) ;
#451 = ORIENTED_EDGE ( 'NONE', *, *, #10661, .F. ) ;
#452 = FILL_AREA_STYLE_COLOUR ( '', #8777 ) ;
#453 = VECTOR ( 'NONE', #11028, 39.37007874015748100 ) ;
#454 = FILL_AREA_STYLE ('',( #6527 ) ) ;
#455 = STYLED_ITEM ( 'NONE', ( #6436 ), #10266 ) ;
#456 = LINE ( 'NONE', #408, #188 ) ;
#457 = CARTESIAN_POINT ( 'NONE',  ( 0.07283464566929137600, 0.0000000000000000000, -0.04606299212598424800 ) ) ;
#458 =( GEOMETRIC_REPRESENTATION_CONTEXT ( 3 ) GLOBAL_UNCERTAINTY_ASSIGNED_CONTEXT ( ( #3005 ) ) GLOBAL_UNIT_ASSIGNED_CONTEXT ( ( #4351, #3655, #3616 ) ) REPRESENTATION_CONTEXT ( 'NONE', 'WORKASPACE' ) );
#459 = EDGE_LOOP ( 'NONE', ( #3453, #3900, #624, #983 ) ) ;
#460 = PRESENTATION_STYLE_ASSIGNMENT (( #920 ) ) ;
#461 =( GEOMETRIC_REPRESENTATION_CONTEXT ( 3 ) GLOBAL_UNCERTAINTY_ASSIGNED_CONTEXT ( ( #9463 ) ) GLOBAL_UNIT_ASSIGNED_CONTEXT ( ( #6999, #1731, #7884 ) ) REPRESENTATION_CONTEXT ( 'NONE', 'WORKASPACE' ) );
#462 = SURFACE_SIDE_STYLE ('',( #10618 ) ) ;
#463 = ORIENTED_EDGE ( 'NONE', *, *, #3201, .F. ) ;
#464 = ORIENTED_EDGE ( 'NONE', *, *, #3337, .T. ) ;
#465 = AXIS2_PLACEMENT_3D ( 'NONE', #9945, #4687, #10796 ) ;
#466 = CARTESIAN_POINT ( 'NONE',  ( 0.0000000000000000000, 0.009842519685039369900, 0.0000000000000000000 ) ) ;
#467 = VECTOR ( 'NONE', #6807, 39.37007874015748100 ) ;
#468 =( NAMED_UNIT ( * ) SI_UNIT ( $, .STERADIAN. ) SOLID_ANGLE_UNIT ( ) );
#469 = UNCERTAINTY_MEASURE_WITH_UNIT (LENGTH_MEASURE( 1.000000000000000100E-005 ), #10177, 'distance_accuracy_value', 'NONE');
#470 = ORIENTED_EDGE ( 'NONE', *, *, #8799, .F. ) ;
#471 = UNCERTAINTY_MEASURE_WITH_UNIT (LENGTH_MEASURE( 1.000000000000000100E-005 ), #1143, 'distance_accuracy_value', 'NONE');
#472 = LINE ( 'NONE', #6841, #9528 ) ;
#473 = ORIENTED_EDGE ( 'NONE', *, *, #6602, .T. ) ;
#474 = EDGE_LOOP ( 'NONE', ( #2623, #2612, #6508, #5200 ) ) ;
#475 = ORIENTED_EDGE ( 'NONE', *, *, #1265, .T. ) ;
#477 = UNCERTAINTY_MEASURE_WITH_UNIT (LENGTH_MEASURE( 1.000000000000000100E-005 ), #7247, 'distance_accuracy_value', 'NONE');
#476 =( NAMED_UNIT ( * ) SI_UNIT ( $, .STERADIAN. ) SOLID_ANGLE_UNIT ( ) );
#478 = SURFACE_STYLE_FILL_AREA ( #6870 ) ;
#479 = LINE ( 'NONE', #8450, #7223 ) ;
#480 = VECTOR ( 'NONE', #7715, 39.37007874015748100 ) ;
#481 = DIRECTION ( 'NONE',  ( 0.0000000000000000000, 1.000000000000000000, 0.0000000000000000000 ) ) ;
#482 = LINE ( 'NONE', #8079, #2803 ) ;
#483 = FILL_AREA_STYLE ('',( #3091 ) ) ;
#484 = ORIENTED_EDGE ( 'NONE', *, *, #6289, .T. ) ;
#485 = EDGE_CURVE ( 'NONE', #8700, #4025, #333, .T. ) ;
#486 = DIRECTION ( 'NONE',  ( 0.0000000000000000000, -0.0000000000000000000, -1.000000000000000000 ) ) ;
#487 = FILL_AREA_STYLE ('',( #2168 ) ) ;
#488 = DIRECTION ( 'NONE',  ( 1.000000000000000000, 0.0000000000000000000, 0.0000000000000000000 ) ) ;
#489 = CARTESIAN_POINT ( 'NONE',  ( 0.09055118110236225200, 0.009842519685039369900, 0.04606299212598425500 ) ) ;
#490 = CARTESIAN_POINT ( 'NONE',  ( 0.07283464566929139000, -0.02046108103966344500, -0.02047244094488188900 ) ) ;
#491 = EDGE_CURVE ( 'NONE', #2191, #3631, #7067, .T. ) ;
#492 = DIMENSIONAL_EXPONENTS ( 1.000000000000000000, 0.0000000000000000000, 0.0000000000000000000, 0.0000000000000000000, 0.0000000000000000000, 0.0000000000000000000, 0.0000000000000000000 ) ;
#493 =( LENGTH_UNIT ( ) NAMED_UNIT ( * ) SI_UNIT ( $, .METRE. ) );
#494 = ORIENTED_EDGE ( 'NONE', *, *, #6002, .F. ) ;
#495 = PRESENTATION_LAYER_ASSIGNMENT (  '', '', ( #10667 ) ) ;
#496 = DIRECTION ( 'NONE',  ( -1.000000000000000000, -0.0000000000000000000, 0.0000000000000000000 ) ) ;
#497 = LINE ( 'NONE', #10928, #9273 ) ;
#498 = LINE ( 'NONE', #1386, #4889 ) ;
#499 = EDGE_LOOP ( 'NONE', ( #9349, #870, #6689, #8846 ) ) ;
#500 =( NAMED_UNIT ( * ) PLANE_ANGLE_UNIT ( ) SI_UNIT ( $, .RADIAN. ) );
#501 =( NAMED_UNIT ( * ) PLANE_ANGLE_UNIT ( ) SI_UNIT ( $, .RADIAN. ) );
#502 = SURFACE_SIDE_STYLE ('',( #6706 ) ) ;
#503 = DIRECTION ( 'NONE',  ( -1.204669080539449800E-016, 0.0000000000000000000, -1.000000000000000000 ) ) ;
#504 = VERTEX_POINT ( 'NONE', #3931 ) ;
#505 = FILL_AREA_STYLE_COLOUR ( '', #5839 ) ;
#506 = EDGE_CURVE ( 'NONE', #8602, #7348, #9114, .T. ) ;
#507 = ORIENTED_EDGE ( 'NONE', *, *, #10866, .F. ) ;
#508 = SURFACE_STYLE_USAGE ( .BOTH. , #540 ) ;
#509 = UNCERTAINTY_MEASURE_WITH_UNIT (LENGTH_MEASURE( 1.000000000000000100E-005 ), #3013, 'distance_accuracy_value', 'NONE');
#510 = ADVANCED_FACE ( 'NONE', ( #9388 ), #3999, .F. ) ;
#511 = PLANE ( 'NONE',  #700 ) ;
#512 = ORIENTED_EDGE ( 'NONE', *, *, #10896, .F. ) ;
#513 = CARTESIAN_POINT ( 'NONE',  ( -0.07283464566929134800, 0.009842519685039369900, 0.005118110236220508800 ) ) ;
#514 =( GEOMETRIC_REPRESENTATION_CONTEXT ( 3 ) GLOBAL_UNCERTAINTY_ASSIGNED_CONTEXT ( ( #9811 ) ) GLOBAL_UNIT_ASSIGNED_CONTEXT ( ( #4710, #10809, #5598 ) ) REPRESENTATION_CONTEXT ( 'NONE', 'WORKASPACE' ) );
#515 = DIMENSIONAL_EXPONENTS ( 1.000000000000000000, 0.0000000000000000000, 0.0000000000000000000, 0.0000000000000000000, 0.0000000000000000000, 0.0000000000000000000, 0.0000000000000000000 ) ;
#516 = FILL_AREA_STYLE_COLOUR ( '', #10944 ) ;
#517 = DIRECTION ( 'NONE',  ( 0.0000000000000000000, 1.000000000000000000, -0.0000000000000000000 ) ) ;
#518 = VERTEX_POINT ( 'NONE', #3962 ) ;
#519 = DIRECTION ( 'NONE',  ( 1.000000000000000000, 0.0000000000000000000, -0.0000000000000000000 ) ) ;
#520 = DIMENSIONAL_EXPONENTS ( 1.000000000000000000, 0.0000000000000000000, 0.0000000000000000000, 0.0000000000000000000, 0.0000000000000000000, 0.0000000000000000000, 0.0000000000000000000 ) ;
#521 = MECHANICAL_DESIGN_GEOMETRIC_PRESENTATION_REPRESENTATION (  '', ( #10129 ), #1102 ) ;
#522 = PLANE ( 'NONE',  #6715 ) ;
#523 =( NAMED_UNIT ( * ) SI_UNIT ( $, .STERADIAN. ) SOLID_ANGLE_UNIT ( ) );
#524 = DIRECTION ( 'NONE',  ( 0.0000000000000000000, -1.000000000000000000, -0.0000000000000000000 ) ) ;
#525 = FACE_OUTER_BOUND ( 'NONE', #9104, .T. ) ;
#526 = STYLED_ITEM ( 'NONE', ( #3041 ), #9776 ) ;
#527 = DIMENSIONAL_EXPONENTS ( 1.000000000000000000, 0.0000000000000000000, 0.0000000000000000000, 0.0000000000000000000, 0.0000000000000000000, 0.0000000000000000000, 0.0000000000000000000 ) ;
#528 = DIRECTION ( 'NONE',  ( 1.000000000000000000, -0.0000000000000000000, 0.0000000000000000000 ) ) ;
#529 = VERTEX_POINT ( 'NONE', #2274 ) ;
#530 =( GEOMETRIC_REPRESENTATION_CONTEXT ( 3 ) GLOBAL_UNCERTAINTY_ASSIGNED_CONTEXT ( ( #7097 ) ) GLOBAL_UNIT_ASSIGNED_CONTEXT ( ( #10571, #5364, #102 ) ) REPRESENTATION_CONTEXT ( 'NONE', 'WORKASPACE' ) );
#531 = DIRECTION ( 'NONE',  ( -0.0000000000000000000, -1.000000000000000000, -0.0000000000000000000 ) ) ;
#532 = FACE_OUTER_BOUND ( 'NONE', #203, .T. ) ;
#533 =( CONVERSION_BASED_UNIT ( 'INCH', #5073 ) LENGTH_UNIT ( ) NAMED_UNIT ( #3967 ) );
#535 = LINE ( 'NONE', #3667, #2566 ) ;
#534 =( GEOMETRIC_REPRESENTATION_CONTEXT ( 3 ) GLOBAL_UNCERTAINTY_ASSIGNED_CONTEXT ( ( #3214 ) ) GLOBAL_UNIT_ASSIGNED_CONTEXT ( ( #9074, #3812, #9962 ) ) REPRESENTATION_CONTEXT ( 'NONE', 'WORKASPACE' ) );
#536 = CARTESIAN_POINT ( 'NONE',  ( 0.0003937007874015852600, 0.1023622047255695900, -0.03398818897626410700 ) ) ;
#537 = CARTESIAN_POINT ( 'NONE',  ( 0.09055118110236223800, 0.0000000000000000000, 0.0000000000000000000 ) ) ;
#538 =( GEOMETRIC_REPRESENTATION_CONTEXT ( 3 ) GLOBAL_UNCERTAINTY_ASSIGNED_CONTEXT ( ( #1223 ) ) GLOBAL_UNIT_ASSIGNED_CONTEXT ( ( #2353, #1925, #1890 ) ) REPRESENTATION_CONTEXT ( 'NONE', 'WORKASPACE' ) );
#539 = SURFACE_SIDE_STYLE ('',( #217 ) ) ;
#540 = SURFACE_SIDE_STYLE ('',( #10961 ) ) ;
#541 = MECHANICAL_DESIGN_GEOMETRIC_PRESENTATION_REPRESENTATION (  '', ( #10150 ), #1121 ) ;
#542 = PRESENTATION_LAYER_ASSIGNMENT (  '', '', ( #10720 ) ) ;
#543 = UNCERTAINTY_MEASURE_WITH_UNIT (LENGTH_MEASURE( 1.000000000000000100E-005 ), #902, 'distance_accuracy_value', 'NONE');
#544 =( CONVERSION_BASED_UNIT ( 'INCH', #10466 ) LENGTH_UNIT ( ) NAMED_UNIT ( #8703 ) );
#545 = DIRECTION ( 'NONE',  ( 0.0000000000000000000, 1.000000000000000000, 0.0000000000000000000 ) ) ;
#546 = EDGE_CURVE ( 'NONE', #4871, #8393, #5683, .T. ) ;
#547 = SURFACE_STYLE_FILL_AREA ( #8758 ) ;
#548 = EDGE_CURVE ( 'NONE', #2793, #4571, #8020, .T. ) ;
#549 = DIRECTION ( 'NONE',  ( 0.0000000000000000000, 1.000000000000000000, 0.0000000000000000000 ) ) ;
#550 = FILL_AREA_STYLE ('',( #8409 ) ) ;
#551 = COLOUR_RGB ( '',0.9686274509803921600, 0.8784313725490196000, 0.5999999999999999800 ) ;
#552 = CARTESIAN_POINT ( 'NONE',  ( -0.05629921259842520600, 0.009842519685039369900, 0.08661417322834648300 ) ) ;
#553 = PRESENTATION_STYLE_ASSIGNMENT (( #9390 ) ) ;
#554 = SURFACE_STYLE_USAGE ( .BOTH. , #5813 ) ;
#555 = SURFACE_SIDE_STYLE ('',( #7617 ) ) ;
#556 = ADVANCED_FACE ( 'NONE', ( #10335 ), #1383, .F. ) ;
#557 = FACE_OUTER_BOUND ( 'NONE', #4622, .T. ) ;
#558 = EDGE_CURVE ( 'NONE', #3186, #8708, #2246, .T. ) ;
#559 = EDGE_LOOP ( 'NONE', ( #7217, #620, #9403, #228 ) ) ;
#560 = PRESENTATION_STYLE_ASSIGNMENT (( #2713 ) ) ;
#561 = SURFACE_STYLE_FILL_AREA ( #803 ) ;
#562 = CARTESIAN_POINT ( 'NONE',  ( 0.0000000000000000000, 0.009842519685039369900, 0.0000000000000000000 ) ) ;
#563 = EDGE_CURVE ( 'NONE', #5864, #5655, #9247, .T. ) ;
#564 = FACE_OUTER_BOUND ( 'NONE', #3791, .T. ) ;
#565 = CARTESIAN_POINT ( 'NONE',  ( 0.03070866141732283400, -0.02046108103966344500, -0.08661417322834641400 ) ) ;
#566 = AXIS2_PLACEMENT_3D ( 'NONE', #2904, #9052, #3792 ) ;
#567 = VECTOR ( 'NONE', #2907, 39.37007874015748100 ) ;
#568 = DIRECTION ( 'NONE',  ( 1.000000000000000000, 0.0000000000000000000, -1.204669080539449800E-016 ) ) ;
#569 = CARTESIAN_POINT ( 'NONE',  ( -0.04606299212598425500, 0.0000000000000000000, 0.06889763779527562100 ) ) ;
#570 = SURFACE_STYLE_FILL_AREA ( #3872 ) ;
#571 = ORIENTED_EDGE ( 'NONE', *, *, #2679, .T. ) ;
#572 = FILL_AREA_STYLE_COLOUR ( '', #7068 ) ;
#573 = LINE ( 'NONE', #9086, #4958 ) ;
#574 = CARTESIAN_POINT ( 'NONE',  ( -0.005118110236220475000, 0.0000000000000000000, 0.08661417322834648300 ) ) ;
#575 = ORIENTED_EDGE ( 'NONE', *, *, #485, .F. ) ;
#576 = FILL_AREA_STYLE ('',( #1415 ) ) ;
#577 = SURFACE_STYLE_FILL_AREA ( #3604 ) ;
#578 = UNCERTAINTY_MEASURE_WITH_UNIT (LENGTH_MEASURE( 1.000000000000000100E-005 ), #4805, 'distance_accuracy_value', 'NONE');
#579 = COLOUR_RGB ( '',0.2509803921568627400, 0.2509803921568627400, 0.2509803921568627400 ) ;
#580 = LENGTH_MEASURE_WITH_UNIT ( LENGTH_MEASURE( 0.02539999999999999900 ), #5982 );
#581 = ORIENTED_EDGE ( 'NONE', *, *, #10444, .T. ) ;
#582 = DIRECTION ( 'NONE',  ( 1.000000000000000000, -0.0000000000000000000, 0.0000000000000000000 ) ) ;
#583 = ORIENTED_EDGE ( 'NONE', *, *, #772, .F. ) ;
#584 = COLOUR_RGB ( '',0.2509803921568627400, 0.2509803921568627400, 0.2509803921568627400 ) ;
#585 = ORIENTED_EDGE ( 'NONE', *, *, #10299, .F. ) ;
#586 = CARTESIAN_POINT ( 'NONE',  ( 0.0000000000000000000, 0.009842519685039369900, 0.0000000000000000000 ) ) ;
#587 = STYLED_ITEM ( 'NONE', ( #8836 ), #9445 ) ;
#588 = LINE ( 'NONE', #8896, #5267 ) ;
#589 = FILL_AREA_STYLE_COLOUR ( '', #6542 ) ;
#590 = EDGE_LOOP ( 'NONE', ( #10775, #10585, #882, #1032 ) ) ;
#591 = DIRECTION ( 'NONE',  ( 0.0000000000000000000, 0.0000000000000000000, 1.000000000000000000 ) ) ;
#592 = STYLED_ITEM ( 'NONE', ( #3211 ), #4492 ) ;
#593 = ORIENTED_EDGE ( 'NONE', *, *, #4230, .F. ) ;
#594 = DIRECTION ( 'NONE',  ( -1.000000000000000000, -0.0000000000000000000, -0.0000000000000000000 ) ) ;
#595 = VECTOR ( 'NONE', #5237, 39.37007874015748100 ) ;
#596 = PLANE ( 'NONE',  #4701 ) ;
#597 = SURFACE_STYLE_FILL_AREA ( #5869 ) ;
#598 = FACE_OUTER_BOUND ( 'NONE', #3512, .T. ) ;
#599 = VECTOR ( 'NONE', #10689, 39.37007874015748100 ) ;
#600 = ORIENTED_EDGE ( 'NONE', *, *, #11094, .T. ) ;
#601 = SURFACE_STYLE_FILL_AREA ( #5192 ) ;
#602 =( GEOMETRIC_REPRESENTATION_CONTEXT ( 3 ) GLOBAL_UNCERTAINTY_ASSIGNED_CONTEXT ( ( #10228 ) ) GLOBAL_UNIT_ASSIGNED_CONTEXT ( ( #4735, #4690, #3880 ) ) REPRESENTATION_CONTEXT ( 'NONE', 'WORKASPACE' ) );
#603 = CARTESIAN_POINT ( 'NONE',  ( -0.03070866141732283800, 0.0000000000000000000, -0.06889763779527555100 ) ) ;
#604 = ORIENTED_EDGE ( 'NONE', *, *, #8062, .T. ) ;
#605 = FILL_AREA_STYLE ('',( #11073 ) ) ;
#606 = ORIENTED_EDGE ( 'NONE', *, *, #10595, .F. ) ;
#607 = DIRECTION ( 'NONE',  ( 0.0000000000000000000, 0.7071067811865475700, 0.7071067811865474600 ) ) ;
#608 = LINE ( 'NONE', #2552, #7350 ) ;
#609 = CARTESIAN_POINT ( 'NONE',  ( 0.005118110236220471500, 0.009842519685039369900, -0.08661417322834641400 ) ) ;
#610 = PRESENTATION_LAYER_ASSIGNMENT (  '', '', ( #10786 ) ) ;
#611 = CARTESIAN_POINT ( 'NONE',  ( 0.005118110236220472400, 0.009842519685039369900, -0.06889763779527555100 ) ) ;
#612 = CARTESIAN_POINT ( 'NONE',  ( -0.09055118110236222400, 0.009842519685039369900, -0.05629921259842515800 ) ) ;
#613 = MECHANICAL_DESIGN_GEOMETRIC_PRESENTATION_REPRESENTATION (  '', ( #10227 ), #1192 ) ;
#614 = UNCERTAINTY_MEASURE_WITH_UNIT (LENGTH_MEASURE( 1.000000000000000100E-005 ), #10938, 'distance_accuracy_value', 'NONE');
#615 = DIRECTION ( 'NONE',  ( -1.000000000000000000, 0.0000000000000000000, -0.0000000000000000000 ) ) ;
#616 = VERTEX_POINT ( 'NONE', #323 ) ;
#617 = SURFACE_STYLE_FILL_AREA ( #2329 ) ;
#618 = STYLED_ITEM ( 'NONE', ( #5086 ), #7377 ) ;
#619 = PLANE ( 'NONE',  #7093 ) ;
#620 = ORIENTED_EDGE ( 'NONE', *, *, #5060, .T. ) ;
#621 = ADVANCED_FACE ( 'NONE', ( #11264 ), #11254, .T. ) ;
#622 = DIRECTION ( 'NONE',  ( 0.0000000000000000000, 0.0000000000000000000, -1.000000000000000000 ) ) ;
#623 = SURFACE_STYLE_FILL_AREA ( #8922 ) ;
#624 = ORIENTED_EDGE ( 'NONE', *, *, #9796, .T. ) ;
#625 = SURFACE_STYLE_FILL_AREA ( #710 ) ;
#626 = FILL_AREA_STYLE_COLOUR ( '', #3876 ) ;
#627 = LINE ( 'NONE', #6968, #7370 ) ;
#628 = VERTEX_POINT ( 'NONE', #21 ) ;
#629 = DIMENSIONAL_EXPONENTS ( 1.000000000000000000, 0.0000000000000000000, 0.0000000000000000000, 0.0000000000000000000, 0.0000000000000000000, 0.0000000000000000000, 0.0000000000000000000 ) ;
#630 = DIRECTION ( 'NONE',  ( 0.0000000000000000000, 0.0000000000000000000, -1.000000000000000000 ) ) ;
#631 = ORIENTED_EDGE ( 'NONE', *, *, #6812, .T. ) ;
#632 =( NAMED_UNIT ( * ) SI_UNIT ( $, .STERADIAN. ) SOLID_ANGLE_UNIT ( ) );
#633 = VECTOR ( 'NONE', #5592, 39.37007874015748100 ) ;
#634 = EDGE_CURVE ( 'NONE', #5427, #3186, #1141, .T. ) ;
#635 = ORIENTED_EDGE ( 'NONE', *, *, #4450, .T. ) ;
#636 = CARTESIAN_POINT ( 'NONE',  ( -0.005118110236220473200, 0.009842519685039369900, -0.06889763779527555100 ) ) ;
#637 = DIMENSIONAL_EXPONENTS ( 1.000000000000000000, 0.0000000000000000000, 0.0000000000000000000, 0.0000000000000000000, 0.0000000000000000000, 0.0000000000000000000, 0.0000000000000000000 ) ;
#638 = ORIENTED_EDGE ( 'NONE', *, *, #1439, .T. ) ;
#639 = DIRECTION ( 'NONE',  ( 0.0000000000000000000, -0.0000000000000000000, -1.000000000000000000 ) ) ;
#640 = CARTESIAN_POINT ( 'NONE',  ( -0.03070866141732284500, 0.0000000000000000000, -0.08661417322834641400 ) ) ;
#641 = EDGE_CURVE ( 'NONE', #9562, #9900, #7878, .T. ) ;
#642 = DIRECTION ( 'NONE',  ( 0.0000000000000000000, -0.0000000000000000000, 1.000000000000000000 ) ) ;
#643 =( LENGTH_UNIT ( ) NAMED_UNIT ( * ) SI_UNIT ( $, .METRE. ) );
#644 = AXIS2_PLACEMENT_3D ( 'NONE', #5491, #234, #6355 ) ;
#645 = SURFACE_STYLE_USAGE ( .BOTH. , #5885 ) ;
#646 = ORIENTED_EDGE ( 'NONE', *, *, #9009, .T. ) ;
#647 = FILL_AREA_STYLE_COLOUR ( '', #3688 ) ;
#648 = ORIENTED_EDGE ( 'NONE', *, *, #2264, .F. ) ;
#649 =( LENGTH_UNIT ( ) NAMED_UNIT ( * ) SI_UNIT ( $, .METRE. ) );
#650 = DIRECTION ( 'NONE',  ( 0.0000000000000000000, -0.0000000000000000000, 1.000000000000000000 ) ) ;
#651 = LINE ( 'NONE', #2014, #5039 ) ;
#652 = DIMENSIONAL_EXPONENTS ( 1.000000000000000000, 0.0000000000000000000, 0.0000000000000000000, 0.0000000000000000000, 0.0000000000000000000, 0.0000000000000000000, 0.0000000000000000000 ) ;
#653 = CARTESIAN_POINT ( 'NONE',  ( -0.07283464566929134800, 0.009842519685039369900, 0.0000000000000000000 ) ) ;
#654 = DIRECTION ( 'NONE',  ( 0.0000000000000000000, 0.0000000000000000000, -1.000000000000000000 ) ) ;
#655 = ORIENTED_EDGE ( 'NONE', *, *, #4432, .F. ) ;
#656 = CARTESIAN_POINT ( 'NONE',  ( 0.07283464566929137600, -0.02046108103966344500, -0.03070866141732283800 ) ) ;
#657 = MECHANICAL_DESIGN_GEOMETRIC_PRESENTATION_REPRESENTATION (  '', ( #10263 ), #1227 ) ;
#658 = CARTESIAN_POINT ( 'NONE',  ( 0.09251968503937008100, 0.03937007874015748000, -0.08858267716535429800 ) ) ;
#659 = FILL_AREA_STYLE_COLOUR ( '', #1839 ) ;
#660 = LINE ( 'NONE', #1849, #5341 ) ;
#661 = ORIENTED_EDGE ( 'NONE', *, *, #695, .T. ) ;
#662 = FILL_AREA_STYLE ('',( #626 ) ) ;
#663 = MECHANICAL_DESIGN_GEOMETRIC_PRESENTATION_REPRESENTATION (  '', ( #10269 ), #1236 ) ;
#664 = MECHANICAL_DESIGN_GEOMETRIC_PRESENTATION_REPRESENTATION (  '', ( #10270 ), #1237 ) ;
#665 = SURFACE_STYLE_USAGE ( .BOTH. , #5905 ) ;
#666 = LINE ( 'NONE', #10328, #5066 ) ;
#667 =( GEOMETRIC_REPRESENTATION_CONTEXT ( 3 ) GLOBAL_UNCERTAINTY_ASSIGNED_CONTEXT ( ( #8 ) ) GLOBAL_UNIT_ASSIGNED_CONTEXT ( ( #3330, #4918, #724 ) ) REPRESENTATION_CONTEXT ( 'NONE', 'WORKASPACE' ) );
#668 = DIRECTION ( 'NONE',  ( 0.0000000000000000000, 1.000000000000000000, 0.0000000000000000000 ) ) ;
#669 = LINE ( 'NONE', #2012, #5351 ) ;
#670 = PRESENTATION_STYLE_ASSIGNMENT (( #116 ) ) ;
#671 =( LENGTH_UNIT ( ) NAMED_UNIT ( * ) SI_UNIT ( $, .METRE. ) );
#672 = SURFACE_STYLE_USAGE ( .BOTH. , #1768 ) ;
#673 = DIMENSIONAL_EXPONENTS ( 1.000000000000000000, 0.0000000000000000000, 0.0000000000000000000, 0.0000000000000000000, 0.0000000000000000000, 0.0000000000000000000, 0.0000000000000000000 ) ;
#674 = DIRECTION ( 'NONE',  ( -1.000000000000000000, 0.0000000000000000000, -0.0000000000000000000 ) ) ;
#675 = FILL_AREA_STYLE ('',( #980 ) ) ;
#676 = MECHANICAL_DESIGN_GEOMETRIC_PRESENTATION_REPRESENTATION (  '', ( #10283 ), #1251 ) ;
#677 = MECHANICAL_DESIGN_GEOMETRIC_PRESENTATION_REPRESENTATION (  '', ( #10285 ), #1253 ) ;
#678 = CARTESIAN_POINT ( 'NONE',  ( 0.09055118110236223800, 0.009842519685039369900, 0.03070866141732283800 ) ) ;
#679 = AXIS2_PLACEMENT_3D ( 'NONE', #3361, #9489, #4239 ) ;
#680 =( NAMED_UNIT ( * ) SI_UNIT ( $, .STERADIAN. ) SOLID_ANGLE_UNIT ( ) );
#681 = LINE ( 'NONE', #7280, #5492 ) ;
#682 = CARTESIAN_POINT ( 'NONE',  ( -0.005118110236220473200, 0.009842519685039369900, 0.06889763779527562100 ) ) ;
#683 = DIRECTION ( 'NONE',  ( 0.0000000000000000000, 1.000000000000000000, 0.0000000000000000000 ) ) ;
#684 = SURFACE_SIDE_STYLE ('',( #1572 ) ) ;
#685 = EDGE_CURVE ( 'NONE', #6265, #6333, #3207, .T. ) ;
#686 = LINE ( 'NONE', #5087, #10010 ) ;
#687 = LINE ( 'NONE', #8521, #3020 ) ;
#688 = DIRECTION ( 'NONE',  ( 0.0000000000000000000, 1.000000000000000000, -0.0000000000000000000 ) ) ;
#689 = STYLED_ITEM ( 'NONE', ( #10464 ), #11195 ) ;
#690 = DIRECTION ( 'NONE',  ( 1.000000000000000000, 0.0000000000000000000, -0.0000000000000000000 ) ) ;
#691 = VECTOR ( 'NONE', #9592, 39.37007874015748100 ) ;
#692 = ORIENTED_EDGE ( 'NONE', *, *, #8952, .T. ) ;
#693 = CARTESIAN_POINT ( 'NONE',  ( 0.0000000000000000000, 0.0000000000000000000, 0.02047244094488192400 ) ) ;
#694 = VECTOR ( 'NONE', #4390, 39.37007874015748100 ) ;
#695 = EDGE_CURVE ( 'NONE', #504, #11307, #865, .T. ) ;
#696 = COLOUR_RGB ( '',0.9686274509803921600, 0.8784313725490196000, 0.5999999999999999800 ) ;
#697 = EDGE_CURVE ( 'NONE', #5802, #3750, #7615, .T. ) ;
#698 = LINE ( 'NONE', #390, #2742 ) ;
#699 =( NAMED_UNIT ( * ) SI_UNIT ( $, .STERADIAN. ) SOLID_ANGLE_UNIT ( ) );
#700 = AXIS2_PLACEMENT_3D ( 'NONE', #2300, #8441, #3190 ) ;
#701 = SURFACE_SIDE_STYLE ('',( #9815 ) ) ;
#702 = ADVANCED_FACE ( 'NONE', ( #10194 ), #5329, .F. ) ;
#703 = ORIENTED_EDGE ( 'NONE', *, *, #2157, .T. ) ;
#704 =( NAMED_UNIT ( * ) SI_UNIT ( $, .STERADIAN. ) SOLID_ANGLE_UNIT ( ) );
#705 = SURFACE_STYLE_FILL_AREA ( #11199 ) ;
#706 = DIRECTION ( 'NONE',  ( 0.0000000000000000000, 1.000000000000000000, 0.0000000000000000000 ) ) ;
#707 = LINE ( 'NONE', #215, #5384 ) ;
#708 = DIRECTION ( 'NONE',  ( 1.000000000000000000, 0.0000000000000000000, -0.0000000000000000000 ) ) ;
#709 = COLOUR_RGB ( '',0.9686274509803921600, 0.8784313725490196000, 0.5999999999999999800 ) ;
#710 = FILL_AREA_STYLE ('',( #3392 ) ) ;
#711 = SURFACE_STYLE_USAGE ( .BOTH. , #5963 ) ;
#712 = FILL_AREA_STYLE ('',( #647 ) ) ;
#713 = PRESENTATION_STYLE_ASSIGNMENT (( #8293 ) ) ;
#714 = EDGE_CURVE ( 'NONE', #7885, #192, #1821, .T. ) ;
#715 = ORIENTED_EDGE ( 'NONE', *, *, #3287, .F. ) ;
#716 = EDGE_LOOP ( 'NONE', ( #3338, #1158, #3171, #10453 ) ) ;
#717 = EDGE_CURVE ( 'NONE', #6764, #2631, #4164, .T. ) ;
#718 = SURFACE_STYLE_USAGE ( .BOTH. , #5972 ) ;
#719 =( GEOMETRIC_REPRESENTATION_CONTEXT ( 3 ) GLOBAL_UNCERTAINTY_ASSIGNED_CONTEXT ( ( #3078 ) ) GLOBAL_UNIT_ASSIGNED_CONTEXT ( ( #7717, #2433, #8596 ) ) REPRESENTATION_CONTEXT ( 'NONE', 'WORKASPACE' ) );
#720 = LINE ( 'NONE', #1886, #5123 ) ;
#721 =( NAMED_UNIT ( * ) SI_UNIT ( $, .STERADIAN. ) SOLID_ANGLE_UNIT ( ) );
#722 =( NAMED_UNIT ( * ) PLANE_ANGLE_UNIT ( ) SI_UNIT ( $, .RADIAN. ) );
#724 =( NAMED_UNIT ( * ) SI_UNIT ( $, .STERADIAN. ) SOLID_ANGLE_UNIT ( ) );
#723 = LINE ( 'NONE', #7267, #2769 ) ;
#725 = EDGE_LOOP ( 'NONE', ( #8999, #419, #9263, #8032 ) ) ;
#726 =( NAMED_UNIT ( * ) SI_UNIT ( $, .STERADIAN. ) SOLID_ANGLE_UNIT ( ) );
#727 = EDGE_LOOP ( 'NONE', ( #8051, #166, #5119, #11285 ) ) ;
#728 =( CONVERSION_BASED_UNIT ( 'INCH', #4591 ) LENGTH_UNIT ( ) NAMED_UNIT ( #6981 ) );
#729 = SURFACE_STYLE_FILL_AREA ( #5051 ) ;
#730 = SURFACE_STYLE_FILL_AREA ( #6893 ) ;
#731 = SURFACE_STYLE_USAGE ( .BOTH. , #5985 ) ;
#732 = ORIENTED_EDGE ( 'NONE', *, *, #9172, .F. ) ;
#733 = VECTOR ( 'NONE', #3481, 39.37007874015748100 ) ;
#734 = ORIENTED_EDGE ( 'NONE', *, *, #2157, .F. ) ;
#735 = VERTEX_POINT ( 'NONE', #3532 ) ;
#736 = PRESENTATION_LAYER_ASSIGNMENT (  '', '', ( #10909 ) ) ;
#737 =( LENGTH_UNIT ( ) NAMED_UNIT ( * ) SI_UNIT ( $, .METRE. ) );
#738 = SURFACE_STYLE_FILL_AREA ( #3663 ) ;
#739 = UNCERTAINTY_MEASURE_WITH_UNIT (LENGTH_MEASURE( 1.000000000000000100E-005 ), #1219, 'distance_accuracy_value', 'NONE');
#740 =( GEOMETRIC_REPRESENTATION_CONTEXT ( 3 ) GLOBAL_UNCERTAINTY_ASSIGNED_CONTEXT ( ( #4822 ) ) GLOBAL_UNIT_ASSIGNED_CONTEXT ( ( #2951, #2507, #2463 ) ) REPRESENTATION_CONTEXT ( 'NONE', 'WORKASPACE' ) );
#741 = ORIENTED_EDGE ( 'NONE', *, *, #10449, .T. ) ;
#742 =( NAMED_UNIT ( * ) SI_UNIT ( $, .STERADIAN. ) SOLID_ANGLE_UNIT ( ) );
#743 = VECTOR ( 'NONE', #690, 39.37007874015748100 ) ;
#744 = MECHANICAL_DESIGN_GEOMETRIC_PRESENTATION_REPRESENTATION (  '', ( #10359 ), #1327 ) ;
#745 =( NAMED_UNIT ( * ) PLANE_ANGLE_UNIT ( ) SI_UNIT ( $, .RADIAN. ) );
#746 = DIRECTION ( 'NONE',  ( 0.0000000000000000000, 1.000000000000000000, 0.0000000000000000000 ) ) ;
#747 = ORIENTED_EDGE ( 'NONE', *, *, #9724, .F. ) ;
#748 = MECHANICAL_DESIGN_GEOMETRIC_PRESENTATION_REPRESENTATION (  '', ( #10362 ), #1330 ) ;
#749 = PLANE ( 'NONE',  #2708 ) ;
#750 = ORIENTED_EDGE ( 'NONE', *, *, #1131, .T. ) ;
#751 = CARTESIAN_POINT ( 'NONE',  ( 0.05629921259842520000, -0.02046108103966344500, -0.08661417322834641400 ) ) ;
#752 = ORIENTED_EDGE ( 'NONE', *, *, #2590, .T. ) ;
#753 = DIMENSIONAL_EXPONENTS ( 1.000000000000000000, 0.0000000000000000000, 0.0000000000000000000, 0.0000000000000000000, 0.0000000000000000000, 0.0000000000000000000, 0.0000000000000000000 ) ;
#754 = MECHANICAL_DESIGN_GEOMETRIC_PRESENTATION_REPRESENTATION (  '', ( #10365 ), #1335 ) ;
#755 = ORIENTED_EDGE ( 'NONE', *, *, #130, .F. ) ;
#756 = PRESENTATION_STYLE_ASSIGNMENT (( #10083 ) ) ;
#757 = CARTESIAN_POINT ( 'NONE',  ( 0.07283464566929137600, 0.009842519685039369900, -0.04606299212598424800 ) ) ;
#758 =( CONVERSION_BASED_UNIT ( 'INCH', #10495 ) LENGTH_UNIT ( ) NAMED_UNIT ( #629 ) );
#759 = PRESENTATION_LAYER_ASSIGNMENT (  '', '', ( #10930 ) ) ;
#760 = DIMENSIONAL_EXPONENTS ( 1.000000000000000000, 0.0000000000000000000, 0.0000000000000000000, 0.0000000000000000000, 0.0000000000000000000, 0.0000000000000000000, 0.0000000000000000000 ) ;
#761 =( NAMED_UNIT ( * ) PLANE_ANGLE_UNIT ( ) SI_UNIT ( $, .RADIAN. ) );
#762 = AXIS2_PLACEMENT_3D ( 'NONE', #8505, #5975, #3368 ) ;
#763 = ORIENTED_EDGE ( 'NONE', *, *, #5772, .F. ) ;
#764 = DIRECTION ( 'NONE',  ( -1.000000000000000000, 0.0000000000000000000, -0.0000000000000000000 ) ) ;
#765 = LINE ( 'NONE', #1130, #9809 ) ;
#766 = ADVANCED_FACE ( 'NONE', ( #3875 ), #6179, .F. ) ;
#767 = ORIENTED_EDGE ( 'NONE', *, *, #9235, .T. ) ;
#768 = LINE ( 'NONE', #1156, #5449 ) ;
#769 =( NAMED_UNIT ( * ) SI_UNIT ( $, .STERADIAN. ) SOLID_ANGLE_UNIT ( ) );
#770 = VECTOR ( 'NONE', #7698, 39.37007874015748100 ) ;
#771 = EDGE_LOOP ( 'NONE', ( #6557, #193, #7085, #6236 ) ) ;
#772 = EDGE_CURVE ( 'NONE', #9627, #9358, #5300, .T. ) ;
#773 =( LENGTH_UNIT ( ) NAMED_UNIT ( * ) SI_UNIT ( $, .METRE. ) );
#774 = EDGE_CURVE ( 'NONE', #873, #7211, #7643, .T. ) ;
#775 = DIRECTION ( 'NONE',  ( 0.0000000000000000000, 1.000000000000000000, 0.0000000000000000000 ) ) ;
#776 = LENGTH_MEASURE_WITH_UNIT ( LENGTH_MEASURE( 0.02539999999999999900 ), #10051 );
#777 = SURFACE_SIDE_STYLE ('',( #8445 ) ) ;
#778 = ORIENTED_EDGE ( 'NONE', *, *, #7997, .F. ) ;
#779 = EDGE_CURVE ( 'NONE', #11134, #4066, #2952, .T. ) ;
#780 =( CONVERSION_BASED_UNIT ( 'INCH', #9005 ) LENGTH_UNIT ( ) NAMED_UNIT ( #8101 ) );
#781 = FILL_AREA_STYLE ('',( #5174 ) ) ;
#782 = VECTOR ( 'NONE', #4510, 39.37007874015748100 ) ;
#783 = DIRECTION ( 'NONE',  ( 0.0000000000000000000, 0.0000000000000000000, 1.000000000000000000 ) ) ;
#784 = EDGE_CURVE ( 'NONE', #10846, #9011, #7365, .T. ) ;
#785 =( NAMED_UNIT ( * ) SI_UNIT ( $, .STERADIAN. ) SOLID_ANGLE_UNIT ( ) );
#786 = CARTESIAN_POINT ( 'NONE',  ( 0.02047244094488188900, 0.009842519685039369900, -0.06889763779527555100 ) ) ;
#787 = STYLED_ITEM ( 'NONE', ( #979 ), #8496 ) ;
#788 = CARTESIAN_POINT ( 'NONE',  ( -0.09251968503937008100, 0.03937007874015748000, -0.08858267716535429800 ) ) ;
#789 = CARTESIAN_POINT ( 'NONE',  ( -0.09055118110236221000, 0.009842519685039369900, -0.03070866141732280000 ) ) ;
#790 = VERTEX_POINT ( 'NONE', #852 ) ;
#791 =( NAMED_UNIT ( * ) PLANE_ANGLE_UNIT ( ) SI_UNIT ( $, .RADIAN. ) );
#792 = PLANE ( 'NONE',  #6549 ) ;
#793 = VECTOR ( 'NONE', #6948, 39.37007874015748100 ) ;
#794 = DIRECTION ( 'NONE',  ( -0.0000000000000000000, 0.0000000000000000000, -1.000000000000000000 ) ) ;
#795 = VECTOR ( 'NONE', #4323, 39.37007874015748100 ) ;
#796 = CARTESIAN_POINT ( 'NONE',  ( 0.0000000000000000000, 0.0000000000000000000, -0.07480314960629917700 ) ) ;
#797 = FACE_OUTER_BOUND ( 'NONE', #10352, .T. ) ;
#798 = ORIENTED_EDGE ( 'NONE', *, *, #2076, .T. ) ;
#799 = FILL_AREA_STYLE ('',( #4289 ) ) ;
#800 = LINE ( 'NONE', #7851, #3139 ) ;
#801 = PRESENTATION_LAYER_ASSIGNMENT (  '', '', ( #10977 ) ) ;
#802 =( LENGTH_UNIT ( ) NAMED_UNIT ( * ) SI_UNIT ( $, .METRE. ) );
#803 = FILL_AREA_STYLE ('',( #6990 ) ) ;
#804 =( GEOMETRIC_REPRESENTATION_CONTEXT ( 3 ) GLOBAL_UNCERTAINTY_ASSIGNED_CONTEXT ( ( #2417 ) ) GLOBAL_UNIT_ASSIGNED_CONTEXT ( ( #8211, #8178, #8134 ) ) REPRESENTATION_CONTEXT ( 'NONE', 'WORKASPACE' ) );
#805 = DIRECTION ( 'NONE',  ( -2.409338161078899700E-016, 0.0000000000000000000, 1.000000000000000000 ) ) ;
#806 = VECTOR ( 'NONE', #2233, 39.37007874015748100 ) ;
#807 = VECTOR ( 'NONE', #10758, 39.37007874015748100 ) ;
#808 = ADVANCED_FACE ( 'NONE', ( #346 ), #815, .T. ) ;
#809 = PRESENTATION_STYLE_ASSIGNMENT (( #7455 ) ) ;
#810 = UNCERTAINTY_MEASURE_WITH_UNIT (LENGTH_MEASURE( 1.000000000000000100E-005 ), #911, 'distance_accuracy_value', 'NONE');
#811 = MECHANICAL_DESIGN_GEOMETRIC_PRESENTATION_REPRESENTATION (  '', ( #10418 ), #1398 ) ;
#812 = CARTESIAN_POINT ( 'NONE',  ( 0.02047244094488188600, 0.0000000000000000000, -0.08661417322834641400 ) ) ;
#813 = DIRECTION ( 'NONE',  ( 0.9987523388778447600, -0.04993761694389185100, 0.0000000000000000000 ) ) ;
#815 = PLANE ( 'NONE',  #10485 ) ;
#814 = SURFACE_STYLE_USAGE ( .BOTH. , #1382 ) ;
#816 =( GEOMETRIC_REPRESENTATION_CONTEXT ( 3 ) GLOBAL_UNCERTAINTY_ASSIGNED_CONTEXT ( ( #9400 ) ) GLOBAL_UNIT_ASSIGNED_CONTEXT ( ( #6785, #1511, #7680 ) ) REPRESENTATION_CONTEXT ( 'NONE', 'WORKASPACE' ) );
#817 = UNCERTAINTY_MEASURE_WITH_UNIT (LENGTH_MEASURE( 1.000000000000000100E-005 ), #5559, 'distance_accuracy_value', 'NONE');
#818 = FACE_OUTER_BOUND ( 'NONE', #7098, .T. ) ;
#819 = DIRECTION ( 'NONE',  ( 0.0000000000000000000, -1.000000000000000000, -0.0000000000000000000 ) ) ;
#820 = FACE_OUTER_BOUND ( 'NONE', #4863, .T. ) ;
#821 = CARTESIAN_POINT ( 'NONE',  ( 0.07283464566929139000, 0.009842519685039369900, 0.05629921259842520600 ) ) ;
#822 = PRESENTATION_LAYER_ASSIGNMENT (  '', '', ( #11007 ) ) ;
#823 = STYLED_ITEM ( 'NONE', ( #9728 ), #5442 ) ;
#824 =( NAMED_UNIT ( * ) SI_UNIT ( $, .STERADIAN. ) SOLID_ANGLE_UNIT ( ) );
#825 = LINE ( 'NONE', #2312, #7841 ) ;
#826 =( CONVERSION_BASED_UNIT ( 'INCH', #10384 ) LENGTH_UNIT ( ) NAMED_UNIT ( #4899 ) );
#827 = PRESENTATION_STYLE_ASSIGNMENT (( #3237 ) ) ;
#828 = SURFACE_SIDE_STYLE ('',( #3479 ) ) ;
#829 = DIRECTION ( 'NONE',  ( 0.0000000000000000000, -1.000000000000000000, 0.0000000000000000000 ) ) ;
#830 = SURFACE_SIDE_STYLE ('',( #5001 ) ) ;
#831 = ORIENTED_EDGE ( 'NONE', *, *, #5040, .F. ) ;
#832 = COLOUR_RGB ( '',0.9686274509803921600, 0.8784313725490196000, 0.5999999999999999800 ) ;
#833 = LINE ( 'NONE', #1229, #2887 ) ;
#834 = DIMENSIONAL_EXPONENTS ( 1.000000000000000000, 0.0000000000000000000, 0.0000000000000000000, 0.0000000000000000000, 0.0000000000000000000, 0.0000000000000000000, 0.0000000000000000000 ) ;
#835 = VECTOR ( 'NONE', #10264, 39.37007874015748100 ) ;
#836 = PLANE ( 'NONE',  #297 ) ;
#837 = FACE_OUTER_BOUND ( 'NONE', #6372, .T. ) ;
#838 = VECTOR ( 'NONE', #4755, 39.37007874015748100 ) ;
#839 = EDGE_CURVE ( 'NONE', #5925, #5295, #3913, .T. ) ;
#840 = ORIENTED_EDGE ( 'NONE', *, *, #2520, .T. ) ;
#841 =( LENGTH_UNIT ( ) NAMED_UNIT ( * ) SI_UNIT ( $, .METRE. ) );
#842 = EDGE_CURVE ( 'NONE', #1579, #1679, #6243, .T. ) ;
#843 = LINE ( 'NONE', #2424, #3189 ) ;
#844 = UNCERTAINTY_MEASURE_WITH_UNIT (LENGTH_MEASURE( 1.000000000000000100E-005 ), #3563, 'distance_accuracy_value', 'NONE');
#845 = STYLED_ITEM ( 'NONE', ( #4021 ), #8056 ) ;
#846 =( CONVERSION_BASED_UNIT ( 'INCH', #4455 ) LENGTH_UNIT ( ) NAMED_UNIT ( #637 ) );
#847 =( NAMED_UNIT ( * ) PLANE_ANGLE_UNIT ( ) SI_UNIT ( $, .RADIAN. ) );
#848 = ORIENTED_EDGE ( 'NONE', *, *, #8064, .T. ) ;
#849 =( LENGTH_UNIT ( ) NAMED_UNIT ( * ) SI_UNIT ( $, .METRE. ) );
#850 = ORIENTED_EDGE ( 'NONE', *, *, #1878, .F. ) ;
#851 =( NAMED_UNIT ( * ) SI_UNIT ( $, .STERADIAN. ) SOLID_ANGLE_UNIT ( ) );
#852 = CARTESIAN_POINT ( 'NONE',  ( -0.03070866141732283800, 0.009842519685039369900, -0.06889763779527555100 ) ) ;
#853 = LINE ( 'NONE', #5135, #3196 ) ;
#854 = VECTOR ( 'NONE', #5282, 39.37007874015748100 ) ;
#855 = VERTEX_POINT ( 'NONE', #11193 ) ;
#856 = DIMENSIONAL_EXPONENTS ( 1.000000000000000000, 0.0000000000000000000, 0.0000000000000000000, 0.0000000000000000000, 0.0000000000000000000, 0.0000000000000000000, 0.0000000000000000000 ) ;
#857 = VERTEX_POINT ( 'NONE', #1621 ) ;
#858 =( LENGTH_UNIT ( ) NAMED_UNIT ( * ) SI_UNIT ( $, .METRE. ) );
#859 = FILL_AREA_STYLE ('',( #11332 ) ) ;
#860 = ORIENTED_EDGE ( 'NONE', *, *, #8421, .T. ) ;
#861 = CARTESIAN_POINT ( 'NONE',  ( 0.0000000000000000000, 0.009842519685039369900, 0.0000000000000000000 ) ) ;
#862 = LENGTH_MEASURE_WITH_UNIT ( LENGTH_MEASURE( 0.02539999999999999900 ), #5296 );
#863 = STYLED_ITEM ( 'NONE', ( #4599 ), #9158 ) ;
#864 = DIMENSIONAL_EXPONENTS ( 1.000000000000000000, 0.0000000000000000000, 0.0000000000000000000, 0.0000000000000000000, 0.0000000000000000000, 0.0000000000000000000, 0.0000000000000000000 ) ;
#865 = LINE ( 'NONE', #6776, #5271 ) ;
#866 = VECTOR ( 'NONE', #1394, 39.37007874015748100 ) ;
#867 = SURFACE_STYLE_FILL_AREA ( #5010 ) ;
#868 = CARTESIAN_POINT ( 'NONE',  ( -0.07874015748031496000, 0.0000000000000000000, -0.07480314960629917700 ) ) ;
#869 = ADVANCED_FACE ( 'NONE', ( #8583 ), #11225, .F. ) ;
#870 = ORIENTED_EDGE ( 'NONE', *, *, #8114, .F. ) ;
#871 =( NAMED_UNIT ( * ) SI_UNIT ( $, .STERADIAN. ) SOLID_ANGLE_UNIT ( ) );
#872 = PRESENTATION_LAYER_ASSIGNMENT (  '', '', ( #284 ) ) ;
#873 = VERTEX_POINT ( 'NONE', #11123 ) ;
#874 = STYLED_ITEM ( 'NONE', ( #3000 ), #3868 ) ;
#875 = VERTEX_POINT ( 'NONE', #8469 ) ;
#876 =( NAMED_UNIT ( * ) SI_UNIT ( $, .STERADIAN. ) SOLID_ANGLE_UNIT ( ) );
#877 = LENGTH_MEASURE_WITH_UNIT ( LENGTH_MEASURE( 0.02539999999999999900 ), #5587 );
#878 = LENGTH_MEASURE_WITH_UNIT ( LENGTH_MEASURE( 0.02539999999999999900 ), #4661 );
#879 = SURFACE_STYLE_FILL_AREA ( #8348 ) ;
#880 = VECTOR ( 'NONE', #5303, 39.37007874015748100 ) ;
#881 = UNCERTAINTY_MEASURE_WITH_UNIT (LENGTH_MEASURE( 1.000000000000000100E-005 ), #8255, 'distance_accuracy_value', 'NONE');
#882 = ORIENTED_EDGE ( 'NONE', *, *, #9581, .F. ) ;
#883 = VECTOR ( 'NONE', #4072, 39.37007874015748100 ) ;
#884 = MECHANICAL_DESIGN_GEOMETRIC_PRESENTATION_REPRESENTATION (  '', ( #11063 ), #1466 ) ;
#885 = FILL_AREA_STYLE_COLOUR ( '', #3613 ) ;
#886 = EDGE_LOOP ( 'NONE', ( #8838, #2395, #7847, #9812 ) ) ;
#887 = UNCERTAINTY_MEASURE_WITH_UNIT (LENGTH_MEASURE( 1.000000000000000100E-005 ), #1987, 'distance_accuracy_value', 'NONE');
#888 = PRESENTATION_LAYER_ASSIGNMENT (  '', '', ( #11068 ) ) ;
#889 = CARTESIAN_POINT ( 'NONE',  ( -0.07283464566929134800, 0.0000000000000000000, -0.05629921259842515800 ) ) ;
#890 = LENGTH_MEASURE_WITH_UNIT ( LENGTH_MEASURE( 0.02539999999999999900 ), #3227 );
#891 = VECTOR ( 'NONE', #9112, 39.37007874015748100 ) ;
#892 = AXIS2_PLACEMENT_3D ( 'NONE', #5765, #5650, #5585 ) ;
#893 =( NAMED_UNIT ( * ) SI_UNIT ( $, .STERADIAN. ) SOLID_ANGLE_UNIT ( ) );
#894 = DIRECTION ( 'NONE',  ( 1.000000000000000000, 0.0000000000000000000, -0.0000000000000000000 ) ) ;
#895 = PRESENTATION_LAYER_ASSIGNMENT (  '', '', ( #301 ) ) ;
#896 = LENGTH_MEASURE_WITH_UNIT ( LENGTH_MEASURE( 0.02539999999999999900 ), #2150 );
#897 = ORIENTED_EDGE ( 'NONE', *, *, #6889, .T. ) ;
#898 = CARTESIAN_POINT ( 'NONE',  ( -0.09055118110236218300, -0.02046108103966344500, 0.05629921259842523400 ) ) ;
#899 = SURFACE_STYLE_USAGE ( .BOTH. , #6138 ) ;
#900 = FILL_AREA_STYLE ('',( #1654 ) ) ;
#901 = STYLED_ITEM ( 'NONE', ( #2092 ), #6818 ) ;
#902 =( CONVERSION_BASED_UNIT ( 'INCH', #9225 ) LENGTH_UNIT ( ) NAMED_UNIT ( #5591 ) );
#903 = DIRECTION ( 'NONE',  ( 0.0000000000000000000, 0.0000000000000000000, 1.000000000000000000 ) ) ;
#904 = DIRECTION ( 'NONE',  ( 1.000000000000000000, 0.0000000000000000000, -0.0000000000000000000 ) ) ;
#905 = ORIENTED_EDGE ( 'NONE', *, *, #8550, .T. ) ;
#906 = LINE ( 'NONE', #4512, #633 ) ;
#907 = ORIENTED_EDGE ( 'NONE', *, *, #2650, .T. ) ;
#908 = EDGE_CURVE ( 'NONE', #3750, #9240, #9541, .T. ) ;
#909 = PLANE ( 'NONE',  #240 ) ;
#910 =( NAMED_UNIT ( * ) PLANE_ANGLE_UNIT ( ) SI_UNIT ( $, .RADIAN. ) );
#911 =( CONVERSION_BASED_UNIT ( 'INCH', #7399 ) LENGTH_UNIT ( ) NAMED_UNIT ( #10271 ) );
#912 = COLOUR_RGB ( '',0.9686274509803921600, 0.8784313725490196000, 0.5999999999999999800 ) ;
#913 =( GEOMETRIC_REPRESENTATION_CONTEXT ( 3 ) GLOBAL_UNCERTAINTY_ASSIGNED_CONTEXT ( ( #1756 ) ) GLOBAL_UNIT_ASSIGNED_CONTEXT ( ( #7811, #2531, #8682 ) ) REPRESENTATION_CONTEXT ( 'NONE', 'WORKASPACE' ) );
#914 = VERTEX_POINT ( 'NONE', #7685 ) ;
#915 = FILL_AREA_STYLE_COLOUR ( '', #5682 ) ;
#916 = ADVANCED_FACE ( 'NONE', ( #4875 ), #6835, .F. ) ;
#917 = VECTOR ( 'NONE', #11262, 39.37007874015748100 ) ;
#918 = EDGE_CURVE ( 'NONE', #1597, #1312, #8433, .T. ) ;
#919 = COLOUR_RGB ( '',0.2509803921568627400, 0.2509803921568627400, 0.2509803921568627400 ) ;
#920 = SURFACE_STYLE_USAGE ( .BOTH. , #6157 ) ;
#921 = EDGE_CURVE ( 'NONE', #8687, #2487, #1702, .T. ) ;
#922 = SURFACE_SIDE_STYLE ('',( #6462 ) ) ;
#923 = SURFACE_SIDE_STYLE ('',( #6433 ) ) ;
#924 = STYLED_ITEM ( 'NONE', ( #4460 ), #7660 ) ;
#925 = VERTEX_POINT ( 'NONE', #3293 ) ;
#926 = VERTEX_POINT ( 'NONE', #3224 ) ;
#927 = PRESENTATION_STYLE_ASSIGNMENT (( #3177 ) ) ;
#928 = FILL_AREA_STYLE_COLOUR ( '', #23 ) ;
#929 = DIRECTION ( 'NONE',  ( 0.0000000000000000000, 0.0000000000000000000, -1.000000000000000000 ) ) ;
#930 = COLOUR_RGB ( '',0.2509803921568627400, 0.2509803921568627400, 0.2509803921568627400 ) ;
#931 = UNCERTAINTY_MEASURE_WITH_UNIT (LENGTH_MEASURE( 1.000000000000000100E-005 ), #9666, 'distance_accuracy_value', 'NONE');
#932 =( NAMED_UNIT ( * ) SI_UNIT ( $, .STERADIAN. ) SOLID_ANGLE_UNIT ( ) );
#933 = ADVANCED_FACE ( 'NONE', ( #6092 ), #3259, .F. ) ;
#934 = EDGE_CURVE ( 'NONE', #926, #8173, #2645, .T. ) ;
#935 = COLOUR_RGB ( '',0.2509803921568627400, 0.2509803921568627400, 0.2509803921568627400 ) ;
#936 = DIRECTION ( 'NONE',  ( -0.0000000000000000000, -0.0000000000000000000, -1.000000000000000000 ) ) ;
#937 =( CONVERSION_BASED_UNIT ( 'INCH', #4922 ) LENGTH_UNIT ( ) NAMED_UNIT ( #9828 ) );
#938 = ORIENTED_EDGE ( 'NONE', *, *, #9954, .T. ) ;
#939 = CARTESIAN_POINT ( 'NONE',  ( -0.02047244094488188900, 0.009842519685039369900, -0.06889763779527555100 ) ) ;
#940 = FILL_AREA_STYLE ('',( #4371 ) ) ;
#941 = EDGE_CURVE ( 'NONE', #5333, #109, #5002, .T. ) ;
#942 = DIRECTION ( 'NONE',  ( 0.0000000000000000000, 1.000000000000000000, 0.0000000000000000000 ) ) ;
#943 = MECHANICAL_DESIGN_GEOMETRIC_PRESENTATION_REPRESENTATION (  '', ( #10531 ), #1514 ) ;
#944 = CARTESIAN_POINT ( 'NONE',  ( -0.09055118110236221000, 0.009842519685039369900, 0.02047244094488191700 ) ) ;
#945 = COLOUR_RGB ( '',0.9686274509803921600, 0.8784313725490196000, 0.5999999999999999800 ) ;
#946 = SURFACE_STYLE_USAGE ( .BOTH. , #9752 ) ;
#947 = FILL_AREA_STYLE ('',( #6147 ) ) ;
#948 = DIRECTION ( 'NONE',  ( 0.0000000000000000000, 1.000000000000000000, 0.0000000000000000000 ) ) ;
#949 = PLANE ( 'NONE',  #8737 ) ;
#950 = SURFACE_STYLE_FILL_AREA ( #3110 ) ;
#951 = DIRECTION ( 'NONE',  ( 0.0000000000000000000, -0.0000000000000000000, 1.000000000000000000 ) ) ;
#952 = AXIS2_PLACEMENT_3D ( 'NONE', #10983, #10940, #10905 ) ;
#953 = DIMENSIONAL_EXPONENTS ( 1.000000000000000000, 0.0000000000000000000, 0.0000000000000000000, 0.0000000000000000000, 0.0000000000000000000, 0.0000000000000000000, 0.0000000000000000000 ) ;
#954 = COLOUR_RGB ( '',0.2509803921568627400, 0.2509803921568627400, 0.2509803921568627400 ) ;
#955 = CARTESIAN_POINT ( 'NONE',  ( 0.0000000000000000000, 0.03937007874015748000, 0.08464566929133861300 ) ) ;
#956 =( GEOMETRIC_REPRESENTATION_CONTEXT ( 3 ) GLOBAL_UNCERTAINTY_ASSIGNED_CONTEXT ( ( #4620 ) ) GLOBAL_UNIT_ASSIGNED_CONTEXT ( ( #11252, #6026, #785 ) ) REPRESENTATION_CONTEXT ( 'NONE', 'WORKASPACE' ) );
#957 = UNCERTAINTY_MEASURE_WITH_UNIT (LENGTH_MEASURE( 1.000000000000000100E-005 ), #10933, 'distance_accuracy_value', 'NONE');
#958 = MECHANICAL_DESIGN_GEOMETRIC_PRESENTATION_REPRESENTATION (  '', ( #11142 ), #1533 ) ;
#959 = LENGTH_MEASURE_WITH_UNIT ( LENGTH_MEASURE( 0.02539999999999999900 ), #2394 );
#960 = UNCERTAINTY_MEASURE_WITH_UNIT (LENGTH_MEASURE( 1.000000000000000100E-005 ), #5710, 'distance_accuracy_value', 'NONE');
#961 = PRESENTATION_LAYER_ASSIGNMENT (  '', '', ( #11146 ) ) ;
#962 = LINE ( 'NONE', #1537, #5631 ) ;
#963 = DIRECTION ( 'NONE',  ( 1.000000000000000000, 0.0000000000000000000, -4.818676322157799300E-016 ) ) ;
#964 = PRESENTATION_LAYER_ASSIGNMENT (  '', '', ( #377 ) ) ;
#965 = UNCERTAINTY_MEASURE_WITH_UNIT (LENGTH_MEASURE( 1.000000000000000100E-005 ), #1028, 'distance_accuracy_value', 'NONE');
#966 = COLOUR_RGB ( '',0.9686274509803921600, 0.8784313725490196000, 0.5999999999999999800 ) ;
#967 = ADVANCED_FACE ( 'NONE', ( #335 ), #9393, .F. ) ;
#968 = FILL_AREA_STYLE_COLOUR ( '', #2884 ) ;
#969 = SURFACE_SIDE_STYLE ('',( #8089 ) ) ;
#970 = ORIENTED_EDGE ( 'NONE', *, *, #5283, .T. ) ;
#971 =( LENGTH_UNIT ( ) NAMED_UNIT ( * ) SI_UNIT ( $, .METRE. ) );
#972 = PRESENTATION_LAYER_ASSIGNMENT (  '', '', ( #11153 ) ) ;
#973 = CARTESIAN_POINT ( 'NONE',  ( -0.005118110236220475000, -0.02046108103966344500, -0.08661417322834641400 ) ) ;
#974 = DIRECTION ( 'NONE',  ( 0.0000000000000000000, 0.0000000000000000000, 1.000000000000000000 ) ) ;
#975 = PRESENTATION_STYLE_ASSIGNMENT (( #9224 ) ) ;
#976 = PRESENTATION_STYLE_ASSIGNMENT (( #10091 ) ) ;
#977 = DIRECTION ( 'NONE',  ( 0.0000000000000000000, 0.0000000000000000000, -1.000000000000000000 ) ) ;
#978 = AXIS2_PLACEMENT_3D ( 'NONE', #10620, #5403, #139 ) ;
#979 = PRESENTATION_STYLE_ASSIGNMENT (( #1876 ) ) ;
#980 = FILL_AREA_STYLE_COLOUR ( '', #6872 ) ;
#981 =( GEOMETRIC_REPRESENTATION_CONTEXT ( 3 ) GLOBAL_UNCERTAINTY_ASSIGNED_CONTEXT ( ( #5410 ) ) GLOBAL_UNIT_ASSIGNED_CONTEXT ( ( #9502, #9458, #9432 ) ) REPRESENTATION_CONTEXT ( 'NONE', 'WORKASPACE' ) );
#982 = DIMENSIONAL_EXPONENTS ( 1.000000000000000000, 0.0000000000000000000, 0.0000000000000000000, 0.0000000000000000000, 0.0000000000000000000, 0.0000000000000000000, 0.0000000000000000000 ) ;
#983 = ORIENTED_EDGE ( 'NONE', *, *, #2303, .T. ) ;
#984 = CARTESIAN_POINT ( 'NONE',  ( -0.005118110236220475000, -0.02046108103966344500, 0.08661417322834648300 ) ) ;
#985 =( NAMED_UNIT ( * ) PLANE_ANGLE_UNIT ( ) SI_UNIT ( $, .RADIAN. ) );
#986 =( GEOMETRIC_REPRESENTATION_CONTEXT ( 3 ) GLOBAL_UNCERTAINTY_ASSIGNED_CONTEXT ( ( #9117 ) ) GLOBAL_UNIT_ASSIGNED_CONTEXT ( ( #3675, #9822, #4573 ) ) REPRESENTATION_CONTEXT ( 'NONE', 'WORKASPACE' ) );
#987 = LINE ( 'NONE', #8130, #5646 ) ;
#988 = DIRECTION ( 'NONE',  ( 1.000000000000000000, 0.0000000000000000000, -0.0000000000000000000 ) ) ;
#989 = EDGE_CURVE ( 'NONE', #3881, #1078, #1560, .T. ) ;
#990 = DIMENSIONAL_EXPONENTS ( 1.000000000000000000, 0.0000000000000000000, 0.0000000000000000000, 0.0000000000000000000, 0.0000000000000000000, 0.0000000000000000000, 0.0000000000000000000 ) ;
#991 = CARTESIAN_POINT ( 'NONE',  ( -0.07874015748031496000, 0.009842519685039369900, -0.06692913385826765300 ) ) ;
#992 = FACE_OUTER_BOUND ( 'NONE', #3637, .T. ) ;
#993 = LENGTH_MEASURE_WITH_UNIT ( LENGTH_MEASURE( 0.02539999999999999900 ), #6593 );
#994 = DIRECTION ( 'NONE',  ( 0.0000000000000000000, -1.000000000000000000, 0.0000000000000000000 ) ) ;
#995 = ADVANCED_FACE ( 'NONE', ( #8287 ), #11133, .F. ) ;
#996 = FACE_OUTER_BOUND ( 'NONE', #9006, .T. ) ;
#997 = SURFACE_STYLE_FILL_AREA ( #6364 ) ;
#998 = EDGE_LOOP ( 'NONE', ( #9495, #10218, #2252, #8663 ) ) ;
#999 = SURFACE_STYLE_USAGE ( .BOTH. , #6245 ) ;
#1000 = VERTEX_POINT ( 'NONE', #5863 ) ;
#1001 = FACE_OUTER_BOUND ( 'NONE', #559, .T. ) ;
#1002 =( NAMED_UNIT ( * ) SI_UNIT ( $, .STERADIAN. ) SOLID_ANGLE_UNIT ( ) );
#1003 = FILL_AREA_STYLE_COLOUR ( '', #3699 ) ;
#1004 = COLOUR_RGB ( '',0.2509803921568627400, 0.2509803921568627400, 0.2509803921568627400 ) ;
#1005 = MANIFOLD_SOLID_BREP ( 'Boss-Extrude2[10]', #10066 ) ;
#1006 =( CONVERSION_BASED_UNIT ( 'INCH', #6854 ) LENGTH_UNIT ( ) NAMED_UNIT ( #10158 ) );
#1007 = EDGE_CURVE ( 'NONE', #10016, #2138, #2788, .T. ) ;
#1008 = VERTEX_POINT ( 'NONE', #7547 ) ;
#1009 = FILL_AREA_STYLE ('',( #4488 ) ) ;
#1010 = FILL_AREA_STYLE ('',( #2710 ) ) ;
#1011 = ORIENTED_EDGE ( 'NONE', *, *, #6293, .F. ) ;
#1012 = EDGE_CURVE ( 'NONE', #5157, #11020, #8418, .T. ) ;
#1013 = MECHANICAL_DESIGN_GEOMETRIC_PRESENTATION_REPRESENTATION (  '', ( #10598 ), #1594 ) ;
#1014 = EDGE_LOOP ( 'NONE', ( #7807, #3251, #5794, #9252 ) ) ;
#1015 = CARTESIAN_POINT ( 'NONE',  ( 0.0000000000000000000, 0.009842519685039369900, 0.0000000000000000000 ) ) ;
#1016 = SURFACE_STYLE_USAGE ( .BOTH. , #1054 ) ;
#1017 = DIRECTION ( 'NONE',  ( 4.818676322157799300E-016, 0.0000000000000000000, -1.000000000000000000 ) ) ;
#1018 = SURFACE_SIDE_STYLE ('',( #2052 ) ) ;
#1019 = ORIENTED_EDGE ( 'NONE', *, *, #685, .F. ) ;
#1020 = CARTESIAN_POINT ( 'NONE',  ( 0.09055118110236225200, 0.0000000000000000000, 0.04606299212598425500 ) ) ;
#1021 = ORIENTED_EDGE ( 'NONE', *, *, #101, .T. ) ;
#1022 = CARTESIAN_POINT ( 'NONE',  ( 0.0000000000000000000, 0.0000000000000000000, 0.08858267716535438200 ) ) ;
#1023 = SURFACE_STYLE_FILL_AREA ( #1317 ) ;
#1024 = LENGTH_MEASURE_WITH_UNIT ( LENGTH_MEASURE( 0.02539999999999999900 ), #10975 );
#1025 = SURFACE_STYLE_FILL_AREA ( #3058 ) ;
#1026 = FACE_OUTER_BOUND ( 'NONE', #2478, .T. ) ;
#1027 = CARTESIAN_POINT ( 'NONE',  ( -0.07283464566929133400, 0.0000000000000000000, 0.02047244094488192400 ) ) ;
#1028 =( CONVERSION_BASED_UNIT ( 'INCH', #5540 ) LENGTH_UNIT ( ) NAMED_UNIT ( #7894 ) );
#1029 = DIRECTION ( 'NONE',  ( -0.0000000000000000000, -1.000000000000000000, -0.0000000000000000000 ) ) ;
#1030 = SURFACE_SIDE_STYLE ('',( #9832 ) ) ;
#1031 = ORIENTED_EDGE ( 'NONE', *, *, #11084, .F. ) ;
#1032 = ORIENTED_EDGE ( 'NONE', *, *, #1433, .T. ) ;
#1033 = DIRECTION ( 'NONE',  ( 0.0000000000000000000, 0.0000000000000000000, 1.000000000000000000 ) ) ;
#1034 = ORIENTED_EDGE ( 'NONE', *, *, #4833, .T. ) ;
#1035 = ADVANCED_FACE ( 'NONE', ( #3743 ), #5841, .F. ) ;
#1036 = LENGTH_MEASURE_WITH_UNIT ( LENGTH_MEASURE( 0.02539999999999999900 ), #9802 );
#1037 = DIRECTION ( 'NONE',  ( -0.0000000000000000000, -1.000000000000000000, -0.0000000000000000000 ) ) ;
#1038 = ORIENTED_EDGE ( 'NONE', *, *, #3863, .T. ) ;
#1039 = LINE ( 'NONE', #6571, #5438 ) ;
#1040 = PRESENTATION_LAYER_ASSIGNMENT (  '', '', ( #11202 ) ) ;
#1041 = FILL_AREA_STYLE ('',( #1073 ) ) ;
#1042 = FILL_AREA_STYLE ('',( #1003 ) ) ;
#1043 = CARTESIAN_POINT ( 'NONE',  ( 0.04606299212598425500, 0.0000000000000000000, -0.06889763779527555100 ) ) ;
#1044 = VERTEX_POINT ( 'NONE', #6129 ) ;
#1045 = UNCERTAINTY_MEASURE_WITH_UNIT (LENGTH_MEASURE( 1.000000000000000100E-005 ), #8628, 'distance_accuracy_value', 'NONE');
#1046 = ORIENTED_EDGE ( 'NONE', *, *, #1939, .T. ) ;
#1047 = PRESENTATION_LAYER_ASSIGNMENT (  '', '', ( #11207 ) ) ;
#1048 = CARTESIAN_POINT ( 'NONE',  ( -0.04606299212598425500, 0.009842519685039369900, -0.08661417322834641400 ) ) ;
#1049 = LINE ( 'NONE', #6817, #770 ) ;
#1050 = VERTEX_POINT ( 'NONE', #3269 ) ;
#1051 = AXIS2_PLACEMENT_3D ( 'NONE', #10069, #4828, #10922 ) ;
#1052 = ADVANCED_FACE ( 'NONE', ( #7342 ), #4030, .F. ) ;
#1053 = DIRECTION ( 'NONE',  ( -1.000000000000000000, 0.0000000000000000000, -0.0000000000000000000 ) ) ;
#1054 = SURFACE_SIDE_STYLE ('',( #5748 ) ) ;
#1055 = DIRECTION ( 'NONE',  ( 1.000000000000000000, -0.0000000000000000000, 4.818676322157799300E-016 ) ) ;
#1056 = ORIENTED_EDGE ( 'NONE', *, *, #5565, .F. ) ;
#1057 =( CONVERSION_BASED_UNIT ( 'INCH', #6907 ) LENGTH_UNIT ( ) NAMED_UNIT ( #10826 ) );
#1058 = PRESENTATION_LAYER_ASSIGNMENT (  '', '', ( #11221 ) ) ;
#1059 =( LENGTH_UNIT ( ) NAMED_UNIT ( * ) SI_UNIT ( $, .METRE. ) );
#1060 = ORIENTED_EDGE ( 'NONE', *, *, #9214, .T. ) ;
#1061 = CARTESIAN_POINT ( 'NONE',  ( -0.02047244094488189300, 0.0000000000000000000, 0.06889763779527562100 ) ) ;
#1062 = CARTESIAN_POINT ( 'NONE',  ( 0.04606299212598425500, -0.02046108103966344500, 0.06889763779527562100 ) ) ;
#1063 =( LENGTH_UNIT ( ) NAMED_UNIT ( * ) SI_UNIT ( $, .METRE. ) );
#1064 = FILL_AREA_STYLE ('',( #180 ) ) ;
#1065 = LINE ( 'NONE', #6788, #5733 ) ;
#1066 = STYLED_ITEM ( 'NONE', ( #10452 ), #8232 ) ;
#1067 = VECTOR ( 'NONE', #8890, 39.37007874015748100 ) ;
#1068 = CARTESIAN_POINT ( 'NONE',  ( 0.09055118110236223800, 0.009842519685039369900, -0.005118110236220472400 ) ) ;
#1069 = CARTESIAN_POINT ( 'NONE',  ( 0.005118110236220471500, -0.02046108103966344500, 0.08661417322834648300 ) ) ;
#1070 = EDGE_LOOP ( 'NONE', ( #7220, #850, #10090, #2671 ) ) ;
#1071 = EDGE_CURVE ( 'NONE', #8577, #4996, #9652, .T. ) ;
#1072 = PRESENTATION_STYLE_ASSIGNMENT (( #1331 ) ) ;
#1073 = FILL_AREA_STYLE_COLOUR ( '', #3871 ) ;
#1074 = EDGE_CURVE ( 'NONE', #3049, #11020, #10849, .T. ) ;
#1075 =( NAMED_UNIT ( * ) PLANE_ANGLE_UNIT ( ) SI_UNIT ( $, .RADIAN. ) );
#1076 = MECHANICAL_DESIGN_GEOMETRIC_PRESENTATION_REPRESENTATION (  '', ( #10667 ), #1645 ) ;
#1077 = LINE ( 'NONE', #1534, #3135 ) ;
#1078 = VERTEX_POINT ( 'NONE', #513 ) ;
#1079 = CARTESIAN_POINT ( 'NONE',  ( -0.05629921259842520000, 0.009842519685039369900, -0.06889763779527555100 ) ) ;
#1080 = LENGTH_MEASURE_WITH_UNIT ( LENGTH_MEASURE( 0.02539999999999999900 ), #198 );
#1081 = ADVANCED_FACE ( 'NONE', ( #1543 ), #9407, .F. ) ;
#1082 = DIRECTION ( 'NONE',  ( 0.0000000000000000000, 1.000000000000000000, 0.0000000000000000000 ) ) ;
#1083 = CARTESIAN_POINT ( 'NONE',  ( 0.03070866141732283800, 0.009842519685039369900, -0.06889763779527555100 ) ) ;
#1084 = FILL_AREA_STYLE ('',( #1434 ) ) ;
#1085 = CARTESIAN_POINT ( 'NONE',  ( 0.04606299212598424800, -0.02046108103966344500, 0.08661417322834648300 ) ) ;
#1086 = FILL_AREA_STYLE ('',( #169 ) ) ;
#1087 = DIRECTION ( 'NONE',  ( -0.0000000000000000000, 0.0000000000000000000, -1.000000000000000000 ) ) ;
#1088 = EDGE_CURVE ( 'NONE', #8577, #5266, #5136, .T. ) ;
#1089 = STYLED_ITEM ( 'NONE', ( #10333 ), #9026 ) ;
#1090 = LINE ( 'NONE', #1117, #3415 ) ;
#1091 = DIMENSIONAL_EXPONENTS ( 1.000000000000000000, 0.0000000000000000000, 0.0000000000000000000, 0.0000000000000000000, 0.0000000000000000000, 0.0000000000000000000, 0.0000000000000000000 ) ;
#1092 = SURFACE_STYLE_FILL_AREA ( #6562 ) ;
#1093 =( NAMED_UNIT ( * ) PLANE_ANGLE_UNIT ( ) SI_UNIT ( $, .RADIAN. ) );
#1094 = FILL_AREA_STYLE ('',( #4590 ) ) ;
#1095 = PLANE ( 'NONE',  #173 ) ;
#1096 = FACE_OUTER_BOUND ( 'NONE', #4734, .T. ) ;
#1097 = DIMENSIONAL_EXPONENTS ( 1.000000000000000000, 0.0000000000000000000, 0.0000000000000000000, 0.0000000000000000000, 0.0000000000000000000, 0.0000000000000000000, 0.0000000000000000000 ) ;
#1098 = DIRECTION ( 'NONE',  ( 1.000000000000000000, 0.0000000000000000000, -0.0000000000000000000 ) ) ;
#1099 = VECTOR ( 'NONE', #10125, 39.37007874015748100 ) ;
#1100 = DIRECTION ( 'NONE',  ( 0.0000000000000000000, 0.0000000000000000000, 1.000000000000000000 ) ) ;
#1101 = FILL_AREA_STYLE ('',( #6351 ) ) ;
#1102 =( GEOMETRIC_REPRESENTATION_CONTEXT ( 3 ) GLOBAL_UNCERTAINTY_ASSIGNED_CONTEXT ( ( #844 ) ) GLOBAL_UNIT_ASSIGNED_CONTEXT ( ( #3563, #4503, #4463 ) ) REPRESENTATION_CONTEXT ( 'NONE', 'WORKASPACE' ) );
#1103 = CARTESIAN_POINT ( 'NONE',  ( 0.005118110236220471500, 0.009842519685039369900, 0.08661417322834648300 ) ) ;
#1104 = SURFACE_STYLE_USAGE ( .BOTH. , #6357 ) ;
#1105 = FILL_AREA_STYLE_COLOUR ( '', #2305 ) ;
#1106 = AXIS2_PLACEMENT_3D ( 'NONE', #9032, #3768, #9891 ) ;
#1107 = VECTOR ( 'NONE', #3818, 39.37007874015748100 ) ;
#1108 = STYLED_ITEM ( 'NONE', ( #9867 ), #2581 ) ;
#1109 = ORIENTED_EDGE ( 'NONE', *, *, #4363, .F. ) ;
#1110 = CARTESIAN_POINT ( 'NONE',  ( 0.07283464566929139000, 0.0000000000000000000, 0.04606299212598425500 ) ) ;
#1111 = LENGTH_MEASURE_WITH_UNIT ( LENGTH_MEASURE( 0.02539999999999999900 ), #2556 );
#1112 = LINE ( 'NONE', #9831, #3174 ) ;
#1114 = DIRECTION ( 'NONE',  ( 0.0000000000000000000, 0.0000000000000000000, -1.000000000000000000 ) ) ;
#1113 = FACE_OUTER_BOUND ( 'NONE', #4219, .T. ) ;
#1115 = SURFACE_STYLE_USAGE ( .BOTH. , #6370 ) ;
#1116 = CARTESIAN_POINT ( 'NONE',  ( 0.02047244094488188600, 0.009842519685039369900, 0.08661417322834648300 ) ) ;
#1117 = CARTESIAN_POINT ( 'NONE',  ( -0.09251968503937005300, 0.03937007874015748000, 0.08858267716535438200 ) ) ;
#1118 = EDGE_LOOP ( 'NONE', ( #3069, #7509, #6772, #470 ) ) ;
#1119 =( LENGTH_UNIT ( ) NAMED_UNIT ( * ) SI_UNIT ( $, .METRE. ) );
#1120 = SURFACE_STYLE_FILL_AREA ( #1272 ) ;
#1121 =( GEOMETRIC_REPRESENTATION_CONTEXT ( 3 ) GLOBAL_UNCERTAINTY_ASSIGNED_CONTEXT ( ( #7902 ) ) GLOBAL_UNIT_ASSIGNED_CONTEXT ( ( #2308, #8452, #3200 ) ) REPRESENTATION_CONTEXT ( 'NONE', 'WORKASPACE' ) );
#1122 = MECHANICAL_DESIGN_GEOMETRIC_PRESENTATION_REPRESENTATION (  '', ( #10720 ), #1710 ) ;
#1123 = LINE ( 'NONE', #6876, #7863 ) ;
#1124 = CARTESIAN_POINT ( 'NONE',  ( -0.04606299212598425500, -0.02046108103966344500, 0.06889763779527562100 ) ) ;
#1125 = DIRECTION ( 'NONE',  ( 0.0000000000000000000, 0.0000000000000000000, 1.000000000000000000 ) ) ;
#1126 =( CONVERSION_BASED_UNIT ( 'INCH', #7490 ) LENGTH_UNIT ( ) NAMED_UNIT ( #11275 ) );
#1127 = ORIENTED_EDGE ( 'NONE', *, *, #45, .F. ) ;
#1128 = EDGE_CURVE ( 'NONE', #1798, #252, #9773, .T. ) ;
#1129 = VERTEX_POINT ( 'NONE', #10097 ) ;
#1130 = CARTESIAN_POINT ( 'NONE',  ( 0.0000000000000000000, 0.009842519685039369900, -0.03070866141732280000 ) ) ;
#1131 = EDGE_CURVE ( 'NONE', #10821, #1826, #7188, .T. ) ;
#1132 = VECTOR ( 'NONE', #2538, 39.37007874015748100 ) ;
#1133 = SURFACE_STYLE_FILL_AREA ( #2249 ) ;
#1134 = DIRECTION ( 'NONE',  ( -1.000000000000000000, -0.0000000000000000000, 0.0000000000000000000 ) ) ;
#1135 = ORIENTED_EDGE ( 'NONE', *, *, #11168, .T. ) ;
#1136 = ADVANCED_FACE ( 'NONE', ( #7475 ), #6707, .F. ) ;
#1137 = CARTESIAN_POINT ( 'NONE',  ( 0.07283464566929137600, 0.009842519685039369900, -0.05629921259842520000 ) ) ;
#1138 = ORIENTED_EDGE ( 'NONE', *, *, #7033, .T. ) ;
#1139 = EDGE_LOOP ( 'NONE', ( #10974, #10357, #4840, #6782 ) ) ;
#1140 = SURFACE_STYLE_USAGE ( .BOTH. , #6397 ) ;
#1141 = LINE ( 'NONE', #6974, #5550 ) ;
#1142 = LENGTH_MEASURE_WITH_UNIT ( LENGTH_MEASURE( 0.02539999999999999900 ), #5036 );
#1143 =( CONVERSION_BASED_UNIT ( 'INCH', #8765 ) LENGTH_UNIT ( ) NAMED_UNIT ( #1424 ) );
#1144 = LINE ( 'NONE', #6676, #3210 ) ;
#1145 = ORIENTED_EDGE ( 'NONE', *, *, #123, .F. ) ;
#1146 = EDGE_CURVE ( 'NONE', #9910, #5305, #10704, .T. ) ;
#1147 =( NAMED_UNIT ( * ) PLANE_ANGLE_UNIT ( ) SI_UNIT ( $, .RADIAN. ) );
#1148 = VERTEX_POINT ( 'NONE', #4963 ) ;
#1149 = EDGE_CURVE ( 'NONE', #5154, #2519, #1402, .T. ) ;
#1150 = VERTEX_POINT ( 'NONE', #4852 ) ;
#1151 = PRESENTATION_STYLE_ASSIGNMENT (( #8701 ) ) ;
#1152 = PRESENTATION_LAYER_ASSIGNMENT (  '', '', ( #11329 ) ) ;
#1153 = CARTESIAN_POINT ( 'NONE',  ( 0.09055118110236223800, -0.02046108103966344500, 0.03070866141732283800 ) ) ;
#1154 = CARTESIAN_POINT ( 'NONE',  ( -0.07283464566929133400, -0.02046108103966344500, 0.03070866141732286900 ) ) ;
#1155 = DIRECTION ( 'NONE',  ( -0.0000000000000000000, -1.000000000000000000, -0.0000000000000000000 ) ) ;
#1156 = CARTESIAN_POINT ( 'NONE',  ( 0.07283464566929137600, 0.009842519685039369900, -0.03070866141732283800 ) ) ;
#1157 = PRESENTATION_STYLE_ASSIGNMENT (( #9226 ) ) ;
#1158 = ORIENTED_EDGE ( 'NONE', *, *, #5037, .T. ) ;
#1159 =( NAMED_UNIT ( * ) SI_UNIT ( $, .STERADIAN. ) SOLID_ANGLE_UNIT ( ) );
#1160 = CARTESIAN_POINT ( 'NONE',  ( -0.04606299212598425500, 0.0000000000000000000, 0.06889763779527562100 ) ) ;
#1161 = FILL_AREA_STYLE_COLOUR ( '', #7028 ) ;
#1162 = ORIENTED_EDGE ( 'NONE', *, *, #4523, .F. ) ;
#1163 = SURFACE_SIDE_STYLE ('',( #7456 ) ) ;
#1164 = FILL_AREA_STYLE_COLOUR ( '', #8492 ) ;
#1165 =( LENGTH_UNIT ( ) NAMED_UNIT ( * ) SI_UNIT ( $, .METRE. ) );
#1166 = UNCERTAINTY_MEASURE_WITH_UNIT (LENGTH_MEASURE( 1.000000000000000100E-005 ), #2135, 'distance_accuracy_value', 'NONE');
#1167 = ORIENTED_EDGE ( 'NONE', *, *, #5194, .T. ) ;
#1168 = DIRECTION ( 'NONE',  ( 0.0000000000000000000, 0.0000000000000000000, -1.000000000000000000 ) ) ;
#1169 = ORIENTED_EDGE ( 'NONE', *, *, #5623, .F. ) ;
#1170 = COLOUR_RGB ( '',0.9686274509803921600, 0.8784313725490196000, 0.5999999999999999800 ) ;
#1171 = STYLED_ITEM ( 'NONE', ( #5446 ), #189 ) ;
#1172 = DIRECTION ( 'NONE',  ( -1.000000000000000000, -0.0000000000000000000, 0.0000000000000000000 ) ) ;
#1173 = UNCERTAINTY_MEASURE_WITH_UNIT (LENGTH_MEASURE( 1.000000000000000100E-005 ), #2637, 'distance_accuracy_value', 'NONE');
#1174 = CARTESIAN_POINT ( 'NONE',  ( -0.07283464566929133400, 0.009842519685039369900, 0.03070866141732286900 ) ) ;
#1175 = ORIENTED_EDGE ( 'NONE', *, *, #3272, .F. ) ;
#1176 = AXIS2_PLACEMENT_3D ( 'NONE', #9331, #4089, #10213 ) ;
#1177 = PLANE ( 'NONE',  #2291 ) ;
#1178 = STYLED_ITEM ( 'NONE', ( #9208 ), #2110 ) ;
#1179 = ORIENTED_EDGE ( 'NONE', *, *, #3785, .F. ) ;
#1180 = AXIS2_PLACEMENT_3D ( 'NONE', #10277, #5050, #11147 ) ;
#1181 = LINE ( 'NONE', #4039, #3243 ) ;
#1182 = ORIENTED_EDGE ( 'NONE', *, *, #10517, .T. ) ;
#1183 = DIRECTION ( 'NONE',  ( -1.000000000000000000, -0.0000000000000000000, 0.0000000000000000000 ) ) ;
#1184 = CARTESIAN_POINT ( 'NONE',  ( -0.005118110236220475000, 0.0000000000000000000, -0.08661417322834641400 ) ) ;
#1185 = EDGE_LOOP ( 'NONE', ( #4731, #3852, #5690, #2546 ) ) ;
#1186 =( CONVERSION_BASED_UNIT ( 'INCH', #11091 ) LENGTH_UNIT ( ) NAMED_UNIT ( #7788 ) );
#1187 = STYLED_ITEM ( 'NONE', ( #8116 ), #1357 ) ;
#1188 = PLANE ( 'NONE',  #4101 ) ;
#1189 = STYLED_ITEM ( 'NONE', ( #9845 ), #10511 ) ;
#1190 = MECHANICAL_DESIGN_GEOMETRIC_PRESENTATION_REPRESENTATION (  '', ( #10786 ), #1773 ) ;
#1191 = ADVANCED_FACE ( 'NONE', ( #3729 ), #4776, .F. ) ;
#1192 =( GEOMETRIC_REPRESENTATION_CONTEXT ( 3 ) GLOBAL_UNCERTAINTY_ASSIGNED_CONTEXT ( ( #6592 ) ) GLOBAL_UNIT_ASSIGNED_CONTEXT ( ( #7944, #2670, #8827 ) ) REPRESENTATION_CONTEXT ( 'NONE', 'WORKASPACE' ) );
#1193 = VERTEX_POINT ( 'NONE', #4085 ) ;
#1194 =( CONVERSION_BASED_UNIT ( 'INCH', #6608 ) LENGTH_UNIT ( ) NAMED_UNIT ( #4048 ) );
#1195 = CARTESIAN_POINT ( 'NONE',  ( -0.04606299212598425500, 0.009842519685039369900, 0.08661417322834648300 ) ) ;
#1196 = DIRECTION ( 'NONE',  ( -1.000000000000000000, -0.0000000000000000000, 0.0000000000000000000 ) ) ;
#1198 = SURFACE_STYLE_FILL_AREA ( #2292 ) ;
#1197 = AXIS2_PLACEMENT_3D ( 'NONE', #3305, #9441, #4194 ) ;
#1199 = DIMENSIONAL_EXPONENTS ( 1.000000000000000000, 0.0000000000000000000, 0.0000000000000000000, 0.0000000000000000000, 0.0000000000000000000, 0.0000000000000000000, 0.0000000000000000000 ) ;
#1200 = FILL_AREA_STYLE_COLOUR ( '', #7710 ) ;
#1201 = CARTESIAN_POINT ( 'NONE',  ( 0.0000000000000000000, 0.0000000000000000000, -0.06889763779527555100 ) ) ;
#1202 = SURFACE_STYLE_USAGE ( .BOTH. , #1232 ) ;
#1203 =( LENGTH_UNIT ( ) NAMED_UNIT ( * ) SI_UNIT ( $, .METRE. ) );
#1204 = EDGE_LOOP ( 'NONE', ( #9785, #6808, #1570, #8950 ) ) ;
#1205 = FILL_AREA_STYLE ('',( #6459 ) ) ;
#1206 = FACE_OUTER_BOUND ( 'NONE', #2489, .T. ) ;
#1207 = DIMENSIONAL_EXPONENTS ( 1.000000000000000000, 0.0000000000000000000, 0.0000000000000000000, 0.0000000000000000000, 0.0000000000000000000, 0.0000000000000000000, 0.0000000000000000000 ) ;
#1208 = VECTOR ( 'NONE', #296, 39.37007874015748100 ) ;
#1209 =( LENGTH_UNIT ( ) NAMED_UNIT ( * ) SI_UNIT ( $, .METRE. ) );
#1210 = LENGTH_MEASURE_WITH_UNIT ( LENGTH_MEASURE( 0.02539999999999999900 ), #6863 );
#1211 = CARTESIAN_POINT ( 'NONE',  ( 0.07283464566929137600, 0.0000000000000000000, 0.02047244094488188900 ) ) ;
#1212 = EDGE_CURVE ( 'NONE', #2517, #3838, #2616, .T. ) ;
#1213 = LINE ( 'NONE', #3760, #10262 ) ;
#1214 = FILL_AREA_STYLE ('',( #4707 ) ) ;
#1215 = EDGE_CURVE ( 'NONE', #2909, #5864, #4975, .T. ) ;
#1216 = SURFACE_STYLE_USAGE ( .BOTH. , #6479 ) ;
#1217 = DIRECTION ( 'NONE',  ( 0.0000000000000000000, -1.000000000000000000, 0.0000000000000000000 ) ) ;
#1218 = PRESENTATION_LAYER_ASSIGNMENT (  '', '', ( #49 ) ) ;
#1219 =( CONVERSION_BASED_UNIT ( 'INCH', #7430 ) LENGTH_UNIT ( ) NAMED_UNIT ( #3396 ) );
#1220 = PRESENTATION_STYLE_ASSIGNMENT (( #2802 ) ) ;
#1221 = DIRECTION ( 'NONE',  ( 0.0000000000000000000, -1.000000000000000000, 0.0000000000000000000 ) ) ;
#1222 = PLANE ( 'NONE',  #10834 ) ;
#1223 = UNCERTAINTY_MEASURE_WITH_UNIT (LENGTH_MEASURE( 1.000000000000000100E-005 ), #2353, 'distance_accuracy_value', 'NONE');
#1224 = SURFACE_STYLE_FILL_AREA ( #3789 ) ;
#1225 =( NAMED_UNIT ( * ) PLANE_ANGLE_UNIT ( ) SI_UNIT ( $, .RADIAN. ) );
#1226 = LENGTH_MEASURE_WITH_UNIT ( LENGTH_MEASURE( 0.02539999999999999900 ), #6813 );
#1227 =( GEOMETRIC_REPRESENTATION_CONTEXT ( 3 ) GLOBAL_UNCERTAINTY_ASSIGNED_CONTEXT ( ( #5477 ) ) GLOBAL_UNIT_ASSIGNED_CONTEXT ( ( #4816, #10914, #5712 ) ) REPRESENTATION_CONTEXT ( 'NONE', 'WORKASPACE' ) );
#1228 = UNCERTAINTY_MEASURE_WITH_UNIT (LENGTH_MEASURE( 1.000000000000000100E-005 ), #2605, 'distance_accuracy_value', 'NONE');
#1229 = CARTESIAN_POINT ( 'NONE',  ( 0.0000000000000000000, 0.0000000000000000000, -0.07480314960629917700 ) ) ;
#1230 = VECTOR ( 'NONE', #6565, 39.37007874015748100 ) ;
#1231 = DIRECTION ( 'NONE',  ( 0.0000000000000000000, 0.0000000000000000000, 1.000000000000000000 ) ) ;
#1232 = SURFACE_SIDE_STYLE ('',( #1120 ) ) ;
#1233 = SURFACE_STYLE_USAGE ( .BOTH. , #1274 ) ;
#1234 = EDGE_LOOP ( 'NONE', ( #8060, #3369, #1866, #8300 ) ) ;
#1235 = CARTESIAN_POINT ( 'NONE',  ( -0.09055118110236221000, 0.009842519685039369900, 0.005118110236220508800 ) ) ;
#1236 =( GEOMETRIC_REPRESENTATION_CONTEXT ( 3 ) GLOBAL_UNCERTAINTY_ASSIGNED_CONTEXT ( ( #6953 ) ) GLOBAL_UNIT_ASSIGNED_CONTEXT ( ( #758, #6906, #1629 ) ) REPRESENTATION_CONTEXT ( 'NONE', 'WORKASPACE' ) );
#1237 =( GEOMETRIC_REPRESENTATION_CONTEXT ( 3 ) GLOBAL_UNCERTAINTY_ASSIGNED_CONTEXT ( ( #8984 ) ) GLOBAL_UNIT_ASSIGNED_CONTEXT ( ( #5084, #11288, #742 ) ) REPRESENTATION_CONTEXT ( 'NONE', 'WORKASPACE' ) );
#1238 =( CONVERSION_BASED_UNIT ( 'INCH', #11116 ) LENGTH_UNIT ( ) NAMED_UNIT ( #9693 ) );
#1239 = LENGTH_MEASURE_WITH_UNIT ( LENGTH_MEASURE( 0.02539999999999999900 ), #9550 );
#1240 = VECTOR ( 'NONE', #5381, 39.37007874015748100 ) ;
#1241 = PLANE ( 'NONE',  #9840 ) ;
#1242 =( NAMED_UNIT ( * ) PLANE_ANGLE_UNIT ( ) SI_UNIT ( $, .RADIAN. ) );
#1243 = ADVANCED_FACE ( 'NONE', ( #304 ), #522, .F. ) ;
#1244 = SURFACE_STYLE_USAGE ( .BOTH. , #6519 ) ;
#1245 = ORIENTED_EDGE ( 'NONE', *, *, #8586, .T. ) ;
#1246 = FACE_OUTER_BOUND ( 'NONE', #2230, .T. ) ;
#1247 = CARTESIAN_POINT ( 'NONE',  ( -0.005118110236220473200, 0.0000000000000000000, 0.0000000000000000000 ) ) ;
#1248 = PLANE ( 'NONE',  #5796 ) ;
#1249 = STYLED_ITEM ( 'NONE', ( #3547 ), #10103 ) ;
#1250 =( LENGTH_UNIT ( ) NAMED_UNIT ( * ) SI_UNIT ( $, .METRE. ) );
#1251 =( GEOMETRIC_REPRESENTATION_CONTEXT ( 3 ) GLOBAL_UNCERTAINTY_ASSIGNED_CONTEXT ( ( #7236 ) ) GLOBAL_UNIT_ASSIGNED_CONTEXT ( ( #9830, #1928, #1271 ) ) REPRESENTATION_CONTEXT ( 'NONE', 'WORKASPACE' ) );
#1252 = VECTOR ( 'NONE', #10783, 39.37007874015748100 ) ;
#1253 =( GEOMETRIC_REPRESENTATION_CONTEXT ( 3 ) GLOBAL_UNCERTAINTY_ASSIGNED_CONTEXT ( ( #4200 ) ) GLOBAL_UNIT_ASSIGNED_CONTEXT ( ( #4161, #10276, #5049 ) ) REPRESENTATION_CONTEXT ( 'NONE', 'WORKASPACE' ) );
#1254 = ORIENTED_EDGE ( 'NONE', *, *, #3693, .T. ) ;
#1255 = SURFACE_SIDE_STYLE ('',( #7584 ) ) ;
#1256 = ORIENTED_EDGE ( 'NONE', *, *, #934, .T. ) ;
#1257 = PRESENTATION_LAYER_ASSIGNMENT (  '', '', ( #98 ) ) ;
#1258 = LINE ( 'NONE', #552, #10309 ) ;
#1259 = DIRECTION ( 'NONE',  ( -1.000000000000000000, -0.0000000000000000000, 0.0000000000000000000 ) ) ;
#1260 = VECTOR ( 'NONE', #9376, 39.37007874015748100 ) ;
#1261 =( LENGTH_UNIT ( ) NAMED_UNIT ( * ) SI_UNIT ( $, .METRE. ) );
#1262 = DIRECTION ( 'NONE',  ( 1.000000000000000000, 0.0000000000000000000, -0.0000000000000000000 ) ) ;
#1263 = LENGTH_MEASURE_WITH_UNIT ( LENGTH_MEASURE( 0.02539999999999999900 ), #8968 );
#1264 =( CONVERSION_BASED_UNIT ( 'INCH', #5907 ) LENGTH_UNIT ( ) NAMED_UNIT ( #8416 ) );
#1265 = EDGE_CURVE ( 'NONE', #5848, #8015, #10566, .T. ) ;
#1266 = ORIENTED_EDGE ( 'NONE', *, *, #10676, .F. ) ;
#1267 = PRESENTATION_LAYER_ASSIGNMENT (  '', '', ( #689 ) ) ;
#1268 = ORIENTED_EDGE ( 'NONE', *, *, #2090, .T. ) ;
#1269 =( NAMED_UNIT ( * ) SI_UNIT ( $, .STERADIAN. ) SOLID_ANGLE_UNIT ( ) );
#1270 = COLOUR_RGB ( '',0.2509803921568627400, 0.2509803921568627400, 0.2509803921568627400 ) ;
#1271 =( NAMED_UNIT ( * ) SI_UNIT ( $, .STERADIAN. ) SOLID_ANGLE_UNIT ( ) );
#1272 = FILL_AREA_STYLE ('',( #2045 ) ) ;
#1273 = VERTEX_POINT ( 'NONE', #5709 ) ;
#1274 = SURFACE_SIDE_STYLE ('',( #1023 ) ) ;
#1275 = CARTESIAN_POINT ( 'NONE',  ( -0.07874015748031496000, 0.009842519685039369900, -0.07480314960629917700 ) ) ;
#1276 = EDGE_CURVE ( 'NONE', #1050, #3362, #1258, .T. ) ;
#1277 = ORIENTED_EDGE ( 'NONE', *, *, #2902, .T. ) ;
#1278 = CARTESIAN_POINT ( 'NONE',  ( -0.03070866141732284500, 0.009842519685039369900, -0.08661417322834641400 ) ) ;
#1279 = VERTEX_POINT ( 'NONE', #10910 ) ;
#1280 = FACE_OUTER_BOUND ( 'NONE', #3100, .T. ) ;
#1281 = DIRECTION ( 'NONE',  ( 2.409338161078899700E-016, 0.0000000000000000000, 1.000000000000000000 ) ) ;
#1282 = FILL_AREA_STYLE_COLOUR ( '', #6463 ) ;
#1283 =( NAMED_UNIT ( * ) SI_UNIT ( $, .STERADIAN. ) SOLID_ANGLE_UNIT ( ) );
#1284 = EDGE_CURVE ( 'NONE', #5700, #2400, #3581, .T. ) ;
#1285 = SURFACE_STYLE_FILL_AREA ( #1784 ) ;
#1286 = VECTOR ( 'NONE', #2163, 39.37007874015748100 ) ;
#1287 = PRESENTATION_LAYER_ASSIGNMENT (  '', '', ( #117 ) ) ;
#1288 = DIRECTION ( 'NONE',  ( -0.0000000000000000000, 0.0000000000000000000, -1.000000000000000000 ) ) ;
#1289 = SURFACE_STYLE_FILL_AREA ( #7915 ) ;
#1290 = ORIENTED_EDGE ( 'NONE', *, *, #10380, .T. ) ;
#1291 = DIRECTION ( 'NONE',  ( 1.000000000000000000, -0.0000000000000000000, 0.0000000000000000000 ) ) ;
#1292 = SURFACE_SIDE_STYLE ('',( #1092 ) ) ;
#1293 = EDGE_LOOP ( 'NONE', ( #600, #3136, #8327, #1649 ) ) ;
#1294 = DIRECTION ( 'NONE',  ( -1.000000000000000000, 0.0000000000000000000, -0.0000000000000000000 ) ) ;
#1295 = CLOSED_SHELL ( 'NONE', ( #5790, #4492, #3406, #2328, #5465, #10707 ) ) ;
#1296 = PRESENTATION_STYLE_ASSIGNMENT (( #6837 ) ) ;
#1297 = SURFACE_STYLE_USAGE ( .BOTH. , #1404 ) ;
#1298 = ORIENTED_EDGE ( 'NONE', *, *, #3429, .F. ) ;
#1299 = EDGE_CURVE ( 'NONE', #11035, #6265, #7998, .T. ) ;
#1300 = LINE ( 'NONE', #6657, #10349 ) ;
#1301 = CARTESIAN_POINT ( 'NONE',  ( 0.005118110236220471500, -0.02046108103966344500, -0.08661417322834641400 ) ) ;
#1302 = SURFACE_STYLE_FILL_AREA ( #5121 ) ;
#1303 = ORIENTED_EDGE ( 'NONE', *, *, #1718, .F. ) ;
#1304 = EDGE_CURVE ( 'NONE', #2097, #2477, #3325, .T. ) ;
#1305 = CARTESIAN_POINT ( 'NONE',  ( -0.08543307086614175500, 0.1023622047244094600, 0.08149606299212597300 ) ) ;
#1306 = ORIENTED_EDGE ( 'NONE', *, *, #1954, .F. ) ;
#1307 = ADVANCED_FACE ( 'NONE', ( #1001 ), #10049, .F. ) ;
#1308 = FILL_AREA_STYLE_COLOUR ( '', #10079 ) ;
#1309 = DIRECTION ( 'NONE',  ( -0.0000000000000000000, 0.0000000000000000000, -1.000000000000000000 ) ) ;
#1310 = UNCERTAINTY_MEASURE_WITH_UNIT (LENGTH_MEASURE( 1.000000000000000100E-005 ), #3700, 'distance_accuracy_value', 'NONE');
#1311 = UNCERTAINTY_MEASURE_WITH_UNIT (LENGTH_MEASURE( 1.000000000000000100E-005 ), #4577, 'distance_accuracy_value', 'NONE');
#1312 = VERTEX_POINT ( 'NONE', #10797 ) ;
#1313 = DIMENSIONAL_EXPONENTS ( 1.000000000000000000, 0.0000000000000000000, 0.0000000000000000000, 0.0000000000000000000, 0.0000000000000000000, 0.0000000000000000000, 0.0000000000000000000 ) ;
#1315 = UNCERTAINTY_MEASURE_WITH_UNIT (LENGTH_MEASURE( 1.000000000000000100E-005 ), #3292, 'distance_accuracy_value', 'NONE');
#1314 = DIRECTION ( 'NONE',  ( 0.0000000000000000000, -1.000000000000000000, 0.0000000000000000000 ) ) ;
#1316 = CARTESIAN_POINT ( 'NONE',  ( 0.03070866141732283800, 0.0000000000000000000, 0.0000000000000000000 ) ) ;
#1317 = FILL_AREA_STYLE ('',( #2235 ) ) ;
#1318 = DIRECTION ( 'NONE',  ( 1.000000000000000000, -0.0000000000000000000, 0.0000000000000000000 ) ) ;
#1319 = ORIENTED_EDGE ( 'NONE', *, *, #8421, .F. ) ;
#1320 = DIMENSIONAL_EXPONENTS ( 1.000000000000000000, 0.0000000000000000000, 0.0000000000000000000, 0.0000000000000000000, 0.0000000000000000000, 0.0000000000000000000, 0.0000000000000000000 ) ;
#1321 = MECHANICAL_DESIGN_GEOMETRIC_PRESENTATION_REPRESENTATION (  '', ( #10909 ), #1903 ) ;
#1322 = LINE ( 'NONE', #4770, #8329 ) ;
#1323 = DIRECTION ( 'NONE',  ( -1.000000000000000000, 0.0000000000000000000, 2.409338161078899700E-016 ) ) ;
#1324 = PLANE ( 'NONE',  #1986 ) ;
#1325 = DIRECTION ( 'NONE',  ( 0.7071067811865486800, -0.0000000000000000000, 0.7071067811865463500 ) ) ;
#1326 = STYLED_ITEM ( 'NONE', ( #5250 ), #9701 ) ;
#1327 =( GEOMETRIC_REPRESENTATION_CONTEXT ( 3 ) GLOBAL_UNCERTAINTY_ASSIGNED_CONTEXT ( ( #8483 ) ) GLOBAL_UNIT_ASSIGNED_CONTEXT ( ( #1057, #7200, #1919 ) ) REPRESENTATION_CONTEXT ( 'NONE', 'WORKASPACE' ) );
#1328 =( CONVERSION_BASED_UNIT ( 'INCH', #993 ) LENGTH_UNIT ( ) NAMED_UNIT ( #4424 ) );
#1329 = CARTESIAN_POINT ( 'NONE',  ( 0.02047244094488188600, 0.009842519685039369900, 0.0000000000000000000 ) ) ;
#1330 =( GEOMETRIC_REPRESENTATION_CONTEXT ( 3 ) GLOBAL_UNCERTAINTY_ASSIGNED_CONTEXT ( ( #9317 ) ) GLOBAL_UNIT_ASSIGNED_CONTEXT ( ( #1868, #8013, #2737 ) ) REPRESENTATION_CONTEXT ( 'NONE', 'WORKASPACE' ) );
#1331 = SURFACE_STYLE_USAGE ( .BOTH. , #6595 ) ;
#1332 = COLOUR_RGB ( '',0.2509803921568627400, 0.2509803921568627400, 0.2509803921568627400 ) ;
#1333 = SURFACE_STYLE_USAGE ( .BOTH. , #6598 ) ;
#1334 = ORIENTED_EDGE ( 'NONE', *, *, #8933, .F. ) ;
#1335 =( GEOMETRIC_REPRESENTATION_CONTEXT ( 3 ) GLOBAL_UNCERTAINTY_ASSIGNED_CONTEXT ( ( #7378 ) ) GLOBAL_UNIT_ASSIGNED_CONTEXT ( ( #7962, #7928, #7891 ) ) REPRESENTATION_CONTEXT ( 'NONE', 'WORKASPACE' ) );
#1336 =( LENGTH_UNIT ( ) NAMED_UNIT ( * ) SI_UNIT ( $, .METRE. ) );
#1337 = MECHANICAL_DESIGN_GEOMETRIC_PRESENTATION_REPRESENTATION (  '', ( #10930 ), #1923 ) ;
#1338 = MANIFOLD_SOLID_BREP ( 'Boss-Extrude2[5]', #11090 ) ;
#1339 = PRESENTATION_LAYER_ASSIGNMENT (  '', '', ( #175 ) ) ;
#1340 = CARTESIAN_POINT ( 'NONE',  ( -0.07283464566929134800, -0.02046108103966344500, -0.005118110236220437700 ) ) ;
#1341 = DIRECTION ( 'NONE',  ( -0.0000000000000000000, -0.0000000000000000000, -1.000000000000000000 ) ) ;
#1342 =( LENGTH_UNIT ( ) NAMED_UNIT ( * ) SI_UNIT ( $, .METRE. ) );
#1343 = ORIENTED_EDGE ( 'NONE', *, *, #3829, .T. ) ;
#1344 = EDGE_CURVE ( 'NONE', #5434, #87, #5787, .T. ) ;
#1345 = LENGTH_MEASURE_WITH_UNIT ( LENGTH_MEASURE( 0.02539999999999999900 ), #9180 );
#1346 = EDGE_CURVE ( 'NONE', #8526, #4447, #4561, .T. ) ;
#1347 = CARTESIAN_POINT ( 'NONE',  ( -0.07874015748031496000, -0.01113553986120548400, -0.07480314960629917700 ) ) ;
#1348 =( NAMED_UNIT ( * ) SI_UNIT ( $, .STERADIAN. ) SOLID_ANGLE_UNIT ( ) );
#1349 = SURFACE_STYLE_USAGE ( .BOTH. , #6622 ) ;
#1350 = FACE_OUTER_BOUND ( 'NONE', #7077, .T. ) ;
#1351 = CARTESIAN_POINT ( 'NONE',  ( 0.0000000000000000000, 0.0000000000000000000, -0.08661417322834641400 ) ) ;
#1352 = CARTESIAN_POINT ( 'NONE',  ( -0.02047244094488189300, -0.02046108103966344500, -0.08661417322834641400 ) ) ;
#1353 = DIRECTION ( 'NONE',  ( -1.000000000000000000, 0.0000000000000000000, -0.0000000000000000000 ) ) ;
#1354 = DIRECTION ( 'NONE',  ( -1.668003342285391100E-015, 0.0000000000000000000, -1.000000000000000000 ) ) ;
#1355 = LENGTH_MEASURE_WITH_UNIT ( LENGTH_MEASURE( 0.02539999999999999900 ), #3457 );
#1356 =( NAMED_UNIT ( * ) PLANE_ANGLE_UNIT ( ) SI_UNIT ( $, .RADIAN. ) );
#1357 = ADVANCED_FACE ( 'NONE', ( #5523 ), #2124, .F. ) ;
#1358 = FILL_AREA_STYLE_COLOUR ( '', #6071 ) ;
#1359 = FACE_OUTER_BOUND ( 'NONE', #4546, .T. ) ;
#1360 = LINE ( 'NONE', #5633, #10140 ) ;
#1361 = EDGE_CURVE ( 'NONE', #6742, #4152, #9078, .T. ) ;
#1362 = LINE ( 'NONE', #9704, #5762 ) ;
#1363 = EDGE_CURVE ( 'NONE', #6383, #3072, #30, .T. ) ;
#1364 =( LENGTH_UNIT ( ) NAMED_UNIT ( * ) SI_UNIT ( $, .METRE. ) );
#1365 = AXIS2_PLACEMENT_3D ( 'NONE', #6205, #963, #7113 ) ;
#1366 = CARTESIAN_POINT ( 'NONE',  ( 0.0000000000000000000, 0.03937007874015748000, -0.08464566929133855700 ) ) ;
#1367 = LINE ( 'NONE', #7254, #10410 ) ;
#1368 = SURFACE_STYLE_FILL_AREA ( #1042 ) ;
#1369 = DIRECTION ( 'NONE',  ( 0.0000000000000000000, -0.0000000000000000000, -1.000000000000000000 ) ) ;
#1370 = VECTOR ( 'NONE', #7355, 39.37007874015748100 ) ;
#1371 = UNCERTAINTY_MEASURE_WITH_UNIT (LENGTH_MEASURE( 1.000000000000000100E-005 ), #7593, 'distance_accuracy_value', 'NONE');
#1372 = DIRECTION ( 'NONE',  ( 1.000000000000000000, 0.0000000000000000000, 0.0000000000000000000 ) ) ;
#1373 =( NAMED_UNIT ( * ) PLANE_ANGLE_UNIT ( ) SI_UNIT ( $, .RADIAN. ) );
#1374 = VECTOR ( 'NONE', #3403, 39.37007874015748100 ) ;
#1375 = ORIENTED_EDGE ( 'NONE', *, *, #10159, .T. ) ;
#1376 = DIRECTION ( 'NONE',  ( 1.000000000000000000, 0.0000000000000000000, -0.0000000000000000000 ) ) ;
#1377 = LENGTH_MEASURE_WITH_UNIT ( LENGTH_MEASURE( 0.02539999999999999900 ), #2972 );
#1378 = MECHANICAL_DESIGN_GEOMETRIC_PRESENTATION_REPRESENTATION (  '', ( #10977 ), #1975 ) ;
#1379 = LENGTH_MEASURE_WITH_UNIT ( LENGTH_MEASURE( 0.02539999999999999900 ), #422 );
#1380 = COLOUR_RGB ( '',0.2509803921568627400, 0.2509803921568627400, 0.2509803921568627400 ) ;
#1381 = PLANE ( 'NONE',  #5549 ) ;
#1382 = SURFACE_SIDE_STYLE ('',( #6294 ) ) ;
#1383 = PLANE ( 'NONE',  #7230 ) ;
#1384 = DIRECTION ( 'NONE',  ( 0.0000000000000000000, 1.000000000000000000, 0.0000000000000000000 ) ) ;
#1385 = ORIENTED_EDGE ( 'NONE', *, *, #6523, .F. ) ;
#1386 = CARTESIAN_POINT ( 'NONE',  ( 0.0000000000000000000, 0.0000000000000000000, -0.05629921259842520000 ) ) ;
#1387 = STYLED_ITEM ( 'NONE', ( #4442 ), #4402 ) ;
#1388 = DIRECTION ( 'NONE',  ( 1.000000000000000000, -0.0000000000000000000, 0.0000000000000000000 ) ) ;
#1389 = CARTESIAN_POINT ( 'NONE',  ( -0.09251968503937008100, 0.03937007874015748000, -0.08858267716535429800 ) ) ;
#1390 = CARTESIAN_POINT ( 'NONE',  ( 0.005118110236220471500, 0.009842519685039369900, 0.08661417322834648300 ) ) ;
#1391 = COLOUR_RGB ( '',0.2509803921568627400, 0.2509803921568627400, 0.2509803921568627400 ) ;
#1392 = LENGTH_MEASURE_WITH_UNIT ( LENGTH_MEASURE( 0.02539999999999999900 ), #6857 );
#1393 = DIMENSIONAL_EXPONENTS ( 1.000000000000000000, 0.0000000000000000000, 0.0000000000000000000, 0.0000000000000000000, 0.0000000000000000000, 0.0000000000000000000, 0.0000000000000000000 ) ;
#1394 = DIRECTION ( 'NONE',  ( 0.0000000000000000000, 1.000000000000000000, -0.0000000000000000000 ) ) ;
#1395 = VECTOR ( 'NONE', #7689, 39.37007874015748100 ) ;
#1396 = PRESENTATION_STYLE_ASSIGNMENT (( #8231 ) ) ;
#1397 = VERTEX_POINT ( 'NONE', #9181 ) ;
#1398 =( GEOMETRIC_REPRESENTATION_CONTEXT ( 3 ) GLOBAL_UNCERTAINTY_ASSIGNED_CONTEXT ( ( #4959 ) ) GLOBAL_UNIT_ASSIGNED_CONTEXT ( ( #3204, #3165, #3128 ) ) REPRESENTATION_CONTEXT ( 'NONE', 'WORKASPACE' ) );
#1399 = PLANE ( 'NONE',  #9237 ) ;
#1400 = VERTEX_POINT ( 'NONE', #9949 ) ;
#1401 =( NAMED_UNIT ( * ) SI_UNIT ( $, .STERADIAN. ) SOLID_ANGLE_UNIT ( ) );
#1402 = LINE ( 'NONE', #9988, #10438 ) ;
#1403 = LINE ( 'NONE', #3060, #5801 ) ;
#1404 = SURFACE_SIDE_STYLE ('',( #7015 ) ) ;
#1405 = MECHANICAL_DESIGN_GEOMETRIC_PRESENTATION_REPRESENTATION (  '', ( #11007 ), #1998 ) ;
#1406 = EDGE_LOOP ( 'NONE', ( #10733, #8273, #3474, #10616 ) ) ;
#1407 = SURFACE_STYLE_FILL_AREA ( #1817 ) ;
#1408 = DIRECTION ( 'NONE',  ( 0.0000000000000000000, 0.0000000000000000000, -1.000000000000000000 ) ) ;
#1409 = AXIS2_PLACEMENT_3D ( 'NONE', #4534, #10645, #5436 ) ;
#1410 =( LENGTH_UNIT ( ) NAMED_UNIT ( * ) SI_UNIT ( $, .METRE. ) );
#1411 = ORIENTED_EDGE ( 'NONE', *, *, #2434, .T. ) ;
#1412 = EDGE_LOOP ( 'NONE', ( #3576, #10706, #2267, #2454 ) ) ;
#1413 = STYLED_ITEM ( 'NONE', ( #8657 ), #7193 ) ;
#1414 = FACE_OUTER_BOUND ( 'NONE', #2133, .T. ) ;
#1415 = FILL_AREA_STYLE_COLOUR ( '', #6325 ) ;
#1416 = ADVANCED_FACE ( 'NONE', ( #4686, #11102 ), #9852, .T. ) ;
#1417 =( NAMED_UNIT ( * ) SI_UNIT ( $, .STERADIAN. ) SOLID_ANGLE_UNIT ( ) );
#1418 = SURFACE_STYLE_FILL_AREA ( #1010 ) ;
#1419 = CLOSED_SHELL ( 'NONE', ( #10490, #5685, #2000, #7936, #9930, #8011 ) ) ;
#1420 = DIRECTION ( 'NONE',  ( 1.000000000000000000, 0.0000000000000000000, -0.0000000000000000000 ) ) ;
#1421 = ORIENTED_EDGE ( 'NONE', *, *, #2891, .F. ) ;
#1422 = EDGE_LOOP ( 'NONE', ( #10344, #4095, #1423, #3874 ) ) ;
#1423 = ORIENTED_EDGE ( 'NONE', *, *, #941, .F. ) ;
#1424 = DIMENSIONAL_EXPONENTS ( 1.000000000000000000, 0.0000000000000000000, 0.0000000000000000000, 0.0000000000000000000, 0.0000000000000000000, 0.0000000000000000000, 0.0000000000000000000 ) ;
#1425 = CARTESIAN_POINT ( 'NONE',  ( 0.09055118110236225200, 0.009842519685039369900, 0.04606299212598425500 ) ) ;
#1426 = VECTOR ( 'NONE', #8146, 39.37007874015748100 ) ;
#1427 = COLOUR_RGB ( '',0.2509803921568627400, 0.2509803921568627400, 0.2509803921568627400 ) ;
#1428 = DIRECTION ( 'NONE',  ( 0.0000000000000000000, -0.0000000000000000000, 1.000000000000000000 ) ) ;
#1429 = VECTOR ( 'NONE', #6391, 39.37007874015748100 ) ;
#1430 = SURFACE_STYLE_USAGE ( .BOTH. , #6702 ) ;
#1431 = COLOUR_RGB ( '',0.2509803921568627400, 0.2509803921568627400, 0.2509803921568627400 ) ;
#1432 = VERTEX_POINT ( 'NONE', #6457 ) ;
#1433 = EDGE_CURVE ( 'NONE', #5407, #8383, #7983, .T. ) ;
#1434 = FILL_AREA_STYLE_COLOUR ( '', #9846 ) ;
#1435 = DIMENSIONAL_EXPONENTS ( 1.000000000000000000, 0.0000000000000000000, 0.0000000000000000000, 0.0000000000000000000, 0.0000000000000000000, 0.0000000000000000000, 0.0000000000000000000 ) ;
#1436 = CARTESIAN_POINT ( 'NONE',  ( -0.02047244094488189300, 0.009842519685039369900, -0.08661417322834641400 ) ) ;
#1437 = DIRECTION ( 'NONE',  ( 1.000000000000000000, -0.0000000000000000000, 0.0000000000000000000 ) ) ;
#1438 =( CONVERSION_BASED_UNIT ( 'INCH', #5150 ) LENGTH_UNIT ( ) NAMED_UNIT ( #277 ) );
#1439 = EDGE_CURVE ( 'NONE', #6383, #5749, #987, .T. ) ;
#1440 =( LENGTH_UNIT ( ) NAMED_UNIT ( * ) SI_UNIT ( $, .METRE. ) );
#1441 = ORIENTED_EDGE ( 'NONE', *, *, #9590, .F. ) ;
#1442 = AXIS2_PLACEMENT_3D ( 'NONE', #3545, #9694, #4435 ) ;
#1443 = FILL_AREA_STYLE ('',( #3170 ) ) ;
#1444 = SURFACE_STYLE_FILL_AREA ( #7610 ) ;
#1445 = ORIENTED_EDGE ( 'NONE', *, *, #10577, .T. ) ;
#1446 = VECTOR ( 'NONE', #8610, 39.37007874015748100 ) ;
#1447 = ORIENTED_EDGE ( 'NONE', *, *, #3270, .T. ) ;
#1448 = DIRECTION ( 'NONE',  ( 0.0000000000000000000, -0.0000000000000000000, 1.000000000000000000 ) ) ;
#1449 = FACE_OUTER_BOUND ( 'NONE', #7202, .T. ) ;
#1450 = CARTESIAN_POINT ( 'NONE',  ( -0.07283464566929133400, 0.009842519685039369900, 0.05629921259842523400 ) ) ;
#1451 = DIRECTION ( 'NONE',  ( 2.409338161078899700E-016, 0.0000000000000000000, 1.000000000000000000 ) ) ;
#1452 = DIMENSIONAL_EXPONENTS ( 1.000000000000000000, 0.0000000000000000000, 0.0000000000000000000, 0.0000000000000000000, 0.0000000000000000000, 0.0000000000000000000, 0.0000000000000000000 ) ;
#1453 = FILL_AREA_STYLE ('',( #1600 ) ) ;
#1454 = FILL_AREA_STYLE_COLOUR ( '', #4666 ) ;
#1455 = ORIENTED_EDGE ( 'NONE', *, *, #9726, .F. ) ;
#1456 = CARTESIAN_POINT ( 'NONE',  ( 0.02047244094488188900, 0.009842519685039369900, 0.06889763779527562100 ) ) ;
#1457 = UNCERTAINTY_MEASURE_WITH_UNIT (LENGTH_MEASURE( 1.000000000000000100E-005 ), #10396, 'distance_accuracy_value', 'NONE');
#1458 = AXIS2_PLACEMENT_3D ( 'NONE', #1069, #7224, #1940 ) ;
#1459 = FILL_AREA_STYLE_COLOUR ( '', #9665 ) ;
#1460 = ORIENTED_EDGE ( 'NONE', *, *, #2731, .F. ) ;
#1461 = DIRECTION ( 'NONE',  ( 0.0000000000000000000, 0.0000000000000000000, 1.000000000000000000 ) ) ;
#1462 = MECHANICAL_DESIGN_GEOMETRIC_PRESENTATION_REPRESENTATION (  '', ( #284 ), #2047 ) ;
#1463 = AXIS2_PLACEMENT_3D ( 'NONE', #3870, #3826, #3795 ) ;
#1464 = FILL_AREA_STYLE_COLOUR ( '', #551 ) ;
#1465 = CARTESIAN_POINT ( 'NONE',  ( 0.0000000000000000000, 0.0000000000000000000, -0.08661417322834641400 ) ) ;
#1466 =( GEOMETRIC_REPRESENTATION_CONTEXT ( 3 ) GLOBAL_UNCERTAINTY_ASSIGNED_CONTEXT ( ( #6119 ) ) GLOBAL_UNIT_ASSIGNED_CONTEXT ( ( #10260, #10226, #10146 ) ) REPRESENTATION_CONTEXT ( 'NONE', 'WORKASPACE' ) );
#1467 = PLANE ( 'NONE',  #10858 ) ;
#1468 = DIRECTION ( 'NONE',  ( -1.000000000000000000, -0.0000000000000000000, 0.0000000000000000000 ) ) ;
#1469 = CARTESIAN_POINT ( 'NONE',  ( 0.09055118110236223800, 0.009842519685039369900, -0.005118110236220472400 ) ) ;
#1470 = VECTOR ( 'NONE', #5336, 39.37007874015748100 ) ;
#1471 = ADVANCED_FACE ( 'NONE', ( #5383 ), #7953, .F. ) ;
#1472 = MECHANICAL_DESIGN_GEOMETRIC_PRESENTATION_REPRESENTATION (  '', ( #11068 ), #2060 ) ;
#1473 = CARTESIAN_POINT ( 'NONE',  ( 0.0000000000000000000, 0.009842519685039369900, 0.005118110236220508800 ) ) ;
#1474 = PRESENTATION_LAYER_ASSIGNMENT (  '', '', ( #300 ) ) ;
#1475 = ORIENTED_EDGE ( 'NONE', *, *, #7913, .F. ) ;
#1476 = MECHANICAL_DESIGN_GEOMETRIC_PRESENTATION_REPRESENTATION (  '', ( #301 ), #2065 ) ;
#1477 = DIRECTION ( 'NONE',  ( 0.0000000000000000000, 0.0000000000000000000, -1.000000000000000000 ) ) ;
#1478 = LINE ( 'NONE', #6115, #5870 ) ;
#1479 = SURFACE_STYLE_USAGE ( .BOTH. , #6748 ) ;
#1480 = AXIS2_PLACEMENT_3D ( 'NONE', #5778, #528, #6680 ) ;
#1481 = PLANE ( 'NONE',  #7369 ) ;
#1482 = DIRECTION ( 'NONE',  ( 0.0000000000000000000, 0.0000000000000000000, -1.000000000000000000 ) ) ;
#1483 = PLANE ( 'NONE',  #10332 ) ;
#1484 = VECTOR ( 'NONE', #3676, 39.37007874015748100 ) ;
#1485 = EDGE_CURVE ( 'NONE', #2973, #6347, #8939, .T. ) ;
#1486 = CARTESIAN_POINT ( 'NONE',  ( -0.09055118110236221000, 0.009842519685039369900, 0.0000000000000000000 ) ) ;
#1487 = DIRECTION ( 'NONE',  ( -0.0000000000000000000, -1.000000000000000000, -0.0000000000000000000 ) ) ;
#1488 = CARTESIAN_POINT ( 'NONE',  ( -0.09055118110236221000, -0.02046108103966344500, 0.02047244094488192400 ) ) ;
#1489 = EDGE_CURVE ( 'NONE', #3586, #10964, #11229, .T. ) ;
#1490 = LINE ( 'NONE', #7923, #10527 ) ;
#1491 = EDGE_CURVE ( 'NONE', #9382, #11269, #6613, .T. ) ;
#1492 = CARTESIAN_POINT ( 'NONE',  ( 0.09055118110236223800, 0.009842519685039369900, -0.02047244094488188900 ) ) ;
#1493 = AXIS2_PLACEMENT_3D ( 'NONE', #7351, #2070, #8209 ) ;
#1494 = CARTESIAN_POINT ( 'NONE',  ( -0.03070866141732283800, 0.009842519685039369900, 0.06889763779527562100 ) ) ;
#1495 = DIRECTION ( 'NONE',  ( -0.0000000000000000000, 0.0000000000000000000, 1.000000000000000000 ) ) ;
#1496 = DIRECTION ( 'NONE',  ( -1.000000000000000000, -0.0000000000000000000, -0.0000000000000000000 ) ) ;
#1497 = SURFACE_STYLE_FILL_AREA ( #2366 ) ;
#1498 = SURFACE_SIDE_STYLE ('',( #8705 ) ) ;
#1499 = PLANE ( 'NONE',  #10547 ) ;
#1500 = COLOUR_RGB ( '',0.2509803921568627400, 0.2509803921568627400, 0.2509803921568627400 ) ;
#1501 = DIRECTION ( 'NONE',  ( 0.0000000000000000000, -0.0000000000000000000, -1.000000000000000000 ) ) ;
#1502 = VECTOR ( 'NONE', #1482, 39.37007874015748100 ) ;
#1503 =( CONVERSION_BASED_UNIT ( 'INCH', #5124 ) LENGTH_UNIT ( ) NAMED_UNIT ( #5025 ) );
#1504 =( NAMED_UNIT ( * ) SI_UNIT ( $, .STERADIAN. ) SOLID_ANGLE_UNIT ( ) );
#1505 = EDGE_CURVE ( 'NONE', #9240, #10389, #4266, .T. ) ;
#1506 = EDGE_LOOP ( 'NONE', ( #7191, #8831, #581, #8025 ) ) ;
#1507 = COLOUR_RGB ( '',0.9686274509803921600, 0.8784313725490196000, 0.5999999999999999800 ) ;
#1508 = PRESENTATION_STYLE_ASSIGNMENT (( #7066 ) ) ;
#1509 = EDGE_CURVE ( 'NONE', #7383, #8585, #6321, .T. ) ;
#1510 = LENGTH_MEASURE_WITH_UNIT ( LENGTH_MEASURE( 0.02539999999999999900 ), #10912 );
#1511 =( NAMED_UNIT ( * ) PLANE_ANGLE_UNIT ( ) SI_UNIT ( $, .RADIAN. ) );
#1512 = LENGTH_MEASURE_WITH_UNIT ( LENGTH_MEASURE( 0.02539999999999999900 ), #10047 );
#1513 = FILL_AREA_STYLE_COLOUR ( '', #7800 ) ;
#1514 =( GEOMETRIC_REPRESENTATION_CONTEXT ( 3 ) GLOBAL_UNCERTAINTY_ASSIGNED_CONTEXT ( ( #6950 ) ) GLOBAL_UNIT_ASSIGNED_CONTEXT ( ( #7569, #2296, #8436 ) ) REPRESENTATION_CONTEXT ( 'NONE', 'WORKASPACE' ) );
#1515 = DIRECTION ( 'NONE',  ( -1.000000000000000000, 0.0000000000000000000, -0.0000000000000000000 ) ) ;
#1516 = COLOUR_RGB ( '',0.2509803921568627400, 0.2509803921568627400, 0.2509803921568627400 ) ;
#1517 = DIRECTION ( 'NONE',  ( 1.000000000000000000, 0.0000000000000000000, -0.0000000000000000000 ) ) ;
#1518 = EDGE_LOOP ( 'NONE', ( #6207, #6010, #6121, #4607 ) ) ;
#1519 = SURFACE_SIDE_STYLE ('',( #5238 ) ) ;
#1520 = LINE ( 'NONE', #8213, #3570 ) ;
#1521 = ADVANCED_FACE ( 'NONE', ( #10953 ), #2832, .F. ) ;
#1522 = SURFACE_SIDE_STYLE ('',( #8575 ) ) ;
#1523 = LINE ( 'NONE', #8319, #6192 ) ;
#1524 = LENGTH_MEASURE_WITH_UNIT ( LENGTH_MEASURE( 0.02539999999999999900 ), #10009 );
#1525 = VERTEX_POINT ( 'NONE', #3757 ) ;
#1526 = ORIENTED_EDGE ( 'NONE', *, *, #491, .F. ) ;
#1527 = PRESENTATION_LAYER_ASSIGNMENT (  '', '', ( #366 ) ) ;
#1528 = VECTOR ( 'NONE', #10879, 39.37007874015748100 ) ;
#1529 = VECTOR ( 'NONE', #2567, 39.37007874015748100 ) ;
#1530 = DIMENSIONAL_EXPONENTS ( 1.000000000000000000, 0.0000000000000000000, 0.0000000000000000000, 0.0000000000000000000, 0.0000000000000000000, 0.0000000000000000000, 0.0000000000000000000 ) ;
#1531 =( CONVERSION_BASED_UNIT ( 'INCH', #1226 ) LENGTH_UNIT ( ) NAMED_UNIT ( #2462 ) );
#1532 = PRESENTATION_STYLE_ASSIGNMENT (( #1853 ) ) ;
#1533 =( GEOMETRIC_REPRESENTATION_CONTEXT ( 3 ) GLOBAL_UNCERTAINTY_ASSIGNED_CONTEXT ( ( #10900 ) ) GLOBAL_UNIT_ASSIGNED_CONTEXT ( ( #10111, #10030, #9968 ) ) REPRESENTATION_CONTEXT ( 'NONE', 'WORKASPACE' ) );
#1534 = CARTESIAN_POINT ( 'NONE',  ( -0.09055118110236221000, 0.009842519685039369900, -0.02047244094488185500 ) ) ;
#1535 = MECHANICAL_DESIGN_GEOMETRIC_PRESENTATION_REPRESENTATION (  '', ( #11146 ), #2136 ) ;
#1536 = VERTEX_POINT ( 'NONE', #270 ) ;
#1537 = CARTESIAN_POINT ( 'NONE',  ( 0.0000000000000000000, 0.009842519685039369900, 0.08661417322834648300 ) ) ;
#1538 = ORIENTED_EDGE ( 'NONE', *, *, #4093, .T. ) ;
#1539 = DIRECTION ( 'NONE',  ( -0.0000000000000000000, 0.0000000000000000000, -1.000000000000000000 ) ) ;
#1540 = MECHANICAL_DESIGN_GEOMETRIC_PRESENTATION_REPRESENTATION (  '', ( #377 ), #2140 ) ;
#1541 = PRESENTATION_STYLE_ASSIGNMENT (( #3248 ) ) ;
#1542 =( NAMED_UNIT ( * ) PLANE_ANGLE_UNIT ( ) SI_UNIT ( $, .RADIAN. ) );
#1543 = FACE_OUTER_BOUND ( 'NONE', #5429, .T. ) ;
#1544 = CARTESIAN_POINT ( 'NONE',  ( -0.07874015748031496000, 0.009842519685039369900, -0.07480314960629917700 ) ) ;
#1545 = DIRECTION ( 'NONE',  ( -1.000000000000000000, -0.0000000000000000000, -0.0000000000000000000 ) ) ;
#1546 = PRESENTATION_STYLE_ASSIGNMENT (( #1244 ) ) ;
#1547 = PLANE ( 'NONE',  #5834 ) ;
#1548 = ORIENTED_EDGE ( 'NONE', *, *, #9958, .F. ) ;
#1549 = FACE_OUTER_BOUND ( 'NONE', #725, .T. ) ;
#1550 = MECHANICAL_DESIGN_GEOMETRIC_PRESENTATION_REPRESENTATION (  '', ( #11153 ), #2143 ) ;
#1551 = ORIENTED_EDGE ( 'NONE', *, *, #48, .T. ) ;
#1552 = DIRECTION ( 'NONE',  ( -0.0000000000000000000, 1.000000000000000000, 0.0000000000000000000 ) ) ;
#1553 = ORIENTED_EDGE ( 'NONE', *, *, #4461, .F. ) ;
#1554 = CARTESIAN_POINT ( 'NONE',  ( 0.0000000000000000000, 0.009842519685039369900, 0.0000000000000000000 ) ) ;
#1555 = PRESENTATION_LAYER_ASSIGNMENT (  '', '', ( #383 ) ) ;
#1556 = DIMENSIONAL_EXPONENTS ( 1.000000000000000000, 0.0000000000000000000, 0.0000000000000000000, 0.0000000000000000000, 0.0000000000000000000, 0.0000000000000000000, 0.0000000000000000000 ) ;
#1557 = VECTOR ( 'NONE', #4382, 39.37007874015748100 ) ;
#1558 = STYLED_ITEM ( 'NONE', ( #7442 ), #3406 ) ;
#1559 = CARTESIAN_POINT ( 'NONE',  ( -0.08858267716535431200, 0.03937007874015748000, 0.0000000000000000000 ) ) ;
#1560 = LINE ( 'NONE', #4179, #3894 ) ;
#1561 = DIRECTION ( 'NONE',  ( -1.000000000000000000, 0.0000000000000000000, -0.0000000000000000000 ) ) ;
#1562 =( LENGTH_UNIT ( ) NAMED_UNIT ( * ) SI_UNIT ( $, .METRE. ) );
#1563 = ADVANCED_FACE ( 'NONE', ( #5230 ), #163, .F. ) ;
#1564 = LINE ( 'NONE', #5270, #3899 ) ;
#1565 = ORIENTED_EDGE ( 'NONE', *, *, #10386, .T. ) ;
#1566 = FACE_OUTER_BOUND ( 'NONE', #8552, .T. ) ;
#1567 = EDGE_CURVE ( 'NONE', #529, #10198, #4132, .T. ) ;
#1568 = CARTESIAN_POINT ( 'NONE',  ( -0.07874015748031496000, 0.009842519685039369900, -0.07480314960629917700 ) ) ;
#1569 = VERTEX_POINT ( 'NONE', #7081 ) ;
#1570 = ORIENTED_EDGE ( 'NONE', *, *, #6214, .T. ) ;
#1571 = PLANE ( 'NONE',  #11244 ) ;
#1572 = SURFACE_STYLE_FILL_AREA ( #5933 ) ;
#1573 = FACE_OUTER_BOUND ( 'NONE', #9678, .T. ) ;
#1574 = EDGE_LOOP ( 'NONE', ( #5109, #6394, #6165, #840 ) ) ;
#1575 = SURFACE_STYLE_FILL_AREA ( #11041 ) ;
#1576 = LINE ( 'NONE', #8893, #9405 ) ;
#1577 = CARTESIAN_POINT ( 'NONE',  ( -0.04606299212598425500, 0.009842519685039369900, -0.06889763779527555100 ) ) ;
#1578 = LINE ( 'NONE', #10, #9408 ) ;
#1579 = VERTEX_POINT ( 'NONE', #7245 ) ;
#1580 = FILL_AREA_STYLE_COLOUR ( '', #9464 ) ;
#1581 = ORIENTED_EDGE ( 'NONE', *, *, #9080, .F. ) ;
#1582 =( LENGTH_UNIT ( ) NAMED_UNIT ( * ) SI_UNIT ( $, .METRE. ) );
#1583 = VECTOR ( 'NONE', #9201, 39.37007874015748100 ) ;
#1584 = UNCERTAINTY_MEASURE_WITH_UNIT (LENGTH_MEASURE( 1.000000000000000100E-005 ), #11006, 'distance_accuracy_value', 'NONE');
#1585 = EDGE_CURVE ( 'NONE', #9066, #926, #8516, .T. ) ;
#1586 = ORIENTED_EDGE ( 'NONE', *, *, #6799, .F. ) ;
#1587 = LENGTH_MEASURE_WITH_UNIT ( LENGTH_MEASURE( 0.02539999999999999900 ), #5003 );
#1588 = EDGE_LOOP ( 'NONE', ( #8427, #4868, #2022, #8712 ) ) ;
#1589 = FILL_AREA_STYLE_COLOUR ( '', #7297 ) ;
#1590 = CARTESIAN_POINT ( 'NONE',  ( 0.04606299212598424800, 0.009842519685039369900, -0.08661417322834641400 ) ) ;
#1591 = EDGE_CURVE ( 'NONE', #1397, #6804, #1788, .T. ) ;
#1592 = DIRECTION ( 'NONE',  ( 0.0000000000000000000, 1.000000000000000000, 0.0000000000000000000 ) ) ;
#1593 = DIMENSIONAL_EXPONENTS ( 1.000000000000000000, 0.0000000000000000000, 0.0000000000000000000, 0.0000000000000000000, 0.0000000000000000000, 0.0000000000000000000, 0.0000000000000000000 ) ;
#1594 =( GEOMETRIC_REPRESENTATION_CONTEXT ( 3 ) GLOBAL_UNCERTAINTY_ASSIGNED_CONTEXT ( ( #4542 ) ) GLOBAL_UNIT_ASSIGNED_CONTEXT ( ( #1328, #7498, #2207 ) ) REPRESENTATION_CONTEXT ( 'NONE', 'WORKASPACE' ) );
#1595 =( CONVERSION_BASED_UNIT ( 'INCH', #1392 ) LENGTH_UNIT ( ) NAMED_UNIT ( #652 ) );
#1596 = EDGE_LOOP ( 'NONE', ( #10043, #1167, #4704, #3873 ) ) ;
#1597 = VERTEX_POINT ( 'NONE', #11185 ) ;
#1598 =( CONVERSION_BASED_UNIT ( 'INCH', #1210 ) LENGTH_UNIT ( ) NAMED_UNIT ( #2240 ) );
#1599 = LINE ( 'NONE', #6511, #3936 ) ;
#1600 = FILL_AREA_STYLE_COLOUR ( '', #11 ) ;
#1601 = DIRECTION ( 'NONE',  ( 0.0000000000000000000, 0.0000000000000000000, -1.000000000000000000 ) ) ;
#1602 =( NAMED_UNIT ( * ) SI_UNIT ( $, .STERADIAN. ) SOLID_ANGLE_UNIT ( ) );
#1603 = SURFACE_SIDE_STYLE ('',( #478 ) ) ;
#1604 = CARTESIAN_POINT ( 'NONE',  ( 0.0000000000000000000, 0.0000000000000000000, 0.0000000000000000000 ) ) ;
#1605 = DIRECTION ( 'NONE',  ( -1.000000000000000000, 0.0000000000000000000, -0.0000000000000000000 ) ) ;
#1606 = LENGTH_MEASURE_WITH_UNIT ( LENGTH_MEASURE( 0.02539999999999999900 ), #3568 );
#1607 = VECTOR ( 'NONE', #10653, 39.37007874015748100 ) ;
#1608 =( NAMED_UNIT ( * ) SI_UNIT ( $, .STERADIAN. ) SOLID_ANGLE_UNIT ( ) );
#1609 =( CONVERSION_BASED_UNIT ( 'INCH', #4824 ) LENGTH_UNIT ( ) NAMED_UNIT ( #6513 ) );
#1610 = VERTEX_POINT ( 'NONE', #10680 ) ;
#1611 = STYLED_ITEM ( 'NONE', ( #4225 ), #6212 ) ;
#1612 = MECHANICAL_DESIGN_GEOMETRIC_PRESENTATION_REPRESENTATION (  '', ( #11202 ), #2195 ) ;
#1613 =( NAMED_UNIT ( * ) PLANE_ANGLE_UNIT ( ) SI_UNIT ( $, .RADIAN. ) );
#1614 = FACE_OUTER_BOUND ( 'NONE', #10860, .T. ) ;
#1615 = PLANE ( 'NONE',  #2653 ) ;
#1616 = ADVANCED_FACE ( 'NONE', ( #6461 ), #11151, .F. ) ;
#1617 = VERTEX_POINT ( 'NONE', #9711 ) ;
#1618 = MECHANICAL_DESIGN_GEOMETRIC_PRESENTATION_REPRESENTATION (  '', ( #11207 ), #2205 ) ;
#1619 = PLANE ( 'NONE',  #8230 ) ;
#1620 = LINE ( 'NONE', #5420, #6295 ) ;
#1621 = CARTESIAN_POINT ( 'NONE',  ( -0.005118110236220475000, 0.009842519685039369900, 0.08661417322834648300 ) ) ;
#1622 = PRESENTATION_LAYER_ASSIGNMENT (  '', '', ( #455 ) ) ;
#1623 = DIRECTION ( 'NONE',  ( -0.0000000000000000000, 1.000000000000000000, 0.0000000000000000000 ) ) ;
#1624 = CARTESIAN_POINT ( 'NONE',  ( 0.0000000000000000000, 0.0000000000000000000, -0.06889763779527555100 ) ) ;
#1625 = STYLED_ITEM ( 'NONE', ( #8132 ), #2983 ) ;
#1626 = SURFACE_STYLE_FILL_AREA ( #605 ) ;
#1627 = STYLED_ITEM ( 'NONE', ( #1913 ), #5371 ) ;
#1628 = MECHANICAL_DESIGN_GEOMETRIC_PRESENTATION_REPRESENTATION (  '', ( #11221 ), #2219 ) ;
#1629 =( NAMED_UNIT ( * ) SI_UNIT ( $, .STERADIAN. ) SOLID_ANGLE_UNIT ( ) );
#1630 = LENGTH_MEASURE_WITH_UNIT ( LENGTH_MEASURE( 0.02539999999999999900 ), #2836 );
#1631 =( LENGTH_UNIT ( ) NAMED_UNIT ( * ) SI_UNIT ( $, .METRE. ) );
#1632 = DIRECTION ( 'NONE',  ( 1.000000000000000000, -0.0000000000000000000, 0.0000000000000000000 ) ) ;
#1633 = FILL_AREA_STYLE ('',( #5108 ) ) ;
#1634 = LINE ( 'NONE', #3524, #6021 ) ;
#1635 = CARTESIAN_POINT ( 'NONE',  ( -0.005118110236220475000, 0.009842519685039369900, -0.08661417322834641400 ) ) ;
#1636 = PRESENTATION_LAYER_ASSIGNMENT (  '', '', ( #1066 ) ) ;
#1637 = FACE_OUTER_BOUND ( 'NONE', #8711, .T. ) ;
#1638 =( NAMED_UNIT ( * ) PLANE_ANGLE_UNIT ( ) SI_UNIT ( $, .RADIAN. ) );
#1639 = LENGTH_MEASURE_WITH_UNIT ( LENGTH_MEASURE( 0.02539999999999999900 ), #10981 );
#1640 = CARTESIAN_POINT ( 'NONE',  ( -0.08858267716535432600, 0.03937007874015748000, -0.08464566929133857100 ) ) ;
#1641 = EDGE_CURVE ( 'NONE', #5637, #3028, #3840, .T. ) ;
#1642 = PLANE ( 'NONE',  #4224 ) ;
#1643 = COLOUR_RGB ( '',0.9686274509803921600, 0.8784313725490196000, 0.5999999999999999800 ) ;
#1644 = EDGE_CURVE ( 'NONE', #5018, #2119, #2738, .T. ) ;
#1645 =( GEOMETRIC_REPRESENTATION_CONTEXT ( 3 ) GLOBAL_UNCERTAINTY_ASSIGNED_CONTEXT ( ( #2151 ) ) GLOBAL_UNIT_ASSIGNED_CONTEXT ( ( #6916, #1638, #7804 ) ) REPRESENTATION_CONTEXT ( 'NONE', 'WORKASPACE' ) );
#1646 = UNCERTAINTY_MEASURE_WITH_UNIT (LENGTH_MEASURE( 1.000000000000000100E-005 ), #4714, 'distance_accuracy_value', 'NONE');
#1647 =( LENGTH_UNIT ( ) NAMED_UNIT ( * ) SI_UNIT ( $, .METRE. ) );
#1648 = UNCERTAINTY_MEASURE_WITH_UNIT (LENGTH_MEASURE( 1.000000000000000100E-005 ), #4060, 'distance_accuracy_value', 'NONE');
#1649 = ORIENTED_EDGE ( 'NONE', *, *, #6661, .F. ) ;
#1650 = DIRECTION ( 'NONE',  ( -0.0000000000000000000, -0.0000000000000000000, 1.000000000000000000 ) ) ;
#1651 = SURFACE_STYLE_FILL_AREA ( #2801 ) ;
#1652 = LINE ( 'NONE', #7806, #10954 ) ;
#1653 = SURFACE_STYLE_USAGE ( .BOTH. , #6933 ) ;
#1654 = FILL_AREA_STYLE_COLOUR ( '', #3197 ) ;
#1655 = CARTESIAN_POINT ( 'NONE',  ( 0.09055118110236223800, 0.009842519685039369900, 0.03070866141732283800 ) ) ;
#1656 = LINE ( 'NONE', #4909, #8391 ) ;
#1657 = UNCERTAINTY_MEASURE_WITH_UNIT (LENGTH_MEASURE( 1.000000000000000100E-005 ), #2185, 'distance_accuracy_value', 'NONE');
#1658 = DIRECTION ( 'NONE',  ( 1.000000000000000000, 0.0000000000000000000, -0.0000000000000000000 ) ) ;
#1659 = DIRECTION ( 'NONE',  ( 0.0000000000000000000, 0.0000000000000000000, 1.000000000000000000 ) ) ;
#1660 = DIMENSIONAL_EXPONENTS ( 1.000000000000000000, 0.0000000000000000000, 0.0000000000000000000, 0.0000000000000000000, 0.0000000000000000000, 0.0000000000000000000, 0.0000000000000000000 ) ;
#1661 = VERTEX_POINT ( 'NONE', #8885 ) ;
#1662 = EDGE_CURVE ( 'NONE', #14, #1946, #4806, .T. ) ;
#1663 = FILL_AREA_STYLE_COLOUR ( '', #9842 ) ;
#1664 = AXIS2_PLACEMENT_3D ( 'NONE', #9611, #4356, #10473 ) ;
#1665 = SURFACE_STYLE_FILL_AREA ( #2688 ) ;
#1666 = LINE ( 'NONE', #10675, #3718 ) ;
#1667 = DIMENSIONAL_EXPONENTS ( 1.000000000000000000, 0.0000000000000000000, 0.0000000000000000000, 0.0000000000000000000, 0.0000000000000000000, 0.0000000000000000000, 0.0000000000000000000 ) ;
#1668 = LINE ( 'NONE', #5524, #10697 ) ;
#1669 = ADVANCED_FACE ( 'NONE', ( #7156 ), #8618, .T. ) ;
#1670 = VERTEX_POINT ( 'NONE', #8766 ) ;
#1671 = SURFACE_STYLE_USAGE ( .BOTH. , #6955 ) ;
#1672 = STYLED_ITEM ( 'NONE', ( #6844 ), #5855 ) ;
#1673 = ORIENTED_EDGE ( 'NONE', *, *, #9300, .T. ) ;
#1674 = VECTOR ( 'NONE', #6515, 39.37007874015748100 ) ;
#1675 =( NAMED_UNIT ( * ) PLANE_ANGLE_UNIT ( ) SI_UNIT ( $, .RADIAN. ) );
#1676 = SURFACE_SIDE_STYLE ('',( #1935 ) ) ;
#1677 = ORIENTED_EDGE ( 'NONE', *, *, #8117, .F. ) ;
#1678 = VECTOR ( 'NONE', #7108, 39.37007874015748100 ) ;
#1679 = VERTEX_POINT ( 'NONE', #7207 ) ;
#1680 = ORIENTED_EDGE ( 'NONE', *, *, #10523, .T. ) ;
#1681 = CARTESIAN_POINT ( 'NONE',  ( 0.09055118110236223800, -0.02046108103966344500, 0.005118110236220474100 ) ) ;
#1682 = UNCERTAINTY_MEASURE_WITH_UNIT (LENGTH_MEASURE( 1.000000000000000100E-005 ), #9324, 'distance_accuracy_value', 'NONE');
#1683 = LENGTH_MEASURE_WITH_UNIT ( LENGTH_MEASURE( 0.02539999999999999900 ), #3502 );
#1684 = PRESENTATION_LAYER_ASSIGNMENT (  '', '', ( #526 ) ) ;
#1685 = LENGTH_MEASURE_WITH_UNIT ( LENGTH_MEASURE( 0.02539999999999999900 ), #493 );
#1686 = CARTESIAN_POINT ( 'NONE',  ( 0.09055118110236223800, 0.0000000000000000000, 0.03070866141732283800 ) ) ;
#1687 = FACE_OUTER_BOUND ( 'NONE', #7764, .T. ) ;
#1688 = AXIS2_PLACEMENT_3D ( 'NONE', #10763, #10725, #10681 ) ;
#1689 = ORIENTED_EDGE ( 'NONE', *, *, #3695, .F. ) ;
#1690 = DIRECTION ( 'NONE',  ( 0.0000000000000000000, -1.000000000000000000, -0.0000000000000000000 ) ) ;
#1691 = SURFACE_STYLE_FILL_AREA ( #9467 ) ;
#1692 = STYLED_ITEM ( 'NONE', ( #11231 ), #4989 ) ;
#1693 = ORIENTED_EDGE ( 'NONE', *, *, #6739, .F. ) ;
#1694 = CARTESIAN_POINT ( 'NONE',  ( -0.09055118110236222400, 0.009842519685039369900, -0.05629921259842515800 ) ) ;
#1695 = EDGE_LOOP ( 'NONE', ( #8966, #2762, #8684, #8566 ) ) ;
#1696 = STYLED_ITEM ( 'NONE', ( #1546 ), #6678 ) ;
#1697 = CARTESIAN_POINT ( 'NONE',  ( 0.0000000000000000000, 0.0000000000000000000, 0.03070866141732283800 ) ) ;
#1698 = DIRECTION ( 'NONE',  ( -0.0000000000000000000, -1.000000000000000000, 0.0000000000000000000 ) ) ;
#1699 = EDGE_LOOP ( 'NONE', ( #11281, #8698, #848, #11154 ) ) ;
#1700 = PRESENTATION_STYLE_ASSIGNMENT (( #2512 ) ) ;
#1701 = DIRECTION ( 'NONE',  ( -1.000000000000000000, 0.0000000000000000000, 0.0000000000000000000 ) ) ;
#1702 = LINE ( 'NONE', #4983, #3756 ) ;
#1703 = STYLED_ITEM ( 'NONE', ( #4521 ), #1827 ) ;
#1704 = VECTOR ( 'NONE', #9519, 39.37007874015748100 ) ;
#1705 = ORIENTED_EDGE ( 'NONE', *, *, #6058, .T. ) ;
#1707 = SURFACE_STYLE_USAGE ( .BOTH. , #1775 ) ;
#1706 = COLOUR_RGB ( '',0.9686274509803921600, 0.8784313725490196000, 0.5999999999999999800 ) ;
#1708 =( NAMED_UNIT ( * ) SI_UNIT ( $, .STERADIAN. ) SOLID_ANGLE_UNIT ( ) );
#1709 = FILL_AREA_STYLE_COLOUR ( '', #11046 ) ;
#1710 =( GEOMETRIC_REPRESENTATION_CONTEXT ( 3 ) GLOBAL_UNCERTAINTY_ASSIGNED_CONTEXT ( ( #2496 ) ) GLOBAL_UNIT_ASSIGNED_CONTEXT ( ( #8527, #8488, #8362 ) ) REPRESENTATION_CONTEXT ( 'NONE', 'WORKASPACE' ) );
#1711 = ORIENTED_EDGE ( 'NONE', *, *, #11238, .T. ) ;
#1712 = PRESENTATION_STYLE_ASSIGNMENT (( #9720 ) ) ;
#1713 =( LENGTH_UNIT ( ) NAMED_UNIT ( * ) SI_UNIT ( $, .METRE. ) );
#1714 = VERTEX_POINT ( 'NONE', #7161 ) ;
#1715 = DIRECTION ( 'NONE',  ( -1.000000000000000000, -0.0000000000000000000, 0.0000000000000000000 ) ) ;
#1716 = PRESENTATION_STYLE_ASSIGNMENT (( #6926 ) ) ;
#1717 = VERTEX_POINT ( 'NONE', #7676 ) ;
#1718 = EDGE_CURVE ( 'NONE', #4025, #5823, #1367, .T. ) ;
#1719 = DIRECTION ( 'NONE',  ( -0.0000000000000000000, 0.0000000000000000000, 1.000000000000000000 ) ) ;
#1720 = EDGE_CURVE ( 'NONE', #8602, #4891, #8371, .T. ) ;
#1721 = ORIENTED_EDGE ( 'NONE', *, *, #9007, .T. ) ;
#1722 = UNCERTAINTY_MEASURE_WITH_UNIT (LENGTH_MEASURE( 1.000000000000000100E-005 ), #4994, 'distance_accuracy_value', 'NONE');
#1723 =( NAMED_UNIT ( * ) PLANE_ANGLE_UNIT ( ) SI_UNIT ( $, .RADIAN. ) );
#1724 = VERTEX_POINT ( 'NONE', #6744 ) ;
#1725 = UNCERTAINTY_MEASURE_WITH_UNIT (LENGTH_MEASURE( 1.000000000000000100E-005 ), #1609, 'distance_accuracy_value', 'NONE');
#1726 =( NAMED_UNIT ( * ) SI_UNIT ( $, .STERADIAN. ) SOLID_ANGLE_UNIT ( ) );
#1727 = ORIENTED_EDGE ( 'NONE', *, *, #10392, .T. ) ;
#1728 = ADVANCED_FACE ( 'NONE', ( #6031 ), #6902, .F. ) ;
#1729 = EDGE_CURVE ( 'NONE', #10593, #5925, #9325, .T. ) ;
#1730 = PRESENTATION_STYLE_ASSIGNMENT (( #11222 ) ) ;
#1731 =( NAMED_UNIT ( * ) PLANE_ANGLE_UNIT ( ) SI_UNIT ( $, .RADIAN. ) );
#1732 = DIRECTION ( 'NONE',  ( 0.0000000000000000000, -0.04993761694389235700, 0.9987523388778446500 ) ) ;
#1733 = EDGE_CURVE ( 'NONE', #2379, #7404, #4947, .T. ) ;
#1734 = CARTESIAN_POINT ( 'NONE',  ( 0.0000000000000000000, 0.0000000000000000000, 0.0000000000000000000 ) ) ;
#1735 = FACE_OUTER_BOUND ( 'NONE', #9923, .T. ) ;
#1736 = MECHANICAL_DESIGN_GEOMETRIC_PRESENTATION_REPRESENTATION (  '', ( #11329 ), #2321 ) ;
#1737 =( NAMED_UNIT ( * ) SI_UNIT ( $, .STERADIAN. ) SOLID_ANGLE_UNIT ( ) );
#1738 = EDGE_LOOP ( 'NONE', ( #4610, #10584, #10164, #2934 ) ) ;
#1739 = SURFACE_STYLE_USAGE ( .BOTH. , #7007 ) ;
#1740 = LENGTH_MEASURE_WITH_UNIT ( LENGTH_MEASURE( 0.02539999999999999900 ), #1364 );
#1741 = DIRECTION ( 'NONE',  ( 0.0000000000000000000, -0.0000000000000000000, -1.000000000000000000 ) ) ;
#1742 = LINE ( 'NONE', #8809, #6130 ) ;
#1743 = ORIENTED_EDGE ( 'NONE', *, *, #10392, .F. ) ;
#1744 = CARTESIAN_POINT ( 'NONE',  ( 0.09055118110236223800, 0.009842519685039369900, 0.03070866141732283800 ) ) ;
#1745 = FACE_OUTER_BOUND ( 'NONE', #9017, .T. ) ;
#1746 = VERTEX_POINT ( 'NONE', #4347 ) ;
#1747 = CARTESIAN_POINT ( 'NONE',  ( -0.05629921259842520600, 0.009842519685039369900, 0.08661417322834648300 ) ) ;
#1748 = VECTOR ( 'NONE', #6977, 39.37007874015748100 ) ;
#1749 = AXIS2_PLACEMENT_3D ( 'NONE', #1352, #1323, #1281 ) ;
#1750 = DIMENSIONAL_EXPONENTS ( 1.000000000000000000, 0.0000000000000000000, 0.0000000000000000000, 0.0000000000000000000, 0.0000000000000000000, 0.0000000000000000000, 0.0000000000000000000 ) ;
#1751 = CARTESIAN_POINT ( 'NONE',  ( -0.07283464566929134800, -0.02046108103966344500, -0.04606299212598422000 ) ) ;
#1752 = VECTOR ( 'NONE', #1552, 39.37007874015748100 ) ;
#1753 = PRESENTATION_LAYER_ASSIGNMENT (  '', '', ( #587 ) ) ;
#1754 = AXIS2_PLACEMENT_3D ( 'NONE', #1085, #1055, #1017 ) ;
#1755 = PRESENTATION_LAYER_ASSIGNMENT (  '', '', ( #592 ) ) ;
#1756 = UNCERTAINTY_MEASURE_WITH_UNIT (LENGTH_MEASURE( 1.000000000000000100E-005 ), #7811, 'distance_accuracy_value', 'NONE');
#1757 = SURFACE_STYLE_FILL_AREA ( #320 ) ;
#1758 = COLOUR_RGB ( '',0.2509803921568627400, 0.2509803921568627400, 0.2509803921568627400 ) ;
#1759 = PLANE ( 'NONE',  #9716 ) ;
#1760 = ADVANCED_FACE ( 'NONE', ( #2325 ), #4375, .F. ) ;
#1761 = CARTESIAN_POINT ( 'NONE',  ( -0.09055118110236218300, 0.009842519685039369900, 0.05629921259842523400 ) ) ;
#1762 = PRESENTATION_LAYER_ASSIGNMENT (  '', '', ( #1187 ) ) ;
#1763 = SURFACE_STYLE_USAGE ( .BOTH. , #1809 ) ;
#1764 =( CONVERSION_BASED_UNIT ( 'INCH', #6027 ) LENGTH_UNIT ( ) NAMED_UNIT ( #6617 ) );
#1765 = LINE ( 'NONE', #8067, #6156 ) ;
#1766 = SURFACE_STYLE_USAGE ( .BOTH. , #7038 ) ;
#1767 =( NAMED_UNIT ( * ) SI_UNIT ( $, .STERADIAN. ) SOLID_ANGLE_UNIT ( ) );
#1768 = SURFACE_SIDE_STYLE ('',( #625 ) ) ;
#1769 = AXIS2_PLACEMENT_3D ( 'NONE', #2576, #8734, #3465 ) ;
#1770 = PRESENTATION_STYLE_ASSIGNMENT (( #8103 ) ) ;
#1771 = COLOUR_RGB ( '',0.2509803921568627400, 0.2509803921568627400, 0.2509803921568627400 ) ;
#1772 = CARTESIAN_POINT ( 'NONE',  ( 0.05629921259842520000, -0.02046108103966344500, -0.08661417322834641400 ) ) ;
#1773 =( GEOMETRIC_REPRESENTATION_CONTEXT ( 3 ) GLOBAL_UNCERTAINTY_ASSIGNED_CONTEXT ( ( #121 ) ) GLOBAL_UNIT_ASSIGNED_CONTEXT ( ( #2266, #2221, #2182 ) ) REPRESENTATION_CONTEXT ( 'NONE', 'WORKASPACE' ) );
#1774 = DIMENSIONAL_EXPONENTS ( 1.000000000000000000, 0.0000000000000000000, 0.0000000000000000000, 0.0000000000000000000, 0.0000000000000000000, 0.0000000000000000000, 0.0000000000000000000 ) ;
#1775 = SURFACE_SIDE_STYLE ('',( #1407 ) ) ;
#1776 = CARTESIAN_POINT ( 'NONE',  ( 0.04606299212598425500, -0.02046108103966344500, -0.06889763779527555100 ) ) ;
#1777 = FACE_OUTER_BOUND ( 'NONE', #5957, .T. ) ;
#1778 = PRESENTATION_LAYER_ASSIGNMENT (  '', '', ( #618 ) ) ;
#1779 =( NAMED_UNIT ( * ) SI_UNIT ( $, .STERADIAN. ) SOLID_ANGLE_UNIT ( ) );
#1780 = DIMENSIONAL_EXPONENTS ( 1.000000000000000000, 0.0000000000000000000, 0.0000000000000000000, 0.0000000000000000000, 0.0000000000000000000, 0.0000000000000000000, 0.0000000000000000000 ) ;
#1781 = CARTESIAN_POINT ( 'NONE',  ( 0.0000000000000000000, 0.0000000000000000000, -0.04606299212598424800 ) ) ;
#1782 = ORIENTED_EDGE ( 'NONE', *, *, #2028, .F. ) ;
#1783 = SURFACE_STYLE_FILL_AREA ( #781 ) ;
#1784 = FILL_AREA_STYLE ('',( #915 ) ) ;
#1785 = ADVANCED_FACE ( 'NONE', ( #8228 ), #2600, .F. ) ;
#1786 = ORIENTED_EDGE ( 'NONE', *, *, #6889, .F. ) ;
#1787 = FILL_AREA_STYLE_COLOUR ( '', #10205 ) ;
#1788 = LINE ( 'NONE', #241, #10814 ) ;
#1789 = LINE ( 'NONE', #9561, #6173 ) ;
#1790 =( CONVERSION_BASED_UNIT ( 'INCH', #9241 ) LENGTH_UNIT ( ) NAMED_UNIT ( #864 ) );
#1791 = LINE ( 'NONE', #11224, #8520 ) ;
#1792 =( LENGTH_UNIT ( ) NAMED_UNIT ( * ) SI_UNIT ( $, .METRE. ) );
#1793 = FACE_OUTER_BOUND ( 'NONE', #9507, .T. ) ;
#1794 =( LENGTH_UNIT ( ) NAMED_UNIT ( * ) SI_UNIT ( $, .METRE. ) );
#1795 = UNCERTAINTY_MEASURE_WITH_UNIT (LENGTH_MEASURE( 1.000000000000000100E-005 ), #7990, 'distance_accuracy_value', 'NONE');
#1796 = FACE_BOUND ( 'NONE', #1118, .T. ) ;
#1797 = EDGE_CURVE ( 'NONE', #2138, #6383, #9462, .T. ) ;
#1798 = VERTEX_POINT ( 'NONE', #2643 ) ;
#1799 = PLANE ( 'NONE',  #1365 ) ;
#1800 = CARTESIAN_POINT ( 'NONE',  ( -0.09055118110236221000, 0.009842519685039369900, 0.005118110236220508800 ) ) ;
#1801 = SURFACE_STYLE_FILL_AREA ( #5440 ) ;
#1802 = EDGE_CURVE ( 'NONE', #8170, #2377, #7143, .T. ) ;
#1803 = CIRCLE ( 'NONE', #3603, 0.01870078740146096200 ) ;
#1804 = MECHANICAL_DESIGN_GEOMETRIC_PRESENTATION_REPRESENTATION (  '', ( #49 ), #2392 ) ;
#1805 = CARTESIAN_POINT ( 'NONE',  ( -0.07283464566929134800, 0.0000000000000000000, -0.005118110236220437700 ) ) ;
#1806 =( NAMED_UNIT ( * ) PLANE_ANGLE_UNIT ( ) SI_UNIT ( $, .RADIAN. ) );
#1807 = CARTESIAN_POINT ( 'NONE',  ( 0.05629921259842520000, 0.009842519685039369900, 0.08661417322834648300 ) ) ;
#1808 = VERTEX_POINT ( 'NONE', #944 ) ;
#1809 = SURFACE_SIDE_STYLE ('',( #2893 ) ) ;
#1810 = EDGE_LOOP ( 'NONE', ( #593, #8129, #3805, #6401 ) ) ;
#1811 = DIRECTION ( 'NONE',  ( -0.0000000000000000000, -1.000000000000000000, 0.0000000000000000000 ) ) ;
#1812 = FILL_AREA_STYLE_COLOUR ( '', #2898 ) ;
#1813 = LINE ( 'NONE', #6065, #6199 ) ;
#1814 = VECTOR ( 'NONE', #9708, 39.37007874015748100 ) ;
#1815 = FILL_AREA_STYLE_COLOUR ( '', #2445 ) ;
#1816 = VERTEX_POINT ( 'NONE', #821 ) ;
#1817 = FILL_AREA_STYLE ('',( #1932 ) ) ;
#1818 = SURFACE_STYLE_USAGE ( .BOTH. , #7099 ) ;
#1819 = EDGE_LOOP ( 'NONE', ( #10893, #2085, #7607, #4326 ) ) ;
#1820 = EDGE_LOOP ( 'NONE', ( #5556, #10564, #8145, #5281 ) ) ;
#1821 = LINE ( 'NONE', #4273, #6501 ) ;
#1822 = VECTOR ( 'NONE', #10167, 39.37007874015748100 ) ;
#1823 = COLOUR_RGB ( '',0.9686274509803921600, 0.8784313725490196000, 0.5999999999999999800 ) ;
#1824 = SURFACE_STYLE_FILL_AREA ( #7782 ) ;
#1825 = FILL_AREA_STYLE_COLOUR ( '', #2660 ) ;
#1826 = VERTEX_POINT ( 'NONE', #789 ) ;
#1827 = ADVANCED_FACE ( 'NONE', ( #9191 ), #1547, .F. ) ;
#1828 = PRESENTATION_STYLE_ASSIGNMENT (( #10482 ) ) ;
#1829 = CARTESIAN_POINT ( 'NONE',  ( 0.03070866141732283400, -0.02046108103966344500, 0.08661417322834648300 ) ) ;
#1830 = EDGE_LOOP ( 'NONE', ( #6541, #8965, #10574, #6362 ) ) ;
#1831 = AXIS2_PLACEMENT_3D ( 'NONE', #388, #243, #11248 ) ;
#1832 = ORIENTED_EDGE ( 'NONE', *, *, #6739, .T. ) ;
#1833 = CARTESIAN_POINT ( 'NONE',  ( -0.09055118110236221000, 0.009842519685039369900, -0.02047244094488185500 ) ) ;
#1834 = CARTESIAN_POINT ( 'NONE',  ( -0.03070866141732283800, 0.009842519685039369900, -0.06889763779527555100 ) ) ;
#1835 = MANIFOLD_SOLID_BREP ( 'Boss-Extrude2[19]', #2536 ) ;
#1836 = LENGTH_MEASURE_WITH_UNIT ( LENGTH_MEASURE( 0.02539999999999999900 ), #3199 );
#1837 = COLOUR_RGB ( '',0.9686274509803921600, 0.8784313725490196000, 0.5999999999999999800 ) ;
#1838 = ORIENTED_EDGE ( 'NONE', *, *, #2668, .T. ) ;
#1839 = COLOUR_RGB ( '',0.9686274509803921600, 0.8784313725490196000, 0.5999999999999999800 ) ;
#1840 = STYLED_ITEM ( 'NONE', ( #3610 ), #995 ) ;
#1841 = CARTESIAN_POINT ( 'NONE',  ( -0.005118110236220473200, -0.02046108103966344500, 0.06889763779527562100 ) ) ;
#1842 = CARTESIAN_POINT ( 'NONE',  ( 0.0000000000000000000, 0.0000000000000000000, 0.0000000000000000000 ) ) ;
#1843 = ORIENTED_EDGE ( 'NONE', *, *, #563, .T. ) ;
#1844 = AXIS2_PLACEMENT_3D ( 'NONE', #3742, #9877, #4633 ) ;
#1845 = SURFACE_STYLE_FILL_AREA ( #9950 ) ;
#1846 = ADVANCED_FACE ( 'NONE', ( #1359 ), #2692, .T. ) ;
#1847 = ORIENTED_EDGE ( 'NONE', *, *, #7259, .F. ) ;
#1848 =( LENGTH_UNIT ( ) NAMED_UNIT ( * ) SI_UNIT ( $, .METRE. ) );
#1849 = CARTESIAN_POINT ( 'NONE',  ( 0.005118110236220473200, 0.009842519685039369900, 0.0000000000000000000 ) ) ;
#1850 = ORIENTED_EDGE ( 'NONE', *, *, #5414, .F. ) ;
#1851 = FILL_AREA_STYLE ('',( #5324 ) ) ;
#1852 = CARTESIAN_POINT ( 'NONE',  ( -0.05629921259842520000, 0.0000000000000000000, 0.06889763779527562100 ) ) ;
#1853 = SURFACE_STYLE_USAGE ( .BOTH. , #7122 ) ;
#1854 = MECHANICAL_DESIGN_GEOMETRIC_PRESENTATION_REPRESENTATION (  '', ( #98 ), #2429 ) ;
#1855 = VERTEX_POINT ( 'NONE', #8535 ) ;
#1856 = LINE ( 'NONE', #8326, #1583 ) ;
#1857 = SURFACE_STYLE_FILL_AREA ( #2199 ) ;
#1858 = EDGE_CURVE ( 'NONE', #8424, #5981, #7032, .T. ) ;
#1859 = DIRECTION ( 'NONE',  ( 1.204669080539449800E-016, 0.0000000000000000000, -1.000000000000000000 ) ) ;
#1860 =( NAMED_UNIT ( * ) PLANE_ANGLE_UNIT ( ) SI_UNIT ( $, .RADIAN. ) );
#1861 = SURFACE_SIDE_STYLE ('',( #2699 ) ) ;
#1862 = CARTESIAN_POINT ( 'NONE',  ( 0.02047244094488188900, 0.0000000000000000000, -0.06889763779527555100 ) ) ;
#1863 = EDGE_LOOP ( 'NONE', ( #8961, #10742, #8867, #28 ) ) ;
#1864 = MECHANICAL_DESIGN_GEOMETRIC_PRESENTATION_REPRESENTATION (  '', ( #689 ), #2436 ) ;
#1865 = FILL_AREA_STYLE ('',( #4559 ) ) ;
#1866 = ORIENTED_EDGE ( 'NONE', *, *, #1346, .F. ) ;
#1867 = CARTESIAN_POINT ( 'NONE',  ( -0.09055118110236221000, 0.009842519685039369900, -0.02047244094488185500 ) ) ;
#1868 =( CONVERSION_BASED_UNIT ( 'INCH', #8290 ) LENGTH_UNIT ( ) NAMED_UNIT ( #5827 ) );
#1869 = EDGE_CURVE ( 'NONE', #3186, #1050, #34, .T. ) ;
#1870 = ORIENTED_EDGE ( 'NONE', *, *, #8487, .F. ) ;
#1871 = CARTESIAN_POINT ( 'NONE',  ( 0.09055118110236223800, 0.009842519685039369900, -0.005118110236220472400 ) ) ;
#1872 = EDGE_CURVE ( 'NONE', #4823, #3487, #6763, .T. ) ;
#1873 =( NAMED_UNIT ( * ) SI_UNIT ( $, .STERADIAN. ) SOLID_ANGLE_UNIT ( ) );
#1874 = MECHANICAL_DESIGN_GEOMETRIC_PRESENTATION_REPRESENTATION (  '', ( #117 ), #2443 ) ;
#1875 = ORIENTED_EDGE ( 'NONE', *, *, #7270, .F. ) ;
#1876 = SURFACE_STYLE_USAGE ( .BOTH. , #7145 ) ;
#1877 = SURFACE_STYLE_USAGE ( .BOTH. , #7146 ) ;
#1878 = EDGE_CURVE ( 'NONE', #5038, #2776, #2354, .T. ) ;
#1879 = ADVANCED_FACE ( 'NONE', ( #11110 ), #10525, .F. ) ;
#1880 =( NAMED_UNIT ( * ) SI_UNIT ( $, .STERADIAN. ) SOLID_ANGLE_UNIT ( ) );
#1881 = DIRECTION ( 'NONE',  ( 1.000000000000000000, -0.0000000000000000000, 0.0000000000000000000 ) ) ;
#1882 = CARTESIAN_POINT ( 'NONE',  ( 0.07283464566929137600, -0.02046108103966344500, -0.05629921259842520000 ) ) ;
#1883 = ORIENTED_EDGE ( 'NONE', *, *, #8782, .T. ) ;
#1884 = DIRECTION ( 'NONE',  ( -1.000000000000000000, 0.0000000000000000000, 0.0000000000000000000 ) ) ;
#1885 =( LENGTH_UNIT ( ) NAMED_UNIT ( * ) SI_UNIT ( $, .METRE. ) );
#1886 = CARTESIAN_POINT ( 'NONE',  ( 0.04606299212598425500, 0.0000000000000000000, 0.0000000000000000000 ) ) ;
#1887 = EDGE_CURVE ( 'NONE', #7546, #1976, #10031, .T. ) ;
#1888 = DIRECTION ( 'NONE',  ( 0.0000000000000000000, 1.000000000000000000, 0.0000000000000000000 ) ) ;
#1889 = STYLED_ITEM ( 'NONE', ( #9538 ), #8905 ) ;
#1890 =( NAMED_UNIT ( * ) SI_UNIT ( $, .STERADIAN. ) SOLID_ANGLE_UNIT ( ) );
#1891 = DIMENSIONAL_EXPONENTS ( 1.000000000000000000, 0.0000000000000000000, 0.0000000000000000000, 0.0000000000000000000, 0.0000000000000000000, 0.0000000000000000000, 0.0000000000000000000 ) ;
#1892 =( NAMED_UNIT ( * ) PLANE_ANGLE_UNIT ( ) SI_UNIT ( $, .RADIAN. ) );
#1893 = VERTEX_POINT ( 'NONE', #10713 ) ;
#1894 = SURFACE_SIDE_STYLE ('',( #6895 ) ) ;
#1895 = PLANE ( 'NONE',  #5757 ) ;
#1896 = DIMENSIONAL_EXPONENTS ( 1.000000000000000000, 0.0000000000000000000, 0.0000000000000000000, 0.0000000000000000000, 0.0000000000000000000, 0.0000000000000000000, 0.0000000000000000000 ) ;
#1897 =( NAMED_UNIT ( * ) SI_UNIT ( $, .STERADIAN. ) SOLID_ANGLE_UNIT ( ) );
#1898 = FILL_AREA_STYLE_COLOUR ( '', #6244 ) ;
#1899 = ADVANCED_FACE ( 'NONE', ( #996 ), #8992, .F. ) ;
#1900 = LINE ( 'NONE', #3216, #10926 ) ;
#1901 = DIRECTION ( 'NONE',  ( -0.0000000000000000000, 1.000000000000000000, 0.0000000000000000000 ) ) ;
#1902 = LENGTH_MEASURE_WITH_UNIT ( LENGTH_MEASURE( 0.02539999999999999900 ), #5953 );
#1903 =( GEOMETRIC_REPRESENTATION_CONTEXT ( 3 ) GLOBAL_UNCERTAINTY_ASSIGNED_CONTEXT ( ( #6982 ) ) GLOBAL_UNIT_ASSIGNED_CONTEXT ( ( #3157, #3124, #3090 ) ) REPRESENTATION_CONTEXT ( 'NONE', 'WORKASPACE' ) );
#1904 = SURFACE_SIDE_STYLE ('',( #7333 ) ) ;
#1905 = FACE_OUTER_BOUND ( 'NONE', #3706, .T. ) ;
#1906 = SURFACE_STYLE_USAGE ( .BOTH. , #7181 ) ;
#1907 = FILL_AREA_STYLE_COLOUR ( '', #3674 ) ;
#1908 = AXIS2_PLACEMENT_3D ( 'NONE', #6223, #977, #7123 ) ;
#1909 = STYLED_ITEM ( 'NONE', ( #9334 ), #2418 ) ;
#1910 = LENGTH_MEASURE_WITH_UNIT ( LENGTH_MEASURE( 0.02539999999999999900 ), #100 );
#1911 = LENGTH_MEASURE_WITH_UNIT ( LENGTH_MEASURE( 0.02539999999999999900 ), #7385 );
#1912 = DIRECTION ( 'NONE',  ( -0.0000000000000000000, 0.0000000000000000000, -1.000000000000000000 ) ) ;
#1913 = PRESENTATION_STYLE_ASSIGNMENT (( #899 ) ) ;
#1914 =( NAMED_UNIT ( * ) PLANE_ANGLE_UNIT ( ) SI_UNIT ( $, .RADIAN. ) );
#1915 = FILL_AREA_STYLE ('',( #8907 ) ) ;
#1916 = ORIENTED_EDGE ( 'NONE', *, *, #5060, .F. ) ;
#1917 = DIRECTION ( 'NONE',  ( 1.000000000000000000, 0.0000000000000000000, -0.0000000000000000000 ) ) ;
#1918 = DIRECTION ( 'NONE',  ( -0.0000000000000000000, 1.000000000000000000, 0.0000000000000000000 ) ) ;
#1919 =( NAMED_UNIT ( * ) SI_UNIT ( $, .STERADIAN. ) SOLID_ANGLE_UNIT ( ) );
#1920 = VECTOR ( 'NONE', #3129, 39.37007874015748100 ) ;
#1921 = VECTOR ( 'NONE', #2188, 39.37007874015748100 ) ;
#1922 =( NAMED_UNIT ( * ) PLANE_ANGLE_UNIT ( ) SI_UNIT ( $, .RADIAN. ) );
#1923 =( GEOMETRIC_REPRESENTATION_CONTEXT ( 3 ) GLOBAL_UNCERTAINTY_ASSIGNED_CONTEXT ( ( #2591 ) ) GLOBAL_UNIT_ASSIGNED_CONTEXT ( ( #2977, #9105, #3839 ) ) REPRESENTATION_CONTEXT ( 'NONE', 'WORKASPACE' ) );
#1924 = LINE ( 'NONE', #6039, #3988 ) ;
#1925 =( NAMED_UNIT ( * ) PLANE_ANGLE_UNIT ( ) SI_UNIT ( $, .RADIAN. ) );
#1926 = MECHANICAL_DESIGN_GEOMETRIC_PRESENTATION_REPRESENTATION (  '', ( #175 ), #2508 ) ;
#1927 = LENGTH_MEASURE_WITH_UNIT ( LENGTH_MEASURE( 0.02539999999999999900 ), #4754 );
#1928 =( NAMED_UNIT ( * ) PLANE_ANGLE_UNIT ( ) SI_UNIT ( $, .RADIAN. ) );
#1929 = UNCERTAINTY_MEASURE_WITH_UNIT (LENGTH_MEASURE( 1.000000000000000100E-005 ), #3391, 'distance_accuracy_value', 'NONE');
#1930 = ORIENTED_EDGE ( 'NONE', *, *, #8873, .T. ) ;
#1931 = CARTESIAN_POINT ( 'NONE',  ( 0.0000000000000000000, 0.0000000000000000000, 0.06889763779527562100 ) ) ;
#1932 = FILL_AREA_STYLE_COLOUR ( '', #10443 ) ;
#1933 = SURFACE_STYLE_USAGE ( .BOTH. , #7215 ) ;
#1934 = VECTOR ( 'NONE', #4640, 39.37007874015748100 ) ;
#1935 = SURFACE_STYLE_FILL_AREA ( #6961 ) ;
#1936 = EDGE_CURVE ( 'NONE', #4831, #9099, #3047, .T. ) ;
#1937 =( NAMED_UNIT ( * ) PLANE_ANGLE_UNIT ( ) SI_UNIT ( $, .RADIAN. ) );
#1938 = VECTOR ( 'NONE', #1259, 39.37007874015748100 ) ;
#1939 = EDGE_CURVE ( 'NONE', #6804, #7917, #6619, .T. ) ;
#1940 = DIRECTION ( 'NONE',  ( -1.000000000000000000, 0.0000000000000000000, -0.0000000000000000000 ) ) ;
#1941 = VECTOR ( 'NONE', #7395, 39.37007874015748100 ) ;
#1942 = ADVANCED_FACE ( 'NONE', ( #8941 ), #7120, .F. ) ;
#1943 = FACE_OUTER_BOUND ( 'NONE', #9234, .T. ) ;
#1944 = VERTEX_POINT ( 'NONE', #7426 ) ;
#1945 = DIRECTION ( 'NONE',  ( 1.000000000000000000, -0.0000000000000000000, 0.0000000000000000000 ) ) ;
#1946 = VERTEX_POINT ( 'NONE', #5691 ) ;
#1947 = PLANE ( 'NONE',  #644 ) ;
#1948 = DIRECTION ( 'NONE',  ( -1.000000000000000000, -0.0000000000000000000, 0.0000000000000000000 ) ) ;
#1949 = VECTOR ( 'NONE', #10281, 39.37007874015748100 ) ;
#1950 = EDGE_CURVE ( 'NONE', #7885, #1999, #3183, .T. ) ;
#1951 = ORIENTED_EDGE ( 'NONE', *, *, #9350, .T. ) ;
#1952 = DIRECTION ( 'NONE',  ( 0.0000000000000000000, 1.000000000000000000, 0.0000000000000000000 ) ) ;
#1953 = VERTEX_POINT ( 'NONE', #5435 ) ;
#1954 = EDGE_CURVE ( 'NONE', #9219, #5835, #9885, .T. ) ;
#1955 = PRESENTATION_LAYER_ASSIGNMENT (  '', '', ( #787 ) ) ;
#1956 = SURFACE_STYLE_FILL_AREA ( #3315 ) ;
#1957 = COLOUR_RGB ( '',0.2509803921568627400, 0.2509803921568627400, 0.2509803921568627400 ) ;
#1958 = ORIENTED_EDGE ( 'NONE', *, *, #6442, .F. ) ;
#1959 =( CONVERSION_BASED_UNIT ( 'INCH', #3437 ) LENGTH_UNIT ( ) NAMED_UNIT ( #6249 ) );
#1960 = LENGTH_MEASURE_WITH_UNIT ( LENGTH_MEASURE( 0.02539999999999999900 ), #4376 );
#1961 = DIRECTION ( 'NONE',  ( 0.0000000000000000000, 0.0000000000000000000, 1.000000000000000000 ) ) ;
#1962 = PLANE ( 'NONE',  #1754 ) ;
#1963 = SURFACE_SIDE_STYLE ('',( #6587 ) ) ;
#1964 = ORIENTED_EDGE ( 'NONE', *, *, #6002, .T. ) ;
#1965 = ORIENTED_EDGE ( 'NONE', *, *, #8192, .F. ) ;
#1966 = CARTESIAN_POINT ( 'NONE',  ( -0.07086614173228347700, 0.009842519685039369900, -0.07480314960629917700 ) ) ;
#1967 = LINE ( 'NONE', #7637, #10995 ) ;
#1968 = LINE ( 'NONE', #2822, #4307 ) ;
#1969 =( CONVERSION_BASED_UNIT ( 'INCH', #262 ) LENGTH_UNIT ( ) NAMED_UNIT ( #11297 ) );
#1970 = VERTEX_POINT ( 'NONE', #5578 ) ;
#1971 = SURFACE_STYLE_USAGE ( .BOTH. , #7258 ) ;
#1972 = FILL_AREA_STYLE ('',( #6344 ) ) ;
#1973 = ORIENTED_EDGE ( 'NONE', *, *, #331, .T. ) ;
#1974 = ORIENTED_EDGE ( 'NONE', *, *, #9217, .F. ) ;
#1975 =( GEOMETRIC_REPRESENTATION_CONTEXT ( 3 ) GLOBAL_UNCERTAINTY_ASSIGNED_CONTEXT ( ( #4584 ) ) GLOBAL_UNIT_ASSIGNED_CONTEXT ( ( #7262, #7221, #7173 ) ) REPRESENTATION_CONTEXT ( 'NONE', 'WORKASPACE' ) );
#1976 = VERTEX_POINT ( 'NONE', #5544 ) ;
#1977 =( CONVERSION_BASED_UNIT ( 'INCH', #8316 ) LENGTH_UNIT ( ) NAMED_UNIT ( #4238 ) );
#1978 = FILL_AREA_STYLE ('',( #227 ) ) ;
#1979 = LENGTH_MEASURE_WITH_UNIT ( LENGTH_MEASURE( 0.02539999999999999900 ), #9010 );
#1980 = PRESENTATION_STYLE_ASSIGNMENT (( #10882 ) ) ;
#1981 = SURFACE_STYLE_USAGE ( .BOTH. , #7266 ) ;
#1982 = COLOUR_RGB ( '',0.2509803921568627400, 0.2509803921568627400, 0.2509803921568627400 ) ;
#1983 = STYLED_ITEM ( 'NONE', ( #8672 ), #1942 ) ;
#1984 = ORIENTED_EDGE ( 'NONE', *, *, #4243, .T. ) ;
#1985 = SURFACE_STYLE_FILL_AREA ( #10152 ) ;
#1986 = AXIS2_PLACEMENT_3D ( 'NONE', #490, #6629, #1354 ) ;
#1987 =( CONVERSION_BASED_UNIT ( 'INCH', #8787 ) LENGTH_UNIT ( ) NAMED_UNIT ( #3053 ) );
#1988 = CARTESIAN_POINT ( 'NONE',  ( 0.02047244094488188600, -0.02046108103966344500, 0.08661417322834648300 ) ) ;
#1989 = EDGE_LOOP ( 'NONE', ( #4002, #6919, #7336, #11112 ) ) ;
#1990 = LENGTH_MEASURE_WITH_UNIT ( LENGTH_MEASURE( 0.02539999999999999900 ), #1410 );
#1991 = LINE ( 'NONE', #2049, #4327 ) ;
#1992 = ORIENTED_EDGE ( 'NONE', *, *, #9724, .T. ) ;
#1993 = CARTESIAN_POINT ( 'NONE',  ( 0.09055118110236222400, 0.009842519685039369900, -0.04606299212598424800 ) ) ;
#1994 = LINE ( 'NONE', #5081, #4055 ) ;
#1995 = VERTEX_POINT ( 'NONE', #4498 ) ;
#1996 = LENGTH_MEASURE_WITH_UNIT ( LENGTH_MEASURE( 0.02539999999999999900 ), #7277 );
#1997 = STYLED_ITEM ( 'NONE', ( #8767 ), #10404 ) ;
#1998 =( GEOMETRIC_REPRESENTATION_CONTEXT ( 3 ) GLOBAL_UNCERTAINTY_ASSIGNED_CONTEXT ( ( #6238 ) ) GLOBAL_UNIT_ASSIGNED_CONTEXT ( ( #8474, #8394, #8360 ) ) REPRESENTATION_CONTEXT ( 'NONE', 'WORKASPACE' ) );
#1999 = VERTEX_POINT ( 'NONE', #4406 ) ;
#2000 = ADVANCED_FACE ( 'NONE', ( #837 ), #4796, .F. ) ;
#2001 = DIRECTION ( 'NONE',  ( -0.0000000000000000000, -1.000000000000000000, -0.0000000000000000000 ) ) ;
#2002 =( CONVERSION_BASED_UNIT ( 'INCH', #1996 ) LENGTH_UNIT ( ) NAMED_UNIT ( #3402 ) );
#2003 = CARTESIAN_POINT ( 'NONE',  ( 0.07283464566929137600, 0.0000000000000000000, -0.04606299212598424800 ) ) ;
#2004 = PRESENTATION_LAYER_ASSIGNMENT (  '', '', ( #823 ) ) ;
#2005 = DIRECTION ( 'NONE',  ( -0.04987546680538203900, -0.9975093361076329300, -0.04987546680538176800 ) ) ;
#2006 = DIRECTION ( 'NONE',  ( -1.000000000000000000, 0.0000000000000000000, 4.818676322157799300E-016 ) ) ;
#2007 = AXIS2_PLACEMENT_3D ( 'NONE', #1347, #7519, #2232 ) ;
#2008 =( NAMED_UNIT ( * ) PLANE_ANGLE_UNIT ( ) SI_UNIT ( $, .RADIAN. ) );
#2009 = DIMENSIONAL_EXPONENTS ( 1.000000000000000000, 0.0000000000000000000, 0.0000000000000000000, 0.0000000000000000000, 0.0000000000000000000, 0.0000000000000000000, 0.0000000000000000000 ) ;
#2010 = DIRECTION ( 'NONE',  ( 0.0000000000000000000, 0.0000000000000000000, 1.000000000000000000 ) ) ;
#2011 = ORIENTED_EDGE ( 'NONE', *, *, #3138, .T. ) ;
#2012 = CARTESIAN_POINT ( 'NONE',  ( 0.0000000000000000000, 0.009842519685039369900, 0.06889763779527562100 ) ) ;
#2013 = UNCERTAINTY_MEASURE_WITH_UNIT (LENGTH_MEASURE( 1.000000000000000100E-005 ), #11337, 'distance_accuracy_value', 'NONE');
#2014 = CARTESIAN_POINT ( 'NONE',  ( 0.03070866141732283800, 0.0000000000000000000, 0.0000000000000000000 ) ) ;
#2015 = COLOUR_RGB ( '',0.9686274509803921600, 0.8784313725490196000, 0.5999999999999999800 ) ;
#2016 = VERTEX_POINT ( 'NONE', #3497 ) ;
#2017 = FACE_OUTER_BOUND ( 'NONE', #1699, .T. ) ;
#2018 = DIMENSIONAL_EXPONENTS ( 1.000000000000000000, 0.0000000000000000000, 0.0000000000000000000, 0.0000000000000000000, 0.0000000000000000000, 0.0000000000000000000, 0.0000000000000000000 ) ;
#2019 =( LENGTH_UNIT ( ) NAMED_UNIT ( * ) SI_UNIT ( $, .METRE. ) );
#2020 = UNCERTAINTY_MEASURE_WITH_UNIT (LENGTH_MEASURE( 1.000000000000000100E-005 ), #1438, 'distance_accuracy_value', 'NONE');
#2021 = PLANE ( 'NONE',  #7359 ) ;
#2022 = ORIENTED_EDGE ( 'NONE', *, *, #5636, .F. ) ;
#2023 = CARTESIAN_POINT ( 'NONE',  ( 0.0000000000000000000, 0.0000000000000000000, -0.02047244094488185500 ) ) ;
#2024 = EDGE_LOOP ( 'NONE', ( #6545, #3452, #1447 ) ) ;
#2025 = EDGE_CURVE ( 'NONE', #1999, #5290, #5240, .T. ) ;
#2026 =( CONVERSION_BASED_UNIT ( 'INCH', #6912 ) LENGTH_UNIT ( ) NAMED_UNIT ( #6151 ) );
#2027 = SURFACE_STYLE_FILL_AREA ( #7826 ) ;
#2028 = EDGE_CURVE ( 'NONE', #9256, #4146, #6470, .T. ) ;
#2029 =( NAMED_UNIT ( * ) SI_UNIT ( $, .STERADIAN. ) SOLID_ANGLE_UNIT ( ) );
#2030 = PRESENTATION_LAYER_ASSIGNMENT (  '', '', ( #845 ) ) ;
#2031 = SURFACE_STYLE_FILL_AREA ( #92 ) ;
#2032 = ORIENTED_EDGE ( 'NONE', *, *, #5565, .T. ) ;
#2033 = DIRECTION ( 'NONE',  ( 0.0000000000000000000, 0.0000000000000000000, -1.000000000000000000 ) ) ;
#2034 = LINE ( 'NONE', #5926, #6427 ) ;
#2035 =( LENGTH_UNIT ( ) NAMED_UNIT ( * ) SI_UNIT ( $, .METRE. ) );
#2036 = CARTESIAN_POINT ( 'NONE',  ( -0.05629921259842520600, 0.009842519685039369900, 0.08661417322834648300 ) ) ;
#2037 = FILL_AREA_STYLE ('',( #8135 ) ) ;
#2038 = SURFACE_SIDE_STYLE ('',( #294 ) ) ;
#2039 = PRESENTATION_LAYER_ASSIGNMENT (  '', '', ( #863 ) ) ;
#2040 = LINE ( 'NONE', #786, #8775 ) ;
#2041 = VECTOR ( 'NONE', #4728, 39.37007874015748100 ) ;
#2042 = UNCERTAINTY_MEASURE_WITH_UNIT (LENGTH_MEASURE( 1.000000000000000100E-005 ), #2323, 'distance_accuracy_value', 'NONE');
#2043 =( LENGTH_UNIT ( ) NAMED_UNIT ( * ) SI_UNIT ( $, .METRE. ) );
#2044 =( LENGTH_UNIT ( ) NAMED_UNIT ( * ) SI_UNIT ( $, .METRE. ) );
#2045 = FILL_AREA_STYLE_COLOUR ( '', #7859 ) ;
#2046 = SURFACE_STYLE_FILL_AREA ( #3979 ) ;
#2047 =( GEOMETRIC_REPRESENTATION_CONTEXT ( 3 ) GLOBAL_UNCERTAINTY_ASSIGNED_CONTEXT ( ( #1648 ) ) GLOBAL_UNIT_ASSIGNED_CONTEXT ( ( #4060, #10181, #4942 ) ) REPRESENTATION_CONTEXT ( 'NONE', 'WORKASPACE' ) );
#2048 = PRESENTATION_LAYER_ASSIGNMENT (  '', '', ( #874 ) ) ;
#2049 = CARTESIAN_POINT ( 'NONE',  ( 0.07283464566929139000, 0.0000000000000000000, 0.0000000000000000000 ) ) ;
#2050 = CARTESIAN_POINT ( 'NONE',  ( -0.07283464566929134800, 0.0000000000000000000, 0.0000000000000000000 ) ) ;
#2051 = LINE ( 'NONE', #8916, #6733 ) ;
#2052 = SURFACE_STYLE_FILL_AREA ( #6264 ) ;
#2053 = DIRECTION ( 'NONE',  ( 0.0000000000000000000, 0.0000000000000000000, -1.000000000000000000 ) ) ;
#2054 = ADVANCED_FACE ( 'NONE', ( #1793 ), #1962, .F. ) ;
#2055 = SURFACE_SIDE_STYLE ('',( #2628 ) ) ;
#2056 = PRESENTATION_STYLE_ASSIGNMENT (( #3281 ) ) ;
#2057 = DIRECTION ( 'NONE',  ( -1.000000000000000000, -0.0000000000000000000, 0.0000000000000000000 ) ) ;
#2058 = DIRECTION ( 'NONE',  ( -1.000000000000000000, 0.0000000000000000000, 0.0000000000000000000 ) ) ;
#2059 = PLANE ( 'NONE',  #2270 ) ;
#2060 =( GEOMETRIC_REPRESENTATION_CONTEXT ( 3 ) GLOBAL_UNCERTAINTY_ASSIGNED_CONTEXT ( ( #7014 ) ) GLOBAL_UNIT_ASSIGNED_CONTEXT ( ( #7943, #2669, #8826 ) ) REPRESENTATION_CONTEXT ( 'NONE', 'WORKASPACE' ) );
#2061 = ORIENTED_EDGE ( 'NONE', *, *, #5040, .T. ) ;
#2062 = CARTESIAN_POINT ( 'NONE',  ( -0.07283464566929134800, 0.0000000000000000000, 0.005118110236220508800 ) ) ;
#2063 = MECHANICAL_DESIGN_GEOMETRIC_PRESENTATION_REPRESENTATION (  '', ( #300 ), #2629 ) ;
#2064 = EDGE_LOOP ( 'NONE', ( #7199, #8006, #1038, #10918 ) ) ;
#2065 =( GEOMETRIC_REPRESENTATION_CONTEXT ( 3 ) GLOBAL_UNCERTAINTY_ASSIGNED_CONTEXT ( ( #10297 ) ) GLOBAL_UNIT_ASSIGNED_CONTEXT ( ( #10099, #4855, #10946 ) ) REPRESENTATION_CONTEXT ( 'NONE', 'WORKASPACE' ) );
#2066 = FILL_AREA_STYLE_COLOUR ( '', #4277 ) ;
#2067 = SURFACE_STYLE_FILL_AREA ( #8347 ) ;
#2068 = PRESENTATION_LAYER_ASSIGNMENT (  '', '', ( #901 ) ) ;
#2069 = CARTESIAN_POINT ( 'NONE',  ( 0.04606299212598424800, 0.009842519685039369900, -0.08661417322834641400 ) ) ;
#2070 = DIRECTION ( 'NONE',  ( 0.0000000000000000000, -1.000000000000000000, 0.0000000000000000000 ) ) ;
#2071 = FACE_BOUND ( 'NONE', #7587, .T. ) ;
#2072 = UNCERTAINTY_MEASURE_WITH_UNIT (LENGTH_MEASURE( 1.000000000000000100E-005 ), #1959, 'distance_accuracy_value', 'NONE');
#2073 = FILL_AREA_STYLE ('',( #357 ) ) ;
#2074 = CARTESIAN_POINT ( 'NONE',  ( -0.09055118110236221000, 0.0000000000000000000, 0.005118110236220508800 ) ) ;
#2075 = EDGE_LOOP ( 'NONE', ( #8258, #9532, #8748, #6367 ) ) ;
#2076 = EDGE_CURVE ( 'NONE', #790, #5848, #3034, .T. ) ;
#2077 = SURFACE_STYLE_FILL_AREA ( #1865 ) ;
#2078 = STYLED_ITEM ( 'NONE', ( #7084 ), #11106 ) ;
#2079 = UNCERTAINTY_MEASURE_WITH_UNIT (LENGTH_MEASURE( 1.000000000000000100E-005 ), #533, 'distance_accuracy_value', 'NONE');
#2080 = FACE_OUTER_BOUND ( 'NONE', #10843, .T. ) ;
#2081 = SURFACE_SIDE_STYLE ('',( #3994 ) ) ;
#2082 = SURFACE_STYLE_USAGE ( .BOTH. , #2122 ) ;
#2083 = VECTOR ( 'NONE', #10791, 39.37007874015748100 ) ;
#2084 = SURFACE_STYLE_USAGE ( .BOTH. , #7368 ) ;
#2085 = ORIENTED_EDGE ( 'NONE', *, *, #3287, .T. ) ;
#2086 = EDGE_CURVE ( 'NONE', #5557, #4980, #5377, .T. ) ;
#2087 = ORIENTED_EDGE ( 'NONE', *, *, #8274, .F. ) ;
#2088 = DIRECTION ( 'NONE',  ( 0.0000000000000000000, 1.000000000000000000, 0.0000000000000000000 ) ) ;
#2089 = DIRECTION ( 'NONE',  ( 1.000000000000000000, 0.0000000000000000000, -2.409338161078899700E-016 ) ) ;
#2090 = EDGE_CURVE ( 'NONE', #3335, #9804, #698, .T. ) ;
#2091 = LINE ( 'NONE', #8763, #6492 ) ;
#2092 = PRESENTATION_STYLE_ASSIGNMENT (( #2315 ) ) ;
#2093 = DIRECTION ( 'NONE',  ( 1.000000000000000000, -0.0000000000000000000, 0.0000000000000000000 ) ) ;
#2094 = PRESENTATION_LAYER_ASSIGNMENT (  '', '', ( #924 ) ) ;
#2095 = CARTESIAN_POINT ( 'NONE',  ( -0.05629921259842520600, -0.02046108103966344500, -0.08661417322834641400 ) ) ;
#2096 = VERTEX_POINT ( 'NONE', #55 ) ;
#2097 = VERTEX_POINT ( 'NONE', #7279 ) ;
#2098 = SURFACE_SIDE_STYLE ('',( #6057 ) ) ;
#2099 =( CONVERSION_BASED_UNIT ( 'INCH', #1911 ) LENGTH_UNIT ( ) NAMED_UNIT ( #5708 ) );
#2100 = CARTESIAN_POINT ( 'NONE',  ( -0.07283464566929134800, 0.009842519685039369900, -0.04606299212598422000 ) ) ;
#2101 = LINE ( 'NONE', #8613, #8837 ) ;
#2102 = CARTESIAN_POINT ( 'NONE',  ( -0.07283464566929133400, 0.0000000000000000000, 0.03070866141732286900 ) ) ;
#2103 = VERTEX_POINT ( 'NONE', #7086 ) ;
#2104 = EDGE_CURVE ( 'NONE', #2400, #10831, #4817, .T. ) ;
#2105 = CARTESIAN_POINT ( 'NONE',  ( -0.03070866141732283800, 0.009842519685039369900, 0.08661417322834648300 ) ) ;
#2106 = ORIENTED_EDGE ( 'NONE', *, *, #1131, .F. ) ;
#2107 = EDGE_CURVE ( 'NONE', #5843, #3086, #423, .T. ) ;
#2108 = VERTEX_POINT ( 'NONE', #3559 ) ;
#2109 = LENGTH_MEASURE_WITH_UNIT ( LENGTH_MEASURE( 0.02539999999999999900 ), #9459 );
#2110 = ADVANCED_FACE ( 'NONE', ( #5105 ), #6414, .F. ) ;
#2111 = CARTESIAN_POINT ( 'NONE',  ( -0.05629921259842520600, 0.009842519685039369900, 0.08661417322834648300 ) ) ;
#2112 = SURFACE_STYLE_FILL_AREA ( #4743 ) ;
#2113 =( NAMED_UNIT ( * ) SI_UNIT ( $, .STERADIAN. ) SOLID_ANGLE_UNIT ( ) );
#2114 = FACE_OUTER_BOUND ( 'NONE', #499, .T. ) ;
#2115 = VECTOR ( 'NONE', #7106, 39.37007874015748100 ) ;
#2116 = LENGTH_MEASURE_WITH_UNIT ( LENGTH_MEASURE( 0.02539999999999999900 ), #841 );
#2117 = EDGE_LOOP ( 'NONE', ( #2032, #11042, #6623, #9378 ) ) ;
#2118 =( LENGTH_UNIT ( ) NAMED_UNIT ( * ) SI_UNIT ( $, .METRE. ) );
#2119 = VERTEX_POINT ( 'NONE', #8880 ) ;
#2120 = DIMENSIONAL_EXPONENTS ( 1.000000000000000000, 0.0000000000000000000, 0.0000000000000000000, 0.0000000000000000000, 0.0000000000000000000, 0.0000000000000000000, 0.0000000000000000000 ) ;
#2121 = FILL_AREA_STYLE_COLOUR ( '', #5233 ) ;
#2122 = SURFACE_SIDE_STYLE ('',( #3145 ) ) ;
#2123 = EDGE_LOOP ( 'NONE', ( #4712, #1782, #9635, #1838 ) ) ;
#2124 = PLANE ( 'NONE',  #4713 ) ;
#2125 = CARTESIAN_POINT ( 'NONE',  ( -0.09055118110236222400, 0.009842519685039369900, 0.0000000000000000000 ) ) ;
#2126 = DIRECTION ( 'NONE',  ( 1.000000000000000000, 0.0000000000000000000, -0.0000000000000000000 ) ) ;
#2127 = PRESENTATION_STYLE_ASSIGNMENT (( #4659 ) ) ;
#2128 = ORIENTED_EDGE ( 'NONE', *, *, #10094, .T. ) ;
#2129 = VECTOR ( 'NONE', #8244, 39.37007874015748100 ) ;
#2130 = DIMENSIONAL_EXPONENTS ( 1.000000000000000000, 0.0000000000000000000, 0.0000000000000000000, 0.0000000000000000000, 0.0000000000000000000, 0.0000000000000000000, 0.0000000000000000000 ) ;
#2131 = MECHANICAL_DESIGN_GEOMETRIC_PRESENTATION_REPRESENTATION (  '', ( #366 ), #2703 ) ;
#2132 = SURFACE_STYLE_USAGE ( .BOTH. , #2169 ) ;
#2133 = EDGE_LOOP ( 'NONE', ( #6677, #7434, #10095, #1034 ) ) ;
#2134 = STYLED_ITEM ( 'NONE', ( #8262 ), #9612 ) ;
#2135 =( CONVERSION_BASED_UNIT ( 'INCH', #10048 ) LENGTH_UNIT ( ) NAMED_UNIT ( #11077 ) );
#2136 =( GEOMETRIC_REPRESENTATION_CONTEXT ( 3 ) GLOBAL_UNCERTAINTY_ASSIGNED_CONTEXT ( ( #3219 ) ) GLOBAL_UNIT_ASSIGNED_CONTEXT ( ( #5232, #11325, #6107 ) ) REPRESENTATION_CONTEXT ( 'NONE', 'WORKASPACE' ) );
#2137 = SURFACE_STYLE_FILL_AREA ( #9368 ) ;
#2138 = VERTEX_POINT ( 'NONE', #4683 ) ;
#2139 = DIRECTION ( 'NONE',  ( -0.0000000000000000000, 0.0000000000000000000, -1.000000000000000000 ) ) ;
#2140 =( GEOMETRIC_REPRESENTATION_CONTEXT ( 3 ) GLOBAL_UNCERTAINTY_ASSIGNED_CONTEXT ( ( #4053 ) ) GLOBAL_UNIT_ASSIGNED_CONTEXT ( ( #2553, #8709, #3436 ) ) REPRESENTATION_CONTEXT ( 'NONE', 'WORKASPACE' ) );
#2141 = ORIENTED_EDGE ( 'NONE', *, *, #9231, .F. ) ;
#2142 = PLANE ( 'NONE',  #6018 ) ;
#2143 =( GEOMETRIC_REPRESENTATION_CONTEXT ( 3 ) GLOBAL_UNCERTAINTY_ASSIGNED_CONTEXT ( ( #2072 ) ) GLOBAL_UNIT_ASSIGNED_CONTEXT ( ( #1959, #1914, #1880 ) ) REPRESENTATION_CONTEXT ( 'NONE', 'WORKASPACE' ) );
#2144 =( LENGTH_UNIT ( ) NAMED_UNIT ( * ) SI_UNIT ( $, .METRE. ) );
#2145 = ORIENTED_EDGE ( 'NONE', *, *, #5418, .T. ) ;
#2146 = FILL_AREA_STYLE ('',( #10300 ) ) ;
#2147 = MECHANICAL_DESIGN_GEOMETRIC_PRESENTATION_REPRESENTATION (  '', ( #383 ), #2721 ) ;
#2148 = PRESENTATION_LAYER_ASSIGNMENT (  '', '', ( #1558 ) ) ;
#2149 =( NAMED_UNIT ( * ) PLANE_ANGLE_UNIT ( ) SI_UNIT ( $, .RADIAN. ) );
#2150 =( LENGTH_UNIT ( ) NAMED_UNIT ( * ) SI_UNIT ( $, .METRE. ) );
#2151 = UNCERTAINTY_MEASURE_WITH_UNIT (LENGTH_MEASURE( 1.000000000000000100E-005 ), #6916, 'distance_accuracy_value', 'NONE');
#2152 = VERTEX_POINT ( 'NONE', #9782 ) ;
#2153 = DIRECTION ( 'NONE',  ( 1.000000000000000000, -0.0000000000000000000, 0.0000000000000000000 ) ) ;
#2154 = UNCERTAINTY_MEASURE_WITH_UNIT (LENGTH_MEASURE( 1.000000000000000100E-005 ), #5995, 'distance_accuracy_value', 'NONE');
#2156 = VECTOR ( 'NONE', #4976, 39.37007874015748100 ) ;
#2155 = STYLED_ITEM ( 'NONE', ( #224 ), #7543 ) ;
#2157 = EDGE_CURVE ( 'NONE', #7598, #10746, #6040, .T. ) ;
#2158 = LINE ( 'NONE', #68, #8891 ) ;
#2160 = UNCERTAINTY_MEASURE_WITH_UNIT (LENGTH_MEASURE( 1.000000000000000100E-005 ), #4223, 'distance_accuracy_value', 'NONE');
#2159 = PLANE ( 'NONE',  #2007 ) ;
#2161 = FILL_AREA_STYLE ('',( #2770 ) ) ;
#2162 = DIRECTION ( 'NONE',  ( -0.0000000000000000000, 0.0000000000000000000, -1.000000000000000000 ) ) ;
#2163 = DIRECTION ( 'NONE',  ( 0.0000000000000000000, -0.0000000000000000000, -1.000000000000000000 ) ) ;
#2164 = ORIENTED_EDGE ( 'NONE', *, *, #7496, .F. ) ;
#2165 = FILL_AREA_STYLE_COLOUR ( '', #3381 ) ;
#2166 =( NAMED_UNIT ( * ) PLANE_ANGLE_UNIT ( ) SI_UNIT ( $, .RADIAN. ) );
#2167 = VECTOR ( 'NONE', #4752, 39.37007874015748100 ) ;
#2168 = FILL_AREA_STYLE_COLOUR ( '', #4695 ) ;
#2169 = SURFACE_SIDE_STYLE ('',( #1857 ) ) ;
#2170 = DIRECTION ( 'NONE',  ( 1.000000000000000000, -0.0000000000000000000, 0.0000000000000000000 ) ) ;
#2171 = CARTESIAN_POINT ( 'NONE',  ( -0.09055118110236221000, 0.009842519685039369900, 0.005118110236220508800 ) ) ;
#2172 = FILL_AREA_STYLE_COLOUR ( '', #7754 ) ;
#2173 = ADVANCED_FACE ( 'NONE', ( #7162 ), #8334, .F. ) ;
#2174 = PLANE ( 'NONE',  #9341 ) ;
#2175 = EDGE_CURVE ( 'NONE', #8886, #7101, #2592, .T. ) ;
#2176 = COLOUR_RGB ( '',0.2509803921568627400, 0.2509803921568627400, 0.2509803921568627400 ) ;
#2177 = EDGE_CURVE ( 'NONE', #6242, #5333, #9608, .T. ) ;
#2178 =( LENGTH_UNIT ( ) NAMED_UNIT ( * ) SI_UNIT ( $, .METRE. ) );
#2179 = CARTESIAN_POINT ( 'NONE',  ( -0.07086614173228347700, 0.009842519685039369900, -0.07480314960629917700 ) ) ;
#2180 = STYLED_ITEM ( 'NONE', ( #9488 ), #8330 ) ;
#2181 = LINE ( 'NONE', #2290, #8639 ) ;
#2182 =( NAMED_UNIT ( * ) SI_UNIT ( $, .STERADIAN. ) SOLID_ANGLE_UNIT ( ) );
#2183 = LINE ( 'NONE', #5445, #4518 ) ;
#2184 = MANIFOLD_SOLID_BREP ( 'Boss-Extrude2[3]', #9133 ) ;
#2185 =( CONVERSION_BASED_UNIT ( 'INCH', #8630 ) LENGTH_UNIT ( ) NAMED_UNIT ( #2811 ) );
#2186 = DIRECTION ( 'NONE',  ( 0.0000000000000000000, 1.000000000000000000, 0.0000000000000000000 ) ) ;
#2187 = LENGTH_MEASURE_WITH_UNIT ( LENGTH_MEASURE( 0.02539999999999999900 ), #10165 );
#2188 = DIRECTION ( 'NONE',  ( 0.0000000000000000000, -1.000000000000000000, -0.0000000000000000000 ) ) ;
#2189 = COLOUR_RGB ( '',0.2509803921568627400, 0.2509803921568627400, 0.2509803921568627400 ) ;
#2190 = DIRECTION ( 'NONE',  ( 1.000000000000000000, 0.0000000000000000000, -0.0000000000000000000 ) ) ;
#2191 = VERTEX_POINT ( 'NONE', #9103 ) ;
#2192 = DIRECTION ( 'NONE',  ( 1.000000000000000000, 0.0000000000000000000, -0.0000000000000000000 ) ) ;
#2193 = AXIS2_PLACEMENT_3D ( 'NONE', #2652, #8811, #3538 ) ;
#2194 =( CONVERSION_BASED_UNIT ( 'INCH', #7116 ) LENGTH_UNIT ( ) NAMED_UNIT ( #1091 ) );
#2195 =( GEOMETRIC_REPRESENTATION_CONTEXT ( 3 ) GLOBAL_UNCERTAINTY_ASSIGNED_CONTEXT ( ( #817 ) ) GLOBAL_UNIT_ASSIGNED_CONTEXT ( ( #5559, #288, #6425 ) ) REPRESENTATION_CONTEXT ( 'NONE', 'WORKASPACE' ) );
#2196 = LINE ( 'NONE', #10132, #1920 ) ;
#2197 = LINE ( 'NONE', #8367, #6884 ) ;
#2198 =( NAMED_UNIT ( * ) SI_UNIT ( $, .STERADIAN. ) SOLID_ANGLE_UNIT ( ) );
#2199 = FILL_AREA_STYLE ('',( #2733 ) ) ;
#2200 = PLANE ( 'NONE',  #3821 ) ;
#2201 = PLANE ( 'NONE',  #5522 ) ;
#2202 = DIMENSIONAL_EXPONENTS ( 1.000000000000000000, 0.0000000000000000000, 0.0000000000000000000, 0.0000000000000000000, 0.0000000000000000000, 0.0000000000000000000, 0.0000000000000000000 ) ;
#2203 = DIRECTION ( 'NONE',  ( 0.0000000000000000000, -1.000000000000000000, 0.0000000000000000000 ) ) ;
#2204 = VERTEX_POINT ( 'NONE', #10780 ) ;
#2205 =( GEOMETRIC_REPRESENTATION_CONTEXT ( 3 ) GLOBAL_UNCERTAINTY_ASSIGNED_CONTEXT ( ( #11043 ) ) GLOBAL_UNIT_ASSIGNED_CONTEXT ( ( #2409, #2378, #2302 ) ) REPRESENTATION_CONTEXT ( 'NONE', 'WORKASPACE' ) );
#2206 = VECTOR ( 'NONE', #7989, 39.37007874015748100 ) ;
#2207 =( NAMED_UNIT ( * ) SI_UNIT ( $, .STERADIAN. ) SOLID_ANGLE_UNIT ( ) );
#2208 = LENGTH_MEASURE_WITH_UNIT ( LENGTH_MEASURE( 0.02539999999999999900 ), #1119 );
#2209 = FACE_OUTER_BOUND ( 'NONE', #6956, .T. ) ;
#2210 =( CONVERSION_BASED_UNIT ( 'INCH', #2839 ) LENGTH_UNIT ( ) NAMED_UNIT ( #11055 ) );
#2211 = MECHANICAL_DESIGN_GEOMETRIC_PRESENTATION_REPRESENTATION (  '', ( #455 ), #2796 ) ;
#2212 = LINE ( 'NONE', #1568, #6900 ) ;
#2213 = AXIS2_PLACEMENT_3D ( 'NONE', #2773, #2726, #2695 ) ;
#2214 = LINE ( 'NONE', #5572, #1252 ) ;
#2215 = AXIS2_PLACEMENT_3D ( 'NONE', #8762, #3498, #9638 ) ;
#2216 = ORIENTED_EDGE ( 'NONE', *, *, #3272, .T. ) ;
#2217 =( NAMED_UNIT ( * ) PLANE_ANGLE_UNIT ( ) SI_UNIT ( $, .RADIAN. ) );
#2218 = EDGE_LOOP ( 'NONE', ( #4321, #244, #7930, #8960 ) ) ;
#2219 =( GEOMETRIC_REPRESENTATION_CONTEXT ( 3 ) GLOBAL_UNCERTAINTY_ASSIGNED_CONTEXT ( ( #6734 ) ) GLOBAL_UNIT_ASSIGNED_CONTEXT ( ( #9101, #3836, #9982 ) ) REPRESENTATION_CONTEXT ( 'NONE', 'WORKASPACE' ) );
#2220 = PRESENTATION_STYLE_ASSIGNMENT (( #5586 ) ) ;
#2221 =( NAMED_UNIT ( * ) PLANE_ANGLE_UNIT ( ) SI_UNIT ( $, .RADIAN. ) );
#2222 = LINE ( 'NONE', #1473, #6630 ) ;
#2223 = ADVANCED_FACE ( 'NONE', ( #7013 ), #9457, .F. ) ;
#2224 = UNCERTAINTY_MEASURE_WITH_UNIT (LENGTH_MEASURE( 1.000000000000000100E-005 ), #4553, 'distance_accuracy_value', 'NONE');
#2225 = DIRECTION ( 'NONE',  ( 0.0000000000000000000, 0.0000000000000000000, 1.000000000000000000 ) ) ;
#2226 = PRESENTATION_STYLE_ASSIGNMENT (( #8553 ) ) ;
#2227 = DIRECTION ( 'NONE',  ( 1.000000000000000000, -0.0000000000000000000, 0.0000000000000000000 ) ) ;
#2228 = EDGE_LOOP ( 'NONE', ( #7337, #7048, #451, #8738 ) ) ;
#2229 = MECHANICAL_DESIGN_GEOMETRIC_PRESENTATION_REPRESENTATION (  '', ( #1066 ), #2820 ) ;
#2230 = EDGE_LOOP ( 'NONE', ( #4126, #747, #10360, #3737 ) ) ;
#2231 = DIMENSIONAL_EXPONENTS ( 1.000000000000000000, 0.0000000000000000000, 0.0000000000000000000, 0.0000000000000000000, 0.0000000000000000000, 0.0000000000000000000, 0.0000000000000000000 ) ;
#2232 = DIRECTION ( 'NONE',  ( 1.000000000000000000, 0.0000000000000000000, -0.0000000000000000000 ) ) ;
#2233 = DIRECTION ( 'NONE',  ( 0.0000000000000000000, 1.000000000000000000, 0.0000000000000000000 ) ) ;
#2234 = ORIENTED_EDGE ( 'NONE', *, *, #695, .F. ) ;
#2235 = FILL_AREA_STYLE_COLOUR ( '', #3609 ) ;
#2236 =( CONVERSION_BASED_UNIT ( 'INCH', #6396 ) LENGTH_UNIT ( ) NAMED_UNIT ( #11062 ) );
#2237 = EDGE_CURVE ( 'NONE', #1129, #9953, #5243, .T. ) ;
#2238 = ORIENTED_EDGE ( 'NONE', *, *, #3119, .T. ) ;
#2239 =( LENGTH_UNIT ( ) NAMED_UNIT ( * ) SI_UNIT ( $, .METRE. ) );
#2240 = DIMENSIONAL_EXPONENTS ( 1.000000000000000000, 0.0000000000000000000, 0.0000000000000000000, 0.0000000000000000000, 0.0000000000000000000, 0.0000000000000000000, 0.0000000000000000000 ) ;
#2241 = EDGE_LOOP ( 'NONE', ( #8573, #6714, #9909, #10445 ) ) ;
#2242 = DIRECTION ( 'NONE',  ( -1.000000000000000000, -0.0000000000000000000, 0.0000000000000000000 ) ) ;
#2243 = CARTESIAN_POINT ( 'NONE',  ( 0.0000000000000000000, 0.0000000000000000000, 0.04606299212598425500 ) ) ;
#2244 = FILL_AREA_STYLE_COLOUR ( '', #6796 ) ;
#2245 = EDGE_CURVE ( 'NONE', #10105, #9219, #7586, .T. ) ;
#2246 = LINE ( 'NONE', #281, #6925 ) ;
#2247 = LINE ( 'NONE', #5664, #4586 ) ;
#2248 = FACE_OUTER_BOUND ( 'NONE', #9132, .T. ) ;
#2249 = FILL_AREA_STYLE ('',( #1358 ) ) ;
#2250 = ORIENTED_EDGE ( 'NONE', *, *, #1128, .F. ) ;
#2251 = DIRECTION ( 'NONE',  ( 0.0000000000000000000, -1.000000000000000000, 0.0000000000000000000 ) ) ;
#2252 = ORIENTED_EDGE ( 'NONE', *, *, #3206, .F. ) ;
#2253 = DIRECTION ( 'NONE',  ( -1.000000000000000000, 0.0000000000000000000, 1.204669080539449800E-016 ) ) ;
#2254 = ORIENTED_EDGE ( 'NONE', *, *, #5263, .T. ) ;
#2255 =( NAMED_UNIT ( * ) PLANE_ANGLE_UNIT ( ) SI_UNIT ( $, .RADIAN. ) );
#2256 = ORIENTED_EDGE ( 'NONE', *, *, #5858, .F. ) ;
#2257 = LENGTH_MEASURE_WITH_UNIT ( LENGTH_MEASURE( 0.02539999999999999900 ), #2468 );
#2258 = DIRECTION ( 'NONE',  ( 0.0000000000000000000, -0.0000000000000000000, 1.000000000000000000 ) ) ;
#2259 = LINE ( 'NONE', #6517, #6669 ) ;
#2260 = LINE ( 'NONE', #6085, #4320 ) ;
#2261 = CARTESIAN_POINT ( 'NONE',  ( -0.07283464566929133400, 0.009842519685039369900, 0.0000000000000000000 ) ) ;
#2262 = LENGTH_MEASURE_WITH_UNIT ( LENGTH_MEASURE( 0.02539999999999999900 ), #737 );
#2263 = ORIENTED_EDGE ( 'NONE', *, *, #7396, .F. ) ;
#2264 = EDGE_CURVE ( 'NONE', #3299, #1044, #573, .T. ) ;
#2265 = PRESENTATION_LAYER_ASSIGNMENT (  '', '', ( #1089 ) ) ;
#2266 =( CONVERSION_BASED_UNIT ( 'INCH', #5116 ) LENGTH_UNIT ( ) NAMED_UNIT ( #4416 ) );
#2267 = ORIENTED_EDGE ( 'NONE', *, *, #8550, .F. ) ;
#2268 = FILL_AREA_STYLE_COLOUR ( '', #1706 ) ;
#2269 = ORIENTED_EDGE ( 'NONE', *, *, #10883, .F. ) ;
#2270 = AXIS2_PLACEMENT_3D ( 'NONE', #6481, #1217, #7386 ) ;
#2271 = ORIENTED_EDGE ( 'NONE', *, *, #2237, .F. ) ;
#2272 = FILL_AREA_STYLE ('',( #516 ) ) ;
#2273 = CARTESIAN_POINT ( 'NONE',  ( 0.04606299212598424800, 0.009842519685039369900, 0.08661417322834648300 ) ) ;
#2274 = CARTESIAN_POINT ( 'NONE',  ( -0.04606299212598425500, 0.009842519685039369900, 0.08661417322834648300 ) ) ;
#2275 = ORIENTED_EDGE ( 'NONE', *, *, #6523, .T. ) ;
#2276 = DIRECTION ( 'NONE',  ( -0.0000000000000000000, -0.0000000000000000000, 1.000000000000000000 ) ) ;
#2277 = STYLED_ITEM ( 'NONE', ( #1541 ), #766 ) ;
#2278 = VECTOR ( 'NONE', #4847, 39.37007874015748100 ) ;
#2279 = FILL_AREA_STYLE_COLOUR ( '', #4257 ) ;
#2280 = DIRECTION ( 'NONE',  ( 1.204669080539449800E-016, 0.0000000000000000000, -1.000000000000000000 ) ) ;
#2281 = CARTESIAN_POINT ( 'NONE',  ( -0.07283464566929134800, 0.009842519685039369900, -0.005118110236220437700 ) ) ;
#2282 = ADVANCED_FACE ( 'NONE', ( #2602, #2894, #7313, #290, #9346, #7024, #4682, #2341, #27, #9073, #6755, #4391, #2071, #11099, #8806, #6472, #4144, #1796, #10820, #8525, #6182, #3850 ), #8357, .F. ) ;
#2283 = MECHANICAL_DESIGN_GEOMETRIC_PRESENTATION_REPRESENTATION (  '', ( #526 ), #2861 ) ;
#2284 = CARTESIAN_POINT ( 'NONE',  ( 0.0000000000000000000, 0.0000000000000000000, -0.06889763779527555100 ) ) ;
#2285 = VERTEX_POINT ( 'NONE', #8545 ) ;
#2286 = PRESENTATION_LAYER_ASSIGNMENT (  '', '', ( #1108 ) ) ;
#2287 = AXIS2_PLACEMENT_3D ( 'NONE', #984, #7127, #1859 ) ;
#2288 = LINE ( 'NONE', #3326, #11033 ) ;
#2289 = ORIENTED_EDGE ( 'NONE', *, *, #1071, .T. ) ;
#2290 = CARTESIAN_POINT ( 'NONE',  ( 0.0000000000000000000, 0.0000000000000000000, 0.02047244094488188900 ) ) ;
#2291 = AXIS2_PLACEMENT_3D ( 'NONE', #10804, #5595, #338 ) ;
#2292 = FILL_AREA_STYLE ('',( #4018 ) ) ;
#2293 = ORIENTED_EDGE ( 'NONE', *, *, #10866, .T. ) ;
#2294 =( NAMED_UNIT ( * ) PLANE_ANGLE_UNIT ( ) SI_UNIT ( $, .RADIAN. ) );
#2295 = AXIS2_PLACEMENT_3D ( 'NONE', #1772, #1701, #1659 ) ;
#2296 =( NAMED_UNIT ( * ) PLANE_ANGLE_UNIT ( ) SI_UNIT ( $, .RADIAN. ) );
#2297 = LINE ( 'NONE', #10959, #3521 ) ;
#2298 =( LENGTH_UNIT ( ) NAMED_UNIT ( * ) SI_UNIT ( $, .METRE. ) );
#2299 = STYLED_ITEM ( 'NONE', ( #4203 ), #10932 ) ;
#2300 = CARTESIAN_POINT ( 'NONE',  ( 0.03070866141732283400, -0.02046108103966344500, 0.08661417322834648300 ) ) ;
#2301 = VERTEX_POINT ( 'NONE', #6645 ) ;
#2302 =( NAMED_UNIT ( * ) SI_UNIT ( $, .STERADIAN. ) SOLID_ANGLE_UNIT ( ) );
#2303 = EDGE_CURVE ( 'NONE', #1569, #8577, #5107, .T. ) ;
#2304 = LENGTH_MEASURE_WITH_UNIT ( LENGTH_MEASURE( 0.02539999999999999900 ), #8808 );
#2305 = COLOUR_RGB ( '',0.9686274509803921600, 0.8784313725490196000, 0.5999999999999999800 ) ;
#2306 = EDGE_CURVE ( 'NONE', #11100, #11132, #7447, .T. ) ;
#2307 = CARTESIAN_POINT ( 'NONE',  ( 0.04606299212598425500, 0.0000000000000000000, 0.06889763779527562100 ) ) ;
#2308 =( CONVERSION_BASED_UNIT ( 'INCH', #7382 ) LENGTH_UNIT ( ) NAMED_UNIT ( #6737 ) );
#2309 = PRESENTATION_STYLE_ASSIGNMENT (( #4083 ) ) ;
#2310 = SURFACE_STYLE_USAGE ( .BOTH. , #2344 ) ;
#2311 = DIRECTION ( 'NONE',  ( 0.0000000000000000000, 0.0000000000000000000, 1.000000000000000000 ) ) ;
#2312 = CARTESIAN_POINT ( 'NONE',  ( 0.0000000000000000000, 0.009842519685039369900, 0.03070866141732286900 ) ) ;
#2313 =( NAMED_UNIT ( * ) SI_UNIT ( $, .STERADIAN. ) SOLID_ANGLE_UNIT ( ) );
#2314 =( NAMED_UNIT ( * ) PLANE_ANGLE_UNIT ( ) SI_UNIT ( $, .RADIAN. ) );
#2315 = SURFACE_STYLE_USAGE ( .BOTH. , #7596 ) ;
#2316 = EDGE_CURVE ( 'NONE', #9682, #9798, #425, .T. ) ;
#2317 = SURFACE_STYLE_FILL_AREA ( #3644 ) ;
#2318 = CARTESIAN_POINT ( 'NONE',  ( 0.05629921259842520000, 0.0000000000000000000, 0.06889763779527562100 ) ) ;
#2319 = EDGE_CURVE ( 'NONE', #1746, #616, #7163, .T. ) ;
#2320 = DIRECTION ( 'NONE',  ( -0.0000000000000000000, 1.000000000000000000, 0.0000000000000000000 ) ) ;
#2321 =( GEOMETRIC_REPRESENTATION_CONTEXT ( 3 ) GLOBAL_UNCERTAINTY_ASSIGNED_CONTEXT ( ( #1646 ) ) GLOBAL_UNIT_ASSIGNED_CONTEXT ( ( #4714, #10813, #5605 ) ) REPRESENTATION_CONTEXT ( 'NONE', 'WORKASPACE' ) );
#2322 = CARTESIAN_POINT ( 'NONE',  ( -0.09055118110236221000, -0.02046108103966344500, 0.03070866141732286900 ) ) ;
#2323 =( CONVERSION_BASED_UNIT ( 'INCH', #3223 ) LENGTH_UNIT ( ) NAMED_UNIT ( #3480 ) );
#2324 = SURFACE_SIDE_STYLE ('',( #1444 ) ) ;
#2325 = FACE_OUTER_BOUND ( 'NONE', #7376, .T. ) ;
#2326 = COLOUR_RGB ( '',0.9686274509803921600, 0.8784313725490196000, 0.5999999999999999800 ) ;
#2327 = PRESENTATION_STYLE_ASSIGNMENT (( #11121 ) ) ;
#2328 = ADVANCED_FACE ( 'NONE', ( #4820 ), #4978, .F. ) ;
#2329 = FILL_AREA_STYLE ('',( #1459 ) ) ;
#2330 = ORIENTED_EDGE ( 'NONE', *, *, #7699, .T. ) ;
#2331 = FACE_OUTER_BOUND ( 'NONE', #9, .T. ) ;
#2332 = LENGTH_MEASURE_WITH_UNIT ( LENGTH_MEASURE( 0.02539999999999999900 ), #11208 );
#2333 = VERTEX_POINT ( 'NONE', #5601 ) ;
#2334 =( NAMED_UNIT ( * ) SI_UNIT ( $, .STERADIAN. ) SOLID_ANGLE_UNIT ( ) );
#2335 = PRESENTATION_LAYER_ASSIGNMENT (  '', '', ( #1171 ) ) ;
#2336 = DIMENSIONAL_EXPONENTS ( 1.000000000000000000, 0.0000000000000000000, 0.0000000000000000000, 0.0000000000000000000, 0.0000000000000000000, 0.0000000000000000000, 0.0000000000000000000 ) ;
#2337 = VECTOR ( 'NONE', #1477, 39.37007874015748100 ) ;
#2338 = FILL_AREA_STYLE ('',( #1464 ) ) ;
#2339 = MECHANICAL_DESIGN_GEOMETRIC_PRESENTATION_REPRESENTATION (  '', ( #587 ), #2940 ) ;
#2340 = DIRECTION ( 'NONE',  ( -1.000000000000000000, -0.0000000000000000000, 0.0000000000000000000 ) ) ;
#2341 = FACE_BOUND ( 'NONE', #2746, .T. ) ;
#2342 = PRESENTATION_LAYER_ASSIGNMENT (  '', '', ( #1178 ) ) ;
#2343 = ORIENTED_EDGE ( 'NONE', *, *, #9664, .F. ) ;
#2344 = SURFACE_SIDE_STYLE ('',( #7687 ) ) ;
#2345 = MECHANICAL_DESIGN_GEOMETRIC_PRESENTATION_REPRESENTATION (  '', ( #592 ), #2945 ) ;
#2346 = DIMENSIONAL_EXPONENTS ( 1.000000000000000000, 0.0000000000000000000, 0.0000000000000000000, 0.0000000000000000000, 0.0000000000000000000, 0.0000000000000000000, 0.0000000000000000000 ) ;
#2347 = VECTOR ( 'NONE', #10829, 39.37007874015748100 ) ;
#2348 = SURFACE_SIDE_STYLE ('',( #7570 ) ) ;
#2349 = CARTESIAN_POINT ( 'NONE',  ( 0.02047244094488188600, 0.009842519685039369900, -0.08661417322834641400 ) ) ;
#2350 = SURFACE_SIDE_STYLE ('',( #4168 ) ) ;
#2351 = VECTOR ( 'NONE', #5069, 39.37007874015748100 ) ;
#2352 = DIRECTION ( 'NONE',  ( -0.0000000000000000000, -1.000000000000000000, -0.0000000000000000000 ) ) ;
#2353 =( CONVERSION_BASED_UNIT ( 'INCH', #959 ) LENGTH_UNIT ( ) NAMED_UNIT ( #9227 ) );
#2354 = LINE ( 'NONE', #9110, #8819 ) ;
#2355 = COLOUR_RGB ( '',0.2509803921568627400, 0.2509803921568627400, 0.2509803921568627400 ) ;
#2356 = ORIENTED_EDGE ( 'NONE', *, *, #2906, .F. ) ;
#2357 = MECHANICAL_DESIGN_GEOMETRIC_PRESENTATION_REPRESENTATION (  '', ( #1187 ), #2953 ) ;
#2358 = ORIENTED_EDGE ( 'NONE', *, *, #6526, .T. ) ;
#2359 =( CONVERSION_BASED_UNIT ( 'INCH', #8080 ) LENGTH_UNIT ( ) NAMED_UNIT ( #10943 ) );
#2360 = PRESENTATION_STYLE_ASSIGNMENT (( #367 ) ) ;
#2361 = SURFACE_SIDE_STYLE ('',( #11177 ) ) ;
#2362 = PRESENTATION_LAYER_ASSIGNMENT (  '', '', ( #1189 ) ) ;
#2363 = DIMENSIONAL_EXPONENTS ( 1.000000000000000000, 0.0000000000000000000, 0.0000000000000000000, 0.0000000000000000000, 0.0000000000000000000, 0.0000000000000000000, 0.0000000000000000000 ) ;
#2364 = LINE ( 'NONE', #4051, #7044 ) ;
#2365 = DIRECTION ( 'NONE',  ( 0.0000000000000000000, 1.000000000000000000, 0.0000000000000000000 ) ) ;
#2366 = FILL_AREA_STYLE ('',( #3258 ) ) ;
#2367 = COLOUR_RGB ( '',0.9686274509803921600, 0.8784313725490196000, 0.5999999999999999800 ) ;
#2368 =( LENGTH_UNIT ( ) NAMED_UNIT ( * ) SI_UNIT ( $, .METRE. ) );
#2369 = STYLED_ITEM ( 'NONE', ( #670 ), #5628 ) ;
#2370 = FILL_AREA_STYLE_COLOUR ( '', #7078 ) ;
#2371 = EDGE_LOOP ( 'NONE', ( #2293, #6600, #4434, #1290 ) ) ;
#2372 = EDGE_LOOP ( 'NONE', ( #9290, #7515, #2903, #6183 ) ) ;
#2373 = MECHANICAL_DESIGN_GEOMETRIC_PRESENTATION_REPRESENTATION (  '', ( #618 ), #2969 ) ;
#2374 = PLANE ( 'NONE',  #10569 ) ;
#2375 = LENGTH_MEASURE_WITH_UNIT ( LENGTH_MEASURE( 0.02539999999999999900 ), #2438 );
#2376 = CARTESIAN_POINT ( 'NONE',  ( 0.07283464566929139000, 0.009842519685039369900, -0.02047244094488188900 ) ) ;
#2377 = VERTEX_POINT ( 'NONE', #4062 ) ;
#2378 =( NAMED_UNIT ( * ) PLANE_ANGLE_UNIT ( ) SI_UNIT ( $, .RADIAN. ) );
#2379 = VERTEX_POINT ( 'NONE', #4103 ) ;
#2380 = VERTEX_POINT ( 'NONE', #3911 ) ;
#2381 = SURFACE_STYLE_FILL_AREA ( #10911 ) ;
#2382 = VECTOR ( 'NONE', #4115, 39.37007874015748100 ) ;
#2383 = LINE ( 'NONE', #8264, #10062 ) ;
#2384 = DIRECTION ( 'NONE',  ( -1.000000000000000000, 0.0000000000000000000, -0.0000000000000000000 ) ) ;
#2385 = EDGE_LOOP ( 'NONE', ( #8608, #4301, #351, #10870 ) ) ;
#2386 = EDGE_CURVE ( 'NONE', #790, #3260, #3433, .T. ) ;
#2387 =( LENGTH_UNIT ( ) NAMED_UNIT ( * ) SI_UNIT ( $, .METRE. ) );
#2388 = EDGE_CURVE ( 'NONE', #5672, #2379, #3704, .T. ) ;
#2389 = CARTESIAN_POINT ( 'NONE',  ( 0.05629921259842520000, 0.009842519685039369900, 0.0000000000000000000 ) ) ;
#2390 = ORIENTED_EDGE ( 'NONE', *, *, #2516, .T. ) ;
#2391 = ADVANCED_FACE ( 'NONE', ( #5777 ), #3181, .F. ) ;
#2392 =( GEOMETRIC_REPRESENTATION_CONTEXT ( 3 ) GLOBAL_UNCERTAINTY_ASSIGNED_CONTEXT ( ( #10631 ) ) GLOBAL_UNIT_ASSIGNED_CONTEXT ( ( #2026, #8161, #2897 ) ) REPRESENTATION_CONTEXT ( 'NONE', 'WORKASPACE' ) );
#2393 =( NAMED_UNIT ( * ) SI_UNIT ( $, .STERADIAN. ) SOLID_ANGLE_UNIT ( ) );
#2394 =( LENGTH_UNIT ( ) NAMED_UNIT ( * ) SI_UNIT ( $, .METRE. ) );
#2395 = ORIENTED_EDGE ( 'NONE', *, *, #7166, .F. ) ;
#2396 = LINE ( 'NONE', #4575, #76 ) ;
#2397 = VERTEX_POINT ( 'NONE', #3982 ) ;
#2398 = COLOUR_RGB ( '',0.2509803921568627400, 0.2509803921568627400, 0.2509803921568627400 ) ;
#2399 = CARTESIAN_POINT ( 'NONE',  ( 0.0000000000000000000, 0.0000000000000000000, 0.0000000000000000000 ) ) ;
#2400 = VERTEX_POINT ( 'NONE', #2102 ) ;
#2401 = SURFACE_STYLE_USAGE ( .BOTH. , #2432 ) ;
#2402 = LENGTH_MEASURE_WITH_UNIT ( LENGTH_MEASURE( 0.02539999999999999900 ), #3055 );
#2403 = CARTESIAN_POINT ( 'NONE',  ( -0.08543307086614174200, 0.1023622047244094600, 0.08149606299212600000 ) ) ;
#2404 = VERTEX_POINT ( 'NONE', #2062 ) ;
#2405 = STYLED_ITEM ( 'NONE', ( #4304 ), #9352 ) ;
#2406 = SURFACE_STYLE_USAGE ( .BOTH. , #2435 ) ;
#2407 = EDGE_LOOP ( 'NONE', ( #7119, #2256, #6062, #1689 ) ) ;
#2408 =( LENGTH_UNIT ( ) NAMED_UNIT ( * ) SI_UNIT ( $, .METRE. ) );
#2409 =( CONVERSION_BASED_UNIT ( 'INCH', #2375 ) LENGTH_UNIT ( ) NAMED_UNIT ( #4388 ) );
#2410 = STYLED_ITEM ( 'NONE', ( #7662 ), #6133 ) ;
#2411 = ORIENTED_EDGE ( 'NONE', *, *, #4228, .T. ) ;
#2412 = STYLED_ITEM ( 'NONE', ( #2991 ), #4071 ) ;
#2413 =( NAMED_UNIT ( * ) SI_UNIT ( $, .STERADIAN. ) SOLID_ANGLE_UNIT ( ) );
#2414 = DIRECTION ( 'NONE',  ( 1.000000000000000000, 0.0000000000000000000, -0.0000000000000000000 ) ) ;
#2415 = CARTESIAN_POINT ( 'NONE',  ( 0.07283464566929139000, 0.009842519685039369900, 0.05629921259842522000 ) ) ;
#2416 = ORIENTED_EDGE ( 'NONE', *, *, #3412, .F. ) ;
#2417 = UNCERTAINTY_MEASURE_WITH_UNIT (LENGTH_MEASURE( 1.000000000000000100E-005 ), #8211, 'distance_accuracy_value', 'NONE');
#2418 = ADVANCED_FACE ( 'NONE', ( #2331 ), #2142, .F. ) ;
#2419 = FILL_AREA_STYLE ('',( #3036 ) ) ;
#2420 = AXIS2_PLACEMENT_3D ( 'NONE', #5106, #654, #1561 ) ;
#2421 = SURFACE_STYLE_USAGE ( .BOTH. , #7703 ) ;
#2422 = CARTESIAN_POINT ( 'NONE',  ( 0.09055118110236223800, 0.0000000000000000000, 0.0000000000000000000 ) ) ;
#2423 = PRESENTATION_LAYER_ASSIGNMENT (  '', '', ( #1249 ) ) ;
#2424 = CARTESIAN_POINT ( 'NONE',  ( -0.05629921259842520600, 0.009842519685039369900, 0.08661417322834648300 ) ) ;
#2425 = SURFACE_STYLE_USAGE ( .BOTH. , #2499 ) ;
#2426 = STYLED_ITEM ( 'NONE', ( #8634 ), #2800 ) ;
#2427 = ORIENTED_EDGE ( 'NONE', *, *, #10324, .F. ) ;
#2428 = STYLED_ITEM ( 'NONE', ( #4953 ), #5301 ) ;
#2430 = LINE ( 'NONE', #5634, #4775 ) ;
#2429 =( GEOMETRIC_REPRESENTATION_CONTEXT ( 3 ) GLOBAL_UNCERTAINTY_ASSIGNED_CONTEXT ( ( #1457 ) ) GLOBAL_UNIT_ASSIGNED_CONTEXT ( ( #10396, #5179, #11255 ) ) REPRESENTATION_CONTEXT ( 'NONE', 'WORKASPACE' ) );
#2431 = DIRECTION ( 'NONE',  ( 0.0000000000000000000, -0.0000000000000000000, -1.000000000000000000 ) ) ;
#2432 = SURFACE_SIDE_STYLE ('',( #8155 ) ) ;
#2433 =( NAMED_UNIT ( * ) PLANE_ANGLE_UNIT ( ) SI_UNIT ( $, .RADIAN. ) );
#2434 = EDGE_CURVE ( 'NONE', #7917, #10446, #8235, .T. ) ;
#2435 = SURFACE_SIDE_STYLE ('',( #3318 ) ) ;
#2436 =( GEOMETRIC_REPRESENTATION_CONTEXT ( 3 ) GLOBAL_UNCERTAINTY_ASSIGNED_CONTEXT ( ( #5011 ) ) GLOBAL_UNIT_ASSIGNED_CONTEXT ( ( #9563, #4302, #10413 ) ) REPRESENTATION_CONTEXT ( 'NONE', 'WORKASPACE' ) );
#2437 = FILL_AREA_STYLE_COLOUR ( '', #7213 ) ;
#2438 =( LENGTH_UNIT ( ) NAMED_UNIT ( * ) SI_UNIT ( $, .METRE. ) );
#2439 = EDGE_CURVE ( 'NONE', #9804, #9109, #5899, .T. ) ;
#2440 = VECTOR ( 'NONE', #6539, 39.37007874015748100 ) ;
#2441 = EDGE_CURVE ( 'NONE', #1150, #11135, #10539, .T. ) ;
#2442 = DIRECTION ( 'NONE',  ( -0.0000000000000000000, -1.000000000000000000, -0.0000000000000000000 ) ) ;
#2443 =( GEOMETRIC_REPRESENTATION_CONTEXT ( 3 ) GLOBAL_UNCERTAINTY_ASSIGNED_CONTEXT ( ( #8267 ) ) GLOBAL_UNIT_ASSIGNED_CONTEXT ( ( #4110, #10236, #4990 ) ) REPRESENTATION_CONTEXT ( 'NONE', 'WORKASPACE' ) );
#2444 =( NAMED_UNIT ( * ) PLANE_ANGLE_UNIT ( ) SI_UNIT ( $, .RADIAN. ) );
#2445 = COLOUR_RGB ( '',0.2509803921568627400, 0.2509803921568627400, 0.2509803921568627400 ) ;
#2446 = LINE ( 'NONE', #2947, #6873 ) ;
#2447 = PLANE ( 'NONE',  #6568 ) ;
#2448 = DIRECTION ( 'NONE',  ( -0.0000000000000000000, 1.000000000000000000, 0.0000000000000000000 ) ) ;
#2449 = CARTESIAN_POINT ( 'NONE',  ( -0.07874015748031494600, 0.009842519685039369900, -0.06692913385826766700 ) ) ;
#2450 =( NAMED_UNIT ( * ) SI_UNIT ( $, .STERADIAN. ) SOLID_ANGLE_UNIT ( ) );
#2451 = LENGTH_MEASURE_WITH_UNIT ( LENGTH_MEASURE( 0.02539999999999999900 ), #849 );
#2452 = DIRECTION ( 'NONE',  ( 0.0000000000000000000, -0.0000000000000000000, -1.000000000000000000 ) ) ;
#2453 = STYLED_ITEM ( 'NONE', ( #1151 ), #12 ) ;
#2454 = ORIENTED_EDGE ( 'NONE', *, *, #6602, .F. ) ;
#2455 = DIMENSIONAL_EXPONENTS ( 1.000000000000000000, 0.0000000000000000000, 0.0000000000000000000, 0.0000000000000000000, 0.0000000000000000000, 0.0000000000000000000, 0.0000000000000000000 ) ;
#2456 = VECTOR ( 'NONE', #8692, 39.37007874015748100 ) ;
#2457 = LINE ( 'NONE', #7977, #145 ) ;
#2458 = EDGE_CURVE ( 'NONE', #7937, #10597, #3553, .T. ) ;
#2459 =( NAMED_UNIT ( * ) SI_UNIT ( $, .STERADIAN. ) SOLID_ANGLE_UNIT ( ) );
#2460 = PLANE ( 'NONE',  #3010 ) ;
#2461 = AXIS2_PLACEMENT_3D ( 'NONE', #9461, #4220, #10339 ) ;
#2462 = DIMENSIONAL_EXPONENTS ( 1.000000000000000000, 0.0000000000000000000, 0.0000000000000000000, 0.0000000000000000000, 0.0000000000000000000, 0.0000000000000000000, 0.0000000000000000000 ) ;
#2463 =( NAMED_UNIT ( * ) SI_UNIT ( $, .STERADIAN. ) SOLID_ANGLE_UNIT ( ) );
#2464 =( CONVERSION_BASED_UNIT ( 'INCH', #4380 ) LENGTH_UNIT ( ) NAMED_UNIT ( #982 ) );
#2465 = VECTOR ( 'NONE', #4643, 39.37007874015748100 ) ;
#2466 = FILL_AREA_STYLE ('',( #4250 ) ) ;
#2467 = VECTOR ( 'NONE', #5674, 39.37007874015748100 ) ;
#2468 =( LENGTH_UNIT ( ) NAMED_UNIT ( * ) SI_UNIT ( $, .METRE. ) );
#2469 = ADVANCED_FACE ( 'NONE', ( #10014 ), #9344, .F. ) ;
#2470 = ORIENTED_EDGE ( 'NONE', *, *, #2668, .F. ) ;
#2471 = DIRECTION ( 'NONE',  ( 0.0000000000000000000, -0.0000000000000000000, 1.000000000000000000 ) ) ;
#2472 = STYLED_ITEM ( 'NONE', ( #8355 ), #5685 ) ;
#2473 = DIRECTION ( 'NONE',  ( 0.0000000000000000000, 1.000000000000000000, 0.0000000000000000000 ) ) ;
#2474 = COLOUR_RGB ( '',0.2509803921568627400, 0.2509803921568627400, 0.2509803921568627400 ) ;
#2475 = CARTESIAN_POINT ( 'NONE',  ( 0.005118110236220471500, -0.02046108103966344500, -0.08661417322834641400 ) ) ;
#2476 =( NAMED_UNIT ( * ) SI_UNIT ( $, .STERADIAN. ) SOLID_ANGLE_UNIT ( ) );
#2477 = VERTEX_POINT ( 'NONE', #9921 ) ;
#2478 = EDGE_LOOP ( 'NONE', ( #3557, #8237, #7718, #1445 ) ) ;
#2479 = PRESENTATION_LAYER_ASSIGNMENT (  '', '', ( #1326 ) ) ;
#2480 = LINE ( 'NONE', #7572, #1395 ) ;
#2481 = UNCERTAINTY_MEASURE_WITH_UNIT (LENGTH_MEASURE( 1.000000000000000100E-005 ), #5751, 'distance_accuracy_value', 'NONE');
#2482 = DIRECTION ( 'NONE',  ( 0.0000000000000000000, 1.000000000000000000, -0.0000000000000000000 ) ) ;
#2483 = AXIS2_PLACEMENT_3D ( 'NONE', #2399, #2365, #2258 ) ;
#2484 = UNCERTAINTY_MEASURE_WITH_UNIT (LENGTH_MEASURE( 1.000000000000000100E-005 ), #6319, 'distance_accuracy_value', 'NONE');
#2485 = DIRECTION ( 'NONE',  ( 2.409338161078899700E-016, 0.0000000000000000000, 1.000000000000000000 ) ) ;
#2486 = STYLED_ITEM ( 'NONE', ( #10693 ), #4818 ) ;
#2487 = VERTEX_POINT ( 'NONE', #4019 ) ;
#2488 = CARTESIAN_POINT ( 'NONE',  ( 0.02047244094488188900, -0.02046108103966344500, -0.06889763779527555100 ) ) ;
#2489 = EDGE_LOOP ( 'NONE', ( #9369, #10717, #5308, #4881 ) ) ;
#2490 = SURFACE_SIDE_STYLE ('',( #1824 ) ) ;
#2491 = STYLED_ITEM ( 'NONE', ( #5151 ), #6494 ) ;
#2492 = CARTESIAN_POINT ( 'NONE',  ( -0.02047244094488189300, 0.009842519685039369900, -0.08661417322834641400 ) ) ;
#2493 = COLOUR_RGB ( '',0.9686274509803921600, 0.8784313725490196000, 0.5999999999999999800 ) ;
#2494 = DIRECTION ( 'NONE',  ( 0.0000000000000000000, 0.0000000000000000000, -1.000000000000000000 ) ) ;
#2495 = DIMENSIONAL_EXPONENTS ( 1.000000000000000000, 0.0000000000000000000, 0.0000000000000000000, 0.0000000000000000000, 0.0000000000000000000, 0.0000000000000000000, 0.0000000000000000000 ) ;
#2496 = UNCERTAINTY_MEASURE_WITH_UNIT (LENGTH_MEASURE( 1.000000000000000100E-005 ), #8527, 'distance_accuracy_value', 'NONE');
#2497 = PLANE ( 'NONE',  #4215 ) ;
#2498 = SURFACE_STYLE_FILL_AREA ( #3941 ) ;
#2499 = SURFACE_SIDE_STYLE ('',( #5893 ) ) ;
#2500 = ORIENTED_EDGE ( 'NONE', *, *, #9157, .T. ) ;
#2501 = STYLED_ITEM ( 'NONE', ( #5767 ), #1728 ) ;
#2502 = VERTEX_POINT ( 'NONE', #7682 ) ;
#2503 = PLANE ( 'NONE',  #9641 ) ;
#2504 = ORIENTED_EDGE ( 'NONE', *, *, #10324, .T. ) ;
#2505 = CARTESIAN_POINT ( 'NONE',  ( 0.09055118110236222400, -0.02046108103966344500, -0.04606299212598424800 ) ) ;
#2506 = FACE_OUTER_BOUND ( 'NONE', #5818, .T. ) ;
#2507 =( NAMED_UNIT ( * ) PLANE_ANGLE_UNIT ( ) SI_UNIT ( $, .RADIAN. ) );
#2508 =( GEOMETRIC_REPRESENTATION_CONTEXT ( 3 ) GLOBAL_UNCERTAINTY_ASSIGNED_CONTEXT ( ( #8638 ) ) GLOBAL_UNIT_ASSIGNED_CONTEXT ( ( #10988, #10971, #10934 ) ) REPRESENTATION_CONTEXT ( 'NONE', 'WORKASPACE' ) );
#2509 =( NAMED_UNIT ( * ) SI_UNIT ( $, .STERADIAN. ) SOLID_ANGLE_UNIT ( ) );
#2510 = SURFACE_STYLE_FILL_AREA ( #9291 ) ;
#2511 = LENGTH_MEASURE_WITH_UNIT ( LENGTH_MEASURE( 0.02539999999999999900 ), #10660 );
#2512 = SURFACE_STYLE_USAGE ( .BOTH. , #7796 ) ;
#2513 = VECTOR ( 'NONE', #4446, 39.37007874015748100 ) ;
#2514 = EDGE_LOOP ( 'NONE', ( #1680, #9287, #8068, #4762 ) ) ;
#2515 = CARTESIAN_POINT ( 'NONE',  ( -0.09055118110236221000, 0.0000000000000000000, -0.03070866141732280600 ) ) ;
#2516 = EDGE_CURVE ( 'NONE', #2631, #2603, #9198, .T. ) ;
#2517 = VERTEX_POINT ( 'NONE', #682 ) ;
#2518 = ORIENTED_EDGE ( 'NONE', *, *, #11242, .F. ) ;
#2519 = VERTEX_POINT ( 'NONE', #6482 ) ;
#2520 = EDGE_CURVE ( 'NONE', #3496, #1717, #4527, .T. ) ;
#2521 = DIRECTION ( 'NONE',  ( -1.000000000000000000, -0.0000000000000000000, 0.0000000000000000000 ) ) ;
#2522 = SURFACE_STYLE_FILL_AREA ( #8104 ) ;
#2523 = ORIENTED_EDGE ( 'NONE', *, *, #2985, .T. ) ;
#2524 = PRESENTATION_STYLE_ASSIGNMENT (( #6754 ) ) ;
#2525 = PRESENTATION_STYLE_ASSIGNMENT (( #9907 ) ) ;
#2526 = LINE ( 'NONE', #2050, #4877 ) ;
#2527 = CLOSED_SHELL ( 'NONE', ( #6155, #2054, #10818, #2800, #386, #1307 ) ) ;
#2528 = SURFACE_SIDE_STYLE ('',( #6094 ) ) ;
#2529 = UNCERTAINTY_MEASURE_WITH_UNIT (LENGTH_MEASURE( 1.000000000000000100E-005 ), #4901, 'distance_accuracy_value', 'NONE');
#2530 = ORIENTED_EDGE ( 'NONE', *, *, #10523, .F. ) ;
#2531 =( NAMED_UNIT ( * ) PLANE_ANGLE_UNIT ( ) SI_UNIT ( $, .RADIAN. ) );
#2532 = VECTOR ( 'NONE', #3143, 39.37007874015748100 ) ;
#2533 = ADVANCED_FACE ( 'NONE', ( #4253 ), #5930, .T. ) ;
#2534 = EDGE_CURVE ( 'NONE', #2333, #11035, #7837, .T. ) ;
#2535 = COLOUR_RGB ( '',0.2509803921568627400, 0.2509803921568627400, 0.2509803921568627400 ) ;
#2536 = CLOSED_SHELL ( 'NONE', ( #8330, #869, #6818, #5744, #7734, #5993 ) ) ;
#2537 =( CONVERSION_BASED_UNIT ( 'INCH', #3554 ) LENGTH_UNIT ( ) NAMED_UNIT ( #3958 ) );
#2538 = DIRECTION ( 'NONE',  ( -0.0000000000000000000, 1.000000000000000000, 0.0000000000000000000 ) ) ;
#2540 = EDGE_CURVE ( 'NONE', #8554, #11012, #3427, .T. ) ;
#2539 = VECTOR ( 'NONE', #1881, 39.37007874015748100 ) ;
#2541 = DIRECTION ( 'NONE',  ( 1.000000000000000000, 0.0000000000000000000, -0.0000000000000000000 ) ) ;
#2542 = DIRECTION ( 'NONE',  ( 1.000000000000000000, -0.0000000000000000000, 0.0000000000000000000 ) ) ;
#2543 = MECHANICAL_DESIGN_GEOMETRIC_PRESENTATION_REPRESENTATION (  '', ( #787 ), #3141 ) ;
#2544 = FILL_AREA_STYLE_COLOUR ( '', #8814 ) ;
#2545 = DIRECTION ( 'NONE',  ( 1.000000000000000000, 0.0000000000000000000, -0.0000000000000000000 ) ) ;
#2546 = ORIENTED_EDGE ( 'NONE', *, *, #7623, .T. ) ;
#2547 = DIRECTION ( 'NONE',  ( 0.0000000000000000000, -0.04993761694389317600, -0.9987523388778446500 ) ) ;
#2548 = FILL_AREA_STYLE ('',( #1663 ) ) ;
#2549 = VECTOR ( 'NONE', #2192, 39.37007874015748100 ) ;
#2550 = ORIENTED_EDGE ( 'NONE', *, *, #9664, .T. ) ;
#2551 = ORIENTED_EDGE ( 'NONE', *, *, #1284, .T. ) ;
#2552 = CARTESIAN_POINT ( 'NONE',  ( 0.02047244094488188600, 0.009842519685039369900, -0.08661417322834641400 ) ) ;
#2553 =( CONVERSION_BASED_UNIT ( 'INCH', #7701 ) LENGTH_UNIT ( ) NAMED_UNIT ( #7565 ) );
#2554 = SURFACE_STYLE_FILL_AREA ( #1972 ) ;
#2555 = DIMENSIONAL_EXPONENTS ( 1.000000000000000000, 0.0000000000000000000, 0.0000000000000000000, 0.0000000000000000000, 0.0000000000000000000, 0.0000000000000000000, 0.0000000000000000000 ) ;
#2556 =( LENGTH_UNIT ( ) NAMED_UNIT ( * ) SI_UNIT ( $, .METRE. ) );
#2557 = ORIENTED_EDGE ( 'NONE', *, *, #11258, .F. ) ;
#2558 = AXIS2_PLACEMENT_3D ( 'NONE', #8039, #7993, #7924 ) ;
#2559 = PRESENTATION_LAYER_ASSIGNMENT (  '', '', ( #1387 ) ) ;
#2560 = UNCERTAINTY_MEASURE_WITH_UNIT (LENGTH_MEASURE( 1.000000000000000100E-005 ), #11328, 'distance_accuracy_value', 'NONE');
#2561 = DIRECTION ( 'NONE',  ( 0.0000000000000000000, 1.000000000000000000, 0.0000000000000000000 ) ) ;
#2562 = CARTESIAN_POINT ( 'NONE',  ( 0.005118110236220471500, 0.009842519685039369900, 0.08661417322834648300 ) ) ;
#2563 = ORIENTED_EDGE ( 'NONE', *, *, #5263, .F. ) ;
#2564 = STYLED_ITEM ( 'NONE', ( #2360 ), #1243 ) ;
#2565 = CARTESIAN_POINT ( 'NONE',  ( 0.07283464566929137600, 0.0000000000000000000, 0.0000000000000000000 ) ) ;
#2566 = VECTOR ( 'NONE', #9844, 39.37007874015748100 ) ;
#2567 = DIRECTION ( 'NONE',  ( 1.000000000000000000, 0.0000000000000000000, -0.0000000000000000000 ) ) ;
#2569 = CARTESIAN_POINT ( 'NONE',  ( -0.04606299212598425500, 0.009842519685039369900, -0.08661417322834641400 ) ) ;
#2568 = CARTESIAN_POINT ( 'NONE',  ( 0.0003937007874015829800, 0.08858267716535434000, -0.01528740157480314700 ) ) ;
#2570 = AXIS2_PLACEMENT_3D ( 'NONE', #8540, #3288, #9427 ) ;
#2571 =( NAMED_UNIT ( * ) PLANE_ANGLE_UNIT ( ) SI_UNIT ( $, .RADIAN. ) );
#2572 = DIMENSIONAL_EXPONENTS ( 1.000000000000000000, 0.0000000000000000000, 0.0000000000000000000, 0.0000000000000000000, 0.0000000000000000000, 0.0000000000000000000, 0.0000000000000000000 ) ;
#2573 = MECHANICAL_DESIGN_GEOMETRIC_PRESENTATION_REPRESENTATION (  '', ( #823 ), #3185 ) ;
#2574 = FACE_OUTER_BOUND ( 'NONE', #9881, .T. ) ;
#2575 = CARTESIAN_POINT ( 'NONE',  ( 0.07283464566929137600, 0.0000000000000000000, -0.005118110236220472400 ) ) ;
#2576 = CARTESIAN_POINT ( 'NONE',  ( 0.0000000000000000000, 0.0000000000000000000, 0.0000000000000000000 ) ) ;
#2577 = PRESENTATION_LAYER_ASSIGNMENT (  '', '', ( #1413 ) ) ;
#2578 = PLANE ( 'NONE',  #10052 ) ;
#2579 = DIMENSIONAL_EXPONENTS ( 1.000000000000000000, 0.0000000000000000000, 0.0000000000000000000, 0.0000000000000000000, 0.0000000000000000000, 0.0000000000000000000, 0.0000000000000000000 ) ;
#2580 =( NAMED_UNIT ( * ) PLANE_ANGLE_UNIT ( ) SI_UNIT ( $, .RADIAN. ) );
#2581 = ADVANCED_FACE ( 'NONE', ( #818 ), #9946, .F. ) ;
#2582 = PLANE ( 'NONE',  #7457 ) ;
#2583 = PLANE ( 'NONE',  #9303 ) ;
#2584 = SURFACE_STYLE_USAGE ( .BOTH. , #7872 ) ;
#2585 = LENGTH_MEASURE_WITH_UNIT ( LENGTH_MEASURE( 0.02539999999999999900 ), #8843 );
#2586 = VECTOR ( 'NONE', #4505, 39.37007874015748100 ) ;
#2587 = LINE ( 'NONE', #7231, #7291 ) ;
#2588 = EDGE_CURVE ( 'NONE', #4316, #2333, #2051, .T. ) ;
#2589 = VECTOR ( 'NONE', #6720, 39.37007874015748100 ) ;
#2590 = EDGE_CURVE ( 'NONE', #10976, #6273, #9054, .T. ) ;
#2591 = UNCERTAINTY_MEASURE_WITH_UNIT (LENGTH_MEASURE( 1.000000000000000100E-005 ), #2977, 'distance_accuracy_value', 'NONE');
#2592 = LINE ( 'NONE', #7197, #7295 ) ;
#2593 = MECHANICAL_DESIGN_GEOMETRIC_PRESENTATION_REPRESENTATION (  '', ( #845 ), #3209 ) ;
#2594 = ORIENTED_EDGE ( 'NONE', *, *, #5696, .T. ) ;
#2595 = PLANE ( 'NONE',  #7372 ) ;
#2596 =( CONVERSION_BASED_UNIT ( 'INCH', #7843 ) LENGTH_UNIT ( ) NAMED_UNIT ( #11187 ) );
#2597 = CARTESIAN_POINT ( 'NONE',  ( -0.02047244094488189300, -0.02046108103966344500, -0.08661417322834641400 ) ) ;
#2598 = DIRECTION ( 'NONE',  ( 0.0000000000000000000, -0.0000000000000000000, 1.000000000000000000 ) ) ;
#2599 = LINE ( 'NONE', #8463, #287 ) ;
#2600 = PLANE ( 'NONE',  #2295 ) ;
#2601 = LENGTH_MEASURE_WITH_UNIT ( LENGTH_MEASURE( 0.02539999999999999900 ), #2144 );
#2602 = FACE_OUTER_BOUND ( 'NONE', #8005, .T. ) ;
#2603 = VERTEX_POINT ( 'NONE', #8368 ) ;
#2604 = CARTESIAN_POINT ( 'NONE',  ( -0.09055118110236221000, 0.0000000000000000000, 0.02047244094488191700 ) ) ;
#2605 =( CONVERSION_BASED_UNIT ( 'INCH', #9301 ) LENGTH_UNIT ( ) NAMED_UNIT ( #520 ) );
#2606 = DIRECTION ( 'NONE',  ( 2.409338161078899700E-016, -0.0000000000000000000, 1.000000000000000000 ) ) ;
#2607 = MECHANICAL_DESIGN_GEOMETRIC_PRESENTATION_REPRESENTATION (  '', ( #863 ), #3229 ) ;
#2608 = LINE ( 'NONE', #9098, #6189 ) ;
#2609 = SURFACE_STYLE_FILL_AREA ( #1214 ) ;
#2610 = DIRECTION ( 'NONE',  ( -0.0000000000000000000, -0.0000000000000000000, 1.000000000000000000 ) ) ;
#2611 = ADVANCED_FACE ( 'NONE', ( #4113 ), #8186, .F. ) ;
#2612 = ORIENTED_EDGE ( 'NONE', *, *, #1149, .T. ) ;
#2613 = DIRECTION ( 'NONE',  ( -4.818676322157799300E-016, 0.0000000000000000000, 1.000000000000000000 ) ) ;
#2614 = VERTEX_POINT ( 'NONE', #7401 ) ;
#2615 = MECHANICAL_DESIGN_GEOMETRIC_PRESENTATION_REPRESENTATION (  '', ( #874 ), #3236 ) ;
#2616 = LINE ( 'NONE', #4900, #9359 ) ;
#2617 = DIRECTION ( 'NONE',  ( -1.000000000000000000, 0.0000000000000000000, -0.0000000000000000000 ) ) ;
#2618 = DIRECTION ( 'NONE',  ( -1.000000000000000000, 0.0000000000000000000, -0.0000000000000000000 ) ) ;
#2619 = ORIENTED_EDGE ( 'NONE', *, *, #7849, .T. ) ;
#2620 = LINE ( 'NONE', #5206, #7047 ) ;
#2621 = COLOUR_RGB ( '',0.9686274509803921600, 0.8784313725490196000, 0.5999999999999999800 ) ;
#2622 = UNCERTAINTY_MEASURE_WITH_UNIT (LENGTH_MEASURE( 1.000000000000000100E-005 ), #4800, 'distance_accuracy_value', 'NONE');
#2623 = ORIENTED_EDGE ( 'NONE', *, *, #5639, .T. ) ;
#2624 = ORIENTED_EDGE ( 'NONE', *, *, #45, .T. ) ;
#2625 = STYLED_ITEM ( 'NONE', ( #2524 ), #916 ) ;
#2626 = SURFACE_SIDE_STYLE ('',( #1289 ) ) ;
#2627 = CARTESIAN_POINT ( 'NONE',  ( 0.09055118110236222400, 0.009842519685039369900, -0.04606299212598424800 ) ) ;
#2628 = SURFACE_STYLE_FILL_AREA ( #7334 ) ;
#2629 =( GEOMETRIC_REPRESENTATION_CONTEXT ( 3 ) GLOBAL_UNCERTAINTY_ASSIGNED_CONTEXT ( ( #1929 ) ) GLOBAL_UNIT_ASSIGNED_CONTEXT ( ( #3391, #3123, #3088 ) ) REPRESENTATION_CONTEXT ( 'NONE', 'WORKASPACE' ) );
#2630 = ADVANCED_FACE ( 'NONE', ( #7695 ), #7164, .F. ) ;
#2631 = VERTEX_POINT ( 'NONE', #8338 ) ;
#2632 = DIRECTION ( 'NONE',  ( 1.000000000000000000, 0.0000000000000000000, -0.0000000000000000000 ) ) ;
#2633 = SURFACE_SIDE_STYLE ('',( #7516 ) ) ;
#2634 = CARTESIAN_POINT ( 'NONE',  ( -0.005118110236220475000, 0.009842519685039369900, -0.08661417322834641400 ) ) ;
#2635 =( NAMED_UNIT ( * ) SI_UNIT ( $, .STERADIAN. ) SOLID_ANGLE_UNIT ( ) );
#2636 = ORIENTED_EDGE ( 'NONE', *, *, #9080, .T. ) ;
#2637 =( CONVERSION_BASED_UNIT ( 'INCH', #4977 ) LENGTH_UNIT ( ) NAMED_UNIT ( #8214 ) );
#2638 = ORIENTED_EDGE ( 'NONE', *, *, #6878, .T. ) ;
#2639 = MECHANICAL_DESIGN_GEOMETRIC_PRESENTATION_REPRESENTATION (  '', ( #901 ), #3256 ) ;
#2640 = CARTESIAN_POINT ( 'NONE',  ( 0.09055118110236223800, -0.02046108103966344500, -0.02047244094488188900 ) ) ;
#2641 =( NAMED_UNIT ( * ) SI_UNIT ( $, .STERADIAN. ) SOLID_ANGLE_UNIT ( ) );
#2642 = VECTOR ( 'NONE', #6952, 39.37007874015748100 ) ;
#2643 = CARTESIAN_POINT ( 'NONE',  ( 0.09055118110236223800, 0.0000000000000000000, -0.005118110236220472400 ) ) ;
#2644 = VECTOR ( 'NONE', #4736, 39.37007874015748100 ) ;
#2645 = LINE ( 'NONE', #537, #10462 ) ;
#2646 = VECTOR ( 'NONE', #5594, 39.37007874015748100 ) ;
#2647 = LENGTH_MEASURE_WITH_UNIT ( LENGTH_MEASURE( 0.02539999999999999900 ), #3544 );
#2648 = PRESENTATION_STYLE_ASSIGNMENT (( #6097 ) ) ;
#2649 = ORIENTED_EDGE ( 'NONE', *, *, #8719, .T. ) ;
#2650 = EDGE_CURVE ( 'NONE', #11135, #9151, #2183, .T. ) ;
#2651 = DIRECTION ( 'NONE',  ( -0.0000000000000000000, -1.000000000000000000, -0.0000000000000000000 ) ) ;
#2652 = CARTESIAN_POINT ( 'NONE',  ( 0.09055118110236223800, 0.009842519685039369900, -0.02047244094488188900 ) ) ;
#2653 = AXIS2_PLACEMENT_3D ( 'NONE', #9565, #4305, #10415 ) ;
#2654 = ORIENTED_EDGE ( 'NONE', *, *, #4097, .T. ) ;
#2655 = PLANE ( 'NONE',  #952 ) ;
#2656 = FACE_OUTER_BOUND ( 'NONE', #7735, .T. ) ;
#2657 = SURFACE_STYLE_USAGE ( .BOTH. , #7935 ) ;
#2658 = VERTEX_POINT ( 'NONE', #5176 ) ;
#2659 = VECTOR ( 'NONE', #1698, 39.37007874015748100 ) ;
#2660 = COLOUR_RGB ( '',0.9686274509803921600, 0.8784313725490196000, 0.5999999999999999800 ) ;
#2661 = VECTOR ( 'NONE', #2890, 39.37007874015748100 ) ;
#2662 = SURFACE_SIDE_STYLE ('',( #9934 ) ) ;
#2663 = VECTOR ( 'NONE', #2561, 39.37007874015748100 ) ;
#2664 = ORIENTED_EDGE ( 'NONE', *, *, #7018, .T. ) ;
#2665 = EDGE_CURVE ( 'NONE', #2301, #5407, #6586, .T. ) ;
#2666 = DIMENSIONAL_EXPONENTS ( 1.000000000000000000, 0.0000000000000000000, 0.0000000000000000000, 0.0000000000000000000, 0.0000000000000000000, 0.0000000000000000000, 0.0000000000000000000 ) ;
#2667 =( NAMED_UNIT ( * ) SI_UNIT ( $, .STERADIAN. ) SOLID_ANGLE_UNIT ( ) );
#2668 = EDGE_CURVE ( 'NONE', #2658, #9682, #8912, .T. ) ;
#2669 =( NAMED_UNIT ( * ) PLANE_ANGLE_UNIT ( ) SI_UNIT ( $, .RADIAN. ) );
#2670 =( NAMED_UNIT ( * ) PLANE_ANGLE_UNIT ( ) SI_UNIT ( $, .RADIAN. ) );
#2671 = ORIENTED_EDGE ( 'NONE', *, *, #6830, .T. ) ;
#2672 = MECHANICAL_DESIGN_GEOMETRIC_PRESENTATION_REPRESENTATION (  '', ( #924 ), #3275 ) ;
#2673 = ORIENTED_EDGE ( 'NONE', *, *, #7644, .F. ) ;
#2674 = FILL_AREA_STYLE ('',( #928 ) ) ;
#2675 = ORIENTED_EDGE ( 'NONE', *, *, #6200, .T. ) ;
#2676 = VERTEX_POINT ( 'NONE', #4801 ) ;
#2677 = DIRECTION ( 'NONE',  ( -1.000000000000000000, 0.0000000000000000000, 1.668003342285391100E-015 ) ) ;
#2678 = ORIENTED_EDGE ( 'NONE', *, *, #1954, .T. ) ;
#2679 = EDGE_CURVE ( 'NONE', #10016, #7937, #8641, .T. ) ;
#2680 = ADVANCED_FACE ( 'NONE', ( #1905 ), #3960, .F. ) ;
#2681 = SURFACE_STYLE_USAGE ( .BOTH. , #2756 ) ;
#2682 = CARTESIAN_POINT ( 'NONE',  ( -0.005118110236220473200, 0.009842519685039369900, -0.06889763779527555100 ) ) ;
#2683 =( LENGTH_UNIT ( ) NAMED_UNIT ( * ) SI_UNIT ( $, .METRE. ) );
#2684 = FILL_AREA_STYLE_COLOUR ( '', #10414 ) ;
#2685 = SURFACE_STYLE_USAGE ( .BOTH. , #7958 ) ;
#2686 = DIRECTION ( 'NONE',  ( -0.0000000000000000000, -0.0000000000000000000, -1.000000000000000000 ) ) ;
#2687 = EDGE_CURVE ( 'NONE', #2301, #735, #7559, .T. ) ;
#2688 = FILL_AREA_STYLE ('',( #10530 ) ) ;
#2689 = COLOUR_RGB ( '',0.9686274509803921600, 0.8784313725490196000, 0.5999999999999999800 ) ;
#2690 =( NAMED_UNIT ( * ) PLANE_ANGLE_UNIT ( ) SI_UNIT ( $, .RADIAN. ) );
#2691 = STYLED_ITEM ( 'NONE', ( #3491 ), #8818 ) ;
#2692 = PLANE ( 'NONE',  #6920 ) ;
#2693 = DIMENSIONAL_EXPONENTS ( 1.000000000000000000, 0.0000000000000000000, 0.0000000000000000000, 0.0000000000000000000, 0.0000000000000000000, 0.0000000000000000000, 0.0000000000000000000 ) ;
#2694 = ORIENTED_EDGE ( 'NONE', *, *, #6875, .F. ) ;
#2695 = DIRECTION ( 'NONE',  ( 1.000000000000000000, 0.0000000000000000000, -0.0000000000000000000 ) ) ;
#2696 =( CONVERSION_BASED_UNIT ( 'INCH', #5599 ) LENGTH_UNIT ( ) NAMED_UNIT ( #7555 ) );
#2697 = SURFACE_SIDE_STYLE ('',( #6840 ) ) ;
#2698 = DIMENSIONAL_EXPONENTS ( 1.000000000000000000, 0.0000000000000000000, 0.0000000000000000000, 0.0000000000000000000, 0.0000000000000000000, 0.0000000000000000000, 0.0000000000000000000 ) ;
#2699 = SURFACE_STYLE_FILL_AREA ( #67 ) ;
#2700 = SURFACE_SIDE_STYLE ('',( #5019 ) ) ;
#2701 = ADVANCED_FACE ( 'NONE', ( #9860 ), #4108, .F. ) ;
#2702 = EDGE_LOOP ( 'NONE', ( #170, #1984, #10483, #2895 ) ) ;
#2703 =( GEOMETRIC_REPRESENTATION_CONTEXT ( 3 ) GLOBAL_UNCERTAINTY_ASSIGNED_CONTEXT ( ( #1682 ) ) GLOBAL_UNIT_ASSIGNED_CONTEXT ( ( #9324, #9295, #9259 ) ) REPRESENTATION_CONTEXT ( 'NONE', 'WORKASPACE' ) );
#2704 = DIRECTION ( 'NONE',  ( 0.0000000000000000000, -1.000000000000000000, -0.0000000000000000000 ) ) ;
#2705 = DIRECTION ( 'NONE',  ( -1.000000000000000000, -0.0000000000000000000, 0.0000000000000000000 ) ) ;
#2706 = CARTESIAN_POINT ( 'NONE',  ( 0.07283464566929137600, 0.009842519685039369900, -0.005118110236220472400 ) ) ;
#2707 = PRESENTATION_STYLE_ASSIGNMENT (( #5183 ) ) ;
#2708 = AXIS2_PLACEMENT_3D ( 'NONE', #1655, #7820, #2541 ) ;
#2709 = STYLED_ITEM ( 'NONE', ( #8246 ), #2282 ) ;
#2710 = FILL_AREA_STYLE_COLOUR ( '', #6929 ) ;
#2711 = COLOUR_RGB ( '',0.2509803921568627400, 0.2509803921568627400, 0.2509803921568627400 ) ;
#2712 = VECTOR ( 'NONE', #3585, 39.37007874015748100 ) ;
#2713 = SURFACE_STYLE_USAGE ( .BOTH. , #6369 ) ;
#2714 =( NAMED_UNIT ( * ) PLANE_ANGLE_UNIT ( ) SI_UNIT ( $, .RADIAN. ) );
#2715 = SURFACE_STYLE_USAGE ( .BOTH. , #9177 ) ;
#2716 = CARTESIAN_POINT ( 'NONE',  ( -0.09055118110236221000, 0.0000000000000000000, 0.005118110236220508800 ) ) ;
#2717 = LINE ( 'NONE', #6610, #7138 ) ;
#2718 =( CONVERSION_BASED_UNIT ( 'INCH', #10311 ) LENGTH_UNIT ( ) NAMED_UNIT ( #3834 ) );
#2719 = CARTESIAN_POINT ( 'NONE',  ( 0.005118110236220471500, 0.0000000000000000000, -0.08661417322834641400 ) ) ;
#2720 =( CONVERSION_BASED_UNIT ( 'INCH', #10319 ) LENGTH_UNIT ( ) NAMED_UNIT ( #9584 ) );
#2721 =( GEOMETRIC_REPRESENTATION_CONTEXT ( 3 ) GLOBAL_UNCERTAINTY_ASSIGNED_CONTEXT ( ( #6529 ) ) GLOBAL_UNIT_ASSIGNED_CONTEXT ( ( #2816, #8959, #3691 ) ) REPRESENTATION_CONTEXT ( 'NONE', 'WORKASPACE' ) );
#2722 = FILL_AREA_STYLE_COLOUR ( '', #3546 ) ;
#2723 = MECHANICAL_DESIGN_GEOMETRIC_PRESENTATION_REPRESENTATION (  '', ( #1558 ), #3328 ) ;
#2724 = VECTOR ( 'NONE', #2545, 39.37007874015748100 ) ;
#2725 = CARTESIAN_POINT ( 'NONE',  ( 0.09055118110236223800, 0.009842519685039369900, 0.03070866141732283800 ) ) ;
#2726 = DIRECTION ( 'NONE',  ( 0.0000000000000000000, 0.0000000000000000000, 1.000000000000000000 ) ) ;
#2727 =( LENGTH_UNIT ( ) NAMED_UNIT ( * ) SI_UNIT ( $, .METRE. ) );
#2728 = VECTOR ( 'NONE', #11172, 39.37007874015748100 ) ;
#2729 = AXIS2_PLACEMENT_3D ( 'NONE', #5467, #209, #6329 ) ;
#2730 = CARTESIAN_POINT ( 'NONE',  ( 0.09055118110236223800, 0.009842519685039369900, -0.005118110236220472400 ) ) ;
#2731 = EDGE_CURVE ( 'NONE', #6219, #9107, #2040, .T. ) ;
#2732 = LINE ( 'NONE', #10524, #7428 ) ;
#2733 = FILL_AREA_STYLE_COLOUR ( '', #7656 ) ;
#2734 = EDGE_CURVE ( 'NONE', #5655, #10754, #11066, .T. ) ;
#2735 = ADVANCED_FACE ( 'NONE', ( #6431 ), #363, .F. ) ;
#2736 = ORIENTED_EDGE ( 'NONE', *, *, #5134, .T. ) ;
#2737 =( NAMED_UNIT ( * ) SI_UNIT ( $, .STERADIAN. ) SOLID_ANGLE_UNIT ( ) );
#2738 = LINE ( 'NONE', #9539, #5098 ) ;
#2739 = VECTOR ( 'NONE', #9727, 39.37007874015748100 ) ;
#2740 = DIRECTION ( 'NONE',  ( -1.000000000000000000, 0.0000000000000000000, -0.0000000000000000000 ) ) ;
#2741 = FILL_AREA_STYLE ('',( #8018 ) ) ;
#2742 = VECTOR ( 'NONE', #2005, 39.37007874015748900 ) ;
#2743 = CARTESIAN_POINT ( 'NONE',  ( 0.0000000000000000000, 0.0000000000000000000, 0.0000000000000000000 ) ) ;
#2744 = VECTOR ( 'NONE', #5756, 39.37007874015748100 ) ;
#2745 = EDGE_CURVE ( 'NONE', #11024, #10609, #669, .T. ) ;
#2746 = EDGE_LOOP ( 'NONE', ( #11250, #8438, #6537, #11227 ) ) ;
#2747 =( CONVERSION_BASED_UNIT ( 'INCH', #9748 ) LENGTH_UNIT ( ) NAMED_UNIT ( #9718 ) );
#2748 =( CONVERSION_BASED_UNIT ( 'INCH', #7880 ) LENGTH_UNIT ( ) NAMED_UNIT ( #9316 ) );
#2749 = VECTOR ( 'NONE', #2840, 39.37007874015748100 ) ;
#2750 = EDGE_CURVE ( 'NONE', #8585, #143, #3003, .T. ) ;
#2751 = FACE_OUTER_BOUND ( 'NONE', #9898, .T. ) ;
#2752 = PRESENTATION_LAYER_ASSIGNMENT (  '', '', ( #2180 ) ) ;
#2753 = COLOUR_RGB ( '',0.9686274509803921600, 0.8784313725490196000, 0.5999999999999999800 ) ;
#2754 = ADVANCED_FACE ( 'NONE', ( #394 ), #4623, .F. ) ;
#2756 = SURFACE_SIDE_STYLE ('',( #1651 ) ) ;
#2755 = LENGTH_MEASURE_WITH_UNIT ( LENGTH_MEASURE( 0.02539999999999999900 ), #267 );
#2757 = FILL_AREA_STYLE_COLOUR ( '', #9051 ) ;
#2758 =( NAMED_UNIT ( * ) SI_UNIT ( $, .STERADIAN. ) SOLID_ANGLE_UNIT ( ) );
#2759 = EDGE_LOOP ( 'NONE', ( #7773, #6488, #11171, #7079 ) ) ;
#2760 = CARTESIAN_POINT ( 'NONE',  ( -0.07874015748031496000, -0.01113553986120548400, -0.07480314960629917700 ) ) ;
#2761 =( NAMED_UNIT ( * ) PLANE_ANGLE_UNIT ( ) SI_UNIT ( $, .RADIAN. ) );
#2762 = ORIENTED_EDGE ( 'NONE', *, *, #5916, .T. ) ;
#2763 = CARTESIAN_POINT ( 'NONE',  ( 0.09055118110236223800, 0.009842519685039369900, 0.03070866141732283800 ) ) ;
#2764 = LENGTH_MEASURE_WITH_UNIT ( LENGTH_MEASURE( 0.02539999999999999900 ), #8302 );
#2765 = SURFACE_STYLE_FILL_AREA ( #10498 ) ;
#2766 = SURFACE_STYLE_FILL_AREA ( #10646 ) ;
#2767 = DIRECTION ( 'NONE',  ( 0.0000000000000000000, 0.0000000000000000000, 1.000000000000000000 ) ) ;
#2768 = FACE_OUTER_BOUND ( 'NONE', #7887, .T. ) ;
#2769 = VECTOR ( 'NONE', #2856, 39.37007874015748100 ) ;
#2770 = FILL_AREA_STYLE_COLOUR ( '', #5210 ) ;
#2771 = UNCERTAINTY_MEASURE_WITH_UNIT (LENGTH_MEASURE( 1.000000000000000100E-005 ), #1186, 'distance_accuracy_value', 'NONE');
#2772 =( LENGTH_UNIT ( ) NAMED_UNIT ( * ) SI_UNIT ( $, .METRE. ) );
#2773 = CARTESIAN_POINT ( 'NONE',  ( 0.07283464566929137600, -0.02046108103966344500, 0.02047244094488188900 ) ) ;
#2774 = CARTESIAN_POINT ( 'NONE',  ( -0.02047244094488189300, 0.009842519685039369900, 0.08661417322834648300 ) ) ;
#2775 = EDGE_LOOP ( 'NONE', ( #8869, #3202, #6312, #4430 ) ) ;
#2776 = VERTEX_POINT ( 'NONE', #1061 ) ;
#2777 = PRESENTATION_STYLE_ASSIGNMENT (( #8374 ) ) ;
#2778 = FILL_AREA_STYLE ('',( #1898 ) ) ;
#2779 = ORIENTED_EDGE ( 'NONE', *, *, #506, .T. ) ;
#2780 = COLOUR_RGB ( '',0.9686274509803921600, 0.8784313725490196000, 0.5999999999999999800 ) ;
#2781 = FILL_AREA_STYLE_COLOUR ( '', #10065 ) ;
#2782 = PRESENTATION_LAYER_ASSIGNMENT (  '', '', ( #1611 ) ) ;
#2783 = ORIENTED_EDGE ( 'NONE', *, *, #3632, .F. ) ;
#2784 = STYLED_ITEM ( 'NONE', ( #5704 ), #4263 ) ;
#2785 = ORIENTED_EDGE ( 'NONE', *, *, #5496, .T. ) ;
#2786 =( LENGTH_UNIT ( ) NAMED_UNIT ( * ) SI_UNIT ( $, .METRE. ) );
#2787 =( CONVERSION_BASED_UNIT ( 'INCH', #7840 ) LENGTH_UNIT ( ) NAMED_UNIT ( #7326 ) );
#2788 = LINE ( 'NONE', #9356, #467 ) ;
#2789 = CARTESIAN_POINT ( 'NONE',  ( 0.03070866141732283400, 0.0000000000000000000, -0.08661417322834641400 ) ) ;
#2790 = LENGTH_MEASURE_WITH_UNIT ( LENGTH_MEASURE( 0.02539999999999999900 ), #10061 );
#2791 = ORIENTED_EDGE ( 'NONE', *, *, #7477, .F. ) ;
#2792 = SURFACE_STYLE_FILL_AREA ( #10346 ) ;
#2793 = VERTEX_POINT ( 'NONE', #4732 ) ;
#2794 = ORIENTED_EDGE ( 'NONE', *, *, #3848, .T. ) ;
#2795 = ORIENTED_EDGE ( 'NONE', *, *, #2891, .T. ) ;
#2796 =( GEOMETRIC_REPRESENTATION_CONTEXT ( 3 ) GLOBAL_UNCERTAINTY_ASSIGNED_CONTEXT ( ( #4125 ) ) GLOBAL_UNIT_ASSIGNED_CONTEXT ( ( #5752, #501, #6640 ) ) REPRESENTATION_CONTEXT ( 'NONE', 'WORKASPACE' ) );
#2797 = FACE_OUTER_BOUND ( 'NONE', #716, .T. ) ;
#2798 = PRESENTATION_LAYER_ASSIGNMENT (  '', '', ( #1625 ) ) ;
#2799 = VECTOR ( 'NONE', #4022, 39.37007874015748100 ) ;
#2800 = ADVANCED_FACE ( 'NONE', ( #10921 ), #6342, .F. ) ;
#2801 = FILL_AREA_STYLE ('',( #4529 ) ) ;
#2802 = SURFACE_STYLE_USAGE ( .BOTH. , #8066 ) ;
#2803 = VECTOR ( 'NONE', #8055, 39.37007874015748100 ) ;
#2804 =( NAMED_UNIT ( * ) PLANE_ANGLE_UNIT ( ) SI_UNIT ( $, .RADIAN. ) );
#2805 = PRESENTATION_LAYER_ASSIGNMENT (  '', '', ( #1627 ) ) ;
#2806 = ORIENTED_EDGE ( 'NONE', *, *, #3286, .F. ) ;
#2807 = FILL_AREA_STYLE ('',( #7198 ) ) ;
#2808 = CARTESIAN_POINT ( 'NONE',  ( -0.02047244094488188900, -0.02046108103966344500, -0.06889763779527555100 ) ) ;
#2809 = DIRECTION ( 'NONE',  ( -1.000000000000000000, 0.0000000000000000000, 0.0000000000000000000 ) ) ;
#2810 = EDGE_LOOP ( 'NONE', ( #1060, #5390, #2779, #9551 ) ) ;
#2811 = DIMENSIONAL_EXPONENTS ( 1.000000000000000000, 0.0000000000000000000, 0.0000000000000000000, 0.0000000000000000000, 0.0000000000000000000, 0.0000000000000000000, 0.0000000000000000000 ) ;
#2812 = LINE ( 'NONE', #4879, #7512 ) ;
#2813 = DIRECTION ( 'NONE',  ( 1.000000000000000000, 0.0000000000000000000, -0.0000000000000000000 ) ) ;
#2814 = ORIENTED_EDGE ( 'NONE', *, *, #5910, .T. ) ;
#2815 = DIRECTION ( 'NONE',  ( 0.0000000000000000000, 1.000000000000000000, 0.0000000000000000000 ) ) ;
#2816 =( CONVERSION_BASED_UNIT ( 'INCH', #7803 ) LENGTH_UNIT ( ) NAMED_UNIT ( #10166 ) );
#2817 = VECTOR ( 'NONE', #7118, 39.37007874015748900 ) ;
#2818 = COLOUR_RGB ( '',0.2509803921568627400, 0.2509803921568627400, 0.2509803921568627400 ) ;
#2819 = ORIENTED_EDGE ( 'NONE', *, *, #6442, .T. ) ;
#2820 =( GEOMETRIC_REPRESENTATION_CONTEXT ( 3 ) GLOBAL_UNCERTAINTY_ASSIGNED_CONTEXT ( ( #6188 ) ) GLOBAL_UNIT_ASSIGNED_CONTEXT ( ( #2748, #8902, #3640 ) ) REPRESENTATION_CONTEXT ( 'NONE', 'WORKASPACE' ) );
#2821 = DIMENSIONAL_EXPONENTS ( 1.000000000000000000, 0.0000000000000000000, 0.0000000000000000000, 0.0000000000000000000, 0.0000000000000000000, 0.0000000000000000000, 0.0000000000000000000 ) ;
#2822 = CARTESIAN_POINT ( 'NONE',  ( -0.09055118110236218300, 0.0000000000000000000, 0.05629921259842523400 ) ) ;
#2823 = EDGE_CURVE ( 'NONE', #10435, #9066, #800, .T. ) ;
#2824 = ORIENTED_EDGE ( 'NONE', *, *, #8425, .T. ) ;
#2825 = SURFACE_STYLE_USAGE ( .BOTH. , #8085 ) ;
#2826 = EDGE_CURVE ( 'NONE', #7639, #8046, #7548, .T. ) ;
#2827 = FILL_AREA_STYLE_COLOUR ( '', #2326 ) ;
#2828 = DIRECTION ( 'NONE',  ( 1.000000000000000000, 0.0000000000000000000, -1.204669080539449800E-016 ) ) ;
#2829 = STYLED_ITEM ( 'NONE', ( #9657 ), #7961 ) ;
#2830 = LENGTH_MEASURE_WITH_UNIT ( LENGTH_MEASURE( 0.02539999999999999900 ), #5062 );
#2831 = CARTESIAN_POINT ( 'NONE',  ( 0.07283464566929139000, 0.009842519685039369900, -0.02047244094488188900 ) ) ;
#2832 = PLANE ( 'NONE',  #3915 ) ;
#2833 = CARTESIAN_POINT ( 'NONE',  ( 0.09251968503937012300, 0.0000000000000000000, 0.0000000000000000000 ) ) ;
#2834 =( CONVERSION_BASED_UNIT ( 'INCH', #391 ) LENGTH_UNIT ( ) NAMED_UNIT ( #7209 ) );
#2835 = ORIENTED_EDGE ( 'NONE', *, *, #2745, .T. ) ;
#2836 =( LENGTH_UNIT ( ) NAMED_UNIT ( * ) SI_UNIT ( $, .METRE. ) );
#2837 = FILL_AREA_STYLE_COLOUR ( '', #1391 ) ;
#2838 = EDGE_CURVE ( 'NONE', #1970, #11303, #5203, .T. ) ;
#2839 = LENGTH_MEASURE_WITH_UNIT ( LENGTH_MEASURE( 0.02539999999999999900 ), #7502 );
#2840 = DIRECTION ( 'NONE',  ( -0.7071067811865463500, -0.0000000000000000000, 0.7071067811865486800 ) ) ;
#2841 = MECHANICAL_DESIGN_GEOMETRIC_PRESENTATION_REPRESENTATION (  '', ( #1089 ), #3432 ) ;
#2842 = COLOUR_RGB ( '',0.2509803921568627400, 0.2509803921568627400, 0.2509803921568627400 ) ;
#2843 = DIRECTION ( 'NONE',  ( 1.000000000000000000, 0.0000000000000000000, -0.0000000000000000000 ) ) ;
#2844 = UNCERTAINTY_MEASURE_WITH_UNIT (LENGTH_MEASURE( 1.000000000000000100E-005 ), #10468, 'distance_accuracy_value', 'NONE');
#2845 = EDGE_LOOP ( 'NONE', ( #5521, #4603, #1421, #5679 ) ) ;
#2846 =( CONVERSION_BASED_UNIT ( 'INCH', #9617 ) LENGTH_UNIT ( ) NAMED_UNIT ( #396 ) );
#2847 = SURFACE_STYLE_USAGE ( .BOTH. , #8107 ) ;
#2848 = PRESENTATION_LAYER_ASSIGNMENT (  '', '', ( #1672 ) ) ;
#2849 = VECTOR ( 'NONE', #11300, 39.37007874015748100 ) ;
#2850 = VECTOR ( 'NONE', #8935, 39.37007874015748100 ) ;
#2851 = UNCERTAINTY_MEASURE_WITH_UNIT (LENGTH_MEASURE( 1.000000000000000100E-005 ), #9221, 'distance_accuracy_value', 'NONE');
#2852 = SURFACE_STYLE_USAGE ( .BOTH. , #8111 ) ;
#2853 = ADVANCED_FACE ( 'NONE', ( #532 ), #9602, .F. ) ;
#2854 =( CONVERSION_BASED_UNIT ( 'INCH', #8143 ) LENGTH_UNIT ( ) NAMED_UNIT ( #8466 ) );
#2855 = AXIS2_PLACEMENT_3D ( 'NONE', #7889, #4345, #4315 ) ;
#2856 = DIRECTION ( 'NONE',  ( -0.0000000000000000000, 1.000000000000000000, 0.0000000000000000000 ) ) ;
#2857 = PRESENTATION_STYLE_ASSIGNMENT (( #2082 ) ) ;
#2858 =( NAMED_UNIT ( * ) SI_UNIT ( $, .STERADIAN. ) SOLID_ANGLE_UNIT ( ) );
#2859 = PRESENTATION_STYLE_ASSIGNMENT (( #2916 ) ) ;
#2860 = DIRECTION ( 'NONE',  ( -1.000000000000000000, -0.0000000000000000000, 0.0000000000000000000 ) ) ;
#2861 =( GEOMETRIC_REPRESENTATION_CONTEXT ( 3 ) GLOBAL_UNCERTAINTY_ASSIGNED_CONTEXT ( ( #1725 ) ) GLOBAL_UNIT_ASSIGNED_CONTEXT ( ( #1609, #7765, #2476 ) ) REPRESENTATION_CONTEXT ( 'NONE', 'WORKASPACE' ) );
#2862 = MECHANICAL_DESIGN_GEOMETRIC_PRESENTATION_REPRESENTATION (  '', ( #1108 ), #3449 ) ;
#2863 = PRESENTATION_LAYER_ASSIGNMENT (  '', '', ( #1692 ) ) ;
#2864 = PLANE ( 'NONE',  #566 ) ;
#2865 = FACE_OUTER_BOUND ( 'NONE', #11092, .T. ) ;
#2866 = PRESENTATION_LAYER_ASSIGNMENT (  '', '', ( #1696 ) ) ;
#2867 = FILL_AREA_STYLE ('',( #3076 ) ) ;
#2868 =( NAMED_UNIT ( * ) SI_UNIT ( $, .STERADIAN. ) SOLID_ANGLE_UNIT ( ) );
#2869 =( LENGTH_UNIT ( ) NAMED_UNIT ( * ) SI_UNIT ( $, .METRE. ) );
#2870 = PRESENTATION_LAYER_ASSIGNMENT (  '', '', ( #1703 ) ) ;
#2871 = DIRECTION ( 'NONE',  ( -0.0000000000000000000, 1.000000000000000000, 0.0000000000000000000 ) ) ;
#2872 = CARTESIAN_POINT ( 'NONE',  ( 0.03070866141732283400, 0.0000000000000000000, 0.0000000000000000000 ) ) ;
#2873 = PRESENTATION_STYLE_ASSIGNMENT (( #8489 ) ) ;
#2874 = SURFACE_STYLE_FILL_AREA ( #2338 ) ;
#2875 = AXIS2_PLACEMENT_3D ( 'NONE', #4081, #10203, #4957 ) ;
#2876 = LINE ( 'NONE', #5862, #9606 ) ;
#2877 = UNCERTAINTY_MEASURE_WITH_UNIT (LENGTH_MEASURE( 1.000000000000000100E-005 ), #7740, 'distance_accuracy_value', 'NONE');
#2878 = STYLED_ITEM ( 'NONE', ( #6441 ), #3661 ) ;
#2879 = CARTESIAN_POINT ( 'NONE',  ( 0.04606299212598424800, 0.009842519685039369900, -0.08661417322834641400 ) ) ;
#2880 = VECTOR ( 'NONE', #11178, 39.37007874015748100 ) ;
#2881 = EDGE_LOOP ( 'NONE', ( #3373, #8283, #3341, #10239 ) ) ;
#2882 = SURFACE_SIDE_STYLE ('',( #8465 ) ) ;
#2883 =( LENGTH_UNIT ( ) NAMED_UNIT ( * ) SI_UNIT ( $, .METRE. ) );
#2884 = COLOUR_RGB ( '',0.2509803921568627400, 0.2509803921568627400, 0.2509803921568627400 ) ;
#2885 = PRESENTATION_STYLE_ASSIGNMENT (( #2584 ) ) ;
#2886 = EDGE_CURVE ( 'NONE', #7789, #8296, #8481, .T. ) ;
#2887 = VECTOR ( 'NONE', #8253, 39.37007874015748100 ) ;
#2888 =( NAMED_UNIT ( * ) SI_UNIT ( $, .STERADIAN. ) SOLID_ANGLE_UNIT ( ) );
#2889 = LINE ( 'NONE', #658, #567 ) ;
#2890 = DIRECTION ( 'NONE',  ( 0.0000000000000000000, -0.0000000000000000000, 1.000000000000000000 ) ) ;
#2891 = EDGE_CURVE ( 'NONE', #3051, #4020, #10784, .T. ) ;
#2892 = DIRECTION ( 'NONE',  ( -0.0000000000000000000, 1.000000000000000000, 0.0000000000000000000 ) ) ;
#2893 = SURFACE_STYLE_FILL_AREA ( #1851 ) ;
#2894 = FACE_BOUND ( 'NONE', #4015, .T. ) ;
#2895 = ORIENTED_EDGE ( 'NONE', *, *, #5720, .T. ) ;
#2896 = LENGTH_MEASURE_WITH_UNIT ( LENGTH_MEASURE( 0.02539999999999999900 ), #1165 );
#2897 =( NAMED_UNIT ( * ) SI_UNIT ( $, .STERADIAN. ) SOLID_ANGLE_UNIT ( ) );
#2898 = COLOUR_RGB ( '',0.2509803921568627400, 0.2509803921568627400, 0.2509803921568627400 ) ;
#2899 = FILL_AREA_STYLE_COLOUR ( '', #7963 ) ;
#2900 = VECTOR ( 'NONE', #1623, 39.37007874015748100 ) ;
#2901 = CARTESIAN_POINT ( 'NONE',  ( -0.07283464566929134800, -0.02046108103966344500, 0.005118110236220508800 ) ) ;
#2902 = EDGE_CURVE ( 'NONE', #11144, #7233, #4098, .T. ) ;
#2903 = ORIENTED_EDGE ( 'NONE', *, *, #111, .T. ) ;
#2904 = CARTESIAN_POINT ( 'NONE',  ( 0.0000000000000000000, 0.009842519685039369900, 0.0000000000000000000 ) ) ;
#2905 = EDGE_LOOP ( 'NONE', ( #10470, #9613, #6671, #2330 ) ) ;
#2906 = EDGE_CURVE ( 'NONE', #11040, #143, #1478, .T. ) ;
#2907 = DIRECTION ( 'NONE',  ( -0.0000000000000000000, -1.000000000000000000, 0.0000000000000000000 ) ) ;
#2908 = FACE_OUTER_BOUND ( 'NONE', #7745, .T. ) ;
#2909 = VERTEX_POINT ( 'NONE', #5335 ) ;
#2910 = ADVANCED_FACE ( 'NONE', ( #1206 ), #4508, .F. ) ;
#2911 = DIRECTION ( 'NONE',  ( -0.0000000000000000000, 0.0000000000000000000, -1.000000000000000000 ) ) ;
#2912 = CARTESIAN_POINT ( 'NONE',  ( -0.05629921259842520000, 0.009842519685039369900, 0.06889763779527562100 ) ) ;
#2913 = SURFACE_STYLE_USAGE ( .BOTH. , #2962 ) ;
#2914 = PRESENTATION_STYLE_ASSIGNMENT (( #8058 ) ) ;
#2915 = UNCERTAINTY_MEASURE_WITH_UNIT (LENGTH_MEASURE( 1.000000000000000100E-005 ), #1238, 'distance_accuracy_value', 'NONE');
#2916 = SURFACE_STYLE_USAGE ( .BOTH. , #8179 ) ;
#2917 = ORIENTED_EDGE ( 'NONE', *, *, #4163, .F. ) ;
#2918 =( LENGTH_UNIT ( ) NAMED_UNIT ( * ) SI_UNIT ( $, .METRE. ) );
#2919 = ORIENTED_EDGE ( 'NONE', *, *, #1950, .T. ) ;
#2920 = SURFACE_STYLE_FILL_AREA ( #5286 ) ;
#2921 = COLOUR_RGB ( '',0.9686274509803921600, 0.8784313725490196000, 0.5999999999999999800 ) ;
#2922 = UNCERTAINTY_MEASURE_WITH_UNIT (LENGTH_MEASURE( 1.000000000000000100E-005 ), #2787, 'distance_accuracy_value', 'NONE');
#2923 = COLOUR_RGB ( '',0.9686274509803921600, 0.8784313725490196000, 0.5999999999999999800 ) ;
#2924 = DIMENSIONAL_EXPONENTS ( 1.000000000000000000, 0.0000000000000000000, 0.0000000000000000000, 0.0000000000000000000, 0.0000000000000000000, 0.0000000000000000000, 0.0000000000000000000 ) ;
#2925 =( NAMED_UNIT ( * ) PLANE_ANGLE_UNIT ( ) SI_UNIT ( $, .RADIAN. ) );
#2926 = LINE ( 'NONE', #1137, #4992 ) ;
#2927 = DIRECTION ( 'NONE',  ( 1.000000000000000000, 0.0000000000000000000, -0.0000000000000000000 ) ) ;
#2928 = EDGE_LOOP ( 'NONE', ( #3908, #6053, #3764, #8451 ) ) ;
#2929 = DIRECTION ( 'NONE',  ( -0.7071067811865463500, 0.0000000000000000000, 0.7071067811865486800 ) ) ;
#2930 = LINE ( 'NONE', #3440, #6216 ) ;
#2931 = CARTESIAN_POINT ( 'NONE',  ( 0.0000000000000000000, 0.009842519685039369900, 0.06889763779527562100 ) ) ;
#2932 = ORIENTED_EDGE ( 'NONE', *, *, #5032, .T. ) ;
#2933 = DIMENSIONAL_EXPONENTS ( 1.000000000000000000, 0.0000000000000000000, 0.0000000000000000000, 0.0000000000000000000, 0.0000000000000000000, 0.0000000000000000000, 0.0000000000000000000 ) ;
#2934 = ORIENTED_EDGE ( 'NONE', *, *, #4313, .T. ) ;
#2935 = MECHANICAL_DESIGN_GEOMETRIC_PRESENTATION_REPRESENTATION (  '', ( #1171 ), #3515 ) ;
#2936 =( NAMED_UNIT ( * ) PLANE_ANGLE_UNIT ( ) SI_UNIT ( $, .RADIAN. ) );
#2937 = DIRECTION ( 'NONE',  ( 0.0000000000000000000, -0.0000000000000000000, -1.000000000000000000 ) ) ;
#2938 = LINE ( 'NONE', #796, #7628 ) ;
#2939 = CARTESIAN_POINT ( 'NONE',  ( 0.09055118110236223800, 0.0000000000000000000, 0.0000000000000000000 ) ) ;
#2940 =( GEOMETRIC_REPRESENTATION_CONTEXT ( 3 ) GLOBAL_UNCERTAINTY_ASSIGNED_CONTEXT ( ( #10695 ) ) GLOBAL_UNIT_ASSIGNED_CONTEXT ( ( #9374, #4123, #10251 ) ) REPRESENTATION_CONTEXT ( 'NONE', 'WORKASPACE' ) );
#2941 =( LENGTH_UNIT ( ) NAMED_UNIT ( * ) SI_UNIT ( $, .METRE. ) );
#2942 = MECHANICAL_DESIGN_GEOMETRIC_PRESENTATION_REPRESENTATION (  '', ( #1178 ), #3520 ) ;
#2943 = ORIENTED_EDGE ( 'NONE', *, *, #2306, .T. ) ;
#2944 = VECTOR ( 'NONE', #4026, 39.37007874015748100 ) ;
#2945 =( GEOMETRIC_REPRESENTATION_CONTEXT ( 3 ) GLOBAL_UNCERTAINTY_ASSIGNED_CONTEXT ( ( #9323 ) ) GLOBAL_UNIT_ASSIGNED_CONTEXT ( ( #3313, #9449, #4206 ) ) REPRESENTATION_CONTEXT ( 'NONE', 'WORKASPACE' ) );
#2946 = DIRECTION ( 'NONE',  ( -0.0000000000000000000, 1.000000000000000000, 0.0000000000000000000 ) ) ;
#2947 = CARTESIAN_POINT ( 'NONE',  ( 0.0000000000000000000, 0.009842519685039369900, 0.04606299212598428900 ) ) ;
#2948 = FILL_AREA_STYLE ('',( #4669 ) ) ;
#2949 = ORIENTED_EDGE ( 'NONE', *, *, #1718, .T. ) ;
#2950 = VECTOR ( 'NONE', #3889, 39.37007874015748100 ) ;
#2951 =( CONVERSION_BASED_UNIT ( 'INCH', #7574 ) LENGTH_UNIT ( ) NAMED_UNIT ( #753 ) );
#2952 = CIRCLE ( 'NONE', #5809, 0.01476377952755905700 ) ;
#2953 =( GEOMETRIC_REPRESENTATION_CONTEXT ( 3 ) GLOBAL_UNCERTAINTY_ASSIGNED_CONTEXT ( ( #8196 ) ) GLOBAL_UNIT_ASSIGNED_CONTEXT ( ( #431, #364, #321 ) ) REPRESENTATION_CONTEXT ( 'NONE', 'WORKASPACE' ) );
#2954 = FILL_AREA_STYLE ('',( #2066 ) ) ;
#2955 = LINE ( 'NONE', #5198, #7646 ) ;
#2956 = ORIENTED_EDGE ( 'NONE', *, *, #9437, .T. ) ;
#2957 =( NAMED_UNIT ( * ) SI_UNIT ( $, .STERADIAN. ) SOLID_ANGLE_UNIT ( ) );
#2958 = MECHANICAL_DESIGN_GEOMETRIC_PRESENTATION_REPRESENTATION (  '', ( #1189 ), #3533 ) ;
#2959 = STYLED_ITEM ( 'NONE', ( #3995 ), #3295 ) ;
#2960 = VERTEX_POINT ( 'NONE', #2575 ) ;
#2961 = CARTESIAN_POINT ( 'NONE',  ( 0.0000000000000000000, 0.0000000000000000000, 0.08661417322834648300 ) ) ;
#2962 = SURFACE_SIDE_STYLE ('',( #5348 ) ) ;
#2963 = AXIS2_PLACEMENT_3D ( 'NONE', #9696, #4439, #10546 ) ;
#2964 = SURFACE_STYLE_FILL_AREA ( #3572 ) ;
#2965 = DIRECTION ( 'NONE',  ( 1.000000000000000000, 0.0000000000000000000, -0.0000000000000000000 ) ) ;
#2966 = CARTESIAN_POINT ( 'NONE',  ( 0.09055118110236223800, -0.02046108103966344500, -0.03070866141732283800 ) ) ;
#2967 = ORIENTED_EDGE ( 'NONE', *, *, #3842, .T. ) ;
#2968 = DIRECTION ( 'NONE',  ( -1.000000000000000000, -0.0000000000000000000, -0.0000000000000000000 ) ) ;
#2969 =( GEOMETRIC_REPRESENTATION_CONTEXT ( 3 ) GLOBAL_UNCERTAINTY_ASSIGNED_CONTEXT ( ( #3827 ) ) GLOBAL_UNIT_ASSIGNED_CONTEXT ( ( #13, #6134, #893 ) ) REPRESENTATION_CONTEXT ( 'NONE', 'WORKASPACE' ) );
#2970 = ORIENTED_EDGE ( 'NONE', *, *, #3201, .T. ) ;
#2971 = UNCERTAINTY_MEASURE_WITH_UNIT (LENGTH_MEASURE( 1.000000000000000100E-005 ), #6993, 'distance_accuracy_value', 'NONE');
#2972 =( LENGTH_UNIT ( ) NAMED_UNIT ( * ) SI_UNIT ( $, .METRE. ) );
#2973 = VERTEX_POINT ( 'NONE', #2604 ) ;
#2974 = DIRECTION ( 'NONE',  ( 0.0000000000000000000, 0.0000000000000000000, 1.000000000000000000 ) ) ;
#2975 = DIRECTION ( 'NONE',  ( -1.000000000000000000, -0.0000000000000000000, 0.0000000000000000000 ) ) ;
#2976 = DIRECTION ( 'NONE',  ( -0.7071067811865486800, 0.0000000000000000000, -0.7071067811865463500 ) ) ;
#2977 =( CONVERSION_BASED_UNIT ( 'INCH', #4480 ) LENGTH_UNIT ( ) NAMED_UNIT ( #8455 ) );
#2978 = DIRECTION ( 'NONE',  ( 0.0000000000000000000, 0.0000000000000000000, 1.000000000000000000 ) ) ;
#2979 = ORIENTED_EDGE ( 'NONE', *, *, #6735, .F. ) ;
#2980 = DIRECTION ( 'NONE',  ( 0.0000000000000000000, 0.0000000000000000000, 1.000000000000000000 ) ) ;
#2981 = VECTOR ( 'NONE', #9067, 39.37007874015748100 ) ;
#2982 = CARTESIAN_POINT ( 'NONE',  ( -0.07283464566929134800, 0.009842519685039369900, 0.005118110236220508800 ) ) ;
#2983 = ADVANCED_FACE ( 'NONE', ( #3734 ), #1895, .F. ) ;
#2984 = EDGE_LOOP ( 'NONE', ( #59, #4213, #3955, #5584 ) ) ;
#2985 = EDGE_CURVE ( 'NONE', #9798, #925, #309, .T. ) ;
#2986 =( LENGTH_UNIT ( ) NAMED_UNIT ( * ) SI_UNIT ( $, .METRE. ) );
#2987 = EDGE_CURVE ( 'NONE', #156, #1746, #2620, .T. ) ;
#2988 =( NAMED_UNIT ( * ) SI_UNIT ( $, .STERADIAN. ) SOLID_ANGLE_UNIT ( ) );
#2989 = CARTESIAN_POINT ( 'NONE',  ( 0.07283464566929137600, 0.0000000000000000000, 0.02047244094488188600 ) ) ;
#2990 =( LENGTH_UNIT ( ) NAMED_UNIT ( * ) SI_UNIT ( $, .METRE. ) );
#2991 = PRESENTATION_STYLE_ASSIGNMENT (( #424 ) ) ;
#2992 = EDGE_LOOP ( 'NONE', ( #7092, #206, #7867, #7780 ) ) ;
#2993 = LENGTH_MEASURE_WITH_UNIT ( LENGTH_MEASURE( 0.02539999999999999900 ), #9966 );
#2994 = SURFACE_STYLE_FILL_AREA ( #4281 ) ;
#2995 = CARTESIAN_POINT ( 'NONE',  ( 0.02047244094488188900, -0.02046108103966344500, 0.06889763779527562100 ) ) ;
#2996 = FILL_AREA_STYLE ('',( #3052 ) ) ;
#2997 = UNCERTAINTY_MEASURE_WITH_UNIT (LENGTH_MEASURE( 1.000000000000000100E-005 ), #7425, 'distance_accuracy_value', 'NONE');
#2998 = DIRECTION ( 'NONE',  ( 0.0000000000000000000, 0.0000000000000000000, 1.000000000000000000 ) ) ;
#2999 = UNCERTAINTY_MEASURE_WITH_UNIT (LENGTH_MEASURE( 1.000000000000000100E-005 ), #2846, 'distance_accuracy_value', 'NONE');
#3000 = PRESENTATION_STYLE_ASSIGNMENT (( #2913 ) ) ;
#3001 = SURFACE_SIDE_STYLE ('',( #8251 ) ) ;
#3002 = AXIS2_PLACEMENT_3D ( 'NONE', #6589, #1325, #7491 ) ;
#3003 = LINE ( 'NONE', #3773, #5070 ) ;
#3004 = LINE ( 'NONE', #7110, #7415 ) ;
#3005 = UNCERTAINTY_MEASURE_WITH_UNIT (LENGTH_MEASURE( 1.000000000000000100E-005 ), #4351, 'distance_accuracy_value', 'NONE');
#3006 = CARTESIAN_POINT ( 'NONE',  ( 0.04606299212598424800, -0.02046108103966344500, -0.08661417322834641400 ) ) ;
#3007 = DIRECTION ( 'NONE',  ( -0.0000000000000000000, -1.000000000000000000, -0.0000000000000000000 ) ) ;
#3008 = CARTESIAN_POINT ( 'NONE',  ( -0.07086614173228347700, -0.01113553986120548400, -0.07480314960629917700 ) ) ;
#3009 = CARTESIAN_POINT ( 'NONE',  ( 0.005118110236220473200, 0.0000000000000000000, 0.0000000000000000000 ) ) ;
#3010 = AXIS2_PLACEMENT_3D ( 'NONE', #2505, #8658, #3401 ) ;
#3011 = PRESENTATION_LAYER_ASSIGNMENT (  '', '', ( #2412 ) ) ;
#3012 = DIRECTION ( 'NONE',  ( -1.000000000000000000, 0.0000000000000000000, 0.0000000000000000000 ) ) ;
#3013 =( CONVERSION_BASED_UNIT ( 'INCH', #2402 ) LENGTH_UNIT ( ) NAMED_UNIT ( #8617 ) );
#3014 = CARTESIAN_POINT ( 'NONE',  ( 0.0000000000000000000, 0.009842519685039369900, 0.005118110236220474100 ) ) ;
#3015 = VECTOR ( 'NONE', #1918, 39.37007874015748100 ) ;
#3016 = CARTESIAN_POINT ( 'NONE',  ( -0.07874015748031496000, 0.009842519685039369900, -0.07480314960629917700 ) ) ;
#3017 =( NAMED_UNIT ( * ) SI_UNIT ( $, .STERADIAN. ) SOLID_ANGLE_UNIT ( ) );
#3018 = LENGTH_MEASURE_WITH_UNIT ( LENGTH_MEASURE( 0.02539999999999999900 ), #10778 );
#3019 = LINE ( 'NONE', #10317, #2880 ) ;
#3020 = VECTOR ( 'NONE', #5077, 39.37007874015748100 ) ;
#3021 = PRESENTATION_LAYER_ASSIGNMENT (  '', '', ( #1840 ) ) ;
#3022 = SURFACE_STYLE_USAGE ( .BOTH. , #8272 ) ;
#3023 = SURFACE_SIDE_STYLE ('',( #11189 ) ) ;
#3024 = MECHANICAL_DESIGN_GEOMETRIC_PRESENTATION_REPRESENTATION (  '', ( #1249 ), #3590 ) ;
#3025 = LINE ( 'NONE', #2565, #691 ) ;
#3026 = SURFACE_STYLE_USAGE ( .BOTH. , #3068 ) ;
#3027 = AXIS2_PLACEMENT_3D ( 'NONE', #5617, #5698, #8298 ) ;
#3028 = VERTEX_POINT ( 'NONE', #6146 ) ;
#3029 = AXIS2_PLACEMENT_3D ( 'NONE', #5913, #668, #6823 ) ;
#3030 =( NAMED_UNIT ( * ) PLANE_ANGLE_UNIT ( ) SI_UNIT ( $, .RADIAN. ) );
#3031 = PLANE ( 'NONE',  #3534 ) ;
#3032 = FACE_OUTER_BOUND ( 'NONE', #10237, .T. ) ;
#3033 = MANIFOLD_SOLID_BREP ( 'Boss-Extrude2[6]', #2527 ) ;
#3034 = LINE ( 'NONE', #939, #7714 ) ;
#3035 = ADVANCED_FACE ( 'NONE', ( #4702 ), #909, .F. ) ;
#3036 = FILL_AREA_STYLE_COLOUR ( '', #2176 ) ;
#3037 = CARTESIAN_POINT ( 'NONE',  ( -0.005118110236220475000, -0.02046108103966344500, -0.08661417322834641400 ) ) ;
#3038 = EDGE_LOOP ( 'NONE', ( #1832, #7971, #3108, #9199 ) ) ;
#3039 = EDGE_CURVE ( 'NONE', #4020, #84, #445, .T. ) ;
#3040 = PRESENTATION_STYLE_ASSIGNMENT (( #7194 ) ) ;
#3041 = PRESENTATION_STYLE_ASSIGNMENT (( #731 ) ) ;
#3042 = LINE ( 'NONE', #10647, #7454 ) ;
#3043 = LENGTH_MEASURE_WITH_UNIT ( LENGTH_MEASURE( 0.02539999999999999900 ), #4467 );
#3044 = VECTOR ( 'NONE', #9894, 39.37007874015748100 ) ;
#3045 = DIMENSIONAL_EXPONENTS ( 1.000000000000000000, 0.0000000000000000000, 0.0000000000000000000, 0.0000000000000000000, 0.0000000000000000000, 0.0000000000000000000, 0.0000000000000000000 ) ;
#3046 = FILL_AREA_STYLE ('',( #2121 ) ) ;
#3047 = LINE ( 'NONE', #7514, #11235 ) ;
#3048 = FILL_AREA_STYLE ('',( #2165 ) ) ;
#3049 = VERTEX_POINT ( 'NONE', #10081 ) ;
#3050 = EDGE_CURVE ( 'NONE', #7647, #4130, #7184, .T. ) ;
#3051 = VERTEX_POINT ( 'NONE', #9929 ) ;
#3052 = FILL_AREA_STYLE_COLOUR ( '', #945 ) ;
#3053 = DIMENSIONAL_EXPONENTS ( 1.000000000000000000, 0.0000000000000000000, 0.0000000000000000000, 0.0000000000000000000, 0.0000000000000000000, 0.0000000000000000000, 0.0000000000000000000 ) ;
#3054 = CARTESIAN_POINT ( 'NONE',  ( -0.07283464566929134800, -0.02046108103966344500, -0.05629921259842515800 ) ) ;
#3055 =( LENGTH_UNIT ( ) NAMED_UNIT ( * ) SI_UNIT ( $, .METRE. ) );
#3056 = DIRECTION ( 'NONE',  ( 1.000000000000000000, 0.0000000000000000000, -0.0000000000000000000 ) ) ;
#3057 = EDGE_CURVE ( 'NONE', #10754, #2909, #7469, .T. ) ;
#3058 = FILL_AREA_STYLE ('',( #2172 ) ) ;
#3059 = VECTOR ( 'NONE', #6316, 39.37007874015748100 ) ;
#3060 = CARTESIAN_POINT ( 'NONE',  ( 0.0000000000000000000, 0.0000000000000000000, -0.06889763779527555100 ) ) ;
#3061 = ORIENTED_EDGE ( 'NONE', *, *, #9362, .F. ) ;
#3062 = DIRECTION ( 'NONE',  ( -0.0000000000000000000, -1.000000000000000000, -0.0000000000000000000 ) ) ;
#3063 = EDGE_LOOP ( 'NONE', ( #5284, #9526, #1551, #5511 ) ) ;
#3064 =( NAMED_UNIT ( * ) PLANE_ANGLE_UNIT ( ) SI_UNIT ( $, .RADIAN. ) );
#3065 = CARTESIAN_POINT ( 'NONE',  ( 0.04606299212598424800, 0.0000000000000000000, -0.08661417322834641400 ) ) ;
#3066 = LINE ( 'NONE', #2389, #7741 ) ;
#3067 = PRESENTATION_STYLE_ASSIGNMENT (( #3423 ) ) ;
#3068 = SURFACE_SIDE_STYLE ('',( #10153 ) ) ;
#3069 = ORIENTED_EDGE ( 'NONE', *, *, #4746, .F. ) ;
#3070 = PRESENTATION_LAYER_ASSIGNMENT (  '', '', ( #2453 ) ) ;
#3071 = CARTESIAN_POINT ( 'NONE',  ( -0.05629921259842520600, 0.0000000000000000000, -0.08661417322834641400 ) ) ;
#3072 = VERTEX_POINT ( 'NONE', #9974 ) ;
#3073 = EDGE_CURVE ( 'NONE', #6088, #7367, #9503, .T. ) ;
#3074 = CLOSED_SHELL ( 'NONE', ( #7543, #6212, #5153, #11048, #5354, #8905 ) ) ;
#3075 = PRESENTATION_LAYER_ASSIGNMENT (  '', '', ( #1889 ) ) ;
#3076 = FILL_AREA_STYLE_COLOUR ( '', #7723 ) ;
#3077 = LENGTH_MEASURE_WITH_UNIT ( LENGTH_MEASURE( 0.02539999999999999900 ), #8817 );
#3078 = UNCERTAINTY_MEASURE_WITH_UNIT (LENGTH_MEASURE( 1.000000000000000100E-005 ), #7717, 'distance_accuracy_value', 'NONE');
#3079 = CARTESIAN_POINT ( 'NONE',  ( 0.02047244094488188600, 0.0000000000000000000, 0.06889763779527562100 ) ) ;
#3080 = CARTESIAN_POINT ( 'NONE',  ( -0.07283464566929134800, 0.0000000000000000000, 0.005118110236220508800 ) ) ;
#3081 = LINE ( 'NONE', #6285, #7756 ) ;
#3082 = ORIENTED_EDGE ( 'NONE', *, *, #3429, .T. ) ;
#3083 = DIRECTION ( 'NONE',  ( 0.0000000000000000000, -0.0000000000000000000, -1.000000000000000000 ) ) ;
#3084 = AXIS2_PLACEMENT_3D ( 'NONE', #2743, #8898, #3636 ) ;
#3085 = ORIENTED_EDGE ( 'NONE', *, *, #7836, .T. ) ;
#3086 = VERTEX_POINT ( 'NONE', #9246 ) ;
#3087 = DIRECTION ( 'NONE',  ( -2.409338161078899700E-016, -0.0000000000000000000, -1.000000000000000000 ) ) ;
#3088 =( NAMED_UNIT ( * ) SI_UNIT ( $, .STERADIAN. ) SOLID_ANGLE_UNIT ( ) );
#3089 = ORIENTED_EDGE ( 'NONE', *, *, #9137, .T. ) ;
#3090 =( NAMED_UNIT ( * ) SI_UNIT ( $, .STERADIAN. ) SOLID_ANGLE_UNIT ( ) );
#3091 = FILL_AREA_STYLE_COLOUR ( '', #11302 ) ;
#3092 = LENGTH_MEASURE_WITH_UNIT ( LENGTH_MEASURE( 0.02539999999999999900 ), #10801 );
#3093 = VERTEX_POINT ( 'NONE', #9204 ) ;
#3094 = FACE_OUTER_BOUND ( 'NONE', #10732, .T. ) ;
#3095 = STYLED_ITEM ( 'NONE', ( #10060 ), #556 ) ;
#3096 = SURFACE_STYLE_USAGE ( .BOTH. , #3540 ) ;
#3097 = SURFACE_SIDE_STYLE ('',( #2067 ) ) ;
#3098 = SURFACE_SIDE_STYLE ('',( #879 ) ) ;
#3099 = FILL_AREA_STYLE_COLOUR ( '', #6656 ) ;
#3100 = EDGE_LOOP ( 'NONE', ( #6073, #1334, #1460, #10176 ) ) ;
#3101 = ADVANCED_FACE ( 'NONE', ( #2768 ), #9288, .F. ) ;
#3102 = MECHANICAL_DESIGN_GEOMETRIC_PRESENTATION_REPRESENTATION (  '', ( #1326 ), #3668 ) ;
#3103 = FACE_OUTER_BOUND ( 'NONE', #10682, .T. ) ;
#3104 = PRESENTATION_LAYER_ASSIGNMENT (  '', '', ( #1909 ) ) ;
#3105 = AXIS2_PLACEMENT_3D ( 'NONE', #2808, #8951, #3681 ) ;
#3106 = LINE ( 'NONE', #10908, #9556 ) ;
#3107 = LINE ( 'NONE', #2415, #5172 ) ;
#3108 = ORIENTED_EDGE ( 'NONE', *, *, #1074, .F. ) ;
#3109 = PLANE ( 'NONE',  #5723 ) ;
#3110 = FILL_AREA_STYLE ('',( #3140 ) ) ;
#3111 = AXIS2_PLACEMENT_3D ( 'NONE', #3629, #9762, #4516 ) ;
#3112 =( NAMED_UNIT ( * ) SI_UNIT ( $, .STERADIAN. ) SOLID_ANGLE_UNIT ( ) );
#3113 = FILL_AREA_STYLE ('',( #3858 ) ) ;
#3114 = AXIS2_PLACEMENT_3D ( 'NONE', #7823, #7786, #7743 ) ;
#3115 = ORIENTED_EDGE ( 'NONE', *, *, #4243, .F. ) ;
#3116 = SURFACE_STYLE_USAGE ( .BOTH. , #1519 ) ;
#3117 = STYLED_ITEM ( 'NONE', ( #8057 ), #10772 ) ;
#3118 = CARTESIAN_POINT ( 'NONE',  ( 0.07283464566929137600, 0.009842519685039369900, 0.03070866141732283800 ) ) ;
#3119 = EDGE_CURVE ( 'NONE', #11307, #2517, #2480, .T. ) ;
#3120 = PRESENTATION_STYLE_ASSIGNMENT (( #7170 ) ) ;
#3121 = EDGE_CURVE ( 'NONE', #7639, #8296, #10432, .T. ) ;
#3122 = CARTESIAN_POINT ( 'NONE',  ( 0.0000000000000000000, 0.0000000000000000000, 0.05629921259842520600 ) ) ;
#3123 =( NAMED_UNIT ( * ) PLANE_ANGLE_UNIT ( ) SI_UNIT ( $, .RADIAN. ) );
#3124 =( NAMED_UNIT ( * ) PLANE_ANGLE_UNIT ( ) SI_UNIT ( $, .RADIAN. ) );
#3125 = ORIENTED_EDGE ( 'NONE', *, *, #10012, .T. ) ;
#3126 =( NAMED_UNIT ( * ) SI_UNIT ( $, .STERADIAN. ) SOLID_ANGLE_UNIT ( ) );
#3127 = CARTESIAN_POINT ( 'NONE',  ( 0.0000000000000000000, 0.0000000000000000000, 0.06889763779527562100 ) ) ;
#3128 =( NAMED_UNIT ( * ) SI_UNIT ( $, .STERADIAN. ) SOLID_ANGLE_UNIT ( ) );
#3129 = DIRECTION ( 'NONE',  ( 0.0000000000000000000, -0.0000000000000000000, -1.000000000000000000 ) ) ;
#3130 = SURFACE_STYLE_FILL_AREA ( #2548 ) ;
#3131 = DIMENSIONAL_EXPONENTS ( 1.000000000000000000, 0.0000000000000000000, 0.0000000000000000000, 0.0000000000000000000, 0.0000000000000000000, 0.0000000000000000000, 0.0000000000000000000 ) ;
#3132 = DIRECTION ( 'NONE',  ( 0.0000000000000000000, -1.000000000000000000, 0.0000000000000000000 ) ) ;
#3133 = SURFACE_STYLE_USAGE ( .BOTH. , #8382 ) ;
#3134 = EDGE_CURVE ( 'NONE', #4034, #10593, #8120, .T. ) ;
#3135 = VECTOR ( 'NONE', #1341, 39.37007874015748100 ) ;
#3136 = ORIENTED_EDGE ( 'NONE', *, *, #6064, .F. ) ;
#3137 = CARTESIAN_POINT ( 'NONE',  ( 0.05629921259842520000, 0.009842519685039369900, 0.06889763779527562100 ) ) ;
#3138 = EDGE_CURVE ( 'NONE', #2960, #2097, #1123, .T. ) ;
#3139 = VECTOR ( 'NONE', #3425, 39.37007874015748100 ) ;
#3140 = FILL_AREA_STYLE_COLOUR ( '', #9999 ) ;
#3141 =( GEOMETRIC_REPRESENTATION_CONTEXT ( 3 ) GLOBAL_UNCERTAINTY_ASSIGNED_CONTEXT ( ( #7795 ) ) GLOBAL_UNIT_ASSIGNED_CONTEXT ( ( #2747, #8901, #3639 ) ) REPRESENTATION_CONTEXT ( 'NONE', 'WORKASPACE' ) );
#3142 = DIRECTION ( 'NONE',  ( 0.0000000000000000000, 0.0000000000000000000, 1.000000000000000000 ) ) ;
#3143 = DIRECTION ( 'NONE',  ( -0.0000000000000000000, 0.0000000000000000000, 1.000000000000000000 ) ) ;
#3144 = DIRECTION ( 'NONE',  ( 1.000000000000000000, -0.0000000000000000000, 0.0000000000000000000 ) ) ;
#3145 = SURFACE_STYLE_FILL_AREA ( #2161 ) ;
#3146 = FACE_OUTER_BOUND ( 'NONE', #7360, .T. ) ;
#3147 = ADVANCED_FACE ( 'NONE', ( #10172 ), #6536, .F. ) ;
#3148 = DIRECTION ( 'NONE',  ( -0.04987546680538203900, 0.9975093361076329300, 0.04987546680538176800 ) ) ;
#3149 = COLOUR_RGB ( '',0.2509803921568627400, 0.2509803921568627400, 0.2509803921568627400 ) ;
#3150 = SURFACE_STYLE_USAGE ( .BOTH. , #3194 ) ;
#3151 = STYLED_ITEM ( 'NONE', ( #3469 ), #122 ) ;
#3152 = DIMENSIONAL_EXPONENTS ( 1.000000000000000000, 0.0000000000000000000, 0.0000000000000000000, 0.0000000000000000000, 0.0000000000000000000, 0.0000000000000000000, 0.0000000000000000000 ) ;
#3153 = SURFACE_STYLE_USAGE ( .BOTH. , #8406 ) ;
#3154 = VECTOR ( 'NONE', #10015, 39.37007874015748100 ) ;
#3155 = SURFACE_STYLE_FILL_AREA ( #940 ) ;
#3156 = FILL_AREA_STYLE_COLOUR ( '', #2711 ) ;
#3157 =( CONVERSION_BASED_UNIT ( 'INCH', #1836 ) LENGTH_UNIT ( ) NAMED_UNIT ( #4292 ) );
#3158 = CARTESIAN_POINT ( 'NONE',  ( -0.07283464566929134800, 0.009842519685039369900, -0.02047244094488185500 ) ) ;
#3159 = PRESENTATION_LAYER_ASSIGNMENT (  '', '', ( #1983 ) ) ;
#3160 = LENGTH_MEASURE_WITH_UNIT ( LENGTH_MEASURE( 0.02539999999999999900 ), #6111 );
#3161 = MECHANICAL_DESIGN_GEOMETRIC_PRESENTATION_REPRESENTATION (  '', ( #1387 ), #3738 ) ;
#3162 = LINE ( 'NONE', #4086, #5505 ) ;
#3163 = DIMENSIONAL_EXPONENTS ( 1.000000000000000000, 0.0000000000000000000, 0.0000000000000000000, 0.0000000000000000000, 0.0000000000000000000, 0.0000000000000000000, 0.0000000000000000000 ) ;
#3164 = LINE ( 'NONE', #1425, #7842 ) ;
#3165 =( NAMED_UNIT ( * ) PLANE_ANGLE_UNIT ( ) SI_UNIT ( $, .RADIAN. ) );
#3166 = FILL_AREA_STYLE ('',( #2279 ) ) ;
#3167 = CARTESIAN_POINT ( 'NONE',  ( -0.02047244094488189300, 0.009842519685039369900, -0.08661417322834641400 ) ) ;
#3168 = DIRECTION ( 'NONE',  ( 0.0000000000000000000, 1.000000000000000000, 0.0000000000000000000 ) ) ;
#3169 = DIMENSIONAL_EXPONENTS ( 1.000000000000000000, 0.0000000000000000000, 0.0000000000000000000, 0.0000000000000000000, 0.0000000000000000000, 0.0000000000000000000, 0.0000000000000000000 ) ;
#3170 = FILL_AREA_STYLE_COLOUR ( '', #4414 ) ;
#3171 = ORIENTED_EDGE ( 'NONE', *, *, #10661, .T. ) ;
#3172 = AXIS2_PLACEMENT_3D ( 'NONE', #3054, #3012, #2980 ) ;
#3173 = SURFACE_SIDE_STYLE ('',( #6049 ) ) ;
#3174 = VECTOR ( 'NONE', #5481, 39.37007874015748100 ) ;
#3175 = DIRECTION ( 'NONE',  ( -1.000000000000000000, 0.0000000000000000000, 0.0000000000000000000 ) ) ;
#3176 = VECTOR ( 'NONE', #278, 39.37007874015748100 ) ;
#3177 = SURFACE_STYLE_USAGE ( .BOTH. , #8428 ) ;
#3178 = PRESENTATION_LAYER_ASSIGNMENT (  '', '', ( #1997 ) ) ;
#3179 = PRESENTATION_STYLE_ASSIGNMENT (( #3116 ) ) ;
#3180 = DIMENSIONAL_EXPONENTS ( 1.000000000000000000, 0.0000000000000000000, 0.0000000000000000000, 0.0000000000000000000, 0.0000000000000000000, 0.0000000000000000000, 0.0000000000000000000 ) ;
#3181 = PLANE ( 'NONE',  #2483 ) ;
#3182 = AXIS2_PLACEMENT_3D ( 'NONE', #6800, #6759, #6726 ) ;
#3183 = LINE ( 'NONE', #5732, #7582 ) ;
#3184 = COLOUR_RGB ( '',0.9686274509803921600, 0.8784313725490196000, 0.5999999999999999800 ) ;
#3185 =( GEOMETRIC_REPRESENTATION_CONTEXT ( 3 ) GLOBAL_UNCERTAINTY_ASSIGNED_CONTEXT ( ( #1311 ) ) GLOBAL_UNIT_ASSIGNED_CONTEXT ( ( #4577, #10674, #5471 ) ) REPRESENTATION_CONTEXT ( 'NONE', 'WORKASPACE' ) );
#3186 = VERTEX_POINT ( 'NONE', #7423 ) ;
#3187 = MECHANICAL_DESIGN_GEOMETRIC_PRESENTATION_REPRESENTATION (  '', ( #1413 ), #3767 ) ;
#3188 = DIRECTION ( 'NONE',  ( 0.0000000000000000000, 0.0000000000000000000, 1.000000000000000000 ) ) ;
#3189 = VECTOR ( 'NONE', #5139, 39.37007874015748100 ) ;
#3190 = DIRECTION ( 'NONE',  ( -1.000000000000000000, 0.0000000000000000000, -0.0000000000000000000 ) ) ;
#3191 = PRESENTATION_STYLE_ASSIGNMENT (( #6409 ) ) ;
#3192 = LENGTH_MEASURE_WITH_UNIT ( LENGTH_MEASURE( 0.02539999999999999900 ), #2986 );
#3193 = EDGE_LOOP ( 'NONE', ( #4158, #4189, #8105, #583 ) ) ;
#3194 = SURFACE_SIDE_STYLE ('',( #597 ) ) ;
#3195 = CLOSED_SHELL ( 'NONE', ( #6042, #8094, #8065, #6100, #7080, #6260 ) ) ;
#3196 = VECTOR ( 'NONE', #10363, 39.37007874015748100 ) ;
#3197 = COLOUR_RGB ( '',0.2509803921568627400, 0.2509803921568627400, 0.2509803921568627400 ) ;
#3198 = ORIENTED_EDGE ( 'NONE', *, *, #8799, .T. ) ;
#3199 =( LENGTH_UNIT ( ) NAMED_UNIT ( * ) SI_UNIT ( $, .METRE. ) );
#3200 =( NAMED_UNIT ( * ) SI_UNIT ( $, .STERADIAN. ) SOLID_ANGLE_UNIT ( ) );
#3201 = EDGE_CURVE ( 'NONE', #1129, #7501, #33, .T. ) ;
#3202 = ORIENTED_EDGE ( 'NONE', *, *, #10023, .F. ) ;
#3203 = ORIENTED_EDGE ( 'NONE', *, *, #7112, .T. ) ;
#3204 =( CONVERSION_BASED_UNIT ( 'INCH', #5531 ) LENGTH_UNIT ( ) NAMED_UNIT ( #2666 ) );
#3205 = CARTESIAN_POINT ( 'NONE',  ( -0.07874015748031496000, 0.0000000000000000000, 0.0000000000000000000 ) ) ;
#3206 = EDGE_CURVE ( 'NONE', #7815, #2960, #6761, .T. ) ;
#3207 = LINE ( 'NONE', #6141, #9915 ) ;
#3208 = ADVANCED_FACE ( 'NONE', ( #2080 ), #4834, .F. ) ;
#3209 =( GEOMETRIC_REPRESENTATION_CONTEXT ( 3 ) GLOBAL_UNCERTAINTY_ASSIGNED_CONTEXT ( ( #5398 ) ) GLOBAL_UNIT_ASSIGNED_CONTEXT ( ( #113, #6250, #1002 ) ) REPRESENTATION_CONTEXT ( 'NONE', 'WORKASPACE' ) );
#3210 = VECTOR ( 'NONE', #524, 39.37007874015748100 ) ;
#3211 = PRESENTATION_STYLE_ASSIGNMENT (( #2421 ) ) ;
#3212 =( CONVERSION_BASED_UNIT ( 'INCH', #10839 ) LENGTH_UNIT ( ) NAMED_UNIT ( #9386 ) );
#3213 = ORIENTED_EDGE ( 'NONE', *, *, #8117, .T. ) ;
#3214 = UNCERTAINTY_MEASURE_WITH_UNIT (LENGTH_MEASURE( 1.000000000000000100E-005 ), #9074, 'distance_accuracy_value', 'NONE');
#3215 = ORIENTED_EDGE ( 'NONE', *, *, #989, .F. ) ;
#3216 = CARTESIAN_POINT ( 'NONE',  ( -0.09251968503937008100, 0.03937007874015748000, -0.08858267716535429800 ) ) ;
#3217 = VERTEX_POINT ( 'NONE', #3374 ) ;
#3218 = CARTESIAN_POINT ( 'NONE',  ( 0.0003937007874015829800, 0.1023622047233316700, 0.003413385824419886600 ) ) ;
#3219 = UNCERTAINTY_MEASURE_WITH_UNIT (LENGTH_MEASURE( 1.000000000000000100E-005 ), #5232, 'distance_accuracy_value', 'NONE');
#3220 = DIRECTION ( 'NONE',  ( 2.409338161078899700E-016, -0.0000000000000000000, 1.000000000000000000 ) ) ;
#3221 =( NAMED_UNIT ( * ) PLANE_ANGLE_UNIT ( ) SI_UNIT ( $, .RADIAN. ) );
#3222 = ORIENTED_EDGE ( 'NONE', *, *, #5989, .F. ) ;
#3223 = LENGTH_MEASURE_WITH_UNIT ( LENGTH_MEASURE( 0.02539999999999999900 ), #2368 );
#3224 = CARTESIAN_POINT ( 'NONE',  ( 0.09055118110236223800, 0.0000000000000000000, -0.03070866141732283800 ) ) ;
#3225 = VECTOR ( 'NONE', #5711, 39.37007874015748100 ) ;
#3226 = LINE ( 'NONE', #3475, #5563 ) ;
#3227 =( LENGTH_UNIT ( ) NAMED_UNIT ( * ) SI_UNIT ( $, .METRE. ) );
#3228 = ORIENTED_EDGE ( 'NONE', *, *, #8929, .F. ) ;
#3229 =( GEOMETRIC_REPRESENTATION_CONTEXT ( 3 ) GLOBAL_UNCERTAINTY_ASSIGNED_CONTEXT ( ( #199 ) ) GLOBAL_UNIT_ASSIGNED_CONTEXT ( ( #3732, #9869, #4627 ) ) REPRESENTATION_CONTEXT ( 'NONE', 'WORKASPACE' ) );
#3230 = CARTESIAN_POINT ( 'NONE',  ( 0.04606299212598425500, 0.009842519685039369900, -0.06889763779527555100 ) ) ;
#3231 = ORIENTED_EDGE ( 'NONE', *, *, #6277, .F. ) ;
#3232 = SURFACE_STYLE_USAGE ( .BOTH. , #8477 ) ;
#3233 = ORIENTED_EDGE ( 'NONE', *, *, #9235, .F. ) ;
#3234 = STYLED_ITEM ( 'NONE', ( #6558 ), #5993 ) ;
#3235 = ORIENTED_EDGE ( 'NONE', *, *, #10115, .F. ) ;
#3236 =( GEOMETRIC_REPRESENTATION_CONTEXT ( 3 ) GLOBAL_UNCERTAINTY_ASSIGNED_CONTEXT ( ( #3696 ) ) GLOBAL_UNIT_ASSIGNED_CONTEXT ( ( #2834, #2804, #2758 ) ) REPRESENTATION_CONTEXT ( 'NONE', 'WORKASPACE' ) );
#3237 = SURFACE_STYLE_USAGE ( .BOTH. , #8482 ) ;
#3238 = SURFACE_STYLE_USAGE ( .BOTH. , #3274 ) ;
#3239 = ORIENTED_EDGE ( 'NONE', *, *, #3414, .F. ) ;
#3240 = ORIENTED_EDGE ( 'NONE', *, *, #4604, .F. ) ;
#3241 = DIRECTION ( 'NONE',  ( 4.818676322157799300E-016, -0.0000000000000000000, 1.000000000000000000 ) ) ;
#3242 = AXIS2_PLACEMENT_3D ( 'NONE', #9345, #8626, #8594 ) ;
#3243 = VECTOR ( 'NONE', #4931, 39.37007874015748100 ) ;
#3244 = ORIENTED_EDGE ( 'NONE', *, *, #10310, .T. ) ;
#3245 =( LENGTH_UNIT ( ) NAMED_UNIT ( * ) SI_UNIT ( $, .METRE. ) );
#3246 = CARTESIAN_POINT ( 'NONE',  ( 0.07283464566929139000, 0.009842519685039369900, -0.02047244094488188900 ) ) ;
#3247 =( LENGTH_UNIT ( ) NAMED_UNIT ( * ) SI_UNIT ( $, .METRE. ) );
#3248 = SURFACE_STYLE_USAGE ( .BOTH. , #3316 ) ;
#3249 = STYLED_ITEM ( 'NONE', ( #4807 ), #9989 ) ;
#3250 = CARTESIAN_POINT ( 'NONE',  ( -0.09055118110236221000, 0.009842519685039369900, -0.005118110236220437700 ) ) ;
#3251 = ORIENTED_EDGE ( 'NONE', *, *, #7421, .F. ) ;
#3252 = CARTESIAN_POINT ( 'NONE',  ( -0.09055118110236222400, 0.009842519685039369900, -0.04606299212598422000 ) ) ;
#3253 = STYLED_ITEM ( 'NONE', ( #8655 ), #5153 ) ;
#3254 = SURFACE_STYLE_FILL_AREA ( #799 ) ;
#3255 =( NAMED_UNIT ( * ) SI_UNIT ( $, .STERADIAN. ) SOLID_ANGLE_UNIT ( ) );
#3256 =( GEOMETRIC_REPRESENTATION_CONTEXT ( 3 ) GLOBAL_UNCERTAINTY_ASSIGNED_CONTEXT ( ( #6438 ) ) GLOBAL_UNIT_ASSIGNED_CONTEXT ( ( #3212, #9335, #4092 ) ) REPRESENTATION_CONTEXT ( 'NONE', 'WORKASPACE' ) );
#3257 =( LENGTH_UNIT ( ) NAMED_UNIT ( * ) SI_UNIT ( $, .METRE. ) );
#3258 = FILL_AREA_STYLE_COLOUR ( '', #10536 ) ;
#3259 = PLANE ( 'NONE',  #10275 ) ;
#3260 = VERTEX_POINT ( 'NONE', #4987 ) ;
#3261 = SURFACE_SIDE_STYLE ('',( #9402 ) ) ;
#3262 = EDGE_CURVE ( 'NONE', #1610, #3642, #7985, .T. ) ;
#3263 = FACE_OUTER_BOUND ( 'NONE', #8333, .T. ) ;
#3264 = PRESENTATION_LAYER_ASSIGNMENT (  '', '', ( #2078 ) ) ;
#3265 = PRESENTATION_STYLE_ASSIGNMENT (( #31 ) ) ;
#3266 = ADVANCED_FACE ( 'NONE', ( #992 ), #3031, .F. ) ;
#3267 = DIRECTION ( 'NONE',  ( -0.0000000000000000000, 0.0000000000000000000, -1.000000000000000000 ) ) ;
#3268 = ORIENTED_EDGE ( 'NONE', *, *, #9007, .F. ) ;
#3269 = CARTESIAN_POINT ( 'NONE',  ( -0.05629921259842520600, 0.009842519685039369900, 0.08661417322834648300 ) ) ;
#3270 = EDGE_CURVE ( 'NONE', #6664, #5290, #2212, .T. ) ;
#3271 = DIMENSIONAL_EXPONENTS ( 1.000000000000000000, 0.0000000000000000000, 0.0000000000000000000, 0.0000000000000000000, 0.0000000000000000000, 0.0000000000000000000, 0.0000000000000000000 ) ;
#3272 = EDGE_CURVE ( 'NONE', #875, #3739, #4551, .T. ) ;
#3273 = DIRECTION ( 'NONE',  ( 0.0000000000000000000, -1.000000000000000000, -0.0000000000000000000 ) ) ;
#3274 = SURFACE_SIDE_STYLE ('',( #63 ) ) ;
#3275 =( GEOMETRIC_REPRESENTATION_CONTEXT ( 3 ) GLOBAL_UNCERTAINTY_ASSIGNED_CONTEXT ( ( #2997 ) ) GLOBAL_UNIT_ASSIGNED_CONTEXT ( ( #7425, #2149, #8288 ) ) REPRESENTATION_CONTEXT ( 'NONE', 'WORKASPACE' ) );
#3276 = CARTESIAN_POINT ( 'NONE',  ( 0.03070866141732283400, 0.009842519685039369900, -0.08661417322834641400 ) ) ;
#3277 = UNCERTAINTY_MEASURE_WITH_UNIT (LENGTH_MEASURE( 1.000000000000000100E-005 ), #3565, 'distance_accuracy_value', 'NONE');
#3278 = VECTOR ( 'NONE', #3241, 39.37007874015748100 ) ;
#3279 = CARTESIAN_POINT ( 'NONE',  ( 0.0000000000000000000, 0.009842519685039369900, 0.02047244094488192400 ) ) ;
#3280 = DIMENSIONAL_EXPONENTS ( 1.000000000000000000, 0.0000000000000000000, 0.0000000000000000000, 0.0000000000000000000, 0.0000000000000000000, 0.0000000000000000000, 0.0000000000000000000 ) ;
#3281 = SURFACE_STYLE_USAGE ( .BOTH. , #8529 ) ;
#3282 =( NAMED_UNIT ( * ) PLANE_ANGLE_UNIT ( ) SI_UNIT ( $, .RADIAN. ) );
#3283 = UNCERTAINTY_MEASURE_WITH_UNIT (LENGTH_MEASURE( 1.000000000000000100E-005 ), #826, 'distance_accuracy_value', 'NONE');
#3284 = CARTESIAN_POINT ( 'NONE',  ( -0.07874015748031494600, 0.009842519685039369900, -0.06692913385826766700 ) ) ;
#3285 = PRESENTATION_STYLE_ASSIGNMENT (( #11001 ) ) ;
#3286 = EDGE_CURVE ( 'NONE', #4891, #7404, #11233, .T. ) ;
#3287 = EDGE_CURVE ( 'NONE', #4016, #10389, #4274, .T. ) ;
#3288 = DIRECTION ( 'NONE',  ( 0.0000000000000000000, 1.000000000000000000, 0.0000000000000000000 ) ) ;
#3289 = PLANE ( 'NONE',  #10832 ) ;
#3290 = AXIS2_PLACEMENT_3D ( 'NONE', #9311, #4065, #10189 ) ;
#3291 = DIMENSIONAL_EXPONENTS ( 1.000000000000000000, 0.0000000000000000000, 0.0000000000000000000, 0.0000000000000000000, 0.0000000000000000000, 0.0000000000000000000, 0.0000000000000000000 ) ;
#3292 =( CONVERSION_BASED_UNIT ( 'INCH', #8100 ) LENGTH_UNIT ( ) NAMED_UNIT ( #5363 ) );
#3293 = CARTESIAN_POINT ( 'NONE',  ( 0.005118110236220473200, 0.009842519685039369900, -0.06889763779527555100 ) ) ;
#3294 = CARTESIAN_POINT ( 'NONE',  ( 0.03070866141732283400, 0.0000000000000000000, 0.08661417322834648300 ) ) ;
#3295 = ADVANCED_FACE ( 'NONE', ( #8940 ), #619, .F. ) ;
#3296 = LINE ( 'NONE', #7672, #5366 ) ;
#3297 =( NAMED_UNIT ( * ) PLANE_ANGLE_UNIT ( ) SI_UNIT ( $, .RADIAN. ) );
#3298 = VECTOR ( 'NONE', #3220, 39.37007874015748100 ) ;
#3299 = VERTEX_POINT ( 'NONE', #1305 ) ;
#3300 = FILL_AREA_STYLE_COLOUR ( '', #2921 ) ;
#3301 = LENGTH_MEASURE_WITH_UNIT ( LENGTH_MEASURE( 0.02539999999999999900 ), #10282 );
#3302 = FACE_OUTER_BOUND ( 'NONE', #3746, .T. ) ;
#3303 = FACE_OUTER_BOUND ( 'NONE', #2905, .T. ) ;
#3304 = SURFACE_STYLE_FILL_AREA ( #1009 ) ;
#3305 = CARTESIAN_POINT ( 'NONE',  ( 0.0000000000000000000, 0.009842519685039369900, 0.0000000000000000000 ) ) ;
#3306 = FILL_AREA_STYLE ('',( #3882 ) ) ;
#3307 = PRESENTATION_LAYER_ASSIGNMENT (  '', '', ( #2134 ) ) ;
#3308 = PLANE ( 'NONE',  #10507 ) ;
#3309 = AXIS2_PLACEMENT_3D ( 'NONE', #9431, #9389, #9310 ) ;
#3310 = ORIENTED_EDGE ( 'NONE', *, *, #2745, .F. ) ;
#3311 = STYLED_ITEM ( 'NONE', ( #7604 ), #4639 ) ;
#3312 = SURFACE_STYLE_FILL_AREA ( #7309 ) ;
#3313 =( CONVERSION_BASED_UNIT ( 'INCH', #4991 ) LENGTH_UNIT ( ) NAMED_UNIT ( #2924 ) );
#3314 = STYLED_ITEM ( 'NONE', ( #8990 ), #6311 ) ;
#3315 = FILL_AREA_STYLE ('',( #10278 ) ) ;
#3316 = SURFACE_SIDE_STYLE ('',( #8555 ) ) ;
#3317 = DIMENSIONAL_EXPONENTS ( 1.000000000000000000, 0.0000000000000000000, 0.0000000000000000000, 0.0000000000000000000, 0.0000000000000000000, 0.0000000000000000000, 0.0000000000000000000 ) ;
#3318 = SURFACE_STYLE_FILL_AREA ( #2867 ) ;
#3319 = CARTESIAN_POINT ( 'NONE',  ( 0.04606299212598424800, -0.02046108103966344500, -0.08661417322834641400 ) ) ;
#3320 = VECTOR ( 'NONE', #10563, 39.37007874015748100 ) ;
#3321 = VECTOR ( 'NONE', #7272, 39.37007874015748100 ) ;
#3322 = ORIENTED_EDGE ( 'NONE', *, *, #9817, .F. ) ;
#3323 = STYLED_ITEM ( 'NONE', ( #560 ), #1563 ) ;
#3324 = ORIENTED_EDGE ( 'NONE', *, *, #3943, .F. ) ;
#3325 = LINE ( 'NONE', #10764, #10036 ) ;
#3326 = CARTESIAN_POINT ( 'NONE',  ( -0.09055118110236221000, 0.009842519685039369900, 0.03070866141732286900 ) ) ;
#3327 = VECTOR ( 'NONE', #2352, 39.37007874015748100 ) ;
#3328 =( GEOMETRIC_REPRESENTATION_CONTEXT ( 3 ) GLOBAL_UNCERTAINTY_ASSIGNED_CONTEXT ( ( #3360 ) ) GLOBAL_UNIT_ASSIGNED_CONTEXT ( ( #7684, #7654, #7606 ) ) REPRESENTATION_CONTEXT ( 'NONE', 'WORKASPACE' ) );
#3329 =( LENGTH_UNIT ( ) NAMED_UNIT ( * ) SI_UNIT ( $, .METRE. ) );
#3330 =( CONVERSION_BASED_UNIT ( 'INCH', #2109 ) LENGTH_UNIT ( ) NAMED_UNIT ( #10481 ) );
#3331 = ORIENTED_EDGE ( 'NONE', *, *, #7339, .T. ) ;
#3332 = PRESENTATION_LAYER_ASSIGNMENT (  '', '', ( #2155 ) ) ;
#3333 = EDGE_CURVE ( 'NONE', #1536, #8726, #9884, .T. ) ;
#3334 = FILL_AREA_STYLE ('',( #4185 ) ) ;
#3335 = VERTEX_POINT ( 'NONE', #7613 ) ;
#3336 = DIRECTION ( 'NONE',  ( -0.0000000000000000000, -1.000000000000000000, -0.0000000000000000000 ) ) ;
#3337 = EDGE_CURVE ( 'NONE', #7518, #914, #2889, .T. ) ;
#3338 = ORIENTED_EDGE ( 'NONE', *, *, #546, .F. ) ;
#3339 =( NAMED_UNIT ( * ) PLANE_ANGLE_UNIT ( ) SI_UNIT ( $, .RADIAN. ) );
#3340 = ORIENTED_EDGE ( 'NONE', *, *, #9581, .T. ) ;
#3341 = ORIENTED_EDGE ( 'NONE', *, *, #634, .F. ) ;
#3342 = DIRECTION ( 'NONE',  ( 0.0000000000000000000, -0.0000000000000000000, 1.000000000000000000 ) ) ;
#3343 = PLANE ( 'NONE',  #4730 ) ;
#3344 = VECTOR ( 'NONE', #2414, 39.37007874015748100 ) ;
#3345 = PRESENTATION_STYLE_ASSIGNMENT (( #3940 ) ) ;
#3346 = UNCERTAINTY_MEASURE_WITH_UNIT (LENGTH_MEASURE( 1.000000000000000100E-005 ), #8932, 'distance_accuracy_value', 'NONE');
#3347 = COLOUR_RGB ( '',0.9686274509803921600, 0.8784313725490196000, 0.5999999999999999800 ) ;
#3348 = ADVANCED_FACE ( 'NONE', ( #9621 ), #2374, .F. ) ;
#3349 = ORIENTED_EDGE ( 'NONE', *, *, #8054, .T. ) ;
#3350 = EDGE_CURVE ( 'NONE', #3751, #5316, #4137, .T. ) ;
#3351 = UNCERTAINTY_MEASURE_WITH_UNIT (LENGTH_MEASURE( 1.000000000000000100E-005 ), #8040, 'distance_accuracy_value', 'NONE');
#3352 = CARTESIAN_POINT ( 'NONE',  ( -0.09055118110236222400, -0.02046108103966344500, -0.05629921259842515800 ) ) ;
#3353 = CARTESIAN_POINT ( 'NONE',  ( -0.03070866141732284500, 0.009842519685039369900, 0.08661417322834648300 ) ) ;
#3354 = EDGE_CURVE ( 'NONE', #7211, #1855, #1791, .T. ) ;
#3355 = ORIENTED_EDGE ( 'NONE', *, *, #5859, .F. ) ;
#3356 = DIRECTION ( 'NONE',  ( 0.0000000000000000000, 1.000000000000000000, 0.0000000000000000000 ) ) ;
#3357 = FILL_AREA_STYLE ('',( #3458 ) ) ;
#3358 = CLOSED_SHELL ( 'NONE', ( #7594, #10625, #8707, #7952, #5413, #1081 ) ) ;
#3359 = MECHANICAL_DESIGN_GEOMETRIC_PRESENTATION_REPRESENTATION (  '', ( #2180 ), #3948 ) ;
#3360 = UNCERTAINTY_MEASURE_WITH_UNIT (LENGTH_MEASURE( 1.000000000000000100E-005 ), #7684, 'distance_accuracy_value', 'NONE');
#3361 = CARTESIAN_POINT ( 'NONE',  ( -0.03070866141732284500, -0.02046108103966344500, 0.08661417322834648300 ) ) ;
#3362 = VERTEX_POINT ( 'NONE', #11161 ) ;
#3363 = LENGTH_MEASURE_WITH_UNIT ( LENGTH_MEASURE( 0.02539999999999999900 ), #10294 );
#3364 = LINE ( 'NONE', #10899, #5707 ) ;
#3365 = CARTESIAN_POINT ( 'NONE',  ( 0.07283464566929139000, -0.02046108103966344500, 0.05629921259842522000 ) ) ;
#3366 = CARTESIAN_POINT ( 'NONE',  ( -0.07283464566929134800, 0.009842519685039369900, -0.04606299212598422000 ) ) ;
#3367 = CARTESIAN_POINT ( 'NONE',  ( 0.0000000000000000000, 0.0000000000000000000, -0.06889763779527555100 ) ) ;
#3368 = DIRECTION ( 'NONE',  ( -1.000000000000000000, 0.0000000000000000000, -0.0000000000000000000 ) ) ;
#3369 = ORIENTED_EDGE ( 'NONE', *, *, #6661, .T. ) ;
#3370 =( NAMED_UNIT ( * ) PLANE_ANGLE_UNIT ( ) SI_UNIT ( $, .RADIAN. ) );
#3371 = FILL_AREA_STYLE_COLOUR ( '', #11036 ) ;
#3372 = PRESENTATION_STYLE_ASSIGNMENT (( #6848 ) ) ;
#3373 = ORIENTED_EDGE ( 'NONE', *, *, #5032, .F. ) ;
#3374 = CARTESIAN_POINT ( 'NONE',  ( 0.07283464566929137600, 0.009842519685039369900, -0.05629921259842520000 ) ) ;
#3375 = DIRECTION ( 'NONE',  ( 1.204669080539449800E-016, 0.0000000000000000000, 1.000000000000000000 ) ) ;
#3376 = DIRECTION ( 'NONE',  ( 0.0000000000000000000, 0.0000000000000000000, 1.000000000000000000 ) ) ;
#3377 = MECHANICAL_DESIGN_GEOMETRIC_PRESENTATION_REPRESENTATION (  '', ( #1611 ), #3964 ) ;
#3378 = ORIENTED_EDGE ( 'NONE', *, *, #641, .F. ) ;
#3379 = PRESENTATION_LAYER_ASSIGNMENT (  '', '', ( #2784 ) ) ;
#3380 = CARTESIAN_POINT ( 'NONE',  ( -0.07283464566929133400, 0.0000000000000000000, 0.0000000000000000000 ) ) ;
#3381 = COLOUR_RGB ( '',0.2509803921568627400, 0.2509803921568627400, 0.2509803921568627400 ) ;
#3382 = MANIFOLD_SOLID_BREP ( 'Cut-Extrude3', #8599 ) ;
#3383 = VERTEX_POINT ( 'NONE', #10403 ) ;
#3384 = DIRECTION ( 'NONE',  ( 0.0000000000000000000, 0.0000000000000000000, 1.000000000000000000 ) ) ;
#3385 = FACE_OUTER_BOUND ( 'NONE', #7485, .T. ) ;
#3386 = STYLED_ITEM ( 'NONE', ( #10579 ), #1081 ) ;
#3387 = DIRECTION ( 'NONE',  ( -2.409338161078899700E-016, 0.0000000000000000000, -1.000000000000000000 ) ) ;
#3388 = COLOUR_RGB ( '',0.9686274509803921600, 0.8784313725490196000, 0.5999999999999999800 ) ;
#3389 =( LENGTH_UNIT ( ) NAMED_UNIT ( * ) SI_UNIT ( $, .METRE. ) );
#3390 = FILL_AREA_STYLE_COLOUR ( '', #584 ) ;
#3392 = FILL_AREA_STYLE_COLOUR ( '', #5017 ) ;
#3391 =( CONVERSION_BASED_UNIT ( 'INCH', #1355 ) LENGTH_UNIT ( ) NAMED_UNIT ( #4318 ) );
#3393 = SURFACE_SIDE_STYLE ('',( #5252 ) ) ;
#3394 = MECHANICAL_DESIGN_GEOMETRIC_PRESENTATION_REPRESENTATION (  '', ( #1625 ), #3983 ) ;
#3395 = EDGE_LOOP ( 'NONE', ( #9684, #8710, #4280, #2289 ) ) ;
#3396 = DIMENSIONAL_EXPONENTS ( 1.000000000000000000, 0.0000000000000000000, 0.0000000000000000000, 0.0000000000000000000, 0.0000000000000000000, 0.0000000000000000000, 0.0000000000000000000 ) ;
#3397 = MECHANICAL_DESIGN_GEOMETRIC_PRESENTATION_REPRESENTATION (  '', ( #1627 ), #3984 ) ;
#3398 = PLANE ( 'NONE',  #1769 ) ;
#3400 = FACE_OUTER_BOUND ( 'NONE', #6497, .T. ) ;
#3399 = STYLED_ITEM ( 'NONE', ( #7303 ), #7125 ) ;
#3401 = DIRECTION ( 'NONE',  ( -1.000000000000000000, 0.0000000000000000000, -0.0000000000000000000 ) ) ;
#3402 = DIMENSIONAL_EXPONENTS ( 1.000000000000000000, 0.0000000000000000000, 0.0000000000000000000, 0.0000000000000000000, 0.0000000000000000000, 0.0000000000000000000, 0.0000000000000000000 ) ;
#3403 = DIRECTION ( 'NONE',  ( -1.000000000000000000, -0.0000000000000000000, 0.0000000000000000000 ) ) ;
#3404 = SURFACE_STYLE_USAGE ( .BOTH. , #4104 ) ;
#3405 =( CONVERSION_BASED_UNIT ( 'INCH', #5828 ) LENGTH_UNIT ( ) NAMED_UNIT ( #7218 ) );
#3406 = ADVANCED_FACE ( 'NONE', ( #3032 ), #10372, .F. ) ;
#3407 = LINE ( 'NONE', #1807, #10120 ) ;
#3408 = VERTEX_POINT ( 'NONE', #6910 ) ;
#3409 = CARTESIAN_POINT ( 'NONE',  ( -0.07086614173228347700, 0.009842519685039369900, -0.07480314960629917700 ) ) ;
#3410 = CARTESIAN_POINT ( 'NONE',  ( -0.07283464566929134800, -0.02046108103966344500, -0.02047244094488185500 ) ) ;
#3411 = DIRECTION ( 'NONE',  ( 0.0000000000000000000, 1.000000000000000000, -0.0000000000000000000 ) ) ;
#3412 = EDGE_CURVE ( 'NONE', #10078, #1816, #4260, .T. ) ;
#3413 =( LENGTH_UNIT ( ) NAMED_UNIT ( * ) SI_UNIT ( $, .METRE. ) );
#3414 = EDGE_CURVE ( 'NONE', #1670, #7881, #6467, .T. ) ;
#3415 = VECTOR ( 'NONE', #6332, 39.37007874015748100 ) ;
#3416 = AXIS2_PLACEMENT_3D ( 'NONE', #3410, #9560, #4293 ) ;
#3417 = UNCERTAINTY_MEASURE_WITH_UNIT (LENGTH_MEASURE( 1.000000000000000100E-005 ), #6632, 'distance_accuracy_value', 'NONE');
#3418 = VECTOR ( 'NONE', #2139, 39.37007874015748100 ) ;
#3419 = DIRECTION ( 'NONE',  ( 1.000000000000000000, 0.0000000000000000000, 0.0000000000000000000 ) ) ;
#3420 = COLOUR_RGB ( '',0.2509803921568627400, 0.2509803921568627400, 0.2509803921568627400 ) ;
#3421 =( NAMED_UNIT ( * ) SI_UNIT ( $, .STERADIAN. ) SOLID_ANGLE_UNIT ( ) );
#3422 = LENGTH_MEASURE_WITH_UNIT ( LENGTH_MEASURE( 0.02539999999999999900 ), #9591 );
#3423 = SURFACE_STYLE_USAGE ( .BOTH. , #8688 ) ;
#3424 = FILL_AREA_STYLE_COLOUR ( '', #10568 ) ;
#3426 = DIRECTION ( 'NONE',  ( -0.0000000000000000000, 0.0000000000000000000, -1.000000000000000000 ) ) ;
#3425 = DIRECTION ( 'NONE',  ( -0.0000000000000000000, 0.0000000000000000000, -1.000000000000000000 ) ) ;
#3427 = LINE ( 'NONE', #10649, #3154 ) ;
#3428 = SURFACE_SIDE_STYLE ('',( #4794 ) ) ;
#3429 = EDGE_CURVE ( 'NONE', #4744, #9627, #1924, .T. ) ;
#3430 = FILL_AREA_STYLE_COLOUR ( '', #9111 ) ;
#3431 = SURFACE_STYLE_USAGE ( .BOTH. , #8702 ) ;
#3432 =( GEOMETRIC_REPRESENTATION_CONTEXT ( 3 ) GLOBAL_UNCERTAINTY_ASSIGNED_CONTEXT ( ( #6305 ) ) GLOBAL_UNIT_ASSIGNED_CONTEXT ( ( #3541, #9690, #4428 ) ) REPRESENTATION_CONTEXT ( 'NONE', 'WORKASPACE' ) );
#3433 = LINE ( 'NONE', #5026, #1107 ) ;
#3434 = DIRECTION ( 'NONE',  ( -2.409338161078899700E-016, -0.0000000000000000000, -1.000000000000000000 ) ) ;
#3435 = EDGE_LOOP ( 'NONE', ( #9510, #9015, #9535, #8863 ) ) ;
#3436 =( NAMED_UNIT ( * ) SI_UNIT ( $, .STERADIAN. ) SOLID_ANGLE_UNIT ( ) );
#3437 = LENGTH_MEASURE_WITH_UNIT ( LENGTH_MEASURE( 0.02539999999999999900 ), #2035 );
#3438 = MECHANICAL_DESIGN_GEOMETRIC_PRESENTATION_REPRESENTATION (  '', ( #1672 ), #4031 ) ;
#3439 = SURFACE_STYLE_FILL_AREA ( #1094 ) ;
#3440 = CARTESIAN_POINT ( 'NONE',  ( -0.07283464566929134800, 0.009842519685039369900, 0.0000000000000000000 ) ) ;
#3441 =( NAMED_UNIT ( * ) PLANE_ANGLE_UNIT ( ) SI_UNIT ( $, .RADIAN. ) );
#3442 = CLOSED_SHELL ( 'NONE', ( #6727, #1052, #3450, #1521, #12, #7105 ) ) ;
#3443 = PRESENTATION_LAYER_ASSIGNMENT (  '', '', ( #2277 ) ) ;
#3444 = PLANE ( 'NONE',  #7762 ) ;
#3445 = VECTOR ( 'NONE', #3007, 39.37007874015748100 ) ;
#3446 = LENGTH_MEASURE_WITH_UNIT ( LENGTH_MEASURE( 0.02539999999999999900 ), #9710 );
#3447 = VECTOR ( 'NONE', #7394, 39.37007874015748100 ) ;
#3448 = PLANE ( 'NONE',  #6187 ) ;
#3449 =( GEOMETRIC_REPRESENTATION_CONTEXT ( 3 ) GLOBAL_UNCERTAINTY_ASSIGNED_CONTEXT ( ( #8061 ) ) GLOBAL_UNIT_ASSIGNED_CONTEXT ( ( #9574, #9294, #9258 ) ) REPRESENTATION_CONTEXT ( 'NONE', 'WORKASPACE' ) );
#3450 = ADVANCED_FACE ( 'NONE', ( #10679 ), #4286, .F. ) ;
#3451 = MECHANICAL_DESIGN_GEOMETRIC_PRESENTATION_REPRESENTATION (  '', ( #1692 ), #4054 ) ;
#3452 = ORIENTED_EDGE ( 'NONE', *, *, #6277, .T. ) ;
#3453 = ORIENTED_EDGE ( 'NONE', *, *, #1088, .T. ) ;
#3454 = FILL_AREA_STYLE ('',( #7848 ) ) ;
#3455 = MECHANICAL_DESIGN_GEOMETRIC_PRESENTATION_REPRESENTATION (  '', ( #1696 ), #4059 ) ;
#3456 = PLANE ( 'NONE',  #6254 ) ;
#3458 = FILL_AREA_STYLE_COLOUR ( '', #10848 ) ;
#3457 =( LENGTH_UNIT ( ) NAMED_UNIT ( * ) SI_UNIT ( $, .METRE. ) );
#3459 = FACE_OUTER_BOUND ( 'NONE', #9576, .T. ) ;
#3460 =( NAMED_UNIT ( * ) SI_UNIT ( $, .STERADIAN. ) SOLID_ANGLE_UNIT ( ) );
#3461 = ORIENTED_EDGE ( 'NONE', *, *, #7986, .T. ) ;
#3462 = LENGTH_MEASURE_WITH_UNIT ( LENGTH_MEASURE( 0.02539999999999999900 ), #5375 );
#3463 = MECHANICAL_DESIGN_GEOMETRIC_PRESENTATION_REPRESENTATION (  '', ( #1703 ), #4064 ) ;
#3464 = ORIENTED_EDGE ( 'NONE', *, *, #258, .F. ) ;
#3465 = DIRECTION ( 'NONE',  ( 0.0000000000000000000, -0.0000000000000000000, 1.000000000000000000 ) ) ;
#3466 = ORIENTED_EDGE ( 'NONE', *, *, #1641, .T. ) ;
#3467 =( NAMED_UNIT ( * ) SI_UNIT ( $, .STERADIAN. ) SOLID_ANGLE_UNIT ( ) );
#3468 = SURFACE_SIDE_STYLE ('',( #2027 ) ) ;
#3469 = PRESENTATION_STYLE_ASSIGNMENT (( #5408 ) ) ;
#3470 = PRESENTATION_LAYER_ASSIGNMENT (  '', '', ( #2299 ) ) ;
#3471 = VECTOR ( 'NONE', #6897, 39.37007874015748100 ) ;
#3472 = AXIS2_PLACEMENT_3D ( 'NONE', #8332, #8307, #8245 ) ;
#3473 = VECTOR ( 'NONE', #3973, 39.37007874015748100 ) ;
#3474 = ORIENTED_EDGE ( 'NONE', *, *, #8649, .F. ) ;
#3475 = CARTESIAN_POINT ( 'NONE',  ( 0.07283464566929139000, 0.009842519685039369900, -0.02047244094488188900 ) ) ;
#3476 = EDGE_CURVE ( 'NONE', #8981, #9804, #7573, .T. ) ;
#3477 = ORIENTED_EDGE ( 'NONE', *, *, #8716, .F. ) ;
#3478 = ORIENTED_EDGE ( 'NONE', *, *, #10805, .F. ) ;
#3479 = SURFACE_STYLE_FILL_AREA ( #3657 ) ;
#3480 = DIMENSIONAL_EXPONENTS ( 1.000000000000000000, 0.0000000000000000000, 0.0000000000000000000, 0.0000000000000000000, 0.0000000000000000000, 0.0000000000000000000, 0.0000000000000000000 ) ;
#3481 = DIRECTION ( 'NONE',  ( -1.000000000000000000, -0.0000000000000000000, -0.0000000000000000000 ) ) ;
#3482 = EDGE_CURVE ( 'NONE', #10198, #5182, #2876, .T. ) ;
#3483 =( CONVERSION_BASED_UNIT ( 'INCH', #4673 ) LENGTH_UNIT ( ) NAMED_UNIT ( #9152 ) );
#3484 = PRESENTATION_STYLE_ASSIGNMENT (( #5620 ) ) ;
#3485 = FACE_OUTER_BOUND ( 'NONE', #2117, .T. ) ;
#3486 = UNCERTAINTY_MEASURE_WITH_UNIT (LENGTH_MEASURE( 1.000000000000000100E-005 ), #1595, 'distance_accuracy_value', 'NONE');
#3487 = VERTEX_POINT ( 'NONE', #611 ) ;
#3488 = DIRECTION ( 'NONE',  ( 0.0000000000000000000, 0.0000000000000000000, -1.000000000000000000 ) ) ;
#3489 = ORIENTED_EDGE ( 'NONE', *, *, #6050, .T. ) ;
#3490 = DIRECTION ( 'NONE',  ( -1.000000000000000000, 0.0000000000000000000, -2.409338161078899700E-016 ) ) ;
#3491 = PRESENTATION_STYLE_ASSIGNMENT (( #8472 ) ) ;
#3492 = EDGE_CURVE ( 'NONE', #4421, #6078, #4951, .T. ) ;
#3493 = VERTEX_POINT ( 'NONE', #569 ) ;
#3494 = CARTESIAN_POINT ( 'NONE',  ( 0.04606299212598425500, 0.009842519685039369900, -0.06889763779527555100 ) ) ;
#3495 = COLOUR_RGB ( '',0.2509803921568627400, 0.2509803921568627400, 0.2509803921568627400 ) ;
#3496 = VERTEX_POINT ( 'NONE', #8592 ) ;
#3497 = CARTESIAN_POINT ( 'NONE',  ( -0.09055118110236218300, 0.0000000000000000000, 0.04606299212598428900 ) ) ;
#3498 = DIRECTION ( 'NONE',  ( -1.000000000000000000, 0.0000000000000000000, 0.0000000000000000000 ) ) ;
#3500 = EDGE_CURVE ( 'NONE', #5316, #5038, #9329, .T. ) ;
#3499 = SURFACE_STYLE_FILL_AREA ( #3794 ) ;
#3501 = FILL_AREA_STYLE_COLOUR ( '', #441 ) ;
#3502 =( LENGTH_UNIT ( ) NAMED_UNIT ( * ) SI_UNIT ( $, .METRE. ) );
#3503 = STYLED_ITEM ( 'NONE', ( #5241 ), #8707 ) ;
#3504 =( NAMED_UNIT ( * ) PLANE_ANGLE_UNIT ( ) SI_UNIT ( $, .RADIAN. ) );
#3505 = ORIENTED_EDGE ( 'NONE', *, *, #784, .T. ) ;
#3506 = DIMENSIONAL_EXPONENTS ( 1.000000000000000000, 0.0000000000000000000, 0.0000000000000000000, 0.0000000000000000000, 0.0000000000000000000, 0.0000000000000000000, 0.0000000000000000000 ) ;
#3507 = CARTESIAN_POINT ( 'NONE',  ( 0.005118110236220473200, 0.009842519685039369900, -0.06889763779527555100 ) ) ;
#3508 =( NAMED_UNIT ( * ) SI_UNIT ( $, .STERADIAN. ) SOLID_ANGLE_UNIT ( ) );
#3509 = VECTOR ( 'NONE', #1384, 39.37007874015748100 ) ;
#3510 = ORIENTED_EDGE ( 'NONE', *, *, #3337, .F. ) ;
#3511 = DIMENSIONAL_EXPONENTS ( 1.000000000000000000, 0.0000000000000000000, 0.0000000000000000000, 0.0000000000000000000, 0.0000000000000000000, 0.0000000000000000000, 0.0000000000000000000 ) ;
#3512 = EDGE_LOOP ( 'NONE', ( #2358, #9003, #7875, #970 ) ) ;
#3513 = CARTESIAN_POINT ( 'NONE',  ( 0.0000000000000000000, 0.0000000000000000000, -0.06889763779527555100 ) ) ;
#3514 = ADVANCED_FACE ( 'NONE', ( #5223 ), #5931, .F. ) ;
#3515 =( GEOMETRIC_REPRESENTATION_CONTEXT ( 3 ) GLOBAL_UNCERTAINTY_ASSIGNED_CONTEXT ( ( #7829 ) ) GLOBAL_UNIT_ASSIGNED_CONTEXT ( ( #107, #72, #32 ) ) REPRESENTATION_CONTEXT ( 'NONE', 'WORKASPACE' ) );
#3516 = LENGTH_MEASURE_WITH_UNIT ( LENGTH_MEASURE( 0.02539999999999999900 ), #3775 );
#3517 = FILL_AREA_STYLE_COLOUR ( '', #2780 ) ;
#3518 = DIRECTION ( 'NONE',  ( 0.0000000000000000000, -0.0000000000000000000, 1.000000000000000000 ) ) ;
#3519 = ORIENTED_EDGE ( 'NONE', *, *, #10299, .T. ) ;
#3520 =( GEOMETRIC_REPRESENTATION_CONTEXT ( 3 ) GLOBAL_UNCERTAINTY_ASSIGNED_CONTEXT ( ( #5668 ) ) GLOBAL_UNIT_ASSIGNED_CONTEXT ( ( #1194, #8797, #4533 ) ) REPRESENTATION_CONTEXT ( 'NONE', 'WORKASPACE' ) );
#3521 = VECTOR ( 'NONE', #4829, 39.37007874015748100 ) ;
#3522 =( LENGTH_UNIT ( ) NAMED_UNIT ( * ) SI_UNIT ( $, .METRE. ) );
#3523 = FILL_AREA_STYLE_COLOUR ( '', #3630 ) ;
#3524 = CARTESIAN_POINT ( 'NONE',  ( -0.09055118110236218300, 0.009842519685039369900, 0.05629921259842523400 ) ) ;
#3525 = DIRECTION ( 'NONE',  ( 0.0000000000000000000, 1.000000000000000000, 0.0000000000000000000 ) ) ;
#3526 = EDGE_LOOP ( 'NONE', ( #3519, #5945, #10207, #5694 ) ) ;
#3527 = CARTESIAN_POINT ( 'NONE',  ( 0.02047244094488188600, 0.009842519685039369900, 0.08661417322834648300 ) ) ;
#3528 =( NAMED_UNIT ( * ) SI_UNIT ( $, .STERADIAN. ) SOLID_ANGLE_UNIT ( ) );
#3529 = COLOUR_RGB ( '',0.9686274509803921600, 0.8784313725490196000, 0.5999999999999999800 ) ;
#3530 = LINE ( 'NONE', #9916, #10516 ) ;
#3531 = DIRECTION ( 'NONE',  ( -1.000000000000000000, 0.0000000000000000000, -0.0000000000000000000 ) ) ;
#3532 = CARTESIAN_POINT ( 'NONE',  ( 0.04606299212598425500, 0.009842519685039369900, 0.08661417322834648300 ) ) ;
#3533 =( GEOMETRIC_REPRESENTATION_CONTEXT ( 3 ) GLOBAL_UNCERTAINTY_ASSIGNED_CONTEXT ( ( #1228 ) ) GLOBAL_UNIT_ASSIGNED_CONTEXT ( ( #2605, #8772, #3508 ) ) REPRESENTATION_CONTEXT ( 'NONE', 'WORKASPACE' ) );
#3534 = AXIS2_PLACEMENT_3D ( 'NONE', #2069, #2033, #1605 ) ;
#3535 = PRESENTATION_LAYER_ASSIGNMENT (  '', '', ( #2369 ) ) ;
#3536 = LINE ( 'NONE', #3352, #1484 ) ;
#3537 = DIRECTION ( 'NONE',  ( -1.000000000000000000, 0.0000000000000000000, -0.0000000000000000000 ) ) ;
#3538 = DIRECTION ( 'NONE',  ( 0.0000000000000000000, 0.0000000000000000000, -1.000000000000000000 ) ) ;
#3539 = LENGTH_MEASURE_WITH_UNIT ( LENGTH_MEASURE( 0.02539999999999999900 ), #218 );
#3540 = SURFACE_SIDE_STYLE ('',( #2964 ) ) ;
#3541 =( CONVERSION_BASED_UNIT ( 'INCH', #3077 ) LENGTH_UNIT ( ) NAMED_UNIT ( #9833 ) );
#3542 = ADVANCED_FACE ( 'NONE', ( #6163 ), #11322, .F. ) ;
#3543 = SURFACE_STYLE_FILL_AREA ( #1915 ) ;
#3544 =( LENGTH_UNIT ( ) NAMED_UNIT ( * ) SI_UNIT ( $, .METRE. ) );
#3545 = CARTESIAN_POINT ( 'NONE',  ( 0.0000000000000000000, 0.009842519685039369900, 0.0000000000000000000 ) ) ;
#3546 = COLOUR_RGB ( '',0.9686274509803921600, 0.8784313725490196000, 0.5999999999999999800 ) ;
#3547 = PRESENTATION_STYLE_ASSIGNMENT (( #4667 ) ) ;
#3548 = EDGE_CURVE ( 'NONE', #9077, #11144, #2732, .T. ) ;
#3549 = SURFACE_STYLE_USAGE ( .BOTH. , #8834 ) ;
#3550 = DIRECTION ( 'NONE',  ( -0.0000000000000000000, 0.0000000000000000000, 1.000000000000000000 ) ) ;
#3551 = EDGE_CURVE ( 'NONE', #1679, #10846, #9735, .T. ) ;
#3552 = STYLED_ITEM ( 'NONE', ( #1396 ), #8208 ) ;
#3553 = LINE ( 'NONE', #10223, #3298 ) ;
#3554 = LENGTH_MEASURE_WITH_UNIT ( LENGTH_MEASURE( 0.02539999999999999900 ), #7817 );
#3555 = ADVANCED_FACE ( 'NONE', ( #5088 ), #10315, .F. ) ;
#3556 = DIRECTION ( 'NONE',  ( 0.0000000000000000000, 1.000000000000000000, -0.0000000000000000000 ) ) ;
#3557 = ORIENTED_EDGE ( 'NONE', *, *, #9521, .F. ) ;
#3558 = CARTESIAN_POINT ( 'NONE',  ( -0.09251968503937008100, 0.03937007874015748000, -0.08858267716535429800 ) ) ;
#3559 = CARTESIAN_POINT ( 'NONE',  ( -0.09055118110236218300, 0.0000000000000000000, 0.05629921259842523400 ) ) ;
#3560 =( CONVERSION_BASED_UNIT ( 'INCH', #2585 ) LENGTH_UNIT ( ) NAMED_UNIT ( #2231 ) );
#3561 = FILL_AREA_STYLE ('',( #5359 ) ) ;
#3562 = SURFACE_STYLE_USAGE ( .BOTH. , #8847 ) ;
#3563 =( CONVERSION_BASED_UNIT ( 'INCH', #4709 ) LENGTH_UNIT ( ) NAMED_UNIT ( #2555 ) );
#3564 = FACE_OUTER_BOUND ( 'NONE', #5120, .T. ) ;
#3565 =( CONVERSION_BASED_UNIT ( 'INCH', #6449 ) LENGTH_UNIT ( ) NAMED_UNIT ( #2202 ) );
#3566 = ORIENTED_EDGE ( 'NONE', *, *, #1439, .F. ) ;
#3567 =( NAMED_UNIT ( * ) SI_UNIT ( $, .STERADIAN. ) SOLID_ANGLE_UNIT ( ) );
#3568 =( LENGTH_UNIT ( ) NAMED_UNIT ( * ) SI_UNIT ( $, .METRE. ) );
#3569 = PRESENTATION_LAYER_ASSIGNMENT (  '', '', ( #2405 ) ) ;
#3570 = VECTOR ( 'NONE', #7357, 39.37007874015748100 ) ;
#3571 = LENGTH_MEASURE_WITH_UNIT ( LENGTH_MEASURE( 0.02539999999999999900 ), #4621 );
#3572 = FILL_AREA_STYLE ('',( #3623 ) ) ;
#3573 = PRESENTATION_STYLE_ASSIGNMENT (( #450 ) ) ;
#3574 =( LENGTH_UNIT ( ) NAMED_UNIT ( * ) SI_UNIT ( $, .METRE. ) );
#3575 = LINE ( 'NONE', #1993, #10032 ) ;
#3576 = ORIENTED_EDGE ( 'NONE', *, *, #7834, .F. ) ;
#3577 = CARTESIAN_POINT ( 'NONE',  ( 0.0000000000000000000, 0.0000000000000000000, 0.04606299212598428900 ) ) ;
#3578 = PRESENTATION_LAYER_ASSIGNMENT (  '', '', ( #2410 ) ) ;
#3579 = ORIENTED_EDGE ( 'NONE', *, *, #2902, .F. ) ;
#3580 = MECHANICAL_DESIGN_GEOMETRIC_PRESENTATION_REPRESENTATION (  '', ( #2412 ), #4193 ) ;
#3581 = LINE ( 'NONE', #10991, #5659 ) ;
#3582 = DIMENSIONAL_EXPONENTS ( 1.000000000000000000, 0.0000000000000000000, 0.0000000000000000000, 0.0000000000000000000, 0.0000000000000000000, 0.0000000000000000000, 0.0000000000000000000 ) ;
#3583 = DIRECTION ( 'NONE',  ( 0.0000000000000000000, 1.000000000000000000, -0.0000000000000000000 ) ) ;
#3584 = CARTESIAN_POINT ( 'NONE',  ( -0.05629921259842520600, 0.0000000000000000000, -0.06889763779527555100 ) ) ;
#3585 = DIRECTION ( 'NONE',  ( 0.0000000000000000000, 1.000000000000000000, 0.0000000000000000000 ) ) ;
#3586 = VERTEX_POINT ( 'NONE', #9932 ) ;
#3587 = MECHANICAL_DESIGN_GEOMETRIC_PRESENTATION_REPRESENTATION (  '', ( #1840 ), #4202 ) ;
#3588 =( CONVERSION_BASED_UNIT ( 'INCH', #10997 ) LENGTH_UNIT ( ) NAMED_UNIT ( #7438 ) );
#3589 = ORIENTED_EDGE ( 'NONE', *, *, #7626, .F. ) ;
#3590 =( GEOMETRIC_REPRESENTATION_CONTEXT ( 3 ) GLOBAL_UNCERTAINTY_ASSIGNED_CONTEXT ( ( #10235 ) ) GLOBAL_UNIT_ASSIGNED_CONTEXT ( ( #5568, #295, #6432 ) ) REPRESENTATION_CONTEXT ( 'NONE', 'WORKASPACE' ) );
#3591 = LENGTH_MEASURE_WITH_UNIT ( LENGTH_MEASURE( 0.02539999999999999900 ), #3389 );
#3592 = VECTOR ( 'NONE', #4745, 39.37007874015748100 ) ;
#3593 = PRESENTATION_LAYER_ASSIGNMENT (  '', '', ( #2426 ) ) ;
#3594 = VERTEX_POINT ( 'NONE', #10607 ) ;
#3595 = ADVANCED_FACE ( 'NONE', ( #1637 ), #9854, .F. ) ;
#3596 = CARTESIAN_POINT ( 'NONE',  ( 0.07283464566929139000, 0.0000000000000000000, 0.0000000000000000000 ) ) ;
#3597 = PRESENTATION_LAYER_ASSIGNMENT (  '', '', ( #2428 ) ) ;
#3598 =( NAMED_UNIT ( * ) SI_UNIT ( $, .STERADIAN. ) SOLID_ANGLE_UNIT ( ) );
#3599 = FILL_AREA_STYLE_COLOUR ( '', #1771 ) ;
#3600 = ORIENTED_EDGE ( 'NONE', *, *, #10894, .T. ) ;
#3601 =( NAMED_UNIT ( * ) SI_UNIT ( $, .STERADIAN. ) SOLID_ANGLE_UNIT ( ) );
#3602 = ORIENTED_EDGE ( 'NONE', *, *, #3333, .F. ) ;
#3603 = AXIS2_PLACEMENT_3D ( 'NONE', #6070, #819, #9754 ) ;
#3604 = FILL_AREA_STYLE ('',( #1812 ) ) ;
#3605 = CARTESIAN_POINT ( 'NONE',  ( 0.0003937007874015829800, 0.08858267716535434000, -0.01528740157480314700 ) ) ;
#3606 = PRESENTATION_STYLE_ASSIGNMENT (( #9758 ) ) ;
#3607 = LINE ( 'NONE', #10510, #8019 ) ;
#3608 =( LENGTH_UNIT ( ) NAMED_UNIT ( * ) SI_UNIT ( $, .METRE. ) );
#3609 = COLOUR_RGB ( '',0.2509803921568627400, 0.2509803921568627400, 0.2509803921568627400 ) ;
#3610 = PRESENTATION_STYLE_ASSIGNMENT (( #11021 ) ) ;
#3611 = DIMENSIONAL_EXPONENTS ( 1.000000000000000000, 0.0000000000000000000, 0.0000000000000000000, 0.0000000000000000000, 0.0000000000000000000, 0.0000000000000000000, 0.0000000000000000000 ) ;
#3612 = UNCERTAINTY_MEASURE_WITH_UNIT (LENGTH_MEASURE( 1.000000000000000100E-005 ), #2596, 'distance_accuracy_value', 'NONE');
#3613 = COLOUR_RGB ( '',0.2509803921568627400, 0.2509803921568627400, 0.2509803921568627400 ) ;
#3614 = ORIENTED_EDGE ( 'NONE', *, *, #7021, .F. ) ;
#3615 = EDGE_CURVE ( 'NONE', #2108, #2016, #10670, .T. ) ;
#3616 =( NAMED_UNIT ( * ) SI_UNIT ( $, .STERADIAN. ) SOLID_ANGLE_UNIT ( ) );
#3617 =( NAMED_UNIT ( * ) PLANE_ANGLE_UNIT ( ) SI_UNIT ( $, .RADIAN. ) );
#3618 = PLANE ( 'NONE',  #9262 ) ;
#3619 = STYLED_ITEM ( 'NONE', ( #2648 ), #11247 ) ;
#3620 = DIMENSIONAL_EXPONENTS ( 1.000000000000000000, 0.0000000000000000000, 0.0000000000000000000, 0.0000000000000000000, 0.0000000000000000000, 0.0000000000000000000, 0.0000000000000000000 ) ;
#3621 = EDGE_LOOP ( 'NONE', ( #7495, #7904, #5779, #1992 ) ) ;
#3622 = ORIENTED_EDGE ( 'NONE', *, *, #9667, .F. ) ;
#3623 = FILL_AREA_STYLE_COLOUR ( '', #7379 ) ;
#3624 = COLOUR_RGB ( '',0.9686274509803921600, 0.8784313725490196000, 0.5999999999999999800 ) ;
#3625 = DIRECTION ( 'NONE',  ( -1.000000000000000000, 0.0000000000000000000, -0.0000000000000000000 ) ) ;
#3626 = ADVANCED_FACE ( 'NONE', ( #2865 ), #8879, .F. ) ;
#3627 = VERTEX_POINT ( 'NONE', #9823 ) ;
#3628 = FACE_OUTER_BOUND ( 'NONE', #3621, .T. ) ;
#3629 = CARTESIAN_POINT ( 'NONE',  ( -0.09055118110236222400, -0.02046108103966344500, -0.04606299212598422000 ) ) ;
#3630 = COLOUR_RGB ( '',0.2509803921568627400, 0.2509803921568627400, 0.2509803921568627400 ) ;
#3631 = VERTEX_POINT ( 'NONE', #7955 ) ;
#3632 = EDGE_CURVE ( 'NONE', #3933, #857, #1765, .T. ) ;
#3633 = CARTESIAN_POINT ( 'NONE',  ( -0.005118110236220473200, 0.0000000000000000000, 0.06889763779527562100 ) ) ;
#3634 = EDGE_CURVE ( 'NONE', #10316, #8170, #10799, .T. ) ;
#3635 = SURFACE_STYLE_USAGE ( .BOTH. , #8897 ) ;
#3636 = DIRECTION ( 'NONE',  ( 0.0000000000000000000, -0.0000000000000000000, 1.000000000000000000 ) ) ;
#3637 = EDGE_LOOP ( 'NONE', ( #6411, #362, #6485, #3198 ) ) ;
#3638 = STYLED_ITEM ( 'NONE', ( #3901 ), #7906 ) ;
#3639 =( NAMED_UNIT ( * ) SI_UNIT ( $, .STERADIAN. ) SOLID_ANGLE_UNIT ( ) );
#3640 =( NAMED_UNIT ( * ) SI_UNIT ( $, .STERADIAN. ) SOLID_ANGLE_UNIT ( ) );
#3641 = EDGE_LOOP ( 'NONE', ( #5022, #6379, #6458, #8743 ) ) ;
#3642 = VERTEX_POINT ( 'NONE', #7669 ) ;
#3643 = MECHANICAL_DESIGN_GEOMETRIC_PRESENTATION_REPRESENTATION (  '', ( #2453 ), #4242 ) ;
#3644 = FILL_AREA_STYLE ('',( #2757 ) ) ;
#3645 = CARTESIAN_POINT ( 'NONE',  ( 0.005118110236220473200, 0.009842519685039369900, 0.06889763779527562100 ) ) ;
#3646 =( NAMED_UNIT ( * ) PLANE_ANGLE_UNIT ( ) SI_UNIT ( $, .RADIAN. ) );
#3647 = ORIENTED_EDGE ( 'NONE', *, *, #10101, .F. ) ;
#3648 = FILL_AREA_STYLE_COLOUR ( '', #10838 ) ;
#3649 = EDGE_CURVE ( 'NONE', #5426, #529, #1490, .T. ) ;
#3650 = VECTOR ( 'NONE', #3884, 39.37007874015748100 ) ;
#3651 = MECHANICAL_DESIGN_GEOMETRIC_PRESENTATION_REPRESENTATION (  '', ( #1889 ), #4246 ) ;
#3652 =( LENGTH_UNIT ( ) NAMED_UNIT ( * ) SI_UNIT ( $, .METRE. ) );
#3653 = SURFACE_STYLE_USAGE ( .BOTH. , #3879 ) ;
#3654 =( NAMED_UNIT ( * ) PLANE_ANGLE_UNIT ( ) SI_UNIT ( $, .RADIAN. ) );
#3655 =( NAMED_UNIT ( * ) PLANE_ANGLE_UNIT ( ) SI_UNIT ( $, .RADIAN. ) );
#3656 = DIRECTION ( 'NONE',  ( -2.409338161078899700E-016, -0.0000000000000000000, 1.000000000000000000 ) ) ;
#3657 = FILL_AREA_STYLE ('',( #5622 ) ) ;
#3658 = PRESENTATION_LAYER_ASSIGNMENT (  '', '', ( #2472 ) ) ;
#3659 = FACE_BOUND ( 'NONE', #10341, .T. ) ;
#3660 = SURFACE_STYLE_USAGE ( .BOTH. , #8924 ) ;
#3661 = ADVANCED_FACE ( 'NONE', ( #4111 ), #7588, .F. ) ;
#3662 = ORIENTED_EDGE ( 'NONE', *, *, #3848, .F. ) ;
#3663 = FILL_AREA_STYLE ('',( #2781 ) ) ;
#3664 = AXIS2_PLACEMENT_3D ( 'NONE', #3008, #2976, #2929 ) ;
#3665 =( NAMED_UNIT ( * ) PLANE_ANGLE_UNIT ( ) SI_UNIT ( $, .RADIAN. ) );
#3666 =( NAMED_UNIT ( * ) SI_UNIT ( $, .STERADIAN. ) SOLID_ANGLE_UNIT ( ) );
#3667 = CARTESIAN_POINT ( 'NONE',  ( 0.005118110236220471500, 0.009842519685039369900, -0.08661417322834641400 ) ) ;
#3668 =( GEOMETRIC_REPRESENTATION_CONTEXT ( 3 ) GLOBAL_UNCERTAINTY_ASSIGNED_CONTEXT ( ( #7862 ) ) GLOBAL_UNIT_ASSIGNED_CONTEXT ( ( #5394, #131, #6266 ) ) REPRESENTATION_CONTEXT ( 'NONE', 'WORKASPACE' ) );
#3669 = MECHANICAL_DESIGN_GEOMETRIC_PRESENTATION_REPRESENTATION (  '', ( #1909 ), #4262 ) ;
#3670 = ORIENTED_EDGE ( 'NONE', *, *, #10307, .T. ) ;
#3671 = PRESENTATION_LAYER_ASSIGNMENT (  '', '', ( #2486 ) ) ;
#3672 = SURFACE_SIDE_STYLE ('',( #9206 ) ) ;
#3674 = COLOUR_RGB ( '',0.9686274509803921600, 0.8784313725490196000, 0.5999999999999999800 ) ;
#3673 = PRESENTATION_LAYER_ASSIGNMENT (  '', '', ( #2491 ) ) ;
#3675 =( CONVERSION_BASED_UNIT ( 'INCH', #10000 ) LENGTH_UNIT ( ) NAMED_UNIT ( #8590 ) );
#3676 = DIRECTION ( 'NONE',  ( 0.0000000000000000000, -1.000000000000000000, -0.0000000000000000000 ) ) ;
#3677 = PRESENTATION_LAYER_ASSIGNMENT (  '', '', ( #2501 ) ) ;
#3678 = CARTESIAN_POINT ( 'NONE',  ( 0.0000000000000000000, 0.009842519685039369900, 0.0000000000000000000 ) ) ;
#3679 = SURFACE_STYLE_USAGE ( .BOTH. , #8949 ) ;
#3680 = COLOUR_RGB ( '',0.2509803921568627400, 0.2509803921568627400, 0.2509803921568627400 ) ;
#3681 = DIRECTION ( 'NONE',  ( -1.000000000000000000, 0.0000000000000000000, -0.0000000000000000000 ) ) ;
#3682 = DIRECTION ( 'NONE',  ( -1.000000000000000000, 0.0000000000000000000, 0.0000000000000000000 ) ) ;
#3683 = AXIS2_PLACEMENT_3D ( 'NONE', #4737, #10830, #5621 ) ;
#3684 = SURFACE_STYLE_USAGE ( .BOTH. , #10364 ) ;
#3685 = STYLED_ITEM ( 'NONE', ( #4799 ), #3555 ) ;
#3686 = UNCERTAINTY_MEASURE_WITH_UNIT (LENGTH_MEASURE( 1.000000000000000100E-005 ), #6405, 'distance_accuracy_value', 'NONE');
#3687 = FILL_AREA_STYLE ('',( #3156 ) ) ;
#3688 = COLOUR_RGB ( '',0.9686274509803921600, 0.8784313725490196000, 0.5999999999999999800 ) ;
#3689 = VECTOR ( 'NONE', #9082, 39.37007874015748100 ) ;
#3690 = UNCERTAINTY_MEASURE_WITH_UNIT (LENGTH_MEASURE( 1.000000000000000100E-005 ), #7535, 'distance_accuracy_value', 'NONE');
#3691 =( NAMED_UNIT ( * ) SI_UNIT ( $, .STERADIAN. ) SOLID_ANGLE_UNIT ( ) );
#3692 = LINE ( 'NONE', #2682, #10407 ) ;
#3693 = EDGE_CURVE ( 'NONE', #4338, #8687, #5075, .T. ) ;
#3694 = CARTESIAN_POINT ( 'NONE',  ( -0.04606299212598425500, 0.0000000000000000000, -0.06889763779527555100 ) ) ;
#3695 = EDGE_CURVE ( 'NONE', #5299, #5316, #2717, .T. ) ;
#3696 = UNCERTAINTY_MEASURE_WITH_UNIT (LENGTH_MEASURE( 1.000000000000000100E-005 ), #2834, 'distance_accuracy_value', 'NONE');
#3697 = CARTESIAN_POINT ( 'NONE',  ( 0.07283464566929139000, 0.0000000000000000000, 0.0000000000000000000 ) ) ;
#3698 = COLOUR_RGB ( '',0.2509803921568627400, 0.2509803921568627400, 0.2509803921568627400 ) ;
#3699 = COLOUR_RGB ( '',0.2509803921568627400, 0.2509803921568627400, 0.2509803921568627400 ) ;
#3700 =( CONVERSION_BASED_UNIT ( 'INCH', #1263 ) LENGTH_UNIT ( ) NAMED_UNIT ( #10508 ) );
#3701 = CARTESIAN_POINT ( 'NONE',  ( -0.02047244094488189300, 0.0000000000000000000, 0.0000000000000000000 ) ) ;
#3702 = PRESENTATION_STYLE_ASSIGNMENT (( #2715 ) ) ;
#3703 = CARTESIAN_POINT ( 'NONE',  ( 0.0000000000000000000, 0.0000000000000000000, 0.08661417322834648300 ) ) ;
#3704 = LINE ( 'NONE', #3367, #1374 ) ;
#3705 = EDGE_CURVE ( 'NONE', #9124, #8471, #402, .T. ) ;
#3706 = EDGE_LOOP ( 'NONE', ( #5868, #7271, #1162, #5808 ) ) ;
#3707 = FACE_OUTER_BOUND ( 'NONE', #7244, .T. ) ;
#3708 = EDGE_CURVE ( 'NONE', #1893, #6646, #9455, .T. ) ;
#3709 = VECTOR ( 'NONE', #531, 39.37007874015748100 ) ;
#3710 = ADVANCED_FACE ( 'NONE', ( #4789 ), #6171, .F. ) ;
#3711 = DIRECTION ( 'NONE',  ( 1.000000000000000000, -0.0000000000000000000, 0.0000000000000000000 ) ) ;
#3712 = DIRECTION ( 'NONE',  ( -0.0000000000000000000, 0.0000000000000000000, -1.000000000000000000 ) ) ;
#3713 = PLANE ( 'NONE',  #437 ) ;
#3714 =( CONVERSION_BASED_UNIT ( 'INCH', #7023 ) LENGTH_UNIT ( ) NAMED_UNIT ( #1393 ) );
#3715 =( NAMED_UNIT ( * ) PLANE_ANGLE_UNIT ( ) SI_UNIT ( $, .RADIAN. ) );
#3716 = ORIENTED_EDGE ( 'NONE', *, *, #7558, .T. ) ;
#3717 = FILL_AREA_STYLE ('',( #2837 ) ) ;
#3718 = VECTOR ( 'NONE', #7250, 39.37007874015748100 ) ;
#3719 = UNCERTAINTY_MEASURE_WITH_UNIT (LENGTH_MEASURE( 1.000000000000000100E-005 ), #141, 'distance_accuracy_value', 'NONE');
#3720 = DIMENSIONAL_EXPONENTS ( 1.000000000000000000, 0.0000000000000000000, 0.0000000000000000000, 0.0000000000000000000, 0.0000000000000000000, 0.0000000000000000000, 0.0000000000000000000 ) ;
#3721 = VECTOR ( 'NONE', #3814, 39.37007874015748100 ) ;
#3722 = SURFACE_SIDE_STYLE ('',( #8532 ) ) ;
#3723 =( NAMED_UNIT ( * ) SI_UNIT ( $, .STERADIAN. ) SOLID_ANGLE_UNIT ( ) );
#3724 =( CONVERSION_BASED_UNIT ( 'INCH', #11313 ) LENGTH_UNIT ( ) NAMED_UNIT ( #5807 ) );
#3725 = ORIENTED_EDGE ( 'NONE', *, *, #187, .T. ) ;
#3726 = ORIENTED_EDGE ( 'NONE', *, *, #5613, .F. ) ;
#3727 = DIMENSIONAL_EXPONENTS ( 1.000000000000000000, 0.0000000000000000000, 0.0000000000000000000, 0.0000000000000000000, 0.0000000000000000000, 0.0000000000000000000, 0.0000000000000000000 ) ;
#3728 = AXIS2_PLACEMENT_3D ( 'NONE', #7054, #6627, #6583 ) ;
#3729 = FACE_OUTER_BOUND ( 'NONE', #5372, .T. ) ;
#3730 = CARTESIAN_POINT ( 'NONE',  ( 0.07283464566929139000, 0.009842519685039369900, 0.04606299212598425500 ) ) ;
#3731 = VECTOR ( 'NONE', #4861, 39.37007874015748100 ) ;
#3732 =( CONVERSION_BASED_UNIT ( 'INCH', #1979 ) LENGTH_UNIT ( ) NAMED_UNIT ( #8109 ) );
#3733 = ORIENTED_EDGE ( 'NONE', *, *, #9018, .T. ) ;
#3734 = FACE_OUTER_BOUND ( 'NONE', #5737, .T. ) ;
#3735 =( NAMED_UNIT ( * ) SI_UNIT ( $, .STERADIAN. ) SOLID_ANGLE_UNIT ( ) );
#3736 = MECHANICAL_DESIGN_GEOMETRIC_PRESENTATION_REPRESENTATION (  '', ( #1983 ), #4335 ) ;
#3737 = ORIENTED_EDGE ( 'NONE', *, *, #8487, .T. ) ;
#3738 =( GEOMETRIC_REPRESENTATION_CONTEXT ( 3 ) GLOBAL_UNCERTAINTY_ASSIGNED_CONTEXT ( ( #4061 ) ) GLOBAL_UNIT_ASSIGNED_CONTEXT ( ( #10993, #5771, #523 ) ) REPRESENTATION_CONTEXT ( 'NONE', 'WORKASPACE' ) );
#3739 = VERTEX_POINT ( 'NONE', #5642 ) ;
#3740 = LINE ( 'NONE', #8009, #10448 ) ;
#3741 = PLANE ( 'NONE',  #4167 ) ;
#3742 = CARTESIAN_POINT ( 'NONE',  ( -0.04606299212598425500, -0.02046108103966344500, -0.06889763779527555100 ) ) ;
#3743 = FACE_OUTER_BOUND ( 'NONE', #2702, .T. ) ;
#3744 = CARTESIAN_POINT ( 'NONE',  ( 0.03070866141732283800, 0.009842519685039369900, -0.06889763779527555100 ) ) ;
#3745 = LENGTH_MEASURE_WITH_UNIT ( LENGTH_MEASURE( 0.02539999999999999900 ), #2387 );
#3746 = EDGE_LOOP ( 'NONE', ( #7709, #3233, #7766, #7050 ) ) ;
#3747 = PRESENTATION_LAYER_ASSIGNMENT (  '', '', ( #2564 ) ) ;
#3748 = FILL_AREA_STYLE_COLOUR ( '', #7725 ) ;
#3749 = ORIENTED_EDGE ( 'NONE', *, *, #11096, .F. ) ;
#3750 = VERTEX_POINT ( 'NONE', #5577 ) ;
#3751 = VERTEX_POINT ( 'NONE', #6448 ) ;
#3752 = DIRECTION ( 'NONE',  ( -1.000000000000000000, -0.0000000000000000000, 0.0000000000000000000 ) ) ;
#3753 = MECHANICAL_DESIGN_GEOMETRIC_PRESENTATION_REPRESENTATION (  '', ( #1997 ), #4346 ) ;
#3754 = SURFACE_STYLE_FILL_AREA ( #5702 ) ;
#3755 = AXIS2_PLACEMENT_3D ( 'NONE', #8241, #8172, #7761 ) ;
#3756 = VECTOR ( 'NONE', #7608, 39.37007874015748100 ) ;
#3757 = CARTESIAN_POINT ( 'NONE',  ( 0.03070866141732283800, 0.009842519685039369900, -0.08661417322834641400 ) ) ;
#3758 = CARTESIAN_POINT ( 'NONE',  ( 0.0000000000000000000, 0.009842519685039369900, 0.0000000000000000000 ) ) ;
#3759 = LINE ( 'NONE', #5515, #1429 ) ;
#3760 = CARTESIAN_POINT ( 'NONE',  ( -0.07283464566929134800, 0.0000000000000000000, -0.03070866141732280000 ) ) ;
#3761 = STYLED_ITEM ( 'NONE', ( #4248 ), #5465 ) ;
#3762 = UNCERTAINTY_MEASURE_WITH_UNIT (LENGTH_MEASURE( 1.000000000000000100E-005 ), #8515, 'distance_accuracy_value', 'NONE');
#3763 = VECTOR ( 'NONE', #775, 39.37007874015748100 ) ;
#3764 = ORIENTED_EDGE ( 'NONE', *, *, #3829, .F. ) ;
#3765 =( LENGTH_UNIT ( ) NAMED_UNIT ( * ) SI_UNIT ( $, .METRE. ) );
#3766 = FILL_AREA_STYLE ('',( #1161 ) ) ;
#3767 =( GEOMETRIC_REPRESENTATION_CONTEXT ( 3 ) GLOBAL_UNCERTAINTY_ASSIGNED_CONTEXT ( ( #9961 ) ) GLOBAL_UNIT_ASSIGNED_CONTEXT ( ( #4036, #10160, #4928 ) ) REPRESENTATION_CONTEXT ( 'NONE', 'WORKASPACE' ) );
#3768 = DIRECTION ( 'NONE',  ( -1.000000000000000000, 0.0000000000000000000, 1.668003342285391100E-015 ) ) ;
#3769 = VERTEX_POINT ( 'NONE', #5688 ) ;
#3770 = UNCERTAINTY_MEASURE_WITH_UNIT (LENGTH_MEASURE( 1.000000000000000100E-005 ), #7283, 'distance_accuracy_value', 'NONE');
#3771 = CARTESIAN_POINT ( 'NONE',  ( -0.07086614173228347700, 0.0000000000000000000, -0.07480314960629917700 ) ) ;
#3772 = VECTOR ( 'NONE', #11011, 39.37007874015748100 ) ;
#3773 = CARTESIAN_POINT ( 'NONE',  ( 0.07283464566929139000, 0.009842519685039369900, 0.04606299212598425500 ) ) ;
#3774 = ORIENTED_EDGE ( 'NONE', *, *, #10027, .F. ) ;
#3775 =( LENGTH_UNIT ( ) NAMED_UNIT ( * ) SI_UNIT ( $, .METRE. ) );
#3776 = LINE ( 'NONE', #4680, #10475 ) ;
#3777 = ORIENTED_EDGE ( 'NONE', *, *, #4907, .F. ) ;
#3778 = VECTOR ( 'NONE', #8175, 39.37007874015748100 ) ;
#3779 =( CONVERSION_BASED_UNIT ( 'INCH', #10472 ) LENGTH_UNIT ( ) NAMED_UNIT ( #6898 ) );
#3780 = FILL_AREA_STYLE ('',( #8152 ) ) ;
#3781 = SURFACE_SIDE_STYLE ('',( #10463 ) ) ;
#3782 = ORIENTED_EDGE ( 'NONE', *, *, #1299, .T. ) ;
#3783 = ADVANCED_FACE ( 'NONE', ( #1350 ), #5468, .F. ) ;
#3784 = DIRECTION ( 'NONE',  ( 0.0000000000000000000, 1.000000000000000000, 0.0000000000000000000 ) ) ;
#3785 = EDGE_CURVE ( 'NONE', #2397, #8393, #259, .T. ) ;
#3786 = EDGE_LOOP ( 'NONE', ( #9655, #5943, #5245, #8038 ) ) ;
#3787 = CARTESIAN_POINT ( 'NONE',  ( 0.04606299212598425500, -0.02046108103966344500, -0.06889763779527555100 ) ) ;
#3788 = EDGE_CURVE ( 'NONE', #8732, #5548, #7281, .T. ) ;
#3789 = FILL_AREA_STYLE ('',( #2899 ) ) ;
#3790 = DIRECTION ( 'NONE',  ( -1.000000000000000000, 0.0000000000000000000, -0.0000000000000000000 ) ) ;
#3791 = EDGE_LOOP ( 'NONE', ( #10810, #1021, #9676, #8410 ) ) ;
#3792 = DIRECTION ( 'NONE',  ( 0.0000000000000000000, -0.0000000000000000000, 1.000000000000000000 ) ) ;
#3793 = LENGTH_MEASURE_WITH_UNIT ( LENGTH_MEASURE( 0.02539999999999999900 ), #5156 );
#3794 = FILL_AREA_STYLE ('',( #7310 ) ) ;
#3795 = DIRECTION ( 'NONE',  ( 0.0000000000000000000, -0.0000000000000000000, 1.000000000000000000 ) ) ;
#3796 = SURFACE_STYLE_USAGE ( .BOTH. , #3828 ) ;
#3797 =( CONVERSION_BASED_UNIT ( 'INCH', #264 ) LENGTH_UNIT ( ) NAMED_UNIT ( #7549 ) );
#3798 =( NAMED_UNIT ( * ) PLANE_ANGLE_UNIT ( ) SI_UNIT ( $, .RADIAN. ) );
#3799 = STYLED_ITEM ( 'NONE', ( #2525 ), #9188 ) ;
#3800 = UNCERTAINTY_MEASURE_WITH_UNIT (LENGTH_MEASURE( 1.000000000000000100E-005 ), #7733, 'distance_accuracy_value', 'NONE');
#3801 = SURFACE_STYLE_FILL_AREA ( #947 ) ;
#3802 = CARTESIAN_POINT ( 'NONE',  ( 0.05629921259842520000, -0.02046108103966344500, 0.06889763779527562100 ) ) ;
#3803 = CARTESIAN_POINT ( 'NONE',  ( 0.005118110236220471500, -0.02046108103966344500, 0.08661417322834648300 ) ) ;
#3804 = DIRECTION ( 'NONE',  ( -0.0000000000000000000, -1.000000000000000000, -0.0000000000000000000 ) ) ;
#3805 = ORIENTED_EDGE ( 'NONE', *, *, #2177, .F. ) ;
#3806 = PLANE ( 'NONE',  #3683 ) ;
#3807 = AXIS2_PLACEMENT_3D ( 'NONE', #565, #6717, #1451 ) ;
#3808 = STYLED_ITEM ( 'NONE', ( #11196 ), #3895 ) ;
#3809 = VECTOR ( 'NONE', #6232, 39.37007874015748100 ) ;
#3810 = FILL_AREA_STYLE ('',( #7329 ) ) ;
#3811 = COLOUR_RGB ( '',0.9686274509803921600, 0.8784313725490196000, 0.5999999999999999800 ) ;
#3812 =( NAMED_UNIT ( * ) PLANE_ANGLE_UNIT ( ) SI_UNIT ( $, .RADIAN. ) );
#3813 = PRESENTATION_LAYER_ASSIGNMENT (  '', '', ( #2625 ) ) ;
#3814 = DIRECTION ( 'NONE',  ( 0.0000000000000000000, 1.000000000000000000, 0.0000000000000000000 ) ) ;
#3815 = FILL_AREA_STYLE_COLOUR ( '', #4522 ) ;
#3816 = SURFACE_STYLE_USAGE ( .BOTH. , #9083 ) ;
#3817 = AXIS2_PLACEMENT_3D ( 'NONE', #9695, #4437, #10545 ) ;
#3818 = DIRECTION ( 'NONE',  ( -0.0000000000000000000, -1.000000000000000000, -0.0000000000000000000 ) ) ;
#3819 = STYLED_ITEM ( 'NONE', ( #2857 ), #2701 ) ;
#3820 = LENGTH_MEASURE_WITH_UNIT ( LENGTH_MEASURE( 0.02539999999999999900 ), #10957 );
#3821 = AXIS2_PLACEMENT_3D ( 'NONE', #489, #6628, #1353 ) ;
#3822 = SURFACE_STYLE_USAGE ( .BOTH. , #9090 ) ;
#3823 = SURFACE_STYLE_FILL_AREA ( #7437 ) ;
#3824 = CARTESIAN_POINT ( 'NONE',  ( 0.05629921259842520000, 0.009842519685039369900, -0.06889763779527555100 ) ) ;
#3825 = ADVANCED_FACE ( 'NONE', ( #2574 ), #4201, .T. ) ;
#3826 = DIRECTION ( 'NONE',  ( 0.0000000000000000000, 1.000000000000000000, 0.0000000000000000000 ) ) ;
#3827 = UNCERTAINTY_MEASURE_WITH_UNIT (LENGTH_MEASURE( 1.000000000000000100E-005 ), #13, 'distance_accuracy_value', 'NONE');
#3828 = SURFACE_SIDE_STYLE ('',( #570 ) ) ;
#3829 = EDGE_CURVE ( 'NONE', #10316, #5141, #5879, .T. ) ;
#3830 = LENGTH_MEASURE_WITH_UNIT ( LENGTH_MEASURE( 0.02539999999999999900 ), #9419 );
#3831 = PRESENTATION_STYLE_ASSIGNMENT (( #665 ) ) ;
#3832 = MECHANICAL_DESIGN_GEOMETRIC_PRESENTATION_REPRESENTATION (  '', ( #2078 ), #4423 ) ;
#3833 = PRESENTATION_STYLE_ASSIGNMENT (( #11101 ) ) ;
#3834 = DIMENSIONAL_EXPONENTS ( 1.000000000000000000, 0.0000000000000000000, 0.0000000000000000000, 0.0000000000000000000, 0.0000000000000000000, 0.0000000000000000000, 0.0000000000000000000 ) ;
#3835 = ORIENTED_EDGE ( 'NONE', *, *, #8052, .F. ) ;
#3836 =( NAMED_UNIT ( * ) PLANE_ANGLE_UNIT ( ) SI_UNIT ( $, .RADIAN. ) );
#3837 = CARTESIAN_POINT ( 'NONE',  ( -0.05629921259842520000, -0.02046108103966344500, 0.06889763779527562100 ) ) ;
#3838 = VERTEX_POINT ( 'NONE', #3645 ) ;
#3839 =( NAMED_UNIT ( * ) SI_UNIT ( $, .STERADIAN. ) SOLID_ANGLE_UNIT ( ) );
#3840 = LINE ( 'NONE', #11331, #420 ) ;
#3841 = FACE_OUTER_BOUND ( 'NONE', #11296, .T. ) ;
#3842 = EDGE_CURVE ( 'NONE', #6696, #9213, #1213, .T. ) ;
#3843 = DIMENSIONAL_EXPONENTS ( 1.000000000000000000, 0.0000000000000000000, 0.0000000000000000000, 0.0000000000000000000, 0.0000000000000000000, 0.0000000000000000000, 0.0000000000000000000 ) ;
#3844 =( LENGTH_UNIT ( ) NAMED_UNIT ( * ) SI_UNIT ( $, .METRE. ) );
#3845 = DIRECTION ( 'NONE',  ( -1.000000000000000000, -0.0000000000000000000, 0.0000000000000000000 ) ) ;
#3846 = PRESENTATION_STYLE_ASSIGNMENT (( #10293 ) ) ;
#3847 = CARTESIAN_POINT ( 'NONE',  ( -0.02047244094488189300, 0.009842519685039369900, 0.08661417322834648300 ) ) ;
#3848 = EDGE_CURVE ( 'NONE', #4571, #7252, #3536, .T. ) ;
#3849 = FILL_AREA_STYLE_COLOUR ( '', #11138 ) ;
#3850 = FACE_BOUND ( 'NONE', #8937, .T. ) ;
#3851 = FILL_AREA_STYLE_COLOUR ( '', #1270 ) ;
#3852 = ORIENTED_EDGE ( 'NONE', *, *, #6963, .T. ) ;
#3853 =( NAMED_UNIT ( * ) PLANE_ANGLE_UNIT ( ) SI_UNIT ( $, .RADIAN. ) );
#3854 = LINE ( 'NONE', #7316, #10554 ) ;
#3855 = CARTESIAN_POINT ( 'NONE',  ( -0.03070866141732283800, 0.009842519685039369900, -0.06889763779527555100 ) ) ;
#3856 = DIRECTION ( 'NONE',  ( -0.0000000000000000000, 0.0000000000000000000, 1.000000000000000000 ) ) ;
#3857 = COLOUR_RGB ( '',0.9686274509803921600, 0.8784313725490196000, 0.5999999999999999800 ) ;
#3858 = FILL_AREA_STYLE_COLOUR ( '', #10416 ) ;
#3859 = EDGE_CURVE ( 'NONE', #7768, #1610, #8212, .T. ) ;
#3860 = ORIENTED_EDGE ( 'NONE', *, *, #3492, .T. ) ;
#3861 = DIRECTION ( 'NONE',  ( -0.0000000000000000000, -1.000000000000000000, -0.0000000000000000000 ) ) ;
#3862 = ORIENTED_EDGE ( 'NONE', *, *, #1567, .F. ) ;
#3863 = EDGE_CURVE ( 'NONE', #1808, #3408, #7945, .T. ) ;
#3864 = PRESENTATION_LAYER_ASSIGNMENT (  '', '', ( #2691 ) ) ;
#3865 = DIRECTION ( 'NONE',  ( 2.409338161078899700E-016, 0.0000000000000000000, -1.000000000000000000 ) ) ;
#3866 = SURFACE_STYLE_FILL_AREA ( #9596 ) ;
#3867 = SURFACE_STYLE_FILL_AREA ( #3561 ) ;
#3868 = MANIFOLD_SOLID_BREP ( 'Boss-Extrude2[1]', #1295 ) ;
#3869 = FILL_AREA_STYLE_COLOUR ( '', #2398 ) ;
#3870 = CARTESIAN_POINT ( 'NONE',  ( 0.0003937007874015829800, 0.08858267716535434000, -0.01528740157480314700 ) ) ;
#3871 = COLOUR_RGB ( '',0.9686274509803921600, 0.8784313725490196000, 0.5999999999999999800 ) ;
#3872 = FILL_AREA_STYLE ('',( #4727 ) ) ;
#3873 = ORIENTED_EDGE ( 'NONE', *, *, #1936, .T. ) ;
#3874 = ORIENTED_EDGE ( 'NONE', *, *, #6197, .T. ) ;
#3875 = FACE_OUTER_BOUND ( 'NONE', #1863, .T. ) ;
#3876 = COLOUR_RGB ( '',0.9686274509803921600, 0.8784313725490196000, 0.5999999999999999800 ) ;
#3877 = PLANE ( 'NONE',  #9859 ) ;
#3878 = LINE ( 'NONE', #2095, #6211 ) ;
#3879 = SURFACE_SIDE_STYLE ('',( #6865 ) ) ;
#3880 =( NAMED_UNIT ( * ) SI_UNIT ( $, .STERADIAN. ) SOLID_ANGLE_UNIT ( ) );
#3881 = VERTEX_POINT ( 'NONE', #3080 ) ;
#3882 = FILL_AREA_STYLE_COLOUR ( '', #4438 ) ;
#3883 = COLOUR_RGB ( '',0.9686274509803921600, 0.8784313725490196000, 0.5999999999999999800 ) ;
#3884 = DIRECTION ( 'NONE',  ( -1.000000000000000000, -0.0000000000000000000, 0.0000000000000000000 ) ) ;
#3885 = ORIENTED_EDGE ( 'NONE', *, *, #4290, .T. ) ;
#3886 = EDGE_LOOP ( 'NONE', ( #8619, #9142, #4174, #8292 ) ) ;
#3887 = STYLED_ITEM ( 'NONE', ( #207 ), #386 ) ;
#3888 = SURFACE_STYLE_USAGE ( .BOTH. , #3935 ) ;
#3889 = DIRECTION ( 'NONE',  ( 0.0000000000000000000, 1.000000000000000000, 0.0000000000000000000 ) ) ;
#3890 =( NAMED_UNIT ( * ) SI_UNIT ( $, .STERADIAN. ) SOLID_ANGLE_UNIT ( ) );
#3891 = FILL_AREA_STYLE_COLOUR ( '', #8989 ) ;
#3892 = LINE ( 'NONE', #1744, #8286 ) ;
#3893 = DIRECTION ( 'NONE',  ( -1.000000000000000000, 0.0000000000000000000, -0.0000000000000000000 ) ) ;
#3894 = VECTOR ( 'NONE', #5932, 39.37007874015748100 ) ;
#3895 = ADVANCED_FACE ( 'NONE', ( #5612 ), #2595, .F. ) ;
#3896 = MECHANICAL_DESIGN_GEOMETRIC_PRESENTATION_REPRESENTATION (  '', ( #2134 ), #4483 ) ;
#3897 = CARTESIAN_POINT ( 'NONE',  ( 0.09055118110236222400, 0.009842519685039369900, -0.04606299212598424800 ) ) ;
#3898 = PRESENTATION_LAYER_ASSIGNMENT (  '', '', ( #2709 ) ) ;
#3899 = VECTOR ( 'NONE', #10383, 39.37007874015748100 ) ;
#3900 = ORIENTED_EDGE ( 'NONE', *, *, #6058, .F. ) ;
#3901 = PRESENTATION_STYLE_ASSIGNMENT (( #7691 ) ) ;
#3902 = AXIS2_PLACEMENT_3D ( 'NONE', #7000, #1732, #7886 ) ;
#3903 =( CONVERSION_BASED_UNIT ( 'INCH', #6762 ) LENGTH_UNIT ( ) NAMED_UNIT ( #8813 ) );
#3904 = DIRECTION ( 'NONE',  ( 0.0000000000000000000, -1.000000000000000000, -0.0000000000000000000 ) ) ;
#3905 = ORIENTED_EDGE ( 'NONE', *, *, #6894, .F. ) ;
#3906 = AXIS2_PLACEMENT_3D ( 'NONE', #4330, #10436, #5213 ) ;
#3907 =( LENGTH_UNIT ( ) NAMED_UNIT ( * ) SI_UNIT ( $, .METRE. ) );
#3908 = ORIENTED_EDGE ( 'NONE', *, *, #11096, .T. ) ;
#3909 = LINE ( 'NONE', #2403, #6239 ) ;
#3910 = VECTOR ( 'NONE', #10162, 39.37007874015748100 ) ;
#3911 = CARTESIAN_POINT ( 'NONE',  ( 0.09055118110236223800, 0.009842519685039369900, -0.02047244094488188900 ) ) ;
#3912 = ORIENTED_EDGE ( 'NONE', *, *, #10377, .F. ) ;
#3913 = CIRCLE ( 'NONE', #9911, 0.01870078740146096200 ) ;
#3914 = SURFACE_STYLE_FILL_AREA ( #2778 ) ;
#3915 = AXIS2_PLACEMENT_3D ( 'NONE', #1154, #1114, #1053 ) ;
#3916 = FACE_OUTER_BOUND ( 'NONE', #9292, .T. ) ;
#3917 = ORIENTED_EDGE ( 'NONE', *, *, #9585, .T. ) ;
#3918 = LENGTH_MEASURE_WITH_UNIT ( LENGTH_MEASURE( 0.02539999999999999900 ), #1261 );
#3919 = DIRECTION ( 'NONE',  ( 1.000000000000000000, -0.0000000000000000000, 2.409338161078899700E-016 ) ) ;
#3920 = STYLED_ITEM ( 'NONE', ( #7261 ), #10625 ) ;
#3921 = EDGE_LOOP ( 'NONE', ( #7857, #5705, #9925, #7034 ) ) ;
#3922 = DIRECTION ( 'NONE',  ( 0.0000000000000000000, 0.0000000000000000000, 1.000000000000000000 ) ) ;
#3923 = PRESENTATION_STYLE_ASSIGNMENT (( #6601 ) ) ;
#3924 = DIRECTION ( 'NONE',  ( -1.000000000000000000, 0.0000000000000000000, 0.0000000000000000000 ) ) ;
#3925 = MECHANICAL_DESIGN_GEOMETRIC_PRESENTATION_REPRESENTATION (  '', ( #2155 ), #7630 ) ;
#3926 = ORIENTED_EDGE ( 'NONE', *, *, #10735, .T. ) ;
#3927 = EDGE_CURVE ( 'NONE', #3217, #10446, #8074, .T. ) ;
#3928 = EDGE_CURVE ( 'NONE', #1717, #2096, #3407, .T. ) ;
#3929 = SURFACE_STYLE_USAGE ( .BOTH. , #9179 ) ;
#3930 = FILL_AREA_STYLE ('',( #4272 ) ) ;
#3931 = CARTESIAN_POINT ( 'NONE',  ( -0.005118110236220475000, 0.0000000000000000000, 0.08661417322834648300 ) ) ;
#3932 = SURFACE_STYLE_USAGE ( .BOTH. , #9182 ) ;
#3933 = VERTEX_POINT ( 'NONE', #2562 ) ;
#3934 =( NAMED_UNIT ( * ) SI_UNIT ( $, .STERADIAN. ) SOLID_ANGLE_UNIT ( ) );
#3935 = SURFACE_SIDE_STYLE ('',( #8403 ) ) ;
#3936 = VECTOR ( 'NONE', #2126, 39.37007874015748100 ) ;
#3937 = CARTESIAN_POINT ( 'NONE',  ( 0.0000000000000000000, 0.0000000000000000000, 0.08661417322834648300 ) ) ;
#3938 = FILL_AREA_STYLE ('',( #1282 ) ) ;
#3939 = DIMENSIONAL_EXPONENTS ( 1.000000000000000000, 0.0000000000000000000, 0.0000000000000000000, 0.0000000000000000000, 0.0000000000000000000, 0.0000000000000000000, 0.0000000000000000000 ) ;
#3940 = SURFACE_STYLE_USAGE ( .BOTH. , #9187 ) ;
#3941 = FILL_AREA_STYLE ('',( #9190 ) ) ;
#3942 = EDGE_LOOP ( 'NONE', ( #2694, #5416, #4456, #5960 ) ) ;
#3943 = EDGE_CURVE ( 'NONE', #9099, #1826, #1077, .T. ) ;
#3944 = LENGTH_MEASURE_WITH_UNIT ( LENGTH_MEASURE( 0.02539999999999999900 ), #3257 );
#3945 = FILL_AREA_STYLE_COLOUR ( '', #3857 ) ;
#3946 = EDGE_CURVE ( 'NONE', #7624, #2676, #7813, .T. ) ;
#3947 = LINE ( 'NONE', #8050, #1607 ) ;
#3948 =( GEOMETRIC_REPRESENTATION_CONTEXT ( 3 ) GLOBAL_UNCERTAINTY_ASSIGNED_CONTEXT ( ( #2481 ) ) GLOBAL_UNIT_ASSIGNED_CONTEXT ( ( #5751, #500, #6638 ) ) REPRESENTATION_CONTEXT ( 'NONE', 'WORKASPACE' ) );
#3949 = ORIENTED_EDGE ( 'NONE', *, *, #1346, .T. ) ;
#3950 = PLANE ( 'NONE',  #11118 ) ;
#3951 = COLOUR_RGB ( '',0.9686274509803921600, 0.8784313725490196000, 0.5999999999999999800 ) ;
#3952 = ADVANCED_FACE ( 'NONE', ( #797 ), #1222, .F. ) ;
#3953 = SURFACE_SIDE_STYLE ('',( #7770 ) ) ;
#3954 =( NAMED_UNIT ( * ) PLANE_ANGLE_UNIT ( ) SI_UNIT ( $, .RADIAN. ) );
#3955 = ORIENTED_EDGE ( 'NONE', *, *, #10156, .F. ) ;
#3956 = COLOUR_RGB ( '',0.9686274509803921600, 0.8784313725490196000, 0.5999999999999999800 ) ;
#3957 = LINE ( 'NONE', #4482, #6013 ) ;
#3958 = DIMENSIONAL_EXPONENTS ( 1.000000000000000000, 0.0000000000000000000, 0.0000000000000000000, 0.0000000000000000000, 0.0000000000000000000, 0.0000000000000000000, 0.0000000000000000000 ) ;
#3959 = SURFACE_SIDE_STYLE ('',( #10017 ) ) ;
#3960 = PLANE ( 'NONE',  #4400 ) ;
#3961 = FACE_OUTER_BOUND ( 'NONE', #4832, .T. ) ;
#3962 = CARTESIAN_POINT ( 'NONE',  ( -0.03070866141732283800, 0.0000000000000000000, 0.08661417322834648300 ) ) ;
#3963 = CARTESIAN_POINT ( 'NONE',  ( -0.09055118110236221000, -0.02046108103966344500, 0.03070866141732286900 ) ) ;
#3964 =( GEOMETRIC_REPRESENTATION_CONTEXT ( 3 ) GLOBAL_UNCERTAINTY_ASSIGNED_CONTEXT ( ( #10154 ) ) GLOBAL_UNIT_ASSIGNED_CONTEXT ( ( #9715, #4470, #10576 ) ) REPRESENTATION_CONTEXT ( 'NONE', 'WORKASPACE' ) );
#3965 = CARTESIAN_POINT ( 'NONE',  ( -0.07283464566929134800, 0.0000000000000000000, 0.0000000000000000000 ) ) ;
#3966 = MECHANICAL_DESIGN_GEOMETRIC_PRESENTATION_REPRESENTATION (  '', ( #2784 ), #4560 ) ;
#3967 = DIMENSIONAL_EXPONENTS ( 1.000000000000000000, 0.0000000000000000000, 0.0000000000000000000, 0.0000000000000000000, 0.0000000000000000000, 0.0000000000000000000, 0.0000000000000000000 ) ;
#3968 = FILL_AREA_STYLE ('',( #4741 ) ) ;
#3969 = CARTESIAN_POINT ( 'NONE',  ( 0.02047244094488188600, 0.009842519685039369900, 0.08661417322834648300 ) ) ;
#3970 =( LENGTH_UNIT ( ) NAMED_UNIT ( * ) SI_UNIT ( $, .METRE. ) );
#3971 =( LENGTH_UNIT ( ) NAMED_UNIT ( * ) SI_UNIT ( $, .METRE. ) );
#3972 = COLOUR_RGB ( '',0.9686274509803921600, 0.8784313725490196000, 0.5999999999999999800 ) ;
#3973 = DIRECTION ( 'NONE',  ( 1.927470528863119000E-016, -0.0000000000000000000, 1.000000000000000000 ) ) ;
#3974 = UNCERTAINTY_MEASURE_WITH_UNIT (LENGTH_MEASURE( 1.000000000000000100E-005 ), #6306, 'distance_accuracy_value', 'NONE');
#3975 = PRESENTATION_STYLE_ASSIGNMENT (( #7117 ) ) ;
#3976 = AXIS2_PLACEMENT_3D ( 'NONE', #1488, #1461, #1420 ) ;
#3977 = FILL_AREA_STYLE ('',( #9233 ) ) ;
#3978 = SURFACE_STYLE_FILL_AREA ( #9740 ) ;
#3979 = FILL_AREA_STYLE ('',( #452 ) ) ;
#3980 = CARTESIAN_POINT ( 'NONE',  ( -0.02047244094488189300, 0.009842519685039369900, 0.08661417322834648300 ) ) ;
#3981 = STYLED_ITEM ( 'NONE', ( #3285 ), #10296 ) ;
#3982 = CARTESIAN_POINT ( 'NONE',  ( 0.05629921259842520000, 0.009842519685039369900, 0.06889763779527562100 ) ) ;
#3983 =( GEOMETRIC_REPRESENTATION_CONTEXT ( 3 ) GLOBAL_UNCERTAINTY_ASSIGNED_CONTEXT ( ( #965 ) ) GLOBAL_UNIT_ASSIGNED_CONTEXT ( ( #1028, #985, #824 ) ) REPRESENTATION_CONTEXT ( 'NONE', 'WORKASPACE' ) );
#3984 =( GEOMETRIC_REPRESENTATION_CONTEXT ( 3 ) GLOBAL_UNCERTAINTY_ASSIGNED_CONTEXT ( ( #7449 ) ) GLOBAL_UNIT_ASSIGNED_CONTEXT ( ( #1764, #7925, #2635 ) ) REPRESENTATION_CONTEXT ( 'NONE', 'WORKASPACE' ) );
#3985 = DIRECTION ( 'NONE',  ( 0.0000000000000000000, 0.0000000000000000000, 1.000000000000000000 ) ) ;
#3986 = AXIS2_PLACEMENT_3D ( 'NONE', #10827, #5616, #361 ) ;
#3987 = CARTESIAN_POINT ( 'NONE',  ( 0.02047244094488188600, -0.02046108103966344500, 0.08661417322834648300 ) ) ;
#3988 = VECTOR ( 'NONE', #4979, 39.37007874015748100 ) ;
#3989 = CARTESIAN_POINT ( 'NONE',  ( 0.0003937007874015829800, 0.08858267716535434000, -0.0005236220472440901100 ) ) ;
#3990 =( CONVERSION_BASED_UNIT ( 'INCH', #11060 ) LENGTH_UNIT ( ) NAMED_UNIT ( #177 ) );
#3991 = ORIENTED_EDGE ( 'NONE', *, *, #714, .F. ) ;
#3992 = VECTOR ( 'NONE', #3711, 39.37007874015748100 ) ;
#3993 = VECTOR ( 'NONE', #2521, 39.37007874015748100 ) ;
#3994 = SURFACE_STYLE_FILL_AREA ( #7361 ) ;
#3995 = PRESENTATION_STYLE_ASSIGNMENT (( #508 ) ) ;
#3996 = LINE ( 'NONE', #3137, #8671 ) ;
#3997 = CARTESIAN_POINT ( 'NONE',  ( -0.09055118110236221000, -0.02046108103966344500, -0.005118110236220437700 ) ) ;
#3998 = DIRECTION ( 'NONE',  ( 0.0000000000000000000, 1.000000000000000000, 0.0000000000000000000 ) ) ;
#3999 = PLANE ( 'NONE',  #3664 ) ;
#4000 = CARTESIAN_POINT ( 'NONE',  ( 0.05629921259842520000, -0.02046108103966344500, 0.08661417322834648300 ) ) ;
#4001 = EDGE_CURVE ( 'NONE', #4884, #11024, #4357, .T. ) ;
#4002 = ORIENTED_EDGE ( 'NONE', *, *, #2731, .T. ) ;
#4003 =( NAMED_UNIT ( * ) SI_UNIT ( $, .STERADIAN. ) SOLID_ANGLE_UNIT ( ) );
#4004 = SURFACE_SIDE_STYLE ('',( #4052 ) ) ;
#4005 = FACE_OUTER_BOUND ( 'NONE', #1406, .T. ) ;
#4006 = SURFACE_SIDE_STYLE ('',( #11140 ) ) ;
#4007 = EDGE_CURVE ( 'NONE', #8159, #7624, #11050, .T. ) ;
#4008 = LINE ( 'NONE', #214, #8397 ) ;
#4009 = PRESENTATION_STYLE_ASSIGNMENT (( #711 ) ) ;
#4010 = CARTESIAN_POINT ( 'NONE',  ( -0.09251968503937008100, 0.03937007874015748000, -0.08858267716535429800 ) ) ;
#4011 = ADVANCED_FACE ( 'NONE', ( #1745 ), #9703, .F. ) ;
#4012 = PRESENTATION_LAYER_ASSIGNMENT (  '', '', ( #2829 ) ) ;
#4013 = VECTOR ( 'NONE', #2057, 39.37007874015748100 ) ;
#4014 =( CONVERSION_BASED_UNIT ( 'INCH', #9906 ) LENGTH_UNIT ( ) NAMED_UNIT ( #2363 ) );
#4015 = EDGE_LOOP ( 'NONE', ( #7094, #3478, #2234, #8565 ) ) ;
#4016 = VERTEX_POINT ( 'NONE', #5994 ) ;
#4017 = PLANE ( 'NONE',  #8092 ) ;
#4018 = FILL_AREA_STYLE_COLOUR ( '', #7932 ) ;
#4019 = CARTESIAN_POINT ( 'NONE',  ( -0.04606299212598425500, 0.0000000000000000000, -0.08661417322834641400 ) ) ;
#4020 = VERTEX_POINT ( 'NONE', #10388 ) ;
#4022 = DIRECTION ( 'NONE',  ( 0.0000000000000000000, 1.000000000000000000, 0.0000000000000000000 ) ) ;
#4021 = PRESENTATION_STYLE_ASSIGNMENT (( #10587 ) ) ;
#4023 = EDGE_LOOP ( 'NONE', ( #3340, #6881, #7479, #11323 ) ) ;
#4024 = EDGE_CURVE ( 'NONE', #10609, #5434, #660, .T. ) ;
#4025 = VERTEX_POINT ( 'NONE', #9447 ) ;
#4026 = DIRECTION ( 'NONE',  ( 0.0000000000000000000, -0.0000000000000000000, 1.000000000000000000 ) ) ;
#4027 = VECTOR ( 'NONE', #5489, 39.37007874015748100 ) ;
#4028 = ORIENTED_EDGE ( 'NONE', *, *, #3946, .F. ) ;
#4029 = PRESENTATION_STYLE_ASSIGNMENT (( #6014 ) ) ;
#4030 = PLANE ( 'NONE',  #3976 ) ;
#4031 =( GEOMETRIC_REPRESENTATION_CONTEXT ( 3 ) GLOBAL_UNCERTAINTY_ASSIGNED_CONTEXT ( ( #7798 ) ) GLOBAL_UNIT_ASSIGNED_CONTEXT ( ( #10028, #4783, #10891 ) ) REPRESENTATION_CONTEXT ( 'NONE', 'WORKASPACE' ) );
#4032 = ORIENTED_EDGE ( 'NONE', *, *, #5636, .T. ) ;
#4033 =( GEOMETRIC_REPRESENTATION_CONTEXT ( 3 ) GLOBAL_UNCERTAINTY_ASSIGNED_CONTEXT ( ( #9819 ) ) GLOBAL_UNIT_ASSIGNED_CONTEXT ( ( #5912, #5880, #5851 ) ) REPRESENTATION_CONTEXT ( 'NONE', 'WORKASPACE' ) );
#4034 = VERTEX_POINT ( 'NONE', #8908 ) ;
#4035 = ORIENTED_EDGE ( 'NONE', *, *, #9018, .F. ) ;
#4036 =( CONVERSION_BASED_UNIT ( 'INCH', #6035 ) LENGTH_UNIT ( ) NAMED_UNIT ( #11191 ) );
#4037 = FACE_OUTER_BOUND ( 'NONE', #2241, .T. ) ;
#4038 = DIRECTION ( 'NONE',  ( 0.0000000000000000000, 1.000000000000000000, 0.0000000000000000000 ) ) ;
#4039 = CARTESIAN_POINT ( 'NONE',  ( 0.0000000000000000000, 0.0000000000000000000, -0.02047244094488188900 ) ) ;
#4040 = LINE ( 'NONE', #8640, #1704 ) ;
#4041 = ORIENTED_EDGE ( 'NONE', *, *, #123, .T. ) ;
#4042 =( LENGTH_UNIT ( ) NAMED_UNIT ( * ) SI_UNIT ( $, .METRE. ) );
#4043 = VECTOR ( 'NONE', #3148, 39.37007874015748900 ) ;
#4044 = MECHANICAL_DESIGN_GEOMETRIC_PRESENTATION_REPRESENTATION (  '', ( #2277 ), #4631 ) ;
#4045 = CARTESIAN_POINT ( 'NONE',  ( -0.09055118110236221000, 0.009842519685039369900, 0.0000000000000000000 ) ) ;
#4046 = SURFACE_STYLE_USAGE ( .BOTH. , #9298 ) ;
#4047 = FILL_AREA_STYLE_COLOUR ( '', #3347 ) ;
#4048 = DIMENSIONAL_EXPONENTS ( 1.000000000000000000, 0.0000000000000000000, 0.0000000000000000000, 0.0000000000000000000, 0.0000000000000000000, 0.0000000000000000000, 0.0000000000000000000 ) ;
#4049 = ORIENTED_EDGE ( 'NONE', *, *, #1858, .T. ) ;
#4050 = STYLED_ITEM ( 'NONE', ( #8386 ), #9820 ) ;
#4051 = CARTESIAN_POINT ( 'NONE',  ( 0.0000000000000000000, 0.0000000000000000000, 0.06889763779527562100 ) ) ;
#4052 = SURFACE_STYLE_FILL_AREA ( #4425 ) ;
#4053 = UNCERTAINTY_MEASURE_WITH_UNIT (LENGTH_MEASURE( 1.000000000000000100E-005 ), #2553, 'distance_accuracy_value', 'NONE');
#4054 =( GEOMETRIC_REPRESENTATION_CONTEXT ( 3 ) GLOBAL_UNCERTAINTY_ASSIGNED_CONTEXT ( ( #5047 ) ) GLOBAL_UNIT_ASSIGNED_CONTEXT ( ( #8917, #3654, #9793 ) ) REPRESENTATION_CONTEXT ( 'NONE', 'WORKASPACE' ) );
#4055 = VECTOR ( 'NONE', #2482, 39.37007874015748100 ) ;
#4056 = ORIENTED_EDGE ( 'NONE', *, *, #9714, .T. ) ;
#4057 =( LENGTH_UNIT ( ) NAMED_UNIT ( * ) SI_UNIT ( $, .METRE. ) );
#4058 = CARTESIAN_POINT ( 'NONE',  ( 0.0000000000000000000, 0.0000000000000000000, -0.06889763779527555100 ) ) ;
#4059 =( GEOMETRIC_REPRESENTATION_CONTEXT ( 3 ) GLOBAL_UNCERTAINTY_ASSIGNED_CONTEXT ( ( #1166 ) ) GLOBAL_UNIT_ASSIGNED_CONTEXT ( ( #2135, #8268, #3017 ) ) REPRESENTATION_CONTEXT ( 'NONE', 'WORKASPACE' ) );
#4060 =( CONVERSION_BASED_UNIT ( 'INCH', #9697 ) LENGTH_UNIT ( ) NAMED_UNIT ( #2336 ) );
#4061 = UNCERTAINTY_MEASURE_WITH_UNIT (LENGTH_MEASURE( 1.000000000000000100E-005 ), #10993, 'distance_accuracy_value', 'NONE');
#4062 = CARTESIAN_POINT ( 'NONE',  ( 0.09251968503937012300, 0.0000000000000000000, 0.08858267716535438200 ) ) ;
#4063 = ORIENTED_EDGE ( 'NONE', *, *, #114, .T. ) ;
#4064 =( GEOMETRIC_REPRESENTATION_CONTEXT ( 3 ) GLOBAL_UNCERTAINTY_ASSIGNED_CONTEXT ( ( #10549 ) ) GLOBAL_UNIT_ASSIGNED_CONTEXT ( ( #62, #24, #1504 ) ) REPRESENTATION_CONTEXT ( 'NONE', 'WORKASPACE' ) );
#4065 = DIRECTION ( 'NONE',  ( 1.000000000000000000, 0.0000000000000000000, -1.668003342285391100E-015 ) ) ;
#4066 = VERTEX_POINT ( 'NONE', #8035 ) ;
#4067 = ORIENTED_EDGE ( 'NONE', *, *, #7846, .F. ) ;
#4068 =( NAMED_UNIT ( * ) SI_UNIT ( $, .STERADIAN. ) SOLID_ANGLE_UNIT ( ) );
#4069 = MECHANICAL_DESIGN_GEOMETRIC_PRESENTATION_REPRESENTATION (  '', ( #2299 ), #4647 ) ;
#4070 = PRESENTATION_LAYER_ASSIGNMENT (  '', '', ( #2878 ) ) ;
#4071 = ADVANCED_FACE ( 'NONE', ( #7403 ), #9813, .F. ) ;
#4072 = DIRECTION ( 'NONE',  ( -0.0000000000000000000, 1.000000000000000000, 0.0000000000000000000 ) ) ;
#4073 = ORIENTED_EDGE ( 'NONE', *, *, #7704, .T. ) ;
#4074 = SURFACE_STYLE_FILL_AREA ( #10368 ) ;
#4075 = DIRECTION ( 'NONE',  ( 0.0000000000000000000, -0.0000000000000000000, -1.000000000000000000 ) ) ;
#4076 = EDGE_CURVE ( 'NONE', #9066, #216, #768, .T. ) ;
#4077 = DIMENSIONAL_EXPONENTS ( 1.000000000000000000, 0.0000000000000000000, 0.0000000000000000000, 0.0000000000000000000, 0.0000000000000000000, 0.0000000000000000000, 0.0000000000000000000 ) ;
#4078 = EDGE_CURVE ( 'NONE', #1044, #10998, #5170, .T. ) ;
#4079 = FILL_AREA_STYLE_COLOUR ( '', #6160 ) ;
#4080 = ORIENTED_EDGE ( 'NONE', *, *, #697, .F. ) ;
#4081 = CARTESIAN_POINT ( 'NONE',  ( -0.02047244094488188900, -0.02046108103966344500, 0.06889763779527562100 ) ) ;
#4082 = ORIENTED_EDGE ( 'NONE', *, *, #8933, .T. ) ;
#4083 = SURFACE_STYLE_USAGE ( .BOTH. , #4119 ) ;
#4084 = DIMENSIONAL_EXPONENTS ( 1.000000000000000000, 0.0000000000000000000, 0.0000000000000000000, 0.0000000000000000000, 0.0000000000000000000, 0.0000000000000000000, 0.0000000000000000000 ) ;
#4085 = CARTESIAN_POINT ( 'NONE',  ( -0.02047244094488189300, 0.0000000000000000000, -0.08661417322834641400 ) ) ;
#4086 = CARTESIAN_POINT ( 'NONE',  ( -0.09055118110236221000, 0.009842519685039369900, -0.03070866141732280000 ) ) ;
#4087 = DIRECTION ( 'NONE',  ( 0.0000000000000000000, 0.0000000000000000000, 1.000000000000000000 ) ) ;
#4088 = UNCERTAINTY_MEASURE_WITH_UNIT (LENGTH_MEASURE( 1.000000000000000100E-005 ), #6690, 'distance_accuracy_value', 'NONE');
#4089 = DIRECTION ( 'NONE',  ( 0.0000000000000000000, 1.000000000000000000, 0.0000000000000000000 ) ) ;
#4090 = LINE ( 'NONE', #1776, #10779 ) ;
#4091 = ORIENTED_EDGE ( 'NONE', *, *, #2104, .T. ) ;
#4092 =( NAMED_UNIT ( * ) SI_UNIT ( $, .STERADIAN. ) SOLID_ANGLE_UNIT ( ) );
#4093 = EDGE_CURVE ( 'NONE', #10821, #1995, #3106, .T. ) ;
#4094 = COLOUR_RGB ( '',0.2509803921568627400, 0.2509803921568627400, 0.2509803921568627400 ) ;
#4095 = ORIENTED_EDGE ( 'NONE', *, *, #11326, .F. ) ;
#4096 = DIRECTION ( 'NONE',  ( 0.0000000000000000000, 1.000000000000000000, 0.0000000000000000000 ) ) ;
#4097 = EDGE_CURVE ( 'NONE', #4171, #1970, #498, .T. ) ;
#4098 = LINE ( 'NONE', #7128, #10515 ) ;
#4099 = DIRECTION ( 'NONE',  ( 1.000000000000000000, 0.0000000000000000000, -0.0000000000000000000 ) ) ;
#4100 = DIRECTION ( 'NONE',  ( -0.0000000000000000000, -1.000000000000000000, -0.0000000000000000000 ) ) ;
#4101 = AXIS2_PLACEMENT_3D ( 'NONE', #6487, #1221, #7392 ) ;
#4102 = DIMENSIONAL_EXPONENTS ( 1.000000000000000000, 0.0000000000000000000, 0.0000000000000000000, 0.0000000000000000000, 0.0000000000000000000, 0.0000000000000000000, 0.0000000000000000000 ) ;
#4103 = CARTESIAN_POINT ( 'NONE',  ( 0.04606299212598425500, 0.0000000000000000000, -0.06889763779527555100 ) ) ;
#4104 = SURFACE_SIDE_STYLE ('',( #6317 ) ) ;
#4105 = LINE ( 'NONE', #8587, #6143 ) ;
#4106 =( NAMED_UNIT ( * ) PLANE_ANGLE_UNIT ( ) SI_UNIT ( $, .RADIAN. ) );
#4107 =( NAMED_UNIT ( * ) PLANE_ANGLE_UNIT ( ) SI_UNIT ( $, .RADIAN. ) );
#4108 = CYLINDRICAL_SURFACE ( 'NONE', #7951, 0.01476377952755905700 ) ;
#4109 = VECTOR ( 'NONE', #9978, 39.37007874015748100 ) ;
#4110 =( CONVERSION_BASED_UNIT ( 'INCH', #4729 ) LENGTH_UNIT ( ) NAMED_UNIT ( #4325 ) );
#4111 = FACE_OUTER_BOUND ( 'NONE', #11239, .T. ) ;
#4112 =( CONVERSION_BASED_UNIT ( 'INCH', #7008 ) LENGTH_UNIT ( ) NAMED_UNIT ( #6866 ) );
#4113 = FACE_OUTER_BOUND ( 'NONE', #1574, .T. ) ;
#4114 = VECTOR ( 'NONE', #4499, 39.37007874015748100 ) ;
#4115 = DIRECTION ( 'NONE',  ( -0.0000000000000000000, 0.0000000000000000000, -1.000000000000000000 ) ) ;
#4116 = STYLED_ITEM ( 'NONE', ( #10045 ), #9501 ) ;
#4117 = SURFACE_SIDE_STYLE ('',( #2137 ) ) ;
#4118 = UNCERTAINTY_MEASURE_WITH_UNIT (LENGTH_MEASURE( 1.000000000000000100E-005 ), #6328, 'distance_accuracy_value', 'NONE');
#4119 = SURFACE_SIDE_STYLE ('',( #9312 ) ) ;
#4120 = STYLED_ITEM ( 'NONE', ( #6210 ), #4528 ) ;
#4121 = LINE ( 'NONE', #1492, #8789 ) ;
#4122 =( NAMED_UNIT ( * ) PLANE_ANGLE_UNIT ( ) SI_UNIT ( $, .RADIAN. ) );
#4123 =( NAMED_UNIT ( * ) PLANE_ANGLE_UNIT ( ) SI_UNIT ( $, .RADIAN. ) );
#4124 = ADVANCED_FACE ( 'NONE', ( #7240 ), #8168, .F. ) ;
#4125 = UNCERTAINTY_MEASURE_WITH_UNIT (LENGTH_MEASURE( 1.000000000000000100E-005 ), #5752, 'distance_accuracy_value', 'NONE');
#4126 = ORIENTED_EDGE ( 'NONE', *, *, #261, .F. ) ;
#4127 = PLANE ( 'NONE',  #8541 ) ;
#4128 = COLOUR_RGB ( '',0.2509803921568627400, 0.2509803921568627400, 0.2509803921568627400 ) ;
#4129 = SURFACE_STYLE_USAGE ( .BOTH. , #4240 ) ;
#4130 = VERTEX_POINT ( 'NONE', #6059 ) ;
#4131 = STYLED_ITEM ( 'NONE', ( #8810 ), #1416 ) ;
#4132 = LINE ( 'NONE', #6410, #8796 ) ;
#4133 = VECTOR ( 'NONE', #2618, 39.37007874015748100 ) ;
#4134 = PRESENTATION_STYLE_ASSIGNMENT (( #4812 ) ) ;
#4135 = PRESENTATION_STYLE_ASSIGNMENT (( #3929 ) ) ;
#4136 =( NAMED_UNIT ( * ) PLANE_ANGLE_UNIT ( ) SI_UNIT ( $, .RADIAN. ) );
#4137 = LINE ( 'NONE', #6606, #8803 ) ;
#4138 = LENGTH_MEASURE_WITH_UNIT ( LENGTH_MEASURE( 0.02539999999999999900 ), #9699 );
#4139 = DIRECTION ( 'NONE',  ( -1.000000000000000000, 0.0000000000000000000, -0.0000000000000000000 ) ) ;
#4140 = PRESENTATION_LAYER_ASSIGNMENT (  '', '', ( #2959 ) ) ;
#4141 = VECTOR ( 'NONE', #2186, 39.37007874015748100 ) ;
#4142 = FILL_AREA_STYLE ('',( #572 ) ) ;
#4143 = MECHANICAL_DESIGN_GEOMETRIC_PRESENTATION_REPRESENTATION (  '', ( #2369 ), #4724 ) ;
#4144 = FACE_BOUND ( 'NONE', #6890, .T. ) ;
#4145 =( LENGTH_UNIT ( ) NAMED_UNIT ( * ) SI_UNIT ( $, .METRE. ) );
#4146 = VERTEX_POINT ( 'NONE', #7991 ) ;
#4147 = STYLED_ITEM ( 'NONE', ( #3975 ), #7424 ) ;
#4148 = DIRECTION ( 'NONE',  ( 0.0000000000000000000, 1.000000000000000000, 0.0000000000000000000 ) ) ;
#4149 = LINE ( 'NONE', #2763, #8812 ) ;
#4150 = LINE ( 'NONE', #7785, #10825 ) ;
#4151 = PRESENTATION_STYLE_ASSIGNMENT (( #10042 ) ) ;
#4152 = VERTEX_POINT ( 'NONE', #1116 ) ;
#4153 = DIRECTION ( 'NONE',  ( 0.0000000000000000000, -1.000000000000000000, 0.0000000000000000000 ) ) ;
#4154 = ORIENTED_EDGE ( 'NONE', *, *, #5058, .F. ) ;
#4155 = LINE ( 'NONE', #10422, #10837 ) ;
#4156 = COLOUR_RGB ( '',0.9686274509803921600, 0.8784313725490196000, 0.5999999999999999800 ) ;
#4157 = EDGE_CURVE ( 'NONE', #11126, #9559, #3776, .T. ) ;
#4158 = ORIENTED_EDGE ( 'NONE', *, *, #9150, .T. ) ;
#4159 = FILL_AREA_STYLE ('',( #4642 ) ) ;
#4160 = ORIENTED_EDGE ( 'NONE', *, *, #2439, .T. ) ;
#4161 =( CONVERSION_BASED_UNIT ( 'INCH', #3830 ) LENGTH_UNIT ( ) NAMED_UNIT ( #1313 ) );
#4162 = ORIENTED_EDGE ( 'NONE', *, *, #204, .F. ) ;
#4163 = EDGE_CURVE ( 'NONE', #7763, #6114, #10749, .T. ) ;
#4164 = LINE ( 'NONE', #5959, #6208 ) ;
#4165 = FILL_AREA_STYLE_COLOUR ( '', #7476 ) ;
#4166 = VECTOR ( 'NONE', #1376, 39.37007874015748100 ) ;
#4167 = AXIS2_PLACEMENT_3D ( 'NONE', #3787, #9912, #4665 ) ;
#4168 = SURFACE_STYLE_FILL_AREA ( #7638 ) ;
#4169 = VECTOR ( 'NONE', #4236, 39.37007874015748100 ) ;
#4170 = DIRECTION ( 'NONE',  ( 2.168404344971005700E-015, 0.0000000000000000000, 1.000000000000000000 ) ) ;
#4171 = VERTEX_POINT ( 'NONE', #8683 ) ;
#4172 = VECTOR ( 'NONE', #10439, 39.37007874015748100 ) ;
#4173 = ORIENTED_EDGE ( 'NONE', *, *, #11312, .F. ) ;
#4174 = ORIENTED_EDGE ( 'NONE', *, *, #6184, .F. ) ;
#4175 = SURFACE_SIDE_STYLE ('',( #10106 ) ) ;
#4176 = LENGTH_MEASURE_WITH_UNIT ( LENGTH_MEASURE( 0.02539999999999999900 ), #10769 );
#4177 = DIRECTION ( 'NONE',  ( 0.0000000000000000000, 0.0000000000000000000, -1.000000000000000000 ) ) ;
#4178 = FILL_AREA_STYLE ('',( #4249 ) ) ;
#4179 = CARTESIAN_POINT ( 'NONE',  ( -0.07283464566929134800, 0.009842519685039369900, 0.005118110236220508800 ) ) ;
#4180 = VECTOR ( 'NONE', #4478, 39.37007874015748100 ) ;
#4181 = FILL_AREA_STYLE_COLOUR ( '', #3624 ) ;
#4182 = EDGE_LOOP ( 'NONE', ( #5857, #5131, #8853, #2949 ) ) ;
#4183 = VECTOR ( 'NONE', #3267, 39.37007874015748100 ) ;
#4184 = MECHANICAL_DESIGN_GEOMETRIC_PRESENTATION_REPRESENTATION (  '', ( #2405 ), #4764 ) ;
#4185 = FILL_AREA_STYLE_COLOUR ( '', #7580 ) ;
#4186 = ORIENTED_EDGE ( 'NONE', *, *, #2886, .T. ) ;
#4187 = DIMENSIONAL_EXPONENTS ( 1.000000000000000000, 0.0000000000000000000, 0.0000000000000000000, 0.0000000000000000000, 0.0000000000000000000, 0.0000000000000000000, 0.0000000000000000000 ) ;
#4188 = LINE ( 'NONE', #10798, #6530 ) ;
#4189 = ORIENTED_EDGE ( 'NONE', *, *, #3412, .T. ) ;
#4190 = CARTESIAN_POINT ( 'NONE',  ( 0.0000000000000000000, 0.009842519685039369900, 0.0000000000000000000 ) ) ;
#4191 = MECHANICAL_DESIGN_GEOMETRIC_PRESENTATION_REPRESENTATION (  '', ( #2410 ), #4772 ) ;
#4192 = ORIENTED_EDGE ( 'NONE', *, *, #5772, .T. ) ;
#4193 =( GEOMETRIC_REPRESENTATION_CONTEXT ( 3 ) GLOBAL_UNCERTAINTY_ASSIGNED_CONTEXT ( ( #6960 ) ) GLOBAL_UNIT_ASSIGNED_CONTEXT ( ( #2194, #4962, #4793 ) ) REPRESENTATION_CONTEXT ( 'NONE', 'WORKASPACE' ) );
#4194 = DIRECTION ( 'NONE',  ( 0.0000000000000000000, -0.0000000000000000000, -1.000000000000000000 ) ) ;
#4195 = CARTESIAN_POINT ( 'NONE',  ( -0.02047244094488188900, 0.0000000000000000000, 0.0000000000000000000 ) ) ;
#4196 = VERTEX_POINT ( 'NONE', #2003 ) ;
#4197 = UNCERTAINTY_MEASURE_WITH_UNIT (LENGTH_MEASURE( 1.000000000000000100E-005 ), #728, 'distance_accuracy_value', 'NONE');
#4198 = FILL_AREA_STYLE_COLOUR ( '', #2818 ) ;
#4199 = FACE_OUTER_BOUND ( 'NONE', #9530, .T. ) ;
#4200 = UNCERTAINTY_MEASURE_WITH_UNIT (LENGTH_MEASURE( 1.000000000000000100E-005 ), #4161, 'distance_accuracy_value', 'NONE');
#4201 = PLANE ( 'NONE',  #1463 ) ;
#4202 =( GEOMETRIC_REPRESENTATION_CONTEXT ( 3 ) GLOBAL_UNCERTAINTY_ASSIGNED_CONTEXT ( ( #5804 ) ) GLOBAL_UNIT_ASSIGNED_CONTEXT ( ( #10486, #10268, #10238 ) ) REPRESENTATION_CONTEXT ( 'NONE', 'WORKASPACE' ) );
#4203 = PRESENTATION_STYLE_ASSIGNMENT (( #10242 ) ) ;
#4204 = ORIENTED_EDGE ( 'NONE', *, *, #6875, .T. ) ;
#4205 = CARTESIAN_POINT ( 'NONE',  ( -0.07283464566929133400, 0.009842519685039369900, 0.05629921259842523400 ) ) ;
#4206 =( NAMED_UNIT ( * ) SI_UNIT ( $, .STERADIAN. ) SOLID_ANGLE_UNIT ( ) );
#4207 = SURFACE_STYLE_USAGE ( .BOTH. , #9452 ) ;
#4208 = UNCERTAINTY_MEASURE_WITH_UNIT (LENGTH_MEASURE( 1.000000000000000100E-005 ), #5937, 'distance_accuracy_value', 'NONE');
#4209 = DIRECTION ( 'NONE',  ( 0.0000000000000000000, 1.000000000000000000, 0.0000000000000000000 ) ) ;
#4210 = DIRECTION ( 'NONE',  ( 2.409338161078899700E-016, 0.0000000000000000000, -1.000000000000000000 ) ) ;
#4211 = MECHANICAL_DESIGN_GEOMETRIC_PRESENTATION_REPRESENTATION (  '', ( #2426 ), #4786 ) ;
#4212 = MECHANICAL_DESIGN_GEOMETRIC_PRESENTATION_REPRESENTATION (  '', ( #2428 ), #4787 ) ;
#4213 = ORIENTED_EDGE ( 'NONE', *, *, #714, .T. ) ;
#4214 = DIRECTION ( 'NONE',  ( 0.0000000000000000000, 1.000000000000000000, 0.0000000000000000000 ) ) ;
#4215 = AXIS2_PLACEMENT_3D ( 'NONE', #788, #6939, #1658 ) ;
#4216 = DIMENSIONAL_EXPONENTS ( 1.000000000000000000, 0.0000000000000000000, 0.0000000000000000000, 0.0000000000000000000, 0.0000000000000000000, 0.0000000000000000000, 0.0000000000000000000 ) ;
#4217 = CARTESIAN_POINT ( 'NONE',  ( -0.07283464566929133400, -0.02046108103966344500, 0.05629921259842523400 ) ) ;
#4218 = CARTESIAN_POINT ( 'NONE',  ( -0.03070866141732284500, 0.009842519685039369900, -0.08661417322834641400 ) ) ;
#4219 = EDGE_LOOP ( 'NONE', ( #4558, #2673, #3782, #5530 ) ) ;
#4220 = DIRECTION ( 'NONE',  ( -1.000000000000000000, 0.0000000000000000000, -2.409338161078899700E-016 ) ) ;
#4221 = ADVANCED_FACE ( 'NONE', ( #5840 ), #3713, .F. ) ;
#4222 = EDGE_CURVE ( 'NONE', #5314, #518, #7083, .T. ) ;
#4223 =( CONVERSION_BASED_UNIT ( 'INCH', #6191 ) LENGTH_UNIT ( ) NAMED_UNIT ( #8805 ) );
#4224 = AXIS2_PLACEMENT_3D ( 'NONE', #11284, #6054, #805 ) ;
#4225 = PRESENTATION_STYLE_ASSIGNMENT (( #8857 ) ) ;
#4226 = CARTESIAN_POINT ( 'NONE',  ( 0.07283464566929139000, -0.02046108103966344500, 0.04606299212598425500 ) ) ;
#4227 = VERTEX_POINT ( 'NONE', #5357 ) ;
#4228 = EDGE_CURVE ( 'NONE', #9953, #5268, #2396, .T. ) ;
#4229 = FILL_AREA_STYLE_COLOUR ( '', #1431 ) ;
#4230 = EDGE_CURVE ( 'NONE', #10105, #5318, #9406, .T. ) ;
#4231 = SURFACE_SIDE_STYLE ('',( #411 ) ) ;
#4232 = MANIFOLD_SOLID_BREP ( 'Boss-Extrude2[2]', #10892 ) ;
#4233 = AXIS2_PLACEMENT_3D ( 'NONE', #5867, #622, #6760 ) ;
#4234 = DIRECTION ( 'NONE',  ( 1.000000000000000000, -0.0000000000000000000, 0.0000000000000000000 ) ) ;
#4235 = FILL_AREA_STYLE ('',( #1589 ) ) ;
#4236 = DIRECTION ( 'NONE',  ( -1.000000000000000000, -0.0000000000000000000, 0.0000000000000000000 ) ) ;
#4237 = DIRECTION ( 'NONE',  ( 1.000000000000000000, 0.0000000000000000000, 0.0000000000000000000 ) ) ;
#4238 = DIMENSIONAL_EXPONENTS ( 1.000000000000000000, 0.0000000000000000000, 0.0000000000000000000, 0.0000000000000000000, 0.0000000000000000000, 0.0000000000000000000, 0.0000000000000000000 ) ;
#4239 = DIRECTION ( 'NONE',  ( 2.409338161078899700E-016, 0.0000000000000000000, -1.000000000000000000 ) ) ;
#4240 = SURFACE_SIDE_STYLE ('',( #5 ) ) ;
#4241 = VECTOR ( 'NONE', #2320, 39.37007874015748100 ) ;
#4242 =( GEOMETRIC_REPRESENTATION_CONTEXT ( 3 ) GLOBAL_UNCERTAINTY_ASSIGNED_CONTEXT ( ( #10665 ) ) GLOBAL_UNIT_ASSIGNED_CONTEXT ( ( #182, #910, #3467 ) ) REPRESENTATION_CONTEXT ( 'NONE', 'WORKASPACE' ) );
#4243 = EDGE_CURVE ( 'NONE', #7881, #1944, #1300, .T. ) ;
#4244 = DIRECTION ( 'NONE',  ( 0.0000000000000000000, 0.0000000000000000000, -1.000000000000000000 ) ) ;
#4245 = CARTESIAN_POINT ( 'NONE',  ( 0.09055118110236225200, 0.009842519685039369900, 0.05629921259842520600 ) ) ;
#4246 =( GEOMETRIC_REPRESENTATION_CONTEXT ( 3 ) GLOBAL_UNCERTAINTY_ASSIGNED_CONTEXT ( ( #1045 ) ) GLOBAL_UNIT_ASSIGNED_CONTEXT ( ( #8628, #3370, #9505 ) ) REPRESENTATION_CONTEXT ( 'NONE', 'WORKASPACE' ) );
#4247 = VECTOR ( 'NONE', #4767, 39.37007874015748100 ) ;
#4248 = PRESENTATION_STYLE_ASSIGNMENT (( #8096 ) ) ;
#4249 = FILL_AREA_STYLE_COLOUR ( '', #1643 ) ;
#4250 = FILL_AREA_STYLE_COLOUR ( '', #1427 ) ;
#4251 = SURFACE_SIDE_STYLE ('',( #8744 ) ) ;
#4252 = MECHANICAL_DESIGN_GEOMETRIC_PRESENTATION_REPRESENTATION (  '', ( #2472 ), #4839 ) ;
#4253 = FACE_OUTER_BOUND ( 'NONE', #7025, .T. ) ;
#4254 = CARTESIAN_POINT ( 'NONE',  ( -0.07086614173228346400, 0.0000000000000000000, -0.07480314960629919100 ) ) ;
#4255 = FACE_OUTER_BOUND ( 'NONE', #5193, .T. ) ;
#4256 = LENGTH_MEASURE_WITH_UNIT ( LENGTH_MEASURE( 0.02539999999999999900 ), #9766 );
#4257 = COLOUR_RGB ( '',0.9686274509803921600, 0.8784313725490196000, 0.5999999999999999800 ) ;
#4258 = SURFACE_STYLE_FILL_AREA ( #2272 ) ;
#4259 = PRESENTATION_LAYER_ASSIGNMENT (  '', '', ( #3095 ) ) ;
#4260 = LINE ( 'NONE', #11039, #10947 ) ;
#4261 = UNCERTAINTY_MEASURE_WITH_UNIT (LENGTH_MEASURE( 1.000000000000000100E-005 ), #9721, 'distance_accuracy_value', 'NONE');
#4262 =( GEOMETRIC_REPRESENTATION_CONTEXT ( 3 ) GLOBAL_UNCERTAINTY_ASSIGNED_CONTEXT ( ( #2771 ) ) GLOBAL_UNIT_ASSIGNED_CONTEXT ( ( #1186, #761, #721 ) ) REPRESENTATION_CONTEXT ( 'NONE', 'WORKASPACE' ) );
#4263 = ADVANCED_FACE ( 'NONE', ( #6806 ), #9070, .F. ) ;
#4264 = ORIENTED_EDGE ( 'NONE', *, *, #1433, .F. ) ;
#4265 = MECHANICAL_DESIGN_GEOMETRIC_PRESENTATION_REPRESENTATION (  '', ( #2486 ), #4864 ) ;
#4266 = LINE ( 'NONE', #5355, #3992 ) ;
#4267 = LINE ( 'NONE', #5161, #6615 ) ;
#4268 = CARTESIAN_POINT ( 'NONE',  ( -0.07283464566929134800, 0.0000000000000000000, -0.04606299212598422000 ) ) ;
#4269 =( NAMED_UNIT ( * ) PLANE_ANGLE_UNIT ( ) SI_UNIT ( $, .RADIAN. ) );
#4270 = MECHANICAL_DESIGN_GEOMETRIC_PRESENTATION_REPRESENTATION (  '', ( #2491 ), #4869 ) ;
#4271 = SURFACE_SIDE_STYLE ('',( #5534 ) ) ;
#4273 = CARTESIAN_POINT ( 'NONE',  ( -0.07874015748031494600, -0.01113553986120548400, -0.06692913385826766700 ) ) ;
#4272 = FILL_AREA_STYLE_COLOUR ( '', #3972 ) ;
#4274 = LINE ( 'NONE', #1153, #8670 ) ;
#4275 =( LENGTH_UNIT ( ) NAMED_UNIT ( * ) SI_UNIT ( $, .METRE. ) );
#4276 = SURFACE_STYLE_FILL_AREA ( #7035 ) ;
#4277 = COLOUR_RGB ( '',0.2509803921568627400, 0.2509803921568627400, 0.2509803921568627400 ) ;
#4278 = ORIENTED_EDGE ( 'NONE', *, *, #2734, .F. ) ;
#4279 = MECHANICAL_DESIGN_GEOMETRIC_PRESENTATION_REPRESENTATION (  '', ( #2501 ), #4878 ) ;
#4280 = ORIENTED_EDGE ( 'NONE', *, *, #1088, .F. ) ;
#4281 = FILL_AREA_STYLE ('',( #10367 ) ) ;
#4282 = PRESENTATION_LAYER_ASSIGNMENT (  '', '', ( #3117 ) ) ;
#4283 = SURFACE_STYLE_FILL_AREA ( #11184 ) ;
#4284 =( NAMED_UNIT ( * ) SI_UNIT ( $, .STERADIAN. ) SOLID_ANGLE_UNIT ( ) );
#4285 = AXIS2_PLACEMENT_3D ( 'NONE', #10819, #10789, #10757 ) ;
#4286 = PLANE ( 'NONE',  #8624 ) ;
#4287 =( NAMED_UNIT ( * ) SI_UNIT ( $, .STERADIAN. ) SOLID_ANGLE_UNIT ( ) );
#4288 = EDGE_LOOP ( 'NONE', ( #3082, #6136, #732, #4998 ) ) ;
#4289 = FILL_AREA_STYLE_COLOUR ( '', #919 ) ;
#4290 = EDGE_CURVE ( 'NONE', #7367, #3881, #2526, .T. ) ;
#4291 = ORIENTED_EDGE ( 'NONE', *, *, #8405, .F. ) ;
#4292 = DIMENSIONAL_EXPONENTS ( 1.000000000000000000, 0.0000000000000000000, 0.0000000000000000000, 0.0000000000000000000, 0.0000000000000000000, 0.0000000000000000000, 0.0000000000000000000 ) ;
#4293 = DIRECTION ( 'NONE',  ( -1.000000000000000000, 0.0000000000000000000, -0.0000000000000000000 ) ) ;
#4294 = COLOUR_RGB ( '',0.2509803921568627400, 0.2509803921568627400, 0.2509803921568627400 ) ;
#4295 = EDGE_CURVE ( 'NONE', #6822, #2103, #9261, .T. ) ;
#4296 = FACE_OUTER_BOUND ( 'NONE', #8295, .T. ) ;
#4297 = DIRECTION ( 'NONE',  ( -0.0000000000000000000, 1.000000000000000000, 0.0000000000000000000 ) ) ;
#4298 = LENGTH_MEASURE_WITH_UNIT ( LENGTH_MEASURE( 0.02539999999999999900 ), #10916 );
#4299 = ORIENTED_EDGE ( 'NONE', *, *, #6050, .F. ) ;
#4300 = EDGE_LOOP ( 'NONE', ( #8822, #1303, #5603, #5046 ) ) ;
#4301 = ORIENTED_EDGE ( 'NONE', *, *, #5195, .F. ) ;
#4302 =( NAMED_UNIT ( * ) PLANE_ANGLE_UNIT ( ) SI_UNIT ( $, .RADIAN. ) );
#4303 = PRESENTATION_STYLE_ASSIGNMENT (( #7822 ) ) ;
#4304 = PRESENTATION_STYLE_ASSIGNMENT (( #5743 ) ) ;
#4305 = DIRECTION ( 'NONE',  ( 0.0000000000000000000, 0.0000000000000000000, -1.000000000000000000 ) ) ;
#4306 = COLOUR_RGB ( '',0.2509803921568627400, 0.2509803921568627400, 0.2509803921568627400 ) ;
#4307 = VECTOR ( 'NONE', #9838, 39.37007874015748100 ) ;
#4308 = EDGE_CURVE ( 'NONE', #8138, #10284, #212, .T. ) ;
#4309 = CARTESIAN_POINT ( 'NONE',  ( 0.09055118110236225200, 0.009842519685039369900, 0.05629921259842520600 ) ) ;
#4310 = CARTESIAN_POINT ( 'NONE',  ( -0.09055118110236222400, 0.0000000000000000000, -0.05629921259842515800 ) ) ;
#4311 = EDGE_LOOP ( 'NONE', ( #2128, #6784, #7600, #3917 ) ) ;
#4312 =( CONVERSION_BASED_UNIT ( 'INCH', #7189 ) LENGTH_UNIT ( ) NAMED_UNIT ( #5583 ) );
#4313 = EDGE_CURVE ( 'NONE', #5561, #6088, #2259, .T. ) ;
#4314 = ORIENTED_EDGE ( 'NONE', *, *, #9169, .T. ) ;
#4315 = DIRECTION ( 'NONE',  ( 4.818676322157799300E-016, 0.0000000000000000000, 1.000000000000000000 ) ) ;
#4316 = VERTEX_POINT ( 'NONE', #9156 ) ;
#4317 = STYLED_ITEM ( 'NONE', ( #9088 ), #8557 ) ;
#4318 = DIMENSIONAL_EXPONENTS ( 1.000000000000000000, 0.0000000000000000000, 0.0000000000000000000, 0.0000000000000000000, 0.0000000000000000000, 0.0000000000000000000, 0.0000000000000000000 ) ;
#4319 = FACE_OUTER_BOUND ( 'NONE', #10650, .T. ) ;
#4320 = VECTOR ( 'NONE', #1715, 39.37007874015748100 ) ;
#4321 = ORIENTED_EDGE ( 'NONE', *, *, #5283, .F. ) ;
#4322 = LINE ( 'NONE', #3989, #8995 ) ;
#4323 = DIRECTION ( 'NONE',  ( 0.0000000000000000000, -1.000000000000000000, -0.0000000000000000000 ) ) ;
#4324 =( CONVERSION_BASED_UNIT ( 'INCH', #4920 ) LENGTH_UNIT ( ) NAMED_UNIT ( #7664 ) );
#4325 = DIMENSIONAL_EXPONENTS ( 1.000000000000000000, 0.0000000000000000000, 0.0000000000000000000, 0.0000000000000000000, 0.0000000000000000000, 0.0000000000000000000, 0.0000000000000000000 ) ;
#4326 = ORIENTED_EDGE ( 'NONE', *, *, #4526, .F. ) ;
#4327 = VECTOR ( 'NONE', #6152, 39.37007874015748100 ) ;
#4328 = PLANE ( 'NONE',  #1664 ) ;
#4329 = ADVANCED_FACE ( 'NONE', ( #4319 ), #1241, .F. ) ;
#4330 = CARTESIAN_POINT ( 'NONE',  ( 0.0000000000000000000, 0.009842519685039369900, 0.0000000000000000000 ) ) ;
#4331 = ORIENTED_EDGE ( 'NONE', *, *, #5623, .T. ) ;
#4332 = PRESENTATION_LAYER_ASSIGNMENT (  '', '', ( #3151 ) ) ;
#4333 = CARTESIAN_POINT ( 'NONE',  ( -0.02047244094488189300, 0.009842519685039369900, -0.08661417322834641400 ) ) ;
#4334 = ORIENTED_EDGE ( 'NONE', *, *, #7421, .T. ) ;
#4335 =( GEOMETRIC_REPRESENTATION_CONTEXT ( 3 ) GLOBAL_UNCERTAINTY_ASSIGNED_CONTEXT ( ( #389 ) ) GLOBAL_UNIT_ASSIGNED_CONTEXT ( ( #6450, #6373, #6331 ) ) REPRESENTATION_CONTEXT ( 'NONE', 'WORKASPACE' ) );
#4336 = FILL_AREA_STYLE_COLOUR ( '', #7073 ) ;
#4337 = EDGE_LOOP ( 'NONE', ( #3647, #4896, #7185, #1135 ) ) ;
#4338 = VERTEX_POINT ( 'NONE', #10059 ) ;
#4339 = VECTOR ( 'NONE', #11190, 39.37007874015748100 ) ;
#4340 = MECHANICAL_DESIGN_GEOMETRIC_PRESENTATION_REPRESENTATION (  '', ( #2564 ), #4940 ) ;
#4341 = FILL_AREA_STYLE_COLOUR ( '', #8653 ) ;
#4342 = LINE ( 'NONE', #3409, #5589 ) ;
#4343 = SURFACE_STYLE_USAGE ( .BOTH. , #9594 ) ;
#4344 = SURFACE_SIDE_STYLE ('',( #3866 ) ) ;
#4345 = DIRECTION ( 'NONE',  ( -1.000000000000000000, 0.0000000000000000000, 4.818676322157799300E-016 ) ) ;
#4346 =( GEOMETRIC_REPRESENTATION_CONTEXT ( 3 ) GLOBAL_UNCERTAINTY_ASSIGNED_CONTEXT ( ( #7387 ) ) GLOBAL_UNIT_ASSIGNED_CONTEXT ( ( #1598, #7748, #2459 ) ) REPRESENTATION_CONTEXT ( 'NONE', 'WORKASPACE' ) );
#4347 = CARTESIAN_POINT ( 'NONE',  ( -0.05629921259842520000, 0.0000000000000000000, -0.06889763779527555100 ) ) ;
#4348 = STYLED_ITEM ( 'NONE', ( #3191 ), #3147 ) ;
#4349 = ORIENTED_EDGE ( 'NONE', *, *, #1505, .T. ) ;
#4350 = PRESENTATION_LAYER_ASSIGNMENT (  '', '', ( #3761 ) ) ;
#4351 =( CONVERSION_BASED_UNIT ( 'INCH', #1960 ) LENGTH_UNIT ( ) NAMED_UNIT ( #856 ) );
#4352 = CARTESIAN_POINT ( 'NONE',  ( 0.03070866141732283800, -0.02046108103966344500, 0.06889763779527562100 ) ) ;
#4353 = PRESENTATION_STYLE_ASSIGNMENT (( #6642 ) ) ;
#4354 =( LENGTH_UNIT ( ) NAMED_UNIT ( * ) SI_UNIT ( $, .METRE. ) );
#4355 = PRESENTATION_STYLE_ASSIGNMENT (( #9605 ) ) ;
#4356 = DIRECTION ( 'NONE',  ( 0.0000000000000000000, 0.0000000000000000000, -1.000000000000000000 ) ) ;
#4357 = LINE ( 'NONE', #436, #6713 ) ;
#4358 = VERTEX_POINT ( 'NONE', #9186 ) ;
#4359 = SURFACE_SIDE_STYLE ('',( #6670 ) ) ;
#4360 = SURFACE_SIDE_STYLE ('',( #8562 ) ) ;
#4361 =( NAMED_UNIT ( * ) SI_UNIT ( $, .STERADIAN. ) SOLID_ANGLE_UNIT ( ) );
#4362 = LINE ( 'NONE', #5860, #6721 ) ;
#4363 = EDGE_CURVE ( 'NONE', #10730, #8138, #10204, .T. ) ;
#4364 = CARTESIAN_POINT ( 'NONE',  ( -0.09055118110236221000, -0.02046108103966344500, 0.005118110236220508800 ) ) ;
#4365 = EDGE_CURVE ( 'NONE', #6088, #6836, #7896, .T. ) ;
#4366 = STYLED_ITEM ( 'NONE', ( #2914 ), #8065 ) ;
#4367 = DIRECTION ( 'NONE',  ( -0.0000000000000000000, 0.0000000000000000000, -1.000000000000000000 ) ) ;
#4368 = ADVANCED_FACE ( 'NONE', ( #7631 ), #1324, .F. ) ;
#4369 = LINE ( 'NONE', #5721, #11070 ) ;
#4370 =( NAMED_UNIT ( * ) SI_UNIT ( $, .STERADIAN. ) SOLID_ANGLE_UNIT ( ) );
#4371 = FILL_AREA_STYLE_COLOUR ( '', #9868 ) ;
#4372 = CARTESIAN_POINT ( 'NONE',  ( 0.09055118110236223800, -0.02046108103966344500, 0.02047244094488188900 ) ) ;
#4373 = PRESENTATION_STYLE_ASSIGNMENT (( #6419 ) ) ;
#4374 = LINE ( 'NONE', #7121, #4114 ) ;
#4375 = PLANE ( 'NONE',  #10147 ) ;
#4376 =( LENGTH_UNIT ( ) NAMED_UNIT ( * ) SI_UNIT ( $, .METRE. ) );
#4377 = CARTESIAN_POINT ( 'NONE',  ( 0.09055118110236225200, 0.009842519685039369900, 0.05629921259842520600 ) ) ;
#4378 = DIRECTION ( 'NONE',  ( 1.000000000000000000, 0.0000000000000000000, -0.0000000000000000000 ) ) ;
#4379 = PRESENTATION_LAYER_ASSIGNMENT (  '', '', ( #3799 ) ) ;
#4380 = LENGTH_MEASURE_WITH_UNIT ( LENGTH_MEASURE( 0.02539999999999999900 ), #5065 );
#4381 = VERTEX_POINT ( 'NONE', #8263 ) ;
#4382 = DIRECTION ( 'NONE',  ( 1.000000000000000000, 0.0000000000000000000, -0.0000000000000000000 ) ) ;
#4383 = ORIENTED_EDGE ( 'NONE', *, *, #2734, .T. ) ;
#4384 = CARTESIAN_POINT ( 'NONE',  ( -0.07283464566929133400, 0.0000000000000000000, 0.02047244094488192400 ) ) ;
#4385 = PRESENTATION_LAYER_ASSIGNMENT (  '', '', ( #3234 ) ) ;
#4386 = PRESENTATION_LAYER_ASSIGNMENT (  '', '', ( #3808 ) ) ;
#4387 = LINE ( 'NONE', #7441, #9068 ) ;
#4388 = DIMENSIONAL_EXPONENTS ( 1.000000000000000000, 0.0000000000000000000, 0.0000000000000000000, 0.0000000000000000000, 0.0000000000000000000, 0.0000000000000000000, 0.0000000000000000000 ) ;
#4389 = UNCERTAINTY_MEASURE_WITH_UNIT (LENGTH_MEASURE( 1.000000000000000100E-005 ), #9061, 'distance_accuracy_value', 'NONE');
#4390 = DIRECTION ( 'NONE',  ( 1.000000000000000000, 0.0000000000000000000, -0.0000000000000000000 ) ) ;
#4391 = FACE_BOUND ( 'NONE', #302, .T. ) ;
#4392 = ORIENTED_EDGE ( 'NONE', *, *, #10807, .T. ) ;
#4393 = MECHANICAL_DESIGN_GEOMETRIC_PRESENTATION_REPRESENTATION (  '', ( #2625 ), #5009 ) ;
#4394 =( NAMED_UNIT ( * ) PLANE_ANGLE_UNIT ( ) SI_UNIT ( $, .RADIAN. ) );
#4395 = VECTOR ( 'NONE', #2162, 39.37007874015748100 ) ;
#4396 = LENGTH_MEASURE_WITH_UNIT ( LENGTH_MEASURE( 0.02539999999999999900 ), #2918 );
#4397 = PRESENTATION_LAYER_ASSIGNMENT (  '', '', ( #3249 ) ) ;
#4398 = VECTOR ( 'NONE', #5034, 39.37007874015748100 ) ;
#4399 = SURFACE_SIDE_STYLE ('',( #10608 ) ) ;
#4400 = AXIS2_PLACEMENT_3D ( 'NONE', #3006, #2974, #2843 ) ;
#4401 = SURFACE_STYLE_FILL_AREA ( #10496 ) ;
#4402 = ADVANCED_FACE ( 'NONE', ( #2114 ), #2201, .F. ) ;
#4403 = DIRECTION ( 'NONE',  ( 0.0000000000000000000, 1.000000000000000000, 0.0000000000000000000 ) ) ;
#4404 = PRESENTATION_LAYER_ASSIGNMENT (  '', '', ( #3253 ) ) ;
#4405 = ORIENTED_EDGE ( 'NONE', *, *, #9450, .T. ) ;
#4406 = CARTESIAN_POINT ( 'NONE',  ( -0.07874015748031496000, 0.0000000000000000000, -0.07480314960629917700 ) ) ;
#4407 = DIRECTION ( 'NONE',  ( 1.000000000000000000, 0.0000000000000000000, -0.0000000000000000000 ) ) ;
#4408 = ORIENTED_EDGE ( 'NONE', *, *, #10159, .F. ) ;
#4409 = CARTESIAN_POINT ( 'NONE',  ( -0.09055118110236221000, 0.009842519685039369900, 0.02047244094488192400 ) ) ;
#4410 = STYLED_ITEM ( 'NONE', ( #7732 ), #6871 ) ;
#4411 = CARTESIAN_POINT ( 'NONE',  ( 0.09055118110236223800, 0.009842519685039369900, -0.03070866141732283800 ) ) ;
#4412 =( LENGTH_UNIT ( ) NAMED_UNIT ( * ) SI_UNIT ( $, .METRE. ) );
#4413 = VECTOR ( 'NONE', #1811, 39.37007874015748100 ) ;
#4414 = COLOUR_RGB ( '',0.9686274509803921600, 0.8784313725490196000, 0.5999999999999999800 ) ;
#4415 = FILL_AREA_STYLE_COLOUR ( '', #271 ) ;
#4416 = DIMENSIONAL_EXPONENTS ( 1.000000000000000000, 0.0000000000000000000, 0.0000000000000000000, 0.0000000000000000000, 0.0000000000000000000, 0.0000000000000000000, 0.0000000000000000000 ) ;
#4417 = EDGE_CURVE ( 'NONE', #9562, #1193, #8023, .T. ) ;
#4418 = ORIENTED_EDGE ( 'NONE', *, *, #7039, .F. ) ;
#4419 = SURFACE_STYLE_USAGE ( .BOTH. , #4468 ) ;
#4420 = CARTESIAN_POINT ( 'NONE',  ( -0.03070866141732284500, 0.0000000000000000000, 0.0000000000000000000 ) ) ;
#4421 = VERTEX_POINT ( 'NONE', #4935 ) ;
#4422 = CARTESIAN_POINT ( 'NONE',  ( 0.05629921259842520000, 0.0000000000000000000, 0.0000000000000000000 ) ) ;
#4423 =( GEOMETRIC_REPRESENTATION_CONTEXT ( 3 ) GLOBAL_UNCERTAINTY_ASSIGNED_CONTEXT ( ( #11088 ) ) GLOBAL_UNIT_ASSIGNED_CONTEXT ( ( #846, #6994, #1726 ) ) REPRESENTATION_CONTEXT ( 'NONE', 'WORKASPACE' ) );
#4424 = DIMENSIONAL_EXPONENTS ( 1.000000000000000000, 0.0000000000000000000, 0.0000000000000000000, 0.0000000000000000000, 0.0000000000000000000, 0.0000000000000000000, 0.0000000000000000000 ) ;
#4425 = FILL_AREA_STYLE ('',( #7132 ) ) ;
#4426 = LINE ( 'NONE', #6852, #6779 ) ;
#4427 = LENGTH_MEASURE_WITH_UNIT ( LENGTH_MEASURE( 0.02539999999999999900 ), #2941 );
#4428 =( NAMED_UNIT ( * ) SI_UNIT ( $, .STERADIAN. ) SOLID_ANGLE_UNIT ( ) );
#4429 = ADVANCED_FACE ( 'NONE', ( #1026 ), #10170, .F. ) ;
#4430 = ORIENTED_EDGE ( 'NONE', *, *, #9379, .T. ) ;
#4431 =( NAMED_UNIT ( * ) PLANE_ANGLE_UNIT ( ) SI_UNIT ( $, .RADIAN. ) );
#4432 = EDGE_CURVE ( 'NONE', #5268, #5557, #4587, .T. ) ;
#4433 = ORIENTED_EDGE ( 'NONE', *, *, #11314, .T. ) ;
#4434 = ORIENTED_EDGE ( 'NONE', *, *, #1361, .F. ) ;
#4435 = DIRECTION ( 'NONE',  ( 0.0000000000000000000, -0.0000000000000000000, -1.000000000000000000 ) ) ;
#4436 = EDGE_CURVE ( 'NONE', #1579, #9011, #5689, .T. ) ;
#4437 = DIRECTION ( 'NONE',  ( 0.0000000000000000000, 0.0000000000000000000, -1.000000000000000000 ) ) ;
#4438 = COLOUR_RGB ( '',0.9686274509803921600, 0.8784313725490196000, 0.5999999999999999800 ) ;
#4439 = DIRECTION ( 'NONE',  ( -1.000000000000000000, 0.0000000000000000000, 0.0000000000000000000 ) ) ;
#4440 = STYLED_ITEM ( 'NONE', ( #756 ), #7734 ) ;
#4441 = FACE_OUTER_BOUND ( 'NONE', #8123, .T. ) ;
#4442 = PRESENTATION_STYLE_ASSIGNMENT (( #10133 ) ) ;
#4443 = PRESENTATION_STYLE_ASSIGNMENT (( #999 ) ) ;
#4444 = ORIENTED_EDGE ( 'NONE', *, *, #2540, .F. ) ;
#4445 =( CONVERSION_BASED_UNIT ( 'INCH', #4138 ) LENGTH_UNIT ( ) NAMED_UNIT ( #2698 ) );
#4446 = DIRECTION ( 'NONE',  ( -0.0000000000000000000, -1.000000000000000000, -0.0000000000000000000 ) ) ;
#4447 = VERTEX_POINT ( 'NONE', #8490 ) ;
#4448 = LENGTH_MEASURE_WITH_UNIT ( LENGTH_MEASURE( 0.02539999999999999900 ), #4145 );
#4449 = VERTEX_POINT ( 'NONE', #2349 ) ;
#4450 = EDGE_CURVE ( 'NONE', #1432, #504, #1967, .T. ) ;
#4451 = PLANE ( 'NONE',  #8250 ) ;
#4452 = LENGTH_MEASURE_WITH_UNIT ( LENGTH_MEASURE( 0.02539999999999999900 ), #3574 );
#4453 = DIRECTION ( 'NONE',  ( -0.0000000000000000000, -1.000000000000000000, 0.0000000000000000000 ) ) ;
#4454 = SURFACE_STYLE_FILL_AREA ( #3780 ) ;
#4455 = LENGTH_MEASURE_WITH_UNIT ( LENGTH_MEASURE( 0.02539999999999999900 ), #6099 );
#4456 = ORIENTED_EDGE ( 'NONE', *, *, #2534, .T. ) ;
#4457 = CARTESIAN_POINT ( 'NONE',  ( 0.09055118110236223800, -0.02046108103966344500, 0.02047244094488188900 ) ) ;
#4458 =( NAMED_UNIT ( * ) SI_UNIT ( $, .STERADIAN. ) SOLID_ANGLE_UNIT ( ) );
#4459 = DIRECTION ( 'NONE',  ( -0.0000000000000000000, -0.0000000000000000000, -1.000000000000000000 ) ) ;
#4461 = EDGE_CURVE ( 'NONE', #1661, #7881, #11266, .T. ) ;
#4460 = PRESENTATION_STYLE_ASSIGNMENT (( #6538 ) ) ;
#4462 =( CONVERSION_BASED_UNIT ( 'INCH', #3446 ) LENGTH_UNIT ( ) NAMED_UNIT ( #1207 ) );
#4463 =( NAMED_UNIT ( * ) SI_UNIT ( $, .STERADIAN. ) SOLID_ANGLE_UNIT ( ) );
#4464 = MECHANICAL_DESIGN_GEOMETRIC_PRESENTATION_REPRESENTATION (  '', ( #2691 ), #5063 ) ;
#4465 = ORIENTED_EDGE ( 'NONE', *, *, #5111, .F. ) ;
#4466 = UNCERTAINTY_MEASURE_WITH_UNIT (LENGTH_MEASURE( 1.000000000000000100E-005 ), #9937, 'distance_accuracy_value', 'NONE');
#4467 =( LENGTH_UNIT ( ) NAMED_UNIT ( * ) SI_UNIT ( $, .METRE. ) );
#4468 = SURFACE_SIDE_STYLE ('',( #6139 ) ) ;
#4469 = CARTESIAN_POINT ( 'NONE',  ( 0.09055118110236225200, 0.009842519685039369900, 0.05629921259842520600 ) ) ;
#4470 =( NAMED_UNIT ( * ) PLANE_ANGLE_UNIT ( ) SI_UNIT ( $, .RADIAN. ) );
#4471 = LINE ( 'NONE', #1465, #8871 ) ;
#4472 = ORIENTED_EDGE ( 'NONE', *, *, #7406, .T. ) ;
#4473 = PLANE ( 'NONE',  #1749 ) ;
#4474 = UNCERTAINTY_MEASURE_WITH_UNIT (LENGTH_MEASURE( 1.000000000000000100E-005 ), #3724, 'distance_accuracy_value', 'NONE');
#4475 = ORIENTED_EDGE ( 'NONE', *, *, #839, .T. ) ;
#4476 =( NAMED_UNIT ( * ) PLANE_ANGLE_UNIT ( ) SI_UNIT ( $, .RADIAN. ) );
#4477 = ADVANCED_FACE ( 'NONE', ( #2248 ), #9373, .F. ) ;
#4478 = DIRECTION ( 'NONE',  ( 1.000000000000000000, 0.0000000000000000000, -0.0000000000000000000 ) ) ;
#4479 = AXIS2_PLACEMENT_3D ( 'NONE', #9148, #9037, #9002 ) ;
#4480 = LENGTH_MEASURE_WITH_UNIT ( LENGTH_MEASURE( 0.02539999999999999900 ), #8218 );
#4481 = SURFACE_SIDE_STYLE ('',( #10711 ) ) ;
#4482 = CARTESIAN_POINT ( 'NONE',  ( 0.09055118110236223800, 0.0000000000000000000, 0.005118110236220474100 ) ) ;
#4483 =( GEOMETRIC_REPRESENTATION_CONTEXT ( 3 ) GLOBAL_UNCERTAINTY_ASSIGNED_CONTEXT ( ( #2560 ) ) GLOBAL_UNIT_ASSIGNED_CONTEXT ( ( #11328, #6108, #851 ) ) REPRESENTATION_CONTEXT ( 'NONE', 'WORKASPACE' ) );
#4484 = VERTEX_POINT ( 'NONE', #640 ) ;
#4485 = MECHANICAL_DESIGN_GEOMETRIC_PRESENTATION_REPRESENTATION (  '', ( #2709 ), #5082 ) ;
#4486 = PRESENTATION_LAYER_ASSIGNMENT (  '', '', ( #3311 ) ) ;
#4487 = VECTOR ( 'NONE', #607, 39.37007874015748100 ) ;
#4488 = FILL_AREA_STYLE_COLOUR ( '', #10290 ) ;
#4489 =( NAMED_UNIT ( * ) SI_UNIT ( $, .STERADIAN. ) SOLID_ANGLE_UNIT ( ) );
#4490 = LINE ( 'NONE', #9686, #9164 ) ;
#4491 = PRESENTATION_LAYER_ASSIGNMENT (  '', '', ( #3314 ) ) ;
#4492 = ADVANCED_FACE ( 'NONE', ( #7618 ), #6824, .F. ) ;
#4493 = DIRECTION ( 'NONE',  ( 1.000000000000000000, -0.0000000000000000000, 0.0000000000000000000 ) ) ;
#4494 = DIRECTION ( 'NONE',  ( -1.000000000000000000, 0.0000000000000000000, 0.0000000000000000000 ) ) ;
#4495 = CARTESIAN_POINT ( 'NONE',  ( 0.08543307086614176900, 0.1023622047244094800, 0.08149606299212597300 ) ) ;
#4496 = ORIENTED_EDGE ( 'NONE', *, *, #5350, .T. ) ;
#4497 = PRESENTATION_LAYER_ASSIGNMENT (  '', '', ( #3323 ) ) ;
#4498 = CARTESIAN_POINT ( 'NONE',  ( -0.07283464566929134800, 0.0000000000000000000, -0.03070866141732280000 ) ) ;
#4499 = DIRECTION ( 'NONE',  ( -1.668003342285391100E-015, -0.0000000000000000000, -1.000000000000000000 ) ) ;
#4500 = CARTESIAN_POINT ( 'NONE',  ( -0.005118110236220473200, -0.02046108103966344500, -0.06889763779527555100 ) ) ;
#4501 = LINE ( 'NONE', #6434, #2167 ) ;
#4502 = SURFACE_STYLE_USAGE ( .BOTH. , #9745 ) ;
#4503 =( NAMED_UNIT ( * ) PLANE_ANGLE_UNIT ( ) SI_UNIT ( $, .RADIAN. ) );
#4504 = AXIS2_PLACEMENT_3D ( 'NONE', #4592, #10683, #5482 ) ;
#4505 = DIRECTION ( 'NONE',  ( 8.659560562354931600E-017, 0.7071067811865475700, -0.7071067811865474600 ) ) ;
#4506 = STYLED_ITEM ( 'NONE', ( #8659 ), #3450 ) ;
#4507 = CARTESIAN_POINT ( 'NONE',  ( -0.05629921259842520000, 0.0000000000000000000, 0.06889763779527562100 ) ) ;
#4508 = PLANE ( 'NONE',  #2213 ) ;
#4509 = CARTESIAN_POINT ( 'NONE',  ( -0.07283464566929133400, 0.009842519685039369900, 0.05629921259842523400 ) ) ;
#4510 = DIRECTION ( 'NONE',  ( 0.0000000000000000000, -0.0000000000000000000, 1.000000000000000000 ) ) ;
#4511 = EDGE_CURVE ( 'NONE', #8420, #1597, #4426, .T. ) ;
#4512 = CARTESIAN_POINT ( 'NONE',  ( -0.09055118110236222400, 0.009842519685039369900, -0.04606299212598422000 ) ) ;
#4513 = EDGE_CURVE ( 'NONE', #3493, #5427, #2101, .T. ) ;
#4514 = CARTESIAN_POINT ( 'NONE',  ( 0.05629921259842520000, 0.009842519685039369900, 0.08661417322834648300 ) ) ;
#4515 = LINE ( 'NONE', #4058, #6859 ) ;
#4516 = DIRECTION ( 'NONE',  ( 0.0000000000000000000, 0.0000000000000000000, -1.000000000000000000 ) ) ;
#4517 = PRESENTATION_STYLE_ASSIGNMENT (( #6019 ) ) ;
#4518 = VECTOR ( 'NONE', #5509, 39.37007874015748100 ) ;
#4519 =( CONVERSION_BASED_UNIT ( 'INCH', #4256 ) LENGTH_UNIT ( ) NAMED_UNIT ( #404 ) );
#4520 = CARTESIAN_POINT ( 'NONE',  ( -0.07283464566929133400, 0.009842519685039369900, 0.03070866141732286900 ) ) ;
#4521 = PRESENTATION_STYLE_ASSIGNMENT (( #134 ) ) ;
#4522 = COLOUR_RGB ( '',0.2509803921568627400, 0.2509803921568627400, 0.2509803921568627400 ) ;
#4523 = EDGE_CURVE ( 'NONE', #6985, #7768, #5552, .T. ) ;
#4524 = CARTESIAN_POINT ( 'NONE',  ( 0.0000000000000000000, 0.009842519685039369900, 0.0000000000000000000 ) ) ;
#4525 = DIRECTION ( 'NONE',  ( 0.0000000000000000000, 0.0000000000000000000, 1.000000000000000000 ) ) ;
#4526 = EDGE_CURVE ( 'NONE', #3627, #9240, #6505, .T. ) ;
#4527 = LINE ( 'NONE', #8591, #6597 ) ;
#4528 = ADVANCED_FACE ( 'NONE', ( #11131 ), #1619, .F. ) ;
#4529 = FILL_AREA_STYLE_COLOUR ( '', #8385 ) ;
#4530 = SURFACE_STYLE_USAGE ( .BOTH. , #9779 ) ;
#4531 = ORIENTED_EDGE ( 'NONE', *, *, #9521, .T. ) ;
#4532 = CARTESIAN_POINT ( 'NONE',  ( 0.05629921259842520000, -0.02046108103966344500, 0.06889763779527562100 ) ) ;
#4533 =( NAMED_UNIT ( * ) SI_UNIT ( $, .STERADIAN. ) SOLID_ANGLE_UNIT ( ) );
#4534 = CARTESIAN_POINT ( 'NONE',  ( 0.04606299212598424800, 0.009842519685039369900, 0.08661417322834648300 ) ) ;
#4535 = CARTESIAN_POINT ( 'NONE',  ( -0.03070866141732284500, 0.009842519685039369900, 0.08661417322834648300 ) ) ;
#4536 = LINE ( 'NONE', #7487, #11218 ) ;
#4537 = LINE ( 'NONE', #3122, #6604 ) ;
#4538 = FILL_AREA_STYLE_COLOUR ( '', #10824 ) ;
#4539 = LINE ( 'NONE', #1079, #10305 ) ;
#4540 = CARTESIAN_POINT ( 'NONE',  ( 0.0003937007874015852600, 0.1023622047233316700, -0.03398818897402618200 ) ) ;
#4541 = DIMENSIONAL_EXPONENTS ( 1.000000000000000000, 0.0000000000000000000, 0.0000000000000000000, 0.0000000000000000000, 0.0000000000000000000, 0.0000000000000000000, 0.0000000000000000000 ) ;
#4542 = UNCERTAINTY_MEASURE_WITH_UNIT (LENGTH_MEASURE( 1.000000000000000100E-005 ), #1328, 'distance_accuracy_value', 'NONE');
#4543 = PRESENTATION_STYLE_ASSIGNMENT (( #4830 ) ) ;
#4544 = CARTESIAN_POINT ( 'NONE',  ( 0.02047244094488188600, -0.02046108103966344500, -0.08661417322834641400 ) ) ;
#4545 = UNCERTAINTY_MEASURE_WITH_UNIT (LENGTH_MEASURE( 1.000000000000000100E-005 ), #1006, 'distance_accuracy_value', 'NONE');
#4546 = EDGE_LOOP ( 'NONE', ( #4628, #6969, #2624, #3926 ) ) ;
#4547 = CARTESIAN_POINT ( 'NONE',  ( 0.005118110236220473200, 0.009842519685039369900, 0.06889763779527562100 ) ) ;
#4548 = VECTOR ( 'NONE', #5401, 39.37007874015748100 ) ;
#4549 = DIMENSIONAL_EXPONENTS ( 1.000000000000000000, 0.0000000000000000000, 0.0000000000000000000, 0.0000000000000000000, 0.0000000000000000000, 0.0000000000000000000, 0.0000000000000000000 ) ;
#4550 = DIRECTION ( 'NONE',  ( -1.000000000000000000, 0.0000000000000000000, 0.0000000000000000000 ) ) ;
#4551 = LINE ( 'NONE', #1486, #6616 ) ;
#4552 = UNCERTAINTY_MEASURE_WITH_UNIT (LENGTH_MEASURE( 1.000000000000000100E-005 ), #9569, 'distance_accuracy_value', 'NONE');
#4553 =( CONVERSION_BASED_UNIT ( 'INCH', #1036 ) LENGTH_UNIT ( ) NAMED_UNIT ( #1097 ) );
#4554 = ADVANCED_FACE ( 'NONE', ( #5411 ), #7818, .F. ) ;
#4555 = LINE ( 'NONE', #6440, #6621 ) ;
#4556 = ORIENTED_EDGE ( 'NONE', *, *, #11025, .T. ) ;
#4557 = SURFACE_STYLE_USAGE ( .BOTH. , #9803 ) ;
#4558 = ORIENTED_EDGE ( 'NONE', *, *, #9547, .F. ) ;
#4559 = FILL_AREA_STYLE_COLOUR ( '', #6757 ) ;
#4560 =( GEOMETRIC_REPRESENTATION_CONTEXT ( 3 ) GLOBAL_UNCERTAINTY_ASSIGNED_CONTEXT ( ( #10161 ) ) GLOBAL_UNIT_ASSIGNED_CONTEXT ( ( #5593, #330, #6468 ) ) REPRESENTATION_CONTEXT ( 'NONE', 'WORKASPACE' ) );
#4561 = LINE ( 'NONE', #7322, #10168 ) ;
#4562 = CARTESIAN_POINT ( 'NONE',  ( 0.05629921259842520000, 0.009842519685039369900, 0.08661417322834648300 ) ) ;
#4563 = VECTOR ( 'NONE', #674, 39.37007874015748100 ) ;
#4564 = FILL_AREA_STYLE ('',( #1907 ) ) ;
#4565 = COLOUR_RGB ( '',0.9686274509803921600, 0.8784313725490196000, 0.5999999999999999800 ) ;
#4566 = ORIENTED_EDGE ( 'NONE', *, *, #2245, .F. ) ;
#4567 = PRESENTATION_LAYER_ASSIGNMENT (  '', '', ( #3386 ) ) ;
#4568 =( LENGTH_UNIT ( ) NAMED_UNIT ( * ) SI_UNIT ( $, .METRE. ) );
#4569 = ORIENTED_EDGE ( 'NONE', *, *, #9169, .F. ) ;
#4570 = AXIS2_PLACEMENT_3D ( 'NONE', #7534, #2253, #8388 ) ;
#4571 = VERTEX_POINT ( 'NONE', #1694 ) ;
#4572 = DIRECTION ( 'NONE',  ( 0.0000000000000000000, -0.0000000000000000000, 1.000000000000000000 ) ) ;
#4573 =( NAMED_UNIT ( * ) SI_UNIT ( $, .STERADIAN. ) SOLID_ANGLE_UNIT ( ) );
#4574 = PRESENTATION_STYLE_ASSIGNMENT (( #4419 ) ) ;
#4575 = CARTESIAN_POINT ( 'NONE',  ( -0.07283464566929133400, 0.009842519685039369900, 0.0000000000000000000 ) ) ;
#4576 = DIRECTION ( 'NONE',  ( 0.0000000000000000000, 0.0000000000000000000, 1.000000000000000000 ) ) ;
#4577 =( CONVERSION_BASED_UNIT ( 'INCH', #7141 ) LENGTH_UNIT ( ) NAMED_UNIT ( #4893 ) );
#4578 = EDGE_LOOP ( 'NONE', ( #9986, #7256, #5269, #8318 ) ) ;
#4579 = DIRECTION ( 'NONE',  ( 0.0000000000000000000, 1.000000000000000000, 0.0000000000000000000 ) ) ;
#4580 = ORIENTED_EDGE ( 'NONE', *, *, #6685, .F. ) ;
#4581 = PRESENTATION_LAYER_ASSIGNMENT (  '', '', ( #3399 ) ) ;
#4582 = CARTESIAN_POINT ( 'NONE',  ( 0.005118110236220473200, -0.02046108103966344500, 0.06889763779527562100 ) ) ;
#4583 = DIRECTION ( 'NONE',  ( 0.0000000000000000000, 1.000000000000000000, -0.0000000000000000000 ) ) ;
#4584 = UNCERTAINTY_MEASURE_WITH_UNIT (LENGTH_MEASURE( 1.000000000000000100E-005 ), #7262, 'distance_accuracy_value', 'NONE');
#4585 = COLOUR_RGB ( '',0.9686274509803921600, 0.8784313725490196000, 0.5999999999999999800 ) ;
#4586 = VECTOR ( 'NONE', #8350, 39.37007874015748100 ) ;
#4587 = LINE ( 'NONE', #4965, #6927 ) ;
#4588 = VECTOR ( 'NONE', #6206, 39.37007874015748100 ) ;
#4589 = ORIENTED_EDGE ( 'NONE', *, *, #3705, .F. ) ;
#4590 = FILL_AREA_STYLE_COLOUR ( '', #832 ) ;
#4591 = LENGTH_MEASURE_WITH_UNIT ( LENGTH_MEASURE( 0.02539999999999999900 ), #5984 );
#4592 = CARTESIAN_POINT ( 'NONE',  ( 0.0000000000000000000, 0.1023622047244094600, 0.0000000000000000000 ) ) ;
#4593 = AXIS2_PLACEMENT_3D ( 'NONE', #1842, #4525, #10635 ) ;
#4594 = ORIENTED_EDGE ( 'NONE', *, *, #8770, .T. ) ;
#4595 = EDGE_LOOP ( 'NONE', ( #7364, #1011, #1677, #1973 ) ) ;
#4596 = EDGE_LOOP ( 'NONE', ( #10053, #4160, #4192, #938 ) ) ;
#4597 = CARTESIAN_POINT ( 'NONE',  ( 0.07283464566929137600, 0.009842519685039369900, 0.02047244094488188900 ) ) ;
#4598 = ADVANCED_FACE ( 'NONE', ( #4296 ), #8728, .F. ) ;
#4599 = PRESENTATION_STYLE_ASSIGNMENT (( #2852 ) ) ;
#4600 = VECTOR ( 'NONE', #4742, 39.37007874015748100 ) ;
#4601 = CARTESIAN_POINT ( 'NONE',  ( 0.005118110236220471500, 0.0000000000000000000, 0.08661417322834648300 ) ) ;
#4602 = VECTOR ( 'NONE', #11270, 39.37007874015748100 ) ;
#4603 = ORIENTED_EDGE ( 'NONE', *, *, #3039, .F. ) ;
#4604 = EDGE_CURVE ( 'NONE', #3631, #8015, #7871, .T. ) ;
#4605 =( NAMED_UNIT ( * ) SI_UNIT ( $, .STERADIAN. ) SOLID_ANGLE_UNIT ( ) );
#4606 = EDGE_CURVE ( 'NONE', #5460, #5924, #5535, .T. ) ;
#4607 = ORIENTED_EDGE ( 'NONE', *, *, #6665, .F. ) ;
#4608 = MECHANICAL_DESIGN_GEOMETRIC_PRESENTATION_REPRESENTATION (  '', ( #2829 ), #5197 ) ;
#4609 = FACE_OUTER_BOUND ( 'NONE', #5404, .T. ) ;
#4610 = ORIENTED_EDGE ( 'NONE', *, *, #4365, .T. ) ;
#4611 = EDGE_LOOP ( 'NONE', ( #4472, #4186, #291, #8561 ) ) ;
#4612 = SURFACE_STYLE_FILL_AREA ( #242 ) ;
#4613 = ORIENTED_EDGE ( 'NONE', *, *, #1585, .T. ) ;
#4614 = ORIENTED_EDGE ( 'NONE', *, *, #5844, .T. ) ;
#4615 = SURFACE_STYLE_USAGE ( .BOTH. , #9858 ) ;
#4616 = PLANE ( 'NONE',  #4634 ) ;
#4617 = FACE_OUTER_BOUND ( 'NONE', #7187, .T. ) ;
#4618 = ORIENTED_EDGE ( 'NONE', *, *, #1485, .T. ) ;
#4619 = STYLED_ITEM ( 'NONE', ( #7082 ), #9072 ) ;
#4620 = UNCERTAINTY_MEASURE_WITH_UNIT (LENGTH_MEASURE( 1.000000000000000100E-005 ), #11252, 'distance_accuracy_value', 'NONE');
#4621 =( LENGTH_UNIT ( ) NAMED_UNIT ( * ) SI_UNIT ( $, .METRE. ) );
#4622 = EDGE_LOOP ( 'NONE', ( #11257, #8926, #6229, #7678 ) ) ;
#4623 = PLANE ( 'NONE',  #3027 ) ;
#4624 =( NAMED_UNIT ( * ) SI_UNIT ( $, .STERADIAN. ) SOLID_ANGLE_UNIT ( ) );
#4625 = VECTOR ( 'NONE', #8542, 39.37007874015748100 ) ;
#4626 = DIRECTION ( 'NONE',  ( -2.409338161078899700E-016, 0.0000000000000000000, -1.000000000000000000 ) ) ;
#4627 =( NAMED_UNIT ( * ) SI_UNIT ( $, .STERADIAN. ) SOLID_ANGLE_UNIT ( ) );
#4628 = ORIENTED_EDGE ( 'NONE', *, *, #11320, .T. ) ;
#4629 = CARTESIAN_POINT ( 'NONE',  ( 0.0000000000000000000, 0.009842519685039369900, 0.0000000000000000000 ) ) ;
#4630 = COLOUR_RGB ( '',0.9686274509803921600, 0.8784313725490196000, 0.5999999999999999800 ) ;
#4631 =( GEOMETRIC_REPRESENTATION_CONTEXT ( 3 ) GLOBAL_UNCERTAINTY_ASSIGNED_CONTEXT ( ( #10193 ) ) GLOBAL_UNIT_ASSIGNED_CONTEXT ( ( #2720, #2690, #2641 ) ) REPRESENTATION_CONTEXT ( 'NONE', 'WORKASPACE' ) );
#4632 = CARTESIAN_POINT ( 'NONE',  ( 0.07283464566929137600, 0.009842519685039369900, 0.005118110236220474100 ) ) ;
#4633 = DIRECTION ( 'NONE',  ( -1.000000000000000000, 0.0000000000000000000, -0.0000000000000000000 ) ) ;
#4634 = AXIS2_PLACEMENT_3D ( 'NONE', #4226, #3376, #9513 ) ;
#4635 = STYLED_ITEM ( 'NONE', ( #1770 ), #2611 ) ;
#4636 = ORIENTED_EDGE ( 'NONE', *, *, #8269, .T. ) ;
#4637 = VECTOR ( 'NONE', #2860, 39.37007874015748100 ) ;
#4638 =( LENGTH_UNIT ( ) NAMED_UNIT ( * ) SI_UNIT ( $, .METRE. ) );
#4639 = ADVANCED_FACE ( 'NONE', ( #9905 ), #18, .F. ) ;
#4640 = DIRECTION ( 'NONE',  ( 0.0000000000000000000, -0.0000000000000000000, 1.000000000000000000 ) ) ;
#4641 = DIRECTION ( 'NONE',  ( 0.0000000000000000000, -0.0000000000000000000, -1.000000000000000000 ) ) ;
#4642 = FILL_AREA_STYLE_COLOUR ( '', #4645 ) ;
#4643 = DIRECTION ( 'NONE',  ( -1.000000000000000000, 0.0000000000000000000, -0.0000000000000000000 ) ) ;
#4644 = CARTESIAN_POINT ( 'NONE',  ( -0.09055118110236218300, 0.009842519685039369900, 0.05629921259842523400 ) ) ;
#4645 = COLOUR_RGB ( '',0.2509803921568627400, 0.2509803921568627400, 0.2509803921568627400 ) ;
#4646 = CARTESIAN_POINT ( 'NONE',  ( 0.04606299212598425500, 0.0000000000000000000, 0.06889763779527562100 ) ) ;
#4647 =( GEOMETRIC_REPRESENTATION_CONTEXT ( 3 ) GLOBAL_UNCERTAINTY_ASSIGNED_CONTEXT ( ( #5854 ) ) GLOBAL_UNIT_ASSIGNED_CONTEXT ( ( #11098, #5877, #632 ) ) REPRESENTATION_CONTEXT ( 'NONE', 'WORKASPACE' ) );
#4648 = UNCERTAINTY_MEASURE_WITH_UNIT (LENGTH_MEASURE( 1.000000000000000100E-005 ), #9897, 'distance_accuracy_value', 'NONE');
#4649 = MECHANICAL_DESIGN_GEOMETRIC_PRESENTATION_REPRESENTATION (  '', ( #2878 ), #5253 ) ;
#4650 = DIMENSIONAL_EXPONENTS ( 1.000000000000000000, 0.0000000000000000000, 0.0000000000000000000, 0.0000000000000000000, 0.0000000000000000000, 0.0000000000000000000, 0.0000000000000000000 ) ;
#4651 = CARTESIAN_POINT ( 'NONE',  ( 0.09055118110236225200, 0.009842519685039369900, 0.05629921259842520600 ) ) ;
#4652 = DIRECTION ( 'NONE',  ( -0.0000000000000000000, -1.000000000000000000, -0.0000000000000000000 ) ) ;
#4653 =( NAMED_UNIT ( * ) PLANE_ANGLE_UNIT ( ) SI_UNIT ( $, .RADIAN. ) );
#4654 = PRESENTATION_STYLE_ASSIGNMENT (( #4530 ) ) ;
#4655 = EDGE_CURVE ( 'NONE', #57, #4744, #11120, .T. ) ;
#4656 = LENGTH_MEASURE_WITH_UNIT ( LENGTH_MEASURE( 0.02539999999999999900 ), #8574 );
#4657 = DIMENSIONAL_EXPONENTS ( 1.000000000000000000, 0.0000000000000000000, 0.0000000000000000000, 0.0000000000000000000, 0.0000000000000000000, 0.0000000000000000000, 0.0000000000000000000 ) ;
#4658 = DIRECTION ( 'NONE',  ( 1.000000000000000000, 0.0000000000000000000, -2.409338161078899700E-016 ) ) ;
#4659 = SURFACE_STYLE_USAGE ( .BOTH. , #9904 ) ;
#4660 = EDGE_CURVE ( 'NONE', #11020, #8526, #2091, .T. ) ;
#4661 =( LENGTH_UNIT ( ) NAMED_UNIT ( * ) SI_UNIT ( $, .METRE. ) );
#4662 = CARTESIAN_POINT ( 'NONE',  ( -0.07086614173228346400, 0.009842519685039369900, -0.07480314960629919100 ) ) ;
#4663 = VECTOR ( 'NONE', #7045, 39.37007874015748100 ) ;
#4664 = FACE_OUTER_BOUND ( 'NONE', #3038, .T. ) ;
#4665 = DIRECTION ( 'NONE',  ( -4.818676322157799300E-016, 0.0000000000000000000, -1.000000000000000000 ) ) ;
#4666 = COLOUR_RGB ( '',0.2509803921568627400, 0.2509803921568627400, 0.2509803921568627400 ) ;
#4667 = SURFACE_STYLE_USAGE ( .BOTH. , #9914 ) ;
#4668 = COLOUR_RGB ( '',0.9686274509803921600, 0.8784313725490196000, 0.5999999999999999800 ) ;
#4669 = FILL_AREA_STYLE_COLOUR ( '', #7941 ) ;
#4670 =( NAMED_UNIT ( * ) PLANE_ANGLE_UNIT ( ) SI_UNIT ( $, .RADIAN. ) );
#4671 = EDGE_CURVE ( 'NONE', #11150, #9256, #8825, .T. ) ;
#4672 = ORIENTED_EDGE ( 'NONE', *, *, #7114, .T. ) ;
#4673 = LENGTH_MEASURE_WITH_UNIT ( LENGTH_MEASURE( 0.02539999999999999900 ), #8747 );
#4674 = EDGE_CURVE ( 'NONE', #7101, #57, #6769, .T. ) ;
#4675 = LENGTH_MEASURE_WITH_UNIT ( LENGTH_MEASURE( 0.02539999999999999900 ), #5649 );
#4676 = PRESENTATION_LAYER_ASSIGNMENT (  '', '', ( #3503 ) ) ;
#4677 = SURFACE_STYLE_USAGE ( .BOTH. , #4718 ) ;
#4678 = LINE ( 'NONE', #9339, #2337 ) ;
#4679 = SURFACE_STYLE_USAGE ( .BOTH. , #9931 ) ;
#4680 = CARTESIAN_POINT ( 'NONE',  ( -0.07283464566929134800, 0.0000000000000000000, -0.05629921259842515800 ) ) ;
#4681 = UNCERTAINTY_MEASURE_WITH_UNIT (LENGTH_MEASURE( 1.000000000000000100E-005 ), #397, 'distance_accuracy_value', 'NONE');
#4682 = FACE_BOUND ( 'NONE', #2075, .T. ) ;
#4683 = CARTESIAN_POINT ( 'NONE',  ( 0.02047244094488188600, 0.0000000000000000000, -0.06889763779527555100 ) ) ;
#4684 =( NAMED_UNIT ( * ) SI_UNIT ( $, .STERADIAN. ) SOLID_ANGLE_UNIT ( ) );
#4685 = CLOSED_SHELL ( 'NONE', ( #2391, #5301, #7906, #5934, #3555, #7134 ) ) ;
#4686 = FACE_BOUND ( 'NONE', #4596, .T. ) ;
#4687 = DIRECTION ( 'NONE',  ( -1.000000000000000000, 0.0000000000000000000, 0.0000000000000000000 ) ) ;
#4688 = DIRECTION ( 'NONE',  ( 1.000000000000000000, 0.0000000000000000000, -0.0000000000000000000 ) ) ;
#4689 = VECTOR ( 'NONE', #10615, 39.37007874015748100 ) ;
#4690 =( NAMED_UNIT ( * ) PLANE_ANGLE_UNIT ( ) SI_UNIT ( $, .RADIAN. ) );
#4691 = DIRECTION ( 'NONE',  ( 0.0000000000000000000, 0.0000000000000000000, 1.000000000000000000 ) ) ;
#4692 = EDGE_LOOP ( 'NONE', ( #1046, #1411, #2254, #2500 ) ) ;
#4693 = ORIENTED_EDGE ( 'NONE', *, *, #1936, .F. ) ;
#4694 = STYLED_ITEM ( 'NONE', ( #1712 ), #229 ) ;
#4695 = COLOUR_RGB ( '',0.2509803921568627400, 0.2509803921568627400, 0.2509803921568627400 ) ;
#4696 = CARTESIAN_POINT ( 'NONE',  ( 0.03070866141732283400, 0.009842519685039369900, -0.08661417322834641400 ) ) ;
#4697 = SURFACE_STYLE_USAGE ( .BOTH. , #9957 ) ;
#4698 = FACE_OUTER_BOUND ( 'NONE', #7016, .T. ) ;
#4699 = VERTEX_POINT ( 'NONE', #6220 ) ;
#4700 = ADVANCED_FACE ( 'NONE', ( #6201 ), #97, .F. ) ;
#4701 = AXIS2_PLACEMENT_3D ( 'NONE', #11105, #5884, #642 ) ;
#4702 = FACE_OUTER_BOUND ( 'NONE', #9274, .T. ) ;
#4703 = STYLED_ITEM ( 'NONE', ( #3702 ), #2173 ) ;
#4704 = ORIENTED_EDGE ( 'NONE', *, *, #10878, .T. ) ;
#4705 = AXIS2_PLACEMENT_3D ( 'NONE', #11180, #5956, #708 ) ;
#4706 = EDGE_LOOP ( 'NONE', ( #4091, #860, #4618, #6649 ) ) ;
#4707 = FILL_AREA_STYLE_COLOUR ( '', #298 ) ;
#4708 = CARTESIAN_POINT ( 'NONE',  ( -0.09055118110236221000, -0.02046108103966344500, 0.02047244094488192400 ) ) ;
#4709 = LENGTH_MEASURE_WITH_UNIT ( LENGTH_MEASURE( 0.02539999999999999900 ), #5092 );
#4710 =( CONVERSION_BASED_UNIT ( 'INCH', #2993 ) LENGTH_UNIT ( ) NAMED_UNIT ( #8448 ) );
#4711 =( CONVERSION_BASED_UNIT ( 'INCH', #1927 ) LENGTH_UNIT ( ) NAMED_UNIT ( #5142 ) );
#4712 = ORIENTED_EDGE ( 'NONE', *, *, #8644, .F. ) ;
#4713 = AXIS2_PLACEMENT_3D ( 'NONE', #5651, #10875, #2190 ) ;
#4714 =( CONVERSION_BASED_UNIT ( 'INCH', #10688 ) LENGTH_UNIT ( ) NAMED_UNIT ( #8007 ) );
#4715 = ORIENTED_EDGE ( 'NONE', *, *, #8649, .T. ) ;
#4716 = CLOSED_SHELL ( 'NONE', ( #3661, #8440, #8265, #229, #10039, #6609 ) ) ;
#4717 = LINE ( 'NONE', #4771, #61 ) ;
#4718 = SURFACE_SIDE_STYLE ('',( #9085 ) ) ;
#4719 = STYLED_ITEM ( 'NONE', ( #8198 ), #10540 ) ;
#4720 = PRESENTATION_STYLE_ASSIGNMENT (( #3238 ) ) ;
#4721 = MECHANICAL_DESIGN_GEOMETRIC_PRESENTATION_REPRESENTATION (  '', ( #2959 ), #5332 ) ;
#4722 = PRESENTATION_STYLE_ASSIGNMENT (( #5149 ) ) ;
#4723 = VECTOR ( 'NONE', #2892, 39.37007874015748100 ) ;
#4724 =( GEOMETRIC_REPRESENTATION_CONTEXT ( 3 ) GLOBAL_UNCERTAINTY_ASSIGNED_CONTEXT ( ( #4545 ) ) GLOBAL_UNIT_ASSIGNED_CONTEXT ( ( #1006, #7142, #1873 ) ) REPRESENTATION_CONTEXT ( 'NONE', 'WORKASPACE' ) );
#4725 = FACE_OUTER_BOUND ( 'NONE', #7346, .T. ) ;
#4726 = EDGE_LOOP ( 'NONE', ( #7178, #7914, #8844, #3061 ) ) ;
#4727 = FILL_AREA_STYLE_COLOUR ( '', #5516 ) ;
#4728 = DIRECTION ( 'NONE',  ( -0.0000000000000000000, -1.000000000000000000, 0.0000000000000000000 ) ) ;
#4729 = LENGTH_MEASURE_WITH_UNIT ( LENGTH_MEASURE( 0.02539999999999999900 ), #9353 );
#4730 = AXIS2_PLACEMENT_3D ( 'NONE', #1761, #7922, #2632 ) ;
#4731 = ORIENTED_EDGE ( 'NONE', *, *, #3788, .T. ) ;
#4732 = CARTESIAN_POINT ( 'NONE',  ( -0.09055118110236222400, 0.009842519685039369900, -0.04606299212598422000 ) ) ;
#4733 = LENGTH_MEASURE_WITH_UNIT ( LENGTH_MEASURE( 0.02539999999999999900 ), #8078 );
#4734 = EDGE_LOOP ( 'NONE', ( #6075, #831, #741, #4496 ) ) ;
#4735 =( CONVERSION_BASED_UNIT ( 'INCH', #6336 ) LENGTH_UNIT ( ) NAMED_UNIT ( #953 ) );
#4736 = DIRECTION ( 'NONE',  ( 2.409338161078899700E-016, -0.0000000000000000000, -1.000000000000000000 ) ) ;
#4737 = CARTESIAN_POINT ( 'NONE',  ( 0.0000000000000000000, 0.0000000000000000000, 0.0000000000000000000 ) ) ;
#4738 = COLOUR_RGB ( '',0.9686274509803921600, 0.8784313725490196000, 0.5999999999999999800 ) ;
#4739 = ORIENTED_EDGE ( 'NONE', *, *, #7263, .T. ) ;
#4740 = LINE ( 'NONE', #2912, #7088 ) ;
#4741 = FILL_AREA_STYLE_COLOUR ( '', #8126 ) ;
#4742 = DIRECTION ( 'NONE',  ( -0.0000000000000000000, -1.000000000000000000, -0.0000000000000000000 ) ) ;
#4743 = FILL_AREA_STYLE ('',( #3849 ) ) ;
#4744 = VERTEX_POINT ( 'NONE', #1020 ) ;
#4745 = DIRECTION ( 'NONE',  ( 0.0000000000000000000, 1.000000000000000000, -0.0000000000000000000 ) ) ;
#4746 = EDGE_CURVE ( 'NONE', #2379, #322, #720, .T. ) ;
#4747 = ORIENTED_EDGE ( 'NONE', *, *, #3928, .F. ) ;
#4748 = ORIENTED_EDGE ( 'NONE', *, *, #8644, .T. ) ;
#4749 = EDGE_CURVE ( 'NONE', #4823, #3093, #9765, .T. ) ;
#4750 = DIRECTION ( 'NONE',  ( 1.000000000000000000, 0.0000000000000000000, -0.0000000000000000000 ) ) ;
#4751 = ORIENTED_EDGE ( 'NONE', *, *, #9810, .T. ) ;
#4752 = DIRECTION ( 'NONE',  ( 2.409338161078899700E-016, -0.0000000000000000000, 1.000000000000000000 ) ) ;
#4753 = PRESENTATION_LAYER_ASSIGNMENT (  '', '', ( #3552 ) ) ;
#4754 =( LENGTH_UNIT ( ) NAMED_UNIT ( * ) SI_UNIT ( $, .METRE. ) );
#4755 = DIRECTION ( 'NONE',  ( 0.0000000000000000000, 1.000000000000000000, 0.0000000000000000000 ) ) ;
#4756 = ORIENTED_EDGE ( 'NONE', *, *, #2687, .T. ) ;
#4757 = FILL_AREA_STYLE ('',( #4950 ) ) ;
#4758 = ADVANCED_FACE ( 'NONE', ( #443 ), #8910, .F. ) ;
#4759 = PLANE ( 'NONE',  #5042 ) ;
#4760 = CARTESIAN_POINT ( 'NONE',  ( -0.04606299212598425500, 0.009842519685039369900, 0.08661417322834648300 ) ) ;
#4761 = ORIENTED_EDGE ( 'NONE', *, *, #2264, .T. ) ;
#4762 = ORIENTED_EDGE ( 'NONE', *, *, #3615, .T. ) ;
#4763 = DIRECTION ( 'NONE',  ( 0.0000000000000000000, -1.000000000000000000, 0.0000000000000000000 ) ) ;
#4764 =( GEOMETRIC_REPRESENTATION_CONTEXT ( 3 ) GLOBAL_UNCERTAINTY_ASSIGNED_CONTEXT ( ( #3417 ) ) GLOBAL_UNIT_ASSIGNED_CONTEXT ( ( #6632, #1356, #7529 ) ) REPRESENTATION_CONTEXT ( 'NONE', 'WORKASPACE' ) );
#4765 = DIMENSIONAL_EXPONENTS ( 1.000000000000000000, 0.0000000000000000000, 0.0000000000000000000, 0.0000000000000000000, 0.0000000000000000000, 0.0000000000000000000, 0.0000000000000000000 ) ;
#4766 = SURFACE_SIDE_STYLE ('',( #9618 ) ) ;
#4767 = DIRECTION ( 'NONE',  ( -0.0000000000000000000, 0.0000000000000000000, -1.000000000000000000 ) ) ;
#4768 = CARTESIAN_POINT ( 'NONE',  ( 0.02047244094488188600, 0.009842519685039369900, 0.08661417322834648300 ) ) ;
#4769 = ORIENTED_EDGE ( 'NONE', *, *, #6963, .F. ) ;
#4770 = CARTESIAN_POINT ( 'NONE',  ( 0.09055118110236223800, 0.009842519685039369900, -0.03070866141732283800 ) ) ;
#4771 = CARTESIAN_POINT ( 'NONE',  ( 0.0000000000000000000, 0.009842519685039369900, 0.08661417322834648300 ) ) ;
#4772 =( GEOMETRIC_REPRESENTATION_CONTEXT ( 3 ) GLOBAL_UNCERTAINTY_ASSIGNED_CONTEXT ( ( #4908 ) ) GLOBAL_UNIT_ASSIGNED_CONTEXT ( ( #4324, #10430, #5208 ) ) REPRESENTATION_CONTEXT ( 'NONE', 'WORKASPACE' ) );
#4773 = PRESENTATION_LAYER_ASSIGNMENT (  '', '', ( #5374 ) ) ;
#4774 = DIMENSIONAL_EXPONENTS ( 1.000000000000000000, 0.0000000000000000000, 0.0000000000000000000, 0.0000000000000000000, 0.0000000000000000000, 0.0000000000000000000, 0.0000000000000000000 ) ;
#4775 = VECTOR ( 'NONE', #10850, 39.37007874015748100 ) ;
#4776 = PLANE ( 'NONE',  #3172 ) ;
#4777 = FILL_AREA_STYLE_COLOUR ( '', #9671 ) ;
#4778 = CARTESIAN_POINT ( 'NONE',  ( -0.03070866141732283800, -0.02046108103966344500, 0.06889763779527562100 ) ) ;
#4779 = SURFACE_SIDE_STYLE ('',( #6944 ) ) ;
#4780 = CARTESIAN_POINT ( 'NONE',  ( 0.0000000000000000000, 0.0000000000000000000, -0.08661417322834641400 ) ) ;
#4781 = DIRECTION ( 'NONE',  ( 1.000000000000000000, 0.0000000000000000000, -0.0000000000000000000 ) ) ;
#4782 =( NAMED_UNIT ( * ) SI_UNIT ( $, .STERADIAN. ) SOLID_ANGLE_UNIT ( ) );
#4783 =( NAMED_UNIT ( * ) PLANE_ANGLE_UNIT ( ) SI_UNIT ( $, .RADIAN. ) );
#4784 = STYLED_ITEM ( 'NONE', ( #4795 ), #10151 ) ;
#4785 = DIRECTION ( 'NONE',  ( 1.000000000000000000, -0.0000000000000000000, 0.0000000000000000000 ) ) ;
#4786 =( GEOMETRIC_REPRESENTATION_CONTEXT ( 3 ) GLOBAL_UNCERTAINTY_ASSIGNED_CONTEXT ( ( #5188 ) ) GLOBAL_UNIT_ASSIGNED_CONTEXT ( ( #6667, #8254, #5735 ) ) REPRESENTATION_CONTEXT ( 'NONE', 'WORKASPACE' ) );
#4787 =( GEOMETRIC_REPRESENTATION_CONTEXT ( 3 ) GLOBAL_UNCERTAINTY_ASSIGNED_CONTEXT ( ( #2154 ) ) GLOBAL_UNIT_ASSIGNED_CONTEXT ( ( #5995, #745, #6892 ) ) REPRESENTATION_CONTEXT ( 'NONE', 'WORKASPACE' ) );
#4788 = CARTESIAN_POINT ( 'NONE',  ( -0.09055118110236221000, -0.02046108103966344500, -0.02047244094488185500 ) ) ;
#4789 = FACE_OUTER_BOUND ( 'NONE', #2514, .T. ) ;
#4790 = STYLED_ITEM ( 'NONE', ( #6190 ), #7031 ) ;
#4791 = CARTESIAN_POINT ( 'NONE',  ( 0.02047244094488188900, 0.009842519685039369900, -0.06889763779527555100 ) ) ;
#4792 = DIRECTION ( 'NONE',  ( -0.0000000000000000000, -1.000000000000000000, -0.0000000000000000000 ) ) ;
#4793 =( NAMED_UNIT ( * ) SI_UNIT ( $, .STERADIAN. ) SOLID_ANGLE_UNIT ( ) );
#4794 = SURFACE_STYLE_FILL_AREA ( #712 ) ;
#4795 = PRESENTATION_STYLE_ASSIGNMENT (( #1216 ) ) ;
#4796 = PLANE ( 'NONE',  #9626 ) ;
#4797 = EDGE_CURVE ( 'NONE', #8159, #8700, #6338, .T. ) ;
#4798 = PRESENTATION_LAYER_ASSIGNMENT (  '', '', ( #3619 ) ) ;
#4799 = PRESENTATION_STYLE_ASSIGNMENT (( #10208 ) ) ;
#4800 =( CONVERSION_BASED_UNIT ( 'INCH', #1512 ) LENGTH_UNIT ( ) NAMED_UNIT ( #3045 ) );
#4801 = CARTESIAN_POINT ( 'NONE',  ( -0.02047244094488188900, 0.0000000000000000000, 0.06889763779527562100 ) ) ;
#4802 =( LENGTH_UNIT ( ) NAMED_UNIT ( * ) SI_UNIT ( $, .METRE. ) );
#4803 = DIRECTION ( 'NONE',  ( -1.000000000000000000, 0.0000000000000000000, -0.0000000000000000000 ) ) ;
#4804 = CLOSED_SHELL ( 'NONE', ( #10356, #4528, #3626, #10404, #9776, #6133 ) ) ;
#4805 =( CONVERSION_BASED_UNIT ( 'INCH', #776 ) LENGTH_UNIT ( ) NAMED_UNIT ( #4084 ) );
#4806 = LINE ( 'NONE', #8914, #2456 ) ;
#4807 = PRESENTATION_STYLE_ASSIGNMENT (( #3635 ) ) ;
#4808 = EDGE_CURVE ( 'NONE', #6219, #5342, #4008, .T. ) ;
#4809 = DIRECTION ( 'NONE',  ( 1.000000000000000000, 0.0000000000000000000, -0.0000000000000000000 ) ) ;
#4810 = DIRECTION ( 'NONE',  ( 0.0000000000000000000, 0.0000000000000000000, -1.000000000000000000 ) ) ;
#4811 =( NAMED_UNIT ( * ) SI_UNIT ( $, .STERADIAN. ) SOLID_ANGLE_UNIT ( ) );
#4812 = SURFACE_STYLE_USAGE ( .BOTH. , #10058 ) ;
#4813 = LENGTH_MEASURE_WITH_UNIT ( LENGTH_MEASURE( 0.02539999999999999900 ), #7713 );
#4814 = DIRECTION ( 'NONE',  ( 0.0000000000000000000, 1.000000000000000000, 0.0000000000000000000 ) ) ;
#4815 = EDGE_CURVE ( 'NONE', #2487, #156, #1666, .T. ) ;
#4816 =( CONVERSION_BASED_UNIT ( 'INCH', #2790 ) LENGTH_UNIT ( ) NAMED_UNIT ( #6389 ) );
#4817 = LINE ( 'NONE', #94, #2465 ) ;
#4818 = ADVANCED_FACE ( 'NONE', ( #10431 ), #8097, .F. ) ;
#4819 = PRESENTATION_LAYER_ASSIGNMENT (  '', '', ( #3638 ) ) ;
#4820 = FACE_OUTER_BOUND ( 'NONE', #771, .T. ) ;
#4821 = SURFACE_STYLE_USAGE ( .BOTH. , #10064 ) ;
#4822 = UNCERTAINTY_MEASURE_WITH_UNIT (LENGTH_MEASURE( 1.000000000000000100E-005 ), #2951, 'distance_accuracy_value', 'NONE');
#4823 = VERTEX_POINT ( 'NONE', #5472 ) ;
#4824 = LENGTH_MEASURE_WITH_UNIT ( LENGTH_MEASURE( 0.02539999999999999900 ), #6880 );
#4825 = DIRECTION ( 'NONE',  ( 0.0000000000000000000, 1.000000000000000000, 0.0000000000000000000 ) ) ;
#4826 = PRESENTATION_STYLE_ASSIGNMENT (( #6377 ) ) ;
#4827 = VECTOR ( 'NONE', #9751, 39.37007874015748100 ) ;
#4828 = DIRECTION ( 'NONE',  ( 1.000000000000000000, 0.0000000000000000000, -1.927470528863119000E-016 ) ) ;
#4829 = DIRECTION ( 'NONE',  ( 0.0000000000000000000, -1.000000000000000000, -0.0000000000000000000 ) ) ;
#4830 = SURFACE_STYLE_USAGE ( .BOTH. , #4916 ) ;
#4831 = VERTEX_POINT ( 'NONE', #9030 ) ;
#4832 = EDGE_LOOP ( 'NONE', ( #1475, #7242, #1298, #4067 ) ) ;
#4833 = EDGE_CURVE ( 'NONE', #5670, #1893, #4967, .T. ) ;
#4834 = PLANE ( 'NONE',  #25 ) ;
#4835 =( LENGTH_UNIT ( ) NAMED_UNIT ( * ) SI_UNIT ( $, .METRE. ) );
#4836 = VECTOR ( 'NONE', #9883, 39.37007874015748100 ) ;
#4837 = DIRECTION ( 'NONE',  ( -0.0000000000000000000, -0.0000000000000000000, 1.000000000000000000 ) ) ;
#4838 = EDGE_LOOP ( 'NONE', ( #6284, #7103, #6514, #5952 ) ) ;
#4839 =( GEOMETRIC_REPRESENTATION_CONTEXT ( 3 ) GLOBAL_UNCERTAINTY_ASSIGNED_CONTEXT ( ( #2484 ) ) GLOBAL_UNIT_ASSIGNED_CONTEXT ( ( #6319, #1075, #7232 ) ) REPRESENTATION_CONTEXT ( 'NONE', 'WORKASPACE' ) );
#4840 = ORIENTED_EDGE ( 'NONE', *, *, #4660, .F. ) ;
#4841 = VECTOR ( 'NONE', #9328, 39.37007874015748100 ) ;
#4842 = LENGTH_MEASURE_WITH_UNIT ( LENGTH_MEASURE( 0.02539999999999999900 ), #671 );
#4843 =( LENGTH_UNIT ( ) NAMED_UNIT ( * ) SI_UNIT ( $, .METRE. ) );
#4844 = LINE ( 'NONE', #6556, #9514 ) ;
#4845 = CARTESIAN_POINT ( 'NONE',  ( 0.0000000000000000000, 0.0000000000000000000, -0.08661417322834641400 ) ) ;
#4846 = ORIENTED_EDGE ( 'NONE', *, *, #2886, .F. ) ;
#4847 = DIRECTION ( 'NONE',  ( -0.0000000000000000000, -1.000000000000000000, -0.0000000000000000000 ) ) ;
#4848 = VERTEX_POINT ( 'NONE', #273 ) ;
#4849 = DIRECTION ( 'NONE',  ( 0.0000000000000000000, 0.0000000000000000000, 1.000000000000000000 ) ) ;
#4850 = ORIENTED_EDGE ( 'NONE', *, *, #2237, .T. ) ;
#4851 = MECHANICAL_DESIGN_GEOMETRIC_PRESENTATION_REPRESENTATION (  '', ( #3095 ), #5455 ) ;
#4852 = CARTESIAN_POINT ( 'NONE',  ( 0.09055118110236222400, 0.009842519685039369900, -0.05629921259842520000 ) ) ;
#4853 = LINE ( 'NONE', #8261, #194 ) ;
#4854 =( NAMED_UNIT ( * ) PLANE_ANGLE_UNIT ( ) SI_UNIT ( $, .RADIAN. ) );
#4855 =( NAMED_UNIT ( * ) PLANE_ANGLE_UNIT ( ) SI_UNIT ( $, .RADIAN. ) );
#4856 =( NAMED_UNIT ( * ) PLANE_ANGLE_UNIT ( ) SI_UNIT ( $, .RADIAN. ) );
#4857 = DIMENSIONAL_EXPONENTS ( 1.000000000000000000, 0.0000000000000000000, 0.0000000000000000000, 0.0000000000000000000, 0.0000000000000000000, 0.0000000000000000000, 0.0000000000000000000 ) ;
#4858 = FILL_AREA_STYLE ('',( #3099 ) ) ;
#4859 = COLOUR_RGB ( '',0.9686274509803921600, 0.8784313725490196000, 0.5999999999999999800 ) ;
#4860 = STYLED_ITEM ( 'NONE', ( #6478 ), #9722 ) ;
#4861 = DIRECTION ( 'NONE',  ( 1.000000000000000000, 0.0000000000000000000, -0.0000000000000000000 ) ) ;
#4862 = LINE ( 'NONE', #7948, #4588 ) ;
#4863 = EDGE_LOOP ( 'NONE', ( #7483, #6904, #5451, #4636 ) ) ;
#4864 =( GEOMETRIC_REPRESENTATION_CONTEXT ( 3 ) GLOBAL_UNCERTAINTY_ASSIGNED_CONTEXT ( ( #6444 ) ) GLOBAL_UNIT_ASSIGNED_CONTEXT ( ( #5504, #246, #6375 ) ) REPRESENTATION_CONTEXT ( 'NONE', 'WORKASPACE' ) );
#4865 = SURFACE_STYLE_USAGE ( .BOTH. , #10107 ) ;
#4866 = ORIENTED_EDGE ( 'NONE', *, *, #1802, .F. ) ;
#4867 = SURFACE_STYLE_USAGE ( .BOTH. , #10109 ) ;
#4868 = ORIENTED_EDGE ( 'NONE', *, *, #3788, .F. ) ;
#4869 =( GEOMETRIC_REPRESENTATION_CONTEXT ( 3 ) GLOBAL_UNCERTAINTY_ASSIGNED_CONTEXT ( ( #7298 ) ) GLOBAL_UNIT_ASSIGNED_CONTEXT ( ( #5454, #191, #6313 ) ) REPRESENTATION_CONTEXT ( 'NONE', 'WORKASPACE' ) );
#4870 = DIRECTION ( 'NONE',  ( 2.409338161078899700E-016, 0.0000000000000000000, -1.000000000000000000 ) ) ;
#4871 = VERTEX_POINT ( 'NONE', #4646 ) ;
#4872 = COLOUR_RGB ( '',0.9686274509803921600, 0.8784313725490196000, 0.5999999999999999800 ) ;
#4873 = VECTOR ( 'NONE', #6509, 39.37007874015748100 ) ;
#4874 = ORIENTED_EDGE ( 'NONE', *, *, #4363, .T. ) ;
#4875 = FACE_OUTER_BOUND ( 'NONE', #11032, .T. ) ;
#4876 = VECTOR ( 'NONE', #6310, 39.37007874015748100 ) ;
#4877 = VECTOR ( 'NONE', #9113, 39.37007874015748100 ) ;
#4878 =( GEOMETRIC_REPRESENTATION_CONTEXT ( 3 ) GLOBAL_UNCERTAINTY_ASSIGNED_CONTEXT ( ( #5334 ) ) GLOBAL_UNIT_ASSIGNED_CONTEXT ( ( #6072, #5999, #5922 ) ) REPRESENTATION_CONTEXT ( 'NONE', 'WORKASPACE' ) );
#4879 = CARTESIAN_POINT ( 'NONE',  ( 0.04606299212598424800, -0.02046108103966344500, 0.08661417322834648300 ) ) ;
#4880 = LINE ( 'NONE', #3380, #8437 ) ;
#4881 = ORIENTED_EDGE ( 'NONE', *, *, #4606, .T. ) ;
#4882 = MECHANICAL_DESIGN_GEOMETRIC_PRESENTATION_REPRESENTATION (  '', ( #3117 ), #5474 ) ;
#4883 = PRESENTATION_LAYER_ASSIGNMENT (  '', '', ( #3685 ) ) ;
#4884 = VERTEX_POINT ( 'NONE', #10760 ) ;
#4885 = ADVANCED_FACE ( 'NONE', ( #7318 ), #5547, .F. ) ;
#4886 = FILL_AREA_STYLE ('',( #9780 ) ) ;
#4887 = PRESENTATION_STYLE_ASSIGNMENT (( #6691 ) ) ;
#4888 = LENGTH_MEASURE_WITH_UNIT ( LENGTH_MEASURE( 0.02539999999999999900 ), #186 );
#4889 = VECTOR ( 'NONE', #8372, 39.37007874015748100 ) ;
#4890 =( NAMED_UNIT ( * ) SI_UNIT ( $, .STERADIAN. ) SOLID_ANGLE_UNIT ( ) );
#4891 = VERTEX_POINT ( 'NONE', #10792 ) ;
#4892 = EDGE_CURVE ( 'NONE', #529, #7647, #3854, .T. ) ;
#4893 = DIMENSIONAL_EXPONENTS ( 1.000000000000000000, 0.0000000000000000000, 0.0000000000000000000, 0.0000000000000000000, 0.0000000000000000000, 0.0000000000000000000, 0.0000000000000000000 ) ;
#4894 = EDGE_CURVE ( 'NONE', #5460, #3750, #2608, .T. ) ;
#4895 = DIRECTION ( 'NONE',  ( 0.0000000000000000000, 0.0000000000000000000, -1.000000000000000000 ) ) ;
#4896 = ORIENTED_EDGE ( 'NONE', *, *, #5117, .F. ) ;
#4897 = DIRECTION ( 'NONE',  ( -1.000000000000000000, 0.0000000000000000000, -0.0000000000000000000 ) ) ;
#4898 = CARTESIAN_POINT ( 'NONE',  ( 0.04606299212598425500, 0.009842519685039369900, -0.06889763779527555100 ) ) ;
#4899 = DIMENSIONAL_EXPONENTS ( 1.000000000000000000, 0.0000000000000000000, 0.0000000000000000000, 0.0000000000000000000, 0.0000000000000000000, 0.0000000000000000000, 0.0000000000000000000 ) ;
#4900 = CARTESIAN_POINT ( 'NONE',  ( -0.005118110236220473200, 0.009842519685039369900, 0.06889763779527562100 ) ) ;
#4901 =( CONVERSION_BASED_UNIT ( 'INCH', #862 ) LENGTH_UNIT ( ) NAMED_UNIT ( #1593 ) );
#4902 = DIRECTION ( 'NONE',  ( -0.0000000000000000000, 1.000000000000000000, 0.0000000000000000000 ) ) ;
#4903 =( LENGTH_UNIT ( ) NAMED_UNIT ( * ) SI_UNIT ( $, .METRE. ) );
#4904 = UNCERTAINTY_MEASURE_WITH_UNIT (LENGTH_MEASURE( 1.000000000000000100E-005 ), #9348, 'distance_accuracy_value', 'NONE');
#4905 =( NAMED_UNIT ( * ) SI_UNIT ( $, .STERADIAN. ) SOLID_ANGLE_UNIT ( ) );
#4906 = ORIENTED_EDGE ( 'NONE', *, *, #7772, .T. ) ;
#4907 = EDGE_CURVE ( 'NONE', #1400, #2380, #1520, .T. ) ;
#4908 = UNCERTAINTY_MEASURE_WITH_UNIT (LENGTH_MEASURE( 1.000000000000000100E-005 ), #4324, 'distance_accuracy_value', 'NONE');
#4909 = CARTESIAN_POINT ( 'NONE',  ( -0.07086614173228347700, 0.0000000000000000000, -0.07480314960629917700 ) ) ;
#4910 = EDGE_CURVE ( 'NONE', #4130, #5426, #5917, .T. ) ;
#4911 = SURFACE_SIDE_STYLE ('',( #950 ) ) ;
#4912 = CARTESIAN_POINT ( 'NONE',  ( 0.09055118110236223800, 0.0000000000000000000, 0.02047244094488188900 ) ) ;
#4913 = FACE_OUTER_BOUND ( 'NONE', #6253, .T. ) ;
#4914 = AXIS2_PLACEMENT_3D ( 'NONE', #4524, #10634, #5424 ) ;
#4915 = UNCERTAINTY_MEASURE_WITH_UNIT (LENGTH_MEASURE( 1.000000000000000100E-005 ), #780, 'distance_accuracy_value', 'NONE');
#4916 = SURFACE_SIDE_STYLE ('',( #154 ) ) ;
#4917 = ORIENTED_EDGE ( 'NONE', *, *, #5037, .F. ) ;
#4918 =( NAMED_UNIT ( * ) PLANE_ANGLE_UNIT ( ) SI_UNIT ( $, .RADIAN. ) );
#4919 = FILL_AREA_STYLE_COLOUR ( '', #6951 ) ;
#4920 = LENGTH_MEASURE_WITH_UNIT ( LENGTH_MEASURE( 0.02539999999999999900 ), #9578 );
#4921 = SURFACE_SIDE_STYLE ('',( #1985 ) ) ;
#4922 = LENGTH_MEASURE_WITH_UNIT ( LENGTH_MEASURE( 0.02539999999999999900 ), #971 );
#4923 = EDGE_LOOP ( 'NONE', ( #2649, #5821, #4291, #85 ) ) ;
#4924 =( NAMED_UNIT ( * ) PLANE_ANGLE_UNIT ( ) SI_UNIT ( $, .RADIAN. ) );
#4925 = PRESENTATION_STYLE_ASSIGNMENT (( #8854 ) ) ;
#4926 = VECTOR ( 'NONE', #8119, 39.37007874015748100 ) ;
#4927 = MECHANICAL_DESIGN_GEOMETRIC_PRESENTATION_REPRESENTATION (  '', ( #3151 ), #5514 ) ;
#4928 =( NAMED_UNIT ( * ) SI_UNIT ( $, .STERADIAN. ) SOLID_ANGLE_UNIT ( ) );
#4929 = LENGTH_MEASURE_WITH_UNIT ( LENGTH_MEASURE( 0.02539999999999999900 ), #649 );
#4930 = CARTESIAN_POINT ( 'NONE',  ( -0.09055118110236221000, 0.009842519685039369900, -0.005118110236220437700 ) ) ;
#4931 = DIRECTION ( 'NONE',  ( 1.000000000000000000, 0.0000000000000000000, -0.0000000000000000000 ) ) ;
#4932 = VECTOR ( 'NONE', #4453, 39.37007874015748100 ) ;
#4933 = STYLED_ITEM ( 'NONE', ( #7755 ), #4429 ) ;
#4934 =( CONVERSION_BASED_UNIT ( 'INCH', #6033 ) LENGTH_UNIT ( ) NAMED_UNIT ( #10046 ) );
#4935 = CARTESIAN_POINT ( 'NONE',  ( -0.07283464566929134800, 0.009842519685039369900, -0.05629921259842515800 ) ) ;
#4936 = UNCERTAINTY_MEASURE_WITH_UNIT (LENGTH_MEASURE( 1.000000000000000100E-005 ), #1126, 'distance_accuracy_value', 'NONE');
#4937 = FILL_AREA_STYLE_COLOUR ( '', #2923 ) ;
#4938 = ADVANCED_FACE ( 'NONE', ( #1246 ), #7397, .F. ) ;
#4939 = DIRECTION ( 'NONE',  ( 1.000000000000000000, 0.0000000000000000000, -0.0000000000000000000 ) ) ;
#4940 =( GEOMETRIC_REPRESENTATION_CONTEXT ( 3 ) GLOBAL_UNCERTAINTY_ASSIGNED_CONTEXT ( ( #2915 ) ) GLOBAL_UNIT_ASSIGNED_CONTEXT ( ( #1238, #7407, #2198 ) ) REPRESENTATION_CONTEXT ( 'NONE', 'WORKASPACE' ) );
#4941 =( NAMED_UNIT ( * ) PLANE_ANGLE_UNIT ( ) SI_UNIT ( $, .RADIAN. ) );
#4942 =( NAMED_UNIT ( * ) SI_UNIT ( $, .STERADIAN. ) SOLID_ANGLE_UNIT ( ) );
#4943 = FILL_AREA_STYLE ('',( #5783 ) ) ;
#4944 = PRESENTATION_LAYER_ASSIGNMENT (  '', '', ( #4348 ) ) ;
#4945 = MECHANICAL_DESIGN_GEOMETRIC_PRESENTATION_REPRESENTATION (  '', ( #3761 ), #5542 ) ;
#4946 = CARTESIAN_POINT ( 'NONE',  ( 0.0000000000000000000, 0.0000000000000000000, -0.08661417322834641400 ) ) ;
#4947 = LINE ( 'NONE', #5205, #4663 ) ;
#4948 = LINE ( 'NONE', #5376, #7005 ) ;
#4949 = STYLED_ITEM ( 'NONE', ( #827 ), #7264 ) ;
#4950 = FILL_AREA_STYLE_COLOUR ( '', #11107 ) ;
#4951 = LINE ( 'NONE', #653, #2589 ) ;
#4952 = SURFACE_STYLE_FILL_AREA ( #11223 ) ;
#4953 = PRESENTATION_STYLE_ASSIGNMENT (( #5132 ) ) ;
#4954 = ORIENTED_EDGE ( 'NONE', *, *, #3492, .F. ) ;
#4955 = SURFACE_SIDE_STYLE ('',( #8556 ) ) ;
#4956 = LINE ( 'NONE', #11072, #9069 ) ;
#4957 = DIRECTION ( 'NONE',  ( -2.409338161078899700E-016, 0.0000000000000000000, 1.000000000000000000 ) ) ;
#4958 = VECTOR ( 'NONE', #8504, 39.37007874015748100 ) ;
#4959 = UNCERTAINTY_MEASURE_WITH_UNIT (LENGTH_MEASURE( 1.000000000000000100E-005 ), #3204, 'distance_accuracy_value', 'NONE');
#4960 = EDGE_CURVE ( 'NONE', #6822, #8700, #160, .T. ) ;
#4961 = EDGE_LOOP ( 'NONE', ( #4444, #8715, #2390, #10987 ) ) ;
#4962 =( NAMED_UNIT ( * ) PLANE_ANGLE_UNIT ( ) SI_UNIT ( $, .RADIAN. ) );
#4963 = CARTESIAN_POINT ( 'NONE',  ( -0.07283464566929133400, 0.009842519685039369900, 0.02047244094488192400 ) ) ;
#4964 = DIRECTION ( 'NONE',  ( 1.000000000000000000, -0.0000000000000000000, 0.0000000000000000000 ) ) ;
#4965 = CARTESIAN_POINT ( 'NONE',  ( 0.0000000000000000000, 0.009842519685039369900, 0.05629921259842523400 ) ) ;
#4966 = EDGE_CURVE ( 'NONE', #5415, #5537, #9215, .T. ) ;
#4967 = LINE ( 'NONE', #2872, #9351 ) ;
#4968 = CARTESIAN_POINT ( 'NONE',  ( 0.09251968503937008100, 0.03937007874015748000, -0.08858267716535429800 ) ) ;
#4969 = AXIS2_PLACEMENT_3D ( 'NONE', #1871, #8017, #2740 ) ;
#4970 = UNCERTAINTY_MEASURE_WITH_UNIT (LENGTH_MEASURE( 1.000000000000000100E-005 ), #4519, 'distance_accuracy_value', 'NONE');
#4971 = PRESENTATION_STYLE_ASSIGNMENT (( #3022 ) ) ;
#4972 = CARTESIAN_POINT ( 'NONE',  ( -0.09055118110236221000, -0.02046108103966344500, 0.005118110236220508800 ) ) ;
#4973 = ORIENTED_EDGE ( 'NONE', *, *, #6293, .T. ) ;
#4974 = EDGE_LOOP ( 'NONE', ( #5027, #5158, #10906, #3579 ) ) ;
#4975 = LINE ( 'NONE', #1351, #7327 ) ;
#4976 = DIRECTION ( 'NONE',  ( -1.000000000000000000, 0.0000000000000000000, -0.0000000000000000000 ) ) ;
#4977 = LENGTH_MEASURE_WITH_UNIT ( LENGTH_MEASURE( 0.02539999999999999900 ), #7926 );
#4978 = PLANE ( 'NONE',  #10355 ) ;
#4979 = DIRECTION ( 'NONE',  ( -1.000000000000000000, -0.0000000000000000000, 0.0000000000000000000 ) ) ;
#4980 = VERTEX_POINT ( 'NONE', #10619 ) ;
#4981 = VECTOR ( 'NONE', #7049, 39.37007874015748100 ) ;
#4983 = CARTESIAN_POINT ( 'NONE',  ( -0.04606299212598425500, 0.009842519685039369900, -0.08661417322834641400 ) ) ;
#4982 = VECTOR ( 'NONE', #148, 39.37007874015748100 ) ;
#4984 = ORIENTED_EDGE ( 'NONE', *, *, #548, .T. ) ;
#4985 = ORIENTED_EDGE ( 'NONE', *, *, #4523, .T. ) ;
#4986 = MECHANICAL_DESIGN_GEOMETRIC_PRESENTATION_REPRESENTATION (  '', ( #3799 ), #5582 ) ;
#4987 = CARTESIAN_POINT ( 'NONE',  ( -0.03070866141732283800, 0.0000000000000000000, -0.06889763779527555100 ) ) ;
#4988 = PRESENTATION_STYLE_ASSIGNMENT (( #3150 ) ) ;
#4989 = ADVANCED_FACE ( 'NONE', ( #2209 ), #10822, .F. ) ;
#4990 =( NAMED_UNIT ( * ) SI_UNIT ( $, .STERADIAN. ) SOLID_ANGLE_UNIT ( ) );
#4991 = LENGTH_MEASURE_WITH_UNIT ( LENGTH_MEASURE( 0.02539999999999999900 ), #8576 );
#4992 = VECTOR ( 'NONE', #3784, 39.37007874015748100 ) ;
#4993 = ORIENTED_EDGE ( 'NONE', *, *, #4606, .F. ) ;
#4994 =( CONVERSION_BASED_UNIT ( 'INCH', #1142 ) LENGTH_UNIT ( ) NAMED_UNIT ( #8780 ) );
#4995 = MECHANICAL_DESIGN_GEOMETRIC_PRESENTATION_REPRESENTATION (  '', ( #3234 ), #5588 ) ;
#4996 = VERTEX_POINT ( 'NONE', #1027 ) ;
#4997 = MECHANICAL_DESIGN_GEOMETRIC_PRESENTATION_REPRESENTATION (  '', ( #3808 ), #5590 ) ;
#4998 = ORIENTED_EDGE ( 'NONE', *, *, #4655, .T. ) ;
#4999 = DIMENSIONAL_EXPONENTS ( 1.000000000000000000, 0.0000000000000000000, 0.0000000000000000000, 0.0000000000000000000, 0.0000000000000000000, 0.0000000000000000000, 0.0000000000000000000 ) ;
#5000 =( NAMED_UNIT ( * ) SI_UNIT ( $, .STERADIAN. ) SOLID_ANGLE_UNIT ( ) );
#5001 = SURFACE_STYLE_FILL_AREA ( #6082 ) ;
#5002 = LINE ( 'NONE', #612, #9391 ) ;
#5003 =( LENGTH_UNIT ( ) NAMED_UNIT ( * ) SI_UNIT ( $, .METRE. ) );
#5004 = LENGTH_MEASURE_WITH_UNIT ( LENGTH_MEASURE( 0.02539999999999999900 ), #3971 );
#5005 = LINE ( 'NONE', #8718, #9396 ) ;
#5006 = ORIENTED_EDGE ( 'NONE', *, *, #4671, .F. ) ;
#5007 =( NAMED_UNIT ( * ) SI_UNIT ( $, .STERADIAN. ) SOLID_ANGLE_UNIT ( ) );
#5008 = DIMENSIONAL_EXPONENTS ( 1.000000000000000000, 0.0000000000000000000, 0.0000000000000000000, 0.0000000000000000000, 0.0000000000000000000, 0.0000000000000000000, 0.0000000000000000000 ) ;
#5009 =( GEOMETRIC_REPRESENTATION_CONTEXT ( 3 ) GLOBAL_UNCERTAINTY_ASSIGNED_CONTEXT ( ( #4088 ) ) GLOBAL_UNIT_ASSIGNED_CONTEXT ( ( #6690, #6007, #5977 ) ) REPRESENTATION_CONTEXT ( 'NONE', 'WORKASPACE' ) );
#5010 = FILL_AREA_STYLE ('',( #5915 ) ) ;
#5011 = UNCERTAINTY_MEASURE_WITH_UNIT (LENGTH_MEASURE( 1.000000000000000100E-005 ), #9563, 'distance_accuracy_value', 'NONE');
#5012 = ORIENTED_EDGE ( 'NONE', *, *, #4024, .F. ) ;
#5013 = MECHANICAL_DESIGN_GEOMETRIC_PRESENTATION_REPRESENTATION (  '', ( #3249 ), #5600 ) ;
#5014 = FILL_AREA_STYLE ('',( #4415 ) ) ;
#5015 = PRESENTATION_LAYER_ASSIGNMENT (  '', '', ( #3819 ) ) ;
#5016 = EDGE_LOOP ( 'NONE', ( #8539, #3777, #9517, #1256 ) ) ;
#5017 = COLOUR_RGB ( '',0.2509803921568627400, 0.2509803921568627400, 0.2509803921568627400 ) ;
#5018 = VERTEX_POINT ( 'NONE', #6307 ) ;
#5019 = SURFACE_STYLE_FILL_AREA ( #5298 ) ;
#5020 = MECHANICAL_DESIGN_GEOMETRIC_PRESENTATION_REPRESENTATION (  '', ( #3253 ), #5604 ) ;
#5021 = SURFACE_STYLE_FILL_AREA ( #9588 ) ;
#5022 = ORIENTED_EDGE ( 'NONE', *, *, #8274, .T. ) ;
#5023 = FILL_AREA_STYLE ('',( #10255 ) ) ;
#5024 = AXIS2_PLACEMENT_3D ( 'NONE', #4972, #11069, #5856 ) ;
#5025 = DIMENSIONAL_EXPONENTS ( 1.000000000000000000, 0.0000000000000000000, 0.0000000000000000000, 0.0000000000000000000, 0.0000000000000000000, 0.0000000000000000000, 0.0000000000000000000 ) ;
#5026 = CARTESIAN_POINT ( 'NONE',  ( -0.03070866141732283800, -0.02046108103966344500, -0.06889763779527555100 ) ) ;
#5027 = ORIENTED_EDGE ( 'NONE', *, *, #3548, .F. ) ;
#5028 = DIRECTION ( 'NONE',  ( 0.0000000000000000000, -0.0000000000000000000, -1.000000000000000000 ) ) ;
#5029 = PRESENTATION_STYLE_ASSIGNMENT (( #3096 ) ) ;
#5030 =( NAMED_UNIT ( * ) PLANE_ANGLE_UNIT ( ) SI_UNIT ( $, .RADIAN. ) );
#5031 = ORIENTED_EDGE ( 'NONE', *, *, #8349, .T. ) ;
#5032 = EDGE_CURVE ( 'NONE', #8708, #3493, #5781, .T. ) ;
#5033 = EDGE_LOOP ( 'NONE', ( #47, #10889, #9399, #10551 ) ) ;
#5034 = DIRECTION ( 'NONE',  ( 0.0000000000000000000, 0.0000000000000000000, 1.000000000000000000 ) ) ;
#5035 = PLANE ( 'NONE',  #7774 ) ;
#5036 =( LENGTH_UNIT ( ) NAMED_UNIT ( * ) SI_UNIT ( $, .METRE. ) );
#5037 = EDGE_CURVE ( 'NONE', #4871, #5981, #10421, .T. ) ;
#5038 = VERTEX_POINT ( 'NONE', #8076 ) ;
#5039 = VECTOR ( 'NONE', #9952, 39.37007874015748100 ) ;
#5040 = EDGE_CURVE ( 'NONE', #9151, #4848, #1112, .T. ) ;
#5041 = PLANE ( 'NONE',  #1197 ) ;
#5042 = AXIS2_PLACEMENT_3D ( 'NONE', #9175, #3922, #10040 ) ;
#5043 = ORIENTED_EDGE ( 'NONE', *, *, #5494, .T. ) ;
#5044 = UNCERTAINTY_MEASURE_WITH_UNIT (LENGTH_MEASURE( 1.000000000000000100E-005 ), #5576, 'distance_accuracy_value', 'NONE');
#5045 = CARTESIAN_POINT ( 'NONE',  ( 0.0003937007874015829800, 0.08858267716535434000, -0.01528740157480314700 ) ) ;
#5046 = ORIENTED_EDGE ( 'NONE', *, *, #3946, .T. ) ;
#5047 = UNCERTAINTY_MEASURE_WITH_UNIT (LENGTH_MEASURE( 1.000000000000000100E-005 ), #8917, 'distance_accuracy_value', 'NONE');
#5048 =( NAMED_UNIT ( * ) PLANE_ANGLE_UNIT ( ) SI_UNIT ( $, .RADIAN. ) );
#5049 =( NAMED_UNIT ( * ) SI_UNIT ( $, .STERADIAN. ) SOLID_ANGLE_UNIT ( ) );
#5050 = DIRECTION ( 'NONE',  ( 0.0000000000000000000, 0.0000000000000000000, -1.000000000000000000 ) ) ;
#5051 = FILL_AREA_STYLE ('',( #4165 ) ) ;
#5052 = FACE_OUTER_BOUND ( 'NONE', #2984, .T. ) ;
#5053 = DIRECTION ( 'NONE',  ( 0.0000000000000000000, -1.000000000000000000, 0.0000000000000000000 ) ) ;
#5054 = ADVANCED_FACE ( 'NONE', ( #7850 ), #7212, .F. ) ;
#5055 = UNCERTAINTY_MEASURE_WITH_UNIT (LENGTH_MEASURE( 1.000000000000000100E-005 ), #8771, 'distance_accuracy_value', 'NONE');
#5056 = CARTESIAN_POINT ( 'NONE',  ( -0.005118110236220475000, 0.009842519685039369900, 0.08661417322834648300 ) ) ;
#5057 = FILL_AREA_STYLE ('',( #2722 ) ) ;
#5058 = EDGE_CURVE ( 'NONE', #213, #4020, #4387, .T. ) ;
#5059 = ORIENTED_EDGE ( 'NONE', *, *, #9939, .T. ) ;
#5060 = EDGE_CURVE ( 'NONE', #8471, #8479, #19, .T. ) ;
#5061 = CARTESIAN_POINT ( 'NONE',  ( -0.07283464566929134800, 0.009842519685039369900, -0.02047244094488185500 ) ) ;
#5062 =( LENGTH_UNIT ( ) NAMED_UNIT ( * ) SI_UNIT ( $, .METRE. ) );
#5063 =( GEOMETRIC_REPRESENTATION_CONTEXT ( 3 ) GLOBAL_UNCERTAINTY_ASSIGNED_CONTEXT ( ( #4904 ) ) GLOBAL_UNIT_ASSIGNED_CONTEXT ( ( #9348, #4106, #10229 ) ) REPRESENTATION_CONTEXT ( 'NONE', 'WORKASPACE' ) );
#5064 =( NAMED_UNIT ( * ) SI_UNIT ( $, .STERADIAN. ) SOLID_ANGLE_UNIT ( ) );
#5065 =( LENGTH_UNIT ( ) NAMED_UNIT ( * ) SI_UNIT ( $, .METRE. ) );
#5066 = VECTOR ( 'NONE', #6905, 39.37007874015748100 ) ;
#5067 = DIRECTION ( 'NONE',  ( 0.0000000000000000000, -1.000000000000000000, 0.0000000000000000000 ) ) ;
#5068 = PLANE ( 'NONE',  #6005 ) ;
#5069 = DIRECTION ( 'NONE',  ( -0.0000000000000000000, 0.0000000000000000000, -1.000000000000000000 ) ) ;
#5070 = VECTOR ( 'NONE', #8730, 39.37007874015748100 ) ;
#5071 = SURFACE_STYLE_FILL_AREA ( #10591 ) ;
#5072 = DIRECTION ( 'NONE',  ( 0.0000000000000000000, 0.0000000000000000000, 1.000000000000000000 ) ) ;
#5073 = LENGTH_MEASURE_WITH_UNIT ( LENGTH_MEASURE( 0.02539999999999999900 ), #5782 );
#5074 = SURFACE_STYLE_USAGE ( .BOTH. , #5763 ) ;
#5075 = LINE ( 'NONE', #6820, #7420 ) ;
#5076 = PRESENTATION_LAYER_ASSIGNMENT (  '', '', ( #3887 ) ) ;
#5077 = DIRECTION ( 'NONE',  ( 0.0000000000000000000, 1.000000000000000000, 0.0000000000000000000 ) ) ;
#5078 = LENGTH_MEASURE_WITH_UNIT ( LENGTH_MEASURE( 0.02539999999999999900 ), #6381 );
#5079 = MANIFOLD_SOLID_BREP ( 'Boss-Extrude2[13]', #4685 ) ;
#5080 =( NAMED_UNIT ( * ) SI_UNIT ( $, .STERADIAN. ) SOLID_ANGLE_UNIT ( ) );
#5081 = CARTESIAN_POINT ( 'NONE',  ( -0.03070866141732283800, 0.009842519685039369900, -0.06889763779527555100 ) ) ;
#5082 =( GEOMETRIC_REPRESENTATION_CONTEXT ( 3 ) GLOBAL_UNCERTAINTY_ASSIGNED_CONTEXT ( ( #8899 ) ) GLOBAL_UNIT_ASSIGNED_CONTEXT ( ( #7653, #7605, #7567 ) ) REPRESENTATION_CONTEXT ( 'NONE', 'WORKASPACE' ) );
#5083 = ADVANCED_FACE ( 'NONE', ( #3302 ), #2200, .F. ) ;
#5084 =( CONVERSION_BASED_UNIT ( 'INCH', #10512 ) LENGTH_UNIT ( ) NAMED_UNIT ( #5478 ) );
#5085 = MECHANICAL_DESIGN_GEOMETRIC_PRESENTATION_REPRESENTATION (  '', ( #3311 ), #5669 ) ;
#5086 = PRESENTATION_STYLE_ASSIGNMENT (( #10492 ) ) ;
#5087 = CARTESIAN_POINT ( 'NONE',  ( 0.09055118110236223800, 0.009842519685039369900, 0.02047244094488188900 ) ) ;
#5088 = FACE_OUTER_BOUND ( 'NONE', #8676, .T. ) ;
#5089 = FILL_AREA_STYLE_COLOUR ( '', #8560 ) ;
#5090 = MECHANICAL_DESIGN_GEOMETRIC_PRESENTATION_REPRESENTATION (  '', ( #3314 ), #5673 ) ;
#5091 =( CONVERSION_BASED_UNIT ( 'INCH', #8404 ) LENGTH_UNIT ( ) NAMED_UNIT ( #7792 ) );
#5092 =( LENGTH_UNIT ( ) NAMED_UNIT ( * ) SI_UNIT ( $, .METRE. ) );
#5093 = PLANE ( 'NONE',  #679 ) ;
#5094 = PRESENTATION_STYLE_ASSIGNMENT (( #6106 ) ) ;
#5095 =( NAMED_UNIT ( * ) SI_UNIT ( $, .STERADIAN. ) SOLID_ANGLE_UNIT ( ) );
#5096 = ORIENTED_EDGE ( 'NONE', *, *, #7418, .T. ) ;
#5097 = MECHANICAL_DESIGN_GEOMETRIC_PRESENTATION_REPRESENTATION (  '', ( #3323 ), #5676 ) ;
#5098 = VECTOR ( 'NONE', #8849, 39.37007874015748100 ) ;
#5099 = VECTOR ( 'NONE', #7140, 39.37007874015748100 ) ;
#5100 = CARTESIAN_POINT ( 'NONE',  ( 0.07283464566929137600, 0.0000000000000000000, -0.05629921259842520000 ) ) ;
#5101 = LENGTH_MEASURE_WITH_UNIT ( LENGTH_MEASURE( 0.02539999999999999900 ), #4843 );
#5102 = CARTESIAN_POINT ( 'NONE',  ( -0.05629921259842520000, -0.02046108103966344500, -0.06889763779527555100 ) ) ;
#5103 = PRESENTATION_LAYER_ASSIGNMENT (  '', '', ( #3920 ) ) ;
#5104 = AXIS2_PLACEMENT_3D ( 'NONE', #6868, #6834, #6793 ) ;
#5105 = FACE_OUTER_BOUND ( 'NONE', #2407, .T. ) ;
#5106 = CARTESIAN_POINT ( 'NONE',  ( 0.02047244094488188600, 0.009842519685039369900, -0.08661417322834641400 ) ) ;
#5107 = LINE ( 'NONE', #6792, #9479 ) ;
#5108 = FILL_AREA_STYLE_COLOUR ( '', #8431 ) ;
#5109 = ORIENTED_EDGE ( 'NONE', *, *, #3928, .T. ) ;
#5110 =( LENGTH_UNIT ( ) NAMED_UNIT ( * ) SI_UNIT ( $, .METRE. ) );
#5111 = EDGE_CURVE ( 'NONE', #8585, #3586, #9203, .T. ) ;
#5112 = CARTESIAN_POINT ( 'NONE',  ( 0.0000000000000000000, 0.0000000000000000000, -0.08661417322834641400 ) ) ;
#5113 = FACE_OUTER_BOUND ( 'NONE', #4578, .T. ) ;
#5114 = VECTOR ( 'NONE', #8142, 39.37007874015748100 ) ;
#5115 = SURFACE_SIDE_STYLE ('',( #2792 ) ) ;
#5116 = LENGTH_MEASURE_WITH_UNIT ( LENGTH_MEASURE( 0.02539999999999999900 ), #2298 );
#5117 = EDGE_CURVE ( 'NONE', #5305, #3769, #4536, .T. ) ;
#5118 = DIRECTION ( 'NONE',  ( 0.0000000000000000000, -1.000000000000000000, -0.0000000000000000000 ) ) ;
#5119 = ORIENTED_EDGE ( 'NONE', *, *, #4674, .F. ) ;
#5120 = EDGE_LOOP ( 'NONE', ( #7980, #4614, #3125, #4082 ) ) ;
#5121 = FILL_AREA_STYLE ('',( #5273 ) ) ;
#5122 = PRESENTATION_STYLE_ASSIGNMENT (( #20 ) ) ;
#5123 = VECTOR ( 'NONE', #8041, 39.37007874015748100 ) ;
#5124 = LENGTH_MEASURE_WITH_UNIT ( LENGTH_MEASURE( 0.02539999999999999900 ), #6780 );
#5125 = UNCERTAINTY_MEASURE_WITH_UNIT (LENGTH_MEASURE( 1.000000000000000100E-005 ), #10261, 'distance_accuracy_value', 'NONE');
#5126 = VECTOR ( 'NONE', #10003, 39.37007874015748100 ) ;
#5127 = COLOUR_RGB ( '',0.9686274509803921600, 0.8784313725490196000, 0.5999999999999999800 ) ;
#5128 = CARTESIAN_POINT ( 'NONE',  ( 0.03070866141732283400, 0.0000000000000000000, 0.08661417322834648300 ) ) ;
#5129 = EDGE_CURVE ( 'NONE', #1432, #3933, #6883, .T. ) ;
#5130 =( CONVERSION_BASED_UNIT ( 'INCH', #5490 ) LENGTH_UNIT ( ) NAMED_UNIT ( #4541 ) );
#5131 = ORIENTED_EDGE ( 'NONE', *, *, #4960, .T. ) ;
#5132 = SURFACE_STYLE_USAGE ( .BOTH. , #10361 ) ;
#5133 = EDGE_LOOP ( 'NONE', ( #1266, #1179, #6701, #8322 ) ) ;
#5134 = EDGE_CURVE ( 'NONE', #5645, #1808, #2196, .T. ) ;
#5135 = CARTESIAN_POINT ( 'NONE',  ( -0.09055118110236221000, 0.0000000000000000000, -0.02047244094488185500 ) ) ;
#5136 = LINE ( 'NONE', #10210, #1822 ) ;
#5137 = SURFACE_STYLE_USAGE ( .BOTH. , #5177 ) ;
#5138 = STYLED_ITEM ( 'NONE', ( #10687 ), #8380 ) ;
#5139 = DIRECTION ( 'NONE',  ( -1.000000000000000000, -0.0000000000000000000, 0.0000000000000000000 ) ) ;
#5140 = CARTESIAN_POINT ( 'NONE',  ( 0.0000000000000000000, 0.009842519685039369900, 0.0000000000000000000 ) ) ;
#5141 = VERTEX_POINT ( 'NONE', #1389 ) ;
#5142 = DIMENSIONAL_EXPONENTS ( 1.000000000000000000, 0.0000000000000000000, 0.0000000000000000000, 0.0000000000000000000, 0.0000000000000000000, 0.0000000000000000000, 0.0000000000000000000 ) ;
#5143 = SURFACE_STYLE_FILL_AREA ( #40 ) ;
#5144 = ORIENTED_EDGE ( 'NONE', *, *, #4163, .T. ) ;
#5145 = ORIENTED_EDGE ( 'NONE', *, *, #7769, .F. ) ;
#5146 = SURFACE_SIDE_STYLE ('',( #4074 ) ) ;
#5147 = DIMENSIONAL_EXPONENTS ( 1.000000000000000000, 0.0000000000000000000, 0.0000000000000000000, 0.0000000000000000000, 0.0000000000000000000, 0.0000000000000000000, 0.0000000000000000000 ) ;
#5148 = CARTESIAN_POINT ( 'NONE',  ( 0.07283464566929139000, -0.02046108103966344500, -0.02047244094488188900 ) ) ;
#5149 = SURFACE_STYLE_USAGE ( .BOTH. , #8434 ) ;
#5150 = LENGTH_MEASURE_WITH_UNIT ( LENGTH_MEASURE( 0.02539999999999999900 ), #6710 );
#5151 = PRESENTATION_STYLE_ASSIGNMENT (( #4557 ) ) ;
#5152 = DIRECTION ( 'NONE',  ( 0.0000000000000000000, 1.000000000000000000, 0.0000000000000000000 ) ) ;
#5153 = ADVANCED_FACE ( 'NONE', ( #10942 ), #5770, .F. ) ;
#5154 = VERTEX_POINT ( 'NONE', #8414 ) ;
#5155 = PRESENTATION_STYLE_ASSIGNMENT (( #11198 ) ) ;
#5156 =( LENGTH_UNIT ( ) NAMED_UNIT ( * ) SI_UNIT ( $, .METRE. ) );
#5157 = VERTEX_POINT ( 'NONE', #8458 ) ;
#5158 = ORIENTED_EDGE ( 'NONE', *, *, #7180, .F. ) ;
#5159 = ORIENTED_EDGE ( 'NONE', *, *, #3482, .F. ) ;
#5160 = DIRECTION ( 'NONE',  ( -1.000000000000000000, -0.0000000000000000000, -0.0000000000000000000 ) ) ;
#5161 = CARTESIAN_POINT ( 'NONE',  ( -0.09055118110236221000, 0.009842519685039369900, 0.03070866141732286900 ) ) ;
#5162 = LINE ( 'NONE', #10092, #7505 ) ;
#5163 = SURFACE_STYLE_FILL_AREA ( #8506 ) ;
#5164 = STYLED_ITEM ( 'NONE', ( #3120 ), #6260 ) ;
#5165 = CLOSED_SHELL ( 'NONE', ( #4700, #2469, #4938, #9134, #1471, #9422 ) ) ;
#5166 = ORIENTED_EDGE ( 'NONE', *, *, #7913, .T. ) ;
#5167 = FILL_AREA_STYLE_COLOUR ( '', #350 ) ;
#5168 = LINE ( 'NONE', #10965, #7235 ) ;
#5169 =( LENGTH_UNIT ( ) NAMED_UNIT ( * ) SI_UNIT ( $, .METRE. ) );
#5170 = LINE ( 'NONE', #4495, #2817 ) ;
#5171 = MECHANICAL_DESIGN_GEOMETRIC_PRESENTATION_REPRESENTATION (  '', ( #3386 ), #5750 ) ;
#5172 = VECTOR ( 'NONE', #9444, 39.37007874015748100 ) ;
#5173 = ORIENTED_EDGE ( 'NONE', *, *, #347, .T. ) ;
#5174 = FILL_AREA_STYLE_COLOUR ( '', #4128 ) ;
#5175 =( LENGTH_UNIT ( ) NAMED_UNIT ( * ) SI_UNIT ( $, .METRE. ) );
#5177 = SURFACE_SIDE_STYLE ('',( #2920 ) ) ;
#5176 = CARTESIAN_POINT ( 'NONE',  ( -0.005118110236220475000, 0.0000000000000000000, -0.08661417322834641400 ) ) ;
#5178 = PRESENTATION_LAYER_ASSIGNMENT (  '', '', ( #3981 ) ) ;
#5179 =( NAMED_UNIT ( * ) PLANE_ANGLE_UNIT ( ) SI_UNIT ( $, .RADIAN. ) );
#5180 = STYLED_ITEM ( 'NONE', ( #43 ), #3033 ) ;
#5181 = STYLED_ITEM ( 'NONE', ( #5219 ), #5413 ) ;
#5182 = VERTEX_POINT ( 'NONE', #6675 ) ;
#5183 = SURFACE_STYLE_USAGE ( .BOTH. , #10400 ) ;
#5184 = MECHANICAL_DESIGN_GEOMETRIC_PRESENTATION_REPRESENTATION (  '', ( #3399 ), #5759 ) ;
#5185 = CARTESIAN_POINT ( 'NONE',  ( -0.07283464566929133400, 0.009842519685039369900, 0.03070866141732286900 ) ) ;
#5186 = DIRECTION ( 'NONE',  ( 0.0000000000000000000, 1.000000000000000000, 0.0000000000000000000 ) ) ;
#5187 = EDGE_LOOP ( 'NONE', ( #2979, #734, #9091, #2271 ) ) ;
#5188 = UNCERTAINTY_MEASURE_WITH_UNIT (LENGTH_MEASURE( 1.000000000000000100E-005 ), #6667, 'distance_accuracy_value', 'NONE');
#5189 = CARTESIAN_POINT ( 'NONE',  ( 0.0000000000000000000, 0.009842519685039369900, 0.0000000000000000000 ) ) ;
#5190 = DIRECTION ( 'NONE',  ( 0.0000000000000000000, 1.000000000000000000, 0.0000000000000000000 ) ) ;
#5191 = PRODUCT_DEFINITION ( 'UNKNOWN', '', #5764, #10632 ) ;
#5192 = FILL_AREA_STYLE ('',( #8669 ) ) ;
#5193 = EDGE_LOOP ( 'NONE', ( #5302, #6512, #8807, #4041 ) ) ;
#5194 = EDGE_CURVE ( 'NONE', #1826, #2285, #3162, .T. ) ;
#5195 = EDGE_CURVE ( 'NONE', #5700, #5645, #825, .T. ) ;
#5196 = SURFACE_STYLE_FILL_AREA ( #859 ) ;
#5197 =( GEOMETRIC_REPRESENTATION_CONTEXT ( 3 ) GLOBAL_UNCERTAINTY_ASSIGNED_CONTEXT ( ( #118 ) ) GLOBAL_UNIT_ASSIGNED_CONTEXT ( ( #6959, #1675, #7835 ) ) REPRESENTATION_CONTEXT ( 'NONE', 'WORKASPACE' ) );
#5198 = CARTESIAN_POINT ( 'NONE',  ( 0.0000000000000000000, 0.0000000000000000000, -0.08661417322834641400 ) ) ;
#5199 = ADVANCED_FACE ( 'NONE', ( #9872 ), #1467, .T. ) ;
#5200 = ORIENTED_EDGE ( 'NONE', *, *, #8632, .T. ) ;
#5201 = DIRECTION ( 'NONE',  ( 0.0000000000000000000, 0.0000000000000000000, -1.000000000000000000 ) ) ;
#5202 =( NAMED_UNIT ( * ) SI_UNIT ( $, .STERADIAN. ) SOLID_ANGLE_UNIT ( ) );
#5203 = LINE ( 'NONE', #10535, #9582 ) ;
#5204 = PLANE ( 'NONE',  #8328 ) ;
#5205 = CARTESIAN_POINT ( 'NONE',  ( 0.04606299212598425500, 0.009842519685039369900, -0.06889763779527555100 ) ) ;
#5206 = CARTESIAN_POINT ( 'NONE',  ( 0.0000000000000000000, 0.0000000000000000000, -0.06889763779527555100 ) ) ;
#5207 = SURFACE_SIDE_STYLE ('',( #6288 ) ) ;
#5208 =( NAMED_UNIT ( * ) SI_UNIT ( $, .STERADIAN. ) SOLID_ANGLE_UNIT ( ) );
#5209 = AXIS2_PLACEMENT_3D ( 'NONE', #5340, #73, #6193 ) ;
#5210 = COLOUR_RGB ( '',0.2509803921568627400, 0.2509803921568627400, 0.2509803921568627400 ) ;
#5211 = COLOUR_RGB ( '',0.9686274509803921600, 0.8784313725490196000, 0.5999999999999999800 ) ;
#5212 = CARTESIAN_POINT ( 'NONE',  ( -0.09055118110236218300, 0.009842519685039369900, 0.0000000000000000000 ) ) ;
#5213 = DIRECTION ( 'NONE',  ( 0.0000000000000000000, -0.0000000000000000000, 1.000000000000000000 ) ) ;
#5214 = STYLED_ITEM ( 'NONE', ( #1072 ), #5897 ) ;
#5215 = VECTOR ( 'NONE', #9057, 39.37007874015748100 ) ;
#5216 = STYLED_ITEM ( 'NONE', ( #8083 ), #3783 ) ;
#5217 = DIMENSIONAL_EXPONENTS ( 1.000000000000000000, 0.0000000000000000000, 0.0000000000000000000, 0.0000000000000000000, 0.0000000000000000000, 0.0000000000000000000, 0.0000000000000000000 ) ;
#5218 = DIRECTION ( 'NONE',  ( 0.0000000000000000000, 0.0000000000000000000, -1.000000000000000000 ) ) ;
#5219 = PRESENTATION_STYLE_ASSIGNMENT (( #2685 ) ) ;
#5220 = COLOUR_RGB ( '',0.2509803921568627400, 0.2509803921568627400, 0.2509803921568627400 ) ;
#5221 = VECTOR ( 'NONE', #11056, 39.37007874015748100 ) ;
#5222 = FILL_AREA_STYLE ('',( #4336 ) ) ;
#5223 = FACE_OUTER_BOUND ( 'NONE', #8604, .T. ) ;
#5224 = PRESENTATION_LAYER_ASSIGNMENT (  '', '', ( #4050 ) ) ;
#5225 = SURFACE_SIDE_STYLE ('',( #5021 ) ) ;
#5226 = AXIS2_PLACEMENT_3D ( 'NONE', #9146, #9102, #9065 ) ;
#5227 = ORIENTED_EDGE ( 'NONE', *, *, #5418, .F. ) ;
#5228 = SURFACE_STYLE_USAGE ( .BOTH. , #5278 ) ;
#5229 = STYLED_ITEM ( 'NONE', ( #5513 ), #5054 ) ;
#5230 = FACE_OUTER_BOUND ( 'NONE', #6259, .T. ) ;
#5231 = FILL_AREA_STYLE ('',( #8727 ) ) ;
#5232 =( CONVERSION_BASED_UNIT ( 'INCH', #10705 ) LENGTH_UNIT ( ) NAMED_UNIT ( #1199 ) );
#5233 = COLOUR_RGB ( '',0.9686274509803921600, 0.8784313725490196000, 0.5999999999999999800 ) ;
#5234 = STYLED_ITEM ( 'NONE', ( #6918 ), #6727 ) ;
#5235 =( LENGTH_UNIT ( ) NAMED_UNIT ( * ) SI_UNIT ( $, .METRE. ) );
#5237 = DIRECTION ( 'NONE',  ( 0.0000000000000000000, 1.000000000000000000, 0.0000000000000000000 ) ) ;
#5236 = SURFACE_SIDE_STYLE ('',( #7413 ) ) ;
#5238 = SURFACE_STYLE_FILL_AREA ( #3334 ) ;
#5239 = DIRECTION ( 'NONE',  ( 0.0000000000000000000, -0.0000000000000000000, 1.000000000000000000 ) ) ;
#5240 = LINE ( 'NONE', #2760, #4141 ) ;
#5241 = PRESENTATION_STYLE_ASSIGNMENT (( #7419 ) ) ;
#5242 = DIMENSIONAL_EXPONENTS ( 1.000000000000000000, 0.0000000000000000000, 0.0000000000000000000, 0.0000000000000000000, 0.0000000000000000000, 0.0000000000000000000, 0.0000000000000000000 ) ;
#5243 = LINE ( 'NONE', #9239, #9887 ) ;
#5244 = STYLED_ITEM ( 'NONE', ( #10405 ), #1835 ) ;
#5245 = ORIENTED_EDGE ( 'NONE', *, *, #4910, .T. ) ;
#5246 = DIRECTION ( 'NONE',  ( -1.000000000000000000, -0.0000000000000000000, 0.0000000000000000000 ) ) ;
#5247 = PLANE ( 'NONE',  #5330 ) ;
#5248 = DIRECTION ( 'NONE',  ( -1.000000000000000000, 0.0000000000000000000, 0.0000000000000000000 ) ) ;
#5249 =( NAMED_UNIT ( * ) PLANE_ANGLE_UNIT ( ) SI_UNIT ( $, .RADIAN. ) );
#5250 = PRESENTATION_STYLE_ASSIGNMENT (( #4502 ) ) ;
#5251 = DIMENSIONAL_EXPONENTS ( 1.000000000000000000, 0.0000000000000000000, 0.0000000000000000000, 0.0000000000000000000, 0.0000000000000000000, 0.0000000000000000000, 0.0000000000000000000 ) ;
#5252 = SURFACE_STYLE_FILL_AREA ( #8652 ) ;
#5253 =( GEOMETRIC_REPRESENTATION_CONTEXT ( 3 ) GLOBAL_UNCERTAINTY_ASSIGNED_CONTEXT ( ( #477 ) ) GLOBAL_UNIT_ASSIGNED_CONTEXT ( ( #7247, #7196, #7154 ) ) REPRESENTATION_CONTEXT ( 'NONE', 'WORKASPACE' ) );
#5254 = ADVANCED_FACE ( 'NONE', ( #6453 ), #6774, .F. ) ;
#5255 = LENGTH_MEASURE_WITH_UNIT ( LENGTH_MEASURE( 0.02539999999999999900 ), #3608 );
#5256 = UNCERTAINTY_MEASURE_WITH_UNIT (LENGTH_MEASURE( 1.000000000000000100E-005 ), #2854, 'distance_accuracy_value', 'NONE');
#5257 = ORIENTED_EDGE ( 'NONE', *, *, #1128, .T. ) ;
#5258 =( LENGTH_UNIT ( ) NAMED_UNIT ( * ) SI_UNIT ( $, .METRE. ) );
#5259 = EDGE_CURVE ( 'NONE', #5434, #4884, #962, .T. ) ;
#5260 = ORIENTED_EDGE ( 'NONE', *, *, #3859, .T. ) ;
#5261 =( LENGTH_UNIT ( ) NAMED_UNIT ( * ) SI_UNIT ( $, .METRE. ) );
#5262 = PRESENTATION_STYLE_ASSIGNMENT (( #10393 ) ) ;
#5263 = EDGE_CURVE ( 'NONE', #10446, #5018, #3296, .T. ) ;
#5264 = UNCERTAINTY_MEASURE_WITH_UNIT (LENGTH_MEASURE( 1.000000000000000100E-005 ), #4312, 'distance_accuracy_value', 'NONE');
#5265 = CARTESIAN_POINT ( 'NONE',  ( -0.005118110236220475000, 0.009842519685039369900, 0.08661417322834648300 ) ) ;
#5266 = VERTEX_POINT ( 'NONE', #9448 ) ;
#5267 = VECTOR ( 'NONE', #3583, 39.37007874015748100 ) ;
#5268 = VERTEX_POINT ( 'NONE', #4205 ) ;
#5269 = ORIENTED_EDGE ( 'NONE', *, *, #8564, .T. ) ;
#5270 = CARTESIAN_POINT ( 'NONE',  ( 0.07283464566929137600, 0.0000000000000000000, -0.005118110236220472400 ) ) ;
#5271 = VECTOR ( 'NONE', #3426, 39.37007874015748100 ) ;
#5272 = VECTOR ( 'NONE', #3168, 39.37007874015748100 ) ;
#5273 = FILL_AREA_STYLE_COLOUR ( '', #7228 ) ;
#5274 = LINE ( 'NONE', #8158, #9920 ) ;
#5275 = ORIENTED_EDGE ( 'NONE', *, *, #7769, .T. ) ;
#5276 = EDGE_CURVE ( 'NONE', #2204, #11269, #686, .T. ) ;
#5277 =( LENGTH_UNIT ( ) NAMED_UNIT ( * ) SI_UNIT ( $, .METRE. ) );
#5278 = SURFACE_SIDE_STYLE ('',( #10399 ) ) ;
#5279 = LINE ( 'NONE', #8713, #4172 ) ;
#5280 = CARTESIAN_POINT ( 'NONE',  ( -0.09055118110236218300, -0.02046108103966344500, 0.04606299212598428900 ) ) ;
#5281 = ORIENTED_EDGE ( 'NONE', *, *, #8491, .F. ) ;
#5282 = DIRECTION ( 'NONE',  ( -0.0000000000000000000, -1.000000000000000000, 0.0000000000000000000 ) ) ;
#5283 = EDGE_CURVE ( 'NONE', #2152, #87, #3019, .T. ) ;
#5284 = ORIENTED_EDGE ( 'NONE', *, *, #4222, .F. ) ;
#5285 = SURFACE_SIDE_STYLE ('',( #2765 ) ) ;
#5286 = FILL_AREA_STYLE ('',( #5997 ) ) ;
#5287 = MECHANICAL_DESIGN_GEOMETRIC_PRESENTATION_REPRESENTATION (  '', ( #3503 ), #5861 ) ;
#5288 = LINE ( 'NONE', #6009, #2642 ) ;
#5289 = PRESENTATION_STYLE_ASSIGNMENT (( #8821 ) ) ;
#5290 = VERTEX_POINT ( 'NONE', #7737 ) ;
#5292 = FILL_AREA_STYLE_COLOUR ( '', #2367 ) ;
#5291 = PRESENTATION_STYLE_ASSIGNMENT (( #3232 ) ) ;
#5293 = DIRECTION ( 'NONE',  ( 0.0000000000000000000, 0.0000000000000000000, -1.000000000000000000 ) ) ;
#5294 = SURFACE_SIDE_STYLE ('',( #5597 ) ) ;
#5295 = VERTEX_POINT ( 'NONE', #8612 ) ;
#5296 =( LENGTH_UNIT ( ) NAMED_UNIT ( * ) SI_UNIT ( $, .METRE. ) );
#5297 = LINE ( 'NONE', #6390, #891 ) ;
#5298 = FILL_AREA_STYLE ('',( #1825 ) ) ;
#5299 = VERTEX_POINT ( 'NONE', #3353 ) ;
#5300 = LINE ( 'NONE', #7784, #9948 ) ;
#5301 = ADVANCED_FACE ( 'NONE', ( #557 ), #2447, .F. ) ;
#5302 = ORIENTED_EDGE ( 'NONE', *, *, #1361, .T. ) ;
#5303 = DIRECTION ( 'NONE',  ( 0.0000000000000000000, 1.000000000000000000, 0.0000000000000000000 ) ) ;
#5304 = LINE ( 'NONE', #11286, #2663 ) ;
#5305 = VERTEX_POINT ( 'NONE', #7781 ) ;
#5306 = AXIS2_PLACEMENT_3D ( 'NONE', #10131, #2088, #8346 ) ;
#5307 = PLANE ( 'NONE',  #1442 ) ;
#5308 = ORIENTED_EDGE ( 'NONE', *, *, #4894, .F. ) ;
#5309 = FILL_AREA_STYLE_COLOUR ( '', #8518 ) ;
#5310 = ORIENTED_EDGE ( 'NONE', *, *, #8779, .T. ) ;
#5311 = PRESENTATION_LAYER_ASSIGNMENT (  '', '', ( #4116 ) ) ;
#5312 = LINE ( 'NONE', #3937, #9963 ) ;
#5313 = AXIS2_PLACEMENT_3D ( 'NONE', #3678, #4763, #3083 ) ;
#5314 = VERTEX_POINT ( 'NONE', #9529 ) ;
#5315 = PRESENTATION_LAYER_ASSIGNMENT (  '', '', ( #4120 ) ) ;
#5316 = VERTEX_POINT ( 'NONE', #5955 ) ;
#5317 =( LENGTH_UNIT ( ) NAMED_UNIT ( * ) SI_UNIT ( $, .METRE. ) );
#5318 = VERTEX_POINT ( 'NONE', #4268 ) ;
#5319 = ADVANCED_FACE ( 'NONE', ( #8513 ), #6022, .F. ) ;
#5320 = CARTESIAN_POINT ( 'NONE',  ( -0.04606299212598425500, 0.0000000000000000000, 0.06889763779527562100 ) ) ;
#5321 = FILL_AREA_STYLE ('',( #5433 ) ) ;
#5322 = LINE ( 'NONE', #6036, #793 ) ;
#5323 = PRESENTATION_LAYER_ASSIGNMENT (  '', '', ( #4131 ) ) ;
#5324 = FILL_AREA_STYLE_COLOUR ( '', #10817 ) ;
#5325 = CARTESIAN_POINT ( 'NONE',  ( 0.09055118110236223800, 0.009842519685039369900, 0.02047244094488188900 ) ) ;
#5326 = DIRECTION ( 'NONE',  ( -1.000000000000000000, 0.0000000000000000000, -0.0000000000000000000 ) ) ;
#5327 = PLANE ( 'NONE',  #5459 ) ;
#5328 = LINE ( 'NONE', #7323, #368 ) ;
#5329 = PLANE ( 'NONE',  #2855 ) ;
#5330 = AXIS2_PLACEMENT_3D ( 'NONE', #4377, #10505, #5293 ) ;
#5331 =( CONVERSION_BASED_UNIT ( 'INCH', #5255 ) LENGTH_UNIT ( ) NAMED_UNIT ( #7528 ) );
#5332 =( GEOMETRIC_REPRESENTATION_CONTEXT ( 3 ) GLOBAL_UNCERTAINTY_ASSIGNED_CONTEXT ( ( #9468 ) ) GLOBAL_UNIT_ASSIGNED_CONTEXT ( ( #382, #354, #268 ) ) REPRESENTATION_CONTEXT ( 'NONE', 'WORKASPACE' ) );
#5333 = VERTEX_POINT ( 'NONE', #4310 ) ;
#5334 = UNCERTAINTY_MEASURE_WITH_UNIT (LENGTH_MEASURE( 1.000000000000000100E-005 ), #6072, 'distance_accuracy_value', 'NONE');
#5335 = CARTESIAN_POINT ( 'NONE',  ( 0.05629921259842520000, 0.0000000000000000000, -0.08661417322834641400 ) ) ;
#5336 = DIRECTION ( 'NONE',  ( 0.0000000000000000000, -0.0000000000000000000, 1.000000000000000000 ) ) ;
#5337 = PRESENTATION_LAYER_ASSIGNMENT (  '', '', ( #4147 ) ) ;
#5338 =( NAMED_UNIT ( * ) PLANE_ANGLE_UNIT ( ) SI_UNIT ( $, .RADIAN. ) );
#5339 = UNCERTAINTY_MEASURE_WITH_UNIT (LENGTH_MEASURE( 1.000000000000000100E-005 ), #6034, 'distance_accuracy_value', 'NONE');
#5340 = CARTESIAN_POINT ( 'NONE',  ( 0.09055118110236223800, -0.02046108103966344500, -0.03070866141732283800 ) ) ;
#5341 = VECTOR ( 'NONE', #126, 39.37007874015748100 ) ;
#5342 = VERTEX_POINT ( 'NONE', #812 ) ;
#5343 = DIMENSIONAL_EXPONENTS ( 1.000000000000000000, 0.0000000000000000000, 0.0000000000000000000, 0.0000000000000000000, 0.0000000000000000000, 0.0000000000000000000, 0.0000000000000000000 ) ;
#5344 = CARTESIAN_POINT ( 'NONE',  ( 0.04606299212598424800, 0.0000000000000000000, 0.08661417322834648300 ) ) ;
#5345 = CARTESIAN_POINT ( 'NONE',  ( 0.0000000000000000000, 0.0000000000000000000, -0.08661417322834641400 ) ) ;
#5346 = DIRECTION ( 'NONE',  ( -0.0000000000000000000, -0.0000000000000000000, -1.000000000000000000 ) ) ;
#5347 = EDGE_CURVE ( 'NONE', #4848, #1150, #9610, .T. ) ;
#5348 = SURFACE_STYLE_FILL_AREA ( #2996 ) ;
#5349 =( NAMED_UNIT ( * ) SI_UNIT ( $, .STERADIAN. ) SOLID_ANGLE_UNIT ( ) );
#5350 = EDGE_CURVE ( 'NONE', #4196, #4171, #3025, .T. ) ;
#5351 = VECTOR ( 'NONE', #398, 39.37007874015748100 ) ;
#5352 = LINE ( 'NONE', #83, #7690 ) ;
#5353 = MECHANICAL_DESIGN_GEOMETRIC_PRESENTATION_REPRESENTATION (  '', ( #3552 ), #5919 ) ;
#5354 = ADVANCED_FACE ( 'NONE', ( #10811 ), #10454, .F. ) ;
#5355 = CARTESIAN_POINT ( 'NONE',  ( 0.09055118110236223800, 0.009842519685039369900, 0.03070866141732283800 ) ) ;
#5356 = FILL_AREA_STYLE_COLOUR ( '', #3420 ) ;
#5357 = CARTESIAN_POINT ( 'NONE',  ( 0.04606299212598424800, 0.009842519685039369900, -0.08661417322834641400 ) ) ;
#5358 =( NAMED_UNIT ( * ) PLANE_ANGLE_UNIT ( ) SI_UNIT ( $, .RADIAN. ) );
#5359 = FILL_AREA_STYLE_COLOUR ( '', #4156 ) ;
#5360 =( NAMED_UNIT ( * ) SI_UNIT ( $, .STERADIAN. ) SOLID_ANGLE_UNIT ( ) );
#5361 = FACE_OUTER_BOUND ( 'NONE', #10243, .T. ) ;
#5362 = CARTESIAN_POINT ( 'NONE',  ( 0.005118110236220473200, 0.009842519685039369900, -0.06889763779527555100 ) ) ;
#5363 = DIMENSIONAL_EXPONENTS ( 1.000000000000000000, 0.0000000000000000000, 0.0000000000000000000, 0.0000000000000000000, 0.0000000000000000000, 0.0000000000000000000, 0.0000000000000000000 ) ;
#5364 =( NAMED_UNIT ( * ) PLANE_ANGLE_UNIT ( ) SI_UNIT ( $, .RADIAN. ) );
#5365 = FILL_AREA_STYLE_COLOUR ( '', #3529 ) ;
#5366 = VECTOR ( 'NONE', #7702, 39.37007874015748100 ) ;
#5367 = DIRECTION ( 'NONE',  ( 1.000000000000000000, 0.0000000000000000000, -4.818676322157796400E-016 ) ) ;
#5368 = DIMENSIONAL_EXPONENTS ( 1.000000000000000000, 0.0000000000000000000, 0.0000000000000000000, 0.0000000000000000000, 0.0000000000000000000, 0.0000000000000000000, 0.0000000000000000000 ) ;
#5369 =( NAMED_UNIT ( * ) PLANE_ANGLE_UNIT ( ) SI_UNIT ( $, .RADIAN. ) );
#5370 = COLOUR_RGB ( '',0.9686274509803921600, 0.8784313725490196000, 0.5999999999999999800 ) ;
#5371 = ADVANCED_FACE ( 'NONE', ( #4255 ), #6970, .F. ) ;
#5372 = EDGE_LOOP ( 'NONE', ( #10513, #4751, #3860, #10442 ) ) ;
#5373 = CARTESIAN_POINT ( 'NONE',  ( 0.03070866141732283400, -0.02046108103966344500, -0.08661417322834641400 ) ) ;
#5374 = STYLED_ITEM ( 'NONE', ( #221 ), #4124 ) ;
#5375 =( LENGTH_UNIT ( ) NAMED_UNIT ( * ) SI_UNIT ( $, .METRE. ) );
#5376 = CARTESIAN_POINT ( 'NONE',  ( 0.07283464566929137600, -0.02046108103966344500, 0.005118110236220474100 ) ) ;
#5377 = LINE ( 'NONE', #898, #7444 ) ;
#5378 = SURFACE_SIDE_STYLE ('',( #5071 ) ) ;
#5379 = EDGE_LOOP ( 'NONE', ( #9648, #10621, #71, #4392 ) ) ;
#5380 = STYLED_ITEM ( 'NONE', ( #197 ), #1005 ) ;
#5381 = DIRECTION ( 'NONE',  ( -1.000000000000000000, -0.0000000000000000000, 0.0000000000000000000 ) ) ;
#5382 = APPLICATION_PROTOCOL_DEFINITION ( 'draft international standard', 'automotive_design', 1998, #6258 ) ;
#5383 = FACE_OUTER_BOUND ( 'NONE', #2218, .T. ) ;
#5384 = VECTOR ( 'NONE', #6335, 39.37007874015748100 ) ;
#5385 = LINE ( 'NONE', #2879, #5114 ) ;
#5386 = AXIS2_PLACEMENT_3D ( 'NONE', #7340, #2058, #8197 ) ;
#5387 = COLOUR_RGB ( '',0.2509803921568627400, 0.2509803921568627400, 0.2509803921568627400 ) ;
#5388 = PRESENTATION_STYLE_ASSIGNMENT (( #5529 ) ) ;
#5389 = DIRECTION ( 'NONE',  ( 2.409338161078899700E-016, 0.0000000000000000000, -1.000000000000000000 ) ) ;
#5390 = ORIENTED_EDGE ( 'NONE', *, *, #1720, .F. ) ;
#5391 = ORIENTED_EDGE ( 'NONE', *, *, #8359, .F. ) ;
#5392 = DIRECTION ( 'NONE',  ( 0.0000000000000000000, -1.000000000000000000, 0.0000000000000000000 ) ) ;
#5393 = PRESENTATION_LAYER_ASSIGNMENT (  '', '', ( #4790 ) ) ;
#5394 =( CONVERSION_BASED_UNIT ( 'INCH', #7027 ) LENGTH_UNIT ( ) NAMED_UNIT ( #8221 ) );
#5395 = PRESENTATION_STYLE_ASSIGNMENT (( #8339 ) ) ;
#5396 = DIRECTION ( 'NONE',  ( 0.0000000000000000000, 1.000000000000000000, 0.0000000000000000000 ) ) ;
#5397 = DIRECTION ( 'NONE',  ( 0.0000000000000000000, -0.0000000000000000000, -1.000000000000000000 ) ) ;
#5398 = UNCERTAINTY_MEASURE_WITH_UNIT (LENGTH_MEASURE( 1.000000000000000100E-005 ), #113, 'distance_accuracy_value', 'NONE');
#5399 = UNCERTAINTY_MEASURE_WITH_UNIT (LENGTH_MEASURE( 1.000000000000000100E-005 ), #3560, 'distance_accuracy_value', 'NONE');
#5400 = EDGE_CURVE ( 'NONE', #10389, #5460, #5499, .T. ) ;
#5401 = DIRECTION ( 'NONE',  ( 1.000000000000000000, 0.0000000000000000000, -0.0000000000000000000 ) ) ;
#5402 =( NAMED_UNIT ( * ) SI_UNIT ( $, .STERADIAN. ) SOLID_ANGLE_UNIT ( ) );
#5403 = DIRECTION ( 'NONE',  ( 1.000000000000000000, 0.0000000000000000000, -2.168404344971005700E-015 ) ) ;
#5404 = EDGE_LOOP ( 'NONE', ( #6771, #7325, #7657, #4080 ) ) ;
#5405 = FILL_AREA_STYLE_COLOUR ( '', #3388 ) ;
#5406 = MECHANICAL_DESIGN_GEOMETRIC_PRESENTATION_REPRESENTATION (  '', ( #3619 ), #5983 ) ;
#5407 = VERTEX_POINT ( 'NONE', #56 ) ;
#5408 = SURFACE_STYLE_USAGE ( .BOTH. , #5452 ) ;
#5409 = LINE ( 'NONE', #1469, #9774 ) ;
#5410 = UNCERTAINTY_MEASURE_WITH_UNIT (LENGTH_MEASURE( 1.000000000000000100E-005 ), #9502, 'distance_accuracy_value', 'NONE');
#5411 = FACE_OUTER_BOUND ( 'NONE', #190, .T. ) ;
#5412 = EDGE_LOOP ( 'NONE', ( #10254, #11004, #6639, #9663 ) ) ;
#5413 = ADVANCED_FACE ( 'NONE', ( #820 ), #6175, .F. ) ;
#5414 = EDGE_CURVE ( 'NONE', #1008, #9077, #11078, .T. ) ;
#5415 = VERTEX_POINT ( 'NONE', #1852 ) ;
#5416 = ORIENTED_EDGE ( 'NONE', *, *, #8269, .F. ) ;
#5417 = PLANE ( 'NONE',  #8497 ) ;
#5418 = EDGE_CURVE ( 'NONE', #7747, #9382, #4374, .T. ) ;
#5419 =( NAMED_UNIT ( * ) SI_UNIT ( $, .STERADIAN. ) SOLID_ANGLE_UNIT ( ) );
#5420 = CARTESIAN_POINT ( 'NONE',  ( -0.04606299212598425500, 0.009842519685039369900, 0.06889763779527562100 ) ) ;
#5421 = MECHANICAL_DESIGN_GEOMETRIC_PRESENTATION_REPRESENTATION (  '', ( #3638 ), #5990 ) ;
#5422 = FACE_OUTER_BOUND ( 'NONE', #79, .T. ) ;
#5423 = LINE ( 'NONE', #5373, #9790 ) ;
#5424 = DIRECTION ( 'NONE',  ( 0.0000000000000000000, -0.0000000000000000000, 1.000000000000000000 ) ) ;
#5425 = PRODUCT_CONTEXT ( 'NONE', #6258, 'mechanical' ) ;
#5426 = VERTEX_POINT ( 'NONE', #7994 ) ;
#5427 = VERTEX_POINT ( 'NONE', #9742 ) ;
#5428 = ADVANCED_FACE ( 'NONE', ( #10802 ), #127, .F. ) ;
#5429 = EDGE_LOOP ( 'NONE', ( #4204, #6392, #10812, #2967 ) ) ;
#5430 = STYLED_ITEM ( 'NONE', ( #6789 ), #53 ) ;
#5431 = CARTESIAN_POINT ( 'NONE',  ( 0.09055118110236225200, 0.0000000000000000000, 0.0000000000000000000 ) ) ;
#5432 =( CONVERSION_BASED_UNIT ( 'INCH', #6439 ) LENGTH_UNIT ( ) NAMED_UNIT ( #760 ) );
#5433 = FILL_AREA_STYLE_COLOUR ( '', #3680 ) ;
#5434 = VERTEX_POINT ( 'NONE', #9783 ) ;
#5435 = CARTESIAN_POINT ( 'NONE',  ( 0.005118110236220471500, 0.0000000000000000000, -0.08661417322834641400 ) ) ;
#5436 = DIRECTION ( 'NONE',  ( -4.818676322157799300E-016, 0.0000000000000000000, 1.000000000000000000 ) ) ;
#5437 = SURFACE_SIDE_STYLE ('',( #2766 ) ) ;
#5439 = EDGE_CURVE ( 'NONE', #1536, #8526, #6446, .T. ) ;
#5438 = VECTOR ( 'NONE', #7468, 39.37007874015748100 ) ;
#5440 = FILL_AREA_STYLE ('',( #4538 ) ) ;
#5441 = STYLED_ITEM ( 'NONE', ( #1700 ), #8925 ) ;
#5442 = MANIFOLD_SOLID_BREP ( 'Boss-Extrude2[20]', #3442 ) ;
#5443 = DIRECTION ( 'NONE',  ( 0.0000000000000000000, 1.000000000000000000, 0.0000000000000000000 ) ) ;
#5444 = ORIENTED_EDGE ( 'NONE', *, *, #7836, .F. ) ;
#5445 = CARTESIAN_POINT ( 'NONE',  ( 0.09055118110236222400, 0.009842519685039369900, -0.04606299212598424800 ) ) ;
#5446 = PRESENTATION_STYLE_ASSIGNMENT (( #226 ) ) ;
#5447 = DIRECTION ( 'NONE',  ( 0.0000000000000000000, 0.0000000000000000000, -1.000000000000000000 ) ) ;
#5448 = PLANE ( 'NONE',  #4504 ) ;
#5449 = VECTOR ( 'NONE', #4403, 39.37007874015748100 ) ;
#5450 = VECTOR ( 'NONE', #8524, 39.37007874015748100 ) ;
#5451 = ORIENTED_EDGE ( 'NONE', *, *, #2588, .T. ) ;
#5452 = SURFACE_SIDE_STYLE ('',( #8140 ) ) ;
#5453 =( NAMED_UNIT ( * ) SI_UNIT ( $, .STERADIAN. ) SOLID_ANGLE_UNIT ( ) );
#5454 =( CONVERSION_BASED_UNIT ( 'INCH', #2511 ) LENGTH_UNIT ( ) NAMED_UNIT ( #1452 ) );
#5455 =( GEOMETRIC_REPRESENTATION_CONTEXT ( 3 ) GLOBAL_UNCERTAINTY_ASSIGNED_CONTEXT ( ( #4936 ) ) GLOBAL_UNIT_ASSIGNED_CONTEXT ( ( #1126, #1093, #699 ) ) REPRESENTATION_CONTEXT ( 'NONE', 'WORKASPACE' ) );
#5456 = DIRECTION ( 'NONE',  ( 1.000000000000000000, -0.0000000000000000000, 0.0000000000000000000 ) ) ;
#5457 = DIRECTION ( 'NONE',  ( 0.0000000000000000000, 0.0000000000000000000, -1.000000000000000000 ) ) ;
#5458 = SURFACE_STYLE_USAGE ( .BOTH. , #10666 ) ;
#5459 = AXIS2_PLACEMENT_3D ( 'NONE', #7160, #1888, #8042 ) ;
#5460 = VERTEX_POINT ( 'NONE', #6300 ) ;
#5461 = STYLED_ITEM ( 'NONE', ( #5635 ), #2469 ) ;
#5462 = PRESENTATION_STYLE_ASSIGNMENT (( #10289 ) ) ;
#5463 =( NAMED_UNIT ( * ) PLANE_ANGLE_UNIT ( ) SI_UNIT ( $, .RADIAN. ) );
#5464 = FACE_OUTER_BOUND ( 'NONE', #4692, .T. ) ;
#5465 = ADVANCED_FACE ( 'NONE', ( #5361 ), #7249, .F. ) ;
#5466 = CARTESIAN_POINT ( 'NONE',  ( -0.09055118110236221000, 0.0000000000000000000, 0.02047244094488192400 ) ) ;
#5467 = CARTESIAN_POINT ( 'NONE',  ( -0.09055118110236221000, 0.009842519685039369900, -0.02047244094488185500 ) ) ;
#5468 = PLANE ( 'NONE',  #9321 ) ;
#5469 = EDGE_LOOP ( 'NONE', ( #484, #6815, #10298, #10188 ) ) ;
#5470 = FILL_AREA_STYLE ('',( #2684 ) ) ;
#5471 =( NAMED_UNIT ( * ) SI_UNIT ( $, .STERADIAN. ) SOLID_ANGLE_UNIT ( ) );
#5472 = CARTESIAN_POINT ( 'NONE',  ( -0.005118110236220473200, 0.009842519685039369900, -0.06889763779527555100 ) ) ;
#5473 = SURFACE_STYLE_FILL_AREA ( #454 ) ;
#5474 =( GEOMETRIC_REPRESENTATION_CONTEXT ( 3 ) GLOBAL_UNCERTAINTY_ASSIGNED_CONTEXT ( ( #578 ) ) GLOBAL_UNIT_ASSIGNED_CONTEXT ( ( #4805, #10907, #5703 ) ) REPRESENTATION_CONTEXT ( 'NONE', 'WORKASPACE' ) );
#5475 = CARTESIAN_POINT ( 'NONE',  ( 0.0000000000000000000, 0.009842519685039369900, 0.0000000000000000000 ) ) ;
#5476 = MECHANICAL_DESIGN_GEOMETRIC_PRESENTATION_REPRESENTATION (  '', ( #3685 ), #6038 ) ;
#5477 = UNCERTAINTY_MEASURE_WITH_UNIT (LENGTH_MEASURE( 1.000000000000000100E-005 ), #4816, 'distance_accuracy_value', 'NONE');
#5478 = DIMENSIONAL_EXPONENTS ( 1.000000000000000000, 0.0000000000000000000, 0.0000000000000000000, 0.0000000000000000000, 0.0000000000000000000, 0.0000000000000000000, 0.0000000000000000000 ) ;
#5479 = VECTOR ( 'NONE', #1262, 39.37007874015748100 ) ;
#5480 = ORIENTED_EDGE ( 'NONE', *, *, #7396, .T. ) ;
#5481 = DIRECTION ( 'NONE',  ( -0.0000000000000000000, -0.0000000000000000000, -1.000000000000000000 ) ) ;
#5482 = DIRECTION ( 'NONE',  ( 0.0000000000000000000, -0.0000000000000000000, 1.000000000000000000 ) ) ;
#5483 = DIRECTION ( 'NONE',  ( -0.0000000000000000000, -0.0000000000000000000, 1.000000000000000000 ) ) ;
#5484 = EDGE_CURVE ( 'NONE', #355, #7726, #1090, .T. ) ;
#5485 = DIMENSIONAL_EXPONENTS ( 1.000000000000000000, 0.0000000000000000000, 0.0000000000000000000, 0.0000000000000000000, 0.0000000000000000000, 0.0000000000000000000, 0.0000000000000000000 ) ;
#5486 = FILL_AREA_STYLE ('',( #6424 ) ) ;
#5487 = EDGE_CURVE ( 'NONE', #6347, #3408, #681, .T. ) ;
#5488 = CARTESIAN_POINT ( 'NONE',  ( 0.09055118110236222400, 0.0000000000000000000, -0.05629921259842520000 ) ) ;
#5489 = DIRECTION ( 'NONE',  ( -1.000000000000000000, 0.0000000000000000000, -0.0000000000000000000 ) ) ;
#5490 = LENGTH_MEASURE_WITH_UNIT ( LENGTH_MEASURE( 0.02539999999999999900 ), #5169 );
#5491 = CARTESIAN_POINT ( 'NONE',  ( 0.07283464566929137600, -0.02046108103966344500, -0.05629921259842520000 ) ) ;
#5492 = VECTOR ( 'NONE', #2871, 39.37007874015748100 ) ;
#5493 = VECTOR ( 'NONE', #3904, 39.37007874015748100 ) ;
#5494 = EDGE_CURVE ( 'NONE', #10715, #1569, #7828, .T. ) ;
#5495 = CARTESIAN_POINT ( 'NONE',  ( -0.09055118110236221000, 0.0000000000000000000, 0.02047244094488192400 ) ) ;
#5496 = EDGE_CURVE ( 'NONE', #1044, #6475, #10134, .T. ) ;
#5497 = PRESENTATION_LAYER_ASSIGNMENT (  '', '', ( #4317 ) ) ;
#5498 = COLOUR_RGB ( '',0.9686274509803921600, 0.8784313725490196000, 0.5999999999999999800 ) ;
#5499 = LINE ( 'NONE', #5325, #7839 ) ;
#5500 = DIRECTION ( 'NONE',  ( -1.204669080539449800E-016, 0.0000000000000000000, 1.000000000000000000 ) ) ;
#5501 = CARTESIAN_POINT ( 'NONE',  ( -0.04606299212598425500, 0.009842519685039369900, -0.06889763779527555100 ) ) ;
#5502 = DIRECTION ( 'NONE',  ( -0.0000000000000000000, -0.0000000000000000000, 1.000000000000000000 ) ) ;
#5503 = CARTESIAN_POINT ( 'NONE',  ( -0.07283464566929133400, -0.02046108103966344500, 0.04606299212598428900 ) ) ;
#5504 =( CONVERSION_BASED_UNIT ( 'INCH', #7861 ) LENGTH_UNIT ( ) NAMED_UNIT ( #6503 ) );
#5505 = VECTOR ( 'NONE', #4964, 39.37007874015748100 ) ;
#5506 = LINE ( 'NONE', #10201, #5221 ) ;
#5507 = FILL_AREA_STYLE ('',( #10677 ) ) ;
#5508 =( NAMED_UNIT ( * ) PLANE_ANGLE_UNIT ( ) SI_UNIT ( $, .RADIAN. ) );
#5509 = DIRECTION ( 'NONE',  ( -1.000000000000000000, -0.0000000000000000000, 0.0000000000000000000 ) ) ;
#5510 =( NAMED_UNIT ( * ) PLANE_ANGLE_UNIT ( ) SI_UNIT ( $, .RADIAN. ) );
#5511 = ORIENTED_EDGE ( 'NONE', *, *, #7976, .T. ) ;
#5512 = CARTESIAN_POINT ( 'NONE',  ( -0.09055118110236221000, -0.02046108103966344500, -0.03070866141732280000 ) ) ;
#5513 = PRESENTATION_STYLE_ASSIGNMENT (( #1971 ) ) ;
#5514 =( GEOMETRIC_REPRESENTATION_CONTEXT ( 3 ) GLOBAL_UNCERTAINTY_ASSIGNED_CONTEXT ( ( #2529 ) ) GLOBAL_UNIT_ASSIGNED_CONTEXT ( ( #4901, #4854, #4811 ) ) REPRESENTATION_CONTEXT ( 'NONE', 'WORKASPACE' ) );
#5515 = CARTESIAN_POINT ( 'NONE',  ( -0.07283464566929134800, 0.009842519685039369900, -0.03070866141732280000 ) ) ;
#5516 = COLOUR_RGB ( '',0.9686274509803921600, 0.8784313725490196000, 0.5999999999999999800 ) ;
#5517 = ADVANCED_FACE ( 'NONE', ( #3146 ), #7314, .F. ) ;
#5518 = LINE ( 'NONE', #9127, #10163 ) ;
#5519 = DIRECTION ( 'NONE',  ( 0.0000000000000000000, -0.0000000000000000000, -1.000000000000000000 ) ) ;
#5520 = STYLED_ITEM ( 'NONE', ( #9624 ), #2000 ) ;
#5521 = ORIENTED_EDGE ( 'NONE', *, *, #6437, .F. ) ;
#5522 = AXIS2_PLACEMENT_3D ( 'NONE', #1390, #7557, #2280 ) ;
#5523 = FACE_OUTER_BOUND ( 'NONE', #4337, .T. ) ;
#5524 = CARTESIAN_POINT ( 'NONE',  ( 0.0000000000000000000, 0.0000000000000000000, 0.02047244094488188900 ) ) ;
#5525 = CARTESIAN_POINT ( 'NONE',  ( -0.07283464566929134800, 0.0000000000000000000, -0.05629921259842515800 ) ) ;
#5526 = SURFACE_SIDE_STYLE ('',( #9308 ) ) ;
#5527 = COLOUR_RGB ( '',0.2509803921568627400, 0.2509803921568627400, 0.2509803921568627400 ) ;
#5528 = ORIENTED_EDGE ( 'NONE', *, *, #2107, .T. ) ;
#5529 = SURFACE_STYLE_USAGE ( .BOTH. , #10750 ) ;
#5530 = ORIENTED_EDGE ( 'NONE', *, *, #685, .T. ) ;
#5531 = LENGTH_MEASURE_WITH_UNIT ( LENGTH_MEASURE( 0.02539999999999999900 ), #3844 );
#5532 =( CONVERSION_BASED_UNIT ( 'INCH', #7019 ) LENGTH_UNIT ( ) NAMED_UNIT ( #7095 ) );
#5533 = STYLED_ITEM ( 'NONE', ( #2707 ), #10451 ) ;
#5534 = SURFACE_STYLE_FILL_AREA ( #9533 ) ;
#5535 = LINE ( 'NONE', #4372, #854 ) ;
#5536 = MECHANICAL_DESIGN_GEOMETRIC_PRESENTATION_REPRESENTATION (  '', ( #4348 ), #6112 ) ;
#5537 = VERTEX_POINT ( 'NONE', #1160 ) ;
#5538 = DIRECTION ( 'NONE',  ( -1.000000000000000000, 0.0000000000000000000, -1.204669080539449800E-016 ) ) ;
#5539 = CARTESIAN_POINT ( 'NONE',  ( -0.09055118110236218300, 0.009842519685039369900, 0.04606299212598428900 ) ) ;
#5540 = LENGTH_MEASURE_WITH_UNIT ( LENGTH_MEASURE( 0.02539999999999999900 ), #1063 );
#5541 = FILL_AREA_STYLE ('',( #7700 ) ) ;
#5542 =( GEOMETRIC_REPRESENTATION_CONTEXT ( 3 ) GLOBAL_UNCERTAINTY_ASSIGNED_CONTEXT ( ( #10633 ) ) GLOBAL_UNIT_ASSIGNED_CONTEXT ( ( #8993, #3715, #9857 ) ) REPRESENTATION_CONTEXT ( 'NONE', 'WORKASPACE' ) );
#5543 = UNCERTAINTY_MEASURE_WITH_UNIT (LENGTH_MEASURE( 1.000000000000000100E-005 ), #1503, 'distance_accuracy_value', 'NONE');
#5544 = CARTESIAN_POINT ( 'NONE',  ( -0.05629921259842520600, 0.009842519685039369900, -0.06889763779527555100 ) ) ;
#5545 = DIRECTION ( 'NONE',  ( -0.0000000000000000000, -0.0000000000000000000, -1.000000000000000000 ) ) ;
#5546 = EDGE_LOOP ( 'NONE', ( #9409, #8579, #5786, #8442 ) ) ;
#5547 = PLANE ( 'NONE',  #10141 ) ;
#5548 = VERTEX_POINT ( 'NONE', #1195 ) ;
#5549 = AXIS2_PLACEMENT_3D ( 'NONE', #5800, #549, #6699 ) ;
#5550 = VECTOR ( 'NONE', #6856, 39.37007874015748100 ) ;
#5551 = PRESENTATION_STYLE_ASSIGNMENT (( #6711 ) ) ;
#5552 = LINE ( 'NONE', #1590, #4169 ) ;
#5553 = DIRECTION ( 'NONE',  ( 0.0000000000000000000, -0.0000000000000000000, 1.000000000000000000 ) ) ;
#5554 = ORIENTED_EDGE ( 'NONE', *, *, #1489, .T. ) ;
#5555 =( CONVERSION_BASED_UNIT ( 'INCH', #877 ) LENGTH_UNIT ( ) NAMED_UNIT ( #8668 ) );
#5556 = ORIENTED_EDGE ( 'NONE', *, *, #2826, .F. ) ;
#5557 = VERTEX_POINT ( 'NONE', #4644 ) ;
#5558 = PLANE ( 'NONE',  #7288 ) ;
#5559 =( CONVERSION_BASED_UNIT ( 'INCH', #10876 ) LENGTH_UNIT ( ) NAMED_UNIT ( #10722 ) );
#5560 =( NAMED_UNIT ( * ) PLANE_ANGLE_UNIT ( ) SI_UNIT ( $, .RADIAN. ) );
#5561 = VERTEX_POINT ( 'NONE', #2074 ) ;
#5562 = VECTOR ( 'NONE', #4814, 39.37007874015748100 ) ;
#5563 = VECTOR ( 'NONE', #8778, 39.37007874015748100 ) ;
#5564 = ORIENTED_EDGE ( 'NONE', *, *, #187, .F. ) ;
#5565 = EDGE_CURVE ( 'NONE', #10715, #5637, #11067, .T. ) ;
#5566 = CARTESIAN_POINT ( 'NONE',  ( 0.0000000000000000000, 0.0000000000000000000, 0.005118110236220508800 ) ) ;
#5567 = EDGE_CURVE ( 'NONE', #9555, #7211, #8776, .T. ) ;
#5568 =( CONVERSION_BASED_UNIT ( 'INCH', #3018 ) LENGTH_UNIT ( ) NAMED_UNIT ( #10055 ) );
#5569 = ORIENTED_EDGE ( 'NONE', *, *, #7418, .F. ) ;
#5570 = PRESENTATION_LAYER_ASSIGNMENT (  '', '', ( #4366 ) ) ;
#5571 = DIRECTION ( 'NONE',  ( -0.0000000000000000000, 0.0000000000000000000, -1.000000000000000000 ) ) ;
#5572 = CARTESIAN_POINT ( 'NONE',  ( 0.09055118110236223800, 0.0000000000000000000, -0.005118110236220472400 ) ) ;
#5573 = ORIENTED_EDGE ( 'NONE', *, *, #10594, .F. ) ;
#5574 = ORIENTED_EDGE ( 'NONE', *, *, #8343, .F. ) ;
#5575 = ADVANCED_FACE ( 'NONE', ( #10795 ), #9096, .F. ) ;
#5576 =( CONVERSION_BASED_UNIT ( 'INCH', #7648 ) LENGTH_UNIT ( ) NAMED_UNIT ( #10401 ) );
#5577 = CARTESIAN_POINT ( 'NONE',  ( 0.07283464566929137600, 0.009842519685039369900, 0.02047244094488188600 ) ) ;
#5578 = CARTESIAN_POINT ( 'NONE',  ( 0.09055118110236222400, 0.0000000000000000000, -0.05629921259842520000 ) ) ;
#5579 = CARTESIAN_POINT ( 'NONE',  ( -0.05629921259842520600, -0.02046108103966344500, 0.08661417322834648300 ) ) ;
#5580 = CARTESIAN_POINT ( 'NONE',  ( -0.03070866141732283800, -0.02046108103966344500, -0.06889763779527555100 ) ) ;
#5581 = SURFACE_STYLE_FILL_AREA ( #550 ) ;
#5582 =( GEOMETRIC_REPRESENTATION_CONTEXT ( 3 ) GLOBAL_UNCERTAINTY_ASSIGNED_CONTEXT ( ( #9552 ) ) GLOBAL_UNIT_ASSIGNED_CONTEXT ( ( #10771, #5560, #289 ) ) REPRESENTATION_CONTEXT ( 'NONE', 'WORKASPACE' ) );
#5583 = DIMENSIONAL_EXPONENTS ( 1.000000000000000000, 0.0000000000000000000, 0.0000000000000000000, 0.0000000000000000000, 0.0000000000000000000, 0.0000000000000000000, 0.0000000000000000000 ) ;
#5584 = ORIENTED_EDGE ( 'NONE', *, *, #2025, .F. ) ;
#5585 = DIRECTION ( 'NONE',  ( 0.0000000000000000000, -0.0000000000000000000, 1.000000000000000000 ) ) ;
#5586 = SURFACE_STYLE_USAGE ( .BOTH. , #5618 ) ;
#5587 =( LENGTH_UNIT ( ) NAMED_UNIT ( * ) SI_UNIT ( $, .METRE. ) );
#5588 =( GEOMETRIC_REPRESENTATION_CONTEXT ( 3 ) GLOBAL_UNCERTAINTY_ASSIGNED_CONTEXT ( ( #10973 ) ) GLOBAL_UNIT_ASSIGNED_CONTEXT ( ( #9383, #4136, #10257 ) ) REPRESENTATION_CONTEXT ( 'NONE', 'WORKASPACE' ) );
#5589 = VECTOR ( 'NONE', #9557, 39.37007874015748100 ) ;
#5590 =( GEOMETRIC_REPRESENTATION_CONTEXT ( 3 ) GLOBAL_UNCERTAINTY_ASSIGNED_CONTEXT ( ( #1657 ) ) GLOBAL_UNIT_ASSIGNED_CONTEXT ( ( #2185, #2166, #2113 ) ) REPRESENTATION_CONTEXT ( 'NONE', 'WORKASPACE' ) );
#5591 = DIMENSIONAL_EXPONENTS ( 1.000000000000000000, 0.0000000000000000000, 0.0000000000000000000, 0.0000000000000000000, 0.0000000000000000000, 0.0000000000000000000, 0.0000000000000000000 ) ;
#5592 = DIRECTION ( 'NONE',  ( -0.0000000000000000000, -0.0000000000000000000, -1.000000000000000000 ) ) ;
#5593 =( CONVERSION_BASED_UNIT ( 'INCH', #3092 ) LENGTH_UNIT ( ) NAMED_UNIT ( #6380 ) );
#5594 = DIRECTION ( 'NONE',  ( 0.0000000000000000000, -0.0000000000000000000, 1.000000000000000000 ) ) ;
#5595 = DIRECTION ( 'NONE',  ( 0.0000000000000000000, -1.000000000000000000, 0.0000000000000000000 ) ) ;
#5596 = LINE ( 'NONE', #9342, #2156 ) ;
#5597 = SURFACE_STYLE_FILL_AREA ( #10506 ) ;
#5598 =( NAMED_UNIT ( * ) SI_UNIT ( $, .STERADIAN. ) SOLID_ANGLE_UNIT ( ) );
#5599 = LENGTH_MEASURE_WITH_UNIT ( LENGTH_MEASURE( 0.02539999999999999900 ), #7965 );
#5600 =( GEOMETRIC_REPRESENTATION_CONTEXT ( 3 ) GLOBAL_UNCERTAINTY_ASSIGNED_CONTEXT ( ( #4970 ) ) GLOBAL_UNIT_ASSIGNED_CONTEXT ( ( #4519, #10630, #5419 ) ) REPRESENTATION_CONTEXT ( 'NONE', 'WORKASPACE' ) );
#5601 = CARTESIAN_POINT ( 'NONE',  ( -0.07283464566929134800, 0.009842519685039369900, -0.02047244094488185500 ) ) ;
#5602 = MECHANICAL_DESIGN_GEOMETRIC_PRESENTATION_REPRESENTATION (  '', ( #3819 ), #6168 ) ;
#5603 = ORIENTED_EDGE ( 'NONE', *, *, #114, .F. ) ;
#5604 =( GEOMETRIC_REPRESENTATION_CONTEXT ( 3 ) GLOBAL_UNCERTAINTY_ASSIGNED_CONTEXT ( ( #8270 ) ) GLOBAL_UNIT_ASSIGNED_CONTEXT ( ( #4934, #11029, #5812 ) ) REPRESENTATION_CONTEXT ( 'NONE', 'WORKASPACE' ) );
#5605 =( NAMED_UNIT ( * ) SI_UNIT ( $, .STERADIAN. ) SOLID_ANGLE_UNIT ( ) );
#5607 = PRESENTATION_STYLE_ASSIGNMENT (( #3816 ) ) ;
#5606 = PRESENTATION_LAYER_ASSIGNMENT (  '', '', ( #4410 ) ) ;
#5608 = CARTESIAN_POINT ( 'NONE',  ( -0.07283464566929133400, 0.0000000000000000000, 0.04606299212598428900 ) ) ;
#5609 = CARTESIAN_POINT ( 'NONE',  ( -0.09055118110236221000, -0.02046108103966344500, -0.02047244094488185500 ) ) ;
#5610 = SURFACE_SIDE_STYLE ('',( #6103 ) ) ;
#5611 = FILL_AREA_STYLE_COLOUR ( '', #1758 ) ;
#5612 = FACE_OUTER_BOUND ( 'NONE', #9439, .T. ) ;
#5613 = EDGE_CURVE ( 'NONE', #3769, #9890, #5352, .T. ) ;
#5614 = FILL_AREA_STYLE_COLOUR ( '', #7984 ) ;
#5615 = STYLED_ITEM ( 'NONE', ( #5970 ), #11143 ) ;
#5616 = DIRECTION ( 'NONE',  ( 0.0000000000000000000, 1.000000000000000000, 0.0000000000000000000 ) ) ;
#5617 = CARTESIAN_POINT ( 'NONE',  ( -0.09055118110236218300, 0.009842519685039369900, 0.04606299212598428900 ) ) ;
#5618 = SURFACE_SIDE_STYLE ('',( #8954 ) ) ;
#5619 = LINE ( 'NONE', #10180, #8904 ) ;
#5620 = SURFACE_STYLE_USAGE ( .BOTH. , #5652 ) ;
#5621 = DIRECTION ( 'NONE',  ( 0.0000000000000000000, -0.0000000000000000000, 1.000000000000000000 ) ) ;
#5622 = FILL_AREA_STYLE_COLOUR ( '', #5826 ) ;
#5623 = EDGE_CURVE ( 'NONE', #252, #10730, #3004, .T. ) ;
#5624 = LENGTH_MEASURE_WITH_UNIT ( LENGTH_MEASURE( 0.02539999999999999900 ), #7278 );
#5625 = CARTESIAN_POINT ( 'NONE',  ( 0.07283464566929137600, 0.009842519685039369900, 0.0000000000000000000 ) ) ;
#5626 = EDGE_CURVE ( 'NONE', #2960, #9890, #9719, .T. ) ;
#5627 = SURFACE_STYLE_USAGE ( .BOTH. , #10840 ) ;
#5628 = ADVANCED_FACE ( 'NONE', ( #9451 ), #8866, .F. ) ;
#5629 = PRESENTATION_LAYER_ASSIGNMENT (  '', '', ( #4440 ) ) ;
#5630 = FACE_OUTER_BOUND ( 'NONE', #459, .T. ) ;
#5631 = VECTOR ( 'NONE', #1496, 39.37007874015748100 ) ;
#5632 = DIRECTION ( 'NONE',  ( 1.000000000000000000, -0.0000000000000000000, 0.0000000000000000000 ) ) ;
#5633 = CARTESIAN_POINT ( 'NONE',  ( 0.05629921259842520000, 0.009842519685039369900, -0.08661417322834641400 ) ) ;
#5634 = CARTESIAN_POINT ( 'NONE',  ( 0.04606299212598424800, 0.009842519685039369900, 0.08661417322834648300 ) ) ;
#5635 = PRESENTATION_STYLE_ASSIGNMENT (( #1333 ) ) ;
#5636 = EDGE_CURVE ( 'NONE', #3493, #8732, #1620, .T. ) ;
#5637 = VERTEX_POINT ( 'NONE', #4520 ) ;
#5638 = CARTESIAN_POINT ( 'NONE',  ( -0.04606299212598425500, 0.009842519685039369900, -0.08661417322834641400 ) ) ;
#5639 = EDGE_CURVE ( 'NONE', #2614, #5154, #3957, .T. ) ;
#5640 = VECTOR ( 'NONE', #8870, 39.37007874015748100 ) ;
#5641 = FILL_AREA_STYLE ('',( #3869 ) ) ;
#5642 = CARTESIAN_POINT ( 'NONE',  ( -0.09055118110236221000, 0.009842519685039369900, -0.005118110236220439400 ) ) ;
#5643 = LENGTH_MEASURE_WITH_UNIT ( LENGTH_MEASURE( 0.02539999999999999900 ), #7793 );
#5644 = CARTESIAN_POINT ( 'NONE',  ( -0.07283464566929134800, 0.009842519685039369900, -0.04606299212598422000 ) ) ;
#5645 = VERTEX_POINT ( 'NONE', #6287 ) ;
#5646 = VECTOR ( 'NONE', #8033, 39.37007874015748100 ) ;
#5647 = PRESENTATION_STYLE_ASSIGNMENT (( #9138 ) ) ;
#5648 = PRESENTATION_STYLE_ASSIGNMENT (( #2406 ) ) ;
#5649 =( LENGTH_UNIT ( ) NAMED_UNIT ( * ) SI_UNIT ( $, .METRE. ) );
#5650 = DIRECTION ( 'NONE',  ( 0.0000000000000000000, 1.000000000000000000, 0.0000000000000000000 ) ) ;
#5651 = CARTESIAN_POINT ( 'NONE',  ( 0.09055118110236223800, 0.009842519685039369900, 0.005118110236220474100 ) ) ;
#5652 = SURFACE_SIDE_STYLE ('',( #3754 ) ) ;
#5653 = LINE ( 'NONE', #10701, #3321 ) ;
#5654 = DIRECTION ( 'NONE',  ( 0.0000000000000000000, -0.0000000000000000000, 1.000000000000000000 ) ) ;
#5655 = VERTEX_POINT ( 'NONE', #1043 ) ;
#5656 = ORIENTED_EDGE ( 'NONE', *, *, #5979, .F. ) ;
#5657 = MECHANICAL_DESIGN_GEOMETRIC_PRESENTATION_REPRESENTATION (  '', ( #3887 ), #6248 ) ;
#5658 = CARTESIAN_POINT ( 'NONE',  ( 0.09055118110236223800, 0.009842519685039369900, 0.005118110236220474100 ) ) ;
#5659 = VECTOR ( 'NONE', #4652, 39.37007874015748100 ) ;
#5660 = DIRECTION ( 'NONE',  ( 1.000000000000000000, 0.0000000000000000000, -0.0000000000000000000 ) ) ;
#5661 = LENGTH_MEASURE_WITH_UNIT ( LENGTH_MEASURE( 0.02539999999999999900 ), #5235 );
#5662 =( LENGTH_UNIT ( ) NAMED_UNIT ( * ) SI_UNIT ( $, .METRE. ) );
#5663 = SURFACE_STYLE_FILL_AREA ( #11108 ) ;
#5664 = CARTESIAN_POINT ( 'NONE',  ( 0.0000000000000000000, 0.009842519685039369900, -0.005118110236220472400 ) ) ;
#5665 = STYLED_ITEM ( 'NONE', ( #5122 ), #9656 ) ;
#5666 = LENGTH_MEASURE_WITH_UNIT ( LENGTH_MEASURE( 0.02539999999999999900 ), #10967 );
#5667 = DIRECTION ( 'NONE',  ( -1.000000000000000000, -0.0000000000000000000, -0.0000000000000000000 ) ) ;
#5668 = UNCERTAINTY_MEASURE_WITH_UNIT (LENGTH_MEASURE( 1.000000000000000100E-005 ), #1194, 'distance_accuracy_value', 'NONE');
#5669 =( GEOMETRIC_REPRESENTATION_CONTEXT ( 3 ) GLOBAL_UNCERTAINTY_ASSIGNED_CONTEXT ( ( #1173 ) ) GLOBAL_UNIT_ASSIGNED_CONTEXT ( ( #2637, #8798, #3528 ) ) REPRESENTATION_CONTEXT ( 'NONE', 'WORKASPACE' ) );
#5670 = VERTEX_POINT ( 'NONE', #2789 ) ;
#5671 = CARTESIAN_POINT ( 'NONE',  ( -0.05629921259842520600, -0.02046108103966344500, -0.08661417322834641400 ) ) ;
#5672 = VERTEX_POINT ( 'NONE', #9767 ) ;
#5673 =( GEOMETRIC_REPRESENTATION_CONTEXT ( 3 ) GLOBAL_UNCERTAINTY_ASSIGNED_CONTEXT ( ( #2013 ) ) GLOBAL_UNIT_ASSIGNED_CONTEXT ( ( #11337, #6120, #871 ) ) REPRESENTATION_CONTEXT ( 'NONE', 'WORKASPACE' ) );
#5674 = DIRECTION ( 'NONE',  ( 0.0000000000000000000, -0.0000000000000000000, 1.000000000000000000 ) ) ;
#5675 = ORIENTED_EDGE ( 'NONE', *, *, #7177, .F. ) ;
#5676 =( GEOMETRIC_REPRESENTATION_CONTEXT ( 3 ) GLOBAL_UNCERTAINTY_ASSIGNED_CONTEXT ( ( #44 ) ) GLOBAL_UNIT_ASSIGNED_CONTEXT ( ( #208, #1806, #10604 ) ) REPRESENTATION_CONTEXT ( 'NONE', 'WORKASPACE' ) );
#5677 = DIRECTION ( 'NONE',  ( 0.0000000000000000000, 0.0000000000000000000, -1.000000000000000000 ) ) ;
#5678 = ORIENTED_EDGE ( 'NONE', *, *, #414, .T. ) ;
#5679 = ORIENTED_EDGE ( 'NONE', *, *, #10663, .T. ) ;
#5680 = DIRECTION ( 'NONE',  ( 1.000000000000000000, 0.0000000000000000000, -0.0000000000000000000 ) ) ;
#5681 = MECHANICAL_DESIGN_GEOMETRIC_PRESENTATION_REPRESENTATION (  '', ( #3920 ), #6268 ) ;
#5682 = COLOUR_RGB ( '',0.9686274509803921600, 0.8784313725490196000, 0.5999999999999999800 ) ;
#5683 = LINE ( 'NONE', #2307, #3344 ) ;
#5684 = PRESENTATION_LAYER_ASSIGNMENT (  '', '', ( #4506 ) ) ;
#5685 = ADVANCED_FACE ( 'NONE', ( #8635 ), #9806, .F. ) ;
#5686 = CARTESIAN_POINT ( 'NONE',  ( 0.09055118110236225200, 0.009842519685039369900, 0.04606299212598425500 ) ) ;
#5687 = LINE ( 'NONE', #4780, #8022 ) ;
#5688 = CARTESIAN_POINT ( 'NONE',  ( 0.07283464566929137600, 0.009842519685039369900, 0.005118110236220474100 ) ) ;
#5689 = LINE ( 'NONE', #3205, #8976 ) ;
#5690 = ORIENTED_EDGE ( 'NONE', *, *, #1276, .T. ) ;
#5691 = CARTESIAN_POINT ( 'NONE',  ( -0.09055118110236218300, 0.009842519685039369900, 0.05629921259842523400 ) ) ;
#5692 = EDGE_CURVE ( 'NONE', #9021, #2301, #9583, .T. ) ;
#5693 = ORIENTED_EDGE ( 'NONE', *, *, #8719, .F. ) ;
#5694 = ORIENTED_EDGE ( 'NONE', *, *, #2386, .T. ) ;
#5695 = DIMENSIONAL_EXPONENTS ( 1.000000000000000000, 0.0000000000000000000, 0.0000000000000000000, 0.0000000000000000000, 0.0000000000000000000, 0.0000000000000000000, 0.0000000000000000000 ) ;
#5696 = EDGE_CURVE ( 'NONE', #3487, #1000, #535, .T. ) ;
#5697 =( NAMED_UNIT ( * ) SI_UNIT ( $, .STERADIAN. ) SOLID_ANGLE_UNIT ( ) );
#5698 = DIRECTION ( 'NONE',  ( 0.0000000000000000000, 0.0000000000000000000, -1.000000000000000000 ) ) ;
#5699 = LENGTH_MEASURE_WITH_UNIT ( LENGTH_MEASURE( 0.02539999999999999900 ), #9443 );
#5700 = VERTEX_POINT ( 'NONE', #236 ) ;
#5701 = FILL_AREA_STYLE ('',( #6507 ) ) ;
#5702 = FILL_AREA_STYLE ('',( #5874 ) ) ;
#5703 =( NAMED_UNIT ( * ) SI_UNIT ( $, .STERADIAN. ) SOLID_ANGLE_UNIT ( ) );
#5704 = PRESENTATION_STYLE_ASSIGNMENT (( #4697 ) ) ;
#5705 = ORIENTED_EDGE ( 'NONE', *, *, #4749, .F. ) ;
#5706 = DIRECTION ( 'NONE',  ( 0.0000000000000000000, 0.0000000000000000000, 1.000000000000000000 ) ) ;
#5707 = VECTOR ( 'NONE', #4792, 39.37007874015748100 ) ;
#5708 = DIMENSIONAL_EXPONENTS ( 1.000000000000000000, 0.0000000000000000000, 0.0000000000000000000, 0.0000000000000000000, 0.0000000000000000000, 0.0000000000000000000, 0.0000000000000000000 ) ;
#5709 = CARTESIAN_POINT ( 'NONE',  ( -0.09055118110236221000, 0.0000000000000000000, -0.02047244094488185500 ) ) ;
#5710 =( CONVERSION_BASED_UNIT ( 'INCH', #1510 ) LENGTH_UNIT ( ) NAMED_UNIT ( #7429 ) );
#5711 = DIRECTION ( 'NONE',  ( -1.000000000000000000, -0.0000000000000000000, -0.0000000000000000000 ) ) ;
#5712 =( NAMED_UNIT ( * ) SI_UNIT ( $, .STERADIAN. ) SOLID_ANGLE_UNIT ( ) );
#5713 = ORIENTED_EDGE ( 'NONE', *, *, #3134, .T. ) ;
#5714 =( CONVERSION_BASED_UNIT ( 'INCH', #4298 ) LENGTH_UNIT ( ) NAMED_UNIT ( #6751 ) );
#5715 = LENGTH_MEASURE_WITH_UNIT ( LENGTH_MEASURE( 0.02539999999999999900 ), #1336 );
#5716 = PRODUCT_DEFINITION_SHAPE ( 'NONE', 'NONE',  #5191 ) ;
#5717 = EDGE_CURVE ( 'NONE', #6836, #855, #7275, .T. ) ;
#5718 = ORIENTED_EDGE ( 'NONE', *, *, #11094, .F. ) ;
#5719 = SURFACE_SIDE_STYLE ('',( #10557 ) ) ;
#5720 = EDGE_CURVE ( 'NONE', #9555, #1661, #254, .T. ) ;
#5721 = CARTESIAN_POINT ( 'NONE',  ( 0.07283464566929137600, 0.0000000000000000000, 0.0000000000000000000 ) ) ;
#5722 = PLANE ( 'NONE',  #9320 ) ;
#5723 = AXIS2_PLACEMENT_3D ( 'NONE', #7533, #2251, #8387 ) ;
#5724 = FILL_AREA_STYLE ('',( #11038 ) ) ;
#5725 = FILL_AREA_STYLE ('',( #10002 ) ) ;
#5726 = ORIENTED_EDGE ( 'NONE', *, *, #8201, .T. ) ;
#5727 = FACE_OUTER_BOUND ( 'NONE', #7450, .T. ) ;
#5728 = DIRECTION ( 'NONE',  ( 0.0000000000000000000, 0.0000000000000000000, 1.000000000000000000 ) ) ;
#5729 =( NAMED_UNIT ( * ) PLANE_ANGLE_UNIT ( ) SI_UNIT ( $, .RADIAN. ) );
#5730 = DIRECTION ( 'NONE',  ( -1.000000000000000000, 0.0000000000000000000, 0.0000000000000000000 ) ) ;
#5731 = ORIENTED_EDGE ( 'NONE', *, *, #6126, .T. ) ;
#5732 = CARTESIAN_POINT ( 'NONE',  ( -0.07874015748031494600, 0.0000000000000000000, -0.06692913385826766700 ) ) ;
#5733 = VECTOR ( 'NONE', #6749, 39.37007874015748100 ) ;
#5734 =( NAMED_UNIT ( * ) PLANE_ANGLE_UNIT ( ) SI_UNIT ( $, .RADIAN. ) );
#5735 =( NAMED_UNIT ( * ) SI_UNIT ( $, .STERADIAN. ) SOLID_ANGLE_UNIT ( ) );
#5736 = CARTESIAN_POINT ( 'NONE',  ( 0.05629921259842520000, 0.009842519685039369900, -0.08661417322834641400 ) ) ;
#5737 = EDGE_LOOP ( 'NONE', ( #4032, #10155, #11256, #2932 ) ) ;
#5738 = AXIS2_PLACEMENT_3D ( 'NONE', #105, #6234, #988 ) ;
#5739 = CARTESIAN_POINT ( 'NONE',  ( -0.09055118110236218300, 0.009842519685039369900, 0.05629921259842523400 ) ) ;
#5740 = STYLED_ITEM ( 'NONE', ( #1980 ), #4329 ) ;
#5741 = LINE ( 'NONE', #7458, #10382 ) ;
#5742 = CARTESIAN_POINT ( 'NONE',  ( -0.03070866141732283800, 0.009842519685039369900, 0.06889763779527562100 ) ) ;
#5743 = SURFACE_STYLE_USAGE ( .BOTH. , #10949 ) ;
#5744 = ADVANCED_FACE ( 'NONE', ( #6988 ), #9878, .F. ) ;
#5745 = UNCERTAINTY_MEASURE_WITH_UNIT (LENGTH_MEASURE( 1.000000000000000100E-005 ), #10669, 'distance_accuracy_value', 'NONE');
#5746 = DIRECTION ( 'NONE',  ( 1.000000000000000000, 0.0000000000000000000, -0.0000000000000000000 ) ) ;
#5747 = UNCERTAINTY_MEASURE_WITH_UNIT (LENGTH_MEASURE( 1.000000000000000100E-005 ), #2210, 'distance_accuracy_value', 'NONE');
#5748 = SURFACE_STYLE_FILL_AREA ( #1084 ) ;
#5749 = VERTEX_POINT ( 'NONE', #3744 ) ;
#5750 =( GEOMETRIC_REPRESENTATION_CONTEXT ( 3 ) GLOBAL_UNCERTAINTY_ASSIGNED_CONTEXT ( ( #9044 ) ) GLOBAL_UNIT_ASSIGNED_CONTEXT ( ( #6843, #3339, #2334 ) ) REPRESENTATION_CONTEXT ( 'NONE', 'WORKASPACE' ) );
#5751 =( CONVERSION_BASED_UNIT ( 'INCH', #6901 ) LENGTH_UNIT ( ) NAMED_UNIT ( #70 ) );
#5752 =( CONVERSION_BASED_UNIT ( 'INCH', #3820 ) LENGTH_UNIT ( ) NAMED_UNIT ( #8344 ) );
#5753 = FILL_AREA_STYLE ('',( #10924 ) ) ;
#5754 = MECHANICAL_DESIGN_GEOMETRIC_PRESENTATION_REPRESENTATION (  '', ( #3981 ), #6324 ) ;
#5755 = UNCERTAINTY_MEASURE_WITH_UNIT (LENGTH_MEASURE( 1.000000000000000100E-005 ), #3990, 'distance_accuracy_value', 'NONE');
#5756 = DIRECTION ( 'NONE',  ( -1.000000000000000000, -0.0000000000000000000, 0.0000000000000000000 ) ) ;
#5757 = AXIS2_PLACEMENT_3D ( 'NONE', #138, #103, #3537 ) ;
#5758 = AXIS2_PLACEMENT_3D ( 'NONE', #3527, #9680, #4407 ) ;
#5759 =( GEOMETRIC_REPRESENTATION_CONTEXT ( 3 ) GLOBAL_UNCERTAINTY_ASSIGNED_CONTEXT ( ( #4681 ) ) GLOBAL_UNIT_ASSIGNED_CONTEXT ( ( #397, #6544, #1269 ) ) REPRESENTATION_CONTEXT ( 'NONE', 'WORKASPACE' ) );
#5760 = DIRECTION ( 'NONE',  ( 0.0000000000000000000, 1.000000000000000000, 0.0000000000000000000 ) ) ;
#5761 = LINE ( 'NONE', #4708, #5493 ) ;
#5762 = VECTOR ( 'NONE', #10560, 39.37007874015748100 ) ;
#5763 = SURFACE_SIDE_STYLE ('',( #10721 ) ) ;
#5764 = PRODUCT_DEFINITION_FORMATION_WITH_SPECIFIED_SOURCE ( 'ANY', '', #9980, .NOT_KNOWN. ) ;
#5765 = CARTESIAN_POINT ( 'NONE',  ( 0.0000000000000000000, 0.009842519685039369900, 0.0000000000000000000 ) ) ;
#5766 = CARTESIAN_POINT ( 'NONE',  ( -0.09055118110236221000, 0.0000000000000000000, 0.03070866141732286900 ) ) ;
#5767 = PRESENTATION_STYLE_ASSIGNMENT (( #6142 ) ) ;
#5768 = EDGE_CURVE ( 'NONE', #184, #10976, #5871, .T. ) ;
#5769 = CARTESIAN_POINT ( 'NONE',  ( 0.02047244094488188900, 0.009842519685039369900, 0.06889763779527562100 ) ) ;
#5770 = PLANE ( 'NONE',  #7391 ) ;
#5771 =( NAMED_UNIT ( * ) PLANE_ANGLE_UNIT ( ) SI_UNIT ( $, .RADIAN. ) );
#5772 = EDGE_CURVE ( 'NONE', #9109, #10998, #3530, .T. ) ;
#5773 = UNCERTAINTY_MEASURE_WITH_UNIT (LENGTH_MEASURE( 1.000000000000000100E-005 ), #3779, 'distance_accuracy_value', 'NONE');
#5774 = DIMENSIONAL_EXPONENTS ( 1.000000000000000000, 0.0000000000000000000, 0.0000000000000000000, 0.0000000000000000000, 0.0000000000000000000, 0.0000000000000000000, 0.0000000000000000000 ) ;
#5775 = CARTESIAN_POINT ( 'NONE',  ( 0.09055118110236223800, -0.02046108103966344500, -0.02047244094488188900 ) ) ;
#5776 = STYLED_ITEM ( 'NONE', ( #1828 ), #7987 ) ;
#5777 = FACE_OUTER_BOUND ( 'NONE', #10624, .T. ) ;
#5778 = CARTESIAN_POINT ( 'NONE',  ( -0.07283464566929134800, 0.009842519685039369900, 0.005118110236220508800 ) ) ;
#5779 = ORIENTED_EDGE ( 'NONE', *, *, #5259, .T. ) ;
#5780 = DIRECTION ( 'NONE',  ( -0.7071067811865468000, 0.0000000000000000000, 0.7071067811865483500 ) ) ;
#5781 = LINE ( 'NONE', #1931, #8108 ) ;
#5782 =( LENGTH_UNIT ( ) NAMED_UNIT ( * ) SI_UNIT ( $, .METRE. ) );
#5783 = FILL_AREA_STYLE_COLOUR ( '', #6888 ) ;
#5784 = CARTESIAN_POINT ( 'NONE',  ( 0.0000000000000000000, 0.009842519685039369900, 0.0000000000000000000 ) ) ;
#5785 = FILL_AREA_STYLE ('',( #4919 ) ) ;
#5786 = ORIENTED_EDGE ( 'NONE', *, *, #4295, .T. ) ;
#5787 = LINE ( 'NONE', #3803, #3445 ) ;
#5788 = PRESENTATION_LAYER_ASSIGNMENT (  '', '', ( #4619 ) ) ;
#5789 = CARTESIAN_POINT ( 'NONE',  ( -0.05629921259842520000, 0.009842519685039369900, -0.06889763779527555100 ) ) ;
#5790 = ADVANCED_FACE ( 'NONE', ( #10256 ), #2059, .F. ) ;
#5791 =( LENGTH_UNIT ( ) NAMED_UNIT ( * ) SI_UNIT ( $, .METRE. ) );
#5792 = SURFACE_STYLE_FILL_AREA ( #6489 ) ;
#5793 = FACE_OUTER_BOUND ( 'NONE', #5033, .T. ) ;
#5794 = ORIENTED_EDGE ( 'NONE', *, *, #8401, .F. ) ;
#5795 = FILL_AREA_STYLE ('',( #6730 ) ) ;
#5796 = AXIS2_PLACEMENT_3D ( 'NONE', #416, #6563, #1294 ) ;
#5797 = ORIENTED_EDGE ( 'NONE', *, *, #7263, .F. ) ;
#5798 = AXIS2_PLACEMENT_3D ( 'NONE', #5739, #5730, #5706 ) ;
#5799 = DIMENSIONAL_EXPONENTS ( 1.000000000000000000, 0.0000000000000000000, 0.0000000000000000000, 0.0000000000000000000, 0.0000000000000000000, 0.0000000000000000000, 0.0000000000000000000 ) ;
#5800 = CARTESIAN_POINT ( 'NONE',  ( 0.0000000000000000000, 0.0000000000000000000, 0.0000000000000000000 ) ) ;
#5801 = VECTOR ( 'NONE', #5746, 39.37007874015748100 ) ;
#5802 = VERTEX_POINT ( 'NONE', #2989 ) ;
#5803 = PLANE ( 'NONE',  #2875 ) ;
#5804 = UNCERTAINTY_MEASURE_WITH_UNIT (LENGTH_MEASURE( 1.000000000000000100E-005 ), #10486, 'distance_accuracy_value', 'NONE');
#5805 = EDGE_LOOP ( 'NONE', ( #8872, #8631, #1875, #6924 ) ) ;
#5806 = DIRECTION ( 'NONE',  ( 0.0000000000000000000, 0.0000000000000000000, 1.000000000000000000 ) ) ;
#5807 = DIMENSIONAL_EXPONENTS ( 1.000000000000000000, 0.0000000000000000000, 0.0000000000000000000, 0.0000000000000000000, 0.0000000000000000000, 0.0000000000000000000, 0.0000000000000000000 ) ;
#5808 = ORIENTED_EDGE ( 'NONE', *, *, #6966, .F. ) ;
#5809 = AXIS2_PLACEMENT_3D ( 'NONE', #3605, #942, #903 ) ;
#5810 = DIRECTION ( 'NONE',  ( 4.818676322157799300E-016, -0.0000000000000000000, -1.000000000000000000 ) ) ;
#5811 = COLOUR_RGB ( '',0.2509803921568627400, 0.2509803921568627400, 0.2509803921568627400 ) ;
#5812 =( NAMED_UNIT ( * ) SI_UNIT ( $, .STERADIAN. ) SOLID_ANGLE_UNIT ( ) );
#5813 = SURFACE_SIDE_STYLE ('',( #10063 ) ) ;
#5814 = FILL_AREA_STYLE ('',( #4937 ) ) ;
#5815 = UNCERTAINTY_MEASURE_WITH_UNIT (LENGTH_MEASURE( 1.000000000000000100E-005 ), #7203, 'distance_accuracy_value', 'NONE');
#5816 = MECHANICAL_DESIGN_GEOMETRIC_PRESENTATION_REPRESENTATION (  '', ( #4050 ), #6400 ) ;
#5817 = PRESENTATION_LAYER_ASSIGNMENT (  '', '', ( #4635 ) ) ;
#5818 = EDGE_LOOP ( 'NONE', ( #2238, #1786, #2664, #661 ) ) ;
#5819 = LENGTH_MEASURE_WITH_UNIT ( LENGTH_MEASURE( 0.02539999999999999900 ), #773 );
#5820 = AXIS2_PLACEMENT_3D ( 'NONE', #2725, #10651, #5447 ) ;
#5821 = ORIENTED_EDGE ( 'NONE', *, *, #1887, .F. ) ;
#5822 = DIRECTION ( 'NONE',  ( -0.0000000000000000000, -1.000000000000000000, -0.0000000000000000000 ) ) ;
#5823 = VERTEX_POINT ( 'NONE', #8234 ) ;
#5824 = AXIS2_PLACEMENT_3D ( 'NONE', #3897, #10022, #4781 ) ;
#5825 = DIRECTION ( 'NONE',  ( 0.0000000000000000000, 0.0000000000000000000, 1.000000000000000000 ) ) ;
#5826 = COLOUR_RGB ( '',0.9686274509803921600, 0.8784313725490196000, 0.5999999999999999800 ) ;
#5827 = DIMENSIONAL_EXPONENTS ( 1.000000000000000000, 0.0000000000000000000, 0.0000000000000000000, 0.0000000000000000000, 0.0000000000000000000, 0.0000000000000000000, 0.0000000000000000000 ) ;
#5828 = LENGTH_MEASURE_WITH_UNIT ( LENGTH_MEASURE( 0.02539999999999999900 ), #8662 );
#5829 = FACE_OUTER_BOUND ( 'NONE', #2992, .T. ) ;
#5830 = CARTESIAN_POINT ( 'NONE',  ( 0.005118110236220471500, 0.0000000000000000000, 0.0000000000000000000 ) ) ;
#5831 = CARTESIAN_POINT ( 'NONE',  ( 0.0000000000000000000, 0.009842519685039369900, 0.06889763779527562100 ) ) ;
#5832 = PRESENTATION_STYLE_ASSIGNMENT (( #2401 ) ) ;
#5833 = COLOUR_RGB ( '',0.2509803921568627400, 0.2509803921568627400, 0.2509803921568627400 ) ;
#5834 = AXIS2_PLACEMENT_3D ( 'NONE', #6270, #7708, #4210 ) ;
#5835 = VERTEX_POINT ( 'NONE', #2100 ) ;
#5836 = AXIS2_PLACEMENT_3D ( 'NONE', #5045, #11139, #5909 ) ;
#5837 = EDGE_LOOP ( 'NONE', ( #3085, #3378, #8759, #9145 ) ) ;
#5838 = CARTESIAN_POINT ( 'NONE',  ( -0.02047244094488188900, 0.009842519685039369900, -0.06889763779527555100 ) ) ;
#5839 = COLOUR_RGB ( '',0.2509803921568627400, 0.2509803921568627400, 0.2509803921568627400 ) ;
#5840 = FACE_OUTER_BOUND ( 'NONE', #886, .T. ) ;
#5841 = PLANE ( 'NONE',  #449 ) ;
#5842 = LENGTH_MEASURE_WITH_UNIT ( LENGTH_MEASURE( 0.02539999999999999900 ), #1647 );
#5843 = VERTEX_POINT ( 'NONE', #1184 ) ;
#5844 = EDGE_CURVE ( 'NONE', #1525, #6646, #4501, .T. ) ;
#5845 = VECTOR ( 'NONE', #1155, 39.37007874015748100 ) ;
#5846 = EDGE_CURVE ( 'NONE', #735, #3496, #2430, .T. ) ;
#5847 = DIRECTION ( 'NONE',  ( -1.000000000000000000, -0.0000000000000000000, 0.0000000000000000000 ) ) ;
#5848 = VERTEX_POINT ( 'NONE', #9998 ) ;
#5849 = CARTESIAN_POINT ( 'NONE',  ( -0.03070866141732284500, -0.02046108103966344500, -0.08661417322834641400 ) ) ;
#5850 = ORIENTED_EDGE ( 'NONE', *, *, #8952, .F. ) ;
#5851 =( NAMED_UNIT ( * ) SI_UNIT ( $, .STERADIAN. ) SOLID_ANGLE_UNIT ( ) );
#5852 = FACE_OUTER_BOUND ( 'NONE', #1070, .T. ) ;
#5853 = ORIENTED_EDGE ( 'NONE', *, *, #6128, .F. ) ;
#5854 = UNCERTAINTY_MEASURE_WITH_UNIT (LENGTH_MEASURE( 1.000000000000000100E-005 ), #11098, 'distance_accuracy_value', 'NONE');
#5855 = ADVANCED_FACE ( 'NONE', ( #112 ), #1248, .F. ) ;
#5856 = DIRECTION ( 'NONE',  ( 0.0000000000000000000, 0.0000000000000000000, -1.000000000000000000 ) ) ;
#5857 = ORIENTED_EDGE ( 'NONE', *, *, #10594, .T. ) ;
#5858 = EDGE_CURVE ( 'NONE', #5038, #4381, #5741, .T. ) ;
#5859 = EDGE_CURVE ( 'NONE', #9797, #9518, #8070, .T. ) ;
#5860 = CARTESIAN_POINT ( 'NONE',  ( -0.07283464566929133400, 0.009842519685039369900, 0.05629921259842523400 ) ) ;
#5861 =( GEOMETRIC_REPRESENTATION_CONTEXT ( 3 ) GLOBAL_UNCERTAINTY_ASSIGNED_CONTEXT ( ( #10972 ) ) GLOBAL_UNIT_ASSIGNED_CONTEXT ( ( #8282, #3030, #9171 ) ) REPRESENTATION_CONTEXT ( 'NONE', 'WORKASPACE' ) );
#5862 = CARTESIAN_POINT ( 'NONE',  ( -0.04606299212598425500, 0.0000000000000000000, 0.08661417322834648300 ) ) ;
#5863 = CARTESIAN_POINT ( 'NONE',  ( 0.005118110236220471500, 0.009842519685039369900, -0.08661417322834641400 ) ) ;
#5864 = VERTEX_POINT ( 'NONE', #3065 ) ;
#5865 = DIRECTION ( 'NONE',  ( 0.0000000000000000000, 0.0000000000000000000, -1.000000000000000000 ) ) ;
#5866 =( NAMED_UNIT ( * ) SI_UNIT ( $, .STERADIAN. ) SOLID_ANGLE_UNIT ( ) );
#5867 = CARTESIAN_POINT ( 'NONE',  ( -0.005118110236220475000, 0.009842519685039369900, -0.08661417322834641400 ) ) ;
#5868 = ORIENTED_EDGE ( 'NONE', *, *, #1215, .T. ) ;
#5869 = FILL_AREA_STYLE ('',( #3300 ) ) ;
#5870 = VECTOR ( 'NONE', #6308, 39.37007874015748100 ) ;
#5871 = LINE ( 'NONE', #1988, #1208 ) ;
#5872 = PRESENTATION_LAYER_ASSIGNMENT (  '', '', ( #4694 ) ) ;
#5873 = CARTESIAN_POINT ( 'NONE',  ( 0.05629921259842520000, -0.02046108103966344500, -0.06889763779527555100 ) ) ;
#5874 = FILL_AREA_STYLE_COLOUR ( '', #10461 ) ;
#5875 = MECHANICAL_DESIGN_GEOMETRIC_PRESENTATION_REPRESENTATION (  '', ( #4116 ), #6471 ) ;
#5876 = UNCERTAINTY_MEASURE_WITH_UNIT (LENGTH_MEASURE( 1.000000000000000100E-005 ), #1531, 'distance_accuracy_value', 'NONE');
#5877 =( NAMED_UNIT ( * ) PLANE_ANGLE_UNIT ( ) SI_UNIT ( $, .RADIAN. ) );
#5878 = PRESENTATION_LAYER_ASSIGNMENT (  '', '', ( #4703 ) ) ;
#5879 = LINE ( 'NONE', #3558, #10520 ) ;
#5880 =( NAMED_UNIT ( * ) PLANE_ANGLE_UNIT ( ) SI_UNIT ( $, .RADIAN. ) );
#5881 = MECHANICAL_DESIGN_GEOMETRIC_PRESENTATION_REPRESENTATION (  '', ( #4120 ), #6476 ) ;
#5882 = DIRECTION ( 'NONE',  ( 0.0000000000000000000, -1.000000000000000000, 0.0000000000000000000 ) ) ;
#5883 = LENGTH_MEASURE_WITH_UNIT ( LENGTH_MEASURE( 0.02539999999999999900 ), #1794 );
#5884 = DIRECTION ( 'NONE',  ( 0.0000000000000000000, 1.000000000000000000, 0.0000000000000000000 ) ) ;
#5885 = SURFACE_SIDE_STYLE ('',( #5663 ) ) ;
#5886 = COLOUR_RGB ( '',0.2509803921568627400, 0.2509803921568627400, 0.2509803921568627400 ) ;
#5887 = MECHANICAL_DESIGN_GEOMETRIC_PRESENTATION_REPRESENTATION (  '', ( #4131 ), #6486 ) ;
#5888 = SURFACE_STYLE_USAGE ( .BOTH. , #11115 ) ;
#5889 = DIRECTION ( 'NONE',  ( 0.0000000000000000000, 1.000000000000000000, 0.0000000000000000000 ) ) ;
#5890 = PRESENTATION_LAYER_ASSIGNMENT (  '', '', ( #4719 ) ) ;
#5891 = LENGTH_MEASURE_WITH_UNIT ( LENGTH_MEASURE( 0.02539999999999999900 ), #1885 );
#5892 = DIRECTION ( 'NONE',  ( -0.0000000000000000000, 0.0000000000000000000, -1.000000000000000000 ) ) ;
#5893 = SURFACE_STYLE_FILL_AREA ( #5057 ) ;
#5894 = LINE ( 'NONE', #10744, #10273 ) ;
#5895 = MECHANICAL_DESIGN_GEOMETRIC_PRESENTATION_REPRESENTATION (  '', ( #4147 ), #6499 ) ;
#5896 =( NAMED_UNIT ( * ) PLANE_ANGLE_UNIT ( ) SI_UNIT ( $, .RADIAN. ) );
#5897 = ADVANCED_FACE ( 'NONE', ( #3400 ), #5722, .F. ) ;
#5898 = CARTESIAN_POINT ( 'NONE',  ( 0.0000000000000000000, 0.0000000000000000000, 0.05629921259842522000 ) ) ;
#5899 = LINE ( 'NONE', #1366, #1230 ) ;
#5900 = EDGE_LOOP ( 'NONE', ( #7060, #6354, #8029, #6001 ) ) ;
#5901 = DIRECTION ( 'NONE',  ( 0.0000000000000000000, 1.000000000000000000, -0.0000000000000000000 ) ) ;
#5902 = PRESENTATION_STYLE_ASSIGNMENT (( #10322 ) ) ;
#5903 = DIMENSIONAL_EXPONENTS ( 1.000000000000000000, 0.0000000000000000000, 0.0000000000000000000, 0.0000000000000000000, 0.0000000000000000000, 0.0000000000000000000, 0.0000000000000000000 ) ;
#5904 = LINE ( 'NONE', #9733, #1240 ) ;
#5905 = SURFACE_SIDE_STYLE ('',( #10806 ) ) ;
#5906 = MANIFOLD_SOLID_BREP ( 'Boss-Extrude2[12]', #8694 ) ;
#5907 = LENGTH_MEASURE_WITH_UNIT ( LENGTH_MEASURE( 0.02539999999999999900 ), #1342 );
#5908 = PLANE ( 'NONE',  #147 ) ;
#5909 = DIRECTION ( 'NONE',  ( 0.0000000000000000000, 0.0000000000000000000, 1.000000000000000000 ) ) ;
#5910 = EDGE_CURVE ( 'NONE', #7747, #11132, #2297, .T. ) ;
#5911 = ORIENTED_EDGE ( 'NONE', *, *, #5276, .T. ) ;
#5912 =( CONVERSION_BASED_UNIT ( 'INCH', #1902 ) LENGTH_UNIT ( ) NAMED_UNIT ( #8915 ) );
#5913 = CARTESIAN_POINT ( 'NONE',  ( 0.0000000000000000000, 0.0000000000000000000, 0.0000000000000000000 ) ) ;
#5914 = LENGTH_MEASURE_WITH_UNIT ( LENGTH_MEASURE( 0.02539999999999999900 ), #1059 );
#5915 = FILL_AREA_STYLE_COLOUR ( '', #9919 ) ;
#5916 = EDGE_CURVE ( 'NONE', #1816, #7101, #11317, .T. ) ;
#5917 = LINE ( 'NONE', #9979, #10302 ) ;
#5918 = SURFACE_STYLE_USAGE ( .BOTH. , #11149 ) ;
#5919 =( GEOMETRIC_REPRESENTATION_CONTEXT ( 3 ) GLOBAL_UNCERTAINTY_ASSIGNED_CONTEXT ( ( #8627 ) ) GLOBAL_UNIT_ASSIGNED_CONTEXT ( ( #9120, #3853, #9995 ) ) REPRESENTATION_CONTEXT ( 'NONE', 'WORKASPACE' ) );
#5920 = FACE_OUTER_BOUND ( 'NONE', #7474, .T. ) ;
#5921 = CARTESIAN_POINT ( 'NONE',  ( -0.07283464566929134800, 0.0000000000000000000, -0.02047244094488185500 ) ) ;
#5922 =( NAMED_UNIT ( * ) SI_UNIT ( $, .STERADIAN. ) SOLID_ANGLE_UNIT ( ) );
#5923 = LINE ( 'NONE', #2831, #8256 ) ;
#5924 = VERTEX_POINT ( 'NONE', #4912 ) ;
#5925 = VERTEX_POINT ( 'NONE', #536 ) ;
#5926 = CARTESIAN_POINT ( 'NONE',  ( 0.02047244094488188600, 0.0000000000000000000, 0.0000000000000000000 ) ) ;
#5927 = VECTOR ( 'NONE', #9036, 39.37007874015748100 ) ;
#5928 =( NAMED_UNIT ( * ) PLANE_ANGLE_UNIT ( ) SI_UNIT ( $, .RADIAN. ) );
#5929 = DIMENSIONAL_EXPONENTS ( 1.000000000000000000, 0.0000000000000000000, 0.0000000000000000000, 0.0000000000000000000, 0.0000000000000000000, 0.0000000000000000000, 0.0000000000000000000 ) ;
#5930 = PLANE ( 'NONE',  #1688 ) ;
#5931 = PLANE ( 'NONE',  #762 ) ;
#5932 = DIRECTION ( 'NONE',  ( -0.0000000000000000000, 1.000000000000000000, 0.0000000000000000000 ) ) ;
#5933 = FILL_AREA_STYLE ('',( #4181 ) ) ;
#5934 = ADVANCED_FACE ( 'NONE', ( #3263 ), #7564, .F. ) ;
#5935 = ORIENTED_EDGE ( 'NONE', *, *, #2838, .T. ) ;
#5936 = STYLED_ITEM ( 'NONE', ( #5551 ), #9422 ) ;
#5937 =( CONVERSION_BASED_UNIT ( 'INCH', #580 ) LENGTH_UNIT ( ) NAMED_UNIT ( #1774 ) );
#5938 = EDGE_LOOP ( 'NONE', ( #10562, #4349, #7645, #6692 ) ) ;
#5939 = LINE ( 'NONE', #6473, #3592 ) ;
#5940 = ORIENTED_EDGE ( 'NONE', *, *, #4078, .T. ) ;
#5941 =( LENGTH_UNIT ( ) NAMED_UNIT ( * ) SI_UNIT ( $, .METRE. ) );
#5942 = STYLED_ITEM ( 'NONE', ( #4355 ), #6155 ) ;
#5943 = ORIENTED_EDGE ( 'NONE', *, *, #11181, .T. ) ;
#5944 = AXIS2_PLACEMENT_3D ( 'NONE', #6736, #9327, #5806 ) ;
#5945 = ORIENTED_EDGE ( 'NONE', *, *, #9817, .T. ) ;
#5946 = COLOUR_RGB ( '',0.2509803921568627400, 0.2509803921568627400, 0.2509803921568627400 ) ;
#5947 = CARTESIAN_POINT ( 'NONE',  ( 0.09055118110236222400, 0.009842519685039369900, 0.0000000000000000000 ) ) ;
#5948 = FACE_OUTER_BOUND ( 'NONE', #4726, .T. ) ;
#5949 = COLOUR_RGB ( '',0.2509803921568627400, 0.2509803921568627400, 0.2509803921568627400 ) ;
#5950 = FILL_AREA_STYLE ('',( #4198 ) ) ;
#5951 = VECTOR ( 'NONE', #3550, 39.37007874015748100 ) ;
#5952 = ORIENTED_EDGE ( 'NONE', *, *, #1567, .T. ) ;
#5953 =( LENGTH_UNIT ( ) NAMED_UNIT ( * ) SI_UNIT ( $, .METRE. ) );
#5954 = AXIS2_PLACEMENT_3D ( 'NONE', #10122, #9470, #9440 ) ;
#5955 = CARTESIAN_POINT ( 'NONE',  ( -0.03070866141732283800, 0.009842519685039369900, 0.06889763779527562100 ) ) ;
#5956 = DIRECTION ( 'NONE',  ( 0.0000000000000000000, 0.0000000000000000000, 1.000000000000000000 ) ) ;
#5957 = EDGE_LOOP ( 'NONE', ( #7909, #4985, #5260, #9276 ) ) ;
#5958 =( NAMED_UNIT ( * ) SI_UNIT ( $, .STERADIAN. ) SOLID_ANGLE_UNIT ( ) );
#5959 = CARTESIAN_POINT ( 'NONE',  ( 0.0000000000000000000, 0.009842519685039369900, 0.06889763779527562100 ) ) ;
#5960 = ORIENTED_EDGE ( 'NONE', *, *, #7644, .T. ) ;
#5961 = DIMENSIONAL_EXPONENTS ( 1.000000000000000000, 0.0000000000000000000, 0.0000000000000000000, 0.0000000000000000000, 0.0000000000000000000, 0.0000000000000000000, 0.0000000000000000000 ) ;
#5962 = PRESENTATION_LAYER_ASSIGNMENT (  '', '', ( #4784 ) ) ;
#5963 = SURFACE_SIDE_STYLE ('',( #4283 ) ) ;
#5964 = VECTOR ( 'NONE', #8549, 39.37007874015748100 ) ;
#5965 = STYLED_ITEM ( 'NONE', ( #4925 ), #2853 ) ;
#5966 = ORIENTED_EDGE ( 'NONE', *, *, #7114, .F. ) ;
#5967 = PRESENTATION_STYLE_ASSIGNMENT (( #10374 ) ) ;
#5968 = LINE ( 'NONE', #3697, #4876 ) ;
#5969 = STYLED_ITEM ( 'NONE', ( #6167 ), #5319 ) ;
#5970 = PRESENTATION_STYLE_ASSIGNMENT (( #10522 ) ) ;
#5971 = ORIENTED_EDGE ( 'NONE', *, *, #6585, .F. ) ;
#5972 = SURFACE_SIDE_STYLE ('',( #10787 ) ) ;
#5973 = MECHANICAL_DESIGN_GEOMETRIC_PRESENTATION_REPRESENTATION (  '', ( #4790 ), #6570 ) ;
#5974 = DIRECTION ( 'NONE',  ( -0.0000000000000000000, -0.0000000000000000000, -1.000000000000000000 ) ) ;
#5975 = DIRECTION ( 'NONE',  ( 0.0000000000000000000, 0.0000000000000000000, -1.000000000000000000 ) ) ;
#5976 = ORIENTED_EDGE ( 'NONE', *, *, #10663, .F. ) ;
#5977 =( NAMED_UNIT ( * ) SI_UNIT ( $, .STERADIAN. ) SOLID_ANGLE_UNIT ( ) );
#5978 = PLANE ( 'NONE',  #9549 ) ;
#5979 = EDGE_CURVE ( 'NONE', #6347, #2400, #9031, .T. ) ;
#5980 =( NAMED_UNIT ( * ) PLANE_ANGLE_UNIT ( ) SI_UNIT ( $, .RADIAN. ) );
#5981 = VERTEX_POINT ( 'NONE', #7602 ) ;
#5982 =( LENGTH_UNIT ( ) NAMED_UNIT ( * ) SI_UNIT ( $, .METRE. ) );
#5983 =( GEOMETRIC_REPRESENTATION_CONTEXT ( 3 ) GLOBAL_UNCERTAINTY_ASSIGNED_CONTEXT ( ( #2971 ) ) GLOBAL_UNIT_ASSIGNED_CONTEXT ( ( #6993, #1723, #7877 ) ) REPRESENTATION_CONTEXT ( 'NONE', 'WORKASPACE' ) );
#5984 =( LENGTH_UNIT ( ) NAMED_UNIT ( * ) SI_UNIT ( $, .METRE. ) );
#5985 = SURFACE_SIDE_STYLE ('',( #705 ) ) ;
#5986 = EDGE_CURVE ( 'NONE', #9559, #2502, #5596, .T. ) ;
#5987 = SURFACE_STYLE_USAGE ( .BOTH. , #11203 ) ;
#5988 = LINE ( 'NONE', #3009, #10369 ) ;
#5989 = EDGE_CURVE ( 'NONE', #4034, #5295, #6838, .T. ) ;
#5990 =( GEOMETRIC_REPRESENTATION_CONTEXT ( 3 ) GLOBAL_UNCERTAINTY_ASSIGNED_CONTEXT ( ( #6228 ) ) GLOBAL_UNIT_ASSIGNED_CONTEXT ( ( #8559, #3297, #9438 ) ) REPRESENTATION_CONTEXT ( 'NONE', 'WORKASPACE' ) );
#5991 = CARTESIAN_POINT ( 'NONE',  ( -0.005118110236220473200, 0.009842519685039369900, 0.06889763779527562100 ) ) ;
#5992 = EDGE_LOOP ( 'NONE', ( #8271, #8306, #5012, #3310 ) ) ;
#5993 = ADVANCED_FACE ( 'NONE', ( #9162 ), #1481, .F. ) ;
#5994 = CARTESIAN_POINT ( 'NONE',  ( 0.09055118110236223800, 0.0000000000000000000, 0.03070866141732283800 ) ) ;
#5995 =( CONVERSION_BASED_UNIT ( 'INCH', #2332 ) LENGTH_UNIT ( ) NAMED_UNIT ( #8337 ) );
#5996 = SURFACE_STYLE_FILL_AREA ( #1064 ) ;
#5997 = FILL_AREA_STYLE_COLOUR ( '', #9651 ) ;
#5998 = CARTESIAN_POINT ( 'NONE',  ( 0.05629921259842520000, 0.009842519685039369900, -0.08661417322834641400 ) ) ;
#5999 =( NAMED_UNIT ( * ) PLANE_ANGLE_UNIT ( ) SI_UNIT ( $, .RADIAN. ) );
#6000 = AXIS2_PLACEMENT_3D ( 'NONE', #7286, #5248, #2978 ) ;
#6001 = ORIENTED_EDGE ( 'NONE', *, *, #8188, .F. ) ;
#6002 = EDGE_CURVE ( 'NONE', #6567, #3217, #1065, .T. ) ;
#6003 = CARTESIAN_POINT ( 'NONE',  ( -0.07283464566929134800, 0.0000000000000000000, -0.02047244094488185500 ) ) ;
#6004 =( LENGTH_UNIT ( ) NAMED_UNIT ( * ) SI_UNIT ( $, .METRE. ) );
#6005 = AXIS2_PLACEMENT_3D ( 'NONE', #10375, #5152, #11226 ) ;
#6006 = CARTESIAN_POINT ( 'NONE',  ( -0.05629921259842520000, 0.0000000000000000000, 0.0000000000000000000 ) ) ;
#6007 =( NAMED_UNIT ( * ) PLANE_ANGLE_UNIT ( ) SI_UNIT ( $, .RADIAN. ) );
#6008 = UNCERTAINTY_MEASURE_WITH_UNIT (LENGTH_MEASURE( 1.000000000000000100E-005 ), #8047, 'distance_accuracy_value', 'NONE');
#6009 = CARTESIAN_POINT ( 'NONE',  ( 0.09055118110236223800, 0.0000000000000000000, 0.0000000000000000000 ) ) ;
#6010 = ORIENTED_EDGE ( 'NONE', *, *, #6966, .T. ) ;
#6011 =( NAMED_UNIT ( * ) PLANE_ANGLE_UNIT ( ) SI_UNIT ( $, .RADIAN. ) );
#6012 = STYLED_ITEM ( 'NONE', ( #11327 ), #5744 ) ;
#6013 = VECTOR ( 'NONE', #7182, 39.37007874015748100 ) ;
#6014 = SURFACE_STYLE_USAGE ( .BOTH. , #11232 ) ;
#6015 = CARTESIAN_POINT ( 'NONE',  ( 0.005118110236220473200, 0.0000000000000000000, -0.06889763779527555100 ) ) ;
#6016 = PRESENTATION_LAYER_ASSIGNMENT (  '', '', ( #4860 ) ) ;
#6017 = FILL_AREA_STYLE ('',( #11245 ) ) ;
#6018 = AXIS2_PLACEMENT_3D ( 'NONE', #609, #568, #503 ) ;
#6019 = SURFACE_STYLE_USAGE ( .BOTH. , #6102 ) ;
#6020 = STYLED_ITEM ( 'NONE', ( #9631 ), #4885 ) ;
#6021 = VECTOR ( 'NONE', #936, 39.37007874015748100 ) ;
#6022 = PLANE ( 'NONE',  #10076 ) ;
#6023 = PRESENTATION_STYLE_ASSIGNMENT (( #9634 ) ) ;
#6024 = DIRECTION ( 'NONE',  ( -1.000000000000000000, 0.0000000000000000000, 0.0000000000000000000 ) ) ;
#6025 = STYLED_ITEM ( 'NONE', ( #10724 ), #6555 ) ;
#6026 =( NAMED_UNIT ( * ) PLANE_ANGLE_UNIT ( ) SI_UNIT ( $, .RADIAN. ) );
#6027 = LENGTH_MEASURE_WITH_UNIT ( LENGTH_MEASURE( 0.02539999999999999900 ), #7036 );
#6028 = FILL_AREA_STYLE ('',( #1815 ) ) ;
#6029 = DIMENSIONAL_EXPONENTS ( 1.000000000000000000, 0.0000000000000000000, 0.0000000000000000000, 0.0000000000000000000, 0.0000000000000000000, 0.0000000000000000000, 0.0000000000000000000 ) ;
#6030 = STYLED_ITEM ( 'NONE', ( #9059 ), #1760 ) ;
#6031 = FACE_OUTER_BOUND ( 'NONE', #6745, .T. ) ;
#6032 = FACE_OUTER_BOUND ( 'NONE', #6975, .T. ) ;
#6033 = LENGTH_MEASURE_WITH_UNIT ( LENGTH_MEASURE( 0.02539999999999999900 ), #10169 );
#6034 =( CONVERSION_BASED_UNIT ( 'INCH', #6846 ) LENGTH_UNIT ( ) NAMED_UNIT ( #9266 ) );
#6035 = LENGTH_MEASURE_WITH_UNIT ( LENGTH_MEASURE( 0.02539999999999999900 ), #9293 );
#6036 = CARTESIAN_POINT ( 'NONE',  ( -0.07874015748031496000, 0.009842519685039369900, -0.07480314960629917700 ) ) ;
#6037 = DIMENSIONAL_EXPONENTS ( 1.000000000000000000, 0.0000000000000000000, 0.0000000000000000000, 0.0000000000000000000, 0.0000000000000000000, 0.0000000000000000000, 0.0000000000000000000 ) ;
#6038 =( GEOMETRIC_REPRESENTATION_CONTEXT ( 3 ) GLOBAL_UNCERTAINTY_ASSIGNED_CONTEXT ( ( #6596 ) ) GLOBAL_UNIT_ASSIGNED_CONTEXT ( ( #10128, #10119, #10096 ) ) REPRESENTATION_CONTEXT ( 'NONE', 'WORKASPACE' ) );
#6039 = CARTESIAN_POINT ( 'NONE',  ( 0.0000000000000000000, 0.0000000000000000000, 0.04606299212598425500 ) ) ;
#6040 = LINE ( 'NONE', #5280, #1370 ) ;
#6041 = DIRECTION ( 'NONE',  ( 0.0000000000000000000, -0.0000000000000000000, -1.000000000000000000 ) ) ;
#6042 = ADVANCED_FACE ( 'NONE', ( #3385 ), #3289, .F. ) ;
#6043 = ORIENTED_EDGE ( 'NONE', *, *, #6735, .T. ) ;
#6044 = PLANE ( 'NONE',  #3906 ) ;
#6045 = PRESENTATION_STYLE_ASSIGNMENT (( #2681 ) ) ;
#6046 = COLOUR_RGB ( '',0.2509803921568627400, 0.2509803921568627400, 0.2509803921568627400 ) ;
#6047 = EDGE_CURVE ( 'NONE', #1893, #6219, #11311, .T. ) ;
#6048 = SURFACE_STYLE_USAGE ( .BOTH. , #11276 ) ;
#6049 = SURFACE_STYLE_FILL_AREA ( #8423 ) ;
#6050 = EDGE_CURVE ( 'NONE', #925, #11150, #9019, .T. ) ;
#6051 = FILL_AREA_STYLE_COLOUR ( '', #6046 ) ;
#6052 = LENGTH_MEASURE_WITH_UNIT ( LENGTH_MEASURE( 0.02539999999999999900 ), #6540 );
#6053 = ORIENTED_EDGE ( 'NONE', *, *, #9357, .F. ) ;
#6054 = DIRECTION ( 'NONE',  ( -1.000000000000000000, 0.0000000000000000000, -2.409338161078899700E-016 ) ) ;
#6055 = PRESENTATION_STYLE_ASSIGNMENT (( #3562 ) ) ;
#6056 = SURFACE_STYLE_FILL_AREA ( #3717 ) ;
#6057 = SURFACE_STYLE_FILL_AREA ( #7384 ) ;
#6058 = EDGE_CURVE ( 'NONE', #3028, #5266, #2288, .T. ) ;
#6059 = CARTESIAN_POINT ( 'NONE',  ( -0.05629921259842520600, 0.009842519685039369900, 0.06889763779527562100 ) ) ;
#6060 = ORIENTED_EDGE ( 'NONE', *, *, #2177, .T. ) ;
#6061 = CARTESIAN_POINT ( 'NONE',  ( 0.09055118110236222400, 0.009842519685039369900, -0.05629921259842520000 ) ) ;
#6062 = ORIENTED_EDGE ( 'NONE', *, *, #3500, .F. ) ;
#6063 = CARTESIAN_POINT ( 'NONE',  ( -0.09032536768315430100, 0.004516268384157679100, 0.0000000000000000000 ) ) ;
#6064 = EDGE_CURVE ( 'NONE', #3049, #9965, #6695, .T. ) ;
#6065 = CARTESIAN_POINT ( 'NONE',  ( 0.02047244094488188600, 0.009842519685039369900, -0.08661417322834641400 ) ) ;
#6066 = PRESENTATION_STYLE_ASSIGNMENT (( #3888 ) ) ;
#6068 = CARTESIAN_POINT ( 'NONE',  ( 0.07283464566929137600, -0.02046108103966344500, 0.02047244094488188600 ) ) ;
#6067 =( NAMED_UNIT ( * ) SI_UNIT ( $, .STERADIAN. ) SOLID_ANGLE_UNIT ( ) );
#6069 = MECHANICAL_DESIGN_GEOMETRIC_PRESENTATION_REPRESENTATION (  '', ( #4317 ), #6687 ) ;
#6070 = CARTESIAN_POINT ( 'NONE',  ( 0.0003937007874015829800, 0.1023622047255695900, -0.01528740157480314700 ) ) ;
#6071 = COLOUR_RGB ( '',0.2509803921568627400, 0.2509803921568627400, 0.2509803921568627400 ) ;
#6072 =( CONVERSION_BASED_UNIT ( 'INCH', #3160 ) LENGTH_UNIT ( ) NAMED_UNIT ( #6588 ) );
#6073 = ORIENTED_EDGE ( 'NONE', *, *, #10514, .T. ) ;
#6074 = FACE_OUTER_BOUND ( 'NONE', #9545, .T. ) ;
#6075 = ORIENTED_EDGE ( 'NONE', *, *, #6585, .T. ) ;
#6076 = FILL_AREA_STYLE ('',( #5365 ) ) ;
#6077 =( LENGTH_UNIT ( ) NAMED_UNIT ( * ) SI_UNIT ( $, .METRE. ) );
#6078 = VERTEX_POINT ( 'NONE', #3366 ) ;
#6079 = CARTESIAN_POINT ( 'NONE',  ( 0.0000000000000000000, 0.009842519685039369900, 0.0000000000000000000 ) ) ;
#6080 = LINE ( 'NONE', #5742, #8413 ) ;
#6081 = VECTOR ( 'NONE', #5901, 39.37007874015748100 ) ;
#6082 = FILL_AREA_STYLE ('',( #11308 ) ) ;
#6083 = EDGE_LOOP ( 'NONE', ( #750, #3324, #3349, #905 ) ) ;
#6084 = UNCERTAINTY_MEASURE_WITH_UNIT (LENGTH_MEASURE( 1.000000000000000100E-005 ), #11228, 'distance_accuracy_value', 'NONE');
#6085 = CARTESIAN_POINT ( 'NONE',  ( -0.09055118110236222400, 0.009842519685039369900, -0.04606299212598422000 ) ) ;
#6086 = EDGE_LOOP ( 'NONE', ( #9977, #10329, #2956, #8031 ) ) ;
#6087 = ORIENTED_EDGE ( 'NONE', *, *, #1729, .F. ) ;
#6088 = VERTEX_POINT ( 'NONE', #6864 ) ;
#6089 = CARTESIAN_POINT ( 'NONE',  ( -0.03070866141732284500, -0.02046108103966344500, 0.08661417322834648300 ) ) ;
#6090 = UNCERTAINTY_MEASURE_WITH_UNIT (LENGTH_MEASURE( 1.000000000000000100E-005 ), #10100, 'distance_accuracy_value', 'NONE');
#6091 = LINE ( 'NONE', #6547, #4873 ) ;
#6092 = FACE_OUTER_BOUND ( 'NONE', #326, .T. ) ;
#6093 = AXIS2_PLACEMENT_3D ( 'NONE', #6263, #6217, #6174 ) ;
#6094 = SURFACE_STYLE_FILL_AREA ( #7810 ) ;
#6095 = EDGE_LOOP ( 'NONE', ( #10082, #9739, #1056, #5043 ) ) ;
#6096 = PRESENTATION_LAYER_ASSIGNMENT (  '', '', ( #4933 ) ) ;
#6097 = SURFACE_STYLE_USAGE ( .BOTH. , #11318 ) ;
#6098 = ORIENTED_EDGE ( 'NONE', *, *, #7964, .F. ) ;
#6099 =( LENGTH_UNIT ( ) NAMED_UNIT ( * ) SI_UNIT ( $, .METRE. ) );
#6100 = ADVANCED_FACE ( 'NONE', ( #8741 ), #2460, .F. ) ;
#6101 = ORIENTED_EDGE ( 'NONE', *, *, #6878, .F. ) ;
#6102 = SURFACE_SIDE_STYLE ('',( #128 ) ) ;
#6103 = SURFACE_STYLE_FILL_AREA ( #11206 ) ;
#6104 = STYLED_ITEM ( 'NONE', ( #5395 ), #1307 ) ;
#6105 = ORIENTED_EDGE ( 'NONE', *, *, #7918, .F. ) ;
#6106 = SURFACE_STYLE_USAGE ( .BOTH. , #11324 ) ;
#6107 =( NAMED_UNIT ( * ) SI_UNIT ( $, .STERADIAN. ) SOLID_ANGLE_UNIT ( ) );
#6108 =( NAMED_UNIT ( * ) PLANE_ANGLE_UNIT ( ) SI_UNIT ( $, .RADIAN. ) );
#6109 = DIRECTION ( 'NONE',  ( 0.0000000000000000000, -1.000000000000000000, -0.0000000000000000000 ) ) ;
#6110 = AXIS2_PLACEMENT_3D ( 'NONE', #3365, #9496, #4244 ) ;
#6111 =( LENGTH_UNIT ( ) NAMED_UNIT ( * ) SI_UNIT ( $, .METRE. ) );
#6112 =( GEOMETRIC_REPRESENTATION_CONTEXT ( 3 ) GLOBAL_UNCERTAINTY_ASSIGNED_CONTEXT ( ( #4208 ) ) GLOBAL_UNIT_ASSIGNED_CONTEXT ( ( #5937, #5896, #5866 ) ) REPRESENTATION_CONTEXT ( 'NONE', 'WORKASPACE' ) );
#6113 = ORIENTED_EDGE ( 'NONE', *, *, #1212, .T. ) ;
#6114 = VERTEX_POINT ( 'NONE', #4245 ) ;
#6115 = CARTESIAN_POINT ( 'NONE',  ( 0.07283464566929139000, 0.009842519685039369900, 0.05629921259842522000 ) ) ;
#6116 = DIRECTION ( 'NONE',  ( 0.0000000000000000000, 1.000000000000000000, 0.0000000000000000000 ) ) ;
#6117 = PRESENTATION_LAYER_ASSIGNMENT (  '', '', ( #4949 ) ) ;
#6118 = ORIENTED_EDGE ( 'NONE', *, *, #7018, .F. ) ;
#6119 = UNCERTAINTY_MEASURE_WITH_UNIT (LENGTH_MEASURE( 1.000000000000000100E-005 ), #10260, 'distance_accuracy_value', 'NONE');
#6120 =( NAMED_UNIT ( * ) PLANE_ANGLE_UNIT ( ) SI_UNIT ( $, .RADIAN. ) );
#6121 = ORIENTED_EDGE ( 'NONE', *, *, #10175, .F. ) ;
#6122 = COLOUR_RGB ( '',0.2509803921568627400, 0.2509803921568627400, 0.2509803921568627400 ) ;
#6123 = DIMENSIONAL_EXPONENTS ( 1.000000000000000000, 0.0000000000000000000, 0.0000000000000000000, 0.0000000000000000000, 0.0000000000000000000, 0.0000000000000000000, 0.0000000000000000000 ) ;
#6124 =( NAMED_UNIT ( * ) PLANE_ANGLE_UNIT ( ) SI_UNIT ( $, .RADIAN. ) );
#6125 = DIRECTION ( 'NONE',  ( 1.000000000000000000, 0.0000000000000000000, -0.0000000000000000000 ) ) ;
#6126 = EDGE_CURVE ( 'NONE', #1148, #5637, #9970, .T. ) ;
#6127 = CARTESIAN_POINT ( 'NONE',  ( -0.005118110236220473200, 0.0000000000000000000, 0.06889763779527562100 ) ) ;
#6128 = EDGE_CURVE ( 'NONE', #10846, #9518, #5322, .T. ) ;
#6129 = CARTESIAN_POINT ( 'NONE',  ( 0.08543307086614174200, 0.1023622047244094800, 0.08149606299212597300 ) ) ;
#6130 = VECTOR ( 'NONE', #9685, 39.37007874015748100 ) ;
#6131 = MECHANICAL_DESIGN_GEOMETRIC_PRESENTATION_REPRESENTATION (  '', ( #4366 ), #6741 ) ;
#6132 = DIRECTION ( 'NONE',  ( -4.818676322157799300E-016, -0.0000000000000000000, -1.000000000000000000 ) ) ;
#6133 = ADVANCED_FACE ( 'NONE', ( #7541 ), #792, .F. ) ;
#6134 =( NAMED_UNIT ( * ) PLANE_ANGLE_UNIT ( ) SI_UNIT ( $, .RADIAN. ) );
#6135 = FILL_AREA_STYLE ('',( #6581 ) ) ;
#6136 = ORIENTED_EDGE ( 'NONE', *, *, #772, .T. ) ;
#6137 = SURFACE_STYLE_USAGE ( .BOTH. , #6496 ) ;
#6138 = SURFACE_SIDE_STYLE ('',( #10939 ) ) ;
#6139 = SURFACE_STYLE_FILL_AREA ( #6076 ) ;
#6140 =( LENGTH_UNIT ( ) NAMED_UNIT ( * ) SI_UNIT ( $, .METRE. ) );
#6141 = CARTESIAN_POINT ( 'NONE',  ( -0.09055118110236221000, -0.02046108103966344500, -0.03070866141732280000 ) ) ;
#6142 = SURFACE_STYLE_USAGE ( .BOTH. , #6181 ) ;
#6143 = VECTOR ( 'NONE', #4214, 39.37007874015748100 ) ;
#6144 = DIMENSIONAL_EXPONENTS ( 1.000000000000000000, 0.0000000000000000000, 0.0000000000000000000, 0.0000000000000000000, 0.0000000000000000000, 0.0000000000000000000, 0.0000000000000000000 ) ;
#6145 = UNCERTAINTY_MEASURE_WITH_UNIT (LENGTH_MEASURE( 1.000000000000000100E-005 ), #10708, 'distance_accuracy_value', 'NONE');
#6146 = CARTESIAN_POINT ( 'NONE',  ( -0.09055118110236221000, 0.009842519685039369900, 0.03070866141732286900 ) ) ;
#6147 = FILL_AREA_STYLE_COLOUR ( '', #10509 ) ;
#6148 = DIRECTION ( 'NONE',  ( -1.000000000000000000, -0.0000000000000000000, -0.0000000000000000000 ) ) ;
#6149 =( LENGTH_UNIT ( ) NAMED_UNIT ( * ) SI_UNIT ( $, .METRE. ) );
#6150 = PRESENTATION_STYLE_ASSIGNMENT (( #250 ) ) ;
#6151 = DIMENSIONAL_EXPONENTS ( 1.000000000000000000, 0.0000000000000000000, 0.0000000000000000000, 0.0000000000000000000, 0.0000000000000000000, 0.0000000000000000000, 0.0000000000000000000 ) ;
#6152 = DIRECTION ( 'NONE',  ( -0.0000000000000000000, 0.0000000000000000000, -1.000000000000000000 ) ) ;
#6153 = UNCERTAINTY_MEASURE_WITH_UNIT (LENGTH_MEASURE( 1.000000000000000100E-005 ), #8320, 'distance_accuracy_value', 'NONE');
#6154 = DIRECTION ( 'NONE',  ( 0.0000000000000000000, -0.0000000000000000000, 1.000000000000000000 ) ) ;
#6155 = ADVANCED_FACE ( 'NONE', ( #6709 ), #2578, .F. ) ;
#6156 = VECTOR ( 'NONE', #8988, 39.37007874015748100 ) ;
#6157 = SURFACE_SIDE_STYLE ('',( #5143 ) ) ;
#6158 = FILL_AREA_STYLE ('',( #5309 ) ) ;
#6159 = FILL_AREA_STYLE ('',( #5611 ) ) ;
#6160 = COLOUR_RGB ( '',0.9686274509803921600, 0.8784313725490196000, 0.5999999999999999800 ) ;
#6161 = STYLED_ITEM ( 'NONE', ( #5832 ), #933 ) ;
#6162 = CARTESIAN_POINT ( 'NONE',  ( -0.09055118110236222400, 0.009842519685039369900, -0.05629921259842515800 ) ) ;
#6163 = FACE_OUTER_BOUND ( 'NONE', #8281, .T. ) ;
#6164 = STYLED_ITEM ( 'NONE', ( #10411 ), #9990 ) ;
#6165 = ORIENTED_EDGE ( 'NONE', *, *, #5846, .T. ) ;
#6166 =( NAMED_UNIT ( * ) PLANE_ANGLE_UNIT ( ) SI_UNIT ( $, .RADIAN. ) );
#6167 = PRESENTATION_STYLE_ASSIGNMENT (( #1653 ) ) ;
#6168 =( GEOMETRIC_REPRESENTATION_CONTEXT ( 3 ) GLOBAL_UNCERTAINTY_ASSIGNED_CONTEXT ( ( #11246 ) ) GLOBAL_UNIT_ASSIGNED_CONTEXT ( ( #1969, #1892, #1348 ) ) REPRESENTATION_CONTEXT ( 'NONE', 'WORKASPACE' ) );
#6169 = CARTESIAN_POINT ( 'NONE',  ( 0.005118110236220473200, -0.02046108103966344500, 0.06889763779527562100 ) ) ;
#6170 = ORIENTED_EDGE ( 'NONE', *, *, #101, .F. ) ;
#6171 = PLANE ( 'NONE',  #5798 ) ;
#6172 = VECTOR ( 'NONE', #11295, 39.37007874015748100 ) ;
#6173 = VECTOR ( 'NONE', #3518, 39.37007874015748100 ) ;
#6174 = DIRECTION ( 'NONE',  ( 1.000000000000000000, 0.0000000000000000000, -0.0000000000000000000 ) ) ;
#6175 = PLANE ( 'NONE',  #9283 ) ;
#6176 = DIRECTION ( 'NONE',  ( -0.0000000000000000000, -1.000000000000000000, -0.0000000000000000000 ) ) ;
#6177 = MECHANICAL_DESIGN_GEOMETRIC_PRESENTATION_REPRESENTATION (  '', ( #4410 ), #6787 ) ;
#6178 = CARTESIAN_POINT ( 'NONE',  ( -0.02047244094488188900, 0.009842519685039369900, 0.06889763779527562100 ) ) ;
#6179 = PLANE ( 'NONE',  #6395 ) ;
#6180 = COLOUR_RGB ( '',0.2509803921568627400, 0.2509803921568627400, 0.2509803921568627400 ) ;
#6181 = SURFACE_SIDE_STYLE ('',( #8095 ) ) ;
#6182 = FACE_BOUND ( 'NONE', #1412, .T. ) ;
#6183 = ORIENTED_EDGE ( 'NONE', *, *, #5768, .T. ) ;
#6184 = EDGE_CURVE ( 'NONE', #1714, #790, #7934, .T. ) ;
#6185 = PLANE ( 'NONE',  #8848 ) ;
#6186 = LENGTH_MEASURE_WITH_UNIT ( LENGTH_MEASURE( 0.02539999999999999900 ), #10755 );
#6187 = AXIS2_PLACEMENT_3D ( 'NONE', #8754, #3490, #9633 ) ;
#6188 = UNCERTAINTY_MEASURE_WITH_UNIT (LENGTH_MEASURE( 1.000000000000000100E-005 ), #2748, 'distance_accuracy_value', 'NONE');
#6189 = VECTOR ( 'NONE', #1196, 39.37007874015748100 ) ;
#6190 = PRESENTATION_STYLE_ASSIGNMENT (( #9862 ) ) ;
#6191 = LENGTH_MEASURE_WITH_UNIT ( LENGTH_MEASURE( 0.02539999999999999900 ), #4638 );
#6192 = VECTOR ( 'NONE', #3062, 39.37007874015748100 ) ;
#6193 = DIRECTION ( 'NONE',  ( 0.0000000000000000000, 0.0000000000000000000, 1.000000000000000000 ) ) ;
#6194 = ADVANCED_FACE ( 'NONE', ( #9981 ), #8735, .F. ) ;
#6195 = ORIENTED_EDGE ( 'NONE', *, *, #1720, .T. ) ;
#6196 = DIRECTION ( 'NONE',  ( 0.0000000000000000000, 1.000000000000000000, 0.0000000000000000000 ) ) ;
#6197 = EDGE_CURVE ( 'NONE', #5333, #10105, #4490, .T. ) ;
#6198 = EDGE_LOOP ( 'NONE', ( #8136, #10427, #2550, #9028 ) ) ;
#6199 = VECTOR ( 'NONE', #6972, 39.37007874015748100 ) ;
#6200 = EDGE_CURVE ( 'NONE', #322, #4227, #2158, .T. ) ;
#6201 = FACE_OUTER_BOUND ( 'NONE', #5992, .T. ) ;
#6202 = MECHANICAL_DESIGN_GEOMETRIC_PRESENTATION_REPRESENTATION (  '', ( #4440 ), #6816 ) ;
#6203 = SURFACE_STYLE_FILL_AREA ( #1041 ) ;
#6204 = ORIENTED_EDGE ( 'NONE', *, *, #7790, .T. ) ;
#6205 = CARTESIAN_POINT ( 'NONE',  ( -0.05629921259842520000, -0.02046108103966344500, -0.06889763779527555100 ) ) ;
#6206 = DIRECTION ( 'NONE',  ( 1.000000000000000000, -0.0000000000000000000, 0.0000000000000000000 ) ) ;
#6207 = ORIENTED_EDGE ( 'NONE', *, *, #3057, .T. ) ;
#6208 = VECTOR ( 'NONE', #4237, 39.37007874015748100 ) ;
#6209 = VECTOR ( 'NONE', #582, 39.37007874015748100 ) ;
#6210 = PRESENTATION_STYLE_ASSIGNMENT (( #8648 ) ) ;
#6211 = VECTOR ( 'NONE', #8226, 39.37007874015748100 ) ;
#6212 = ADVANCED_FACE ( 'NONE', ( #11179 ), #7100, .F. ) ;
#6213 = EDGE_LOOP ( 'NONE', ( #9763, #10726, #7912, #8982 ) ) ;
#6214 = EDGE_CURVE ( 'NONE', #9890, #9910, #7802, .T. ) ;
#6215 = FILL_AREA_STYLE ('',( #5356 ) ) ;
#6216 = VECTOR ( 'NONE', #1719, 39.37007874015748100 ) ;
#6217 = DIRECTION ( 'NONE',  ( 0.0000000000000000000, 0.0000000000000000000, 1.000000000000000000 ) ) ;
#6218 = DIRECTION ( 'NONE',  ( -1.000000000000000000, 0.0000000000000000000, 0.0000000000000000000 ) ) ;
#6219 = VERTEX_POINT ( 'NONE', #1862 ) ;
#6220 = CARTESIAN_POINT ( 'NONE',  ( 0.09055118110236223800, 0.009842519685039369900, 0.03070866141732283800 ) ) ;
#6221 = EDGE_CURVE ( 'NONE', #7348, #5672, #10108, .T. ) ;
#6222 = ORIENTED_EDGE ( 'NONE', *, *, #842, .F. ) ;
#6223 = CARTESIAN_POINT ( 'NONE',  ( -0.05629921259842520600, 0.009842519685039369900, -0.08661417322834641400 ) ) ;
#6224 = STYLED_ITEM ( 'NONE', ( #344 ), #8862 ) ;
#6225 = LINE ( 'NONE', #5212, #8569 ) ;
#6226 = FILL_AREA_STYLE ('',( #6858 ) ) ;
#6227 = LENGTH_MEASURE_WITH_UNIT ( LENGTH_MEASURE( 0.02539999999999999900 ), #370 );
#6228 = UNCERTAINTY_MEASURE_WITH_UNIT (LENGTH_MEASURE( 1.000000000000000100E-005 ), #8559, 'distance_accuracy_value', 'NONE');
#6229 = ORIENTED_EDGE ( 'NONE', *, *, #2458, .F. ) ;
#6230 = UNCERTAINTY_MEASURE_WITH_UNIT (LENGTH_MEASURE( 1.000000000000000100E-005 ), #9372, 'distance_accuracy_value', 'NONE');
#6232 = DIRECTION ( 'NONE',  ( 0.0000000000000000000, 1.000000000000000000, 0.0000000000000000000 ) ) ;
#6231 = VECTOR ( 'NONE', #1487, 39.37007874015748100 ) ;
#6233 = FILL_AREA_STYLE_COLOUR ( '', #378 ) ;
#6234 = DIRECTION ( 'NONE',  ( 0.0000000000000000000, 0.0000000000000000000, 1.000000000000000000 ) ) ;
#6235 = EDGE_LOOP ( 'NONE', ( #10856, #6365, #9355, #6366 ) ) ;
#6236 = ORIENTED_EDGE ( 'NONE', *, *, #2086, .T. ) ;
#6237 = SURFACE_STYLE_USAGE ( .BOTH. , #255 ) ;
#6238 = UNCERTAINTY_MEASURE_WITH_UNIT (LENGTH_MEASURE( 1.000000000000000100E-005 ), #8474, 'distance_accuracy_value', 'NONE');
#6239 = VECTOR ( 'NONE', #7686, 39.37007874015748900 ) ;
#6240 = LINE ( 'NONE', #10765, #3910 ) ;
#6241 = CARTESIAN_POINT ( 'NONE',  ( 0.0000000000000000000, 0.009842519685039369900, 0.0000000000000000000 ) ) ;
#6242 = VERTEX_POINT ( 'NONE', #7130 ) ;
#6243 = LINE ( 'NONE', #2449, #10602 ) ;
#6244 = COLOUR_RGB ( '',0.9686274509803921600, 0.8784313725490196000, 0.5999999999999999800 ) ;
#6245 = SURFACE_SIDE_STYLE ('',( #6520 ) ) ;
#6246 = LINE ( 'NONE', #10487, #8305 ) ;
#6247 = ORIENTED_EDGE ( 'NONE', *, *, #1591, .T. ) ;
#6248 =( GEOMETRIC_REPRESENTATION_CONTEXT ( 3 ) GLOBAL_UNCERTAINTY_ASSIGNED_CONTEXT ( ( #11016 ) ) GLOBAL_UNIT_ASSIGNED_CONTEXT ( ( #7552, #7520, #7480 ) ) REPRESENTATION_CONTEXT ( 'NONE', 'WORKASPACE' ) );
#6249 = DIMENSIONAL_EXPONENTS ( 1.000000000000000000, 0.0000000000000000000, 0.0000000000000000000, 0.0000000000000000000, 0.0000000000000000000, 0.0000000000000000000, 0.0000000000000000000 ) ;
#6250 =( NAMED_UNIT ( * ) PLANE_ANGLE_UNIT ( ) SI_UNIT ( $, .RADIAN. ) );
#6251 = CARTESIAN_POINT ( 'NONE',  ( -0.04606299212598425500, -0.02046108103966344500, 0.06889763779527562100 ) ) ;
#6252 =( LENGTH_UNIT ( ) NAMED_UNIT ( * ) SI_UNIT ( $, .METRE. ) );
#6253 = EDGE_LOOP ( 'NONE', ( #6954, #1019, #3725, #10050 ) ) ;
#6254 = AXIS2_PLACEMENT_3D ( 'NONE', #1734, #7888, #2598 ) ;
#6255 = VECTOR ( 'NONE', #6569, 39.37007874015748100 ) ;
#6256 = STYLED_ITEM ( 'NONE', ( #4543 ), #2328 ) ;
#6257 = PLANE ( 'NONE',  #4914 ) ;
#6258 = APPLICATION_CONTEXT ( 'automotive_design' ) ;
#6259 = EDGE_LOOP ( 'NONE', ( #1673, #2145, #9305, #646 ) ) ;
#6260 = ADVANCED_FACE ( 'NONE', ( #5464 ), #3618, .F. ) ;
#6261 =( NAMED_UNIT ( * ) SI_UNIT ( $, .STERADIAN. ) SOLID_ANGLE_UNIT ( ) );
#6262 = PLANE ( 'NONE',  #2729 ) ;
#6263 = CARTESIAN_POINT ( 'NONE',  ( -0.09055118110236222400, 0.009842519685039369900, -0.04606299212598422000 ) ) ;
#6264 = FILL_AREA_STYLE ('',( #3599 ) ) ;
#6265 = VERTEX_POINT ( 'NONE', #140 ) ;
#6266 =( NAMED_UNIT ( * ) SI_UNIT ( $, .STERADIAN. ) SOLID_ANGLE_UNIT ( ) );
#6267 = SURFACE_STYLE_FILL_AREA ( #3048 ) ;
#6268 =( GEOMETRIC_REPRESENTATION_CONTEXT ( 3 ) GLOBAL_UNCERTAINTY_ASSIGNED_CONTEXT ( ( #4474 ) ) GLOBAL_UNIT_ASSIGNED_CONTEXT ( ( #3724, #9865, #4624 ) ) REPRESENTATION_CONTEXT ( 'NONE', 'WORKASPACE' ) );
#6269 = MANIFOLD_SOLID_BREP ( 'Boss-Extrude2[4]', #5165 ) ;
#6270 = CARTESIAN_POINT ( 'NONE',  ( 0.03070866141732283400, 0.009842519685039369900, 0.08661417322834648300 ) ) ;
#6271 = MECHANICAL_DESIGN_GEOMETRIC_PRESENTATION_REPRESENTATION (  '', ( #4506 ), #6867 ) ;
#6272 = DIMENSIONAL_EXPONENTS ( 1.000000000000000000, 0.0000000000000000000, 0.0000000000000000000, 0.0000000000000000000, 0.0000000000000000000, 0.0000000000000000000, 0.0000000000000000000 ) ;
#6273 = VERTEX_POINT ( 'NONE', #7799 ) ;
#6274 =( NAMED_UNIT ( * ) PLANE_ANGLE_UNIT ( ) SI_UNIT ( $, .RADIAN. ) );
#6275 = FILL_AREA_STYLE_COLOUR ( '', #2474 ) ;
#6276 = FILL_AREA_STYLE ('',( #5405 ) ) ;
#6277 = EDGE_CURVE ( 'NONE', #192, #6664, #4342, .T. ) ;
#6278 = DIMENSIONAL_EXPONENTS ( 1.000000000000000000, 0.0000000000000000000, 0.0000000000000000000, 0.0000000000000000000, 0.0000000000000000000, 0.0000000000000000000, 0.0000000000000000000 ) ;
#6279 = FACE_OUTER_BOUND ( 'NONE', #6528, .T. ) ;
#6280 = DIRECTION ( 'NONE',  ( -1.000000000000000000, -0.0000000000000000000, -0.0000000000000000000 ) ) ;
#6281 = EDGE_CURVE ( 'NONE', #2658, #9256, #9022, .T. ) ;
#6282 = DIRECTION ( 'NONE',  ( 0.0000000000000000000, 1.000000000000000000, 0.0000000000000000000 ) ) ;
#6283 = ADVANCED_FACE ( 'NONE', ( #2017 ), #6044, .F. ) ;
#6284 = ORIENTED_EDGE ( 'NONE', *, *, #7409, .F. ) ;
#6285 = CARTESIAN_POINT ( 'NONE',  ( 0.03070866141732283400, 0.009842519685039369900, 0.08661417322834648300 ) ) ;
#6286 = FILL_AREA_STYLE_COLOUR ( '', #2621 ) ;
#6287 = CARTESIAN_POINT ( 'NONE',  ( -0.09055118110236221000, 0.009842519685039369900, 0.03070866141732286900 ) ) ;
#6288 = SURFACE_STYLE_FILL_AREA ( #9548 ) ;
#6289 = EDGE_CURVE ( 'NONE', #8708, #3362, #11280, .T. ) ;
#6290 = ORIENTED_EDGE ( 'NONE', *, *, #2985, .F. ) ;
#6291 = CARTESIAN_POINT ( 'NONE',  ( 0.03070866141732283800, 0.0000000000000000000, 0.06889763779527562100 ) ) ;
#6292 = APPLICATION_PROTOCOL_DEFINITION ( 'draft international standard', 'automotive_design', 1998, #159 ) ;
#6293 = EDGE_CURVE ( 'NONE', #5835, #1724, #2260, .T. ) ;
#6294 = SURFACE_STYLE_FILL_AREA ( #6973 ) ;
#6295 = VECTOR ( 'NONE', #152, 39.37007874015748100 ) ;
#6296 = PRESENTATION_LAYER_ASSIGNMENT (  '', '', ( #5138 ) ) ;
#6297 = COLOUR_RGB ( '',0.9686274509803921600, 0.8784313725490196000, 0.5999999999999999800 ) ;
#6298 =( NAMED_UNIT ( * ) PLANE_ANGLE_UNIT ( ) SI_UNIT ( $, .RADIAN. ) );
#6299 =( NAMED_UNIT ( * ) SI_UNIT ( $, .STERADIAN. ) SOLID_ANGLE_UNIT ( ) );
#6300 = CARTESIAN_POINT ( 'NONE',  ( 0.09055118110236223800, 0.009842519685039369900, 0.02047244094488188900 ) ) ;
#6301 =( LENGTH_UNIT ( ) NAMED_UNIT ( * ) SI_UNIT ( $, .METRE. ) );
#6302 = SURFACE_STYLE_USAGE ( .BOTH. , #172 ) ;
#6303 = CARTESIAN_POINT ( 'NONE',  ( 0.0003937007874015829800, 0.1023622047255695900, -0.01528740157480314700 ) ) ;
#6304 = VECTOR ( 'NONE', #4038, 39.37007874015748100 ) ;
#6305 = UNCERTAINTY_MEASURE_WITH_UNIT (LENGTH_MEASURE( 1.000000000000000100E-005 ), #3541, 'distance_accuracy_value', 'NONE');
#6306 =( CONVERSION_BASED_UNIT ( 'INCH', #5078 ) LENGTH_UNIT ( ) NAMED_UNIT ( #8695 ) );
#6307 = CARTESIAN_POINT ( 'NONE',  ( 0.09055118110236222400, 0.0000000000000000000, -0.05629921259842520000 ) ) ;
#6308 = DIRECTION ( 'NONE',  ( -0.0000000000000000000, -0.0000000000000000000, -1.000000000000000000 ) ) ;
#6309 = LINE ( 'NONE', #8794, #10668 ) ;
#6310 = DIRECTION ( 'NONE',  ( 0.0000000000000000000, -0.0000000000000000000, 1.000000000000000000 ) ) ;
#6311 = ADVANCED_FACE ( 'NONE', ( #11010 ), #2582, .F. ) ;
#6312 = ORIENTED_EDGE ( 'NONE', *, *, #4308, .T. ) ;
#6313 =( NAMED_UNIT ( * ) SI_UNIT ( $, .STERADIAN. ) SOLID_ANGLE_UNIT ( ) );
#6314 = PRESENTATION_LAYER_ASSIGNMENT (  '', '', ( #5164 ) ) ;
#6315 = AXIS2_PLACEMENT_3D ( 'NONE', #7374, #2089, #8224 ) ;
#6316 = DIRECTION ( 'NONE',  ( -1.204669080539449800E-016, -0.0000000000000000000, 1.000000000000000000 ) ) ;
#6317 = SURFACE_STYLE_FILL_AREA ( #4178 ) ;
#6318 = CARTESIAN_POINT ( 'NONE',  ( 0.02047244094488188600, 0.0000000000000000000, -0.08661417322834641400 ) ) ;
#6319 =( CONVERSION_BASED_UNIT ( 'INCH', #1080 ) LENGTH_UNIT ( ) NAMED_UNIT ( #5799 ) );
#6320 = EDGE_LOOP ( 'NONE', ( #1843, #6683, #10306, #3905 ) ) ;
#6321 = LINE ( 'NONE', #3596, #10684 ) ;
#6322 = LINE ( 'NONE', #11234, #3993 ) ;
#6323 = FACE_OUTER_BOUND ( 'NONE', #4706, .T. ) ;
#6324 =( GEOMETRIC_REPRESENTATION_CONTEXT ( 3 ) GLOBAL_UNCERTAINTY_ASSIGNED_CONTEXT ( ( #2079 ) ) GLOBAL_UNIT_ASSIGNED_CONTEXT ( ( #533, #6686, #1401 ) ) REPRESENTATION_CONTEXT ( 'NONE', 'WORKASPACE' ) );
#6325 = COLOUR_RGB ( '',0.2509803921568627400, 0.2509803921568627400, 0.2509803921568627400 ) ;
#6326 = LINE ( 'NONE', #9277, #3709 ) ;
#6327 = PRESENTATION_LAYER_ASSIGNMENT (  '', '', ( #5180 ) ) ;
#6328 =( CONVERSION_BASED_UNIT ( 'INCH', #427 ) LENGTH_UNIT ( ) NAMED_UNIT ( #10586 ) );
#6329 = DIRECTION ( 'NONE',  ( 1.000000000000000000, 0.0000000000000000000, -0.0000000000000000000 ) ) ;
#6330 = PRESENTATION_LAYER_ASSIGNMENT (  '', '', ( #5181 ) ) ;
#6331 =( NAMED_UNIT ( * ) SI_UNIT ( $, .STERADIAN. ) SOLID_ANGLE_UNIT ( ) );
#6332 = DIRECTION ( 'NONE',  ( 1.000000000000000000, -0.0000000000000000000, 0.0000000000000000000 ) ) ;
#6333 = VERTEX_POINT ( 'NONE', #2515 ) ;
#6334 = STYLED_ITEM ( 'NONE', ( #4135 ), #7134 ) ;
#6335 = DIRECTION ( 'NONE',  ( -0.0000000000000000000, -1.000000000000000000, -0.0000000000000000000 ) ) ;
#6336 = LENGTH_MEASURE_WITH_UNIT ( LENGTH_MEASURE( 0.02539999999999999900 ), #4802 );
#6337 = LINE ( 'NONE', #4411, #8678 ) ;
#6338 = LINE ( 'NONE', #4535, #8679 ) ;
#6339 = FACE_OUTER_BOUND ( 'NONE', #6235, .T. ) ;
#6340 =( LENGTH_UNIT ( ) NAMED_UNIT ( * ) SI_UNIT ( $, .METRE. ) );
#6341 = LINE ( 'NONE', #5566, #4013 ) ;
#6342 = PLANE ( 'NONE',  #6566 ) ;
#6343 = DIRECTION ( 'NONE',  ( 0.0000000000000000000, 1.000000000000000000, 0.0000000000000000000 ) ) ;
#6344 = FILL_AREA_STYLE_COLOUR ( '', #9573 ) ;
#6345 = ORIENTED_EDGE ( 'NONE', *, *, #2028, .T. ) ;
#6346 = PRODUCT_RELATED_PRODUCT_CATEGORY ( 'part', '', ( #9980 ) ) ;
#6347 = VERTEX_POINT ( 'NONE', #4384 ) ;
#6348 = CARTESIAN_POINT ( 'NONE',  ( 0.07283464566929139000, 0.009842519685039369900, 0.04606299212598425500 ) ) ;
#6349 = ORIENTED_EDGE ( 'NONE', *, *, #10444, .F. ) ;
#6350 = LINE ( 'NONE', #1833, #10984 ) ;
#6351 = FILL_AREA_STYLE_COLOUR ( '', #6361 ) ;
#6352 = EDGE_CURVE ( 'NONE', #628, #3838, #7897, .T. ) ;
#6353 = ORIENTED_EDGE ( 'NONE', *, *, #3206, .T. ) ;
#6354 = ORIENTED_EDGE ( 'NONE', *, *, #3073, .F. ) ;
#6355 = DIRECTION ( 'NONE',  ( 1.000000000000000000, 0.0000000000000000000, -0.0000000000000000000 ) ) ;
#6356 = EDGE_CURVE ( 'NONE', #7899, #216, #3226, .T. ) ;
#6357 = SURFACE_SIDE_STYLE ('',( #272 ) ) ;
#6358 = CARTESIAN_POINT ( 'NONE',  ( 0.07283464566929137600, 0.009842519685039369900, -0.03070866141732283800 ) ) ;
#6359 = PRESENTATION_LAYER_ASSIGNMENT (  '', '', ( #5776 ) ) ;
#6360 = PRESENTATION_STYLE_ASSIGNMENT (( #7673 ) ) ;
#6361 = COLOUR_RGB ( '',0.9686274509803921600, 0.8784313725490196000, 0.5999999999999999800 ) ;
#6362 = ORIENTED_EDGE ( 'NONE', *, *, #183, .T. ) ;
#6363 = LINE ( 'NONE', #10408, #8841 ) ;
#6364 = FILL_AREA_STYLE ('',( #3748 ) ) ;
#6365 = ORIENTED_EDGE ( 'NONE', *, *, #7976, .F. ) ;
#6366 = ORIENTED_EDGE ( 'NONE', *, *, #3350, .F. ) ;
#6367 = ORIENTED_EDGE ( 'NONE', *, *, #5494, .F. ) ;
#6368 = ADVANCED_FACE ( 'NONE', ( #7632 ), #37, .F. ) ;
#6369 = SURFACE_SIDE_STYLE ('',( #9615 ) ) ;
#6370 = SURFACE_SIDE_STYLE ('',( #4612 ) ) ;
#6371 = DIRECTION ( 'NONE',  ( -0.0000000000000000000, 1.000000000000000000, 0.0000000000000000000 ) ) ;
#6372 = EDGE_LOOP ( 'NONE', ( #11162, #5528, #9136, #3477 ) ) ;
#6373 =( NAMED_UNIT ( * ) PLANE_ANGLE_UNIT ( ) SI_UNIT ( $, .RADIAN. ) );
#6374 = DIRECTION ( 'NONE',  ( 0.0000000000000000000, 0.0000000000000000000, 1.000000000000000000 ) ) ;
#6375 =( NAMED_UNIT ( * ) SI_UNIT ( $, .STERADIAN. ) SOLID_ANGLE_UNIT ( ) );
#6376 = LINE ( 'NONE', #6655, #4043 ) ;
#6377 = SURFACE_STYLE_USAGE ( .BOTH. , #248 ) ;
#6378 = MECHANICAL_DESIGN_GEOMETRIC_PRESENTATION_REPRESENTATION (  '', ( #4619 ), #6980 ) ;
#6379 = ORIENTED_EDGE ( 'NONE', *, *, #641, .T. ) ;
#6380 = DIMENSIONAL_EXPONENTS ( 1.000000000000000000, 0.0000000000000000000, 0.0000000000000000000, 0.0000000000000000000, 0.0000000000000000000, 0.0000000000000000000, 0.0000000000000000000 ) ;
#6381 =( LENGTH_UNIT ( ) NAMED_UNIT ( * ) SI_UNIT ( $, .METRE. ) );
#6382 = VECTOR ( 'NONE', #1098, 39.37007874015748100 ) ;
#6383 = VERTEX_POINT ( 'NONE', #7059 ) ;
#6384 = DIRECTION ( 'NONE',  ( 1.000000000000000000, 0.0000000000000000000, -0.0000000000000000000 ) ) ;
#6385 = PRESENTATION_LAYER_ASSIGNMENT (  '', '', ( #5214 ) ) ;
#6386 = COLOUR_RGB ( '',0.9686274509803921600, 0.8784313725490196000, 0.5999999999999999800 ) ;
#6387 = ORIENTED_EDGE ( 'NONE', *, *, #5194, .F. ) ;
#6388 = PRESENTATION_LAYER_ASSIGNMENT (  '', '', ( #5216 ) ) ;
#6389 = DIMENSIONAL_EXPONENTS ( 1.000000000000000000, 0.0000000000000000000, 0.0000000000000000000, 0.0000000000000000000, 0.0000000000000000000, 0.0000000000000000000, 0.0000000000000000000 ) ;
#6390 = CARTESIAN_POINT ( 'NONE',  ( -0.005118110236220475000, 0.0000000000000000000, 0.08661417322834648300 ) ) ;
#6391 = DIRECTION ( 'NONE',  ( 0.0000000000000000000, 1.000000000000000000, 0.0000000000000000000 ) ) ;
#6392 = ORIENTED_EDGE ( 'NONE', *, *, #9547, .T. ) ;
#6393 = DIRECTION ( 'NONE',  ( -1.000000000000000000, -0.0000000000000000000, 0.0000000000000000000 ) ) ;
#6394 = ORIENTED_EDGE ( 'NONE', *, *, #9726, .T. ) ;
#6395 = AXIS2_PLACEMENT_3D ( 'NONE', #2569, #2542, #2494 ) ;
#6396 = LENGTH_MEASURE_WITH_UNIT ( LENGTH_MEASURE( 0.02539999999999999900 ), #7521 );
#6397 = SURFACE_SIDE_STYLE ('',( #446 ) ) ;
#6398 = CARTESIAN_POINT ( 'NONE',  ( -0.02047244094488188900, 0.0000000000000000000, 0.06889763779527562100 ) ) ;
#6399 =( LENGTH_UNIT ( ) NAMED_UNIT ( * ) SI_UNIT ( $, .METRE. ) );
#6400 =( GEOMETRIC_REPRESENTATION_CONTEXT ( 3 ) GLOBAL_UNCERTAINTY_ASSIGNED_CONTEXT ( ( #11049 ) ) GLOBAL_UNIT_ASSIGNED_CONTEXT ( ( #8714, #3441, #9586 ) ) REPRESENTATION_CONTEXT ( 'NONE', 'WORKASPACE' ) );
#6401 = ORIENTED_EDGE ( 'NONE', *, *, #331, .F. ) ;
#6402 = MECHANICAL_DESIGN_GEOMETRIC_PRESENTATION_REPRESENTATION (  '', ( #4635 ), #6995 ) ;
#6403 = PRESENTATION_LAYER_ASSIGNMENT (  '', '', ( #5229 ) ) ;
#6404 = VECTOR ( 'NONE', #4100, 39.37007874015748100 ) ;
#6405 =( CONVERSION_BASED_UNIT ( 'INCH', #2755 ) LENGTH_UNIT ( ) NAMED_UNIT ( #990 ) );
#6406 = ORIENTED_EDGE ( 'NONE', *, *, #4230, .T. ) ;
#6407 = PRESENTATION_STYLE_ASSIGNMENT (( #10376 ) ) ;
#6408 = PRESENTATION_LAYER_ASSIGNMENT (  '', '', ( #5234 ) ) ;
#6409 = SURFACE_STYLE_USAGE ( .BOTH. , #6443 ) ;
#6410 = CARTESIAN_POINT ( 'NONE',  ( -0.04606299212598425500, -0.02046108103966344500, 0.08661417322834648300 ) ) ;
#6411 = ORIENTED_EDGE ( 'NONE', *, *, #506, .F. ) ;
#6412 = EDGE_LOOP ( 'NONE', ( #4162, #1870, #2835, #10762 ) ) ;
#6413 = PRESENTATION_LAYER_ASSIGNMENT (  '', '', ( #5244 ) ) ;
#6414 = PLANE ( 'NONE',  #5313 ) ;
#6415 = AXIS2_PLACEMENT_3D ( 'NONE', #1494, #7668, #2384 ) ;
#6416 = STYLED_ITEM ( 'NONE', ( #4517 ), #3710 ) ;
#6417 = LINE ( 'NONE', #29, #11047 ) ;
#6418 = FILL_AREA_STYLE ('',( #10761 ) ) ;
#6419 = SURFACE_STYLE_USAGE ( .BOTH. , #6506 ) ;
#6420 = VECTOR ( 'NONE', #1309, 39.37007874015748100 ) ;
#6421 = EDGE_LOOP ( 'NONE', ( #4715, #6663, #5693, #8341 ) ) ;
#6422 = DIRECTION ( 'NONE',  ( 1.000000000000000000, -0.0000000000000000000, 0.0000000000000000000 ) ) ;
#6423 = EDGE_CURVE ( 'NONE', #2603, #11012, #11141, .T. ) ;
#6424 = FILL_AREA_STYLE_COLOUR ( '', #5811 ) ;
#6425 =( NAMED_UNIT ( * ) SI_UNIT ( $, .STERADIAN. ) SOLID_ANGLE_UNIT ( ) );
#6426 = EDGE_CURVE ( 'NONE', #2016, #7639, #8852, .T. ) ;
#6427 = VECTOR ( 'NONE', #6832, 39.37007874015748100 ) ;
#6428 = ADVANCED_FACE ( 'NONE', ( #10863 ), #9723, .F. ) ;
#6429 = CARTESIAN_POINT ( 'NONE',  ( 0.03070866141732283800, 0.009842519685039369900, -0.06889763779527555100 ) ) ;
#6430 = CARTESIAN_POINT ( 'NONE',  ( 0.09055118110236223800, 0.0000000000000000000, -0.02047244094488188900 ) ) ;
#6431 = FACE_OUTER_BOUND ( 'NONE', #3786, .T. ) ;
#6432 =( NAMED_UNIT ( * ) SI_UNIT ( $, .STERADIAN. ) SOLID_ANGLE_UNIT ( ) );
#6433 = SURFACE_STYLE_FILL_AREA ( #6159 ) ;
#6434 = CARTESIAN_POINT ( 'NONE',  ( 0.03070866141732283400, 0.009842519685039369900, -0.08661417322834641400 ) ) ;
#6435 = DIRECTION ( 'NONE',  ( 0.0000000000000000000, 0.0000000000000000000, 1.000000000000000000 ) ) ;
#6436 = PRESENTATION_STYLE_ASSIGNMENT (( #4867 ) ) ;
#6437 = EDGE_CURVE ( 'NONE', #84, #1617, #3081, .T. ) ;
#6438 = UNCERTAINTY_MEASURE_WITH_UNIT (LENGTH_MEASURE( 1.000000000000000100E-005 ), #3212, 'distance_accuracy_value', 'NONE');
#6439 = LENGTH_MEASURE_WITH_UNIT ( LENGTH_MEASURE( 0.02539999999999999900 ), #10641 );
#6440 = CARTESIAN_POINT ( 'NONE',  ( 0.09055118110236223800, 0.009842519685039369900, -0.02047244094488188900 ) ) ;
#6441 = PRESENTATION_STYLE_ASSIGNMENT (( #7311 ) ) ;
#6442 = EDGE_CURVE ( 'NONE', #3072, #10952, #5423, .T. ) ;
#6443 = SURFACE_SIDE_STYLE ('',( #5792 ) ) ;
#6444 = UNCERTAINTY_MEASURE_WITH_UNIT (LENGTH_MEASURE( 1.000000000000000100E-005 ), #5504, 'distance_accuracy_value', 'NONE');
#6445 = COLOUR_RGB ( '',0.2509803921568627400, 0.2509803921568627400, 0.2509803921568627400 ) ;
#6446 = LINE ( 'NONE', #10611, #3015 ) ;
#6447 =( NAMED_UNIT ( * ) SI_UNIT ( $, .STERADIAN. ) SOLID_ANGLE_UNIT ( ) );
#6448 = CARTESIAN_POINT ( 'NONE',  ( -0.03070866141732283800, 0.0000000000000000000, 0.06889763779527562100 ) ) ;
#6449 = LENGTH_MEASURE_WITH_UNIT ( LENGTH_MEASURE( 0.02539999999999999900 ), #3652 );
#6450 =( CONVERSION_BASED_UNIT ( 'INCH', #6052 ) LENGTH_UNIT ( ) NAMED_UNIT ( #5774 ) );
#6451 = DIRECTION ( 'NONE',  ( 4.818676322157799300E-016, 0.0000000000000000000, -1.000000000000000000 ) ) ;
#6452 = DIRECTION ( 'NONE',  ( -2.409338161078899700E-016, 0.0000000000000000000, -1.000000000000000000 ) ) ;
#6453 = FACE_OUTER_BOUND ( 'NONE', #10178, .T. ) ;
#6454 = LINE ( 'NONE', #7665, #8508 ) ;
#6455 = EDGE_LOOP ( 'NONE', ( #6105, #1441, #7299, #8723 ) ) ;
#6456 = FILL_AREA_STYLE_COLOUR ( '', #8667 ) ;
#6457 = CARTESIAN_POINT ( 'NONE',  ( 0.005118110236220471500, 0.0000000000000000000, 0.08661417322834648300 ) ) ;
#6458 = ORIENTED_EDGE ( 'NONE', *, *, #9958, .T. ) ;
#6459 = FILL_AREA_STYLE_COLOUR ( '', #2689 ) ;
#6460 = PLANE ( 'NONE',  #6000 ) ;
#6461 = FACE_OUTER_BOUND ( 'NONE', #11127, .T. ) ;
#6462 = SURFACE_STYLE_FILL_AREA ( #6158 ) ;
#6463 = COLOUR_RGB ( '',0.9686274509803921600, 0.8784313725490196000, 0.5999999999999999800 ) ;
#6464 = SURFACE_STYLE_FILL_AREA ( #3046 ) ;
#6465 = MECHANICAL_DESIGN_GEOMETRIC_PRESENTATION_REPRESENTATION (  '', ( #4694 ), #7062 ) ;
#6466 = DIRECTION ( 'NONE',  ( 0.0000000000000000000, 1.000000000000000000, 0.0000000000000000000 ) ) ;
#6467 = LINE ( 'NONE', #5148, #6607 ) ;
#6468 =( NAMED_UNIT ( * ) SI_UNIT ( $, .STERADIAN. ) SOLID_ANGLE_UNIT ( ) );
#6469 = CARTESIAN_POINT ( 'NONE',  ( 0.09055118110236225200, 0.009842519685039369900, 0.04606299212598425500 ) ) ;
#6470 = LINE ( 'NONE', #2634, #8804 ) ;
#6471 =( GEOMETRIC_REPRESENTATION_CONTEXT ( 3 ) GLOBAL_UNCERTAINTY_ASSIGNED_CONTEXT ( ( #8704 ) ) GLOBAL_UNIT_ASSIGNED_CONTEXT ( ( #6825, #1542, #7705 ) ) REPRESENTATION_CONTEXT ( 'NONE', 'WORKASPACE' ) );
#6472 = FACE_BOUND ( 'NONE', #7219, .T. ) ;
#6473 = CARTESIAN_POINT ( 'NONE',  ( 0.05629921259842520000, -0.02046108103966344500, -0.06889763779527555100 ) ) ;
#6474 = MECHANICAL_DESIGN_GEOMETRIC_PRESENTATION_REPRESENTATION (  '', ( #4703 ), #7072 ) ;
#6475 = VERTEX_POINT ( 'NONE', #7176 ) ;
#6476 =( GEOMETRIC_REPRESENTATION_CONTEXT ( 3 ) GLOBAL_UNCERTAINTY_ASSIGNED_CONTEXT ( ( #7306 ) ) GLOBAL_UNIT_ASSIGNED_CONTEXT ( ( #9531, #4269, #10391 ) ) REPRESENTATION_CONTEXT ( 'NONE', 'WORKASPACE' ) );
#6477 = FILL_AREA_STYLE_COLOUR ( '', #8121 ) ;
#6478 = PRESENTATION_STYLE_ASSIGNMENT (( #6302 ) ) ;
#6479 = SURFACE_SIDE_STYLE ('',( #137 ) ) ;
#6480 = FACE_OUTER_BOUND ( 'NONE', #4838, .T. ) ;
#6481 = CARTESIAN_POINT ( 'NONE',  ( 0.0000000000000000000, 0.009842519685039369900, 0.0000000000000000000 ) ) ;
#6482 = CARTESIAN_POINT ( 'NONE',  ( 0.07283464566929137600, 0.0000000000000000000, -0.005118110236220473200 ) ) ;
#6483 = COLOUR_RGB ( '',0.2509803921568627400, 0.2509803921568627400, 0.2509803921568627400 ) ;
#6484 = LENGTH_MEASURE_WITH_UNIT ( LENGTH_MEASURE( 0.02539999999999999900 ), #4568 );
#6485 = ORIENTED_EDGE ( 'NONE', *, *, #6200, .F. ) ;
#6486 =( GEOMETRIC_REPRESENTATION_CONTEXT ( 3 ) GLOBAL_UNCERTAINTY_ASSIGNED_CONTEXT ( ( #6145 ) ) GLOBAL_UNIT_ASSIGNED_CONTEXT ( ( #10708, #10640, #10559 ) ) REPRESENTATION_CONTEXT ( 'NONE', 'WORKASPACE' ) );
#6487 = CARTESIAN_POINT ( 'NONE',  ( 0.0000000000000000000, 0.009842519685039369900, 0.0000000000000000000 ) ) ;
#6488 = ORIENTED_EDGE ( 'NONE', *, *, #4097, .F. ) ;
#6489 = FILL_AREA_STYLE ('',( #8285 ) ) ;
#6490 = MECHANICAL_DESIGN_GEOMETRIC_PRESENTATION_REPRESENTATION (  '', ( #4719 ), #7091 ) ;
#6491 = LINE ( 'NONE', #8689, #11119 ) ;
#6492 = VECTOR ( 'NONE', #2686, 39.37007874015748100 ) ;
#6493 = STYLED_ITEM ( 'NONE', ( #3179 ), #3348 ) ;
#6494 = ADVANCED_FACE ( 'NONE', ( #7494 ), #10626, .F. ) ;
#6495 = DIRECTION ( 'NONE',  ( -1.000000000000000000, -0.0000000000000000000, 0.0000000000000000000 ) ) ;
#6496 = SURFACE_SIDE_STYLE ('',( #151 ) ) ;
#6497 = EDGE_LOOP ( 'NONE', ( #7749, #5573, #3622, #9220 ) ) ;
#6498 = ORIENTED_EDGE ( 'NONE', *, *, #5347, .F. ) ;
#6499 =( GEOMETRIC_REPRESENTATION_CONTEXT ( 3 ) GLOBAL_UNCERTAINTY_ASSIGNED_CONTEXT ( ( #1795 ) ) GLOBAL_UNIT_ASSIGNED_CONTEXT ( ( #7990, #2714, #8878 ) ) REPRESENTATION_CONTEXT ( 'NONE', 'WORKASPACE' ) );
#6500 = ORIENTED_EDGE ( 'NONE', *, *, #10935, .F. ) ;
#6501 = VECTOR ( 'NONE', #5396, 39.37007874015748100 ) ;
#6502 = LINE ( 'NONE', #4968, #11130 ) ;
#6503 = DIMENSIONAL_EXPONENTS ( 1.000000000000000000, 0.0000000000000000000, 0.0000000000000000000, 0.0000000000000000000, 0.0000000000000000000, 0.0000000000000000000, 0.0000000000000000000 ) ;
#6504 = CARTESIAN_POINT ( 'NONE',  ( 0.05629921259842520000, 0.0000000000000000000, 0.0000000000000000000 ) ) ;
#6505 = LINE ( 'NONE', #11209, #10853 ) ;
#6506 = SURFACE_SIDE_STYLE ('',( #10005 ) ) ;
#6507 = FILL_AREA_STYLE_COLOUR ( '', #11241 ) ;
#6508 = ORIENTED_EDGE ( 'NONE', *, *, #11258, .T. ) ;
#6509 = DIRECTION ( 'NONE',  ( -0.0000000000000000000, -0.0000000000000000000, 1.000000000000000000 ) ) ;
#6510 = LINE ( 'NONE', #6089, #10857 ) ;
#6511 = CARTESIAN_POINT ( 'NONE',  ( -0.09055118110236221000, 0.0000000000000000000, -0.03070866141732280000 ) ) ;
#6512 = ORIENTED_EDGE ( 'NONE', *, *, #9969, .F. ) ;
#6513 = DIMENSIONAL_EXPONENTS ( 1.000000000000000000, 0.0000000000000000000, 0.0000000000000000000, 0.0000000000000000000, 0.0000000000000000000, 0.0000000000000000000, 0.0000000000000000000 ) ;
#6514 = ORIENTED_EDGE ( 'NONE', *, *, #3649, .T. ) ;
#6515 = DIRECTION ( 'NONE',  ( -0.0000000000000000000, -0.0000000000000000000, 1.000000000000000000 ) ) ;
#6516 = SURFACE_SIDE_STYLE ('',( #2077 ) ) ;
#6517 = CARTESIAN_POINT ( 'NONE',  ( -0.09055118110236221000, 0.0000000000000000000, 0.0000000000000000000 ) ) ;
#6518 =( CONVERSION_BASED_UNIT ( 'INCH', #6227 ) LENGTH_UNIT ( ) NAMED_UNIT ( #10731 ) );
#6519 = SURFACE_SIDE_STYLE ('',( #8280 ) ) ;
#6520 = SURFACE_STYLE_FILL_AREA ( #110 ) ;
#6521 = UNCERTAINTY_MEASURE_WITH_UNIT (LENGTH_MEASURE( 1.000000000000000100E-005 ), #5331, 'distance_accuracy_value', 'NONE');
#6522 = ORIENTED_EDGE ( 'NONE', *, *, #11114, .F. ) ;
#6523 = EDGE_CURVE ( 'NONE', #4980, #10746, #1968, .T. ) ;
#6524 = LINE ( 'NONE', #7661, #6231 ) ;
#6525 = PLANE ( 'NONE',  #11183 ) ;
#6526 = EDGE_CURVE ( 'NONE', #87, #8820, #10996, .T. ) ;
#6527 = FILL_AREA_STYLE_COLOUR ( '', #7808 ) ;
#6528 = EDGE_LOOP ( 'NONE', ( #200, #4761, #2785, #10982 ) ) ;
#6529 = UNCERTAINTY_MEASURE_WITH_UNIT (LENGTH_MEASURE( 1.000000000000000100E-005 ), #2816, 'distance_accuracy_value', 'NONE');
#6530 = VECTOR ( 'NONE', #10313, 39.37007874015748100 ) ;
#6531 =( NAMED_UNIT ( * ) PLANE_ANGLE_UNIT ( ) SI_UNIT ( $, .RADIAN. ) );
#6532 = ORIENTED_EDGE ( 'NONE', *, *, #4511, .F. ) ;
#6533 = FILL_AREA_STYLE ('',( #381 ) ) ;
#6534 = EDGE_LOOP ( 'NONE', ( #282, #7229, #4874, #303 ) ) ;
#6535 = FACE_OUTER_BOUND ( 'NONE', #6095, .T. ) ;
#6536 = PLANE ( 'NONE',  #7892 ) ;
#6537 = ORIENTED_EDGE ( 'NONE', *, *, #4815, .F. ) ;
#6538 = SURFACE_STYLE_USAGE ( .BOTH. , #387 ) ;
#6539 = DIRECTION ( 'NONE',  ( -0.0000000000000000000, -1.000000000000000000, -0.0000000000000000000 ) ) ;
#6540 =( LENGTH_UNIT ( ) NAMED_UNIT ( * ) SI_UNIT ( $, .METRE. ) );
#6541 = ORIENTED_EDGE ( 'NONE', *, *, #10449, .F. ) ;
#6542 = COLOUR_RGB ( '',0.2509803921568627400, 0.2509803921568627400, 0.2509803921568627400 ) ;
#6543 = AXIS2_PLACEMENT_3D ( 'NONE', #8378, #3132, #9270 ) ;
#6544 =( NAMED_UNIT ( * ) PLANE_ANGLE_UNIT ( ) SI_UNIT ( $, .RADIAN. ) );
#6545 = ORIENTED_EDGE ( 'NONE', *, *, #10156, .T. ) ;
#6546 = FILL_AREA_STYLE_COLOUR ( '', #3956 ) ;
#6547 = CARTESIAN_POINT ( 'NONE',  ( -0.04606299212598425500, 0.009842519685039369900, -0.08661417322834641400 ) ) ;
#6548 = CARTESIAN_POINT ( 'NONE',  ( 0.05629921259842520000, 0.0000000000000000000, -0.06889763779527555100 ) ) ;
#6549 = AXIS2_PLACEMENT_3D ( 'NONE', #6079, #829, #6979 ) ;
#6550 = MECHANICAL_DESIGN_GEOMETRIC_PRESENTATION_REPRESENTATION (  '', ( #5374 ), #7139 ) ;
#6551 = DIRECTION ( 'NONE',  ( -1.000000000000000000, 0.0000000000000000000, -0.0000000000000000000 ) ) ;
#6552 = FILL_AREA_STYLE_COLOUR ( '', #8800 ) ;
#6553 =( NAMED_UNIT ( * ) PLANE_ANGLE_UNIT ( ) SI_UNIT ( $, .RADIAN. ) );
#6554 = DIRECTION ( 'NONE',  ( -1.000000000000000000, -0.0000000000000000000, 0.0000000000000000000 ) ) ;
#6555 = ADVANCED_FACE ( 'NONE', ( #1687 ), #8927, .F. ) ;
#6556 = CARTESIAN_POINT ( 'NONE',  ( 0.005118110236220473200, 0.0000000000000000000, 0.0000000000000000000 ) ) ;
#6557 = ORIENTED_EDGE ( 'NONE', *, *, #9076, .F. ) ;
#6558 = PRESENTATION_STYLE_ASSIGNMENT (( #8502 ) ) ;
#6559 = PRESENTATION_LAYER_ASSIGNMENT (  '', '', ( #5380 ) ) ;
#6560 = DIRECTION ( 'NONE',  ( 1.000000000000000000, 0.0000000000000000000, -0.0000000000000000000 ) ) ;
#6561 = COLOUR_RGB ( '',0.9686274509803921600, 0.8784313725490196000, 0.5999999999999999800 ) ;
#6562 = FILL_AREA_STYLE ('',( #9165 ) ) ;
#6563 = DIRECTION ( 'NONE',  ( 0.0000000000000000000, 0.0000000000000000000, -1.000000000000000000 ) ) ;
#6564 = MECHANICAL_DESIGN_GEOMETRIC_PRESENTATION_REPRESENTATION (  '', ( #4784 ), #7148 ) ;
#6565 = DIRECTION ( 'NONE',  ( 1.000000000000000000, 0.0000000000000000000, -0.0000000000000000000 ) ) ;
#6566 = AXIS2_PLACEMENT_3D ( 'NONE', #3802, #3924, #3142 ) ;
#6567 = VERTEX_POINT ( 'NONE', #230 ) ;
#6568 = AXIS2_PLACEMENT_3D ( 'NONE', #2488, #8647, #3387 ) ;
#6569 = DIRECTION ( 'NONE',  ( -0.0000000000000000000, 1.000000000000000000, 0.0000000000000000000 ) ) ;
#6570 =( GEOMETRIC_REPRESENTATION_CONTEXT ( 3 ) GLOBAL_UNCERTAINTY_ASSIGNED_CONTEXT ( ( #10773 ) ) GLOBAL_UNIT_ASSIGNED_CONTEXT ( ( #10723, #5508, #249 ) ) REPRESENTATION_CONTEXT ( 'NONE', 'WORKASPACE' ) );
#6571 = CARTESIAN_POINT ( 'NONE',  ( 0.02047244094488188900, -0.02046108103966344500, -0.06889763779527555100 ) ) ;
#6572 = DIRECTION ( 'NONE',  ( 0.0000000000000000000, -0.0000000000000000000, -1.000000000000000000 ) ) ;
#6573 = SURFACE_STYLE_USAGE ( .BOTH. , #6611 ) ;
#6574 = EDGE_CURVE ( 'NONE', #5843, #3093, #7619, .T. ) ;
#6575 = CARTESIAN_POINT ( 'NONE',  ( 0.0000000000000000000, 0.009842519685039369900, 0.0000000000000000000 ) ) ;
#6576 = FILL_AREA_STYLE ('',( #6618 ) ) ;
#6577 = COLOUR_RGB ( '',0.9686274509803921600, 0.8784313725490196000, 0.5999999999999999800 ) ;
#6578 = CARTESIAN_POINT ( 'NONE',  ( -0.03070866141732284500, 0.009842519685039369900, 0.08661417322834648300 ) ) ;
#6579 = CARTESIAN_POINT ( 'NONE',  ( -0.07283464566929134800, 0.009842519685039369900, -0.02047244094488185500 ) ) ;
#6580 = EDGE_CURVE ( 'NONE', #8593, #8420, #5274, .T. ) ;
#6581 = FILL_AREA_STYLE_COLOUR ( '', #6862 ) ;
#6582 = DIRECTION ( 'NONE',  ( 0.0000000000000000000, 0.0000000000000000000, -1.000000000000000000 ) ) ;
#6583 = DIRECTION ( 'NONE',  ( -1.204669080539449800E-016, 0.0000000000000000000, 1.000000000000000000 ) ) ;
#6584 =( NAMED_UNIT ( * ) SI_UNIT ( $, .STERADIAN. ) SOLID_ANGLE_UNIT ( ) );
#6585 = EDGE_CURVE ( 'NONE', #4171, #4848, #2926, .T. ) ;
#6586 = LINE ( 'NONE', #6937, #4247 ) ;
#6587 = SURFACE_STYLE_FILL_AREA ( #1086 ) ;
#6588 = DIMENSIONAL_EXPONENTS ( 1.000000000000000000, 0.0000000000000000000, 0.0000000000000000000, 0.0000000000000000000, 0.0000000000000000000, 0.0000000000000000000, 0.0000000000000000000 ) ;
#6589 = CARTESIAN_POINT ( 'NONE',  ( -0.07086614173228347700, 0.009842519685039369900, -0.07480314960629917700 ) ) ;
#6590 = UNCERTAINTY_MEASURE_WITH_UNIT (LENGTH_MEASURE( 1.000000000000000100E-005 ), #3903, 'distance_accuracy_value', 'NONE');
#6591 =( NAMED_UNIT ( * ) SI_UNIT ( $, .STERADIAN. ) SOLID_ANGLE_UNIT ( ) );
#6592 = UNCERTAINTY_MEASURE_WITH_UNIT (LENGTH_MEASURE( 1.000000000000000100E-005 ), #7944, 'distance_accuracy_value', 'NONE');
#6593 =( LENGTH_UNIT ( ) NAMED_UNIT ( * ) SI_UNIT ( $, .METRE. ) );
#6594 = DIRECTION ( 'NONE',  ( 0.0000000000000000000, -0.0000000000000000000, -1.000000000000000000 ) ) ;
#6595 = SURFACE_SIDE_STYLE ('',( #5473 ) ) ;
#6596 = UNCERTAINTY_MEASURE_WITH_UNIT (LENGTH_MEASURE( 1.000000000000000100E-005 ), #10128, 'distance_accuracy_value', 'NONE');
#6597 = VECTOR ( 'NONE', #4785, 39.37007874015748100 ) ;
#6598 = SURFACE_SIDE_STYLE ('',( #10280 ) ) ;
#6599 = PRESENTATION_LAYER_ASSIGNMENT (  '', '', ( #5430 ) ) ;
#6600 = ORIENTED_EDGE ( 'NONE', *, *, #8064, .F. ) ;
#6601 = SURFACE_STYLE_USAGE ( .BOTH. , #462 ) ;
#6602 = EDGE_CURVE ( 'NONE', #10437, #4358, #9653, .T. ) ;
#6603 = VECTOR ( 'NONE', #4902, 39.37007874015748100 ) ;
#6604 = VECTOR ( 'NONE', #10124, 39.37007874015748100 ) ;
#6605 = PRESENTATION_LAYER_ASSIGNMENT (  '', '', ( #5441 ) ) ;
#6606 = CARTESIAN_POINT ( 'NONE',  ( -0.03070866141732283800, -0.02046108103966344500, 0.06889763779527562100 ) ) ;
#6607 = VECTOR ( 'NONE', #6753, 39.37007874015748100 ) ;
#6608 = LENGTH_MEASURE_WITH_UNIT ( LENGTH_MEASURE( 0.02539999999999999900 ), #2118 );
#6609 = ADVANCED_FACE ( 'NONE', ( #7344 ), #1177, .F. ) ;
#6610 = CARTESIAN_POINT ( 'NONE',  ( -0.03070866141732284500, 0.009842519685039369900, 0.0000000000000000000 ) ) ;
#6611 = SURFACE_SIDE_STYLE ('',( #4276 ) ) ;
#6612 = EDGE_LOOP ( 'NONE', ( #10700, #2791, #4984, #2794 ) ) ;
#6613 = LINE ( 'NONE', #8877, #8664 ) ;
#6614 = AXIS2_PLACEMENT_3D ( 'NONE', #8087, #2828, #8972 ) ;
#6615 = VECTOR ( 'NONE', #5118, 39.37007874015748100 ) ;
#6616 = VECTOR ( 'NONE', #1369, 39.37007874015748100 ) ;
#6617 = DIMENSIONAL_EXPONENTS ( 1.000000000000000000, 0.0000000000000000000, 0.0000000000000000000, 0.0000000000000000000, 0.0000000000000000000, 0.0000000000000000000, 0.0000000000000000000 ) ;
#6618 = FILL_AREA_STYLE_COLOUR ( '', #954 ) ;
#6619 = LINE ( 'NONE', #8069, #1941 ) ;
#6620 = CARTESIAN_POINT ( 'NONE',  ( 0.07283464566929137600, -0.02046108103966344500, -0.03070866141732284500 ) ) ;
#6621 = VECTOR ( 'NONE', #7347, 39.37007874015748100 ) ;
#6622 = SURFACE_SIDE_STYLE ('',( #6965 ) ) ;
#6623 = ORIENTED_EDGE ( 'NONE', *, *, #6809, .F. ) ;
#6624 = ORIENTED_EDGE ( 'NONE', *, *, #5347, .T. ) ;
#6625 = DIMENSIONAL_EXPONENTS ( 1.000000000000000000, 0.0000000000000000000, 0.0000000000000000000, 0.0000000000000000000, 0.0000000000000000000, 0.0000000000000000000, 0.0000000000000000000 ) ;
#6626 = STYLED_ITEM ( 'NONE', ( #4303 ), #621 ) ;
#6627 = DIRECTION ( 'NONE',  ( -1.000000000000000000, 0.0000000000000000000, -1.204669080539449800E-016 ) ) ;
#6628 = DIRECTION ( 'NONE',  ( 0.0000000000000000000, 0.0000000000000000000, -1.000000000000000000 ) ) ;
#6629 = DIRECTION ( 'NONE',  ( 1.000000000000000000, 0.0000000000000000000, -1.668003342285391100E-015 ) ) ;
#6630 = VECTOR ( 'NONE', #1545, 39.37007874015748100 ) ;
#6631 = UNCERTAINTY_MEASURE_WITH_UNIT (LENGTH_MEASURE( 1.000000000000000100E-005 ), #9185, 'distance_accuracy_value', 'NONE');
#6632 =( CONVERSION_BASED_UNIT ( 'INCH', #1685 ) LENGTH_UNIT ( ) NAMED_UNIT ( #2018 ) );
#6633 = MECHANICAL_DESIGN_GEOMETRIC_PRESENTATION_REPRESENTATION (  '', ( #4860 ), #7234 ) ;
#6634 = CARTESIAN_POINT ( 'NONE',  ( -0.07283464566929133400, 0.009842519685039369900, 0.02047244094488192400 ) ) ;
#6635 = PRESENTATION_LAYER_ASSIGNMENT (  '', '', ( #5461 ) ) ;
#6636 = AXIS2_PLACEMENT_3D ( 'NONE', #7282, #2006, #8137 ) ;
#6637 = EDGE_LOOP ( 'NONE', ( #2557, #8195, #1951, #2250 ) ) ;
#6638 =( NAMED_UNIT ( * ) SI_UNIT ( $, .STERADIAN. ) SOLID_ANGLE_UNIT ( ) );
#6639 = ORIENTED_EDGE ( 'NONE', *, *, #5696, .F. ) ;
#6640 =( NAMED_UNIT ( * ) SI_UNIT ( $, .STERADIAN. ) SOLID_ANGLE_UNIT ( ) );
#6641 = AXIS2_PLACEMENT_3D ( 'NONE', #7227, #1945, #8081 ) ;
#6642 = SURFACE_STYLE_USAGE ( .BOTH. , #502 ) ;
#6643 = FACE_OUTER_BOUND ( 'NONE', #7777, .T. ) ;
#6644 = SURFACE_STYLE_FILL_AREA ( #3454 ) ;
#6645 = CARTESIAN_POINT ( 'NONE',  ( 0.04606299212598424800, 0.0000000000000000000, 0.08661417322834648300 ) ) ;
#6646 = VERTEX_POINT ( 'NONE', #6429 ) ;
#6647 = AXIS2_PLACEMENT_3D ( 'NONE', #5475, #5443, #5239 ) ;
#6648 = DIRECTION ( 'NONE',  ( -0.0000000000000000000, -1.000000000000000000, -0.0000000000000000000 ) ) ;
#6649 = ORIENTED_EDGE ( 'NONE', *, *, #5979, .T. ) ;
#6650 = EDGE_LOOP ( 'NONE', ( #692, #4993, #10075, #715 ) ) ;
#6651 = LENGTH_MEASURE_WITH_UNIT ( LENGTH_MEASURE( 0.02539999999999999900 ), #7328 );
#6652 = CARTESIAN_POINT ( 'NONE',  ( 0.07283464566929137600, 0.0000000000000000000, 0.0000000000000000000 ) ) ;
#6653 = STYLED_ITEM ( 'NONE', ( #9014 ), #10818 ) ;
#6654 = SURFACE_STYLE_FILL_AREA ( #7927 ) ;
#6655 = CARTESIAN_POINT ( 'NONE',  ( 0.08858267716535439500, 0.03937007874015749400, -0.08464566929133857100 ) ) ;
#6656 = COLOUR_RGB ( '',0.2509803921568627400, 0.2509803921568627400, 0.2509803921568627400 ) ;
#6657 = CARTESIAN_POINT ( 'NONE',  ( 0.09055118110236223800, 0.009842519685039369900, -0.02047244094488188900 ) ) ;
#6658 = VECTOR ( 'NONE', #10249, 39.37007874015748100 ) ;
#6659 = ORIENTED_EDGE ( 'NONE', *, *, #5487, .T. ) ;
#6660 = CARTESIAN_POINT ( 'NONE',  ( 0.0000000000000000000, 0.0000000000000000000, 0.0000000000000000000 ) ) ;
#6661 = EDGE_CURVE ( 'NONE', #8726, #4447, #3878, .T. ) ;
#6662 = VERTEX_POINT ( 'NONE', #1211 ) ;
#6663 = ORIENTED_EDGE ( 'NONE', *, *, #11111, .F. ) ;
#6664 = VERTEX_POINT ( 'NONE', #4662 ) ;
#6665 = EDGE_CURVE ( 'NONE', #10754, #3642, #5939, .T. ) ;
#6666 = CARTESIAN_POINT ( 'NONE',  ( 0.09055118110236223800, 0.0000000000000000000, -0.03070866141732283800 ) ) ;
#6667 =( CONVERSION_BASED_UNIT ( 'INCH', #1345 ) LENGTH_UNIT ( ) NAMED_UNIT ( #9600 ) );
#6668 = CARTESIAN_POINT ( 'NONE',  ( -0.09055118110236221000, 0.009842519685039369900, 0.02047244094488192400 ) ) ;
#6669 = VECTOR ( 'NONE', #7408, 39.37007874015748100 ) ;
#6670 = SURFACE_STYLE_FILL_AREA ( #9614 ) ;
#6671 = ORIENTED_EDGE ( 'NONE', *, *, #3270, .F. ) ;
#6672 = DIRECTION ( 'NONE',  ( -1.000000000000000000, 0.0000000000000000000, -0.0000000000000000000 ) ) ;
#6673 = VECTOR ( 'NONE', #1372, 39.37007874015748100 ) ;
#6674 = CARTESIAN_POINT ( 'NONE',  ( 0.09055118110236223800, -0.02046108103966344500, 0.03070866141732283800 ) ) ;
#6675 = CARTESIAN_POINT ( 'NONE',  ( -0.05629921259842520600, 0.0000000000000000000, 0.08661417322834648300 ) ) ;
#6676 = CARTESIAN_POINT ( 'NONE',  ( 0.07283464566929137600, -0.02046108103966344500, -0.005118110236220472400 ) ) ;
#6677 = ORIENTED_EDGE ( 'NONE', *, *, #3708, .T. ) ;
#6678 = ADVANCED_FACE ( 'NONE', ( #10580 ), #9118, .F. ) ;
#6679 = UNCERTAINTY_MEASURE_WITH_UNIT (LENGTH_MEASURE( 1.000000000000000100E-005 ), #5091, 'distance_accuracy_value', 'NONE');
#6680 = DIRECTION ( 'NONE',  ( 0.0000000000000000000, 0.0000000000000000000, -1.000000000000000000 ) ) ;
#6681 = FACE_OUTER_BOUND ( 'NONE', #1139, .T. ) ;
#6682 = EDGE_CURVE ( 'NONE', #379, #1953, #4844, .T. ) ;
#6683 = ORIENTED_EDGE ( 'NONE', *, *, #10517, .F. ) ;
#6684 = ORIENTED_EDGE ( 'NONE', *, *, #10896, .T. ) ;
#6685 = EDGE_CURVE ( 'NONE', #1397, #6567, #456, .T. ) ;
#6686 =( NAMED_UNIT ( * ) PLANE_ANGLE_UNIT ( ) SI_UNIT ( $, .RADIAN. ) );
#6687 =( GEOMETRIC_REPRESENTATION_CONTEXT ( 3 ) GLOBAL_UNCERTAINTY_ASSIGNED_CONTEXT ( ( #5745 ) ) GLOBAL_UNIT_ASSIGNED_CONTEXT ( ( #10669, #5463, #202 ) ) REPRESENTATION_CONTEXT ( 'NONE', 'WORKASPACE' ) );
#6688 = DIRECTION ( 'NONE',  ( 1.000000000000000000, 0.0000000000000000000, -0.0000000000000000000 ) ) ;
#6689 = ORIENTED_EDGE ( 'NONE', *, *, #6352, .F. ) ;
#6690 =( CONVERSION_BASED_UNIT ( 'INCH', #11278 ) LENGTH_UNIT ( ) NAMED_UNIT ( #7869 ) );
#6691 = SURFACE_STYLE_USAGE ( .BOTH. , #539 ) ;
#6692 = ORIENTED_EDGE ( 'NONE', *, *, #4894, .T. ) ;
#6693 =( NAMED_UNIT ( * ) PLANE_ANGLE_UNIT ( ) SI_UNIT ( $, .RADIAN. ) );
#6694 = ORIENTED_EDGE ( 'NONE', *, *, #8201, .F. ) ;
#6695 = LINE ( 'NONE', #5102, #6404 ) ;
#6696 = VERTEX_POINT ( 'NONE', #8314 ) ;
#6697 = VECTOR ( 'NONE', #5190, 39.37007874015748100 ) ;
#6698 = STYLED_ITEM ( 'NONE', ( #5029 ), #150 ) ;
#6699 = DIRECTION ( 'NONE',  ( 0.0000000000000000000, -0.0000000000000000000, 1.000000000000000000 ) ) ;
#6700 = DIRECTION ( 'NONE',  ( 1.000000000000000000, 0.0000000000000000000, -0.0000000000000000000 ) ) ;
#6701 = ORIENTED_EDGE ( 'NONE', *, *, #9446, .T. ) ;
#6702 = SURFACE_SIDE_STYLE ('',( #5581 ) ) ;
#6703 = PRESENTATION_LAYER_ASSIGNMENT (  '', '', ( #5520 ) ) ;
#6704 = CARTESIAN_POINT ( 'NONE',  ( 0.03070866141732283800, 0.009842519685039369900, -0.06889763779527555100 ) ) ;
#6705 = MECHANICAL_DESIGN_GEOMETRIC_PRESENTATION_REPRESENTATION (  '', ( #4933 ), #7292 ) ;
#6706 = SURFACE_STYLE_FILL_AREA ( #5753 ) ;
#6707 = PLANE ( 'NONE',  #10999 ) ;
#6708 = CARTESIAN_POINT ( 'NONE',  ( 0.07283464566929137600, -0.02046108103966344500, 0.005118110236220474100 ) ) ;
#6709 = FACE_OUTER_BOUND ( 'NONE', #2228, .T. ) ;
#6710 =( LENGTH_UNIT ( ) NAMED_UNIT ( * ) SI_UNIT ( $, .METRE. ) );
#6711 = SURFACE_STYLE_USAGE ( .BOTH. , #555 ) ;
#6712 = PLANE ( 'NONE',  #5024 ) ;
#6713 = VECTOR ( 'NONE', #486, 39.37007874015748100 ) ;
#6714 = ORIENTED_EDGE ( 'NONE', *, *, #2516, .F. ) ;
#6715 = AXIS2_PLACEMENT_3D ( 'NONE', #438, #9222, #2311 ) ;
#6716 = DIRECTION ( 'NONE',  ( 0.0000000000000000000, 1.000000000000000000, 0.0000000000000000000 ) ) ;
#6717 = DIRECTION ( 'NONE',  ( -1.000000000000000000, 0.0000000000000000000, 2.409338161078899700E-016 ) ) ;
#6718 = PRESENTATION_LAYER_ASSIGNMENT (  '', '', ( #5533 ) ) ;
#6719 = CARTESIAN_POINT ( 'NONE',  ( 0.0000000000000000000, 0.0000000000000000000, 0.03070866141732283800 ) ) ;
#6720 = DIRECTION ( 'NONE',  ( -0.0000000000000000000, 0.0000000000000000000, 1.000000000000000000 ) ) ;
#6721 = VECTOR ( 'NONE', #10287, 39.37007874015748100 ) ;
#6722 =( LENGTH_UNIT ( ) NAMED_UNIT ( * ) SI_UNIT ( $, .METRE. ) );
#6723 = STYLED_ITEM ( 'NONE', ( #2859 ), #5517 ) ;
#6724 = PLANE ( 'NONE',  #6833 ) ;
#6725 = MECHANICAL_DESIGN_GEOMETRIC_PRESENTATION_REPRESENTATION (  '', ( #4949 ), #7317 ) ;
#6726 = DIRECTION ( 'NONE',  ( 0.0000000000000000000, 0.0000000000000000000, 1.000000000000000000 ) ) ;
#6727 = ADVANCED_FACE ( 'NONE', ( #7190 ), #2174, .F. ) ;
#6728 = PLANE ( 'NONE',  #4233 ) ;
#6729 = FACE_OUTER_BOUND ( 'NONE', #9282, .T. ) ;
#6730 = FILL_AREA_STYLE_COLOUR ( '', #9522 ) ;
#6731 = DIMENSIONAL_EXPONENTS ( 1.000000000000000000, 0.0000000000000000000, 0.0000000000000000000, 0.0000000000000000000, 0.0000000000000000000, 0.0000000000000000000, 0.0000000000000000000 ) ;
#6732 = PLANE ( 'NONE',  #9062 ) ;
#6733 = VECTOR ( 'NONE', #8690, 39.37007874015748100 ) ;
#6734 = UNCERTAINTY_MEASURE_WITH_UNIT (LENGTH_MEASURE( 1.000000000000000100E-005 ), #9101, 'distance_accuracy_value', 'NONE');
#6735 = EDGE_CURVE ( 'NONE', #10746, #1129, #10441, .T. ) ;
#6736 = CARTESIAN_POINT ( 'NONE',  ( 0.0003937007874015829800, 0.08858267716535434000, -0.01528740157480314700 ) ) ;
#6737 = DIMENSIONAL_EXPONENTS ( 1.000000000000000000, 0.0000000000000000000, 0.0000000000000000000, 0.0000000000000000000, 0.0000000000000000000, 0.0000000000000000000, 0.0000000000000000000 ) ;
#6738 = FILL_AREA_STYLE ('',( #10211 ) ) ;
#6739 = EDGE_CURVE ( 'NONE', #9965, #5157, #1403, .T. ) ;
#6740 = FILL_AREA_STYLE_COLOUR ( '', #1823 ) ;
#6741 =( GEOMETRIC_REPRESENTATION_CONTEXT ( 3 ) GLOBAL_UNCERTAINTY_ASSIGNED_CONTEXT ( ( #3346 ) ) GLOBAL_UNIT_ASSIGNED_CONTEXT ( ( #8932, #3665, #9805 ) ) REPRESENTATION_CONTEXT ( 'NONE', 'WORKASPACE' ) );
#6742 = VERTEX_POINT ( 'NONE', #9230 ) ;
#6743 = CARTESIAN_POINT ( 'NONE',  ( -0.02047244094488189300, -0.02046108103966344500, 0.08661417322834648300 ) ) ;
#6744 = CARTESIAN_POINT ( 'NONE',  ( -0.09055118110236222400, 0.009842519685039369900, -0.04606299212598422000 ) ) ;
#6745 = EDGE_LOOP ( 'NONE', ( #1254, #7759, #6922, #10417 ) ) ;
#6746 = CARTESIAN_POINT ( 'NONE',  ( 0.04606299212598424800, 0.009842519685039369900, 0.08661417322834648300 ) ) ;
#6747 = SURFACE_STYLE_FILL_AREA ( #3938 ) ;
#6748 = SURFACE_SIDE_STYLE ('',( #1626 ) ) ;
#6749 = DIRECTION ( 'NONE',  ( 0.0000000000000000000, -0.0000000000000000000, -1.000000000000000000 ) ) ;
#6750 = FACE_OUTER_BOUND ( 'NONE', #1293, .T. ) ;
#6751 = DIMENSIONAL_EXPONENTS ( 1.000000000000000000, 0.0000000000000000000, 0.0000000000000000000, 0.0000000000000000000, 0.0000000000000000000, 0.0000000000000000000, 0.0000000000000000000 ) ;
#6752 = CARTESIAN_POINT ( 'NONE',  ( 0.03070866141732283800, 0.009842519685039369900, 0.0000000000000000000 ) ) ;
#6753 = DIRECTION ( 'NONE',  ( 0.0000000000000000000, 1.000000000000000000, 0.0000000000000000000 ) ) ;
#6754 = SURFACE_STYLE_USAGE ( .BOTH. , #6795 ) ;
#6755 = FACE_BOUND ( 'NONE', #7153, .T. ) ;
#6756 = ORIENTED_EDGE ( 'NONE', *, *, #8359, .T. ) ;
#6757 = COLOUR_RGB ( '',0.2509803921568627400, 0.2509803921568627400, 0.2509803921568627400 ) ;
#6758 = STYLED_ITEM ( 'NONE', ( #8851 ), #9248 ) ;
#6759 = DIRECTION ( 'NONE',  ( 0.0000000000000000000, 1.000000000000000000, 0.0000000000000000000 ) ) ;
#6760 = DIRECTION ( 'NONE',  ( -1.000000000000000000, 0.0000000000000000000, -0.0000000000000000000 ) ) ;
#6761 = LINE ( 'NONE', #6652, #2351 ) ;
#6762 = LENGTH_MEASURE_WITH_UNIT ( LENGTH_MEASURE( 0.02539999999999999900 ), #9163 );
#6763 = LINE ( 'NONE', #5362, #2083 ) ;
#6764 = VERTEX_POINT ( 'NONE', #10950 ) ;
#6765 = STYLED_ITEM ( 'NONE', ( #5462 ), #6042 ) ;
#6766 = EDGE_LOOP ( 'NONE', ( #4383, #9243, #10877, #1182 ) ) ;
#6767 = STYLED_ITEM ( 'NONE', ( #7545 ), #3952 ) ;
#6768 = DIRECTION ( 'NONE',  ( -1.000000000000000000, 0.0000000000000000000, -0.0000000000000000000 ) ) ;
#6769 = LINE ( 'NONE', #58, #8544 ) ;
#6770 = SURFACE_STYLE_FILL_AREA ( #1443 ) ;
#6771 = ORIENTED_EDGE ( 'NONE', *, *, #10250, .T. ) ;
#6772 = ORIENTED_EDGE ( 'NONE', *, *, #6221, .F. ) ;
#6773 = AXIS2_PLACEMENT_3D ( 'NONE', #5784, #5067, #5028 ) ;
#6774 = PLANE ( 'NONE',  #3029 ) ;
#6775 = FILL_AREA_STYLE ('',( #11104 ) ) ;
#6776 = CARTESIAN_POINT ( 'NONE',  ( -0.005118110236220475000, 0.0000000000000000000, 0.0000000000000000000 ) ) ;
#6777 = ADVANCED_FACE ( 'NONE', ( #3459 ), #7531, .F. ) ;
#6778 = PRESENTATION_LAYER_ASSIGNMENT (  '', '', ( #6164 ) ) ;
#6779 = VECTOR ( 'NONE', #1539, 39.37007874015748100 ) ;
#6780 =( LENGTH_UNIT ( ) NAMED_UNIT ( * ) SI_UNIT ( $, .METRE. ) );
#6781 = PRESENTATION_LAYER_ASSIGNMENT (  '', '', ( #7390 ) ) ;
#6782 = ORIENTED_EDGE ( 'NONE', *, *, #1012, .F. ) ;
#6783 = STYLED_ITEM ( 'NONE', ( #2873 ), #5199 ) ;
#6784 = ORIENTED_EDGE ( 'NONE', *, *, #4222, .T. ) ;
#6785 =( CONVERSION_BASED_UNIT ( 'INCH', #4929 ) LENGTH_UNIT ( ) NAMED_UNIT ( #6625 ) );
#6786 = ORIENTED_EDGE ( 'NONE', *, *, #774, .F. ) ;
#6787 =( GEOMETRIC_REPRESENTATION_CONTEXT ( 3 ) GLOBAL_UNCERTAINTY_ASSIGNED_CONTEXT ( ( #5543 ) ) GLOBAL_UNIT_ASSIGNED_CONTEXT ( ( #1503, #7675, #2393 ) ) REPRESENTATION_CONTEXT ( 'NONE', 'WORKASPACE' ) );
#6788 = CARTESIAN_POINT ( 'NONE',  ( 0.07283464566929137600, 0.009842519685039369900, 0.0000000000000000000 ) ) ;
#6789 = PRESENTATION_STYLE_ASSIGNMENT (( #10800 ) ) ;
#6790 = LENGTH_MEASURE_WITH_UNIT ( LENGTH_MEASURE( 0.02539999999999999900 ), #1713 );
#6791 = VECTOR ( 'NONE', #3804, 39.37007874015748100 ) ;
#6792 = CARTESIAN_POINT ( 'NONE',  ( -0.09055118110236221000, 0.0000000000000000000, 0.0000000000000000000 ) ) ;
#6793 = DIRECTION ( 'NONE',  ( 0.0000000000000000000, 0.0000000000000000000, -1.000000000000000000 ) ) ;
#6794 = VECTOR ( 'NONE', #7375, 39.37007874015748100 ) ;
#6795 = SURFACE_SIDE_STYLE ('',( #5163 ) ) ;
#6796 = COLOUR_RGB ( '',0.2509803921568627400, 0.2509803921568627400, 0.2509803921568627400 ) ;
#6797 = DIRECTION ( 'NONE',  ( 0.0000000000000000000, 0.0000000000000000000, 1.000000000000000000 ) ) ;
#6798 = ORIENTED_EDGE ( 'NONE', *, *, #5910, .F. ) ;
#6799 = EDGE_CURVE ( 'NONE', #9798, #3383, #9364, .T. ) ;
#6800 = CARTESIAN_POINT ( 'NONE',  ( 0.0003937007874015829800, 0.09842519685030418100, -0.01528740157480314700 ) ) ;
#6801 = PRESENTATION_LAYER_ASSIGNMENT (  '', '', ( #5615 ) ) ;
#6802 = ORIENTED_EDGE ( 'NONE', *, *, #1007, .F. ) ;
#6803 = FILL_AREA_STYLE ('',( #659 ) ) ;
#6804 = VERTEX_POINT ( 'NONE', #9304 ) ;
#6805 = LENGTH_MEASURE_WITH_UNIT ( LENGTH_MEASURE( 0.02539999999999999900 ), #643 );
#6806 = FACE_OUTER_BOUND ( 'NONE', #5837, .T. ) ;
#6807 = DIRECTION ( 'NONE',  ( 0.0000000000000000000, -0.0000000000000000000, 1.000000000000000000 ) ) ;
#6808 = ORIENTED_EDGE ( 'NONE', *, *, #5613, .T. ) ;
#6809 = EDGE_CURVE ( 'NONE', #4996, #1148, #42, .T. ) ;
#6810 = VECTOR ( 'NONE', #6495, 39.37007874015748100 ) ;
#6811 = ORIENTED_EDGE ( 'NONE', *, *, #1878, .T. ) ;
#6812 = EDGE_CURVE ( 'NONE', #7738, #3051, #2364, .T. ) ;
#6813 =( LENGTH_UNIT ( ) NAMED_UNIT ( * ) SI_UNIT ( $, .METRE. ) );
#6814 = DIRECTION ( 'NONE',  ( 0.0000000000000000000, 0.0000000000000000000, 1.000000000000000000 ) ) ;
#6815 = ORIENTED_EDGE ( 'NONE', *, *, #1276, .F. ) ;
#6816 =( GEOMETRIC_REPRESENTATION_CONTEXT ( 3 ) GLOBAL_UNCERTAINTY_ASSIGNED_CONTEXT ( ( #957 ) ) GLOBAL_UNIT_ASSIGNED_CONTEXT ( ( #10933, #5729, #468 ) ) REPRESENTATION_CONTEXT ( 'NONE', 'WORKASPACE' ) );
#6817 = CARTESIAN_POINT ( 'NONE',  ( 0.005118110236220471500, 0.009842519685039369900, -0.08661417322834641400 ) ) ;
#6818 = ADVANCED_FACE ( 'NONE', ( #4698 ), #6712, .F. ) ;
#6819 = ORIENTED_EDGE ( 'NONE', *, *, #3632, .T. ) ;
#6820 = CARTESIAN_POINT ( 'NONE',  ( -0.05629921259842520600, 0.009842519685039369900, -0.08661417322834641400 ) ) ;
#6821 = LINE ( 'NONE', #5849, #9139 ) ;
#6822 = VERTEX_POINT ( 'NONE', #8419 ) ;
#6823 = DIRECTION ( 'NONE',  ( 0.0000000000000000000, -0.0000000000000000000, 1.000000000000000000 ) ) ;
#6824 = PLANE ( 'NONE',  #4705 ) ;
#6825 =( CONVERSION_BASED_UNIT ( 'INCH', #4842 ) LENGTH_UNIT ( ) NAMED_UNIT ( #285 ) );
#6826 = CARTESIAN_POINT ( 'NONE',  ( 0.0000000000000000000, 0.009842519685039369900, 0.0000000000000000000 ) ) ;
#6827 = FILL_AREA_STYLE_COLOUR ( '', #10969 ) ;
#6828 = ORIENTED_EDGE ( 'NONE', *, *, #3927, .F. ) ;
#6829 = DIRECTION ( 'NONE',  ( -0.0000000000000000000, -0.0000000000000000000, 1.000000000000000000 ) ) ;
#6830 = EDGE_CURVE ( 'NONE', #4381, #5314, #10312, .T. ) ;
#6831 = EDGE_CURVE ( 'NONE', #616, #2487, #8000, .T. ) ;
#6832 = DIRECTION ( 'NONE',  ( -0.0000000000000000000, 0.0000000000000000000, -1.000000000000000000 ) ) ;
#6833 = AXIS2_PLACEMENT_3D ( 'NONE', #11083, #5865, #615 ) ;
#6834 = DIRECTION ( 'NONE',  ( 1.000000000000000000, -0.0000000000000000000, 0.0000000000000000000 ) ) ;
#6835 = PLANE ( 'NONE',  #6773 ) ;
#6836 = VERTEX_POINT ( 'NONE', #3250 ) ;
#6837 = SURFACE_STYLE_USAGE ( .BOTH. , #684 ) ;
#6838 = LINE ( 'NONE', #3218, #4487 ) ;
#6839 = DIRECTION ( 'NONE',  ( 1.000000000000000000, 0.0000000000000000000, -0.0000000000000000000 ) ) ;
#6840 = SURFACE_STYLE_FILL_AREA ( #7966 ) ;
#6841 = CARTESIAN_POINT ( 'NONE',  ( 0.03070866141732283400, 0.009842519685039369900, -0.08661417322834641400 ) ) ;
#6842 = ORIENTED_EDGE ( 'NONE', *, *, #3649, .F. ) ;
#6843 =( CONVERSION_BASED_UNIT ( 'INCH', #8008 ) LENGTH_UNIT ( ) NAMED_UNIT ( #39 ) );
#6844 = PRESENTATION_STYLE_ASSIGNMENT (( #9166 ) ) ;
#6845 = CARTESIAN_POINT ( 'NONE',  ( 0.05629921259842520000, 0.0000000000000000000, -0.08661417322834641400 ) ) ;
#6846 = LENGTH_MEASURE_WITH_UNIT ( LENGTH_MEASURE( 0.02539999999999999900 ), #11259 );
#6847 = PRESENTATION_LAYER_ASSIGNMENT (  '', '', ( #5665 ) ) ;
#6848 = SURFACE_STYLE_USAGE ( .BOTH. , #701 ) ;
#6849 = AXIS2_PLACEMENT_3D ( 'NONE', #7417, #7345, #6909 ) ;
#6850 = DIRECTION ( 'NONE',  ( 1.000000000000000000, -0.0000000000000000000, 0.0000000000000000000 ) ) ;
#6851 = STYLED_ITEM ( 'NONE', ( #1532 ), #4700 ) ;
#6852 = CARTESIAN_POINT ( 'NONE',  ( -0.03070866141732283800, 0.0000000000000000000, 0.0000000000000000000 ) ) ;
#6854 = LENGTH_MEASURE_WITH_UNIT ( LENGTH_MEASURE( 0.02539999999999999900 ), #6252 );
#6853 = STYLED_ITEM ( 'NONE', ( #5289 ), #6368 ) ;
#6855 = CARTESIAN_POINT ( 'NONE',  ( 0.0000000000000000000, 0.009842519685039369900, 0.0000000000000000000 ) ) ;
#6856 = DIRECTION ( 'NONE',  ( -1.000000000000000000, -0.0000000000000000000, 0.0000000000000000000 ) ) ;
#6857 =( LENGTH_UNIT ( ) NAMED_UNIT ( * ) SI_UNIT ( $, .METRE. ) );
#6858 = FILL_AREA_STYLE_COLOUR ( '', #3698 ) ;
#6859 = VECTOR ( 'NONE', #10142, 39.37007874015748100 ) ;
#6860 = DIMENSIONAL_EXPONENTS ( 1.000000000000000000, 0.0000000000000000000, 0.0000000000000000000, 0.0000000000000000000, 0.0000000000000000000, 0.0000000000000000000, 0.0000000000000000000 ) ;
#6861 = STYLED_ITEM ( 'NONE', ( #5902 ), #1616 ) ;
#6862 = COLOUR_RGB ( '',0.2509803921568627400, 0.2509803921568627400, 0.2509803921568627400 ) ;
#6863 =( LENGTH_UNIT ( ) NAMED_UNIT ( * ) SI_UNIT ( $, .METRE. ) );
#6864 = CARTESIAN_POINT ( 'NONE',  ( -0.09055118110236221000, 0.0000000000000000000, -0.005118110236220437700 ) ) ;
#6865 = SURFACE_STYLE_FILL_AREA ( #3930 ) ;
#6866 = DIMENSIONAL_EXPONENTS ( 1.000000000000000000, 0.0000000000000000000, 0.0000000000000000000, 0.0000000000000000000, 0.0000000000000000000, 0.0000000000000000000, 0.0000000000000000000 ) ;
#6867 =( GEOMETRIC_REPRESENTATION_CONTEXT ( 3 ) GLOBAL_UNCERTAINTY_ASSIGNED_CONTEXT ( ( #1315 ) ) GLOBAL_UNIT_ASSIGNED_CONTEXT ( ( #3292, #3221, #2509 ) ) REPRESENTATION_CONTEXT ( 'NONE', 'WORKASPACE' ) );
#6868 = CARTESIAN_POINT ( 'NONE',  ( -0.09055118110236218300, -0.02046108103966344500, 0.05629921259842523400 ) ) ;
#6869 = UNCERTAINTY_MEASURE_WITH_UNIT (LENGTH_MEASURE( 1.000000000000000100E-005 ), #4711, 'distance_accuracy_value', 'NONE');
#6870 = FILL_AREA_STYLE ('',( #11194 ) ) ;
#6871 = ADVANCED_FACE ( 'NONE', ( #10038 ), #4127, .F. ) ;
#6872 = COLOUR_RGB ( '',0.2509803921568627400, 0.2509803921568627400, 0.2509803921568627400 ) ;
#6873 = VECTOR ( 'NONE', #9047, 39.37007874015748100 ) ;
#6874 = LENGTH_MEASURE_WITH_UNIT ( LENGTH_MEASURE( 0.02539999999999999900 ), #5277 );
#6875 = EDGE_CURVE ( 'NONE', #9213, #1273, #11243, .T. ) ;
#6876 = CARTESIAN_POINT ( 'NONE',  ( 0.0000000000000000000, 0.0000000000000000000, -0.005118110236220472400 ) ) ;
#6877 =( NAMED_UNIT ( * ) PLANE_ANGLE_UNIT ( ) SI_UNIT ( $, .RADIAN. ) );
#6878 = EDGE_CURVE ( 'NONE', #9244, #875, #2222, .T. ) ;
#6879 = SURFACE_STYLE_FILL_AREA ( #5724 ) ;
#6880 =( LENGTH_UNIT ( ) NAMED_UNIT ( * ) SI_UNIT ( $, .METRE. ) );
#6881 = ORIENTED_EDGE ( 'NONE', *, *, #5846, .F. ) ;
#6882 = SURFACE_STYLE_FILL_AREA ( #2741 ) ;
#6883 = LINE ( 'NONE', #8376, #6603 ) ;
#6884 = VECTOR ( 'NONE', #3087, 39.37007874015748100 ) ;
#6885 =( CONVERSION_BASED_UNIT ( 'INCH', #2262 ) LENGTH_UNIT ( ) NAMED_UNIT ( #3280 ) );
#6886 = LINE ( 'NONE', #7186, #149 ) ;
#6887 = DIRECTION ( 'NONE',  ( 1.000000000000000000, 0.0000000000000000000, 0.0000000000000000000 ) ) ;
#6888 = COLOUR_RGB ( '',0.9686274509803921600, 0.8784313725490196000, 0.5999999999999999800 ) ;
#6889 = EDGE_CURVE ( 'NONE', #857, #2517, #6908, .T. ) ;
#6890 = EDGE_LOOP ( 'NONE', ( #10484, #10781, #9688, #9494 ) ) ;
#6891 = DIRECTION ( 'NONE',  ( 0.0000000000000000000, -0.0000000000000000000, 1.000000000000000000 ) ) ;
#6892 =( NAMED_UNIT ( * ) SI_UNIT ( $, .STERADIAN. ) SOLID_ANGLE_UNIT ( ) );
#6893 = FILL_AREA_STYLE ('',( #6935 ) ) ;
#6894 = EDGE_CURVE ( 'NONE', #5864, #7768, #8956, .T. ) ;
#6895 = SURFACE_STYLE_FILL_AREA ( #7167 ) ;
#6896 = CARTESIAN_POINT ( 'NONE',  ( 0.09055118110236223800, 0.009842519685039369900, -0.03070866141732283800 ) ) ;
#6897 = DIRECTION ( 'NONE',  ( 2.409338161078899700E-016, -0.0000000000000000000, 1.000000000000000000 ) ) ;
#6898 = DIMENSIONAL_EXPONENTS ( 1.000000000000000000, 0.0000000000000000000, 0.0000000000000000000, 0.0000000000000000000, 0.0000000000000000000, 0.0000000000000000000, 0.0000000000000000000 ) ;
#6899 = MECHANICAL_DESIGN_GEOMETRIC_PRESENTATION_REPRESENTATION (  '', ( #5138 ), #7504 ) ;
#6900 = VECTOR ( 'NONE', #3752, 39.37007874015748100 ) ;
#6901 = LENGTH_MEASURE_WITH_UNIT ( LENGTH_MEASURE( 0.02539999999999999900 ), #10955 );
#6902 = PLANE ( 'NONE',  #6647 ) ;
#6903 = EDGE_LOOP ( 'NONE', ( #6945, #4465, #7165, #5675 ) ) ;
#6904 = ORIENTED_EDGE ( 'NONE', *, *, #9516, .T. ) ;
#6905 = DIRECTION ( 'NONE',  ( 1.000000000000000000, 0.0000000000000000000, -0.0000000000000000000 ) ) ;
#6906 =( NAMED_UNIT ( * ) PLANE_ANGLE_UNIT ( ) SI_UNIT ( $, .RADIAN. ) );
#6907 = LENGTH_MEASURE_WITH_UNIT ( LENGTH_MEASURE( 0.02539999999999999900 ), #6301 );
#6908 = LINE ( 'NONE', #5056, #1949 ) ;
#6909 = DIRECTION ( 'NONE',  ( 0.0000000000000000000, -0.0000000000000000000, 1.000000000000000000 ) ) ;
#6910 = CARTESIAN_POINT ( 'NONE',  ( -0.07283464566929133400, 0.009842519685039369900, 0.02047244094488192400 ) ) ;
#6911 = VECTOR ( 'NONE', #9131, 39.37007874015748100 ) ;
#6912 = LENGTH_MEASURE_WITH_UNIT ( LENGTH_MEASURE( 0.02539999999999999900 ), #7293 );
#6913 = DIRECTION ( 'NONE',  ( -1.000000000000000000, -0.0000000000000000000, 0.0000000000000000000 ) ) ;
#6914 = ORIENTED_EDGE ( 'NONE', *, *, #6281, .T. ) ;
#6915 = ORIENTED_EDGE ( 'NONE', *, *, #2906, .T. ) ;
#6916 =( CONVERSION_BASED_UNIT ( 'INCH', #5819 ) LENGTH_UNIT ( ) NAMED_UNIT ( #2579 ) );
#6917 = CARTESIAN_POINT ( 'NONE',  ( -0.07283464566929134800, -0.02046108103966344500, -0.05629921259842515800 ) ) ;
#6918 = PRESENTATION_STYLE_ASSIGNMENT (( #4821 ) ) ;
#6919 = ORIENTED_EDGE ( 'NONE', *, *, #10012, .F. ) ;
#6920 = AXIS2_PLACEMENT_3D ( 'NONE', #5140, #10648, #5397 ) ;
#6921 = MECHANICAL_DESIGN_GEOMETRIC_PRESENTATION_REPRESENTATION (  '', ( #5164 ), #7523 ) ;
#6922 = ORIENTED_EDGE ( 'NONE', *, *, #1887, .T. ) ;
#6923 = PRESENTATION_LAYER_ASSIGNMENT (  '', '', ( #5740 ) ) ;
#6924 = ORIENTED_EDGE ( 'NONE', *, *, #313, .T. ) ;
#6925 = VECTOR ( 'NONE', #251, 39.37007874015748100 ) ;
#6926 = SURFACE_STYLE_USAGE ( .BOTH. , #777 ) ;
#6927 = VECTOR ( 'NONE', #8377, 39.37007874015748100 ) ;
#6928 = ADVANCED_FACE ( 'NONE', ( #6339 ), #5093, .F. ) ;
#6929 = COLOUR_RGB ( '',0.7921568627450980000, 0.8196078431372548800, 0.9333333333333333500 ) ;
#6930 = ORIENTED_EDGE ( 'NONE', *, *, #10951, .T. ) ;
#6931 = DIRECTION ( 'NONE',  ( 0.0000000000000000000, 1.000000000000000000, 0.0000000000000000000 ) ) ;
#6932 = STYLED_ITEM ( 'NONE', ( #2777 ), #1136 ) ;
#6933 = SURFACE_SIDE_STYLE ('',( #1783 ) ) ;
#6934 = ORIENTED_EDGE ( 'NONE', *, *, #2316, .F. ) ;
#6935 = FILL_AREA_STYLE_COLOUR ( '', #9775 ) ;
#6936 = ORIENTED_EDGE ( 'NONE', *, *, #4749, .T. ) ;
#6937 = CARTESIAN_POINT ( 'NONE',  ( 0.04606299212598424800, 0.0000000000000000000, 0.0000000000000000000 ) ) ;
#6938 = ORIENTED_EDGE ( 'NONE', *, *, #3634, .F. ) ;
#6939 = DIRECTION ( 'NONE',  ( 0.0000000000000000000, 0.0000000000000000000, 1.000000000000000000 ) ) ;
#6940 = CARTESIAN_POINT ( 'NONE',  ( 0.05629921259842520000, 0.009842519685039369900, -0.08661417322834641400 ) ) ;
#6941 = MECHANICAL_DESIGN_GEOMETRIC_PRESENTATION_REPRESENTATION (  '', ( #5180 ), #7537 ) ;
#6942 = LINE ( 'NONE', #6348, #8157 ) ;
#6943 = MECHANICAL_DESIGN_GEOMETRIC_PRESENTATION_REPRESENTATION (  '', ( #5181 ), #7539 ) ;
#6944 = SURFACE_STYLE_FILL_AREA ( #10020 ) ;
#6945 = ORIENTED_EDGE ( 'NONE', *, *, #1489, .F. ) ;
#6946 =( NAMED_UNIT ( * ) SI_UNIT ( $, .STERADIAN. ) SOLID_ANGLE_UNIT ( ) );
#6947 = PRESENTATION_LAYER_ASSIGNMENT (  '', '', ( #6334 ) ) ;
#6948 = DIRECTION ( 'NONE',  ( 1.000000000000000000, -0.0000000000000000000, 0.0000000000000000000 ) ) ;
#6949 = ORIENTED_EDGE ( 'NONE', *, *, #2090, .F. ) ;
#6950 = UNCERTAINTY_MEASURE_WITH_UNIT (LENGTH_MEASURE( 1.000000000000000100E-005 ), #7569, 'distance_accuracy_value', 'NONE');
#6951 = COLOUR_RGB ( '',0.9686274509803921600, 0.8784313725490196000, 0.5999999999999999800 ) ;
#6952 = DIRECTION ( 'NONE',  ( -0.0000000000000000000, 0.0000000000000000000, -1.000000000000000000 ) ) ;
#6953 = UNCERTAINTY_MEASURE_WITH_UNIT (LENGTH_MEASURE( 1.000000000000000100E-005 ), #758, 'distance_accuracy_value', 'NONE');
#6954 = ORIENTED_EDGE ( 'NONE', *, *, #10729, .F. ) ;
#6955 = SURFACE_SIDE_STYLE ('',( #3254 ) ) ;
#6956 = EDGE_LOOP ( 'NONE', ( #4056, #7265, #9161, #181 ) ) ;
#6957 = VECTOR ( 'NONE', #3712, 39.37007874015748100 ) ;
#6958 = DIMENSIONAL_EXPONENTS ( 1.000000000000000000, 0.0000000000000000000, 0.0000000000000000000, 0.0000000000000000000, 0.0000000000000000000, 0.0000000000000000000, 0.0000000000000000000 ) ;
#6959 =( CONVERSION_BASED_UNIT ( 'INCH', #7058 ) LENGTH_UNIT ( ) NAMED_UNIT ( #9607 ) );
#6960 = UNCERTAINTY_MEASURE_WITH_UNIT (LENGTH_MEASURE( 1.000000000000000100E-005 ), #2194, 'distance_accuracy_value', 'NONE');
#6961 = FILL_AREA_STYLE ('',( #6051 ) ) ;
#6962 = ORIENTED_EDGE ( 'NONE', *, *, #10807, .F. ) ;
#6963 = EDGE_CURVE ( 'NONE', #5548, #1050, #843, .T. ) ;
#6964 = DIRECTION ( 'NONE',  ( -0.0000000000000000000, -1.000000000000000000, -0.0000000000000000000 ) ) ;
#6965 = SURFACE_STYLE_FILL_AREA ( #483 ) ;
#6966 = EDGE_CURVE ( 'NONE', #2909, #6985, #9893, .T. ) ;
#6967 = MECHANICAL_DESIGN_GEOMETRIC_PRESENTATION_REPRESENTATION (  '', ( #5776 ), #7561 ) ;
#6968 = CARTESIAN_POINT ( 'NONE',  ( -0.05629921259842520600, 0.0000000000000000000, 0.0000000000000000000 ) ) ;
#6969 = ORIENTED_EDGE ( 'NONE', *, *, #5717, .T. ) ;
#6970 = PLANE ( 'NONE',  #5758 ) ;
#6971 = DIRECTION ( 'NONE',  ( 0.04993761694389183700, 0.9987523388778445400, 0.0000000000000000000 ) ) ;
#6972 = DIRECTION ( 'NONE',  ( 1.000000000000000000, -0.0000000000000000000, 0.0000000000000000000 ) ) ;
#6974 = CARTESIAN_POINT ( 'NONE',  ( 0.0000000000000000000, 0.0000000000000000000, 0.08661417322834648300 ) ) ;
#6973 = FILL_AREA_STYLE ('',( #6546 ) ) ;
#6975 = EDGE_LOOP ( 'NONE', ( #5391, #4747, #5574, #3203 ) ) ;
#6976 = DIMENSIONAL_EXPONENTS ( 1.000000000000000000, 0.0000000000000000000, 0.0000000000000000000, 0.0000000000000000000, 0.0000000000000000000, 0.0000000000000000000, 0.0000000000000000000 ) ;
#6977 = DIRECTION ( 'NONE',  ( 1.000000000000000000, -0.0000000000000000000, 0.0000000000000000000 ) ) ;
#6978 =( NAMED_UNIT ( * ) PLANE_ANGLE_UNIT ( ) SI_UNIT ( $, .RADIAN. ) );
#6979 = DIRECTION ( 'NONE',  ( 0.0000000000000000000, -0.0000000000000000000, -1.000000000000000000 ) ) ;
#6980 =( GEOMETRIC_REPRESENTATION_CONTEXT ( 3 ) GLOBAL_UNCERTAINTY_ASSIGNED_CONTEXT ( ( #4261 ) ) GLOBAL_UNIT_ASSIGNED_CONTEXT ( ( #9721, #4476, #10581 ) ) REPRESENTATION_CONTEXT ( 'NONE', 'WORKASPACE' ) );
#6981 = DIMENSIONAL_EXPONENTS ( 1.000000000000000000, 0.0000000000000000000, 0.0000000000000000000, 0.0000000000000000000, 0.0000000000000000000, 0.0000000000000000000, 0.0000000000000000000 ) ;
#6982 = UNCERTAINTY_MEASURE_WITH_UNIT (LENGTH_MEASURE( 1.000000000000000100E-005 ), #3157, 'distance_accuracy_value', 'NONE');
#6983 = SURFACE_STYLE_USAGE ( .BOTH. , #830 ) ;
#6984 = ADVANCED_FACE ( 'NONE', ( #7592 ), #2497, .F. ) ;
#6985 = VERTEX_POINT ( 'NONE', #5998 ) ;
#6986 = MECHANICAL_DESIGN_GEOMETRIC_PRESENTATION_REPRESENTATION (  '', ( #5214 ), #7577 ) ;
#6987 = MECHANICAL_DESIGN_GEOMETRIC_PRESENTATION_REPRESENTATION (  '', ( #5216 ), #7578 ) ;
#6988 = FACE_OUTER_BOUND ( 'NONE', #8673, .T. ) ;
#6989 = DIRECTION ( 'NONE',  ( -0.0000000000000000000, -1.000000000000000000, -0.0000000000000000000 ) ) ;
#6990 = FILL_AREA_STYLE_COLOUR ( '', #9616 ) ;
#6991 = VECTOR ( 'NONE', #5502, 39.37007874015748100 ) ;
#6992 = STYLED_ITEM ( 'NONE', ( #9404 ), #808 ) ;
#6993 =( CONVERSION_BASED_UNIT ( 'INCH', #2116 ) LENGTH_UNIT ( ) NAMED_UNIT ( #7562 ) );
#6994 =( NAMED_UNIT ( * ) PLANE_ANGLE_UNIT ( ) SI_UNIT ( $, .RADIAN. ) );
#6995 =( GEOMETRIC_REPRESENTATION_CONTEXT ( 3 ) GLOBAL_UNCERTAINTY_ASSIGNED_CONTEXT ( ( #6008 ) ) GLOBAL_UNIT_ASSIGNED_CONTEXT ( ( #8047, #7821, #7550 ) ) REPRESENTATION_CONTEXT ( 'NONE', 'WORKASPACE' ) );
#6996 = CARTESIAN_POINT ( 'NONE',  ( 0.0000000000000000000, 0.0000000000000000000, 0.0000000000000000000 ) ) ;
#6997 = MECHANICAL_DESIGN_GEOMETRIC_PRESENTATION_REPRESENTATION (  '', ( #5229 ), #7597 ) ;
#6998 = LINE ( 'NONE', #7152, #11336 ) ;
#6999 =( CONVERSION_BASED_UNIT ( 'INCH', #2451 ) LENGTH_UNIT ( ) NAMED_UNIT ( #10936 ) );
#7000 = CARTESIAN_POINT ( 'NONE',  ( 0.0000000000000000000, 0.004319908889194347400, -0.08639817778388672600 ) ) ;
#7001 = MECHANICAL_DESIGN_GEOMETRIC_PRESENTATION_REPRESENTATION (  '', ( #5234 ), #7601 ) ;
#7002 = UNCERTAINTY_MEASURE_WITH_UNIT (LENGTH_MEASURE( 1.000000000000000100E-005 ), #8309, 'distance_accuracy_value', 'NONE');
#7003 = MECHANICAL_DESIGN_GEOMETRIC_PRESENTATION_REPRESENTATION (  '', ( #5244 ), #7609 ) ;
#7004 = PRESENTATION_STYLE_ASSIGNMENT (( #2425 ) ) ;
#7005 = VECTOR ( 'NONE', #8969, 39.37007874015748100 ) ;
#7006 = CARTESIAN_POINT ( 'NONE',  ( -0.09055118110236218300, 0.009842519685039369900, 0.04606299212598428900 ) ) ;
#7007 = SURFACE_SIDE_STYLE ('',( #5196 ) ) ;
#7008 = LENGTH_MEASURE_WITH_UNIT ( LENGTH_MEASURE( 0.02539999999999999900 ), #9363 );
#7009 = DIRECTION ( 'NONE',  ( 0.0000000000000000000, -1.000000000000000000, 0.0000000000000000000 ) ) ;
#7010 = STYLED_ITEM ( 'NONE', ( #3372 ), #10994 ) ;
#7011 = VECTOR ( 'NONE', #10187, 39.37007874015748100 ) ;
#7012 = AXIS2_PLACEMENT_3D ( 'NONE', #6996, #6931, #6891 ) ;
#7013 = FACE_OUTER_BOUND ( 'NONE', #2810, .T. ) ;
#7014 = UNCERTAINTY_MEASURE_WITH_UNIT (LENGTH_MEASURE( 1.000000000000000100E-005 ), #7943, 'distance_accuracy_value', 'NONE');
#7015 = SURFACE_STYLE_FILL_AREA ( #1453 ) ;
#7016 = EDGE_LOOP ( 'NONE', ( #1850, #9799, #2216, #8978 ) ) ;
#7017 = LENGTH_MEASURE_WITH_UNIT ( LENGTH_MEASURE( 0.02539999999999999900 ), #8174 );
#7018 = EDGE_CURVE ( 'NONE', #857, #504, #4150, .T. ) ;
#7019 = LENGTH_MEASURE_WITH_UNIT ( LENGTH_MEASURE( 0.02539999999999999900 ), #7659 );
#7020 = SURFACE_STYLE_FILL_AREA ( #2674 ) ;
#7021 = EDGE_CURVE ( 'NONE', #5295, #5925, #1803, .T. ) ;
#7022 = CARTESIAN_POINT ( 'NONE',  ( 0.07283464566929137600, 0.009842519685039369900, -0.005118110236220472400 ) ) ;
#7023 = LENGTH_MEASURE_WITH_UNIT ( LENGTH_MEASURE( 0.02539999999999999900 ), #3765 );
#7024 = FACE_BOUND ( 'NONE', #1820, .T. ) ;
#7025 = EDGE_LOOP ( 'NONE', ( #10966, #8882, #10601 ) ) ;
#7026 = CARTESIAN_POINT ( 'NONE',  ( 0.09055118110236222400, 0.0000000000000000000, -0.04606299212598424800 ) ) ;
#7027 = LENGTH_MEASURE_WITH_UNIT ( LENGTH_MEASURE( 0.02539999999999999900 ), #10613 );
#7028 = COLOUR_RGB ( '',0.9686274509803921600, 0.8784313725490196000, 0.5999999999999999800 ) ;
#7029 = LENGTH_MEASURE_WITH_UNIT ( LENGTH_MEASURE( 0.02539999999999999900 ), #4275 );
#7030 = CARTESIAN_POINT ( 'NONE',  ( 0.07283464566929139000, 0.0000000000000000000, 0.03070866141732283800 ) ) ;
#7031 = ADVANCED_FACE ( 'NONE', ( #6480 ), #5204, .F. ) ;
#7032 = LINE ( 'NONE', #8580, #9087 ) ;
#7033 = EDGE_CURVE ( 'NONE', #1279, #7885, #9757, .T. ) ;
#7034 = ORIENTED_EDGE ( 'NONE', *, *, #2107, .F. ) ;
#7035 = FILL_AREA_STYLE ('',( #7471 ) ) ;
#7036 =( LENGTH_UNIT ( ) NAMED_UNIT ( * ) SI_UNIT ( $, .METRE. ) );
#7037 = ORIENTED_EDGE ( 'NONE', *, *, #9801, .T. ) ;
#7038 = SURFACE_SIDE_STYLE ('',( #10184 ) ) ;
#7039 = EDGE_CURVE ( 'NONE', #7404, #4227, #5385, .T. ) ;
#7040 =( NAMED_UNIT ( * ) PLANE_ANGLE_UNIT ( ) SI_UNIT ( $, .RADIAN. ) );
#7041 = SURFACE_STYLE_FILL_AREA ( #487 ) ;
#7042 = DIRECTION ( 'NONE',  ( 0.0000000000000000000, -0.0000000000000000000, 1.000000000000000000 ) ) ;
#7043 = STYLED_ITEM ( 'NONE', ( #3923 ), #8756 ) ;
#7044 = VECTOR ( 'NONE', #4939, 39.37007874015748100 ) ;
#7045 = DIRECTION ( 'NONE',  ( 0.0000000000000000000, 1.000000000000000000, -0.0000000000000000000 ) ) ;
#7046 = ORIENTED_EDGE ( 'NONE', *, *, #6685, .T. ) ;
#7047 = VECTOR ( 'NONE', #5246, 39.37007874015748100 ) ;
#7048 = ORIENTED_EDGE ( 'NONE', *, *, #9446, .F. ) ;
#7049 = DIRECTION ( 'NONE',  ( -0.0000000000000000000, 1.000000000000000000, 0.0000000000000000000 ) ) ;
#7050 = ORIENTED_EDGE ( 'NONE', *, *, #5111, .T. ) ;
#7051 = CARTESIAN_POINT ( 'NONE',  ( -0.07283464566929134800, 0.009842519685039369900, 0.005118110236220508800 ) ) ;
#7052 =( NAMED_UNIT ( * ) PLANE_ANGLE_UNIT ( ) SI_UNIT ( $, .RADIAN. ) );
#7053 = UNCERTAINTY_MEASURE_WITH_UNIT (LENGTH_MEASURE( 1.000000000000000100E-005 ), #6885, 'distance_accuracy_value', 'NONE');
#7054 = CARTESIAN_POINT ( 'NONE',  ( -0.005118110236220475000, 0.009842519685039369900, 0.08661417322834648300 ) ) ;
#7055 = PRESENTATION_STYLE_ASSIGNMENT (( #8194 ) ) ;
#7056 = PLANE ( 'NONE',  #5209 ) ;
#7057 = ORIENTED_EDGE ( 'NONE', *, *, #8349, .F. ) ;
#7058 = LENGTH_MEASURE_WITH_UNIT ( LENGTH_MEASURE( 0.02539999999999999900 ), #802 );
#7059 = CARTESIAN_POINT ( 'NONE',  ( 0.03070866141732283800, 0.0000000000000000000, -0.06889763779527555100 ) ) ;
#7060 = ORIENTED_EDGE ( 'NONE', *, *, #4290, .F. ) ;
#7061 = ORIENTED_EDGE ( 'NONE', *, *, #3500, .T. ) ;
#7062 =( GEOMETRIC_REPRESENTATION_CONTEXT ( 3 ) GLOBAL_UNCERTAINTY_ASSIGNED_CONTEXT ( ( #5773 ) ) GLOBAL_UNIT_ASSIGNED_CONTEXT ( ( #3779, #5369, #7440 ) ) REPRESENTATION_CONTEXT ( 'NONE', 'WORKASPACE' ) );
#7063 = LINE ( 'NONE', #7051, #9384 ) ;
#7064 = DIMENSIONAL_EXPONENTS ( 1.000000000000000000, 0.0000000000000000000, 0.0000000000000000000, 0.0000000000000000000, 0.0000000000000000000, 0.0000000000000000000, 0.0000000000000000000 ) ;
#7065 =( LENGTH_UNIT ( ) NAMED_UNIT ( * ) SI_UNIT ( $, .METRE. ) );
#7066 = SURFACE_STYLE_USAGE ( .BOTH. , #922 ) ;
#7067 = LINE ( 'NONE', #4195, #2382 ) ;
#7068 = COLOUR_RGB ( '',0.2509803921568627400, 0.2509803921568627400, 0.2509803921568627400 ) ;
#7069 = SURFACE_STYLE_USAGE ( .BOTH. , #923 ) ;
#7070 = STYLED_ITEM ( 'NONE', ( #10978 ), #9506 ) ;
#7071 = LINE ( 'NONE', #2939, #2646 ) ;
#7072 =( GEOMETRIC_REPRESENTATION_CONTEXT ( 3 ) GLOBAL_UNCERTAINTY_ASSIGNED_CONTEXT ( ( #3612 ) ) GLOBAL_UNIT_ASSIGNED_CONTEXT ( ( #2596, #5358, #4370 ) ) REPRESENTATION_CONTEXT ( 'NONE', 'WORKASPACE' ) );
#7073 = COLOUR_RGB ( '',0.2509803921568627400, 0.2509803921568627400, 0.2509803921568627400 ) ;
#7074 = ORIENTED_EDGE ( 'NONE', *, *, #9023, .F. ) ;
#7075 = DIRECTION ( 'NONE',  ( -1.000000000000000000, -0.0000000000000000000, 0.0000000000000000000 ) ) ;
#7076 = DIRECTION ( 'NONE',  ( -1.000000000000000000, 0.0000000000000000000, -0.0000000000000000000 ) ) ;
#7077 = EDGE_LOOP ( 'NONE', ( #11237, #2806, #10874, #11273 ) ) ;
#7078 = COLOUR_RGB ( '',0.9686274509803921600, 0.8784313725490196000, 0.5999999999999999800 ) ;
#7079 = ORIENTED_EDGE ( 'NONE', *, *, #183, .F. ) ;
#7080 = ADVANCED_FACE ( 'NONE', ( #2751 ), #9034, .F. ) ;
#7081 = CARTESIAN_POINT ( 'NONE',  ( -0.09055118110236221000, 0.0000000000000000000, 0.03070866141732286900 ) ) ;
#7082 = PRESENTATION_STYLE_ASSIGNMENT (( #8860 ) ) ;
#7083 = LINE ( 'NONE', #11061, #349 ) ;
#7084 = PRESENTATION_STYLE_ASSIGNMENT (( #11319 ) ) ;
#7085 = ORIENTED_EDGE ( 'NONE', *, *, #4432, .T. ) ;
#7086 = CARTESIAN_POINT ( 'NONE',  ( -0.02047244094488189300, 0.0000000000000000000, 0.08661417322834648300 ) ) ;
#7087 = CARTESIAN_POINT ( 'NONE',  ( 0.09055118110236225200, -0.02046108103966344500, 0.04606299212598425500 ) ) ;
#7088 = VECTOR ( 'NONE', #9975, 39.37007874015748100 ) ;
#7089 = DIRECTION ( 'NONE',  ( 0.0000000000000000000, 1.000000000000000000, 0.0000000000000000000 ) ) ;
#7090 = DIRECTION ( 'NONE',  ( 0.0000000000000000000, 1.000000000000000000, 0.0000000000000000000 ) ) ;
#7091 =( GEOMETRIC_REPRESENTATION_CONTEXT ( 3 ) GLOBAL_UNCERTAINTY_ASSIGNED_CONTEXT ( ( #10556 ) ) GLOBAL_UNIT_ASSIGNED_CONTEXT ( ( #2696, #8855, #3567 ) ) REPRESENTATION_CONTEXT ( 'NONE', 'WORKASPACE' ) );
#7092 = ORIENTED_EDGE ( 'NONE', *, *, #9381, .T. ) ;
#7093 = AXIS2_PLACEMENT_3D ( 'NONE', #466, #4148, #7721 ) ;
#7094 = ORIENTED_EDGE ( 'NONE', *, *, #10747, .F. ) ;
#7095 = DIMENSIONAL_EXPONENTS ( 1.000000000000000000, 0.0000000000000000000, 0.0000000000000000000, 0.0000000000000000000, 0.0000000000000000000, 0.0000000000000000000, 0.0000000000000000000 ) ;
#7096 = UNCERTAINTY_MEASURE_WITH_UNIT (LENGTH_MEASURE( 1.000000000000000100E-005 ), #2002, 'distance_accuracy_value', 'NONE');
#7097 = UNCERTAINTY_MEASURE_WITH_UNIT (LENGTH_MEASURE( 1.000000000000000100E-005 ), #10571, 'distance_accuracy_value', 'NONE');
#7098 = EDGE_LOOP ( 'NONE', ( #8736, #6842, #10199, #327 ) ) ;
#7099 = SURFACE_SIDE_STYLE ('',( #3801 ) ) ;
#7100 = PLANE ( 'NONE',  #5738 ) ;
#7101 = VERTEX_POINT ( 'NONE', #4651 ) ;
#7102 = DIMENSIONAL_EXPONENTS ( 1.000000000000000000, 0.0000000000000000000, 0.0000000000000000000, 0.0000000000000000000, 0.0000000000000000000, 0.0000000000000000000, 0.0000000000000000000 ) ;
#7103 = ORIENTED_EDGE ( 'NONE', *, *, #9973, .F. ) ;
#7104 = PLANE ( 'NONE',  #1458 ) ;
#7105 = ADVANCED_FACE ( 'NONE', ( #6323 ), #318, .F. ) ;
#7106 = DIRECTION ( 'NONE',  ( -0.0000000000000000000, -1.000000000000000000, -0.0000000000000000000 ) ) ;
#7107 = PRESENTATION_STYLE_ASSIGNMENT (( #2084 ) ) ;
#7108 = DIRECTION ( 'NONE',  ( 4.818676322157799300E-016, 0.0000000000000000000, -1.000000000000000000 ) ) ;
#7109 = CARTESIAN_POINT ( 'NONE',  ( -0.07283464566929133400, 0.009842519685039369900, 0.04606299212598428900 ) ) ;
#7110 = CARTESIAN_POINT ( 'NONE',  ( 0.09055118110236223800, 0.009842519685039369900, 0.0000000000000000000 ) ) ;
#7111 = ORIENTED_EDGE ( 'NONE', *, *, #10327, .F. ) ;
#7112 = EDGE_CURVE ( 'NONE', #8383, #9021, #9882, .T. ) ;
#7113 = DIRECTION ( 'NONE',  ( -4.818676322157799300E-016, 0.0000000000000000000, -1.000000000000000000 ) ) ;
#7114 = EDGE_CURVE ( 'NONE', #9011, #9797, #833, .T. ) ;
#7115 = STYLED_ITEM ( 'NONE', ( #4971 ), #8265 ) ;
#7116 = LENGTH_MEASURE_WITH_UNIT ( LENGTH_MEASURE( 0.02539999999999999900 ), #8133 );
#7117 = SURFACE_STYLE_USAGE ( .BOTH. , #969 ) ;
#7118 = DIRECTION ( 'NONE',  ( 0.04987546680538256600, -0.9975093361076328200, 0.04987546680538256600 ) ) ;
#7119 = ORIENTED_EDGE ( 'NONE', *, *, #48, .F. ) ;
#7120 = PLANE ( 'NONE',  #6093 ) ;
#7121 = CARTESIAN_POINT ( 'NONE',  ( 0.07283464566929139000, 0.009842519685039369900, 0.03070866141732283800 ) ) ;
#7122 = SURFACE_SIDE_STYLE ('',( #3867 ) ) ;
#7123 = DIRECTION ( 'NONE',  ( -1.000000000000000000, 0.0000000000000000000, -0.0000000000000000000 ) ) ;
#7124 = CARTESIAN_POINT ( 'NONE',  ( 0.0000000000000000000, 0.009842519685039369900, 0.0000000000000000000 ) ) ;
#7125 = MANIFOLD_SOLID_BREP ( 'Boss-Extrude3', #11167 ) ;
#7126 =( CONVERSION_BASED_UNIT ( 'INCH', #7831 ) LENGTH_UNIT ( ) NAMED_UNIT ( #492 ) );
#7127 = DIRECTION ( 'NONE',  ( 1.000000000000000000, -0.0000000000000000000, 1.204669080539449800E-016 ) ) ;
#7128 = CARTESIAN_POINT ( 'NONE',  ( -0.07283464566929134800, -0.02046108103966344500, -0.005118110236220437700 ) ) ;
#7129 = PLANE ( 'NONE',  #978 ) ;
#7130 = CARTESIAN_POINT ( 'NONE',  ( -0.09055118110236222400, 0.0000000000000000000, -0.04606299212598422000 ) ) ;
#7131 = PRESENTATION_LAYER_ASSIGNMENT (  '', '', ( #5936 ) ) ;
#7132 = FILL_AREA_STYLE_COLOUR ( '', #8722 ) ;
#7133 = DIRECTION ( 'NONE',  ( 0.0000000000000000000, -0.0000000000000000000, -1.000000000000000000 ) ) ;
#7134 = ADVANCED_FACE ( 'NONE', ( #564 ), #3877, .F. ) ;
#7135 = COLOUR_RGB ( '',0.9686274509803921600, 0.8784313725490196000, 0.5999999999999999800 ) ;
#7136 =( LENGTH_UNIT ( ) NAMED_UNIT ( * ) SI_UNIT ( $, .METRE. ) );
#7137 = PRESENTATION_LAYER_ASSIGNMENT (  '', '', ( #5942 ) ) ;
#7138 = VECTOR ( 'NONE', #6572, 39.37007874015748100 ) ;
#7139 =( GEOMETRIC_REPRESENTATION_CONTEXT ( 3 ) GLOBAL_UNCERTAINTY_ASSIGNED_CONTEXT ( ( #4915 ) ) GLOBAL_UNIT_ASSIGNED_CONTEXT ( ( #780, #9027, #7814 ) ) REPRESENTATION_CONTEXT ( 'NONE', 'WORKASPACE' ) );
#7140 = DIRECTION ( 'NONE',  ( -0.0000000000000000000, -1.000000000000000000, 0.0000000000000000000 ) ) ;
#7141 = LENGTH_MEASURE_WITH_UNIT ( LENGTH_MEASURE( 0.02539999999999999900 ), #9824 );
#7142 =( NAMED_UNIT ( * ) PLANE_ANGLE_UNIT ( ) SI_UNIT ( $, .RADIAN. ) );
#7143 = LINE ( 'NONE', #1022, #136 ) ;
#7144 = MECHANICAL_DESIGN_GEOMETRIC_PRESENTATION_REPRESENTATION (  '', ( #5380 ), #7736 ) ;
#7145 = SURFACE_SIDE_STYLE ('',( #3304 ) ) ;
#7146 = SURFACE_SIDE_STYLE ('',( #1418 ) ) ;
#7147 = COLOUR_RGB ( '',0.9686274509803921600, 0.8784313725490196000, 0.5999999999999999800 ) ;
#7148 =( GEOMETRIC_REPRESENTATION_CONTEXT ( 3 ) GLOBAL_UNCERTAINTY_ASSIGNED_CONTEXT ( ( #8199 ) ) GLOBAL_UNIT_ASSIGNED_CONTEXT ( ( #2099, #8233, #2988 ) ) REPRESENTATION_CONTEXT ( 'NONE', 'WORKASPACE' ) );
#7149 = PRESENTATION_LAYER_ASSIGNMENT (  '', '', ( #5965 ) ) ;
#7150 = ADVANCED_FACE ( 'NONE', ( #3303 ), #2159, .F. ) ;
#7151 =( LENGTH_UNIT ( ) NAMED_UNIT ( * ) SI_UNIT ( $, .METRE. ) );
#7152 = CARTESIAN_POINT ( 'NONE',  ( -0.09055118110236222400, -0.02046108103966344500, -0.04606299212598422000 ) ) ;
#7153 = EDGE_LOOP ( 'NONE', ( #8429, #10578, #1145, #5976 ) ) ;
#7154 =( NAMED_UNIT ( * ) SI_UNIT ( $, .STERADIAN. ) SOLID_ANGLE_UNIT ( ) );
#7155 = PRESENTATION_LAYER_ASSIGNMENT (  '', '', ( #5969 ) ) ;
#7156 = FACE_OUTER_BOUND ( 'NONE', #66, .T. ) ;
#7157 = LINE ( 'NONE', #6251, #5099 ) ;
#7158 = DIRECTION ( 'NONE',  ( -2.168404344971005700E-015, 0.0000000000000000000, -1.000000000000000000 ) ) ;
#7159 = SURFACE_STYLE_USAGE ( .BOTH. , #1018 ) ;
#7160 = CARTESIAN_POINT ( 'NONE',  ( 0.0000000000000000000, 0.009842519685039369900, 0.0000000000000000000 ) ) ;
#7161 = CARTESIAN_POINT ( 'NONE',  ( -0.03070866141732283800, 0.009842519685039369900, -0.08661417322834641400 ) ) ;
#7162 = FACE_OUTER_BOUND ( 'NONE', #6650, .T. ) ;
#7163 = LINE ( 'NONE', #6006, #9211 ) ;
#7164 = PLANE ( 'NONE',  #892 ) ;
#7165 = ORIENTED_EDGE ( 'NONE', *, *, #1509, .F. ) ;
#7166 = EDGE_CURVE ( 'NONE', #3594, #1312, #2197, .T. ) ;
#7167 = FILL_AREA_STYLE ('',( #6275 ) ) ;
#7168 = DIRECTION ( 'NONE',  ( -0.0000000000000000000, 1.000000000000000000, 0.0000000000000000000 ) ) ;
#7169 = CARTESIAN_POINT ( 'NONE',  ( 0.0003937007874015847700, 0.09842519685030418100, -0.03005118110323663100 ) ) ;
#7170 = SURFACE_STYLE_USAGE ( .BOTH. , #1030 ) ;
#7171 = STYLED_ITEM ( 'NONE', ( #10340 ), #11309 ) ;
#7172 = COLOUR_RGB ( '',0.2509803921568627400, 0.2509803921568627400, 0.2509803921568627400 ) ;
#7173 =( NAMED_UNIT ( * ) SI_UNIT ( $, .STERADIAN. ) SOLID_ANGLE_UNIT ( ) );
#7174 = CARTESIAN_POINT ( 'NONE',  ( 0.08858267716535438200, 0.03937007874015748000, -0.08464566929133857100 ) ) ;
#7175 = ORIENTED_EDGE ( 'NONE', *, *, #5496, .F. ) ;
#7176 = CARTESIAN_POINT ( 'NONE',  ( 0.08543307086614175500, 0.1023622047244094600, -0.08149606299212595900 ) ) ;
#7177 = EDGE_CURVE ( 'NONE', #10964, #7383, #4537, .T. ) ;
#7178 = ORIENTED_EDGE ( 'NONE', *, *, #774, .T. ) ;
#7179 = FILL_AREA_STYLE ('',( #6286 ) ) ;
#7180 = EDGE_CURVE ( 'NONE', #3739, #9077, #11220, .T. ) ;
#7181 = SURFACE_SIDE_STYLE ('',( #1368 ) ) ;
#7182 = DIRECTION ( 'NONE',  ( -1.000000000000000000, 0.0000000000000000000, -0.0000000000000000000 ) ) ;
#7183 = STYLED_ITEM ( 'NONE', ( #5155 ), #7936 ) ;
#7184 = LINE ( 'NONE', #10149, #4836 ) ;
#7185 = ORIENTED_EDGE ( 'NONE', *, *, #8204, .F. ) ;
#7186 = CARTESIAN_POINT ( 'NONE',  ( -0.09055118110236221000, 0.0000000000000000000, 0.0000000000000000000 ) ) ;
#7187 = EDGE_LOOP ( 'NONE', ( #1916, #4589, #7921, #4594 ) ) ;
#7188 = LINE ( 'NONE', #10130, #4841 ) ;
#7189 = LENGTH_MEASURE_WITH_UNIT ( LENGTH_MEASURE( 0.02539999999999999900 ), #9571 );
#7190 = FACE_OUTER_BOUND ( 'NONE', #2385, .T. ) ;
#7191 = ORIENTED_EDGE ( 'NONE', *, *, #5986, .T. ) ;
#7192 = MECHANICAL_DESIGN_GEOMETRIC_PRESENTATION_REPRESENTATION (  '', ( #5430 ), #7787 ) ;
#7193 = ADVANCED_FACE ( 'NONE', ( #8931 ), #1381, .F. ) ;
#7194 = SURFACE_STYLE_USAGE ( .BOTH. , #7276 ) ;
#7195 = CARTESIAN_POINT ( 'NONE',  ( 0.09251968503937010900, 0.03937007874015748000, -0.08858267716535429800 ) ) ;
#7196 =( NAMED_UNIT ( * ) PLANE_ANGLE_UNIT ( ) SI_UNIT ( $, .RADIAN. ) );
#7197 = CARTESIAN_POINT ( 'NONE',  ( 0.09055118110236225200, -0.02046108103966344500, 0.05629921259842520600 ) ) ;
#7198 = FILL_AREA_STYLE_COLOUR ( '', #8785 ) ;
#7199 = ORIENTED_EDGE ( 'NONE', *, *, #1485, .F. ) ;
#7200 =( NAMED_UNIT ( * ) PLANE_ANGLE_UNIT ( ) SI_UNIT ( $, .RADIAN. ) );
#7201 = EDGE_CURVE ( 'NONE', #3586, #7763, #3164, .T. ) ;
#7202 = EDGE_LOOP ( 'NONE', ( #9847, #10502, #8284, #5564 ) ) ;
#7203 =( CONVERSION_BASED_UNIT ( 'INCH', #5914 ) LENGTH_UNIT ( ) NAMED_UNIT ( #3843 ) );
#7204 = DIRECTION ( 'NONE',  ( 0.0000000000000000000, 0.0000000000000000000, 1.000000000000000000 ) ) ;
#7205 = PRESENTATION_STYLE_ASSIGNMENT (( #7373 ) ) ;
#7206 = MECHANICAL_DESIGN_GEOMETRIC_PRESENTATION_REPRESENTATION (  '', ( #5441 ), #7791 ) ;
#7207 = CARTESIAN_POINT ( 'NONE',  ( -0.07874015748031494600, 0.009842519685039369900, -0.06692913385826766700 ) ) ;
#7208 = PRESENTATION_STYLE_ASSIGNMENT (( #5074 ) ) ;
#7209 = DIMENSIONAL_EXPONENTS ( 1.000000000000000000, 0.0000000000000000000, 0.0000000000000000000, 0.0000000000000000000, 0.0000000000000000000, 0.0000000000000000000, 0.0000000000000000000 ) ;
#7210 = LINE ( 'NONE', #8835, #5951 ) ;
#7211 = VERTEX_POINT ( 'NONE', #6666 ) ;
#7212 = PLANE ( 'NONE',  #9338 ) ;
#7214 = DIRECTION ( 'NONE',  ( 1.000000000000000000, 0.0000000000000000000, -0.0000000000000000000 ) ) ;
#7213 = COLOUR_RGB ( '',0.9686274509803921600, 0.8784313725490196000, 0.5999999999999999800 ) ;
#7215 = SURFACE_SIDE_STYLE ('',( #5996 ) ) ;
#7216 = PRESENTATION_LAYER_ASSIGNMENT (  '', '', ( #6012 ) ) ;
#7217 = ORIENTED_EDGE ( 'NONE', *, *, #10676, .T. ) ;
#7218 = DIMENSIONAL_EXPONENTS ( 1.000000000000000000, 0.0000000000000000000, 0.0000000000000000000, 0.0000000000000000000, 0.0000000000000000000, 0.0000000000000000000, 0.0000000000000000000 ) ;
#7219 = EDGE_LOOP ( 'NONE', ( #4408, #1586, #6934, #2470 ) ) ;
#7220 = ORIENTED_EDGE ( 'NONE', *, *, #10094, .F. ) ;
#7221 =( NAMED_UNIT ( * ) PLANE_ANGLE_UNIT ( ) SI_UNIT ( $, .RADIAN. ) );
#7222 = FACE_OUTER_BOUND ( 'NONE', #474, .T. ) ;
#7223 = VECTOR ( 'NONE', #8485, 39.37007874015748100 ) ;
#7224 = DIRECTION ( 'NONE',  ( 0.0000000000000000000, 0.0000000000000000000, -1.000000000000000000 ) ) ;
#7225 = COLOUR_RGB ( '',0.9686274509803921600, 0.8784313725490196000, 0.5999999999999999800 ) ;
#7226 = SURFACE_STYLE_FILL_AREA ( #1978 ) ;
#7227 = CARTESIAN_POINT ( 'NONE',  ( 0.09055118110236222400, 0.009842519685039369900, -0.04606299212598424800 ) ) ;
#7228 = COLOUR_RGB ( '',0.9686274509803921600, 0.8784313725490196000, 0.5999999999999999800 ) ;
#7229 = ORIENTED_EDGE ( 'NONE', *, *, #11238, .F. ) ;
#7230 = AXIS2_PLACEMENT_3D ( 'NONE', #586, #481, #432 ) ;
#7231 = CARTESIAN_POINT ( 'NONE',  ( 0.02047244094488188900, 0.009842519685039369900, -0.06889763779527555100 ) ) ;
#7232 =( NAMED_UNIT ( * ) SI_UNIT ( $, .STERADIAN. ) SOLID_ANGLE_UNIT ( ) );
#7233 = VERTEX_POINT ( 'NONE', #7581 ) ;
#7234 =( GEOMETRIC_REPRESENTATION_CONTEXT ( 3 ) GLOBAL_UNCERTAINTY_ASSIGNED_CONTEXT ( ( #5815 ) ) GLOBAL_UNIT_ASSIGNED_CONTEXT ( ( #7203, #1922, #8071 ) ) REPRESENTATION_CONTEXT ( 'NONE', 'WORKASPACE' ) );
#7235 = VECTOR ( 'NONE', #6648, 39.37007874015748100 ) ;
#7236 = UNCERTAINTY_MEASURE_WITH_UNIT (LENGTH_MEASURE( 1.000000000000000100E-005 ), #9830, 'distance_accuracy_value', 'NONE');
#7237 = MECHANICAL_DESIGN_GEOMETRIC_PRESENTATION_REPRESENTATION (  '', ( #5461 ), #7812 ) ;
#7238 = ORIENTED_EDGE ( 'NONE', *, *, #130, .T. ) ;
#7239 = PRESENTATION_LAYER_ASSIGNMENT (  '', '', ( #6020 ) ) ;
#7240 = FACE_OUTER_BOUND ( 'NONE', #9255, .T. ) ;
#7241 = CARTESIAN_POINT ( 'NONE',  ( 0.0000000000000000000, 0.009842519685039369900, 0.0000000000000000000 ) ) ;
#7242 = ORIENTED_EDGE ( 'NONE', *, *, #9150, .F. ) ;
#7243 = PRESENTATION_LAYER_ASSIGNMENT (  '', '', ( #6025 ) ) ;
#7244 = EDGE_LOOP ( 'NONE', ( #1727, #6498, #5971, #2654 ) ) ;
#7245 = CARTESIAN_POINT ( 'NONE',  ( -0.07874015748031496000, 0.0000000000000000000, -0.06692913385826766700 ) ) ;
#7246 = FILL_AREA_STYLE_COLOUR ( '', #7135 ) ;
#7247 =( CONVERSION_BASED_UNIT ( 'INCH', #5624 ) LENGTH_UNIT ( ) NAMED_UNIT ( #1891 ) );
#7248 = PRESENTATION_LAYER_ASSIGNMENT (  '', '', ( #6030 ) ) ;
#7249 = PLANE ( 'NONE',  #7312 ) ;
#7250 = DIRECTION ( 'NONE',  ( 0.0000000000000000000, -0.0000000000000000000, 1.000000000000000000 ) ) ;
#7251 = DIRECTION ( 'NONE',  ( -1.000000000000000000, -0.0000000000000000000, 0.0000000000000000000 ) ) ;
#7252 = VERTEX_POINT ( 'NONE', #8449 ) ;
#7253 = AXIS2_PLACEMENT_3D ( 'NONE', #6579, #1318, #7482 ) ;
#7254 = CARTESIAN_POINT ( 'NONE',  ( -0.03070866141732283800, 0.009842519685039369900, 0.06889763779527562100 ) ) ;
#7255 = STYLED_ITEM ( 'NONE', ( #6023 ), #3595 ) ;
#7256 = ORIENTED_EDGE ( 'NONE', *, *, #6356, .F. ) ;
#7257 = CARTESIAN_POINT ( 'NONE',  ( 0.04606299212598425500, -0.02046108103966344500, 0.06889763779527562100 ) ) ;
#7258 = SURFACE_SIDE_STYLE ('',( #3439 ) ) ;
#7259 = EDGE_CURVE ( 'NONE', #3217, #2119, #5506, .T. ) ;
#7260 = LENGTH_MEASURE_WITH_UNIT ( LENGTH_MEASURE( 0.02539999999999999900 ), #5110 );
#7261 = PRESENTATION_STYLE_ASSIGNMENT (( #2847 ) ) ;
#7262 =( CONVERSION_BASED_UNIT ( 'INCH', #6651 ) LENGTH_UNIT ( ) NAMED_UNIT ( #5961 ) );
#7263 = EDGE_CURVE ( 'NONE', #914, #10316, #9873, .T. ) ;
#7264 = ADVANCED_FACE ( 'NONE', ( #9604 ), #6732, .F. ) ;
#7265 = ORIENTED_EDGE ( 'NONE', *, *, #9009, .F. ) ;
#7266 = SURFACE_SIDE_STYLE ('',( #8706 ) ) ;
#7267 = CARTESIAN_POINT ( 'NONE',  ( -0.07283464566929134800, 0.009842519685039369900, -0.04606299212598422000 ) ) ;
#7268 =( LENGTH_UNIT ( ) NAMED_UNIT ( * ) SI_UNIT ( $, .METRE. ) );
#7269 = CARTESIAN_POINT ( 'NONE',  ( -0.09055118110236221000, 0.009842519685039369900, -0.005118110236220437700 ) ) ;
#7270 = EDGE_CURVE ( 'NONE', #8173, #2380, #4121, .T. ) ;
#7271 = ORIENTED_EDGE ( 'NONE', *, *, #6894, .T. ) ;
#7272 = DIRECTION ( 'NONE',  ( -0.0000000000000000000, -1.000000000000000000, -0.0000000000000000000 ) ) ;
#7273 = EDGE_CURVE ( 'NONE', #1724, #6242, #6454, .T. ) ;
#7274 = COLOUR_RGB ( '',0.2509803921568627400, 0.2509803921568627400, 0.2509803921568627400 ) ;
#7275 = LINE ( 'NONE', #7269, #4926 ) ;
#7276 = SURFACE_SIDE_STYLE ('',( #3312 ) ) ;
#7277 =( LENGTH_UNIT ( ) NAMED_UNIT ( * ) SI_UNIT ( $, .METRE. ) );
#7278 =( LENGTH_UNIT ( ) NAMED_UNIT ( * ) SI_UNIT ( $, .METRE. ) );
#7279 = CARTESIAN_POINT ( 'NONE',  ( 0.09055118110236223800, 0.0000000000000000000, -0.005118110236220472400 ) ) ;
#7280 = CARTESIAN_POINT ( 'NONE',  ( -0.07283464566929133400, -0.02046108103966344500, 0.02047244094488192400 ) ) ;
#7281 = LINE ( 'NONE', #4760, #6991 ) ;
#7282 = CARTESIAN_POINT ( 'NONE',  ( 0.04606299212598424800, 0.009842519685039369900, -0.08661417322834641400 ) ) ;
#7283 =( CONVERSION_BASED_UNIT ( 'INCH', #2208 ) LENGTH_UNIT ( ) NAMED_UNIT ( #10835 ) );
#7284 = DIRECTION ( 'NONE',  ( -1.000000000000000000, 0.0000000000000000000, 0.0000000000000000000 ) ) ;
#7285 = DIRECTION ( 'NONE',  ( 0.0000000000000000000, -0.0000000000000000000, 1.000000000000000000 ) ) ;
#7286 = CARTESIAN_POINT ( 'NONE',  ( -0.07283464566929133400, -0.02046108103966344500, 0.02047244094488192400 ) ) ;
#7287 = PRESENTATION_STYLE_ASSIGNMENT (( #8645 ) ) ;
#7288 = AXIS2_PLACEMENT_3D ( 'NONE', #4696, #4658, #4626 ) ;
#7289 = LENGTH_MEASURE_WITH_UNIT ( LENGTH_MEASURE( 0.02539999999999999900 ), #9597 );
#7290 = MECHANICAL_DESIGN_GEOMETRIC_PRESENTATION_REPRESENTATION (  '', ( #5520 ), #7874 ) ;
#7291 = VECTOR ( 'NONE', #1948, 39.37007874015748100 ) ;
#7292 =( GEOMETRIC_REPRESENTATION_CONTEXT ( 3 ) GLOBAL_UNCERTAINTY_ASSIGNED_CONTEXT ( ( #2020 ) ) GLOBAL_UNIT_ASSIGNED_CONTEXT ( ( #1438, #7591, #2313 ) ) REPRESENTATION_CONTEXT ( 'NONE', 'WORKASPACE' ) );
#7293 =( LENGTH_UNIT ( ) NAMED_UNIT ( * ) SI_UNIT ( $, .METRE. ) );
#7294 = DIRECTION ( 'NONE',  ( 0.0000000000000000000, -1.000000000000000000, -0.0000000000000000000 ) ) ;
#7295 = VECTOR ( 'NONE', #10197, 39.37007874015748100 ) ;
#7296 =( NAMED_UNIT ( * ) PLANE_ANGLE_UNIT ( ) SI_UNIT ( $, .RADIAN. ) );
#7297 = COLOUR_RGB ( '',0.9686274509803921600, 0.8784313725490196000, 0.5999999999999999800 ) ;
#7298 = UNCERTAINTY_MEASURE_WITH_UNIT (LENGTH_MEASURE( 1.000000000000000100E-005 ), #5454, 'distance_accuracy_value', 'NONE');
#7299 = ORIENTED_EDGE ( 'NONE', *, *, #10514, .F. ) ;
#7300 = PRESENTATION_LAYER_ASSIGNMENT (  '', '', ( #6104 ) ) ;
#7301 =( NAMED_UNIT ( * ) SI_UNIT ( $, .STERADIAN. ) SOLID_ANGLE_UNIT ( ) );
#7302 = FACE_OUTER_BOUND ( 'NONE', #11290, .T. ) ;
#7303 = PRESENTATION_STYLE_ASSIGNMENT (( #10871 ) ) ;
#7304 = MECHANICAL_DESIGN_GEOMETRIC_PRESENTATION_REPRESENTATION (  '', ( #5533 ), #7890 ) ;
#7305 = VECTOR ( 'NONE', #4096, 39.37007874015748100 ) ;
#7306 = UNCERTAINTY_MEASURE_WITH_UNIT (LENGTH_MEASURE( 1.000000000000000100E-005 ), #9531, 'distance_accuracy_value', 'NONE');
#7307 = STYLED_ITEM ( 'NONE', ( #8816 ), #3208 ) ;
#7308 = ADVANCED_FACE ( 'NONE', ( #1777 ), #5041, .F. ) ;
#7309 = FILL_AREA_STYLE ('',( #8906 ) ) ;
#7310 = FILL_AREA_STYLE_COLOUR ( '', #1170 ) ;
#7311 = SURFACE_STYLE_USAGE ( .BOTH. , #7352 ) ;
#7312 = AXIS2_PLACEMENT_3D ( 'NONE', #5503, #245, #6374 ) ;
#7313 = FACE_BOUND ( 'NONE', #998, .T. ) ;
#7314 = PLANE ( 'NONE',  #10790 ) ;
#7315 = ORIENTED_EDGE ( 'NONE', *, *, #1662, .F. ) ;
#7316 = CARTESIAN_POINT ( 'NONE',  ( 0.0000000000000000000, 0.009842519685039369900, 0.08661417322834648300 ) ) ;
#7317 =( GEOMETRIC_REPRESENTATION_CONTEXT ( 3 ) GLOBAL_UNCERTAINTY_ASSIGNED_CONTEXT ( ( #7929 ) ) GLOBAL_UNIT_ASSIGNED_CONTEXT ( ( #4112, #10240, #5000 ) ) REPRESENTATION_CONTEXT ( 'NONE', 'WORKASPACE' ) );
#7318 = FACE_OUTER_BOUND ( 'NONE', #3886, .T. ) ;
#7319 = DIMENSIONAL_EXPONENTS ( 1.000000000000000000, 0.0000000000000000000, 0.0000000000000000000, 0.0000000000000000000, 0.0000000000000000000, 0.0000000000000000000, 0.0000000000000000000 ) ;
#7320 = SURFACE_STYLE_USAGE ( .BOTH. , #1163 ) ;
#7321 = DIRECTION ( 'NONE',  ( 0.0000000000000000000, 1.000000000000000000, 0.0000000000000000000 ) ) ;
#7322 = CARTESIAN_POINT ( 'NONE',  ( -0.05629921259842520600, 0.009842519685039369900, -0.08661417322834641400 ) ) ;
#7323 = CARTESIAN_POINT ( 'NONE',  ( 0.05629921259842520000, 0.0000000000000000000, 0.06889763779527562100 ) ) ;
#7324 = EDGE_LOOP ( 'NONE', ( #38, #8598, #1964, #10366 ) ) ;
#7325 = ORIENTED_EDGE ( 'NONE', *, *, #4526, .T. ) ;
#7326 = DIMENSIONAL_EXPONENTS ( 1.000000000000000000, 0.0000000000000000000, 0.0000000000000000000, 0.0000000000000000000, 0.0000000000000000000, 0.0000000000000000000, 0.0000000000000000000 ) ;
#7327 = VECTOR ( 'NONE', #2242, 39.37007874015748100 ) ;
#7328 =( LENGTH_UNIT ( ) NAMED_UNIT ( * ) SI_UNIT ( $, .METRE. ) );
#7329 = FILL_AREA_STYLE_COLOUR ( '', #8036 ) ;
#7330 = DIRECTION ( 'NONE',  ( 1.000000000000000000, -0.0000000000000000000, 0.0000000000000000000 ) ) ;
#7331 = ORIENTED_EDGE ( 'NONE', *, *, #10244, .T. ) ;
#7332 = COLOUR_RGB ( '',0.2509803921568627400, 0.2509803921568627400, 0.2509803921568627400 ) ;
#7333 = SURFACE_STYLE_FILL_AREA ( #7179 ) ;
#7334 = FILL_AREA_STYLE ('',( #9043 ) ) ;
#7335 = EDGE_CURVE ( 'NONE', #926, #1400, #687, .T. ) ;
#7336 = ORIENTED_EDGE ( 'NONE', *, *, #3708, .F. ) ;
#7337 = ORIENTED_EDGE ( 'NONE', *, *, #8792, .F. ) ;
#7338 = CARTESIAN_POINT ( 'NONE',  ( 0.0003937007874015847700, 0.08858267716535434000, -0.03005118110236220500 ) ) ;
#7339 = EDGE_CURVE ( 'NONE', #2119, #1397, #7427, .T. ) ;
#7340 = CARTESIAN_POINT ( 'NONE',  ( -0.09055118110236221000, 0.009842519685039369900, 0.03070866141732286900 ) ) ;
#7341 = PRESENTATION_STYLE_ASSIGNMENT (( #5137 ) ) ;
#7342 = FACE_OUTER_BOUND ( 'NONE', #2064, .T. ) ;
#7343 = DIRECTION ( 'NONE',  ( 0.0000000000000000000, -0.0000000000000000000, 1.000000000000000000 ) ) ;
#7344 = FACE_OUTER_BOUND ( 'NONE', #7472, .T. ) ;
#7345 = DIRECTION ( 'NONE',  ( 0.0000000000000000000, 1.000000000000000000, 0.0000000000000000000 ) ) ;
#7346 = EDGE_LOOP ( 'NONE', ( #3716, #10864, #3749, #11113 ) ) ;
#7347 = DIRECTION ( 'NONE',  ( -1.000000000000000000, -0.0000000000000000000, 0.0000000000000000000 ) ) ;
#7348 = VERTEX_POINT ( 'NONE', #6845 ) ;
#7349 = ORIENTED_EDGE ( 'NONE', *, *, #941, .T. ) ;
#7350 = VECTOR ( 'NONE', #3434, 39.37007874015748100 ) ;
#7351 = CARTESIAN_POINT ( 'NONE',  ( 0.0000000000000000000, 0.009842519685039369900, 0.0000000000000000000 ) ) ;
#7352 = SURFACE_SIDE_STYLE ('',( #3823 ) ) ;
#7353 = LINE ( 'NONE', #1681, #9662 ) ;
#7354 = EDGE_LOOP ( 'NONE', ( #8512, #3726, #10474, #6353 ) ) ;
#7355 = DIRECTION ( 'NONE',  ( 0.0000000000000000000, -1.000000000000000000, -0.0000000000000000000 ) ) ;
#7356 = CARTESIAN_POINT ( 'NONE',  ( -0.07283464566929133400, 0.009842519685039369900, 0.03070866141732286900 ) ) ;
#7357 = DIRECTION ( 'NONE',  ( -0.0000000000000000000, -0.0000000000000000000, 1.000000000000000000 ) ) ;
#7358 = FACE_OUTER_BOUND ( 'NONE', #2123, .T. ) ;
#7359 = AXIS2_PLACEMENT_3D ( 'NONE', #1174, #7330, #2053 ) ;
#7360 = EDGE_LOOP ( 'NONE', ( #2518, #9644, #11272, #426 ) ) ;
#7361 = FILL_AREA_STYLE ('',( #6456 ) ) ;
#7362 = CARTESIAN_POINT ( 'NONE',  ( 0.0000000000000000000, 0.009842519685039369900, 0.0000000000000000000 ) ) ;
#7363 = FACE_OUTER_BOUND ( 'NONE', #5805, .T. ) ;
#7364 = ORIENTED_EDGE ( 'NONE', *, *, #7273, .F. ) ;
#7365 = LINE ( 'NONE', #1544, #2659 ) ;
#7366 = DIRECTION ( 'NONE',  ( 0.0000000000000000000, -0.0000000000000000000, 1.000000000000000000 ) ) ;
#7367 = VERTEX_POINT ( 'NONE', #7731 ) ;
#7368 = SURFACE_SIDE_STYLE ('',( #7393 ) ) ;
#7369 = AXIS2_PLACEMENT_3D ( 'NONE', #11117, #5889, #650 ) ;
#7370 = VECTOR ( 'NONE', #7844, 39.37007874015748100 ) ;
#7371 = ORIENTED_EDGE ( 'NONE', *, *, #7772, .F. ) ;
#7372 = AXIS2_PLACEMENT_3D ( 'NONE', #2036, #1961, #1917 ) ;
#7373 = SURFACE_STYLE_USAGE ( .BOTH. , #7486 ) ;
#7374 = CARTESIAN_POINT ( 'NONE',  ( -0.02047244094488189300, 0.009842519685039369900, -0.08661417322834641400 ) ) ;
#7375 = DIRECTION ( 'NONE',  ( 0.0000000000000000000, 0.0000000000000000000, 1.000000000000000000 ) ) ;
#7376 = EDGE_LOOP ( 'NONE', ( #7349, #755, #9380, #6060 ) ) ;
#7377 = ADVANCED_FACE ( 'NONE', ( #9732 ), #3343, .F. ) ;
#7378 = UNCERTAINTY_MEASURE_WITH_UNIT (LENGTH_MEASURE( 1.000000000000000100E-005 ), #7962, 'distance_accuracy_value', 'NONE');
#7379 = COLOUR_RGB ( '',0.9686274509803921600, 0.8784313725490196000, 0.5999999999999999800 ) ;
#7380 = ORIENTED_EDGE ( 'NONE', *, *, #10310, .F. ) ;
#7381 = PRESENTATION_LAYER_ASSIGNMENT (  '', '', ( #6161 ) ) ;
#7382 = LENGTH_MEASURE_WITH_UNIT ( LENGTH_MEASURE( 0.02539999999999999900 ), #7585 );
#7383 = VERTEX_POINT ( 'NONE', #8606 ) ;
#7384 = FILL_AREA_STYLE ('',( #6477 ) ) ;
#7385 =( LENGTH_UNIT ( ) NAMED_UNIT ( * ) SI_UNIT ( $, .METRE. ) );
#7386 = DIRECTION ( 'NONE',  ( 0.0000000000000000000, -0.0000000000000000000, -1.000000000000000000 ) ) ;
#7387 = UNCERTAINTY_MEASURE_WITH_UNIT (LENGTH_MEASURE( 1.000000000000000100E-005 ), #1598, 'distance_accuracy_value', 'NONE');
#7388 = MECHANICAL_DESIGN_GEOMETRIC_PRESENTATION_REPRESENTATION (  '', ( #6164 ), #7949 ) ;
#7389 = FILL_AREA_STYLE ('',( #7752 ) ) ;
#7390 = STYLED_ITEM ( 'NONE', ( #6150 ), #2735 ) ;
#7391 = AXIS2_PLACEMENT_3D ( 'NONE', #6708, #1437, #7590 ) ;
#7392 = DIRECTION ( 'NONE',  ( 0.0000000000000000000, -0.0000000000000000000, -1.000000000000000000 ) ) ;
#7393 = SURFACE_STYLE_FILL_AREA ( #1205 ) ;
#7394 = DIRECTION ( 'NONE',  ( 0.0000000000000000000, 1.000000000000000000, 0.0000000000000000000 ) ) ;
#7395 = DIRECTION ( 'NONE',  ( -1.000000000000000000, 0.0000000000000000000, -0.0000000000000000000 ) ) ;
#7396 = EDGE_CURVE ( 'NONE', #9244, #2404, #6309, .T. ) ;
#7397 = PLANE ( 'NONE',  #2287 ) ;
#7398 = MECHANICAL_DESIGN_GEOMETRIC_PRESENTATION_REPRESENTATION (  '', ( #5615 ), #7967 ) ;
#7399 = LENGTH_MEASURE_WITH_UNIT ( LENGTH_MEASURE( 0.02539999999999999900 ), #6149 );
#7400 = PRESENTATION_STYLE_ASSIGNMENT (( #8004 ) ) ;
#7401 = CARTESIAN_POINT ( 'NONE',  ( 0.09055118110236223800, 0.0000000000000000000, 0.005118110236220474100 ) ) ;
#7402 = DIRECTION ( 'NONE',  ( 0.0000000000000000000, 1.000000000000000000, 0.0000000000000000000 ) ) ;
#7403 = FACE_OUTER_BOUND ( 'NONE', #9097, .T. ) ;
#7404 = VERTEX_POINT ( 'NONE', #9675 ) ;
#7405 = CARTESIAN_POINT ( 'NONE',  ( 0.09055118110236223800, 0.009842519685039369900, 0.005118110236220474100 ) ) ;
#7406 = EDGE_CURVE ( 'NONE', #1946, #7789, #1634, .T. ) ;
#7407 =( NAMED_UNIT ( * ) PLANE_ANGLE_UNIT ( ) SI_UNIT ( $, .RADIAN. ) );
#7408 = DIRECTION ( 'NONE',  ( -0.0000000000000000000, 0.0000000000000000000, -1.000000000000000000 ) ) ;
#7409 = EDGE_CURVE ( 'NONE', #5537, #10198, #8364, .T. ) ;
#7410 =( NAMED_UNIT ( * ) SI_UNIT ( $, .STERADIAN. ) SOLID_ANGLE_UNIT ( ) );
#7411 = FACE_OUTER_BOUND ( 'NONE', #9119, .T. ) ;
#7412 =( LENGTH_UNIT ( ) NAMED_UNIT ( * ) SI_UNIT ( $, .METRE. ) );
#7413 = SURFACE_STYLE_FILL_AREA ( #3687 ) ;
#7414 = CARTESIAN_POINT ( 'NONE',  ( -0.04606299212598425500, 0.0000000000000000000, 0.08661417322834648300 ) ) ;
#7415 = VECTOR ( 'NONE', #7978, 39.37007874015748100 ) ;
#7416 = FILL_AREA_STYLE_COLOUR ( '', #9173 ) ;
#7417 = CARTESIAN_POINT ( 'NONE',  ( 0.0000000000000000000, 0.0000000000000000000, 0.0000000000000000000 ) ) ;
#7418 = EDGE_CURVE ( 'NONE', #3383, #11150, #3692, .T. ) ;
#7419 = SURFACE_STYLE_USAGE ( .BOTH. , #1255 ) ;
#7420 = VECTOR ( 'NONE', #6850, 39.37007874015748100 ) ;
#7421 = EDGE_CURVE ( 'NONE', #6114, #11040, #1362, .T. ) ;
#7422 = PRESENTATION_LAYER_ASSIGNMENT (  '', '', ( #6224 ) ) ;
#7423 = CARTESIAN_POINT ( 'NONE',  ( -0.05629921259842520600, 0.0000000000000000000, 0.08661417322834648300 ) ) ;
#7424 = ADVANCED_FACE ( 'NONE', ( #1096 ), #4451, .F. ) ;
#7425 =( CONVERSION_BASED_UNIT ( 'INCH', #3918 ) LENGTH_UNIT ( ) NAMED_UNIT ( #6037 ) );
#7426 = CARTESIAN_POINT ( 'NONE',  ( 0.09055118110236223800, 0.009842519685039369900, -0.02047244094488188900 ) ) ;
#7427 = LINE ( 'NONE', #5947, #2728 ) ;
#7428 = VECTOR ( 'NONE', #10493, 39.37007874015748100 ) ;
#7429 = DIMENSIONAL_EXPONENTS ( 1.000000000000000000, 0.0000000000000000000, 0.0000000000000000000, 0.0000000000000000000, 0.0000000000000000000, 0.0000000000000000000, 0.0000000000000000000 ) ;
#7430 = LENGTH_MEASURE_WITH_UNIT ( LENGTH_MEASURE( 0.02539999999999999900 ), #1631 );
#7431 = SURFACE_STYLE_FILL_AREA ( #5231 ) ;
#7432 = SURFACE_STYLE_USAGE ( .BOTH. , #5236 ) ;
#7433 = CARTESIAN_POINT ( 'NONE',  ( 0.0000000000000000000, 0.0000000000000000000, 0.0000000000000000000 ) ) ;
#7434 = ORIENTED_EDGE ( 'NONE', *, *, #5844, .F. ) ;
#7435 = PLANE ( 'NONE',  #7253 ) ;
#7436 = LINE ( 'NONE', #5345, #694 ) ;
#7437 = FILL_AREA_STYLE ('',( #7484 ) ) ;
#7438 = DIMENSIONAL_EXPONENTS ( 1.000000000000000000, 0.0000000000000000000, 0.0000000000000000000, 0.0000000000000000000, 0.0000000000000000000, 0.0000000000000000000, 0.0000000000000000000 ) ;
#7439 = STYLED_ITEM ( 'NONE', ( #3484 ), #444 ) ;
#7440 =( NAMED_UNIT ( * ) SI_UNIT ( $, .STERADIAN. ) SOLID_ANGLE_UNIT ( ) );
#7441 = CARTESIAN_POINT ( 'NONE',  ( 0.02047244094488188900, 0.009842519685039369900, 0.06889763779527562100 ) ) ;
#7442 = PRESENTATION_STYLE_ASSIGNMENT (( #7753 ) ) ;
#7443 = PLANE ( 'NONE',  #3002 ) ;
#7444 = VECTOR ( 'NONE', #311, 39.37007874015748100 ) ;
#7445 = MECHANICAL_DESIGN_GEOMETRIC_PRESENTATION_REPRESENTATION (  '', ( #5665 ), #8021 ) ;
#7446 = UNCERTAINTY_MEASURE_WITH_UNIT (LENGTH_MEASURE( 1.000000000000000100E-005 ), #1790, 'distance_accuracy_value', 'NONE');
#7447 = LINE ( 'NONE', #6719, #2744 ) ;
#7448 = PRESENTATION_LAYER_ASSIGNMENT (  '', '', ( #6256 ) ) ;
#7449 = UNCERTAINTY_MEASURE_WITH_UNIT (LENGTH_MEASURE( 1.000000000000000100E-005 ), #1764, 'distance_accuracy_value', 'NONE');
#7450 = EDGE_LOOP ( 'NONE', ( #1565, #10121, #4569, #10465 ) ) ;
#7451 = AXIS2_PLACEMENT_3D ( 'NONE', #4409, #10528, #5326 ) ;
#7452 = FACE_OUTER_BOUND ( 'NONE', #4288, .T. ) ;
#7453 = CARTESIAN_POINT ( 'NONE',  ( -0.03070866141732284500, 0.009842519685039369900, -0.08661417322834641400 ) ) ;
#7454 = VECTOR ( 'NONE', #7251, 39.37007874015748100 ) ;
#7455 = SURFACE_STYLE_USAGE ( .BOTH. , #1292 ) ;
#7456 = SURFACE_STYLE_FILL_AREA ( #6418 ) ;
#7457 = AXIS2_PLACEMENT_3D ( 'NONE', #1747, #7908, #2613 ) ;
#7458 = CARTESIAN_POINT ( 'NONE',  ( -0.02047244094488188900, 0.009842519685039369900, 0.0000000000000000000 ) ) ;
#7459 = UNCERTAINTY_MEASURE_WITH_UNIT (LENGTH_MEASURE( 1.000000000000000100E-005 ), #5532, 'distance_accuracy_value', 'NONE');
#7460 = EDGE_LOOP ( 'NONE', ( #1974, #2427, #8983, #10702 ) ) ;
#7461 = AXIS2_PLACEMENT_3D ( 'NONE', #1015, #1082, #4572 ) ;
#7462 = DIRECTION ( 'NONE',  ( -0.0000000000000000000, -1.000000000000000000, -0.0000000000000000000 ) ) ;
#7463 = ORIENTED_EDGE ( 'NONE', *, *, #491, .T. ) ;
#7464 = CARTESIAN_POINT ( 'NONE',  ( -0.07283464566929133400, 0.009842519685039369900, 0.04606299212598428900 ) ) ;
#7465 = STYLED_ITEM ( 'NONE', ( #10768 ), #10659 ) ;
#7466 = FACE_OUTER_BOUND ( 'NONE', #7995, .T. ) ;
#7467 = VECTOR ( 'NONE', #6176, 39.37007874015748100 ) ;
#7468 = DIRECTION ( 'NONE',  ( -0.0000000000000000000, -1.000000000000000000, -0.0000000000000000000 ) ) ;
#7469 = LINE ( 'NONE', #9465, #176 ) ;
#7470 = FACE_OUTER_BOUND ( 'NONE', #6320, .T. ) ;
#7471 = FILL_AREA_STYLE_COLOUR ( '', #10963 ) ;
#7472 = EDGE_LOOP ( 'NONE', ( #9792, #3949, #7663, #10488 ) ) ;
#7473 = EDGE_CURVE ( 'NONE', #518, #3751, #9318, .T. ) ;
#7474 = EDGE_LOOP ( 'NONE', ( #1175, #6101, #9639, #9959 ) ) ;
#7475 = FACE_OUTER_BOUND ( 'NONE', #1819, .T. ) ;
#7476 = COLOUR_RGB ( '',0.9686274509803921600, 0.8784313725490196000, 0.5999999999999999800 ) ;
#7477 = EDGE_CURVE ( 'NONE', #2793, #2502, #6998, .T. ) ;
#7478 = DIRECTION ( 'NONE',  ( 0.0000000000000000000, -0.0000000000000000000, -1.000000000000000000 ) ) ;
#7479 = ORIENTED_EDGE ( 'NONE', *, *, #2687, .F. ) ;
#7480 =( NAMED_UNIT ( * ) SI_UNIT ( $, .STERADIAN. ) SOLID_ANGLE_UNIT ( ) );
#7481 = LINE ( 'NONE', #8781, #733 ) ;
#7482 = DIRECTION ( 'NONE',  ( 0.0000000000000000000, 0.0000000000000000000, -1.000000000000000000 ) ) ;
#7483 = ORIENTED_EDGE ( 'NONE', *, *, #3842, .F. ) ;
#7484 = FILL_AREA_STYLE_COLOUR ( '', #8220 ) ;
#7485 = EDGE_LOOP ( 'NONE', ( #494, #4580, #10748, #1847 ) ) ;
#7486 = SURFACE_SIDE_STYLE ('',( #9520 ) ) ;
#7487 = CARTESIAN_POINT ( 'NONE',  ( 0.09055118110236223800, 0.009842519685039369900, 0.005118110236220474100 ) ) ;
#7488 = FILL_AREA_STYLE_COLOUR ( '', #9933 ) ;
#7489 = MANIFOLD_SOLID_BREP ( 'Boss-Extrude2[8]', #10381 ) ;
#7490 = LENGTH_MEASURE_WITH_UNIT ( LENGTH_MEASURE( 0.02539999999999999900 ), #1203 );
#7491 = DIRECTION ( 'NONE',  ( 0.7071067811865463500, 0.0000000000000000000, -0.7071067811865486800 ) ) ;
#7492 = ADVANCED_FACE ( 'NONE', ( #8219 ), #6262, .F. ) ;
#7493 = CARTESIAN_POINT ( 'NONE',  ( 0.0000000000000000000, 0.009842519685039369900, 0.0000000000000000000 ) ) ;
#7494 = FACE_OUTER_BOUND ( 'NONE', #10348, .T. ) ;
#7495 = ORIENTED_EDGE ( 'NONE', *, *, #6526, .F. ) ;
#7496 = EDGE_CURVE ( 'NONE', #10597, #5749, #401, .T. ) ;
#7497 = FACE_OUTER_BOUND ( 'NONE', #5412, .T. ) ;
#7498 =( NAMED_UNIT ( * ) PLANE_ANGLE_UNIT ( ) SI_UNIT ( $, .RADIAN. ) );
#7499 = EDGE_CURVE ( 'NONE', #2377, #914, #9278, .T. ) ;
#7500 = DIRECTION ( 'NONE',  ( 0.0000000000000000000, -0.0000000000000000000, 1.000000000000000000 ) ) ;
#7501 = VERTEX_POINT ( 'NONE', #8987 ) ;
#7502 =( LENGTH_UNIT ( ) NAMED_UNIT ( * ) SI_UNIT ( $, .METRE. ) );
#7503 = ORIENTED_EDGE ( 'NONE', *, *, #347, .F. ) ;
#7504 =( GEOMETRIC_REPRESENTATION_CONTEXT ( 3 ) GLOBAL_UNCERTAINTY_ASSIGNED_CONTEXT ( ( #469 ) ) GLOBAL_UNIT_ASSIGNED_CONTEXT ( ( #10177, #4941, #11034 ) ) REPRESENTATION_CONTEXT ( 'NONE', 'WORKASPACE' ) );
#7505 = VECTOR ( 'NONE', #8523, 39.37007874015748100 ) ;
#7506 = CLOSED_SHELL ( 'NONE', ( #916, #3101, #6428, #7987, #1191, #5628 ) ) ;
#7507 =( CONVERSION_BASED_UNIT ( 'INCH', #5715 ) LENGTH_UNIT ( ) NAMED_UNIT ( #10622 ) );
#7508 = ORIENTED_EDGE ( 'NONE', *, *, #5567, .T. ) ;
#7509 = ORIENTED_EDGE ( 'NONE', *, *, #2388, .F. ) ;
#7510 = DIRECTION ( 'NONE',  ( -1.000000000000000000, 0.0000000000000000000, 0.0000000000000000000 ) ) ;
#7511 = DIRECTION ( 'NONE',  ( -0.0000000000000000000, 1.000000000000000000, 0.0000000000000000000 ) ) ;
#7512 = VECTOR ( 'NONE', #7462, 39.37007874015748100 ) ;
#7513 = COLOUR_RGB ( '',0.9686274509803921600, 0.8784313725490196000, 0.5999999999999999800 ) ;
#7514 = CARTESIAN_POINT ( 'NONE',  ( -0.09055118110236221000, 0.009842519685039369900, -0.02047244094488185500 ) ) ;
#7515 = ORIENTED_EDGE ( 'NONE', *, *, #6423, .F. ) ;
#7516 = SURFACE_STYLE_FILL_AREA ( #4886 ) ;
#7517 = FACE_OUTER_BOUND ( 'NONE', #1588, .T. ) ;
#7518 = VERTEX_POINT ( 'NONE', #7195 ) ;
#7519 = DIRECTION ( 'NONE',  ( 0.0000000000000000000, 0.0000000000000000000, 1.000000000000000000 ) ) ;
#7520 =( NAMED_UNIT ( * ) PLANE_ANGLE_UNIT ( ) SI_UNIT ( $, .RADIAN. ) );
#7521 =( LENGTH_UNIT ( ) NAMED_UNIT ( * ) SI_UNIT ( $, .METRE. ) );
#7522 = PRESENTATION_LAYER_ASSIGNMENT (  '', '', ( #11082 ) ) ;
#7523 =( GEOMETRIC_REPRESENTATION_CONTEXT ( 3 ) GLOBAL_UNCERTAINTY_ASSIGNED_CONTEXT ( ( #8122 ) ) GLOBAL_UNIT_ASSIGNED_CONTEXT ( ( #11197, #5980, #726 ) ) REPRESENTATION_CONTEXT ( 'NONE', 'WORKASPACE' ) );
#7524 = DIRECTION ( 'NONE',  ( -0.0000000000000000000, 0.0000000000000000000, 1.000000000000000000 ) ) ;
#7525 = MECHANICAL_DESIGN_GEOMETRIC_PRESENTATION_REPRESENTATION (  '', ( #5740 ), #8084 ) ;
#7526 = FILL_AREA_STYLE ('',( #8151 ) ) ;
#7527 = DIRECTION ( 'NONE',  ( 1.000000000000000000, 0.0000000000000000000, -0.0000000000000000000 ) ) ;
#7528 = DIMENSIONAL_EXPONENTS ( 1.000000000000000000, 0.0000000000000000000, 0.0000000000000000000, 0.0000000000000000000, 0.0000000000000000000, 0.0000000000000000000, 0.0000000000000000000 ) ;
#7529 =( NAMED_UNIT ( * ) SI_UNIT ( $, .STERADIAN. ) SOLID_ANGLE_UNIT ( ) );
#7530 = UNCERTAINTY_MEASURE_WITH_UNIT (LENGTH_MEASURE( 1.000000000000000100E-005 ), #6518, 'distance_accuracy_value', 'NONE');
#7531 = PLANE ( 'NONE',  #1480 ) ;
#7532 = AXIS2_PLACEMENT_3D ( 'NONE', #6660, #545, #7576 ) ;
#7533 = CARTESIAN_POINT ( 'NONE',  ( 0.0000000000000000000, 0.009842519685039369900, 0.0000000000000000000 ) ) ;
#7534 = CARTESIAN_POINT ( 'NONE',  ( -0.005118110236220475000, 0.009842519685039369900, -0.08661417322834641400 ) ) ;
#7535 =( CONVERSION_BASED_UNIT ( 'INCH', #1740 ) LENGTH_UNIT ( ) NAMED_UNIT ( #6731 ) );
#7536 = STYLED_ITEM ( 'NONE', ( #10658 ), #10334 ) ;
#7537 =( GEOMETRIC_REPRESENTATION_CONTEXT ( 3 ) GLOBAL_UNCERTAINTY_ASSIGNED_CONTEXT ( ( #10304 ) ) GLOBAL_UNIT_ASSIGNED_CONTEXT ( ( #7931, #1860, #5402 ) ) REPRESENTATION_CONTEXT ( 'NONE', 'WORKASPACE' ) );
#7538 = ORIENTED_EDGE ( 'NONE', *, *, #9157, .F. ) ;
#7539 =( GEOMETRIC_REPRESENTATION_CONTEXT ( 3 ) GLOBAL_UNCERTAINTY_ASSIGNED_CONTEXT ( ( #5399 ) ) GLOBAL_UNIT_ASSIGNED_CONTEXT ( ( #3560, #9707, #4458 ) ) REPRESENTATION_CONTEXT ( 'NONE', 'WORKASPACE' ) );
#7540 = MECHANICAL_DESIGN_GEOMETRIC_PRESENTATION_REPRESENTATION (  '', ( #6334 ), #8098 ) ;
#7541 = FACE_OUTER_BOUND ( 'NONE', #1695, .T. ) ;
#7542 = LINE ( 'NONE', #9603, #795 ) ;
#7543 = ADVANCED_FACE ( 'NONE', ( #9454 ), #10709, .F. ) ;
#7544 = CARTESIAN_POINT ( 'NONE',  ( -0.09055118110236218300, 0.009842519685039369900, 0.04606299212598428900 ) ) ;
#7545 = PRESENTATION_STYLE_ASSIGNMENT (( #1016 ) ) ;
#7546 = VERTEX_POINT ( 'NONE', #5501 ) ;
#7547 = CARTESIAN_POINT ( 'NONE',  ( -0.09055118110236221000, 0.0000000000000000000, 0.005118110236220508800 ) ) ;
#7548 = LINE ( 'NONE', #10652, #2849 ) ;
#7549 = DIMENSIONAL_EXPONENTS ( 1.000000000000000000, 0.0000000000000000000, 0.0000000000000000000, 0.0000000000000000000, 0.0000000000000000000, 0.0000000000000000000, 0.0000000000000000000 ) ;
#7550 =( NAMED_UNIT ( * ) SI_UNIT ( $, .STERADIAN. ) SOLID_ANGLE_UNIT ( ) );
#7551 = PRESENTATION_STYLE_ASSIGNMENT (( #5888 ) ) ;
#7552 =( CONVERSION_BASED_UNIT ( 'INCH', #8985 ) LENGTH_UNIT ( ) NAMED_UNIT ( #11169 ) );
#7553 = EDGE_CURVE ( 'NONE', #5548, #5427, #10479, .T. ) ;
#7554 = CARTESIAN_POINT ( 'NONE',  ( 0.05629921259842520000, -0.02046108103966344500, 0.08661417322834648300 ) ) ;
#7555 = DIMENSIONAL_EXPONENTS ( 1.000000000000000000, 0.0000000000000000000, 0.0000000000000000000, 0.0000000000000000000, 0.0000000000000000000, 0.0000000000000000000, 0.0000000000000000000 ) ;
#7556 =( NAMED_UNIT ( * ) SI_UNIT ( $, .STERADIAN. ) SOLID_ANGLE_UNIT ( ) );
#7557 = DIRECTION ( 'NONE',  ( 1.000000000000000000, -0.0000000000000000000, 1.204669080539449800E-016 ) ) ;
#7558 = EDGE_CURVE ( 'NONE', #2377, #7726, #8171, .T. ) ;
#7559 = LINE ( 'NONE', #2273, #806 ) ;
#7560 = VECTOR ( 'NONE', #5545, 39.37007874015748100 ) ;
#7561 =( GEOMETRIC_REPRESENTATION_CONTEXT ( 3 ) GLOBAL_UNCERTAINTY_ASSIGNED_CONTEXT ( ( #9460 ) ) GLOBAL_UNIT_ASSIGNED_CONTEXT ( ( #2, #6124, #876 ) ) REPRESENTATION_CONTEXT ( 'NONE', 'WORKASPACE' ) );
#7562 = DIMENSIONAL_EXPONENTS ( 1.000000000000000000, 0.0000000000000000000, 0.0000000000000000000, 0.0000000000000000000, 0.0000000000000000000, 0.0000000000000000000, 0.0000000000000000000 ) ;
#7563 = FILL_AREA_STYLE_COLOUR ( '', #1380 ) ;
#7564 = PLANE ( 'NONE',  #3807 ) ;
#7565 = DIMENSIONAL_EXPONENTS ( 1.000000000000000000, 0.0000000000000000000, 0.0000000000000000000, 0.0000000000000000000, 0.0000000000000000000, 0.0000000000000000000, 0.0000000000000000000 ) ;
#7566 = VECTOR ( 'NONE', #8881, 39.37007874015748100 ) ;
#7567 =( NAMED_UNIT ( * ) SI_UNIT ( $, .STERADIAN. ) SOLID_ANGLE_UNIT ( ) );
#7568 = DIRECTION ( 'NONE',  ( 0.0000000000000000000, -0.0000000000000000000, 1.000000000000000000 ) ) ;
#7569 =( CONVERSION_BASED_UNIT ( 'INCH', #1990 ) LENGTH_UNIT ( ) NAMED_UNIT ( #6278 ) );
#7570 = SURFACE_STYLE_FILL_AREA ( #7636 ) ;
#7571 = VECTOR ( 'NONE', #5847, 39.37007874015748100 ) ;
#7572 = CARTESIAN_POINT ( 'NONE',  ( -0.005118110236220473200, 0.009842519685039369900, 0.06889763779527562100 ) ) ;
#7573 = LINE ( 'NONE', #1559, #9875 ) ;
#7574 = LENGTH_MEASURE_WITH_UNIT ( LENGTH_MEASURE( 0.02539999999999999900 ), #2990 );
#7575 = ORIENTED_EDGE ( 'NONE', *, *, #4671, .T. ) ;
#7576 = DIRECTION ( 'NONE',  ( 0.0000000000000000000, -0.0000000000000000000, 1.000000000000000000 ) ) ;
#7577 =( GEOMETRIC_REPRESENTATION_CONTEXT ( 3 ) GLOBAL_UNCERTAINTY_ASSIGNED_CONTEXT ( ( #5747 ) ) GLOBAL_UNIT_ASSIGNED_CONTEXT ( ( #2210, #8356, #3112 ) ) REPRESENTATION_CONTEXT ( 'NONE', 'WORKASPACE' ) );
#7578 =( GEOMETRIC_REPRESENTATION_CONTEXT ( 3 ) GLOBAL_UNCERTAINTY_ASSIGNED_CONTEXT ( ( #7805 ) ) GLOBAL_UNIT_ASSIGNED_CONTEXT ( ( #5130, #5048, #5007 ) ) REPRESENTATION_CONTEXT ( 'NONE', 'WORKASPACE' ) );
#7579 = COLOUR_RGB ( '',0.9686274509803921600, 0.8784313725490196000, 0.5999999999999999800 ) ;
#7580 = COLOUR_RGB ( '',0.2509803921568627400, 0.2509803921568627400, 0.2509803921568627400 ) ;
#7581 = CARTESIAN_POINT ( 'NONE',  ( -0.07283464566929134800, 0.009842519685039369900, -0.005118110236220437700 ) ) ;
#7582 = VECTOR ( 'NONE', #7158, 39.37007874015748100 ) ;
#7583 =( LENGTH_UNIT ( ) NAMED_UNIT ( * ) SI_UNIT ( $, .METRE. ) );
#7584 = SURFACE_STYLE_FILL_AREA ( #6533 ) ;
#7585 =( LENGTH_UNIT ( ) NAMED_UNIT ( * ) SI_UNIT ( $, .METRE. ) );
#7586 = LINE ( 'NONE', #10402, #9625 ) ;
#7587 = EDGE_LOOP ( 'NONE', ( #4028, #11000, #3589, #7074 ) ) ;
#7588 = PLANE ( 'NONE',  #7012 ) ;
#7589 = PRESENTATION_LAYER_ASSIGNMENT (  '', '', ( #6992 ) ) ;
#7590 = DIRECTION ( 'NONE',  ( 0.0000000000000000000, 0.0000000000000000000, -1.000000000000000000 ) ) ;
#7591 =( NAMED_UNIT ( * ) PLANE_ANGLE_UNIT ( ) SI_UNIT ( $, .RADIAN. ) );
#7592 = FACE_OUTER_BOUND ( 'NONE', #10596, .T. ) ;
#7593 =( CONVERSION_BASED_UNIT ( 'INCH', #9375 ) LENGTH_UNIT ( ) NAMED_UNIT ( #9040 ) );
#7594 = ADVANCED_FACE ( 'NONE', ( #1449 ), #9056, .F. ) ;
#7595 = STYLED_ITEM ( 'NONE', ( #2885 ), #9870 ) ;
#7596 = SURFACE_SIDE_STYLE ('',( #6770 ) ) ;
#7597 =( GEOMETRIC_REPRESENTATION_CONTEXT ( 3 ) GLOBAL_UNCERTAINTY_ASSIGNED_CONTEXT ( ( #2999 ) ) GLOBAL_UNIT_ASSIGNED_CONTEXT ( ( #2846, #9155, #3890 ) ) REPRESENTATION_CONTEXT ( 'NONE', 'WORKASPACE' ) );
#7598 = VERTEX_POINT ( 'NONE', #5539 ) ;
#7599 = CARTESIAN_POINT ( 'NONE',  ( 0.09055118110236225200, 0.009842519685039369900, 0.05629921259842520600 ) ) ;
#7600 = ORIENTED_EDGE ( 'NONE', *, *, #7473, .T. ) ;
#7601 =( GEOMETRIC_REPRESENTATION_CONTEXT ( 3 ) GLOBAL_UNCERTAINTY_ASSIGNED_CONTEXT ( ( #10491 ) ) GLOBAL_UNIT_ASSIGNED_CONTEXT ( ( #5714, #447, #6591 ) ) REPRESENTATION_CONTEXT ( 'NONE', 'WORKASPACE' ) );
#7602 = CARTESIAN_POINT ( 'NONE',  ( 0.04606299212598425500, 0.009842519685039369900, 0.06889763779527562100 ) ) ;
#7603 = VECTOR ( 'NONE', #11210, 39.37007874015748100 ) ;
#7604 = PRESENTATION_STYLE_ASSIGNMENT (( #1766 ) ) ;
#7605 =( NAMED_UNIT ( * ) PLANE_ANGLE_UNIT ( ) SI_UNIT ( $, .RADIAN. ) );
#7606 =( NAMED_UNIT ( * ) SI_UNIT ( $, .STERADIAN. ) SOLID_ANGLE_UNIT ( ) );
#7607 = ORIENTED_EDGE ( 'NONE', *, *, #1505, .F. ) ;
#7608 = DIRECTION ( 'NONE',  ( -0.0000000000000000000, -1.000000000000000000, -0.0000000000000000000 ) ) ;
#7609 =( GEOMETRIC_REPRESENTATION_CONTEXT ( 3 ) GLOBAL_UNCERTAINTY_ASSIGNED_CONTEXT ( ( #8548 ) ) GLOBAL_UNIT_ASSIGNED_CONTEXT ( ( #7126, #2571, #5095 ) ) REPRESENTATION_CONTEXT ( 'NONE', 'WORKASPACE' ) );
#7610 = FILL_AREA_STYLE ('',( #505 ) ) ;
#7611 = ORIENTED_EDGE ( 'NONE', *, *, #7039, .T. ) ;
#7612 = ORIENTED_EDGE ( 'NONE', *, *, #1363, .F. ) ;
#7613 = CARTESIAN_POINT ( 'NONE',  ( -0.08543307086614174200, 0.1023622047244094500, -0.08149606299212595900 ) ) ;
#7614 = PRESENTATION_LAYER_ASSIGNMENT (  '', '', ( #7010 ) ) ;
#7615 = LINE ( 'NONE', #6068, #595 ) ;
#7616 = PRESENTATION_LAYER_ASSIGNMENT (  '', '', ( #6416 ) ) ;
#7617 = SURFACE_STYLE_FILL_AREA ( #5814 ) ;
#7618 = FACE_OUTER_BOUND ( 'NONE', #5187, .T. ) ;
#7619 = LINE ( 'NONE', #257, #599 ) ;
#7620 = ORIENTED_EDGE ( 'NONE', *, *, #2826, .T. ) ;
#7621 = COLOUR_RGB ( '',0.9686274509803921600, 0.8784313725490196000, 0.5999999999999999800 ) ;
#7622 = CARTESIAN_POINT ( 'NONE',  ( -0.04606299212598425500, -0.02046108103966344500, -0.06889763779527555100 ) ) ;
#7623 = EDGE_CURVE ( 'NONE', #3362, #8732, #4740, .T. ) ;
#7624 = VERTEX_POINT ( 'NONE', #9093 ) ;
#7625 = ORIENTED_EDGE ( 'NONE', *, *, #7499, .T. ) ;
#7626 = EDGE_CURVE ( 'NONE', #2103, #8159, #9410, .T. ) ;
#7627 = DIRECTION ( 'NONE',  ( -0.0000000000000000000, 1.000000000000000000, 0.0000000000000000000 ) ) ;
#7628 = VECTOR ( 'NONE', #6913, 39.37007874015748100 ) ;
#7629 = SURFACE_STYLE_USAGE ( .BOTH. , #7666 ) ;
#7630 =( GEOMETRIC_REPRESENTATION_CONTEXT ( 3 ) GLOBAL_UNCERTAINTY_ASSIGNED_CONTEXT ( ( #7096 ) ) GLOBAL_UNIT_ASSIGNED_CONTEXT ( ( #2002, #8131, #2868 ) ) REPRESENTATION_CONTEXT ( 'NONE', 'WORKASPACE' ) );
#7631 = FACE_OUTER_BOUND ( 'NONE', #11174, .T. ) ;
#7632 = FACE_OUTER_BOUND ( 'NONE', #10318, .T. ) ;
#7633 = ORIENTED_EDGE ( 'NONE', *, *, #4436, .T. ) ;
#7634 = DIRECTION ( 'NONE',  ( 0.0000000000000000000, -0.0000000000000000000, 1.000000000000000000 ) ) ;
#7635 = LINE ( 'NONE', #5838, #883 ) ;
#7636 = FILL_AREA_STYLE ('',( #11064 ) ) ;
#7637 = CARTESIAN_POINT ( 'NONE',  ( 0.0000000000000000000, 0.0000000000000000000, 0.08661417322834648300 ) ) ;
#7638 = FILL_AREA_STYLE ('',( #6740 ) ) ;
#7639 = VERTEX_POINT ( 'NONE', #356 ) ;
#7640 = FILL_AREA_STYLE_COLOUR ( '', #1004 ) ;
#7641 = DIRECTION ( 'NONE',  ( 1.000000000000000000, -0.0000000000000000000, 0.0000000000000000000 ) ) ;
#7642 = PRESENTATION_STYLE_ASSIGNMENT (( #6237 ) ) ;
#7643 = LINE ( 'NONE', #2422, #9674 ) ;
#7644 = EDGE_CURVE ( 'NONE', #11035, #1273, #9129, .T. ) ;
#7645 = ORIENTED_EDGE ( 'NONE', *, *, #5400, .T. ) ;
#7646 = VECTOR ( 'NONE', #7775, 39.37007874015748100 ) ;
#7647 = VERTEX_POINT ( 'NONE', #2111 ) ;
#7649 = EDGE_CURVE ( 'NONE', #6273, #6764, #80, .T. ) ;
#7648 = LENGTH_MEASURE_WITH_UNIT ( LENGTH_MEASURE( 0.02539999999999999900 ), #10788 );
#7650 =( LENGTH_UNIT ( ) NAMED_UNIT ( * ) SI_UNIT ( $, .METRE. ) );
#7651 = FILL_AREA_STYLE ('',( #11075 ) ) ;
#7652 = AXIS2_PLACEMENT_3D ( 'NONE', #4788, #10895, #5677 ) ;
#7653 =( CONVERSION_BASED_UNIT ( 'INCH', #5643 ) LENGTH_UNIT ( ) NAMED_UNIT ( #9492 ) );
#7654 =( NAMED_UNIT ( * ) PLANE_ANGLE_UNIT ( ) SI_UNIT ( $, .RADIAN. ) );
#7655 = ORIENTED_EDGE ( 'NONE', *, *, #10529, .F. ) ;
#7656 = COLOUR_RGB ( '',0.9686274509803921600, 0.8784313725490196000, 0.5999999999999999800 ) ;
#7657 = ORIENTED_EDGE ( 'NONE', *, *, #908, .F. ) ;
#7658 = ORIENTED_EDGE ( 'NONE', *, *, #4746, .T. ) ;
#7659 =( LENGTH_UNIT ( ) NAMED_UNIT ( * ) SI_UNIT ( $, .METRE. ) );
#7660 = ADVANCED_FACE ( 'NONE', ( #6535 ), #4759, .F. ) ;
#7661 = CARTESIAN_POINT ( 'NONE',  ( 0.07283464566929139000, 0.009842519685039369900, 0.05629921259842522000 ) ) ;
#7662 = PRESENTATION_STYLE_ASSIGNMENT (( #3431 ) ) ;
#7663 = ORIENTED_EDGE ( 'NONE', *, *, #8568, .T. ) ;
#7664 = DIMENSIONAL_EXPONENTS ( 1.000000000000000000, 0.0000000000000000000, 0.0000000000000000000, 0.0000000000000000000, 0.0000000000000000000, 0.0000000000000000000, 0.0000000000000000000 ) ;
#7665 = CARTESIAN_POINT ( 'NONE',  ( -0.09055118110236222400, 0.009842519685039369900, -0.04606299212598422000 ) ) ;
#7666 = SURFACE_SIDE_STYLE ('',( #2522 ) ) ;
#7667 = PRESENTATION_LAYER_ASSIGNMENT (  '', '', ( #7070 ) ) ;
#7668 = DIRECTION ( 'NONE',  ( 0.0000000000000000000, 0.0000000000000000000, -1.000000000000000000 ) ) ;
#7669 = CARTESIAN_POINT ( 'NONE',  ( 0.05629921259842520000, 0.009842519685039369900, -0.06889763779527555100 ) ) ;
#7670 = STYLED_ITEM ( 'NONE', ( #3067 ), #4554 ) ;
#7671 = DIMENSIONAL_EXPONENTS ( 1.000000000000000000, 0.0000000000000000000, 0.0000000000000000000, 0.0000000000000000000, 0.0000000000000000000, 0.0000000000000000000, 0.0000000000000000000 ) ;
#7672 = CARTESIAN_POINT ( 'NONE',  ( 0.07283464566929137600, 0.0000000000000000000, -0.05629921259842520000 ) ) ;
#7673 = SURFACE_STYLE_USAGE ( .BOTH. , #1498 ) ;
#7674 =( NAMED_UNIT ( * ) SI_UNIT ( $, .STERADIAN. ) SOLID_ANGLE_UNIT ( ) );
#7675 =( NAMED_UNIT ( * ) PLANE_ANGLE_UNIT ( ) SI_UNIT ( $, .RADIAN. ) );
#7676 = CARTESIAN_POINT ( 'NONE',  ( 0.05629921259842520000, 0.009842519685039369900, 0.06889763779527562100 ) ) ;
#7677 = SURFACE_STYLE_FILL_AREA ( #5541 ) ;
#7678 = ORIENTED_EDGE ( 'NONE', *, *, #2679, .F. ) ;
#7679 = STYLED_ITEM ( 'NONE', ( #3040 ), #1471 ) ;
#7680 =( NAMED_UNIT ( * ) SI_UNIT ( $, .STERADIAN. ) SOLID_ANGLE_UNIT ( ) );
#7681 = DIMENSIONAL_EXPONENTS ( 1.000000000000000000, 0.0000000000000000000, 0.0000000000000000000, 0.0000000000000000000, 0.0000000000000000000, 0.0000000000000000000, 0.0000000000000000000 ) ;
#7682 = CARTESIAN_POINT ( 'NONE',  ( -0.09055118110236222400, 0.0000000000000000000, -0.04606299212598422000 ) ) ;
#7683 = PRESENTATION_LAYER_ASSIGNMENT (  '', '', ( #6493 ) ) ;
#7684 =( CONVERSION_BASED_UNIT ( 'INCH', #4813 ) LENGTH_UNIT ( ) NAMED_UNIT ( #9713 ) );
#7685 = CARTESIAN_POINT ( 'NONE',  ( 0.09251968503937010900, 0.0000000000000000000, -0.08858267716535429800 ) ) ;
#7686 = DIRECTION ( 'NONE',  ( -0.04987546680538122700, -0.9975093361076329300, 0.04987546680538258000 ) ) ;
#7687 = SURFACE_STYLE_FILL_AREA ( #2419 ) ;
#7688 = STYLED_ITEM ( 'NONE', ( #4654 ), #7489 ) ;
#7689 = DIRECTION ( 'NONE',  ( 0.0000000000000000000, 1.000000000000000000, 0.0000000000000000000 ) ) ;
#7690 = VECTOR ( 'NONE', #5346, 39.37007874015748100 ) ;
#7691 = SURFACE_STYLE_USAGE ( .BOTH. , #1522 ) ;
#7692 = FACE_OUTER_BOUND ( 'NONE', #1738, .T. ) ;
#7693 = SURFACE_STYLE_USAGE ( .BOTH. , #4955 ) ;
#7694 =( NAMED_UNIT ( * ) PLANE_ANGLE_UNIT ( ) SI_UNIT ( $, .RADIAN. ) );
#7695 = FACE_OUTER_BOUND ( 'NONE', #1185, .T. ) ;
#7696 = SURFACE_STYLE_FILL_AREA ( #2807 ) ;
#7697 = PLANE ( 'NONE',  #8016 ) ;
#7698 = DIRECTION ( 'NONE',  ( 1.204669080539449800E-016, -0.0000000000000000000, 1.000000000000000000 ) ) ;
#7699 = EDGE_CURVE ( 'NONE', #6664, #1279, #3364, .T. ) ;
#7700 = FILL_AREA_STYLE_COLOUR ( '', #935 ) ;
#7701 = LENGTH_MEASURE_WITH_UNIT ( LENGTH_MEASURE( 0.02539999999999999900 ), #7833 );
#7702 = DIRECTION ( 'NONE',  ( 1.000000000000000000, 0.0000000000000000000, -0.0000000000000000000 ) ) ;
#7703 = SURFACE_SIDE_STYLE ('',( #867 ) ) ;
#7704 = EDGE_CURVE ( 'NONE', #10597, #2138, #1039, .T. ) ;
#7705 =( NAMED_UNIT ( * ) SI_UNIT ( $, .STERADIAN. ) SOLID_ANGLE_UNIT ( ) );
#7706 =( NAMED_UNIT ( * ) PLANE_ANGLE_UNIT ( ) SI_UNIT ( $, .RADIAN. ) );
#7707 = AXIS2_PLACEMENT_3D ( 'NONE', #10845, #5632, #376 ) ;
#7708 = DIRECTION ( 'NONE',  ( 1.000000000000000000, -0.0000000000000000000, 2.409338161078899700E-016 ) ) ;
#7709 = ORIENTED_EDGE ( 'NONE', *, *, #7201, .T. ) ;
#7710 = COLOUR_RGB ( '',0.9686274509803921600, 0.8784313725490196000, 0.5999999999999999800 ) ;
#7711 = DIRECTION ( 'NONE',  ( 0.0000000000000000000, -1.000000000000000000, 0.0000000000000000000 ) ) ;
#7712 = CARTESIAN_POINT ( 'NONE',  ( -0.005118110236220473200, -0.02046108103966344500, 0.06889763779527562100 ) ) ;
#7713 =( LENGTH_UNIT ( ) NAMED_UNIT ( * ) SI_UNIT ( $, .METRE. ) );
#7714 = VECTOR ( 'NONE', #2227, 39.37007874015748100 ) ;
#7715 = DIRECTION ( 'NONE',  ( 1.668003342285391100E-015, -0.0000000000000000000, 1.000000000000000000 ) ) ;
#7716 = UNCERTAINTY_MEASURE_WITH_UNIT (LENGTH_MEASURE( 1.000000000000000100E-005 ), #1264, 'distance_accuracy_value', 'NONE');
#7717 =( CONVERSION_BASED_UNIT ( 'INCH', #10073 ) LENGTH_UNIT ( ) NAMED_UNIT ( #4549 ) );
#7718 = ORIENTED_EDGE ( 'NONE', *, *, #717, .T. ) ;
#7719 = COLOUR_RGB ( '',0.9686274509803921600, 0.8784313725490196000, 0.5999999999999999800 ) ;
#7720 = MECHANICAL_DESIGN_GEOMETRIC_PRESENTATION_REPRESENTATION (  '', ( #5936 ), #8294 ) ;
#7721 = DIRECTION ( 'NONE',  ( 0.0000000000000000000, -0.0000000000000000000, 1.000000000000000000 ) ) ;
#7722 = LINE ( 'NONE', #4582, #9483 ) ;
#7723 = COLOUR_RGB ( '',0.2509803921568627400, 0.2509803921568627400, 0.2509803921568627400 ) ;
#7724 = SURFACE_STYLE_FILL_AREA ( #8948 ) ;
#7725 = COLOUR_RGB ( '',0.2509803921568627400, 0.2509803921568627400, 0.2509803921568627400 ) ;
#7726 = VERTEX_POINT ( 'NONE', #8331 ) ;
#7727 = MECHANICAL_DESIGN_GEOMETRIC_PRESENTATION_REPRESENTATION (  '', ( #5942 ), #8304 ) ;
#7728 = ORIENTED_EDGE ( 'NONE', *, *, #9362, .T. ) ;
#7729 = AXIS2_PLACEMENT_3D ( 'NONE', #10642, #7511, #8840 ) ;
#7730 = COLOUR_RGB ( '',0.9686274509803921600, 0.8784313725490196000, 0.5999999999999999800 ) ;
#7731 = CARTESIAN_POINT ( 'NONE',  ( -0.07283464566929134800, 0.0000000000000000000, -0.005118110236220437700 ) ) ;
#7732 = PRESENTATION_STYLE_ASSIGNMENT (( #645 ) ) ;
#7733 =( CONVERSION_BASED_UNIT ( 'INCH', #222 ) LENGTH_UNIT ( ) NAMED_UNIT ( #9370 ) );
#7734 = ADVANCED_FACE ( 'NONE', ( #3094 ), #10862, .F. ) ;
#7735 = EDGE_LOOP ( 'NONE', ( #10230, #5678, #10690, #7508 ) ) ;
#7736 =( GEOMETRIC_REPRESENTATION_CONTEXT ( 3 ) GLOBAL_UNCERTAINTY_ASSIGNED_CONTEXT ( ( #3762 ) ) GLOBAL_UNIT_ASSIGNED_CONTEXT ( ( #8515, #8480, #8444 ) ) REPRESENTATION_CONTEXT ( 'NONE', 'WORKASPACE' ) );
#7737 = CARTESIAN_POINT ( 'NONE',  ( -0.07874015748031496000, 0.009842519685039369900, -0.07480314960629917700 ) ) ;
#7738 = VERTEX_POINT ( 'NONE', #3079 ) ;
#7739 = DIRECTION ( 'NONE',  ( 0.0000000000000000000, -0.0000000000000000000, 1.000000000000000000 ) ) ;
#7740 =( CONVERSION_BASED_UNIT ( 'INCH', #1683 ) LENGTH_UNIT ( ) NAMED_UNIT ( #6958 ) );
#7741 = VECTOR ( 'NONE', #8533, 39.37007874015748100 ) ;
#7742 =( NAMED_UNIT ( * ) PLANE_ANGLE_UNIT ( ) SI_UNIT ( $, .RADIAN. ) );
#7743 = DIRECTION ( 'NONE',  ( 0.0000000000000000000, -0.0000000000000000000, -1.000000000000000000 ) ) ;
#7744 = MECHANICAL_DESIGN_GEOMETRIC_PRESENTATION_REPRESENTATION (  '', ( #5965 ), #8324 ) ;
#7745 = EDGE_LOOP ( 'NONE', ( #6798, #9943, #9480, #2943 ) ) ;
#7746 = MECHANICAL_DESIGN_GEOMETRIC_PRESENTATION_REPRESENTATION (  '', ( #5969 ), #8325 ) ;
#7747 = VERTEX_POINT ( 'NONE', #3118 ) ;
#7748 =( NAMED_UNIT ( * ) PLANE_ANGLE_UNIT ( ) SI_UNIT ( $, .RADIAN. ) );
#7749 = ORIENTED_EDGE ( 'NONE', *, *, #4295, .F. ) ;
#7750 = STYLED_ITEM ( 'NONE', ( #429 ), #7080 ) ;
#7751 = LENGTH_MEASURE_WITH_UNIT ( LENGTH_MEASURE( 0.02539999999999999900 ), #9267 );
#7752 = FILL_AREA_STYLE_COLOUR ( '', #966 ) ;
#7753 = SURFACE_STYLE_USAGE ( .BOTH. , #7794 ) ;
#7754 = COLOUR_RGB ( '',0.2509803921568627400, 0.2509803921568627400, 0.2509803921568627400 ) ;
#7755 = PRESENTATION_STYLE_ASSIGNMENT (( #554 ) ) ;
#7756 = VECTOR ( 'NONE', #1037, 39.37007874015748100 ) ;
#7757 = SURFACE_STYLE_USAGE ( .BOTH. , #1603 ) ;
#7758 = LENGTH_MEASURE_WITH_UNIT ( LENGTH_MEASURE( 0.02539999999999999900 ), #3522 );
#7759 = ORIENTED_EDGE ( 'NONE', *, *, #393, .T. ) ;
#7760 = DIRECTION ( 'NONE',  ( 0.0000000000000000000, 1.000000000000000000, 0.0000000000000000000 ) ) ;
#7761 = DIRECTION ( 'NONE',  ( 1.000000000000000000, 0.0000000000000000000, -0.0000000000000000000 ) ) ;
#7762 = AXIS2_PLACEMENT_3D ( 'NONE', #8751, #3488, #9629 ) ;
#7763 = VERTEX_POINT ( 'NONE', #5686 ) ;
#7764 = EDGE_LOOP ( 'NONE', ( #475, #7037, #9825, #798 ) ) ;
#7765 =( NAMED_UNIT ( * ) PLANE_ANGLE_UNIT ( ) SI_UNIT ( $, .RADIAN. ) );
#7766 = ORIENTED_EDGE ( 'NONE', *, *, #2750, .F. ) ;
#7767 = LENGTH_MEASURE_WITH_UNIT ( LENGTH_MEASURE( 0.02539999999999999900 ), #5317 );
#7768 = VERTEX_POINT ( 'NONE', #8361 ) ;
#7769 = EDGE_CURVE ( 'NONE', #4066, #4034, #4322, .T. ) ;
#7770 = SURFACE_STYLE_FILL_AREA ( #9209 ) ;
#7771 =( NAMED_UNIT ( * ) SI_UNIT ( $, .STERADIAN. ) SOLID_ANGLE_UNIT ( ) );
#7772 = EDGE_CURVE ( 'NONE', #4571, #4421, #11282, .T. ) ;
#7773 = ORIENTED_EDGE ( 'NONE', *, *, #2838, .F. ) ;
#7774 = AXIS2_PLACEMENT_3D ( 'NONE', #10303, #5072, #11170 ) ;
#7775 = DIRECTION ( 'NONE',  ( -1.000000000000000000, -0.0000000000000000000, 0.0000000000000000000 ) ) ;
#7776 = SURFACE_STYLE_FILL_AREA ( #329 ) ;
#7777 = EDGE_LOOP ( 'NONE', ( #4334, #6915, #767, #5144 ) ) ;
#7778 = CARTESIAN_POINT ( 'NONE',  ( -0.09251968503937008100, 0.0000000000000000000, 0.0000000000000000000 ) ) ;
#7779 = LINE ( 'NONE', #3276, #5450 ) ;
#7780 = ORIENTED_EDGE ( 'NONE', *, *, #3073, .T. ) ;
#7781 = CARTESIAN_POINT ( 'NONE',  ( 0.09055118110236223800, 0.009842519685039369900, 0.005118110236220474100 ) ) ;
#7782 = FILL_AREA_STYLE ('',( #5089 ) ) ;
#7783 = CARTESIAN_POINT ( 'NONE',  ( -0.07283464566929134800, 0.0000000000000000000, -0.04606299212598422000 ) ) ;
#7784 = CARTESIAN_POINT ( 'NONE',  ( 0.07283464566929139000, -0.02046108103966344500, 0.04606299212598425500 ) ) ;
#7785 = CARTESIAN_POINT ( 'NONE',  ( -0.005118110236220475000, 0.009842519685039369900, 0.08661417322834648300 ) ) ;
#7786 = DIRECTION ( 'NONE',  ( 0.0000000000000000000, -1.000000000000000000, 0.0000000000000000000 ) ) ;
#7787 =( GEOMETRIC_REPRESENTATION_CONTEXT ( 3 ) GLOBAL_UNCERTAINTY_ASSIGNED_CONTEXT ( ( #8660 ) ) GLOBAL_UNIT_ASSIGNED_CONTEXT ( ( #10734, #10656, #10623 ) ) REPRESENTATION_CONTEXT ( 'NONE', 'WORKASPACE' ) );
#7788 = DIMENSIONAL_EXPONENTS ( 1.000000000000000000, 0.0000000000000000000, 0.0000000000000000000, 0.0000000000000000000, 0.0000000000000000000, 0.0000000000000000000, 0.0000000000000000000 ) ;
#7789 = VERTEX_POINT ( 'NONE', #7544 ) ;
#7790 = EDGE_CURVE ( 'NONE', #9109, #6475, #6376, .T. ) ;
#7791 =( GEOMETRIC_REPRESENTATION_CONTEXT ( 3 ) GLOBAL_UNCERTAINTY_ASSIGNED_CONTEXT ( ( #10373 ) ) GLOBAL_UNIT_ASSIGNED_CONTEXT ( ( #3405, #9554, #4287 ) ) REPRESENTATION_CONTEXT ( 'NONE', 'WORKASPACE' ) );
#7792 = DIMENSIONAL_EXPONENTS ( 1.000000000000000000, 0.0000000000000000000, 0.0000000000000000000, 0.0000000000000000000, 0.0000000000000000000, 0.0000000000000000000, 0.0000000000000000000 ) ;
#7793 =( LENGTH_UNIT ( ) NAMED_UNIT ( * ) SI_UNIT ( $, .METRE. ) );
#7794 = SURFACE_SIDE_STYLE ('',( #9747 ) ) ;
#7795 = UNCERTAINTY_MEASURE_WITH_UNIT (LENGTH_MEASURE( 1.000000000000000100E-005 ), #2747, 'distance_accuracy_value', 'NONE');
#7796 = SURFACE_SIDE_STYLE ('',( #10736 ) ) ;
#7797 = ADVANCED_FACE ( 'NONE', ( #8717 ), #511, .F. ) ;
#7798 = UNCERTAINTY_MEASURE_WITH_UNIT (LENGTH_MEASURE( 1.000000000000000100E-005 ), #10028, 'distance_accuracy_value', 'NONE');
#7800 = COLOUR_RGB ( '',0.9686274509803921600, 0.8784313725490196000, 0.5999999999999999800 ) ;
#7799 = CARTESIAN_POINT ( 'NONE',  ( 0.02047244094488188900, 0.0000000000000000000, 0.06889763779527562100 ) ) ;
#7801 = MECHANICAL_DESIGN_GEOMETRIC_PRESENTATION_REPRESENTATION (  '', ( #6012 ), #8365 ) ;
#7802 = LINE ( 'NONE', #2730, #1067 ) ;
#7803 = LENGTH_MEASURE_WITH_UNIT ( LENGTH_MEASURE( 0.02539999999999999900 ), #8077 );
#7804 =( NAMED_UNIT ( * ) SI_UNIT ( $, .STERADIAN. ) SOLID_ANGLE_UNIT ( ) );
#7805 = UNCERTAINTY_MEASURE_WITH_UNIT (LENGTH_MEASURE( 1.000000000000000100E-005 ), #5130, 'distance_accuracy_value', 'NONE');
#7806 = CARTESIAN_POINT ( 'NONE',  ( -0.02047244094488188900, -0.02046108103966344500, -0.06889763779527555100 ) ) ;
#7807 = ORIENTED_EDGE ( 'NONE', *, *, #7849, .F. ) ;
#7808 = COLOUR_RGB ( '',0.2509803921568627400, 0.2509803921568627400, 0.2509803921568627400 ) ;
#7809 = PRESENTATION_LAYER_ASSIGNMENT (  '', '', ( #6626 ) ) ;
#7810 = FILL_AREA_STYLE ('',( #4229 ) ) ;
#7811 =( CONVERSION_BASED_UNIT ( 'INCH', #5842 ) LENGTH_UNIT ( ) NAMED_UNIT ( #5008 ) );
#7812 =( GEOMETRIC_REPRESENTATION_CONTEXT ( 3 ) GLOBAL_UNCERTAINTY_ASSIGNED_CONTEXT ( ( #739 ) ) GLOBAL_UNIT_ASSIGNED_CONTEXT ( ( #1219, #6531, #5064 ) ) REPRESENTATION_CONTEXT ( 'NONE', 'WORKASPACE' ) );
#7813 = LINE ( 'NONE', #3127, #5479 ) ;
#7814 =( NAMED_UNIT ( * ) SI_UNIT ( $, .STERADIAN. ) SOLID_ANGLE_UNIT ( ) );
#7815 = VERTEX_POINT ( 'NONE', #9289 ) ;
#7816 = MECHANICAL_DESIGN_GEOMETRIC_PRESENTATION_REPRESENTATION (  '', ( #6020 ), #8384 ) ;
#7817 =( LENGTH_UNIT ( ) NAMED_UNIT ( * ) SI_UNIT ( $, .METRE. ) );
#7818 = PLANE ( 'NONE',  #375 ) ;
#7819 = MECHANICAL_DESIGN_GEOMETRIC_PRESENTATION_REPRESENTATION (  '', ( #6025 ), #8389 ) ;
#7820 = DIRECTION ( 'NONE',  ( 0.0000000000000000000, 0.0000000000000000000, 1.000000000000000000 ) ) ;
#7822 = SURFACE_STYLE_USAGE ( .BOTH. , #7852 ) ;
#7821 =( NAMED_UNIT ( * ) PLANE_ANGLE_UNIT ( ) SI_UNIT ( $, .RADIAN. ) );
#7823 = CARTESIAN_POINT ( 'NONE',  ( 0.0000000000000000000, 0.009842519685039369900, 0.0000000000000000000 ) ) ;
#7824 = MECHANICAL_DESIGN_GEOMETRIC_PRESENTATION_REPRESENTATION (  '', ( #6030 ), #8392 ) ;
#7825 = CARTESIAN_POINT ( 'NONE',  ( 0.0000000000000000000, 0.004319908889194423700, 0.08639817778388683700 ) ) ;
#7826 = FILL_AREA_STYLE ('',( #1709 ) ) ;
#7827 = PRESENTATION_LAYER_ASSIGNMENT (  '', '', ( #6653 ) ) ;
#7828 = LINE ( 'NONE', #9889, #807 ) ;
#7829 = UNCERTAINTY_MEASURE_WITH_UNIT (LENGTH_MEASURE( 1.000000000000000100E-005 ), #107, 'distance_accuracy_value', 'NONE');
#7830 = AXIS2_PLACEMENT_3D ( 'NONE', #10041, #10008, #9976 ) ;
#7831 = LENGTH_MEASURE_WITH_UNIT ( LENGTH_MEASURE( 0.02539999999999999900 ), #6340 );
#7832 = FACE_OUTER_BOUND ( 'NONE', #2928, .T. ) ;
#7833 =( LENGTH_UNIT ( ) NAMED_UNIT ( * ) SI_UNIT ( $, .METRE. ) );
#7834 = EDGE_CURVE ( 'NONE', #1995, #10437, #9941, .T. ) ;
#7835 =( NAMED_UNIT ( * ) SI_UNIT ( $, .STERADIAN. ) SOLID_ANGLE_UNIT ( ) );
#7836 = EDGE_CURVE ( 'NONE', #8593, #9900, #7635, .T. ) ;
#7837 = LINE ( 'NONE', #10394, #1099 ) ;
#7838 = SURFACE_STYLE_USAGE ( .BOTH. , #1676 ) ;
#7839 = VECTOR ( 'NONE', #10526, 39.37007874015748100 ) ;
#7840 = LENGTH_MEASURE_WITH_UNIT ( LENGTH_MEASURE( 0.02539999999999999900 ), #8059 );
#7841 = VECTOR ( 'NONE', #594, 39.37007874015748100 ) ;
#7842 = VECTOR ( 'NONE', #10979, 39.37007874015748100 ) ;
#7843 = LENGTH_MEASURE_WITH_UNIT ( LENGTH_MEASURE( 0.02539999999999999900 ), #8761 );
#7844 = DIRECTION ( 'NONE',  ( 0.0000000000000000000, -0.0000000000000000000, 1.000000000000000000 ) ) ;
#7845 = ADVANCED_FACE ( 'NONE', ( #7358 ), #6728, .F. ) ;
#7846 = EDGE_CURVE ( 'NONE', #8886, #4744, #10867, .T. ) ;
#7847 = ORIENTED_EDGE ( 'NONE', *, *, #11025, .F. ) ;
#7848 = FILL_AREA_STYLE_COLOUR ( '', #1957 ) ;
#7849 = EDGE_CURVE ( 'NONE', #11040, #7383, #6524, .T. ) ;
#7850 = FACE_OUTER_BOUND ( 'NONE', #8411, .T. ) ;
#7852 = SURFACE_SIDE_STYLE ('',( #6654 ) ) ;
#7851 = CARTESIAN_POINT ( 'NONE',  ( 0.07283464566929139000, 0.0000000000000000000, 0.0000000000000000000 ) ) ;
#7853 = STYLED_ITEM ( 'NONE', ( #5388 ), #8597 ) ;
#7854 = LENGTH_MEASURE_WITH_UNIT ( LENGTH_MEASURE( 0.02539999999999999900 ), #4057 );
#7855 = VECTOR ( 'NONE', #4837, 39.37007874015748100 ) ;
#7856 = LINE ( 'NONE', #8203, #838 ) ;
#7857 = ORIENTED_EDGE ( 'NONE', *, *, #6574, .T. ) ;
#7858 = DIRECTION ( 'NONE',  ( 0.0000000000000000000, 0.0000000000000000000, 1.000000000000000000 ) ) ;
#7859 = COLOUR_RGB ( '',0.2509803921568627400, 0.2509803921568627400, 0.2509803921568627400 ) ;
#7860 = CARTESIAN_POINT ( 'NONE',  ( -0.03070866141732283800, 0.009842519685039369900, -0.06889763779527555100 ) ) ;
#7861 = LENGTH_MEASURE_WITH_UNIT ( LENGTH_MEASURE( 0.02539999999999999900 ), #10716 );
#7862 = UNCERTAINTY_MEASURE_WITH_UNIT (LENGTH_MEASURE( 1.000000000000000100E-005 ), #5394, 'distance_accuracy_value', 'NONE');
#7863 = VECTOR ( 'NONE', #6839, 39.37007874015748100 ) ;
#7864 =( CONVERSION_BASED_UNIT ( 'INCH', #6790 ) LENGTH_UNIT ( ) NAMED_UNIT ( #2821 ) );
#7865 = PRESENTATION_STYLE_ASSIGNMENT (( #3684 ) ) ;
#7866 = ORIENTED_EDGE ( 'NONE', *, *, #9810, .F. ) ;
#7867 = ORIENTED_EDGE ( 'NONE', *, *, #4365, .F. ) ;
#7868 = PRESENTATION_LAYER_ASSIGNMENT (  '', '', ( #6698 ) ) ;
#7869 = DIMENSIONAL_EXPONENTS ( 1.000000000000000000, 0.0000000000000000000, 0.0000000000000000000, 0.0000000000000000000, 0.0000000000000000000, 0.0000000000000000000, 0.0000000000000000000 ) ;
#7870 = LINE ( 'NONE', #8615, #10183 ) ;
#7871 = LINE ( 'NONE', #2597, #1132 ) ;
#7872 = SURFACE_SIDE_STYLE ('',( #561 ) ) ;
#7873 = EDGE_LOOP ( 'NONE', ( #360, #2356, #2619, #11017 ) ) ;
#7874 =( GEOMETRIC_REPRESENTATION_CONTEXT ( 3 ) GLOBAL_UNCERTAINTY_ASSIGNED_CONTEXT ( ( #9731 ) ) GLOBAL_UNIT_ASSIGNED_CONTEXT ( ( #3714, #3646, #3598 ) ) REPRESENTATION_CONTEXT ( 'NONE', 'WORKASPACE' ) );
#7875 = ORIENTED_EDGE ( 'NONE', *, *, #204, .T. ) ;
#7876 = EDGE_LOOP ( 'NONE', ( #3510, #10455, #9926, #7625 ) ) ;
#7877 =( NAMED_UNIT ( * ) SI_UNIT ( $, .STERADIAN. ) SOLID_ANGLE_UNIT ( ) );
#7878 = LINE ( 'NONE', #8495, #3471 ) ;
#7879 = LINE ( 'NONE', #5775, #866 ) ;
#7880 = LENGTH_MEASURE_WITH_UNIT ( LENGTH_MEASURE( 0.02539999999999999900 ), #8028 );
#7881 = VERTEX_POINT ( 'NONE', #2376 ) ;
#7882 = MECHANICAL_DESIGN_GEOMETRIC_PRESENTATION_REPRESENTATION (  '', ( #6104 ), #8462 ) ;
#7883 = DIRECTION ( 'NONE',  ( -1.000000000000000000, -0.0000000000000000000, 0.0000000000000000000 ) ) ;
#7884 =( NAMED_UNIT ( * ) SI_UNIT ( $, .STERADIAN. ) SOLID_ANGLE_UNIT ( ) );
#7885 = VERTEX_POINT ( 'NONE', #9401 ) ;
#7886 = DIRECTION ( 'NONE',  ( 0.0000000000000000000, -0.9987523388778445400, -0.04993761694389235000 ) ) ;
#7887 = EDGE_LOOP ( 'NONE', ( #6349, #3662, #4906, #7866 ) ) ;
#7888 = DIRECTION ( 'NONE',  ( 0.0000000000000000000, 1.000000000000000000, 0.0000000000000000000 ) ) ;
#7889 = CARTESIAN_POINT ( 'NONE',  ( -0.05629921259842520600, 0.009842519685039369900, -0.08661417322834641400 ) ) ;
#7890 =( GEOMETRIC_REPRESENTATION_CONTEXT ( 3 ) GLOBAL_UNCERTAINTY_ASSIGNED_CONTEXT ( ( #5339 ) ) GLOBAL_UNIT_ASSIGNED_CONTEXT ( ( #6034, #791, #6946 ) ) REPRESENTATION_CONTEXT ( 'NONE', 'WORKASPACE' ) );
#7891 =( NAMED_UNIT ( * ) SI_UNIT ( $, .STERADIAN. ) SOLID_ANGLE_UNIT ( ) );
#7892 = AXIS2_PLACEMENT_3D ( 'NONE', #5789, #5728, #5680 ) ;
#7893 = EDGE_LOOP ( 'NONE', ( #4063, #575, #9013, #9784 ) ) ;
#7894 = DIMENSIONAL_EXPONENTS ( 1.000000000000000000, 0.0000000000000000000, 0.0000000000000000000, 0.0000000000000000000, 0.0000000000000000000, 0.0000000000000000000, 0.0000000000000000000 ) ;
#7895 = PRESENTATION_LAYER_ASSIGNMENT (  '', '', ( #6723 ) ) ;
#7896 = LINE ( 'NONE', #442, #5562 ) ;
#7897 = LINE ( 'NONE', #9658, #880 ) ;
#7898 = LENGTH_MEASURE_WITH_UNIT ( LENGTH_MEASURE( 0.02539999999999999900 ), #3413 );
#7899 = VERTEX_POINT ( 'NONE', #11129 ) ;
#7900 = CARTESIAN_POINT ( 'NONE',  ( 0.04606299212598424800, 0.009842519685039369900, 0.08661417322834648300 ) ) ;
#7901 =( LENGTH_UNIT ( ) NAMED_UNIT ( * ) SI_UNIT ( $, .METRE. ) );
#7902 = UNCERTAINTY_MEASURE_WITH_UNIT (LENGTH_MEASURE( 1.000000000000000100E-005 ), #2308, 'distance_accuracy_value', 'NONE');
#7903 = DIMENSIONAL_EXPONENTS ( 1.000000000000000000, 0.0000000000000000000, 0.0000000000000000000, 0.0000000000000000000, 0.0000000000000000000, 0.0000000000000000000, 0.0000000000000000000 ) ;
#7904 = ORIENTED_EDGE ( 'NONE', *, *, #1344, .F. ) ;
#7905 = CARTESIAN_POINT ( 'NONE',  ( 0.07283464566929137600, 0.0000000000000000000, -0.03070866141732283800 ) ) ;
#7906 = ADVANCED_FACE ( 'NONE', ( #1566 ), #5035, .F. ) ;
#7907 = ORIENTED_EDGE ( 'NONE', *, *, #563, .F. ) ;
#7908 = DIRECTION ( 'NONE',  ( -1.000000000000000000, 0.0000000000000000000, -4.818676322157799300E-016 ) ) ;
#7909 = ORIENTED_EDGE ( 'NONE', *, *, #10175, .T. ) ;
#7910 = DIRECTION ( 'NONE',  ( 0.0000000000000000000, 0.0000000000000000000, -1.000000000000000000 ) ) ;
#7911 = CARTESIAN_POINT ( 'NONE',  ( -0.07283464566929134800, 0.0000000000000000000, 0.005118110236220508800 ) ) ;
#7912 = ORIENTED_EDGE ( 'NONE', *, *, #11242, .T. ) ;
#7913 = EDGE_CURVE ( 'NONE', #10078, #8886, #9794, .T. ) ;
#7914 = ORIENTED_EDGE ( 'NONE', *, *, #5567, .F. ) ;
#7915 = FILL_AREA_STYLE ('',( #885 ) ) ;
#7916 = VECTOR ( 'NONE', #2276, 39.37007874015748100 ) ;
#7917 = VERTEX_POINT ( 'NONE', #10267 ) ;
#7918 = EDGE_CURVE ( 'NONE', #1525, #5670, #472, .T. ) ;
#7919 = STYLED_ITEM ( 'NONE', ( #10841 ), #8094 ) ;
#7920 = CARTESIAN_POINT ( 'NONE',  ( 0.0003937007874015847700, 0.08858267716535434000, -0.03005118110236220500 ) ) ;
#7921 = ORIENTED_EDGE ( 'NONE', *, *, #8792, .T. ) ;
#7922 = DIRECTION ( 'NONE',  ( 0.0000000000000000000, 0.0000000000000000000, 1.000000000000000000 ) ) ;
#7923 = CARTESIAN_POINT ( 'NONE',  ( -0.04606299212598425500, 0.009842519685039369900, 0.0000000000000000000 ) ) ;
#7924 = DIRECTION ( 'NONE',  ( 0.0000000000000000000, 0.0000000000000000000, -1.000000000000000000 ) ) ;
#7925 =( NAMED_UNIT ( * ) PLANE_ANGLE_UNIT ( ) SI_UNIT ( $, .RADIAN. ) );
#7926 =( LENGTH_UNIT ( ) NAMED_UNIT ( * ) SI_UNIT ( $, .METRE. ) );
#7927 = FILL_AREA_STYLE ('',( #365 ) ) ;
#7928 =( NAMED_UNIT ( * ) PLANE_ANGLE_UNIT ( ) SI_UNIT ( $, .RADIAN. ) );
#7929 = UNCERTAINTY_MEASURE_WITH_UNIT (LENGTH_MEASURE( 1.000000000000000100E-005 ), #4112, 'distance_accuracy_value', 'NONE');
#7930 = ORIENTED_EDGE ( 'NONE', *, *, #4024, .T. ) ;
#7931 =( CONVERSION_BASED_UNIT ( 'INCH', #8829 ) LENGTH_UNIT ( ) NAMED_UNIT ( #3506 ) );
#7932 = COLOUR_RGB ( '',0.9686274509803921600, 0.8784313725490196000, 0.5999999999999999800 ) ;
#7933 = PRESENTATION_LAYER_ASSIGNMENT (  '', '', ( #6758 ) ) ;
#7934 = LINE ( 'NONE', #7860, #10248 ) ;
#7935 = SURFACE_SIDE_STYLE ('',( #1285 ) ) ;
#7936 = ADVANCED_FACE ( 'NONE', ( #7497 ), #1571, .F. ) ;
#7937 = VERTEX_POINT ( 'NONE', #8601 ) ;
#7938 = FILL_AREA_STYLE ('',( #1787 ) ) ;
#7939 = PRESENTATION_LAYER_ASSIGNMENT (  '', '', ( #6765 ) ) ;
#7940 = PRESENTATION_LAYER_ASSIGNMENT (  '', '', ( #6767 ) ) ;
#7941 = COLOUR_RGB ( '',0.9686274509803921600, 0.8784313725490196000, 0.5999999999999999800 ) ;
#7942 =( NAMED_UNIT ( * ) PLANE_ANGLE_UNIT ( ) SI_UNIT ( $, .RADIAN. ) );
#7943 =( CONVERSION_BASED_UNIT ( 'INCH', #10286 ) LENGTH_UNIT ( ) NAMED_UNIT ( #4774 ) );
#7944 =( CONVERSION_BASED_UNIT ( 'INCH', #5883 ) LENGTH_UNIT ( ) NAMED_UNIT ( #3152 ) );
#7945 = LINE ( 'NONE', #3279, #9993 ) ;
#7946 = MECHANICAL_DESIGN_GEOMETRIC_PRESENTATION_REPRESENTATION (  '', ( #6161 ), #8528 ) ;
#7947 = CARTESIAN_POINT ( 'NONE',  ( 0.04606299212598425500, 0.0000000000000000000, 0.08661417322834648300 ) ) ;
#7948 = CARTESIAN_POINT ( 'NONE',  ( -0.09055118110236222400, 0.009842519685039369900, -0.05629921259842515800 ) ) ;
#7949 =( GEOMETRIC_REPRESENTATION_CONTEXT ( 3 ) GLOBAL_UNCERTAINTY_ASSIGNED_CONTEXT ( ( #2922 ) ) GLOBAL_UNIT_ASSIGNED_CONTEXT ( ( #2787, #8934, #3666 ) ) REPRESENTATION_CONTEXT ( 'NONE', 'WORKASPACE' ) );
#7950 = CARTESIAN_POINT ( 'NONE',  ( 0.07283464566929139000, 0.009842519685039369900, 0.03070866141732283800 ) ) ;
#7951 = AXIS2_PLACEMENT_3D ( 'NONE', #2568, #3998, #1231 ) ;
#7952 = ADVANCED_FACE ( 'NONE', ( #8422 ), #10379, .F. ) ;
#7953 = PLANE ( 'NONE',  #380 ) ;
#7954 = DIRECTION ( 'NONE',  ( 0.0000000000000000000, 0.0000000000000000000, 1.000000000000000000 ) ) ;
#7955 = CARTESIAN_POINT ( 'NONE',  ( -0.02047244094488189300, 0.0000000000000000000, -0.08661417322834641400 ) ) ;
#7956 = PRESENTATION_LAYER_ASSIGNMENT (  '', '', ( #6783 ) ) ;
#7957 = DIRECTION ( 'NONE',  ( 0.0000000000000000000, 1.000000000000000000, 0.0000000000000000000 ) ) ;
#7958 = SURFACE_SIDE_STYLE ('',( #3155 ) ) ;
#7959 = STYLED_ITEM ( 'NONE', ( #4009 ), #6928 ) ;
#7960 = PLANE ( 'NONE',  #1908 ) ;
#7961 = MANIFOLD_SOLID_BREP ( 'Boss-Extrude2[16]', #4716 ) ;
#7962 =( CONVERSION_BASED_UNIT ( 'INCH', #8928 ) LENGTH_UNIT ( ) NAMED_UNIT ( #10913 ) );
#7963 = COLOUR_RGB ( '',0.2509803921568627400, 0.2509803921568627400, 0.2509803921568627400 ) ;
#7964 = EDGE_CURVE ( 'NONE', #6078, #2793, #6363, .T. ) ;
#7965 =( LENGTH_UNIT ( ) NAMED_UNIT ( * ) SI_UNIT ( $, .METRE. ) );
#7966 = FILL_AREA_STYLE ('',( #8773 ) ) ;
#7967 =( GEOMETRIC_REPRESENTATION_CONTEXT ( 3 ) GLOBAL_UNCERTAINTY_ASSIGNED_CONTEXT ( ( #9081 ) ) GLOBAL_UNIT_ASSIGNED_CONTEXT ( ( #51, #6166, #932 ) ) REPRESENTATION_CONTEXT ( 'NONE', 'WORKASPACE' ) );
#7968 = LENGTH_MEASURE_WITH_UNIT ( LENGTH_MEASURE( 0.02539999999999999900 ), #11027 );
#7969 = PLANE ( 'NONE',  #3728 ) ;
#7970 = VECTOR ( 'NONE', #10292, 39.37007874015748100 ) ;
#7971 = ORIENTED_EDGE ( 'NONE', *, *, #1012, .T. ) ;
#7972 = EDGE_CURVE ( 'NONE', #3086, #4823, #5279, .T. ) ;
#7973 = DIMENSIONAL_EXPONENTS ( 1.000000000000000000, 0.0000000000000000000, 0.0000000000000000000, 0.0000000000000000000, 0.0000000000000000000, 0.0000000000000000000, 0.0000000000000000000 ) ;
#7974 = PLANE ( 'NONE',  #4969 ) ;
#7975 = LINE ( 'NONE', #1841, #5640 ) ;
#7976 = EDGE_CURVE ( 'NONE', #5299, #518, #6510, .T. ) ;
#7977 = CARTESIAN_POINT ( 'NONE',  ( 0.02047244094488188600, 0.009842519685039369900, 0.08661417322834648300 ) ) ;
#7978 = DIRECTION ( 'NONE',  ( -0.0000000000000000000, 0.0000000000000000000, 1.000000000000000000 ) ) ;
#7979 = STYLED_ITEM ( 'NONE', ( #11013 ), #7797 ) ;
#7980 = ORIENTED_EDGE ( 'NONE', *, *, #9590, .T. ) ;
#7981 = CARTESIAN_POINT ( 'NONE',  ( 0.05629921259842520000, 0.0000000000000000000, 0.08661417322834648300 ) ) ;
#7982 =( LENGTH_UNIT ( ) NAMED_UNIT ( * ) SI_UNIT ( $, .METRE. ) );
#7983 = LINE ( 'NONE', #8986, #10025 ) ;
#7984 = COLOUR_RGB ( '',0.9686274509803921600, 0.8784313725490196000, 0.5999999999999999800 ) ;
#7985 = LINE ( 'NONE', #3824, #10029 ) ;
#7986 = EDGE_CURVE ( 'NONE', #7233, #9244, #2930, .T. ) ;
#7987 = ADVANCED_FACE ( 'NONE', ( #1549 ), #2583, .F. ) ;
#7989 = DIRECTION ( 'NONE',  ( 1.000000000000000000, 0.0000000000000000000, -0.0000000000000000000 ) ) ;
#7988 = FACE_OUTER_BOUND ( 'NONE', #3641, .T. ) ;
#7990 =( CONVERSION_BASED_UNIT ( 'INCH', #9866 ) LENGTH_UNIT ( ) NAMED_UNIT ( #5147 ) );
#7991 = CARTESIAN_POINT ( 'NONE',  ( 0.005118110236220472400, 0.009842519685039369900, -0.08661417322834641400 ) ) ;
#7992 = ORIENTED_EDGE ( 'NONE', *, *, #7790, .F. ) ;
#7993 = DIRECTION ( 'NONE',  ( 1.000000000000000000, -0.0000000000000000000, 0.0000000000000000000 ) ) ;
#7994 = CARTESIAN_POINT ( 'NONE',  ( -0.04606299212598425500, 0.009842519685039369900, 0.06889763779527562100 ) ) ;
#7995 = EDGE_LOOP ( 'NONE', ( #10071, #7728, #3115, #3239 ) ) ;
#7996 =( LENGTH_UNIT ( ) NAMED_UNIT ( * ) SI_UNIT ( $, .METRE. ) );
#7997 = EDGE_CURVE ( 'NONE', #6475, #3335, #7481, .T. ) ;
#7998 = LINE ( 'NONE', #4045, #5927 ) ;
#7999 = MECHANICAL_DESIGN_GEOMETRIC_PRESENTATION_REPRESENTATION (  '', ( #6224 ), #8589 ) ;
#8000 = LINE ( 'NONE', #8498, #1260 ) ;
#8001 =( LENGTH_UNIT ( ) NAMED_UNIT ( * ) SI_UNIT ( $, .METRE. ) );
#8002 = DIMENSIONAL_EXPONENTS ( 1.000000000000000000, 0.0000000000000000000, 0.0000000000000000000, 0.0000000000000000000, 0.0000000000000000000, 0.0000000000000000000, 0.0000000000000000000 ) ;
#8003 = CARTESIAN_POINT ( 'NONE',  ( -0.03070866141732284500, 0.009842519685039369900, 0.08661417322834648300 ) ) ;
#8004 = SURFACE_STYLE_USAGE ( .BOTH. , #1861 ) ;
#8005 = EDGE_LOOP ( 'NONE', ( #4866, #6938, #5797, #9816 ) ) ;
#8006 = ORIENTED_EDGE ( 'NONE', *, *, #10179, .F. ) ;
#8007 = DIMENSIONAL_EXPONENTS ( 1.000000000000000000, 0.0000000000000000000, 0.0000000000000000000, 0.0000000000000000000, 0.0000000000000000000, 0.0000000000000000000, 0.0000000000000000000 ) ;
#8008 = LENGTH_MEASURE_WITH_UNIT ( LENGTH_MEASURE( 0.02539999999999999900 ), #5941 );
#8009 = CARTESIAN_POINT ( 'NONE',  ( 0.0000000000000000000, 0.009842519685039369900, 0.08661417322834648300 ) ) ;
#8010 = CARTESIAN_POINT ( 'NONE',  ( -0.09055118110236221000, 0.0000000000000000000, -0.005118110236220439400 ) ) ;
#8011 = ADVANCED_FACE ( 'NONE', ( #9781 ), #5307, .F. ) ;
#8012 = ORIENTED_EDGE ( 'NONE', *, *, #9381, .F. ) ;
#8013 =( NAMED_UNIT ( * ) PLANE_ANGLE_UNIT ( ) SI_UNIT ( $, .RADIAN. ) );
#8014 = EDGE_LOOP ( 'NONE', ( #6345, #6930, #3489, #7575 ) ) ;
#8015 = VERTEX_POINT ( 'NONE', #4333 ) ;
#8016 = AXIS2_PLACEMENT_3D ( 'NONE', #7257, #6814, #6700 ) ;
#8017 = DIRECTION ( 'NONE',  ( 0.0000000000000000000, 0.0000000000000000000, -1.000000000000000000 ) ) ;
#8019 = VECTOR ( 'NONE', #6154, 39.37007874015748100 ) ;
#8018 = FILL_AREA_STYLE_COLOUR ( '', #9202 ) ;
#8020 = LINE ( 'NONE', #2125, #1286 ) ;
#8021 =( GEOMETRIC_REPRESENTATION_CONTEXT ( 3 ) GLOBAL_UNCERTAINTY_ASSIGNED_CONTEXT ( ( #543 ) ) GLOBAL_UNIT_ASSIGNED_CONTEXT ( ( #902, #7040, #1767 ) ) REPRESENTATION_CONTEXT ( 'NONE', 'WORKASPACE' ) );
#8022 = VECTOR ( 'NONE', #10021, 39.37007874015748100 ) ;
#8023 = LINE ( 'NONE', #3167, #10338 ) ;
#8024 = MECHANICAL_DESIGN_GEOMETRIC_PRESENTATION_REPRESENTATION (  '', ( #6256 ), #8609 ) ;
#8025 = ORIENTED_EDGE ( 'NONE', *, *, #4157, .T. ) ;
#8026 = PRESENTATION_LAYER_ASSIGNMENT (  '', '', ( #6851 ) ) ;
#8027 =( LENGTH_UNIT ( ) NAMED_UNIT ( * ) SI_UNIT ( $, .METRE. ) );
#8028 =( LENGTH_UNIT ( ) NAMED_UNIT ( * ) SI_UNIT ( $, .METRE. ) );
#8029 = ORIENTED_EDGE ( 'NONE', *, *, #4313, .F. ) ;
#8030 = PRESENTATION_LAYER_ASSIGNMENT (  '', '', ( #6853 ) ) ;
#8031 = ORIENTED_EDGE ( 'NONE', *, *, #10327, .T. ) ;
#8032 = ORIENTED_EDGE ( 'NONE', *, *, #7477, .T. ) ;
#8033 = DIRECTION ( 'NONE',  ( 0.0000000000000000000, 1.000000000000000000, -0.0000000000000000000 ) ) ;
#8034 = DIRECTION ( 'NONE',  ( -0.0000000000000000000, -1.000000000000000000, -0.0000000000000000000 ) ) ;
#8035 = CARTESIAN_POINT ( 'NONE',  ( 0.0003937007874015829800, 0.08858267716535434000, -0.0005236220472440901100 ) ) ;
#8036 = COLOUR_RGB ( '',0.2509803921568627400, 0.2509803921568627400, 0.2509803921568627400 ) ;
#8037 = PRESENTATION_LAYER_ASSIGNMENT (  '', '', ( #6861 ) ) ;
#8038 = ORIENTED_EDGE ( 'NONE', *, *, #9973, .T. ) ;
#8039 = CARTESIAN_POINT ( 'NONE',  ( -0.07283464566929134800, 0.009842519685039369900, -0.04606299212598422000 ) ) ;
#8040 =( CONVERSION_BASED_UNIT ( 'INCH', #5891 ) LENGTH_UNIT ( ) NAMED_UNIT ( #9257 ) );
#8041 = DIRECTION ( 'NONE',  ( -0.0000000000000000000, 0.0000000000000000000, -1.000000000000000000 ) ) ;
#8042 = DIRECTION ( 'NONE',  ( 0.0000000000000000000, -0.0000000000000000000, 1.000000000000000000 ) ) ;
#8043 = AXIS2_PLACEMENT_3D ( 'NONE', #5512, #253, #6384 ) ;
#8044 = SURFACE_STYLE_USAGE ( .BOTH. , #8072 ) ;
#8045 = STYLED_ITEM ( 'NONE', ( #553 ), #3514 ) ;
#8046 = VERTEX_POINT ( 'NONE', #82 ) ;
#8047 =( CONVERSION_BASED_UNIT ( 'INCH', #10532 ) LENGTH_UNIT ( ) NAMED_UNIT ( #1660 ) );
#8048 = SURFACE_STYLE_USAGE ( .BOTH. , #1894 ) ;
#8049 =( NAMED_UNIT ( * ) SI_UNIT ( $, .STERADIAN. ) SOLID_ANGLE_UNIT ( ) );
#8050 = CARTESIAN_POINT ( 'NONE',  ( -0.09055118110236221000, 0.009842519685039369900, 0.005118110236220508800 ) ) ;
#8051 = ORIENTED_EDGE ( 'NONE', *, *, #7846, .T. ) ;
#8052 = EDGE_CURVE ( 'NONE', #8479, #4871, #8696, .T. ) ;
#8053 = DIRECTION ( 'NONE',  ( -1.000000000000000000, -0.0000000000000000000, 0.0000000000000000000 ) ) ;
#8054 = EDGE_CURVE ( 'NONE', #9099, #4358, #6350, .T. ) ;
#8055 = DIRECTION ( 'NONE',  ( 1.000000000000000000, -0.0000000000000000000, 0.0000000000000000000 ) ) ;
#8056 = ADVANCED_FACE ( 'NONE', ( #6074 ), #7974, .F. ) ;
#8057 = PRESENTATION_STYLE_ASSIGNMENT (( #3932 ) ) ;
#8058 = SURFACE_STYLE_USAGE ( .BOTH. , #1904 ) ;
#8059 =( LENGTH_UNIT ( ) NAMED_UNIT ( * ) SI_UNIT ( $, .METRE. ) );
#8060 = ORIENTED_EDGE ( 'NONE', *, *, #3333, .T. ) ;
#8061 = UNCERTAINTY_MEASURE_WITH_UNIT (LENGTH_MEASURE( 1.000000000000000100E-005 ), #9574, 'distance_accuracy_value', 'NONE');
#8062 = EDGE_CURVE ( 'NONE', #379, #3487, #588, .T. ) ;
#8063 = DIRECTION ( 'NONE',  ( 0.0000000000000000000, -1.000000000000000000, -0.0000000000000000000 ) ) ;
#8064 = EDGE_CURVE ( 'NONE', #4152, #213, #9645, .T. ) ;
#8065 = ADVANCED_FACE ( 'NONE', ( #310 ), #5417, .F. ) ;
#8066 = SURFACE_SIDE_STYLE ('',( #3543 ) ) ;
#8067 = CARTESIAN_POINT ( 'NONE',  ( -0.005118110236220475000, 0.009842519685039369900, 0.08661417322834648300 ) ) ;
#8068 = ORIENTED_EDGE ( 'NONE', *, *, #10503, .T. ) ;
#8069 = CARTESIAN_POINT ( 'NONE',  ( 0.09055118110236222400, 0.0000000000000000000, -0.04606299212598424800 ) ) ;
#8070 = LINE ( 'NONE', #2179, #10116 ) ;
#8071 =( NAMED_UNIT ( * ) SI_UNIT ( $, .STERADIAN. ) SOLID_ANGLE_UNIT ( ) );
#8072 = SURFACE_SIDE_STYLE ('',( #9471 ) ) ;
#8073 =( LENGTH_UNIT ( ) NAMED_UNIT ( * ) SI_UNIT ( $, .METRE. ) );
#8074 = LINE ( 'NONE', #1882, #10387 ) ;
#8075 = ORIENTED_EDGE ( 'NONE', *, *, #8491, .T. ) ;
#8076 = CARTESIAN_POINT ( 'NONE',  ( -0.02047244094488188900, 0.009842519685039369900, 0.06889763779527562100 ) ) ;
#8077 =( LENGTH_UNIT ( ) NAMED_UNIT ( * ) SI_UNIT ( $, .METRE. ) );
#8078 =( LENGTH_UNIT ( ) NAMED_UNIT ( * ) SI_UNIT ( $, .METRE. ) );
#8079 = CARTESIAN_POINT ( 'NONE',  ( 0.04606299212598424800, 0.009842519685039369900, -0.08661417322834641400 ) ) ;
#8080 = LENGTH_MEASURE_WITH_UNIT ( LENGTH_MEASURE( 0.02539999999999999900 ), #7650 );
#8081 = DIRECTION ( 'NONE',  ( 0.0000000000000000000, 0.0000000000000000000, -1.000000000000000000 ) ) ;
#8082 = MECHANICAL_DESIGN_GEOMETRIC_PRESENTATION_REPRESENTATION (  '', ( #11082 ), #8674 ) ;
#8083 = PRESENTATION_STYLE_ASSIGNMENT (( #5228 ) ) ;
#8084 =( GEOMETRIC_REPRESENTATION_CONTEXT ( 3 ) GLOBAL_UNCERTAINTY_ASSIGNED_CONTEXT ( ( #8127 ) ) GLOBAL_UNIT_ASSIGNED_CONTEXT ( ( #407, #6553, #1283 ) ) REPRESENTATION_CONTEXT ( 'NONE', 'WORKASPACE' ) );
#8085 = SURFACE_SIDE_STYLE ('',( #6203 ) ) ;
#8086 = DIRECTION ( 'NONE',  ( -2.409338161078899700E-016, 0.0000000000000000000, 1.000000000000000000 ) ) ;
#8087 = CARTESIAN_POINT ( 'NONE',  ( -0.005118110236220473200, -0.02046108103966344500, -0.06889763779527555100 ) ) ;
#8088 = LINE ( 'NONE', #1247, #3418 ) ;
#8089 = SURFACE_STYLE_FILL_AREA ( #6215 ) ;
#8090 = PRESENTATION_LAYER_ASSIGNMENT (  '', '', ( #6932 ) ) ;
#8091 = DIRECTION ( 'NONE',  ( 0.0000000000000000000, -0.0000000000000000000, 1.000000000000000000 ) ) ;
#8092 = AXIS2_PLACEMENT_3D ( 'NONE', #8426, #3175, #9307 ) ;
#8093 = STYLED_ITEM ( 'NONE', ( #8266 ), #3035 ) ;
#8094 = ADVANCED_FACE ( 'NONE', ( #8546 ), #1947, .F. ) ;
#8095 = SURFACE_STYLE_FILL_AREA ( #6226 ) ;
#8096 = SURFACE_STYLE_USAGE ( .BOTH. , #1963 ) ;
#8097 = PLANE ( 'NONE',  #6636 ) ;
#8098 =( GEOMETRIC_REPRESENTATION_CONTEXT ( 3 ) GLOBAL_UNCERTAINTY_ASSIGNED_CONTEXT ( ( #2622 ) ) GLOBAL_UNIT_ASSIGNED_CONTEXT ( ( #4800, #10903, #5697 ) ) REPRESENTATION_CONTEXT ( 'NONE', 'WORKASPACE' ) );
#8099 = DIRECTION ( 'NONE',  ( 1.668003342285391100E-015, 0.0000000000000000000, 1.000000000000000000 ) ) ;
#8100 = LENGTH_MEASURE_WITH_UNIT ( LENGTH_MEASURE( 0.02539999999999999900 ), #3329 );
#8101 = DIMENSIONAL_EXPONENTS ( 1.000000000000000000, 0.0000000000000000000, 0.0000000000000000000, 0.0000000000000000000, 0.0000000000000000000, 0.0000000000000000000, 0.0000000000000000000 ) ;
#8102 = PRESENTATION_STYLE_ASSIGNMENT (( #3026 ) ) ;
#8103 = SURFACE_STYLE_USAGE ( .BOTH. , #8144 ) ;
#8104 = FILL_AREA_STYLE ('',( #8217 ) ) ;
#8105 = ORIENTED_EDGE ( 'NONE', *, *, #10956, .F. ) ;
#8106 =( LENGTH_UNIT ( ) NAMED_UNIT ( * ) SI_UNIT ( $, .METRE. ) );
#8107 = SURFACE_SIDE_STYLE ('',( #2554 ) ) ;
#8108 = VECTOR ( 'NONE', #179, 39.37007874015748100 ) ;
#8109 = DIMENSIONAL_EXPONENTS ( 1.000000000000000000, 0.0000000000000000000, 0.0000000000000000000, 0.0000000000000000000, 0.0000000000000000000, 0.0000000000000000000, 0.0000000000000000000 ) ;
#8110 = CARTESIAN_POINT ( 'NONE',  ( -0.09055118110236222400, 0.009842519685039369900, -0.05629921259842515800 ) ) ;
#8111 = SURFACE_SIDE_STYLE ('',( #7226 ) ) ;
#8112 = LENGTH_MEASURE_WITH_UNIT ( LENGTH_MEASURE( 0.02539999999999999900 ), #10145 );
#8113 =( LENGTH_UNIT ( ) NAMED_UNIT ( * ) SI_UNIT ( $, .METRE. ) );
#8114 = EDGE_CURVE ( 'NONE', #3838, #3933, #9769, .T. ) ;
#8115 = ORIENTED_EDGE ( 'NONE', *, *, #5129, .F. ) ;
#8116 = PRESENTATION_STYLE_ASSIGNMENT (( #1202 ) ) ;
#8117 = EDGE_CURVE ( 'NONE', #5318, #5835, #723, .T. ) ;
#8118 =( NAMED_UNIT ( * ) PLANE_ANGLE_UNIT ( ) SI_UNIT ( $, .RADIAN. ) );
#8119 = DIRECTION ( 'NONE',  ( 1.000000000000000000, -0.0000000000000000000, 0.0000000000000000000 ) ) ;
#8120 = CIRCLE ( 'NONE', #3182, 0.01476377952843348400 ) ;
#8121 = COLOUR_RGB ( '',0.2509803921568627400, 0.2509803921568627400, 0.2509803921568627400 ) ;
#8122 = UNCERTAINTY_MEASURE_WITH_UNIT (LENGTH_MEASURE( 1.000000000000000100E-005 ), #11197, 'distance_accuracy_value', 'NONE');
#8123 = EDGE_LOOP ( 'NONE', ( #435, #5853, #3505, #4672 ) ) ;
#8124 = CARTESIAN_POINT ( 'NONE',  ( -0.02047244094488189300, 0.0000000000000000000, -0.06889763779527555100 ) ) ;
#8125 = EDGE_LOOP ( 'NONE', ( #907, #2061, #6624, #8182 ) ) ;
#8126 = COLOUR_RGB ( '',0.9686274509803921600, 0.8784313725490196000, 0.5999999999999999800 ) ;
#8127 = UNCERTAINTY_MEASURE_WITH_UNIT (LENGTH_MEASURE( 1.000000000000000100E-005 ), #407, 'distance_accuracy_value', 'NONE');
#8128 = PRESENTATION_STYLE_ASSIGNMENT (( #3133 ) ) ;
#8129 = ORIENTED_EDGE ( 'NONE', *, *, #6197, .F. ) ;
#8130 = CARTESIAN_POINT ( 'NONE',  ( 0.03070866141732283800, -0.02046108103966344500, -0.06889763779527555100 ) ) ;
#8131 =( NAMED_UNIT ( * ) PLANE_ANGLE_UNIT ( ) SI_UNIT ( $, .RADIAN. ) );
#8132 = PRESENTATION_STYLE_ASSIGNMENT (( #1707 ) ) ;
#8133 =( LENGTH_UNIT ( ) NAMED_UNIT ( * ) SI_UNIT ( $, .METRE. ) );
#8134 =( NAMED_UNIT ( * ) SI_UNIT ( $, .STERADIAN. ) SOLID_ANGLE_UNIT ( ) );
#8135 = FILL_AREA_STYLE_COLOUR ( '', #5211 ) ;
#8136 = ORIENTED_EDGE ( 'NONE', *, *, #8637, .T. ) ;
#8137 = DIRECTION ( 'NONE',  ( 4.818676322157799300E-016, 0.0000000000000000000, 1.000000000000000000 ) ) ;
#8138 = VERTEX_POINT ( 'NONE', #4632 ) ;
#8139 =( NAMED_UNIT ( * ) SI_UNIT ( $, .STERADIAN. ) SOLID_ANGLE_UNIT ( ) );
#8140 = SURFACE_STYLE_FILL_AREA ( #5486 ) ;
#8141 = AXIS2_PLACEMENT_3D ( 'NONE', #142, #6282, #1033 ) ;
#8142 = DIRECTION ( 'NONE',  ( -4.818676322157799300E-016, -0.0000000000000000000, -1.000000000000000000 ) ) ;
#8143 = LENGTH_MEASURE_WITH_UNIT ( LENGTH_MEASURE( 0.02539999999999999900 ), #8113 );
#8144 = SURFACE_SIDE_STYLE ('',( #11076 ) ) ;
#8145 = ORIENTED_EDGE ( 'NONE', *, *, #3615, .F. ) ;
#8146 = DIRECTION ( 'NONE',  ( 1.000000000000000000, -0.0000000000000000000, 0.0000000000000000000 ) ) ;
#8147 = FILL_AREA_STYLE ('',( #220 ) ) ;
#8148 = VERTEX_POINT ( 'NONE', #3633 ) ;
#8149 = ORIENTED_EDGE ( 'NONE', *, *, #4436, .F. ) ;
#8150 = FACE_OUTER_BOUND ( 'NONE', #373, .T. ) ;
#8151 = FILL_AREA_STYLE_COLOUR ( '', #9245 ) ;
#8152 = FILL_AREA_STYLE_COLOUR ( '', #4738 ) ;
#8153 = VECTOR ( 'NONE', #6343, 39.37007874015748100 ) ;
#8154 = FILL_AREA_STYLE_COLOUR ( '', #5833 ) ;
#8155 = SURFACE_STYLE_FILL_AREA ( #2466 ) ;
#8156 = ADVANCED_FACE ( 'NONE', ( #7470 ), #3741, .F. ) ;
#8157 = VECTOR ( 'NONE', #1134, 39.37007874015748100 ) ;
#8158 = CARTESIAN_POINT ( 'NONE',  ( 0.0000000000000000000, 0.0000000000000000000, -0.06889763779527555100 ) ) ;
#8159 = VERTEX_POINT ( 'NONE', #9874 ) ;
#8160 = MECHANICAL_DESIGN_GEOMETRIC_PRESENTATION_REPRESENTATION (  '', ( #6992 ), #8750 ) ;
#8161 =( NAMED_UNIT ( * ) PLANE_ANGLE_UNIT ( ) SI_UNIT ( $, .RADIAN. ) );
#8162 = PLANE ( 'NONE',  #5386 ) ;
#8163 = UNCERTAINTY_MEASURE_WITH_UNIT (LENGTH_MEASURE( 1.000000000000000100E-005 ), #10614, 'distance_accuracy_value', 'NONE');
#8164 = ORIENTED_EDGE ( 'NONE', *, *, #258, .T. ) ;
#8165 = AXIS2_PLACEMENT_3D ( 'NONE', #10440, #5218, #11315 ) ;
#8166 = FACE_OUTER_BOUND ( 'NONE', #9271, .T. ) ;
#8167 = STYLED_ITEM ( 'NONE', ( #4373 ), #2630 ) ;
#8168 = CONICAL_SURFACE ( 'NONE', #7729, 0.01870078739922303300, 0.7853981633974482800 ) ;
#8169 = CARTESIAN_POINT ( 'NONE',  ( 0.05629921259842520000, 0.009842519685039369900, -0.08661417322834641400 ) ) ;
#8170 = VERTEX_POINT ( 'NONE', #293 ) ;
#8171 = LINE ( 'NONE', #10756, #3778 ) ;
#8172 = DIRECTION ( 'NONE',  ( 0.0000000000000000000, 0.0000000000000000000, 1.000000000000000000 ) ) ;
#8173 = VERTEX_POINT ( 'NONE', #6430 ) ;
#8174 =( LENGTH_UNIT ( ) NAMED_UNIT ( * ) SI_UNIT ( $, .METRE. ) );
#8175 = DIRECTION ( 'NONE',  ( 0.0000000000000000000, 1.000000000000000000, -0.0000000000000000000 ) ) ;
#8176 = SURFACE_SIDE_STYLE ('',( #7677 ) ) ;
#8177 = STYLED_ITEM ( 'NONE', ( #7865 ), #1846 ) ;
#8178 =( NAMED_UNIT ( * ) PLANE_ANGLE_UNIT ( ) SI_UNIT ( $, .RADIAN. ) );
#8179 = SURFACE_SIDE_STYLE ('',( #9861 ) ) ;
#8180 = SURFACE_STYLE_USAGE ( .BOTH. , #2038 ) ;
#8181 = LINE ( 'NONE', #10985, #3509 ) ;
#8182 = ORIENTED_EDGE ( 'NONE', *, *, #2441, .T. ) ;
#8183 = MECHANICAL_DESIGN_GEOMETRIC_PRESENTATION_REPRESENTATION (  '', ( #7010 ), #8774 ) ;
#8184 = MECHANICAL_DESIGN_GEOMETRIC_PRESENTATION_REPRESENTATION (  '', ( #6416 ), #4033 ) ;
#8185 =( CONVERSION_BASED_UNIT ( 'INCH', #9216 ) LENGTH_UNIT ( ) NAMED_UNIT ( #10291 ) );
#8186 = PLANE ( 'NONE',  #8755 ) ;
#8187 =( NAMED_UNIT ( * ) SI_UNIT ( $, .STERADIAN. ) SOLID_ANGLE_UNIT ( ) );
#8188 = EDGE_CURVE ( 'NONE', #3881, #5561, #6341, .T. ) ;
#8189 = ORIENTED_EDGE ( 'NONE', *, *, #2441, .F. ) ;
#8190 = CARTESIAN_POINT ( 'NONE',  ( 0.005118110236220471500, 0.0000000000000000000, 0.08661417322834648300 ) ) ;
#8191 = DIRECTION ( 'NONE',  ( 1.000000000000000000, -0.0000000000000000000, 0.0000000000000000000 ) ) ;
#8192 = EDGE_CURVE ( 'NONE', #5924, #5802, #1668, .T. ) ;
#8193 = CARTESIAN_POINT ( 'NONE',  ( 0.05629921259842520000, 0.009842519685039369900, -0.06889763779527555100 ) ) ;
#8194 = SURFACE_STYLE_USAGE ( .BOTH. , #2055 ) ;
#8195 = ORIENTED_EDGE ( 'NONE', *, *, #9379, .F. ) ;
#8196 = UNCERTAINTY_MEASURE_WITH_UNIT (LENGTH_MEASURE( 1.000000000000000100E-005 ), #431, 'distance_accuracy_value', 'NONE');
#8197 = DIRECTION ( 'NONE',  ( 0.0000000000000000000, 0.0000000000000000000, 1.000000000000000000 ) ) ;
#8198 = PRESENTATION_STYLE_ASSIGNMENT (( #1818 ) ) ;
#8199 = UNCERTAINTY_MEASURE_WITH_UNIT (LENGTH_MEASURE( 1.000000000000000100E-005 ), #2099, 'distance_accuracy_value', 'NONE');
#8200 = SURFACE_STYLE_USAGE ( .BOTH. , #8236 ) ;
#8201 = EDGE_CURVE ( 'NONE', #11134, #10593, #8399, .T. ) ;
#8202 = ORIENTED_EDGE ( 'NONE', *, *, #8868, .F. ) ;
#8203 = CARTESIAN_POINT ( 'NONE',  ( -0.05629921259842520600, 0.009842519685039369900, -0.08661417322834641400 ) ) ;
#8204 = EDGE_CURVE ( 'NONE', #2477, #5305, #8681, .T. ) ;
#8205 = SURFACE_STYLE_FILL_AREA ( #4235 ) ;
#8206 = SURFACE_STYLE_FILL_AREA ( #2948 ) ;
#8207 = PRESENTATION_LAYER_ASSIGNMENT (  '', '', ( #7043 ) ) ;
#8208 = ADVANCED_FACE ( 'NONE', ( #5793 ), #341, .F. ) ;
#8209 = DIRECTION ( 'NONE',  ( 0.0000000000000000000, -0.0000000000000000000, -1.000000000000000000 ) ) ;
#8210 = DIRECTION ( 'NONE',  ( 0.0000000000000000000, 0.0000000000000000000, 1.000000000000000000 ) ) ;
#8211 =( CONVERSION_BASED_UNIT ( 'INCH', #9491 ) LENGTH_UNIT ( ) NAMED_UNIT ( #10135 ) );
#8212 = LINE ( 'NONE', #3494, #3278 ) ;
#8213 = CARTESIAN_POINT ( 'NONE',  ( 0.09055118110236223800, 0.009842519685039369900, -0.02047244094488188900 ) ) ;
#8214 = DIMENSIONAL_EXPONENTS ( 1.000000000000000000, 0.0000000000000000000, 0.0000000000000000000, 0.0000000000000000000, 0.0000000000000000000, 0.0000000000000000000, 0.0000000000000000000 ) ;
#8215 = SURFACE_STYLE_USAGE ( .BOTH. , #2081 ) ;
#8216 =( NAMED_UNIT ( * ) PLANE_ANGLE_UNIT ( ) SI_UNIT ( $, .RADIAN. ) );
#8217 = FILL_AREA_STYLE_COLOUR ( '', #9540 ) ;
#8218 =( LENGTH_UNIT ( ) NAMED_UNIT ( * ) SI_UNIT ( $, .METRE. ) );
#8219 = FACE_OUTER_BOUND ( 'NONE', #10345, .T. ) ;
#8220 = COLOUR_RGB ( '',0.9686274509803921600, 0.8784313725490196000, 0.5999999999999999800 ) ;
#8221 = DIMENSIONAL_EXPONENTS ( 1.000000000000000000, 0.0000000000000000000, 0.0000000000000000000, 0.0000000000000000000, 0.0000000000000000000, 0.0000000000000000000, 0.0000000000000000000 ) ;
#8222 = STYLED_ITEM ( 'NONE', ( #7642 ), #269 ) ;
#8223 = DIRECTION ( 'NONE',  ( 0.0000000000000000000, 0.0000000000000000000, 1.000000000000000000 ) ) ;
#8224 = DIRECTION ( 'NONE',  ( -2.409338161078899700E-016, 0.0000000000000000000, -1.000000000000000000 ) ) ;
#8225 = MECHANICAL_DESIGN_GEOMETRIC_PRESENTATION_REPRESENTATION (  '', ( #7070 ), #8828 ) ;
#8226 = DIRECTION ( 'NONE',  ( 0.0000000000000000000, 1.000000000000000000, 0.0000000000000000000 ) ) ;
#8227 = STYLED_ITEM ( 'NONE', ( #2327 ), #2184 ) ;
#8228 = FACE_OUTER_BOUND ( 'NONE', #1518, .T. ) ;
#8229 = LINE ( 'NONE', #6398, #10534 ) ;
#8230 = AXIS2_PLACEMENT_3D ( 'NONE', #11251, #6024, #783 ) ;
#8231 = SURFACE_STYLE_USAGE ( .BOTH. , #2098 ) ;
#8232 = ADVANCED_BREP_SHAPE_REPRESENTATION ( 'AS72651-BLGT', ( #1338, #5906, #3033, #7961, #1835, #10334, #7489, #7125, #5079, #3868, #1005, #9501, #2184, #9989, #3382, #150, #11158, #8311, #6269, #5442, #9158, #4232, #4593 ), #10654 ) ;
#8233 =( NAMED_UNIT ( * ) PLANE_ANGLE_UNIT ( ) SI_UNIT ( $, .RADIAN. ) );
#8234 = CARTESIAN_POINT ( 'NONE',  ( -0.02047244094488189300, 0.009842519685039369900, 0.06889763779527562100 ) ) ;
#8235 = LINE ( 'NONE', #457, #1502 ) ;
#8236 = SURFACE_SIDE_STYLE ('',( #10548 ) ) ;
#8237 = ORIENTED_EDGE ( 'NONE', *, *, #7649, .T. ) ;
#8238 = AXIS2_PLACEMENT_3D ( 'NONE', #9821, #9778, #9702 ) ;
#8239 = PLANE ( 'NONE',  #7652 ) ;
#8240 = SURFACE_STYLE_FILL_AREA ( #10500 ) ;
#8241 = CARTESIAN_POINT ( 'NONE',  ( -0.09055118110236222400, -0.02046108103966344500, -0.05629921259842515800 ) ) ;
#8242 = STYLED_ITEM ( 'NONE', ( #7400 ), #10558 ) ;
#8243 = MECHANICAL_DESIGN_GEOMETRIC_PRESENTATION_REPRESENTATION (  '', ( #6493 ), #8850 ) ;
#8244 = DIRECTION ( 'NONE',  ( -0.0000000000000000000, -1.000000000000000000, -0.0000000000000000000 ) ) ;
#8245 = DIRECTION ( 'NONE',  ( -1.000000000000000000, 0.0000000000000000000, 4.818676322157796400E-016 ) ) ;
#8246 = PRESENTATION_STYLE_ASSIGNMENT (( #8200 ) ) ;
#8247 =( LENGTH_UNIT ( ) NAMED_UNIT ( * ) SI_UNIT ( $, .METRE. ) );
#8248 = CLOSED_SHELL ( 'NONE', ( #3595, #4885, #336, #162, #4758, #6555 ) ) ;
#8249 = FILL_AREA_STYLE ('',( #5614 ) ) ;
#8250 = AXIS2_PLACEMENT_3D ( 'NONE', #9738, #4494, #10605 ) ;
#8251 = SURFACE_STYLE_FILL_AREA ( #8249 ) ;
#8252 = VECTOR ( 'NONE', #1291, 39.37007874015748100 ) ;
#8253 = DIRECTION ( 'NONE',  ( 1.000000000000000000, 0.0000000000000000000, -0.0000000000000000000 ) ) ;
#8254 =( NAMED_UNIT ( * ) PLANE_ANGLE_UNIT ( ) SI_UNIT ( $, .RADIAN. ) );
#8255 =( CONVERSION_BASED_UNIT ( 'INCH', #2764 ) LENGTH_UNIT ( ) NAMED_UNIT ( #5343 ) );
#8256 = VECTOR ( 'NONE', #8063, 39.37007874015748100 ) ;
#8257 = ORIENTED_EDGE ( 'NONE', *, *, #6426, .T. ) ;
#8258 = ORIENTED_EDGE ( 'NONE', *, *, #11175, .F. ) ;
#8259 =( NAMED_UNIT ( * ) PLANE_ANGLE_UNIT ( ) SI_UNIT ( $, .RADIAN. ) );
#8260 = SURFACE_STYLE_FILL_AREA ( #9984 ) ;
#8261 = CARTESIAN_POINT ( 'NONE',  ( 0.02047244094488188600, 0.009842519685039369900, -0.08661417322834641400 ) ) ;
#8262 = PRESENTATION_STYLE_ASSIGNMENT (( #10458 ) ) ;
#8263 = CARTESIAN_POINT ( 'NONE',  ( -0.02047244094488189300, 0.009842519685039369900, 0.08661417322834648300 ) ) ;
#8264 = CARTESIAN_POINT ( 'NONE',  ( 0.09055118110236223800, 0.009842519685039369900, 0.03070866141732283800 ) ) ;
#8265 = ADVANCED_FACE ( 'NONE', ( #9354 ), #6525, .F. ) ;
#8266 = PRESENTATION_STYLE_ASSIGNMENT (( #11015 ) ) ;
#8267 = UNCERTAINTY_MEASURE_WITH_UNIT (LENGTH_MEASURE( 1.000000000000000100E-005 ), #4110, 'distance_accuracy_value', 'NONE');
#8268 =( NAMED_UNIT ( * ) PLANE_ANGLE_UNIT ( ) SI_UNIT ( $, .RADIAN. ) );
#8269 = EDGE_CURVE ( 'NONE', #2333, #9213, #1523, .T. ) ;
#8270 = UNCERTAINTY_MEASURE_WITH_UNIT (LENGTH_MEASURE( 1.000000000000000100E-005 ), #4934, 'distance_accuracy_value', 'NONE');
#8271 = ORIENTED_EDGE ( 'NONE', *, *, #4001, .F. ) ;
#8272 = SURFACE_SIDE_STYLE ('',( #2609 ) ) ;
#8273 = ORIENTED_EDGE ( 'NONE', *, *, #3693, .F. ) ;
#8274 = EDGE_CURVE ( 'NONE', #1312, #9562, #8534, .T. ) ;
#8275 = DIRECTION ( 'NONE',  ( -0.0000000000000000000, -0.0000000000000000000, -1.000000000000000000 ) ) ;
#8276 = FILL_AREA_STYLE ('',( #7416 ) ) ;
#8277 = PRESENTATION_LAYER_ASSIGNMENT (  '', '', ( #7115 ) ) ;
#8278 = LENGTH_MEASURE_WITH_UNIT ( LENGTH_MEASURE( 0.02539999999999999900 ), #3247 );
#8279 = UNCERTAINTY_MEASURE_WITH_UNIT (LENGTH_MEASURE( 1.000000000000000100E-005 ), #10929, 'distance_accuracy_value', 'NONE');
#8280 = SURFACE_STYLE_FILL_AREA ( #372 ) ;
#8281 = EDGE_LOOP ( 'NONE', ( #5159, #3862, #10478, #5310 ) ) ;
#8282 =( CONVERSION_BASED_UNIT ( 'INCH', #2601 ) LENGTH_UNIT ( ) NAMED_UNIT ( #3620 ) );
#8283 = ORIENTED_EDGE ( 'NONE', *, *, #558, .F. ) ;
#8284 = ORIENTED_EDGE ( 'NONE', *, *, #2588, .F. ) ;
#8285 = FILL_AREA_STYLE_COLOUR ( '', #5527 ) ;
#8286 = VECTOR ( 'NONE', #2610, 39.37007874015748100 ) ;
#8287 = FACE_OUTER_BOUND ( 'NONE', #7876, .T. ) ;
#8288 =( NAMED_UNIT ( * ) SI_UNIT ( $, .STERADIAN. ) SOLID_ANGLE_UNIT ( ) );
#8289 =( LENGTH_UNIT ( ) NAMED_UNIT ( * ) SI_UNIT ( $, .METRE. ) );
#8290 = LENGTH_MEASURE_WITH_UNIT ( LENGTH_MEASURE( 0.02539999999999999900 ), #7136 );
#8291 = LINE ( 'NONE', #4364, #2513 ) ;
#8292 = ORIENTED_EDGE ( 'NONE', *, *, #10894, .F. ) ;
#8293 = SURFACE_STYLE_USAGE ( .BOTH. , #8363 ) ;
#8294 =( GEOMETRIC_REPRESENTATION_CONTEXT ( 3 ) GLOBAL_UNCERTAINTY_ASSIGNED_CONTEXT ( ( #1371 ) ) GLOBAL_UNIT_ASSIGNED_CONTEXT ( ( #7593, #2314, #8459 ) ) REPRESENTATION_CONTEXT ( 'NONE', 'WORKASPACE' ) );
#8295 = EDGE_LOOP ( 'NONE', ( #778, #7992, #8963, #6949 ) ) ;
#8296 = VERTEX_POINT ( 'NONE', #10068 ) ;
#8297 = FACE_OUTER_BOUND ( 'NONE', #4961, .T. ) ;
#8298 = DIRECTION ( 'NONE',  ( -1.000000000000000000, 0.0000000000000000000, -0.0000000000000000000 ) ) ;
#8299 = PRESENTATION_STYLE_ASSIGNMENT (( #9864 ) ) ;
#8300 = ORIENTED_EDGE ( 'NONE', *, *, #5439, .F. ) ;
#8301 = COLOUR_RGB ( '',0.9686274509803921600, 0.8784313725490196000, 0.5999999999999999800 ) ;
#8302 =( LENGTH_UNIT ( ) NAMED_UNIT ( * ) SI_UNIT ( $, .METRE. ) );
#8303 = CIRCLE ( 'NONE', #8141, 0.01476377952843348400 ) ;
#8304 =( GEOMETRIC_REPRESENTATION_CONTEXT ( 3 ) GLOBAL_UNCERTAINTY_ASSIGNED_CONTEXT ( ( #2844 ) ) GLOBAL_UNIT_ASSIGNED_CONTEXT ( ( #10468, #5249, #11333 ) ) REPRESENTATION_CONTEXT ( 'NONE', 'WORKASPACE' ) );
#8305 = VECTOR ( 'NONE', #4367, 39.37007874015748100 ) ;
#8306 = ORIENTED_EDGE ( 'NONE', *, *, #5259, .F. ) ;
#8307 = DIRECTION ( 'NONE',  ( -4.818676322157796400E-016, 0.0000000000000000000, -1.000000000000000000 ) ) ;
#8308 = STYLED_ITEM ( 'NONE', ( #8443 ), #4221 ) ;
#8309 =( CONVERSION_BASED_UNIT ( 'INCH', #11253 ) LENGTH_UNIT ( ) NAMED_UNIT ( #7064 ) );
#8310 = DIRECTION ( 'NONE',  ( 0.0000000000000000000, 0.0000000000000000000, 1.000000000000000000 ) ) ;
#8311 = MANIFOLD_SOLID_BREP ( 'Boss-Extrude2[17]', #7506 ) ;
#8312 = DIMENSIONAL_EXPONENTS ( 1.000000000000000000, 0.0000000000000000000, 0.0000000000000000000, 0.0000000000000000000, 0.0000000000000000000, 0.0000000000000000000, 0.0000000000000000000 ) ;
#8313 = EDGE_LOOP ( 'NONE', ( #897, #6113, #10035, #6819 ) ) ;
#8314 = CARTESIAN_POINT ( 'NONE',  ( -0.07283464566929134800, 0.0000000000000000000, -0.03070866141732280000 ) ) ;
#8315 = FACE_OUTER_BOUND ( 'NONE', #5546, .T. ) ;
#8316 = LENGTH_MEASURE_WITH_UNIT ( LENGTH_MEASURE( 0.02539999999999999900 ), #2019 );
#8317 = STYLED_ITEM ( 'NONE', ( #7208 ), #1035 ) ;
#8318 = ORIENTED_EDGE ( 'NONE', *, *, #2823, .T. ) ;
#8319 = CARTESIAN_POINT ( 'NONE',  ( -0.07283464566929134800, -0.02046108103966344500, -0.02047244094488185500 ) ) ;
#8320 =( CONVERSION_BASED_UNIT ( 'INCH', #9589 ) LENGTH_UNIT ( ) NAMED_UNIT ( #1320 ) );
#8321 = STYLED_ITEM ( 'NONE', ( #809 ), #10215 ) ;
#8322 = ORIENTED_EDGE ( 'NONE', *, *, #3705, .T. ) ;
#8323 = FILL_AREA_STYLE ('',( #8623 ) ) ;
#8324 =( GEOMETRIC_REPRESENTATION_CONTEXT ( 3 ) GLOBAL_UNCERTAINTY_ASSIGNED_CONTEXT ( ( #5055 ) ) GLOBAL_UNIT_ASSIGNED_CONTEXT ( ( #8771, #8733, #8049 ) ) REPRESENTATION_CONTEXT ( 'NONE', 'WORKASPACE' ) );
#8325 =( GEOMETRIC_REPRESENTATION_CONTEXT ( 3 ) GLOBAL_UNCERTAINTY_ASSIGNED_CONTEXT ( ( #119 ) ) GLOBAL_UNIT_ASSIGNED_CONTEXT ( ( #2537, #8686, #3421 ) ) REPRESENTATION_CONTEXT ( 'NONE', 'WORKASPACE' ) );
#8326 = CARTESIAN_POINT ( 'NONE',  ( -0.05629921259842520000, 0.009842519685039369900, -0.06889763779527555100 ) ) ;
#8327 = ORIENTED_EDGE ( 'NONE', *, *, #8568, .F. ) ;
#8328 = AXIS2_PLACEMENT_3D ( 'NONE', #1124, #7284, #2010 ) ;
#8329 = VECTOR ( 'NONE', #400, 39.37007874015748100 ) ;
#8330 = ADVANCED_FACE ( 'NONE', ( #5920 ), #3109, .F. ) ;
#8331 = CARTESIAN_POINT ( 'NONE',  ( 0.09251968503937012300, 0.03937007874015748000, 0.08858267716535438200 ) ) ;
#8332 = CARTESIAN_POINT ( 'NONE',  ( 0.09055118110236225200, -0.02046108103966344500, 0.05629921259842520600 ) ) ;
#8333 = EDGE_LOOP ( 'NONE', ( #8833, #2819, #343, #3566 ) ) ;
#8334 = PLANE ( 'NONE',  #8830 ) ;
#8335 = PRESENTATION_LAYER_ASSIGNMENT (  '', '', ( #7171 ) ) ;
#8336 = VECTOR ( 'NONE', #3656, 39.37007874015748100 ) ;
#8337 = DIMENSIONAL_EXPONENTS ( 1.000000000000000000, 0.0000000000000000000, 0.0000000000000000000, 0.0000000000000000000, 0.0000000000000000000, 0.0000000000000000000, 0.0000000000000000000 ) ;
#8338 = CARTESIAN_POINT ( 'NONE',  ( 0.03070866141732283800, 0.009842519685039369900, 0.06889763779527562100 ) ) ;
#8339 = SURFACE_STYLE_USAGE ( .BOTH. , #9147 ) ;
#8340 = CARTESIAN_POINT ( 'NONE',  ( -0.09251968503937006700, 0.03937007874015748000, 0.08858267716535438200 ) ) ;
#8341 = ORIENTED_EDGE ( 'NONE', *, *, #2319, .T. ) ;
#8342 = CARTESIAN_POINT ( 'NONE',  ( 0.0000000000000000000, 0.0000000000000000000, 0.06889763779527562100 ) ) ;
#8343 = EDGE_CURVE ( 'NONE', #8383, #1717, #3996, .T. ) ;
#8344 = DIMENSIONAL_EXPONENTS ( 1.000000000000000000, 0.0000000000000000000, 0.0000000000000000000, 0.0000000000000000000, 0.0000000000000000000, 0.0000000000000000000, 0.0000000000000000000 ) ;
#8345 =( LENGTH_UNIT ( ) NAMED_UNIT ( * ) SI_UNIT ( $, .METRE. ) );
#8346 = DIRECTION ( 'NONE',  ( 0.0000000000000000000, -0.0000000000000000000, 1.000000000000000000 ) ) ;
#8347 = FILL_AREA_STYLE ('',( #6552 ) ) ;
#8348 = FILL_AREA_STYLE ('',( #7488 ) ) ;
#8349 = EDGE_CURVE ( 'NONE', #9797, #1579, #1656, .T. ) ;
#8350 = DIRECTION ( 'NONE',  ( 1.000000000000000000, 0.0000000000000000000, 0.0000000000000000000 ) ) ;
#8351 = PRESENTATION_LAYER_ASSIGNMENT (  '', '', ( #7183 ) ) ;
#8352 = UNCERTAINTY_MEASURE_WITH_UNIT (LENGTH_MEASURE( 1.000000000000000100E-005 ), #7864, 'distance_accuracy_value', 'NONE');
#8353 = DIRECTION ( 'NONE',  ( 0.0000000000000000000, -0.0000000000000000000, -1.000000000000000000 ) ) ;
#8354 = ORIENTED_EDGE ( 'NONE', *, *, #7021, .T. ) ;
#8355 = PRESENTATION_STYLE_ASSIGNMENT (( #5458 ) ) ;
#8356 =( NAMED_UNIT ( * ) PLANE_ANGLE_UNIT ( ) SI_UNIT ( $, .RADIAN. ) );
#8357 = PLANE ( 'NONE',  #6849 ) ;
#8358 =( NAMED_UNIT ( * ) SI_UNIT ( $, .STERADIAN. ) SOLID_ANGLE_UNIT ( ) );
#8359 = EDGE_CURVE ( 'NONE', #2096, #9021, #6326, .T. ) ;
#8360 =( NAMED_UNIT ( * ) SI_UNIT ( $, .STERADIAN. ) SOLID_ANGLE_UNIT ( ) );
#8361 = CARTESIAN_POINT ( 'NONE',  ( 0.04606299212598425500, 0.009842519685039369900, -0.08661417322834641400 ) ) ;
#8362 =( NAMED_UNIT ( * ) SI_UNIT ( $, .STERADIAN. ) SOLID_ANGLE_UNIT ( ) );
#8363 = SURFACE_SIDE_STYLE ('',( #7724 ) ) ;
#8364 = LINE ( 'NONE', #5320, #8646 ) ;
#8365 =( GEOMETRIC_REPRESENTATION_CONTEXT ( 3 ) GLOBAL_UNCERTAINTY_ASSIGNED_CONTEXT ( ( #471 ) ) GLOBAL_UNIT_ASSIGNED_CONTEXT ( ( #1143, #7296, #2029 ) ) REPRESENTATION_CONTEXT ( 'NONE', 'WORKASPACE' ) );
#8366 = COLOUR_RGB ( '',0.9686274509803921600, 0.8784313725490196000, 0.5999999999999999800 ) ;
#8367 = CARTESIAN_POINT ( 'NONE',  ( -0.03070866141732284500, 0.009842519685039369900, -0.08661417322834641400 ) ) ;
#8368 = CARTESIAN_POINT ( 'NONE',  ( 0.03070866141732283800, 0.009842519685039369900, 0.08661417322834648300 ) ) ;
#8369 = CARTESIAN_POINT ( 'NONE',  ( 0.005118110236220473200, 0.0000000000000000000, -0.06889763779527555100 ) ) ;
#8370 =( NAMED_UNIT ( * ) PLANE_ANGLE_UNIT ( ) SI_UNIT ( $, .RADIAN. ) );
#8371 = LINE ( 'NONE', #6940, #10673 ) ;
#8372 = DIRECTION ( 'NONE',  ( 1.000000000000000000, 0.0000000000000000000, -0.0000000000000000000 ) ) ;
#8373 = MECHANICAL_DESIGN_GEOMETRIC_PRESENTATION_REPRESENTATION (  '', ( #6626 ), #8967 ) ;
#8374 = SURFACE_STYLE_USAGE ( .BOTH. , #8456 ) ;
#8375 = DIRECTION ( 'NONE',  ( 2.409338161078899700E-016, 0.0000000000000000000, 1.000000000000000000 ) ) ;
#8376 = CARTESIAN_POINT ( 'NONE',  ( 0.005118110236220471500, 0.009842519685039369900, 0.08661417322834648300 ) ) ;
#8377 = DIRECTION ( 'NONE',  ( -1.000000000000000000, -0.0000000000000000000, -0.0000000000000000000 ) ) ;
#8378 = CARTESIAN_POINT ( 'NONE',  ( 0.0000000000000000000, 0.009842519685039369900, 0.0000000000000000000 ) ) ;
#8379 = SURFACE_STYLE_FILL_AREA ( #5470 ) ;
#8380 = ADVANCED_FACE ( 'NONE', ( #10424 ), #1399, .F. ) ;
#8381 = STYLED_ITEM ( 'NONE', ( #4826 ), #9760 ) ;
#8382 = SURFACE_SIDE_STYLE ('',( #1133 ) ) ;
#8383 = VERTEX_POINT ( 'NONE', #10920 ) ;
#8384 =( GEOMETRIC_REPRESENTATION_CONTEXT ( 3 ) GLOBAL_UNCERTAINTY_ASSIGNED_CONTEXT ( ( #4389 ) ) GLOBAL_UNIT_ASSIGNED_CONTEXT ( ( #9061, #3798, #9940 ) ) REPRESENTATION_CONTEXT ( 'NONE', 'WORKASPACE' ) );
#8385 = COLOUR_RGB ( '',0.9686274509803921600, 0.8784313725490196000, 0.5999999999999999800 ) ;
#8386 = PRESENTATION_STYLE_ASSIGNMENT (( #7838 ) ) ;
#8387 = DIRECTION ( 'NONE',  ( 0.0000000000000000000, -0.0000000000000000000, -1.000000000000000000 ) ) ;
#8388 = DIRECTION ( 'NONE',  ( 1.204669080539449800E-016, 0.0000000000000000000, 1.000000000000000000 ) ) ;
#8389 =( GEOMETRIC_REPRESENTATION_CONTEXT ( 3 ) GLOBAL_UNCERTAINTY_ASSIGNED_CONTEXT ( ( #5256 ) ) GLOBAL_UNIT_ASSIGNED_CONTEXT ( ( #2854, #9012, #3735 ) ) REPRESENTATION_CONTEXT ( 'NONE', 'WORKASPACE' ) );
#8390 =( NAMED_UNIT ( * ) SI_UNIT ( $, .STERADIAN. ) SOLID_ANGLE_UNIT ( ) );
#8391 = VECTOR ( 'NONE', #5780, 39.37007874015748100 ) ;
#8392 =( GEOMETRIC_REPRESENTATION_CONTEXT ( 3 ) GLOBAL_UNCERTAINTY_ASSIGNED_CONTEXT ( ( #3277 ) ) GLOBAL_UNIT_ASSIGNED_CONTEXT ( ( #3565, #3504, #3460 ) ) REPRESENTATION_CONTEXT ( 'NONE', 'WORKASPACE' ) );
#8393 = VERTEX_POINT ( 'NONE', #2318 ) ;
#8394 =( NAMED_UNIT ( * ) PLANE_ANGLE_UNIT ( ) SI_UNIT ( $, .RADIAN. ) );
#8395 = MECHANICAL_DESIGN_GEOMETRIC_PRESENTATION_REPRESENTATION (  '', ( #6653 ), #8997 ) ;
#8396 = COLOUR_RGB ( '',0.2509803921568627400, 0.2509803921568627400, 0.2509803921568627400 ) ;
#8397 = VECTOR ( 'NONE', #1087, 39.37007874015748100 ) ;
#8398 = PRESENTATION_LAYER_ASSIGNMENT (  '', '', ( #7255 ) ) ;
#8399 = LINE ( 'NONE', #7338, #3721 ) ;
#8400 = ORIENTED_EDGE ( 'NONE', *, *, #10951, .F. ) ;
#8401 = EDGE_CURVE ( 'NONE', #10964, #6114, #9622, .T. ) ;
#8402 = ORIENTED_EDGE ( 'NONE', *, *, #634, .T. ) ;
#8403 = SURFACE_STYLE_FILL_AREA ( #3968 ) ;
#8404 = LENGTH_MEASURE_WITH_UNIT ( LENGTH_MEASURE( 0.02539999999999999900 ), #10320 );
#8405 = EDGE_CURVE ( 'NONE', #156, #7546, #2599, .T. ) ;
#8406 = SURFACE_SIDE_STYLE ('',( #4258 ) ) ;
#8407 = ORIENTED_EDGE ( 'NONE', *, *, #5916, .F. ) ;
#8408 = COLOUR_RGB ( '',0.2509803921568627400, 0.2509803921568627400, 0.2509803921568627400 ) ;
#8409 = FILL_AREA_STYLE_COLOUR ( '', #912 ) ;
#8410 = ORIENTED_EDGE ( 'NONE', *, *, #7496, .T. ) ;
#8411 = EDGE_LOOP ( 'NONE', ( #9170, #10457, #7061, #6811 ) ) ;
#8412 =( LENGTH_UNIT ( ) NAMED_UNIT ( * ) SI_UNIT ( $, .METRE. ) );
#8413 = VECTOR ( 'NONE', #6466, 39.37007874015748100 ) ;
#8414 = CARTESIAN_POINT ( 'NONE',  ( 0.07283464566929137600, 0.0000000000000000000, 0.005118110236220474100 ) ) ;
#8415 = DIRECTION ( 'NONE',  ( -0.0000000000000000000, -1.000000000000000000, -0.0000000000000000000 ) ) ;
#8416 = DIMENSIONAL_EXPONENTS ( 1.000000000000000000, 0.0000000000000000000, 0.0000000000000000000, 0.0000000000000000000, 0.0000000000000000000, 0.0000000000000000000, 0.0000000000000000000 ) ;
#8417 = CARTESIAN_POINT ( 'NONE',  ( 0.07283464566929137600, 0.009842519685039369900, 0.02047244094488188900 ) ) ;
#8418 = LINE ( 'NONE', #7622, #6081 ) ;
#8419 = CARTESIAN_POINT ( 'NONE',  ( -0.02047244094488189300, 0.009842519685039369900, 0.08661417322834648300 ) ) ;
#8420 = VERTEX_POINT ( 'NONE', #603 ) ;
#8421 = EDGE_CURVE ( 'NONE', #10831, #2973, #4678, .T. ) ;
#8422 = FACE_OUTER_BOUND ( 'NONE', #3942, .T. ) ;
#8423 = FILL_AREA_STYLE ('',( #7563 ) ) ;
#8424 = VERTEX_POINT ( 'NONE', #6746 ) ;
#8425 = EDGE_CURVE ( 'NONE', #1000, #3086, #4956, .T. ) ;
#8426 = CARTESIAN_POINT ( 'NONE',  ( -0.09055118110236221000, 0.009842519685039369900, 0.005118110236220508800 ) ) ;
#8427 = ORIENTED_EDGE ( 'NONE', *, *, #7553, .F. ) ;
#8428 = SURFACE_SIDE_STYLE ('',( #1198 ) ) ;
#8429 = ORIENTED_EDGE ( 'NONE', *, *, #6812, .F. ) ;
#8430 = AXIS2_PLACEMENT_3D ( 'NONE', #7241, #1952, #8091 ) ;
#8431 = COLOUR_RGB ( '',0.9686274509803921600, 0.8784313725490196000, 0.5999999999999999800 ) ;
#8432 = LINE ( 'NONE', #6620, #8153 ) ;
#8433 = LINE ( 'NONE', #4218, #2799 ) ;
#8434 = SURFACE_SIDE_STYLE ('',( #10738 ) ) ;
#8435 = LENGTH_MEASURE_WITH_UNIT ( LENGTH_MEASURE( 0.02539999999999999900 ), #5258 );
#8436 =( NAMED_UNIT ( * ) SI_UNIT ( $, .STERADIAN. ) SOLID_ANGLE_UNIT ( ) );
#8437 = VECTOR ( 'NONE', #3342, 39.37007874015748100 ) ;
#8438 = ORIENTED_EDGE ( 'NONE', *, *, #2987, .F. ) ;
#8439 = EDGE_LOOP ( 'NONE', ( #2675, #4418, #205, #7658 ) ) ;
#8440 = ADVANCED_FACE ( 'NONE', ( #6750 ), #1799, .F. ) ;
#8441 = DIRECTION ( 'NONE',  ( 0.0000000000000000000, 0.0000000000000000000, -1.000000000000000000 ) ) ;
#8442 = ORIENTED_EDGE ( 'NONE', *, *, #7626, .T. ) ;
#8443 = PRESENTATION_STYLE_ASSIGNMENT (( #8453 ) ) ;
#8444 =( NAMED_UNIT ( * ) SI_UNIT ( $, .STERADIAN. ) SOLID_ANGLE_UNIT ( ) );
#8445 = SURFACE_STYLE_FILL_AREA ( #6017 ) ;
#8446 = ORIENTED_EDGE ( 'NONE', *, *, #2086, .F. ) ;
#8447 = MECHANICAL_DESIGN_GEOMETRIC_PRESENTATION_REPRESENTATION (  '', ( #6698 ), #9041 ) ;
#8448 = DIMENSIONAL_EXPONENTS ( 1.000000000000000000, 0.0000000000000000000, 0.0000000000000000000, 0.0000000000000000000, 0.0000000000000000000, 0.0000000000000000000, 0.0000000000000000000 ) ;
#8449 = CARTESIAN_POINT ( 'NONE',  ( -0.09055118110236222400, 0.0000000000000000000, -0.05629921259842515800 ) ) ;
#8450 = CARTESIAN_POINT ( 'NONE',  ( 0.07283464566929137600, -0.02046108103966344500, -0.04606299212598424800 ) ) ;
#8451 = ORIENTED_EDGE ( 'NONE', *, *, #3634, .T. ) ;
#8452 =( NAMED_UNIT ( * ) PLANE_ANGLE_UNIT ( ) SI_UNIT ( $, .RADIAN. ) );
#8453 = SURFACE_STYLE_USAGE ( .BOTH. , #5610 ) ;
#8454 = STYLED_ITEM ( 'NONE', ( #6360 ), #4477 ) ;
#8455 = DIMENSIONAL_EXPONENTS ( 1.000000000000000000, 0.0000000000000000000, 0.0000000000000000000, 0.0000000000000000000, 0.0000000000000000000, 0.0000000000000000000, 0.0000000000000000000 ) ;
#8456 = SURFACE_SIDE_STYLE ('',( #9511 ) ) ;
#8457 = ORIENTED_EDGE ( 'NONE', *, *, #5692, .T. ) ;
#8458 = CARTESIAN_POINT ( 'NONE',  ( -0.04606299212598425500, 0.0000000000000000000, -0.06889763779527555100 ) ) ;
#8459 =( NAMED_UNIT ( * ) SI_UNIT ( $, .STERADIAN. ) SOLID_ANGLE_UNIT ( ) );
#8460 =( LENGTH_UNIT ( ) NAMED_UNIT ( * ) SI_UNIT ( $, .METRE. ) );
#8461 = ORIENTED_EDGE ( 'NONE', *, *, #1644, .T. ) ;
#8462 =( GEOMETRIC_REPRESENTATION_CONTEXT ( 3 ) GLOBAL_UNCERTAINTY_ASSIGNED_CONTEXT ( ( #881 ) ) GLOBAL_UNIT_ASSIGNED_CONTEXT ( ( #8255, #8216, #8187 ) ) REPRESENTATION_CONTEXT ( 'NONE', 'WORKASPACE' ) );
#8463 = CARTESIAN_POINT ( 'NONE',  ( -0.04606299212598425500, 0.009842519685039369900, -0.06889763779527555100 ) ) ;
#8464 = CARTESIAN_POINT ( 'NONE',  ( -0.07283464566929133400, 0.0000000000000000000, 0.02047244094488192400 ) ) ;
#8465 = SURFACE_STYLE_FILL_AREA ( #8147 ) ;
#8466 = DIMENSIONAL_EXPONENTS ( 1.000000000000000000, 0.0000000000000000000, 0.0000000000000000000, 0.0000000000000000000, 0.0000000000000000000, 0.0000000000000000000, 0.0000000000000000000 ) ;
#8467 = PRESENTATION_LAYER_ASSIGNMENT (  '', '', ( #7307 ) ) ;
#8468 = FILL_AREA_STYLE ('',( #8661 ) ) ;
#8469 = CARTESIAN_POINT ( 'NONE',  ( -0.09055118110236221000, 0.009842519685039369900, 0.005118110236220508800 ) ) ;
#8470 = MECHANICAL_DESIGN_GEOMETRIC_PRESENTATION_REPRESENTATION (  '', ( #6723 ), #9058 ) ;
#8471 = VERTEX_POINT ( 'NONE', #7981 ) ;
#8472 = SURFACE_STYLE_USAGE ( .BOTH. , #2324 ) ;
#8473 = STYLED_ITEM ( 'NONE', ( #3831 ), #7308 ) ;
#8474 =( CONVERSION_BASED_UNIT ( 'INCH', #10970 ) LENGTH_UNIT ( ) NAMED_UNIT ( #6144 ) );
#8475 = LENGTH_MEASURE_WITH_UNIT ( LENGTH_MEASURE( 0.02539999999999999900 ), #4354 );
#8476 = LINE ( 'NONE', #4420, #1470 ) ;
#8477 = SURFACE_SIDE_STYLE ('',( #617 ) ) ;
#8478 = UNCERTAINTY_MEASURE_WITH_UNIT (LENGTH_MEASURE( 1.000000000000000100E-005 ), #4014, 'distance_accuracy_value', 'NONE');
#8479 = VERTEX_POINT ( 'NONE', #7947 ) ;
#8480 =( NAMED_UNIT ( * ) PLANE_ANGLE_UNIT ( ) SI_UNIT ( $, .RADIAN. ) );
#8481 = LINE ( 'NONE', #7006, #1748 ) ;
#8483 = UNCERTAINTY_MEASURE_WITH_UNIT (LENGTH_MEASURE( 1.000000000000000100E-005 ), #1057, 'distance_accuracy_value', 'NONE');
#8482 = SURFACE_SIDE_STYLE ('',( #2874 ) ) ;
#8484 = FACE_OUTER_BOUND ( 'NONE', #3193, .T. ) ;
#8485 = DIRECTION ( 'NONE',  ( -0.0000000000000000000, -1.000000000000000000, -0.0000000000000000000 ) ) ;
#8486 = PLANE ( 'NONE',  #6415 ) ;
#8487 = EDGE_CURVE ( 'NONE', #11024, #8148, #7975, .T. ) ;
#8488 =( NAMED_UNIT ( * ) PLANE_ANGLE_UNIT ( ) SI_UNIT ( $, .RADIAN. ) );
#8489 = SURFACE_STYLE_USAGE ( .BOTH. , #2348 ) ;
#8490 = CARTESIAN_POINT ( 'NONE',  ( -0.05629921259842520600, 0.009842519685039369900, -0.08661417322834641400 ) ) ;
#8491 = EDGE_CURVE ( 'NONE', #8046, #2108, #5904, .T. ) ;
#8492 = COLOUR_RGB ( '',0.9686274509803921600, 0.8784313725490196000, 0.5999999999999999800 ) ;
#8493 = PRESENTATION_STYLE_ASSIGNMENT (( #7069 ) ) ;
#8494 = SURFACE_STYLE_USAGE ( .BOTH. , #2350 ) ;
#8495 = CARTESIAN_POINT ( 'NONE',  ( -0.02047244094488189300, 0.009842519685039369900, -0.08661417322834641400 ) ) ;
#8496 = ADVANCED_FACE ( 'NONE', ( #3564 ), #6257, .F. ) ;
#8497 = AXIS2_PLACEMENT_3D ( 'NONE', #10662, #5456, #195 ) ;
#8498 = CARTESIAN_POINT ( 'NONE',  ( 0.0000000000000000000, 0.0000000000000000000, -0.08661417322834641400 ) ) ;
#8499 = FILL_AREA_STYLE ('',( #8654 ) ) ;
#8500 = VECTOR ( 'NONE', #7634, 39.37007874015748100 ) ;
#8501 =( NAMED_UNIT ( * ) PLANE_ANGLE_UNIT ( ) SI_UNIT ( $, .RADIAN. ) );
#8502 = SURFACE_STYLE_USAGE ( .BOTH. , #2361 ) ;
#8503 = PRESENTATION_STYLE_ASSIGNMENT (( #7159 ) ) ;
#8504 = DIRECTION ( 'NONE',  ( 1.000000000000000000, 0.0000000000000000000, 0.0000000000000000000 ) ) ;
#8505 = CARTESIAN_POINT ( 'NONE',  ( -0.005118110236220473200, 0.009842519685039369900, 0.06889763779527562100 ) ) ;
#8506 = FILL_AREA_STYLE ('',( #11163 ) ) ;
#8507 = FILL_AREA_STYLE ('',( #2370 ) ) ;
#8508 = VECTOR ( 'NONE', #3273, 39.37007874015748100 ) ;
#8509 = MECHANICAL_DESIGN_GEOMETRIC_PRESENTATION_REPRESENTATION (  '', ( #6758 ), #9100 ) ;
#8510 =( LENGTH_UNIT ( ) NAMED_UNIT ( * ) SI_UNIT ( $, .METRE. ) );
#8511 = CARTESIAN_POINT ( 'NONE',  ( 0.09055118110236225200, 0.0000000000000000000, 0.0000000000000000000 ) ) ;
#8512 = ORIENTED_EDGE ( 'NONE', *, *, #5626, .T. ) ;
#8513 = FACE_OUTER_BOUND ( 'NONE', #8582, .T. ) ;
#8514 = ORIENTED_EDGE ( 'NONE', *, *, #1872, .F. ) ;
#8515 =( CONVERSION_BASED_UNIT ( 'INCH', #8971 ) LENGTH_UNIT ( ) NAMED_UNIT ( #1750 ) );
#8516 = LINE ( 'NONE', #8944, #6172 ) ;
#8517 = MECHANICAL_DESIGN_GEOMETRIC_PRESENTATION_REPRESENTATION (  '', ( #6765 ), #9106 ) ;
#8518 = COLOUR_RGB ( '',0.9686274509803921600, 0.8784313725490196000, 0.5999999999999999800 ) ;
#8519 = MECHANICAL_DESIGN_GEOMETRIC_PRESENTATION_REPRESENTATION (  '', ( #6767 ), #9108 ) ;
#8520 = VECTOR ( 'NONE', #11122, 39.37007874015748100 ) ;
#8521 = CARTESIAN_POINT ( 'NONE',  ( 0.09055118110236223800, 0.009842519685039369900, -0.03070866141732283800 ) ) ;
#8522 = PRESENTATION_STYLE_ASSIGNMENT (( #1763 ) ) ;
#8523 = DIRECTION ( 'NONE',  ( -1.000000000000000000, -0.0000000000000000000, 0.0000000000000000000 ) ) ;
#8524 = DIRECTION ( 'NONE',  ( -2.409338161078899700E-016, -0.0000000000000000000, -1.000000000000000000 ) ) ;
#8525 = FACE_BOUND ( 'NONE', #1810, .T. ) ;
#8526 = VERTEX_POINT ( 'NONE', #1048 ) ;
#8527 =( CONVERSION_BASED_UNIT ( 'INCH', #4656 ) LENGTH_UNIT ( ) NAMED_UNIT ( #6272 ) );
#8528 =( GEOMETRIC_REPRESENTATION_CONTEXT ( 3 ) GLOBAL_UNCERTAINTY_ASSIGNED_CONTEXT ( ( #2042 ) ) GLOBAL_UNIT_ASSIGNED_CONTEXT ( ( #2323, #2294, #1602 ) ) REPRESENTATION_CONTEXT ( 'NONE', 'WORKASPACE' ) );
#8529 = SURFACE_SIDE_STYLE ('',( #11085 ) ) ;
#8530 = FACE_OUTER_BOUND ( 'NONE', #7873, .T. ) ;
#8531 =( CONVERSION_BASED_UNIT ( 'INCH', #3745 ) LENGTH_UNIT ( ) NAMED_UNIT ( #7319 ) );
#8532 = SURFACE_STYLE_FILL_AREA ( #9000 ) ;
#8533 = DIRECTION ( 'NONE',  ( -0.0000000000000000000, 0.0000000000000000000, 1.000000000000000000 ) ) ;
#8534 = LINE ( 'NONE', #7453, #8252 ) ;
#8535 = CARTESIAN_POINT ( 'NONE',  ( 0.07283464566929137600, 0.0000000000000000000, -0.03070866141732283800 ) ) ;
#8536 = MECHANICAL_DESIGN_GEOMETRIC_PRESENTATION_REPRESENTATION (  '', ( #7390 ), #9123 ) ;
#8537 = MECHANICAL_DESIGN_GEOMETRIC_PRESENTATION_REPRESENTATION (  '', ( #6783 ), #9125 ) ;
#8538 = ORIENTED_EDGE ( 'NONE', *, *, #1797, .T. ) ;
#8539 = ORIENTED_EDGE ( 'NONE', *, *, #7270, .T. ) ;
#8540 = CARTESIAN_POINT ( 'NONE',  ( 0.0000000000000000000, 0.0000000000000000000, 0.0000000000000000000 ) ) ;
#8541 = AXIS2_PLACEMENT_3D ( 'NONE', #3284, #9423, #4170 ) ;
#8542 = DIRECTION ( 'NONE',  ( -1.000000000000000000, -0.0000000000000000000, 0.0000000000000000000 ) ) ;
#8543 = LINE ( 'NONE', #1697, #1529 ) ;
#8544 = VECTOR ( 'NONE', #4459, 39.37007874015748100 ) ;
#8545 = CARTESIAN_POINT ( 'NONE',  ( -0.07283464566929134800, 0.009842519685039369900, -0.03070866141732280000 ) ) ;
#8547 = CARTESIAN_POINT ( 'NONE',  ( 0.07283464566929139000, 0.009842519685039369900, 0.03070866141732283800 ) ) ;
#8546 = FACE_OUTER_BOUND ( 'NONE', #9469, .T. ) ;
#8548 = UNCERTAINTY_MEASURE_WITH_UNIT (LENGTH_MEASURE( 1.000000000000000100E-005 ), #7126, 'distance_accuracy_value', 'NONE');
#8549 = DIRECTION ( 'NONE',  ( -1.000000000000000000, 0.0000000000000000000, -0.0000000000000000000 ) ) ;
#8550 = EDGE_CURVE ( 'NONE', #4358, #10821, #6886, .T. ) ;
#8551 = ORIENTED_EDGE ( 'NONE', *, *, #3057, .F. ) ;
#8552 = EDGE_LOOP ( 'NONE', ( #6684, #571, #6170, #1958 ) ) ;
#8553 = SURFACE_STYLE_USAGE ( .BOTH. , #8600 ) ;
#8554 = VERTEX_POINT ( 'NONE', #6291 ) ;
#8555 = SURFACE_STYLE_FILL_AREA ( #3357 ) ;
#8556 = SURFACE_STYLE_FILL_AREA ( #662 ) ;
#8557 = ADVANCED_FACE ( 'NONE', ( #35 ), #8938, .F. ) ;
#8558 = UNCERTAINTY_MEASURE_WITH_UNIT (LENGTH_MEASURE( 1.000000000000000100E-005 ), #8888, 'distance_accuracy_value', 'NONE');
#8559 =( CONVERSION_BASED_UNIT ( 'INCH', #10342 ) LENGTH_UNIT ( ) NAMED_UNIT ( #11305 ) );
#8560 = COLOUR_RGB ( '',0.9686274509803921600, 0.8784313725490196000, 0.5999999999999999800 ) ;
#8561 = ORIENTED_EDGE ( 'NONE', *, *, #1662, .T. ) ;
#8562 = SURFACE_STYLE_FILL_AREA ( #9620 ) ;
#8563 =( LENGTH_UNIT ( ) NAMED_UNIT ( * ) SI_UNIT ( $, .METRE. ) );
#8564 = EDGE_CURVE ( 'NONE', #7899, #10435, #5923, .T. ) ;
#8565 = ORIENTED_EDGE ( 'NONE', *, *, #4450, .F. ) ;
#8566 = ORIENTED_EDGE ( 'NONE', *, *, #9172, .T. ) ;
#8567 = DIMENSIONAL_EXPONENTS ( 1.000000000000000000, 0.0000000000000000000, 0.0000000000000000000, 0.0000000000000000000, 0.0000000000000000000, 0.0000000000000000000, 0.0000000000000000000 ) ;
#8568 = EDGE_CURVE ( 'NONE', #4447, #3049, #4539, .T. ) ;
#8569 = VECTOR ( 'NONE', #11334, 39.37007874015748100 ) ;
#8570 = AXIS2_PLACEMENT_3D ( 'NONE', #1340, #7510, #2225 ) ;
#8571 = CARTESIAN_POINT ( 'NONE',  ( 0.09055118110236225200, 0.0000000000000000000, 0.05629921259842520600 ) ) ;
#8572 = LENGTH_MEASURE_WITH_UNIT ( LENGTH_MEASURE( 0.02539999999999999900 ), #4903 );
#8573 = ORIENTED_EDGE ( 'NONE', *, *, #111, .F. ) ;
#8574 =( LENGTH_UNIT ( ) NAMED_UNIT ( * ) SI_UNIT ( $, .METRE. ) );
#8575 = SURFACE_STYLE_FILL_AREA ( #6803 ) ;
#8576 =( LENGTH_UNIT ( ) NAMED_UNIT ( * ) SI_UNIT ( $, .METRE. ) );
#8577 = VERTEX_POINT ( 'NONE', #5495 ) ;
#8578 = CARTESIAN_POINT ( 'NONE',  ( 0.02047244094488188900, 0.0000000000000000000, 0.06889763779527562100 ) ) ;
#8579 = ORIENTED_EDGE ( 'NONE', *, *, #4960, .F. ) ;
#8580 = CARTESIAN_POINT ( 'NONE',  ( 0.04606299212598424800, 0.009842519685039369900, 0.0000000000000000000 ) ) ;
#8581 = LINE ( 'NONE', #10241, #10873 ) ;
#8582 = EDGE_LOOP ( 'NONE', ( #9121, #2343, #9140, #4613 ) ) ;
#8583 = FACE_OUTER_BOUND ( 'NONE', #4974, .T. ) ;
#8584 = EDGE_CURVE ( 'NONE', #6078, #9559, #5653, .T. ) ;
#8585 = VERTEX_POINT ( 'NONE', #1110 ) ;
#8586 = EDGE_CURVE ( 'NONE', #11303, #11135, #3575, .T. ) ;
#8587 = CARTESIAN_POINT ( 'NONE',  ( 0.09055118110236222400, 0.009842519685039369900, -0.05629921259842520000 ) ) ;
#8588 = CARTESIAN_POINT ( 'NONE',  ( 0.0000000000000000000, 0.0000000000000000000, -0.06889763779527555100 ) ) ;
#8589 =( GEOMETRIC_REPRESENTATION_CONTEXT ( 3 ) GLOBAL_UNCERTAINTY_ASSIGNED_CONTEXT ( ( #5125 ) ) GLOBAL_UNIT_ASSIGNED_CONTEXT ( ( #10261, #5030, #11125 ) ) REPRESENTATION_CONTEXT ( 'NONE', 'WORKASPACE' ) );
#8590 = DIMENSIONAL_EXPONENTS ( 1.000000000000000000, 0.0000000000000000000, 0.0000000000000000000, 0.0000000000000000000, 0.0000000000000000000, 0.0000000000000000000, 0.0000000000000000000 ) ;
#8591 = CARTESIAN_POINT ( 'NONE',  ( 0.04606299212598425500, 0.009842519685039369900, 0.06889763779527562100 ) ) ;
#8592 = CARTESIAN_POINT ( 'NONE',  ( 0.04606299212598425500, 0.009842519685039369900, 0.06889763779527562100 ) ) ;
#8593 = VERTEX_POINT ( 'NONE', #8124 ) ;
#8594 = DIRECTION ( 'NONE',  ( 1.000000000000000000, 0.0000000000000000000, -0.0000000000000000000 ) ) ;
#8595 = COLOUR_RGB ( '',0.2509803921568627400, 0.2509803921568627400, 0.2509803921568627400 ) ;
#8596 =( NAMED_UNIT ( * ) SI_UNIT ( $, .STERADIAN. ) SOLID_ANGLE_UNIT ( ) );
#8597 = ADVANCED_FACE ( 'NONE', ( #7988 ), #2864, .F. ) ;
#8598 = ORIENTED_EDGE ( 'NONE', *, *, #352, .F. ) ;
#8599 = CLOSED_SHELL ( 'NONE', ( #4124, #4071, #2282, #995, #11247, #10215, #6984, #9870, #4402, #3514, #108, #1357, #8208, #8056, #1243, #9568, #4989, #3035, #11143, #10540, #10511, #5083, #9722, #7377, #10659, #2754, #3710, #7660, #9188, #4639, #10103, #9672, #702, #3147, #766, #10994, #2983, #6311, #3895, #4329, #6777, #444, #10296, #1827, #933, #11195, #5371, #9990, #8964, #5428, #2853, #5897, #10932, #11106, #8756, #269, #6194, #5319, #9760, #6678, #6494, #9820, #7424, #7845, #10266, #3952, #2418, #967, #74, #3348, #122, #3266, #4818, #3783, #2223, #8818, #4221, #10151, #4263, #1942, #1899, #11309, #1760, #7492, #10772, #4477, #5575, #6871, #9302, #9248, #1416, #9352, #8557, #1563, #9506, #5199, #1669, #1728, #2630, #1846, #6283, #2611, #9701, #1879, #8380, #556, #8496, #3295, #8597, #8643, #808, #2533, #4598, #4554, #10451, #53, #10603, #4011, #2701, #3825 ) ) ;
#8600 = SURFACE_SIDE_STYLE ('',( #9229 ) ) ;
#8601 = CARTESIAN_POINT ( 'NONE',  ( 0.02047244094488188600, 0.009842519685039369900, -0.08661417322834641400 ) ) ;
#8602 = VERTEX_POINT ( 'NONE', #8169 ) ;
#8603 = SURFACE_STYLE_USAGE ( .BOTH. , #9253 ) ;
#8604 = EDGE_LOOP ( 'NONE', ( #9829, #10191, #9418, #8858 ) ) ;
#8605 = PRESENTATION_LAYER_ASSIGNMENT (  '', '', ( #7439 ) ) ;
#8606 = CARTESIAN_POINT ( 'NONE',  ( 0.07283464566929139000, 0.0000000000000000000, 0.05629921259842520600 ) ) ;
#8607 =( NAMED_UNIT ( * ) SI_UNIT ( $, .STERADIAN. ) SOLID_ANGLE_UNIT ( ) );
#8608 = ORIENTED_EDGE ( 'NONE', *, *, #5134, .F. ) ;
#8609 =( GEOMETRIC_REPRESENTATION_CONTEXT ( 3 ) GLOBAL_UNCERTAINTY_ASSIGNED_CONTEXT ( ( #6869 ) ) GLOBAL_UNIT_ASSIGNED_CONTEXT ( ( #4711, #4670, #4284 ) ) REPRESENTATION_CONTEXT ( 'NONE', 'WORKASPACE' ) );
#8610 = DIRECTION ( 'NONE',  ( -0.0000000000000000000, -0.0000000000000000000, 1.000000000000000000 ) ) ;
#8611 = MECHANICAL_DESIGN_GEOMETRIC_PRESENTATION_REPRESENTATION (  '', ( #6851 ), #9193 ) ;
#8612 = CARTESIAN_POINT ( 'NONE',  ( 0.0003937007874015829800, 0.1023622047255695900, 0.003413385826657816500 ) ) ;
#8613 = CARTESIAN_POINT ( 'NONE',  ( -0.04606299212598425500, 0.0000000000000000000, 0.0000000000000000000 ) ) ;
#8614 = MECHANICAL_DESIGN_GEOMETRIC_PRESENTATION_REPRESENTATION (  '', ( #6853 ), #9196 ) ;
#8615 = CARTESIAN_POINT ( 'NONE',  ( -0.07283464566929134800, -0.02046108103966344500, -0.03070866141732280000 ) ) ;
#8616 = LINE ( 'NONE', #4352, #10902 ) ;
#8617 = DIMENSIONAL_EXPONENTS ( 1.000000000000000000, 0.0000000000000000000, 0.0000000000000000000, 0.0000000000000000000, 0.0000000000000000000, 0.0000000000000000000, 0.0000000000000000000 ) ;
#8618 = PLANE ( 'NONE',  #3114 ) ;
#8619 = ORIENTED_EDGE ( 'NONE', *, *, #10529, .T. ) ;
#8620 = MECHANICAL_DESIGN_GEOMETRIC_PRESENTATION_REPRESENTATION (  '', ( #6861 ), #9200 ) ;
#8621 = LENGTH_MEASURE_WITH_UNIT ( LENGTH_MEASURE( 0.02539999999999999900 ), #3907 );
#8622 = PRESENTATION_LAYER_ASSIGNMENT (  '', '', ( #7465 ) ) ;
#8623 = FILL_AREA_STYLE_COLOUR ( '', #1516 ) ;
#8624 = AXIS2_PLACEMENT_3D ( 'NONE', #2322, #1632, #1601 ) ;
#8625 = PRESENTATION_STYLE_ASSIGNMENT (( #11301 ) ) ;
#8626 = DIRECTION ( 'NONE',  ( 0.0000000000000000000, 0.0000000000000000000, 1.000000000000000000 ) ) ;
#8627 = UNCERTAINTY_MEASURE_WITH_UNIT (LENGTH_MEASURE( 1.000000000000000100E-005 ), #9120, 'distance_accuracy_value', 'NONE');
#8628 =( CONVERSION_BASED_UNIT ( 'INCH', #2257 ) LENGTH_UNIT ( ) NAMED_UNIT ( #185 ) );
#8629 = UNCERTAINTY_MEASURE_WITH_UNIT (LENGTH_MEASURE( 1.000000000000000100E-005 ), #3797, 'distance_accuracy_value', 'NONE');
#8630 = LENGTH_MEASURE_WITH_UNIT ( LENGTH_MEASURE( 0.02539999999999999900 ), #2239 );
#8631 = ORIENTED_EDGE ( 'NONE', *, *, #8637, .F. ) ;
#8632 = EDGE_CURVE ( 'NONE', #1798, #2614, #2214, .T. ) ;
#8633 = FILL_AREA_STYLE ('',( #9025 ) ) ;
#8634 = PRESENTATION_STYLE_ASSIGNMENT (( #814 ) ) ;
#8635 = FACE_OUTER_BOUND ( 'NONE', #3921, .T. ) ;
#8636 = DIRECTION ( 'NONE',  ( -1.000000000000000000, 0.0000000000000000000, 1.204669080539449800E-016 ) ) ;
#8637 = EDGE_CURVE ( 'NONE', #2380, #7899, #4555, .T. ) ;
#8638 = UNCERTAINTY_MEASURE_WITH_UNIT (LENGTH_MEASURE( 1.000000000000000100E-005 ), #10988, 'distance_accuracy_value', 'NONE');
#8639 = VECTOR ( 'NONE', #4099, 39.37007874015748100 ) ;
#8640 = CARTESIAN_POINT ( 'NONE',  ( 0.0000000000000000000, 0.0000000000000000000, 0.005118110236220474100 ) ) ;
#8641 = LINE ( 'NONE', #4544, #6304 ) ;
#8642 = CARTESIAN_POINT ( 'NONE',  ( 0.0000000000000000000, 0.009842519685039369900, -0.005118110236220437700 ) ) ;
#8643 = ADVANCED_FACE ( 'NONE', ( #1943 ), #1188, .T. ) ;
#8644 = EDGE_CURVE ( 'NONE', #4146, #9682, #5518, .T. ) ;
#8645 = SURFACE_STYLE_USAGE ( .BOTH. , #8724 ) ;
#8646 = VECTOR ( 'NONE', #7954, 39.37007874015748100 ) ;
#8647 = DIRECTION ( 'NONE',  ( 1.000000000000000000, 0.0000000000000000000, -2.409338161078899700E-016 ) ) ;
#8648 = SURFACE_STYLE_USAGE ( .BOTH. , #2490 ) ;
#8649 = EDGE_CURVE ( 'NONE', #616, #4338, #7856, .T. ) ;
#8650 = CARTESIAN_POINT ( 'NONE',  ( 0.07283464566929139000, 0.0000000000000000000, 0.04606299212598425500 ) ) ;
#8651 = STYLED_ITEM ( 'NONE', ( #9343 ), #8440 ) ;
#8652 = FILL_AREA_STYLE ('',( #11213 ) ) ;
#8653 = COLOUR_RGB ( '',0.2509803921568627400, 0.2509803921568627400, 0.2509803921568627400 ) ;
#8654 = FILL_AREA_STYLE_COLOUR ( '', #144 ) ;
#8655 = PRESENTATION_STYLE_ASSIGNMENT (( #4046 ) ) ;
#8656 = DIRECTION ( 'NONE',  ( 0.0000000000000000000, -1.000000000000000000, -0.0000000000000000000 ) ) ;
#8657 = PRESENTATION_STYLE_ASSIGNMENT (( #3153 ) ) ;
#8658 = DIRECTION ( 'NONE',  ( 0.0000000000000000000, 0.0000000000000000000, -1.000000000000000000 ) ) ;
#8659 = PRESENTATION_STYLE_ASSIGNMENT (( #3404 ) ) ;
#8660 = UNCERTAINTY_MEASURE_WITH_UNIT (LENGTH_MEASURE( 1.000000000000000100E-005 ), #10734, 'distance_accuracy_value', 'NONE');
#8661 = FILL_AREA_STYLE_COLOUR ( '', #696 ) ;
#8662 =( LENGTH_UNIT ( ) NAMED_UNIT ( * ) SI_UNIT ( $, .METRE. ) );
#8663 = ORIENTED_EDGE ( 'NONE', *, *, #11168, .F. ) ;
#8664 = VECTOR ( 'NONE', #4493, 39.37007874015748100 ) ;
#8665 = LINE ( 'NONE', #6917, #10686 ) ;
#8666 = LENGTH_MEASURE_WITH_UNIT ( LENGTH_MEASURE( 0.02539999999999999900 ), #2772 );
#8667 = COLOUR_RGB ( '',0.9686274509803921600, 0.8784313725490196000, 0.5999999999999999800 ) ;
#8668 = DIMENSIONAL_EXPONENTS ( 1.000000000000000000, 0.0000000000000000000, 0.0000000000000000000, 0.0000000000000000000, 0.0000000000000000000, 0.0000000000000000000, 0.0000000000000000000 ) ;
#8669 = FILL_AREA_STYLE_COLOUR ( '', #7621 ) ;
#8670 = VECTOR ( 'NONE', #688, 39.37007874015748100 ) ;
#8671 = VECTOR ( 'NONE', #4825, 39.37007874015748100 ) ;
#8672 = PRESENTATION_STYLE_ASSIGNMENT (( #6573 ) ) ;
#8673 = EDGE_LOOP ( 'NONE', ( #10833, #2263, #2638, #4433 ) ) ;
#8674 =( GEOMETRIC_REPRESENTATION_CONTEXT ( 3 ) GLOBAL_UNCERTAINTY_ASSIGNED_CONTEXT ( ( #4466 ) ) GLOBAL_UNIT_ASSIGNED_CONTEXT ( ( #9937, #9888, #9856 ) ) REPRESENTATION_CONTEXT ( 'NONE', 'WORKASPACE' ) );
#8675 = STYLED_ITEM ( 'NONE', ( #6407 ), #6269 ) ;
#8676 = EDGE_LOOP ( 'NONE', ( #8538, #638, #2164, #4073 ) ) ;
#8677 = SURFACE_STYLE_USAGE ( .BOTH. , #2528 ) ;
#8678 = VECTOR ( 'NONE', #60, 39.37007874015748100 ) ;
#8679 = VECTOR ( 'NONE', #4579, 39.37007874015748100 ) ;
#8680 = VECTOR ( 'NONE', #4209, 39.37007874015748100 ) ;
#8681 = LINE ( 'NONE', #9079, #10433 ) ;
#8682 =( NAMED_UNIT ( * ) SI_UNIT ( $, .STERADIAN. ) SOLID_ANGLE_UNIT ( ) );
#8683 = CARTESIAN_POINT ( 'NONE',  ( 0.07283464566929137600, 0.0000000000000000000, -0.05629921259842520000 ) ) ;
#8684 = ORIENTED_EDGE ( 'NONE', *, *, #4674, .T. ) ;
#8685 = MECHANICAL_DESIGN_GEOMETRIC_PRESENTATION_REPRESENTATION (  '', ( #6932 ), #9275 ) ;
#8686 =( NAMED_UNIT ( * ) PLANE_ANGLE_UNIT ( ) SI_UNIT ( $, .RADIAN. ) );
#8687 = VERTEX_POINT ( 'NONE', #5638 ) ;
#8688 = SURFACE_SIDE_STYLE ('',( #730 ) ) ;
#8689 = CARTESIAN_POINT ( 'NONE',  ( 0.04606299212598425500, 0.009842519685039369900, 0.06889763779527562100 ) ) ;
#8690 = DIRECTION ( 'NONE',  ( -0.0000000000000000000, 0.0000000000000000000, 1.000000000000000000 ) ) ;
#8691 = PRESENTATION_LAYER_ASSIGNMENT (  '', '', ( #7536 ) ) ;
#8692 = DIRECTION ( 'NONE',  ( -1.000000000000000000, -0.0000000000000000000, 0.0000000000000000000 ) ) ;
#8693 = PRESENTATION_LAYER_ASSIGNMENT (  '', '', ( #8093 ) ) ;
#8694 = CLOSED_SHELL ( 'NONE', ( #5254, #8156, #2680, #1785, #7264, #7308 ) ) ;
#8695 = DIMENSIONAL_EXPONENTS ( 1.000000000000000000, 0.0000000000000000000, 0.0000000000000000000, 0.0000000000000000000, 0.0000000000000000000, 0.0000000000000000000, 0.0000000000000000000 ) ;
#8696 = LINE ( 'NONE', #5344, #1678 ) ;
#8697 = STYLED_ITEM ( 'NONE', ( #8503 ), #5428 ) ;
#8698 = ORIENTED_EDGE ( 'NONE', *, *, #9969, .T. ) ;
#8699 = DIRECTION ( 'NONE',  ( 0.0000000000000000000, 0.9987523388778445400, -0.04993761694389316900 ) ) ;
#8700 = VERTEX_POINT ( 'NONE', #2105 ) ;
#8701 = SURFACE_STYLE_USAGE ( .BOTH. , #828 ) ;
#8702 = SURFACE_SIDE_STYLE ('',( #3130 ) ) ;
#8703 = DIMENSIONAL_EXPONENTS ( 1.000000000000000000, 0.0000000000000000000, 0.0000000000000000000, 0.0000000000000000000, 0.0000000000000000000, 0.0000000000000000000, 0.0000000000000000000 ) ;
#8704 = UNCERTAINTY_MEASURE_WITH_UNIT (LENGTH_MEASURE( 1.000000000000000100E-005 ), #6825, 'distance_accuracy_value', 'NONE');
#8705 = SURFACE_STYLE_FILL_AREA ( #6775 ) ;
#8706 = SURFACE_STYLE_FILL_AREA ( #1101 ) ;
#8707 = ADVANCED_FACE ( 'NONE', ( #1113 ), #8239, .F. ) ;
#8708 = VERTEX_POINT ( 'NONE', #10034 ) ;
#8709 =( NAMED_UNIT ( * ) PLANE_ANGLE_UNIT ( ) SI_UNIT ( $, .RADIAN. ) );
#8710 = ORIENTED_EDGE ( 'NONE', *, *, #410, .F. ) ;
#8711 = EDGE_LOOP ( 'NONE', ( #7503, #1526, #585, #7655 ) ) ;
#8712 = ORIENTED_EDGE ( 'NONE', *, *, #4513, .T. ) ;
#8713 = CARTESIAN_POINT ( 'NONE',  ( -0.005118110236220473200, 0.009842519685039369900, -0.06889763779527555100 ) ) ;
#8714 =( CONVERSION_BASED_UNIT ( 'INCH', #1111 ) LENGTH_UNIT ( ) NAMED_UNIT ( #2130 ) );
#8715 = ORIENTED_EDGE ( 'NONE', *, *, #10577, .F. ) ;
#8716 = EDGE_CURVE ( 'NONE', #1953, #1000, #10887, .T. ) ;
#8717 = FACE_OUTER_BOUND ( 'NONE', #2372, .T. ) ;
#8718 = CARTESIAN_POINT ( 'NONE',  ( -0.05629921259842520600, 0.0000000000000000000, 0.08661417322834648300 ) ) ;
#8719 = EDGE_CURVE ( 'NONE', #1746, #1976, #1856, .T. ) ;
#8720 = EDGE_LOOP ( 'NONE', ( #9837, #8874, #6222, #7633 ) ) ;
#8721 = STYLED_ITEM ( 'NONE', ( #460 ), #8011 ) ;
#8722 = COLOUR_RGB ( '',0.9686274509803921600, 0.8784313725490196000, 0.5999999999999999800 ) ;
#8723 = ORIENTED_EDGE ( 'NONE', *, *, #9297, .T. ) ;
#8724 = SURFACE_SIDE_STYLE ('',( #547 ) ) ;
#8725 = VECTOR ( 'NONE', #6887, 39.37007874015748100 ) ;
#8726 = VERTEX_POINT ( 'NONE', #3071 ) ;
#8727 = FILL_AREA_STYLE_COLOUR ( '', #5370 ) ;
#8728 = PLANE ( 'NONE',  #3902 ) ;
#8729 = PLANE ( 'NONE',  #9768 ) ;
#8731 = DIRECTION ( 'NONE',  ( 0.0000000000000000000, 1.000000000000000000, 0.0000000000000000000 ) ) ;
#8730 = DIRECTION ( 'NONE',  ( 0.0000000000000000000, 1.000000000000000000, 0.0000000000000000000 ) ) ;
#8732 = VERTEX_POINT ( 'NONE', #10077 ) ;
#8733 =( NAMED_UNIT ( * ) PLANE_ANGLE_UNIT ( ) SI_UNIT ( $, .RADIAN. ) );
#8734 = DIRECTION ( 'NONE',  ( 0.0000000000000000000, 1.000000000000000000, 0.0000000000000000000 ) ) ;
#8735 = PLANE ( 'NONE',  #2193 ) ;
#8736 = ORIENTED_EDGE ( 'NONE', *, *, #4892, .F. ) ;
#8737 = AXIS2_PLACEMENT_3D ( 'NONE', #6241, #994, #7133 ) ;
#8738 = ORIENTED_EDGE ( 'NONE', *, *, #1858, .F. ) ;
#8739 =( NAMED_UNIT ( * ) SI_UNIT ( $, .STERADIAN. ) SOLID_ANGLE_UNIT ( ) );
#8741 = FACE_OUTER_BOUND ( 'NONE', #9908, .T. ) ;
#8740 = FILL_AREA_STYLE_COLOUR ( '', #1982 ) ;
#8742 = STYLED_ITEM ( 'NONE', ( #4353 ), #5906 ) ;
#8743 = ORIENTED_EDGE ( 'NONE', *, *, #7166, .T. ) ;
#8744 = SURFACE_STYLE_FILL_AREA ( #9508 ) ;
#8745 = STYLED_ITEM ( 'NONE', ( #2309 ), #3825 ) ;
#8746 = FILL_AREA_STYLE_COLOUR ( '', #3883 ) ;
#8747 =( LENGTH_UNIT ( ) NAMED_UNIT ( * ) SI_UNIT ( $, .METRE. ) );
#8748 = ORIENTED_EDGE ( 'NONE', *, *, #2303, .F. ) ;
#8749 = ORIENTED_EDGE ( 'NONE', *, *, #3414, .T. ) ;
#8750 =( GEOMETRIC_REPRESENTATION_CONTEXT ( 3 ) GLOBAL_UNCERTAINTY_ASSIGNED_CONTEXT ( ( #8163 ) ) GLOBAL_UNIT_ASSIGNED_CONTEXT ( ( #10614, #132, #99 ) ) REPRESENTATION_CONTEXT ( 'NONE', 'WORKASPACE' ) );
#8751 = CARTESIAN_POINT ( 'NONE',  ( -0.09251968503937005300, 0.03937007874015748000, 0.08858267716535438200 ) ) ;
#8752 = FACE_OUTER_BOUND ( 'NONE', #1014, .T. ) ;
#8753 = PRESENTATION_LAYER_ASSIGNMENT (  '', '', ( #7595 ) ) ;
#8754 = CARTESIAN_POINT ( 'NONE',  ( -0.03070866141732284500, 0.009842519685039369900, 0.08661417322834648300 ) ) ;
#8755 = AXIS2_PLACEMENT_3D ( 'NONE', #7362, #7321, #7285 ) ;
#8756 = ADVANCED_FACE ( 'NONE', ( #8315 ), #3950, .F. ) ;
#8757 = PRESENTATION_STYLE_ASSIGNMENT (( #15 ) ) ;
#8758 = FILL_AREA_STYLE ('',( #8946 ) ) ;
#8759 = ORIENTED_EDGE ( 'NONE', *, *, #4417, .T. ) ;
#8760 = STYLED_ITEM ( 'NONE', ( #4134 ), #5079 ) ;
#8761 =( LENGTH_UNIT ( ) NAMED_UNIT ( * ) SI_UNIT ( $, .METRE. ) );
#8762 = CARTESIAN_POINT ( 'NONE',  ( 0.09055118110236223800, -0.02046108103966344500, -0.005118110236220472400 ) ) ;
#8763 = CARTESIAN_POINT ( 'NONE',  ( -0.04606299212598425500, 0.009842519685039369900, -0.08661417322834641400 ) ) ;
#8765 = LENGTH_MEASURE_WITH_UNIT ( LENGTH_MEASURE( 0.02539999999999999900 ), #6399 );
#8764 = STYLED_ITEM ( 'NONE', ( #8128 ), #6777 ) ;
#8766 = CARTESIAN_POINT ( 'NONE',  ( 0.07283464566929137600, 0.0000000000000000000, -0.02047244094488188900 ) ) ;
#8767 = PRESENTATION_STYLE_ASSIGNMENT (( #718 ) ) ;
#8768 = UNCERTAINTY_MEASURE_WITH_UNIT (LENGTH_MEASURE( 1.000000000000000100E-005 ), #8185, 'distance_accuracy_value', 'NONE');
#8769 = PRESENTATION_LAYER_ASSIGNMENT (  '', '', ( #8177 ) ) ;
#8770 = EDGE_CURVE ( 'NONE', #8424, #8479, #2812, .T. ) ;
#8771 =( CONVERSION_BASED_UNIT ( 'INCH', #2304 ) LENGTH_UNIT ( ) NAMED_UNIT ( #5242 ) );
#8772 =( NAMED_UNIT ( * ) PLANE_ANGLE_UNIT ( ) SI_UNIT ( $, .RADIAN. ) );
#8773 = FILL_AREA_STYLE_COLOUR ( '', #6561 ) ;
#8774 =( GEOMETRIC_REPRESENTATION_CONTEXT ( 3 ) GLOBAL_UNCERTAINTY_ASSIGNED_CONTEXT ( ( #3800 ) ) GLOBAL_UNIT_ASSIGNED_CONTEXT ( ( #7733, #2444, #8607 ) ) REPRESENTATION_CONTEXT ( 'NONE', 'WORKASPACE' ) );
#8775 = VECTOR ( 'NONE', #517, 39.37007874015748100 ) ;
#8776 = LINE ( 'NONE', #2966, #2041 ) ;
#8777 = COLOUR_RGB ( '',0.2509803921568627400, 0.2509803921568627400, 0.2509803921568627400 ) ;
#8778 = DIRECTION ( 'NONE',  ( -1.668003342285391100E-015, -0.0000000000000000000, -1.000000000000000000 ) ) ;
#8779 = EDGE_CURVE ( 'NONE', #7647, #5182, #5168, .T. ) ;
#8780 = DIMENSIONAL_EXPONENTS ( 1.000000000000000000, 0.0000000000000000000, 0.0000000000000000000, 0.0000000000000000000, 0.0000000000000000000, 0.0000000000000000000, 0.0000000000000000000 ) ;
#8781 = CARTESIAN_POINT ( 'NONE',  ( 0.0000000000000000000, 0.1023622047244094600, -0.08149606299212595900 ) ) ;
#8782 = EDGE_CURVE ( 'NONE', #3408, #5700, #9553, .T. ) ;
#8783 = VECTOR ( 'NONE', #9983, 39.37007874015748100 ) ;
#8784 = CARTESIAN_POINT ( 'NONE',  ( -0.02047244094488188900, 0.009842519685039369900, -0.06889763779527555100 ) ) ;
#8785 = COLOUR_RGB ( '',0.9686274509803921600, 0.8784313725490196000, 0.5999999999999999800 ) ;
#8786 = STYLED_ITEM ( 'NONE', ( #10220 ), #7594 ) ;
#8787 = LENGTH_MEASURE_WITH_UNIT ( LENGTH_MEASURE( 0.02539999999999999900 ), #7268 );
#8788 = COLOUR_RGB ( '',0.9686274509803921600, 0.8784313725490196000, 0.5999999999999999800 ) ;
#8789 = VECTOR ( 'NONE', #7627, 39.37007874015748100 ) ;
#8790 = SURFACE_STYLE_USAGE ( .BOTH. , #2626 ) ;
#8791 = ORIENTED_EDGE ( 'NONE', *, *, #9350, .F. ) ;
#8792 = EDGE_CURVE ( 'NONE', #9124, #8424, #497, .T. ) ;
#8793 = ADVANCED_FACE ( 'NONE', ( #4609 ), #10148, .F. ) ;
#8794 = CARTESIAN_POINT ( 'NONE',  ( -0.07283464566929134800, -0.02046108103966344500, 0.005118110236220508800 ) ) ;
#8795 = ORIENTED_EDGE ( 'NONE', *, *, #8188, .T. ) ;
#8796 = VECTOR ( 'NONE', #124, 39.37007874015748100 ) ;
#8797 =( NAMED_UNIT ( * ) PLANE_ANGLE_UNIT ( ) SI_UNIT ( $, .RADIAN. ) );
#8798 =( NAMED_UNIT ( * ) PLANE_ANGLE_UNIT ( ) SI_UNIT ( $, .RADIAN. ) );
#8799 = EDGE_CURVE ( 'NONE', #322, #7348, #10471, .T. ) ;
#8800 = COLOUR_RGB ( '',0.2509803921568627400, 0.2509803921568627400, 0.2509803921568627400 ) ;
#8801 = DIRECTION ( 'NONE',  ( 0.0000000000000000000, 0.0000000000000000000, -1.000000000000000000 ) ) ;
#8802 = MECHANICAL_DESIGN_GEOMETRIC_PRESENTATION_REPRESENTATION (  '', ( #7043 ), #9385 ) ;
#8803 = VECTOR ( 'NONE', #2473, 39.37007874015748100 ) ;
#8804 = VECTOR ( 'NONE', #2153, 39.37007874015748100 ) ;
#8805 = DIMENSIONAL_EXPONENTS ( 1.000000000000000000, 0.0000000000000000000, 0.0000000000000000000, 0.0000000000000000000, 0.0000000000000000000, 0.0000000000000000000, 0.0000000000000000000 ) ;
#8806 = FACE_BOUND ( 'NONE', #2759, .T. ) ;
#8807 = ORIENTED_EDGE ( 'NONE', *, *, #6437, .T. ) ;
#8808 =( LENGTH_UNIT ( ) NAMED_UNIT ( * ) SI_UNIT ( $, .METRE. ) );
#8809 = CARTESIAN_POINT ( 'NONE',  ( -0.09055118110236218300, 0.009842519685039369900, 0.04606299212598428900 ) ) ;
#8810 = PRESENTATION_STYLE_ASSIGNMENT (( #9075 ) ) ;
#8811 = DIRECTION ( 'NONE',  ( 1.000000000000000000, -0.0000000000000000000, 0.0000000000000000000 ) ) ;
#8812 = VECTOR ( 'NONE', #8884, 39.37007874015748100 ) ;
#8813 = DIMENSIONAL_EXPONENTS ( 1.000000000000000000, 0.0000000000000000000, 0.0000000000000000000, 0.0000000000000000000, 0.0000000000000000000, 0.0000000000000000000, 0.0000000000000000000 ) ;
#8814 = COLOUR_RGB ( '',0.9686274509803921600, 0.8784313725490196000, 0.5999999999999999800 ) ;
#8815 = DIRECTION ( 'NONE',  ( -1.000000000000000000, 0.0000000000000000000, 2.409338161078899700E-016 ) ) ;
#8816 = PRESENTATION_STYLE_ASSIGNMENT (( #4677 ) ) ;
#8817 =( LENGTH_UNIT ( ) NAMED_UNIT ( * ) SI_UNIT ( $, .METRE. ) );
#8818 = ADVANCED_FACE ( 'NONE', ( #8166 ), #6724, .F. ) ;
#8819 = VECTOR ( 'NONE', #10610, 39.37007874015748100 ) ;
#8820 = VERTEX_POINT ( 'NONE', #574 ) ;
#8821 = SURFACE_STYLE_USAGE ( .BOTH. , #2662 ) ;
#8822 = ORIENTED_EDGE ( 'NONE', *, *, #9667, .T. ) ;
#8823 = AXIS2_PLACEMENT_3D ( 'NONE', #10057, #4550, #8223 ) ;
#8824 = FACE_OUTER_BOUND ( 'NONE', #10233, .T. ) ;
#8825 = LINE ( 'NONE', #8845, #1814 ) ;
#8826 =( NAMED_UNIT ( * ) SI_UNIT ( $, .STERADIAN. ) SOLID_ANGLE_UNIT ( ) );
#8827 =( NAMED_UNIT ( * ) SI_UNIT ( $, .STERADIAN. ) SOLID_ANGLE_UNIT ( ) );
#8828 =( GEOMETRIC_REPRESENTATION_CONTEXT ( 3 ) GLOBAL_UNCERTAINTY_ASSIGNED_CONTEXT ( ( #6679 ) ) GLOBAL_UNIT_ASSIGNED_CONTEXT ( ( #5091, #11182, #5958 ) ) REPRESENTATION_CONTEXT ( 'NONE', 'WORKASPACE' ) );
#8829 = LENGTH_MEASURE_WITH_UNIT ( LENGTH_MEASURE( 0.02539999999999999900 ), #858 );
#8830 = AXIS2_PLACEMENT_3D ( 'NONE', #4457, #1884, #4576 ) ;
#8831 = ORIENTED_EDGE ( 'NONE', *, *, #325, .T. ) ;
#8832 = PRESENTATION_LAYER_ASSIGNMENT (  '', '', ( #7670 ) ) ;
#8833 = ORIENTED_EDGE ( 'NONE', *, *, #1363, .T. ) ;
#8834 = SURFACE_SIDE_STYLE ('',( #7020 ) ) ;
#8835 = CARTESIAN_POINT ( 'NONE',  ( -0.08543307086614174200, 0.1023622047244094600, 0.0000000000000000000 ) ) ;
#8836 = PRESENTATION_STYLE_ASSIGNMENT (( #8494 ) ) ;
#8837 = VECTOR ( 'NONE', #9484, 39.37007874015748100 ) ;
#8838 = ORIENTED_EDGE ( 'NONE', *, *, #918, .T. ) ;
#8839 = DIRECTION ( 'NONE',  ( 1.000000000000000000, 0.0000000000000000000, -0.0000000000000000000 ) ) ;
#8840 = DIRECTION ( 'NONE',  ( 0.0000000000000000000, 0.0000000000000000000, 1.000000000000000000 ) ) ;
#8841 = VECTOR ( 'NONE', #5160, 39.37007874015748100 ) ;
#8842 = PRESENTATION_LAYER_ASSIGNMENT (  '', '', ( #7679 ) ) ;
#8843 =( LENGTH_UNIT ( ) NAMED_UNIT ( * ) SI_UNIT ( $, .METRE. ) );
#8844 = ORIENTED_EDGE ( 'NONE', *, *, #10753, .F. ) ;
#8845 = CARTESIAN_POINT ( 'NONE',  ( -0.005118110236220475000, 0.009842519685039369900, -0.08661417322834641400 ) ) ;
#8846 = ORIENTED_EDGE ( 'NONE', *, *, #10747, .T. ) ;
#8847 = SURFACE_SIDE_STYLE ('',( #1665 ) ) ;
#8848 = AXIS2_PLACEMENT_3D ( 'NONE', #4469, #10573, #5367 ) ;
#8849 = DIRECTION ( 'NONE',  ( -0.0000000000000000000, 1.000000000000000000, 0.0000000000000000000 ) ) ;
#8850 =( GEOMETRIC_REPRESENTATION_CONTEXT ( 3 ) GLOBAL_UNCERTAINTY_ASSIGNED_CONTEXT ( ( #7459 ) ) GLOBAL_UNIT_ASSIGNED_CONTEXT ( ( #5532, #305, #2957 ) ) REPRESENTATION_CONTEXT ( 'NONE', 'WORKASPACE' ) );
#8851 = PRESENTATION_STYLE_ASSIGNMENT (( #5627 ) ) ;
#8852 = LINE ( 'NONE', #3577, #4180 ) ;
#8853 = ORIENTED_EDGE ( 'NONE', *, *, #485, .T. ) ;
#8854 = SURFACE_STYLE_USAGE ( .BOTH. , #8887 ) ;
#8855 =( NAMED_UNIT ( * ) PLANE_ANGLE_UNIT ( ) SI_UNIT ( $, .RADIAN. ) );
#8856 = PRESENTATION_LAYER_ASSIGNMENT (  '', '', ( #7688 ) ) ;
#8857 = SURFACE_STYLE_USAGE ( .BOTH. , #2697 ) ;
#8858 = ORIENTED_EDGE ( 'NONE', *, *, #10805, .T. ) ;
#8859 = CARTESIAN_POINT ( 'NONE',  ( 0.02047244094488188600, 0.009842519685039369900, -0.08661417322834641400 ) ) ;
#8860 = SURFACE_STYLE_USAGE ( .BOTH. , #2700 ) ;
#8861 = ORIENTED_EDGE ( 'NONE', *, *, #2540, .T. ) ;
#8862 = ADVANCED_FACE ( 'NONE', ( #2656 ), #1483, .F. ) ;
#8863 = ORIENTED_EDGE ( 'NONE', *, *, #9231, .T. ) ;
#8864 = VECTOR ( 'NONE', #10007, 39.37007874015748100 ) ;
#8865 = FILL_AREA_STYLE_COLOUR ( '', #8408 ) ;
#8866 = PLANE ( 'NONE',  #3084 ) ;
#8867 = ORIENTED_EDGE ( 'NONE', *, *, #921, .T. ) ;
#8868 = EDGE_CURVE ( 'NONE', #3299, #8981, #3909, .T. ) ;
#8869 = ORIENTED_EDGE ( 'NONE', *, *, #1149, .F. ) ;
#8870 = DIRECTION ( 'NONE',  ( 0.0000000000000000000, -1.000000000000000000, -0.0000000000000000000 ) ) ;
#8871 = VECTOR ( 'NONE', #2340, 39.37007874015748100 ) ;
#8872 = ORIENTED_EDGE ( 'NONE', *, *, #8564, .F. ) ;
#8873 = EDGE_CURVE ( 'NONE', #11012, #10976, #10599, .T. ) ;
#8874 = ORIENTED_EDGE ( 'NONE', *, *, #3551, .F. ) ;
#8875 = MECHANICAL_DESIGN_GEOMETRIC_PRESENTATION_REPRESENTATION (  '', ( #7115 ), #9453 ) ;
#8876 = ADVANCED_FACE ( 'NONE', ( #8297 ), #11164, .F. ) ;
#8877 = CARTESIAN_POINT ( 'NONE',  ( 0.09055118110236223800, 0.009842519685039369900, 0.02047244094488188900 ) ) ;
#8878 =( NAMED_UNIT ( * ) SI_UNIT ( $, .STERADIAN. ) SOLID_ANGLE_UNIT ( ) );
#8879 = PLANE ( 'NONE',  #3472 ) ;
#8880 = CARTESIAN_POINT ( 'NONE',  ( 0.09055118110236222400, 0.009842519685039369900, -0.05629921259842520000 ) ) ;
#8881 = DIRECTION ( 'NONE',  ( 0.0000000000000000000, 0.0000000000000000000, -1.000000000000000000 ) ) ;
#8882 = ORIENTED_EDGE ( 'NONE', *, *, #6128, .T. ) ;
#8883 =( NAMED_UNIT ( * ) PLANE_ANGLE_UNIT ( ) SI_UNIT ( $, .RADIAN. ) );
#8884 = DIRECTION ( 'NONE',  ( -0.0000000000000000000, 1.000000000000000000, 0.0000000000000000000 ) ) ;
#8885 = CARTESIAN_POINT ( 'NONE',  ( 0.07283464566929137600, 0.009842519685039369900, -0.03070866141732283800 ) ) ;
#8886 = VERTEX_POINT ( 'NONE', #9435 ) ;
#8887 = SURFACE_SIDE_STYLE ('',( #9848 ) ) ;
#8888 =( CONVERSION_BASED_UNIT ( 'INCH', #9167 ) LENGTH_UNIT ( ) NAMED_UNIT ( #3163 ) );
#8889 = COLOUR_RGB ( '',0.9686274509803921600, 0.8784313725490196000, 0.5999999999999999800 ) ;
#8890 = DIRECTION ( 'NONE',  ( 1.000000000000000000, -0.0000000000000000000, 0.0000000000000000000 ) ) ;
#8891 = VECTOR ( 'NONE', #948, 39.37007874015748100 ) ;
#8892 = PLANE ( 'NONE',  #225 ) ;
#8893 = CARTESIAN_POINT ( 'NONE',  ( -0.07283464566929133400, 0.0000000000000000000, 0.05629921259842523400 ) ) ;
#8894 = ORIENTED_EDGE ( 'NONE', *, *, #5768, .F. ) ;
#8895 = PRESENTATION_LAYER_ASSIGNMENT (  '', '', ( #8308 ) ) ;
#8896 = CARTESIAN_POINT ( 'NONE',  ( 0.005118110236220473200, -0.02046108103966344500, -0.06889763779527555100 ) ) ;
#8897 = SURFACE_SIDE_STYLE ('',( #6882 ) ) ;
#8898 = DIRECTION ( 'NONE',  ( 0.0000000000000000000, 1.000000000000000000, 0.0000000000000000000 ) ) ;
#8899 = UNCERTAINTY_MEASURE_WITH_UNIT (LENGTH_MEASURE( 1.000000000000000100E-005 ), #7653, 'distance_accuracy_value', 'NONE');
#8900 = PRESENTATION_LAYER_ASSIGNMENT (  '', '', ( #8317 ) ) ;
#8901 =( NAMED_UNIT ( * ) PLANE_ANGLE_UNIT ( ) SI_UNIT ( $, .RADIAN. ) );
#8902 =( NAMED_UNIT ( * ) PLANE_ANGLE_UNIT ( ) SI_UNIT ( $, .RADIAN. ) );
#8903 = AXIS2_PLACEMENT_3D ( 'NONE', #3855, #9996, #4750 ) ;
#8904 = VECTOR ( 'NONE', #5822, 39.37007874015748100 ) ;
#8905 = ADVANCED_FACE ( 'NONE', ( #7222 ), #5068, .F. ) ;
#8906 = FILL_AREA_STYLE_COLOUR ( '', #7719 ) ;
#8907 = FILL_AREA_STYLE_COLOUR ( '', #5886 ) ;
#8908 = CARTESIAN_POINT ( 'NONE',  ( 0.0003937007874015829800, 0.09842519685030418100, -0.0005236220463696618600 ) ) ;
#8909 =( NAMED_UNIT ( * ) SI_UNIT ( $, .STERADIAN. ) SOLID_ANGLE_UNIT ( ) );
#8910 = PLANE ( 'NONE',  #3105 ) ;
#8911 = PRESENTATION_LAYER_ASSIGNMENT (  '', '', ( #7750 ) ) ;
#8912 = LINE ( 'NONE', #4845, #11204 ) ;
#8913 = COLOUR_RGB ( '',0.9686274509803921600, 0.8784313725490196000, 0.5999999999999999800 ) ;
#8914 = CARTESIAN_POINT ( 'NONE',  ( -0.09055118110236218300, 0.009842519685039369900, 0.05629921259842523400 ) ) ;
#8915 = DIMENSIONAL_EXPONENTS ( 1.000000000000000000, 0.0000000000000000000, 0.0000000000000000000, 0.0000000000000000000, 0.0000000000000000000, 0.0000000000000000000, 0.0000000000000000000 ) ;
#8916 = CARTESIAN_POINT ( 'NONE',  ( -0.07283464566929134800, 0.009842519685039369900, 0.0000000000000000000 ) ) ;
#8917 =( CONVERSION_BASED_UNIT ( 'INCH', #8666 ) LENGTH_UNIT ( ) NAMED_UNIT ( #4765 ) );
#8918 = FILL_AREA_STYLE ('',( #10504 ) ) ;
#8919 = CARTESIAN_POINT ( 'NONE',  ( 0.02047244094488188900, 0.009842519685039369900, -0.06889763779527555100 ) ) ;
#8920 = MECHANICAL_DESIGN_GEOMETRIC_PRESENTATION_REPRESENTATION (  '', ( #7171 ), #9509 ) ;
#8921 = DIMENSIONAL_EXPONENTS ( 1.000000000000000000, 0.0000000000000000000, 0.0000000000000000000, 0.0000000000000000000, 0.0000000000000000000, 0.0000000000000000000, 0.0000000000000000000 ) ;
#8922 = FILL_AREA_STYLE ('',( #4777 ) ) ;
#8923 = PRESENTATION_STYLE_ASSIGNMENT (( #11294 ) ) ;
#8924 = SURFACE_SIDE_STYLE ('',( #3914 ) ) ;
#8925 = ADVANCED_FACE ( 'NONE', ( #4037 ), #5978, .F. ) ;
#8926 = ORIENTED_EDGE ( 'NONE', *, *, #7704, .F. ) ;
#8927 = PLANE ( 'NONE',  #10143 ) ;
#8928 = LENGTH_MEASURE_WITH_UNIT ( LENGTH_MEASURE( 0.02539999999999999900 ), #8001 );
#8929 = EDGE_CURVE ( 'NONE', #1279, #1999, #2938, .T. ) ;
#8930 = SURFACE_STYLE_FILL_AREA ( #3166 ) ;
#8931 = FACE_OUTER_BOUND ( 'NONE', #6213, .T. ) ;
#8932 =( CONVERSION_BASED_UNIT ( 'INCH', #9094 ) LENGTH_UNIT ( ) NAMED_UNIT ( #3511 ) );
#8933 = EDGE_CURVE ( 'NONE', #9107, #4449, #608, .T. ) ;
#8934 =( NAMED_UNIT ( * ) PLANE_ANGLE_UNIT ( ) SI_UNIT ( $, .RADIAN. ) );
#8935 = DIRECTION ( 'NONE',  ( -1.000000000000000000, -0.0000000000000000000, 0.0000000000000000000 ) ) ;
#8936 = MECHANICAL_DESIGN_GEOMETRIC_PRESENTATION_REPRESENTATION (  '', ( #7183 ), #9523 ) ;
#8937 = EDGE_LOOP ( 'NONE', ( #7057, #5966, #8149 ) ) ;
#8938 = PLANE ( 'NONE',  #8430 ) ;
#8939 = LINE ( 'NONE', #5466, #2206 ) ;
#8940 = FACE_OUTER_BOUND ( 'NONE', #75, .T. ) ;
#8941 = FACE_OUTER_BOUND ( 'NONE', #4595, .T. ) ;
#8942 = STYLED_ITEM ( 'NONE', ( #3606 ), #74 ) ;
#8944 = CARTESIAN_POINT ( 'NONE',  ( 0.0000000000000000000, 0.0000000000000000000, -0.03070866141732283800 ) ) ;
#8943 = SURFACE_STYLE_FILL_AREA ( #2954 ) ;
#8945 =( LENGTH_UNIT ( ) NAMED_UNIT ( * ) SI_UNIT ( $, .METRE. ) );
#8946 = FILL_AREA_STYLE_COLOUR ( '', #9593 ) ;
#8947 = ORIENTED_EDGE ( 'NONE', *, *, #2823, .F. ) ;
#8948 = FILL_AREA_STYLE ('',( #9095 ) ) ;
#8949 = SURFACE_SIDE_STYLE ('',( #7696 ) ) ;
#8950 = ORIENTED_EDGE ( 'NONE', *, *, #1146, .T. ) ;
#8951 = DIRECTION ( 'NONE',  ( 0.0000000000000000000, 0.0000000000000000000, -1.000000000000000000 ) ) ;
#8952 = EDGE_CURVE ( 'NONE', #4016, #5924, #5288, .T. ) ;
#8953 = CARTESIAN_POINT ( 'NONE',  ( 0.07283464566929139000, 0.009842519685039369900, 0.05629921259842522000 ) ) ;
#8954 = SURFACE_STYLE_FILL_AREA ( #5701 ) ;
#8955 = STYLED_ITEM ( 'NONE', ( #9387 ), #8964 ) ;
#8956 = LINE ( 'NONE', #3319, #8680 ) ;
#8957 = DIRECTION ( 'NONE',  ( -1.000000000000000000, -0.0000000000000000000, 0.0000000000000000000 ) ) ;
#8958 = FILL_AREA_STYLE_COLOUR ( '', #6445 ) ;
#8959 =( NAMED_UNIT ( * ) PLANE_ANGLE_UNIT ( ) SI_UNIT ( $, .RADIAN. ) );
#8960 = ORIENTED_EDGE ( 'NONE', *, *, #1344, .T. ) ;
#8961 = ORIENTED_EDGE ( 'NONE', *, *, #8405, .T. ) ;
#8962 = PRESENTATION_STYLE_ASSIGNMENT (( #4343 ) ) ;
#8963 = ORIENTED_EDGE ( 'NONE', *, *, #2439, .F. ) ;
#8964 = ADVANCED_FACE ( 'NONE', ( #332 ), #4328, .F. ) ;
#8965 = ORIENTED_EDGE ( 'NONE', *, *, #2650, .F. ) ;
#8966 = ORIENTED_EDGE ( 'NONE', *, *, #10956, .T. ) ;
#8967 =( GEOMETRIC_REPRESENTATION_CONTEXT ( 3 ) GLOBAL_UNCERTAINTY_ASSIGNED_CONTEXT ( ( #2877 ) ) GLOBAL_UNIT_ASSIGNED_CONTEXT ( ( #7740, #7706, #7674 ) ) REPRESENTATION_CONTEXT ( 'NONE', 'WORKASPACE' ) );
#8968 =( LENGTH_UNIT ( ) NAMED_UNIT ( * ) SI_UNIT ( $, .METRE. ) );
#8969 = DIRECTION ( 'NONE',  ( -0.0000000000000000000, -1.000000000000000000, -0.0000000000000000000 ) ) ;
#8970 = VECTOR ( 'NONE', #1428, 39.37007874015748100 ) ;
#8971 = LENGTH_MEASURE_WITH_UNIT ( LENGTH_MEASURE( 0.02539999999999999900 ), #8563 );
#8972 = DIRECTION ( 'NONE',  ( -1.204669080539449800E-016, 0.0000000000000000000, -1.000000000000000000 ) ) ;
#8973 = AXIS2_PLACEMENT_3D ( 'NONE', #8953, #3682, #9826 ) ;
#8974 = FACE_OUTER_BOUND ( 'NONE', #8313, .T. ) ;
#8975 = UNCERTAINTY_MEASURE_WITH_UNIT (LENGTH_MEASURE( 1.000000000000000100E-005 ), #7507, 'distance_accuracy_value', 'NONE');
#8976 = VECTOR ( 'NONE', #11065, 39.37007874015748100 ) ;
#8977 = STYLED_ITEM ( 'NONE', ( #8923 ), #2533 ) ;
#8978 = ORIENTED_EDGE ( 'NONE', *, *, #7180, .T. ) ;
#8979 = UNCERTAINTY_MEASURE_WITH_UNIT (LENGTH_MEASURE( 1.000000000000000100E-005 ), #11157, 'distance_accuracy_value', 'NONE');
#8980 = DIRECTION ( 'NONE',  ( 4.818676322157799300E-016, -0.0000000000000000000, 1.000000000000000000 ) ) ;
#8981 = VERTEX_POINT ( 'NONE', #10434 ) ;
#8982 = ORIENTED_EDGE ( 'NONE', *, *, #4966, .T. ) ;
#8983 = ORIENTED_EDGE ( 'NONE', *, *, #201, .F. ) ;
#8984 = UNCERTAINTY_MEASURE_WITH_UNIT (LENGTH_MEASURE( 1.000000000000000100E-005 ), #5084, 'distance_accuracy_value', 'NONE');
#8985 = LENGTH_MEASURE_WITH_UNIT ( LENGTH_MEASURE( 0.02539999999999999900 ), #7583 );
#8986 = CARTESIAN_POINT ( 'NONE',  ( 0.0000000000000000000, 0.0000000000000000000, 0.06889763779527562100 ) ) ;
#8987 = CARTESIAN_POINT ( 'NONE',  ( -0.07283464566929133400, 0.0000000000000000000, 0.05629921259842523400 ) ) ;
#8988 = DIRECTION ( 'NONE',  ( -1.000000000000000000, -0.0000000000000000000, 0.0000000000000000000 ) ) ;
#8989 = COLOUR_RGB ( '',0.2509803921568627400, 0.2509803921568627400, 0.2509803921568627400 ) ;
#8990 = PRESENTATION_STYLE_ASSIGNMENT (( #10476 ) ) ;
#8991 = ORIENTED_EDGE ( 'NONE', *, *, #3476, .F. ) ;
#8992 = PLANE ( 'NONE',  #2558 ) ;
#8993 =( CONVERSION_BASED_UNIT ( 'INCH', #1630 ) LENGTH_UNIT ( ) NAMED_UNIT ( #515 ) );
#8994 = DIRECTION ( 'NONE',  ( 0.0000000000000000000, -0.0000000000000000000, 1.000000000000000000 ) ) ;
#8995 = VECTOR ( 'NONE', #5760, 39.37007874015748100 ) ;
#8996 = DIRECTION ( 'NONE',  ( -0.0000000000000000000, 1.000000000000000000, 0.0000000000000000000 ) ) ;
#8997 =( GEOMETRIC_REPRESENTATION_CONTEXT ( 3 ) GLOBAL_UNCERTAINTY_ASSIGNED_CONTEXT ( ( #9913 ) ) GLOBAL_UNIT_ASSIGNED_CONTEXT ( ( #2236, #8370, #3126 ) ) REPRESENTATION_CONTEXT ( 'NONE', 'WORKASPACE' ) );
#8998 = MECHANICAL_DESIGN_GEOMETRIC_PRESENTATION_REPRESENTATION (  '', ( #7255 ), #9579 ) ;
#8999 = ORIENTED_EDGE ( 'NONE', *, *, #5986, .F. ) ;
#9000 = FILL_AREA_STYLE ('',( #2544 ) ) ;
#9001 = FILL_AREA_STYLE ('',( #8958 ) ) ;
#9002 = DIRECTION ( 'NONE',  ( 1.000000000000000000, 0.0000000000000000000, -0.0000000000000000000 ) ) ;
#9003 = ORIENTED_EDGE ( 'NONE', *, *, #261, .T. ) ;
#9004 =( LENGTH_UNIT ( ) NAMED_UNIT ( * ) SI_UNIT ( $, .METRE. ) );
#9005 = LENGTH_MEASURE_WITH_UNIT ( LENGTH_MEASURE( 0.02539999999999999900 ), #2683 );
#9006 = EDGE_LOOP ( 'NONE', ( #3213, #1306, #4566, #6406 ) ) ;
#9007 = EDGE_CURVE ( 'NONE', #5557, #7598, #6225, .T. ) ;
#9008 =( NAMED_UNIT ( * ) SI_UNIT ( $, .STERADIAN. ) SOLID_ANGLE_UNIT ( ) );
#9009 = EDGE_CURVE ( 'NONE', #11269, #4699, #3892, .T. ) ;
#9010 =( LENGTH_UNIT ( ) NAMED_UNIT ( * ) SI_UNIT ( $, .METRE. ) );
#9011 = VERTEX_POINT ( 'NONE', #868 ) ;
#9012 =( NAMED_UNIT ( * ) PLANE_ANGLE_UNIT ( ) SI_UNIT ( $, .RADIAN. ) );
#9013 = ORIENTED_EDGE ( 'NONE', *, *, #4797, .F. ) ;
#9014 = PRESENTATION_STYLE_ASSIGNMENT (( #1349 ) ) ;
#9015 = ORIENTED_EDGE ( 'NONE', *, *, #5414, .T. ) ;
#9016 = UNCERTAINTY_MEASURE_WITH_UNIT (LENGTH_MEASURE( 1.000000000000000100E-005 ), #5555, 'distance_accuracy_value', 'NONE');
#9017 = EDGE_LOOP ( 'NONE', ( #6087, #10196, #345, #9660 ) ) ;
#9018 = EDGE_CURVE ( 'NONE', #3093, #379, #10589, .T. ) ;
#9019 = LINE ( 'NONE', #10330, #4339 ) ;
#9020 = DIRECTION ( 'NONE',  ( -0.0000000000000000000, 1.000000000000000000, 0.0000000000000000000 ) ) ;
#9021 = VERTEX_POINT ( 'NONE', #9654 ) ;
#9022 = LINE ( 'NONE', #1635, #6697 ) ;
#9023 = EDGE_CURVE ( 'NONE', #2676, #2103, #3607, .T. ) ;
#9024 = PRESENTATION_LAYER_ASSIGNMENT (  '', '', ( #7853 ) ) ;
#9025 = FILL_AREA_STYLE_COLOUR ( '', #4565 ) ;
#9026 = ADVANCED_FACE ( 'NONE', ( #5948 ), #7056, .F. ) ;
#9027 =( NAMED_UNIT ( * ) PLANE_ANGLE_UNIT ( ) SI_UNIT ( $, .RADIAN. ) );
#9028 = ORIENTED_EDGE ( 'NONE', *, *, #4907, .T. ) ;
#9029 = CARTESIAN_POINT ( 'NONE',  ( -0.09055118110236222400, 0.0000000000000000000, 0.0000000000000000000 ) ) ;
#9030 = CARTESIAN_POINT ( 'NONE',  ( -0.07283464566929134800, 0.009842519685039369900, -0.02047244094488185500 ) ) ;
#9031 = LINE ( 'NONE', #8464, #104 ) ;
#9032 = CARTESIAN_POINT ( 'NONE',  ( 0.07283464566929139000, 0.009842519685039369900, -0.02047244094488188900 ) ) ;
#9033 = DIMENSIONAL_EXPONENTS ( 1.000000000000000000, 0.0000000000000000000, 0.0000000000000000000, 0.0000000000000000000, 0.0000000000000000000, 0.0000000000000000000, 0.0000000000000000000 ) ;
#9034 = PLANE ( 'NONE',  #465 ) ;
#9035 = CARTESIAN_POINT ( 'NONE',  ( 0.02047244094488188600, 0.0000000000000000000, 0.08661417322834648300 ) ) ;
#9036 = DIRECTION ( 'NONE',  ( 0.0000000000000000000, -0.0000000000000000000, -1.000000000000000000 ) ) ;
#9037 = DIRECTION ( 'NONE',  ( 0.0000000000000000000, 0.0000000000000000000, 1.000000000000000000 ) ) ;
#9038 = ORIENTED_EDGE ( 'NONE', *, *, #9876, .T. ) ;
#9039 = SURFACE_STYLE_USAGE ( .BOTH. , #2882 ) ;
#9040 = DIMENSIONAL_EXPONENTS ( 1.000000000000000000, 0.0000000000000000000, 0.0000000000000000000, 0.0000000000000000000, 0.0000000000000000000, 0.0000000000000000000, 0.0000000000000000000 ) ;
#9041 =( GEOMETRIC_REPRESENTATION_CONTEXT ( 3 ) GLOBAL_UNCERTAINTY_ASSIGNED_CONTEXT ( ( #509 ) ) GLOBAL_UNIT_ASSIGNED_CONTEXT ( ( #3013, #2936, #2888 ) ) REPRESENTATION_CONTEXT ( 'NONE', 'WORKASPACE' ) );
#9042 = FILL_AREA_STYLE ('',( #8154 ) ) ;
#9043 = FILL_AREA_STYLE_COLOUR ( '', #9377 ) ;
#9044 = UNCERTAINTY_MEASURE_WITH_UNIT (LENGTH_MEASURE( 1.000000000000000100E-005 ), #6843, 'distance_accuracy_value', 'NONE');
#9045 = STYLED_ITEM ( 'NONE', ( #8522 ), #2054 ) ;
#9046 = AXIS2_PLACEMENT_3D ( 'NONE', #9330, #4087, #10212 ) ;
#9047 = DIRECTION ( 'NONE',  ( 1.000000000000000000, 0.0000000000000000000, 0.0000000000000000000 ) ) ;
#9048 = DIRECTION ( 'NONE',  ( 0.0000000000000000000, 0.0000000000000000000, -1.000000000000000000 ) ) ;
#9049 = UNCERTAINTY_MEASURE_WITH_UNIT (LENGTH_MEASURE( 1.000000000000000100E-005 ), #3483, 'distance_accuracy_value', 'NONE');
#9050 = LINE ( 'NONE', #1329, #11335 ) ;
#9051 = COLOUR_RGB ( '',0.9686274509803921600, 0.8784313725490196000, 0.5999999999999999800 ) ;
#9052 = DIRECTION ( 'NONE',  ( 0.0000000000000000000, 1.000000000000000000, 0.0000000000000000000 ) ) ;
#9053 = STYLED_ITEM ( 'NONE', ( #8625 ), #10490 ) ;
#9054 = LINE ( 'NONE', #9035, #8783 ) ;
#9055 = MECHANICAL_DESIGN_GEOMETRIC_PRESENTATION_REPRESENTATION (  '', ( #7307 ), #9643 ) ;
#9056 = PLANE ( 'NONE',  #1493 ) ;
#9057 = DIRECTION ( 'NONE',  ( -0.0000000000000000000, 0.0000000000000000000, -1.000000000000000000 ) ) ;
#9058 =( GEOMETRIC_REPRESENTATION_CONTEXT ( 3 ) GLOBAL_UNCERTAINTY_ASSIGNED_CONTEXT ( ( #8629 ) ) GLOBAL_UNIT_ASSIGNED_CONTEXT ( ( #3797, #9938, #4684 ) ) REPRESENTATION_CONTEXT ( 'NONE', 'WORKASPACE' ) );
#9059 = PRESENTATION_STYLE_ASSIGNMENT (( #4129 ) ) ;
#9060 =( LENGTH_UNIT ( ) NAMED_UNIT ( * ) SI_UNIT ( $, .METRE. ) );
#9061 =( CONVERSION_BASED_UNIT ( 'INCH', #4396 ) LENGTH_UNIT ( ) NAMED_UNIT ( #2120 ) );
#9062 = AXIS2_PLACEMENT_3D ( 'NONE', #5873, #630, #6768 ) ;
#9063 = ORIENTED_EDGE ( 'NONE', *, *, #201, .T. ) ;
#9064 =( NAMED_UNIT ( * ) SI_UNIT ( $, .STERADIAN. ) SOLID_ANGLE_UNIT ( ) );
#9065 = DIRECTION ( 'NONE',  ( 0.0000000000000000000, -0.0000000000000000000, -1.000000000000000000 ) ) ;
#9066 = VERTEX_POINT ( 'NONE', #7905 ) ;
#9067 = DIRECTION ( 'NONE',  ( 1.000000000000000000, 0.0000000000000000000, 0.0000000000000000000 ) ) ;
#9068 = VECTOR ( 'NONE', #2170, 39.37007874015748100 ) ;
#9069 = VECTOR ( 'NONE', #7075, 39.37007874015748100 ) ;
#9070 = PLANE ( 'NONE',  #6315 ) ;
#9071 = CARTESIAN_POINT ( 'NONE',  ( -0.07283464566929134800, 0.0000000000000000000, -0.005118110236220437700 ) ) ;
#9072 = ADVANCED_FACE ( 'NONE', ( #348 ), #949, .F. ) ;
#9073 = FACE_BOUND ( 'NONE', #5900, .T. ) ;
#9074 =( CONVERSION_BASED_UNIT ( 'INCH', #4427 ) LENGTH_UNIT ( ) NAMED_UNIT ( #4102 ) );
#9075 = SURFACE_STYLE_USAGE ( .BOTH. , #6516 ) ;
#9076 = EDGE_CURVE ( 'NONE', #7501, #4980, #1576, .T. ) ;
#9077 = VERTEX_POINT ( 'NONE', #8010 ) ;
#9078 = LINE ( 'NONE', #4768, #2347 ) ;
#9079 = CARTESIAN_POINT ( 'NONE',  ( 0.09055118110236223800, 0.009842519685039369900, 0.005118110236220474100 ) ) ;
#9080 = EDGE_CURVE ( 'NONE', #10593, #4034, #8303, .T. ) ;
#9081 = UNCERTAINTY_MEASURE_WITH_UNIT (LENGTH_MEASURE( 1.000000000000000100E-005 ), #51, 'distance_accuracy_value', 'NONE');
#9082 = DIRECTION ( 'NONE',  ( 2.168404344971005700E-015, -0.0000000000000000000, 1.000000000000000000 ) ) ;
#9083 = SURFACE_SIDE_STYLE ('',( #8206 ) ) ;
#9084 = PRESENTATION_LAYER_ASSIGNMENT (  '', '', ( #7919 ) ) ;
#9085 = SURFACE_STYLE_FILL_AREA ( #4757 ) ;
#9086 = CARTESIAN_POINT ( 'NONE',  ( 0.0000000000000000000, 0.1023622047244094800, 0.08149606299212597300 ) ) ;
#9087 = VECTOR ( 'NONE', #2452, 39.37007874015748100 ) ;
#9088 = PRESENTATION_STYLE_ASSIGNMENT (( #9814 ) ) ;
#9089 = ORIENTED_EDGE ( 'NONE', *, *, #9801, .F. ) ;
#9090 = SURFACE_SIDE_STYLE ('',( #8943 ) ) ;
#9091 = ORIENTED_EDGE ( 'NONE', *, *, #10115, .T. ) ;
#9092 = VECTOR ( 'NONE', #10173, 39.37007874015748100 ) ;
#9093 = CARTESIAN_POINT ( 'NONE',  ( -0.03070866141732283800, 0.0000000000000000000, 0.06889763779527562100 ) ) ;
#9094 = LENGTH_MEASURE_WITH_UNIT ( LENGTH_MEASURE( 0.02539999999999999900 ), #2786 );
#9095 = FILL_AREA_STYLE_COLOUR ( '', #5387 ) ;
#9096 = PLANE ( 'NONE',  #2963 ) ;
#9097 = EDGE_LOOP ( 'NONE', ( #10990, #5726, #2636, #5145 ) ) ;
#9098 = CARTESIAN_POINT ( 'NONE',  ( 0.07283464566929137600, 0.009842519685039369900, 0.02047244094488188900 ) ) ;
#9099 = VERTEX_POINT ( 'NONE', #1867 ) ;
#9100 =( GEOMETRIC_REPRESENTATION_CONTEXT ( 3 ) GLOBAL_UNCERTAINTY_ASSIGNED_CONTEXT ( ( #7530 ) ) GLOBAL_UNIT_ASSIGNED_CONTEXT ( ( #6518, #1242, #7410 ) ) REPRESENTATION_CONTEXT ( 'NONE', 'WORKASPACE' ) );
#9101 =( CONVERSION_BASED_UNIT ( 'INCH', #1377 ) LENGTH_UNIT ( ) NAMED_UNIT ( #5929 ) );
#9102 = DIRECTION ( 'NONE',  ( 0.0000000000000000000, -1.000000000000000000, 0.0000000000000000000 ) ) ;
#9103 = CARTESIAN_POINT ( 'NONE',  ( -0.02047244094488188900, 0.0000000000000000000, -0.06889763779527555100 ) ) ;
#9104 = EDGE_LOOP ( 'NONE', ( #307, #2917, #36, #5554 ) ) ;
#9105 =( NAMED_UNIT ( * ) PLANE_ANGLE_UNIT ( ) SI_UNIT ( $, .RADIAN. ) );
#9106 =( GEOMETRIC_REPRESENTATION_CONTEXT ( 3 ) GLOBAL_UNCERTAINTY_ASSIGNED_CONTEXT ( ( #8979 ) ) GLOBAL_UNIT_ASSIGNED_CONTEXT ( ( #11157, #5928, #680 ) ) REPRESENTATION_CONTEXT ( 'NONE', 'WORKASPACE' ) );
#9107 = VERTEX_POINT ( 'NONE', #9759 ) ;
#9108 =( GEOMETRIC_REPRESENTATION_CONTEXT ( 3 ) GLOBAL_UNCERTAINTY_ASSIGNED_CONTEXT ( ( #10980 ) ) GLOBAL_UNIT_ASSIGNED_CONTEXT ( ( #937, #847, #704 ) ) REPRESENTATION_CONTEXT ( 'NONE', 'WORKASPACE' ) );
#9109 = VERTEX_POINT ( 'NONE', #7174 ) ;
#9110 = CARTESIAN_POINT ( 'NONE',  ( -0.02047244094488188900, -0.02046108103966344500, 0.06889763779527562100 ) ) ;
#9111 = COLOUR_RGB ( '',0.2509803921568627400, 0.2509803921568627400, 0.2509803921568627400 ) ;
#9112 = DIRECTION ( 'NONE',  ( 1.204669080539449800E-016, 0.0000000000000000000, -1.000000000000000000 ) ) ;
#9113 = DIRECTION ( 'NONE',  ( 0.0000000000000000000, -0.0000000000000000000, 1.000000000000000000 ) ) ;
#9114 = LINE ( 'NONE', #5736, #6791 ) ;
#9115 = PLANE ( 'NONE',  #10823 ) ;
#9116 = LINE ( 'NONE', #9071, #6794 ) ;
#9117 = UNCERTAINTY_MEASURE_WITH_UNIT (LENGTH_MEASURE( 1.000000000000000100E-005 ), #3675, 'distance_accuracy_value', 'NONE');
#9118 = PLANE ( 'NONE',  #5824 ) ;
#9119 = EDGE_LOOP ( 'NONE', ( #648, #11152, #11249, #10759 ) ) ;
#9120 =( CONVERSION_BASED_UNIT ( 'INCH', #3192 ) LENGTH_UNIT ( ) NAMED_UNIT ( #1780 ) );
#9121 = ORIENTED_EDGE ( 'NONE', *, *, #7335, .T. ) ;
#9122 = STYLED_ITEM ( 'NONE', ( #6 ), #10039 ) ;
#9123 =( GEOMETRIC_REPRESENTATION_CONTEXT ( 3 ) GLOBAL_UNCERTAINTY_ASSIGNED_CONTEXT ( ( #9250 ) ) GLOBAL_UNIT_ASSIGNED_CONTEXT ( ( #178, #135, #3723 ) ) REPRESENTATION_CONTEXT ( 'NONE', 'WORKASPACE' ) );
#9124 = VERTEX_POINT ( 'NONE', #4514 ) ;
#9125 =( GEOMETRIC_REPRESENTATION_CONTEXT ( 3 ) GLOBAL_UNCERTAINTY_ASSIGNED_CONTEXT ( ( #6230 ) ) GLOBAL_UNIT_ASSIGNED_CONTEXT ( ( #9372, #4122, #10247 ) ) REPRESENTATION_CONTEXT ( 'NONE', 'WORKASPACE' ) );
#9126 = SURFACE_STYLE_FILL_AREA ( #3810 ) ;
#9127 = CARTESIAN_POINT ( 'NONE',  ( 0.005118110236220471500, 0.009842519685039369900, -0.08661417322834641400 ) ) ;
#9128 = EDGE_LOOP ( 'NONE', ( #2594, #2824, #10859, #10541 ) ) ;
#9129 = LINE ( 'NONE', #5609, #2129 ) ;
#9130 = PRESENTATION_LAYER_ASSIGNMENT (  '', '', ( #7959 ) ) ;
#9131 = DIRECTION ( 'NONE',  ( 1.000000000000000000, 0.0000000000000000000, -0.0000000000000000000 ) ) ;
#9132 = EDGE_LOOP ( 'NONE', ( #4314, #6387, #2106, #1538 ) ) ;
#9133 = CLOSED_SHELL ( 'NONE', ( #2110, #6928, #5855, #10886, #5054, #9445 ) ) ;
#9134 = ADVANCED_FACE ( 'NONE', ( #3628 ), #7104, .F. ) ;
#9135 = CARTESIAN_POINT ( 'NONE',  ( -0.05629921259842520000, 0.009842519685039369900, -0.06889763779527555100 ) ) ;
#9136 = ORIENTED_EDGE ( 'NONE', *, *, #8425, .F. ) ;
#9137 = EDGE_CURVE ( 'NONE', #4227, #8602, #482, .T. ) ;
#9138 = SURFACE_STYLE_USAGE ( .BOTH. , #3001 ) ;
#9139 = VECTOR ( 'NONE', #11059, 39.37007874015748100 ) ;
#9140 = ORIENTED_EDGE ( 'NONE', *, *, #4076, .F. ) ;
#9141 = STYLED_ITEM ( 'NONE', ( #10350 ), #11158 ) ;
#9142 = ORIENTED_EDGE ( 'NONE', *, *, #2386, .F. ) ;
#9143 = DIMENSIONAL_EXPONENTS ( 1.000000000000000000, 0.0000000000000000000, 0.0000000000000000000, 0.0000000000000000000, 0.0000000000000000000, 0.0000000000000000000, 0.0000000000000000000 ) ;
#9144 = FILL_AREA_STYLE_COLOUR ( '', #7579 ) ;
#9145 = ORIENTED_EDGE ( 'NONE', *, *, #10027, .T. ) ;
#9146 = CARTESIAN_POINT ( 'NONE',  ( 0.0000000000000000000, 0.009842519685039369900, 0.0000000000000000000 ) ) ;
#9147 = SURFACE_SIDE_STYLE ('',( #8260 ) ) ;
#9148 = CARTESIAN_POINT ( 'NONE',  ( -0.03070866141732284500, -0.02046108103966344500, -0.08661417322834641400 ) ) ;
#9149 = CARTESIAN_POINT ( 'NONE',  ( -0.09055118110236218300, 0.0000000000000000000, 0.04606299212598428900 ) ) ;
#9150 = EDGE_CURVE ( 'NONE', #9627, #10078, #5968, .T. ) ;
#9151 = VERTEX_POINT ( 'NONE', #9836 ) ;
#9152 = DIMENSIONAL_EXPONENTS ( 1.000000000000000000, 0.0000000000000000000, 0.0000000000000000000, 0.0000000000000000000, 0.0000000000000000000, 0.0000000000000000000, 0.0000000000000000000 ) ;
#9153 = FILL_AREA_STYLE ('',( #10018 ) ) ;
#9154 =( NAMED_UNIT ( * ) PLANE_ANGLE_UNIT ( ) SI_UNIT ( $, .RADIAN. ) );
#9155 =( NAMED_UNIT ( * ) PLANE_ANGLE_UNIT ( ) SI_UNIT ( $, .RADIAN. ) );
#9156 = CARTESIAN_POINT ( 'NONE',  ( -0.07283464566929134800, 0.009842519685039369900, -0.03070866141732280000 ) ) ;
#9157 = EDGE_CURVE ( 'NONE', #5018, #6804, #9543, .T. ) ;
#9158 = MANIFOLD_SOLID_BREP ( 'Boss-Extrude2[18]', #3358 ) ;
#9159 = DIRECTION ( 'NONE',  ( 0.0000000000000000000, 0.0000000000000000000, -1.000000000000000000 ) ) ;
#9160 = PRESENTATION_LAYER_ASSIGNMENT (  '', '', ( #7979 ) ) ;
#9161 = ORIENTED_EDGE ( 'NONE', *, *, #5276, .F. ) ;
#9162 = FACE_OUTER_BOUND ( 'NONE', #3435, .T. ) ;
#9163 =( LENGTH_UNIT ( ) NAMED_UNIT ( * ) SI_UNIT ( $, .METRE. ) );
#9164 = VECTOR ( 'NONE', #4378, 39.37007874015748100 ) ;
#9165 = FILL_AREA_STYLE_COLOUR ( '', #3149 ) ;
#9166 = SURFACE_STYLE_USAGE ( .BOTH. , #3023 ) ;
#9167 = LENGTH_MEASURE_WITH_UNIT ( LENGTH_MEASURE( 0.02539999999999999900 ), #2727 );
#9168 = DIRECTION ( 'NONE',  ( 0.0000000000000000000, 1.000000000000000000, 0.0000000000000000000 ) ) ;
#9169 = EDGE_CURVE ( 'NONE', #1995, #2285, #3759, .T. ) ;
#9170 = ORIENTED_EDGE ( 'NONE', *, *, #9585, .F. ) ;
#9171 =( NAMED_UNIT ( * ) SI_UNIT ( $, .STERADIAN. ) SOLID_ANGLE_UNIT ( ) );
#9172 = EDGE_CURVE ( 'NONE', #57, #9358, #6942, .T. ) ;
#9173 = COLOUR_RGB ( '',0.9686274509803921600, 0.8784313725490196000, 0.5999999999999999800 ) ;
#9174 = DIRECTION ( 'NONE',  ( 1.000000000000000000, 0.0000000000000000000, -0.0000000000000000000 ) ) ;
#9175 = CARTESIAN_POINT ( 'NONE',  ( -0.09055118110236221000, 0.009842519685039369900, 0.03070866141732286900 ) ) ;
#9176 = DIRECTION ( 'NONE',  ( 0.0000000000000000000, -0.0000000000000000000, 1.000000000000000000 ) ) ;
#9177 = SURFACE_SIDE_STYLE ('',( #8379 ) ) ;
#9178 = LENGTH_MEASURE_WITH_UNIT ( LENGTH_MEASURE( 0.02539999999999999900 ), #9534 );
#9179 = SURFACE_SIDE_STYLE ('',( #6464 ) ) ;
#9180 =( LENGTH_UNIT ( ) NAMED_UNIT ( * ) SI_UNIT ( $, .METRE. ) );
#9181 = CARTESIAN_POINT ( 'NONE',  ( 0.09055118110236222400, 0.009842519685039369900, -0.04606299212598424800 ) ) ;
#9182 = SURFACE_SIDE_STYLE ('',( #6267 ) ) ;
#9183 = VECTOR ( 'NONE', #6371, 39.37007874015748100 ) ;
#9184 = MECHANICAL_DESIGN_GEOMETRIC_PRESENTATION_REPRESENTATION (  '', ( #7439 ), #9764 ) ;
#9185 =( CONVERSION_BASED_UNIT ( 'INCH', #7751 ) LENGTH_UNIT ( ) NAMED_UNIT ( #10321 ) );
#9186 = CARTESIAN_POINT ( 'NONE',  ( -0.09055118110236221000, 0.0000000000000000000, -0.02047244094488185500 ) ) ;
#9187 = SURFACE_SIDE_STYLE ('',( #1025 ) ) ;
#9188 = ADVANCED_FACE ( 'NONE', ( #3485 ), #2021, .F. ) ;
#9189 = STYLED_ITEM ( 'NONE', ( #6055 ), #9672 ) ;
#9190 = FILL_AREA_STYLE_COLOUR ( '', #9238 ) ;
#9191 = FACE_OUTER_BOUND ( 'NONE', #2845, .T. ) ;
#9192 = FACE_OUTER_BOUND ( 'NONE', #10460, .T. ) ;
#9193 =( GEOMETRIC_REPRESENTATION_CONTEXT ( 3 ) GLOBAL_UNCERTAINTY_ASSIGNED_CONTEXT ( ( #10499 ) ) GLOBAL_UNIT_ASSIGNED_CONTEXT ( ( #2718, #8883, #3601 ) ) REPRESENTATION_CONTEXT ( 'NONE', 'WORKASPACE' ) );
#9194 = FILL_AREA_STYLE ('',( #3945 ) ) ;
#9195 =( NAMED_UNIT ( * ) SI_UNIT ( $, .STERADIAN. ) SOLID_ANGLE_UNIT ( ) );
#9196 =( GEOMETRIC_REPRESENTATION_CONTEXT ( 3 ) GLOBAL_UNCERTAINTY_ASSIGNED_CONTEXT ( ( #11321 ) ) GLOBAL_UNIT_ASSIGNED_CONTEXT ( ( #9691, #4431, #10542 ) ) REPRESENTATION_CONTEXT ( 'NONE', 'WORKASPACE' ) );
#9197 = DIRECTION ( 'NONE',  ( 0.0000000000000000000, 1.000000000000000000, 0.0000000000000000000 ) ) ;
#9198 = LINE ( 'NONE', #6752, #11212 ) ;
#9199 = ORIENTED_EDGE ( 'NONE', *, *, #6064, .T. ) ;
#9200 =( GEOMETRIC_REPRESENTATION_CONTEXT ( 3 ) GLOBAL_UNCERTAINTY_ASSIGNED_CONTEXT ( ( #9394 ) ) GLOBAL_UNIT_ASSIGNED_CONTEXT ( ( #10253, #9827, #9788 ) ) REPRESENTATION_CONTEXT ( 'NONE', 'WORKASPACE' ) );
#9201 = DIRECTION ( 'NONE',  ( 0.0000000000000000000, 1.000000000000000000, -0.0000000000000000000 ) ) ;
#9202 = COLOUR_RGB ( '',0.9686274509803921600, 0.8784313725490196000, 0.5999999999999999800 ) ;
#9203 = LINE ( 'NONE', #2243, #146 ) ;
#9204 = CARTESIAN_POINT ( 'NONE',  ( -0.005118110236220473200, 0.0000000000000000000, -0.06889763779527555100 ) ) ;
#9205 = MECHANICAL_DESIGN_GEOMETRIC_PRESENTATION_REPRESENTATION (  '', ( #7465 ), #9787 ) ;
#9206 = SURFACE_STYLE_FILL_AREA ( #120 ) ;
#9207 = PRESENTATION_LAYER_ASSIGNMENT (  '', '', ( #8045 ) ) ;
#9208 = PRESENTATION_STYLE_ASSIGNMENT (( #6137 ) ) ;
#9209 = FILL_AREA_STYLE ('',( #1308 ) ) ;
#9210 = DIRECTION ( 'NONE',  ( 0.0000000000000000000, 1.000000000000000000, 0.0000000000000000000 ) ) ;
#9211 = VECTOR ( 'NONE', #5571, 39.37007874015748100 ) ;
#9212 = DIRECTION ( 'NONE',  ( 0.0000000000000000000, -0.0000000000000000000, 1.000000000000000000 ) ) ;
#9213 = VERTEX_POINT ( 'NONE', #256 ) ;
#9214 = EDGE_CURVE ( 'NONE', #5672, #4891, #337, .T. ) ;
#9215 = LINE ( 'NONE', #4507, #4548 ) ;
#9216 = LENGTH_MEASURE_WITH_UNIT ( LENGTH_MEASURE( 0.02539999999999999900 ), #2043 );
#9217 = EDGE_CURVE ( 'NONE', #2204, #11100, #7071, .T. ) ;
#9218 = FILL_AREA_STYLE ('',( #1200 ) ) ;
#9219 = VERTEX_POINT ( 'NONE', #10803 ) ;
#9220 = ORIENTED_EDGE ( 'NONE', *, *, #9023, .T. ) ;
#9221 =( CONVERSION_BASED_UNIT ( 'INCH', #896 ) LENGTH_UNIT ( ) NAMED_UNIT ( #3720 ) );
#9222 = DIRECTION ( 'NONE',  ( -1.000000000000000000, 0.0000000000000000000, 0.0000000000000000000 ) ) ;
#9223 = CARTESIAN_POINT ( 'NONE',  ( -0.005118110236220473200, 0.0000000000000000000, 0.06889763779527562100 ) ) ;
#9224 = SURFACE_STYLE_USAGE ( .BOTH. , #3097 ) ;
#9225 = LENGTH_MEASURE_WITH_UNIT ( LENGTH_MEASURE( 0.02539999999999999900 ), #6140 );
#9226 = SURFACE_STYLE_USAGE ( .BOTH. , #3098 ) ;
#9227 = DIMENSIONAL_EXPONENTS ( 1.000000000000000000, 0.0000000000000000000, 0.0000000000000000000, 0.0000000000000000000, 0.0000000000000000000, 0.0000000000000000000, 0.0000000000000000000 ) ;
#9228 = CARTESIAN_POINT ( 'NONE',  ( 0.07283464566929139000, 0.009842519685039369900, 0.04606299212598425500 ) ) ;
#9229 = SURFACE_STYLE_FILL_AREA ( #8633 ) ;
#9230 = CARTESIAN_POINT ( 'NONE',  ( 0.02047244094488188600, 0.0000000000000000000, 0.08661417322834648300 ) ) ;
#9231 = EDGE_CURVE ( 'NONE', #11144, #2404, #9116, .T. ) ;
#9232 = ORIENTED_EDGE ( 'NONE', *, *, #7033, .F. ) ;
#9233 = FILL_AREA_STYLE_COLOUR ( '', #2753 ) ;
#9234 = EDGE_LOOP ( 'NONE', ( #7238, #9580, #2678, #4973 ) ) ;
#9235 = EDGE_CURVE ( 'NONE', #143, #7763, #64, .T. ) ;
#9236 = PLANE ( 'NONE',  #4570 ) ;
#9237 = AXIS2_PLACEMENT_3D ( 'NONE', #562, #6716, #1448 ) ;
#9238 = COLOUR_RGB ( '',0.9686274509803921600, 0.8784313725490196000, 0.5999999999999999800 ) ;
#9239 = CARTESIAN_POINT ( 'NONE',  ( -0.07283464566929133400, -0.02046108103966344500, 0.04606299212598428900 ) ) ;
#9240 = VERTEX_POINT ( 'NONE', #334 ) ;
#9241 = LENGTH_MEASURE_WITH_UNIT ( LENGTH_MEASURE( 0.02539999999999999900 ), #7065 );
#9242 = CARTESIAN_POINT ( 'NONE',  ( -0.03070866141732284500, 0.009842519685039369900, 0.08661417322834648300 ) ) ;
#9243 = ORIENTED_EDGE ( 'NONE', *, *, #6665, .T. ) ;
#9244 = VERTEX_POINT ( 'NONE', #2982 ) ;
#9245 = COLOUR_RGB ( '',0.2509803921568627400, 0.2509803921568627400, 0.2509803921568627400 ) ;
#9246 = CARTESIAN_POINT ( 'NONE',  ( -0.005118110236220474100, 0.009842519685039369900, -0.08661417322834641400 ) ) ;
#9247 = LINE ( 'NONE', #399, #8970 ) ;
#9248 = ADVANCED_FACE ( 'NONE', ( #4441 ), #9115, .F. ) ;
#9249 = CARTESIAN_POINT ( 'NONE',  ( 0.0000000000000000000, 0.0000000000000000000, 0.0000000000000000000 ) ) ;
#9250 = UNCERTAINTY_MEASURE_WITH_UNIT (LENGTH_MEASURE( 1.000000000000000100E-005 ), #178, 'distance_accuracy_value', 'NONE');
#9251 = VECTOR ( 'NONE', #10553, 39.37007874015748100 ) ;
#9252 = ORIENTED_EDGE ( 'NONE', *, *, #7177, .T. ) ;
#9253 = SURFACE_SIDE_STYLE ('',( #2510 ) ) ;
#9254 = ORIENTED_EDGE ( 'NONE', *, *, #4417, .F. ) ;
#9255 = EDGE_LOOP ( 'NONE', ( #1581, #9750, #3614, #3222 ) ) ;
#9256 = VERTEX_POINT ( 'NONE', #10884 ) ;
#9257 = DIMENSIONAL_EXPONENTS ( 1.000000000000000000, 0.0000000000000000000, 0.0000000000000000000, 0.0000000000000000000, 0.0000000000000000000, 0.0000000000000000000, 0.0000000000000000000 ) ;
#9258 =( NAMED_UNIT ( * ) SI_UNIT ( $, .STERADIAN. ) SOLID_ANGLE_UNIT ( ) );
#9259 =( NAMED_UNIT ( * ) SI_UNIT ( $, .STERADIAN. ) SOLID_ANGLE_UNIT ( ) );
#9260 = VECTOR ( 'NONE', #1100, 39.37007874015748100 ) ;
#9261 = LINE ( 'NONE', #3847, #4600 ) ;
#9262 = AXIS2_PLACEMENT_3D ( 'NONE', #1604, #7760, #2471 ) ;
#9263 = ORIENTED_EDGE ( 'NONE', *, *, #7964, .T. ) ;
#9264 = CARTESIAN_POINT ( 'NONE',  ( -0.09055118110236218300, 0.0000000000000000000, 0.0000000000000000000 ) ) ;
#9265 = STYLED_ITEM ( 'NONE', ( #1157 ), #4368 ) ;
#9266 = DIMENSIONAL_EXPONENTS ( 1.000000000000000000, 0.0000000000000000000, 0.0000000000000000000, 0.0000000000000000000, 0.0000000000000000000, 0.0000000000000000000, 0.0000000000000000000 ) ;
#9267 =( LENGTH_UNIT ( ) NAMED_UNIT ( * ) SI_UNIT ( $, .METRE. ) );
#9268 = DIRECTION ( 'NONE',  ( -1.000000000000000000, -0.0000000000000000000, 0.0000000000000000000 ) ) ;
#9269 = FILL_AREA_STYLE ('',( #2244 ) ) ;
#9270 = DIRECTION ( 'NONE',  ( 0.0000000000000000000, -0.0000000000000000000, -1.000000000000000000 ) ) ;
#9271 = EDGE_LOOP ( 'NONE', ( #9254, #2087, #10216, #5059 ) ) ;
#9272 =( LENGTH_UNIT ( ) NAMED_UNIT ( * ) SI_UNIT ( $, .METRE. ) );
#9273 = VECTOR ( 'NONE', #9284, 39.37007874015748100 ) ;
#9274 = EDGE_LOOP ( 'NONE', ( #5911, #10752, #3464, #2504 ) ) ;
#9275 =( GEOMETRIC_REPRESENTATION_CONTEXT ( 3 ) GLOBAL_UNCERTAINTY_ASSIGNED_CONTEXT ( ( #7002 ) ) GLOBAL_UNIT_ASSIGNED_CONTEXT ( ( #8309, #8259, #7556 ) ) REPRESENTATION_CONTEXT ( 'NONE', 'WORKASPACE' ) );
#9276 = ORIENTED_EDGE ( 'NONE', *, *, #3262, .T. ) ;
#9277 = CARTESIAN_POINT ( 'NONE',  ( 0.05629921259842520000, 0.009842519685039369900, 0.08661417322834648300 ) ) ;
#9278 = LINE ( 'NONE', #2833, #6957 ) ;
#9279 = CARTESIAN_POINT ( 'NONE',  ( 0.09055118110236225200, 0.009842519685039369900, 0.05629921259842520600 ) ) ;
#9280 = MECHANICAL_DESIGN_GEOMETRIC_PRESENTATION_REPRESENTATION (  '', ( #7536 ), #9849 ) ;
#9281 = MECHANICAL_DESIGN_GEOMETRIC_PRESENTATION_REPRESENTATION (  '', ( #8093 ), #9850 ) ;
#9282 = EDGE_LOOP ( 'NONE', ( #6914, #5006, #5569, #1375 ) ) ;
#9283 = AXIS2_PLACEMENT_3D ( 'NONE', #95, #6218, #974 ) ;
#9284 = DIRECTION ( 'NONE',  ( -1.000000000000000000, -0.0000000000000000000, -0.0000000000000000000 ) ) ;
#9285 = STYLED_ITEM ( 'NONE', ( #976 ), #7150 ) ;
#9286 = LINE ( 'NONE', #3963, #2278 ) ;
#9287 = ORIENTED_EDGE ( 'NONE', *, *, #7406, .F. ) ;
#9288 = PLANE ( 'NONE',  #3755 ) ;
#9289 = CARTESIAN_POINT ( 'NONE',  ( 0.07283464566929137600, 0.0000000000000000000, 0.005118110236220474100 ) ) ;
#9290 = ORIENTED_EDGE ( 'NONE', *, *, #8873, .F. ) ;
#9291 = FILL_AREA_STYLE ('',( #9319 ) ) ;
#9292 = EDGE_LOOP ( 'NONE', ( #8164, #5227, #2814, #9063 ) ) ;
#9293 =( LENGTH_UNIT ( ) NAMED_UNIT ( * ) SI_UNIT ( $, .METRE. ) );
#9294 =( NAMED_UNIT ( * ) PLANE_ANGLE_UNIT ( ) SI_UNIT ( $, .RADIAN. ) );
#9295 =( NAMED_UNIT ( * ) PLANE_ANGLE_UNIT ( ) SI_UNIT ( $, .RADIAN. ) );
#9296 = ORIENTED_EDGE ( 'NONE', *, *, #5626, .F. ) ;
#9297 = EDGE_CURVE ( 'NONE', #5342, #5670, #5687, .T. ) ;
#9298 = SURFACE_SIDE_STYLE ('',( #8930 ) ) ;
#9299 = FILL_AREA_STYLE ('',( #4047 ) ) ;
#9300 = EDGE_CURVE ( 'NONE', #4699, #7747, #2383, .T. ) ;
#9301 = LENGTH_MEASURE_WITH_UNIT ( LENGTH_MEASURE( 0.02539999999999999900 ), #7901 );
#9302 = ADVANCED_FACE ( 'NONE', ( #5422 ), #7443, .F. ) ;
#9303 = AXIS2_PLACEMENT_3D ( 'NONE', #1751, #7910, #2617 ) ;
#9304 = CARTESIAN_POINT ( 'NONE',  ( 0.09055118110236222400, 0.0000000000000000000, -0.04606299212598424800 ) ) ;
#9305 = ORIENTED_EDGE ( 'NONE', *, *, #1491, .T. ) ;
#9306 = SURFACE_STYLE_USAGE ( .BOTH. , #3173 ) ;
#9307 = DIRECTION ( 'NONE',  ( 0.0000000000000000000, 0.0000000000000000000, 1.000000000000000000 ) ) ;
#9308 = SURFACE_STYLE_FILL_AREA ( #10745 ) ;
#9309 =( LENGTH_UNIT ( ) NAMED_UNIT ( * ) SI_UNIT ( $, .METRE. ) );
#9310 = DIRECTION ( 'NONE',  ( 0.0000000000000000000, 0.0000000000000000000, -1.000000000000000000 ) ) ;
#9311 = CARTESIAN_POINT ( 'NONE',  ( 0.07283464566929139000, -0.02046108103966344500, 0.03070866141732283800 ) ) ;
#9312 = SURFACE_STYLE_FILL_AREA ( #4159 ) ;
#9313 = STYLED_ITEM ( 'NONE', ( #10606 ), #9134 ) ;
#9314 = DIRECTION ( 'NONE',  ( -0.0000000000000000000, 0.0000000000000000000, -1.000000000000000000 ) ) ;
#9315 = CARTESIAN_POINT ( 'NONE',  ( -0.07283464566929134800, 0.0000000000000000000, 0.0000000000000000000 ) ) ;
#9316 = DIMENSIONAL_EXPONENTS ( 1.000000000000000000, 0.0000000000000000000, 0.0000000000000000000, 0.0000000000000000000, 0.0000000000000000000, 0.0000000000000000000, 0.0000000000000000000 ) ;
#9317 = UNCERTAINTY_MEASURE_WITH_UNIT (LENGTH_MEASURE( 1.000000000000000100E-005 ), #1868, 'distance_accuracy_value', 'NONE');
#9318 = LINE ( 'NONE', #125, #266 ) ;
#9319 = FILL_AREA_STYLE_COLOUR ( '', #4859 ) ;
#9320 = AXIS2_PLACEMENT_3D ( 'NONE', #3980, #10110, #4870 ) ;
#9321 = AXIS2_PLACEMENT_3D ( 'NONE', #4898, #4849, #4809 ) ;
#9323 = UNCERTAINTY_MEASURE_WITH_UNIT (LENGTH_MEASURE( 1.000000000000000100E-005 ), #3313, 'distance_accuracy_value', 'NONE');
#9322 = CARTESIAN_POINT ( 'NONE',  ( 0.0000000000000000000, 0.0000000000000000000, -0.08858267716535429800 ) ) ;
#9324 =( CONVERSION_BASED_UNIT ( 'INCH', #5699 ) LENGTH_UNIT ( ) NAMED_UNIT ( #9536 ) );
#9325 = LINE ( 'NONE', #4540, #2586 ) ;
#9326 = VECTOR ( 'NONE', #196, 39.37007874015748100 ) ;
#9327 = DIRECTION ( 'NONE',  ( 0.0000000000000000000, 1.000000000000000000, 0.0000000000000000000 ) ) ;
#9328 = DIRECTION ( 'NONE',  ( 0.0000000000000000000, 1.000000000000000000, 0.0000000000000000000 ) ) ;
#9329 = LINE ( 'NONE', #5831, #7011 ) ;
#9330 = CARTESIAN_POINT ( 'NONE',  ( 0.02047244094488188900, -0.02046108103966344500, 0.06889763779527562100 ) ) ;
#9331 = CARTESIAN_POINT ( 'NONE',  ( 0.0000000000000000000, 0.0000000000000000000, 0.0000000000000000000 ) ) ;
#9332 = VECTOR ( 'NONE', #10865, 39.37007874015748100 ) ;
#9333 = MECHANICAL_DESIGN_GEOMETRIC_PRESENTATION_REPRESENTATION (  '', ( #7595 ), #9917 ) ;
#9334 = PRESENTATION_STYLE_ASSIGNMENT (( #1297 ) ) ;
#9335 =( NAMED_UNIT ( * ) PLANE_ANGLE_UNIT ( ) SI_UNIT ( $, .RADIAN. ) );
#9336 = PRESENTATION_LAYER_ASSIGNMENT (  '', '', ( #8167 ) ) ;
#9337 = ORIENTED_EDGE ( 'NONE', *, *, #6580, .T. ) ;
#9338 = AXIS2_PLACEMENT_3D ( 'NONE', #4778, #10881, #5660 ) ;
#9339 = CARTESIAN_POINT ( 'NONE',  ( -0.09055118110236221000, 0.0000000000000000000, 0.03070866141732286900 ) ) ;
#9340 = PLANE ( 'NONE',  #2570 ) ;
#9341 = AXIS2_PLACEMENT_3D ( 'NONE', #7493, #2203, #8353 ) ;
#9342 = CARTESIAN_POINT ( 'NONE',  ( -0.07283464566929134800, 0.0000000000000000000, -0.04606299212598422000 ) ) ;
#9343 = PRESENTATION_STYLE_ASSIGNMENT (( #3549 ) ) ;
#9344 = PLANE ( 'NONE',  #9567 ) ;
#9345 = CARTESIAN_POINT ( 'NONE',  ( -0.09055118110236221000, -0.02046108103966344500, -0.005118110236220437700 ) ) ;
#9346 = FACE_BOUND ( 'NONE', #6903, .T. ) ;
#9347 = MECHANICAL_DESIGN_GEOMETRIC_PRESENTATION_REPRESENTATION (  '', ( #8177 ), #9935 ) ;
#9348 =( CONVERSION_BASED_UNIT ( 'INCH', #890 ) LENGTH_UNIT ( ) NAMED_UNIT ( #1896 ) );
#9349 = ORIENTED_EDGE ( 'NONE', *, *, #5129, .T. ) ;
#9350 = EDGE_CURVE ( 'NONE', #10284, #252, #2247, .T. ) ;
#9351 = VECTOR ( 'NONE', #8994, 39.37007874015748100 ) ;
#9352 = ADVANCED_FACE ( 'NONE', ( #8974 ), #10102, .T. ) ;
#9353 =( LENGTH_UNIT ( ) NAMED_UNIT ( * ) SI_UNIT ( $, .METRE. ) );
#9354 = FACE_OUTER_BOUND ( 'NONE', #1234, .T. ) ;
#9355 = ORIENTED_EDGE ( 'NONE', *, *, #3695, .T. ) ;
#9356 = CARTESIAN_POINT ( 'NONE',  ( 0.02047244094488188600, 0.0000000000000000000, 0.0000000000000000000 ) ) ;
#9357 = EDGE_CURVE ( 'NONE', #5141, #355, #10195, .T. ) ;
#9358 = VERTEX_POINT ( 'NONE', #9228 ) ;
#9359 = VECTOR ( 'NONE', #1388, 39.37007874015748100 ) ;
#9360 = LENGTH_MEASURE_WITH_UNIT ( LENGTH_MEASURE( 0.02539999999999999900 ), #5175 );
#9361 = DIMENSIONAL_EXPONENTS ( 1.000000000000000000, 0.0000000000000000000, 0.0000000000000000000, 0.0000000000000000000, 0.0000000000000000000, 0.0000000000000000000, 0.0000000000000000000 ) ;
#9362 = EDGE_CURVE ( 'NONE', #873, #1944, #7879, .T. ) ;
#9363 =( LENGTH_UNIT ( ) NAMED_UNIT ( * ) SI_UNIT ( $, .METRE. ) );
#9364 = LINE ( 'NONE', #2284, #306 ) ;
#9365 = EDGE_LOOP ( 'NONE', ( #10033, #4846, #2530, #8257 ) ) ;
#9366 = AXIS2_PLACEMENT_3D ( 'NONE', #3758, #9886, #4641 ) ;
#9367 = SURFACE_STYLE_FILL_AREA ( #10467 ) ;
#9368 = FILL_AREA_STYLE ('',( #589 ) ) ;
#9369 = ORIENTED_EDGE ( 'NONE', *, *, #8192, .T. ) ;
#9370 = DIMENSIONAL_EXPONENTS ( 1.000000000000000000, 0.0000000000000000000, 0.0000000000000000000, 0.0000000000000000000, 0.0000000000000000000, 0.0000000000000000000, 0.0000000000000000000 ) ;
#9371 = EDGE_LOOP ( 'NONE', ( #9515, #2275, #6043, #2970 ) ) ;
#9372 =( CONVERSION_BASED_UNIT ( 'INCH', #274 ) LENGTH_UNIT ( ) NAMED_UNIT ( #5695 ) );
#9373 = PLANE ( 'NONE',  #1180 ) ;
#9374 =( CONVERSION_BASED_UNIT ( 'INCH', #8278 ) LENGTH_UNIT ( ) NAMED_UNIT ( #4657 ) );
#9375 = LENGTH_MEASURE_WITH_UNIT ( LENGTH_MEASURE( 0.02539999999999999900 ), #1440 );
#9376 = DIRECTION ( 'NONE',  ( 1.000000000000000000, 0.0000000000000000000, -0.0000000000000000000 ) ) ;
#9377 = COLOUR_RGB ( '',0.9686274509803921600, 0.8784313725490196000, 0.5999999999999999800 ) ;
#9378 = ORIENTED_EDGE ( 'NONE', *, *, #11175, .T. ) ;
#9379 = EDGE_CURVE ( 'NONE', #10284, #2519, #1144, .T. ) ;
#9380 = ORIENTED_EDGE ( 'NONE', *, *, #7273, .T. ) ;
#9381 = EDGE_CURVE ( 'NONE', #7367, #855, #9918, .T. ) ;
#9382 = VERTEX_POINT ( 'NONE', #8417 ) ;
#9383 =( CONVERSION_BASED_UNIT ( 'INCH', #3944 ) LENGTH_UNIT ( ) NAMED_UNIT ( #9361 ) );
#9384 = VECTOR ( 'NONE', #5483, 39.37007874015748100 ) ;
#9385 =( GEOMETRIC_REPRESENTATION_CONTEXT ( 3 ) GLOBAL_UNCERTAINTY_ASSIGNED_CONTEXT ( ( #8975 ) ) GLOBAL_UNIT_ASSIGNED_CONTEXT ( ( #7507, #2217, #8358 ) ) REPRESENTATION_CONTEXT ( 'NONE', 'WORKASPACE' ) );
#9386 = DIMENSIONAL_EXPONENTS ( 1.000000000000000000, 0.0000000000000000000, 0.0000000000000000000, 0.0000000000000000000, 0.0000000000000000000, 0.0000000000000000000, 0.0000000000000000000 ) ;
#9387 = PRESENTATION_STYLE_ASSIGNMENT (( #6983 ) ) ;
#9388 = FACE_OUTER_BOUND ( 'NONE', #9434, .T. ) ;
#9389 = DIRECTION ( 'NONE',  ( 1.000000000000000000, -0.0000000000000000000, 0.0000000000000000000 ) ) ;
#9390 = SURFACE_STYLE_USAGE ( .BOTH. , #10224 ) ;
#9391 = VECTOR ( 'NONE', #683, 39.37007874015748100 ) ;
#9392 = VECTOR ( 'NONE', #2093, 39.37007874015748100 ) ;
#9393 = PLANE ( 'NONE',  #2420 ) ;
#9394 = UNCERTAINTY_MEASURE_WITH_UNIT (LENGTH_MEASURE( 1.000000000000000100E-005 ), #10253, 'distance_accuracy_value', 'NONE');
#9395 = SURFACE_STYLE_USAGE ( .BOTH. , #3261 ) ;
#9396 = VECTOR ( 'NONE', #9587, 39.37007874015748100 ) ;
#9397 = ORIENTED_EDGE ( 'NONE', *, *, #10179, .T. ) ;
#9398 = CARTESIAN_POINT ( 'NONE',  ( 0.0000000000000000000, 0.0000000000000000000, -0.005118110236220437700 ) ) ;
#9399 = ORIENTED_EDGE ( 'NONE', *, *, #9450, .F. ) ;
#9400 = UNCERTAINTY_MEASURE_WITH_UNIT (LENGTH_MEASURE( 1.000000000000000100E-005 ), #6785, 'distance_accuracy_value', 'NONE');
#9401 = CARTESIAN_POINT ( 'NONE',  ( -0.07874015748031496000, 0.0000000000000000000, -0.06692913385826765300 ) ) ;
#9402 = SURFACE_STYLE_FILL_AREA ( #8507 ) ;
#9403 = ORIENTED_EDGE ( 'NONE', *, *, #8052, .T. ) ;
#9404 = PRESENTATION_STYLE_ASSIGNMENT (( #672 ) ) ;
#9405 = VECTOR ( 'NONE', #3625, 39.37007874015748100 ) ;
#9406 = LINE ( 'NONE', #3965, #2661 ) ;
#9407 = PLANE ( 'NONE',  #7532 ) ;
#9408 = VECTOR ( 'NONE', #6132, 39.37007874015748100 ) ;
#9409 = ORIENTED_EDGE ( 'NONE', *, *, #4797, .T. ) ;
#9410 = LINE ( 'NONE', #2961, #6810 ) ;
#9411 = PRESENTATION_LAYER_ASSIGNMENT (  '', '', ( #8222 ) ) ;
#9412 = ORIENTED_EDGE ( 'NONE', *, *, #989, .T. ) ;
#9413 = CARTESIAN_POINT ( 'NONE',  ( 0.03070866141732283400, 0.009842519685039369900, -0.08661417322834641400 ) ) ;
#9414 = PRESENTATION_LAYER_ASSIGNMENT (  '', '', ( #8227 ) ) ;
#9415 = ORIENTED_EDGE ( 'NONE', *, *, #10735, .F. ) ;
#9416 =( NAMED_UNIT ( * ) SI_UNIT ( $, .STERADIAN. ) SOLID_ANGLE_UNIT ( ) );
#9417 = MECHANICAL_DESIGN_GEOMETRIC_PRESENTATION_REPRESENTATION (  '', ( #7670 ), #9994 ) ;
#9418 = ORIENTED_EDGE ( 'NONE', *, *, #3119, .F. ) ;
#9419 =( LENGTH_UNIT ( ) NAMED_UNIT ( * ) SI_UNIT ( $, .METRE. ) );
#9420 =( NAMED_UNIT ( * ) SI_UNIT ( $, .STERADIAN. ) SOLID_ANGLE_UNIT ( ) );
#9421 = DIRECTION ( 'NONE',  ( 0.0000000000000000000, 1.000000000000000000, 0.0000000000000000000 ) ) ;
#9422 = ADVANCED_FACE ( 'NONE', ( #598 ), #10171, .F. ) ;
#9423 = DIRECTION ( 'NONE',  ( -1.000000000000000000, 0.0000000000000000000, 2.168404344971005700E-015 ) ) ;
#9424 = ORIENTED_EDGE ( 'NONE', *, *, #1585, .F. ) ;
#9425 = MECHANICAL_DESIGN_GEOMETRIC_PRESENTATION_REPRESENTATION (  '', ( #7679 ), #10001 ) ;
#9426 = EDGE_LOOP ( 'NONE', ( #46, #7315, #7380, #8075 ) ) ;
#9427 = DIRECTION ( 'NONE',  ( 0.0000000000000000000, -0.0000000000000000000, 1.000000000000000000 ) ) ;
#9428 = FILL_AREA_STYLE ('',( #1513 ) ) ;
#9429 = FACE_OUTER_BOUND ( 'NONE', #9371, .T. ) ;
#9430 = PRESENTATION_LAYER_ASSIGNMENT (  '', '', ( #8242 ) ) ;
#9431 = CARTESIAN_POINT ( 'NONE',  ( 0.05629921259842520000, 0.009842519685039369900, -0.08661417322834641400 ) ) ;
#9432 =( NAMED_UNIT ( * ) SI_UNIT ( $, .STERADIAN. ) SOLID_ANGLE_UNIT ( ) );
#9433 = FILL_AREA_STYLE_COLOUR ( '', #5949 ) ;
#9434 = EDGE_LOOP ( 'NONE', ( #9232, #340, #3231, #3991 ) ) ;
#9435 = CARTESIAN_POINT ( 'NONE',  ( 0.09055118110236225200, 0.0000000000000000000, 0.05629921259842520600 ) ) ;
#9436 = MECHANICAL_DESIGN_GEOMETRIC_PRESENTATION_REPRESENTATION (  '', ( #7688 ), #10011 ) ;
#9437 = EDGE_CURVE ( 'NONE', #7726, #7518, #6502, .T. ) ;
#9438 =( NAMED_UNIT ( * ) SI_UNIT ( $, .STERADIAN. ) SOLID_ANGLE_UNIT ( ) );
#9439 = EDGE_LOOP ( 'NONE', ( #11002, #4769, #11274, #8402 ) ) ;
#9440 = DIRECTION ( 'NONE',  ( 1.927470528863119000E-016, 0.0000000000000000000, 1.000000000000000000 ) ) ;
#9441 = DIRECTION ( 'NONE',  ( 0.0000000000000000000, -1.000000000000000000, 0.0000000000000000000 ) ) ;
#9442 = COLOUR_RGB ( '',0.2509803921568627400, 0.2509803921568627400, 0.2509803921568627400 ) ;
#9443 =( LENGTH_UNIT ( ) NAMED_UNIT ( * ) SI_UNIT ( $, .METRE. ) );
#9444 = DIRECTION ( 'NONE',  ( -0.0000000000000000000, -0.0000000000000000000, 1.000000000000000000 ) ) ;
#9445 = ADVANCED_FACE ( 'NONE', ( #10852 ), #596, .F. ) ;
#9446 = EDGE_CURVE ( 'NONE', #2397, #9124, #3066, .T. ) ;
#9447 = CARTESIAN_POINT ( 'NONE',  ( -0.03070866141732283800, 0.009842519685039369900, 0.06889763779527562100 ) ) ;
#9448 = CARTESIAN_POINT ( 'NONE',  ( -0.09055118110236221000, 0.009842519685039369900, 0.02047244094488192400 ) ) ;
#9449 =( NAMED_UNIT ( * ) PLANE_ANGLE_UNIT ( ) SI_UNIT ( $, .RADIAN. ) );
#9450 = EDGE_CURVE ( 'NONE', #2097, #9910, #5409, .T. ) ;
#9451 = FACE_OUTER_BOUND ( 'NONE', #1506, .T. ) ;
#9452 = SURFACE_SIDE_STYLE ('',( #1956 ) ) ;
#9453 =( GEOMETRIC_REPRESENTATION_CONTEXT ( 3 ) GLOBAL_UNCERTAINTY_ASSIGNED_CONTEXT ( ( #6590 ) ) GLOBAL_UNIT_ASSIGNED_CONTEXT ( ( #3903, #10026, #4782 ) ) REPRESENTATION_CONTEXT ( 'NONE', 'WORKASPACE' ) );
#9454 = FACE_OUTER_BOUND ( 'NONE', #11216, .T. ) ;
#9455 = LINE ( 'NONE', #6704, #9183 ) ;
#9456 = PLANE ( 'NONE',  #6110 ) ;
#9457 = PLANE ( 'NONE',  #3309 ) ;
#9458 =( NAMED_UNIT ( * ) PLANE_ANGLE_UNIT ( ) SI_UNIT ( $, .RADIAN. ) );
#9459 =( LENGTH_UNIT ( ) NAMED_UNIT ( * ) SI_UNIT ( $, .METRE. ) );
#9460 = UNCERTAINTY_MEASURE_WITH_UNIT (LENGTH_MEASURE( 1.000000000000000100E-005 ), #2, 'distance_accuracy_value', 'NONE');
#9461 = CARTESIAN_POINT ( 'NONE',  ( 0.03070866141732283800, -0.02046108103966344500, 0.06889763779527562100 ) ) ;
#9462 = LINE ( 'NONE', #1624, #2724 ) ;
#9463 = UNCERTAINTY_MEASURE_WITH_UNIT (LENGTH_MEASURE( 1.000000000000000100E-005 ), #6999, 'distance_accuracy_value', 'NONE');
#9464 = COLOUR_RGB ( '',0.2509803921568627400, 0.2509803921568627400, 0.2509803921568627400 ) ;
#9465 = CARTESIAN_POINT ( 'NONE',  ( 0.05629921259842520000, 0.0000000000000000000, 0.0000000000000000000 ) ) ;
#9466 = VECTOR ( 'NONE', #11176, 39.37007874015748100 ) ;
#9467 = FILL_AREA_STYLE ('',( #9512 ) ) ;
#9468 = UNCERTAINTY_MEASURE_WITH_UNIT (LENGTH_MEASURE( 1.000000000000000100E-005 ), #382, 'distance_accuracy_value', 'NONE');
#9469 = EDGE_LOOP ( 'NONE', ( #2563, #6828, #9761, #9777 ) ) ;
#9470 = DIRECTION ( 'NONE',  ( -1.000000000000000000, 0.0000000000000000000, 1.927470528863119000E-016 ) ) ;
#9471 = SURFACE_STYLE_FILL_AREA ( #8499 ) ;
#9472 = STYLED_ITEM ( 'NONE', ( #3265 ), #6194 ) ;
#9473 = VECTOR ( 'NONE', #2705, 39.37007874015748100 ) ;
#9474 = MECHANICAL_DESIGN_GEOMETRIC_PRESENTATION_REPRESENTATION (  '', ( #8308 ), #10054 ) ;
#9475 = CARTESIAN_POINT ( 'NONE',  ( -0.005118110236220473200, 0.009842519685039369900, -0.06889763779527555100 ) ) ;
#9476 = FILL_AREA_STYLE ('',( #1580 ) ) ;
#9477 = COLOUR_RGB ( '',0.9686274509803921600, 0.8784313725490196000, 0.5999999999999999800 ) ;
#9478 = CARTESIAN_POINT ( 'NONE',  ( -0.04606299212598425500, 0.009842519685039369900, 0.08661417322834648300 ) ) ;
#9479 = VECTOR ( 'NONE', #5892, 39.37007874015748100 ) ;
#9480 = ORIENTED_EDGE ( 'NONE', *, *, #9714, .F. ) ;
#9481 =( NAMED_UNIT ( * ) PLANE_ANGLE_UNIT ( ) SI_UNIT ( $, .RADIAN. ) );
#9482 = MECHANICAL_DESIGN_GEOMETRIC_PRESENTATION_REPRESENTATION (  '', ( #8317 ), #10067 ) ;
#9483 = VECTOR ( 'NONE', #8996, 39.37007874015748100 ) ;
#9484 = DIRECTION ( 'NONE',  ( 0.0000000000000000000, -0.0000000000000000000, 1.000000000000000000 ) ) ;
#9485 = CARTESIAN_POINT ( 'NONE',  ( -0.07086614173228347700, 0.009842519685039369900, -0.07480314960629917700 ) ) ;
#9486 = DIRECTION ( 'NONE',  ( -0.0000000000000000000, 0.0000000000000000000, -1.000000000000000000 ) ) ;
#9487 = PRESENTATION_LAYER_ASSIGNMENT (  '', '', ( #8321 ) ) ;
#9488 = PRESENTATION_STYLE_ASSIGNMENT (( #4865 ) ) ;
#9489 = DIRECTION ( 'NONE',  ( 1.000000000000000000, -0.0000000000000000000, 2.409338161078899700E-016 ) ) ;
#9490 = STYLED_ITEM ( 'NONE', ( #4574 ), #2910 ) ;
#9491 = LENGTH_MEASURE_WITH_UNIT ( LENGTH_MEASURE( 0.02539999999999999900 ), #8247 );
#9492 = DIMENSIONAL_EXPONENTS ( 1.000000000000000000, 0.0000000000000000000, 0.0000000000000000000, 0.0000000000000000000, 0.0000000000000000000, 0.0000000000000000000, 0.0000000000000000000 ) ;
#9493 = STYLED_ITEM ( 'NONE', ( #5094 ), #5354 ) ;
#9494 = ORIENTED_EDGE ( 'NONE', *, *, #9297, .F. ) ;
#9495 = ORIENTED_EDGE ( 'NONE', *, *, #1304, .F. ) ;
#9496 = DIRECTION ( 'NONE',  ( 1.000000000000000000, -0.0000000000000000000, 0.0000000000000000000 ) ) ;
#9497 = MECHANICAL_DESIGN_GEOMETRIC_PRESENTATION_REPRESENTATION (  '', ( #7750 ), #10080 ) ;
#9498 = FILL_AREA_STYLE_COLOUR ( '', #2015 ) ;
#9499 = PRESENTATION_STYLE_ASSIGNMENT (( #171 ) ) ;
#9500 = DIMENSIONAL_EXPONENTS ( 1.000000000000000000, 0.0000000000000000000, 0.0000000000000000000, 0.0000000000000000000, 0.0000000000000000000, 0.0000000000000000000, 0.0000000000000000000 ) ;
#9501 = MANIFOLD_SOLID_BREP ( 'Boss-Extrude2[15]', #8248 ) ;
#9502 =( CONVERSION_BASED_UNIT ( 'INCH', #1239 ) LENGTH_UNIT ( ) NAMED_UNIT ( #2693 ) );
#9503 = LINE ( 'NONE', #9398, #6911 ) ;
#9504 = PRESENTATION_STYLE_ASSIGNMENT (( #1140 ) ) ;
#9505 =( NAMED_UNIT ( * ) SI_UNIT ( $, .STERADIAN. ) SOLID_ANGLE_UNIT ( ) );
#9506 = ADVANCED_FACE ( 'NONE', ( #6643 ), #1499, .F. ) ;
#9507 = EDGE_LOOP ( 'NONE', ( #3835, #10351, #4049, #4917 ) ) ;
#9508 = FILL_AREA_STYLE ('',( #3371 ) ) ;
#9509 =( GEOMETRIC_REPRESENTATION_CONTEXT ( 3 ) GLOBAL_UNCERTAINTY_ASSIGNED_CONTEXT ( ( #931 ) ) GLOBAL_UNIT_ASSIGNED_CONTEXT ( ( #9666, #4394, #10521 ) ) REPRESENTATION_CONTEXT ( 'NONE', 'WORKASPACE' ) );
#9510 = ORIENTED_EDGE ( 'NONE', *, *, #9871, .T. ) ;
#9511 = SURFACE_STYLE_FILL_AREA ( #9153 ) ;
#9512 = FILL_AREA_STYLE_COLOUR ( '', #10728 ) ;
#9513 = DIRECTION ( 'NONE',  ( 1.000000000000000000, 0.0000000000000000000, -0.0000000000000000000 ) ) ;
#9514 = VECTOR ( 'NONE', #1288, 39.37007874015748100 ) ;
#9515 = ORIENTED_EDGE ( 'NONE', *, *, #9076, .T. ) ;
#9516 = EDGE_CURVE ( 'NONE', #6696, #4316, #7870, .T. ) ;
#9517 = ORIENTED_EDGE ( 'NONE', *, *, #7335, .F. ) ;
#9518 = VERTEX_POINT ( 'NONE', #9485 ) ;
#9519 = DIRECTION ( 'NONE',  ( -1.000000000000000000, -0.0000000000000000000, 0.0000000000000000000 ) ) ;
#9520 = SURFACE_STYLE_FILL_AREA ( #7526 ) ;
#9521 = EDGE_CURVE ( 'NONE', #6273, #8554, #9903, .T. ) ;
#9522 = COLOUR_RGB ( '',0.9686274509803921600, 0.8784313725490196000, 0.5999999999999999800 ) ;
#9523 =( GEOMETRIC_REPRESENTATION_CONTEXT ( 3 ) GLOBAL_UNCERTAINTY_ASSIGNED_CONTEXT ( ( #4197 ) ) GLOBAL_UNIT_ASSIGNED_CONTEXT ( ( #728, #6877, #1608 ) ) REPRESENTATION_CONTEXT ( 'NONE', 'WORKASPACE' ) );
#9524 = CARTESIAN_POINT ( 'NONE',  ( -0.09055118110236221000, 0.009842519685039369900, -0.02047244094488185500 ) ) ;
#9525 = LINE ( 'NONE', #1800, #9251 ) ;
#9526 = ORIENTED_EDGE ( 'NONE', *, *, #6830, .F. ) ;
#9527 = FILL_AREA_STYLE_COLOUR ( '', #3495 ) ;
#9528 = VECTOR ( 'NONE', #3336, 39.37007874015748100 ) ;
#9529 = CARTESIAN_POINT ( 'NONE',  ( -0.02047244094488189300, 0.0000000000000000000, 0.08661417322834648300 ) ) ;
#9530 = EDGE_LOOP ( 'NONE', ( #7463, #11026, #10225, #3322 ) ) ;
#9531 =( CONVERSION_BASED_UNIT ( 'INCH', #3591 ) LENGTH_UNIT ( ) NAMED_UNIT ( #9944 ) );
#9532 = ORIENTED_EDGE ( 'NONE', *, *, #1071, .F. ) ;
#9533 = FILL_AREA_STYLE ('',( #3390 ) ) ;
#9534 =( LENGTH_UNIT ( ) NAMED_UNIT ( * ) SI_UNIT ( $, .METRE. ) );
#9535 = ORIENTED_EDGE ( 'NONE', *, *, #3548, .T. ) ;
#9536 = DIMENSIONAL_EXPONENTS ( 1.000000000000000000, 0.0000000000000000000, 0.0000000000000000000, 0.0000000000000000000, 0.0000000000000000000, 0.0000000000000000000, 0.0000000000000000000 ) ;
#9537 = SURFACE_STYLE_USAGE ( .BOTH. , #3393 ) ;
#9538 = PRESENTATION_STYLE_ASSIGNMENT (( #7757 ) ) ;
#9539 = CARTESIAN_POINT ( 'NONE',  ( 0.09055118110236222400, -0.02046108103966344500, -0.05629921259842520000 ) ) ;
#9540 = COLOUR_RGB ( '',0.9686274509803921600, 0.8784313725490196000, 0.5999999999999999800 ) ;
#9541 = LINE ( 'NONE', #8547, #480 ) ;
#9542 = AXIS2_PLACEMENT_3D ( 'NONE', #10538, #10098, #10019 ) ;
#9543 = LINE ( 'NONE', #5488, #9260 ) ;
#9544 = LINE ( 'NONE', #11240, #3763 ) ;
#9545 = EDGE_LOOP ( 'NONE', ( #4405, #359, #9296, #2011 ) ) ;
#9547 = EDGE_CURVE ( 'NONE', #1273, #6333, #853, .T. ) ;
#9546 = LENGTH_MEASURE_WITH_UNIT ( LENGTH_MEASURE( 0.02539999999999999900 ), #4835 );
#9548 = FILL_AREA_STYLE ('',( #10428 ) ) ;
#9549 = AXIS2_PLACEMENT_3D ( 'NONE', #5189, #11267, #6041 ) ;
#9550 =( LENGTH_UNIT ( ) NAMED_UNIT ( * ) SI_UNIT ( $, .METRE. ) );
#9551 = ORIENTED_EDGE ( 'NONE', *, *, #6221, .T. ) ;
#9552 = UNCERTAINTY_MEASURE_WITH_UNIT (LENGTH_MEASURE( 1.000000000000000100E-005 ), #10771, 'distance_accuracy_value', 'NONE');
#9553 = LINE ( 'NONE', #2261, #2532 ) ;
#9554 =( NAMED_UNIT ( * ) PLANE_ANGLE_UNIT ( ) SI_UNIT ( $, .RADIAN. ) );
#9555 = VERTEX_POINT ( 'NONE', #6896 ) ;
#9556 = VECTOR ( 'NONE', #894, 39.37007874015748100 ) ;
#9557 = DIRECTION ( 'NONE',  ( 0.7071067811865463500, -0.0000000000000000000, -0.7071067811865486800 ) ) ;
#9558 = STYLED_ITEM ( 'NONE', ( #5607 ), #5790 ) ;
#9559 = VERTEX_POINT ( 'NONE', #7783 ) ;
#9560 = DIRECTION ( 'NONE',  ( 0.0000000000000000000, 0.0000000000000000000, -1.000000000000000000 ) ) ;
#9561 = CARTESIAN_POINT ( 'NONE',  ( 0.07283464566929137600, 0.0000000000000000000, 0.0000000000000000000 ) ) ;
#9562 = VERTEX_POINT ( 'NONE', #2492 ) ;
#9563 =( CONVERSION_BASED_UNIT ( 'INCH', #7898 ) LENGTH_UNIT ( ) NAMED_UNIT ( #527 ) );
#9564 = PRESENTATION_LAYER_ASSIGNMENT (  '', '', ( #8381 ) ) ;
#9565 = CARTESIAN_POINT ( 'NONE',  ( 0.09055118110236223800, -0.02046108103966344500, 0.005118110236220474100 ) ) ;
#9566 = ORIENTED_EDGE ( 'NONE', *, *, #2590, .F. ) ;
#9567 = AXIS2_PLACEMENT_3D ( 'NONE', #7712, #6435, #6688 ) ;
#9568 = ADVANCED_FACE ( 'NONE', ( #2908 ), #749, .F. ) ;
#9569 =( CONVERSION_BASED_UNIT ( 'INCH', #3422 ) LENGTH_UNIT ( ) NAMED_UNIT ( #10617 ) );
#9570 = STYLED_ITEM ( 'NONE', ( #5647 ), #4938 ) ;
#9571 =( LENGTH_UNIT ( ) NAMED_UNIT ( * ) SI_UNIT ( $, .METRE. ) );
#9572 = STYLED_ITEM ( 'NONE', ( #7055 ), #6609 ) ;
#9573 = COLOUR_RGB ( '',0.9686274509803921600, 0.8784313725490196000, 0.5999999999999999800 ) ;
#9574 =( CONVERSION_BASED_UNIT ( 'INCH', #7289 ) LENGTH_UNIT ( ) NAMED_UNIT ( #6029 ) );
#9575 = DIRECTION ( 'NONE',  ( 0.0000000000000000000, -1.000000000000000000, -0.0000000000000000000 ) ) ;
#9576 = EDGE_LOOP ( 'NONE', ( #9412, #1127, #8012, #3885 ) ) ;
#9577 = STYLED_ITEM ( 'NONE', ( #7004 ), #1785 ) ;
#9578 =( LENGTH_UNIT ( ) NAMED_UNIT ( * ) SI_UNIT ( $, .METRE. ) );
#9579 =( GEOMETRIC_REPRESENTATION_CONTEXT ( 3 ) GLOBAL_UNCERTAINTY_ASSIGNED_CONTEXT ( ( #4552 ) ) GLOBAL_UNIT_ASSIGNED_CONTEXT ( ( #9569, #9481, #9416 ) ) REPRESENTATION_CONTEXT ( 'NONE', 'WORKASPACE' ) );
#9580 = ORIENTED_EDGE ( 'NONE', *, *, #11326, .T. ) ;
#9581 = EDGE_CURVE ( 'NONE', #5407, #3496, #6491, .T. ) ;
#9582 = VECTOR ( 'NONE', #10572, 39.37007874015748100 ) ;
#9583 = LINE ( 'NONE', #3703, #2850 ) ;
#9584 = DIMENSIONAL_EXPONENTS ( 1.000000000000000000, 0.0000000000000000000, 0.0000000000000000000, 0.0000000000000000000, 0.0000000000000000000, 0.0000000000000000000, 0.0000000000000000000 ) ;
#9585 = EDGE_CURVE ( 'NONE', #3751, #2776, #4155, .T. ) ;
#9586 =( NAMED_UNIT ( * ) SI_UNIT ( $, .STERADIAN. ) SOLID_ANGLE_UNIT ( ) );
#9587 = DIRECTION ( 'NONE',  ( 4.818676322157799300E-016, 0.0000000000000000000, -1.000000000000000000 ) ) ;
#9588 = FILL_AREA_STYLE ('',( #5167 ) ) ;
#9589 = LENGTH_MEASURE_WITH_UNIT ( LENGTH_MEASURE( 0.02539999999999999900 ), #2178 );
#9590 = EDGE_CURVE ( 'NONE', #4449, #1525, #1813, .T. ) ;
#9591 =( LENGTH_UNIT ( ) NAMED_UNIT ( * ) SI_UNIT ( $, .METRE. ) );
#9592 = DIRECTION ( 'NONE',  ( -0.0000000000000000000, 0.0000000000000000000, -1.000000000000000000 ) ) ;
#9593 = COLOUR_RGB ( '',0.9686274509803921600, 0.8784313725490196000, 0.5999999999999999800 ) ;
#9594 = SURFACE_SIDE_STYLE ('',( #6644 ) ) ;
#9595 = EDGE_CURVE ( 'NONE', #3627, #4016, #8543, .T. ) ;
#9596 = FILL_AREA_STYLE ('',( #3424 ) ) ;
#9597 =( LENGTH_UNIT ( ) NAMED_UNIT ( * ) SI_UNIT ( $, .METRE. ) );
#9598 = MECHANICAL_DESIGN_GEOMETRIC_PRESENTATION_REPRESENTATION (  '', ( #7853 ), #10182 ) ;
#9599 = DIRECTION ( 'NONE',  ( 0.0000000000000000000, -0.0000000000000000000, 1.000000000000000000 ) ) ;
#9600 = DIMENSIONAL_EXPONENTS ( 1.000000000000000000, 0.0000000000000000000, 0.0000000000000000000, 0.0000000000000000000, 0.0000000000000000000, 0.0000000000000000000, 0.0000000000000000000 ) ;
#9601 = LINE ( 'NONE', #3701, #9326 ) ;
#9602 = PLANE ( 'NONE',  #10074 ) ;
#9603 = CARTESIAN_POINT ( 'NONE',  ( -0.09055118110236218300, 0.009842519685039369900, 0.05629921259842523400 ) ) ;
#9604 = FACE_OUTER_BOUND ( 'NONE', #6766, .T. ) ;
#9605 = SURFACE_STYLE_USAGE ( .BOTH. , #3468 ) ;
#9606 = VECTOR ( 'NONE', #1515, 39.37007874015748100 ) ;
#9607 = DIMENSIONAL_EXPONENTS ( 1.000000000000000000, 0.0000000000000000000, 0.0000000000000000000, 0.0000000000000000000, 0.0000000000000000000, 0.0000000000000000000, 0.0000000000000000000 ) ;
#9608 = LINE ( 'NONE', #9029, #9332 ) ;
#9609 = ORIENTED_EDGE ( 'NONE', *, *, #352, .T. ) ;
#9610 = LINE ( 'NONE', #6061, #9736 ) ;
#9611 = CARTESIAN_POINT ( 'NONE',  ( 0.04606299212598425500, 0.009842519685039369900, 0.06889763779527562100 ) ) ;
#9612 = ADVANCED_FACE ( 'NONE', ( #8824 ), #3456, .F. ) ;
#9613 = ORIENTED_EDGE ( 'NONE', *, *, #2025, .T. ) ;
#9614 = FILL_AREA_STYLE ('',( #8740 ) ) ;
#9615 = SURFACE_STYLE_FILL_AREA ( #91 ) ;
#9616 = COLOUR_RGB ( '',0.2509803921568627400, 0.2509803921568627400, 0.2509803921568627400 ) ;
#9617 = LENGTH_MEASURE_WITH_UNIT ( LENGTH_MEASURE( 0.02539999999999999900 ), #8106 );
#9618 = SURFACE_STYLE_FILL_AREA ( #10013 ) ;
#9619 = STYLED_ITEM ( 'NONE', ( #10888 ), #162 ) ;
#9620 = FILL_AREA_STYLE ('',( #8746 ) ) ;
#9621 = FACE_OUTER_BOUND ( 'NONE', #1989, .T. ) ;
#9622 = LINE ( 'NONE', #7599, #7305 ) ;
#9623 =( NAMED_UNIT ( * ) PLANE_ANGLE_UNIT ( ) SI_UNIT ( $, .RADIAN. ) );
#9624 = PRESENTATION_STYLE_ASSIGNMENT (( #3796 ) ) ;
#9625 = VECTOR ( 'NONE', #9168, 39.37007874015748100 ) ;
#9626 = AXIS2_PLACEMENT_3D ( 'NONE', #3037, #2998, #2965 ) ;
#9627 = VERTEX_POINT ( 'NONE', #8650 ) ;
#9628 = PRESENTATION_LAYER_ASSIGNMENT (  '', '', ( #8454 ) ) ;
#9629 = DIRECTION ( 'NONE',  ( -1.000000000000000000, 0.0000000000000000000, -0.0000000000000000000 ) ) ;
#9630 = FACE_OUTER_BOUND ( 'NONE', #4182, .T. ) ;
#9631 = PRESENTATION_STYLE_ASSIGNMENT (( #8180 ) ) ;
#9632 = PRESENTATION_STYLE_ASSIGNMENT (( #9537 ) ) ;
#9633 = DIRECTION ( 'NONE',  ( -2.409338161078899700E-016, 0.0000000000000000000, 1.000000000000000000 ) ) ;
#9634 = SURFACE_STYLE_USAGE ( .BOTH. , #9705 ) ;
#9635 = ORIENTED_EDGE ( 'NONE', *, *, #6281, .F. ) ;
#9636 = STYLED_ITEM ( 'NONE', ( #2220 ), #1338 ) ;
#9637 = DIRECTION ( 'NONE',  ( 0.0000000000000000000, 1.000000000000000000, 0.0000000000000000000 ) ) ;
#9638 = DIRECTION ( 'NONE',  ( 0.0000000000000000000, 0.0000000000000000000, 1.000000000000000000 ) ) ;
#9639 = ORIENTED_EDGE ( 'NONE', *, *, #7986, .F. ) ;
#9640 = CARTESIAN_POINT ( 'NONE',  ( -0.09055118110236221000, 0.009842519685039369900, 0.005118110236220508800 ) ) ;
#9641 = AXIS2_PLACEMENT_3D ( 'NONE', #7825, #2547, #8699 ) ;
#9642 = DIRECTION ( 'NONE',  ( 0.0000000000000000000, 1.000000000000000000, 0.0000000000000000000 ) ) ;
#9643 =( GEOMETRIC_REPRESENTATION_CONTEXT ( 3 ) GLOBAL_UNCERTAINTY_ASSIGNED_CONTEXT ( ( #2160 ) ) GLOBAL_UNIT_ASSIGNED_CONTEXT ( ( #4223, #4107, #4068 ) ) REPRESENTATION_CONTEXT ( 'NONE', 'WORKASPACE' ) );
#9644 = ORIENTED_EDGE ( 'NONE', *, *, #8779, .F. ) ;
#9645 = LINE ( 'NONE', #10629, #4982 ) ;
#9646 = ORIENTED_EDGE ( 'NONE', *, *, #10250, .F. ) ;
#9647 = CARTESIAN_POINT ( 'NONE',  ( 0.03070866141732283800, 0.009842519685039369900, 0.06889763779527562100 ) ) ;
#9648 = ORIENTED_EDGE ( 'NONE', *, *, #2104, .F. ) ;
#9649 = PRESENTATION_LAYER_ASSIGNMENT (  '', '', ( #8473 ) ) ;
#9650 = FILL_AREA_STYLE_COLOUR ( '', #930 ) ;
#9651 = COLOUR_RGB ( '',0.2509803921568627400, 0.2509803921568627400, 0.2509803921568627400 ) ;
#9652 = LINE ( 'NONE', #693, #4166 ) ;
#9653 = LINE ( 'NONE', #2023, #319 ) ;
#9654 = CARTESIAN_POINT ( 'NONE',  ( 0.05629921259842520000, 0.0000000000000000000, 0.08661417322834648300 ) ) ;
#9655 = ORIENTED_EDGE ( 'NONE', *, *, #4966, .F. ) ;
#9656 = ADVANCED_FACE ( 'NONE', ( #7466 ), #8729, .F. ) ;
#9657 = PRESENTATION_STYLE_ASSIGNMENT (( #6048 ) ) ;
#9658 = CARTESIAN_POINT ( 'NONE',  ( 0.005118110236220473200, 0.009842519685039369900, 0.06889763779527562100 ) ) ;
#9659 = VERTEX_POINT ( 'NONE', #9640 ) ;
#9660 = ORIENTED_EDGE ( 'NONE', *, *, #839, .F. ) ;
#9661 = COLOUR_RGB ( '',0.2509803921568627400, 0.2509803921568627400, 0.2509803921568627400 ) ;
#9662 = VECTOR ( 'NONE', #6964, 39.37007874015748100 ) ;
#9663 = ORIENTED_EDGE ( 'NONE', *, *, #8062, .F. ) ;
#9664 = EDGE_CURVE ( 'NONE', #216, #1400, #6337, .T. ) ;
#9665 = COLOUR_RGB ( '',0.2509803921568627400, 0.2509803921568627400, 0.2509803921568627400 ) ;
#9666 =( CONVERSION_BASED_UNIT ( 'INCH', #7758 ) LENGTH_UNIT ( ) NAMED_UNIT ( #3169 ) );
#9667 = EDGE_CURVE ( 'NONE', #2676, #5823, #10968, .T. ) ;
#9668 = ORIENTED_EDGE ( 'NONE', *, *, #1939, .F. ) ;
#9669 = MECHANICAL_DESIGN_GEOMETRIC_PRESENTATION_REPRESENTATION (  '', ( #7919 ), #10252 ) ;
#9670 = FILL_AREA_STYLE ('',( #3523 ) ) ;
#9671 = COLOUR_RGB ( '',0.2509803921568627400, 0.2509803921568627400, 0.2509803921568627400 ) ;
#9672 = ADVANCED_FACE ( 'NONE', ( #4005 ), #7960, .F. ) ;
#9673 = ORIENTED_EDGE ( 'NONE', *, *, #5692, .F. ) ;
#9674 = VECTOR ( 'NONE', #9486, 39.37007874015748100 ) ;
#9675 = CARTESIAN_POINT ( 'NONE',  ( 0.04606299212598425500, 0.009842519685039369900, -0.06889763779527555100 ) ) ;
#9676 = ORIENTED_EDGE ( 'NONE', *, *, #2458, .T. ) ;
#9677 = FACE_OUTER_BOUND ( 'NONE', #7893, .T. ) ;
#9678 = EDGE_LOOP ( 'NONE', ( #5173, #3600, #9089, #3240 ) ) ;
#9679 = CARTESIAN_POINT ( 'NONE',  ( 0.0000000000000000000, 0.009842519685039369900, 0.0000000000000000000 ) ) ;
#9680 = DIRECTION ( 'NONE',  ( 0.0000000000000000000, 0.0000000000000000000, 1.000000000000000000 ) ) ;
#9681 = CARTESIAN_POINT ( 'NONE',  ( 0.0000000000000000000, 0.0000000000000000000, 0.0000000000000000000 ) ) ;
#9682 = VERTEX_POINT ( 'NONE', #2719 ) ;
#9683 = LINE ( 'NONE', #1781, #10085 ) ;
#9684 = ORIENTED_EDGE ( 'NONE', *, *, #6809, .T. ) ;
#9685 = DIRECTION ( 'NONE',  ( 0.0000000000000000000, 1.000000000000000000, 0.0000000000000000000 ) ) ;
#9686 = CARTESIAN_POINT ( 'NONE',  ( 0.0000000000000000000, 0.0000000000000000000, -0.05629921259842515800 ) ) ;
#9687 = ORIENTED_EDGE ( 'NONE', *, *, #1797, .F. ) ;
#9688 = ORIENTED_EDGE ( 'NONE', *, *, #4833, .F. ) ;
#9689 = CARTESIAN_POINT ( 'NONE',  ( 0.07283464566929137600, 0.009842519685039369900, -0.03070866141732283800 ) ) ;
#9690 =( NAMED_UNIT ( * ) PLANE_ANGLE_UNIT ( ) SI_UNIT ( $, .RADIAN. ) );
#9691 =( CONVERSION_BASED_UNIT ( 'INCH', #2647 ) LENGTH_UNIT ( ) NAMED_UNIT ( #10185 ) );
#9692 = LINE ( 'NONE', #2931, #2981 ) ;
#9693 = DIMENSIONAL_EXPONENTS ( 1.000000000000000000, 0.0000000000000000000, 0.0000000000000000000, 0.0000000000000000000, 0.0000000000000000000, 0.0000000000000000000, 0.0000000000000000000 ) ;
#9694 = DIRECTION ( 'NONE',  ( 0.0000000000000000000, -1.000000000000000000, 0.0000000000000000000 ) ) ;
#9695 = CARTESIAN_POINT ( 'NONE',  ( 0.005118110236220473200, -0.02046108103966344500, -0.06889763779527555100 ) ) ;
#9696 = CARTESIAN_POINT ( 'NONE',  ( -0.09055118110236221000, 0.009842519685039369900, -0.02047244094488185500 ) ) ;
#9697 = LENGTH_MEASURE_WITH_UNIT ( LENGTH_MEASURE( 0.02539999999999999900 ), #9309 );
#9698 = STYLED_ITEM ( 'NONE', ( #4722 ), #967 ) ;
#9699 =( LENGTH_UNIT ( ) NAMED_UNIT ( * ) SI_UNIT ( $, .METRE. ) );
#9700 = AXIS2_PLACEMENT_3D ( 'NONE', #4562, #10664, #5457 ) ;
#9701 = ADVANCED_FACE ( 'NONE', ( #9630 ), #5327, .F. ) ;
#9702 = DIRECTION ( 'NONE',  ( 0.0000000000000000000, -0.0000000000000000000, 1.000000000000000000 ) ) ;
#9703 = CONICAL_SURFACE ( 'NONE', #1831, 0.01870078739922303300, 0.7853981633974482800 ) ;
#9704 = CARTESIAN_POINT ( 'NONE',  ( 0.09055118110236225200, 0.009842519685039369900, 0.05629921259842520600 ) ) ;
#9705 = SURFACE_SIDE_STYLE ('',( #3978 ) ) ;
#9706 = ORIENTED_EDGE ( 'NONE', *, *, #410, .T. ) ;
#9707 =( NAMED_UNIT ( * ) PLANE_ANGLE_UNIT ( ) SI_UNIT ( $, .RADIAN. ) );
#9708 = DIRECTION ( 'NONE',  ( -1.204669080539449800E-016, -0.0000000000000000000, -1.000000000000000000 ) ) ;
#9709 = MECHANICAL_DESIGN_GEOMETRIC_PRESENTATION_REPRESENTATION (  '', ( #7959 ), #10288 ) ;
#9710 =( LENGTH_UNIT ( ) NAMED_UNIT ( * ) SI_UNIT ( $, .METRE. ) );
#9711 = CARTESIAN_POINT ( 'NONE',  ( 0.03070866141732283800, 0.0000000000000000000, 0.08661417322834648300 ) ) ;
#9712 = LINE ( 'NONE', #757, #385 ) ;
#9713 = DIMENSIONAL_EXPONENTS ( 1.000000000000000000, 0.0000000000000000000, 0.0000000000000000000, 0.0000000000000000000, 0.0000000000000000000, 0.0000000000000000000, 0.0000000000000000000 ) ;
#9714 = EDGE_CURVE ( 'NONE', #11100, #4699, #4149, .T. ) ;
#9715 =( CONVERSION_BASED_UNIT ( 'INCH', #1606 ) LENGTH_UNIT ( ) NAMED_UNIT ( #5903 ) );
#9716 = AXIS2_PLACEMENT_3D ( 'NONE', #7950, #2677, #8099 ) ;
#9717 = PRESENTATION_STYLE_ASSIGNMENT (( #7432 ) ) ;
#9718 = DIMENSIONAL_EXPONENTS ( 1.000000000000000000, 0.0000000000000000000, 0.0000000000000000000, 0.0000000000000000000, 0.0000000000000000000, 0.0000000000000000000, 0.0000000000000000000 ) ;
#9719 = LINE ( 'NONE', #2706, #2712 ) ;
#9720 = SURFACE_STYLE_USAGE ( .BOTH. , #4004 ) ;
#9721 =( CONVERSION_BASED_UNIT ( 'INCH', #4452 ) LENGTH_UNIT ( ) NAMED_UNIT ( #5485 ) );
#9722 = ADVANCED_FACE ( 'NONE', ( #8530 ), #9786, .F. ) ;
#9723 = PLANE ( 'NONE',  #3111 ) ;
#9724 = EDGE_CURVE ( 'NONE', #4884, #8820, #707, .T. ) ;
#9725 = FILL_AREA_STYLE ('',( #8865 ) ) ;
#9726 = EDGE_CURVE ( 'NONE', #2096, #735, #3042, .T. ) ;
#9727 = DIRECTION ( 'NONE',  ( -1.000000000000000000, -0.0000000000000000000, 0.0000000000000000000 ) ) ;
#9728 = PRESENTATION_STYLE_ASSIGNMENT (( #3679 ) ) ;
#9729 = FILL_AREA_STYLE_COLOUR ( '', #395 ) ;
#9730 = MECHANICAL_DESIGN_GEOMETRIC_PRESENTATION_REPRESENTATION (  '', ( #7979 ), #10314 ) ;
#9731 = UNCERTAINTY_MEASURE_WITH_UNIT (LENGTH_MEASURE( 1.000000000000000100E-005 ), #3714, 'distance_accuracy_value', 'NONE');
#9732 = FACE_OUTER_BOUND ( 'NONE', #9426, .T. ) ;
#9733 = CARTESIAN_POINT ( 'NONE',  ( 0.0000000000000000000, 0.0000000000000000000, 0.05629921259842523400 ) ) ;
#9734 =( NAMED_UNIT ( * ) PLANE_ANGLE_UNIT ( ) SI_UNIT ( $, .RADIAN. ) );
#9735 = LINE ( 'NONE', #10710, #9466 ) ;
#9736 = VECTOR ( 'NONE', #10390, 39.37007874015748100 ) ;
#9737 = EDGE_CURVE ( 'NONE', #9518, #1679, #9756, .T. ) ;
#9738 = CARTESIAN_POINT ( 'NONE',  ( 0.07283464566929137600, 0.009842519685039369900, -0.04606299212598424800 ) ) ;
#9739 = ORIENTED_EDGE ( 'NONE', *, *, #1641, .F. ) ;
#9740 = FILL_AREA_STYLE ('',( #10358 ) ) ;
#9741 = LINE ( 'NONE', #1834, #2739 ) ;
#9742 = CARTESIAN_POINT ( 'NONE',  ( -0.04606299212598425500, 0.0000000000000000000, 0.08661417322834648300 ) ) ;
#9743 = EDGE_CURVE ( 'NONE', #2152, #10609, #7722, .T. ) ;
#9744 = LENGTH_MEASURE_WITH_UNIT ( LENGTH_MEASURE( 0.02539999999999999900 ), #3970 );
#9745 = SURFACE_SIDE_STYLE ('',( #577 ) ) ;
#9746 = STYLED_ITEM ( 'NONE', ( #1296 ), #8876 ) ;
#9747 = SURFACE_STYLE_FILL_AREA ( #8468 ) ;
#9748 = LENGTH_MEASURE_WITH_UNIT ( LENGTH_MEASURE( 0.02539999999999999900 ), #8027 );
#9749 = VECTOR ( 'NONE', #7957, 39.37007874015748100 ) ;
#9750 = ORIENTED_EDGE ( 'NONE', *, *, #1729, .T. ) ;
#9751 = DIRECTION ( 'NONE',  ( -1.000000000000000000, -0.0000000000000000000, 0.0000000000000000000 ) ) ;
#9752 = SURFACE_SIDE_STYLE ('',( #9367 ) ) ;
#9753 =( NAMED_UNIT ( * ) SI_UNIT ( $, .STERADIAN. ) SOLID_ANGLE_UNIT ( ) );
#9754 = DIRECTION ( 'NONE',  ( 0.0000000000000000000, 0.0000000000000000000, 1.000000000000000000 ) ) ;
#9755 = COLOUR_RGB ( '',0.9686274509803921600, 0.8784313725490196000, 0.5999999999999999800 ) ;
#9756 = LINE ( 'NONE', #1966, #2749 ) ;
#9757 = LINE ( 'NONE', #3771, #3044 ) ;
#9758 = SURFACE_STYLE_USAGE ( .BOTH. , #9800 ) ;
#9759 = CARTESIAN_POINT ( 'NONE',  ( 0.02047244094488188600, 0.009842519685039369900, -0.06889763779527555100 ) ) ;
#9760 = ADVANCED_FACE ( 'NONE', ( #5113 ), #10718, .F. ) ;
#9761 = ORIENTED_EDGE ( 'NONE', *, *, #7259, .T. ) ;
#9762 = DIRECTION ( 'NONE',  ( 1.000000000000000000, -0.0000000000000000000, 0.0000000000000000000 ) ) ;
#9763 = ORIENTED_EDGE ( 'NONE', *, *, #7409, .T. ) ;
#9764 =( GEOMETRIC_REPRESENTATION_CONTEXT ( 3 ) GLOBAL_UNCERTAINTY_ASSIGNED_CONTEXT ( ( #9016 ) ) GLOBAL_UNIT_ASSIGNED_CONTEXT ( ( #5555, #5510, #5080 ) ) REPRESENTATION_CONTEXT ( 'NONE', 'WORKASPACE' ) );
#9765 = LINE ( 'NONE', #4500, #7467 ) ;
#9766 =( LENGTH_UNIT ( ) NAMED_UNIT ( * ) SI_UNIT ( $, .METRE. ) );
#9767 = CARTESIAN_POINT ( 'NONE',  ( 0.05629921259842520000, 0.0000000000000000000, -0.06889763779527555100 ) ) ;
#9768 = AXIS2_PLACEMENT_3D ( 'NONE', #2640, #8801, #3531 ) ;
#9769 = LINE ( 'NONE', #1103, #3059 ) ;
#9770 = STYLED_ITEM ( 'NONE', ( #8102 ), #2391 ) ;
#9771 = ORIENTED_EDGE ( 'NONE', *, *, #7649, .F. ) ;
#9772 = ORIENTED_EDGE ( 'NONE', *, *, #7112, .F. ) ;
#9773 = LINE ( 'NONE', #10945, #453 ) ;
#9774 = VECTOR ( 'NONE', #9421, 39.37007874015748100 ) ;
#9775 = COLOUR_RGB ( '',0.2509803921568627400, 0.2509803921568627400, 0.2509803921568627400 ) ;
#9776 = ADVANCED_FACE ( 'NONE', ( #7452 ), #4616, .F. ) ;
#9777 = ORIENTED_EDGE ( 'NONE', *, *, #1644, .F. ) ;
#9778 = DIRECTION ( 'NONE',  ( 0.0000000000000000000, 1.000000000000000000, 0.0000000000000000000 ) ) ;
#9779 = SURFACE_SIDE_STYLE ('',( #2317 ) ) ;
#9780 = FILL_AREA_STYLE_COLOUR ( '', #2535 ) ;
#9781 = FACE_OUTER_BOUND ( 'NONE', #9128, .T. ) ;
#9782 = CARTESIAN_POINT ( 'NONE',  ( 0.005118110236220472400, 0.0000000000000000000, 0.06889763779527562100 ) ) ;
#9783 = CARTESIAN_POINT ( 'NONE',  ( 0.005118110236220471500, 0.009842519685039369900, 0.08661417322834648300 ) ) ;
#9784 = ORIENTED_EDGE ( 'NONE', *, *, #4007, .T. ) ;
#9785 = ORIENTED_EDGE ( 'NONE', *, *, #5117, .T. ) ;
#9786 = PLANE ( 'NONE',  #8973 ) ;
#9787 =( GEOMETRIC_REPRESENTATION_CONTEXT ( 3 ) GLOBAL_UNCERTAINTY_ASSIGNED_CONTEXT ( ( #4648 ) ) GLOBAL_UNIT_ASSIGNED_CONTEXT ( ( #9897, #4653, #10766 ) ) REPRESENTATION_CONTEXT ( 'NONE', 'WORKASPACE' ) );
#9788 =( NAMED_UNIT ( * ) SI_UNIT ( $, .STERADIAN. ) SOLID_ANGLE_UNIT ( ) );
#9789 = MECHANICAL_DESIGN_GEOMETRIC_PRESENTATION_REPRESENTATION (  '', ( #8045 ), #10371 ) ;
#9790 = VECTOR ( 'NONE', #1901, 39.37007874015748100 ) ;
#9791 = SURFACE_STYLE_USAGE ( .BOTH. , #9863 ) ;
#9792 = ORIENTED_EDGE ( 'NONE', *, *, #4660, .T. ) ;
#9793 =( NAMED_UNIT ( * ) SI_UNIT ( $, .STERADIAN. ) SOLID_ANGLE_UNIT ( ) );
#9794 = LINE ( 'NONE', #5898, #743 ) ;
#9795 = PLANE ( 'NONE',  #8043 ) ;
#9796 = EDGE_CURVE ( 'NONE', #3028, #1569, #4267, .T. ) ;
#9797 = VERTEX_POINT ( 'NONE', #4254 ) ;
#9798 = VERTEX_POINT ( 'NONE', #6015 ) ;
#9799 = ORIENTED_EDGE ( 'NONE', *, *, #11314, .F. ) ;
#9800 = SURFACE_SIDE_STYLE ('',( #10331 ) ) ;
#9801 = EDGE_CURVE ( 'NONE', #8015, #1714, #6322, .T. ) ;
#9802 =( LENGTH_UNIT ( ) NAMED_UNIT ( * ) SI_UNIT ( $, .METRE. ) );
#9803 = SURFACE_SIDE_STYLE ('',( #738 ) ) ;
#9804 = VERTEX_POINT ( 'NONE', #1640 ) ;
#9805 =( NAMED_UNIT ( * ) SI_UNIT ( $, .STERADIAN. ) SOLID_ANGLE_UNIT ( ) );
#9806 = PLANE ( 'NONE',  #6614 ) ;
#9807 = ORIENTED_EDGE ( 'NONE', *, *, #1215, .F. ) ;
#9808 = UNCERTAINTY_MEASURE_WITH_UNIT (LENGTH_MEASURE( 1.000000000000000100E-005 ), #4445, 'distance_accuracy_value', 'NONE');
#9809 = VECTOR ( 'NONE', #488, 39.37007874015748100 ) ;
#9810 = EDGE_CURVE ( 'NONE', #11126, #4421, #8665, .T. ) ;
#9811 = UNCERTAINTY_MEASURE_WITH_UNIT (LENGTH_MEASURE( 1.000000000000000100E-005 ), #4710, 'distance_accuracy_value', 'NONE');
#9812 = ORIENTED_EDGE ( 'NONE', *, *, #4511, .T. ) ;
#9813 = CYLINDRICAL_SURFACE ( 'NONE', #5944, 0.01476377952755905700 ) ;
#9814 = SURFACE_STYLE_USAGE ( .BOTH. , #3672 ) ;
#9815 = SURFACE_STYLE_FILL_AREA ( #5950 ) ;
#9816 = ORIENTED_EDGE ( 'NONE', *, *, #7499, .F. ) ;
#9817 = EDGE_CURVE ( 'NONE', #2191, #5848, #1652, .T. ) ;
#9818 = PRESENTATION_LAYER_ASSIGNMENT (  '', '', ( #8651 ) ) ;
#9819 = UNCERTAINTY_MEASURE_WITH_UNIT (LENGTH_MEASURE( 1.000000000000000100E-005 ), #5912, 'distance_accuracy_value', 'NONE');
#9820 = ADVANCED_FACE ( 'NONE', ( #3707 ), #11277, .F. ) ;
#9821 = CARTESIAN_POINT ( 'NONE',  ( 0.0000000000000000000, 0.03937007874015748000, 0.0000000000000000000 ) ) ;
#9822 =( NAMED_UNIT ( * ) PLANE_ANGLE_UNIT ( ) SI_UNIT ( $, .RADIAN. ) );
#9823 = CARTESIAN_POINT ( 'NONE',  ( 0.07283464566929137600, 0.0000000000000000000, 0.03070866141732283800 ) ) ;
#9824 =( LENGTH_UNIT ( ) NAMED_UNIT ( * ) SI_UNIT ( $, .METRE. ) );
#9825 = ORIENTED_EDGE ( 'NONE', *, *, #6184, .T. ) ;
#9826 = DIRECTION ( 'NONE',  ( 0.0000000000000000000, 0.0000000000000000000, 1.000000000000000000 ) ) ;
#9827 =( NAMED_UNIT ( * ) PLANE_ANGLE_UNIT ( ) SI_UNIT ( $, .RADIAN. ) );
#9828 = DIMENSIONAL_EXPONENTS ( 1.000000000000000000, 0.0000000000000000000, 0.0000000000000000000, 0.0000000000000000000, 0.0000000000000000000, 0.0000000000000000000, 0.0000000000000000000 ) ;
#9829 = ORIENTED_EDGE ( 'NONE', *, *, #6352, .T. ) ;
#9830 =( CONVERSION_BASED_UNIT ( 'INCH', #9178 ) LENGTH_UNIT ( ) NAMED_UNIT ( #2572 ) );
#9831 = CARTESIAN_POINT ( 'NONE',  ( 0.07283464566929137600, 0.009842519685039369900, -0.04606299212598424800 ) ) ;
#9832 = SURFACE_STYLE_FILL_AREA ( #6276 ) ;
#9833 = DIMENSIONAL_EXPONENTS ( 1.000000000000000000, 0.0000000000000000000, 0.0000000000000000000, 0.0000000000000000000, 0.0000000000000000000, 0.0000000000000000000, 0.0000000000000000000 ) ;
#9834 =( GEOMETRIC_REPRESENTATION_CONTEXT ( 3 ) GLOBAL_UNCERTAINTY_ASSIGNED_CONTEXT ( ( #6631 ) ) GLOBAL_UNIT_ASSIGNED_CONTEXT ( ( #9185, #9154, #9008 ) ) REPRESENTATION_CONTEXT ( 'NONE', 'WORKASPACE' ) );
#9835 = FILL_AREA_STYLE ('',( #9956 ) ) ;
#9836 = CARTESIAN_POINT ( 'NONE',  ( 0.07283464566929137600, 0.009842519685039369900, -0.04606299212598424800 ) ) ;
#9837 = ORIENTED_EDGE ( 'NONE', *, *, #784, .F. ) ;
#9838 = DIRECTION ( 'NONE',  ( 0.0000000000000000000, 0.0000000000000000000, -1.000000000000000000 ) ) ;
#9839 = STYLED_ITEM ( 'NONE', ( #713 ), #1899 ) ;
#9840 = AXIS2_PLACEMENT_3D ( 'NONE', #2171, #8310, #3056 ) ;
#9841 =( NAMED_UNIT ( * ) PLANE_ANGLE_UNIT ( ) SI_UNIT ( $, .RADIAN. ) );
#9842 = COLOUR_RGB ( '',0.9686274509803921600, 0.8784313725490196000, 0.5999999999999999800 ) ;
#9843 = UNCERTAINTY_MEASURE_WITH_UNIT (LENGTH_MEASURE( 1.000000000000000100E-005 ), #1977, 'distance_accuracy_value', 'NONE');
#9844 = DIRECTION ( 'NONE',  ( -1.204669080539449800E-016, -0.0000000000000000000, -1.000000000000000000 ) ) ;
#9845 = PRESENTATION_STYLE_ASSIGNMENT (( #1739 ) ) ;
#9846 = COLOUR_RGB ( '',0.2509803921568627400, 0.2509803921568627400, 0.2509803921568627400 ) ;
#9847 = ORIENTED_EDGE ( 'NONE', *, *, #1299, .F. ) ;
#9848 = SURFACE_STYLE_FILL_AREA ( #8918 ) ;
#9849 =( GEOMETRIC_REPRESENTATION_CONTEXT ( 3 ) GLOBAL_UNCERTAINTY_ASSIGNED_CONTEXT ( ( #50 ) ) GLOBAL_UNIT_ASSIGNED_CONTEXT ( ( #2359, #8501, #3255 ) ) REPRESENTATION_CONTEXT ( 'NONE', 'WORKASPACE' ) );
#9850 =( GEOMETRIC_REPRESENTATION_CONTEXT ( 3 ) GLOBAL_UNCERTAINTY_ASSIGNED_CONTEXT ( ( #8279 ) ) GLOBAL_UNIT_ASSIGNED_CONTEXT ( ( #10929, #10898, #10861 ) ) REPRESENTATION_CONTEXT ( 'NONE', 'WORKASPACE' ) );
#9851 = SURFACE_STYLE_FILL_AREA ( #5023 ) ;
#9852 = PLANE ( 'NONE',  #8238 ) ;
#9853 = CARTESIAN_POINT ( 'NONE',  ( -0.04606299212598425500, 0.009842519685039369900, 0.08661417322834648300 ) ) ;
#9854 = PLANE ( 'NONE',  #11306 ) ;
#9855 = PRESENTATION_LAYER_ASSIGNMENT (  '', '', ( #8697 ) ) ;
#9856 =( NAMED_UNIT ( * ) SI_UNIT ( $, .STERADIAN. ) SOLID_ANGLE_UNIT ( ) );
#9857 =( NAMED_UNIT ( * ) SI_UNIT ( $, .STERADIAN. ) SOLID_ANGLE_UNIT ( ) );
#9858 = SURFACE_SIDE_STYLE ('',( #6056 ) ) ;
#9859 = AXIS2_PLACEMENT_3D ( 'NONE', #6575, #1314, #7478 ) ;
#9860 = FACE_OUTER_BOUND ( 'NONE', #10643, .T. ) ;
#9861 = SURFACE_STYLE_FILL_AREA ( #2037 ) ;
#9862 = SURFACE_STYLE_USAGE ( .BOTH. , #3722 ) ;
#9863 = SURFACE_SIDE_STYLE ('',( #10144 ) ) ;
#9864 = SURFACE_STYLE_USAGE ( .BOTH. , #9896 ) ;
#9865 =( NAMED_UNIT ( * ) PLANE_ANGLE_UNIT ( ) SI_UNIT ( $, .RADIAN. ) );
#9866 = LENGTH_MEASURE_WITH_UNIT ( LENGTH_MEASURE( 0.02539999999999999900 ), #1848 );
#9867 = PRESENTATION_STYLE_ASSIGNMENT (( #9791 ) ) ;
#9868 = COLOUR_RGB ( '',0.9686274509803921600, 0.8784313725490196000, 0.5999999999999999800 ) ;
#9869 =( NAMED_UNIT ( * ) PLANE_ANGLE_UNIT ( ) SI_UNIT ( $, .RADIAN. ) );
#9870 = ADVANCED_FACE ( 'NONE', ( #7302 ), #836, .F. ) ;
#9871 = EDGE_CURVE ( 'NONE', #2404, #1008, #10815, .T. ) ;
#9872 = FACE_OUTER_BOUND ( 'NONE', #4611, .T. ) ;
#9873 = LINE ( 'NONE', #9322, #7571 ) ;
#9874 = CARTESIAN_POINT ( 'NONE',  ( -0.03070866141732284500, 0.0000000000000000000, 0.08661417322834648300 ) ) ;
#9875 = VECTOR ( 'NONE', #794, 39.37007874015748100 ) ;
#9876 = EDGE_CURVE ( 'NONE', #1855, #1670, #1789, .T. ) ;
#9877 = DIRECTION ( 'NONE',  ( 0.0000000000000000000, 0.0000000000000000000, -1.000000000000000000 ) ) ;
#9878 = PLANE ( 'NONE',  #10123 ) ;
#9879 = PRESENTATION_LAYER_ASSIGNMENT (  '', '', ( #8721 ) ) ;
#9880 = UNCERTAINTY_MEASURE_WITH_UNIT (LENGTH_MEASURE( 1.000000000000000100E-005 ), #4462, 'distance_accuracy_value', 'NONE');
#9881 = EDGE_LOOP ( 'NONE', ( #10869, #11186 ) ) ;
#9882 = LINE ( 'NONE', #6504, #3176 ) ;
#9883 = DIRECTION ( 'NONE',  ( 0.0000000000000000000, -0.0000000000000000000, -1.000000000000000000 ) ) ;
#9884 = LINE ( 'NONE', #5112, #835 ) ;
#9885 = LINE ( 'NONE', #5644, #7855 ) ;
#9886 = DIRECTION ( 'NONE',  ( 0.0000000000000000000, -1.000000000000000000, 0.0000000000000000000 ) ) ;
#9887 = VECTOR ( 'NONE', #10854, 39.37007874015748100 ) ;
#9888 =( NAMED_UNIT ( * ) PLANE_ANGLE_UNIT ( ) SI_UNIT ( $, .RADIAN. ) );
#9889 = CARTESIAN_POINT ( 'NONE',  ( 0.0000000000000000000, 0.0000000000000000000, 0.03070866141732286900 ) ) ;
#9890 = VERTEX_POINT ( 'NONE', #7022 ) ;
#9891 = DIRECTION ( 'NONE',  ( 1.668003342285391100E-015, 0.0000000000000000000, 1.000000000000000000 ) ) ;
#9892 = PRESENTATION_LAYER_ASSIGNMENT (  '', '', ( #9313 ) ) ;
#9893 = LINE ( 'NONE', #751, #2900 ) ;
#9894 = DIRECTION ( 'NONE',  ( -0.7071067811865463500, 0.0000000000000000000, 0.7071067811865486800 ) ) ;
#9895 = FILL_AREA_STYLE ('',( #10459 ) ) ;
#9896 = SURFACE_SIDE_STYLE ('',( #1845 ) ) ;
#9897 =( CONVERSION_BASED_UNIT ( 'INCH', #3516 ) LENGTH_UNIT ( ) NAMED_UNIT ( #1435 ) );
#9898 = EDGE_LOOP ( 'NONE', ( #7538, #8461, #3331, #6247 ) ) ;
#9899 = PRESENTATION_LAYER_ASSIGNMENT (  '', '', ( #8742 ) ) ;
#9900 = VERTEX_POINT ( 'NONE', #8784 ) ;
#9901 = PRESENTATION_LAYER_ASSIGNMENT (  '', '', ( #8745 ) ) ;
#9902 = CARTESIAN_POINT ( 'NONE',  ( 0.03070866141732283400, 0.009842519685039369900, 0.08661417322834648300 ) ) ;
#9903 = LINE ( 'NONE', #8578, #7603 ) ;
#9904 = SURFACE_SIDE_STYLE ('',( #4454 ) ) ;
#9905 = FACE_OUTER_BOUND ( 'NONE', #3395, .T. ) ;
#9906 = LENGTH_MEASURE_WITH_UNIT ( LENGTH_MEASURE( 0.02539999999999999900 ), #9272 );
#9907 = SURFACE_STYLE_USAGE ( .BOTH. , #3781 ) ;
#9908 = EDGE_LOOP ( 'NONE', ( #9668, #10024, #7046, #9609 ) ) ;
#9909 = ORIENTED_EDGE ( 'NONE', *, *, #717, .F. ) ;
#9910 = VERTEX_POINT ( 'NONE', #10518 ) ;
#9911 = AXIS2_PLACEMENT_3D ( 'NONE', #6303, #10089, #7204 ) ;
#9912 = DIRECTION ( 'NONE',  ( 1.000000000000000000, 0.0000000000000000000, -4.818676322157799300E-016 ) ) ;
#9913 = UNCERTAINTY_MEASURE_WITH_UNIT (LENGTH_MEASURE( 1.000000000000000100E-005 ), #2236, 'distance_accuracy_value', 'NONE');
#9914 = SURFACE_SIDE_STYLE ('',( #1224 ) ) ;
#9915 = VECTOR ( 'NONE', #6109, 39.37007874015748100 ) ;
#9916 = CARTESIAN_POINT ( 'NONE',  ( 0.08858267716535435400, 0.03937007874015748000, 0.0000000000000000000 ) ) ;
#9917 =( GEOMETRIC_REPRESENTATION_CONTEXT ( 3 ) GLOBAL_UNCERTAINTY_ASSIGNED_CONTEXT ( ( #9049 ) ) GLOBAL_UNIT_ASSIGNED_CONTEXT ( ( #3483, #9623, #4361 ) ) REPRESENTATION_CONTEXT ( 'NONE', 'WORKASPACE' ) );
#9918 = LINE ( 'NONE', #2281, #5272 ) ;
#9919 = COLOUR_RGB ( '',0.9686274509803921600, 0.8784313725490196000, 0.5999999999999999800 ) ;
#9920 = VECTOR ( 'NONE', #6393, 39.37007874015748100 ) ;
#9921 = CARTESIAN_POINT ( 'NONE',  ( 0.09055118110236223800, 0.0000000000000000000, 0.005118110236220474100 ) ) ;
#9922 = MECHANICAL_DESIGN_GEOMETRIC_PRESENTATION_REPRESENTATION (  '', ( #8167 ), #10489 ) ;
#9923 = EDGE_LOOP ( 'NONE', ( #3244, #3912, #433, #7620 ) ) ;
#9924 = PRESENTATION_LAYER_ASSIGNMENT (  '', '', ( #8760 ) ) ;
#9925 = ORIENTED_EDGE ( 'NONE', *, *, #7972, .F. ) ;
#9926 = ORIENTED_EDGE ( 'NONE', *, *, #7558, .F. ) ;
#9927 = PRESENTATION_LAYER_ASSIGNMENT (  '', '', ( #8764 ) ) ;
#9928 = LENGTH_MEASURE_WITH_UNIT ( LENGTH_MEASURE( 0.02539999999999999900 ), #2883 );
#9929 = CARTESIAN_POINT ( 'NONE',  ( 0.03070866141732283800, 0.0000000000000000000, 0.06889763779527562100 ) ) ;
#9930 = ADVANCED_FACE ( 'NONE', ( #3841 ), #41, .F. ) ;
#9931 = SURFACE_SIDE_STYLE ('',( #3499 ) ) ;
#9932 = CARTESIAN_POINT ( 'NONE',  ( 0.09055118110236225200, 0.0000000000000000000, 0.04606299212598425500 ) ) ;
#9933 = COLOUR_RGB ( '',0.9686274509803921600, 0.8784313725490196000, 0.5999999999999999800 ) ;
#9934 = SURFACE_STYLE_FILL_AREA ( #7938 ) ;
#9935 =( GEOMETRIC_REPRESENTATION_CONTEXT ( 3 ) GLOBAL_UNCERTAINTY_ASSIGNED_CONTEXT ( ( #6521 ) ) GLOBAL_UNIT_ASSIGNED_CONTEXT ( ( #5331, #11109, #1737 ) ) REPRESENTATION_CONTEXT ( 'NONE', 'WORKASPACE' ) );
#9936 = ORIENTED_EDGE ( 'NONE', *, *, #414, .F. ) ;
#9937 =( CONVERSION_BASED_UNIT ( 'INCH', #1524 ) LENGTH_UNIT ( ) NAMED_UNIT ( #3131 ) );
#9938 =( NAMED_UNIT ( * ) PLANE_ANGLE_UNIT ( ) SI_UNIT ( $, .RADIAN. ) );
#9939 = EDGE_CURVE ( 'NONE', #1597, #1193, #7436, .T. ) ;
#9940 =( NAMED_UNIT ( * ) SI_UNIT ( $, .STERADIAN. ) SOLID_ANGLE_UNIT ( ) );
#9941 = LINE ( 'NONE', #9315, #2944 ) ;
#9942 = STYLED_ITEM ( 'NONE', ( #1716 ), #11048 ) ;
#9943 = ORIENTED_EDGE ( 'NONE', *, *, #9300, .F. ) ;
#9944 = DIMENSIONAL_EXPONENTS ( 1.000000000000000000, 0.0000000000000000000, 0.0000000000000000000, 0.0000000000000000000, 0.0000000000000000000, 0.0000000000000000000, 0.0000000000000000000 ) ;
#9945 = CARTESIAN_POINT ( 'NONE',  ( 0.09055118110236222400, -0.02046108103966344500, -0.05629921259842520000 ) ) ;
#9946 = PLANE ( 'NONE',  #5226 ) ;
#9947 = LINE ( 'NONE', #4597, #2950 ) ;
#9948 = VECTOR ( 'NONE', #8731, 39.37007874015748100 ) ;
#9949 = CARTESIAN_POINT ( 'NONE',  ( 0.09055118110236223800, 0.009842519685039369900, -0.03070866141732283800 ) ) ;
#9950 = FILL_AREA_STYLE ('',( #10202 ) ) ;
#9951 = ORIENTED_EDGE ( 'NONE', *, *, #9595, .F. ) ;
#9952 = DIRECTION ( 'NONE',  ( 0.0000000000000000000, -0.0000000000000000000, 1.000000000000000000 ) ) ;
#9953 = VERTEX_POINT ( 'NONE', #7109 ) ;
#9954 = EDGE_CURVE ( 'NONE', #10998, #8981, #421, .T. ) ;
#9955 = DIMENSIONAL_EXPONENTS ( 1.000000000000000000, 0.0000000000000000000, 0.0000000000000000000, 0.0000000000000000000, 0.0000000000000000000, 0.0000000000000000000, 0.0000000000000000000 ) ;
#9956 = FILL_AREA_STYLE_COLOUR ( '', #5946 ) ;
#9957 = SURFACE_SIDE_STYLE ('',( #9126 ) ) ;
#9958 = EDGE_CURVE ( 'NONE', #9900, #3594, #9741, .T. ) ;
#9959 = ORIENTED_EDGE ( 'NONE', *, *, #11030, .F. ) ;
#9960 = PRESENTATION_LAYER_ASSIGNMENT (  '', '', ( #8786 ) ) ;
#9961 = UNCERTAINTY_MEASURE_WITH_UNIT (LENGTH_MEASURE( 1.000000000000000100E-005 ), #4036, 'distance_accuracy_value', 'NONE');
#9962 =( NAMED_UNIT ( * ) SI_UNIT ( $, .STERADIAN. ) SOLID_ANGLE_UNIT ( ) );
#9963 = VECTOR ( 'NONE', #3845, 39.37007874015748100 ) ;
#9964 = PRESENTATION_STYLE_ASSIGNMENT (( #1430 ) ) ;
#9965 = VERTEX_POINT ( 'NONE', #3584 ) ;
#9966 =( LENGTH_UNIT ( ) NAMED_UNIT ( * ) SI_UNIT ( $, .METRE. ) );
#9967 = ORIENTED_EDGE ( 'NONE', *, *, #6799, .T. ) ;
#9968 =( NAMED_UNIT ( * ) SI_UNIT ( $, .STERADIAN. ) SOLID_ANGLE_UNIT ( ) );
#9969 = EDGE_CURVE ( 'NONE', #84, #4152, #2457, .T. ) ;
#9970 = LINE ( 'NONE', #5185, #917 ) ;
#9971 =( LENGTH_UNIT ( ) NAMED_UNIT ( * ) SI_UNIT ( $, .METRE. ) );
#9972 = PRESENTATION_STYLE_ASSIGNMENT (( #1671 ) ) ;
#9973 = EDGE_CURVE ( 'NONE', #5426, #5537, #7157, .T. ) ;
#9974 = CARTESIAN_POINT ( 'NONE',  ( 0.03070866141732283800, 0.0000000000000000000, -0.08661417322834641400 ) ) ;
#9975 = DIRECTION ( 'NONE',  ( 1.000000000000000000, -0.0000000000000000000, 0.0000000000000000000 ) ) ;
#9976 = DIRECTION ( 'NONE',  ( -1.000000000000000000, 0.0000000000000000000, -0.0000000000000000000 ) ) ;
#9977 = ORIENTED_EDGE ( 'NONE', *, *, #9357, .T. ) ;
#9978 = DIRECTION ( 'NONE',  ( -0.0000000000000000000, 1.000000000000000000, 0.0000000000000000000 ) ) ;
#9979 = CARTESIAN_POINT ( 'NONE',  ( 0.0000000000000000000, 0.009842519685039369900, 0.06889763779527562100 ) ) ;
#9980 = PRODUCT ( 'AS72651-BLGT', 'AS72651-BLGT', '', ( #5425 ) ) ;
#9981 = FACE_OUTER_BOUND ( 'NONE', #5016, .T. ) ;
#9982 =( NAMED_UNIT ( * ) SI_UNIT ( $, .STERADIAN. ) SOLID_ANGLE_UNIT ( ) );
#9983 = DIRECTION ( 'NONE',  ( 2.409338161078899700E-016, 0.0000000000000000000, -1.000000000000000000 ) ) ;
#9984 = FILL_AREA_STYLE ('',( #280 ) ) ;
#9985 = PLANE ( 'NONE',  #4479 ) ;
#9986 = ORIENTED_EDGE ( 'NONE', *, *, #4076, .T. ) ;
#9987 = MECHANICAL_DESIGN_GEOMETRIC_PRESENTATION_REPRESENTATION (  '', ( #8222 ), #10544 ) ;
#9988 = CARTESIAN_POINT ( 'NONE',  ( 0.07283464566929137600, 0.0000000000000000000, 0.005118110236220474100 ) ) ;
#9989 = MANIFOLD_SOLID_BREP ( 'Boss-Extrude2[14]', #1419 ) ;
#9990 = ADVANCED_FACE ( 'NONE', ( #6032 ), #10588, .F. ) ;
#9991 = STYLED_ITEM ( 'NONE', ( #5262 ), #9568 ) ;
#9992 = MECHANICAL_DESIGN_GEOMETRIC_PRESENTATION_REPRESENTATION (  '', ( #8227 ), #10550 ) ;
#9993 = VECTOR ( 'NONE', #3419, 39.37007874015748100 ) ;
#9994 =( GEOMETRIC_REPRESENTATION_CONTEXT ( 3 ) GLOBAL_UNCERTAINTY_ASSIGNED_CONTEXT ( ( #5264 ) ) GLOBAL_UNIT_ASSIGNED_CONTEXT ( ( #4312, #10420, #5202 ) ) REPRESENTATION_CONTEXT ( 'NONE', 'WORKASPACE' ) );
#9995 =( NAMED_UNIT ( * ) SI_UNIT ( $, .STERADIAN. ) SOLID_ANGLE_UNIT ( ) );
#9996 = DIRECTION ( 'NONE',  ( 0.0000000000000000000, 0.0000000000000000000, 1.000000000000000000 ) ) ;
#9997 = PRESENTATION_LAYER_ASSIGNMENT (  '', '', ( #8675 ) ) ;
#9998 = CARTESIAN_POINT ( 'NONE',  ( -0.02047244094488189300, 0.009842519685039369900, -0.06889763779527555100 ) ) ;
#9999 = COLOUR_RGB ( '',0.2509803921568627400, 0.2509803921568627400, 0.2509803921568627400 ) ;
#10000 = LENGTH_MEASURE_WITH_UNIT ( LENGTH_MEASURE( 0.02539999999999999900 ), #8945 );
#10001 =( GEOMETRIC_REPRESENTATION_CONTEXT ( 3 ) GLOBAL_UNCERTAINTY_ASSIGNED_CONTEXT ( ( #4118 ) ) GLOBAL_UNIT_ASSIGNED_CONTEXT ( ( #6328, #6298, #6261 ) ) REPRESENTATION_CONTEXT ( 'NONE', 'WORKASPACE' ) );
#10002 = FILL_AREA_STYLE_COLOUR ( '', #8595 ) ;
#10003 = DIRECTION ( 'NONE',  ( -2.409338161078899700E-016, -0.0000000000000000000, 1.000000000000000000 ) ) ;
#10004 = MECHANICAL_DESIGN_GEOMETRIC_PRESENTATION_REPRESENTATION (  '', ( #8242 ), #10567 ) ;
#10005 = SURFACE_STYLE_FILL_AREA ( #6576 ) ;
#10006 = STYLED_ITEM ( 'NONE', ( #3846 ), #3382 ) ;
#10007 = DIRECTION ( 'NONE',  ( 0.0000000000000000000, 1.000000000000000000, 0.0000000000000000000 ) ) ;
#10008 = DIRECTION ( 'NONE',  ( 0.0000000000000000000, 0.0000000000000000000, -1.000000000000000000 ) ) ;
#10009 =( LENGTH_UNIT ( ) NAMED_UNIT ( * ) SI_UNIT ( $, .METRE. ) );
#10010 = VECTOR ( 'NONE', #706, 39.37007874015748100 ) ;
#10011 =( GEOMETRIC_REPRESENTATION_CONTEXT ( 3 ) GLOBAL_UNCERTAINTY_ASSIGNED_CONTEXT ( ( #11124 ) ) GLOBAL_UNIT_ASSIGNED_CONTEXT ( ( #5432, #164, #6299 ) ) REPRESENTATION_CONTEXT ( 'NONE', 'WORKASPACE' ) );
#10012 = EDGE_CURVE ( 'NONE', #6646, #9107, #2587, .T. ) ;
#10013 = FILL_AREA_STYLE ('',( #9144 ) ) ;
#10014 = FACE_OUTER_BOUND ( 'NONE', #6412, .T. ) ;
#10015 = DIRECTION ( 'NONE',  ( -2.409338161078899700E-016, 0.0000000000000000000, 1.000000000000000000 ) ) ;
#10016 = VERTEX_POINT ( 'NONE', #6318 ) ;
#10017 = SURFACE_STYLE_FILL_AREA ( #9218 ) ;
#10018 = FILL_AREA_STYLE_COLOUR ( '', #2493 ) ;
#10019 = DIRECTION ( 'NONE',  ( 0.04993761694389235000, -0.9987523388778445400, 0.0000000000000000000 ) ) ;
#10020 = FILL_AREA_STYLE ('',( #3891 ) ) ;
#10021 = DIRECTION ( 'NONE',  ( 1.000000000000000000, 0.0000000000000000000, -0.0000000000000000000 ) ) ;
#10022 = DIRECTION ( 'NONE',  ( 0.0000000000000000000, 0.0000000000000000000, 1.000000000000000000 ) ) ;
#10023 = EDGE_CURVE ( 'NONE', #8138, #5154, #4948, .T. ) ;
#10024 = ORIENTED_EDGE ( 'NONE', *, *, #1591, .F. ) ;
#10025 = VECTOR ( 'NONE', #8839, 39.37007874015748100 ) ;
#10026 =( NAMED_UNIT ( * ) PLANE_ANGLE_UNIT ( ) SI_UNIT ( $, .RADIAN. ) );
#10027 = EDGE_CURVE ( 'NONE', #1193, #8593, #9601, .T. ) ;
#10028 =( CONVERSION_BASED_UNIT ( 'INCH', #8621 ) LENGTH_UNIT ( ) NAMED_UNIT ( #4077 ) );
#10029 = VECTOR ( 'NONE', #3144, 39.37007874015748100 ) ;
#10030 =( NAMED_UNIT ( * ) PLANE_ANGLE_UNIT ( ) SI_UNIT ( $, .RADIAN. ) );
#10031 = LINE ( 'NONE', #9135, #3320 ) ;
#10032 = VECTOR ( 'NONE', #9020, 39.37007874015748100 ) ;
#10033 = ORIENTED_EDGE ( 'NONE', *, *, #3121, .T. ) ;
#10034 = CARTESIAN_POINT ( 'NONE',  ( -0.05629921259842520600, 0.0000000000000000000, 0.06889763779527562100 ) ) ;
#10035 = ORIENTED_EDGE ( 'NONE', *, *, #8114, .T. ) ;
#10036 = VECTOR ( 'NONE', #5553, 39.37007874015748100 ) ;
#10037 = CARTESIAN_POINT ( 'NONE',  ( 0.03070866141732283400, 0.009842519685039369900, 0.08661417322834648300 ) ) ;
#10038 = FACE_OUTER_BOUND ( 'NONE', #8720, .T. ) ;
#10039 = ADVANCED_FACE ( 'NONE', ( #4664 ), #10694, .F. ) ;
#10040 = DIRECTION ( 'NONE',  ( 1.000000000000000000, 0.0000000000000000000, -0.0000000000000000000 ) ) ;
#10041 = CARTESIAN_POINT ( 'NONE',  ( 0.03070866141732283800, -0.02046108103966344500, -0.06889763779527555100 ) ) ;
#10042 = SURFACE_STYLE_USAGE ( .BOTH. , #10086 ) ;
#10043 = ORIENTED_EDGE ( 'NONE', *, *, #3943, .T. ) ;
#10044 = ORIENTED_EDGE ( 'NONE', *, *, #6574, .F. ) ;
#10045 = PRESENTATION_STYLE_ASSIGNMENT (( #5918 ) ) ;
#10046 = DIMENSIONAL_EXPONENTS ( 1.000000000000000000, 0.0000000000000000000, 0.0000000000000000000, 0.0000000000000000000, 0.0000000000000000000, 0.0000000000000000000, 0.0000000000000000000 ) ;
#10047 =( LENGTH_UNIT ( ) NAMED_UNIT ( * ) SI_UNIT ( $, .METRE. ) );
#10048 = LENGTH_MEASURE_WITH_UNIT ( LENGTH_MEASURE( 0.02539999999999999900 ), #7412 );
#10049 = PLANE ( 'NONE',  #10217 ) ;
#10050 = ORIENTED_EDGE ( 'NONE', *, *, #9516, .F. ) ;
#10051 =( LENGTH_UNIT ( ) NAMED_UNIT ( * ) SI_UNIT ( $, .METRE. ) );
#10052 = AXIS2_PLACEMENT_3D ( 'NONE', #861, #7009, #1741 ) ;
#10053 = ORIENTED_EDGE ( 'NONE', *, *, #3476, .T. ) ;
#10054 =( GEOMETRIC_REPRESENTATION_CONTEXT ( 3 ) GLOBAL_UNCERTAINTY_ASSIGNED_CONTEXT ( ( #2851 ) ) GLOBAL_UNIT_ASSIGNED_CONTEXT ( ( #9221, #1373, #4003 ) ) REPRESENTATION_CONTEXT ( 'NONE', 'WORKASPACE' ) );
#10055 = DIMENSIONAL_EXPONENTS ( 1.000000000000000000, 0.0000000000000000000, 0.0000000000000000000, 0.0000000000000000000, 0.0000000000000000000, 0.0000000000000000000, 0.0000000000000000000 ) ;
#10056 = ORIENTED_EDGE ( 'NONE', *, *, #4228, .F. ) ;
#10057 = CARTESIAN_POINT ( 'NONE',  ( -0.04606299212598425500, -0.02046108103966344500, -0.08661417322834641400 ) ) ;
#10058 = SURFACE_SIDE_STYLE ('',( #6747 ) ) ;
#10059 = CARTESIAN_POINT ( 'NONE',  ( -0.05629921259842520600, 0.009842519685039369900, -0.08661417322834641400 ) ) ;
#10060 = PRESENTATION_STYLE_ASSIGNMENT (( #1233 ) ) ;
#10061 =( LENGTH_UNIT ( ) NAMED_UNIT ( * ) SI_UNIT ( $, .METRE. ) );
#10062 = VECTOR ( 'NONE', #6554, 39.37007874015748100 ) ;
#10063 = SURFACE_STYLE_FILL_AREA ( #9299 ) ;
#10064 = SURFACE_SIDE_STYLE ('',( #2498 ) ) ;
#10065 = COLOUR_RGB ( '',0.2509803921568627400, 0.2509803921568627400, 0.2509803921568627400 ) ;
#10066 = CLOSED_SHELL ( 'NONE', ( #9612, #9026, #9656, #4368, #8862, #1035 ) ) ;
#10067 =( GEOMETRIC_REPRESENTATION_CONTEXT ( 3 ) GLOBAL_UNCERTAINTY_ASSIGNED_CONTEXT ( ( #1722 ) ) GLOBAL_UNIT_ASSIGNED_CONTEXT ( ( #4994, #4924, #4890 ) ) REPRESENTATION_CONTEXT ( 'NONE', 'WORKASPACE' ) );
#10068 = CARTESIAN_POINT ( 'NONE',  ( -0.07283464566929133400, 0.009842519685039369900, 0.04606299212598428900 ) ) ;
#10069 = CARTESIAN_POINT ( 'NONE',  ( -0.09251968503937008100, 0.03937007874015748000, -0.08858267716535429800 ) ) ;
#10070 = EDGE_LOOP ( 'NONE', ( #89, #5257, #4331, #1711 ) ) ;
#10071 = ORIENTED_EDGE ( 'NONE', *, *, #10883, .T. ) ;
#10072 = MECHANICAL_DESIGN_GEOMETRIC_PRESENTATION_REPRESENTATION (  '', ( #8321 ), #10637 ) ;
#10073 = LENGTH_MEASURE_WITH_UNIT ( LENGTH_MEASURE( 0.02539999999999999900 ), #1562 );
#10074 = AXIS2_PLACEMENT_3D ( 'NONE', #7900, #7858, #7214 ) ;
#10075 = ORIENTED_EDGE ( 'NONE', *, *, #5400, .F. ) ;
#10076 = AXIS2_PLACEMENT_3D ( 'NONE', #10419, #5201, #11291 ) ;
#10077 = CARTESIAN_POINT ( 'NONE',  ( -0.04606299212598425500, 0.009842519685039369900, 0.06889763779527562100 ) ) ;
#10078 = VERTEX_POINT ( 'NONE', #263 ) ;
#10079 = COLOUR_RGB ( '',0.9686274509803921600, 0.8784313725490196000, 0.5999999999999999800 ) ;
#10080 =( GEOMETRIC_REPRESENTATION_CONTEXT ( 3 ) GLOBAL_UNCERTAINTY_ASSIGNED_CONTEXT ( ( #8768 ) ) GLOBAL_UNIT_ASSIGNED_CONTEXT ( ( #8185, #2925, #9064 ) ) REPRESENTATION_CONTEXT ( 'NONE', 'WORKASPACE' ) );
#10081 = CARTESIAN_POINT ( 'NONE',  ( -0.05629921259842520000, 0.009842519685039369900, -0.06889763779527555100 ) ) ;
#10082 = ORIENTED_EDGE ( 'NONE', *, *, #9796, .F. ) ;
#10083 = SURFACE_STYLE_USAGE ( .BOTH. , #3953 ) ;
#10084 = UNCERTAINTY_MEASURE_WITH_UNIT (LENGTH_MEASURE( 1.000000000000000100E-005 ), #10904, 'distance_accuracy_value', 'NONE');
#10085 = VECTOR ( 'NONE', #1172, 39.37007874015748100 ) ;
#10086 = SURFACE_SIDE_STYLE ('',( #4401 ) ) ;
#10087 = ORIENTED_EDGE ( 'NONE', *, *, #3286, .T. ) ;
#10088 = CIRCLE ( 'NONE', #5836, 0.01476377952755905700 ) ;
#10089 = DIRECTION ( 'NONE',  ( 0.0000000000000000000, -1.000000000000000000, -0.0000000000000000000 ) ) ;
#10090 = ORIENTED_EDGE ( 'NONE', *, *, #5858, .T. ) ;
#10091 = SURFACE_STYLE_USAGE ( .BOTH. , #3959 ) ;
#10092 = CARTESIAN_POINT ( 'NONE',  ( 0.0000000000000000000, 0.0000000000000000000, -0.08661417322834641400 ) ) ;
#10093 = CARTESIAN_POINT ( 'NONE',  ( -0.09055118110236221000, 0.0000000000000000000, -0.03070866141732280000 ) ) ;
#10094 = EDGE_CURVE ( 'NONE', #2776, #5314, #8229, .T. ) ;
#10095 = ORIENTED_EDGE ( 'NONE', *, *, #7918, .T. ) ;
#10096 =( NAMED_UNIT ( * ) SI_UNIT ( $, .STERADIAN. ) SOLID_ANGLE_UNIT ( ) );
#10097 = CARTESIAN_POINT ( 'NONE',  ( -0.07283464566929133400, 0.0000000000000000000, 0.04606299212598428900 ) ) ;
#10098 = DIRECTION ( 'NONE',  ( -0.9987523388778446500, -0.04993761694389235700, 0.0000000000000000000 ) ) ;
#10099 =( CONVERSION_BASED_UNIT ( 'INCH', #9744 ) LENGTH_UNIT ( ) NAMED_UNIT ( #10501 ) );
#10100 =( CONVERSION_BASED_UNIT ( 'INCH', #5004 ) LENGTH_UNIT ( ) NAMED_UNIT ( #9033 ) );
#10101 = EDGE_CURVE ( 'NONE', #3769, #7815, #5894, .T. ) ;
#10102 = PLANE ( 'NONE',  #6543 ) ;
#10103 = ADVANCED_FACE ( 'NONE', ( #5630 ), #8162, .F. ) ;
#10104 = CARTESIAN_POINT ( 'NONE',  ( -0.09055118110236218300, 0.0000000000000000000, 0.04606299212598428900 ) ) ;
#10105 = VERTEX_POINT ( 'NONE', #5525 ) ;
#10106 = SURFACE_STYLE_FILL_AREA ( #9428 ) ;
#10107 = SURFACE_SIDE_STYLE ('',( #430 ) ) ;
#10108 = LINE ( 'NONE', #4422, #782 ) ;
#10109 = SURFACE_SIDE_STYLE ('',( #2046 ) ) ;
#10110 = DIRECTION ( 'NONE',  ( 1.000000000000000000, -0.0000000000000000000, 2.409338161078899700E-016 ) ) ;
#10111 =( CONVERSION_BASED_UNIT ( 'INCH', #8112 ) LENGTH_UNIT ( ) NAMED_UNIT ( #2455 ) );
#10112 = PRESENTATION_LAYER_ASSIGNMENT (  '', '', ( #8942 ) ) ;
#10113 = ORIENTED_EDGE ( 'NONE', *, *, #6682, .F. ) ;
#10114 = DIRECTION ( 'NONE',  ( 1.000000000000000000, 0.0000000000000000000, -0.0000000000000000000 ) ) ;
#10115 = EDGE_CURVE ( 'NONE', #7598, #9953, #2446, .T. ) ;
#10116 = VECTOR ( 'NONE', #9197, 39.37007874015748100 ) ;
#10117 = PRESENTATION_LAYER_ASSIGNMENT (  '', '', ( #8955 ) ) ;
#10118 = CARTESIAN_POINT ( 'NONE',  ( 0.0000000000000000000, 0.009842519685039369900, -0.05629921259842515800 ) ) ;
#10119 =( NAMED_UNIT ( * ) PLANE_ANGLE_UNIT ( ) SI_UNIT ( $, .RADIAN. ) );
#10120 = VECTOR ( 'NONE', #1650, 39.37007874015748100 ) ;
#10121 = ORIENTED_EDGE ( 'NONE', *, *, #10878, .F. ) ;
#10122 = CARTESIAN_POINT ( 'NONE',  ( 0.09251968503937008100, 0.03937007874015748000, -0.08858267716535429800 ) ) ;
#10123 = AXIS2_PLACEMENT_3D ( 'NONE', #2901, #9048, #3790 ) ;
#10124 = DIRECTION ( 'NONE',  ( -1.000000000000000000, -0.0000000000000000000, 0.0000000000000000000 ) ) ;
#10125 = DIRECTION ( 'NONE',  ( -1.000000000000000000, -0.0000000000000000000, -0.0000000000000000000 ) ) ;
#10126 = DIRECTION ( 'NONE',  ( -1.000000000000000000, -0.0000000000000000000, 0.0000000000000000000 ) ) ;
#10127 = DIRECTION ( 'NONE',  ( 0.0000000000000000000, 0.0000000000000000000, -1.000000000000000000 ) ) ;
#10128 =( CONVERSION_BASED_UNIT ( 'INCH', #2187 ) LENGTH_UNIT ( ) NAMED_UNIT ( #3611 ) );
#10129 = STYLED_ITEM ( 'NONE', ( #7341 ), #702 ) ;
#10130 = CARTESIAN_POINT ( 'NONE',  ( -0.09055118110236221000, 0.009842519685039369900, -0.03070866141732280000 ) ) ;
#10131 = CARTESIAN_POINT ( 'NONE',  ( 0.0000000000000000000, 0.0000000000000000000, 0.0000000000000000000 ) ) ;
#10132 = CARTESIAN_POINT ( 'NONE',  ( -0.09055118110236221000, 0.009842519685039369900, 0.0000000000000000000 ) ) ;
#10133 = SURFACE_STYLE_USAGE ( .BOTH. , #4006 ) ;
#10134 = LINE ( 'NONE', #10714, #7560 ) ;
#10135 = DIMENSIONAL_EXPONENTS ( 1.000000000000000000, 0.0000000000000000000, 0.0000000000000000000, 0.0000000000000000000, 0.0000000000000000000, 0.0000000000000000000, 0.0000000000000000000 ) ;
#10136 = DIRECTION ( 'NONE',  ( -1.927470528863119000E-016, -0.0000000000000000000, -1.000000000000000000 ) ) ;
#10137 = MECHANICAL_DESIGN_GEOMETRIC_PRESENTATION_REPRESENTATION (  '', ( #8381 ), #10696 ) ;
#10138 =( NAMED_UNIT ( * ) PLANE_ANGLE_UNIT ( ) SI_UNIT ( $, .RADIAN. ) );
#10139 = PRESENTATION_LAYER_ASSIGNMENT (  '', '', ( #8977 ) ) ;
#10140 = VECTOR ( 'NONE', #8275, 39.37007874015748100 ) ;
#10141 = AXIS2_PLACEMENT_3D ( 'NONE', #5580, #315, #6452 ) ;
#10142 = DIRECTION ( 'NONE',  ( 1.000000000000000000, 0.0000000000000000000, -0.0000000000000000000 ) ) ;
#10143 = AXIS2_PLACEMENT_3D ( 'NONE', #4629, #10740, #5519 ) ;
#10144 = SURFACE_STYLE_FILL_AREA ( #9895 ) ;
#10145 =( LENGTH_UNIT ( ) NAMED_UNIT ( * ) SI_UNIT ( $, .METRE. ) );
#10146 =( NAMED_UNIT ( * ) SI_UNIT ( $, .STERADIAN. ) SOLID_ANGLE_UNIT ( ) );
#10147 = AXIS2_PLACEMENT_3D ( 'NONE', #3252, #2809, #2767 ) ;
#10148 = PLANE ( 'NONE',  #3290 ) ;
#10149 = CARTESIAN_POINT ( 'NONE',  ( -0.05629921259842520600, 0.009842519685039369900, 0.0000000000000000000 ) ) ;
#10150 = STYLED_ITEM ( 'NONE', ( #9964 ), #10886 ) ;
#10151 = ADVANCED_FACE ( 'NONE', ( #9192 ), #10808, .F. ) ;
#10152 = FILL_AREA_STYLE ('',( #2268 ) ) ;
#10153 = SURFACE_STYLE_FILL_AREA ( #3113 ) ;
#10154 = UNCERTAINTY_MEASURE_WITH_UNIT (LENGTH_MEASURE( 1.000000000000000100E-005 ), #9715, 'distance_accuracy_value', 'NONE');
#10155 = ORIENTED_EDGE ( 'NONE', *, *, #7623, .F. ) ;
#10156 = EDGE_CURVE ( 'NONE', #5290, #192, #10406, .T. ) ;
#10157 = VECTOR ( 'NONE', #2815, 39.37007874015748100 ) ;
#10158 = DIMENSIONAL_EXPONENTS ( 1.000000000000000000, 0.0000000000000000000, 0.0000000000000000000, 0.0000000000000000000, 0.0000000000000000000, 0.0000000000000000000, 0.0000000000000000000 ) ;
#10159 = EDGE_CURVE ( 'NONE', #3383, #2658, #8088, .T. ) ;
#10161 = UNCERTAINTY_MEASURE_WITH_UNIT (LENGTH_MEASURE( 1.000000000000000100E-005 ), #5593, 'distance_accuracy_value', 'NONE');
#10160 =( NAMED_UNIT ( * ) PLANE_ANGLE_UNIT ( ) SI_UNIT ( $, .RADIAN. ) );
#10162 = DIRECTION ( 'NONE',  ( 0.0000000000000000000, 0.0000000000000000000, -1.000000000000000000 ) ) ;
#10163 = VECTOR ( 'NONE', #3861, 39.37007874015748100 ) ;
#10164 = ORIENTED_EDGE ( 'NONE', *, *, #10595, .T. ) ;
#10165 =( LENGTH_UNIT ( ) NAMED_UNIT ( * ) SI_UNIT ( $, .METRE. ) );
#10166 = DIMENSIONAL_EXPONENTS ( 1.000000000000000000, 0.0000000000000000000, 0.0000000000000000000, 0.0000000000000000000, 0.0000000000000000000, 0.0000000000000000000, 0.0000000000000000000 ) ;
#10167 = DIRECTION ( 'NONE',  ( 0.0000000000000000000, 1.000000000000000000, 0.0000000000000000000 ) ) ;
#10168 = VECTOR ( 'NONE', #2975, 39.37007874015748100 ) ;
#10169 =( LENGTH_UNIT ( ) NAMED_UNIT ( * ) SI_UNIT ( $, .METRE. ) );
#10170 = PLANE ( 'NONE',  #9046 ) ;
#10171 = PLANE ( 'NONE',  #1176 ) ;
#10172 = FACE_OUTER_BOUND ( 'NONE', #4923, .T. ) ;
#10173 = DIRECTION ( 'NONE',  ( 0.0000000000000000000, 1.000000000000000000, 0.0000000000000000000 ) ) ;
#10174 = SURFACE_STYLE_FILL_AREA ( #6028 ) ;
#10175 = EDGE_CURVE ( 'NONE', #3642, #6985, #1360, .T. ) ;
#10176 = ORIENTED_EDGE ( 'NONE', *, *, #4808, .T. ) ;
#10177 =( CONVERSION_BASED_UNIT ( 'INCH', #7854 ) LENGTH_UNIT ( ) NAMED_UNIT ( #7102 ) );
#10178 = EDGE_LOOP ( 'NONE', ( #9807, #8551, #4278, #7907 ) ) ;
#10179 = EDGE_CURVE ( 'NONE', #1808, #2973, #5761, .T. ) ;
#10180 = CARTESIAN_POINT ( 'NONE',  ( -0.07283464566929133400, -0.02046108103966344500, 0.05629921259842523400 ) ) ;
#10181 =( NAMED_UNIT ( * ) PLANE_ANGLE_UNIT ( ) SI_UNIT ( $, .RADIAN. ) );
#10182 =( GEOMETRIC_REPRESENTATION_CONTEXT ( 3 ) GLOBAL_UNCERTAINTY_ASSIGNED_CONTEXT ( ( #3686 ) ) GLOBAL_UNIT_ASSIGNED_CONTEXT ( ( #6405, #1147, #7301 ) ) REPRESENTATION_CONTEXT ( 'NONE', 'WORKASPACE' ) );
#10183 = VECTOR ( 'NONE', #2448, 39.37007874015748100 ) ;
#10184 = SURFACE_STYLE_FILL_AREA ( #900 ) ;
#10185 = DIMENSIONAL_EXPONENTS ( 1.000000000000000000, 0.0000000000000000000, 0.0000000000000000000, 0.0000000000000000000, 0.0000000000000000000, 0.0000000000000000000, 0.0000000000000000000 ) ;
#10186 = SURFACE_STYLE_USAGE ( .BOTH. , #10258 ) ;
#10187 = DIRECTION ( 'NONE',  ( 1.000000000000000000, 0.0000000000000000000, 0.0000000000000000000 ) ) ;
#10188 = ORIENTED_EDGE ( 'NONE', *, *, #558, .T. ) ;
#10189 = DIRECTION ( 'NONE',  ( -1.668003342285391100E-015, 0.0000000000000000000, -1.000000000000000000 ) ) ;
#10190 = ORIENTED_EDGE ( 'NONE', *, *, #2316, .T. ) ;
#10191 = ORIENTED_EDGE ( 'NONE', *, *, #1212, .F. ) ;
#10192 = DIRECTION ( 'NONE',  ( -1.000000000000000000, 0.0000000000000000000, -0.0000000000000000000 ) ) ;
#10193 = UNCERTAINTY_MEASURE_WITH_UNIT (LENGTH_MEASURE( 1.000000000000000100E-005 ), #2720, 'distance_accuracy_value', 'NONE');
#10194 = FACE_OUTER_BOUND ( 'NONE', #6421, .T. ) ;
#10195 = LINE ( 'NONE', #4010, #3473 ) ;
#10196 = ORIENTED_EDGE ( 'NONE', *, *, #3134, .F. ) ;
#10197 = DIRECTION ( 'NONE',  ( 0.0000000000000000000, 1.000000000000000000, -0.0000000000000000000 ) ) ;
#10198 = VERTEX_POINT ( 'NONE', #7414 ) ;
#10199 = ORIENTED_EDGE ( 'NONE', *, *, #4910, .F. ) ;
#10200 = PRESENTATION_LAYER_ASSIGNMENT (  '', '', ( #9619 ) ) ;
#10201 = CARTESIAN_POINT ( 'NONE',  ( 0.0000000000000000000, 0.009842519685039369900, -0.05629921259842520000 ) ) ;
#10202 = FILL_AREA_STYLE_COLOUR ( '', #10600 ) ;
#10203 = DIRECTION ( 'NONE',  ( -1.000000000000000000, 0.0000000000000000000, -2.409338161078899700E-016 ) ) ;
#10204 = LINE ( 'NONE', #3014, #3225 ) ;
#10205 = COLOUR_RGB ( '',0.9686274509803921600, 0.8784313725490196000, 0.5999999999999999800 ) ;
#10206 = PRESENTATION_LAYER_ASSIGNMENT (  '', '', ( #9045 ) ) ;
#10207 = ORIENTED_EDGE ( 'NONE', *, *, #2076, .F. ) ;
#10208 = SURFACE_STYLE_USAGE ( .BOTH. , #10245 ) ;
#10209 = MECHANICAL_DESIGN_GEOMETRIC_PRESENTATION_REPRESENTATION (  '', ( #8454 ), #10777 ) ;
#10210 = CARTESIAN_POINT ( 'NONE',  ( -0.09055118110236221000, 0.009842519685039369900, 0.02047244094488192400 ) ) ;
#10211 = FILL_AREA_STYLE_COLOUR ( '', #8788 ) ;
#10212 = DIRECTION ( 'NONE',  ( 1.000000000000000000, 0.0000000000000000000, -0.0000000000000000000 ) ) ;
#10213 = DIRECTION ( 'NONE',  ( 0.0000000000000000000, -0.0000000000000000000, 1.000000000000000000 ) ) ;
#10214 = ORIENTED_EDGE ( 'NONE', *, *, #4308, .F. ) ;
#10215 = ADVANCED_FACE ( 'NONE', ( #7832 ), #10890, .F. ) ;
#10216 = ORIENTED_EDGE ( 'NONE', *, *, #918, .F. ) ;
#10217 = AXIS2_PLACEMENT_3D ( 'NONE', #7433, #7402, #7366 ) ;
#10218 = ORIENTED_EDGE ( 'NONE', *, *, #3138, .F. ) ;
#10219 = DIRECTION ( 'NONE',  ( -0.0000000000000000000, 1.000000000000000000, 0.0000000000000000000 ) ) ;
#10220 = PRESENTATION_STYLE_ASSIGNMENT (( #4679 ) ) ;
#10221 = DIRECTION ( 'NONE',  ( -1.000000000000000000, -0.0000000000000000000, 0.0000000000000000000 ) ) ;
#10222 = PRESENTATION_LAYER_ASSIGNMENT (  '', '', ( #9053 ) ) ;
#10223 = CARTESIAN_POINT ( 'NONE',  ( 0.02047244094488188900, 0.009842519685039369900, -0.06889763779527555100 ) ) ;
#10224 = SURFACE_SIDE_STYLE ('',( #275 ) ) ;
#10225 = ORIENTED_EDGE ( 'NONE', *, *, #1265, .F. ) ;
#10226 =( NAMED_UNIT ( * ) PLANE_ANGLE_UNIT ( ) SI_UNIT ( $, .RADIAN. ) );
#10227 = STYLED_ITEM ( 'NONE', ( #8493 ), #5575 ) ;
#10228 = UNCERTAINTY_MEASURE_WITH_UNIT (LENGTH_MEASURE( 1.000000000000000100E-005 ), #4735, 'distance_accuracy_value', 'NONE');
#10229 =( NAMED_UNIT ( * ) SI_UNIT ( $, .STERADIAN. ) SOLID_ANGLE_UNIT ( ) );
#10230 = ORIENTED_EDGE ( 'NONE', *, *, #3354, .T. ) ;
#10231 = MECHANICAL_DESIGN_GEOMETRIC_PRESENTATION_REPRESENTATION (  '', ( #8473 ), #10793 ) ;
#10232 = LINE ( 'NONE', #3158, #7916 ) ;
#10233 = EDGE_LOOP ( 'NONE', ( #2269, #11316, #11260, #6786 ) ) ;
#10234 = DIRECTION ( 'NONE',  ( 0.0000000000000000000, 0.0000000000000000000, -1.000000000000000000 ) ) ;
#10235 = UNCERTAINTY_MEASURE_WITH_UNIT (LENGTH_MEASURE( 1.000000000000000100E-005 ), #5568, 'distance_accuracy_value', 'NONE');
#10236 =( NAMED_UNIT ( * ) PLANE_ANGLE_UNIT ( ) SI_UNIT ( $, .RADIAN. ) );
#10237 = EDGE_LOOP ( 'NONE', ( #1385, #8446, #1721, #703 ) ) ;
#10238 =( NAMED_UNIT ( * ) SI_UNIT ( $, .STERADIAN. ) SOLID_ANGLE_UNIT ( ) );
#10239 = ORIENTED_EDGE ( 'NONE', *, *, #4513, .F. ) ;
#10240 =( NAMED_UNIT ( * ) PLANE_ANGLE_UNIT ( ) SI_UNIT ( $, .RADIAN. ) );
#10241 = CARTESIAN_POINT ( 'NONE',  ( 0.0000000000000000000, 0.0000000000000000000, -0.04606299212598422000 ) ) ;
#10242 = SURFACE_STYLE_USAGE ( .BOTH. , #4117 ) ;
#10243 = EDGE_LOOP ( 'NONE', ( #463, #4850, #2411, #3670 ) ) ;
#10244 = EDGE_CURVE ( 'NONE', #184, #6764, #9050, .T. ) ;
#10245 = SURFACE_SIDE_STYLE ('',( #413 ) ) ;
#10246 = VECTOR ( 'NONE', #11003, 39.37007874015748100 ) ;
#10247 =( NAMED_UNIT ( * ) SI_UNIT ( $, .STERADIAN. ) SOLID_ANGLE_UNIT ( ) );
#10248 = VECTOR ( 'NONE', #2606, 39.37007874015748100 ) ;
#10249 = DIRECTION ( 'NONE',  ( 1.668003342285391100E-015, -0.0000000000000000000, 1.000000000000000000 ) ) ;
#10250 = EDGE_CURVE ( 'NONE', #5802, #3627, #4369, .T. ) ;
#10251 =( NAMED_UNIT ( * ) SI_UNIT ( $, .STERADIAN. ) SOLID_ANGLE_UNIT ( ) );
#10252 =( GEOMETRIC_REPRESENTATION_CONTEXT ( 3 ) GLOBAL_UNCERTAINTY_ASSIGNED_CONTEXT ( ( #1310 ) ) GLOBAL_UNIT_ASSIGNED_CONTEXT ( ( #3700, #9841, #4605 ) ) REPRESENTATION_CONTEXT ( 'NONE', 'WORKASPACE' ) );
#10253 =( CONVERSION_BASED_UNIT ( 'INCH', #3301 ) LENGTH_UNIT ( ) NAMED_UNIT ( #3939 ) );
#10254 = ORIENTED_EDGE ( 'NONE', *, *, #6682, .T. ) ;
#10255 = FILL_AREA_STYLE_COLOUR ( '', #6297 ) ;
#10256 = FACE_OUTER_BOUND ( 'NONE', #314, .T. ) ;
#10257 =( NAMED_UNIT ( * ) SI_UNIT ( $, .STERADIAN. ) SOLID_ANGLE_UNIT ( ) );
#10258 = SURFACE_SIDE_STYLE ('',( #276 ) ) ;
#10259 =( NAMED_UNIT ( * ) SI_UNIT ( $, .STERADIAN. ) SOLID_ANGLE_UNIT ( ) );
#10260 =( CONVERSION_BASED_UNIT ( 'INCH', #3363 ) LENGTH_UNIT ( ) NAMED_UNIT ( #834 ) );
#10261 =( CONVERSION_BASED_UNIT ( 'INCH', #4448 ) LENGTH_UNIT ( ) NAMED_UNIT ( #8921 ) );
#10262 = VECTOR ( 'NONE', #3384, 39.37007874015748100 ) ;
#10263 = STYLED_ITEM ( 'NONE', ( #3345 ), #9302 ) ;
#10264 = DIRECTION ( 'NONE',  ( -1.000000000000000000, -0.0000000000000000000, 0.0000000000000000000 ) ) ;
#10265 = UNCERTAINTY_MEASURE_WITH_UNIT (LENGTH_MEASURE( 1.000000000000000100E-005 ), #3588, 'distance_accuracy_value', 'NONE');
#10266 = ADVANCED_FACE ( 'NONE', ( #6729 ), #9236, .F. ) ;
#10267 = CARTESIAN_POINT ( 'NONE',  ( 0.07283464566929137600, 0.0000000000000000000, -0.04606299212598424800 ) ) ;
#10268 =( NAMED_UNIT ( * ) PLANE_ANGLE_UNIT ( ) SI_UNIT ( $, .RADIAN. ) );
#10269 = STYLED_ITEM ( 'NONE', ( #1730 ), #6100 ) ;
#10270 = STYLED_ITEM ( 'NONE', ( #8757 ), #4011 ) ;
#10271 = DIMENSIONAL_EXPONENTS ( 1.000000000000000000, 0.0000000000000000000, 0.0000000000000000000, 0.0000000000000000000, 0.0000000000000000000, 0.0000000000000000000, 0.0000000000000000000 ) ;
#10272 = CARTESIAN_POINT ( 'NONE',  ( 0.02047244094488188600, 0.0000000000000000000, 0.08661417322834648300 ) ) ;
#10273 = VECTOR ( 'NONE', #7294, 39.37007874015748100 ) ;
#10274 = FILL_AREA_STYLE ('',( #10672 ) ) ;
#10275 = AXIS2_PLACEMENT_3D ( 'NONE', #1456, #1408, #764 ) ;
#10276 =( NAMED_UNIT ( * ) PLANE_ANGLE_UNIT ( ) SI_UNIT ( $, .RADIAN. ) );
#10277 = CARTESIAN_POINT ( 'NONE',  ( -0.09055118110236221000, 0.009842519685039369900, -0.03070866141732280000 ) ) ;
#10278 = FILL_AREA_STYLE_COLOUR ( '', #4294 ) ;
#10279 = PRESENTATION_LAYER_ASSIGNMENT (  '', '', ( #9122 ) ) ;
#10280 = SURFACE_STYLE_FILL_AREA ( #7389 ) ;
#10281 = DIRECTION ( 'NONE',  ( 1.204669080539449800E-016, -0.0000000000000000000, -1.000000000000000000 ) ) ;
#10282 =( LENGTH_UNIT ( ) NAMED_UNIT ( * ) SI_UNIT ( $, .METRE. ) );
#10283 = STYLED_ITEM ( 'NONE', ( #9717 ), #2754 ) ;
#10284 = VERTEX_POINT ( 'NONE', #415 ) ;
#10285 = STYLED_ITEM ( 'NONE', ( #2056 ), #5254 ) ;
#10286 = LENGTH_MEASURE_WITH_UNIT ( LENGTH_MEASURE( 0.02539999999999999900 ), #1792 );
#10287 = DIRECTION ( 'NONE',  ( -0.0000000000000000000, -0.0000000000000000000, 1.000000000000000000 ) ) ;
#10288 =( GEOMETRIC_REPRESENTATION_CONTEXT ( 3 ) GLOBAL_UNCERTAINTY_ASSIGNED_CONTEXT ( ( #3486 ) ) GLOBAL_UNIT_ASSIGNED_CONTEXT ( ( #1595, #7742, #2450 ) ) REPRESENTATION_CONTEXT ( 'NONE', 'WORKASPACE' ) );
#10289 = SURFACE_STYLE_USAGE ( .BOTH. , #4175 ) ;
#10290 = COLOUR_RGB ( '',0.2509803921568627400, 0.2509803921568627400, 0.2509803921568627400 ) ;
#10291 = DIMENSIONAL_EXPONENTS ( 1.000000000000000000, 0.0000000000000000000, 0.0000000000000000000, 0.0000000000000000000, 0.0000000000000000000, 0.0000000000000000000, 0.0000000000000000000 ) ;
#10292 = DIRECTION ( 'NONE',  ( -0.0000000000000000000, -0.0000000000000000000, 1.000000000000000000 ) ) ;
#10293 = SURFACE_STYLE_USAGE ( .BOTH. , #10337 ) ;
#10294 =( LENGTH_UNIT ( ) NAMED_UNIT ( * ) SI_UNIT ( $, .METRE. ) );
#10295 = UNCERTAINTY_MEASURE_WITH_UNIT (LENGTH_MEASURE( 1.000000000000000100E-005 ), #544, 'distance_accuracy_value', 'NONE');
#10296 = ADVANCED_FACE ( 'NONE', ( #7692 ), #4017, .F. ) ;
#10297 = UNCERTAINTY_MEASURE_WITH_UNIT (LENGTH_MEASURE( 1.000000000000000100E-005 ), #10099, 'distance_accuracy_value', 'NONE');
#10298 = ORIENTED_EDGE ( 'NONE', *, *, #1869, .F. ) ;
#10299 = EDGE_CURVE ( 'NONE', #3260, #2191, #4515, .T. ) ;
#10300 = FILL_AREA_STYLE_COLOUR ( '', #6180 ) ;
#10301 = PRESENTATION_LAYER_ASSIGNMENT (  '', '', ( #9141 ) ) ;
#10302 = VECTOR ( 'NONE', #358, 39.37007874015748100 ) ;
#10303 = CARTESIAN_POINT ( 'NONE',  ( 0.02047244094488188600, -0.02046108103966344500, -0.08661417322834641400 ) ) ;
#10304 = UNCERTAINTY_MEASURE_WITH_UNIT (LENGTH_MEASURE( 1.000000000000000100E-005 ), #7931, 'distance_accuracy_value', 'NONE');
#10305 = VECTOR ( 'NONE', #8980, 39.37007874015748100 ) ;
#10306 = ORIENTED_EDGE ( 'NONE', *, *, #3859, .F. ) ;
#10307 = EDGE_CURVE ( 'NONE', #5268, #7501, #5619, .T. ) ;
#10308 = EDGE_LOOP ( 'NONE', ( #6532, #448, #3774, #10842 ) ) ;
#10309 = VECTOR ( 'NONE', #5810, 39.37007874015748100 ) ;
#10310 = EDGE_CURVE ( 'NONE', #8046, #14, #11200, .T. ) ;
#10311 = LENGTH_MEASURE_WITH_UNIT ( LENGTH_MEASURE( 0.02539999999999999900 ), #7996 );
#10312 = LINE ( 'NONE', #6743, #3327 ) ;
#10313 = DIRECTION ( 'NONE',  ( -1.000000000000000000, -0.0000000000000000000, 0.0000000000000000000 ) ) ;
#10314 =( GEOMETRIC_REPRESENTATION_CONTEXT ( 3 ) GLOBAL_UNCERTAINTY_ASSIGNED_CONTEXT ( ( #10295 ) ) GLOBAL_UNIT_ASSIGNED_CONTEXT ( ( #544, #6693, #1417 ) ) REPRESENTATION_CONTEXT ( 'NONE', 'WORKASPACE' ) );
#10315 = PLANE ( 'NONE',  #7830 ) ;
#10316 = VERTEX_POINT ( 'NONE', #11037 ) ;
#10317 = CARTESIAN_POINT ( 'NONE',  ( 0.005118110236220473200, 0.0000000000000000000, 0.06889763779527562100 ) ) ;
#10318 = EDGE_LOOP ( 'NONE', ( #8861, #1930, #752, #4531 ) ) ;
#10319 = LENGTH_MEASURE_WITH_UNIT ( LENGTH_MEASURE( 0.02539999999999999900 ), #4412 );
#10320 =( LENGTH_UNIT ( ) NAMED_UNIT ( * ) SI_UNIT ( $, .METRE. ) );
#10321 = DIMENSIONAL_EXPONENTS ( 1.000000000000000000, 0.0000000000000000000, 0.0000000000000000000, 0.0000000000000000000, 0.0000000000000000000, 0.0000000000000000000, 0.0000000000000000000 ) ;
#10322 = SURFACE_STYLE_USAGE ( .BOTH. , #10425 ) ;
#10323 = ORIENTED_EDGE ( 'NONE', *, *, #10386, .F. ) ;
#10324 = EDGE_CURVE ( 'NONE', #6662, #2204, #2181, .T. ) ;
#10325 = LENGTH_MEASURE_WITH_UNIT ( LENGTH_MEASURE( 0.02539999999999999900 ), #5261 );
#10326 = ORIENTED_EDGE ( 'NONE', *, *, #9737, .F. ) ;
#10327 = EDGE_CURVE ( 'NONE', #7518, #5141, #1900, .T. ) ;
#10328 = CARTESIAN_POINT ( 'NONE',  ( -0.09055118110236222400, 0.0000000000000000000, -0.05629921259842515800 ) ) ;
#10329 = ORIENTED_EDGE ( 'NONE', *, *, #5484, .T. ) ;
#10330 = CARTESIAN_POINT ( 'NONE',  ( -0.005118110236220473200, 0.009842519685039369900, -0.06889763779527555100 ) ) ;
#10331 = SURFACE_STYLE_FILL_AREA ( #9835 ) ;
#10332 = AXIS2_PLACEMENT_3D ( 'NONE', #656, #6797, #1517 ) ;
#10333 = PRESENTATION_STYLE_ASSIGNMENT (( #2657 ) ) ;
#10334 = MANIFOLD_SOLID_BREP ( 'Boss-Extrude2[7]', #4804 ) ;
#10335 = FACE_OUTER_BOUND ( 'NONE', #8014, .T. ) ;
#10336 = FILL_AREA_STYLE ('',( #10370 ) ) ;
#10337 = SURFACE_SIDE_STYLE ('',( #10816 ) ) ;
#10338 = VECTOR ( 'NONE', #8415, 39.37007874015748100 ) ;
#10339 = DIRECTION ( 'NONE',  ( -2.409338161078899700E-016, 0.0000000000000000000, 1.000000000000000000 ) ) ;
#10340 = PRESENTATION_STYLE_ASSIGNMENT (( #8790 ) ) ;
#10341 = EDGE_LOOP ( 'NONE', ( #8354, #4475 ) ) ;
#10342 = LENGTH_MEASURE_WITH_UNIT ( LENGTH_MEASURE( 0.02539999999999999900 ), #2408 );
#10343 = CARTESIAN_POINT ( 'NONE',  ( 0.09055118110236223800, 0.009842519685039369900, 0.02047244094488188900 ) ) ;
#10344 = ORIENTED_EDGE ( 'NONE', *, *, #2245, .T. ) ;
#10345 = EDGE_LOOP ( 'NONE', ( #10885, #4693, #10323, #473 ) ) ;
#10346 = FILL_AREA_STYLE ('',( #2437 ) ) ;
#10347 = FILL_AREA_STYLE_COLOUR ( '', #9755 ) ;
#10348 = EDGE_LOOP ( 'NONE', ( #1245, #8189, #1743, #5935 ) ) ;
#10349 = VECTOR ( 'NONE', #8191, 39.37007874015748100 ) ;
#10350 = PRESENTATION_STYLE_ASSIGNMENT (( #5987 ) ) ;
#10351 = ORIENTED_EDGE ( 'NONE', *, *, #8770, .F. ) ;
#10352 = EDGE_LOOP ( 'NONE', ( #5096, #4299, #6290, #9967 ) ) ;
#10353 = PRESENTATION_LAYER_ASSIGNMENT (  '', '', ( #9189 ) ) ;
#10354 = DIRECTION ( 'NONE',  ( 0.0000000000000000000, 0.0000000000000000000, -1.000000000000000000 ) ) ;
#10355 = AXIS2_PLACEMENT_3D ( 'NONE', #4217, #4177, #4139 ) ;
#10356 = ADVANCED_FACE ( 'NONE', ( #3961 ), #9340, .F. ) ;
#10357 = ORIENTED_EDGE ( 'NONE', *, *, #5439, .T. ) ;
#10358 = FILL_AREA_STYLE_COLOUR ( '', #8366 ) ;
#10359 = STYLED_ITEM ( 'NONE', ( #9499 ), #4758 ) ;
#10360 = ORIENTED_EDGE ( 'NONE', *, *, #4001, .T. ) ;
#10361 = SURFACE_SIDE_STYLE ('',( #8205 ) ) ;
#10362 = STYLED_ITEM ( 'NONE', ( #4443 ), #6428 ) ;
#10363 = DIRECTION ( 'NONE',  ( 0.0000000000000000000, 0.0000000000000000000, -1.000000000000000000 ) ) ;
#10364 = SURFACE_SIDE_STYLE ('',( #10174 ) ) ;
#10365 = STYLED_ITEM ( 'NONE', ( #10543 ), #1669 ) ;
#10366 = ORIENTED_EDGE ( 'NONE', *, *, #3927, .T. ) ;
#10367 = FILL_AREA_STYLE_COLOUR ( '', #9442 ) ;
#10368 = FILL_AREA_STYLE ('',( #9498 ) ) ;
#10369 = VECTOR ( 'NONE', #5654, 39.37007874015748100 ) ;
#10370 = FILL_AREA_STYLE_COLOUR ( '', #1500 ) ;
#10371 =( GEOMETRIC_REPRESENTATION_CONTEXT ( 3 ) GLOBAL_UNCERTAINTY_ASSIGNED_CONTEXT ( ( #10638 ) ) GLOBAL_UNIT_ASSIGNED_CONTEXT ( ( #2464, #722, #10259 ) ) REPRESENTATION_CONTEXT ( 'NONE', 'WORKASPACE' ) );
#10372 = PLANE ( 'NONE',  #5104 ) ;
#10373 = UNCERTAINTY_MEASURE_WITH_UNIT (LENGTH_MEASURE( 1.000000000000000100E-005 ), #3405, 'distance_accuracy_value', 'NONE');
#10374 = SURFACE_STYLE_USAGE ( .BOTH. , #11008 ) ;
#10375 = CARTESIAN_POINT ( 'NONE',  ( 0.0000000000000000000, 0.0000000000000000000, 0.0000000000000000000 ) ) ;
#10376 = SURFACE_STYLE_USAGE ( .BOTH. , #4251 ) ;
#10377 = EDGE_CURVE ( 'NONE', #8296, #14, #4362, .T. ) ;
#10378 = PRESENTATION_STYLE_ASSIGNMENT (( #1933 ) ) ;
#10379 = PLANE ( 'NONE',  #3416 ) ;
#10380 = EDGE_CURVE ( 'NONE', #6742, #7738, #2034, .T. ) ;
#10381 = CLOSED_SHELL ( 'NONE', ( #189, #2173, #1136, #8793, #2910, #9072 ) ) ;
#10382 = VECTOR ( 'NONE', #3856, 39.37007874015748100 ) ;
#10383 = DIRECTION ( 'NONE',  ( 1.000000000000000000, 0.0000000000000000000, -0.0000000000000000000 ) ) ;
#10384 = LENGTH_MEASURE_WITH_UNIT ( LENGTH_MEASURE( 0.02539999999999999900 ), #6077 );
#10385 = CARTESIAN_POINT ( 'NONE',  ( 0.07283464566929139000, 0.009842519685039369900, 0.05629921259842522000 ) ) ;
#10386 = EDGE_CURVE ( 'NONE', #10437, #4831, #11057, .T. ) ;
#10387 = VECTOR ( 'NONE', #1690, 39.37007874015748100 ) ;
#10388 = CARTESIAN_POINT ( 'NONE',  ( 0.03070866141732283800, 0.009842519685039369900, 0.06889763779527562100 ) ) ;
#10389 = VERTEX_POINT ( 'NONE', #678 ) ;
#10390 = DIRECTION ( 'NONE',  ( 1.000000000000000000, -0.0000000000000000000, 0.0000000000000000000 ) ) ;
#10391 =( NAMED_UNIT ( * ) SI_UNIT ( $, .STERADIAN. ) SOLID_ANGLE_UNIT ( ) );
#10392 = EDGE_CURVE ( 'NONE', #1970, #1150, #4105, .T. ) ;
#10393 = SURFACE_STYLE_USAGE ( .BOTH. , #4271 ) ;
#10394 = CARTESIAN_POINT ( 'NONE',  ( 0.0000000000000000000, 0.009842519685039369900, -0.02047244094488185500 ) ) ;
#10395 = MECHANICAL_DESIGN_GEOMETRIC_PRESENTATION_REPRESENTATION (  '', ( #8651 ), #10960 ) ;
#10396 =( CONVERSION_BASED_UNIT ( 'INCH', #7029 ) LENGTH_UNIT ( ) NAMED_UNIT ( #7681 ) );
#10397 = CARTESIAN_POINT ( 'NONE',  ( -0.05629921259842520600, 0.009842519685039369900, 0.08661417322834648300 ) ) ;
#10398 = DIMENSIONAL_EXPONENTS ( 1.000000000000000000, 0.0000000000000000000, 0.0000000000000000000, 0.0000000000000000000, 0.0000000000000000000, 0.0000000000000000000, 0.0000000000000000000 ) ;
#10399 = SURFACE_STYLE_FILL_AREA ( #5321 ) ;
#10400 = SURFACE_SIDE_STYLE ('',( #2994 ) ) ;
#10401 = DIMENSIONAL_EXPONENTS ( 1.000000000000000000, 0.0000000000000000000, 0.0000000000000000000, 0.0000000000000000000, 0.0000000000000000000, 0.0000000000000000000, 0.0000000000000000000 ) ;
#10402 = CARTESIAN_POINT ( 'NONE',  ( -0.07283464566929134800, 0.009842519685039369900, -0.05629921259842515800 ) ) ;
#10403 = CARTESIAN_POINT ( 'NONE',  ( -0.005118110236220473200, 0.0000000000000000000, -0.06889763779527555100 ) ) ;
#10404 = ADVANCED_FACE ( 'NONE', ( #8484 ), #9456, .F. ) ;
#10405 = PRESENTATION_STYLE_ASSIGNMENT (( #10533 ) ) ;
#10406 = LINE ( 'NONE', #10847, #3689 ) ;
#10407 = VECTOR ( 'NONE', #3556, 39.37007874015748100 ) ;
#10408 = CARTESIAN_POINT ( 'NONE',  ( 0.0000000000000000000, 0.009842519685039369900, -0.04606299212598422000 ) ) ;
#10409 = AXIS2_PLACEMENT_3D ( 'NONE', #9679, #9637, #9212 ) ;
#10410 = VECTOR ( 'NONE', #7641, 39.37007874015748100 ) ;
#10411 = PRESENTATION_STYLE_ASSIGNMENT (( #1906 ) ) ;
#10412 = PRESENTATION_LAYER_ASSIGNMENT (  '', '', ( #9265 ) ) ;
#10413 =( NAMED_UNIT ( * ) SI_UNIT ( $, .STERADIAN. ) SOLID_ANGLE_UNIT ( ) );
#10414 = COLOUR_RGB ( '',0.9686274509803921600, 0.8784313725490196000, 0.5999999999999999800 ) ;
#10415 = DIRECTION ( 'NONE',  ( -1.000000000000000000, 0.0000000000000000000, -0.0000000000000000000 ) ) ;
#10416 = COLOUR_RGB ( '',0.9686274509803921600, 0.8784313725490196000, 0.5999999999999999800 ) ;
#10417 = ORIENTED_EDGE ( 'NONE', *, *, #11111, .T. ) ;
#10418 = STYLED_ITEM ( 'NONE', ( #6066 ), #1191 ) ;
#10419 = CARTESIAN_POINT ( 'NONE',  ( 0.09055118110236223800, 0.009842519685039369900, -0.03070866141732283800 ) ) ;
#10420 =( NAMED_UNIT ( * ) PLANE_ANGLE_UNIT ( ) SI_UNIT ( $, .RADIAN. ) );
#10421 = LINE ( 'NONE', #1062, #10157 ) ;
#10422 = CARTESIAN_POINT ( 'NONE',  ( -0.03070866141732283800, 0.0000000000000000000, 0.06889763779527562100 ) ) ;
#10423 = STYLED_ITEM ( 'NONE', ( #7551 ), #10356 ) ;
#10424 = FACE_OUTER_BOUND ( 'NONE', #8125, .T. ) ;
#10425 = SURFACE_SIDE_STYLE ('',( #8240 ) ) ;
#10426 = MECHANICAL_DESIGN_GEOMETRIC_PRESENTATION_REPRESENTATION (  '', ( #8697 ), #11009 ) ;
#10427 = ORIENTED_EDGE ( 'NONE', *, *, #6356, .T. ) ;
#10428 = FILL_AREA_STYLE_COLOUR ( '', #3951 ) ;
#10429 = PRESENTATION_LAYER_ASSIGNMENT (  '', '', ( #9285 ) ) ;
#10430 =( NAMED_UNIT ( * ) PLANE_ANGLE_UNIT ( ) SI_UNIT ( $, .RADIAN. ) );
#10431 = FACE_OUTER_BOUND ( 'NONE', #8439, .T. ) ;
#10432 = LINE ( 'NONE', #7464, #3447 ) ;
#10433 = VECTOR ( 'NONE', #2946, 39.37007874015748100 ) ;
#10434 = CARTESIAN_POINT ( 'NONE',  ( -0.08858267716535432600, 0.03937007874015749400, 0.08464566929133864000 ) ) ;
#10435 = VERTEX_POINT ( 'NONE', #11219 ) ;
#10436 = DIRECTION ( 'NONE',  ( 0.0000000000000000000, 1.000000000000000000, 0.0000000000000000000 ) ) ;
#10437 = VERTEX_POINT ( 'NONE', #6003 ) ;
#10438 = VECTOR ( 'NONE', #4810, 39.37007874015748100 ) ;
#10439 = DIRECTION ( 'NONE',  ( 1.204669080539449800E-016, -0.0000000000000000000, 1.000000000000000000 ) ) ;
#10440 = CARTESIAN_POINT ( 'NONE',  ( 0.09055118110236222400, 0.009842519685039369900, -0.05629921259842520000 ) ) ;
#10441 = LINE ( 'NONE', #10104, #3731 ) ;
#10442 = ORIENTED_EDGE ( 'NONE', *, *, #8584, .T. ) ;
#10443 = COLOUR_RGB ( '',0.2509803921568627400, 0.2509803921568627400, 0.2509803921568627400 ) ;
#10444 = EDGE_CURVE ( 'NONE', #7252, #11126, #666, .T. ) ;
#10445 = ORIENTED_EDGE ( 'NONE', *, *, #10244, .F. ) ;
#10446 = VERTEX_POINT ( 'NONE', #5100 ) ;
#10447 = CARTESIAN_POINT ( 'NONE',  ( 0.09055118110236223800, 0.009842519685039369900, 0.02047244094488188900 ) ) ;
#10448 = VECTOR ( 'NONE', #6280, 39.37007874015748100 ) ;
#10449 = EDGE_CURVE ( 'NONE', #9151, #4196, #9712, .T. ) ;
#10450 = MECHANICAL_DESIGN_GEOMETRIC_PRESENTATION_REPRESENTATION (  '', ( #8721 ), #11031 ) ;
#10451 = ADVANCED_FACE ( 'NONE', ( #7411 ), #2503, .F. ) ;
#10452 = PRESENTATION_STYLE_ASSIGNMENT (( #1877 ) ) ;
#10453 = ORIENTED_EDGE ( 'NONE', *, *, #3785, .T. ) ;
#10454 = PLANE ( 'NONE',  #2215 ) ;
#10455 = ORIENTED_EDGE ( 'NONE', *, *, #9437, .F. ) ;
#10456 =( LENGTH_UNIT ( ) NAMED_UNIT ( * ) SI_UNIT ( $, .METRE. ) );
#10457 = ORIENTED_EDGE ( 'NONE', *, *, #3350, .T. ) ;
#10458 = SURFACE_STYLE_USAGE ( .BOTH. , #4344 ) ;
#10459 = FILL_AREA_STYLE_COLOUR ( '', #5498 ) ;
#10460 = EDGE_LOOP ( 'NONE', ( #4556, #1548, #5444, #9337 ) ) ;
#10461 = COLOUR_RGB ( '',0.2509803921568627400, 0.2509803921568627400, 0.2509803921568627400 ) ;
#10462 = VECTOR ( 'NONE', #7568, 39.37007874015748100 ) ;
#10463 = SURFACE_STYLE_FILL_AREA ( #9042 ) ;
#10464 = PRESENTATION_STYLE_ASSIGNMENT (( #8677 ) ) ;
#10465 = ORIENTED_EDGE ( 'NONE', *, *, #7834, .T. ) ;
#10467 = FILL_AREA_STYLE ('',( #5292 ) ) ;
#10466 = LENGTH_MEASURE_WITH_UNIT ( LENGTH_MEASURE( 0.02539999999999999900 ), #5791 );
#10468 =( CONVERSION_BASED_UNIT ( 'INCH', #8475 ) LENGTH_UNIT ( ) NAMED_UNIT ( #3271 ) );
#10469 = MECHANICAL_DESIGN_GEOMETRIC_PRESENTATION_REPRESENTATION (  '', ( #9313 ), #11044 ) ;
#10470 = ORIENTED_EDGE ( 'NONE', *, *, #8929, .T. ) ;
#10471 = LINE ( 'NONE', #4946, #3772 ) ;
#10472 = LENGTH_MEASURE_WITH_UNIT ( LENGTH_MEASURE( 0.02539999999999999900 ), #1209 );
#10473 = DIRECTION ( 'NONE',  ( -1.000000000000000000, 0.0000000000000000000, -0.0000000000000000000 ) ) ;
#10474 = ORIENTED_EDGE ( 'NONE', *, *, #10101, .T. ) ;
#10475 = VECTOR ( 'NONE', #8210, 39.37007874015748100 ) ;
#10476 = SURFACE_STYLE_USAGE ( .BOTH. , #4359 ) ;
#10477 = MECHANICAL_DESIGN_GEOMETRIC_PRESENTATION_REPRESENTATION (  '', ( #8742 ), #11053 ) ;
#10478 = ORIENTED_EDGE ( 'NONE', *, *, #4892, .T. ) ;
#10479 = LINE ( 'NONE', #9853, #5845 ) ;
#10480 = MECHANICAL_DESIGN_GEOMETRIC_PRESENTATION_REPRESENTATION (  '', ( #8745 ), #11054 ) ;
#10481 = DIMENSIONAL_EXPONENTS ( 1.000000000000000000, 0.0000000000000000000, 0.0000000000000000000, 0.0000000000000000000, 0.0000000000000000000, 0.0000000000000000000, 0.0000000000000000000 ) ;
#10482 = SURFACE_STYLE_USAGE ( .BOTH. , #4360 ) ;
#10483 = ORIENTED_EDGE ( 'NONE', *, *, #10753, .T. ) ;
#10484 = ORIENTED_EDGE ( 'NONE', *, *, #4808, .F. ) ;
#10485 = AXIS2_PLACEMENT_3D ( 'NONE', #6826, #5053, #1501 ) ;
#10486 =( CONVERSION_BASED_UNIT ( 'INCH', #1024 ) LENGTH_UNIT ( ) NAMED_UNIT ( #6123 ) );
#10487 = CARTESIAN_POINT ( 'NONE',  ( -0.04606299212598425500, 0.0000000000000000000, 0.0000000000000000000 ) ) ;
#10488 = ORIENTED_EDGE ( 'NONE', *, *, #1074, .T. ) ;
#10489 =( GEOMETRIC_REPRESENTATION_CONTEXT ( 3 ) GLOBAL_UNCERTAINTY_ASSIGNED_CONTEXT ( ( #3974 ) ) GLOBAL_UNIT_ASSIGNED_CONTEXT ( ( #6306, #6274, #6067 ) ) REPRESENTATION_CONTEXT ( 'NONE', 'WORKASPACE' ) );
#10490 = ADVANCED_FACE ( 'NONE', ( #1614 ), #3398, .F. ) ;
#10491 = UNCERTAINTY_MEASURE_WITH_UNIT (LENGTH_MEASURE( 1.000000000000000100E-005 ), #5714, 'distance_accuracy_value', 'NONE');
#10492 = SURFACE_STYLE_USAGE ( .BOTH. , #4231 ) ;
#10493 = DIRECTION ( 'NONE',  ( 1.000000000000000000, 0.0000000000000000000, -0.0000000000000000000 ) ) ;
#10494 = MECHANICAL_DESIGN_GEOMETRIC_PRESENTATION_REPRESENTATION (  '', ( #8760 ), #11071 ) ;
#10495 = LENGTH_MEASURE_WITH_UNIT ( LENGTH_MEASURE( 0.02539999999999999900 ), #6004 );
#10496 = FILL_AREA_STYLE ('',( #10901 ) ) ;
#10497 = MECHANICAL_DESIGN_GEOMETRIC_PRESENTATION_REPRESENTATION (  '', ( #8764 ), #11074 ) ;
#10498 = FILL_AREA_STYLE ('',( #3501 ) ) ;
#10499 = UNCERTAINTY_MEASURE_WITH_UNIT (LENGTH_MEASURE( 1.000000000000000100E-005 ), #2718, 'distance_accuracy_value', 'NONE');
#10500 = FILL_AREA_STYLE ('',( #11214 ) ) ;
#10501 = DIMENSIONAL_EXPONENTS ( 1.000000000000000000, 0.0000000000000000000, 0.0000000000000000000, 0.0000000000000000000, 0.0000000000000000000, 0.0000000000000000000, 0.0000000000000000000 ) ;
#10502 = ORIENTED_EDGE ( 'NONE', *, *, #2534, .F. ) ;
#10503 = EDGE_CURVE ( 'NONE', #1946, #2108, #7542, .T. ) ;
#10504 = FILL_AREA_STYLE_COLOUR ( '', #7274 ) ;
#10505 = DIRECTION ( 'NONE',  ( 1.000000000000000000, -0.0000000000000000000, 0.0000000000000000000 ) ) ;
#10506 = FILL_AREA_STYLE ('',( #9650 ) ) ;
#10507 = AXIS2_PLACEMENT_3D ( 'NONE', #9478, #4234, #10354 ) ;
#10508 = DIMENSIONAL_EXPONENTS ( 1.000000000000000000, 0.0000000000000000000, 0.0000000000000000000, 0.0000000000000000000, 0.0000000000000000000, 0.0000000000000000000, 0.0000000000000000000 ) ;
#10509 = COLOUR_RGB ( '',0.2509803921568627400, 0.2509803921568627400, 0.2509803921568627400 ) ;
#10510 = CARTESIAN_POINT ( 'NONE',  ( -0.02047244094488188900, 0.0000000000000000000, 0.0000000000000000000 ) ) ;
#10511 = ADVANCED_FACE ( 'NONE', ( #525 ), #5247, .F. ) ;
#10512 = LENGTH_MEASURE_WITH_UNIT ( LENGTH_MEASURE( 0.02539999999999999900 ), #8289 );
#10513 = ORIENTED_EDGE ( 'NONE', *, *, #4157, .F. ) ;
#10514 = EDGE_CURVE ( 'NONE', #5342, #4449, #6417, .T. ) ;
#10515 = VECTOR ( 'NONE', #7168, 39.37007874015748100 ) ;
#10516 = VECTOR ( 'NONE', #7343, 39.37007874015748100 ) ;
#10517 = EDGE_CURVE ( 'NONE', #1610, #5655, #4090, .T. ) ;
#10518 = CARTESIAN_POINT ( 'NONE',  ( 0.09055118110236223800, 0.009842519685039369900, -0.005118110236220472400 ) ) ;
#10519 = MECHANICAL_DESIGN_GEOMETRIC_PRESENTATION_REPRESENTATION (  '', ( #8786 ), #11097 ) ;
#10520 = VECTOR ( 'NONE', #3525, 39.37007874015748100 ) ;
#10521 =( NAMED_UNIT ( * ) SI_UNIT ( $, .STERADIAN. ) SOLID_ANGLE_UNIT ( ) );
#10522 = SURFACE_STYLE_USAGE ( .BOTH. , #4399 ) ;
#10523 = EDGE_CURVE ( 'NONE', #2016, #7789, #1742, .T. ) ;
#10524 = CARTESIAN_POINT ( 'NONE',  ( -0.09055118110236221000, 0.0000000000000000000, -0.005118110236220437700 ) ) ;
#10525 = PLANE ( 'NONE',  #10409 ) ;
#10526 = DIRECTION ( 'NONE',  ( -0.0000000000000000000, -0.0000000000000000000, -1.000000000000000000 ) ) ;
#10527 = VECTOR ( 'NONE', #7524, 39.37007874015748100 ) ;
#10528 = DIRECTION ( 'NONE',  ( 0.0000000000000000000, 0.0000000000000000000, -1.000000000000000000 ) ) ;
#10529 = EDGE_CURVE ( 'NONE', #4484, #3260, #8476, .T. ) ;
#10530 = FILL_AREA_STYLE_COLOUR ( '', #8396 ) ;
#10531 = STYLED_ITEM ( 'NONE', ( #4887 ), #8793 ) ;
#10532 = LENGTH_MEASURE_WITH_UNIT ( LENGTH_MEASURE( 0.02539999999999999900 ), #8073 );
#10533 = SURFACE_STYLE_USAGE ( .BOTH. , #3428 ) ;
#10534 = VECTOR ( 'NONE', #8086, 39.37007874015748100 ) ;
#10535 = CARTESIAN_POINT ( 'NONE',  ( 0.09055118110236222400, 0.0000000000000000000, 0.0000000000000000000 ) ) ;
#10536 = COLOUR_RGB ( '',0.9686274509803921600, 0.8784313725490196000, 0.5999999999999999800 ) ;
#10537 = PRESENTATION_STYLE_ASSIGNMENT (( #10186 ) ) ;
#10538 = CARTESIAN_POINT ( 'NONE',  ( 0.09032536768315434200, 0.004516268384157729400, 0.0000000000000000000 ) ) ;
#10539 = LINE ( 'NONE', #418, #7970 ) ;
#10540 = ADVANCED_FACE ( 'NONE', ( #8752 ), #6185, .F. ) ;
#10541 = ORIENTED_EDGE ( 'NONE', *, *, #1872, .T. ) ;
#10542 =( NAMED_UNIT ( * ) SI_UNIT ( $, .STERADIAN. ) SOLID_ANGLE_UNIT ( ) );
#10543 = PRESENTATION_STYLE_ASSIGNMENT (( #8044 ) ) ;
#10544 =( GEOMETRIC_REPRESENTATION_CONTEXT ( 3 ) GLOBAL_UNCERTAINTY_ASSIGNED_CONTEXT ( ( #3719 ) ) GLOBAL_UNIT_ASSIGNED_CONTEXT ( ( #141, #5338, #11058 ) ) REPRESENTATION_CONTEXT ( 'NONE', 'WORKASPACE' ) );
#10545 = DIRECTION ( 'NONE',  ( -1.000000000000000000, 0.0000000000000000000, -0.0000000000000000000 ) ) ;
#10546 = DIRECTION ( 'NONE',  ( 0.0000000000000000000, 0.0000000000000000000, 1.000000000000000000 ) ) ;
#10547 = AXIS2_PLACEMENT_3D ( 'NONE', #6855, #1592, #7739 ) ;
#10548 = SURFACE_STYLE_FILL_AREA ( #8323 ) ;
#10549 = UNCERTAINTY_MEASURE_WITH_UNIT (LENGTH_MEASURE( 1.000000000000000100E-005 ), #62, 'distance_accuracy_value', 'NONE');
#10550 =( GEOMETRIC_REPRESENTATION_CONTEXT ( 3 ) GLOBAL_UNCERTAINTY_ASSIGNED_CONTEXT ( ( #1584 ) ) GLOBAL_UNIT_ASSIGNED_CONTEXT ( ( #11006, #10962, #10925 ) ) REPRESENTATION_CONTEXT ( 'NONE', 'WORKASPACE' ) );
#10551 = ORIENTED_EDGE ( 'NONE', *, *, #1304, .T. ) ;
#10552 =( NAMED_UNIT ( * ) PLANE_ANGLE_UNIT ( ) SI_UNIT ( $, .RADIAN. ) );
#10553 = DIRECTION ( 'NONE',  ( -0.0000000000000000000, -0.0000000000000000000, -1.000000000000000000 ) ) ;
#10554 = VECTOR ( 'NONE', #2968, 39.37007874015748100 ) ;
#10555 = MECHANICAL_DESIGN_GEOMETRIC_PRESENTATION_REPRESENTATION (  '', ( #8675 ), #11148 ) ;
#10556 = UNCERTAINTY_MEASURE_WITH_UNIT (LENGTH_MEASURE( 1.000000000000000100E-005 ), #2696, 'distance_accuracy_value', 'NONE');
#10557 = SURFACE_STYLE_FILL_AREA ( #9194 ) ;
#10558 = ADVANCED_FACE ( 'NONE', ( #5052 ), #7129, .F. ) ;
#10559 =( NAMED_UNIT ( * ) SI_UNIT ( $, .STERADIAN. ) SOLID_ANGLE_UNIT ( ) );
#10560 = DIRECTION ( 'NONE',  ( -1.000000000000000000, -0.0000000000000000000, 4.818676322157796400E-016 ) ) ;
#10561 = DIRECTION ( 'NONE',  ( -1.000000000000000000, 0.0000000000000000000, 2.409338161078899700E-016 ) ) ;
#10562 = ORIENTED_EDGE ( 'NONE', *, *, #908, .T. ) ;
#10563 = DIRECTION ( 'NONE',  ( -1.000000000000000000, -0.0000000000000000000, 0.0000000000000000000 ) ) ;
#10564 = ORIENTED_EDGE ( 'NONE', *, *, #6426, .F. ) ;
#10565 =( NAMED_UNIT ( * ) PLANE_ANGLE_UNIT ( ) SI_UNIT ( $, .RADIAN. ) );
#10566 = LINE ( 'NONE', #1436, #1528 ) ;
#10567 =( GEOMETRIC_REPRESENTATION_CONTEXT ( 3 ) GLOBAL_UNCERTAINTY_ASSIGNED_CONTEXT ( ( #8558 ) ) GLOBAL_UNIT_ASSIGNED_CONTEXT ( ( #8888, #3617, #9753 ) ) REPRESENTATION_CONTEXT ( 'NONE', 'WORKASPACE' ) );
#10568 = COLOUR_RGB ( '',0.9686274509803921600, 0.8784313725490196000, 0.5999999999999999800 ) ;
#10569 = AXIS2_PLACEMENT_3D ( 'NONE', #4791, #3188, #9174 ) ;
#10570 = SURFACE_STYLE_FILL_AREA ( #11086 ) ;
#10571 =( CONVERSION_BASED_UNIT ( 'INCH', #3043 ) LENGTH_UNIT ( ) NAMED_UNIT ( #9143 ) );
#10572 = DIRECTION ( 'NONE',  ( 0.0000000000000000000, -0.0000000000000000000, 1.000000000000000000 ) ) ;
#10573 = DIRECTION ( 'NONE',  ( 4.818676322157796400E-016, -0.0000000000000000000, 1.000000000000000000 ) ) ;
#10574 = ORIENTED_EDGE ( 'NONE', *, *, #8586, .F. ) ;
#10575 = STYLED_ITEM ( 'NONE', ( #1220 ), #7492 ) ;
#10576 =( NAMED_UNIT ( * ) SI_UNIT ( $, .STERADIAN. ) SOLID_ANGLE_UNIT ( ) );
#10577 = EDGE_CURVE ( 'NONE', #2631, #8554, #8616, .T. ) ;
#10578 = ORIENTED_EDGE ( 'NONE', *, *, #10380, .F. ) ;
#10579 = PRESENTATION_STYLE_ASSIGNMENT (( #7693 ) ) ;
#10580 = FACE_OUTER_BOUND ( 'NONE', #1830, .T. ) ;
#10581 =( NAMED_UNIT ( * ) SI_UNIT ( $, .STERADIAN. ) SOLID_ANGLE_UNIT ( ) );
#10582 = ORIENTED_EDGE ( 'NONE', *, *, #842, .T. ) ;
#10583 = FILL_AREA_STYLE_COLOUR ( '', #1837 ) ;
#10584 = ORIENTED_EDGE ( 'NONE', *, *, #11320, .F. ) ;
#10585 = ORIENTED_EDGE ( 'NONE', *, *, #2520, .F. ) ;
#10586 = DIMENSIONAL_EXPONENTS ( 1.000000000000000000, 0.0000000000000000000, 0.0000000000000000000, 0.0000000000000000000, 0.0000000000000000000, 0.0000000000000000000, 0.0000000000000000000 ) ;
#10587 = SURFACE_STYLE_USAGE ( .BOTH. , #4481 ) ;
#10589 = LINE ( 'NONE', #3513, #1557 ) ;
#10588 = PLANE ( 'NONE',  #9700 ) ;
#10590 = SURFACE_STYLE_FILL_AREA ( #11093 ) ;
#10591 = FILL_AREA_STYLE ('',( #9729 ) ) ;
#10592 = FACE_OUTER_BOUND ( 'NONE', #1422, .T. ) ;
#10593 = VERTEX_POINT ( 'NONE', #7169 ) ;
#10594 = EDGE_CURVE ( 'NONE', #5823, #6822, #10636, .T. ) ;
#10595 = EDGE_CURVE ( 'NONE', #9659, #5561, #3947, .T. ) ;
#10596 = EDGE_LOOP ( 'NONE', ( #1343, #7111, #464, #4739 ) ) ;
#10597 = VERTEX_POINT ( 'NONE', #8919 ) ;
#10598 = STYLED_ITEM ( 'NONE', ( #3573 ), #8311 ) ;
#10599 = LINE ( 'NONE', #3294, #5964 ) ;
#10600 = COLOUR_RGB ( '',0.9686274509803921600, 0.8784313725490196000, 0.5999999999999999800 ) ;
#10601 = ORIENTED_EDGE ( 'NONE', *, *, #9737, .T. ) ;
#10602 = VECTOR ( 'NONE', #4583, 39.37007874015748100 ) ;
#10603 = ADVANCED_FACE ( 'NONE', ( #6279, #3659 ), #5448, .T. ) ;
#10604 =( NAMED_UNIT ( * ) SI_UNIT ( $, .STERADIAN. ) SOLID_ANGLE_UNIT ( ) );
#10605 = DIRECTION ( 'NONE',  ( 0.0000000000000000000, 0.0000000000000000000, 1.000000000000000000 ) ) ;
#10606 = PRESENTATION_STYLE_ASSIGNMENT (( #3660 ) ) ;
#10607 = CARTESIAN_POINT ( 'NONE',  ( -0.03070866141732283800, 0.009842519685039369900, -0.06889763779527555100 ) ) ;
#10608 = SURFACE_STYLE_FILL_AREA ( #9670 ) ;
#10609 = VERTEX_POINT ( 'NONE', #4547 ) ;
#10610 = DIRECTION ( 'NONE',  ( -0.0000000000000000000, -1.000000000000000000, -0.0000000000000000000 ) ) ;
#10611 = CARTESIAN_POINT ( 'NONE',  ( -0.04606299212598425500, -0.02046108103966344500, -0.08661417322834641400 ) ) ;
#10612 = CARTESIAN_POINT ( 'NONE',  ( 0.0000000000000000000, 0.009842519685039369900, 0.0000000000000000000 ) ) ;
#10613 =( LENGTH_UNIT ( ) NAMED_UNIT ( * ) SI_UNIT ( $, .METRE. ) );
#10614 =( CONVERSION_BASED_UNIT ( 'INCH', #6805 ) LENGTH_UNIT ( ) NAMED_UNIT ( #5217 ) );
#10615 = DIRECTION ( 'NONE',  ( 0.0000000000000000000, 1.000000000000000000, 0.0000000000000000000 ) ) ;
#10616 = ORIENTED_EDGE ( 'NONE', *, *, #6831, .T. ) ;
#10617 = DIMENSIONAL_EXPONENTS ( 1.000000000000000000, 0.0000000000000000000, 0.0000000000000000000, 0.0000000000000000000, 0.0000000000000000000, 0.0000000000000000000, 0.0000000000000000000 ) ;
#10618 = SURFACE_STYLE_FILL_AREA ( #5725 ) ;
#10619 = CARTESIAN_POINT ( 'NONE',  ( -0.09055118110236218300, 0.0000000000000000000, 0.05629921259842523400 ) ) ;
#10620 = CARTESIAN_POINT ( 'NONE',  ( -0.07874015748031494600, -0.01113553986120548400, -0.06692913385826766700 ) ) ;
#10621 = ORIENTED_EDGE ( 'NONE', *, *, #1284, .F. ) ;
#10622 = DIMENSIONAL_EXPONENTS ( 1.000000000000000000, 0.0000000000000000000, 0.0000000000000000000, 0.0000000000000000000, 0.0000000000000000000, 0.0000000000000000000, 0.0000000000000000000 ) ;
#10623 =( NAMED_UNIT ( * ) SI_UNIT ( $, .STERADIAN. ) SOLID_ANGLE_UNIT ( ) );
#10624 = EDGE_LOOP ( 'NONE', ( #512, #7612, #9687, #6802 ) ) ;
#10625 = ADVANCED_FACE ( 'NONE', ( #4913 ), #9795, .F. ) ;
#10626 = PLANE ( 'NONE',  #6641 ) ;
#10627 = PRESENTATION_LAYER_ASSIGNMENT (  '', '', ( #9472 ) ) ;
#10628 = LINE ( 'NONE', #1235, #3650 ) ;
#10629 = CARTESIAN_POINT ( 'NONE',  ( 0.02047244094488188600, 0.009842519685039369900, 0.08661417322834648300 ) ) ;
#10630 =( NAMED_UNIT ( * ) PLANE_ANGLE_UNIT ( ) SI_UNIT ( $, .RADIAN. ) );
#10631 = UNCERTAINTY_MEASURE_WITH_UNIT (LENGTH_MEASURE( 1.000000000000000100E-005 ), #2026, 'distance_accuracy_value', 'NONE');
#10632 = PRODUCT_DEFINITION_CONTEXT ( 'detailed design', #159, 'design' ) ;
#10633 = UNCERTAINTY_MEASURE_WITH_UNIT (LENGTH_MEASURE( 1.000000000000000100E-005 ), #8993, 'distance_accuracy_value', 'NONE');
#10634 = DIRECTION ( 'NONE',  ( 0.0000000000000000000, 1.000000000000000000, 0.0000000000000000000 ) ) ;
#10635 = DIRECTION ( 'NONE',  ( 1.000000000000000000, 0.0000000000000000000, 0.0000000000000000000 ) ) ;
#10636 = LINE ( 'NONE', #2774, #8336 ) ;
#10637 =( GEOMETRIC_REPRESENTATION_CONTEXT ( 3 ) GLOBAL_UNCERTAINTY_ASSIGNED_CONTEXT ( ( #6153 ) ) GLOBAL_UNIT_ASSIGNED_CONTEXT ( ( #8320, #3064, #9195 ) ) REPRESENTATION_CONTEXT ( 'NONE', 'WORKASPACE' ) );
#10638 = UNCERTAINTY_MEASURE_WITH_UNIT (LENGTH_MEASURE( 1.000000000000000100E-005 ), #2464, 'distance_accuracy_value', 'NONE');
#10639 = PRESENTATION_LAYER_ASSIGNMENT (  '', '', ( #9490 ) ) ;
#10640 =( NAMED_UNIT ( * ) PLANE_ANGLE_UNIT ( ) SI_UNIT ( $, .RADIAN. ) );
#10641 =( LENGTH_UNIT ( ) NAMED_UNIT ( * ) SI_UNIT ( $, .METRE. ) );
#10642 = CARTESIAN_POINT ( 'NONE',  ( 0.0003937007874015829800, 0.1023622047233316700, -0.01528740157480314700 ) ) ;
#10643 = EDGE_LOOP ( 'NONE', ( #6694, #6500, #5275, #5713 ) ) ;
#10644 = PRESENTATION_LAYER_ASSIGNMENT (  '', '', ( #9493 ) ) ;
#10645 = DIRECTION ( 'NONE',  ( -1.000000000000000000, 0.0000000000000000000, -4.818676322157799300E-016 ) ) ;
#10646 = FILL_AREA_STYLE ('',( #3648 ) ) ;
#10647 = CARTESIAN_POINT ( 'NONE',  ( 0.04606299212598424800, 0.009842519685039369900, 0.08661417322834648300 ) ) ;
#10648 = DIRECTION ( 'NONE',  ( 0.0000000000000000000, -1.000000000000000000, 0.0000000000000000000 ) ) ;
#10649 = CARTESIAN_POINT ( 'NONE',  ( 0.03070866141732283800, 0.0000000000000000000, 0.06889763779527562100 ) ) ;
#10650 = EDGE_LOOP ( 'NONE', ( #606, #9415, #3215, #8795 ) ) ;
#10651 = DIRECTION ( 'NONE',  ( 1.000000000000000000, -0.0000000000000000000, 0.0000000000000000000 ) ) ;
#10652 = CARTESIAN_POINT ( 'NONE',  ( -0.07283464566929133400, 0.0000000000000000000, 0.0000000000000000000 ) ) ;
#10653 = DIRECTION ( 'NONE',  ( 0.0000000000000000000, -1.000000000000000000, -0.0000000000000000000 ) ) ;
#10654 =( GEOMETRIC_REPRESENTATION_CONTEXT ( 3 ) GLOBAL_UNCERTAINTY_ASSIGNED_CONTEXT ( ( #10265 ) ) GLOBAL_UNIT_ASSIGNED_CONTEXT ( ( #3588, #9734, #4489 ) ) REPRESENTATION_CONTEXT ( 'NONE', 'WORKASPACE' ) );
#10655 = SURFACE_STYLE_FILL_AREA ( #4564 ) ;
#10656 =( NAMED_UNIT ( * ) PLANE_ANGLE_UNIT ( ) SI_UNIT ( $, .RADIAN. ) );
#10657 =( NAMED_UNIT ( * ) PLANE_ANGLE_UNIT ( ) SI_UNIT ( $, .RADIAN. ) );
#10658 = PRESENTATION_STYLE_ASSIGNMENT (( #1479 ) ) ;
#10659 = ADVANCED_FACE ( 'NONE', ( #1735 ), #1095, .F. ) ;
#10660 =( LENGTH_UNIT ( ) NAMED_UNIT ( * ) SI_UNIT ( $, .METRE. ) );
#10661 = EDGE_CURVE ( 'NONE', #5981, #2397, #9692, .T. ) ;
#10662 = CARTESIAN_POINT ( 'NONE',  ( 0.07283464566929137600, -0.02046108103966344500, -0.04606299212598424800 ) ) ;
#10663 = EDGE_CURVE ( 'NONE', #3051, #1617, #651, .T. ) ;
#10664 = DIRECTION ( 'NONE',  ( 1.000000000000000000, -0.0000000000000000000, 0.0000000000000000000 ) ) ;
#10665 = UNCERTAINTY_MEASURE_WITH_UNIT (LENGTH_MEASURE( 1.000000000000000100E-005 ), #182, 'distance_accuracy_value', 'NONE');
#10666 = SURFACE_SIDE_STYLE ('',( #10655 ) ) ;
#10667 = STYLED_ITEM ( 'NONE', ( #4029 ), #7952 ) ;
#10668 = VECTOR ( 'NONE', #2442, 39.37007874015748100 ) ;
#10669 =( CONVERSION_BASED_UNIT ( 'INCH', #6484 ) LENGTH_UNIT ( ) NAMED_UNIT ( #5368 ) );
#10670 = LINE ( 'NONE', #9264, #5215 ) ;
#10671 = MECHANICAL_DESIGN_GEOMETRIC_PRESENTATION_REPRESENTATION (  '', ( #8942 ), #9834 ) ;
#10672 = FILL_AREA_STYLE_COLOUR ( '', #7147 ) ;
#10673 = VECTOR ( 'NONE', #6829, 39.37007874015748100 ) ;
#10674 =( NAMED_UNIT ( * ) PLANE_ANGLE_UNIT ( ) SI_UNIT ( $, .RADIAN. ) );
#10675 = CARTESIAN_POINT ( 'NONE',  ( -0.04606299212598425500, 0.0000000000000000000, 0.0000000000000000000 ) ) ;
#10676 = EDGE_CURVE ( 'NONE', #8393, #8471, #5328, .T. ) ;
#10677 = FILL_AREA_STYLE_COLOUR ( '', #7172 ) ;
#10678 = MECHANICAL_DESIGN_GEOMETRIC_PRESENTATION_REPRESENTATION (  '', ( #8955 ), #11263 ) ;
#10679 = FACE_OUTER_BOUND ( 'NONE', #237, .T. ) ;
#10680 = CARTESIAN_POINT ( 'NONE',  ( 0.04606299212598425500, 0.009842519685039369900, -0.06889763779527555100 ) ) ;
#10681 = DIRECTION ( 'NONE',  ( 0.0000000000000000000, -0.0000000000000000000, -1.000000000000000000 ) ) ;
#10682 = EDGE_LOOP ( 'NONE', ( #9951, #9646, #1965, #5850 ) ) ;
#10683 = DIRECTION ( 'NONE',  ( 0.0000000000000000000, 1.000000000000000000, 0.0000000000000000000 ) ) ;
#10684 = VECTOR ( 'NONE', #2911, 39.37007874015748100 ) ;
#10685 = PRESENTATION_LAYER_ASSIGNMENT (  '', '', ( #9558 ) ) ;
#10686 = VECTOR ( 'NONE', #4297, 39.37007874015748100 ) ;
#10687 = PRESENTATION_STYLE_ASSIGNMENT (( #9306 ) ) ;
#10688 = LENGTH_MEASURE_WITH_UNIT ( LENGTH_MEASURE( 0.02539999999999999900 ), #9971 );
#10689 = DIRECTION ( 'NONE',  ( 0.0000000000000000000, -0.0000000000000000000, 1.000000000000000000 ) ) ;
#10690 = ORIENTED_EDGE ( 'NONE', *, *, #5720, .F. ) ;
#10691 = AXIS2_PLACEMENT_3D ( 'NONE', #7124, #7090, #7042 ) ;
#10692 = VECTOR ( 'NONE', #7089, 39.37007874015748100 ) ;
#10693 = PRESENTATION_STYLE_ASSIGNMENT (( #4615 ) ) ;
#10694 = PLANE ( 'NONE',  #1844 ) ;
#10695 = UNCERTAINTY_MEASURE_WITH_UNIT (LENGTH_MEASURE( 1.000000000000000100E-005 ), #9374, 'distance_accuracy_value', 'NONE');
#10696 =( GEOMETRIC_REPRESENTATION_CONTEXT ( 3 ) GLOBAL_UNCERTAINTY_ASSIGNED_CONTEXT ( ( #3770 ) ) GLOBAL_UNIT_ASSIGNED_CONTEXT ( ( #7283, #2008, #8139 ) ) REPRESENTATION_CONTEXT ( 'NONE', 'WORKASPACE' ) );
#10697 = VECTOR ( 'NONE', #1183, 39.37007874015748100 ) ;
#10698 = MECHANICAL_DESIGN_GEOMETRIC_PRESENTATION_REPRESENTATION (  '', ( #8977 ), #11287 ) ;
#10699 = PRESENTATION_LAYER_ASSIGNMENT (  '', '', ( #9570 ) ) ;
#10700 = ORIENTED_EDGE ( 'NONE', *, *, #325, .F. ) ;
#10701 = CARTESIAN_POINT ( 'NONE',  ( -0.07283464566929134800, -0.02046108103966344500, -0.04606299212598422000 ) ) ;
#10702 = ORIENTED_EDGE ( 'NONE', *, *, #2306, .F. ) ;
#10703 = PRESENTATION_LAYER_ASSIGNMENT (  '', '', ( #9572 ) ) ;
#10704 = LINE ( 'NONE', #5658, #1674 ) ;
#10705 = LENGTH_MEASURE_WITH_UNIT ( LENGTH_MEASURE( 0.02539999999999999900 ), #10456 );
#10706 = ORIENTED_EDGE ( 'NONE', *, *, #4093, .F. ) ;
#10707 = ADVANCED_FACE ( 'NONE', ( #9429 ), #3806, .F. ) ;
#10708 =( CONVERSION_BASED_UNIT ( 'INCH', #6186 ) LENGTH_UNIT ( ) NAMED_UNIT ( #3582 ) );
#10709 = PLANE ( 'NONE',  #9366 ) ;
#10710 = CARTESIAN_POINT ( 'NONE',  ( -0.07874015748031494600, 0.009842519685039369900, -0.06692913385826766700 ) ) ;
#10711 = SURFACE_STYLE_FILL_AREA ( #9725 ) ;
#10712 = PRESENTATION_LAYER_ASSIGNMENT (  '', '', ( #9577 ) ) ;
#10713 = CARTESIAN_POINT ( 'NONE',  ( 0.03070866141732283800, 0.0000000000000000000, -0.06889763779527555100 ) ) ;
#10714 = CARTESIAN_POINT ( 'NONE',  ( 0.08543307086614174200, 0.1023622047244094800, 0.0000000000000000000 ) ) ;
#10715 = VERTEX_POINT ( 'NONE', #324 ) ;
#10716 =( LENGTH_UNIT ( ) NAMED_UNIT ( * ) SI_UNIT ( $, .METRE. ) );
#10717 = ORIENTED_EDGE ( 'NONE', *, *, #697, .T. ) ;
#10718 = PLANE ( 'NONE',  #1106 ) ;
#10719 = AXIS2_PLACEMENT_3D ( 'NONE', #4000, #10127, #4897 ) ;
#10720 = STYLED_ITEM ( 'NONE', ( #7287 ), #3626 ) ;
#10721 = SURFACE_STYLE_FILL_AREA ( #5795 ) ;
#10722 = DIMENSIONAL_EXPONENTS ( 1.000000000000000000, 0.0000000000000000000, 0.0000000000000000000, 0.0000000000000000000, 0.0000000000000000000, 0.0000000000000000000, 0.0000000000000000000 ) ;
#10723 =( CONVERSION_BASED_UNIT ( 'INCH', #3571 ) LENGTH_UNIT ( ) NAMED_UNIT ( #3291 ) );
#10724 = PRESENTATION_STYLE_ASSIGNMENT (( #1981 ) ) ;
#10725 = DIRECTION ( 'NONE',  ( 0.0000000000000000000, -1.000000000000000000, 0.0000000000000000000 ) ) ;
#10726 = ORIENTED_EDGE ( 'NONE', *, *, #3482, .T. ) ;
#10727 = CARTESIAN_POINT ( 'NONE',  ( 0.04606299212598425500, 0.0000000000000000000, -0.08661417322834641400 ) ) ;
#10728 = COLOUR_RGB ( '',0.9686274509803921600, 0.8784313725490196000, 0.5999999999999999800 ) ;
#10729 = EDGE_CURVE ( 'NONE', #6333, #6696, #1599, .T. ) ;
#10730 = VERTEX_POINT ( 'NONE', #7405 ) ;
#10731 = DIMENSIONAL_EXPONENTS ( 1.000000000000000000, 0.0000000000000000000, 0.0000000000000000000, 0.0000000000000000000, 0.0000000000000000000, 0.0000000000000000000, 0.0000000000000000000 ) ;
#10732 = EDGE_LOOP ( 'NONE', ( #2141, #1277, #3461, #5480 ) ) ;
#10733 = ORIENTED_EDGE ( 'NONE', *, *, #921, .F. ) ;
#10734 =( CONVERSION_BASED_UNIT ( 'INCH', #4176 ) LENGTH_UNIT ( ) NAMED_UNIT ( #3317 ) );
#10735 = EDGE_CURVE ( 'NONE', #1078, #9659, #10628, .T. ) ;
#10736 = SURFACE_STYLE_FILL_AREA ( #1633 ) ;
#10737 = LINE ( 'NONE', #6668, #1426 ) ;
#10738 = SURFACE_STYLE_FILL_AREA ( #4142 ) ;
#10739 = LENGTH_MEASURE_WITH_UNIT ( LENGTH_MEASURE( 0.02539999999999999900 ), #5662 );
#10740 = DIRECTION ( 'NONE',  ( 0.0000000000000000000, -1.000000000000000000, 0.0000000000000000000 ) ) ;
#10741 = FACE_OUTER_BOUND ( 'NONE', #2371, .T. ) ;
#10742 = ORIENTED_EDGE ( 'NONE', *, *, #393, .F. ) ;
#10743 = FILL_AREA_STYLE_COLOUR ( '', #5127 ) ;
#10744 = CARTESIAN_POINT ( 'NONE',  ( 0.07283464566929137600, 0.009842519685039369900, 0.005118110236220474100 ) ) ;
#10745 = FILL_AREA_STYLE ('',( #1105 ) ) ;
#10746 = VERTEX_POINT ( 'NONE', #9149 ) ;
#10747 = EDGE_CURVE ( 'NONE', #628, #1432, #5988, .T. ) ;
#10748 = ORIENTED_EDGE ( 'NONE', *, *, #7339, .F. ) ;
#10749 = LINE ( 'NONE', #4309, #1446 ) ;
#10750 = SURFACE_SIDE_STYLE ('',( #997 ) ) ;
#10751 = FACE_OUTER_BOUND ( 'NONE', #6534, .T. ) ;
#10752 = ORIENTED_EDGE ( 'NONE', *, *, #1491, .F. ) ;
#10753 = EDGE_CURVE ( 'NONE', #1944, #9555, #1322, .T. ) ;
#10754 = VERTEX_POINT ( 'NONE', #6548 ) ;
#10755 =( LENGTH_UNIT ( ) NAMED_UNIT ( * ) SI_UNIT ( $, .METRE. ) );
#10756 = CARTESIAN_POINT ( 'NONE',  ( 0.09251968503937012300, 0.03937007874015748000, 0.08858267716535439500 ) ) ;
#10757 = DIRECTION ( 'NONE',  ( -1.000000000000000000, 0.0000000000000000000, -0.0000000000000000000 ) ) ;
#10758 = DIRECTION ( 'NONE',  ( -1.000000000000000000, -0.0000000000000000000, 0.0000000000000000000 ) ) ;
#10759 = ORIENTED_EDGE ( 'NONE', *, *, #4078, .F. ) ;
#10760 = CARTESIAN_POINT ( 'NONE',  ( -0.005118110236220475000, 0.009842519685039369900, 0.08661417322834648300 ) ) ;
#10761 = FILL_AREA_STYLE_COLOUR ( '', #709 ) ;
#10762 = ORIENTED_EDGE ( 'NONE', *, *, #9743, .F. ) ;
#10763 = CARTESIAN_POINT ( 'NONE',  ( 0.0000000000000000000, 0.009842519685039369900, 0.0000000000000000000 ) ) ;
#10764 = CARTESIAN_POINT ( 'NONE',  ( 0.09055118110236223800, 0.0000000000000000000, 0.0000000000000000000 ) ) ;
#10765 = CARTESIAN_POINT ( 'NONE',  ( -0.09055118110236222400, 0.0000000000000000000, -0.04606299212598422000 ) ) ;
#10766 =( NAMED_UNIT ( * ) SI_UNIT ( $, .STERADIAN. ) SOLID_ANGLE_UNIT ( ) );
#10767 = MECHANICAL_DESIGN_GEOMETRIC_PRESENTATION_REPRESENTATION (  '', ( #9619 ), #1 ) ;
#10768 = PRESENTATION_STYLE_ASSIGNMENT (( #9039 ) ) ;
#10769 =( LENGTH_UNIT ( ) NAMED_UNIT ( * ) SI_UNIT ( $, .METRE. ) );
#10770 =( LENGTH_UNIT ( ) NAMED_UNIT ( * ) SI_UNIT ( $, .METRE. ) );
#10771 =( CONVERSION_BASED_UNIT ( 'INCH', #878 ) LENGTH_UNIT ( ) NAMED_UNIT ( #3727 ) );
#10772 = ADVANCED_FACE ( 'NONE', ( #5727 ), #7435, .F. ) ;
#10773 = UNCERTAINTY_MEASURE_WITH_UNIT (LENGTH_MEASURE( 1.000000000000000100E-005 ), #10723, 'distance_accuracy_value', 'NONE');
#10774 = DIRECTION ( 'NONE',  ( -1.000000000000000000, -0.0000000000000000000, 0.0000000000000000000 ) ) ;
#10775 = ORIENTED_EDGE ( 'NONE', *, *, #8343, .T. ) ;
#10776 = MECHANICAL_DESIGN_GEOMETRIC_PRESENTATION_REPRESENTATION (  '', ( #9045 ), #4 ) ;
#10777 =( GEOMETRIC_REPRESENTATION_CONTEXT ( 3 ) GLOBAL_UNCERTAINTY_ASSIGNED_CONTEXT ( ( #11330 ) ) GLOBAL_UNIT_ASSIGNED_CONTEXT ( ( #8531, #3282, #9420 ) ) REPRESENTATION_CONTEXT ( 'NONE', 'WORKASPACE' ) );
#10778 =( LENGTH_UNIT ( ) NAMED_UNIT ( * ) SI_UNIT ( $, .METRE. ) );
#10779 = VECTOR ( 'NONE', #2651, 39.37007874015748100 ) ;
#10780 = CARTESIAN_POINT ( 'NONE',  ( 0.09055118110236223800, 0.0000000000000000000, 0.02047244094488188900 ) ) ;
#10781 = ORIENTED_EDGE ( 'NONE', *, *, #6047, .F. ) ;
#10782 = PRESENTATION_LAYER_ASSIGNMENT (  '', '', ( #9636 ) ) ;
#10783 = DIRECTION ( 'NONE',  ( 0.0000000000000000000, 0.0000000000000000000, 1.000000000000000000 ) ) ;
#10784 = LINE ( 'NONE', #9647, #3809 ) ;
#10785 = MECHANICAL_DESIGN_GEOMETRIC_PRESENTATION_REPRESENTATION (  '', ( #9053 ), #22 ) ;
#10786 = STYLED_ITEM ( 'NONE', ( #5648 ), #3266 ) ;
#10787 = SURFACE_STYLE_FILL_AREA ( #11188 ) ;
#10788 =( LENGTH_UNIT ( ) NAMED_UNIT ( * ) SI_UNIT ( $, .METRE. ) );
#10789 = DIRECTION ( 'NONE',  ( 0.0000000000000000000, 0.0000000000000000000, -1.000000000000000000 ) ) ;
#10790 = AXIS2_PLACEMENT_3D ( 'NONE', #5579, #312, #6451 ) ;
#10791 = DIRECTION ( 'NONE',  ( 1.000000000000000000, -0.0000000000000000000, 0.0000000000000000000 ) ) ;
#10792 = CARTESIAN_POINT ( 'NONE',  ( 0.05629921259842520000, 0.009842519685039369900, -0.06889763779527555100 ) ) ;
#10793 =( GEOMETRIC_REPRESENTATION_CONTEXT ( 3 ) GLOBAL_UNCERTAINTY_ASSIGNED_CONTEXT ( ( #5876 ) ) GLOBAL_UNIT_ASSIGNED_CONTEXT ( ( #1531, #7694, #2413 ) ) REPRESENTATION_CONTEXT ( 'NONE', 'WORKASPACE' ) );
#10794 = VECTOR ( 'NONE', #2813, 39.37007874015748100 ) ;
#10795 = FACE_OUTER_BOUND ( 'NONE', #6083, .T. ) ;
#10796 = DIRECTION ( 'NONE',  ( 0.0000000000000000000, 0.0000000000000000000, 1.000000000000000000 ) ) ;
#10797 = CARTESIAN_POINT ( 'NONE',  ( -0.03070866141732284500, 0.009842519685039369900, -0.08661417322834641400 ) ) ;
#10798 = CARTESIAN_POINT ( 'NONE',  ( 0.0000000000000000000, 0.0000000000000000000, -0.02047244094488188900 ) ) ;
#10799 = LINE ( 'NONE', #7778, #8500 ) ;
#10800 = SURFACE_STYLE_USAGE ( .BOTH. , #10880 ) ;
#10801 =( LENGTH_UNIT ( ) NAMED_UNIT ( * ) SI_UNIT ( $, .METRE. ) );
#10802 = FACE_OUTER_BOUND ( 'NONE', #4023, .T. ) ;
#10803 = CARTESIAN_POINT ( 'NONE',  ( -0.07283464566929134800, 0.009842519685039369900, -0.05629921259842515800 ) ) ;
#10804 = CARTESIAN_POINT ( 'NONE',  ( 0.0000000000000000000, 0.009842519685039369900, 0.0000000000000000000 ) ) ;
#10805 = EDGE_CURVE ( 'NONE', #11307, #628, #233, .T. ) ;
#10806 = SURFACE_STYLE_FILL_AREA ( #11136 ) ;
#10807 = EDGE_CURVE ( 'NONE', #5645, #10831, #9286, .T. ) ;
#10808 = PLANE ( 'NONE',  #8903 ) ;
#10809 =( NAMED_UNIT ( * ) PLANE_ANGLE_UNIT ( ) SI_UNIT ( $, .RADIAN. ) );
#10810 = ORIENTED_EDGE ( 'NONE', *, *, #10937, .T. ) ;
#10811 = FACE_OUTER_BOUND ( 'NONE', #10070, .T. ) ;
#10812 = ORIENTED_EDGE ( 'NONE', *, *, #10729, .T. ) ;
#10813 =( NAMED_UNIT ( * ) PLANE_ANGLE_UNIT ( ) SI_UNIT ( $, .RADIAN. ) );
#10814 = VECTOR ( 'NONE', #2001, 39.37007874015748100 ) ;
#10815 = LINE ( 'NONE', #7911, #4133 ) ;
#10816 = SURFACE_STYLE_FILL_AREA ( #2146 ) ;
#10817 = COLOUR_RGB ( '',0.9686274509803921600, 0.8784313725490196000, 0.5999999999999999800 ) ;
#10818 = ADVANCED_FACE ( 'NONE', ( #4617 ), #10941, .F. ) ;
#10819 = CARTESIAN_POINT ( 'NONE',  ( -0.04606299212598425500, -0.02046108103966344500, 0.08661417322834648300 ) ) ;
#10820 = FACE_BOUND ( 'NONE', #10308, .T. ) ;
#10821 = VERTEX_POINT ( 'NONE', #10093 ) ;
#10822 = PLANE ( 'NONE',  #5820 ) ;
#10823 = AXIS2_PLACEMENT_3D ( 'NONE', #3016, #9159, #3893 ) ;
#10824 = COLOUR_RGB ( '',0.2509803921568627400, 0.2509803921568627400, 0.2509803921568627400 ) ;
#10825 = VECTOR ( 'NONE', #9575, 39.37007874015748100 ) ;
#10826 = DIMENSIONAL_EXPONENTS ( 1.000000000000000000, 0.0000000000000000000, 0.0000000000000000000, 0.0000000000000000000, 0.0000000000000000000, 0.0000000000000000000, 0.0000000000000000000 ) ;
#10827 = CARTESIAN_POINT ( 'NONE',  ( 0.0000000000000000000, 0.0000000000000000000, 0.0000000000000000000 ) ) ;
#10828 =( NAMED_UNIT ( * ) SI_UNIT ( $, .STERADIAN. ) SOLID_ANGLE_UNIT ( ) );
#10829 = DIRECTION ( 'NONE',  ( 0.0000000000000000000, 1.000000000000000000, 0.0000000000000000000 ) ) ;
#10830 = DIRECTION ( 'NONE',  ( 0.0000000000000000000, 1.000000000000000000, 0.0000000000000000000 ) ) ;
#10831 = VERTEX_POINT ( 'NONE', #5766 ) ;
#10832 = AXIS2_PLACEMENT_3D ( 'NONE', #1554, #7711, #2431 ) ;
#10833 = ORIENTED_EDGE ( 'NONE', *, *, #9871, .F. ) ;
#10834 = AXIS2_PLACEMENT_3D ( 'NONE', #636, #591, #519 ) ;
#10835 = DIMENSIONAL_EXPONENTS ( 1.000000000000000000, 0.0000000000000000000, 0.0000000000000000000, 0.0000000000000000000, 0.0000000000000000000, 0.0000000000000000000, 0.0000000000000000000 ) ;
#10836 = PLANE ( 'NONE',  #8823 ) ;
#10837 = VECTOR ( 'NONE', #11293, 39.37007874015748100 ) ;
#10838 = COLOUR_RGB ( '',0.9686274509803921600, 0.8784313725490196000, 0.5999999999999999800 ) ;
#10839 = LENGTH_MEASURE_WITH_UNIT ( LENGTH_MEASURE( 0.02539999999999999900 ), #8460 );
#10840 = SURFACE_SIDE_STYLE ('',( #2112 ) ) ;
#10841 = PRESENTATION_STYLE_ASSIGNMENT (( #2825 ) ) ;
#10842 = ORIENTED_EDGE ( 'NONE', *, *, #9939, .F. ) ;
#10843 = EDGE_LOOP ( 'NONE', ( #9566, #8894, #7331, #9771 ) ) ;
#10844 = PRESENTATION_LAYER_ASSIGNMENT (  '', '', ( #9698 ) ) ;
#10845 = CARTESIAN_POINT ( 'NONE',  ( 0.09055118110236223800, 0.009842519685039369900, 0.005118110236220474100 ) ) ;
#10846 = VERTEX_POINT ( 'NONE', #1275 ) ;
#10847 = CARTESIAN_POINT ( 'NONE',  ( -0.07874015748031494600, 0.009842519685039369900, -0.06692913385826766700 ) ) ;
#10848 = COLOUR_RGB ( '',0.2509803921568627400, 0.2509803921568627400, 0.2509803921568627400 ) ;
#10849 = LINE ( 'NONE', #1577, #6209 ) ;
#10850 = DIRECTION ( 'NONE',  ( 4.818676322157799300E-016, -0.0000000000000000000, -1.000000000000000000 ) ) ;
#10851 = MECHANICAL_DESIGN_GEOMETRIC_PRESENTATION_REPRESENTATION (  '', ( #9122 ), #88 ) ;
#10852 = FACE_OUTER_BOUND ( 'NONE', #4311, .T. ) ;
#10853 = VECTOR ( 'NONE', #746, 39.37007874015748100 ) ;
#10854 = DIRECTION ( 'NONE',  ( -0.0000000000000000000, 1.000000000000000000, 0.0000000000000000000 ) ) ;
#10855 = AXIS2_PLACEMENT_3D ( 'NONE', #3837, #1125, #2927 ) ;
#10856 = ORIENTED_EDGE ( 'NONE', *, *, #7473, .F. ) ;
#10857 = VECTOR ( 'NONE', #6989, 39.37007874015748100 ) ;
#10858 = AXIS2_PLACEMENT_3D ( 'NONE', #11103, #5882, #639 ) ;
#10859 = ORIENTED_EDGE ( 'NONE', *, *, #7972, .T. ) ;
#10860 = EDGE_LOOP ( 'NONE', ( #1031, #10113, #4035, #10044 ) ) ;
#10861 =( NAMED_UNIT ( * ) SI_UNIT ( $, .STERADIAN. ) SOLID_ANGLE_UNIT ( ) );
#10862 = PLANE ( 'NONE',  #8570 ) ;
#10863 = FACE_OUTER_BOUND ( 'NONE', #6612, .T. ) ;
#10864 = ORIENTED_EDGE ( 'NONE', *, *, #5484, .F. ) ;
#10865 = DIRECTION ( 'NONE',  ( -0.0000000000000000000, 0.0000000000000000000, -1.000000000000000000 ) ) ;
#10866 = EDGE_CURVE ( 'NONE', #7738, #213, #8181, .T. ) ;
#10867 = LINE ( 'NONE', #8511, #4183 ) ;
#10868 = MECHANICAL_DESIGN_GEOMETRIC_PRESENTATION_REPRESENTATION (  '', ( #9141 ), #106 ) ;
#10869 = ORIENTED_EDGE ( 'NONE', *, *, #10935, .T. ) ;
#10870 = ORIENTED_EDGE ( 'NONE', *, *, #3863, .F. ) ;
#10871 = SURFACE_STYLE_USAGE ( .BOTH. , #4766 ) ;
#10872 =( NAMED_UNIT ( * ) PLANE_ANGLE_UNIT ( ) SI_UNIT ( $, .RADIAN. ) );
#10873 = VECTOR ( 'NONE', #10126, 39.37007874015748100 ) ;
#10874 = ORIENTED_EDGE ( 'NONE', *, *, #9214, .F. ) ;
#10875 = DIRECTION ( 'NONE',  ( 0.0000000000000000000, 0.0000000000000000000, 1.000000000000000000 ) ) ;
#10876 = LENGTH_MEASURE_WITH_UNIT ( LENGTH_MEASURE( 0.02539999999999999900 ), #10770 );
#10877 = ORIENTED_EDGE ( 'NONE', *, *, #3262, .F. ) ;
#10878 = EDGE_CURVE ( 'NONE', #2285, #4831, #10232, .T. ) ;
#10879 = DIRECTION ( 'NONE',  ( -2.409338161078899700E-016, -0.0000000000000000000, -1.000000000000000000 ) ) ;
#10880 = SURFACE_SIDE_STYLE ('',( #2381 ) ) ;
#10881 = DIRECTION ( 'NONE',  ( 0.0000000000000000000, 0.0000000000000000000, 1.000000000000000000 ) ) ;
#10882 = SURFACE_STYLE_USAGE ( .BOTH. , #4779 ) ;
#10883 = EDGE_CURVE ( 'NONE', #1670, #873, #1181, .T. ) ;
#10884 = CARTESIAN_POINT ( 'NONE',  ( -0.005118110236220475000, 0.009842519685039369900, -0.08661417322834641400 ) ) ;
#10885 = ORIENTED_EDGE ( 'NONE', *, *, #8054, .F. ) ;
#10886 = ADVANCED_FACE ( 'NONE', ( #5852 ), #5803, .F. ) ;
#10887 = LINE ( 'NONE', #1301, #6255 ) ;
#10888 = PRESENTATION_STYLE_ASSIGNMENT (( #2132 ) ) ;
#10889 = ORIENTED_EDGE ( 'NONE', *, *, #1146, .F. ) ;
#10890 = PLANE ( 'NONE',  #1051 ) ;
#10891 =( NAMED_UNIT ( * ) SI_UNIT ( $, .STERADIAN. ) SOLID_ANGLE_UNIT ( ) );
#10892 = CLOSED_SHELL ( 'NONE', ( #2581, #5517, #3542, #7031, #2735, #7193 ) ) ;
#10893 = ORIENTED_EDGE ( 'NONE', *, *, #9595, .T. ) ;
#10894 = EDGE_CURVE ( 'NONE', #4484, #1714, #6821, .T. ) ;
#10895 = DIRECTION ( 'NONE',  ( 1.000000000000000000, -0.0000000000000000000, 0.0000000000000000000 ) ) ;
#10896 = EDGE_CURVE ( 'NONE', #3072, #10016, #4471, .T. ) ;
#10897 = PRESENTATION_LAYER_ASSIGNMENT (  '', '', ( #9746 ) ) ;
#10898 =( NAMED_UNIT ( * ) PLANE_ANGLE_UNIT ( ) SI_UNIT ( $, .RADIAN. ) );
#10899 = CARTESIAN_POINT ( 'NONE',  ( -0.07086614173228347700, -0.01113553986120548400, -0.07480314960629917700 ) ) ;
#10900 = UNCERTAINTY_MEASURE_WITH_UNIT (LENGTH_MEASURE( 1.000000000000000100E-005 ), #10111, 'distance_accuracy_value', 'NONE');
#10901 = FILL_AREA_STYLE_COLOUR ( '', #6483 ) ;
#10902 = VECTOR ( 'NONE', #1029, 39.37007874015748100 ) ;
#10903 =( NAMED_UNIT ( * ) PLANE_ANGLE_UNIT ( ) SI_UNIT ( $, .RADIAN. ) );
#10904 =( CONVERSION_BASED_UNIT ( 'INCH', #1639 ) LENGTH_UNIT ( ) NAMED_UNIT ( #10398 ) );
#10905 = DIRECTION ( 'NONE',  ( 1.000000000000000000, 0.0000000000000000000, -0.0000000000000000000 ) ) ;
#10906 = ORIENTED_EDGE ( 'NONE', *, *, #11030, .T. ) ;
#10907 =( NAMED_UNIT ( * ) PLANE_ANGLE_UNIT ( ) SI_UNIT ( $, .RADIAN. ) );
#10908 = CARTESIAN_POINT ( 'NONE',  ( 0.0000000000000000000, 0.0000000000000000000, -0.03070866141732280000 ) ) ;
#10909 = STYLED_ITEM ( 'NONE', ( #4720 ), #510 ) ;
#10910 = CARTESIAN_POINT ( 'NONE',  ( -0.07086614173228346400, 0.0000000000000000000, -0.07480314960629919100 ) ) ;
#10911 = FILL_AREA_STYLE ('',( #3430 ) ) ;
#10912 =( LENGTH_UNIT ( ) NAMED_UNIT ( * ) SI_UNIT ( $, .METRE. ) );
#10913 = DIMENSIONAL_EXPONENTS ( 1.000000000000000000, 0.0000000000000000000, 0.0000000000000000000, 0.0000000000000000000, 0.0000000000000000000, 0.0000000000000000000, 0.0000000000000000000 ) ;
#10914 =( NAMED_UNIT ( * ) PLANE_ANGLE_UNIT ( ) SI_UNIT ( $, .RADIAN. ) );
#10915 = MECHANICAL_DESIGN_GEOMETRIC_PRESENTATION_REPRESENTATION (  '', ( #9189 ), #153 ) ;
#10916 =( LENGTH_UNIT ( ) NAMED_UNIT ( * ) SI_UNIT ( $, .METRE. ) );
#10917 = PRESENTATION_LAYER_ASSIGNMENT (  '', '', ( #9770 ) ) ;
#10918 = ORIENTED_EDGE ( 'NONE', *, *, #5487, .F. ) ;
#10919 = AXIS2_PLACEMENT_3D ( 'NONE', #10612, #5392, #129 ) ;
#10920 = CARTESIAN_POINT ( 'NONE',  ( 0.05629921259842520000, 0.0000000000000000000, 0.06889763779527562100 ) ) ;
#10921 = FACE_OUTER_BOUND ( 'NONE', #5133, .T. ) ;
#10922 = DIRECTION ( 'NONE',  ( -1.927470528863119000E-016, 0.0000000000000000000, -1.000000000000000000 ) ) ;
#10923 = AXIS2_PLACEMENT_3D ( 'NONE', #77, #6196, #951 ) ;
#10924 = FILL_AREA_STYLE_COLOUR ( '', #4630 ) ;
#10925 =( NAMED_UNIT ( * ) SI_UNIT ( $, .STERADIAN. ) SOLID_ANGLE_UNIT ( ) );
#10926 = VECTOR ( 'NONE', #10221, 39.37007874015748100 ) ;
#10927 = AXIS2_PLACEMENT_3D ( 'NONE', #9681, #9642, #9599 ) ;
#10928 = CARTESIAN_POINT ( 'NONE',  ( 0.0000000000000000000, 0.009842519685039369900, 0.08661417322834648300 ) ) ;
#10929 =( CONVERSION_BASED_UNIT ( 'INCH', #5666 ) LENGTH_UNIT ( ) NAMED_UNIT ( #673 ) );
#10930 = STYLED_ITEM ( 'NONE', ( #7107 ), #10707 ) ;
#10931 = PRESENTATION_STYLE_ASSIGNMENT (( #3653 ) ) ;
#10932 = ADVANCED_FACE ( 'NONE', ( #11166 ), #8486, .F. ) ;
#10933 =( CONVERSION_BASED_UNIT ( 'INCH', #9546 ) LENGTH_UNIT ( ) NAMED_UNIT ( #1667 ) );
#10934 =( NAMED_UNIT ( * ) SI_UNIT ( $, .STERADIAN. ) SOLID_ANGLE_UNIT ( ) );
#10935 = EDGE_CURVE ( 'NONE', #4066, #11134, #10088, .T. ) ;
#10936 = DIMENSIONAL_EXPONENTS ( 1.000000000000000000, 0.0000000000000000000, 0.0000000000000000000, 0.0000000000000000000, 0.0000000000000000000, 0.0000000000000000000, 0.0000000000000000000 ) ;
#10937 = EDGE_CURVE ( 'NONE', #5749, #10952, #7779, .T. ) ;
#10938 =( CONVERSION_BASED_UNIT ( 'INCH', #5101 ) LENGTH_UNIT ( ) NAMED_UNIT ( #4216 ) );
#10939 = SURFACE_STYLE_FILL_AREA ( #17 ) ;
#10940 = DIRECTION ( 'NONE',  ( 0.0000000000000000000, 0.0000000000000000000, 1.000000000000000000 ) ) ;
#10941 = PLANE ( 'NONE',  #10719 ) ;
#10942 = FACE_OUTER_BOUND ( 'NONE', #2775, .T. ) ;
#10943 = DIMENSIONAL_EXPONENTS ( 1.000000000000000000, 0.0000000000000000000, 0.0000000000000000000, 0.0000000000000000000, 0.0000000000000000000, 0.0000000000000000000, 0.0000000000000000000 ) ;
#10944 = COLOUR_RGB ( '',0.9686274509803921600, 0.8784313725490196000, 0.5999999999999999800 ) ;
#10945 = CARTESIAN_POINT ( 'NONE',  ( 0.09055118110236223800, -0.02046108103966344500, -0.005118110236220472400 ) ) ;
#10946 =( NAMED_UNIT ( * ) SI_UNIT ( $, .STERADIAN. ) SOLID_ANGLE_UNIT ( ) );
#10947 = VECTOR ( 'NONE', #5186, 39.37007874015748100 ) ;
#10948 =( NAMED_UNIT ( * ) SI_UNIT ( $, .STERADIAN. ) SOLID_ANGLE_UNIT ( ) );
#10949 = SURFACE_SIDE_STYLE ('',( #11265 ) ) ;
#10950 = CARTESIAN_POINT ( 'NONE',  ( 0.02047244094488188600, 0.009842519685039369900, 0.06889763779527562100 ) ) ;
#10951 = EDGE_CURVE ( 'NONE', #4146, #925, #1049, .T. ) ;
#10952 = VERTEX_POINT ( 'NONE', #9413 ) ;
#10953 = FACE_OUTER_BOUND ( 'NONE', #5379, .T. ) ;
#10954 = VECTOR ( 'NONE', #3411, 39.37007874015748100 ) ;
#10955 =( LENGTH_UNIT ( ) NAMED_UNIT ( * ) SI_UNIT ( $, .METRE. ) );
#10956 = EDGE_CURVE ( 'NONE', #9358, #1816, #3107, .T. ) ;
#10957 =( LENGTH_UNIT ( ) NAMED_UNIT ( * ) SI_UNIT ( $, .METRE. ) );
#10958 = PRESENTATION_STYLE_ASSIGNMENT (( #8215 ) ) ;
#10959 = CARTESIAN_POINT ( 'NONE',  ( 0.07283464566929139000, 0.009842519685039369900, 0.03070866141732283800 ) ) ;
#10960 =( GEOMETRIC_REPRESENTATION_CONTEXT ( 3 ) GLOBAL_UNCERTAINTY_ASSIGNED_CONTEXT ( ( #9808 ) ) GLOBAL_UNIT_ASSIGNED_CONTEXT ( ( #4445, #10552, #5349 ) ) REPRESENTATION_CONTEXT ( 'NONE', 'WORKASPACE' ) );
#10961 = SURFACE_STYLE_FILL_AREA ( #576 ) ;
#10962 =( NAMED_UNIT ( * ) PLANE_ANGLE_UNIT ( ) SI_UNIT ( $, .RADIAN. ) );
#10963 = COLOUR_RGB ( '',0.2509803921568627400, 0.2509803921568627400, 0.2509803921568627400 ) ;
#10964 = VERTEX_POINT ( 'NONE', #8571 ) ;
#10965 = CARTESIAN_POINT ( 'NONE',  ( -0.05629921259842520600, -0.02046108103966344500, 0.08661417322834648300 ) ) ;
#10966 = ORIENTED_EDGE ( 'NONE', *, *, #3551, .T. ) ;
#10967 =( LENGTH_UNIT ( ) NAMED_UNIT ( * ) SI_UNIT ( $, .METRE. ) );
#10968 = LINE ( 'NONE', #6178, #10692 ) ;
#10969 = COLOUR_RGB ( '',0.9686274509803921600, 0.8784313725490196000, 0.5999999999999999800 ) ;
#10970 = LENGTH_MEASURE_WITH_UNIT ( LENGTH_MEASURE( 0.02539999999999999900 ), #8510 );
#10971 =( NAMED_UNIT ( * ) PLANE_ANGLE_UNIT ( ) SI_UNIT ( $, .RADIAN. ) );
#10972 = UNCERTAINTY_MEASURE_WITH_UNIT (LENGTH_MEASURE( 1.000000000000000100E-005 ), #8282, 'distance_accuracy_value', 'NONE');
#10973 = UNCERTAINTY_MEASURE_WITH_UNIT (LENGTH_MEASURE( 1.000000000000000100E-005 ), #9383, 'distance_accuracy_value', 'NONE');
#10974 = ORIENTED_EDGE ( 'NONE', *, *, #11114, .T. ) ;
#10975 =( LENGTH_UNIT ( ) NAMED_UNIT ( * ) SI_UNIT ( $, .METRE. ) );
#10976 = VERTEX_POINT ( 'NONE', #10272 ) ;
#10977 = STYLED_ITEM ( 'NONE', ( #7205 ), #108 ) ;
#10978 = PRESENTATION_STYLE_ASSIGNMENT (( #4207 ) ) ;
#10980 = UNCERTAINTY_MEASURE_WITH_UNIT (LENGTH_MEASURE( 1.000000000000000100E-005 ), #937, 'distance_accuracy_value', 'NONE');
#10979 = DIRECTION ( 'NONE',  ( 0.0000000000000000000, 1.000000000000000000, 0.0000000000000000000 ) ) ;
#10981 =( LENGTH_UNIT ( ) NAMED_UNIT ( * ) SI_UNIT ( $, .METRE. ) );
#10982 = ORIENTED_EDGE ( 'NONE', *, *, #7997, .T. ) ;
#10983 = CARTESIAN_POINT ( 'NONE',  ( 0.09055118110236223800, 0.009842519685039369900, -0.02047244094488188900 ) ) ;
#10984 = VECTOR ( 'NONE', #2704, 39.37007874015748100 ) ;
#10985 = CARTESIAN_POINT ( 'NONE',  ( 0.02047244094488188900, 0.009842519685039369900, 0.06889763779527562100 ) ) ;
#10986 = PRESENTATION_LAYER_ASSIGNMENT (  '', '', ( #9839 ) ) ;
#10987 = ORIENTED_EDGE ( 'NONE', *, *, #6423, .T. ) ;
#10988 =( CONVERSION_BASED_UNIT ( 'INCH', #7968 ) LENGTH_UNIT ( ) NAMED_UNIT ( #8002 ) );
#10989 = MECHANICAL_DESIGN_GEOMETRIC_PRESENTATION_REPRESENTATION (  '', ( #9265 ), #232 ) ;
#10990 = ORIENTED_EDGE ( 'NONE', *, *, #779, .F. ) ;
#10991 = CARTESIAN_POINT ( 'NONE',  ( -0.07283464566929133400, -0.02046108103966344500, 0.03070866141732286900 ) ) ;
#10992 = PLANE ( 'NONE',  #9542 ) ;
#10993 =( CONVERSION_BASED_UNIT ( 'INCH', #8572 ) LENGTH_UNIT ( ) NAMED_UNIT ( #4650 ) );
#10994 = ADVANCED_FACE ( 'NONE', ( #7517 ), #3308, .F. ) ;
#10995 = VECTOR ( 'NONE', #1468, 39.37007874015748100 ) ;
#10996 = LINE ( 'NONE', #4601, #4027 ) ;
#10997 = LENGTH_MEASURE_WITH_UNIT ( LENGTH_MEASURE( 0.02539999999999999900 ), #7982 );
#10998 = VERTEX_POINT ( 'NONE', #11173 ) ;
#10999 = AXIS2_PLACEMENT_3D ( 'NONE', #6674, #6582, #6551 ) ;
#11000 = ORIENTED_EDGE ( 'NONE', *, *, #4007, .F. ) ;
#11001 = SURFACE_STYLE_USAGE ( .BOTH. , #4911 ) ;
#11002 = ORIENTED_EDGE ( 'NONE', *, *, #1869, .T. ) ;
#11003 = DIRECTION ( 'NONE',  ( 1.000000000000000000, -0.0000000000000000000, -4.818676322157796400E-016 ) ) ;
#11004 = ORIENTED_EDGE ( 'NONE', *, *, #8716, .T. ) ;
#11005 = PRESENTATION_LAYER_ASSIGNMENT (  '', '', ( #10423 ) ) ;
#11006 =( CONVERSION_BASED_UNIT ( 'INCH', #11089 ) LENGTH_UNIT ( ) NAMED_UNIT ( #6860 ) );
#11007 = STYLED_ITEM ( 'NONE', ( #2226 ), #3101 ) ;
#11008 = SURFACE_SIDE_STYLE ('',( #1575 ) ) ;
#11009 =( GEOMETRIC_REPRESENTATION_CONTEXT ( 3 ) GLOBAL_UNCERTAINTY_ASSIGNED_CONTEXT ( ( #3351 ) ) GLOBAL_UNIT_ASSIGNED_CONTEXT ( ( #8040, #2761, #8909 ) ) REPRESENTATION_CONTEXT ( 'NONE', 'WORKASPACE' ) );
#11010 = FACE_OUTER_BOUND ( 'NONE', #5469, .T. ) ;
#11011 = DIRECTION ( 'NONE',  ( 1.000000000000000000, 0.0000000000000000000, -0.0000000000000000000 ) ) ;
#11012 = VERTEX_POINT ( 'NONE', #5128 ) ;
#11013 = PRESENTATION_STYLE_ASSIGNMENT (( #11018 ) ) ;
#11014 = MECHANICAL_DESIGN_GEOMETRIC_PRESENTATION_REPRESENTATION (  '', ( #9285 ), #247 ) ;
#11015 = SURFACE_STYLE_USAGE ( .BOTH. , #11045 ) ;
#11016 = UNCERTAINTY_MEASURE_WITH_UNIT (LENGTH_MEASURE( 1.000000000000000100E-005 ), #7552, 'distance_accuracy_value', 'NONE');
#11017 = ORIENTED_EDGE ( 'NONE', *, *, #1509, .T. ) ;
#11018 = SURFACE_STYLE_USAGE ( .BOTH. , #4921 ) ;
#11019 = LINE ( 'NONE', #9223, #6382 ) ;
#11020 = VERTEX_POINT ( 'NONE', #11205 ) ;
#11021 = SURFACE_STYLE_USAGE ( .BOTH. , #11052 ) ;
#11022 = LINE ( 'NONE', #8642, #8725 ) ;
#11023 = ORIENTED_EDGE ( 'NONE', *, *, #548, .F. ) ;
#11024 = VERTEX_POINT ( 'NONE', #5991 ) ;
#11025 = EDGE_CURVE ( 'NONE', #8420, #3594, #1994, .T. ) ;
#11026 = ORIENTED_EDGE ( 'NONE', *, *, #4604, .T. ) ;
#11027 =( LENGTH_UNIT ( ) NAMED_UNIT ( * ) SI_UNIT ( $, .METRE. ) );
#11028 = DIRECTION ( 'NONE',  ( -0.0000000000000000000, 1.000000000000000000, 0.0000000000000000000 ) ) ;
#11029 =( NAMED_UNIT ( * ) PLANE_ANGLE_UNIT ( ) SI_UNIT ( $, .RADIAN. ) );
#11030 = EDGE_CURVE ( 'NONE', #3739, #7233, #11022, .T. ) ;
#11031 =( GEOMETRIC_REPRESENTATION_CONTEXT ( 3 ) GLOBAL_UNCERTAINTY_ASSIGNED_CONTEXT ( ( #7446 ) ) GLOBAL_UNIT_ASSIGNED_CONTEXT ( ( #1790, #7942, #2667 ) ) REPRESENTATION_CONTEXT ( 'NONE', 'WORKASPACE' ) );
#11032 = EDGE_LOOP ( 'NONE', ( #11023, #6098, #4954, #7371 ) ) ;
#11033 = VECTOR ( 'NONE', #5974, 39.37007874015748100 ) ;
#11034 =( NAMED_UNIT ( * ) SI_UNIT ( $, .STERADIAN. ) SOLID_ANGLE_UNIT ( ) );
#11035 = VERTEX_POINT ( 'NONE', #9524 ) ;
#11036 = COLOUR_RGB ( '',0.9686274509803921600, 0.8784313725490196000, 0.5999999999999999800 ) ;
#11037 = CARTESIAN_POINT ( 'NONE',  ( -0.09251968503937008100, 0.0000000000000000000, -0.08858267716535429800 ) ) ;
#11038 = FILL_AREA_STYLE_COLOUR ( '', #2189 ) ;
#11039 = CARTESIAN_POINT ( 'NONE',  ( 0.07283464566929139000, -0.02046108103966344500, 0.05629921259842522000 ) ) ;
#11040 = VERTEX_POINT ( 'NONE', #10385 ) ;
#11041 = FILL_AREA_STYLE ('',( #11081 ) ) ;
#11042 = ORIENTED_EDGE ( 'NONE', *, *, #6126, .F. ) ;
#11043 = UNCERTAINTY_MEASURE_WITH_UNIT (LENGTH_MEASURE( 1.000000000000000100E-005 ), #2409, 'distance_accuracy_value', 'NONE');
#11044 =( GEOMETRIC_REPRESENTATION_CONTEXT ( 3 ) GLOBAL_UNCERTAINTY_ASSIGNED_CONTEXT ( ( #2224 ) ) GLOBAL_UNIT_ASSIGNED_CONTEXT ( ( #4553, #10657, #5453 ) ) REPRESENTATION_CONTEXT ( 'NONE', 'WORKASPACE' ) );
#11045 = SURFACE_SIDE_STYLE ('',( #10570 ) ) ;
#11046 = COLOUR_RGB ( '',0.9686274509803921600, 0.8784313725490196000, 0.5999999999999999800 ) ;
#11047 = VECTOR ( 'NONE', #6116, 39.37007874015748100 ) ;
#11048 = ADVANCED_FACE ( 'NONE', ( #10751 ), #1615, .F. ) ;
#11049 = UNCERTAINTY_MEASURE_WITH_UNIT (LENGTH_MEASURE( 1.000000000000000100E-005 ), #8714, 'distance_accuracy_value', 'NONE');
#11050 = LINE ( 'NONE', #403, #6420 ) ;
#11051 = ORIENTED_EDGE ( 'NONE', *, *, #934, .F. ) ;
#11052 = SURFACE_SIDE_STYLE ('',( #10590 ) ) ;
#11053 =( GEOMETRIC_REPRESENTATION_CONTEXT ( 3 ) GLOBAL_UNCERTAINTY_ASSIGNED_CONTEXT ( ( #3690 ) ) GLOBAL_UNIT_ASSIGNED_CONTEXT ( ( #7535, #2255, #8390 ) ) REPRESENTATION_CONTEXT ( 'NONE', 'WORKASPACE' ) );
#11054 =( GEOMETRIC_REPRESENTATION_CONTEXT ( 3 ) GLOBAL_UNCERTAINTY_ASSIGNED_CONTEXT ( ( #5755 ) ) GLOBAL_UNIT_ASSIGNED_CONTEXT ( ( #3990, #3954, #3934 ) ) REPRESENTATION_CONTEXT ( 'NONE', 'WORKASPACE' ) );
#11055 = DIMENSIONAL_EXPONENTS ( 1.000000000000000000, 0.0000000000000000000, 0.0000000000000000000, 0.0000000000000000000, 0.0000000000000000000, 0.0000000000000000000, 0.0000000000000000000 ) ;
#11056 = DIRECTION ( 'NONE',  ( 1.000000000000000000, 0.0000000000000000000, 0.0000000000000000000 ) ) ;
#11057 = LINE ( 'NONE', #5061, #1752 ) ;
#11058 =( NAMED_UNIT ( * ) SI_UNIT ( $, .STERADIAN. ) SOLID_ANGLE_UNIT ( ) );
#11059 = DIRECTION ( 'NONE',  ( 0.0000000000000000000, 1.000000000000000000, 0.0000000000000000000 ) ) ;
#11060 = LENGTH_MEASURE_WITH_UNIT ( LENGTH_MEASURE( 0.02539999999999999900 ), #4042 );
#11061 = CARTESIAN_POINT ( 'NONE',  ( -0.02047244094488189300, 0.0000000000000000000, 0.08661417322834648300 ) ) ;
#11062 = DIMENSIONAL_EXPONENTS ( 1.000000000000000000, 0.0000000000000000000, 0.0000000000000000000, 0.0000000000000000000, 0.0000000000000000000, 0.0000000000000000000, 0.0000000000000000000 ) ;
#11063 = STYLED_ITEM ( 'NONE', ( #5967 ), #869 ) ;
#11064 = FILL_AREA_STYLE_COLOUR ( '', #5220 ) ;
#11065 = DIRECTION ( 'NONE',  ( -0.0000000000000000000, 0.0000000000000000000, -1.000000000000000000 ) ) ;
#11066 = LINE ( 'NONE', #1201, #10794 ) ;
#11067 = LINE ( 'NONE', #7356, #4109 ) ;
#11068 = STYLED_ITEM ( 'NONE', ( #1508 ), #9930 ) ;
#11069 = DIRECTION ( 'NONE',  ( 1.000000000000000000, -0.0000000000000000000, 0.0000000000000000000 ) ) ;
#11070 = VECTOR ( 'NONE', #7500, 39.37007874015748100 ) ;
#11071 =( GEOMETRIC_REPRESENTATION_CONTEXT ( 3 ) GLOBAL_UNCERTAINTY_ASSIGNED_CONTEXT ( ( #960 ) ) GLOBAL_UNIT_ASSIGNED_CONTEXT ( ( #5710, #440, #6584 ) ) REPRESENTATION_CONTEXT ( 'NONE', 'WORKASPACE' ) );
#11072 = CARTESIAN_POINT ( 'NONE',  ( -0.005118110236220475000, 0.009842519685039369900, -0.08661417322834641400 ) ) ;
#11073 = FILL_AREA_STYLE_COLOUR ( '', #6577 ) ;
#11074 =( GEOMETRIC_REPRESENTATION_CONTEXT ( 3 ) GLOBAL_UNCERTAINTY_ASSIGNED_CONTEXT ( ( #8478 ) ) GLOBAL_UNIT_ASSIGNED_CONTEXT ( ( #4014, #10138, #4905 ) ) REPRESENTATION_CONTEXT ( 'NONE', 'WORKASPACE' ) );
#11075 = FILL_AREA_STYLE_COLOUR ( '', #8889 ) ;
#11076 = SURFACE_STYLE_FILL_AREA ( #9001 ) ;
#11077 = DIMENSIONAL_EXPONENTS ( 1.000000000000000000, 0.0000000000000000000, 0.0000000000000000000, 0.0000000000000000000, 0.0000000000000000000, 0.0000000000000000000, 0.0000000000000000000 ) ;
#11078 = LINE ( 'NONE', #2716, #7566 ) ;
#11079 =( LENGTH_UNIT ( ) NAMED_UNIT ( * ) SI_UNIT ( $, .METRE. ) );
#11080 = FILL_AREA_STYLE ('',( #1454 ) ) ;
#11081 = FILL_AREA_STYLE_COLOUR ( '', #8301 ) ;
#11082 = STYLED_ITEM ( 'NONE', ( #4151 ), #1879 ) ;
#11083 = CARTESIAN_POINT ( 'NONE',  ( -0.03070866141732284500, 0.009842519685039369900, -0.08661417322834641400 ) ) ;
#11084 = EDGE_CURVE ( 'NONE', #1953, #5843, #2955, .T. ) ;
#11085 = SURFACE_STYLE_FILL_AREA ( #6738 ) ;
#11086 = FILL_AREA_STYLE ('',( #11128 ) ) ;
#11087 = PRESENTATION_LAYER_ASSIGNMENT (  '', '', ( #9942 ) ) ;
#11088 = UNCERTAINTY_MEASURE_WITH_UNIT (LENGTH_MEASURE( 1.000000000000000100E-005 ), #846, 'distance_accuracy_value', 'NONE');
#11089 = LENGTH_MEASURE_WITH_UNIT ( LENGTH_MEASURE( 0.02539999999999999900 ), #11079 );
#11090 = CLOSED_SHELL ( 'NONE', ( #8925, #3208, #7797, #8876, #4429, #6368 ) ) ;
#11091 = LENGTH_MEASURE_WITH_UNIT ( LENGTH_MEASURE( 0.02539999999999999900 ), #1250 );
#11092 = EDGE_LOOP ( 'NONE', ( #5166, #11299, #8407, #2416 ) ) ;
#11093 = FILL_AREA_STYLE ('',( #9433 ) ) ;
#11094 = EDGE_CURVE ( 'NONE', #8726, #9965, #627, .T. ) ;
#11095 = VECTOR ( 'NONE', #219, 39.37007874015748100 ) ;
#11096 = EDGE_CURVE ( 'NONE', #8170, #355, #5304, .T. ) ;
#11097 =( GEOMETRIC_REPRESENTATION_CONTEXT ( 3 ) GLOBAL_UNCERTAINTY_ASSIGNED_CONTEXT ( ( #5044 ) ) GLOBAL_UNIT_ASSIGNED_CONTEXT ( ( #5576, #308, #6447 ) ) REPRESENTATION_CONTEXT ( 'NONE', 'WORKASPACE' ) );
#11098 =( CONVERSION_BASED_UNIT ( 'INCH', #1587 ) LENGTH_UNIT ( ) NAMED_UNIT ( #2346 ) );
#11099 = FACE_BOUND ( 'NONE', #316, .T. ) ;
#11100 = VERTEX_POINT ( 'NONE', #1686 ) ;
#11101 = SURFACE_STYLE_USAGE ( .BOTH. , #11145 ) ;
#11102 = FACE_OUTER_BOUND ( 'NONE', #6086, .T. ) ;
#11103 = CARTESIAN_POINT ( 'NONE',  ( 0.0000000000000000000, 0.009842519685039369900, 0.0000000000000000000 ) ) ;
#11104 = FILL_AREA_STYLE_COLOUR ( '', #4306 ) ;
#11105 = CARTESIAN_POINT ( 'NONE',  ( 0.0000000000000000000, 0.0000000000000000000, 0.0000000000000000000 ) ) ;
#11106 = ADVANCED_FACE ( 'NONE', ( #9677 ), #3448, .F. ) ;
#11107 = COLOUR_RGB ( '',0.9686274509803921600, 0.8784313725490196000, 0.5999999999999999800 ) ;
#11108 = FILL_AREA_STYLE ('',( #7640 ) ) ;
#11109 =( NAMED_UNIT ( * ) PLANE_ANGLE_UNIT ( ) SI_UNIT ( $, .RADIAN. ) );
#11110 = FACE_OUTER_BOUND ( 'NONE', #6198, .T. ) ;
#11111 = EDGE_CURVE ( 'NONE', #1976, #4338, #1578, .T. ) ;
#11112 = ORIENTED_EDGE ( 'NONE', *, *, #6047, .T. ) ;
#11113 = ORIENTED_EDGE ( 'NONE', *, *, #1802, .T. ) ;
#11114 = EDGE_CURVE ( 'NONE', #5157, #1536, #6246, .T. ) ;
#11115 = SURFACE_SIDE_STYLE ('',( #9851 ) ) ;
#11116 = LENGTH_MEASURE_WITH_UNIT ( LENGTH_MEASURE( 0.02539999999999999900 ), #8412 );
#11117 = CARTESIAN_POINT ( 'NONE',  ( 0.0000000000000000000, 0.0000000000000000000, 0.0000000000000000000 ) ) ;
#11118 = AXIS2_PLACEMENT_3D ( 'NONE', #9242, #3985, #10114 ) ;
#11119 = VECTOR ( 'NONE', #3356, 39.37007874015748100 ) ;
#11120 = LINE ( 'NONE', #7087, #4413 ) ;
#11121 = SURFACE_STYLE_USAGE ( .BOTH. , #11159 ) ;
#11122 = DIRECTION ( 'NONE',  ( -1.000000000000000000, -0.0000000000000000000, 0.0000000000000000000 ) ) ;
#11123 = CARTESIAN_POINT ( 'NONE',  ( 0.09055118110236223800, 0.0000000000000000000, -0.02047244094488188900 ) ) ;
#11124 = UNCERTAINTY_MEASURE_WITH_UNIT (LENGTH_MEASURE( 1.000000000000000100E-005 ), #5432, 'distance_accuracy_value', 'NONE');
#11125 =( NAMED_UNIT ( * ) SI_UNIT ( $, .STERADIAN. ) SOLID_ANGLE_UNIT ( ) );
#11126 = VERTEX_POINT ( 'NONE', #889 ) ;
#11127 = EDGE_LOOP ( 'NONE', ( #2919, #3228, #1138 ) ) ;
#11128 = FILL_AREA_STYLE_COLOUR ( '', #7332 ) ;
#11129 = CARTESIAN_POINT ( 'NONE',  ( 0.07283464566929137600, 0.009842519685039369900, -0.02047244094488188900 ) ) ;
#11130 = VECTOR ( 'NONE', #10136, 39.37007874015748100 ) ;
#11131 = FACE_OUTER_BOUND ( 'NONE', #727, .T. ) ;
#11132 = VERTEX_POINT ( 'NONE', #7030 ) ;
#11133 = PLANE ( 'NONE',  #5954 ) ;
#11134 = VERTEX_POINT ( 'NONE', #7920 ) ;
#11135 = VERTEX_POINT ( 'NONE', #2627 ) ;
#11136 = FILL_AREA_STYLE ('',( #4079 ) ) ;
#11137 = PRESENTATION_LAYER_ASSIGNMENT (  '', '', ( #9991 ) ) ;
#11138 = COLOUR_RGB ( '',0.2509803921568627400, 0.2509803921568627400, 0.2509803921568627400 ) ;
#11139 = DIRECTION ( 'NONE',  ( 0.0000000000000000000, 1.000000000000000000, 0.0000000000000000000 ) ) ;
#11140 = SURFACE_STYLE_FILL_AREA ( #9269 ) ;
#11141 = LINE ( 'NONE', #1829, #2115 ) ;
#11142 = STYLED_ITEM ( 'NONE', ( #10537 ), #2223 ) ;
#11143 = ADVANCED_FACE ( 'NONE', ( #3916 ), #1759, .F. ) ;
#11144 = VERTEX_POINT ( 'NONE', #1805 ) ;
#11145 = SURFACE_SIDE_STYLE ('',( #1497 ) ) ;
#11146 = STYLED_ITEM ( 'NONE', ( #8962 ), #4598 ) ;
#11147 = DIRECTION ( 'NONE',  ( -1.000000000000000000, 0.0000000000000000000, -0.0000000000000000000 ) ) ;
#11148 =( GEOMETRIC_REPRESENTATION_CONTEXT ( 3 ) GLOBAL_UNCERTAINTY_ASSIGNED_CONTEXT ( ( #6084 ) ) GLOBAL_UNIT_ASSIGNED_CONTEXT ( ( #11228, #6011, #769 ) ) REPRESENTATION_CONTEXT ( 'NONE', 'WORKASPACE' ) );
#11149 = SURFACE_SIDE_STYLE ('',( #729 ) ) ;
#11150 = VERTEX_POINT ( 'NONE', #9475 ) ;
#11151 = PLANE ( 'NONE',  #10927 ) ;
#11152 = ORIENTED_EDGE ( 'NONE', *, *, #8868, .T. ) ;
#11153 = STYLED_ITEM ( 'NONE', ( #6045 ), #1521 ) ;
#11154 = ORIENTED_EDGE ( 'NONE', *, *, #5058, .T. ) ;
#11155 = SURFACE_STYLE_FILL_AREA ( #5641 ) ;
#11156 = FILL_AREA_STYLE_COLOUR ( '', #3811 ) ;
#11157 =( CONVERSION_BASED_UNIT ( 'INCH', #2830 ) LENGTH_UNIT ( ) NAMED_UNIT ( #4999 ) );
#11158 = MANIFOLD_SOLID_BREP ( 'Boss-Extrude2[11]', #3195 ) ;
#11159 = SURFACE_SIDE_STYLE ('',( #4952 ) ) ;
#11160 = PRESENTATION_LAYER_ASSIGNMENT (  '', '', ( #10006 ) ) ;
#11161 = CARTESIAN_POINT ( 'NONE',  ( -0.05629921259842520000, 0.009842519685039369900, 0.06889763779527562100 ) ) ;
#11162 = ORIENTED_EDGE ( 'NONE', *, *, #11084, .T. ) ;
#11163 = FILL_AREA_STYLE_COLOUR ( '', #7225 ) ;
#11164 = PLANE ( 'NONE',  #2461 ) ;
#11165 = PRESENTATION_LAYER_ASSIGNMENT (  '', '', ( #10575 ) ) ;
#11166 = FACE_OUTER_BOUND ( 'NONE', #4300, .T. ) ;
#11167 = CLOSED_SHELL ( 'NONE', ( #510, #10558, #1616, #7150, #621 ) ) ;
#11168 = EDGE_CURVE ( 'NONE', #2477, #7815, #4040, .T. ) ;
#11169 = DIMENSIONAL_EXPONENTS ( 1.000000000000000000, 0.0000000000000000000, 0.0000000000000000000, 0.0000000000000000000, 0.0000000000000000000, 0.0000000000000000000, 0.0000000000000000000 ) ;
#11170 = DIRECTION ( 'NONE',  ( 1.000000000000000000, 0.0000000000000000000, -0.0000000000000000000 ) ) ;
#11171 = ORIENTED_EDGE ( 'NONE', *, *, #5350, .F. ) ;
#11172 = DIRECTION ( 'NONE',  ( -0.0000000000000000000, 0.0000000000000000000, 1.000000000000000000 ) ) ;
#11173 = CARTESIAN_POINT ( 'NONE',  ( 0.08858267716535438200, 0.03937007874015748000, 0.08464566929133864000 ) ) ;
#11174 = EDGE_LOOP ( 'NONE', ( #9038, #8749, #1553, #9936 ) ) ;
#11175 = EDGE_CURVE ( 'NONE', #4996, #10715, #4880, .T. ) ;
#11176 = DIRECTION ( 'NONE',  ( -2.168404344971005700E-015, -0.0000000000000000000, -1.000000000000000000 ) ) ;
#11177 = SURFACE_STYLE_FILL_AREA ( #7651 ) ;
#11178 = DIRECTION ( 'NONE',  ( -1.204669080539449800E-016, 0.0000000000000000000, 1.000000000000000000 ) ) ;
#11179 = FACE_OUTER_BOUND ( 'NONE', #6637, .T. ) ;
#11180 = CARTESIAN_POINT ( 'NONE',  ( -0.09055118110236218300, -0.02046108103966344500, 0.04606299212598428900 ) ) ;
#11181 = EDGE_CURVE ( 'NONE', #5415, #4130, #9544, .T. ) ;
#11182 =( NAMED_UNIT ( * ) PLANE_ANGLE_UNIT ( ) SI_UNIT ( $, .RADIAN. ) );
#11183 = AXIS2_PLACEMENT_3D ( 'NONE', #5671, #412, #6560 ) ;
#11184 = FILL_AREA_STYLE ('',( #6827 ) ) ;
#11185 = CARTESIAN_POINT ( 'NONE',  ( -0.03070866141732283800, 0.0000000000000000000, -0.08661417322834641400 ) ) ;
#11186 = ORIENTED_EDGE ( 'NONE', *, *, #779, .T. ) ;
#11187 = DIMENSIONAL_EXPONENTS ( 1.000000000000000000, 0.0000000000000000000, 0.0000000000000000000, 0.0000000000000000000, 0.0000000000000000000, 0.0000000000000000000, 0.0000000000000000000 ) ;
#11188 = FILL_AREA_STYLE ('',( #11156 ) ) ;
#11189 = SURFACE_STYLE_FILL_AREA ( #8276 ) ;
#11190 = DIRECTION ( 'NONE',  ( -1.000000000000000000, -0.0000000000000000000, 0.0000000000000000000 ) ) ;
#11191 = DIMENSIONAL_EXPONENTS ( 1.000000000000000000, 0.0000000000000000000, 0.0000000000000000000, 0.0000000000000000000, 0.0000000000000000000, 0.0000000000000000000, 0.0000000000000000000 ) ;
#11192 = DIRECTION ( 'NONE',  ( -0.0000000000000000000, 0.0000000000000000000, 1.000000000000000000 ) ) ;
#11193 = CARTESIAN_POINT ( 'NONE',  ( -0.07283464566929134800, 0.009842519685039369900, -0.005118110236220437700 ) ) ;
#11194 = FILL_AREA_STYLE_COLOUR ( '', #4872 ) ;
#11195 = ADVANCED_FACE ( 'NONE', ( #10741 ), #1642, .F. ) ;
#11196 = PRESENTATION_STYLE_ASSIGNMENT (( #2310 ) ) ;
#11197 =( CONVERSION_BASED_UNIT ( 'INCH', #7260 ) LENGTH_UNIT ( ) NAMED_UNIT ( #1530 ) );
#11198 = SURFACE_STYLE_USAGE ( .BOTH. , #5115 ) ;
#11199 = FILL_AREA_STYLE ('',( #10347 ) ) ;
#11200 = LINE ( 'NONE', #1450, #4241 ) ;
#11201 = MECHANICAL_DESIGN_GEOMETRIC_PRESENTATION_REPRESENTATION (  '', ( #9472 ), #434 ) ;
#11202 = STYLED_ITEM ( 'NONE', ( #2127 ), #4232 ) ;
#11203 = SURFACE_SIDE_STYLE ('',( #1302 ) ) ;
#11204 = VECTOR ( 'NONE', #4688, 39.37007874015748100 ) ;
#11205 = CARTESIAN_POINT ( 'NONE',  ( -0.04606299212598425500, 0.009842519685039369900, -0.06889763779527555100 ) ) ;
#11206 = FILL_AREA_STYLE ('',( #9527 ) ) ;
#11207 = STYLED_ITEM ( 'NONE', ( #4988 ), #1052 ) ;
#11208 =( LENGTH_UNIT ( ) NAMED_UNIT ( * ) SI_UNIT ( $, .METRE. ) );
#11209 = CARTESIAN_POINT ( 'NONE',  ( 0.07283464566929139000, -0.02046108103966344500, 0.03070866141732283800 ) ) ;
#11210 = DIRECTION ( 'NONE',  ( 1.000000000000000000, 0.0000000000000000000, -0.0000000000000000000 ) ) ;
#11211 = DIMENSIONAL_EXPONENTS ( 1.000000000000000000, 0.0000000000000000000, 0.0000000000000000000, 0.0000000000000000000, 0.0000000000000000000, 0.0000000000000000000, 0.0000000000000000000 ) ;
#11212 = VECTOR ( 'NONE', #11192, 39.37007874015748100 ) ;
#11213 = FILL_AREA_STYLE_COLOUR ( '', #579 ) ;
#11214 = FILL_AREA_STYLE_COLOUR ( '', #1507 ) ;
#11215 = MECHANICAL_DESIGN_GEOMETRIC_PRESENTATION_REPRESENTATION (  '', ( #9490 ), #458 ) ;
#11216 = EDGE_LOOP ( 'NONE', ( #10214, #1109, #1169, #8791 ) ) ;
#11217 = MECHANICAL_DESIGN_GEOMETRIC_PRESENTATION_REPRESENTATION (  '', ( #9493 ), #461 ) ;
#11218 = VECTOR ( 'NONE', #9268, 39.37007874015748100 ) ;
#11219 = CARTESIAN_POINT ( 'NONE',  ( 0.07283464566929139000, 0.0000000000000000000, -0.02047244094488188900 ) ) ;
#11220 = LINE ( 'NONE', #3997, #1921 ) ;
#11221 = STYLED_ITEM ( 'NONE', ( #10958 ), #7105 ) ;
#11222 = SURFACE_STYLE_USAGE ( .BOTH. , #5146 ) ;
#11223 = FILL_AREA_STYLE ('',( #168 ) ) ;
#11224 = CARTESIAN_POINT ( 'NONE',  ( 0.0000000000000000000, 0.0000000000000000000, -0.03070866141732283800 ) ) ;
#11225 = PLANE ( 'NONE',  #3242 ) ;
#11226 = DIRECTION ( 'NONE',  ( 0.0000000000000000000, -0.0000000000000000000, 1.000000000000000000 ) ) ;
#11227 = ORIENTED_EDGE ( 'NONE', *, *, #6831, .F. ) ;
#11228 =( CONVERSION_BASED_UNIT ( 'INCH', #3793 ) LENGTH_UNIT ( ) NAMED_UNIT ( #8567 ) );
#11229 = LINE ( 'NONE', #5431, #1934 ) ;
#11230 = AXIS2_PLACEMENT_3D ( 'NONE', #6162, #929, #7076 ) ;
#11231 = PRESENTATION_STYLE_ASSIGNMENT (( #8048 ) ) ;
#11232 = SURFACE_SIDE_STYLE ('',( #1691 ) ) ;
#11233 = LINE ( 'NONE', #3230, #1938 ) ;
#11234 = CARTESIAN_POINT ( 'NONE',  ( -0.03070866141732284500, 0.009842519685039369900, -0.08661417322834641400 ) ) ;
#11235 = VECTOR ( 'NONE', #7883, 39.37007874015748100 ) ;
#11236 = PRESENTATION_STYLE_ASSIGNMENT (( #3822 ) ) ;
#11237 = ORIENTED_EDGE ( 'NONE', *, *, #1733, .T. ) ;
#11238 = EDGE_CURVE ( 'NONE', #10730, #2614, #7353, .T. ) ;
#11239 = EDGE_LOOP ( 'NONE', ( #3602, #6522, #1693, #5718 ) ) ;
#11240 = CARTESIAN_POINT ( 'NONE',  ( -0.05629921259842520000, -0.02046108103966344500, 0.06889763779527562100 ) ) ;
#11241 = COLOUR_RGB ( '',0.9686274509803921600, 0.8784313725490196000, 0.5999999999999999800 ) ;
#11242 = EDGE_CURVE ( 'NONE', #5182, #5415, #5005, .T. ) ;
#11243 = LINE ( 'NONE', #5921, #4563 ) ;
#11244 = AXIS2_PLACEMENT_3D ( 'NONE', #2475, #8636, #3375 ) ;
#11245 = FILL_AREA_STYLE_COLOUR ( '', #6386 ) ;
#11246 = UNCERTAINTY_MEASURE_WITH_UNIT (LENGTH_MEASURE( 1.000000000000000100E-005 ), #1969, 'distance_accuracy_value', 'NONE');
#11247 = ADVANCED_FACE ( 'NONE', ( #4725 ), #3444, .F. ) ;
#11248 = DIRECTION ( 'NONE',  ( 0.0000000000000000000, 0.0000000000000000000, 1.000000000000000000 ) ) ;
#11249 = ORIENTED_EDGE ( 'NONE', *, *, #9954, .F. ) ;
#11250 = ORIENTED_EDGE ( 'NONE', *, *, #2319, .F. ) ;
#11251 = CARTESIAN_POINT ( 'NONE',  ( 0.09055118110236225200, -0.02046108103966344500, 0.04606299212598425500 ) ) ;
#11252 =( CONVERSION_BASED_UNIT ( 'INCH', #9360 ) LENGTH_UNIT ( ) NAMED_UNIT ( #2933 ) );
#11253 = LENGTH_MEASURE_WITH_UNIT ( LENGTH_MEASURE( 0.02539999999999999900 ), #8345 );
#11254 = PLANE ( 'NONE',  #10691 ) ;
#11255 =( NAMED_UNIT ( * ) SI_UNIT ( $, .STERADIAN. ) SOLID_ANGLE_UNIT ( ) );
#11256 = ORIENTED_EDGE ( 'NONE', *, *, #6289, .F. ) ;
#11257 = ORIENTED_EDGE ( 'NONE', *, *, #1007, .T. ) ;
#11258 = EDGE_CURVE ( 'NONE', #2519, #1798, #1564, .T. ) ;
#11259 =( LENGTH_UNIT ( ) NAMED_UNIT ( * ) SI_UNIT ( $, .METRE. ) );
#11260 = ORIENTED_EDGE ( 'NONE', *, *, #3354, .F. ) ;
#11261 = CARTESIAN_POINT ( 'NONE',  ( 0.09055118110236225200, 0.009842519685039369900, 0.04606299212598425500 ) ) ;
#11262 = DIRECTION ( 'NONE',  ( -0.0000000000000000000, -0.0000000000000000000, 1.000000000000000000 ) ) ;
#11263 =( GEOMETRIC_REPRESENTATION_CONTEXT ( 3 ) GLOBAL_UNCERTAINTY_ASSIGNED_CONTEXT ( ( #8352 ) ) GLOBAL_UNIT_ASSIGNED_CONTEXT ( ( #7864, #2580, #8739 ) ) REPRESENTATION_CONTEXT ( 'NONE', 'WORKASPACE' ) );
#11264 = FACE_OUTER_BOUND ( 'NONE', #2024, .T. ) ;
#11265 = SURFACE_STYLE_FILL_AREA ( #4858 ) ;
#11266 = LINE ( 'NONE', #3246, #6658 ) ;
#11267 = DIRECTION ( 'NONE',  ( 0.0000000000000000000, -1.000000000000000000, 0.0000000000000000000 ) ) ;
#11268 = SHAPE_DEFINITION_REPRESENTATION ( #5716, #8232 ) ;
#11269 = VERTEX_POINT ( 'NONE', #10447 ) ;
#11270 = DIRECTION ( 'NONE',  ( 0.0000000000000000000, 1.000000000000000000, 0.0000000000000000000 ) ) ;
#11271 = MECHANICAL_DESIGN_GEOMETRIC_PRESENTATION_REPRESENTATION (  '', ( #9558 ), #514 ) ;
#11272 = ORIENTED_EDGE ( 'NONE', *, *, #3050, .T. ) ;
#11273 = ORIENTED_EDGE ( 'NONE', *, *, #2388, .T. ) ;
#11274 = ORIENTED_EDGE ( 'NONE', *, *, #7553, .T. ) ;
#11275 = DIMENSIONAL_EXPONENTS ( 1.000000000000000000, 0.0000000000000000000, 0.0000000000000000000, 0.0000000000000000000, 0.0000000000000000000, 0.0000000000000000000, 0.0000000000000000000 ) ;
#11276 = SURFACE_SIDE_STYLE ('',( #601 ) ) ;
#11277 = PLANE ( 'NONE',  #8165 ) ;
#11278 = LENGTH_MEASURE_WITH_UNIT ( LENGTH_MEASURE( 0.02539999999999999900 ), #6722 );
#11279 = VECTOR ( 'NONE', #2937, 39.37007874015748100 ) ;
#11280 = LINE ( 'NONE', #11310, #4602 ) ;
#11281 = ORIENTED_EDGE ( 'NONE', *, *, #3039, .T. ) ;
#11282 = LINE ( 'NONE', #10118, #6673 ) ;
#11283 = PRESENTATION_LAYER_ASSIGNMENT (  '', '', ( #10129 ) ) ;
#11284 = CARTESIAN_POINT ( 'NONE',  ( 0.02047244094488188600, 0.009842519685039369900, 0.08661417322834648300 ) ) ;
#11285 = ORIENTED_EDGE ( 'NONE', *, *, #2175, .F. ) ;
#11286 = CARTESIAN_POINT ( 'NONE',  ( -0.09251968503937005300, 0.03937007874015748000, 0.08858267716535438200 ) ) ;
#11287 =( GEOMETRIC_REPRESENTATION_CONTEXT ( 3 ) GLOBAL_UNCERTAINTY_ASSIGNED_CONTEXT ( ( #10084 ) ) GLOBAL_UNIT_ASSIGNED_CONTEXT ( ( #10904, #10872, #10828 ) ) REPRESENTATION_CONTEXT ( 'NONE', 'WORKASPACE' ) );
#11288 =( NAMED_UNIT ( * ) PLANE_ANGLE_UNIT ( ) SI_UNIT ( $, .RADIAN. ) );
#11289 = MECHANICAL_DESIGN_GEOMETRIC_PRESENTATION_REPRESENTATION (  '', ( #9570 ), #530 ) ;
#11290 = EDGE_LOOP ( 'NONE', ( #6118, #2783, #8115, #635 ) ) ;
#11291 = DIRECTION ( 'NONE',  ( -1.000000000000000000, 0.0000000000000000000, -0.0000000000000000000 ) ) ;
#11292 = MECHANICAL_DESIGN_GEOMETRIC_PRESENTATION_REPRESENTATION (  '', ( #9572 ), #534 ) ;
#11293 = DIRECTION ( 'NONE',  ( 1.000000000000000000, 0.0000000000000000000, -0.0000000000000000000 ) ) ;
#11294 = SURFACE_STYLE_USAGE ( .BOTH. , #299 ) ;
#11295 = DIRECTION ( 'NONE',  ( 1.000000000000000000, 0.0000000000000000000, -0.0000000000000000000 ) ) ;
#11296 = EDGE_LOOP ( 'NONE', ( #3733, #604, #8514, #6936 ) ) ;
#11297 = DIMENSIONAL_EXPONENTS ( 1.000000000000000000, 0.0000000000000000000, 0.0000000000000000000, 0.0000000000000000000, 0.0000000000000000000, 0.0000000000000000000, 0.0000000000000000000 ) ;
#11298 = MECHANICAL_DESIGN_GEOMETRIC_PRESENTATION_REPRESENTATION (  '', ( #9577 ), #538 ) ;
#11299 = ORIENTED_EDGE ( 'NONE', *, *, #2175, .T. ) ;
#11300 = DIRECTION ( 'NONE',  ( 0.0000000000000000000, -0.0000000000000000000, 1.000000000000000000 ) ) ;
#11301 = SURFACE_STYLE_USAGE ( .BOTH. , #5207 ) ;
#11302 = COLOUR_RGB ( '',0.9686274509803921600, 0.8784313725490196000, 0.5999999999999999800 ) ;
#11303 = VERTEX_POINT ( 'NONE', #7026 ) ;
#11304 = PRESENTATION_LAYER_ASSIGNMENT (  '', '', ( #10150 ) ) ;
#11305 = DIMENSIONAL_EXPONENTS ( 1.000000000000000000, 0.0000000000000000000, 0.0000000000000000000, 0.0000000000000000000, 0.0000000000000000000, 0.0000000000000000000, 0.0000000000000000000 ) ;
#11306 = AXIS2_PLACEMENT_3D ( 'NONE', #9249, #9210, #9176 ) ;
#11307 = VERTEX_POINT ( 'NONE', #6127 ) ;
#11308 = FILL_AREA_STYLE_COLOUR ( '', #9661 ) ;
#11309 = ADVANCED_FACE ( 'NONE', ( #10592 ), #7, .F. ) ;
#11311 = LINE ( 'NONE', #8588, #4625 ) ;
#11310 = CARTESIAN_POINT ( 'NONE',  ( -0.05629921259842520000, 0.009842519685039369900, 0.06889763779527562100 ) ) ;
#11312 = EDGE_CURVE ( 'NONE', #3335, #3299, #7210, .T. ) ;
#11313 = LENGTH_MEASURE_WITH_UNIT ( LENGTH_MEASURE( 0.02539999999999999900 ), #9004 );
#11314 = EDGE_CURVE ( 'NONE', #875, #1008, #8291, .T. ) ;
#11315 = DIRECTION ( 'NONE',  ( -1.000000000000000000, 0.0000000000000000000, -0.0000000000000000000 ) ) ;
#11316 = ORIENTED_EDGE ( 'NONE', *, *, #9876, .F. ) ;
#11317 = LINE ( 'NONE', #9279, #10246 ) ;
#11318 = SURFACE_SIDE_STYLE ('',( #339 ) ) ;
#11319 = SURFACE_STYLE_USAGE ( .BOTH. , #5225 ) ;
#11320 = EDGE_CURVE ( 'NONE', #9659, #6836, #9525, .T. ) ;
#11321 = UNCERTAINTY_MEASURE_WITH_UNIT (LENGTH_MEASURE( 1.000000000000000100E-005 ), #9691, 'distance_accuracy_value', 'NONE');
#11322 = PLANE ( 'NONE',  #4285 ) ;
#11323 = ORIENTED_EDGE ( 'NONE', *, *, #2665, .T. ) ;
#11324 = SURFACE_SIDE_STYLE ('',( #7431 ) ) ;
#11325 =( NAMED_UNIT ( * ) PLANE_ANGLE_UNIT ( ) SI_UNIT ( $, .RADIAN. ) );
#11326 = EDGE_CURVE ( 'NONE', #109, #9219, #4862, .T. ) ;
#11327 = PRESENTATION_STYLE_ASSIGNMENT (( #265 ) ) ;
#11328 =( CONVERSION_BASED_UNIT ( 'INCH', #5661 ) LENGTH_UNIT ( ) NAMED_UNIT ( #9955 ) );
#11329 = STYLED_ITEM ( 'NONE', ( #11236 ), #8643 ) ;
#11330 = UNCERTAINTY_MEASURE_WITH_UNIT (LENGTH_MEASURE( 1.000000000000000100E-005 ), #8531, 'distance_accuracy_value', 'NONE');
#11331 = CARTESIAN_POINT ( 'NONE',  ( -0.09055118110236221000, 0.009842519685039369900, 0.03070866141732286900 ) ) ;
#11332 = FILL_AREA_STYLE_COLOUR ( '', #2842 ) ;
#11333 =( NAMED_UNIT ( * ) SI_UNIT ( $, .STERADIAN. ) SOLID_ANGLE_UNIT ( ) );
#11334 = DIRECTION ( 'NONE',  ( 0.0000000000000000000, -0.0000000000000000000, -1.000000000000000000 ) ) ;
#11335 = VECTOR ( 'NONE', #6594, 39.37007874015748100 ) ;
#11336 = VECTOR ( 'NONE', #8034, 39.37007874015748100 ) ;
#11337 =( CONVERSION_BASED_UNIT ( 'INCH', #8435 ) LENGTH_UNIT ( ) NAMED_UNIT ( #3180 ) );
ENDSEC;
END-ISO-10303-21;
