ISO-10303-21;
HEADER;
FILE_DESCRIPTION((''),'2;1');
FILE_NAME('901220770','2020-07-20T',('gga'),(''),
'PRO/ENGINEER BY PARAMETRIC TECHNOLOGY CORPORATION, 2016010',
'PRO/ENGINEER BY PARAMETRIC TECHNOLOGY CORPORATION, 2016010','');
FILE_SCHEMA(('CONFIG_CONTROL_DESIGN'));
ENDSEC;
DATA;
#1=DIRECTION('',(1.391731009601E-1,0.E0,9.902680687416E-1));
#2=VECTOR('',#1,2.221620659541E0);
#3=CARTESIAN_POINT('',(-1.051918983635E1,-1.E0,-3.075E0));
#4=LINE('',#3,#2);
#5=DIRECTION('',(-1.E0,0.E0,0.E0));
#6=VECTOR('',#5,1.857566243839E0);
#7=CARTESIAN_POINT('',(-1.051918983635E1,-1.E0,-3.075E0));
#8=LINE('',#7,#6);
#9=DIRECTION('',(-1.391731009601E-1,0.E0,9.902680687416E-1));
#10=VECTOR('',#9,2.322603416793E0);
#11=CARTESIAN_POINT('',(-1.237675608018E1,-1.E0,-3.075E0));
#12=LINE('',#11,#10);
#13=DIRECTION('',(0.E0,0.E0,1.E0));
#14=VECTOR('',#13,1.55E0);
#15=CARTESIAN_POINT('',(-1.27E1,-1.E0,-7.75E-1));
#16=LINE('',#15,#14);
#17=DIRECTION('',(1.391731009601E-1,0.E0,9.902680687416E-1));
#18=VECTOR('',#17,2.322603416793E0);
#19=CARTESIAN_POINT('',(-1.27E1,-1.E0,7.75E-1));
#20=LINE('',#19,#18);
#21=DIRECTION('',(1.E0,0.E0,0.E0));
#22=VECTOR('',#21,1.857566243839E0);
#23=CARTESIAN_POINT('',(-1.237675608018E1,-1.E0,3.075E0));
#24=LINE('',#23,#22);
#25=DIRECTION('',(-1.391731009601E-1,0.E0,9.902680687416E-1));
#26=VECTOR('',#25,2.221620659541E0);
#27=CARTESIAN_POINT('',(-1.021E1,-1.E0,8.75E-1));
#28=LINE('',#27,#26);
#29=DIRECTION('',(-1.E0,0.E0,0.E0));
#30=VECTOR('',#29,1.E-1);
#31=CARTESIAN_POINT('',(-1.011E1,-1.E0,8.75E-1));
#32=LINE('',#31,#30);
#33=DIRECTION('',(-1.391731009601E-1,0.E0,-9.902680687416E-1));
#34=VECTOR('',#33,2.221620659541E0);
#35=CARTESIAN_POINT('',(-9.800810163655E0,-1.E0,3.075E0));
#36=LINE('',#35,#34);
#37=DIRECTION('',(1.E0,0.E0,0.E0));
#38=VECTOR('',#37,1.821620327309E0);
#39=CARTESIAN_POINT('',(-9.800810163655E0,-1.E0,3.075E0));
#40=LINE('',#39,#38);
#41=DIRECTION('',(-1.391731009601E-1,0.E0,9.902680687416E-1));
#42=VECTOR('',#41,2.221620659541E0);
#43=CARTESIAN_POINT('',(-7.67E0,-1.E0,8.75E-1));
#44=LINE('',#43,#42);
#45=DIRECTION('',(-1.E0,0.E0,0.E0));
#46=VECTOR('',#45,1.E-1);
#47=CARTESIAN_POINT('',(-7.57E0,-1.E0,8.75E-1));
#48=LINE('',#47,#46);
#49=DIRECTION('',(-1.391731009601E-1,0.E0,-9.902680687416E-1));
#50=VECTOR('',#49,2.221620659541E0);
#51=CARTESIAN_POINT('',(-7.260810163655E0,-1.E0,3.075E0));
#52=LINE('',#51,#50);
#53=DIRECTION('',(1.E0,0.E0,0.E0));
#54=VECTOR('',#53,1.821620327309E0);
#55=CARTESIAN_POINT('',(-7.260810163655E0,-1.E0,3.075E0));
#56=LINE('',#55,#54);
#57=DIRECTION('',(-1.391731009601E-1,0.E0,9.902680687416E-1));
#58=VECTOR('',#57,2.221620659541E0);
#59=CARTESIAN_POINT('',(-5.13E0,-1.E0,8.75E-1));
#60=LINE('',#59,#58);
#61=DIRECTION('',(-1.E0,0.E0,0.E0));
#62=VECTOR('',#61,1.E-1);
#63=CARTESIAN_POINT('',(-5.03E0,-1.E0,8.75E-1));
#64=LINE('',#63,#62);
#65=DIRECTION('',(-1.391731009601E-1,0.E0,-9.902680687416E-1));
#66=VECTOR('',#65,2.221620659541E0);
#67=CARTESIAN_POINT('',(-4.720810163655E0,-1.E0,3.075E0));
#68=LINE('',#67,#66);
#69=DIRECTION('',(1.E0,0.E0,0.E0));
#70=VECTOR('',#69,1.821620327309E0);
#71=CARTESIAN_POINT('',(-4.720810163655E0,-1.E0,3.075E0));
#72=LINE('',#71,#70);
#73=DIRECTION('',(-1.391731009601E-1,0.E0,9.902680687416E-1));
#74=VECTOR('',#73,2.221620659541E0);
#75=CARTESIAN_POINT('',(-2.59E0,-1.E0,8.75E-1));
#76=LINE('',#75,#74);
#77=DIRECTION('',(-1.E0,0.E0,0.E0));
#78=VECTOR('',#77,1.E-1);
#79=CARTESIAN_POINT('',(-2.49E0,-1.E0,8.75E-1));
#80=LINE('',#79,#78);
#81=DIRECTION('',(-1.391731009601E-1,0.E0,-9.902680687416E-1));
#82=VECTOR('',#81,2.221620659541E0);
#83=CARTESIAN_POINT('',(-2.180810163655E0,-1.E0,3.075E0));
#84=LINE('',#83,#82);
#85=DIRECTION('',(1.E0,0.E0,0.E0));
#86=VECTOR('',#85,1.821620327309E0);
#87=CARTESIAN_POINT('',(-2.180810163655E0,-1.E0,3.075E0));
#88=LINE('',#87,#86);
#89=DIRECTION('',(-1.391731009601E-1,0.E0,9.902680687416E-1));
#90=VECTOR('',#89,2.221620659541E0);
#91=CARTESIAN_POINT('',(-4.999999999999E-2,-1.E0,8.75E-1));
#92=LINE('',#91,#90);
#93=DIRECTION('',(-1.E0,0.E0,0.E0));
#94=VECTOR('',#93,1.E-1);
#95=CARTESIAN_POINT('',(5.000000000001E-2,-1.E0,8.75E-1));
#96=LINE('',#95,#94);
#97=DIRECTION('',(-1.391731009601E-1,0.E0,-9.902680687416E-1));
#98=VECTOR('',#97,2.221620659541E0);
#99=CARTESIAN_POINT('',(3.591898363453E-1,-1.E0,3.075E0));
#100=LINE('',#99,#98);
#101=DIRECTION('',(1.E0,0.E0,0.E0));
#102=VECTOR('',#101,1.821620327309E0);
#103=CARTESIAN_POINT('',(3.591898363453E-1,-1.E0,3.075E0));
#104=LINE('',#103,#102);
#105=DIRECTION('',(-1.391731009601E-1,0.E0,9.902680687416E-1));
#106=VECTOR('',#105,2.221620659541E0);
#107=CARTESIAN_POINT('',(2.49E0,-1.E0,8.75E-1));
#108=LINE('',#107,#106);
#109=DIRECTION('',(-1.E0,0.E0,0.E0));
#110=VECTOR('',#109,1.E-1);
#111=CARTESIAN_POINT('',(2.59E0,-1.E0,8.75E-1));
#112=LINE('',#111,#110);
#113=DIRECTION('',(-1.391731009601E-1,0.E0,-9.902680687416E-1));
#114=VECTOR('',#113,2.221620659541E0);
#115=CARTESIAN_POINT('',(2.899189836345E0,-1.E0,3.075E0));
#116=LINE('',#115,#114);
#117=DIRECTION('',(1.E0,0.E0,0.E0));
#118=VECTOR('',#117,1.821620327309E0);
#119=CARTESIAN_POINT('',(2.899189836345E0,-1.E0,3.075E0));
#120=LINE('',#119,#118);
#121=DIRECTION('',(-1.391731009601E-1,0.E0,9.902680687416E-1));
#122=VECTOR('',#121,2.221620659541E0);
#123=CARTESIAN_POINT('',(5.03E0,-1.E0,8.75E-1));
#124=LINE('',#123,#122);
#125=DIRECTION('',(-1.E0,0.E0,0.E0));
#126=VECTOR('',#125,1.E-1);
#127=CARTESIAN_POINT('',(5.13E0,-1.E0,8.75E-1));
#128=LINE('',#127,#126);
#129=DIRECTION('',(-1.391731009601E-1,0.E0,-9.902680687416E-1));
#130=VECTOR('',#129,2.221620659541E0);
#131=CARTESIAN_POINT('',(5.439189836345E0,-1.E0,3.075E0));
#132=LINE('',#131,#130);
#133=DIRECTION('',(1.E0,0.E0,0.E0));
#134=VECTOR('',#133,1.821620327309E0);
#135=CARTESIAN_POINT('',(5.439189836345E0,-1.E0,3.075E0));
#136=LINE('',#135,#134);
#137=DIRECTION('',(-1.391731009601E-1,0.E0,9.902680687416E-1));
#138=VECTOR('',#137,2.221620659541E0);
#139=CARTESIAN_POINT('',(7.57E0,-1.E0,8.75E-1));
#140=LINE('',#139,#138);
#141=DIRECTION('',(-1.E0,0.E0,0.E0));
#142=VECTOR('',#141,1.E-1);
#143=CARTESIAN_POINT('',(7.67E0,-1.E0,8.75E-1));
#144=LINE('',#143,#142);
#145=DIRECTION('',(-1.391731009601E-1,0.E0,-9.902680687416E-1));
#146=VECTOR('',#145,2.221620659541E0);
#147=CARTESIAN_POINT('',(7.979189836345E0,-1.E0,3.075E0));
#148=LINE('',#147,#146);
#149=DIRECTION('',(1.E0,0.E0,0.E0));
#150=VECTOR('',#149,1.821620327309E0);
#151=CARTESIAN_POINT('',(7.979189836345E0,-1.E0,3.075E0));
#152=LINE('',#151,#150);
#153=DIRECTION('',(-1.391731009601E-1,0.E0,9.902680687416E-1));
#154=VECTOR('',#153,2.221620659541E0);
#155=CARTESIAN_POINT('',(1.011E1,-1.E0,8.75E-1));
#156=LINE('',#155,#154);
#157=DIRECTION('',(-1.E0,0.E0,0.E0));
#158=VECTOR('',#157,1.E-1);
#159=CARTESIAN_POINT('',(1.021E1,-1.E0,8.75E-1));
#160=LINE('',#159,#158);
#161=DIRECTION('',(-1.391731009601E-1,0.E0,-9.902680687416E-1));
#162=VECTOR('',#161,2.221620659541E0);
#163=CARTESIAN_POINT('',(1.051918983635E1,-1.E0,3.075E0));
#164=LINE('',#163,#162);
#165=DIRECTION('',(1.E0,0.E0,0.E0));
#166=VECTOR('',#165,1.857566243839E0);
#167=CARTESIAN_POINT('',(1.051918983635E1,-1.E0,3.075E0));
#168=LINE('',#167,#166);
#169=DIRECTION('',(1.391731009601E-1,0.E0,-9.902680687416E-1));
#170=VECTOR('',#169,2.322603416793E0);
#171=CARTESIAN_POINT('',(1.237675608018E1,-1.E0,3.075E0));
#172=LINE('',#171,#170);
#173=DIRECTION('',(0.E0,0.E0,-1.E0));
#174=VECTOR('',#173,1.55E0);
#175=CARTESIAN_POINT('',(1.27E1,-1.E0,7.75E-1));
#176=LINE('',#175,#174);
#177=DIRECTION('',(-1.391731009601E-1,0.E0,-9.902680687416E-1));
#178=VECTOR('',#177,2.322603416793E0);
#179=CARTESIAN_POINT('',(1.27E1,-1.E0,-7.75E-1));
#180=LINE('',#179,#178);
#181=DIRECTION('',(-1.E0,0.E0,0.E0));
#182=VECTOR('',#181,1.857566243839E0);
#183=CARTESIAN_POINT('',(1.237675608018E1,-1.E0,-3.075E0));
#184=LINE('',#183,#182);
#185=DIRECTION('',(1.391731009601E-1,0.E0,-9.902680687416E-1));
#186=VECTOR('',#185,2.221620659541E0);
#187=CARTESIAN_POINT('',(1.021E1,-1.E0,-8.75E-1));
#188=LINE('',#187,#186);
#189=DIRECTION('',(1.E0,0.E0,0.E0));
#190=VECTOR('',#189,1.E-1);
#191=CARTESIAN_POINT('',(1.011E1,-1.E0,-8.75E-1));
#192=LINE('',#191,#190);
#193=DIRECTION('',(1.391731009601E-1,0.E0,9.902680687416E-1));
#194=VECTOR('',#193,2.221620659541E0);
#195=CARTESIAN_POINT('',(9.800810163655E0,-1.E0,-3.075E0));
#196=LINE('',#195,#194);
#197=DIRECTION('',(-1.E0,0.E0,0.E0));
#198=VECTOR('',#197,1.821620327309E0);
#199=CARTESIAN_POINT('',(9.800810163655E0,-1.E0,-3.075E0));
#200=LINE('',#199,#198);
#201=DIRECTION('',(1.391731009601E-1,0.E0,-9.902680687416E-1));
#202=VECTOR('',#201,2.221620659541E0);
#203=CARTESIAN_POINT('',(7.67E0,-1.E0,-8.75E-1));
#204=LINE('',#203,#202);
#205=DIRECTION('',(1.E0,0.E0,0.E0));
#206=VECTOR('',#205,1.E-1);
#207=CARTESIAN_POINT('',(7.57E0,-1.E0,-8.75E-1));
#208=LINE('',#207,#206);
#209=DIRECTION('',(1.391731009601E-1,0.E0,9.902680687416E-1));
#210=VECTOR('',#209,2.221620659541E0);
#211=CARTESIAN_POINT('',(7.260810163655E0,-1.E0,-3.075E0));
#212=LINE('',#211,#210);
#213=DIRECTION('',(-1.E0,0.E0,0.E0));
#214=VECTOR('',#213,1.821620327309E0);
#215=CARTESIAN_POINT('',(7.260810163655E0,-1.E0,-3.075E0));
#216=LINE('',#215,#214);
#217=DIRECTION('',(1.391731009601E-1,0.E0,-9.902680687416E-1));
#218=VECTOR('',#217,2.221620659541E0);
#219=CARTESIAN_POINT('',(5.13E0,-1.E0,-8.75E-1));
#220=LINE('',#219,#218);
#221=DIRECTION('',(1.E0,0.E0,0.E0));
#222=VECTOR('',#221,1.E-1);
#223=CARTESIAN_POINT('',(5.03E0,-1.E0,-8.75E-1));
#224=LINE('',#223,#222);
#225=DIRECTION('',(1.391731009601E-1,0.E0,9.902680687416E-1));
#226=VECTOR('',#225,2.221620659541E0);
#227=CARTESIAN_POINT('',(4.720810163655E0,-1.E0,-3.075E0));
#228=LINE('',#227,#226);
#229=DIRECTION('',(-1.E0,0.E0,0.E0));
#230=VECTOR('',#229,1.821620327309E0);
#231=CARTESIAN_POINT('',(4.720810163655E0,-1.E0,-3.075E0));
#232=LINE('',#231,#230);
#233=DIRECTION('',(1.391731009601E-1,0.E0,-9.902680687416E-1));
#234=VECTOR('',#233,2.221620659541E0);
#235=CARTESIAN_POINT('',(2.59E0,-1.E0,-8.75E-1));
#236=LINE('',#235,#234);
#237=DIRECTION('',(1.E0,0.E0,0.E0));
#238=VECTOR('',#237,1.E-1);
#239=CARTESIAN_POINT('',(2.49E0,-1.E0,-8.75E-1));
#240=LINE('',#239,#238);
#241=DIRECTION('',(1.391731009601E-1,0.E0,9.902680687416E-1));
#242=VECTOR('',#241,2.221620659541E0);
#243=CARTESIAN_POINT('',(2.180810163655E0,-1.E0,-3.075E0));
#244=LINE('',#243,#242);
#245=DIRECTION('',(-1.E0,0.E0,0.E0));
#246=VECTOR('',#245,1.821620327309E0);
#247=CARTESIAN_POINT('',(2.180810163655E0,-1.E0,-3.075E0));
#248=LINE('',#247,#246);
#249=DIRECTION('',(1.391731009601E-1,0.E0,-9.902680687416E-1));
#250=VECTOR('',#249,2.221620659541E0);
#251=CARTESIAN_POINT('',(5.000000000001E-2,-1.E0,-8.75E-1));
#252=LINE('',#251,#250);
#253=DIRECTION('',(1.E0,0.E0,0.E0));
#254=VECTOR('',#253,1.E-1);
#255=CARTESIAN_POINT('',(-4.999999999999E-2,-1.E0,-8.75E-1));
#256=LINE('',#255,#254);
#257=DIRECTION('',(1.391731009601E-1,0.E0,9.902680687416E-1));
#258=VECTOR('',#257,2.221620659541E0);
#259=CARTESIAN_POINT('',(-3.591898363453E-1,-1.E0,-3.075E0));
#260=LINE('',#259,#258);
#261=DIRECTION('',(-1.E0,0.E0,0.E0));
#262=VECTOR('',#261,1.821620327309E0);
#263=CARTESIAN_POINT('',(-3.591898363453E-1,-1.E0,-3.075E0));
#264=LINE('',#263,#262);
#265=DIRECTION('',(1.391731009601E-1,0.E0,-9.902680687416E-1));
#266=VECTOR('',#265,2.221620659541E0);
#267=CARTESIAN_POINT('',(-2.49E0,-1.E0,-8.75E-1));
#268=LINE('',#267,#266);
#269=DIRECTION('',(1.E0,0.E0,0.E0));
#270=VECTOR('',#269,1.E-1);
#271=CARTESIAN_POINT('',(-2.59E0,-1.E0,-8.75E-1));
#272=LINE('',#271,#270);
#273=DIRECTION('',(1.391731009601E-1,0.E0,9.902680687416E-1));
#274=VECTOR('',#273,2.221620659541E0);
#275=CARTESIAN_POINT('',(-2.899189836345E0,-1.E0,-3.075E0));
#276=LINE('',#275,#274);
#277=DIRECTION('',(-1.E0,0.E0,0.E0));
#278=VECTOR('',#277,1.821620327309E0);
#279=CARTESIAN_POINT('',(-2.899189836345E0,-1.E0,-3.075E0));
#280=LINE('',#279,#278);
#281=DIRECTION('',(1.391731009601E-1,0.E0,-9.902680687416E-1));
#282=VECTOR('',#281,2.221620659541E0);
#283=CARTESIAN_POINT('',(-5.03E0,-1.E0,-8.75E-1));
#284=LINE('',#283,#282);
#285=DIRECTION('',(1.E0,0.E0,0.E0));
#286=VECTOR('',#285,1.E-1);
#287=CARTESIAN_POINT('',(-5.13E0,-1.E0,-8.75E-1));
#288=LINE('',#287,#286);
#289=DIRECTION('',(1.391731009601E-1,0.E0,9.902680687416E-1));
#290=VECTOR('',#289,2.221620659541E0);
#291=CARTESIAN_POINT('',(-5.439189836345E0,-1.E0,-3.075E0));
#292=LINE('',#291,#290);
#293=DIRECTION('',(-1.E0,0.E0,0.E0));
#294=VECTOR('',#293,1.821620327309E0);
#295=CARTESIAN_POINT('',(-5.439189836345E0,-1.E0,-3.075E0));
#296=LINE('',#295,#294);
#297=DIRECTION('',(1.391731009601E-1,0.E0,-9.902680687416E-1));
#298=VECTOR('',#297,2.221620659541E0);
#299=CARTESIAN_POINT('',(-7.57E0,-1.E0,-8.75E-1));
#300=LINE('',#299,#298);
#301=DIRECTION('',(1.E0,0.E0,0.E0));
#302=VECTOR('',#301,1.E-1);
#303=CARTESIAN_POINT('',(-7.67E0,-1.E0,-8.75E-1));
#304=LINE('',#303,#302);
#305=DIRECTION('',(1.391731009601E-1,0.E0,9.902680687416E-1));
#306=VECTOR('',#305,2.221620659541E0);
#307=CARTESIAN_POINT('',(-7.979189836345E0,-1.E0,-3.075E0));
#308=LINE('',#307,#306);
#309=DIRECTION('',(-1.E0,0.E0,0.E0));
#310=VECTOR('',#309,1.821620327309E0);
#311=CARTESIAN_POINT('',(-7.979189836345E0,-1.E0,-3.075E0));
#312=LINE('',#311,#310);
#313=DIRECTION('',(1.391731009601E-1,0.E0,-9.902680687416E-1));
#314=VECTOR('',#313,2.221620659541E0);
#315=CARTESIAN_POINT('',(-1.011E1,-1.E0,-8.75E-1));
#316=LINE('',#315,#314);
#317=DIRECTION('',(1.E0,0.E0,0.E0));
#318=VECTOR('',#317,1.E-1);
#319=CARTESIAN_POINT('',(-1.021E1,-1.E0,-8.75E-1));
#320=LINE('',#319,#318);
#321=DIRECTION('',(0.E0,0.E0,-1.E0));
#322=VECTOR('',#321,6.5E-1);
#323=CARTESIAN_POINT('',(1.1105E1,-1.E0,-9.45E-1));
#324=LINE('',#323,#322);
#325=DIRECTION('',(1.E0,0.E0,0.E0));
#326=VECTOR('',#325,6.5E-1);
#327=CARTESIAN_POINT('',(1.1105E1,-1.E0,-1.595E0));
#328=LINE('',#327,#326);
#329=DIRECTION('',(0.E0,0.E0,-1.E0));
#330=VECTOR('',#329,6.5E-1);
#331=CARTESIAN_POINT('',(1.1755E1,-1.E0,-9.45E-1));
#332=LINE('',#331,#330);
#333=DIRECTION('',(1.E0,0.E0,0.E0));
#334=VECTOR('',#333,6.5E-1);
#335=CARTESIAN_POINT('',(1.1105E1,-1.E0,-9.45E-1));
#336=LINE('',#335,#334);
#337=DIRECTION('',(0.E0,0.E0,-1.E0));
#338=VECTOR('',#337,6.5E-1);
#339=CARTESIAN_POINT('',(1.1105E1,-1.E0,1.595E0));
#340=LINE('',#339,#338);
#341=DIRECTION('',(1.E0,0.E0,0.E0));
#342=VECTOR('',#341,6.5E-1);
#343=CARTESIAN_POINT('',(1.1105E1,-1.E0,9.45E-1));
#344=LINE('',#343,#342);
#345=DIRECTION('',(0.E0,0.E0,-1.E0));
#346=VECTOR('',#345,6.5E-1);
#347=CARTESIAN_POINT('',(1.1755E1,-1.E0,1.595E0));
#348=LINE('',#347,#346);
#349=DIRECTION('',(1.E0,0.E0,0.E0));
#350=VECTOR('',#349,6.5E-1);
#351=CARTESIAN_POINT('',(1.1105E1,-1.E0,1.595E0));
#352=LINE('',#351,#350);
#353=DIRECTION('',(0.E0,0.E0,-1.E0));
#354=VECTOR('',#353,6.5E-1);
#355=CARTESIAN_POINT('',(8.565E0,-1.E0,-9.45E-1));
#356=LINE('',#355,#354);
#357=DIRECTION('',(1.E0,0.E0,0.E0));
#358=VECTOR('',#357,6.5E-1);
#359=CARTESIAN_POINT('',(8.565E0,-1.E0,-1.595E0));
#360=LINE('',#359,#358);
#361=DIRECTION('',(0.E0,0.E0,-1.E0));
#362=VECTOR('',#361,6.5E-1);
#363=CARTESIAN_POINT('',(9.215E0,-1.E0,-9.45E-1));
#364=LINE('',#363,#362);
#365=DIRECTION('',(1.E0,0.E0,0.E0));
#366=VECTOR('',#365,6.5E-1);
#367=CARTESIAN_POINT('',(8.565E0,-1.E0,-9.45E-1));
#368=LINE('',#367,#366);
#369=DIRECTION('',(0.E0,0.E0,-1.E0));
#370=VECTOR('',#369,6.5E-1);
#371=CARTESIAN_POINT('',(8.565E0,-1.E0,1.595E0));
#372=LINE('',#371,#370);
#373=DIRECTION('',(1.E0,0.E0,0.E0));
#374=VECTOR('',#373,6.5E-1);
#375=CARTESIAN_POINT('',(8.565E0,-1.E0,9.45E-1));
#376=LINE('',#375,#374);
#377=DIRECTION('',(0.E0,0.E0,-1.E0));
#378=VECTOR('',#377,6.5E-1);
#379=CARTESIAN_POINT('',(9.215E0,-1.E0,1.595E0));
#380=LINE('',#379,#378);
#381=DIRECTION('',(1.E0,0.E0,0.E0));
#382=VECTOR('',#381,6.5E-1);
#383=CARTESIAN_POINT('',(8.565E0,-1.E0,1.595E0));
#384=LINE('',#383,#382);
#385=DIRECTION('',(0.E0,0.E0,-1.E0));
#386=VECTOR('',#385,6.5E-1);
#387=CARTESIAN_POINT('',(6.025E0,-1.E0,-9.45E-1));
#388=LINE('',#387,#386);
#389=DIRECTION('',(1.E0,0.E0,0.E0));
#390=VECTOR('',#389,6.5E-1);
#391=CARTESIAN_POINT('',(6.025E0,-1.E0,-1.595E0));
#392=LINE('',#391,#390);
#393=DIRECTION('',(0.E0,0.E0,-1.E0));
#394=VECTOR('',#393,6.5E-1);
#395=CARTESIAN_POINT('',(6.675E0,-1.E0,-9.45E-1));
#396=LINE('',#395,#394);
#397=DIRECTION('',(1.E0,0.E0,0.E0));
#398=VECTOR('',#397,6.5E-1);
#399=CARTESIAN_POINT('',(6.025E0,-1.E0,-9.45E-1));
#400=LINE('',#399,#398);
#401=DIRECTION('',(0.E0,0.E0,-1.E0));
#402=VECTOR('',#401,6.5E-1);
#403=CARTESIAN_POINT('',(6.025E0,-1.E0,1.595E0));
#404=LINE('',#403,#402);
#405=DIRECTION('',(1.E0,0.E0,0.E0));
#406=VECTOR('',#405,6.5E-1);
#407=CARTESIAN_POINT('',(6.025E0,-1.E0,9.45E-1));
#408=LINE('',#407,#406);
#409=DIRECTION('',(0.E0,0.E0,-1.E0));
#410=VECTOR('',#409,6.5E-1);
#411=CARTESIAN_POINT('',(6.675E0,-1.E0,1.595E0));
#412=LINE('',#411,#410);
#413=DIRECTION('',(1.E0,0.E0,0.E0));
#414=VECTOR('',#413,6.5E-1);
#415=CARTESIAN_POINT('',(6.025E0,-1.E0,1.595E0));
#416=LINE('',#415,#414);
#417=DIRECTION('',(0.E0,0.E0,1.E0));
#418=VECTOR('',#417,6.5E-1);
#419=CARTESIAN_POINT('',(3.485E0,-1.E0,-1.595E0));
#420=LINE('',#419,#418);
#421=DIRECTION('',(1.E0,0.E0,0.E0));
#422=VECTOR('',#421,6.5E-1);
#423=CARTESIAN_POINT('',(3.485E0,-1.E0,-1.595E0));
#424=LINE('',#423,#422);
#425=DIRECTION('',(0.E0,0.E0,1.E0));
#426=VECTOR('',#425,6.5E-1);
#427=CARTESIAN_POINT('',(4.135E0,-1.E0,-1.595E0));
#428=LINE('',#427,#426);
#429=DIRECTION('',(1.E0,0.E0,0.E0));
#430=VECTOR('',#429,6.5E-1);
#431=CARTESIAN_POINT('',(3.485E0,-1.E0,-9.45E-1));
#432=LINE('',#431,#430);
#433=DIRECTION('',(0.E0,0.E0,1.E0));
#434=VECTOR('',#433,6.5E-1);
#435=CARTESIAN_POINT('',(3.485E0,-1.E0,9.45E-1));
#436=LINE('',#435,#434);
#437=DIRECTION('',(1.E0,0.E0,0.E0));
#438=VECTOR('',#437,6.5E-1);
#439=CARTESIAN_POINT('',(3.485E0,-1.E0,9.45E-1));
#440=LINE('',#439,#438);
#441=DIRECTION('',(0.E0,0.E0,1.E0));
#442=VECTOR('',#441,6.5E-1);
#443=CARTESIAN_POINT('',(4.135E0,-1.E0,9.45E-1));
#444=LINE('',#443,#442);
#445=DIRECTION('',(1.E0,0.E0,0.E0));
#446=VECTOR('',#445,6.5E-1);
#447=CARTESIAN_POINT('',(3.485E0,-1.E0,1.595E0));
#448=LINE('',#447,#446);
#449=DIRECTION('',(0.E0,0.E0,1.E0));
#450=VECTOR('',#449,6.5E-1);
#451=CARTESIAN_POINT('',(9.45E-1,-1.E0,-1.595E0));
#452=LINE('',#451,#450);
#453=DIRECTION('',(1.E0,0.E0,0.E0));
#454=VECTOR('',#453,6.5E-1);
#455=CARTESIAN_POINT('',(9.45E-1,-1.E0,-1.595E0));
#456=LINE('',#455,#454);
#457=DIRECTION('',(0.E0,0.E0,1.E0));
#458=VECTOR('',#457,6.5E-1);
#459=CARTESIAN_POINT('',(1.595E0,-1.E0,-1.595E0));
#460=LINE('',#459,#458);
#461=DIRECTION('',(1.E0,0.E0,0.E0));
#462=VECTOR('',#461,6.5E-1);
#463=CARTESIAN_POINT('',(9.45E-1,-1.E0,-9.45E-1));
#464=LINE('',#463,#462);
#465=DIRECTION('',(0.E0,0.E0,1.E0));
#466=VECTOR('',#465,6.5E-1);
#467=CARTESIAN_POINT('',(9.45E-1,-1.E0,9.45E-1));
#468=LINE('',#467,#466);
#469=DIRECTION('',(1.E0,0.E0,0.E0));
#470=VECTOR('',#469,6.5E-1);
#471=CARTESIAN_POINT('',(9.45E-1,-1.E0,9.45E-1));
#472=LINE('',#471,#470);
#473=DIRECTION('',(0.E0,0.E0,1.E0));
#474=VECTOR('',#473,6.5E-1);
#475=CARTESIAN_POINT('',(1.595E0,-1.E0,9.45E-1));
#476=LINE('',#475,#474);
#477=DIRECTION('',(1.E0,0.E0,0.E0));
#478=VECTOR('',#477,6.5E-1);
#479=CARTESIAN_POINT('',(9.45E-1,-1.E0,1.595E0));
#480=LINE('',#479,#478);
#481=DIRECTION('',(0.E0,0.E0,1.E0));
#482=VECTOR('',#481,6.5E-1);
#483=CARTESIAN_POINT('',(-1.595E0,-1.E0,-1.595E0));
#484=LINE('',#483,#482);
#485=DIRECTION('',(1.E0,0.E0,0.E0));
#486=VECTOR('',#485,6.5E-1);
#487=CARTESIAN_POINT('',(-1.595E0,-1.E0,-1.595E0));
#488=LINE('',#487,#486);
#489=DIRECTION('',(0.E0,0.E0,1.E0));
#490=VECTOR('',#489,6.5E-1);
#491=CARTESIAN_POINT('',(-9.45E-1,-1.E0,-1.595E0));
#492=LINE('',#491,#490);
#493=DIRECTION('',(1.E0,0.E0,0.E0));
#494=VECTOR('',#493,6.5E-1);
#495=CARTESIAN_POINT('',(-1.595E0,-1.E0,-9.45E-1));
#496=LINE('',#495,#494);
#497=DIRECTION('',(0.E0,0.E0,1.E0));
#498=VECTOR('',#497,6.5E-1);
#499=CARTESIAN_POINT('',(-1.595E0,-1.E0,9.45E-1));
#500=LINE('',#499,#498);
#501=DIRECTION('',(1.E0,0.E0,0.E0));
#502=VECTOR('',#501,6.5E-1);
#503=CARTESIAN_POINT('',(-1.595E0,-1.E0,9.45E-1));
#504=LINE('',#503,#502);
#505=DIRECTION('',(0.E0,0.E0,1.E0));
#506=VECTOR('',#505,6.5E-1);
#507=CARTESIAN_POINT('',(-9.45E-1,-1.E0,9.45E-1));
#508=LINE('',#507,#506);
#509=DIRECTION('',(1.E0,0.E0,0.E0));
#510=VECTOR('',#509,6.5E-1);
#511=CARTESIAN_POINT('',(-1.595E0,-1.E0,1.595E0));
#512=LINE('',#511,#510);
#513=DIRECTION('',(0.E0,0.E0,1.E0));
#514=VECTOR('',#513,6.5E-1);
#515=CARTESIAN_POINT('',(-4.135E0,-1.E0,-1.595E0));
#516=LINE('',#515,#514);
#517=DIRECTION('',(1.E0,0.E0,0.E0));
#518=VECTOR('',#517,6.5E-1);
#519=CARTESIAN_POINT('',(-4.135E0,-1.E0,-1.595E0));
#520=LINE('',#519,#518);
#521=DIRECTION('',(0.E0,0.E0,1.E0));
#522=VECTOR('',#521,6.5E-1);
#523=CARTESIAN_POINT('',(-3.485E0,-1.E0,-1.595E0));
#524=LINE('',#523,#522);
#525=DIRECTION('',(1.E0,0.E0,0.E0));
#526=VECTOR('',#525,6.5E-1);
#527=CARTESIAN_POINT('',(-4.135E0,-1.E0,-9.45E-1));
#528=LINE('',#527,#526);
#529=DIRECTION('',(0.E0,0.E0,1.E0));
#530=VECTOR('',#529,6.5E-1);
#531=CARTESIAN_POINT('',(-4.135E0,-1.E0,9.45E-1));
#532=LINE('',#531,#530);
#533=DIRECTION('',(1.E0,0.E0,0.E0));
#534=VECTOR('',#533,6.5E-1);
#535=CARTESIAN_POINT('',(-4.135E0,-1.E0,9.45E-1));
#536=LINE('',#535,#534);
#537=DIRECTION('',(0.E0,0.E0,1.E0));
#538=VECTOR('',#537,6.5E-1);
#539=CARTESIAN_POINT('',(-3.485E0,-1.E0,9.45E-1));
#540=LINE('',#539,#538);
#541=DIRECTION('',(1.E0,0.E0,0.E0));
#542=VECTOR('',#541,6.5E-1);
#543=CARTESIAN_POINT('',(-4.135E0,-1.E0,1.595E0));
#544=LINE('',#543,#542);
#545=DIRECTION('',(0.E0,0.E0,1.E0));
#546=VECTOR('',#545,6.5E-1);
#547=CARTESIAN_POINT('',(-6.675E0,-1.E0,-1.595E0));
#548=LINE('',#547,#546);
#549=DIRECTION('',(1.E0,0.E0,0.E0));
#550=VECTOR('',#549,6.5E-1);
#551=CARTESIAN_POINT('',(-6.675E0,-1.E0,-1.595E0));
#552=LINE('',#551,#550);
#553=DIRECTION('',(0.E0,0.E0,1.E0));
#554=VECTOR('',#553,6.5E-1);
#555=CARTESIAN_POINT('',(-6.025E0,-1.E0,-1.595E0));
#556=LINE('',#555,#554);
#557=DIRECTION('',(1.E0,0.E0,0.E0));
#558=VECTOR('',#557,6.5E-1);
#559=CARTESIAN_POINT('',(-6.675E0,-1.E0,-9.45E-1));
#560=LINE('',#559,#558);
#561=DIRECTION('',(0.E0,0.E0,1.E0));
#562=VECTOR('',#561,6.5E-1);
#563=CARTESIAN_POINT('',(-6.675E0,-1.E0,9.45E-1));
#564=LINE('',#563,#562);
#565=DIRECTION('',(1.E0,0.E0,0.E0));
#566=VECTOR('',#565,6.5E-1);
#567=CARTESIAN_POINT('',(-6.675E0,-1.E0,9.45E-1));
#568=LINE('',#567,#566);
#569=DIRECTION('',(0.E0,0.E0,1.E0));
#570=VECTOR('',#569,6.5E-1);
#571=CARTESIAN_POINT('',(-6.025E0,-1.E0,9.45E-1));
#572=LINE('',#571,#570);
#573=DIRECTION('',(1.E0,0.E0,0.E0));
#574=VECTOR('',#573,6.5E-1);
#575=CARTESIAN_POINT('',(-6.675E0,-1.E0,1.595E0));
#576=LINE('',#575,#574);
#577=DIRECTION('',(0.E0,0.E0,1.E0));
#578=VECTOR('',#577,6.5E-1);
#579=CARTESIAN_POINT('',(-9.215E0,-1.E0,-1.595E0));
#580=LINE('',#579,#578);
#581=DIRECTION('',(1.E0,0.E0,0.E0));
#582=VECTOR('',#581,6.5E-1);
#583=CARTESIAN_POINT('',(-9.215E0,-1.E0,-1.595E0));
#584=LINE('',#583,#582);
#585=DIRECTION('',(0.E0,0.E0,1.E0));
#586=VECTOR('',#585,6.5E-1);
#587=CARTESIAN_POINT('',(-8.565E0,-1.E0,-1.595E0));
#588=LINE('',#587,#586);
#589=DIRECTION('',(1.E0,0.E0,0.E0));
#590=VECTOR('',#589,6.5E-1);
#591=CARTESIAN_POINT('',(-9.215E0,-1.E0,-9.45E-1));
#592=LINE('',#591,#590);
#593=DIRECTION('',(0.E0,0.E0,1.E0));
#594=VECTOR('',#593,6.5E-1);
#595=CARTESIAN_POINT('',(-9.215E0,-1.E0,9.45E-1));
#596=LINE('',#595,#594);
#597=DIRECTION('',(1.E0,0.E0,0.E0));
#598=VECTOR('',#597,6.5E-1);
#599=CARTESIAN_POINT('',(-9.215E0,-1.E0,9.45E-1));
#600=LINE('',#599,#598);
#601=DIRECTION('',(0.E0,0.E0,1.E0));
#602=VECTOR('',#601,6.5E-1);
#603=CARTESIAN_POINT('',(-8.565E0,-1.E0,9.45E-1));
#604=LINE('',#603,#602);
#605=DIRECTION('',(1.E0,0.E0,0.E0));
#606=VECTOR('',#605,6.5E-1);
#607=CARTESIAN_POINT('',(-9.215E0,-1.E0,1.595E0));
#608=LINE('',#607,#606);
#609=DIRECTION('',(0.E0,0.E0,1.E0));
#610=VECTOR('',#609,6.5E-1);
#611=CARTESIAN_POINT('',(-1.1755E1,-1.E0,-1.595E0));
#612=LINE('',#611,#610);
#613=DIRECTION('',(1.E0,0.E0,0.E0));
#614=VECTOR('',#613,6.5E-1);
#615=CARTESIAN_POINT('',(-1.1755E1,-1.E0,-1.595E0));
#616=LINE('',#615,#614);
#617=DIRECTION('',(0.E0,0.E0,1.E0));
#618=VECTOR('',#617,6.5E-1);
#619=CARTESIAN_POINT('',(-1.1105E1,-1.E0,-1.595E0));
#620=LINE('',#619,#618);
#621=DIRECTION('',(1.E0,0.E0,0.E0));
#622=VECTOR('',#621,6.5E-1);
#623=CARTESIAN_POINT('',(-1.1755E1,-1.E0,-9.45E-1));
#624=LINE('',#623,#622);
#625=DIRECTION('',(0.E0,0.E0,1.E0));
#626=VECTOR('',#625,6.5E-1);
#627=CARTESIAN_POINT('',(-1.1755E1,-1.E0,9.45E-1));
#628=LINE('',#627,#626);
#629=DIRECTION('',(1.E0,0.E0,0.E0));
#630=VECTOR('',#629,6.5E-1);
#631=CARTESIAN_POINT('',(-1.1755E1,-1.E0,9.45E-1));
#632=LINE('',#631,#630);
#633=DIRECTION('',(0.E0,0.E0,1.E0));
#634=VECTOR('',#633,6.5E-1);
#635=CARTESIAN_POINT('',(-1.1105E1,-1.E0,9.45E-1));
#636=LINE('',#635,#634);
#637=DIRECTION('',(1.E0,0.E0,0.E0));
#638=VECTOR('',#637,6.5E-1);
#639=CARTESIAN_POINT('',(-1.1755E1,-1.E0,1.595E0));
#640=LINE('',#639,#638);
#641=DIRECTION('',(0.E0,-1.E0,0.E0));
#642=VECTOR('',#641,2.E0);
#643=CARTESIAN_POINT('',(-1.021E1,1.E0,-8.75E-1));
#644=LINE('',#643,#642);
#645=DIRECTION('',(0.E0,-1.E0,0.E0));
#646=VECTOR('',#645,2.E0);
#647=CARTESIAN_POINT('',(-1.011E1,1.E0,-8.75E-1));
#648=LINE('',#647,#646);
#649=DIRECTION('',(0.E0,1.E0,0.E0));
#650=VECTOR('',#649,2.E0);
#651=CARTESIAN_POINT('',(1.237675608018E1,-1.E0,-3.075E0));
#652=LINE('',#651,#650);
#653=DIRECTION('',(0.E0,1.E0,0.E0));
#654=VECTOR('',#653,2.E0);
#655=CARTESIAN_POINT('',(1.051918983635E1,-1.E0,-3.075E0));
#656=LINE('',#655,#654);
#657=DIRECTION('',(0.E0,1.E0,0.E0));
#658=VECTOR('',#657,2.E0);
#659=CARTESIAN_POINT('',(7.979189836345E0,-1.E0,-3.075E0));
#660=LINE('',#659,#658);
#661=DIRECTION('',(0.E0,1.E0,0.E0));
#662=VECTOR('',#661,2.E0);
#663=CARTESIAN_POINT('',(9.800810163655E0,-1.E0,-3.075E0));
#664=LINE('',#663,#662);
#665=DIRECTION('',(0.E0,1.E0,0.E0));
#666=VECTOR('',#665,2.E0);
#667=CARTESIAN_POINT('',(5.439189836345E0,-1.E0,-3.075E0));
#668=LINE('',#667,#666);
#669=DIRECTION('',(0.E0,1.E0,0.E0));
#670=VECTOR('',#669,2.E0);
#671=CARTESIAN_POINT('',(7.260810163655E0,-1.E0,-3.075E0));
#672=LINE('',#671,#670);
#673=DIRECTION('',(0.E0,1.E0,0.E0));
#674=VECTOR('',#673,2.E0);
#675=CARTESIAN_POINT('',(2.899189836345E0,-1.E0,-3.075E0));
#676=LINE('',#675,#674);
#677=DIRECTION('',(0.E0,1.E0,0.E0));
#678=VECTOR('',#677,2.E0);
#679=CARTESIAN_POINT('',(4.720810163655E0,-1.E0,-3.075E0));
#680=LINE('',#679,#678);
#681=DIRECTION('',(0.E0,1.E0,0.E0));
#682=VECTOR('',#681,2.E0);
#683=CARTESIAN_POINT('',(3.591898363453E-1,-1.E0,-3.075E0));
#684=LINE('',#683,#682);
#685=DIRECTION('',(0.E0,1.E0,0.E0));
#686=VECTOR('',#685,2.E0);
#687=CARTESIAN_POINT('',(2.180810163655E0,-1.E0,-3.075E0));
#688=LINE('',#687,#686);
#689=DIRECTION('',(0.E0,1.E0,0.E0));
#690=VECTOR('',#689,2.E0);
#691=CARTESIAN_POINT('',(-2.180810163655E0,-1.E0,-3.075E0));
#692=LINE('',#691,#690);
#693=DIRECTION('',(0.E0,1.E0,0.E0));
#694=VECTOR('',#693,2.E0);
#695=CARTESIAN_POINT('',(-3.591898363453E-1,-1.E0,-3.075E0));
#696=LINE('',#695,#694);
#697=DIRECTION('',(0.E0,1.E0,0.E0));
#698=VECTOR('',#697,2.E0);
#699=CARTESIAN_POINT('',(-4.720810163655E0,-1.E0,-3.075E0));
#700=LINE('',#699,#698);
#701=DIRECTION('',(0.E0,1.E0,0.E0));
#702=VECTOR('',#701,2.E0);
#703=CARTESIAN_POINT('',(-2.899189836345E0,-1.E0,-3.075E0));
#704=LINE('',#703,#702);
#705=DIRECTION('',(0.E0,1.E0,0.E0));
#706=VECTOR('',#705,2.E0);
#707=CARTESIAN_POINT('',(-7.260810163655E0,-1.E0,-3.075E0));
#708=LINE('',#707,#706);
#709=DIRECTION('',(0.E0,1.E0,0.E0));
#710=VECTOR('',#709,2.E0);
#711=CARTESIAN_POINT('',(-5.439189836345E0,-1.E0,-3.075E0));
#712=LINE('',#711,#710);
#713=DIRECTION('',(0.E0,1.E0,0.E0));
#714=VECTOR('',#713,2.E0);
#715=CARTESIAN_POINT('',(-1.051918983635E1,-1.E0,-3.075E0));
#716=LINE('',#715,#714);
#717=DIRECTION('',(0.E0,1.E0,0.E0));
#718=VECTOR('',#717,2.E0);
#719=CARTESIAN_POINT('',(-9.800810163655E0,-1.E0,-3.075E0));
#720=LINE('',#719,#718);
#721=DIRECTION('',(0.E0,1.E0,0.E0));
#722=VECTOR('',#721,2.E0);
#723=CARTESIAN_POINT('',(-7.979189836345E0,-1.E0,-3.075E0));
#724=LINE('',#723,#722);
#725=DIRECTION('',(0.E0,1.E0,0.E0));
#726=VECTOR('',#725,2.E0);
#727=CARTESIAN_POINT('',(1.27E1,-1.E0,-7.75E-1));
#728=LINE('',#727,#726);
#729=DIRECTION('',(0.E0,1.E0,0.E0));
#730=VECTOR('',#729,2.E0);
#731=CARTESIAN_POINT('',(1.27E1,-1.E0,7.75E-1));
#732=LINE('',#731,#730);
#733=DIRECTION('',(0.E0,1.E0,0.E0));
#734=VECTOR('',#733,2.E0);
#735=CARTESIAN_POINT('',(1.237675608018E1,-1.E0,3.075E0));
#736=LINE('',#735,#734);
#737=DIRECTION('',(0.E0,1.E0,0.E0));
#738=VECTOR('',#737,2.E0);
#739=CARTESIAN_POINT('',(1.051918983635E1,-1.E0,3.075E0));
#740=LINE('',#739,#738);
#741=DIRECTION('',(0.E0,1.E0,0.E0));
#742=VECTOR('',#741,2.E0);
#743=CARTESIAN_POINT('',(7.979189836345E0,-1.E0,3.075E0));
#744=LINE('',#743,#742);
#745=DIRECTION('',(0.E0,1.E0,0.E0));
#746=VECTOR('',#745,2.E0);
#747=CARTESIAN_POINT('',(9.800810163655E0,-1.E0,3.075E0));
#748=LINE('',#747,#746);
#749=DIRECTION('',(0.E0,1.E0,0.E0));
#750=VECTOR('',#749,2.E0);
#751=CARTESIAN_POINT('',(5.439189836345E0,-1.E0,3.075E0));
#752=LINE('',#751,#750);
#753=DIRECTION('',(0.E0,1.E0,0.E0));
#754=VECTOR('',#753,2.E0);
#755=CARTESIAN_POINT('',(7.260810163655E0,-1.E0,3.075E0));
#756=LINE('',#755,#754);
#757=DIRECTION('',(0.E0,1.E0,0.E0));
#758=VECTOR('',#757,2.E0);
#759=CARTESIAN_POINT('',(2.899189836345E0,-1.E0,3.075E0));
#760=LINE('',#759,#758);
#761=DIRECTION('',(0.E0,1.E0,0.E0));
#762=VECTOR('',#761,2.E0);
#763=CARTESIAN_POINT('',(4.720810163655E0,-1.E0,3.075E0));
#764=LINE('',#763,#762);
#765=DIRECTION('',(0.E0,1.E0,0.E0));
#766=VECTOR('',#765,2.E0);
#767=CARTESIAN_POINT('',(3.591898363453E-1,-1.E0,3.075E0));
#768=LINE('',#767,#766);
#769=DIRECTION('',(0.E0,1.E0,0.E0));
#770=VECTOR('',#769,2.E0);
#771=CARTESIAN_POINT('',(2.180810163655E0,-1.E0,3.075E0));
#772=LINE('',#771,#770);
#773=DIRECTION('',(0.E0,1.E0,0.E0));
#774=VECTOR('',#773,2.E0);
#775=CARTESIAN_POINT('',(-2.180810163655E0,-1.E0,3.075E0));
#776=LINE('',#775,#774);
#777=DIRECTION('',(0.E0,1.E0,0.E0));
#778=VECTOR('',#777,2.E0);
#779=CARTESIAN_POINT('',(-3.591898363453E-1,-1.E0,3.075E0));
#780=LINE('',#779,#778);
#781=DIRECTION('',(0.E0,1.E0,0.E0));
#782=VECTOR('',#781,2.E0);
#783=CARTESIAN_POINT('',(-4.720810163655E0,-1.E0,3.075E0));
#784=LINE('',#783,#782);
#785=DIRECTION('',(0.E0,1.E0,0.E0));
#786=VECTOR('',#785,2.E0);
#787=CARTESIAN_POINT('',(-2.899189836345E0,-1.E0,3.075E0));
#788=LINE('',#787,#786);
#789=DIRECTION('',(0.E0,1.E0,0.E0));
#790=VECTOR('',#789,2.E0);
#791=CARTESIAN_POINT('',(-7.260810163655E0,-1.E0,3.075E0));
#792=LINE('',#791,#790);
#793=DIRECTION('',(0.E0,1.E0,0.E0));
#794=VECTOR('',#793,2.E0);
#795=CARTESIAN_POINT('',(-5.439189836345E0,-1.E0,3.075E0));
#796=LINE('',#795,#794);
#797=DIRECTION('',(0.E0,1.E0,0.E0));
#798=VECTOR('',#797,2.E0);
#799=CARTESIAN_POINT('',(-9.800810163655E0,-1.E0,3.075E0));
#800=LINE('',#799,#798);
#801=DIRECTION('',(0.E0,1.E0,0.E0));
#802=VECTOR('',#801,2.E0);
#803=CARTESIAN_POINT('',(-7.979189836345E0,-1.E0,3.075E0));
#804=LINE('',#803,#802);
#805=DIRECTION('',(0.E0,1.E0,0.E0));
#806=VECTOR('',#805,2.E0);
#807=CARTESIAN_POINT('',(-1.051918983635E1,-1.E0,3.075E0));
#808=LINE('',#807,#806);
#809=DIRECTION('',(0.E0,1.E0,0.E0));
#810=VECTOR('',#809,2.E0);
#811=CARTESIAN_POINT('',(-1.237675608018E1,-1.E0,3.075E0));
#812=LINE('',#811,#810);
#813=DIRECTION('',(0.E0,-1.E0,0.E0));
#814=VECTOR('',#813,2.E0);
#815=CARTESIAN_POINT('',(1.021E1,1.E0,8.75E-1));
#816=LINE('',#815,#814);
#817=DIRECTION('',(0.E0,-1.E0,0.E0));
#818=VECTOR('',#817,2.E0);
#819=CARTESIAN_POINT('',(1.011E1,1.E0,8.75E-1));
#820=LINE('',#819,#818);
#821=DIRECTION('',(1.391731009601E-1,0.E0,9.902680687416E-1));
#822=VECTOR('',#821,2.221620659541E0);
#823=CARTESIAN_POINT('',(-1.051918983635E1,1.E0,-3.075E0));
#824=LINE('',#823,#822);
#825=DIRECTION('',(1.E0,0.E0,0.E0));
#826=VECTOR('',#825,1.E-1);
#827=CARTESIAN_POINT('',(-1.021E1,1.E0,-8.75E-1));
#828=LINE('',#827,#826);
#829=DIRECTION('',(1.391731009601E-1,0.E0,-9.902680687416E-1));
#830=VECTOR('',#829,2.221620659541E0);
#831=CARTESIAN_POINT('',(-1.011E1,1.E0,-8.75E-1));
#832=LINE('',#831,#830);
#833=DIRECTION('',(-1.E0,0.E0,0.E0));
#834=VECTOR('',#833,1.821620327309E0);
#835=CARTESIAN_POINT('',(-7.979189836345E0,1.E0,-3.075E0));
#836=LINE('',#835,#834);
#837=DIRECTION('',(1.391731009601E-1,0.E0,9.902680687416E-1));
#838=VECTOR('',#837,2.221620659541E0);
#839=CARTESIAN_POINT('',(-7.979189836345E0,1.E0,-3.075E0));
#840=LINE('',#839,#838);
#841=DIRECTION('',(1.E0,0.E0,0.E0));
#842=VECTOR('',#841,1.E-1);
#843=CARTESIAN_POINT('',(-7.67E0,1.E0,-8.75E-1));
#844=LINE('',#843,#842);
#845=DIRECTION('',(1.391731009601E-1,0.E0,-9.902680687416E-1));
#846=VECTOR('',#845,2.221620659541E0);
#847=CARTESIAN_POINT('',(-7.57E0,1.E0,-8.75E-1));
#848=LINE('',#847,#846);
#849=DIRECTION('',(-1.E0,0.E0,0.E0));
#850=VECTOR('',#849,1.821620327309E0);
#851=CARTESIAN_POINT('',(-5.439189836345E0,1.E0,-3.075E0));
#852=LINE('',#851,#850);
#853=DIRECTION('',(1.391731009601E-1,0.E0,9.902680687416E-1));
#854=VECTOR('',#853,2.221620659541E0);
#855=CARTESIAN_POINT('',(-5.439189836345E0,1.E0,-3.075E0));
#856=LINE('',#855,#854);
#857=DIRECTION('',(1.E0,0.E0,0.E0));
#858=VECTOR('',#857,1.E-1);
#859=CARTESIAN_POINT('',(-5.13E0,1.E0,-8.75E-1));
#860=LINE('',#859,#858);
#861=DIRECTION('',(1.391731009601E-1,0.E0,-9.902680687416E-1));
#862=VECTOR('',#861,2.221620659541E0);
#863=CARTESIAN_POINT('',(-5.03E0,1.E0,-8.75E-1));
#864=LINE('',#863,#862);
#865=DIRECTION('',(-1.E0,0.E0,0.E0));
#866=VECTOR('',#865,1.821620327309E0);
#867=CARTESIAN_POINT('',(-2.899189836345E0,1.E0,-3.075E0));
#868=LINE('',#867,#866);
#869=DIRECTION('',(1.391731009601E-1,0.E0,9.902680687416E-1));
#870=VECTOR('',#869,2.221620659541E0);
#871=CARTESIAN_POINT('',(-2.899189836345E0,1.E0,-3.075E0));
#872=LINE('',#871,#870);
#873=DIRECTION('',(1.E0,0.E0,0.E0));
#874=VECTOR('',#873,1.E-1);
#875=CARTESIAN_POINT('',(-2.59E0,1.E0,-8.75E-1));
#876=LINE('',#875,#874);
#877=DIRECTION('',(1.391731009601E-1,0.E0,-9.902680687416E-1));
#878=VECTOR('',#877,2.221620659541E0);
#879=CARTESIAN_POINT('',(-2.49E0,1.E0,-8.75E-1));
#880=LINE('',#879,#878);
#881=DIRECTION('',(-1.E0,0.E0,0.E0));
#882=VECTOR('',#881,1.821620327309E0);
#883=CARTESIAN_POINT('',(-3.591898363453E-1,1.E0,-3.075E0));
#884=LINE('',#883,#882);
#885=DIRECTION('',(1.391731009601E-1,0.E0,9.902680687416E-1));
#886=VECTOR('',#885,2.221620659541E0);
#887=CARTESIAN_POINT('',(-3.591898363453E-1,1.E0,-3.075E0));
#888=LINE('',#887,#886);
#889=DIRECTION('',(1.E0,0.E0,0.E0));
#890=VECTOR('',#889,1.E-1);
#891=CARTESIAN_POINT('',(-4.999999999999E-2,1.E0,-8.75E-1));
#892=LINE('',#891,#890);
#893=DIRECTION('',(1.391731009601E-1,0.E0,-9.902680687416E-1));
#894=VECTOR('',#893,2.221620659541E0);
#895=CARTESIAN_POINT('',(5.000000000001E-2,1.E0,-8.75E-1));
#896=LINE('',#895,#894);
#897=DIRECTION('',(-1.E0,0.E0,0.E0));
#898=VECTOR('',#897,1.821620327309E0);
#899=CARTESIAN_POINT('',(2.180810163655E0,1.E0,-3.075E0));
#900=LINE('',#899,#898);
#901=DIRECTION('',(1.391731009601E-1,0.E0,9.902680687416E-1));
#902=VECTOR('',#901,2.221620659541E0);
#903=CARTESIAN_POINT('',(2.180810163655E0,1.E0,-3.075E0));
#904=LINE('',#903,#902);
#905=DIRECTION('',(1.E0,0.E0,0.E0));
#906=VECTOR('',#905,1.E-1);
#907=CARTESIAN_POINT('',(2.49E0,1.E0,-8.75E-1));
#908=LINE('',#907,#906);
#909=DIRECTION('',(1.391731009601E-1,0.E0,-9.902680687416E-1));
#910=VECTOR('',#909,2.221620659541E0);
#911=CARTESIAN_POINT('',(2.59E0,1.E0,-8.75E-1));
#912=LINE('',#911,#910);
#913=DIRECTION('',(-1.E0,0.E0,0.E0));
#914=VECTOR('',#913,1.821620327309E0);
#915=CARTESIAN_POINT('',(4.720810163655E0,1.E0,-3.075E0));
#916=LINE('',#915,#914);
#917=DIRECTION('',(1.391731009601E-1,0.E0,9.902680687416E-1));
#918=VECTOR('',#917,2.221620659541E0);
#919=CARTESIAN_POINT('',(4.720810163655E0,1.E0,-3.075E0));
#920=LINE('',#919,#918);
#921=DIRECTION('',(1.E0,0.E0,0.E0));
#922=VECTOR('',#921,1.E-1);
#923=CARTESIAN_POINT('',(5.03E0,1.E0,-8.75E-1));
#924=LINE('',#923,#922);
#925=DIRECTION('',(1.391731009601E-1,0.E0,-9.902680687416E-1));
#926=VECTOR('',#925,2.221620659541E0);
#927=CARTESIAN_POINT('',(5.13E0,1.E0,-8.75E-1));
#928=LINE('',#927,#926);
#929=DIRECTION('',(-1.E0,0.E0,0.E0));
#930=VECTOR('',#929,1.821620327309E0);
#931=CARTESIAN_POINT('',(7.260810163655E0,1.E0,-3.075E0));
#932=LINE('',#931,#930);
#933=DIRECTION('',(1.391731009601E-1,0.E0,9.902680687416E-1));
#934=VECTOR('',#933,2.221620659541E0);
#935=CARTESIAN_POINT('',(7.260810163655E0,1.E0,-3.075E0));
#936=LINE('',#935,#934);
#937=DIRECTION('',(1.E0,0.E0,0.E0));
#938=VECTOR('',#937,1.E-1);
#939=CARTESIAN_POINT('',(7.57E0,1.E0,-8.75E-1));
#940=LINE('',#939,#938);
#941=DIRECTION('',(1.391731009601E-1,0.E0,-9.902680687416E-1));
#942=VECTOR('',#941,2.221620659541E0);
#943=CARTESIAN_POINT('',(7.67E0,1.E0,-8.75E-1));
#944=LINE('',#943,#942);
#945=DIRECTION('',(-1.E0,0.E0,0.E0));
#946=VECTOR('',#945,1.821620327309E0);
#947=CARTESIAN_POINT('',(9.800810163655E0,1.E0,-3.075E0));
#948=LINE('',#947,#946);
#949=DIRECTION('',(1.391731009601E-1,0.E0,9.902680687416E-1));
#950=VECTOR('',#949,2.221620659541E0);
#951=CARTESIAN_POINT('',(9.800810163655E0,1.E0,-3.075E0));
#952=LINE('',#951,#950);
#953=DIRECTION('',(1.E0,0.E0,0.E0));
#954=VECTOR('',#953,1.E-1);
#955=CARTESIAN_POINT('',(1.011E1,1.E0,-8.75E-1));
#956=LINE('',#955,#954);
#957=DIRECTION('',(1.391731009601E-1,0.E0,-9.902680687416E-1));
#958=VECTOR('',#957,2.221620659541E0);
#959=CARTESIAN_POINT('',(1.021E1,1.E0,-8.75E-1));
#960=LINE('',#959,#958);
#961=DIRECTION('',(-1.E0,0.E0,0.E0));
#962=VECTOR('',#961,1.857566243839E0);
#963=CARTESIAN_POINT('',(1.237675608018E1,1.E0,-3.075E0));
#964=LINE('',#963,#962);
#965=DIRECTION('',(-1.391731009601E-1,0.E0,-9.902680687416E-1));
#966=VECTOR('',#965,2.322603416793E0);
#967=CARTESIAN_POINT('',(1.27E1,1.E0,-7.75E-1));
#968=LINE('',#967,#966);
#969=DIRECTION('',(0.E0,0.E0,-1.E0));
#970=VECTOR('',#969,1.55E0);
#971=CARTESIAN_POINT('',(1.27E1,1.E0,7.75E-1));
#972=LINE('',#971,#970);
#973=DIRECTION('',(1.391731009601E-1,0.E0,-9.902680687416E-1));
#974=VECTOR('',#973,2.322603416793E0);
#975=CARTESIAN_POINT('',(1.237675608018E1,1.E0,3.075E0));
#976=LINE('',#975,#974);
#977=DIRECTION('',(1.E0,0.E0,0.E0));
#978=VECTOR('',#977,1.857566243839E0);
#979=CARTESIAN_POINT('',(1.051918983635E1,1.E0,3.075E0));
#980=LINE('',#979,#978);
#981=DIRECTION('',(-1.391731009601E-1,0.E0,-9.902680687416E-1));
#982=VECTOR('',#981,2.221620659541E0);
#983=CARTESIAN_POINT('',(1.051918983635E1,1.E0,3.075E0));
#984=LINE('',#983,#982);
#985=DIRECTION('',(-1.E0,0.E0,0.E0));
#986=VECTOR('',#985,1.E-1);
#987=CARTESIAN_POINT('',(1.021E1,1.E0,8.75E-1));
#988=LINE('',#987,#986);
#989=DIRECTION('',(-1.391731009601E-1,0.E0,9.902680687416E-1));
#990=VECTOR('',#989,2.221620659541E0);
#991=CARTESIAN_POINT('',(1.011E1,1.E0,8.75E-1));
#992=LINE('',#991,#990);
#993=DIRECTION('',(1.E0,0.E0,0.E0));
#994=VECTOR('',#993,1.821620327309E0);
#995=CARTESIAN_POINT('',(7.979189836345E0,1.E0,3.075E0));
#996=LINE('',#995,#994);
#997=DIRECTION('',(-1.391731009601E-1,0.E0,-9.902680687416E-1));
#998=VECTOR('',#997,2.221620659541E0);
#999=CARTESIAN_POINT('',(7.979189836345E0,1.E0,3.075E0));
#1000=LINE('',#999,#998);
#1001=DIRECTION('',(-1.E0,0.E0,0.E0));
#1002=VECTOR('',#1001,1.E-1);
#1003=CARTESIAN_POINT('',(7.67E0,1.E0,8.75E-1));
#1004=LINE('',#1003,#1002);
#1005=DIRECTION('',(-1.391731009601E-1,0.E0,9.902680687416E-1));
#1006=VECTOR('',#1005,2.221620659541E0);
#1007=CARTESIAN_POINT('',(7.57E0,1.E0,8.75E-1));
#1008=LINE('',#1007,#1006);
#1009=DIRECTION('',(1.E0,0.E0,0.E0));
#1010=VECTOR('',#1009,1.821620327309E0);
#1011=CARTESIAN_POINT('',(5.439189836345E0,1.E0,3.075E0));
#1012=LINE('',#1011,#1010);
#1013=DIRECTION('',(-1.391731009601E-1,0.E0,-9.902680687416E-1));
#1014=VECTOR('',#1013,2.221620659541E0);
#1015=CARTESIAN_POINT('',(5.439189836345E0,1.E0,3.075E0));
#1016=LINE('',#1015,#1014);
#1017=DIRECTION('',(-1.E0,0.E0,0.E0));
#1018=VECTOR('',#1017,1.E-1);
#1019=CARTESIAN_POINT('',(5.13E0,1.E0,8.75E-1));
#1020=LINE('',#1019,#1018);
#1021=DIRECTION('',(-1.391731009601E-1,0.E0,9.902680687416E-1));
#1022=VECTOR('',#1021,2.221620659541E0);
#1023=CARTESIAN_POINT('',(5.03E0,1.E0,8.75E-1));
#1024=LINE('',#1023,#1022);
#1025=DIRECTION('',(1.E0,0.E0,0.E0));
#1026=VECTOR('',#1025,1.821620327309E0);
#1027=CARTESIAN_POINT('',(2.899189836345E0,1.E0,3.075E0));
#1028=LINE('',#1027,#1026);
#1029=DIRECTION('',(-1.391731009601E-1,0.E0,-9.902680687416E-1));
#1030=VECTOR('',#1029,2.221620659541E0);
#1031=CARTESIAN_POINT('',(2.899189836345E0,1.E0,3.075E0));
#1032=LINE('',#1031,#1030);
#1033=DIRECTION('',(-1.E0,0.E0,0.E0));
#1034=VECTOR('',#1033,1.E-1);
#1035=CARTESIAN_POINT('',(2.59E0,1.E0,8.75E-1));
#1036=LINE('',#1035,#1034);
#1037=DIRECTION('',(-1.391731009601E-1,0.E0,9.902680687416E-1));
#1038=VECTOR('',#1037,2.221620659541E0);
#1039=CARTESIAN_POINT('',(2.49E0,1.E0,8.75E-1));
#1040=LINE('',#1039,#1038);
#1041=DIRECTION('',(1.E0,0.E0,0.E0));
#1042=VECTOR('',#1041,1.821620327309E0);
#1043=CARTESIAN_POINT('',(3.591898363453E-1,1.E0,3.075E0));
#1044=LINE('',#1043,#1042);
#1045=DIRECTION('',(-1.391731009601E-1,0.E0,-9.902680687416E-1));
#1046=VECTOR('',#1045,2.221620659541E0);
#1047=CARTESIAN_POINT('',(3.591898363453E-1,1.E0,3.075E0));
#1048=LINE('',#1047,#1046);
#1049=DIRECTION('',(-1.E0,0.E0,0.E0));
#1050=VECTOR('',#1049,1.E-1);
#1051=CARTESIAN_POINT('',(5.000000000001E-2,1.E0,8.75E-1));
#1052=LINE('',#1051,#1050);
#1053=DIRECTION('',(-1.391731009601E-1,0.E0,9.902680687416E-1));
#1054=VECTOR('',#1053,2.221620659541E0);
#1055=CARTESIAN_POINT('',(-4.999999999999E-2,1.E0,8.75E-1));
#1056=LINE('',#1055,#1054);
#1057=DIRECTION('',(1.E0,0.E0,0.E0));
#1058=VECTOR('',#1057,1.821620327309E0);
#1059=CARTESIAN_POINT('',(-2.180810163655E0,1.E0,3.075E0));
#1060=LINE('',#1059,#1058);
#1061=DIRECTION('',(-1.391731009601E-1,0.E0,-9.902680687416E-1));
#1062=VECTOR('',#1061,2.221620659541E0);
#1063=CARTESIAN_POINT('',(-2.180810163655E0,1.E0,3.075E0));
#1064=LINE('',#1063,#1062);
#1065=DIRECTION('',(-1.E0,0.E0,0.E0));
#1066=VECTOR('',#1065,1.E-1);
#1067=CARTESIAN_POINT('',(-2.49E0,1.E0,8.75E-1));
#1068=LINE('',#1067,#1066);
#1069=DIRECTION('',(-1.391731009601E-1,0.E0,9.902680687416E-1));
#1070=VECTOR('',#1069,2.221620659541E0);
#1071=CARTESIAN_POINT('',(-2.59E0,1.E0,8.75E-1));
#1072=LINE('',#1071,#1070);
#1073=DIRECTION('',(1.E0,0.E0,0.E0));
#1074=VECTOR('',#1073,1.821620327309E0);
#1075=CARTESIAN_POINT('',(-4.720810163655E0,1.E0,3.075E0));
#1076=LINE('',#1075,#1074);
#1077=DIRECTION('',(-1.391731009601E-1,0.E0,-9.902680687416E-1));
#1078=VECTOR('',#1077,2.221620659541E0);
#1079=CARTESIAN_POINT('',(-4.720810163655E0,1.E0,3.075E0));
#1080=LINE('',#1079,#1078);
#1081=DIRECTION('',(-1.E0,0.E0,0.E0));
#1082=VECTOR('',#1081,1.E-1);
#1083=CARTESIAN_POINT('',(-5.03E0,1.E0,8.75E-1));
#1084=LINE('',#1083,#1082);
#1085=DIRECTION('',(-1.391731009601E-1,0.E0,9.902680687416E-1));
#1086=VECTOR('',#1085,2.221620659541E0);
#1087=CARTESIAN_POINT('',(-5.13E0,1.E0,8.75E-1));
#1088=LINE('',#1087,#1086);
#1089=DIRECTION('',(1.E0,0.E0,0.E0));
#1090=VECTOR('',#1089,1.821620327309E0);
#1091=CARTESIAN_POINT('',(-7.260810163655E0,1.E0,3.075E0));
#1092=LINE('',#1091,#1090);
#1093=DIRECTION('',(-1.391731009601E-1,0.E0,-9.902680687416E-1));
#1094=VECTOR('',#1093,2.221620659541E0);
#1095=CARTESIAN_POINT('',(-7.260810163655E0,1.E0,3.075E0));
#1096=LINE('',#1095,#1094);
#1097=DIRECTION('',(-1.E0,0.E0,0.E0));
#1098=VECTOR('',#1097,1.E-1);
#1099=CARTESIAN_POINT('',(-7.57E0,1.E0,8.75E-1));
#1100=LINE('',#1099,#1098);
#1101=DIRECTION('',(-1.391731009601E-1,0.E0,9.902680687416E-1));
#1102=VECTOR('',#1101,2.221620659541E0);
#1103=CARTESIAN_POINT('',(-7.67E0,1.E0,8.75E-1));
#1104=LINE('',#1103,#1102);
#1105=DIRECTION('',(1.E0,0.E0,0.E0));
#1106=VECTOR('',#1105,1.821620327309E0);
#1107=CARTESIAN_POINT('',(-9.800810163655E0,1.E0,3.075E0));
#1108=LINE('',#1107,#1106);
#1109=DIRECTION('',(-1.391731009601E-1,0.E0,-9.902680687416E-1));
#1110=VECTOR('',#1109,2.221620659541E0);
#1111=CARTESIAN_POINT('',(-9.800810163655E0,1.E0,3.075E0));
#1112=LINE('',#1111,#1110);
#1113=DIRECTION('',(-1.E0,0.E0,0.E0));
#1114=VECTOR('',#1113,1.E-1);
#1115=CARTESIAN_POINT('',(-1.011E1,1.E0,8.75E-1));
#1116=LINE('',#1115,#1114);
#1117=DIRECTION('',(-1.391731009601E-1,0.E0,9.902680687416E-1));
#1118=VECTOR('',#1117,2.221620659541E0);
#1119=CARTESIAN_POINT('',(-1.021E1,1.E0,8.75E-1));
#1120=LINE('',#1119,#1118);
#1121=DIRECTION('',(1.E0,0.E0,0.E0));
#1122=VECTOR('',#1121,1.857566243839E0);
#1123=CARTESIAN_POINT('',(-1.237675608018E1,1.E0,3.075E0));
#1124=LINE('',#1123,#1122);
#1125=DIRECTION('',(1.391731009601E-1,0.E0,9.902680687416E-1));
#1126=VECTOR('',#1125,2.322603416793E0);
#1127=CARTESIAN_POINT('',(-1.27E1,1.E0,7.75E-1));
#1128=LINE('',#1127,#1126);
#1129=DIRECTION('',(0.E0,0.E0,1.E0));
#1130=VECTOR('',#1129,1.55E0);
#1131=CARTESIAN_POINT('',(-1.27E1,1.E0,-7.75E-1));
#1132=LINE('',#1131,#1130);
#1133=DIRECTION('',(-1.391731009601E-1,0.E0,9.902680687416E-1));
#1134=VECTOR('',#1133,2.322603416793E0);
#1135=CARTESIAN_POINT('',(-1.237675608018E1,1.E0,-3.075E0));
#1136=LINE('',#1135,#1134);
#1137=DIRECTION('',(-1.E0,0.E0,0.E0));
#1138=VECTOR('',#1137,1.857566243839E0);
#1139=CARTESIAN_POINT('',(-1.051918983635E1,1.E0,-3.075E0));
#1140=LINE('',#1139,#1138);
#1141=DIRECTION('',(1.E0,0.E0,0.E0));
#1142=VECTOR('',#1141,6.4E-1);
#1143=CARTESIAN_POINT('',(1.041508134289E1,1.E0,-1.725E0));
#1144=LINE('',#1143,#1142);
#1145=DIRECTION('',(1.391731009601E-1,0.E0,-9.902680687416E-1));
#1146=VECTOR('',#1145,8.987465395416E-1);
#1147=CARTESIAN_POINT('',(1.029E1,1.E0,-8.35E-1));
#1148=LINE('',#1147,#1146);
#1149=DIRECTION('',(-1.E0,0.E0,0.E0));
#1150=VECTOR('',#1149,6.4E-1);
#1151=CARTESIAN_POINT('',(1.093E1,1.E0,-8.35E-1));
#1152=LINE('',#1151,#1150);
#1153=DIRECTION('',(-1.391731009601E-1,0.E0,9.902680687416E-1));
#1154=VECTOR('',#1153,8.987465395416E-1);
#1155=CARTESIAN_POINT('',(1.105508134289E1,1.E0,-1.725E0));
#1156=LINE('',#1155,#1154);
#1157=DIRECTION('',(-1.E0,0.E0,0.E0));
#1158=VECTOR('',#1157,6.4E-1);
#1159=CARTESIAN_POINT('',(1.257E1,1.E0,-8.35E-1));
#1160=LINE('',#1159,#1158);
#1161=DIRECTION('',(1.391731009601E-1,0.E0,9.902680687416E-1));
#1162=VECTOR('',#1161,8.987465395416E-1);
#1163=CARTESIAN_POINT('',(1.244491865711E1,1.E0,-1.725E0));
#1164=LINE('',#1163,#1162);
#1165=DIRECTION('',(1.E0,0.E0,0.E0));
#1166=VECTOR('',#1165,6.4E-1);
#1167=CARTESIAN_POINT('',(1.180491865711E1,1.E0,-1.725E0));
#1168=LINE('',#1167,#1166);
#1169=DIRECTION('',(-1.391731009601E-1,0.E0,-9.902680687416E-1));
#1170=VECTOR('',#1169,8.987465395416E-1);
#1171=CARTESIAN_POINT('',(1.193E1,1.E0,-8.35E-1));
#1172=LINE('',#1171,#1170);
#1173=DIRECTION('',(1.391731009601E-1,0.E0,9.902680687416E-1));
#1174=VECTOR('',#1173,8.987465395416E-1);
#1175=CARTESIAN_POINT('',(1.093E1,1.E0,8.35E-1));
#1176=LINE('',#1175,#1174);
#1177=DIRECTION('',(1.E0,0.E0,0.E0));
#1178=VECTOR('',#1177,6.4E-1);
#1179=CARTESIAN_POINT('',(1.029E1,1.E0,8.35E-1));
#1180=LINE('',#1179,#1178);
#1181=DIRECTION('',(-1.391731009601E-1,0.E0,-9.902680687416E-1));
#1182=VECTOR('',#1181,8.987465395416E-1);
#1183=CARTESIAN_POINT('',(1.041508134289E1,1.E0,1.725E0));
#1184=LINE('',#1183,#1182);
#1185=DIRECTION('',(-1.E0,0.E0,0.E0));
#1186=VECTOR('',#1185,6.4E-1);
#1187=CARTESIAN_POINT('',(1.105508134289E1,1.E0,1.725E0));
#1188=LINE('',#1187,#1186);
#1189=DIRECTION('',(-1.391731009601E-1,0.E0,9.902680687416E-1));
#1190=VECTOR('',#1189,8.987465395416E-1);
#1191=CARTESIAN_POINT('',(1.257E1,1.E0,8.35E-1));
#1192=LINE('',#1191,#1190);
#1193=DIRECTION('',(1.E0,0.E0,0.E0));
#1194=VECTOR('',#1193,6.4E-1);
#1195=CARTESIAN_POINT('',(1.193E1,1.E0,8.35E-1));
#1196=LINE('',#1195,#1194);
#1197=DIRECTION('',(1.391731009601E-1,0.E0,-9.902680687416E-1));
#1198=VECTOR('',#1197,8.987465395416E-1);
#1199=CARTESIAN_POINT('',(1.180491865711E1,1.E0,1.725E0));
#1200=LINE('',#1199,#1198);
#1201=DIRECTION('',(-1.E0,0.E0,0.E0));
#1202=VECTOR('',#1201,6.4E-1);
#1203=CARTESIAN_POINT('',(1.244491865711E1,1.E0,1.725E0));
#1204=LINE('',#1203,#1202);
#1205=DIRECTION('',(-1.E0,0.E0,0.E0));
#1206=VECTOR('',#1205,6.4E-1);
#1207=CARTESIAN_POINT('',(8.39E0,1.E0,-8.35E-1));
#1208=LINE('',#1207,#1206);
#1209=DIRECTION('',(-1.391731009601E-1,0.E0,9.902680687416E-1));
#1210=VECTOR('',#1209,8.987465395416E-1);
#1211=CARTESIAN_POINT('',(8.515081342885E0,1.E0,-1.725E0));
#1212=LINE('',#1211,#1210);
#1213=DIRECTION('',(1.E0,0.E0,0.E0));
#1214=VECTOR('',#1213,6.4E-1);
#1215=CARTESIAN_POINT('',(7.875081342885E0,1.E0,-1.725E0));
#1216=LINE('',#1215,#1214);
#1217=DIRECTION('',(1.391731009601E-1,0.E0,-9.902680687416E-1));
#1218=VECTOR('',#1217,8.987465395416E-1);
#1219=CARTESIAN_POINT('',(7.75E0,1.E0,-8.35E-1));
#1220=LINE('',#1219,#1218);
#1221=DIRECTION('',(-1.E0,0.E0,0.E0));
#1222=VECTOR('',#1221,6.4E-1);
#1223=CARTESIAN_POINT('',(1.003E1,1.E0,-8.35E-1));
#1224=LINE('',#1223,#1222);
#1225=DIRECTION('',(1.391731009601E-1,0.E0,9.902680687416E-1));
#1226=VECTOR('',#1225,8.987465395416E-1);
#1227=CARTESIAN_POINT('',(9.904918657115E0,1.E0,-1.725E0));
#1228=LINE('',#1227,#1226);
#1229=DIRECTION('',(1.E0,0.E0,0.E0));
#1230=VECTOR('',#1229,6.4E-1);
#1231=CARTESIAN_POINT('',(9.264918657115E0,1.E0,-1.725E0));
#1232=LINE('',#1231,#1230);
#1233=DIRECTION('',(-1.391731009601E-1,0.E0,-9.902680687416E-1));
#1234=VECTOR('',#1233,8.987465395416E-1);
#1235=CARTESIAN_POINT('',(9.39E0,1.E0,-8.35E-1));
#1236=LINE('',#1235,#1234);
#1237=DIRECTION('',(1.391731009601E-1,0.E0,9.902680687416E-1));
#1238=VECTOR('',#1237,8.987465395416E-1);
#1239=CARTESIAN_POINT('',(8.39E0,1.E0,8.35E-1));
#1240=LINE('',#1239,#1238);
#1241=DIRECTION('',(1.E0,0.E0,0.E0));
#1242=VECTOR('',#1241,6.4E-1);
#1243=CARTESIAN_POINT('',(7.75E0,1.E0,8.35E-1));
#1244=LINE('',#1243,#1242);
#1245=DIRECTION('',(-1.391731009601E-1,0.E0,-9.902680687416E-1));
#1246=VECTOR('',#1245,8.987465395416E-1);
#1247=CARTESIAN_POINT('',(7.875081342885E0,1.E0,1.725E0));
#1248=LINE('',#1247,#1246);
#1249=DIRECTION('',(-1.E0,0.E0,0.E0));
#1250=VECTOR('',#1249,6.4E-1);
#1251=CARTESIAN_POINT('',(8.515081342885E0,1.E0,1.725E0));
#1252=LINE('',#1251,#1250);
#1253=DIRECTION('',(-1.391731009601E-1,0.E0,9.902680687416E-1));
#1254=VECTOR('',#1253,8.987465395416E-1);
#1255=CARTESIAN_POINT('',(1.003E1,1.E0,8.35E-1));
#1256=LINE('',#1255,#1254);
#1257=DIRECTION('',(1.E0,0.E0,0.E0));
#1258=VECTOR('',#1257,6.4E-1);
#1259=CARTESIAN_POINT('',(9.39E0,1.E0,8.35E-1));
#1260=LINE('',#1259,#1258);
#1261=DIRECTION('',(1.391731009601E-1,0.E0,-9.902680687416E-1));
#1262=VECTOR('',#1261,8.987465395416E-1);
#1263=CARTESIAN_POINT('',(9.264918657115E0,1.E0,1.725E0));
#1264=LINE('',#1263,#1262);
#1265=DIRECTION('',(-1.E0,0.E0,0.E0));
#1266=VECTOR('',#1265,6.4E-1);
#1267=CARTESIAN_POINT('',(9.904918657115E0,1.E0,1.725E0));
#1268=LINE('',#1267,#1266);
#1269=DIRECTION('',(-1.E0,0.E0,0.E0));
#1270=VECTOR('',#1269,6.4E-1);
#1271=CARTESIAN_POINT('',(5.85E0,1.E0,-8.35E-1));
#1272=LINE('',#1271,#1270);
#1273=DIRECTION('',(-1.391731009601E-1,0.E0,9.902680687416E-1));
#1274=VECTOR('',#1273,8.987465395416E-1);
#1275=CARTESIAN_POINT('',(5.975081342885E0,1.E0,-1.725E0));
#1276=LINE('',#1275,#1274);
#1277=DIRECTION('',(1.E0,0.E0,0.E0));
#1278=VECTOR('',#1277,6.4E-1);
#1279=CARTESIAN_POINT('',(5.335081342885E0,1.E0,-1.725E0));
#1280=LINE('',#1279,#1278);
#1281=DIRECTION('',(1.391731009601E-1,0.E0,-9.902680687416E-1));
#1282=VECTOR('',#1281,8.987465395416E-1);
#1283=CARTESIAN_POINT('',(5.21E0,1.E0,-8.35E-1));
#1284=LINE('',#1283,#1282);
#1285=DIRECTION('',(-1.E0,0.E0,0.E0));
#1286=VECTOR('',#1285,6.4E-1);
#1287=CARTESIAN_POINT('',(7.49E0,1.E0,-8.35E-1));
#1288=LINE('',#1287,#1286);
#1289=DIRECTION('',(1.391731009601E-1,0.E0,9.902680687416E-1));
#1290=VECTOR('',#1289,8.987465395416E-1);
#1291=CARTESIAN_POINT('',(7.364918657115E0,1.E0,-1.725E0));
#1292=LINE('',#1291,#1290);
#1293=DIRECTION('',(1.E0,0.E0,0.E0));
#1294=VECTOR('',#1293,6.4E-1);
#1295=CARTESIAN_POINT('',(6.724918657115E0,1.E0,-1.725E0));
#1296=LINE('',#1295,#1294);
#1297=DIRECTION('',(-1.391731009601E-1,0.E0,-9.902680687416E-1));
#1298=VECTOR('',#1297,8.987465395416E-1);
#1299=CARTESIAN_POINT('',(6.85E0,1.E0,-8.35E-1));
#1300=LINE('',#1299,#1298);
#1301=DIRECTION('',(1.391731009601E-1,0.E0,9.902680687416E-1));
#1302=VECTOR('',#1301,8.987465395416E-1);
#1303=CARTESIAN_POINT('',(5.85E0,1.E0,8.35E-1));
#1304=LINE('',#1303,#1302);
#1305=DIRECTION('',(1.E0,0.E0,0.E0));
#1306=VECTOR('',#1305,6.4E-1);
#1307=CARTESIAN_POINT('',(5.21E0,1.E0,8.35E-1));
#1308=LINE('',#1307,#1306);
#1309=DIRECTION('',(-1.391731009601E-1,0.E0,-9.902680687416E-1));
#1310=VECTOR('',#1309,8.987465395416E-1);
#1311=CARTESIAN_POINT('',(5.335081342885E0,1.E0,1.725E0));
#1312=LINE('',#1311,#1310);
#1313=DIRECTION('',(-1.E0,0.E0,0.E0));
#1314=VECTOR('',#1313,6.4E-1);
#1315=CARTESIAN_POINT('',(5.975081342885E0,1.E0,1.725E0));
#1316=LINE('',#1315,#1314);
#1317=DIRECTION('',(-1.391731009601E-1,0.E0,9.902680687416E-1));
#1318=VECTOR('',#1317,8.987465395416E-1);
#1319=CARTESIAN_POINT('',(7.49E0,1.E0,8.35E-1));
#1320=LINE('',#1319,#1318);
#1321=DIRECTION('',(1.E0,0.E0,0.E0));
#1322=VECTOR('',#1321,6.4E-1);
#1323=CARTESIAN_POINT('',(6.85E0,1.E0,8.35E-1));
#1324=LINE('',#1323,#1322);
#1325=DIRECTION('',(1.391731009601E-1,0.E0,-9.902680687416E-1));
#1326=VECTOR('',#1325,8.987465395416E-1);
#1327=CARTESIAN_POINT('',(6.724918657115E0,1.E0,1.725E0));
#1328=LINE('',#1327,#1326);
#1329=DIRECTION('',(-1.E0,0.E0,0.E0));
#1330=VECTOR('',#1329,6.4E-1);
#1331=CARTESIAN_POINT('',(7.364918657115E0,1.E0,1.725E0));
#1332=LINE('',#1331,#1330);
#1333=DIRECTION('',(-1.E0,0.E0,0.E0));
#1334=VECTOR('',#1333,6.4E-1);
#1335=CARTESIAN_POINT('',(3.31E0,1.E0,-8.35E-1));
#1336=LINE('',#1335,#1334);
#1337=DIRECTION('',(-1.391731009601E-1,0.E0,9.902680687416E-1));
#1338=VECTOR('',#1337,8.987465395416E-1);
#1339=CARTESIAN_POINT('',(3.435081342885E0,1.E0,-1.725E0));
#1340=LINE('',#1339,#1338);
#1341=DIRECTION('',(1.E0,0.E0,0.E0));
#1342=VECTOR('',#1341,6.4E-1);
#1343=CARTESIAN_POINT('',(2.795081342885E0,1.E0,-1.725E0));
#1344=LINE('',#1343,#1342);
#1345=DIRECTION('',(1.391731009601E-1,0.E0,-9.902680687416E-1));
#1346=VECTOR('',#1345,8.987465395416E-1);
#1347=CARTESIAN_POINT('',(2.67E0,1.E0,-8.35E-1));
#1348=LINE('',#1347,#1346);
#1349=DIRECTION('',(-1.E0,0.E0,0.E0));
#1350=VECTOR('',#1349,6.4E-1);
#1351=CARTESIAN_POINT('',(4.95E0,1.E0,-8.35E-1));
#1352=LINE('',#1351,#1350);
#1353=DIRECTION('',(1.391731009601E-1,0.E0,9.902680687416E-1));
#1354=VECTOR('',#1353,8.987465395416E-1);
#1355=CARTESIAN_POINT('',(4.824918657115E0,1.E0,-1.725E0));
#1356=LINE('',#1355,#1354);
#1357=DIRECTION('',(1.E0,0.E0,0.E0));
#1358=VECTOR('',#1357,6.4E-1);
#1359=CARTESIAN_POINT('',(4.184918657115E0,1.E0,-1.725E0));
#1360=LINE('',#1359,#1358);
#1361=DIRECTION('',(-1.391731009601E-1,0.E0,-9.902680687416E-1));
#1362=VECTOR('',#1361,8.987465395416E-1);
#1363=CARTESIAN_POINT('',(4.31E0,1.E0,-8.35E-1));
#1364=LINE('',#1363,#1362);
#1365=DIRECTION('',(1.391731009601E-1,0.E0,9.902680687416E-1));
#1366=VECTOR('',#1365,8.987465395416E-1);
#1367=CARTESIAN_POINT('',(3.31E0,1.E0,8.35E-1));
#1368=LINE('',#1367,#1366);
#1369=DIRECTION('',(1.E0,0.E0,0.E0));
#1370=VECTOR('',#1369,6.4E-1);
#1371=CARTESIAN_POINT('',(2.67E0,1.E0,8.35E-1));
#1372=LINE('',#1371,#1370);
#1373=DIRECTION('',(-1.391731009601E-1,0.E0,-9.902680687416E-1));
#1374=VECTOR('',#1373,8.987465395416E-1);
#1375=CARTESIAN_POINT('',(2.795081342885E0,1.E0,1.725E0));
#1376=LINE('',#1375,#1374);
#1377=DIRECTION('',(-1.E0,0.E0,0.E0));
#1378=VECTOR('',#1377,6.4E-1);
#1379=CARTESIAN_POINT('',(3.435081342885E0,1.E0,1.725E0));
#1380=LINE('',#1379,#1378);
#1381=DIRECTION('',(-1.391731009601E-1,0.E0,9.902680687416E-1));
#1382=VECTOR('',#1381,8.987465395416E-1);
#1383=CARTESIAN_POINT('',(4.95E0,1.E0,8.35E-1));
#1384=LINE('',#1383,#1382);
#1385=DIRECTION('',(1.E0,0.E0,0.E0));
#1386=VECTOR('',#1385,6.4E-1);
#1387=CARTESIAN_POINT('',(4.31E0,1.E0,8.35E-1));
#1388=LINE('',#1387,#1386);
#1389=DIRECTION('',(1.391731009601E-1,0.E0,-9.902680687416E-1));
#1390=VECTOR('',#1389,8.987465395416E-1);
#1391=CARTESIAN_POINT('',(4.184918657115E0,1.E0,1.725E0));
#1392=LINE('',#1391,#1390);
#1393=DIRECTION('',(-1.E0,0.E0,0.E0));
#1394=VECTOR('',#1393,6.4E-1);
#1395=CARTESIAN_POINT('',(4.824918657115E0,1.E0,1.725E0));
#1396=LINE('',#1395,#1394);
#1397=DIRECTION('',(-1.E0,0.E0,0.E0));
#1398=VECTOR('',#1397,6.4E-1);
#1399=CARTESIAN_POINT('',(7.7E-1,1.E0,-8.35E-1));
#1400=LINE('',#1399,#1398);
#1401=DIRECTION('',(-1.391731009601E-1,0.E0,9.902680687416E-1));
#1402=VECTOR('',#1401,8.987465395416E-1);
#1403=CARTESIAN_POINT('',(8.950813428851E-1,1.E0,-1.725E0));
#1404=LINE('',#1403,#1402);
#1405=DIRECTION('',(1.E0,0.E0,0.E0));
#1406=VECTOR('',#1405,6.4E-1);
#1407=CARTESIAN_POINT('',(2.550813428851E-1,1.E0,-1.725E0));
#1408=LINE('',#1407,#1406);
#1409=DIRECTION('',(1.391731009601E-1,0.E0,-9.902680687416E-1));
#1410=VECTOR('',#1409,8.987465395416E-1);
#1411=CARTESIAN_POINT('',(1.3E-1,1.E0,-8.35E-1));
#1412=LINE('',#1411,#1410);
#1413=DIRECTION('',(-1.E0,0.E0,0.E0));
#1414=VECTOR('',#1413,6.4E-1);
#1415=CARTESIAN_POINT('',(2.41E0,1.E0,-8.35E-1));
#1416=LINE('',#1415,#1414);
#1417=DIRECTION('',(1.391731009601E-1,0.E0,9.902680687416E-1));
#1418=VECTOR('',#1417,8.987465395416E-1);
#1419=CARTESIAN_POINT('',(2.284918657115E0,1.E0,-1.725E0));
#1420=LINE('',#1419,#1418);
#1421=DIRECTION('',(1.E0,0.E0,0.E0));
#1422=VECTOR('',#1421,6.4E-1);
#1423=CARTESIAN_POINT('',(1.644918657115E0,1.E0,-1.725E0));
#1424=LINE('',#1423,#1422);
#1425=DIRECTION('',(-1.391731009601E-1,0.E0,-9.902680687416E-1));
#1426=VECTOR('',#1425,8.987465395416E-1);
#1427=CARTESIAN_POINT('',(1.77E0,1.E0,-8.35E-1));
#1428=LINE('',#1427,#1426);
#1429=DIRECTION('',(1.391731009601E-1,0.E0,9.902680687416E-1));
#1430=VECTOR('',#1429,8.987465395416E-1);
#1431=CARTESIAN_POINT('',(7.7E-1,1.E0,8.35E-1));
#1432=LINE('',#1431,#1430);
#1433=DIRECTION('',(1.E0,0.E0,0.E0));
#1434=VECTOR('',#1433,6.4E-1);
#1435=CARTESIAN_POINT('',(1.3E-1,1.E0,8.35E-1));
#1436=LINE('',#1435,#1434);
#1437=DIRECTION('',(-1.391731009601E-1,0.E0,-9.902680687416E-1));
#1438=VECTOR('',#1437,8.987465395416E-1);
#1439=CARTESIAN_POINT('',(2.550813428851E-1,1.E0,1.725E0));
#1440=LINE('',#1439,#1438);
#1441=DIRECTION('',(-1.E0,0.E0,0.E0));
#1442=VECTOR('',#1441,6.4E-1);
#1443=CARTESIAN_POINT('',(8.950813428851E-1,1.E0,1.725E0));
#1444=LINE('',#1443,#1442);
#1445=DIRECTION('',(-1.391731009601E-1,0.E0,9.902680687416E-1));
#1446=VECTOR('',#1445,8.987465395416E-1);
#1447=CARTESIAN_POINT('',(2.41E0,1.E0,8.35E-1));
#1448=LINE('',#1447,#1446);
#1449=DIRECTION('',(1.E0,0.E0,0.E0));
#1450=VECTOR('',#1449,6.4E-1);
#1451=CARTESIAN_POINT('',(1.77E0,1.E0,8.35E-1));
#1452=LINE('',#1451,#1450);
#1453=DIRECTION('',(1.391731009601E-1,0.E0,-9.902680687416E-1));
#1454=VECTOR('',#1453,8.987465395416E-1);
#1455=CARTESIAN_POINT('',(1.644918657115E0,1.E0,1.725E0));
#1456=LINE('',#1455,#1454);
#1457=DIRECTION('',(-1.E0,0.E0,0.E0));
#1458=VECTOR('',#1457,6.4E-1);
#1459=CARTESIAN_POINT('',(2.284918657115E0,1.E0,1.725E0));
#1460=LINE('',#1459,#1458);
#1461=DIRECTION('',(-1.E0,0.E0,0.E0));
#1462=VECTOR('',#1461,6.4E-1);
#1463=CARTESIAN_POINT('',(-1.77E0,1.E0,-8.35E-1));
#1464=LINE('',#1463,#1462);
#1465=DIRECTION('',(-1.391731009601E-1,0.E0,9.902680687416E-1));
#1466=VECTOR('',#1465,8.987465395416E-1);
#1467=CARTESIAN_POINT('',(-1.644918657115E0,1.E0,-1.725E0));
#1468=LINE('',#1467,#1466);
#1469=DIRECTION('',(1.E0,0.E0,0.E0));
#1470=VECTOR('',#1469,6.4E-1);
#1471=CARTESIAN_POINT('',(-2.284918657115E0,1.E0,-1.725E0));
#1472=LINE('',#1471,#1470);
#1473=DIRECTION('',(1.391731009601E-1,0.E0,-9.902680687416E-1));
#1474=VECTOR('',#1473,8.987465395416E-1);
#1475=CARTESIAN_POINT('',(-2.41E0,1.E0,-8.35E-1));
#1476=LINE('',#1475,#1474);
#1477=DIRECTION('',(-1.E0,0.E0,0.E0));
#1478=VECTOR('',#1477,6.4E-1);
#1479=CARTESIAN_POINT('',(-1.3E-1,1.E0,-8.35E-1));
#1480=LINE('',#1479,#1478);
#1481=DIRECTION('',(1.391731009601E-1,0.E0,9.902680687416E-1));
#1482=VECTOR('',#1481,8.987465395416E-1);
#1483=CARTESIAN_POINT('',(-2.550813428851E-1,1.E0,-1.725E0));
#1484=LINE('',#1483,#1482);
#1485=DIRECTION('',(1.E0,0.E0,0.E0));
#1486=VECTOR('',#1485,6.4E-1);
#1487=CARTESIAN_POINT('',(-8.950813428851E-1,1.E0,-1.725E0));
#1488=LINE('',#1487,#1486);
#1489=DIRECTION('',(-1.391731009601E-1,0.E0,-9.902680687416E-1));
#1490=VECTOR('',#1489,8.987465395416E-1);
#1491=CARTESIAN_POINT('',(-7.7E-1,1.E0,-8.35E-1));
#1492=LINE('',#1491,#1490);
#1493=DIRECTION('',(1.391731009601E-1,0.E0,9.902680687416E-1));
#1494=VECTOR('',#1493,8.987465395416E-1);
#1495=CARTESIAN_POINT('',(-1.77E0,1.E0,8.35E-1));
#1496=LINE('',#1495,#1494);
#1497=DIRECTION('',(1.E0,0.E0,0.E0));
#1498=VECTOR('',#1497,6.4E-1);
#1499=CARTESIAN_POINT('',(-2.41E0,1.E0,8.35E-1));
#1500=LINE('',#1499,#1498);
#1501=DIRECTION('',(-1.391731009601E-1,0.E0,-9.902680687416E-1));
#1502=VECTOR('',#1501,8.987465395416E-1);
#1503=CARTESIAN_POINT('',(-2.284918657115E0,1.E0,1.725E0));
#1504=LINE('',#1503,#1502);
#1505=DIRECTION('',(-1.E0,0.E0,0.E0));
#1506=VECTOR('',#1505,6.4E-1);
#1507=CARTESIAN_POINT('',(-1.644918657115E0,1.E0,1.725E0));
#1508=LINE('',#1507,#1506);
#1509=DIRECTION('',(-1.391731009601E-1,0.E0,9.902680687416E-1));
#1510=VECTOR('',#1509,8.987465395416E-1);
#1511=CARTESIAN_POINT('',(-1.3E-1,1.E0,8.35E-1));
#1512=LINE('',#1511,#1510);
#1513=DIRECTION('',(1.E0,0.E0,0.E0));
#1514=VECTOR('',#1513,6.4E-1);
#1515=CARTESIAN_POINT('',(-7.7E-1,1.E0,8.35E-1));
#1516=LINE('',#1515,#1514);
#1517=DIRECTION('',(1.391731009601E-1,0.E0,-9.902680687416E-1));
#1518=VECTOR('',#1517,8.987465395416E-1);
#1519=CARTESIAN_POINT('',(-8.950813428851E-1,1.E0,1.725E0));
#1520=LINE('',#1519,#1518);
#1521=DIRECTION('',(-1.E0,0.E0,0.E0));
#1522=VECTOR('',#1521,6.4E-1);
#1523=CARTESIAN_POINT('',(-2.550813428851E-1,1.E0,1.725E0));
#1524=LINE('',#1523,#1522);
#1525=DIRECTION('',(-1.E0,0.E0,0.E0));
#1526=VECTOR('',#1525,6.4E-1);
#1527=CARTESIAN_POINT('',(-4.31E0,1.E0,-8.35E-1));
#1528=LINE('',#1527,#1526);
#1529=DIRECTION('',(-1.391731009601E-1,0.E0,9.902680687416E-1));
#1530=VECTOR('',#1529,8.987465395416E-1);
#1531=CARTESIAN_POINT('',(-4.184918657115E0,1.E0,-1.725E0));
#1532=LINE('',#1531,#1530);
#1533=DIRECTION('',(1.E0,0.E0,0.E0));
#1534=VECTOR('',#1533,6.4E-1);
#1535=CARTESIAN_POINT('',(-4.824918657115E0,1.E0,-1.725E0));
#1536=LINE('',#1535,#1534);
#1537=DIRECTION('',(1.391731009601E-1,0.E0,-9.902680687416E-1));
#1538=VECTOR('',#1537,8.987465395416E-1);
#1539=CARTESIAN_POINT('',(-4.95E0,1.E0,-8.35E-1));
#1540=LINE('',#1539,#1538);
#1541=DIRECTION('',(-1.E0,0.E0,0.E0));
#1542=VECTOR('',#1541,6.4E-1);
#1543=CARTESIAN_POINT('',(-2.67E0,1.E0,-8.35E-1));
#1544=LINE('',#1543,#1542);
#1545=DIRECTION('',(1.391731009601E-1,0.E0,9.902680687416E-1));
#1546=VECTOR('',#1545,8.987465395416E-1);
#1547=CARTESIAN_POINT('',(-2.795081342885E0,1.E0,-1.725E0));
#1548=LINE('',#1547,#1546);
#1549=DIRECTION('',(1.E0,0.E0,0.E0));
#1550=VECTOR('',#1549,6.4E-1);
#1551=CARTESIAN_POINT('',(-3.435081342885E0,1.E0,-1.725E0));
#1552=LINE('',#1551,#1550);
#1553=DIRECTION('',(-1.391731009601E-1,0.E0,-9.902680687416E-1));
#1554=VECTOR('',#1553,8.987465395416E-1);
#1555=CARTESIAN_POINT('',(-3.31E0,1.E0,-8.35E-1));
#1556=LINE('',#1555,#1554);
#1557=DIRECTION('',(1.391731009601E-1,0.E0,9.902680687416E-1));
#1558=VECTOR('',#1557,8.987465395416E-1);
#1559=CARTESIAN_POINT('',(-4.31E0,1.E0,8.35E-1));
#1560=LINE('',#1559,#1558);
#1561=DIRECTION('',(1.E0,0.E0,0.E0));
#1562=VECTOR('',#1561,6.4E-1);
#1563=CARTESIAN_POINT('',(-4.95E0,1.E0,8.35E-1));
#1564=LINE('',#1563,#1562);
#1565=DIRECTION('',(-1.391731009601E-1,0.E0,-9.902680687416E-1));
#1566=VECTOR('',#1565,8.987465395416E-1);
#1567=CARTESIAN_POINT('',(-4.824918657115E0,1.E0,1.725E0));
#1568=LINE('',#1567,#1566);
#1569=DIRECTION('',(-1.E0,0.E0,0.E0));
#1570=VECTOR('',#1569,6.4E-1);
#1571=CARTESIAN_POINT('',(-4.184918657115E0,1.E0,1.725E0));
#1572=LINE('',#1571,#1570);
#1573=DIRECTION('',(-1.391731009601E-1,0.E0,9.902680687416E-1));
#1574=VECTOR('',#1573,8.987465395416E-1);
#1575=CARTESIAN_POINT('',(-2.67E0,1.E0,8.35E-1));
#1576=LINE('',#1575,#1574);
#1577=DIRECTION('',(1.E0,0.E0,0.E0));
#1578=VECTOR('',#1577,6.4E-1);
#1579=CARTESIAN_POINT('',(-3.31E0,1.E0,8.35E-1));
#1580=LINE('',#1579,#1578);
#1581=DIRECTION('',(1.391731009601E-1,0.E0,-9.902680687416E-1));
#1582=VECTOR('',#1581,8.987465395416E-1);
#1583=CARTESIAN_POINT('',(-3.435081342885E0,1.E0,1.725E0));
#1584=LINE('',#1583,#1582);
#1585=DIRECTION('',(-1.E0,0.E0,0.E0));
#1586=VECTOR('',#1585,6.4E-1);
#1587=CARTESIAN_POINT('',(-2.795081342885E0,1.E0,1.725E0));
#1588=LINE('',#1587,#1586);
#1589=DIRECTION('',(-1.E0,0.E0,0.E0));
#1590=VECTOR('',#1589,6.4E-1);
#1591=CARTESIAN_POINT('',(-6.85E0,1.E0,-8.35E-1));
#1592=LINE('',#1591,#1590);
#1593=DIRECTION('',(-1.391731009601E-1,0.E0,9.902680687416E-1));
#1594=VECTOR('',#1593,8.987465395416E-1);
#1595=CARTESIAN_POINT('',(-6.724918657115E0,1.E0,-1.725E0));
#1596=LINE('',#1595,#1594);
#1597=DIRECTION('',(1.E0,0.E0,0.E0));
#1598=VECTOR('',#1597,6.4E-1);
#1599=CARTESIAN_POINT('',(-7.364918657115E0,1.E0,-1.725E0));
#1600=LINE('',#1599,#1598);
#1601=DIRECTION('',(1.391731009601E-1,0.E0,-9.902680687416E-1));
#1602=VECTOR('',#1601,8.987465395416E-1);
#1603=CARTESIAN_POINT('',(-7.49E0,1.E0,-8.35E-1));
#1604=LINE('',#1603,#1602);
#1605=DIRECTION('',(-1.E0,0.E0,0.E0));
#1606=VECTOR('',#1605,6.4E-1);
#1607=CARTESIAN_POINT('',(-5.21E0,1.E0,-8.35E-1));
#1608=LINE('',#1607,#1606);
#1609=DIRECTION('',(1.391731009601E-1,0.E0,9.902680687416E-1));
#1610=VECTOR('',#1609,8.987465395416E-1);
#1611=CARTESIAN_POINT('',(-5.335081342885E0,1.E0,-1.725E0));
#1612=LINE('',#1611,#1610);
#1613=DIRECTION('',(1.E0,0.E0,0.E0));
#1614=VECTOR('',#1613,6.4E-1);
#1615=CARTESIAN_POINT('',(-5.975081342885E0,1.E0,-1.725E0));
#1616=LINE('',#1615,#1614);
#1617=DIRECTION('',(-1.391731009601E-1,0.E0,-9.902680687416E-1));
#1618=VECTOR('',#1617,8.987465395416E-1);
#1619=CARTESIAN_POINT('',(-5.85E0,1.E0,-8.35E-1));
#1620=LINE('',#1619,#1618);
#1621=DIRECTION('',(1.391731009601E-1,0.E0,9.902680687416E-1));
#1622=VECTOR('',#1621,8.987465395416E-1);
#1623=CARTESIAN_POINT('',(-6.85E0,1.E0,8.35E-1));
#1624=LINE('',#1623,#1622);
#1625=DIRECTION('',(1.E0,0.E0,0.E0));
#1626=VECTOR('',#1625,6.4E-1);
#1627=CARTESIAN_POINT('',(-7.49E0,1.E0,8.35E-1));
#1628=LINE('',#1627,#1626);
#1629=DIRECTION('',(-1.391731009601E-1,0.E0,-9.902680687416E-1));
#1630=VECTOR('',#1629,8.987465395416E-1);
#1631=CARTESIAN_POINT('',(-7.364918657115E0,1.E0,1.725E0));
#1632=LINE('',#1631,#1630);
#1633=DIRECTION('',(-1.E0,0.E0,0.E0));
#1634=VECTOR('',#1633,6.4E-1);
#1635=CARTESIAN_POINT('',(-6.724918657115E0,1.E0,1.725E0));
#1636=LINE('',#1635,#1634);
#1637=DIRECTION('',(-1.391731009601E-1,0.E0,9.902680687416E-1));
#1638=VECTOR('',#1637,8.987465395416E-1);
#1639=CARTESIAN_POINT('',(-5.21E0,1.E0,8.35E-1));
#1640=LINE('',#1639,#1638);
#1641=DIRECTION('',(1.E0,0.E0,0.E0));
#1642=VECTOR('',#1641,6.4E-1);
#1643=CARTESIAN_POINT('',(-5.85E0,1.E0,8.35E-1));
#1644=LINE('',#1643,#1642);
#1645=DIRECTION('',(1.391731009601E-1,0.E0,-9.902680687416E-1));
#1646=VECTOR('',#1645,8.987465395416E-1);
#1647=CARTESIAN_POINT('',(-5.975081342885E0,1.E0,1.725E0));
#1648=LINE('',#1647,#1646);
#1649=DIRECTION('',(-1.E0,0.E0,0.E0));
#1650=VECTOR('',#1649,6.4E-1);
#1651=CARTESIAN_POINT('',(-5.335081342885E0,1.E0,1.725E0));
#1652=LINE('',#1651,#1650);
#1653=DIRECTION('',(-1.E0,0.E0,0.E0));
#1654=VECTOR('',#1653,6.4E-1);
#1655=CARTESIAN_POINT('',(-9.39E0,1.E0,-8.35E-1));
#1656=LINE('',#1655,#1654);
#1657=DIRECTION('',(-1.391731009601E-1,0.E0,9.902680687416E-1));
#1658=VECTOR('',#1657,8.987465395416E-1);
#1659=CARTESIAN_POINT('',(-9.264918657115E0,1.E0,-1.725E0));
#1660=LINE('',#1659,#1658);
#1661=DIRECTION('',(1.E0,0.E0,0.E0));
#1662=VECTOR('',#1661,6.4E-1);
#1663=CARTESIAN_POINT('',(-9.904918657115E0,1.E0,-1.725E0));
#1664=LINE('',#1663,#1662);
#1665=DIRECTION('',(1.391731009601E-1,0.E0,-9.902680687416E-1));
#1666=VECTOR('',#1665,8.987465395416E-1);
#1667=CARTESIAN_POINT('',(-1.003E1,1.E0,-8.35E-1));
#1668=LINE('',#1667,#1666);
#1669=DIRECTION('',(-1.E0,0.E0,0.E0));
#1670=VECTOR('',#1669,6.4E-1);
#1671=CARTESIAN_POINT('',(-7.75E0,1.E0,-8.35E-1));
#1672=LINE('',#1671,#1670);
#1673=DIRECTION('',(1.391731009601E-1,0.E0,9.902680687416E-1));
#1674=VECTOR('',#1673,8.987465395416E-1);
#1675=CARTESIAN_POINT('',(-7.875081342885E0,1.E0,-1.725E0));
#1676=LINE('',#1675,#1674);
#1677=DIRECTION('',(1.E0,0.E0,0.E0));
#1678=VECTOR('',#1677,6.4E-1);
#1679=CARTESIAN_POINT('',(-8.515081342885E0,1.E0,-1.725E0));
#1680=LINE('',#1679,#1678);
#1681=DIRECTION('',(-1.391731009601E-1,0.E0,-9.902680687416E-1));
#1682=VECTOR('',#1681,8.987465395416E-1);
#1683=CARTESIAN_POINT('',(-8.39E0,1.E0,-8.35E-1));
#1684=LINE('',#1683,#1682);
#1685=DIRECTION('',(1.391731009601E-1,0.E0,9.902680687416E-1));
#1686=VECTOR('',#1685,8.987465395416E-1);
#1687=CARTESIAN_POINT('',(-9.39E0,1.E0,8.35E-1));
#1688=LINE('',#1687,#1686);
#1689=DIRECTION('',(1.E0,0.E0,0.E0));
#1690=VECTOR('',#1689,6.4E-1);
#1691=CARTESIAN_POINT('',(-1.003E1,1.E0,8.35E-1));
#1692=LINE('',#1691,#1690);
#1693=DIRECTION('',(-1.391731009601E-1,0.E0,-9.902680687416E-1));
#1694=VECTOR('',#1693,8.987465395416E-1);
#1695=CARTESIAN_POINT('',(-9.904918657115E0,1.E0,1.725E0));
#1696=LINE('',#1695,#1694);
#1697=DIRECTION('',(-1.E0,0.E0,0.E0));
#1698=VECTOR('',#1697,6.4E-1);
#1699=CARTESIAN_POINT('',(-9.264918657115E0,1.E0,1.725E0));
#1700=LINE('',#1699,#1698);
#1701=DIRECTION('',(-1.391731009601E-1,0.E0,9.902680687416E-1));
#1702=VECTOR('',#1701,8.987465395416E-1);
#1703=CARTESIAN_POINT('',(-7.75E0,1.E0,8.35E-1));
#1704=LINE('',#1703,#1702);
#1705=DIRECTION('',(1.E0,0.E0,0.E0));
#1706=VECTOR('',#1705,6.4E-1);
#1707=CARTESIAN_POINT('',(-8.39E0,1.E0,8.35E-1));
#1708=LINE('',#1707,#1706);
#1709=DIRECTION('',(1.391731009601E-1,0.E0,-9.902680687416E-1));
#1710=VECTOR('',#1709,8.987465395416E-1);
#1711=CARTESIAN_POINT('',(-8.515081342885E0,1.E0,1.725E0));
#1712=LINE('',#1711,#1710);
#1713=DIRECTION('',(-1.E0,0.E0,0.E0));
#1714=VECTOR('',#1713,6.4E-1);
#1715=CARTESIAN_POINT('',(-7.875081342885E0,1.E0,1.725E0));
#1716=LINE('',#1715,#1714);
#1717=DIRECTION('',(-1.E0,0.E0,0.E0));
#1718=VECTOR('',#1717,6.4E-1);
#1719=CARTESIAN_POINT('',(-1.193E1,1.E0,-8.35E-1));
#1720=LINE('',#1719,#1718);
#1721=DIRECTION('',(-1.391731009601E-1,0.E0,9.902680687416E-1));
#1722=VECTOR('',#1721,8.987465395416E-1);
#1723=CARTESIAN_POINT('',(-1.180491865711E1,1.E0,-1.725E0));
#1724=LINE('',#1723,#1722);
#1725=DIRECTION('',(1.E0,0.E0,0.E0));
#1726=VECTOR('',#1725,6.4E-1);
#1727=CARTESIAN_POINT('',(-1.244491865711E1,1.E0,-1.725E0));
#1728=LINE('',#1727,#1726);
#1729=DIRECTION('',(1.391731009601E-1,0.E0,-9.902680687416E-1));
#1730=VECTOR('',#1729,8.987465395416E-1);
#1731=CARTESIAN_POINT('',(-1.257E1,1.E0,-8.35E-1));
#1732=LINE('',#1731,#1730);
#1733=DIRECTION('',(-1.E0,0.E0,0.E0));
#1734=VECTOR('',#1733,6.4E-1);
#1735=CARTESIAN_POINT('',(-1.029E1,1.E0,-8.35E-1));
#1736=LINE('',#1735,#1734);
#1737=DIRECTION('',(1.391731009601E-1,0.E0,9.902680687416E-1));
#1738=VECTOR('',#1737,8.987465395416E-1);
#1739=CARTESIAN_POINT('',(-1.041508134289E1,1.E0,-1.725E0));
#1740=LINE('',#1739,#1738);
#1741=DIRECTION('',(1.E0,0.E0,0.E0));
#1742=VECTOR('',#1741,6.4E-1);
#1743=CARTESIAN_POINT('',(-1.105508134289E1,1.E0,-1.725E0));
#1744=LINE('',#1743,#1742);
#1745=DIRECTION('',(-1.391731009601E-1,0.E0,-9.902680687416E-1));
#1746=VECTOR('',#1745,8.987465395416E-1);
#1747=CARTESIAN_POINT('',(-1.093E1,1.E0,-8.35E-1));
#1748=LINE('',#1747,#1746);
#1749=DIRECTION('',(1.391731009601E-1,0.E0,9.902680687416E-1));
#1750=VECTOR('',#1749,8.987465395416E-1);
#1751=CARTESIAN_POINT('',(-1.193E1,1.E0,8.35E-1));
#1752=LINE('',#1751,#1750);
#1753=DIRECTION('',(1.E0,0.E0,0.E0));
#1754=VECTOR('',#1753,6.4E-1);
#1755=CARTESIAN_POINT('',(-1.257E1,1.E0,8.35E-1));
#1756=LINE('',#1755,#1754);
#1757=DIRECTION('',(-1.391731009601E-1,0.E0,-9.902680687416E-1));
#1758=VECTOR('',#1757,8.987465395416E-1);
#1759=CARTESIAN_POINT('',(-1.244491865711E1,1.E0,1.725E0));
#1760=LINE('',#1759,#1758);
#1761=DIRECTION('',(-1.E0,0.E0,0.E0));
#1762=VECTOR('',#1761,6.4E-1);
#1763=CARTESIAN_POINT('',(-1.180491865711E1,1.E0,1.725E0));
#1764=LINE('',#1763,#1762);
#1765=DIRECTION('',(-1.391731009601E-1,0.E0,9.902680687416E-1));
#1766=VECTOR('',#1765,8.987465395416E-1);
#1767=CARTESIAN_POINT('',(-1.029E1,1.E0,8.35E-1));
#1768=LINE('',#1767,#1766);
#1769=DIRECTION('',(1.E0,0.E0,0.E0));
#1770=VECTOR('',#1769,6.4E-1);
#1771=CARTESIAN_POINT('',(-1.093E1,1.E0,8.35E-1));
#1772=LINE('',#1771,#1770);
#1773=DIRECTION('',(1.391731009601E-1,0.E0,-9.902680687416E-1));
#1774=VECTOR('',#1773,8.987465395416E-1);
#1775=CARTESIAN_POINT('',(-1.105508134289E1,1.E0,1.725E0));
#1776=LINE('',#1775,#1774);
#1777=DIRECTION('',(-1.E0,0.E0,0.E0));
#1778=VECTOR('',#1777,6.4E-1);
#1779=CARTESIAN_POINT('',(-1.041508134289E1,1.E0,1.725E0));
#1780=LINE('',#1779,#1778);
#1781=DIRECTION('',(0.E0,0.E0,-1.E0));
#1782=VECTOR('',#1781,6.5E-1);
#1783=CARTESIAN_POINT('',(1.1105E1,1.E0,-9.45E-1));
#1784=LINE('',#1783,#1782);
#1785=DIRECTION('',(1.E0,0.E0,0.E0));
#1786=VECTOR('',#1785,6.5E-1);
#1787=CARTESIAN_POINT('',(1.1105E1,1.E0,-9.45E-1));
#1788=LINE('',#1787,#1786);
#1789=DIRECTION('',(0.E0,0.E0,-1.E0));
#1790=VECTOR('',#1789,6.5E-1);
#1791=CARTESIAN_POINT('',(1.1755E1,1.E0,-9.45E-1));
#1792=LINE('',#1791,#1790);
#1793=DIRECTION('',(1.E0,0.E0,0.E0));
#1794=VECTOR('',#1793,6.5E-1);
#1795=CARTESIAN_POINT('',(1.1105E1,1.E0,-1.595E0));
#1796=LINE('',#1795,#1794);
#1797=DIRECTION('',(0.E0,0.E0,-1.E0));
#1798=VECTOR('',#1797,6.5E-1);
#1799=CARTESIAN_POINT('',(1.1105E1,1.E0,1.595E0));
#1800=LINE('',#1799,#1798);
#1801=DIRECTION('',(1.E0,0.E0,0.E0));
#1802=VECTOR('',#1801,6.5E-1);
#1803=CARTESIAN_POINT('',(1.1105E1,1.E0,1.595E0));
#1804=LINE('',#1803,#1802);
#1805=DIRECTION('',(0.E0,0.E0,-1.E0));
#1806=VECTOR('',#1805,6.5E-1);
#1807=CARTESIAN_POINT('',(1.1755E1,1.E0,1.595E0));
#1808=LINE('',#1807,#1806);
#1809=DIRECTION('',(1.E0,0.E0,0.E0));
#1810=VECTOR('',#1809,6.5E-1);
#1811=CARTESIAN_POINT('',(1.1105E1,1.E0,9.45E-1));
#1812=LINE('',#1811,#1810);
#1813=DIRECTION('',(0.E0,0.E0,-1.E0));
#1814=VECTOR('',#1813,6.5E-1);
#1815=CARTESIAN_POINT('',(8.565E0,1.E0,-9.45E-1));
#1816=LINE('',#1815,#1814);
#1817=DIRECTION('',(1.E0,0.E0,0.E0));
#1818=VECTOR('',#1817,6.5E-1);
#1819=CARTESIAN_POINT('',(8.565E0,1.E0,-9.45E-1));
#1820=LINE('',#1819,#1818);
#1821=DIRECTION('',(0.E0,0.E0,-1.E0));
#1822=VECTOR('',#1821,6.5E-1);
#1823=CARTESIAN_POINT('',(9.215E0,1.E0,-9.45E-1));
#1824=LINE('',#1823,#1822);
#1825=DIRECTION('',(1.E0,0.E0,0.E0));
#1826=VECTOR('',#1825,6.5E-1);
#1827=CARTESIAN_POINT('',(8.565E0,1.E0,-1.595E0));
#1828=LINE('',#1827,#1826);
#1829=DIRECTION('',(0.E0,0.E0,-1.E0));
#1830=VECTOR('',#1829,6.5E-1);
#1831=CARTESIAN_POINT('',(8.565E0,1.E0,1.595E0));
#1832=LINE('',#1831,#1830);
#1833=DIRECTION('',(1.E0,0.E0,0.E0));
#1834=VECTOR('',#1833,6.5E-1);
#1835=CARTESIAN_POINT('',(8.565E0,1.E0,1.595E0));
#1836=LINE('',#1835,#1834);
#1837=DIRECTION('',(0.E0,0.E0,-1.E0));
#1838=VECTOR('',#1837,6.5E-1);
#1839=CARTESIAN_POINT('',(9.215E0,1.E0,1.595E0));
#1840=LINE('',#1839,#1838);
#1841=DIRECTION('',(1.E0,0.E0,0.E0));
#1842=VECTOR('',#1841,6.5E-1);
#1843=CARTESIAN_POINT('',(8.565E0,1.E0,9.45E-1));
#1844=LINE('',#1843,#1842);
#1845=DIRECTION('',(0.E0,0.E0,-1.E0));
#1846=VECTOR('',#1845,6.5E-1);
#1847=CARTESIAN_POINT('',(6.025E0,1.E0,-9.45E-1));
#1848=LINE('',#1847,#1846);
#1849=DIRECTION('',(1.E0,0.E0,0.E0));
#1850=VECTOR('',#1849,6.5E-1);
#1851=CARTESIAN_POINT('',(6.025E0,1.E0,-9.45E-1));
#1852=LINE('',#1851,#1850);
#1853=DIRECTION('',(0.E0,0.E0,-1.E0));
#1854=VECTOR('',#1853,6.5E-1);
#1855=CARTESIAN_POINT('',(6.675E0,1.E0,-9.45E-1));
#1856=LINE('',#1855,#1854);
#1857=DIRECTION('',(1.E0,0.E0,0.E0));
#1858=VECTOR('',#1857,6.5E-1);
#1859=CARTESIAN_POINT('',(6.025E0,1.E0,-1.595E0));
#1860=LINE('',#1859,#1858);
#1861=DIRECTION('',(0.E0,0.E0,-1.E0));
#1862=VECTOR('',#1861,6.5E-1);
#1863=CARTESIAN_POINT('',(6.025E0,1.E0,1.595E0));
#1864=LINE('',#1863,#1862);
#1865=DIRECTION('',(1.E0,0.E0,0.E0));
#1866=VECTOR('',#1865,6.5E-1);
#1867=CARTESIAN_POINT('',(6.025E0,1.E0,1.595E0));
#1868=LINE('',#1867,#1866);
#1869=DIRECTION('',(0.E0,0.E0,-1.E0));
#1870=VECTOR('',#1869,6.5E-1);
#1871=CARTESIAN_POINT('',(6.675E0,1.E0,1.595E0));
#1872=LINE('',#1871,#1870);
#1873=DIRECTION('',(1.E0,0.E0,0.E0));
#1874=VECTOR('',#1873,6.5E-1);
#1875=CARTESIAN_POINT('',(6.025E0,1.E0,9.45E-1));
#1876=LINE('',#1875,#1874);
#1877=DIRECTION('',(0.E0,0.E0,1.E0));
#1878=VECTOR('',#1877,6.5E-1);
#1879=CARTESIAN_POINT('',(3.485E0,1.E0,-1.595E0));
#1880=LINE('',#1879,#1878);
#1881=DIRECTION('',(1.E0,0.E0,0.E0));
#1882=VECTOR('',#1881,6.5E-1);
#1883=CARTESIAN_POINT('',(3.485E0,1.E0,-9.45E-1));
#1884=LINE('',#1883,#1882);
#1885=DIRECTION('',(0.E0,0.E0,1.E0));
#1886=VECTOR('',#1885,6.5E-1);
#1887=CARTESIAN_POINT('',(4.135E0,1.E0,-1.595E0));
#1888=LINE('',#1887,#1886);
#1889=DIRECTION('',(1.E0,0.E0,0.E0));
#1890=VECTOR('',#1889,6.5E-1);
#1891=CARTESIAN_POINT('',(3.485E0,1.E0,-1.595E0));
#1892=LINE('',#1891,#1890);
#1893=DIRECTION('',(0.E0,0.E0,1.E0));
#1894=VECTOR('',#1893,6.5E-1);
#1895=CARTESIAN_POINT('',(3.485E0,1.E0,9.45E-1));
#1896=LINE('',#1895,#1894);
#1897=DIRECTION('',(1.E0,0.E0,0.E0));
#1898=VECTOR('',#1897,6.5E-1);
#1899=CARTESIAN_POINT('',(3.485E0,1.E0,1.595E0));
#1900=LINE('',#1899,#1898);
#1901=DIRECTION('',(0.E0,0.E0,1.E0));
#1902=VECTOR('',#1901,6.5E-1);
#1903=CARTESIAN_POINT('',(4.135E0,1.E0,9.45E-1));
#1904=LINE('',#1903,#1902);
#1905=DIRECTION('',(1.E0,0.E0,0.E0));
#1906=VECTOR('',#1905,6.5E-1);
#1907=CARTESIAN_POINT('',(3.485E0,1.E0,9.45E-1));
#1908=LINE('',#1907,#1906);
#1909=DIRECTION('',(0.E0,0.E0,1.E0));
#1910=VECTOR('',#1909,6.5E-1);
#1911=CARTESIAN_POINT('',(9.45E-1,1.E0,-1.595E0));
#1912=LINE('',#1911,#1910);
#1913=DIRECTION('',(1.E0,0.E0,0.E0));
#1914=VECTOR('',#1913,6.5E-1);
#1915=CARTESIAN_POINT('',(9.45E-1,1.E0,-9.45E-1));
#1916=LINE('',#1915,#1914);
#1917=DIRECTION('',(0.E0,0.E0,1.E0));
#1918=VECTOR('',#1917,6.5E-1);
#1919=CARTESIAN_POINT('',(1.595E0,1.E0,-1.595E0));
#1920=LINE('',#1919,#1918);
#1921=DIRECTION('',(1.E0,0.E0,0.E0));
#1922=VECTOR('',#1921,6.5E-1);
#1923=CARTESIAN_POINT('',(9.45E-1,1.E0,-1.595E0));
#1924=LINE('',#1923,#1922);
#1925=DIRECTION('',(0.E0,0.E0,1.E0));
#1926=VECTOR('',#1925,6.5E-1);
#1927=CARTESIAN_POINT('',(9.45E-1,1.E0,9.45E-1));
#1928=LINE('',#1927,#1926);
#1929=DIRECTION('',(1.E0,0.E0,0.E0));
#1930=VECTOR('',#1929,6.5E-1);
#1931=CARTESIAN_POINT('',(9.45E-1,1.E0,1.595E0));
#1932=LINE('',#1931,#1930);
#1933=DIRECTION('',(0.E0,0.E0,1.E0));
#1934=VECTOR('',#1933,6.5E-1);
#1935=CARTESIAN_POINT('',(1.595E0,1.E0,9.45E-1));
#1936=LINE('',#1935,#1934);
#1937=DIRECTION('',(1.E0,0.E0,0.E0));
#1938=VECTOR('',#1937,6.5E-1);
#1939=CARTESIAN_POINT('',(9.45E-1,1.E0,9.45E-1));
#1940=LINE('',#1939,#1938);
#1941=DIRECTION('',(0.E0,0.E0,1.E0));
#1942=VECTOR('',#1941,6.5E-1);
#1943=CARTESIAN_POINT('',(-1.595E0,1.E0,-1.595E0));
#1944=LINE('',#1943,#1942);
#1945=DIRECTION('',(1.E0,0.E0,0.E0));
#1946=VECTOR('',#1945,6.5E-1);
#1947=CARTESIAN_POINT('',(-1.595E0,1.E0,-9.45E-1));
#1948=LINE('',#1947,#1946);
#1949=DIRECTION('',(0.E0,0.E0,1.E0));
#1950=VECTOR('',#1949,6.5E-1);
#1951=CARTESIAN_POINT('',(-9.45E-1,1.E0,-1.595E0));
#1952=LINE('',#1951,#1950);
#1953=DIRECTION('',(1.E0,0.E0,0.E0));
#1954=VECTOR('',#1953,6.5E-1);
#1955=CARTESIAN_POINT('',(-1.595E0,1.E0,-1.595E0));
#1956=LINE('',#1955,#1954);
#1957=DIRECTION('',(0.E0,0.E0,1.E0));
#1958=VECTOR('',#1957,6.5E-1);
#1959=CARTESIAN_POINT('',(-1.595E0,1.E0,9.45E-1));
#1960=LINE('',#1959,#1958);
#1961=DIRECTION('',(1.E0,0.E0,0.E0));
#1962=VECTOR('',#1961,6.5E-1);
#1963=CARTESIAN_POINT('',(-1.595E0,1.E0,1.595E0));
#1964=LINE('',#1963,#1962);
#1965=DIRECTION('',(0.E0,0.E0,1.E0));
#1966=VECTOR('',#1965,6.5E-1);
#1967=CARTESIAN_POINT('',(-9.45E-1,1.E0,9.45E-1));
#1968=LINE('',#1967,#1966);
#1969=DIRECTION('',(1.E0,0.E0,0.E0));
#1970=VECTOR('',#1969,6.5E-1);
#1971=CARTESIAN_POINT('',(-1.595E0,1.E0,9.45E-1));
#1972=LINE('',#1971,#1970);
#1973=DIRECTION('',(0.E0,0.E0,1.E0));
#1974=VECTOR('',#1973,6.5E-1);
#1975=CARTESIAN_POINT('',(-4.135E0,1.E0,-1.595E0));
#1976=LINE('',#1975,#1974);
#1977=DIRECTION('',(1.E0,0.E0,0.E0));
#1978=VECTOR('',#1977,6.5E-1);
#1979=CARTESIAN_POINT('',(-4.135E0,1.E0,-9.45E-1));
#1980=LINE('',#1979,#1978);
#1981=DIRECTION('',(0.E0,0.E0,1.E0));
#1982=VECTOR('',#1981,6.5E-1);
#1983=CARTESIAN_POINT('',(-3.485E0,1.E0,-1.595E0));
#1984=LINE('',#1983,#1982);
#1985=DIRECTION('',(1.E0,0.E0,0.E0));
#1986=VECTOR('',#1985,6.5E-1);
#1987=CARTESIAN_POINT('',(-4.135E0,1.E0,-1.595E0));
#1988=LINE('',#1987,#1986);
#1989=DIRECTION('',(0.E0,0.E0,1.E0));
#1990=VECTOR('',#1989,6.5E-1);
#1991=CARTESIAN_POINT('',(-4.135E0,1.E0,9.45E-1));
#1992=LINE('',#1991,#1990);
#1993=DIRECTION('',(1.E0,0.E0,0.E0));
#1994=VECTOR('',#1993,6.5E-1);
#1995=CARTESIAN_POINT('',(-4.135E0,1.E0,1.595E0));
#1996=LINE('',#1995,#1994);
#1997=DIRECTION('',(0.E0,0.E0,1.E0));
#1998=VECTOR('',#1997,6.5E-1);
#1999=CARTESIAN_POINT('',(-3.485E0,1.E0,9.45E-1));
#2000=LINE('',#1999,#1998);
#2001=DIRECTION('',(1.E0,0.E0,0.E0));
#2002=VECTOR('',#2001,6.5E-1);
#2003=CARTESIAN_POINT('',(-4.135E0,1.E0,9.45E-1));
#2004=LINE('',#2003,#2002);
#2005=DIRECTION('',(0.E0,0.E0,1.E0));
#2006=VECTOR('',#2005,6.5E-1);
#2007=CARTESIAN_POINT('',(-6.675E0,1.E0,-1.595E0));
#2008=LINE('',#2007,#2006);
#2009=DIRECTION('',(1.E0,0.E0,0.E0));
#2010=VECTOR('',#2009,6.5E-1);
#2011=CARTESIAN_POINT('',(-6.675E0,1.E0,-9.45E-1));
#2012=LINE('',#2011,#2010);
#2013=DIRECTION('',(0.E0,0.E0,1.E0));
#2014=VECTOR('',#2013,6.5E-1);
#2015=CARTESIAN_POINT('',(-6.025E0,1.E0,-1.595E0));
#2016=LINE('',#2015,#2014);
#2017=DIRECTION('',(1.E0,0.E0,0.E0));
#2018=VECTOR('',#2017,6.5E-1);
#2019=CARTESIAN_POINT('',(-6.675E0,1.E0,-1.595E0));
#2020=LINE('',#2019,#2018);
#2021=DIRECTION('',(0.E0,0.E0,1.E0));
#2022=VECTOR('',#2021,6.5E-1);
#2023=CARTESIAN_POINT('',(-6.675E0,1.E0,9.45E-1));
#2024=LINE('',#2023,#2022);
#2025=DIRECTION('',(1.E0,0.E0,0.E0));
#2026=VECTOR('',#2025,6.5E-1);
#2027=CARTESIAN_POINT('',(-6.675E0,1.E0,1.595E0));
#2028=LINE('',#2027,#2026);
#2029=DIRECTION('',(0.E0,0.E0,1.E0));
#2030=VECTOR('',#2029,6.5E-1);
#2031=CARTESIAN_POINT('',(-6.025E0,1.E0,9.45E-1));
#2032=LINE('',#2031,#2030);
#2033=DIRECTION('',(1.E0,0.E0,0.E0));
#2034=VECTOR('',#2033,6.5E-1);
#2035=CARTESIAN_POINT('',(-6.675E0,1.E0,9.45E-1));
#2036=LINE('',#2035,#2034);
#2037=DIRECTION('',(0.E0,0.E0,1.E0));
#2038=VECTOR('',#2037,6.5E-1);
#2039=CARTESIAN_POINT('',(-9.215E0,1.E0,-1.595E0));
#2040=LINE('',#2039,#2038);
#2041=DIRECTION('',(1.E0,0.E0,0.E0));
#2042=VECTOR('',#2041,6.5E-1);
#2043=CARTESIAN_POINT('',(-9.215E0,1.E0,-9.45E-1));
#2044=LINE('',#2043,#2042);
#2045=DIRECTION('',(0.E0,0.E0,1.E0));
#2046=VECTOR('',#2045,6.5E-1);
#2047=CARTESIAN_POINT('',(-8.565E0,1.E0,-1.595E0));
#2048=LINE('',#2047,#2046);
#2049=DIRECTION('',(1.E0,0.E0,0.E0));
#2050=VECTOR('',#2049,6.5E-1);
#2051=CARTESIAN_POINT('',(-9.215E0,1.E0,-1.595E0));
#2052=LINE('',#2051,#2050);
#2053=DIRECTION('',(0.E0,0.E0,1.E0));
#2054=VECTOR('',#2053,6.5E-1);
#2055=CARTESIAN_POINT('',(-9.215E0,1.E0,9.45E-1));
#2056=LINE('',#2055,#2054);
#2057=DIRECTION('',(1.E0,0.E0,0.E0));
#2058=VECTOR('',#2057,6.5E-1);
#2059=CARTESIAN_POINT('',(-9.215E0,1.E0,1.595E0));
#2060=LINE('',#2059,#2058);
#2061=DIRECTION('',(0.E0,0.E0,1.E0));
#2062=VECTOR('',#2061,6.5E-1);
#2063=CARTESIAN_POINT('',(-8.565E0,1.E0,9.45E-1));
#2064=LINE('',#2063,#2062);
#2065=DIRECTION('',(1.E0,0.E0,0.E0));
#2066=VECTOR('',#2065,6.5E-1);
#2067=CARTESIAN_POINT('',(-9.215E0,1.E0,9.45E-1));
#2068=LINE('',#2067,#2066);
#2069=DIRECTION('',(0.E0,0.E0,1.E0));
#2070=VECTOR('',#2069,6.5E-1);
#2071=CARTESIAN_POINT('',(-1.1755E1,1.E0,-1.595E0));
#2072=LINE('',#2071,#2070);
#2073=DIRECTION('',(1.E0,0.E0,0.E0));
#2074=VECTOR('',#2073,6.5E-1);
#2075=CARTESIAN_POINT('',(-1.1755E1,1.E0,-9.45E-1));
#2076=LINE('',#2075,#2074);
#2077=DIRECTION('',(0.E0,0.E0,1.E0));
#2078=VECTOR('',#2077,6.5E-1);
#2079=CARTESIAN_POINT('',(-1.1105E1,1.E0,-1.595E0));
#2080=LINE('',#2079,#2078);
#2081=DIRECTION('',(1.E0,0.E0,0.E0));
#2082=VECTOR('',#2081,6.5E-1);
#2083=CARTESIAN_POINT('',(-1.1755E1,1.E0,-1.595E0));
#2084=LINE('',#2083,#2082);
#2085=DIRECTION('',(0.E0,0.E0,1.E0));
#2086=VECTOR('',#2085,6.5E-1);
#2087=CARTESIAN_POINT('',(-1.1755E1,1.E0,9.45E-1));
#2088=LINE('',#2087,#2086);
#2089=DIRECTION('',(1.E0,0.E0,0.E0));
#2090=VECTOR('',#2089,6.5E-1);
#2091=CARTESIAN_POINT('',(-1.1755E1,1.E0,1.595E0));
#2092=LINE('',#2091,#2090);
#2093=DIRECTION('',(0.E0,0.E0,1.E0));
#2094=VECTOR('',#2093,6.5E-1);
#2095=CARTESIAN_POINT('',(-1.1105E1,1.E0,9.45E-1));
#2096=LINE('',#2095,#2094);
#2097=DIRECTION('',(1.E0,0.E0,0.E0));
#2098=VECTOR('',#2097,6.5E-1);
#2099=CARTESIAN_POINT('',(-1.1755E1,1.E0,9.45E-1));
#2100=LINE('',#2099,#2098);
#2101=DIRECTION('',(0.E0,-1.E0,0.E0));
#2102=VECTOR('',#2101,2.E0);
#2103=CARTESIAN_POINT('',(-7.67E0,1.E0,-8.75E-1));
#2104=LINE('',#2103,#2102);
#2105=DIRECTION('',(0.E0,-1.E0,0.E0));
#2106=VECTOR('',#2105,2.E0);
#2107=CARTESIAN_POINT('',(-7.57E0,1.E0,-8.75E-1));
#2108=LINE('',#2107,#2106);
#2109=DIRECTION('',(0.E0,-1.E0,0.E0));
#2110=VECTOR('',#2109,2.E0);
#2111=CARTESIAN_POINT('',(-5.13E0,1.E0,-8.75E-1));
#2112=LINE('',#2111,#2110);
#2113=DIRECTION('',(0.E0,-1.E0,0.E0));
#2114=VECTOR('',#2113,2.E0);
#2115=CARTESIAN_POINT('',(-5.03E0,1.E0,-8.75E-1));
#2116=LINE('',#2115,#2114);
#2117=DIRECTION('',(0.E0,-1.E0,0.E0));
#2118=VECTOR('',#2117,2.E0);
#2119=CARTESIAN_POINT('',(-2.59E0,1.E0,-8.75E-1));
#2120=LINE('',#2119,#2118);
#2121=DIRECTION('',(0.E0,-1.E0,0.E0));
#2122=VECTOR('',#2121,2.E0);
#2123=CARTESIAN_POINT('',(-2.49E0,1.E0,-8.75E-1));
#2124=LINE('',#2123,#2122);
#2125=DIRECTION('',(0.E0,-1.E0,0.E0));
#2126=VECTOR('',#2125,2.E0);
#2127=CARTESIAN_POINT('',(-4.999999999999E-2,1.E0,-8.75E-1));
#2128=LINE('',#2127,#2126);
#2129=DIRECTION('',(0.E0,-1.E0,0.E0));
#2130=VECTOR('',#2129,2.E0);
#2131=CARTESIAN_POINT('',(5.000000000001E-2,1.E0,-8.75E-1));
#2132=LINE('',#2131,#2130);
#2133=DIRECTION('',(0.E0,-1.E0,0.E0));
#2134=VECTOR('',#2133,2.E0);
#2135=CARTESIAN_POINT('',(2.49E0,1.E0,-8.75E-1));
#2136=LINE('',#2135,#2134);
#2137=DIRECTION('',(0.E0,-1.E0,0.E0));
#2138=VECTOR('',#2137,2.E0);
#2139=CARTESIAN_POINT('',(2.59E0,1.E0,-8.75E-1));
#2140=LINE('',#2139,#2138);
#2141=DIRECTION('',(0.E0,-1.E0,0.E0));
#2142=VECTOR('',#2141,2.E0);
#2143=CARTESIAN_POINT('',(5.03E0,1.E0,-8.75E-1));
#2144=LINE('',#2143,#2142);
#2145=DIRECTION('',(0.E0,-1.E0,0.E0));
#2146=VECTOR('',#2145,2.E0);
#2147=CARTESIAN_POINT('',(5.13E0,1.E0,-8.75E-1));
#2148=LINE('',#2147,#2146);
#2149=DIRECTION('',(0.E0,-1.E0,0.E0));
#2150=VECTOR('',#2149,2.E0);
#2151=CARTESIAN_POINT('',(7.57E0,1.E0,-8.75E-1));
#2152=LINE('',#2151,#2150);
#2153=DIRECTION('',(0.E0,-1.E0,0.E0));
#2154=VECTOR('',#2153,2.E0);
#2155=CARTESIAN_POINT('',(7.67E0,1.E0,-8.75E-1));
#2156=LINE('',#2155,#2154);
#2157=DIRECTION('',(0.E0,-1.E0,0.E0));
#2158=VECTOR('',#2157,2.E0);
#2159=CARTESIAN_POINT('',(1.011E1,1.E0,-8.75E-1));
#2160=LINE('',#2159,#2158);
#2161=DIRECTION('',(0.E0,-1.E0,0.E0));
#2162=VECTOR('',#2161,2.E0);
#2163=CARTESIAN_POINT('',(1.021E1,1.E0,-8.75E-1));
#2164=LINE('',#2163,#2162);
#2165=DIRECTION('',(0.E0,-1.E0,0.E0));
#2166=VECTOR('',#2165,2.E0);
#2167=CARTESIAN_POINT('',(7.67E0,1.E0,8.75E-1));
#2168=LINE('',#2167,#2166);
#2169=DIRECTION('',(0.E0,-1.E0,0.E0));
#2170=VECTOR('',#2169,2.E0);
#2171=CARTESIAN_POINT('',(7.57E0,1.E0,8.75E-1));
#2172=LINE('',#2171,#2170);
#2173=DIRECTION('',(0.E0,-1.E0,0.E0));
#2174=VECTOR('',#2173,2.E0);
#2175=CARTESIAN_POINT('',(5.13E0,1.E0,8.75E-1));
#2176=LINE('',#2175,#2174);
#2177=DIRECTION('',(0.E0,-1.E0,0.E0));
#2178=VECTOR('',#2177,2.E0);
#2179=CARTESIAN_POINT('',(5.03E0,1.E0,8.75E-1));
#2180=LINE('',#2179,#2178);
#2181=DIRECTION('',(0.E0,-1.E0,0.E0));
#2182=VECTOR('',#2181,2.E0);
#2183=CARTESIAN_POINT('',(2.59E0,1.E0,8.75E-1));
#2184=LINE('',#2183,#2182);
#2185=DIRECTION('',(0.E0,-1.E0,0.E0));
#2186=VECTOR('',#2185,2.E0);
#2187=CARTESIAN_POINT('',(2.49E0,1.E0,8.75E-1));
#2188=LINE('',#2187,#2186);
#2189=DIRECTION('',(0.E0,-1.E0,0.E0));
#2190=VECTOR('',#2189,2.E0);
#2191=CARTESIAN_POINT('',(5.000000000001E-2,1.E0,8.75E-1));
#2192=LINE('',#2191,#2190);
#2193=DIRECTION('',(0.E0,-1.E0,0.E0));
#2194=VECTOR('',#2193,2.E0);
#2195=CARTESIAN_POINT('',(-4.999999999999E-2,1.E0,8.75E-1));
#2196=LINE('',#2195,#2194);
#2197=DIRECTION('',(0.E0,-1.E0,0.E0));
#2198=VECTOR('',#2197,2.E0);
#2199=CARTESIAN_POINT('',(-2.49E0,1.E0,8.75E-1));
#2200=LINE('',#2199,#2198);
#2201=DIRECTION('',(0.E0,-1.E0,0.E0));
#2202=VECTOR('',#2201,2.E0);
#2203=CARTESIAN_POINT('',(-2.59E0,1.E0,8.75E-1));
#2204=LINE('',#2203,#2202);
#2205=DIRECTION('',(0.E0,-1.E0,0.E0));
#2206=VECTOR('',#2205,2.E0);
#2207=CARTESIAN_POINT('',(-5.03E0,1.E0,8.75E-1));
#2208=LINE('',#2207,#2206);
#2209=DIRECTION('',(0.E0,-1.E0,0.E0));
#2210=VECTOR('',#2209,2.E0);
#2211=CARTESIAN_POINT('',(-5.13E0,1.E0,8.75E-1));
#2212=LINE('',#2211,#2210);
#2213=DIRECTION('',(0.E0,-1.E0,0.E0));
#2214=VECTOR('',#2213,2.E0);
#2215=CARTESIAN_POINT('',(-7.57E0,1.E0,8.75E-1));
#2216=LINE('',#2215,#2214);
#2217=DIRECTION('',(0.E0,-1.E0,0.E0));
#2218=VECTOR('',#2217,2.E0);
#2219=CARTESIAN_POINT('',(-7.67E0,1.E0,8.75E-1));
#2220=LINE('',#2219,#2218);
#2221=DIRECTION('',(0.E0,-1.E0,0.E0));
#2222=VECTOR('',#2221,2.E0);
#2223=CARTESIAN_POINT('',(-1.011E1,1.E0,8.75E-1));
#2224=LINE('',#2223,#2222);
#2225=DIRECTION('',(0.E0,-1.E0,0.E0));
#2226=VECTOR('',#2225,2.E0);
#2227=CARTESIAN_POINT('',(-1.021E1,1.E0,8.75E-1));
#2228=LINE('',#2227,#2226);
#2229=DIRECTION('',(0.E0,1.E0,0.E0));
#2230=VECTOR('',#2229,2.E0);
#2231=CARTESIAN_POINT('',(-1.27E1,-1.E0,7.75E-1));
#2232=LINE('',#2231,#2230);
#2233=DIRECTION('',(0.E0,1.E0,0.E0));
#2234=VECTOR('',#2233,2.E0);
#2235=CARTESIAN_POINT('',(-1.27E1,-1.E0,-7.75E-1));
#2236=LINE('',#2235,#2234);
#2237=DIRECTION('',(0.E0,1.E0,0.E0));
#2238=VECTOR('',#2237,2.E0);
#2239=CARTESIAN_POINT('',(-1.237675608018E1,-1.E0,-3.075E0));
#2240=LINE('',#2239,#2238);
#2241=DIRECTION('',(0.E0,-1.E0,0.E0));
#2242=VECTOR('',#2241,5.E-1);
#2243=CARTESIAN_POINT('',(1.041508134289E1,1.5E0,-1.725E0));
#2244=LINE('',#2243,#2242);
#2245=DIRECTION('',(0.E0,-1.E0,0.E0));
#2246=VECTOR('',#2245,5.E-1);
#2247=CARTESIAN_POINT('',(1.105508134289E1,1.5E0,-1.725E0));
#2248=LINE('',#2247,#2246);
#2249=DIRECTION('',(0.E0,-1.E0,0.E0));
#2250=VECTOR('',#2249,5.E-1);
#2251=CARTESIAN_POINT('',(1.093E1,1.5E0,-8.35E-1));
#2252=LINE('',#2251,#2250);
#2253=DIRECTION('',(0.E0,-1.E0,0.E0));
#2254=VECTOR('',#2253,5.E-1);
#2255=CARTESIAN_POINT('',(1.029E1,1.5E0,-8.35E-1));
#2256=LINE('',#2255,#2254);
#2257=DIRECTION('',(1.E0,0.E0,0.E0));
#2258=VECTOR('',#2257,6.4E-1);
#2259=CARTESIAN_POINT('',(1.029E1,1.5E0,-8.35E-1));
#2260=LINE('',#2259,#2258);
#2261=DIRECTION('',(-1.391731009601E-1,0.E0,9.902680687416E-1));
#2262=VECTOR('',#2261,8.987465395416E-1);
#2263=CARTESIAN_POINT('',(1.041508134289E1,1.5E0,-1.725E0));
#2264=LINE('',#2263,#2262);
#2265=DIRECTION('',(-1.E0,0.E0,0.E0));
#2266=VECTOR('',#2265,6.4E-1);
#2267=CARTESIAN_POINT('',(1.105508134289E1,1.5E0,-1.725E0));
#2268=LINE('',#2267,#2266);
#2269=DIRECTION('',(1.391731009601E-1,0.E0,-9.902680687416E-1));
#2270=VECTOR('',#2269,8.987465395416E-1);
#2271=CARTESIAN_POINT('',(1.093E1,1.5E0,-8.35E-1));
#2272=LINE('',#2271,#2270);
#2273=DIRECTION('',(1.E0,0.E0,0.E0));
#2274=VECTOR('',#2273,6.4E-1);
#2275=CARTESIAN_POINT('',(1.193E1,1.5E0,-8.35E-1));
#2276=LINE('',#2275,#2274);
#2277=DIRECTION('',(1.391731009601E-1,0.E0,9.902680687416E-1));
#2278=VECTOR('',#2277,8.987465395416E-1);
#2279=CARTESIAN_POINT('',(1.180491865711E1,1.5E0,-1.725E0));
#2280=LINE('',#2279,#2278);
#2281=DIRECTION('',(-1.E0,0.E0,0.E0));
#2282=VECTOR('',#2281,6.4E-1);
#2283=CARTESIAN_POINT('',(1.244491865711E1,1.5E0,-1.725E0));
#2284=LINE('',#2283,#2282);
#2285=DIRECTION('',(-1.391731009601E-1,0.E0,-9.902680687416E-1));
#2286=VECTOR('',#2285,8.987465395416E-1);
#2287=CARTESIAN_POINT('',(1.257E1,1.5E0,-8.35E-1));
#2288=LINE('',#2287,#2286);
#2289=DIRECTION('',(-1.391731009601E-1,0.E0,-9.902680687416E-1));
#2290=VECTOR('',#2289,8.987465395416E-1);
#2291=CARTESIAN_POINT('',(1.105508134289E1,1.5E0,1.725E0));
#2292=LINE('',#2291,#2290);
#2293=DIRECTION('',(1.E0,0.E0,0.E0));
#2294=VECTOR('',#2293,6.4E-1);
#2295=CARTESIAN_POINT('',(1.041508134289E1,1.5E0,1.725E0));
#2296=LINE('',#2295,#2294);
#2297=DIRECTION('',(1.391731009601E-1,0.E0,9.902680687416E-1));
#2298=VECTOR('',#2297,8.987465395416E-1);
#2299=CARTESIAN_POINT('',(1.029E1,1.5E0,8.35E-1));
#2300=LINE('',#2299,#2298);
#2301=DIRECTION('',(-1.E0,0.E0,0.E0));
#2302=VECTOR('',#2301,6.4E-1);
#2303=CARTESIAN_POINT('',(1.093E1,1.5E0,8.35E-1));
#2304=LINE('',#2303,#2302);
#2305=DIRECTION('',(1.391731009601E-1,0.E0,-9.902680687416E-1));
#2306=VECTOR('',#2305,8.987465395416E-1);
#2307=CARTESIAN_POINT('',(1.244491865711E1,1.5E0,1.725E0));
#2308=LINE('',#2307,#2306);
#2309=DIRECTION('',(1.E0,0.E0,0.E0));
#2310=VECTOR('',#2309,6.4E-1);
#2311=CARTESIAN_POINT('',(1.180491865711E1,1.5E0,1.725E0));
#2312=LINE('',#2311,#2310);
#2313=DIRECTION('',(-1.391731009601E-1,0.E0,9.902680687416E-1));
#2314=VECTOR('',#2313,8.987465395416E-1);
#2315=CARTESIAN_POINT('',(1.193E1,1.5E0,8.35E-1));
#2316=LINE('',#2315,#2314);
#2317=DIRECTION('',(-1.E0,0.E0,0.E0));
#2318=VECTOR('',#2317,6.4E-1);
#2319=CARTESIAN_POINT('',(1.257E1,1.5E0,8.35E-1));
#2320=LINE('',#2319,#2318);
#2321=DIRECTION('',(0.E0,-1.E0,0.E0));
#2322=VECTOR('',#2321,5.E-1);
#2323=CARTESIAN_POINT('',(1.257E1,1.5E0,-8.35E-1));
#2324=LINE('',#2323,#2322);
#2325=DIRECTION('',(0.E0,-1.E0,0.E0));
#2326=VECTOR('',#2325,5.E-1);
#2327=CARTESIAN_POINT('',(1.193E1,1.5E0,-8.35E-1));
#2328=LINE('',#2327,#2326);
#2329=DIRECTION('',(0.E0,-1.E0,0.E0));
#2330=VECTOR('',#2329,5.E-1);
#2331=CARTESIAN_POINT('',(1.180491865711E1,1.5E0,-1.725E0));
#2332=LINE('',#2331,#2330);
#2333=DIRECTION('',(0.E0,1.E0,0.E0));
#2334=VECTOR('',#2333,5.E-1);
#2335=CARTESIAN_POINT('',(1.244491865711E1,1.E0,-1.725E0));
#2336=LINE('',#2335,#2334);
#2337=DIRECTION('',(0.E0,-1.E0,0.E0));
#2338=VECTOR('',#2337,5.E-1);
#2339=CARTESIAN_POINT('',(1.093E1,1.5E0,8.35E-1));
#2340=LINE('',#2339,#2338);
#2341=DIRECTION('',(0.E0,-1.E0,0.E0));
#2342=VECTOR('',#2341,5.E-1);
#2343=CARTESIAN_POINT('',(1.105508134289E1,1.5E0,1.725E0));
#2344=LINE('',#2343,#2342);
#2345=DIRECTION('',(0.E0,-1.E0,0.E0));
#2346=VECTOR('',#2345,5.E-1);
#2347=CARTESIAN_POINT('',(1.041508134289E1,1.5E0,1.725E0));
#2348=LINE('',#2347,#2346);
#2349=DIRECTION('',(0.E0,-1.E0,0.E0));
#2350=VECTOR('',#2349,5.E-1);
#2351=CARTESIAN_POINT('',(1.029E1,1.5E0,8.35E-1));
#2352=LINE('',#2351,#2350);
#2353=DIRECTION('',(0.E0,-1.E0,0.E0));
#2354=VECTOR('',#2353,5.E-1);
#2355=CARTESIAN_POINT('',(1.257E1,1.5E0,8.35E-1));
#2356=LINE('',#2355,#2354);
#2357=DIRECTION('',(0.E0,-1.E0,0.E0));
#2358=VECTOR('',#2357,5.E-1);
#2359=CARTESIAN_POINT('',(1.244491865711E1,1.5E0,1.725E0));
#2360=LINE('',#2359,#2358);
#2361=DIRECTION('',(0.E0,-1.E0,0.E0));
#2362=VECTOR('',#2361,5.E-1);
#2363=CARTESIAN_POINT('',(1.180491865711E1,1.5E0,1.725E0));
#2364=LINE('',#2363,#2362);
#2365=DIRECTION('',(0.E0,-1.E0,0.E0));
#2366=VECTOR('',#2365,5.E-1);
#2367=CARTESIAN_POINT('',(1.193E1,1.5E0,8.35E-1));
#2368=LINE('',#2367,#2366);
#2369=DIRECTION('',(0.E0,-1.E0,0.E0));
#2370=VECTOR('',#2369,5.E-1);
#2371=CARTESIAN_POINT('',(8.39E0,1.5E0,-8.35E-1));
#2372=LINE('',#2371,#2370);
#2373=DIRECTION('',(0.E0,-1.E0,0.E0));
#2374=VECTOR('',#2373,5.E-1);
#2375=CARTESIAN_POINT('',(7.75E0,1.5E0,-8.35E-1));
#2376=LINE('',#2375,#2374);
#2377=DIRECTION('',(0.E0,-1.E0,0.E0));
#2378=VECTOR('',#2377,5.E-1);
#2379=CARTESIAN_POINT('',(7.875081342885E0,1.5E0,-1.725E0));
#2380=LINE('',#2379,#2378);
#2381=DIRECTION('',(0.E0,-1.E0,0.E0));
#2382=VECTOR('',#2381,5.E-1);
#2383=CARTESIAN_POINT('',(8.515081342885E0,1.5E0,-1.725E0));
#2384=LINE('',#2383,#2382);
#2385=DIRECTION('',(1.E0,0.E0,0.E0));
#2386=VECTOR('',#2385,6.4E-1);
#2387=CARTESIAN_POINT('',(7.75E0,1.5E0,-8.35E-1));
#2388=LINE('',#2387,#2386);
#2389=DIRECTION('',(-1.391731009601E-1,0.E0,9.902680687416E-1));
#2390=VECTOR('',#2389,8.987465395416E-1);
#2391=CARTESIAN_POINT('',(7.875081342885E0,1.5E0,-1.725E0));
#2392=LINE('',#2391,#2390);
#2393=DIRECTION('',(-1.E0,0.E0,0.E0));
#2394=VECTOR('',#2393,6.4E-1);
#2395=CARTESIAN_POINT('',(8.515081342885E0,1.5E0,-1.725E0));
#2396=LINE('',#2395,#2394);
#2397=DIRECTION('',(1.391731009601E-1,0.E0,-9.902680687416E-1));
#2398=VECTOR('',#2397,8.987465395416E-1);
#2399=CARTESIAN_POINT('',(8.39E0,1.5E0,-8.35E-1));
#2400=LINE('',#2399,#2398);
#2401=DIRECTION('',(1.E0,0.E0,0.E0));
#2402=VECTOR('',#2401,6.4E-1);
#2403=CARTESIAN_POINT('',(9.39E0,1.5E0,-8.35E-1));
#2404=LINE('',#2403,#2402);
#2405=DIRECTION('',(1.391731009601E-1,0.E0,9.902680687416E-1));
#2406=VECTOR('',#2405,8.987465395416E-1);
#2407=CARTESIAN_POINT('',(9.264918657115E0,1.5E0,-1.725E0));
#2408=LINE('',#2407,#2406);
#2409=DIRECTION('',(-1.E0,0.E0,0.E0));
#2410=VECTOR('',#2409,6.4E-1);
#2411=CARTESIAN_POINT('',(9.904918657115E0,1.5E0,-1.725E0));
#2412=LINE('',#2411,#2410);
#2413=DIRECTION('',(-1.391731009601E-1,0.E0,-9.902680687416E-1));
#2414=VECTOR('',#2413,8.987465395416E-1);
#2415=CARTESIAN_POINT('',(1.003E1,1.5E0,-8.35E-1));
#2416=LINE('',#2415,#2414);
#2417=DIRECTION('',(-1.391731009601E-1,0.E0,-9.902680687416E-1));
#2418=VECTOR('',#2417,8.987465395416E-1);
#2419=CARTESIAN_POINT('',(8.515081342885E0,1.5E0,1.725E0));
#2420=LINE('',#2419,#2418);
#2421=DIRECTION('',(1.E0,0.E0,0.E0));
#2422=VECTOR('',#2421,6.4E-1);
#2423=CARTESIAN_POINT('',(7.875081342885E0,1.5E0,1.725E0));
#2424=LINE('',#2423,#2422);
#2425=DIRECTION('',(1.391731009601E-1,0.E0,9.902680687416E-1));
#2426=VECTOR('',#2425,8.987465395416E-1);
#2427=CARTESIAN_POINT('',(7.75E0,1.5E0,8.35E-1));
#2428=LINE('',#2427,#2426);
#2429=DIRECTION('',(-1.E0,0.E0,0.E0));
#2430=VECTOR('',#2429,6.4E-1);
#2431=CARTESIAN_POINT('',(8.39E0,1.5E0,8.35E-1));
#2432=LINE('',#2431,#2430);
#2433=DIRECTION('',(1.391731009601E-1,0.E0,-9.902680687416E-1));
#2434=VECTOR('',#2433,8.987465395416E-1);
#2435=CARTESIAN_POINT('',(9.904918657115E0,1.5E0,1.725E0));
#2436=LINE('',#2435,#2434);
#2437=DIRECTION('',(1.E0,0.E0,0.E0));
#2438=VECTOR('',#2437,6.4E-1);
#2439=CARTESIAN_POINT('',(9.264918657115E0,1.5E0,1.725E0));
#2440=LINE('',#2439,#2438);
#2441=DIRECTION('',(-1.391731009601E-1,0.E0,9.902680687416E-1));
#2442=VECTOR('',#2441,8.987465395416E-1);
#2443=CARTESIAN_POINT('',(9.39E0,1.5E0,8.35E-1));
#2444=LINE('',#2443,#2442);
#2445=DIRECTION('',(-1.E0,0.E0,0.E0));
#2446=VECTOR('',#2445,6.4E-1);
#2447=CARTESIAN_POINT('',(1.003E1,1.5E0,8.35E-1));
#2448=LINE('',#2447,#2446);
#2449=DIRECTION('',(0.E0,-1.E0,0.E0));
#2450=VECTOR('',#2449,5.E-1);
#2451=CARTESIAN_POINT('',(1.003E1,1.5E0,-8.35E-1));
#2452=LINE('',#2451,#2450);
#2453=DIRECTION('',(0.E0,-1.E0,0.E0));
#2454=VECTOR('',#2453,5.E-1);
#2455=CARTESIAN_POINT('',(9.39E0,1.5E0,-8.35E-1));
#2456=LINE('',#2455,#2454);
#2457=DIRECTION('',(0.E0,-1.E0,0.E0));
#2458=VECTOR('',#2457,5.E-1);
#2459=CARTESIAN_POINT('',(9.264918657115E0,1.5E0,-1.725E0));
#2460=LINE('',#2459,#2458);
#2461=DIRECTION('',(0.E0,-1.E0,0.E0));
#2462=VECTOR('',#2461,5.E-1);
#2463=CARTESIAN_POINT('',(9.904918657115E0,1.5E0,-1.725E0));
#2464=LINE('',#2463,#2462);
#2465=DIRECTION('',(0.E0,-1.E0,0.E0));
#2466=VECTOR('',#2465,5.E-1);
#2467=CARTESIAN_POINT('',(8.39E0,1.5E0,8.35E-1));
#2468=LINE('',#2467,#2466);
#2469=DIRECTION('',(0.E0,-1.E0,0.E0));
#2470=VECTOR('',#2469,5.E-1);
#2471=CARTESIAN_POINT('',(8.515081342885E0,1.5E0,1.725E0));
#2472=LINE('',#2471,#2470);
#2473=DIRECTION('',(0.E0,-1.E0,0.E0));
#2474=VECTOR('',#2473,5.E-1);
#2475=CARTESIAN_POINT('',(7.875081342885E0,1.5E0,1.725E0));
#2476=LINE('',#2475,#2474);
#2477=DIRECTION('',(0.E0,-1.E0,0.E0));
#2478=VECTOR('',#2477,5.E-1);
#2479=CARTESIAN_POINT('',(7.75E0,1.5E0,8.35E-1));
#2480=LINE('',#2479,#2478);
#2481=DIRECTION('',(0.E0,-1.E0,0.E0));
#2482=VECTOR('',#2481,5.E-1);
#2483=CARTESIAN_POINT('',(1.003E1,1.5E0,8.35E-1));
#2484=LINE('',#2483,#2482);
#2485=DIRECTION('',(0.E0,-1.E0,0.E0));
#2486=VECTOR('',#2485,5.E-1);
#2487=CARTESIAN_POINT('',(9.904918657115E0,1.5E0,1.725E0));
#2488=LINE('',#2487,#2486);
#2489=DIRECTION('',(0.E0,-1.E0,0.E0));
#2490=VECTOR('',#2489,5.E-1);
#2491=CARTESIAN_POINT('',(9.264918657115E0,1.5E0,1.725E0));
#2492=LINE('',#2491,#2490);
#2493=DIRECTION('',(0.E0,-1.E0,0.E0));
#2494=VECTOR('',#2493,5.E-1);
#2495=CARTESIAN_POINT('',(9.39E0,1.5E0,8.35E-1));
#2496=LINE('',#2495,#2494);
#2497=DIRECTION('',(0.E0,-1.E0,0.E0));
#2498=VECTOR('',#2497,5.E-1);
#2499=CARTESIAN_POINT('',(5.85E0,1.5E0,-8.35E-1));
#2500=LINE('',#2499,#2498);
#2501=DIRECTION('',(0.E0,-1.E0,0.E0));
#2502=VECTOR('',#2501,5.E-1);
#2503=CARTESIAN_POINT('',(5.21E0,1.5E0,-8.35E-1));
#2504=LINE('',#2503,#2502);
#2505=DIRECTION('',(0.E0,-1.E0,0.E0));
#2506=VECTOR('',#2505,5.E-1);
#2507=CARTESIAN_POINT('',(5.335081342885E0,1.5E0,-1.725E0));
#2508=LINE('',#2507,#2506);
#2509=DIRECTION('',(0.E0,-1.E0,0.E0));
#2510=VECTOR('',#2509,5.E-1);
#2511=CARTESIAN_POINT('',(5.975081342885E0,1.5E0,-1.725E0));
#2512=LINE('',#2511,#2510);
#2513=DIRECTION('',(1.E0,0.E0,0.E0));
#2514=VECTOR('',#2513,6.4E-1);
#2515=CARTESIAN_POINT('',(5.21E0,1.5E0,-8.35E-1));
#2516=LINE('',#2515,#2514);
#2517=DIRECTION('',(-1.391731009601E-1,0.E0,9.902680687416E-1));
#2518=VECTOR('',#2517,8.987465395416E-1);
#2519=CARTESIAN_POINT('',(5.335081342885E0,1.5E0,-1.725E0));
#2520=LINE('',#2519,#2518);
#2521=DIRECTION('',(-1.E0,0.E0,0.E0));
#2522=VECTOR('',#2521,6.4E-1);
#2523=CARTESIAN_POINT('',(5.975081342885E0,1.5E0,-1.725E0));
#2524=LINE('',#2523,#2522);
#2525=DIRECTION('',(1.391731009601E-1,0.E0,-9.902680687416E-1));
#2526=VECTOR('',#2525,8.987465395416E-1);
#2527=CARTESIAN_POINT('',(5.85E0,1.5E0,-8.35E-1));
#2528=LINE('',#2527,#2526);
#2529=DIRECTION('',(1.E0,0.E0,0.E0));
#2530=VECTOR('',#2529,6.4E-1);
#2531=CARTESIAN_POINT('',(6.85E0,1.5E0,-8.35E-1));
#2532=LINE('',#2531,#2530);
#2533=DIRECTION('',(1.391731009601E-1,0.E0,9.902680687416E-1));
#2534=VECTOR('',#2533,8.987465395416E-1);
#2535=CARTESIAN_POINT('',(6.724918657115E0,1.5E0,-1.725E0));
#2536=LINE('',#2535,#2534);
#2537=DIRECTION('',(-1.E0,0.E0,0.E0));
#2538=VECTOR('',#2537,6.4E-1);
#2539=CARTESIAN_POINT('',(7.364918657115E0,1.5E0,-1.725E0));
#2540=LINE('',#2539,#2538);
#2541=DIRECTION('',(-1.391731009601E-1,0.E0,-9.902680687416E-1));
#2542=VECTOR('',#2541,8.987465395416E-1);
#2543=CARTESIAN_POINT('',(7.49E0,1.5E0,-8.35E-1));
#2544=LINE('',#2543,#2542);
#2545=DIRECTION('',(-1.391731009601E-1,0.E0,-9.902680687416E-1));
#2546=VECTOR('',#2545,8.987465395416E-1);
#2547=CARTESIAN_POINT('',(5.975081342885E0,1.5E0,1.725E0));
#2548=LINE('',#2547,#2546);
#2549=DIRECTION('',(1.E0,0.E0,0.E0));
#2550=VECTOR('',#2549,6.4E-1);
#2551=CARTESIAN_POINT('',(5.335081342885E0,1.5E0,1.725E0));
#2552=LINE('',#2551,#2550);
#2553=DIRECTION('',(1.391731009601E-1,0.E0,9.902680687416E-1));
#2554=VECTOR('',#2553,8.987465395416E-1);
#2555=CARTESIAN_POINT('',(5.21E0,1.5E0,8.35E-1));
#2556=LINE('',#2555,#2554);
#2557=DIRECTION('',(-1.E0,0.E0,0.E0));
#2558=VECTOR('',#2557,6.4E-1);
#2559=CARTESIAN_POINT('',(5.85E0,1.5E0,8.35E-1));
#2560=LINE('',#2559,#2558);
#2561=DIRECTION('',(1.391731009601E-1,0.E0,-9.902680687416E-1));
#2562=VECTOR('',#2561,8.987465395416E-1);
#2563=CARTESIAN_POINT('',(7.364918657115E0,1.5E0,1.725E0));
#2564=LINE('',#2563,#2562);
#2565=DIRECTION('',(1.E0,0.E0,0.E0));
#2566=VECTOR('',#2565,6.4E-1);
#2567=CARTESIAN_POINT('',(6.724918657115E0,1.5E0,1.725E0));
#2568=LINE('',#2567,#2566);
#2569=DIRECTION('',(-1.391731009601E-1,0.E0,9.902680687416E-1));
#2570=VECTOR('',#2569,8.987465395416E-1);
#2571=CARTESIAN_POINT('',(6.85E0,1.5E0,8.35E-1));
#2572=LINE('',#2571,#2570);
#2573=DIRECTION('',(-1.E0,0.E0,0.E0));
#2574=VECTOR('',#2573,6.4E-1);
#2575=CARTESIAN_POINT('',(7.49E0,1.5E0,8.35E-1));
#2576=LINE('',#2575,#2574);
#2577=DIRECTION('',(0.E0,-1.E0,0.E0));
#2578=VECTOR('',#2577,5.E-1);
#2579=CARTESIAN_POINT('',(7.49E0,1.5E0,-8.35E-1));
#2580=LINE('',#2579,#2578);
#2581=DIRECTION('',(0.E0,-1.E0,0.E0));
#2582=VECTOR('',#2581,5.E-1);
#2583=CARTESIAN_POINT('',(6.85E0,1.5E0,-8.35E-1));
#2584=LINE('',#2583,#2582);
#2585=DIRECTION('',(0.E0,-1.E0,0.E0));
#2586=VECTOR('',#2585,5.E-1);
#2587=CARTESIAN_POINT('',(6.724918657115E0,1.5E0,-1.725E0));
#2588=LINE('',#2587,#2586);
#2589=DIRECTION('',(0.E0,-1.E0,0.E0));
#2590=VECTOR('',#2589,5.E-1);
#2591=CARTESIAN_POINT('',(7.364918657115E0,1.5E0,-1.725E0));
#2592=LINE('',#2591,#2590);
#2593=DIRECTION('',(0.E0,-1.E0,0.E0));
#2594=VECTOR('',#2593,5.E-1);
#2595=CARTESIAN_POINT('',(5.85E0,1.5E0,8.35E-1));
#2596=LINE('',#2595,#2594);
#2597=DIRECTION('',(0.E0,-1.E0,0.E0));
#2598=VECTOR('',#2597,5.E-1);
#2599=CARTESIAN_POINT('',(5.975081342885E0,1.5E0,1.725E0));
#2600=LINE('',#2599,#2598);
#2601=DIRECTION('',(0.E0,-1.E0,0.E0));
#2602=VECTOR('',#2601,5.E-1);
#2603=CARTESIAN_POINT('',(5.335081342885E0,1.5E0,1.725E0));
#2604=LINE('',#2603,#2602);
#2605=DIRECTION('',(0.E0,-1.E0,0.E0));
#2606=VECTOR('',#2605,5.E-1);
#2607=CARTESIAN_POINT('',(5.21E0,1.5E0,8.35E-1));
#2608=LINE('',#2607,#2606);
#2609=DIRECTION('',(0.E0,-1.E0,0.E0));
#2610=VECTOR('',#2609,5.E-1);
#2611=CARTESIAN_POINT('',(7.49E0,1.5E0,8.35E-1));
#2612=LINE('',#2611,#2610);
#2613=DIRECTION('',(0.E0,-1.E0,0.E0));
#2614=VECTOR('',#2613,5.E-1);
#2615=CARTESIAN_POINT('',(7.364918657115E0,1.5E0,1.725E0));
#2616=LINE('',#2615,#2614);
#2617=DIRECTION('',(0.E0,-1.E0,0.E0));
#2618=VECTOR('',#2617,5.E-1);
#2619=CARTESIAN_POINT('',(6.724918657115E0,1.5E0,1.725E0));
#2620=LINE('',#2619,#2618);
#2621=DIRECTION('',(0.E0,-1.E0,0.E0));
#2622=VECTOR('',#2621,5.E-1);
#2623=CARTESIAN_POINT('',(6.85E0,1.5E0,8.35E-1));
#2624=LINE('',#2623,#2622);
#2625=DIRECTION('',(0.E0,1.E0,0.E0));
#2626=VECTOR('',#2625,5.E-1);
#2627=CARTESIAN_POINT('',(3.31E0,1.E0,-8.35E-1));
#2628=LINE('',#2627,#2626);
#2629=DIRECTION('',(0.E0,1.E0,0.E0));
#2630=VECTOR('',#2629,5.E-1);
#2631=CARTESIAN_POINT('',(2.67E0,1.E0,-8.35E-1));
#2632=LINE('',#2631,#2630);
#2633=DIRECTION('',(0.E0,1.E0,0.E0));
#2634=VECTOR('',#2633,5.E-1);
#2635=CARTESIAN_POINT('',(2.795081342885E0,1.E0,-1.725E0));
#2636=LINE('',#2635,#2634);
#2637=DIRECTION('',(0.E0,1.E0,0.E0));
#2638=VECTOR('',#2637,5.E-1);
#2639=CARTESIAN_POINT('',(3.435081342885E0,1.E0,-1.725E0));
#2640=LINE('',#2639,#2638);
#2641=DIRECTION('',(-1.E0,0.E0,0.E0));
#2642=VECTOR('',#2641,6.4E-1);
#2643=CARTESIAN_POINT('',(3.31E0,1.5E0,-8.35E-1));
#2644=LINE('',#2643,#2642);
#2645=DIRECTION('',(1.391731009601E-1,0.E0,-9.902680687416E-1));
#2646=VECTOR('',#2645,8.987465395416E-1);
#2647=CARTESIAN_POINT('',(2.67E0,1.5E0,-8.35E-1));
#2648=LINE('',#2647,#2646);
#2649=DIRECTION('',(1.E0,0.E0,0.E0));
#2650=VECTOR('',#2649,6.4E-1);
#2651=CARTESIAN_POINT('',(2.795081342885E0,1.5E0,-1.725E0));
#2652=LINE('',#2651,#2650);
#2653=DIRECTION('',(-1.391731009601E-1,0.E0,9.902680687416E-1));
#2654=VECTOR('',#2653,8.987465395416E-1);
#2655=CARTESIAN_POINT('',(3.435081342885E0,1.5E0,-1.725E0));
#2656=LINE('',#2655,#2654);
#2657=DIRECTION('',(-1.E0,0.E0,0.E0));
#2658=VECTOR('',#2657,6.4E-1);
#2659=CARTESIAN_POINT('',(4.95E0,1.5E0,-8.35E-1));
#2660=LINE('',#2659,#2658);
#2661=DIRECTION('',(-1.391731009601E-1,0.E0,-9.902680687416E-1));
#2662=VECTOR('',#2661,8.987465395416E-1);
#2663=CARTESIAN_POINT('',(4.31E0,1.5E0,-8.35E-1));
#2664=LINE('',#2663,#2662);
#2665=DIRECTION('',(1.E0,0.E0,0.E0));
#2666=VECTOR('',#2665,6.4E-1);
#2667=CARTESIAN_POINT('',(4.184918657115E0,1.5E0,-1.725E0));
#2668=LINE('',#2667,#2666);
#2669=DIRECTION('',(1.391731009601E-1,0.E0,9.902680687416E-1));
#2670=VECTOR('',#2669,8.987465395416E-1);
#2671=CARTESIAN_POINT('',(4.824918657115E0,1.5E0,-1.725E0));
#2672=LINE('',#2671,#2670);
#2673=DIRECTION('',(1.391731009601E-1,0.E0,9.902680687416E-1));
#2674=VECTOR('',#2673,8.987465395416E-1);
#2675=CARTESIAN_POINT('',(3.31E0,1.5E0,8.35E-1));
#2676=LINE('',#2675,#2674);
#2677=DIRECTION('',(-1.E0,0.E0,0.E0));
#2678=VECTOR('',#2677,6.4E-1);
#2679=CARTESIAN_POINT('',(3.435081342885E0,1.5E0,1.725E0));
#2680=LINE('',#2679,#2678);
#2681=DIRECTION('',(-1.391731009601E-1,0.E0,-9.902680687416E-1));
#2682=VECTOR('',#2681,8.987465395416E-1);
#2683=CARTESIAN_POINT('',(2.795081342885E0,1.5E0,1.725E0));
#2684=LINE('',#2683,#2682);
#2685=DIRECTION('',(1.E0,0.E0,0.E0));
#2686=VECTOR('',#2685,6.4E-1);
#2687=CARTESIAN_POINT('',(2.67E0,1.5E0,8.35E-1));
#2688=LINE('',#2687,#2686);
#2689=DIRECTION('',(-1.391731009601E-1,0.E0,9.902680687416E-1));
#2690=VECTOR('',#2689,8.987465395416E-1);
#2691=CARTESIAN_POINT('',(4.95E0,1.5E0,8.35E-1));
#2692=LINE('',#2691,#2690);
#2693=DIRECTION('',(-1.E0,0.E0,0.E0));
#2694=VECTOR('',#2693,6.4E-1);
#2695=CARTESIAN_POINT('',(4.824918657115E0,1.5E0,1.725E0));
#2696=LINE('',#2695,#2694);
#2697=DIRECTION('',(1.391731009601E-1,0.E0,-9.902680687416E-1));
#2698=VECTOR('',#2697,8.987465395416E-1);
#2699=CARTESIAN_POINT('',(4.184918657115E0,1.5E0,1.725E0));
#2700=LINE('',#2699,#2698);
#2701=DIRECTION('',(1.E0,0.E0,0.E0));
#2702=VECTOR('',#2701,6.4E-1);
#2703=CARTESIAN_POINT('',(4.31E0,1.5E0,8.35E-1));
#2704=LINE('',#2703,#2702);
#2705=DIRECTION('',(0.E0,1.E0,0.E0));
#2706=VECTOR('',#2705,5.E-1);
#2707=CARTESIAN_POINT('',(4.95E0,1.E0,-8.35E-1));
#2708=LINE('',#2707,#2706);
#2709=DIRECTION('',(0.E0,1.E0,0.E0));
#2710=VECTOR('',#2709,5.E-1);
#2711=CARTESIAN_POINT('',(4.31E0,1.E0,-8.35E-1));
#2712=LINE('',#2711,#2710);
#2713=DIRECTION('',(0.E0,1.E0,0.E0));
#2714=VECTOR('',#2713,5.E-1);
#2715=CARTESIAN_POINT('',(4.184918657115E0,1.E0,-1.725E0));
#2716=LINE('',#2715,#2714);
#2717=DIRECTION('',(0.E0,1.E0,0.E0));
#2718=VECTOR('',#2717,5.E-1);
#2719=CARTESIAN_POINT('',(4.824918657115E0,1.E0,-1.725E0));
#2720=LINE('',#2719,#2718);
#2721=DIRECTION('',(0.E0,1.E0,0.E0));
#2722=VECTOR('',#2721,5.E-1);
#2723=CARTESIAN_POINT('',(3.31E0,1.E0,8.35E-1));
#2724=LINE('',#2723,#2722);
#2725=DIRECTION('',(0.E0,1.E0,0.E0));
#2726=VECTOR('',#2725,5.E-1);
#2727=CARTESIAN_POINT('',(3.435081342885E0,1.E0,1.725E0));
#2728=LINE('',#2727,#2726);
#2729=DIRECTION('',(0.E0,1.E0,0.E0));
#2730=VECTOR('',#2729,5.E-1);
#2731=CARTESIAN_POINT('',(2.795081342885E0,1.E0,1.725E0));
#2732=LINE('',#2731,#2730);
#2733=DIRECTION('',(0.E0,1.E0,0.E0));
#2734=VECTOR('',#2733,5.E-1);
#2735=CARTESIAN_POINT('',(2.67E0,1.E0,8.35E-1));
#2736=LINE('',#2735,#2734);
#2737=DIRECTION('',(0.E0,1.E0,0.E0));
#2738=VECTOR('',#2737,5.E-1);
#2739=CARTESIAN_POINT('',(4.95E0,1.E0,8.35E-1));
#2740=LINE('',#2739,#2738);
#2741=DIRECTION('',(0.E0,1.E0,0.E0));
#2742=VECTOR('',#2741,5.E-1);
#2743=CARTESIAN_POINT('',(4.824918657115E0,1.E0,1.725E0));
#2744=LINE('',#2743,#2742);
#2745=DIRECTION('',(0.E0,1.E0,0.E0));
#2746=VECTOR('',#2745,5.E-1);
#2747=CARTESIAN_POINT('',(4.184918657115E0,1.E0,1.725E0));
#2748=LINE('',#2747,#2746);
#2749=DIRECTION('',(0.E0,1.E0,0.E0));
#2750=VECTOR('',#2749,5.E-1);
#2751=CARTESIAN_POINT('',(4.31E0,1.E0,8.35E-1));
#2752=LINE('',#2751,#2750);
#2753=DIRECTION('',(0.E0,1.E0,0.E0));
#2754=VECTOR('',#2753,5.E-1);
#2755=CARTESIAN_POINT('',(7.7E-1,1.E0,-8.35E-1));
#2756=LINE('',#2755,#2754);
#2757=DIRECTION('',(0.E0,1.E0,0.E0));
#2758=VECTOR('',#2757,5.E-1);
#2759=CARTESIAN_POINT('',(1.3E-1,1.E0,-8.35E-1));
#2760=LINE('',#2759,#2758);
#2761=DIRECTION('',(0.E0,1.E0,0.E0));
#2762=VECTOR('',#2761,5.E-1);
#2763=CARTESIAN_POINT('',(2.550813428851E-1,1.E0,-1.725E0));
#2764=LINE('',#2763,#2762);
#2765=DIRECTION('',(0.E0,1.E0,0.E0));
#2766=VECTOR('',#2765,5.E-1);
#2767=CARTESIAN_POINT('',(8.950813428851E-1,1.E0,-1.725E0));
#2768=LINE('',#2767,#2766);
#2769=DIRECTION('',(-1.E0,0.E0,0.E0));
#2770=VECTOR('',#2769,6.4E-1);
#2771=CARTESIAN_POINT('',(7.7E-1,1.5E0,-8.35E-1));
#2772=LINE('',#2771,#2770);
#2773=DIRECTION('',(1.391731009601E-1,0.E0,-9.902680687416E-1));
#2774=VECTOR('',#2773,8.987465395416E-1);
#2775=CARTESIAN_POINT('',(1.3E-1,1.5E0,-8.35E-1));
#2776=LINE('',#2775,#2774);
#2777=DIRECTION('',(1.E0,0.E0,0.E0));
#2778=VECTOR('',#2777,6.4E-1);
#2779=CARTESIAN_POINT('',(2.550813428851E-1,1.5E0,-1.725E0));
#2780=LINE('',#2779,#2778);
#2781=DIRECTION('',(-1.391731009601E-1,0.E0,9.902680687416E-1));
#2782=VECTOR('',#2781,8.987465395416E-1);
#2783=CARTESIAN_POINT('',(8.950813428851E-1,1.5E0,-1.725E0));
#2784=LINE('',#2783,#2782);
#2785=DIRECTION('',(-1.E0,0.E0,0.E0));
#2786=VECTOR('',#2785,6.4E-1);
#2787=CARTESIAN_POINT('',(2.41E0,1.5E0,-8.35E-1));
#2788=LINE('',#2787,#2786);
#2789=DIRECTION('',(-1.391731009601E-1,0.E0,-9.902680687416E-1));
#2790=VECTOR('',#2789,8.987465395416E-1);
#2791=CARTESIAN_POINT('',(1.77E0,1.5E0,-8.35E-1));
#2792=LINE('',#2791,#2790);
#2793=DIRECTION('',(1.E0,0.E0,0.E0));
#2794=VECTOR('',#2793,6.4E-1);
#2795=CARTESIAN_POINT('',(1.644918657115E0,1.5E0,-1.725E0));
#2796=LINE('',#2795,#2794);
#2797=DIRECTION('',(1.391731009601E-1,0.E0,9.902680687416E-1));
#2798=VECTOR('',#2797,8.987465395416E-1);
#2799=CARTESIAN_POINT('',(2.284918657115E0,1.5E0,-1.725E0));
#2800=LINE('',#2799,#2798);
#2801=DIRECTION('',(1.391731009601E-1,0.E0,9.902680687416E-1));
#2802=VECTOR('',#2801,8.987465395416E-1);
#2803=CARTESIAN_POINT('',(7.7E-1,1.5E0,8.35E-1));
#2804=LINE('',#2803,#2802);
#2805=DIRECTION('',(-1.E0,0.E0,0.E0));
#2806=VECTOR('',#2805,6.4E-1);
#2807=CARTESIAN_POINT('',(8.950813428851E-1,1.5E0,1.725E0));
#2808=LINE('',#2807,#2806);
#2809=DIRECTION('',(-1.391731009601E-1,0.E0,-9.902680687416E-1));
#2810=VECTOR('',#2809,8.987465395416E-1);
#2811=CARTESIAN_POINT('',(2.550813428851E-1,1.5E0,1.725E0));
#2812=LINE('',#2811,#2810);
#2813=DIRECTION('',(1.E0,0.E0,0.E0));
#2814=VECTOR('',#2813,6.4E-1);
#2815=CARTESIAN_POINT('',(1.3E-1,1.5E0,8.35E-1));
#2816=LINE('',#2815,#2814);
#2817=DIRECTION('',(-1.391731009601E-1,0.E0,9.902680687416E-1));
#2818=VECTOR('',#2817,8.987465395416E-1);
#2819=CARTESIAN_POINT('',(2.41E0,1.5E0,8.35E-1));
#2820=LINE('',#2819,#2818);
#2821=DIRECTION('',(-1.E0,0.E0,0.E0));
#2822=VECTOR('',#2821,6.4E-1);
#2823=CARTESIAN_POINT('',(2.284918657115E0,1.5E0,1.725E0));
#2824=LINE('',#2823,#2822);
#2825=DIRECTION('',(1.391731009601E-1,0.E0,-9.902680687416E-1));
#2826=VECTOR('',#2825,8.987465395416E-1);
#2827=CARTESIAN_POINT('',(1.644918657115E0,1.5E0,1.725E0));
#2828=LINE('',#2827,#2826);
#2829=DIRECTION('',(1.E0,0.E0,0.E0));
#2830=VECTOR('',#2829,6.4E-1);
#2831=CARTESIAN_POINT('',(1.77E0,1.5E0,8.35E-1));
#2832=LINE('',#2831,#2830);
#2833=DIRECTION('',(0.E0,1.E0,0.E0));
#2834=VECTOR('',#2833,5.E-1);
#2835=CARTESIAN_POINT('',(2.41E0,1.E0,-8.35E-1));
#2836=LINE('',#2835,#2834);
#2837=DIRECTION('',(0.E0,1.E0,0.E0));
#2838=VECTOR('',#2837,5.E-1);
#2839=CARTESIAN_POINT('',(1.77E0,1.E0,-8.35E-1));
#2840=LINE('',#2839,#2838);
#2841=DIRECTION('',(0.E0,1.E0,0.E0));
#2842=VECTOR('',#2841,5.E-1);
#2843=CARTESIAN_POINT('',(1.644918657115E0,1.E0,-1.725E0));
#2844=LINE('',#2843,#2842);
#2845=DIRECTION('',(0.E0,1.E0,0.E0));
#2846=VECTOR('',#2845,5.E-1);
#2847=CARTESIAN_POINT('',(2.284918657115E0,1.E0,-1.725E0));
#2848=LINE('',#2847,#2846);
#2849=DIRECTION('',(0.E0,1.E0,0.E0));
#2850=VECTOR('',#2849,5.E-1);
#2851=CARTESIAN_POINT('',(7.7E-1,1.E0,8.35E-1));
#2852=LINE('',#2851,#2850);
#2853=DIRECTION('',(0.E0,1.E0,0.E0));
#2854=VECTOR('',#2853,5.E-1);
#2855=CARTESIAN_POINT('',(8.950813428851E-1,1.E0,1.725E0));
#2856=LINE('',#2855,#2854);
#2857=DIRECTION('',(0.E0,1.E0,0.E0));
#2858=VECTOR('',#2857,5.E-1);
#2859=CARTESIAN_POINT('',(2.550813428851E-1,1.E0,1.725E0));
#2860=LINE('',#2859,#2858);
#2861=DIRECTION('',(0.E0,1.E0,0.E0));
#2862=VECTOR('',#2861,5.E-1);
#2863=CARTESIAN_POINT('',(1.3E-1,1.E0,8.35E-1));
#2864=LINE('',#2863,#2862);
#2865=DIRECTION('',(0.E0,1.E0,0.E0));
#2866=VECTOR('',#2865,5.E-1);
#2867=CARTESIAN_POINT('',(2.41E0,1.E0,8.35E-1));
#2868=LINE('',#2867,#2866);
#2869=DIRECTION('',(0.E0,1.E0,0.E0));
#2870=VECTOR('',#2869,5.E-1);
#2871=CARTESIAN_POINT('',(2.284918657115E0,1.E0,1.725E0));
#2872=LINE('',#2871,#2870);
#2873=DIRECTION('',(0.E0,1.E0,0.E0));
#2874=VECTOR('',#2873,5.E-1);
#2875=CARTESIAN_POINT('',(1.644918657115E0,1.E0,1.725E0));
#2876=LINE('',#2875,#2874);
#2877=DIRECTION('',(0.E0,1.E0,0.E0));
#2878=VECTOR('',#2877,5.E-1);
#2879=CARTESIAN_POINT('',(1.77E0,1.E0,8.35E-1));
#2880=LINE('',#2879,#2878);
#2881=DIRECTION('',(0.E0,1.E0,0.E0));
#2882=VECTOR('',#2881,5.E-1);
#2883=CARTESIAN_POINT('',(-1.77E0,1.E0,-8.35E-1));
#2884=LINE('',#2883,#2882);
#2885=DIRECTION('',(0.E0,1.E0,0.E0));
#2886=VECTOR('',#2885,5.E-1);
#2887=CARTESIAN_POINT('',(-2.41E0,1.E0,-8.35E-1));
#2888=LINE('',#2887,#2886);
#2889=DIRECTION('',(0.E0,1.E0,0.E0));
#2890=VECTOR('',#2889,5.E-1);
#2891=CARTESIAN_POINT('',(-2.284918657115E0,1.E0,-1.725E0));
#2892=LINE('',#2891,#2890);
#2893=DIRECTION('',(0.E0,1.E0,0.E0));
#2894=VECTOR('',#2893,5.E-1);
#2895=CARTESIAN_POINT('',(-1.644918657115E0,1.E0,-1.725E0));
#2896=LINE('',#2895,#2894);
#2897=DIRECTION('',(-1.E0,0.E0,0.E0));
#2898=VECTOR('',#2897,6.4E-1);
#2899=CARTESIAN_POINT('',(-1.77E0,1.5E0,-8.35E-1));
#2900=LINE('',#2899,#2898);
#2901=DIRECTION('',(1.391731009601E-1,0.E0,-9.902680687416E-1));
#2902=VECTOR('',#2901,8.987465395416E-1);
#2903=CARTESIAN_POINT('',(-2.41E0,1.5E0,-8.35E-1));
#2904=LINE('',#2903,#2902);
#2905=DIRECTION('',(1.E0,0.E0,0.E0));
#2906=VECTOR('',#2905,6.4E-1);
#2907=CARTESIAN_POINT('',(-2.284918657115E0,1.5E0,-1.725E0));
#2908=LINE('',#2907,#2906);
#2909=DIRECTION('',(-1.391731009601E-1,0.E0,9.902680687416E-1));
#2910=VECTOR('',#2909,8.987465395416E-1);
#2911=CARTESIAN_POINT('',(-1.644918657115E0,1.5E0,-1.725E0));
#2912=LINE('',#2911,#2910);
#2913=DIRECTION('',(-1.E0,0.E0,0.E0));
#2914=VECTOR('',#2913,6.4E-1);
#2915=CARTESIAN_POINT('',(-1.3E-1,1.5E0,-8.35E-1));
#2916=LINE('',#2915,#2914);
#2917=DIRECTION('',(-1.391731009601E-1,0.E0,-9.902680687416E-1));
#2918=VECTOR('',#2917,8.987465395416E-1);
#2919=CARTESIAN_POINT('',(-7.7E-1,1.5E0,-8.35E-1));
#2920=LINE('',#2919,#2918);
#2921=DIRECTION('',(1.E0,0.E0,0.E0));
#2922=VECTOR('',#2921,6.4E-1);
#2923=CARTESIAN_POINT('',(-8.950813428851E-1,1.5E0,-1.725E0));
#2924=LINE('',#2923,#2922);
#2925=DIRECTION('',(1.391731009601E-1,0.E0,9.902680687416E-1));
#2926=VECTOR('',#2925,8.987465395416E-1);
#2927=CARTESIAN_POINT('',(-2.550813428851E-1,1.5E0,-1.725E0));
#2928=LINE('',#2927,#2926);
#2929=DIRECTION('',(1.391731009601E-1,0.E0,9.902680687416E-1));
#2930=VECTOR('',#2929,8.987465395416E-1);
#2931=CARTESIAN_POINT('',(-1.77E0,1.5E0,8.35E-1));
#2932=LINE('',#2931,#2930);
#2933=DIRECTION('',(-1.E0,0.E0,0.E0));
#2934=VECTOR('',#2933,6.4E-1);
#2935=CARTESIAN_POINT('',(-1.644918657115E0,1.5E0,1.725E0));
#2936=LINE('',#2935,#2934);
#2937=DIRECTION('',(-1.391731009601E-1,0.E0,-9.902680687416E-1));
#2938=VECTOR('',#2937,8.987465395416E-1);
#2939=CARTESIAN_POINT('',(-2.284918657115E0,1.5E0,1.725E0));
#2940=LINE('',#2939,#2938);
#2941=DIRECTION('',(1.E0,0.E0,0.E0));
#2942=VECTOR('',#2941,6.4E-1);
#2943=CARTESIAN_POINT('',(-2.41E0,1.5E0,8.35E-1));
#2944=LINE('',#2943,#2942);
#2945=DIRECTION('',(-1.391731009601E-1,0.E0,9.902680687416E-1));
#2946=VECTOR('',#2945,8.987465395416E-1);
#2947=CARTESIAN_POINT('',(-1.3E-1,1.5E0,8.35E-1));
#2948=LINE('',#2947,#2946);
#2949=DIRECTION('',(-1.E0,0.E0,0.E0));
#2950=VECTOR('',#2949,6.4E-1);
#2951=CARTESIAN_POINT('',(-2.550813428851E-1,1.5E0,1.725E0));
#2952=LINE('',#2951,#2950);
#2953=DIRECTION('',(1.391731009601E-1,0.E0,-9.902680687416E-1));
#2954=VECTOR('',#2953,8.987465395416E-1);
#2955=CARTESIAN_POINT('',(-8.950813428851E-1,1.5E0,1.725E0));
#2956=LINE('',#2955,#2954);
#2957=DIRECTION('',(1.E0,0.E0,0.E0));
#2958=VECTOR('',#2957,6.4E-1);
#2959=CARTESIAN_POINT('',(-7.7E-1,1.5E0,8.35E-1));
#2960=LINE('',#2959,#2958);
#2961=DIRECTION('',(0.E0,1.E0,0.E0));
#2962=VECTOR('',#2961,5.E-1);
#2963=CARTESIAN_POINT('',(-1.3E-1,1.E0,-8.35E-1));
#2964=LINE('',#2963,#2962);
#2965=DIRECTION('',(0.E0,1.E0,0.E0));
#2966=VECTOR('',#2965,5.E-1);
#2967=CARTESIAN_POINT('',(-7.7E-1,1.E0,-8.35E-1));
#2968=LINE('',#2967,#2966);
#2969=DIRECTION('',(0.E0,1.E0,0.E0));
#2970=VECTOR('',#2969,5.E-1);
#2971=CARTESIAN_POINT('',(-8.950813428851E-1,1.E0,-1.725E0));
#2972=LINE('',#2971,#2970);
#2973=DIRECTION('',(0.E0,1.E0,0.E0));
#2974=VECTOR('',#2973,5.E-1);
#2975=CARTESIAN_POINT('',(-2.550813428851E-1,1.E0,-1.725E0));
#2976=LINE('',#2975,#2974);
#2977=DIRECTION('',(0.E0,1.E0,0.E0));
#2978=VECTOR('',#2977,5.E-1);
#2979=CARTESIAN_POINT('',(-1.77E0,1.E0,8.35E-1));
#2980=LINE('',#2979,#2978);
#2981=DIRECTION('',(0.E0,1.E0,0.E0));
#2982=VECTOR('',#2981,5.E-1);
#2983=CARTESIAN_POINT('',(-1.644918657115E0,1.E0,1.725E0));
#2984=LINE('',#2983,#2982);
#2985=DIRECTION('',(0.E0,1.E0,0.E0));
#2986=VECTOR('',#2985,5.E-1);
#2987=CARTESIAN_POINT('',(-2.284918657115E0,1.E0,1.725E0));
#2988=LINE('',#2987,#2986);
#2989=DIRECTION('',(0.E0,1.E0,0.E0));
#2990=VECTOR('',#2989,5.E-1);
#2991=CARTESIAN_POINT('',(-2.41E0,1.E0,8.35E-1));
#2992=LINE('',#2991,#2990);
#2993=DIRECTION('',(0.E0,1.E0,0.E0));
#2994=VECTOR('',#2993,5.E-1);
#2995=CARTESIAN_POINT('',(-1.3E-1,1.E0,8.35E-1));
#2996=LINE('',#2995,#2994);
#2997=DIRECTION('',(0.E0,1.E0,0.E0));
#2998=VECTOR('',#2997,5.E-1);
#2999=CARTESIAN_POINT('',(-2.550813428851E-1,1.E0,1.725E0));
#3000=LINE('',#2999,#2998);
#3001=DIRECTION('',(0.E0,1.E0,0.E0));
#3002=VECTOR('',#3001,5.E-1);
#3003=CARTESIAN_POINT('',(-8.950813428851E-1,1.E0,1.725E0));
#3004=LINE('',#3003,#3002);
#3005=DIRECTION('',(0.E0,1.E0,0.E0));
#3006=VECTOR('',#3005,5.E-1);
#3007=CARTESIAN_POINT('',(-7.7E-1,1.E0,8.35E-1));
#3008=LINE('',#3007,#3006);
#3009=DIRECTION('',(0.E0,1.E0,0.E0));
#3010=VECTOR('',#3009,5.E-1);
#3011=CARTESIAN_POINT('',(-4.31E0,1.E0,-8.35E-1));
#3012=LINE('',#3011,#3010);
#3013=DIRECTION('',(0.E0,1.E0,0.E0));
#3014=VECTOR('',#3013,5.E-1);
#3015=CARTESIAN_POINT('',(-4.95E0,1.E0,-8.35E-1));
#3016=LINE('',#3015,#3014);
#3017=DIRECTION('',(0.E0,1.E0,0.E0));
#3018=VECTOR('',#3017,5.E-1);
#3019=CARTESIAN_POINT('',(-4.824918657115E0,1.E0,-1.725E0));
#3020=LINE('',#3019,#3018);
#3021=DIRECTION('',(0.E0,1.E0,0.E0));
#3022=VECTOR('',#3021,5.E-1);
#3023=CARTESIAN_POINT('',(-4.184918657115E0,1.E0,-1.725E0));
#3024=LINE('',#3023,#3022);
#3025=DIRECTION('',(-1.E0,0.E0,0.E0));
#3026=VECTOR('',#3025,6.4E-1);
#3027=CARTESIAN_POINT('',(-4.31E0,1.5E0,-8.35E-1));
#3028=LINE('',#3027,#3026);
#3029=DIRECTION('',(1.391731009601E-1,0.E0,-9.902680687416E-1));
#3030=VECTOR('',#3029,8.987465395416E-1);
#3031=CARTESIAN_POINT('',(-4.95E0,1.5E0,-8.35E-1));
#3032=LINE('',#3031,#3030);
#3033=DIRECTION('',(1.E0,0.E0,0.E0));
#3034=VECTOR('',#3033,6.4E-1);
#3035=CARTESIAN_POINT('',(-4.824918657115E0,1.5E0,-1.725E0));
#3036=LINE('',#3035,#3034);
#3037=DIRECTION('',(-1.391731009601E-1,0.E0,9.902680687416E-1));
#3038=VECTOR('',#3037,8.987465395416E-1);
#3039=CARTESIAN_POINT('',(-4.184918657115E0,1.5E0,-1.725E0));
#3040=LINE('',#3039,#3038);
#3041=DIRECTION('',(-1.E0,0.E0,0.E0));
#3042=VECTOR('',#3041,6.4E-1);
#3043=CARTESIAN_POINT('',(-2.67E0,1.5E0,-8.35E-1));
#3044=LINE('',#3043,#3042);
#3045=DIRECTION('',(-1.391731009601E-1,0.E0,-9.902680687416E-1));
#3046=VECTOR('',#3045,8.987465395416E-1);
#3047=CARTESIAN_POINT('',(-3.31E0,1.5E0,-8.35E-1));
#3048=LINE('',#3047,#3046);
#3049=DIRECTION('',(1.E0,0.E0,0.E0));
#3050=VECTOR('',#3049,6.4E-1);
#3051=CARTESIAN_POINT('',(-3.435081342885E0,1.5E0,-1.725E0));
#3052=LINE('',#3051,#3050);
#3053=DIRECTION('',(1.391731009601E-1,0.E0,9.902680687416E-1));
#3054=VECTOR('',#3053,8.987465395416E-1);
#3055=CARTESIAN_POINT('',(-2.795081342885E0,1.5E0,-1.725E0));
#3056=LINE('',#3055,#3054);
#3057=DIRECTION('',(1.391731009601E-1,0.E0,9.902680687416E-1));
#3058=VECTOR('',#3057,8.987465395416E-1);
#3059=CARTESIAN_POINT('',(-4.31E0,1.5E0,8.35E-1));
#3060=LINE('',#3059,#3058);
#3061=DIRECTION('',(-1.E0,0.E0,0.E0));
#3062=VECTOR('',#3061,6.4E-1);
#3063=CARTESIAN_POINT('',(-4.184918657115E0,1.5E0,1.725E0));
#3064=LINE('',#3063,#3062);
#3065=DIRECTION('',(-1.391731009601E-1,0.E0,-9.902680687416E-1));
#3066=VECTOR('',#3065,8.987465395416E-1);
#3067=CARTESIAN_POINT('',(-4.824918657115E0,1.5E0,1.725E0));
#3068=LINE('',#3067,#3066);
#3069=DIRECTION('',(1.E0,0.E0,0.E0));
#3070=VECTOR('',#3069,6.4E-1);
#3071=CARTESIAN_POINT('',(-4.95E0,1.5E0,8.35E-1));
#3072=LINE('',#3071,#3070);
#3073=DIRECTION('',(-1.391731009601E-1,0.E0,9.902680687416E-1));
#3074=VECTOR('',#3073,8.987465395416E-1);
#3075=CARTESIAN_POINT('',(-2.67E0,1.5E0,8.35E-1));
#3076=LINE('',#3075,#3074);
#3077=DIRECTION('',(-1.E0,0.E0,0.E0));
#3078=VECTOR('',#3077,6.4E-1);
#3079=CARTESIAN_POINT('',(-2.795081342885E0,1.5E0,1.725E0));
#3080=LINE('',#3079,#3078);
#3081=DIRECTION('',(1.391731009601E-1,0.E0,-9.902680687416E-1));
#3082=VECTOR('',#3081,8.987465395416E-1);
#3083=CARTESIAN_POINT('',(-3.435081342885E0,1.5E0,1.725E0));
#3084=LINE('',#3083,#3082);
#3085=DIRECTION('',(1.E0,0.E0,0.E0));
#3086=VECTOR('',#3085,6.4E-1);
#3087=CARTESIAN_POINT('',(-3.31E0,1.5E0,8.35E-1));
#3088=LINE('',#3087,#3086);
#3089=DIRECTION('',(0.E0,1.E0,0.E0));
#3090=VECTOR('',#3089,5.E-1);
#3091=CARTESIAN_POINT('',(-2.67E0,1.E0,-8.35E-1));
#3092=LINE('',#3091,#3090);
#3093=DIRECTION('',(0.E0,1.E0,0.E0));
#3094=VECTOR('',#3093,5.E-1);
#3095=CARTESIAN_POINT('',(-3.31E0,1.E0,-8.35E-1));
#3096=LINE('',#3095,#3094);
#3097=DIRECTION('',(0.E0,1.E0,0.E0));
#3098=VECTOR('',#3097,5.E-1);
#3099=CARTESIAN_POINT('',(-3.435081342885E0,1.E0,-1.725E0));
#3100=LINE('',#3099,#3098);
#3101=DIRECTION('',(0.E0,1.E0,0.E0));
#3102=VECTOR('',#3101,5.E-1);
#3103=CARTESIAN_POINT('',(-2.795081342885E0,1.E0,-1.725E0));
#3104=LINE('',#3103,#3102);
#3105=DIRECTION('',(0.E0,1.E0,0.E0));
#3106=VECTOR('',#3105,5.E-1);
#3107=CARTESIAN_POINT('',(-4.31E0,1.E0,8.35E-1));
#3108=LINE('',#3107,#3106);
#3109=DIRECTION('',(0.E0,1.E0,0.E0));
#3110=VECTOR('',#3109,5.E-1);
#3111=CARTESIAN_POINT('',(-4.184918657115E0,1.E0,1.725E0));
#3112=LINE('',#3111,#3110);
#3113=DIRECTION('',(0.E0,1.E0,0.E0));
#3114=VECTOR('',#3113,5.E-1);
#3115=CARTESIAN_POINT('',(-4.824918657115E0,1.E0,1.725E0));
#3116=LINE('',#3115,#3114);
#3117=DIRECTION('',(0.E0,1.E0,0.E0));
#3118=VECTOR('',#3117,5.E-1);
#3119=CARTESIAN_POINT('',(-4.95E0,1.E0,8.35E-1));
#3120=LINE('',#3119,#3118);
#3121=DIRECTION('',(0.E0,1.E0,0.E0));
#3122=VECTOR('',#3121,5.E-1);
#3123=CARTESIAN_POINT('',(-2.67E0,1.E0,8.35E-1));
#3124=LINE('',#3123,#3122);
#3125=DIRECTION('',(0.E0,1.E0,0.E0));
#3126=VECTOR('',#3125,5.E-1);
#3127=CARTESIAN_POINT('',(-2.795081342885E0,1.E0,1.725E0));
#3128=LINE('',#3127,#3126);
#3129=DIRECTION('',(0.E0,1.E0,0.E0));
#3130=VECTOR('',#3129,5.E-1);
#3131=CARTESIAN_POINT('',(-3.435081342885E0,1.E0,1.725E0));
#3132=LINE('',#3131,#3130);
#3133=DIRECTION('',(0.E0,1.E0,0.E0));
#3134=VECTOR('',#3133,5.E-1);
#3135=CARTESIAN_POINT('',(-3.31E0,1.E0,8.35E-1));
#3136=LINE('',#3135,#3134);
#3137=DIRECTION('',(0.E0,1.E0,0.E0));
#3138=VECTOR('',#3137,5.E-1);
#3139=CARTESIAN_POINT('',(-6.85E0,1.E0,-8.35E-1));
#3140=LINE('',#3139,#3138);
#3141=DIRECTION('',(0.E0,1.E0,0.E0));
#3142=VECTOR('',#3141,5.E-1);
#3143=CARTESIAN_POINT('',(-7.49E0,1.E0,-8.35E-1));
#3144=LINE('',#3143,#3142);
#3145=DIRECTION('',(0.E0,1.E0,0.E0));
#3146=VECTOR('',#3145,5.E-1);
#3147=CARTESIAN_POINT('',(-7.364918657115E0,1.E0,-1.725E0));
#3148=LINE('',#3147,#3146);
#3149=DIRECTION('',(0.E0,1.E0,0.E0));
#3150=VECTOR('',#3149,5.E-1);
#3151=CARTESIAN_POINT('',(-6.724918657115E0,1.E0,-1.725E0));
#3152=LINE('',#3151,#3150);
#3153=DIRECTION('',(-1.E0,0.E0,0.E0));
#3154=VECTOR('',#3153,6.4E-1);
#3155=CARTESIAN_POINT('',(-6.85E0,1.5E0,-8.35E-1));
#3156=LINE('',#3155,#3154);
#3157=DIRECTION('',(1.391731009601E-1,0.E0,-9.902680687416E-1));
#3158=VECTOR('',#3157,8.987465395416E-1);
#3159=CARTESIAN_POINT('',(-7.49E0,1.5E0,-8.35E-1));
#3160=LINE('',#3159,#3158);
#3161=DIRECTION('',(1.E0,0.E0,0.E0));
#3162=VECTOR('',#3161,6.4E-1);
#3163=CARTESIAN_POINT('',(-7.364918657115E0,1.5E0,-1.725E0));
#3164=LINE('',#3163,#3162);
#3165=DIRECTION('',(-1.391731009601E-1,0.E0,9.902680687416E-1));
#3166=VECTOR('',#3165,8.987465395416E-1);
#3167=CARTESIAN_POINT('',(-6.724918657115E0,1.5E0,-1.725E0));
#3168=LINE('',#3167,#3166);
#3169=DIRECTION('',(-1.E0,0.E0,0.E0));
#3170=VECTOR('',#3169,6.4E-1);
#3171=CARTESIAN_POINT('',(-5.21E0,1.5E0,-8.35E-1));
#3172=LINE('',#3171,#3170);
#3173=DIRECTION('',(-1.391731009601E-1,0.E0,-9.902680687416E-1));
#3174=VECTOR('',#3173,8.987465395416E-1);
#3175=CARTESIAN_POINT('',(-5.85E0,1.5E0,-8.35E-1));
#3176=LINE('',#3175,#3174);
#3177=DIRECTION('',(1.E0,0.E0,0.E0));
#3178=VECTOR('',#3177,6.4E-1);
#3179=CARTESIAN_POINT('',(-5.975081342885E0,1.5E0,-1.725E0));
#3180=LINE('',#3179,#3178);
#3181=DIRECTION('',(1.391731009601E-1,0.E0,9.902680687416E-1));
#3182=VECTOR('',#3181,8.987465395416E-1);
#3183=CARTESIAN_POINT('',(-5.335081342885E0,1.5E0,-1.725E0));
#3184=LINE('',#3183,#3182);
#3185=DIRECTION('',(1.391731009601E-1,0.E0,9.902680687416E-1));
#3186=VECTOR('',#3185,8.987465395416E-1);
#3187=CARTESIAN_POINT('',(-6.85E0,1.5E0,8.35E-1));
#3188=LINE('',#3187,#3186);
#3189=DIRECTION('',(-1.E0,0.E0,0.E0));
#3190=VECTOR('',#3189,6.4E-1);
#3191=CARTESIAN_POINT('',(-6.724918657115E0,1.5E0,1.725E0));
#3192=LINE('',#3191,#3190);
#3193=DIRECTION('',(-1.391731009601E-1,0.E0,-9.902680687416E-1));
#3194=VECTOR('',#3193,8.987465395416E-1);
#3195=CARTESIAN_POINT('',(-7.364918657115E0,1.5E0,1.725E0));
#3196=LINE('',#3195,#3194);
#3197=DIRECTION('',(1.E0,0.E0,0.E0));
#3198=VECTOR('',#3197,6.4E-1);
#3199=CARTESIAN_POINT('',(-7.49E0,1.5E0,8.35E-1));
#3200=LINE('',#3199,#3198);
#3201=DIRECTION('',(-1.391731009601E-1,0.E0,9.902680687416E-1));
#3202=VECTOR('',#3201,8.987465395416E-1);
#3203=CARTESIAN_POINT('',(-5.21E0,1.5E0,8.35E-1));
#3204=LINE('',#3203,#3202);
#3205=DIRECTION('',(-1.E0,0.E0,0.E0));
#3206=VECTOR('',#3205,6.4E-1);
#3207=CARTESIAN_POINT('',(-5.335081342885E0,1.5E0,1.725E0));
#3208=LINE('',#3207,#3206);
#3209=DIRECTION('',(1.391731009601E-1,0.E0,-9.902680687416E-1));
#3210=VECTOR('',#3209,8.987465395416E-1);
#3211=CARTESIAN_POINT('',(-5.975081342885E0,1.5E0,1.725E0));
#3212=LINE('',#3211,#3210);
#3213=DIRECTION('',(1.E0,0.E0,0.E0));
#3214=VECTOR('',#3213,6.4E-1);
#3215=CARTESIAN_POINT('',(-5.85E0,1.5E0,8.35E-1));
#3216=LINE('',#3215,#3214);
#3217=DIRECTION('',(0.E0,1.E0,0.E0));
#3218=VECTOR('',#3217,5.E-1);
#3219=CARTESIAN_POINT('',(-5.21E0,1.E0,-8.35E-1));
#3220=LINE('',#3219,#3218);
#3221=DIRECTION('',(0.E0,1.E0,0.E0));
#3222=VECTOR('',#3221,5.E-1);
#3223=CARTESIAN_POINT('',(-5.85E0,1.E0,-8.35E-1));
#3224=LINE('',#3223,#3222);
#3225=DIRECTION('',(0.E0,1.E0,0.E0));
#3226=VECTOR('',#3225,5.E-1);
#3227=CARTESIAN_POINT('',(-5.975081342885E0,1.E0,-1.725E0));
#3228=LINE('',#3227,#3226);
#3229=DIRECTION('',(0.E0,1.E0,0.E0));
#3230=VECTOR('',#3229,5.E-1);
#3231=CARTESIAN_POINT('',(-5.335081342885E0,1.E0,-1.725E0));
#3232=LINE('',#3231,#3230);
#3233=DIRECTION('',(0.E0,1.E0,0.E0));
#3234=VECTOR('',#3233,5.E-1);
#3235=CARTESIAN_POINT('',(-6.85E0,1.E0,8.35E-1));
#3236=LINE('',#3235,#3234);
#3237=DIRECTION('',(0.E0,1.E0,0.E0));
#3238=VECTOR('',#3237,5.E-1);
#3239=CARTESIAN_POINT('',(-6.724918657115E0,1.E0,1.725E0));
#3240=LINE('',#3239,#3238);
#3241=DIRECTION('',(0.E0,1.E0,0.E0));
#3242=VECTOR('',#3241,5.E-1);
#3243=CARTESIAN_POINT('',(-7.364918657115E0,1.E0,1.725E0));
#3244=LINE('',#3243,#3242);
#3245=DIRECTION('',(0.E0,1.E0,0.E0));
#3246=VECTOR('',#3245,5.E-1);
#3247=CARTESIAN_POINT('',(-7.49E0,1.E0,8.35E-1));
#3248=LINE('',#3247,#3246);
#3249=DIRECTION('',(0.E0,1.E0,0.E0));
#3250=VECTOR('',#3249,5.E-1);
#3251=CARTESIAN_POINT('',(-5.21E0,1.E0,8.35E-1));
#3252=LINE('',#3251,#3250);
#3253=DIRECTION('',(0.E0,1.E0,0.E0));
#3254=VECTOR('',#3253,5.E-1);
#3255=CARTESIAN_POINT('',(-5.335081342885E0,1.E0,1.725E0));
#3256=LINE('',#3255,#3254);
#3257=DIRECTION('',(0.E0,1.E0,0.E0));
#3258=VECTOR('',#3257,5.E-1);
#3259=CARTESIAN_POINT('',(-5.975081342885E0,1.E0,1.725E0));
#3260=LINE('',#3259,#3258);
#3261=DIRECTION('',(0.E0,1.E0,0.E0));
#3262=VECTOR('',#3261,5.E-1);
#3263=CARTESIAN_POINT('',(-5.85E0,1.E0,8.35E-1));
#3264=LINE('',#3263,#3262);
#3265=DIRECTION('',(0.E0,1.E0,0.E0));
#3266=VECTOR('',#3265,5.E-1);
#3267=CARTESIAN_POINT('',(-9.39E0,1.E0,-8.35E-1));
#3268=LINE('',#3267,#3266);
#3269=DIRECTION('',(0.E0,1.E0,0.E0));
#3270=VECTOR('',#3269,5.E-1);
#3271=CARTESIAN_POINT('',(-1.003E1,1.E0,-8.35E-1));
#3272=LINE('',#3271,#3270);
#3273=DIRECTION('',(0.E0,1.E0,0.E0));
#3274=VECTOR('',#3273,5.E-1);
#3275=CARTESIAN_POINT('',(-9.904918657115E0,1.E0,-1.725E0));
#3276=LINE('',#3275,#3274);
#3277=DIRECTION('',(0.E0,1.E0,0.E0));
#3278=VECTOR('',#3277,5.E-1);
#3279=CARTESIAN_POINT('',(-9.264918657115E0,1.E0,-1.725E0));
#3280=LINE('',#3279,#3278);
#3281=DIRECTION('',(-1.E0,0.E0,0.E0));
#3282=VECTOR('',#3281,6.4E-1);
#3283=CARTESIAN_POINT('',(-9.39E0,1.5E0,-8.35E-1));
#3284=LINE('',#3283,#3282);
#3285=DIRECTION('',(1.391731009601E-1,0.E0,-9.902680687416E-1));
#3286=VECTOR('',#3285,8.987465395416E-1);
#3287=CARTESIAN_POINT('',(-1.003E1,1.5E0,-8.35E-1));
#3288=LINE('',#3287,#3286);
#3289=DIRECTION('',(1.E0,0.E0,0.E0));
#3290=VECTOR('',#3289,6.4E-1);
#3291=CARTESIAN_POINT('',(-9.904918657115E0,1.5E0,-1.725E0));
#3292=LINE('',#3291,#3290);
#3293=DIRECTION('',(-1.391731009601E-1,0.E0,9.902680687416E-1));
#3294=VECTOR('',#3293,8.987465395416E-1);
#3295=CARTESIAN_POINT('',(-9.264918657115E0,1.5E0,-1.725E0));
#3296=LINE('',#3295,#3294);
#3297=DIRECTION('',(-1.E0,0.E0,0.E0));
#3298=VECTOR('',#3297,6.4E-1);
#3299=CARTESIAN_POINT('',(-7.75E0,1.5E0,-8.35E-1));
#3300=LINE('',#3299,#3298);
#3301=DIRECTION('',(-1.391731009601E-1,0.E0,-9.902680687416E-1));
#3302=VECTOR('',#3301,8.987465395416E-1);
#3303=CARTESIAN_POINT('',(-8.39E0,1.5E0,-8.35E-1));
#3304=LINE('',#3303,#3302);
#3305=DIRECTION('',(1.E0,0.E0,0.E0));
#3306=VECTOR('',#3305,6.4E-1);
#3307=CARTESIAN_POINT('',(-8.515081342885E0,1.5E0,-1.725E0));
#3308=LINE('',#3307,#3306);
#3309=DIRECTION('',(1.391731009601E-1,0.E0,9.902680687416E-1));
#3310=VECTOR('',#3309,8.987465395416E-1);
#3311=CARTESIAN_POINT('',(-7.875081342885E0,1.5E0,-1.725E0));
#3312=LINE('',#3311,#3310);
#3313=DIRECTION('',(1.391731009601E-1,0.E0,9.902680687416E-1));
#3314=VECTOR('',#3313,8.987465395416E-1);
#3315=CARTESIAN_POINT('',(-9.39E0,1.5E0,8.35E-1));
#3316=LINE('',#3315,#3314);
#3317=DIRECTION('',(-1.E0,0.E0,0.E0));
#3318=VECTOR('',#3317,6.4E-1);
#3319=CARTESIAN_POINT('',(-9.264918657115E0,1.5E0,1.725E0));
#3320=LINE('',#3319,#3318);
#3321=DIRECTION('',(-1.391731009601E-1,0.E0,-9.902680687416E-1));
#3322=VECTOR('',#3321,8.987465395416E-1);
#3323=CARTESIAN_POINT('',(-9.904918657115E0,1.5E0,1.725E0));
#3324=LINE('',#3323,#3322);
#3325=DIRECTION('',(1.E0,0.E0,0.E0));
#3326=VECTOR('',#3325,6.4E-1);
#3327=CARTESIAN_POINT('',(-1.003E1,1.5E0,8.35E-1));
#3328=LINE('',#3327,#3326);
#3329=DIRECTION('',(-1.391731009601E-1,0.E0,9.902680687416E-1));
#3330=VECTOR('',#3329,8.987465395416E-1);
#3331=CARTESIAN_POINT('',(-7.75E0,1.5E0,8.35E-1));
#3332=LINE('',#3331,#3330);
#3333=DIRECTION('',(-1.E0,0.E0,0.E0));
#3334=VECTOR('',#3333,6.4E-1);
#3335=CARTESIAN_POINT('',(-7.875081342885E0,1.5E0,1.725E0));
#3336=LINE('',#3335,#3334);
#3337=DIRECTION('',(1.391731009601E-1,0.E0,-9.902680687416E-1));
#3338=VECTOR('',#3337,8.987465395416E-1);
#3339=CARTESIAN_POINT('',(-8.515081342885E0,1.5E0,1.725E0));
#3340=LINE('',#3339,#3338);
#3341=DIRECTION('',(1.E0,0.E0,0.E0));
#3342=VECTOR('',#3341,6.4E-1);
#3343=CARTESIAN_POINT('',(-8.39E0,1.5E0,8.35E-1));
#3344=LINE('',#3343,#3342);
#3345=DIRECTION('',(0.E0,1.E0,0.E0));
#3346=VECTOR('',#3345,5.E-1);
#3347=CARTESIAN_POINT('',(-7.75E0,1.E0,-8.35E-1));
#3348=LINE('',#3347,#3346);
#3349=DIRECTION('',(0.E0,1.E0,0.E0));
#3350=VECTOR('',#3349,5.E-1);
#3351=CARTESIAN_POINT('',(-8.39E0,1.E0,-8.35E-1));
#3352=LINE('',#3351,#3350);
#3353=DIRECTION('',(0.E0,1.E0,0.E0));
#3354=VECTOR('',#3353,5.E-1);
#3355=CARTESIAN_POINT('',(-8.515081342885E0,1.E0,-1.725E0));
#3356=LINE('',#3355,#3354);
#3357=DIRECTION('',(0.E0,1.E0,0.E0));
#3358=VECTOR('',#3357,5.E-1);
#3359=CARTESIAN_POINT('',(-7.875081342885E0,1.E0,-1.725E0));
#3360=LINE('',#3359,#3358);
#3361=DIRECTION('',(0.E0,1.E0,0.E0));
#3362=VECTOR('',#3361,5.E-1);
#3363=CARTESIAN_POINT('',(-9.39E0,1.E0,8.35E-1));
#3364=LINE('',#3363,#3362);
#3365=DIRECTION('',(0.E0,1.E0,0.E0));
#3366=VECTOR('',#3365,5.E-1);
#3367=CARTESIAN_POINT('',(-9.264918657115E0,1.E0,1.725E0));
#3368=LINE('',#3367,#3366);
#3369=DIRECTION('',(0.E0,1.E0,0.E0));
#3370=VECTOR('',#3369,5.E-1);
#3371=CARTESIAN_POINT('',(-9.904918657115E0,1.E0,1.725E0));
#3372=LINE('',#3371,#3370);
#3373=DIRECTION('',(0.E0,1.E0,0.E0));
#3374=VECTOR('',#3373,5.E-1);
#3375=CARTESIAN_POINT('',(-1.003E1,1.E0,8.35E-1));
#3376=LINE('',#3375,#3374);
#3377=DIRECTION('',(0.E0,1.E0,0.E0));
#3378=VECTOR('',#3377,5.E-1);
#3379=CARTESIAN_POINT('',(-7.75E0,1.E0,8.35E-1));
#3380=LINE('',#3379,#3378);
#3381=DIRECTION('',(0.E0,1.E0,0.E0));
#3382=VECTOR('',#3381,5.E-1);
#3383=CARTESIAN_POINT('',(-7.875081342885E0,1.E0,1.725E0));
#3384=LINE('',#3383,#3382);
#3385=DIRECTION('',(0.E0,1.E0,0.E0));
#3386=VECTOR('',#3385,5.E-1);
#3387=CARTESIAN_POINT('',(-8.515081342885E0,1.E0,1.725E0));
#3388=LINE('',#3387,#3386);
#3389=DIRECTION('',(0.E0,1.E0,0.E0));
#3390=VECTOR('',#3389,5.E-1);
#3391=CARTESIAN_POINT('',(-8.39E0,1.E0,8.35E-1));
#3392=LINE('',#3391,#3390);
#3393=DIRECTION('',(0.E0,1.E0,0.E0));
#3394=VECTOR('',#3393,5.E-1);
#3395=CARTESIAN_POINT('',(-1.193E1,1.E0,-8.35E-1));
#3396=LINE('',#3395,#3394);
#3397=DIRECTION('',(0.E0,1.E0,0.E0));
#3398=VECTOR('',#3397,5.E-1);
#3399=CARTESIAN_POINT('',(-1.257E1,1.E0,-8.35E-1));
#3400=LINE('',#3399,#3398);
#3401=DIRECTION('',(0.E0,1.E0,0.E0));
#3402=VECTOR('',#3401,5.E-1);
#3403=CARTESIAN_POINT('',(-1.244491865711E1,1.E0,-1.725E0));
#3404=LINE('',#3403,#3402);
#3405=DIRECTION('',(0.E0,1.E0,0.E0));
#3406=VECTOR('',#3405,5.E-1);
#3407=CARTESIAN_POINT('',(-1.180491865711E1,1.E0,-1.725E0));
#3408=LINE('',#3407,#3406);
#3409=DIRECTION('',(-1.E0,0.E0,0.E0));
#3410=VECTOR('',#3409,6.4E-1);
#3411=CARTESIAN_POINT('',(-1.193E1,1.5E0,-8.35E-1));
#3412=LINE('',#3411,#3410);
#3413=DIRECTION('',(1.391731009601E-1,0.E0,-9.902680687416E-1));
#3414=VECTOR('',#3413,8.987465395416E-1);
#3415=CARTESIAN_POINT('',(-1.257E1,1.5E0,-8.35E-1));
#3416=LINE('',#3415,#3414);
#3417=DIRECTION('',(1.E0,0.E0,0.E0));
#3418=VECTOR('',#3417,6.4E-1);
#3419=CARTESIAN_POINT('',(-1.244491865711E1,1.5E0,-1.725E0));
#3420=LINE('',#3419,#3418);
#3421=DIRECTION('',(-1.391731009601E-1,0.E0,9.902680687416E-1));
#3422=VECTOR('',#3421,8.987465395416E-1);
#3423=CARTESIAN_POINT('',(-1.180491865711E1,1.5E0,-1.725E0));
#3424=LINE('',#3423,#3422);
#3425=DIRECTION('',(-1.E0,0.E0,0.E0));
#3426=VECTOR('',#3425,6.4E-1);
#3427=CARTESIAN_POINT('',(-1.029E1,1.5E0,-8.35E-1));
#3428=LINE('',#3427,#3426);
#3429=DIRECTION('',(-1.391731009601E-1,0.E0,-9.902680687416E-1));
#3430=VECTOR('',#3429,8.987465395416E-1);
#3431=CARTESIAN_POINT('',(-1.093E1,1.5E0,-8.35E-1));
#3432=LINE('',#3431,#3430);
#3433=DIRECTION('',(1.E0,0.E0,0.E0));
#3434=VECTOR('',#3433,6.4E-1);
#3435=CARTESIAN_POINT('',(-1.105508134289E1,1.5E0,-1.725E0));
#3436=LINE('',#3435,#3434);
#3437=DIRECTION('',(1.391731009601E-1,0.E0,9.902680687416E-1));
#3438=VECTOR('',#3437,8.987465395416E-1);
#3439=CARTESIAN_POINT('',(-1.041508134289E1,1.5E0,-1.725E0));
#3440=LINE('',#3439,#3438);
#3441=DIRECTION('',(1.391731009601E-1,0.E0,9.902680687416E-1));
#3442=VECTOR('',#3441,8.987465395416E-1);
#3443=CARTESIAN_POINT('',(-1.193E1,1.5E0,8.35E-1));
#3444=LINE('',#3443,#3442);
#3445=DIRECTION('',(-1.E0,0.E0,0.E0));
#3446=VECTOR('',#3445,6.4E-1);
#3447=CARTESIAN_POINT('',(-1.180491865711E1,1.5E0,1.725E0));
#3448=LINE('',#3447,#3446);
#3449=DIRECTION('',(-1.391731009601E-1,0.E0,-9.902680687416E-1));
#3450=VECTOR('',#3449,8.987465395416E-1);
#3451=CARTESIAN_POINT('',(-1.244491865711E1,1.5E0,1.725E0));
#3452=LINE('',#3451,#3450);
#3453=DIRECTION('',(1.E0,0.E0,0.E0));
#3454=VECTOR('',#3453,6.4E-1);
#3455=CARTESIAN_POINT('',(-1.257E1,1.5E0,8.35E-1));
#3456=LINE('',#3455,#3454);
#3457=DIRECTION('',(-1.391731009601E-1,0.E0,9.902680687416E-1));
#3458=VECTOR('',#3457,8.987465395416E-1);
#3459=CARTESIAN_POINT('',(-1.029E1,1.5E0,8.35E-1));
#3460=LINE('',#3459,#3458);
#3461=DIRECTION('',(-1.E0,0.E0,0.E0));
#3462=VECTOR('',#3461,6.4E-1);
#3463=CARTESIAN_POINT('',(-1.041508134289E1,1.5E0,1.725E0));
#3464=LINE('',#3463,#3462);
#3465=DIRECTION('',(1.391731009601E-1,0.E0,-9.902680687416E-1));
#3466=VECTOR('',#3465,8.987465395416E-1);
#3467=CARTESIAN_POINT('',(-1.105508134289E1,1.5E0,1.725E0));
#3468=LINE('',#3467,#3466);
#3469=DIRECTION('',(1.E0,0.E0,0.E0));
#3470=VECTOR('',#3469,6.4E-1);
#3471=CARTESIAN_POINT('',(-1.093E1,1.5E0,8.35E-1));
#3472=LINE('',#3471,#3470);
#3473=DIRECTION('',(0.E0,1.E0,0.E0));
#3474=VECTOR('',#3473,5.E-1);
#3475=CARTESIAN_POINT('',(-1.029E1,1.E0,-8.35E-1));
#3476=LINE('',#3475,#3474);
#3477=DIRECTION('',(0.E0,1.E0,0.E0));
#3478=VECTOR('',#3477,5.E-1);
#3479=CARTESIAN_POINT('',(-1.093E1,1.E0,-8.35E-1));
#3480=LINE('',#3479,#3478);
#3481=DIRECTION('',(0.E0,1.E0,0.E0));
#3482=VECTOR('',#3481,5.E-1);
#3483=CARTESIAN_POINT('',(-1.105508134289E1,1.E0,-1.725E0));
#3484=LINE('',#3483,#3482);
#3485=DIRECTION('',(0.E0,1.E0,0.E0));
#3486=VECTOR('',#3485,5.E-1);
#3487=CARTESIAN_POINT('',(-1.041508134289E1,1.E0,-1.725E0));
#3488=LINE('',#3487,#3486);
#3489=DIRECTION('',(0.E0,1.E0,0.E0));
#3490=VECTOR('',#3489,5.E-1);
#3491=CARTESIAN_POINT('',(-1.193E1,1.E0,8.35E-1));
#3492=LINE('',#3491,#3490);
#3493=DIRECTION('',(0.E0,1.E0,0.E0));
#3494=VECTOR('',#3493,5.E-1);
#3495=CARTESIAN_POINT('',(-1.180491865711E1,1.E0,1.725E0));
#3496=LINE('',#3495,#3494);
#3497=DIRECTION('',(0.E0,1.E0,0.E0));
#3498=VECTOR('',#3497,5.E-1);
#3499=CARTESIAN_POINT('',(-1.244491865711E1,1.E0,1.725E0));
#3500=LINE('',#3499,#3498);
#3501=DIRECTION('',(0.E0,1.E0,0.E0));
#3502=VECTOR('',#3501,5.E-1);
#3503=CARTESIAN_POINT('',(-1.257E1,1.E0,8.35E-1));
#3504=LINE('',#3503,#3502);
#3505=DIRECTION('',(0.E0,1.E0,0.E0));
#3506=VECTOR('',#3505,5.E-1);
#3507=CARTESIAN_POINT('',(-1.029E1,1.E0,8.35E-1));
#3508=LINE('',#3507,#3506);
#3509=DIRECTION('',(0.E0,1.E0,0.E0));
#3510=VECTOR('',#3509,5.E-1);
#3511=CARTESIAN_POINT('',(-1.041508134289E1,1.E0,1.725E0));
#3512=LINE('',#3511,#3510);
#3513=DIRECTION('',(0.E0,1.E0,0.E0));
#3514=VECTOR('',#3513,5.E-1);
#3515=CARTESIAN_POINT('',(-1.105508134289E1,1.E0,1.725E0));
#3516=LINE('',#3515,#3514);
#3517=DIRECTION('',(0.E0,1.E0,0.E0));
#3518=VECTOR('',#3517,5.E-1);
#3519=CARTESIAN_POINT('',(-1.093E1,1.E0,8.35E-1));
#3520=LINE('',#3519,#3518);
#3521=DIRECTION('',(0.E0,-1.E0,0.E0));
#3522=VECTOR('',#3521,6.5E-1);
#3523=CARTESIAN_POINT('',(1.1105E1,6.115E0,-5.645E0));
#3524=LINE('',#3523,#3522);
#3525=DIRECTION('',(0.E0,0.E0,1.E0));
#3526=VECTOR('',#3525,5.94E0);
#3527=CARTESIAN_POINT('',(1.1105E1,6.115E0,-5.645E0));
#3528=LINE('',#3527,#3526);
#3529=CARTESIAN_POINT('',(1.1105E1,4.815E0,2.95E-1));
#3530=DIRECTION('',(1.E0,0.E0,0.E0));
#3531=DIRECTION('',(0.E0,1.E0,0.E0));
#3532=AXIS2_PLACEMENT_3D('',#3529,#3530,#3531);
#3534=DIRECTION('',(0.E0,-1.E0,0.E0));
#3535=VECTOR('',#3534,3.815E0);
#3536=CARTESIAN_POINT('',(1.1105E1,4.815E0,1.595E0));
#3537=LINE('',#3536,#3535);
#3538=DIRECTION('',(0.E0,1.E0,0.E0));
#3539=VECTOR('',#3538,3.815E0);
#3540=CARTESIAN_POINT('',(1.1105E1,1.E0,9.45E-1));
#3541=LINE('',#3540,#3539);
#3542=CARTESIAN_POINT('',(1.1105E1,4.815E0,2.95E-1));
#3543=DIRECTION('',(-1.E0,0.E0,0.E0));
#3544=DIRECTION('',(0.E0,0.E0,1.E0));
#3545=AXIS2_PLACEMENT_3D('',#3542,#3543,#3544);
#3547=DIRECTION('',(0.E0,0.E0,-1.E0));
#3548=VECTOR('',#3547,5.94E0);
#3549=CARTESIAN_POINT('',(1.1105E1,5.465E0,2.95E-1));
#3550=LINE('',#3549,#3548);
#3551=DIRECTION('',(0.E0,-1.E0,0.E0));
#3552=VECTOR('',#3551,6.5E-1);
#3553=CARTESIAN_POINT('',(1.1105E1,3.575E0,-5.645E0));
#3554=LINE('',#3553,#3552);
#3555=DIRECTION('',(0.E0,0.E0,1.E0));
#3556=VECTOR('',#3555,3.4E0);
#3557=CARTESIAN_POINT('',(1.1105E1,3.575E0,-5.645E0));
#3558=LINE('',#3557,#3556);
#3559=CARTESIAN_POINT('',(1.1105E1,2.275E0,-2.245E0));
#3560=DIRECTION('',(1.E0,0.E0,0.E0));
#3561=DIRECTION('',(0.E0,1.E0,0.E0));
#3562=AXIS2_PLACEMENT_3D('',#3559,#3560,#3561);
#3564=DIRECTION('',(0.E0,-1.E0,0.E0));
#3565=VECTOR('',#3564,1.275E0);
#3566=CARTESIAN_POINT('',(1.1105E1,2.275E0,-9.45E-1));
#3567=LINE('',#3566,#3565);
#3568=DIRECTION('',(0.E0,1.E0,0.E0));
#3569=VECTOR('',#3568,1.275E0);
#3570=CARTESIAN_POINT('',(1.1105E1,1.E0,-1.595E0));
#3571=LINE('',#3570,#3569);
#3572=CARTESIAN_POINT('',(1.1105E1,2.275E0,-2.245E0));
#3573=DIRECTION('',(-1.E0,0.E0,0.E0));
#3574=DIRECTION('',(0.E0,0.E0,1.E0));
#3575=AXIS2_PLACEMENT_3D('',#3572,#3573,#3574);
#3577=DIRECTION('',(0.E0,0.E0,-1.E0));
#3578=VECTOR('',#3577,3.4E0);
#3579=CARTESIAN_POINT('',(1.1105E1,2.925E0,-2.245E0));
#3580=LINE('',#3579,#3578);
#3581=DIRECTION('',(0.E0,0.E0,1.E0));
#3582=VECTOR('',#3581,6.5E-1);
#3583=CARTESIAN_POINT('',(1.1105E1,-7.42E0,-1.595E0));
#3584=LINE('',#3583,#3582);
#3585=DIRECTION('',(0.E0,1.E0,0.E0));
#3586=VECTOR('',#3585,6.42E0);
#3587=CARTESIAN_POINT('',(1.1105E1,-7.42E0,-1.595E0));
#3588=LINE('',#3587,#3586);
#3589=DIRECTION('',(0.E0,-1.E0,0.E0));
#3590=VECTOR('',#3589,6.42E0);
#3591=CARTESIAN_POINT('',(1.1105E1,-1.E0,-9.45E-1));
#3592=LINE('',#3591,#3590);
#3593=DIRECTION('',(0.E0,0.E0,1.E0));
#3594=VECTOR('',#3593,6.5E-1);
#3595=CARTESIAN_POINT('',(1.1105E1,-7.42E0,9.45E-1));
#3596=LINE('',#3595,#3594);
#3597=DIRECTION('',(0.E0,1.E0,0.E0));
#3598=VECTOR('',#3597,6.42E0);
#3599=CARTESIAN_POINT('',(1.1105E1,-7.42E0,9.45E-1));
#3600=LINE('',#3599,#3598);
#3601=DIRECTION('',(0.E0,-1.E0,0.E0));
#3602=VECTOR('',#3601,6.42E0);
#3603=CARTESIAN_POINT('',(1.1105E1,-1.E0,1.595E0));
#3604=LINE('',#3603,#3602);
#3605=DIRECTION('',(-4.472135955E-1,-4.472135955E-1,7.745966692415E-1));
#3606=VECTOR('',#3605,4.260281680828E-1);
#3607=CARTESIAN_POINT('',(1.129552558883E1,5.655525588833E0,-5.975E0));
#3608=LINE('',#3607,#3606);
#3609=DIRECTION('',(4.472135955E-1,-4.472135955E-1,7.745966692415E-1));
#3610=VECTOR('',#3609,4.260281680828E-1);
#3611=CARTESIAN_POINT('',(1.156447441117E1,5.655525588833E0,-5.975E0));
#3612=LINE('',#3611,#3610);
#3613=DIRECTION('',(-1.E0,0.E0,0.E0));
#3614=VECTOR('',#3613,6.5E-1);
#3615=CARTESIAN_POINT('',(1.1755E1,5.465E0,-5.645E0));
#3616=LINE('',#3615,#3614);
#3617=DIRECTION('',(1.E0,0.E0,0.E0));
#3618=VECTOR('',#3617,6.5E-1);
#3619=CARTESIAN_POINT('',(1.1105E1,5.465E0,2.95E-1));
#3620=LINE('',#3619,#3618);
#3621=DIRECTION('',(1.E0,0.E0,0.E0));
#3622=VECTOR('',#3621,6.5E-1);
#3623=CARTESIAN_POINT('',(1.1105E1,4.815E0,9.45E-1));
#3624=LINE('',#3623,#3622);
#3625=DIRECTION('',(0.E0,1.E0,0.E0));
#3626=VECTOR('',#3625,6.5E-1);
#3627=CARTESIAN_POINT('',(1.1755E1,5.465E0,-5.645E0));
#3628=LINE('',#3627,#3626);
#3629=DIRECTION('',(0.E0,0.E0,-1.E0));
#3630=VECTOR('',#3629,5.94E0);
#3631=CARTESIAN_POINT('',(1.1755E1,5.465E0,2.95E-1));
#3632=LINE('',#3631,#3630);
#3633=CARTESIAN_POINT('',(1.1755E1,4.815E0,2.95E-1));
#3634=DIRECTION('',(-1.E0,0.E0,0.E0));
#3635=DIRECTION('',(0.E0,0.E0,1.E0));
#3636=AXIS2_PLACEMENT_3D('',#3633,#3634,#3635);
#3638=DIRECTION('',(0.E0,1.E0,0.E0));
#3639=VECTOR('',#3638,3.815E0);
#3640=CARTESIAN_POINT('',(1.1755E1,1.E0,9.45E-1));
#3641=LINE('',#3640,#3639);
#3642=DIRECTION('',(0.E0,-1.E0,0.E0));
#3643=VECTOR('',#3642,3.815E0);
#3644=CARTESIAN_POINT('',(1.1755E1,4.815E0,1.595E0));
#3645=LINE('',#3644,#3643);
#3646=CARTESIAN_POINT('',(1.1755E1,4.815E0,2.95E-1));
#3647=DIRECTION('',(1.E0,0.E0,0.E0));
#3648=DIRECTION('',(0.E0,1.E0,0.E0));
#3649=AXIS2_PLACEMENT_3D('',#3646,#3647,#3648);
#3651=DIRECTION('',(0.E0,0.E0,1.E0));
#3652=VECTOR('',#3651,5.94E0);
#3653=CARTESIAN_POINT('',(1.1755E1,6.115E0,-5.645E0));
#3654=LINE('',#3653,#3652);
#3655=DIRECTION('',(0.E0,1.E0,0.E0));
#3656=VECTOR('',#3655,6.5E-1);
#3657=CARTESIAN_POINT('',(1.1755E1,2.925E0,-5.645E0));
#3658=LINE('',#3657,#3656);
#3659=DIRECTION('',(0.E0,0.E0,-1.E0));
#3660=VECTOR('',#3659,3.4E0);
#3661=CARTESIAN_POINT('',(1.1755E1,2.925E0,-2.245E0));
#3662=LINE('',#3661,#3660);
#3663=CARTESIAN_POINT('',(1.1755E1,2.275E0,-2.245E0));
#3664=DIRECTION('',(-1.E0,0.E0,0.E0));
#3665=DIRECTION('',(0.E0,0.E0,1.E0));
#3666=AXIS2_PLACEMENT_3D('',#3663,#3664,#3665);
#3668=DIRECTION('',(0.E0,1.E0,0.E0));
#3669=VECTOR('',#3668,1.275E0);
#3670=CARTESIAN_POINT('',(1.1755E1,1.E0,-1.595E0));
#3671=LINE('',#3670,#3669);
#3672=DIRECTION('',(0.E0,-1.E0,0.E0));
#3673=VECTOR('',#3672,1.275E0);
#3674=CARTESIAN_POINT('',(1.1755E1,2.275E0,-9.45E-1));
#3675=LINE('',#3674,#3673);
#3676=CARTESIAN_POINT('',(1.1755E1,2.275E0,-2.245E0));
#3677=DIRECTION('',(1.E0,0.E0,0.E0));
#3678=DIRECTION('',(0.E0,1.E0,0.E0));
#3679=AXIS2_PLACEMENT_3D('',#3676,#3677,#3678);
#3681=DIRECTION('',(0.E0,0.E0,1.E0));
#3682=VECTOR('',#3681,3.4E0);
#3683=CARTESIAN_POINT('',(1.1755E1,3.575E0,-5.645E0));
#3684=LINE('',#3683,#3682);
#3685=DIRECTION('',(0.E0,0.E0,-1.E0));
#3686=VECTOR('',#3685,6.5E-1);
#3687=CARTESIAN_POINT('',(1.1755E1,-7.42E0,-9.45E-1));
#3688=LINE('',#3687,#3686);
#3689=DIRECTION('',(0.E0,-1.E0,0.E0));
#3690=VECTOR('',#3689,6.42E0);
#3691=CARTESIAN_POINT('',(1.1755E1,-1.E0,-9.45E-1));
#3692=LINE('',#3691,#3690);
#3693=DIRECTION('',(0.E0,1.E0,0.E0));
#3694=VECTOR('',#3693,6.42E0);
#3695=CARTESIAN_POINT('',(1.1755E1,-7.42E0,-1.595E0));
#3696=LINE('',#3695,#3694);
#3697=DIRECTION('',(0.E0,0.E0,-1.E0));
#3698=VECTOR('',#3697,6.5E-1);
#3699=CARTESIAN_POINT('',(1.1755E1,-7.42E0,1.595E0));
#3700=LINE('',#3699,#3698);
#3701=DIRECTION('',(0.E0,-1.E0,0.E0));
#3702=VECTOR('',#3701,6.42E0);
#3703=CARTESIAN_POINT('',(1.1755E1,-1.E0,1.595E0));
#3704=LINE('',#3703,#3702);
#3705=DIRECTION('',(0.E0,1.E0,0.E0));
#3706=VECTOR('',#3705,6.42E0);
#3707=CARTESIAN_POINT('',(1.1755E1,-7.42E0,9.45E-1));
#3708=LINE('',#3707,#3706);
#3709=DIRECTION('',(4.472135955E-1,4.472135955E-1,7.745966692415E-1));
#3710=VECTOR('',#3709,4.260281680828E-1);
#3711=CARTESIAN_POINT('',(1.156447441117E1,5.924474411167E0,-5.975E0));
#3712=LINE('',#3711,#3710);
#3713=DIRECTION('',(0.E0,1.E0,0.E0));
#3714=VECTOR('',#3713,2.689488223348E-1);
#3715=CARTESIAN_POINT('',(1.156447441117E1,5.655525588833E0,-5.975E0));
#3716=LINE('',#3715,#3714);
#3717=DIRECTION('',(-1.E0,0.E0,0.E0));
#3718=VECTOR('',#3717,2.689488223348E-1);
#3719=CARTESIAN_POINT('',(1.156447441117E1,5.924474411167E0,-5.975E0));
#3720=LINE('',#3719,#3718);
#3721=DIRECTION('',(0.E0,-1.E0,0.E0));
#3722=VECTOR('',#3721,2.689488223348E-1);
#3723=CARTESIAN_POINT('',(1.129552558883E1,5.924474411167E0,-5.975E0));
#3724=LINE('',#3723,#3722);
#3725=DIRECTION('',(-1.E0,0.E0,0.E0));
#3726=VECTOR('',#3725,2.689488223348E-1);
#3727=CARTESIAN_POINT('',(1.156447441117E1,5.655525588833E0,-5.975E0));
#3728=LINE('',#3727,#3726);
#3729=DIRECTION('',(-4.472135955E-1,4.472135955E-1,7.745966692415E-1));
#3730=VECTOR('',#3729,4.260281680828E-1);
#3731=CARTESIAN_POINT('',(1.129552558883E1,5.924474411167E0,-5.975E0));
#3732=LINE('',#3731,#3730);
#3733=DIRECTION('',(-1.E0,0.E0,0.E0));
#3734=VECTOR('',#3733,6.5E-1);
#3735=CARTESIAN_POINT('',(1.1755E1,6.115E0,-5.645E0));
#3736=LINE('',#3735,#3734);
#3737=DIRECTION('',(1.E0,0.E0,0.E0));
#3738=VECTOR('',#3737,6.5E-1);
#3739=CARTESIAN_POINT('',(1.1105E1,6.115E0,2.95E-1));
#3740=LINE('',#3739,#3738);
#3741=DIRECTION('',(1.E0,0.E0,0.E0));
#3742=VECTOR('',#3741,6.5E-1);
#3743=CARTESIAN_POINT('',(1.1105E1,4.815E0,1.595E0));
#3744=LINE('',#3743,#3742);
#3745=DIRECTION('',(0.E0,1.E0,0.E0));
#3746=VECTOR('',#3745,2.689488223348E-1);
#3747=CARTESIAN_POINT('',(1.156447441117E1,3.115525588833E0,-5.975E0));
#3748=LINE('',#3747,#3746);
#3749=DIRECTION('',(-1.E0,0.E0,0.E0));
#3750=VECTOR('',#3749,2.689488223348E-1);
#3751=CARTESIAN_POINT('',(1.156447441117E1,3.384474411167E0,-5.975E0));
#3752=LINE('',#3751,#3750);
#3753=DIRECTION('',(0.E0,-1.E0,0.E0));
#3754=VECTOR('',#3753,2.689488223348E-1);
#3755=CARTESIAN_POINT('',(1.129552558883E1,3.384474411167E0,-5.975E0));
#3756=LINE('',#3755,#3754);
#3757=DIRECTION('',(-1.E0,0.E0,0.E0));
#3758=VECTOR('',#3757,2.689488223348E-1);
#3759=CARTESIAN_POINT('',(1.156447441117E1,3.115525588833E0,-5.975E0));
#3760=LINE('',#3759,#3758);
#3761=DIRECTION('',(-4.472135955E-1,4.472135955E-1,7.745966692415E-1));
#3762=VECTOR('',#3761,4.260281680828E-1);
#3763=CARTESIAN_POINT('',(1.129552558883E1,3.384474411167E0,-5.975E0));
#3764=LINE('',#3763,#3762);
#3765=DIRECTION('',(-4.472135955E-1,-4.472135955E-1,-7.745966692415E-1));
#3766=VECTOR('',#3765,4.260281680828E-1);
#3767=CARTESIAN_POINT('',(1.1755E1,3.575E0,-5.645E0));
#3768=LINE('',#3767,#3766);
#3769=DIRECTION('',(-1.E0,0.E0,0.E0));
#3770=VECTOR('',#3769,6.5E-1);
#3771=CARTESIAN_POINT('',(1.1755E1,3.575E0,-5.645E0));
#3772=LINE('',#3771,#3770);
#3773=DIRECTION('',(1.E0,0.E0,0.E0));
#3774=VECTOR('',#3773,6.5E-1);
#3775=CARTESIAN_POINT('',(1.1105E1,3.575E0,-2.245E0));
#3776=LINE('',#3775,#3774);
#3777=DIRECTION('',(1.E0,0.E0,0.E0));
#3778=VECTOR('',#3777,6.5E-1);
#3779=CARTESIAN_POINT('',(1.1105E1,2.275E0,-9.45E-1));
#3780=LINE('',#3779,#3778);
#3781=DIRECTION('',(-4.472135955E-1,-4.472135955E-1,7.745966692415E-1));
#3782=VECTOR('',#3781,4.260281680828E-1);
#3783=CARTESIAN_POINT('',(1.129552558883E1,3.115525588833E0,-5.975E0));
#3784=LINE('',#3783,#3782);
#3785=DIRECTION('',(4.472135955E-1,-4.472135955E-1,7.745966692415E-1));
#3786=VECTOR('',#3785,4.260281680828E-1);
#3787=CARTESIAN_POINT('',(1.156447441117E1,3.115525588833E0,-5.975E0));
#3788=LINE('',#3787,#3786);
#3789=DIRECTION('',(-1.E0,0.E0,0.E0));
#3790=VECTOR('',#3789,6.5E-1);
#3791=CARTESIAN_POINT('',(1.1755E1,2.925E0,-5.645E0));
#3792=LINE('',#3791,#3790);
#3793=DIRECTION('',(1.E0,0.E0,0.E0));
#3794=VECTOR('',#3793,6.5E-1);
#3795=CARTESIAN_POINT('',(1.1105E1,2.925E0,-2.245E0));
#3796=LINE('',#3795,#3794);
#3797=DIRECTION('',(1.E0,0.E0,0.E0));
#3798=VECTOR('',#3797,6.5E-1);
#3799=CARTESIAN_POINT('',(1.1105E1,2.275E0,-1.595E0));
#3800=LINE('',#3799,#3798);
#3801=DIRECTION('',(0.E0,0.E0,-1.E0));
#3802=VECTOR('',#3801,2.689488223348E-1);
#3803=CARTESIAN_POINT('',(1.156447441117E1,-7.75E0,-1.135525588833E0));
#3804=LINE('',#3803,#3802);
#3805=DIRECTION('',(-1.E0,0.E0,0.E0));
#3806=VECTOR('',#3805,2.689488223348E-1);
#3807=CARTESIAN_POINT('',(1.156447441117E1,-7.75E0,-1.404474411167E0));
#3808=LINE('',#3807,#3806);
#3809=DIRECTION('',(0.E0,0.E0,1.E0));
#3810=VECTOR('',#3809,2.689488223348E-1);
#3811=CARTESIAN_POINT('',(1.129552558883E1,-7.75E0,-1.404474411167E0));
#3812=LINE('',#3811,#3810);
#3813=DIRECTION('',(-1.E0,0.E0,0.E0));
#3814=VECTOR('',#3813,2.689488223348E-1);
#3815=CARTESIAN_POINT('',(1.156447441117E1,-7.75E0,-1.135525588833E0));
#3816=LINE('',#3815,#3814);
#3817=DIRECTION('',(-4.472135955E-1,7.745966692415E-1,-4.472135955E-1));
#3818=VECTOR('',#3817,4.260281680828E-1);
#3819=CARTESIAN_POINT('',(1.129552558883E1,-7.75E0,-1.404474411167E0));
#3820=LINE('',#3819,#3818);
#3821=DIRECTION('',(-4.472135955E-1,-7.745966692415E-1,4.472135955E-1));
#3822=VECTOR('',#3821,4.260281680828E-1);
#3823=CARTESIAN_POINT('',(1.1755E1,-7.42E0,-1.595E0));
#3824=LINE('',#3823,#3822);
#3825=DIRECTION('',(-1.E0,0.E0,0.E0));
#3826=VECTOR('',#3825,6.5E-1);
#3827=CARTESIAN_POINT('',(1.1755E1,-7.42E0,-1.595E0));
#3828=LINE('',#3827,#3826);
#3829=DIRECTION('',(4.472135955E-1,-7.745966692415E-1,-4.472135955E-1));
#3830=VECTOR('',#3829,4.260281680828E-1);
#3831=CARTESIAN_POINT('',(1.1105E1,-7.42E0,-9.45E-1));
#3832=LINE('',#3831,#3830);
#3833=DIRECTION('',(4.472135955E-1,7.745966692415E-1,4.472135955E-1));
#3834=VECTOR('',#3833,4.260281680828E-1);
#3835=CARTESIAN_POINT('',(1.156447441117E1,-7.75E0,-1.135525588833E0));
#3836=LINE('',#3835,#3834);
#3837=DIRECTION('',(-1.E0,0.E0,0.E0));
#3838=VECTOR('',#3837,6.5E-1);
#3839=CARTESIAN_POINT('',(1.1755E1,-7.42E0,-9.45E-1));
#3840=LINE('',#3839,#3838);
#3841=DIRECTION('',(4.472135955E-1,7.745966692415E-1,-4.472135955E-1));
#3842=VECTOR('',#3841,4.260281680828E-1);
#3843=CARTESIAN_POINT('',(1.156447441117E1,-7.75E0,1.135525588833E0));
#3844=LINE('',#3843,#3842);
#3845=DIRECTION('',(-1.E0,0.E0,0.E0));
#3846=VECTOR('',#3845,2.689488223348E-1);
#3847=CARTESIAN_POINT('',(1.156447441117E1,-7.75E0,1.135525588833E0));
#3848=LINE('',#3847,#3846);
#3849=DIRECTION('',(0.E0,0.E0,1.E0));
#3850=VECTOR('',#3849,2.689488223348E-1);
#3851=CARTESIAN_POINT('',(1.129552558883E1,-7.75E0,1.135525588833E0));
#3852=LINE('',#3851,#3850);
#3853=DIRECTION('',(-1.E0,0.E0,0.E0));
#3854=VECTOR('',#3853,2.689488223348E-1);
#3855=CARTESIAN_POINT('',(1.156447441117E1,-7.75E0,1.404474411167E0));
#3856=LINE('',#3855,#3854);
#3857=DIRECTION('',(0.E0,0.E0,-1.E0));
#3858=VECTOR('',#3857,2.689488223348E-1);
#3859=CARTESIAN_POINT('',(1.156447441117E1,-7.75E0,1.404474411167E0));
#3860=LINE('',#3859,#3858);
#3861=DIRECTION('',(-4.472135955E-1,7.745966692415E-1,-4.472135955E-1));
#3862=VECTOR('',#3861,4.260281680828E-1);
#3863=CARTESIAN_POINT('',(1.129552558883E1,-7.75E0,1.135525588833E0));
#3864=LINE('',#3863,#3862);
#3865=DIRECTION('',(-1.E0,0.E0,0.E0));
#3866=VECTOR('',#3865,6.5E-1);
#3867=CARTESIAN_POINT('',(1.1755E1,-7.42E0,9.45E-1));
#3868=LINE('',#3867,#3866);
#3869=DIRECTION('',(-4.472135955E-1,7.745966692415E-1,4.472135955E-1));
#3870=VECTOR('',#3869,4.260281680828E-1);
#3871=CARTESIAN_POINT('',(1.129552558883E1,-7.75E0,1.404474411167E0));
#3872=LINE('',#3871,#3870);
#3873=DIRECTION('',(4.472135955E-1,7.745966692415E-1,4.472135955E-1));
#3874=VECTOR('',#3873,4.260281680828E-1);
#3875=CARTESIAN_POINT('',(1.156447441117E1,-7.75E0,1.404474411167E0));
#3876=LINE('',#3875,#3874);
#3877=DIRECTION('',(-1.E0,0.E0,0.E0));
#3878=VECTOR('',#3877,6.5E-1);
#3879=CARTESIAN_POINT('',(1.1755E1,-7.42E0,1.595E0));
#3880=LINE('',#3879,#3878);
#3881=DIRECTION('',(0.E0,-1.E0,0.E0));
#3882=VECTOR('',#3881,6.5E-1);
#3883=CARTESIAN_POINT('',(8.565E0,6.115E0,-5.645E0));
#3884=LINE('',#3883,#3882);
#3885=DIRECTION('',(0.E0,0.E0,1.E0));
#3886=VECTOR('',#3885,5.94E0);
#3887=CARTESIAN_POINT('',(8.565E0,6.115E0,-5.645E0));
#3888=LINE('',#3887,#3886);
#3889=CARTESIAN_POINT('',(8.565E0,4.815E0,2.95E-1));
#3890=DIRECTION('',(1.E0,0.E0,0.E0));
#3891=DIRECTION('',(0.E0,1.E0,0.E0));
#3892=AXIS2_PLACEMENT_3D('',#3889,#3890,#3891);
#3894=DIRECTION('',(0.E0,-1.E0,0.E0));
#3895=VECTOR('',#3894,3.815E0);
#3896=CARTESIAN_POINT('',(8.565E0,4.815E0,1.595E0));
#3897=LINE('',#3896,#3895);
#3898=DIRECTION('',(0.E0,1.E0,0.E0));
#3899=VECTOR('',#3898,3.815E0);
#3900=CARTESIAN_POINT('',(8.565E0,1.E0,9.45E-1));
#3901=LINE('',#3900,#3899);
#3902=CARTESIAN_POINT('',(8.565E0,4.815E0,2.95E-1));
#3903=DIRECTION('',(-1.E0,0.E0,0.E0));
#3904=DIRECTION('',(0.E0,0.E0,1.E0));
#3905=AXIS2_PLACEMENT_3D('',#3902,#3903,#3904);
#3907=DIRECTION('',(0.E0,0.E0,-1.E0));
#3908=VECTOR('',#3907,5.94E0);
#3909=CARTESIAN_POINT('',(8.565E0,5.465E0,2.95E-1));
#3910=LINE('',#3909,#3908);
#3911=DIRECTION('',(0.E0,-1.E0,0.E0));
#3912=VECTOR('',#3911,6.5E-1);
#3913=CARTESIAN_POINT('',(8.565E0,3.575E0,-5.645E0));
#3914=LINE('',#3913,#3912);
#3915=DIRECTION('',(0.E0,0.E0,1.E0));
#3916=VECTOR('',#3915,3.4E0);
#3917=CARTESIAN_POINT('',(8.565E0,3.575E0,-5.645E0));
#3918=LINE('',#3917,#3916);
#3919=CARTESIAN_POINT('',(8.565E0,2.275E0,-2.245E0));
#3920=DIRECTION('',(1.E0,0.E0,0.E0));
#3921=DIRECTION('',(0.E0,1.E0,0.E0));
#3922=AXIS2_PLACEMENT_3D('',#3919,#3920,#3921);
#3924=DIRECTION('',(0.E0,-1.E0,0.E0));
#3925=VECTOR('',#3924,1.275E0);
#3926=CARTESIAN_POINT('',(8.565E0,2.275E0,-9.45E-1));
#3927=LINE('',#3926,#3925);
#3928=DIRECTION('',(0.E0,1.E0,0.E0));
#3929=VECTOR('',#3928,1.275E0);
#3930=CARTESIAN_POINT('',(8.565E0,1.E0,-1.595E0));
#3931=LINE('',#3930,#3929);
#3932=CARTESIAN_POINT('',(8.565E0,2.275E0,-2.245E0));
#3933=DIRECTION('',(-1.E0,0.E0,0.E0));
#3934=DIRECTION('',(0.E0,0.E0,1.E0));
#3935=AXIS2_PLACEMENT_3D('',#3932,#3933,#3934);
#3937=DIRECTION('',(0.E0,0.E0,-1.E0));
#3938=VECTOR('',#3937,3.4E0);
#3939=CARTESIAN_POINT('',(8.565E0,2.925E0,-2.245E0));
#3940=LINE('',#3939,#3938);
#3941=DIRECTION('',(0.E0,0.E0,1.E0));
#3942=VECTOR('',#3941,6.5E-1);
#3943=CARTESIAN_POINT('',(8.565E0,-7.42E0,-1.595E0));
#3944=LINE('',#3943,#3942);
#3945=DIRECTION('',(0.E0,1.E0,0.E0));
#3946=VECTOR('',#3945,6.42E0);
#3947=CARTESIAN_POINT('',(8.565E0,-7.42E0,-1.595E0));
#3948=LINE('',#3947,#3946);
#3949=DIRECTION('',(0.E0,-1.E0,0.E0));
#3950=VECTOR('',#3949,6.42E0);
#3951=CARTESIAN_POINT('',(8.565E0,-1.E0,-9.45E-1));
#3952=LINE('',#3951,#3950);
#3953=DIRECTION('',(0.E0,0.E0,1.E0));
#3954=VECTOR('',#3953,6.5E-1);
#3955=CARTESIAN_POINT('',(8.565E0,-7.42E0,9.45E-1));
#3956=LINE('',#3955,#3954);
#3957=DIRECTION('',(0.E0,1.E0,0.E0));
#3958=VECTOR('',#3957,6.42E0);
#3959=CARTESIAN_POINT('',(8.565E0,-7.42E0,9.45E-1));
#3960=LINE('',#3959,#3958);
#3961=DIRECTION('',(0.E0,-1.E0,0.E0));
#3962=VECTOR('',#3961,6.42E0);
#3963=CARTESIAN_POINT('',(8.565E0,-1.E0,1.595E0));
#3964=LINE('',#3963,#3962);
#3965=DIRECTION('',(-4.472135955E-1,-4.472135955E-1,7.745966692415E-1));
#3966=VECTOR('',#3965,4.260281680828E-1);
#3967=CARTESIAN_POINT('',(8.755525588833E0,5.655525588833E0,-5.975E0));
#3968=LINE('',#3967,#3966);
#3969=DIRECTION('',(4.472135955E-1,-4.472135955E-1,7.745966692415E-1));
#3970=VECTOR('',#3969,4.260281680828E-1);
#3971=CARTESIAN_POINT('',(9.024474411167E0,5.655525588833E0,-5.975E0));
#3972=LINE('',#3971,#3970);
#3973=DIRECTION('',(-1.E0,0.E0,0.E0));
#3974=VECTOR('',#3973,6.5E-1);
#3975=CARTESIAN_POINT('',(9.215E0,5.465E0,-5.645E0));
#3976=LINE('',#3975,#3974);
#3977=DIRECTION('',(1.E0,0.E0,0.E0));
#3978=VECTOR('',#3977,6.5E-1);
#3979=CARTESIAN_POINT('',(8.565E0,5.465E0,2.95E-1));
#3980=LINE('',#3979,#3978);
#3981=DIRECTION('',(1.E0,0.E0,0.E0));
#3982=VECTOR('',#3981,6.5E-1);
#3983=CARTESIAN_POINT('',(8.565E0,4.815E0,9.45E-1));
#3984=LINE('',#3983,#3982);
#3985=DIRECTION('',(0.E0,1.E0,0.E0));
#3986=VECTOR('',#3985,6.5E-1);
#3987=CARTESIAN_POINT('',(9.215E0,5.465E0,-5.645E0));
#3988=LINE('',#3987,#3986);
#3989=DIRECTION('',(0.E0,0.E0,-1.E0));
#3990=VECTOR('',#3989,5.94E0);
#3991=CARTESIAN_POINT('',(9.215E0,5.465E0,2.95E-1));
#3992=LINE('',#3991,#3990);
#3993=CARTESIAN_POINT('',(9.215E0,4.815E0,2.95E-1));
#3994=DIRECTION('',(-1.E0,0.E0,0.E0));
#3995=DIRECTION('',(0.E0,0.E0,1.E0));
#3996=AXIS2_PLACEMENT_3D('',#3993,#3994,#3995);
#3998=DIRECTION('',(0.E0,1.E0,0.E0));
#3999=VECTOR('',#3998,3.815E0);
#4000=CARTESIAN_POINT('',(9.215E0,1.E0,9.45E-1));
#4001=LINE('',#4000,#3999);
#4002=DIRECTION('',(0.E0,-1.E0,0.E0));
#4003=VECTOR('',#4002,3.815E0);
#4004=CARTESIAN_POINT('',(9.215E0,4.815E0,1.595E0));
#4005=LINE('',#4004,#4003);
#4006=CARTESIAN_POINT('',(9.215E0,4.815E0,2.95E-1));
#4007=DIRECTION('',(1.E0,0.E0,0.E0));
#4008=DIRECTION('',(0.E0,1.E0,0.E0));
#4009=AXIS2_PLACEMENT_3D('',#4006,#4007,#4008);
#4011=DIRECTION('',(0.E0,0.E0,1.E0));
#4012=VECTOR('',#4011,5.94E0);
#4013=CARTESIAN_POINT('',(9.215E0,6.115E0,-5.645E0));
#4014=LINE('',#4013,#4012);
#4015=DIRECTION('',(0.E0,1.E0,0.E0));
#4016=VECTOR('',#4015,6.5E-1);
#4017=CARTESIAN_POINT('',(9.215E0,2.925E0,-5.645E0));
#4018=LINE('',#4017,#4016);
#4019=DIRECTION('',(0.E0,0.E0,-1.E0));
#4020=VECTOR('',#4019,3.4E0);
#4021=CARTESIAN_POINT('',(9.215E0,2.925E0,-2.245E0));
#4022=LINE('',#4021,#4020);
#4023=CARTESIAN_POINT('',(9.215E0,2.275E0,-2.245E0));
#4024=DIRECTION('',(-1.E0,0.E0,0.E0));
#4025=DIRECTION('',(0.E0,0.E0,1.E0));
#4026=AXIS2_PLACEMENT_3D('',#4023,#4024,#4025);
#4028=DIRECTION('',(0.E0,1.E0,0.E0));
#4029=VECTOR('',#4028,1.275E0);
#4030=CARTESIAN_POINT('',(9.215E0,1.E0,-1.595E0));
#4031=LINE('',#4030,#4029);
#4032=DIRECTION('',(0.E0,-1.E0,0.E0));
#4033=VECTOR('',#4032,1.275E0);
#4034=CARTESIAN_POINT('',(9.215E0,2.275E0,-9.45E-1));
#4035=LINE('',#4034,#4033);
#4036=CARTESIAN_POINT('',(9.215E0,2.275E0,-2.245E0));
#4037=DIRECTION('',(1.E0,0.E0,0.E0));
#4038=DIRECTION('',(0.E0,1.E0,0.E0));
#4039=AXIS2_PLACEMENT_3D('',#4036,#4037,#4038);
#4041=DIRECTION('',(0.E0,0.E0,1.E0));
#4042=VECTOR('',#4041,3.4E0);
#4043=CARTESIAN_POINT('',(9.215E0,3.575E0,-5.645E0));
#4044=LINE('',#4043,#4042);
#4045=DIRECTION('',(0.E0,0.E0,-1.E0));
#4046=VECTOR('',#4045,6.5E-1);
#4047=CARTESIAN_POINT('',(9.215E0,-7.42E0,-9.45E-1));
#4048=LINE('',#4047,#4046);
#4049=DIRECTION('',(0.E0,-1.E0,0.E0));
#4050=VECTOR('',#4049,6.42E0);
#4051=CARTESIAN_POINT('',(9.215E0,-1.E0,-9.45E-1));
#4052=LINE('',#4051,#4050);
#4053=DIRECTION('',(0.E0,1.E0,0.E0));
#4054=VECTOR('',#4053,6.42E0);
#4055=CARTESIAN_POINT('',(9.215E0,-7.42E0,-1.595E0));
#4056=LINE('',#4055,#4054);
#4057=DIRECTION('',(0.E0,0.E0,-1.E0));
#4058=VECTOR('',#4057,6.5E-1);
#4059=CARTESIAN_POINT('',(9.215E0,-7.42E0,1.595E0));
#4060=LINE('',#4059,#4058);
#4061=DIRECTION('',(0.E0,-1.E0,0.E0));
#4062=VECTOR('',#4061,6.42E0);
#4063=CARTESIAN_POINT('',(9.215E0,-1.E0,1.595E0));
#4064=LINE('',#4063,#4062);
#4065=DIRECTION('',(0.E0,1.E0,0.E0));
#4066=VECTOR('',#4065,6.42E0);
#4067=CARTESIAN_POINT('',(9.215E0,-7.42E0,9.45E-1));
#4068=LINE('',#4067,#4066);
#4069=DIRECTION('',(4.472135955E-1,4.472135955E-1,7.745966692415E-1));
#4070=VECTOR('',#4069,4.260281680828E-1);
#4071=CARTESIAN_POINT('',(9.024474411167E0,5.924474411167E0,-5.975E0));
#4072=LINE('',#4071,#4070);
#4073=DIRECTION('',(0.E0,1.E0,0.E0));
#4074=VECTOR('',#4073,2.689488223348E-1);
#4075=CARTESIAN_POINT('',(9.024474411167E0,5.655525588833E0,-5.975E0));
#4076=LINE('',#4075,#4074);
#4077=DIRECTION('',(-1.E0,0.E0,0.E0));
#4078=VECTOR('',#4077,2.689488223348E-1);
#4079=CARTESIAN_POINT('',(9.024474411167E0,5.924474411167E0,-5.975E0));
#4080=LINE('',#4079,#4078);
#4081=DIRECTION('',(0.E0,-1.E0,0.E0));
#4082=VECTOR('',#4081,2.689488223348E-1);
#4083=CARTESIAN_POINT('',(8.755525588833E0,5.924474411167E0,-5.975E0));
#4084=LINE('',#4083,#4082);
#4085=DIRECTION('',(-1.E0,0.E0,0.E0));
#4086=VECTOR('',#4085,2.689488223348E-1);
#4087=CARTESIAN_POINT('',(9.024474411167E0,5.655525588833E0,-5.975E0));
#4088=LINE('',#4087,#4086);
#4089=DIRECTION('',(-4.472135955E-1,4.472135955E-1,7.745966692415E-1));
#4090=VECTOR('',#4089,4.260281680828E-1);
#4091=CARTESIAN_POINT('',(8.755525588833E0,5.924474411167E0,-5.975E0));
#4092=LINE('',#4091,#4090);
#4093=DIRECTION('',(-1.E0,0.E0,0.E0));
#4094=VECTOR('',#4093,6.5E-1);
#4095=CARTESIAN_POINT('',(9.215E0,6.115E0,-5.645E0));
#4096=LINE('',#4095,#4094);
#4097=DIRECTION('',(1.E0,0.E0,0.E0));
#4098=VECTOR('',#4097,6.5E-1);
#4099=CARTESIAN_POINT('',(8.565E0,6.115E0,2.95E-1));
#4100=LINE('',#4099,#4098);
#4101=DIRECTION('',(1.E0,0.E0,0.E0));
#4102=VECTOR('',#4101,6.5E-1);
#4103=CARTESIAN_POINT('',(8.565E0,4.815E0,1.595E0));
#4104=LINE('',#4103,#4102);
#4105=DIRECTION('',(0.E0,1.E0,0.E0));
#4106=VECTOR('',#4105,2.689488223348E-1);
#4107=CARTESIAN_POINT('',(9.024474411167E0,3.115525588833E0,-5.975E0));
#4108=LINE('',#4107,#4106);
#4109=DIRECTION('',(-1.E0,0.E0,0.E0));
#4110=VECTOR('',#4109,2.689488223348E-1);
#4111=CARTESIAN_POINT('',(9.024474411167E0,3.384474411167E0,-5.975E0));
#4112=LINE('',#4111,#4110);
#4113=DIRECTION('',(0.E0,-1.E0,0.E0));
#4114=VECTOR('',#4113,2.689488223348E-1);
#4115=CARTESIAN_POINT('',(8.755525588833E0,3.384474411167E0,-5.975E0));
#4116=LINE('',#4115,#4114);
#4117=DIRECTION('',(-1.E0,0.E0,0.E0));
#4118=VECTOR('',#4117,2.689488223348E-1);
#4119=CARTESIAN_POINT('',(9.024474411167E0,3.115525588833E0,-5.975E0));
#4120=LINE('',#4119,#4118);
#4121=DIRECTION('',(-4.472135955E-1,4.472135955E-1,7.745966692415E-1));
#4122=VECTOR('',#4121,4.260281680828E-1);
#4123=CARTESIAN_POINT('',(8.755525588833E0,3.384474411167E0,-5.975E0));
#4124=LINE('',#4123,#4122);
#4125=DIRECTION('',(-4.472135955E-1,-4.472135955E-1,-7.745966692415E-1));
#4126=VECTOR('',#4125,4.260281680828E-1);
#4127=CARTESIAN_POINT('',(9.215E0,3.575E0,-5.645E0));
#4128=LINE('',#4127,#4126);
#4129=DIRECTION('',(-1.E0,0.E0,0.E0));
#4130=VECTOR('',#4129,6.5E-1);
#4131=CARTESIAN_POINT('',(9.215E0,3.575E0,-5.645E0));
#4132=LINE('',#4131,#4130);
#4133=DIRECTION('',(1.E0,0.E0,0.E0));
#4134=VECTOR('',#4133,6.5E-1);
#4135=CARTESIAN_POINT('',(8.565E0,3.575E0,-2.245E0));
#4136=LINE('',#4135,#4134);
#4137=DIRECTION('',(1.E0,0.E0,0.E0));
#4138=VECTOR('',#4137,6.5E-1);
#4139=CARTESIAN_POINT('',(8.565E0,2.275E0,-9.45E-1));
#4140=LINE('',#4139,#4138);
#4141=DIRECTION('',(-4.472135955E-1,-4.472135955E-1,7.745966692415E-1));
#4142=VECTOR('',#4141,4.260281680828E-1);
#4143=CARTESIAN_POINT('',(8.755525588833E0,3.115525588833E0,-5.975E0));
#4144=LINE('',#4143,#4142);
#4145=DIRECTION('',(4.472135955E-1,-4.472135955E-1,7.745966692415E-1));
#4146=VECTOR('',#4145,4.260281680828E-1);
#4147=CARTESIAN_POINT('',(9.024474411167E0,3.115525588833E0,-5.975E0));
#4148=LINE('',#4147,#4146);
#4149=DIRECTION('',(-1.E0,0.E0,0.E0));
#4150=VECTOR('',#4149,6.5E-1);
#4151=CARTESIAN_POINT('',(9.215E0,2.925E0,-5.645E0));
#4152=LINE('',#4151,#4150);
#4153=DIRECTION('',(1.E0,0.E0,0.E0));
#4154=VECTOR('',#4153,6.5E-1);
#4155=CARTESIAN_POINT('',(8.565E0,2.925E0,-2.245E0));
#4156=LINE('',#4155,#4154);
#4157=DIRECTION('',(1.E0,0.E0,0.E0));
#4158=VECTOR('',#4157,6.5E-1);
#4159=CARTESIAN_POINT('',(8.565E0,2.275E0,-1.595E0));
#4160=LINE('',#4159,#4158);
#4161=DIRECTION('',(0.E0,0.E0,-1.E0));
#4162=VECTOR('',#4161,2.689488223348E-1);
#4163=CARTESIAN_POINT('',(9.024474411167E0,-7.75E0,-1.135525588833E0));
#4164=LINE('',#4163,#4162);
#4165=DIRECTION('',(-1.E0,0.E0,0.E0));
#4166=VECTOR('',#4165,2.689488223348E-1);
#4167=CARTESIAN_POINT('',(9.024474411167E0,-7.75E0,-1.404474411167E0));
#4168=LINE('',#4167,#4166);
#4169=DIRECTION('',(0.E0,0.E0,1.E0));
#4170=VECTOR('',#4169,2.689488223348E-1);
#4171=CARTESIAN_POINT('',(8.755525588833E0,-7.75E0,-1.404474411167E0));
#4172=LINE('',#4171,#4170);
#4173=DIRECTION('',(-1.E0,0.E0,0.E0));
#4174=VECTOR('',#4173,2.689488223348E-1);
#4175=CARTESIAN_POINT('',(9.024474411167E0,-7.75E0,-1.135525588833E0));
#4176=LINE('',#4175,#4174);
#4177=DIRECTION('',(-4.472135955E-1,7.745966692415E-1,-4.472135955E-1));
#4178=VECTOR('',#4177,4.260281680828E-1);
#4179=CARTESIAN_POINT('',(8.755525588833E0,-7.75E0,-1.404474411167E0));
#4180=LINE('',#4179,#4178);
#4181=DIRECTION('',(-4.472135955E-1,-7.745966692415E-1,4.472135955E-1));
#4182=VECTOR('',#4181,4.260281680828E-1);
#4183=CARTESIAN_POINT('',(9.215E0,-7.42E0,-1.595E0));
#4184=LINE('',#4183,#4182);
#4185=DIRECTION('',(-1.E0,0.E0,0.E0));
#4186=VECTOR('',#4185,6.5E-1);
#4187=CARTESIAN_POINT('',(9.215E0,-7.42E0,-1.595E0));
#4188=LINE('',#4187,#4186);
#4189=DIRECTION('',(4.472135955E-1,-7.745966692415E-1,-4.472135955E-1));
#4190=VECTOR('',#4189,4.260281680828E-1);
#4191=CARTESIAN_POINT('',(8.565E0,-7.42E0,-9.45E-1));
#4192=LINE('',#4191,#4190);
#4193=DIRECTION('',(4.472135955E-1,7.745966692415E-1,4.472135955E-1));
#4194=VECTOR('',#4193,4.260281680828E-1);
#4195=CARTESIAN_POINT('',(9.024474411167E0,-7.75E0,-1.135525588833E0));
#4196=LINE('',#4195,#4194);
#4197=DIRECTION('',(-1.E0,0.E0,0.E0));
#4198=VECTOR('',#4197,6.5E-1);
#4199=CARTESIAN_POINT('',(9.215E0,-7.42E0,-9.45E-1));
#4200=LINE('',#4199,#4198);
#4201=DIRECTION('',(4.472135955E-1,7.745966692415E-1,-4.472135955E-1));
#4202=VECTOR('',#4201,4.260281680828E-1);
#4203=CARTESIAN_POINT('',(9.024474411167E0,-7.75E0,1.135525588833E0));
#4204=LINE('',#4203,#4202);
#4205=DIRECTION('',(-1.E0,0.E0,0.E0));
#4206=VECTOR('',#4205,2.689488223348E-1);
#4207=CARTESIAN_POINT('',(9.024474411167E0,-7.75E0,1.135525588833E0));
#4208=LINE('',#4207,#4206);
#4209=DIRECTION('',(0.E0,0.E0,1.E0));
#4210=VECTOR('',#4209,2.689488223348E-1);
#4211=CARTESIAN_POINT('',(8.755525588833E0,-7.75E0,1.135525588833E0));
#4212=LINE('',#4211,#4210);
#4213=DIRECTION('',(-1.E0,0.E0,0.E0));
#4214=VECTOR('',#4213,2.689488223348E-1);
#4215=CARTESIAN_POINT('',(9.024474411167E0,-7.75E0,1.404474411167E0));
#4216=LINE('',#4215,#4214);
#4217=DIRECTION('',(0.E0,0.E0,-1.E0));
#4218=VECTOR('',#4217,2.689488223348E-1);
#4219=CARTESIAN_POINT('',(9.024474411167E0,-7.75E0,1.404474411167E0));
#4220=LINE('',#4219,#4218);
#4221=DIRECTION('',(-4.472135955E-1,7.745966692415E-1,-4.472135955E-1));
#4222=VECTOR('',#4221,4.260281680828E-1);
#4223=CARTESIAN_POINT('',(8.755525588833E0,-7.75E0,1.135525588833E0));
#4224=LINE('',#4223,#4222);
#4225=DIRECTION('',(-1.E0,0.E0,0.E0));
#4226=VECTOR('',#4225,6.5E-1);
#4227=CARTESIAN_POINT('',(9.215E0,-7.42E0,9.45E-1));
#4228=LINE('',#4227,#4226);
#4229=DIRECTION('',(-4.472135955E-1,7.745966692415E-1,4.472135955E-1));
#4230=VECTOR('',#4229,4.260281680828E-1);
#4231=CARTESIAN_POINT('',(8.755525588833E0,-7.75E0,1.404474411167E0));
#4232=LINE('',#4231,#4230);
#4233=DIRECTION('',(4.472135955E-1,7.745966692415E-1,4.472135955E-1));
#4234=VECTOR('',#4233,4.260281680828E-1);
#4235=CARTESIAN_POINT('',(9.024474411167E0,-7.75E0,1.404474411167E0));
#4236=LINE('',#4235,#4234);
#4237=DIRECTION('',(-1.E0,0.E0,0.E0));
#4238=VECTOR('',#4237,6.5E-1);
#4239=CARTESIAN_POINT('',(9.215E0,-7.42E0,1.595E0));
#4240=LINE('',#4239,#4238);
#4241=DIRECTION('',(0.E0,-1.E0,0.E0));
#4242=VECTOR('',#4241,6.5E-1);
#4243=CARTESIAN_POINT('',(6.025E0,6.115E0,-5.645E0));
#4244=LINE('',#4243,#4242);
#4245=DIRECTION('',(0.E0,0.E0,1.E0));
#4246=VECTOR('',#4245,5.94E0);
#4247=CARTESIAN_POINT('',(6.025E0,6.115E0,-5.645E0));
#4248=LINE('',#4247,#4246);
#4249=CARTESIAN_POINT('',(6.025E0,4.815E0,2.95E-1));
#4250=DIRECTION('',(1.E0,0.E0,0.E0));
#4251=DIRECTION('',(0.E0,1.E0,0.E0));
#4252=AXIS2_PLACEMENT_3D('',#4249,#4250,#4251);
#4254=DIRECTION('',(0.E0,-1.E0,0.E0));
#4255=VECTOR('',#4254,3.815E0);
#4256=CARTESIAN_POINT('',(6.025E0,4.815E0,1.595E0));
#4257=LINE('',#4256,#4255);
#4258=DIRECTION('',(0.E0,1.E0,0.E0));
#4259=VECTOR('',#4258,3.815E0);
#4260=CARTESIAN_POINT('',(6.025E0,1.E0,9.45E-1));
#4261=LINE('',#4260,#4259);
#4262=CARTESIAN_POINT('',(6.025E0,4.815E0,2.95E-1));
#4263=DIRECTION('',(-1.E0,0.E0,0.E0));
#4264=DIRECTION('',(0.E0,0.E0,1.E0));
#4265=AXIS2_PLACEMENT_3D('',#4262,#4263,#4264);
#4267=DIRECTION('',(0.E0,0.E0,-1.E0));
#4268=VECTOR('',#4267,5.94E0);
#4269=CARTESIAN_POINT('',(6.025E0,5.465E0,2.95E-1));
#4270=LINE('',#4269,#4268);
#4271=DIRECTION('',(0.E0,-1.E0,0.E0));
#4272=VECTOR('',#4271,6.5E-1);
#4273=CARTESIAN_POINT('',(6.025E0,3.575E0,-5.645E0));
#4274=LINE('',#4273,#4272);
#4275=DIRECTION('',(0.E0,0.E0,1.E0));
#4276=VECTOR('',#4275,3.4E0);
#4277=CARTESIAN_POINT('',(6.025E0,3.575E0,-5.645E0));
#4278=LINE('',#4277,#4276);
#4279=CARTESIAN_POINT('',(6.025E0,2.275E0,-2.245E0));
#4280=DIRECTION('',(1.E0,0.E0,0.E0));
#4281=DIRECTION('',(0.E0,1.E0,0.E0));
#4282=AXIS2_PLACEMENT_3D('',#4279,#4280,#4281);
#4284=DIRECTION('',(0.E0,-1.E0,0.E0));
#4285=VECTOR('',#4284,1.275E0);
#4286=CARTESIAN_POINT('',(6.025E0,2.275E0,-9.45E-1));
#4287=LINE('',#4286,#4285);
#4288=DIRECTION('',(0.E0,1.E0,0.E0));
#4289=VECTOR('',#4288,1.275E0);
#4290=CARTESIAN_POINT('',(6.025E0,1.E0,-1.595E0));
#4291=LINE('',#4290,#4289);
#4292=CARTESIAN_POINT('',(6.025E0,2.275E0,-2.245E0));
#4293=DIRECTION('',(-1.E0,0.E0,0.E0));
#4294=DIRECTION('',(0.E0,0.E0,1.E0));
#4295=AXIS2_PLACEMENT_3D('',#4292,#4293,#4294);
#4297=DIRECTION('',(0.E0,0.E0,-1.E0));
#4298=VECTOR('',#4297,3.4E0);
#4299=CARTESIAN_POINT('',(6.025E0,2.925E0,-2.245E0));
#4300=LINE('',#4299,#4298);
#4301=DIRECTION('',(0.E0,0.E0,1.E0));
#4302=VECTOR('',#4301,6.5E-1);
#4303=CARTESIAN_POINT('',(6.025E0,-7.42E0,-1.595E0));
#4304=LINE('',#4303,#4302);
#4305=DIRECTION('',(0.E0,1.E0,0.E0));
#4306=VECTOR('',#4305,6.42E0);
#4307=CARTESIAN_POINT('',(6.025E0,-7.42E0,-1.595E0));
#4308=LINE('',#4307,#4306);
#4309=DIRECTION('',(0.E0,-1.E0,0.E0));
#4310=VECTOR('',#4309,6.42E0);
#4311=CARTESIAN_POINT('',(6.025E0,-1.E0,-9.45E-1));
#4312=LINE('',#4311,#4310);
#4313=DIRECTION('',(0.E0,0.E0,1.E0));
#4314=VECTOR('',#4313,6.5E-1);
#4315=CARTESIAN_POINT('',(6.025E0,-7.42E0,9.45E-1));
#4316=LINE('',#4315,#4314);
#4317=DIRECTION('',(0.E0,1.E0,0.E0));
#4318=VECTOR('',#4317,6.42E0);
#4319=CARTESIAN_POINT('',(6.025E0,-7.42E0,9.45E-1));
#4320=LINE('',#4319,#4318);
#4321=DIRECTION('',(0.E0,-1.E0,0.E0));
#4322=VECTOR('',#4321,6.42E0);
#4323=CARTESIAN_POINT('',(6.025E0,-1.E0,1.595E0));
#4324=LINE('',#4323,#4322);
#4325=DIRECTION('',(-4.472135955E-1,-4.472135955E-1,7.745966692415E-1));
#4326=VECTOR('',#4325,4.260281680828E-1);
#4327=CARTESIAN_POINT('',(6.215525588833E0,5.655525588833E0,-5.975E0));
#4328=LINE('',#4327,#4326);
#4329=DIRECTION('',(4.472135955E-1,-4.472135955E-1,7.745966692415E-1));
#4330=VECTOR('',#4329,4.260281680828E-1);
#4331=CARTESIAN_POINT('',(6.484474411167E0,5.655525588833E0,-5.975E0));
#4332=LINE('',#4331,#4330);
#4333=DIRECTION('',(-1.E0,0.E0,0.E0));
#4334=VECTOR('',#4333,6.5E-1);
#4335=CARTESIAN_POINT('',(6.675E0,5.465E0,-5.645E0));
#4336=LINE('',#4335,#4334);
#4337=DIRECTION('',(1.E0,0.E0,0.E0));
#4338=VECTOR('',#4337,6.5E-1);
#4339=CARTESIAN_POINT('',(6.025E0,5.465E0,2.95E-1));
#4340=LINE('',#4339,#4338);
#4341=DIRECTION('',(1.E0,0.E0,0.E0));
#4342=VECTOR('',#4341,6.5E-1);
#4343=CARTESIAN_POINT('',(6.025E0,4.815E0,9.45E-1));
#4344=LINE('',#4343,#4342);
#4345=DIRECTION('',(0.E0,1.E0,0.E0));
#4346=VECTOR('',#4345,6.5E-1);
#4347=CARTESIAN_POINT('',(6.675E0,5.465E0,-5.645E0));
#4348=LINE('',#4347,#4346);
#4349=DIRECTION('',(0.E0,0.E0,-1.E0));
#4350=VECTOR('',#4349,5.94E0);
#4351=CARTESIAN_POINT('',(6.675E0,5.465E0,2.95E-1));
#4352=LINE('',#4351,#4350);
#4353=CARTESIAN_POINT('',(6.675E0,4.815E0,2.95E-1));
#4354=DIRECTION('',(-1.E0,0.E0,0.E0));
#4355=DIRECTION('',(0.E0,0.E0,1.E0));
#4356=AXIS2_PLACEMENT_3D('',#4353,#4354,#4355);
#4358=DIRECTION('',(0.E0,1.E0,0.E0));
#4359=VECTOR('',#4358,3.815E0);
#4360=CARTESIAN_POINT('',(6.675E0,1.E0,9.45E-1));
#4361=LINE('',#4360,#4359);
#4362=DIRECTION('',(0.E0,-1.E0,0.E0));
#4363=VECTOR('',#4362,3.815E0);
#4364=CARTESIAN_POINT('',(6.675E0,4.815E0,1.595E0));
#4365=LINE('',#4364,#4363);
#4366=CARTESIAN_POINT('',(6.675E0,4.815E0,2.95E-1));
#4367=DIRECTION('',(1.E0,0.E0,0.E0));
#4368=DIRECTION('',(0.E0,1.E0,0.E0));
#4369=AXIS2_PLACEMENT_3D('',#4366,#4367,#4368);
#4371=DIRECTION('',(0.E0,0.E0,1.E0));
#4372=VECTOR('',#4371,5.94E0);
#4373=CARTESIAN_POINT('',(6.675E0,6.115E0,-5.645E0));
#4374=LINE('',#4373,#4372);
#4375=DIRECTION('',(0.E0,1.E0,0.E0));
#4376=VECTOR('',#4375,6.5E-1);
#4377=CARTESIAN_POINT('',(6.675E0,2.925E0,-5.645E0));
#4378=LINE('',#4377,#4376);
#4379=DIRECTION('',(0.E0,0.E0,-1.E0));
#4380=VECTOR('',#4379,3.4E0);
#4381=CARTESIAN_POINT('',(6.675E0,2.925E0,-2.245E0));
#4382=LINE('',#4381,#4380);
#4383=CARTESIAN_POINT('',(6.675E0,2.275E0,-2.245E0));
#4384=DIRECTION('',(-1.E0,0.E0,0.E0));
#4385=DIRECTION('',(0.E0,0.E0,1.E0));
#4386=AXIS2_PLACEMENT_3D('',#4383,#4384,#4385);
#4388=DIRECTION('',(0.E0,1.E0,0.E0));
#4389=VECTOR('',#4388,1.275E0);
#4390=CARTESIAN_POINT('',(6.675E0,1.E0,-1.595E0));
#4391=LINE('',#4390,#4389);
#4392=DIRECTION('',(0.E0,-1.E0,0.E0));
#4393=VECTOR('',#4392,1.275E0);
#4394=CARTESIAN_POINT('',(6.675E0,2.275E0,-9.45E-1));
#4395=LINE('',#4394,#4393);
#4396=CARTESIAN_POINT('',(6.675E0,2.275E0,-2.245E0));
#4397=DIRECTION('',(1.E0,0.E0,0.E0));
#4398=DIRECTION('',(0.E0,1.E0,0.E0));
#4399=AXIS2_PLACEMENT_3D('',#4396,#4397,#4398);
#4401=DIRECTION('',(0.E0,0.E0,1.E0));
#4402=VECTOR('',#4401,3.4E0);
#4403=CARTESIAN_POINT('',(6.675E0,3.575E0,-5.645E0));
#4404=LINE('',#4403,#4402);
#4405=DIRECTION('',(0.E0,0.E0,-1.E0));
#4406=VECTOR('',#4405,6.5E-1);
#4407=CARTESIAN_POINT('',(6.675E0,-7.42E0,-9.45E-1));
#4408=LINE('',#4407,#4406);
#4409=DIRECTION('',(0.E0,-1.E0,0.E0));
#4410=VECTOR('',#4409,6.42E0);
#4411=CARTESIAN_POINT('',(6.675E0,-1.E0,-9.45E-1));
#4412=LINE('',#4411,#4410);
#4413=DIRECTION('',(0.E0,1.E0,0.E0));
#4414=VECTOR('',#4413,6.42E0);
#4415=CARTESIAN_POINT('',(6.675E0,-7.42E0,-1.595E0));
#4416=LINE('',#4415,#4414);
#4417=DIRECTION('',(0.E0,0.E0,-1.E0));
#4418=VECTOR('',#4417,6.5E-1);
#4419=CARTESIAN_POINT('',(6.675E0,-7.42E0,1.595E0));
#4420=LINE('',#4419,#4418);
#4421=DIRECTION('',(0.E0,-1.E0,0.E0));
#4422=VECTOR('',#4421,6.42E0);
#4423=CARTESIAN_POINT('',(6.675E0,-1.E0,1.595E0));
#4424=LINE('',#4423,#4422);
#4425=DIRECTION('',(0.E0,1.E0,0.E0));
#4426=VECTOR('',#4425,6.42E0);
#4427=CARTESIAN_POINT('',(6.675E0,-7.42E0,9.45E-1));
#4428=LINE('',#4427,#4426);
#4429=DIRECTION('',(4.472135955E-1,4.472135955E-1,7.745966692415E-1));
#4430=VECTOR('',#4429,4.260281680828E-1);
#4431=CARTESIAN_POINT('',(6.484474411167E0,5.924474411167E0,-5.975E0));
#4432=LINE('',#4431,#4430);
#4433=DIRECTION('',(0.E0,1.E0,0.E0));
#4434=VECTOR('',#4433,2.689488223348E-1);
#4435=CARTESIAN_POINT('',(6.484474411167E0,5.655525588833E0,-5.975E0));
#4436=LINE('',#4435,#4434);
#4437=DIRECTION('',(-1.E0,0.E0,0.E0));
#4438=VECTOR('',#4437,2.689488223348E-1);
#4439=CARTESIAN_POINT('',(6.484474411167E0,5.924474411167E0,-5.975E0));
#4440=LINE('',#4439,#4438);
#4441=DIRECTION('',(0.E0,-1.E0,0.E0));
#4442=VECTOR('',#4441,2.689488223348E-1);
#4443=CARTESIAN_POINT('',(6.215525588833E0,5.924474411167E0,-5.975E0));
#4444=LINE('',#4443,#4442);
#4445=DIRECTION('',(-1.E0,0.E0,0.E0));
#4446=VECTOR('',#4445,2.689488223348E-1);
#4447=CARTESIAN_POINT('',(6.484474411167E0,5.655525588833E0,-5.975E0));
#4448=LINE('',#4447,#4446);
#4449=DIRECTION('',(-4.472135955E-1,4.472135955E-1,7.745966692415E-1));
#4450=VECTOR('',#4449,4.260281680828E-1);
#4451=CARTESIAN_POINT('',(6.215525588833E0,5.924474411167E0,-5.975E0));
#4452=LINE('',#4451,#4450);
#4453=DIRECTION('',(-1.E0,0.E0,0.E0));
#4454=VECTOR('',#4453,6.5E-1);
#4455=CARTESIAN_POINT('',(6.675E0,6.115E0,-5.645E0));
#4456=LINE('',#4455,#4454);
#4457=DIRECTION('',(1.E0,0.E0,0.E0));
#4458=VECTOR('',#4457,6.5E-1);
#4459=CARTESIAN_POINT('',(6.025E0,6.115E0,2.95E-1));
#4460=LINE('',#4459,#4458);
#4461=DIRECTION('',(1.E0,0.E0,0.E0));
#4462=VECTOR('',#4461,6.5E-1);
#4463=CARTESIAN_POINT('',(6.025E0,4.815E0,1.595E0));
#4464=LINE('',#4463,#4462);
#4465=DIRECTION('',(0.E0,1.E0,0.E0));
#4466=VECTOR('',#4465,2.689488223348E-1);
#4467=CARTESIAN_POINT('',(6.484474411167E0,3.115525588833E0,-5.975E0));
#4468=LINE('',#4467,#4466);
#4469=DIRECTION('',(-1.E0,0.E0,0.E0));
#4470=VECTOR('',#4469,2.689488223348E-1);
#4471=CARTESIAN_POINT('',(6.484474411167E0,3.384474411167E0,-5.975E0));
#4472=LINE('',#4471,#4470);
#4473=DIRECTION('',(0.E0,-1.E0,0.E0));
#4474=VECTOR('',#4473,2.689488223348E-1);
#4475=CARTESIAN_POINT('',(6.215525588833E0,3.384474411167E0,-5.975E0));
#4476=LINE('',#4475,#4474);
#4477=DIRECTION('',(-1.E0,0.E0,0.E0));
#4478=VECTOR('',#4477,2.689488223348E-1);
#4479=CARTESIAN_POINT('',(6.484474411167E0,3.115525588833E0,-5.975E0));
#4480=LINE('',#4479,#4478);
#4481=DIRECTION('',(-4.472135955E-1,4.472135955E-1,7.745966692415E-1));
#4482=VECTOR('',#4481,4.260281680828E-1);
#4483=CARTESIAN_POINT('',(6.215525588833E0,3.384474411167E0,-5.975E0));
#4484=LINE('',#4483,#4482);
#4485=DIRECTION('',(-4.472135955E-1,-4.472135955E-1,-7.745966692415E-1));
#4486=VECTOR('',#4485,4.260281680828E-1);
#4487=CARTESIAN_POINT('',(6.675E0,3.575E0,-5.645E0));
#4488=LINE('',#4487,#4486);
#4489=DIRECTION('',(-1.E0,0.E0,0.E0));
#4490=VECTOR('',#4489,6.5E-1);
#4491=CARTESIAN_POINT('',(6.675E0,3.575E0,-5.645E0));
#4492=LINE('',#4491,#4490);
#4493=DIRECTION('',(1.E0,0.E0,0.E0));
#4494=VECTOR('',#4493,6.5E-1);
#4495=CARTESIAN_POINT('',(6.025E0,3.575E0,-2.245E0));
#4496=LINE('',#4495,#4494);
#4497=DIRECTION('',(1.E0,0.E0,0.E0));
#4498=VECTOR('',#4497,6.5E-1);
#4499=CARTESIAN_POINT('',(6.025E0,2.275E0,-9.45E-1));
#4500=LINE('',#4499,#4498);
#4501=DIRECTION('',(-4.472135955E-1,-4.472135955E-1,7.745966692415E-1));
#4502=VECTOR('',#4501,4.260281680828E-1);
#4503=CARTESIAN_POINT('',(6.215525588833E0,3.115525588833E0,-5.975E0));
#4504=LINE('',#4503,#4502);
#4505=DIRECTION('',(4.472135955E-1,-4.472135955E-1,7.745966692415E-1));
#4506=VECTOR('',#4505,4.260281680828E-1);
#4507=CARTESIAN_POINT('',(6.484474411167E0,3.115525588833E0,-5.975E0));
#4508=LINE('',#4507,#4506);
#4509=DIRECTION('',(-1.E0,0.E0,0.E0));
#4510=VECTOR('',#4509,6.5E-1);
#4511=CARTESIAN_POINT('',(6.675E0,2.925E0,-5.645E0));
#4512=LINE('',#4511,#4510);
#4513=DIRECTION('',(1.E0,0.E0,0.E0));
#4514=VECTOR('',#4513,6.5E-1);
#4515=CARTESIAN_POINT('',(6.025E0,2.925E0,-2.245E0));
#4516=LINE('',#4515,#4514);
#4517=DIRECTION('',(1.E0,0.E0,0.E0));
#4518=VECTOR('',#4517,6.5E-1);
#4519=CARTESIAN_POINT('',(6.025E0,2.275E0,-1.595E0));
#4520=LINE('',#4519,#4518);
#4521=DIRECTION('',(0.E0,0.E0,-1.E0));
#4522=VECTOR('',#4521,2.689488223348E-1);
#4523=CARTESIAN_POINT('',(6.484474411167E0,-7.75E0,-1.135525588833E0));
#4524=LINE('',#4523,#4522);
#4525=DIRECTION('',(-1.E0,0.E0,0.E0));
#4526=VECTOR('',#4525,2.689488223348E-1);
#4527=CARTESIAN_POINT('',(6.484474411167E0,-7.75E0,-1.404474411167E0));
#4528=LINE('',#4527,#4526);
#4529=DIRECTION('',(0.E0,0.E0,1.E0));
#4530=VECTOR('',#4529,2.689488223348E-1);
#4531=CARTESIAN_POINT('',(6.215525588833E0,-7.75E0,-1.404474411167E0));
#4532=LINE('',#4531,#4530);
#4533=DIRECTION('',(-1.E0,0.E0,0.E0));
#4534=VECTOR('',#4533,2.689488223348E-1);
#4535=CARTESIAN_POINT('',(6.484474411167E0,-7.75E0,-1.135525588833E0));
#4536=LINE('',#4535,#4534);
#4537=DIRECTION('',(-4.472135955E-1,7.745966692415E-1,-4.472135955E-1));
#4538=VECTOR('',#4537,4.260281680828E-1);
#4539=CARTESIAN_POINT('',(6.215525588833E0,-7.75E0,-1.404474411167E0));
#4540=LINE('',#4539,#4538);
#4541=DIRECTION('',(-4.472135955E-1,-7.745966692415E-1,4.472135955E-1));
#4542=VECTOR('',#4541,4.260281680828E-1);
#4543=CARTESIAN_POINT('',(6.675E0,-7.42E0,-1.595E0));
#4544=LINE('',#4543,#4542);
#4545=DIRECTION('',(-1.E0,0.E0,0.E0));
#4546=VECTOR('',#4545,6.5E-1);
#4547=CARTESIAN_POINT('',(6.675E0,-7.42E0,-1.595E0));
#4548=LINE('',#4547,#4546);
#4549=DIRECTION('',(4.472135955E-1,-7.745966692415E-1,-4.472135955E-1));
#4550=VECTOR('',#4549,4.260281680828E-1);
#4551=CARTESIAN_POINT('',(6.025E0,-7.42E0,-9.45E-1));
#4552=LINE('',#4551,#4550);
#4553=DIRECTION('',(4.472135955E-1,7.745966692415E-1,4.472135955E-1));
#4554=VECTOR('',#4553,4.260281680828E-1);
#4555=CARTESIAN_POINT('',(6.484474411167E0,-7.75E0,-1.135525588833E0));
#4556=LINE('',#4555,#4554);
#4557=DIRECTION('',(-1.E0,0.E0,0.E0));
#4558=VECTOR('',#4557,6.5E-1);
#4559=CARTESIAN_POINT('',(6.675E0,-7.42E0,-9.45E-1));
#4560=LINE('',#4559,#4558);
#4561=DIRECTION('',(4.472135955E-1,7.745966692415E-1,-4.472135955E-1));
#4562=VECTOR('',#4561,4.260281680828E-1);
#4563=CARTESIAN_POINT('',(6.484474411167E0,-7.75E0,1.135525588833E0));
#4564=LINE('',#4563,#4562);
#4565=DIRECTION('',(-1.E0,0.E0,0.E0));
#4566=VECTOR('',#4565,2.689488223348E-1);
#4567=CARTESIAN_POINT('',(6.484474411167E0,-7.75E0,1.135525588833E0));
#4568=LINE('',#4567,#4566);
#4569=DIRECTION('',(0.E0,0.E0,1.E0));
#4570=VECTOR('',#4569,2.689488223348E-1);
#4571=CARTESIAN_POINT('',(6.215525588833E0,-7.75E0,1.135525588833E0));
#4572=LINE('',#4571,#4570);
#4573=DIRECTION('',(-1.E0,0.E0,0.E0));
#4574=VECTOR('',#4573,2.689488223348E-1);
#4575=CARTESIAN_POINT('',(6.484474411167E0,-7.75E0,1.404474411167E0));
#4576=LINE('',#4575,#4574);
#4577=DIRECTION('',(0.E0,0.E0,-1.E0));
#4578=VECTOR('',#4577,2.689488223348E-1);
#4579=CARTESIAN_POINT('',(6.484474411167E0,-7.75E0,1.404474411167E0));
#4580=LINE('',#4579,#4578);
#4581=DIRECTION('',(-4.472135955E-1,7.745966692415E-1,-4.472135955E-1));
#4582=VECTOR('',#4581,4.260281680828E-1);
#4583=CARTESIAN_POINT('',(6.215525588833E0,-7.75E0,1.135525588833E0));
#4584=LINE('',#4583,#4582);
#4585=DIRECTION('',(-1.E0,0.E0,0.E0));
#4586=VECTOR('',#4585,6.5E-1);
#4587=CARTESIAN_POINT('',(6.675E0,-7.42E0,9.45E-1));
#4588=LINE('',#4587,#4586);
#4589=DIRECTION('',(-4.472135955E-1,7.745966692415E-1,4.472135955E-1));
#4590=VECTOR('',#4589,4.260281680828E-1);
#4591=CARTESIAN_POINT('',(6.215525588833E0,-7.75E0,1.404474411167E0));
#4592=LINE('',#4591,#4590);
#4593=DIRECTION('',(4.472135955E-1,7.745966692415E-1,4.472135955E-1));
#4594=VECTOR('',#4593,4.260281680828E-1);
#4595=CARTESIAN_POINT('',(6.484474411167E0,-7.75E0,1.404474411167E0));
#4596=LINE('',#4595,#4594);
#4597=DIRECTION('',(-1.E0,0.E0,0.E0));
#4598=VECTOR('',#4597,6.5E-1);
#4599=CARTESIAN_POINT('',(6.675E0,-7.42E0,1.595E0));
#4600=LINE('',#4599,#4598);
#4601=DIRECTION('',(0.E0,-1.E0,0.E0));
#4602=VECTOR('',#4601,6.5E-1);
#4603=CARTESIAN_POINT('',(3.485E0,6.115E0,-5.645E0));
#4604=LINE('',#4603,#4602);
#4605=DIRECTION('',(0.E0,0.E0,1.E0));
#4606=VECTOR('',#4605,5.94E0);
#4607=CARTESIAN_POINT('',(3.485E0,6.115E0,-5.645E0));
#4608=LINE('',#4607,#4606);
#4609=CARTESIAN_POINT('',(3.485E0,4.815E0,2.95E-1));
#4610=DIRECTION('',(1.E0,0.E0,0.E0));
#4611=DIRECTION('',(0.E0,1.E0,0.E0));
#4612=AXIS2_PLACEMENT_3D('',#4609,#4610,#4611);
#4614=DIRECTION('',(0.E0,-1.E0,0.E0));
#4615=VECTOR('',#4614,3.815E0);
#4616=CARTESIAN_POINT('',(3.485E0,4.815E0,1.595E0));
#4617=LINE('',#4616,#4615);
#4618=DIRECTION('',(0.E0,1.E0,0.E0));
#4619=VECTOR('',#4618,3.815E0);
#4620=CARTESIAN_POINT('',(3.485E0,1.E0,9.45E-1));
#4621=LINE('',#4620,#4619);
#4622=CARTESIAN_POINT('',(3.485E0,4.815E0,2.95E-1));
#4623=DIRECTION('',(-1.E0,0.E0,0.E0));
#4624=DIRECTION('',(0.E0,0.E0,1.E0));
#4625=AXIS2_PLACEMENT_3D('',#4622,#4623,#4624);
#4627=DIRECTION('',(0.E0,0.E0,-1.E0));
#4628=VECTOR('',#4627,5.94E0);
#4629=CARTESIAN_POINT('',(3.485E0,5.465E0,2.95E-1));
#4630=LINE('',#4629,#4628);
#4631=DIRECTION('',(0.E0,-1.E0,0.E0));
#4632=VECTOR('',#4631,6.5E-1);
#4633=CARTESIAN_POINT('',(3.485E0,3.575E0,-5.645E0));
#4634=LINE('',#4633,#4632);
#4635=DIRECTION('',(0.E0,0.E0,1.E0));
#4636=VECTOR('',#4635,3.4E0);
#4637=CARTESIAN_POINT('',(3.485E0,3.575E0,-5.645E0));
#4638=LINE('',#4637,#4636);
#4639=CARTESIAN_POINT('',(3.485E0,2.275E0,-2.245E0));
#4640=DIRECTION('',(1.E0,0.E0,0.E0));
#4641=DIRECTION('',(0.E0,1.E0,0.E0));
#4642=AXIS2_PLACEMENT_3D('',#4639,#4640,#4641);
#4644=DIRECTION('',(0.E0,-1.E0,0.E0));
#4645=VECTOR('',#4644,1.275E0);
#4646=CARTESIAN_POINT('',(3.485E0,2.275E0,-9.45E-1));
#4647=LINE('',#4646,#4645);
#4648=DIRECTION('',(0.E0,1.E0,0.E0));
#4649=VECTOR('',#4648,1.275E0);
#4650=CARTESIAN_POINT('',(3.485E0,1.E0,-1.595E0));
#4651=LINE('',#4650,#4649);
#4652=CARTESIAN_POINT('',(3.485E0,2.275E0,-2.245E0));
#4653=DIRECTION('',(-1.E0,0.E0,0.E0));
#4654=DIRECTION('',(0.E0,0.E0,1.E0));
#4655=AXIS2_PLACEMENT_3D('',#4652,#4653,#4654);
#4657=DIRECTION('',(0.E0,0.E0,-1.E0));
#4658=VECTOR('',#4657,3.4E0);
#4659=CARTESIAN_POINT('',(3.485E0,2.925E0,-2.245E0));
#4660=LINE('',#4659,#4658);
#4661=DIRECTION('',(0.E0,0.E0,1.E0));
#4662=VECTOR('',#4661,6.5E-1);
#4663=CARTESIAN_POINT('',(3.485E0,-7.42E0,-1.595E0));
#4664=LINE('',#4663,#4662);
#4665=DIRECTION('',(0.E0,1.E0,0.E0));
#4666=VECTOR('',#4665,6.42E0);
#4667=CARTESIAN_POINT('',(3.485E0,-7.42E0,-1.595E0));
#4668=LINE('',#4667,#4666);
#4669=DIRECTION('',(0.E0,-1.E0,0.E0));
#4670=VECTOR('',#4669,6.42E0);
#4671=CARTESIAN_POINT('',(3.485E0,-1.E0,-9.45E-1));
#4672=LINE('',#4671,#4670);
#4673=DIRECTION('',(0.E0,0.E0,1.E0));
#4674=VECTOR('',#4673,6.5E-1);
#4675=CARTESIAN_POINT('',(3.485E0,-7.42E0,9.45E-1));
#4676=LINE('',#4675,#4674);
#4677=DIRECTION('',(0.E0,1.E0,0.E0));
#4678=VECTOR('',#4677,6.42E0);
#4679=CARTESIAN_POINT('',(3.485E0,-7.42E0,9.45E-1));
#4680=LINE('',#4679,#4678);
#4681=DIRECTION('',(0.E0,-1.E0,0.E0));
#4682=VECTOR('',#4681,6.42E0);
#4683=CARTESIAN_POINT('',(3.485E0,-1.E0,1.595E0));
#4684=LINE('',#4683,#4682);
#4685=DIRECTION('',(-4.472135955E-1,-4.472135955E-1,7.745966692415E-1));
#4686=VECTOR('',#4685,4.260281680828E-1);
#4687=CARTESIAN_POINT('',(3.675525588833E0,5.655525588833E0,-5.975E0));
#4688=LINE('',#4687,#4686);
#4689=DIRECTION('',(4.472135955E-1,-4.472135955E-1,7.745966692415E-1));
#4690=VECTOR('',#4689,4.260281680828E-1);
#4691=CARTESIAN_POINT('',(3.944474411167E0,5.655525588833E0,-5.975E0));
#4692=LINE('',#4691,#4690);
#4693=DIRECTION('',(-1.E0,0.E0,0.E0));
#4694=VECTOR('',#4693,6.5E-1);
#4695=CARTESIAN_POINT('',(4.135E0,5.465E0,-5.645E0));
#4696=LINE('',#4695,#4694);
#4697=DIRECTION('',(1.E0,0.E0,0.E0));
#4698=VECTOR('',#4697,6.5E-1);
#4699=CARTESIAN_POINT('',(3.485E0,5.465E0,2.95E-1));
#4700=LINE('',#4699,#4698);
#4701=DIRECTION('',(1.E0,0.E0,0.E0));
#4702=VECTOR('',#4701,6.5E-1);
#4703=CARTESIAN_POINT('',(3.485E0,4.815E0,9.45E-1));
#4704=LINE('',#4703,#4702);
#4705=DIRECTION('',(0.E0,1.E0,0.E0));
#4706=VECTOR('',#4705,6.5E-1);
#4707=CARTESIAN_POINT('',(4.135E0,5.465E0,-5.645E0));
#4708=LINE('',#4707,#4706);
#4709=DIRECTION('',(0.E0,0.E0,-1.E0));
#4710=VECTOR('',#4709,5.94E0);
#4711=CARTESIAN_POINT('',(4.135E0,5.465E0,2.95E-1));
#4712=LINE('',#4711,#4710);
#4713=CARTESIAN_POINT('',(4.135E0,4.815E0,2.95E-1));
#4714=DIRECTION('',(-1.E0,0.E0,0.E0));
#4715=DIRECTION('',(0.E0,0.E0,1.E0));
#4716=AXIS2_PLACEMENT_3D('',#4713,#4714,#4715);
#4718=DIRECTION('',(0.E0,1.E0,0.E0));
#4719=VECTOR('',#4718,3.815E0);
#4720=CARTESIAN_POINT('',(4.135E0,1.E0,9.45E-1));
#4721=LINE('',#4720,#4719);
#4722=DIRECTION('',(0.E0,-1.E0,0.E0));
#4723=VECTOR('',#4722,3.815E0);
#4724=CARTESIAN_POINT('',(4.135E0,4.815E0,1.595E0));
#4725=LINE('',#4724,#4723);
#4726=CARTESIAN_POINT('',(4.135E0,4.815E0,2.95E-1));
#4727=DIRECTION('',(1.E0,0.E0,0.E0));
#4728=DIRECTION('',(0.E0,1.E0,0.E0));
#4729=AXIS2_PLACEMENT_3D('',#4726,#4727,#4728);
#4731=DIRECTION('',(0.E0,0.E0,1.E0));
#4732=VECTOR('',#4731,5.94E0);
#4733=CARTESIAN_POINT('',(4.135E0,6.115E0,-5.645E0));
#4734=LINE('',#4733,#4732);
#4735=DIRECTION('',(0.E0,1.E0,0.E0));
#4736=VECTOR('',#4735,6.5E-1);
#4737=CARTESIAN_POINT('',(4.135E0,2.925E0,-5.645E0));
#4738=LINE('',#4737,#4736);
#4739=DIRECTION('',(0.E0,0.E0,-1.E0));
#4740=VECTOR('',#4739,3.4E0);
#4741=CARTESIAN_POINT('',(4.135E0,2.925E0,-2.245E0));
#4742=LINE('',#4741,#4740);
#4743=CARTESIAN_POINT('',(4.135E0,2.275E0,-2.245E0));
#4744=DIRECTION('',(-1.E0,0.E0,0.E0));
#4745=DIRECTION('',(0.E0,0.E0,1.E0));
#4746=AXIS2_PLACEMENT_3D('',#4743,#4744,#4745);
#4748=DIRECTION('',(0.E0,1.E0,0.E0));
#4749=VECTOR('',#4748,1.275E0);
#4750=CARTESIAN_POINT('',(4.135E0,1.E0,-1.595E0));
#4751=LINE('',#4750,#4749);
#4752=DIRECTION('',(0.E0,-1.E0,0.E0));
#4753=VECTOR('',#4752,1.275E0);
#4754=CARTESIAN_POINT('',(4.135E0,2.275E0,-9.45E-1));
#4755=LINE('',#4754,#4753);
#4756=CARTESIAN_POINT('',(4.135E0,2.275E0,-2.245E0));
#4757=DIRECTION('',(1.E0,0.E0,0.E0));
#4758=DIRECTION('',(0.E0,1.E0,0.E0));
#4759=AXIS2_PLACEMENT_3D('',#4756,#4757,#4758);
#4761=DIRECTION('',(0.E0,0.E0,1.E0));
#4762=VECTOR('',#4761,3.4E0);
#4763=CARTESIAN_POINT('',(4.135E0,3.575E0,-5.645E0));
#4764=LINE('',#4763,#4762);
#4765=DIRECTION('',(0.E0,0.E0,-1.E0));
#4766=VECTOR('',#4765,6.5E-1);
#4767=CARTESIAN_POINT('',(4.135E0,-7.42E0,-9.45E-1));
#4768=LINE('',#4767,#4766);
#4769=DIRECTION('',(0.E0,-1.E0,0.E0));
#4770=VECTOR('',#4769,6.42E0);
#4771=CARTESIAN_POINT('',(4.135E0,-1.E0,-9.45E-1));
#4772=LINE('',#4771,#4770);
#4773=DIRECTION('',(0.E0,1.E0,0.E0));
#4774=VECTOR('',#4773,6.42E0);
#4775=CARTESIAN_POINT('',(4.135E0,-7.42E0,-1.595E0));
#4776=LINE('',#4775,#4774);
#4777=DIRECTION('',(0.E0,0.E0,-1.E0));
#4778=VECTOR('',#4777,6.5E-1);
#4779=CARTESIAN_POINT('',(4.135E0,-7.42E0,1.595E0));
#4780=LINE('',#4779,#4778);
#4781=DIRECTION('',(0.E0,-1.E0,0.E0));
#4782=VECTOR('',#4781,6.42E0);
#4783=CARTESIAN_POINT('',(4.135E0,-1.E0,1.595E0));
#4784=LINE('',#4783,#4782);
#4785=DIRECTION('',(0.E0,1.E0,0.E0));
#4786=VECTOR('',#4785,6.42E0);
#4787=CARTESIAN_POINT('',(4.135E0,-7.42E0,9.45E-1));
#4788=LINE('',#4787,#4786);
#4789=DIRECTION('',(0.E0,1.E0,0.E0));
#4790=VECTOR('',#4789,2.689488223348E-1);
#4791=CARTESIAN_POINT('',(3.944474411167E0,5.655525588833E0,-5.975E0));
#4792=LINE('',#4791,#4790);
#4793=DIRECTION('',(-1.E0,0.E0,0.E0));
#4794=VECTOR('',#4793,2.689488223348E-1);
#4795=CARTESIAN_POINT('',(3.944474411167E0,5.924474411167E0,-5.975E0));
#4796=LINE('',#4795,#4794);
#4797=DIRECTION('',(0.E0,-1.E0,0.E0));
#4798=VECTOR('',#4797,2.689488223348E-1);
#4799=CARTESIAN_POINT('',(3.675525588833E0,5.924474411167E0,-5.975E0));
#4800=LINE('',#4799,#4798);
#4801=DIRECTION('',(-1.E0,0.E0,0.E0));
#4802=VECTOR('',#4801,2.689488223348E-1);
#4803=CARTESIAN_POINT('',(3.944474411167E0,5.655525588833E0,-5.975E0));
#4804=LINE('',#4803,#4802);
#4805=DIRECTION('',(-4.472135955E-1,4.472135955E-1,7.745966692415E-1));
#4806=VECTOR('',#4805,4.260281680828E-1);
#4807=CARTESIAN_POINT('',(3.675525588833E0,5.924474411167E0,-5.975E0));
#4808=LINE('',#4807,#4806);
#4809=DIRECTION('',(-4.472135955E-1,-4.472135955E-1,-7.745966692415E-1));
#4810=VECTOR('',#4809,4.260281680828E-1);
#4811=CARTESIAN_POINT('',(4.135E0,6.115E0,-5.645E0));
#4812=LINE('',#4811,#4810);
#4813=DIRECTION('',(-1.E0,0.E0,0.E0));
#4814=VECTOR('',#4813,6.5E-1);
#4815=CARTESIAN_POINT('',(4.135E0,6.115E0,-5.645E0));
#4816=LINE('',#4815,#4814);
#4817=DIRECTION('',(1.E0,0.E0,0.E0));
#4818=VECTOR('',#4817,6.5E-1);
#4819=CARTESIAN_POINT('',(3.485E0,6.115E0,2.95E-1));
#4820=LINE('',#4819,#4818);
#4821=DIRECTION('',(1.E0,0.E0,0.E0));
#4822=VECTOR('',#4821,6.5E-1);
#4823=CARTESIAN_POINT('',(3.485E0,4.815E0,1.595E0));
#4824=LINE('',#4823,#4822);
#4825=DIRECTION('',(0.E0,1.E0,0.E0));
#4826=VECTOR('',#4825,2.689488223348E-1);
#4827=CARTESIAN_POINT('',(3.944474411167E0,3.115525588833E0,-5.975E0));
#4828=LINE('',#4827,#4826);
#4829=DIRECTION('',(-1.E0,0.E0,0.E0));
#4830=VECTOR('',#4829,2.689488223348E-1);
#4831=CARTESIAN_POINT('',(3.944474411167E0,3.384474411167E0,-5.975E0));
#4832=LINE('',#4831,#4830);
#4833=DIRECTION('',(0.E0,-1.E0,0.E0));
#4834=VECTOR('',#4833,2.689488223348E-1);
#4835=CARTESIAN_POINT('',(3.675525588833E0,3.384474411167E0,-5.975E0));
#4836=LINE('',#4835,#4834);
#4837=DIRECTION('',(-1.E0,0.E0,0.E0));
#4838=VECTOR('',#4837,2.689488223348E-1);
#4839=CARTESIAN_POINT('',(3.944474411167E0,3.115525588833E0,-5.975E0));
#4840=LINE('',#4839,#4838);
#4841=DIRECTION('',(-4.472135955E-1,4.472135955E-1,7.745966692415E-1));
#4842=VECTOR('',#4841,4.260281680828E-1);
#4843=CARTESIAN_POINT('',(3.675525588833E0,3.384474411167E0,-5.975E0));
#4844=LINE('',#4843,#4842);
#4845=DIRECTION('',(-4.472135955E-1,-4.472135955E-1,-7.745966692415E-1));
#4846=VECTOR('',#4845,4.260281680828E-1);
#4847=CARTESIAN_POINT('',(4.135E0,3.575E0,-5.645E0));
#4848=LINE('',#4847,#4846);
#4849=DIRECTION('',(-1.E0,0.E0,0.E0));
#4850=VECTOR('',#4849,6.5E-1);
#4851=CARTESIAN_POINT('',(4.135E0,3.575E0,-5.645E0));
#4852=LINE('',#4851,#4850);
#4853=DIRECTION('',(1.E0,0.E0,0.E0));
#4854=VECTOR('',#4853,6.5E-1);
#4855=CARTESIAN_POINT('',(3.485E0,3.575E0,-2.245E0));
#4856=LINE('',#4855,#4854);
#4857=DIRECTION('',(1.E0,0.E0,0.E0));
#4858=VECTOR('',#4857,6.5E-1);
#4859=CARTESIAN_POINT('',(3.485E0,2.275E0,-9.45E-1));
#4860=LINE('',#4859,#4858);
#4861=DIRECTION('',(-4.472135955E-1,-4.472135955E-1,7.745966692415E-1));
#4862=VECTOR('',#4861,4.260281680828E-1);
#4863=CARTESIAN_POINT('',(3.675525588833E0,3.115525588833E0,-5.975E0));
#4864=LINE('',#4863,#4862);
#4865=DIRECTION('',(4.472135955E-1,-4.472135955E-1,7.745966692415E-1));
#4866=VECTOR('',#4865,4.260281680828E-1);
#4867=CARTESIAN_POINT('',(3.944474411167E0,3.115525588833E0,-5.975E0));
#4868=LINE('',#4867,#4866);
#4869=DIRECTION('',(-1.E0,0.E0,0.E0));
#4870=VECTOR('',#4869,6.5E-1);
#4871=CARTESIAN_POINT('',(4.135E0,2.925E0,-5.645E0));
#4872=LINE('',#4871,#4870);
#4873=DIRECTION('',(1.E0,0.E0,0.E0));
#4874=VECTOR('',#4873,6.5E-1);
#4875=CARTESIAN_POINT('',(3.485E0,2.925E0,-2.245E0));
#4876=LINE('',#4875,#4874);
#4877=DIRECTION('',(1.E0,0.E0,0.E0));
#4878=VECTOR('',#4877,6.5E-1);
#4879=CARTESIAN_POINT('',(3.485E0,2.275E0,-1.595E0));
#4880=LINE('',#4879,#4878);
#4881=DIRECTION('',(0.E0,0.E0,-1.E0));
#4882=VECTOR('',#4881,2.689488223348E-1);
#4883=CARTESIAN_POINT('',(3.944474411167E0,-7.75E0,-1.135525588833E0));
#4884=LINE('',#4883,#4882);
#4885=DIRECTION('',(-1.E0,0.E0,0.E0));
#4886=VECTOR('',#4885,2.689488223348E-1);
#4887=CARTESIAN_POINT('',(3.944474411167E0,-7.75E0,-1.404474411167E0));
#4888=LINE('',#4887,#4886);
#4889=DIRECTION('',(0.E0,0.E0,1.E0));
#4890=VECTOR('',#4889,2.689488223348E-1);
#4891=CARTESIAN_POINT('',(3.675525588833E0,-7.75E0,-1.404474411167E0));
#4892=LINE('',#4891,#4890);
#4893=DIRECTION('',(-1.E0,0.E0,0.E0));
#4894=VECTOR('',#4893,2.689488223348E-1);
#4895=CARTESIAN_POINT('',(3.944474411167E0,-7.75E0,-1.135525588833E0));
#4896=LINE('',#4895,#4894);
#4897=DIRECTION('',(-4.472135955E-1,7.745966692415E-1,-4.472135955E-1));
#4898=VECTOR('',#4897,4.260281680828E-1);
#4899=CARTESIAN_POINT('',(3.675525588833E0,-7.75E0,-1.404474411167E0));
#4900=LINE('',#4899,#4898);
#4901=DIRECTION('',(-4.472135955E-1,-7.745966692415E-1,4.472135955E-1));
#4902=VECTOR('',#4901,4.260281680828E-1);
#4903=CARTESIAN_POINT('',(4.135E0,-7.42E0,-1.595E0));
#4904=LINE('',#4903,#4902);
#4905=DIRECTION('',(-1.E0,0.E0,0.E0));
#4906=VECTOR('',#4905,6.5E-1);
#4907=CARTESIAN_POINT('',(4.135E0,-7.42E0,-1.595E0));
#4908=LINE('',#4907,#4906);
#4909=DIRECTION('',(4.472135955E-1,-7.745966692415E-1,-4.472135955E-1));
#4910=VECTOR('',#4909,4.260281680828E-1);
#4911=CARTESIAN_POINT('',(3.485E0,-7.42E0,-9.45E-1));
#4912=LINE('',#4911,#4910);
#4913=DIRECTION('',(4.472135955E-1,7.745966692415E-1,4.472135955E-1));
#4914=VECTOR('',#4913,4.260281680828E-1);
#4915=CARTESIAN_POINT('',(3.944474411167E0,-7.75E0,-1.135525588833E0));
#4916=LINE('',#4915,#4914);
#4917=DIRECTION('',(-1.E0,0.E0,0.E0));
#4918=VECTOR('',#4917,6.5E-1);
#4919=CARTESIAN_POINT('',(4.135E0,-7.42E0,-9.45E-1));
#4920=LINE('',#4919,#4918);
#4921=DIRECTION('',(4.472135955E-1,7.745966692415E-1,-4.472135955E-1));
#4922=VECTOR('',#4921,4.260281680828E-1);
#4923=CARTESIAN_POINT('',(3.944474411167E0,-7.75E0,1.135525588833E0));
#4924=LINE('',#4923,#4922);
#4925=DIRECTION('',(-1.E0,0.E0,0.E0));
#4926=VECTOR('',#4925,2.689488223348E-1);
#4927=CARTESIAN_POINT('',(3.944474411167E0,-7.75E0,1.135525588833E0));
#4928=LINE('',#4927,#4926);
#4929=DIRECTION('',(0.E0,0.E0,1.E0));
#4930=VECTOR('',#4929,2.689488223348E-1);
#4931=CARTESIAN_POINT('',(3.675525588833E0,-7.75E0,1.135525588833E0));
#4932=LINE('',#4931,#4930);
#4933=DIRECTION('',(-1.E0,0.E0,0.E0));
#4934=VECTOR('',#4933,2.689488223348E-1);
#4935=CARTESIAN_POINT('',(3.944474411167E0,-7.75E0,1.404474411167E0));
#4936=LINE('',#4935,#4934);
#4937=DIRECTION('',(0.E0,0.E0,-1.E0));
#4938=VECTOR('',#4937,2.689488223348E-1);
#4939=CARTESIAN_POINT('',(3.944474411167E0,-7.75E0,1.404474411167E0));
#4940=LINE('',#4939,#4938);
#4941=DIRECTION('',(-4.472135955E-1,7.745966692415E-1,-4.472135955E-1));
#4942=VECTOR('',#4941,4.260281680828E-1);
#4943=CARTESIAN_POINT('',(3.675525588833E0,-7.75E0,1.135525588833E0));
#4944=LINE('',#4943,#4942);
#4945=DIRECTION('',(-1.E0,0.E0,0.E0));
#4946=VECTOR('',#4945,6.5E-1);
#4947=CARTESIAN_POINT('',(4.135E0,-7.42E0,9.45E-1));
#4948=LINE('',#4947,#4946);
#4949=DIRECTION('',(-4.472135955E-1,7.745966692415E-1,4.472135955E-1));
#4950=VECTOR('',#4949,4.260281680828E-1);
#4951=CARTESIAN_POINT('',(3.675525588833E0,-7.75E0,1.404474411167E0));
#4952=LINE('',#4951,#4950);
#4953=DIRECTION('',(4.472135955E-1,7.745966692415E-1,4.472135955E-1));
#4954=VECTOR('',#4953,4.260281680828E-1);
#4955=CARTESIAN_POINT('',(3.944474411167E0,-7.75E0,1.404474411167E0));
#4956=LINE('',#4955,#4954);
#4957=DIRECTION('',(-1.E0,0.E0,0.E0));
#4958=VECTOR('',#4957,6.5E-1);
#4959=CARTESIAN_POINT('',(4.135E0,-7.42E0,1.595E0));
#4960=LINE('',#4959,#4958);
#4961=DIRECTION('',(0.E0,-1.E0,0.E0));
#4962=VECTOR('',#4961,6.5E-1);
#4963=CARTESIAN_POINT('',(9.45E-1,6.115E0,-5.645E0));
#4964=LINE('',#4963,#4962);
#4965=DIRECTION('',(0.E0,0.E0,1.E0));
#4966=VECTOR('',#4965,5.94E0);
#4967=CARTESIAN_POINT('',(9.45E-1,6.115E0,-5.645E0));
#4968=LINE('',#4967,#4966);
#4969=CARTESIAN_POINT('',(9.45E-1,4.815E0,2.95E-1));
#4970=DIRECTION('',(1.E0,0.E0,0.E0));
#4971=DIRECTION('',(0.E0,1.E0,0.E0));
#4972=AXIS2_PLACEMENT_3D('',#4969,#4970,#4971);
#4974=DIRECTION('',(0.E0,-1.E0,0.E0));
#4975=VECTOR('',#4974,3.815E0);
#4976=CARTESIAN_POINT('',(9.45E-1,4.815E0,1.595E0));
#4977=LINE('',#4976,#4975);
#4978=DIRECTION('',(0.E0,1.E0,0.E0));
#4979=VECTOR('',#4978,3.815E0);
#4980=CARTESIAN_POINT('',(9.45E-1,1.E0,9.45E-1));
#4981=LINE('',#4980,#4979);
#4982=CARTESIAN_POINT('',(9.45E-1,4.815E0,2.95E-1));
#4983=DIRECTION('',(-1.E0,0.E0,0.E0));
#4984=DIRECTION('',(0.E0,0.E0,1.E0));
#4985=AXIS2_PLACEMENT_3D('',#4982,#4983,#4984);
#4987=DIRECTION('',(0.E0,0.E0,-1.E0));
#4988=VECTOR('',#4987,5.94E0);
#4989=CARTESIAN_POINT('',(9.45E-1,5.465E0,2.95E-1));
#4990=LINE('',#4989,#4988);
#4991=DIRECTION('',(0.E0,-1.E0,0.E0));
#4992=VECTOR('',#4991,6.5E-1);
#4993=CARTESIAN_POINT('',(9.45E-1,3.575E0,-5.645E0));
#4994=LINE('',#4993,#4992);
#4995=DIRECTION('',(0.E0,0.E0,1.E0));
#4996=VECTOR('',#4995,3.4E0);
#4997=CARTESIAN_POINT('',(9.45E-1,3.575E0,-5.645E0));
#4998=LINE('',#4997,#4996);
#4999=CARTESIAN_POINT('',(9.45E-1,2.275E0,-2.245E0));
#5000=DIRECTION('',(1.E0,0.E0,0.E0));
#5001=DIRECTION('',(0.E0,1.E0,0.E0));
#5002=AXIS2_PLACEMENT_3D('',#4999,#5000,#5001);
#5004=DIRECTION('',(0.E0,-1.E0,0.E0));
#5005=VECTOR('',#5004,1.275E0);
#5006=CARTESIAN_POINT('',(9.45E-1,2.275E0,-9.45E-1));
#5007=LINE('',#5006,#5005);
#5008=DIRECTION('',(0.E0,1.E0,0.E0));
#5009=VECTOR('',#5008,1.275E0);
#5010=CARTESIAN_POINT('',(9.45E-1,1.E0,-1.595E0));
#5011=LINE('',#5010,#5009);
#5012=CARTESIAN_POINT('',(9.45E-1,2.275E0,-2.245E0));
#5013=DIRECTION('',(-1.E0,0.E0,0.E0));
#5014=DIRECTION('',(0.E0,0.E0,1.E0));
#5015=AXIS2_PLACEMENT_3D('',#5012,#5013,#5014);
#5017=DIRECTION('',(0.E0,0.E0,-1.E0));
#5018=VECTOR('',#5017,3.4E0);
#5019=CARTESIAN_POINT('',(9.45E-1,2.925E0,-2.245E0));
#5020=LINE('',#5019,#5018);
#5021=DIRECTION('',(0.E0,0.E0,1.E0));
#5022=VECTOR('',#5021,6.5E-1);
#5023=CARTESIAN_POINT('',(9.45E-1,-7.42E0,-1.595E0));
#5024=LINE('',#5023,#5022);
#5025=DIRECTION('',(0.E0,1.E0,0.E0));
#5026=VECTOR('',#5025,6.42E0);
#5027=CARTESIAN_POINT('',(9.45E-1,-7.42E0,-1.595E0));
#5028=LINE('',#5027,#5026);
#5029=DIRECTION('',(0.E0,-1.E0,0.E0));
#5030=VECTOR('',#5029,6.42E0);
#5031=CARTESIAN_POINT('',(9.45E-1,-1.E0,-9.45E-1));
#5032=LINE('',#5031,#5030);
#5033=DIRECTION('',(0.E0,0.E0,1.E0));
#5034=VECTOR('',#5033,6.5E-1);
#5035=CARTESIAN_POINT('',(9.45E-1,-7.42E0,9.45E-1));
#5036=LINE('',#5035,#5034);
#5037=DIRECTION('',(0.E0,1.E0,0.E0));
#5038=VECTOR('',#5037,6.42E0);
#5039=CARTESIAN_POINT('',(9.45E-1,-7.42E0,9.45E-1));
#5040=LINE('',#5039,#5038);
#5041=DIRECTION('',(0.E0,-1.E0,0.E0));
#5042=VECTOR('',#5041,6.42E0);
#5043=CARTESIAN_POINT('',(9.45E-1,-1.E0,1.595E0));
#5044=LINE('',#5043,#5042);
#5045=DIRECTION('',(-4.472135955E-1,-4.472135955E-1,7.745966692415E-1));
#5046=VECTOR('',#5045,4.260281680828E-1);
#5047=CARTESIAN_POINT('',(1.135525588833E0,5.655525588833E0,-5.975E0));
#5048=LINE('',#5047,#5046);
#5049=DIRECTION('',(4.472135955E-1,-4.472135955E-1,7.745966692415E-1));
#5050=VECTOR('',#5049,4.260281680828E-1);
#5051=CARTESIAN_POINT('',(1.404474411167E0,5.655525588833E0,-5.975E0));
#5052=LINE('',#5051,#5050);
#5053=DIRECTION('',(-1.E0,0.E0,0.E0));
#5054=VECTOR('',#5053,6.5E-1);
#5055=CARTESIAN_POINT('',(1.595E0,5.465E0,-5.645E0));
#5056=LINE('',#5055,#5054);
#5057=DIRECTION('',(1.E0,0.E0,0.E0));
#5058=VECTOR('',#5057,6.5E-1);
#5059=CARTESIAN_POINT('',(9.45E-1,5.465E0,2.95E-1));
#5060=LINE('',#5059,#5058);
#5061=DIRECTION('',(1.E0,0.E0,0.E0));
#5062=VECTOR('',#5061,6.5E-1);
#5063=CARTESIAN_POINT('',(9.45E-1,4.815E0,9.45E-1));
#5064=LINE('',#5063,#5062);
#5065=DIRECTION('',(0.E0,1.E0,0.E0));
#5066=VECTOR('',#5065,6.5E-1);
#5067=CARTESIAN_POINT('',(1.595E0,5.465E0,-5.645E0));
#5068=LINE('',#5067,#5066);
#5069=DIRECTION('',(0.E0,0.E0,-1.E0));
#5070=VECTOR('',#5069,5.94E0);
#5071=CARTESIAN_POINT('',(1.595E0,5.465E0,2.95E-1));
#5072=LINE('',#5071,#5070);
#5073=CARTESIAN_POINT('',(1.595E0,4.815E0,2.95E-1));
#5074=DIRECTION('',(-1.E0,0.E0,0.E0));
#5075=DIRECTION('',(0.E0,0.E0,1.E0));
#5076=AXIS2_PLACEMENT_3D('',#5073,#5074,#5075);
#5078=DIRECTION('',(0.E0,1.E0,0.E0));
#5079=VECTOR('',#5078,3.815E0);
#5080=CARTESIAN_POINT('',(1.595E0,1.E0,9.45E-1));
#5081=LINE('',#5080,#5079);
#5082=DIRECTION('',(0.E0,-1.E0,0.E0));
#5083=VECTOR('',#5082,3.815E0);
#5084=CARTESIAN_POINT('',(1.595E0,4.815E0,1.595E0));
#5085=LINE('',#5084,#5083);
#5086=CARTESIAN_POINT('',(1.595E0,4.815E0,2.95E-1));
#5087=DIRECTION('',(1.E0,0.E0,0.E0));
#5088=DIRECTION('',(0.E0,1.E0,0.E0));
#5089=AXIS2_PLACEMENT_3D('',#5086,#5087,#5088);
#5091=DIRECTION('',(0.E0,0.E0,1.E0));
#5092=VECTOR('',#5091,5.94E0);
#5093=CARTESIAN_POINT('',(1.595E0,6.115E0,-5.645E0));
#5094=LINE('',#5093,#5092);
#5095=DIRECTION('',(0.E0,1.E0,0.E0));
#5096=VECTOR('',#5095,6.5E-1);
#5097=CARTESIAN_POINT('',(1.595E0,2.925E0,-5.645E0));
#5098=LINE('',#5097,#5096);
#5099=DIRECTION('',(0.E0,0.E0,-1.E0));
#5100=VECTOR('',#5099,3.4E0);
#5101=CARTESIAN_POINT('',(1.595E0,2.925E0,-2.245E0));
#5102=LINE('',#5101,#5100);
#5103=CARTESIAN_POINT('',(1.595E0,2.275E0,-2.245E0));
#5104=DIRECTION('',(-1.E0,0.E0,0.E0));
#5105=DIRECTION('',(0.E0,0.E0,1.E0));
#5106=AXIS2_PLACEMENT_3D('',#5103,#5104,#5105);
#5108=DIRECTION('',(0.E0,1.E0,0.E0));
#5109=VECTOR('',#5108,1.275E0);
#5110=CARTESIAN_POINT('',(1.595E0,1.E0,-1.595E0));
#5111=LINE('',#5110,#5109);
#5112=DIRECTION('',(0.E0,-1.E0,0.E0));
#5113=VECTOR('',#5112,1.275E0);
#5114=CARTESIAN_POINT('',(1.595E0,2.275E0,-9.45E-1));
#5115=LINE('',#5114,#5113);
#5116=CARTESIAN_POINT('',(1.595E0,2.275E0,-2.245E0));
#5117=DIRECTION('',(1.E0,0.E0,0.E0));
#5118=DIRECTION('',(0.E0,1.E0,0.E0));
#5119=AXIS2_PLACEMENT_3D('',#5116,#5117,#5118);
#5121=DIRECTION('',(0.E0,0.E0,1.E0));
#5122=VECTOR('',#5121,3.4E0);
#5123=CARTESIAN_POINT('',(1.595E0,3.575E0,-5.645E0));
#5124=LINE('',#5123,#5122);
#5125=DIRECTION('',(0.E0,0.E0,-1.E0));
#5126=VECTOR('',#5125,6.5E-1);
#5127=CARTESIAN_POINT('',(1.595E0,-7.42E0,-9.45E-1));
#5128=LINE('',#5127,#5126);
#5129=DIRECTION('',(0.E0,-1.E0,0.E0));
#5130=VECTOR('',#5129,6.42E0);
#5131=CARTESIAN_POINT('',(1.595E0,-1.E0,-9.45E-1));
#5132=LINE('',#5131,#5130);
#5133=DIRECTION('',(0.E0,1.E0,0.E0));
#5134=VECTOR('',#5133,6.42E0);
#5135=CARTESIAN_POINT('',(1.595E0,-7.42E0,-1.595E0));
#5136=LINE('',#5135,#5134);
#5137=DIRECTION('',(0.E0,0.E0,-1.E0));
#5138=VECTOR('',#5137,6.5E-1);
#5139=CARTESIAN_POINT('',(1.595E0,-7.42E0,1.595E0));
#5140=LINE('',#5139,#5138);
#5141=DIRECTION('',(0.E0,-1.E0,0.E0));
#5142=VECTOR('',#5141,6.42E0);
#5143=CARTESIAN_POINT('',(1.595E0,-1.E0,1.595E0));
#5144=LINE('',#5143,#5142);
#5145=DIRECTION('',(0.E0,1.E0,0.E0));
#5146=VECTOR('',#5145,6.42E0);
#5147=CARTESIAN_POINT('',(1.595E0,-7.42E0,9.45E-1));
#5148=LINE('',#5147,#5146);
#5149=DIRECTION('',(0.E0,1.E0,0.E0));
#5150=VECTOR('',#5149,2.689488223348E-1);
#5151=CARTESIAN_POINT('',(1.404474411167E0,5.655525588833E0,-5.975E0));
#5152=LINE('',#5151,#5150);
#5153=DIRECTION('',(-1.E0,0.E0,0.E0));
#5154=VECTOR('',#5153,2.689488223348E-1);
#5155=CARTESIAN_POINT('',(1.404474411167E0,5.924474411167E0,-5.975E0));
#5156=LINE('',#5155,#5154);
#5157=DIRECTION('',(0.E0,-1.E0,0.E0));
#5158=VECTOR('',#5157,2.689488223348E-1);
#5159=CARTESIAN_POINT('',(1.135525588833E0,5.924474411167E0,-5.975E0));
#5160=LINE('',#5159,#5158);
#5161=DIRECTION('',(-1.E0,0.E0,0.E0));
#5162=VECTOR('',#5161,2.689488223348E-1);
#5163=CARTESIAN_POINT('',(1.404474411167E0,5.655525588833E0,-5.975E0));
#5164=LINE('',#5163,#5162);
#5165=DIRECTION('',(-4.472135955E-1,4.472135955E-1,7.745966692415E-1));
#5166=VECTOR('',#5165,4.260281680828E-1);
#5167=CARTESIAN_POINT('',(1.135525588833E0,5.924474411167E0,-5.975E0));
#5168=LINE('',#5167,#5166);
#5169=DIRECTION('',(-4.472135955E-1,-4.472135955E-1,-7.745966692415E-1));
#5170=VECTOR('',#5169,4.260281680828E-1);
#5171=CARTESIAN_POINT('',(1.595E0,6.115E0,-5.645E0));
#5172=LINE('',#5171,#5170);
#5173=DIRECTION('',(-1.E0,0.E0,0.E0));
#5174=VECTOR('',#5173,6.5E-1);
#5175=CARTESIAN_POINT('',(1.595E0,6.115E0,-5.645E0));
#5176=LINE('',#5175,#5174);
#5177=DIRECTION('',(1.E0,0.E0,0.E0));
#5178=VECTOR('',#5177,6.5E-1);
#5179=CARTESIAN_POINT('',(9.45E-1,6.115E0,2.95E-1));
#5180=LINE('',#5179,#5178);
#5181=DIRECTION('',(1.E0,0.E0,0.E0));
#5182=VECTOR('',#5181,6.5E-1);
#5183=CARTESIAN_POINT('',(9.45E-1,4.815E0,1.595E0));
#5184=LINE('',#5183,#5182);
#5185=DIRECTION('',(0.E0,1.E0,0.E0));
#5186=VECTOR('',#5185,2.689488223348E-1);
#5187=CARTESIAN_POINT('',(1.404474411167E0,3.115525588833E0,-5.975E0));
#5188=LINE('',#5187,#5186);
#5189=DIRECTION('',(-1.E0,0.E0,0.E0));
#5190=VECTOR('',#5189,2.689488223348E-1);
#5191=CARTESIAN_POINT('',(1.404474411167E0,3.384474411167E0,-5.975E0));
#5192=LINE('',#5191,#5190);
#5193=DIRECTION('',(0.E0,-1.E0,0.E0));
#5194=VECTOR('',#5193,2.689488223348E-1);
#5195=CARTESIAN_POINT('',(1.135525588833E0,3.384474411167E0,-5.975E0));
#5196=LINE('',#5195,#5194);
#5197=DIRECTION('',(-1.E0,0.E0,0.E0));
#5198=VECTOR('',#5197,2.689488223348E-1);
#5199=CARTESIAN_POINT('',(1.404474411167E0,3.115525588833E0,-5.975E0));
#5200=LINE('',#5199,#5198);
#5201=DIRECTION('',(-4.472135955E-1,4.472135955E-1,7.745966692415E-1));
#5202=VECTOR('',#5201,4.260281680828E-1);
#5203=CARTESIAN_POINT('',(1.135525588833E0,3.384474411167E0,-5.975E0));
#5204=LINE('',#5203,#5202);
#5205=DIRECTION('',(-4.472135955E-1,-4.472135955E-1,-7.745966692415E-1));
#5206=VECTOR('',#5205,4.260281680828E-1);
#5207=CARTESIAN_POINT('',(1.595E0,3.575E0,-5.645E0));
#5208=LINE('',#5207,#5206);
#5209=DIRECTION('',(-1.E0,0.E0,0.E0));
#5210=VECTOR('',#5209,6.5E-1);
#5211=CARTESIAN_POINT('',(1.595E0,3.575E0,-5.645E0));
#5212=LINE('',#5211,#5210);
#5213=DIRECTION('',(1.E0,0.E0,0.E0));
#5214=VECTOR('',#5213,6.5E-1);
#5215=CARTESIAN_POINT('',(9.45E-1,3.575E0,-2.245E0));
#5216=LINE('',#5215,#5214);
#5217=DIRECTION('',(1.E0,0.E0,0.E0));
#5218=VECTOR('',#5217,6.5E-1);
#5219=CARTESIAN_POINT('',(9.45E-1,2.275E0,-9.45E-1));
#5220=LINE('',#5219,#5218);
#5221=DIRECTION('',(-4.472135955E-1,-4.472135955E-1,7.745966692415E-1));
#5222=VECTOR('',#5221,4.260281680828E-1);
#5223=CARTESIAN_POINT('',(1.135525588833E0,3.115525588833E0,-5.975E0));
#5224=LINE('',#5223,#5222);
#5225=DIRECTION('',(4.472135955E-1,-4.472135955E-1,7.745966692415E-1));
#5226=VECTOR('',#5225,4.260281680828E-1);
#5227=CARTESIAN_POINT('',(1.404474411167E0,3.115525588833E0,-5.975E0));
#5228=LINE('',#5227,#5226);
#5229=DIRECTION('',(-1.E0,0.E0,0.E0));
#5230=VECTOR('',#5229,6.5E-1);
#5231=CARTESIAN_POINT('',(1.595E0,2.925E0,-5.645E0));
#5232=LINE('',#5231,#5230);
#5233=DIRECTION('',(1.E0,0.E0,0.E0));
#5234=VECTOR('',#5233,6.5E-1);
#5235=CARTESIAN_POINT('',(9.45E-1,2.925E0,-2.245E0));
#5236=LINE('',#5235,#5234);
#5237=DIRECTION('',(1.E0,0.E0,0.E0));
#5238=VECTOR('',#5237,6.5E-1);
#5239=CARTESIAN_POINT('',(9.45E-1,2.275E0,-1.595E0));
#5240=LINE('',#5239,#5238);
#5241=DIRECTION('',(0.E0,0.E0,-1.E0));
#5242=VECTOR('',#5241,2.689488223348E-1);
#5243=CARTESIAN_POINT('',(1.404474411167E0,-7.75E0,-1.135525588833E0));
#5244=LINE('',#5243,#5242);
#5245=DIRECTION('',(-1.E0,0.E0,0.E0));
#5246=VECTOR('',#5245,2.689488223348E-1);
#5247=CARTESIAN_POINT('',(1.404474411167E0,-7.75E0,-1.404474411167E0));
#5248=LINE('',#5247,#5246);
#5249=DIRECTION('',(0.E0,0.E0,1.E0));
#5250=VECTOR('',#5249,2.689488223348E-1);
#5251=CARTESIAN_POINT('',(1.135525588833E0,-7.75E0,-1.404474411167E0));
#5252=LINE('',#5251,#5250);
#5253=DIRECTION('',(-1.E0,0.E0,0.E0));
#5254=VECTOR('',#5253,2.689488223348E-1);
#5255=CARTESIAN_POINT('',(1.404474411167E0,-7.75E0,-1.135525588833E0));
#5256=LINE('',#5255,#5254);
#5257=DIRECTION('',(-4.472135955E-1,7.745966692415E-1,-4.472135955E-1));
#5258=VECTOR('',#5257,4.260281680828E-1);
#5259=CARTESIAN_POINT('',(1.135525588833E0,-7.75E0,-1.404474411167E0));
#5260=LINE('',#5259,#5258);
#5261=DIRECTION('',(-4.472135955E-1,-7.745966692415E-1,4.472135955E-1));
#5262=VECTOR('',#5261,4.260281680828E-1);
#5263=CARTESIAN_POINT('',(1.595E0,-7.42E0,-1.595E0));
#5264=LINE('',#5263,#5262);
#5265=DIRECTION('',(-1.E0,0.E0,0.E0));
#5266=VECTOR('',#5265,6.5E-1);
#5267=CARTESIAN_POINT('',(1.595E0,-7.42E0,-1.595E0));
#5268=LINE('',#5267,#5266);
#5269=DIRECTION('',(4.472135955E-1,-7.745966692415E-1,-4.472135955E-1));
#5270=VECTOR('',#5269,4.260281680828E-1);
#5271=CARTESIAN_POINT('',(9.45E-1,-7.42E0,-9.45E-1));
#5272=LINE('',#5271,#5270);
#5273=DIRECTION('',(4.472135955E-1,7.745966692415E-1,4.472135955E-1));
#5274=VECTOR('',#5273,4.260281680828E-1);
#5275=CARTESIAN_POINT('',(1.404474411167E0,-7.75E0,-1.135525588833E0));
#5276=LINE('',#5275,#5274);
#5277=DIRECTION('',(-1.E0,0.E0,0.E0));
#5278=VECTOR('',#5277,6.5E-1);
#5279=CARTESIAN_POINT('',(1.595E0,-7.42E0,-9.45E-1));
#5280=LINE('',#5279,#5278);
#5281=DIRECTION('',(4.472135955E-1,7.745966692415E-1,-4.472135955E-1));
#5282=VECTOR('',#5281,4.260281680828E-1);
#5283=CARTESIAN_POINT('',(1.404474411167E0,-7.75E0,1.135525588833E0));
#5284=LINE('',#5283,#5282);
#5285=DIRECTION('',(-1.E0,0.E0,0.E0));
#5286=VECTOR('',#5285,2.689488223348E-1);
#5287=CARTESIAN_POINT('',(1.404474411167E0,-7.75E0,1.135525588833E0));
#5288=LINE('',#5287,#5286);
#5289=DIRECTION('',(0.E0,0.E0,1.E0));
#5290=VECTOR('',#5289,2.689488223348E-1);
#5291=CARTESIAN_POINT('',(1.135525588833E0,-7.75E0,1.135525588833E0));
#5292=LINE('',#5291,#5290);
#5293=DIRECTION('',(-1.E0,0.E0,0.E0));
#5294=VECTOR('',#5293,2.689488223348E-1);
#5295=CARTESIAN_POINT('',(1.404474411167E0,-7.75E0,1.404474411167E0));
#5296=LINE('',#5295,#5294);
#5297=DIRECTION('',(0.E0,0.E0,-1.E0));
#5298=VECTOR('',#5297,2.689488223348E-1);
#5299=CARTESIAN_POINT('',(1.404474411167E0,-7.75E0,1.404474411167E0));
#5300=LINE('',#5299,#5298);
#5301=DIRECTION('',(-4.472135955E-1,7.745966692415E-1,-4.472135955E-1));
#5302=VECTOR('',#5301,4.260281680828E-1);
#5303=CARTESIAN_POINT('',(1.135525588833E0,-7.75E0,1.135525588833E0));
#5304=LINE('',#5303,#5302);
#5305=DIRECTION('',(-1.E0,0.E0,0.E0));
#5306=VECTOR('',#5305,6.5E-1);
#5307=CARTESIAN_POINT('',(1.595E0,-7.42E0,9.45E-1));
#5308=LINE('',#5307,#5306);
#5309=DIRECTION('',(-4.472135955E-1,7.745966692415E-1,4.472135955E-1));
#5310=VECTOR('',#5309,4.260281680828E-1);
#5311=CARTESIAN_POINT('',(1.135525588833E0,-7.75E0,1.404474411167E0));
#5312=LINE('',#5311,#5310);
#5313=DIRECTION('',(4.472135955E-1,7.745966692415E-1,4.472135955E-1));
#5314=VECTOR('',#5313,4.260281680828E-1);
#5315=CARTESIAN_POINT('',(1.404474411167E0,-7.75E0,1.404474411167E0));
#5316=LINE('',#5315,#5314);
#5317=DIRECTION('',(-1.E0,0.E0,0.E0));
#5318=VECTOR('',#5317,6.5E-1);
#5319=CARTESIAN_POINT('',(1.595E0,-7.42E0,1.595E0));
#5320=LINE('',#5319,#5318);
#5321=DIRECTION('',(0.E0,-1.E0,0.E0));
#5322=VECTOR('',#5321,6.5E-1);
#5323=CARTESIAN_POINT('',(-1.595E0,6.115E0,-5.645E0));
#5324=LINE('',#5323,#5322);
#5325=DIRECTION('',(0.E0,0.E0,1.E0));
#5326=VECTOR('',#5325,5.94E0);
#5327=CARTESIAN_POINT('',(-1.595E0,6.115E0,-5.645E0));
#5328=LINE('',#5327,#5326);
#5329=CARTESIAN_POINT('',(-1.595E0,4.815E0,2.95E-1));
#5330=DIRECTION('',(1.E0,0.E0,0.E0));
#5331=DIRECTION('',(0.E0,1.E0,0.E0));
#5332=AXIS2_PLACEMENT_3D('',#5329,#5330,#5331);
#5334=DIRECTION('',(0.E0,-1.E0,0.E0));
#5335=VECTOR('',#5334,3.815E0);
#5336=CARTESIAN_POINT('',(-1.595E0,4.815E0,1.595E0));
#5337=LINE('',#5336,#5335);
#5338=DIRECTION('',(0.E0,1.E0,0.E0));
#5339=VECTOR('',#5338,3.815E0);
#5340=CARTESIAN_POINT('',(-1.595E0,1.E0,9.45E-1));
#5341=LINE('',#5340,#5339);
#5342=CARTESIAN_POINT('',(-1.595E0,4.815E0,2.95E-1));
#5343=DIRECTION('',(-1.E0,0.E0,0.E0));
#5344=DIRECTION('',(0.E0,0.E0,1.E0));
#5345=AXIS2_PLACEMENT_3D('',#5342,#5343,#5344);
#5347=DIRECTION('',(0.E0,0.E0,-1.E0));
#5348=VECTOR('',#5347,5.94E0);
#5349=CARTESIAN_POINT('',(-1.595E0,5.465E0,2.95E-1));
#5350=LINE('',#5349,#5348);
#5351=DIRECTION('',(0.E0,-1.E0,0.E0));
#5352=VECTOR('',#5351,6.5E-1);
#5353=CARTESIAN_POINT('',(-1.595E0,3.575E0,-5.645E0));
#5354=LINE('',#5353,#5352);
#5355=DIRECTION('',(0.E0,0.E0,1.E0));
#5356=VECTOR('',#5355,3.4E0);
#5357=CARTESIAN_POINT('',(-1.595E0,3.575E0,-5.645E0));
#5358=LINE('',#5357,#5356);
#5359=CARTESIAN_POINT('',(-1.595E0,2.275E0,-2.245E0));
#5360=DIRECTION('',(1.E0,0.E0,0.E0));
#5361=DIRECTION('',(0.E0,1.E0,0.E0));
#5362=AXIS2_PLACEMENT_3D('',#5359,#5360,#5361);
#5364=DIRECTION('',(0.E0,-1.E0,0.E0));
#5365=VECTOR('',#5364,1.275E0);
#5366=CARTESIAN_POINT('',(-1.595E0,2.275E0,-9.45E-1));
#5367=LINE('',#5366,#5365);
#5368=DIRECTION('',(0.E0,1.E0,0.E0));
#5369=VECTOR('',#5368,1.275E0);
#5370=CARTESIAN_POINT('',(-1.595E0,1.E0,-1.595E0));
#5371=LINE('',#5370,#5369);
#5372=CARTESIAN_POINT('',(-1.595E0,2.275E0,-2.245E0));
#5373=DIRECTION('',(-1.E0,0.E0,0.E0));
#5374=DIRECTION('',(0.E0,0.E0,1.E0));
#5375=AXIS2_PLACEMENT_3D('',#5372,#5373,#5374);
#5377=DIRECTION('',(0.E0,0.E0,-1.E0));
#5378=VECTOR('',#5377,3.4E0);
#5379=CARTESIAN_POINT('',(-1.595E0,2.925E0,-2.245E0));
#5380=LINE('',#5379,#5378);
#5381=DIRECTION('',(0.E0,0.E0,1.E0));
#5382=VECTOR('',#5381,6.5E-1);
#5383=CARTESIAN_POINT('',(-1.595E0,-7.42E0,-1.595E0));
#5384=LINE('',#5383,#5382);
#5385=DIRECTION('',(0.E0,1.E0,0.E0));
#5386=VECTOR('',#5385,6.42E0);
#5387=CARTESIAN_POINT('',(-1.595E0,-7.42E0,-1.595E0));
#5388=LINE('',#5387,#5386);
#5389=DIRECTION('',(0.E0,-1.E0,0.E0));
#5390=VECTOR('',#5389,6.42E0);
#5391=CARTESIAN_POINT('',(-1.595E0,-1.E0,-9.45E-1));
#5392=LINE('',#5391,#5390);
#5393=DIRECTION('',(0.E0,0.E0,1.E0));
#5394=VECTOR('',#5393,6.5E-1);
#5395=CARTESIAN_POINT('',(-1.595E0,-7.42E0,9.45E-1));
#5396=LINE('',#5395,#5394);
#5397=DIRECTION('',(0.E0,1.E0,0.E0));
#5398=VECTOR('',#5397,6.42E0);
#5399=CARTESIAN_POINT('',(-1.595E0,-7.42E0,9.45E-1));
#5400=LINE('',#5399,#5398);
#5401=DIRECTION('',(0.E0,-1.E0,0.E0));
#5402=VECTOR('',#5401,6.42E0);
#5403=CARTESIAN_POINT('',(-1.595E0,-1.E0,1.595E0));
#5404=LINE('',#5403,#5402);
#5405=DIRECTION('',(-4.472135955E-1,-4.472135955E-1,7.745966692415E-1));
#5406=VECTOR('',#5405,4.260281680828E-1);
#5407=CARTESIAN_POINT('',(-1.404474411167E0,5.655525588833E0,-5.975E0));
#5408=LINE('',#5407,#5406);
#5409=DIRECTION('',(4.472135955E-1,-4.472135955E-1,7.745966692415E-1));
#5410=VECTOR('',#5409,4.260281680828E-1);
#5411=CARTESIAN_POINT('',(-1.135525588833E0,5.655525588833E0,-5.975E0));
#5412=LINE('',#5411,#5410);
#5413=DIRECTION('',(-1.E0,0.E0,0.E0));
#5414=VECTOR('',#5413,6.5E-1);
#5415=CARTESIAN_POINT('',(-9.45E-1,5.465E0,-5.645E0));
#5416=LINE('',#5415,#5414);
#5417=DIRECTION('',(1.E0,0.E0,0.E0));
#5418=VECTOR('',#5417,6.5E-1);
#5419=CARTESIAN_POINT('',(-1.595E0,5.465E0,2.95E-1));
#5420=LINE('',#5419,#5418);
#5421=DIRECTION('',(1.E0,0.E0,0.E0));
#5422=VECTOR('',#5421,6.5E-1);
#5423=CARTESIAN_POINT('',(-1.595E0,4.815E0,9.45E-1));
#5424=LINE('',#5423,#5422);
#5425=DIRECTION('',(0.E0,1.E0,0.E0));
#5426=VECTOR('',#5425,6.5E-1);
#5427=CARTESIAN_POINT('',(-9.45E-1,5.465E0,-5.645E0));
#5428=LINE('',#5427,#5426);
#5429=DIRECTION('',(0.E0,0.E0,-1.E0));
#5430=VECTOR('',#5429,5.94E0);
#5431=CARTESIAN_POINT('',(-9.45E-1,5.465E0,2.95E-1));
#5432=LINE('',#5431,#5430);
#5433=CARTESIAN_POINT('',(-9.45E-1,4.815E0,2.95E-1));
#5434=DIRECTION('',(-1.E0,0.E0,0.E0));
#5435=DIRECTION('',(0.E0,0.E0,1.E0));
#5436=AXIS2_PLACEMENT_3D('',#5433,#5434,#5435);
#5438=DIRECTION('',(0.E0,1.E0,0.E0));
#5439=VECTOR('',#5438,3.815E0);
#5440=CARTESIAN_POINT('',(-9.45E-1,1.E0,9.45E-1));
#5441=LINE('',#5440,#5439);
#5442=DIRECTION('',(0.E0,-1.E0,0.E0));
#5443=VECTOR('',#5442,3.815E0);
#5444=CARTESIAN_POINT('',(-9.45E-1,4.815E0,1.595E0));
#5445=LINE('',#5444,#5443);
#5446=CARTESIAN_POINT('',(-9.45E-1,4.815E0,2.95E-1));
#5447=DIRECTION('',(1.E0,0.E0,0.E0));
#5448=DIRECTION('',(0.E0,1.E0,0.E0));
#5449=AXIS2_PLACEMENT_3D('',#5446,#5447,#5448);
#5451=DIRECTION('',(0.E0,0.E0,1.E0));
#5452=VECTOR('',#5451,5.94E0);
#5453=CARTESIAN_POINT('',(-9.45E-1,6.115E0,-5.645E0));
#5454=LINE('',#5453,#5452);
#5455=DIRECTION('',(0.E0,1.E0,0.E0));
#5456=VECTOR('',#5455,6.5E-1);
#5457=CARTESIAN_POINT('',(-9.45E-1,2.925E0,-5.645E0));
#5458=LINE('',#5457,#5456);
#5459=DIRECTION('',(0.E0,0.E0,-1.E0));
#5460=VECTOR('',#5459,3.4E0);
#5461=CARTESIAN_POINT('',(-9.45E-1,2.925E0,-2.245E0));
#5462=LINE('',#5461,#5460);
#5463=CARTESIAN_POINT('',(-9.45E-1,2.275E0,-2.245E0));
#5464=DIRECTION('',(-1.E0,0.E0,0.E0));
#5465=DIRECTION('',(0.E0,0.E0,1.E0));
#5466=AXIS2_PLACEMENT_3D('',#5463,#5464,#5465);
#5468=DIRECTION('',(0.E0,1.E0,0.E0));
#5469=VECTOR('',#5468,1.275E0);
#5470=CARTESIAN_POINT('',(-9.45E-1,1.E0,-1.595E0));
#5471=LINE('',#5470,#5469);
#5472=DIRECTION('',(0.E0,-1.E0,0.E0));
#5473=VECTOR('',#5472,1.275E0);
#5474=CARTESIAN_POINT('',(-9.45E-1,2.275E0,-9.45E-1));
#5475=LINE('',#5474,#5473);
#5476=CARTESIAN_POINT('',(-9.45E-1,2.275E0,-2.245E0));
#5477=DIRECTION('',(1.E0,0.E0,0.E0));
#5478=DIRECTION('',(0.E0,1.E0,0.E0));
#5479=AXIS2_PLACEMENT_3D('',#5476,#5477,#5478);
#5481=DIRECTION('',(0.E0,0.E0,1.E0));
#5482=VECTOR('',#5481,3.4E0);
#5483=CARTESIAN_POINT('',(-9.45E-1,3.575E0,-5.645E0));
#5484=LINE('',#5483,#5482);
#5485=DIRECTION('',(0.E0,0.E0,-1.E0));
#5486=VECTOR('',#5485,6.5E-1);
#5487=CARTESIAN_POINT('',(-9.45E-1,-7.42E0,-9.45E-1));
#5488=LINE('',#5487,#5486);
#5489=DIRECTION('',(0.E0,-1.E0,0.E0));
#5490=VECTOR('',#5489,6.42E0);
#5491=CARTESIAN_POINT('',(-9.45E-1,-1.E0,-9.45E-1));
#5492=LINE('',#5491,#5490);
#5493=DIRECTION('',(0.E0,1.E0,0.E0));
#5494=VECTOR('',#5493,6.42E0);
#5495=CARTESIAN_POINT('',(-9.45E-1,-7.42E0,-1.595E0));
#5496=LINE('',#5495,#5494);
#5497=DIRECTION('',(0.E0,0.E0,-1.E0));
#5498=VECTOR('',#5497,6.5E-1);
#5499=CARTESIAN_POINT('',(-9.45E-1,-7.42E0,1.595E0));
#5500=LINE('',#5499,#5498);
#5501=DIRECTION('',(0.E0,-1.E0,0.E0));
#5502=VECTOR('',#5501,6.42E0);
#5503=CARTESIAN_POINT('',(-9.45E-1,-1.E0,1.595E0));
#5504=LINE('',#5503,#5502);
#5505=DIRECTION('',(0.E0,1.E0,0.E0));
#5506=VECTOR('',#5505,6.42E0);
#5507=CARTESIAN_POINT('',(-9.45E-1,-7.42E0,9.45E-1));
#5508=LINE('',#5507,#5506);
#5509=DIRECTION('',(0.E0,1.E0,0.E0));
#5510=VECTOR('',#5509,2.689488223348E-1);
#5511=CARTESIAN_POINT('',(-1.135525588833E0,5.655525588833E0,-5.975E0));
#5512=LINE('',#5511,#5510);
#5513=DIRECTION('',(-1.E0,0.E0,0.E0));
#5514=VECTOR('',#5513,2.689488223348E-1);
#5515=CARTESIAN_POINT('',(-1.135525588833E0,5.924474411167E0,-5.975E0));
#5516=LINE('',#5515,#5514);
#5517=DIRECTION('',(0.E0,-1.E0,0.E0));
#5518=VECTOR('',#5517,2.689488223348E-1);
#5519=CARTESIAN_POINT('',(-1.404474411167E0,5.924474411167E0,-5.975E0));
#5520=LINE('',#5519,#5518);
#5521=DIRECTION('',(-1.E0,0.E0,0.E0));
#5522=VECTOR('',#5521,2.689488223348E-1);
#5523=CARTESIAN_POINT('',(-1.135525588833E0,5.655525588833E0,-5.975E0));
#5524=LINE('',#5523,#5522);
#5525=DIRECTION('',(-4.472135955E-1,4.472135955E-1,7.745966692415E-1));
#5526=VECTOR('',#5525,4.260281680828E-1);
#5527=CARTESIAN_POINT('',(-1.404474411167E0,5.924474411167E0,-5.975E0));
#5528=LINE('',#5527,#5526);
#5529=DIRECTION('',(-4.472135955E-1,-4.472135955E-1,-7.745966692415E-1));
#5530=VECTOR('',#5529,4.260281680828E-1);
#5531=CARTESIAN_POINT('',(-9.45E-1,6.115E0,-5.645E0));
#5532=LINE('',#5531,#5530);
#5533=DIRECTION('',(-1.E0,0.E0,0.E0));
#5534=VECTOR('',#5533,6.5E-1);
#5535=CARTESIAN_POINT('',(-9.45E-1,6.115E0,-5.645E0));
#5536=LINE('',#5535,#5534);
#5537=DIRECTION('',(1.E0,0.E0,0.E0));
#5538=VECTOR('',#5537,6.5E-1);
#5539=CARTESIAN_POINT('',(-1.595E0,6.115E0,2.95E-1));
#5540=LINE('',#5539,#5538);
#5541=DIRECTION('',(1.E0,0.E0,0.E0));
#5542=VECTOR('',#5541,6.5E-1);
#5543=CARTESIAN_POINT('',(-1.595E0,4.815E0,1.595E0));
#5544=LINE('',#5543,#5542);
#5545=DIRECTION('',(0.E0,1.E0,0.E0));
#5546=VECTOR('',#5545,2.689488223348E-1);
#5547=CARTESIAN_POINT('',(-1.135525588833E0,3.115525588833E0,-5.975E0));
#5548=LINE('',#5547,#5546);
#5549=DIRECTION('',(-1.E0,0.E0,0.E0));
#5550=VECTOR('',#5549,2.689488223348E-1);
#5551=CARTESIAN_POINT('',(-1.135525588833E0,3.384474411167E0,-5.975E0));
#5552=LINE('',#5551,#5550);
#5553=DIRECTION('',(0.E0,-1.E0,0.E0));
#5554=VECTOR('',#5553,2.689488223348E-1);
#5555=CARTESIAN_POINT('',(-1.404474411167E0,3.384474411167E0,-5.975E0));
#5556=LINE('',#5555,#5554);
#5557=DIRECTION('',(-1.E0,0.E0,0.E0));
#5558=VECTOR('',#5557,2.689488223348E-1);
#5559=CARTESIAN_POINT('',(-1.135525588833E0,3.115525588833E0,-5.975E0));
#5560=LINE('',#5559,#5558);
#5561=DIRECTION('',(-4.472135955E-1,4.472135955E-1,7.745966692415E-1));
#5562=VECTOR('',#5561,4.260281680828E-1);
#5563=CARTESIAN_POINT('',(-1.404474411167E0,3.384474411167E0,-5.975E0));
#5564=LINE('',#5563,#5562);
#5565=DIRECTION('',(-4.472135955E-1,-4.472135955E-1,-7.745966692415E-1));
#5566=VECTOR('',#5565,4.260281680828E-1);
#5567=CARTESIAN_POINT('',(-9.45E-1,3.575E0,-5.645E0));
#5568=LINE('',#5567,#5566);
#5569=DIRECTION('',(-1.E0,0.E0,0.E0));
#5570=VECTOR('',#5569,6.5E-1);
#5571=CARTESIAN_POINT('',(-9.45E-1,3.575E0,-5.645E0));
#5572=LINE('',#5571,#5570);
#5573=DIRECTION('',(1.E0,0.E0,0.E0));
#5574=VECTOR('',#5573,6.5E-1);
#5575=CARTESIAN_POINT('',(-1.595E0,3.575E0,-2.245E0));
#5576=LINE('',#5575,#5574);
#5577=DIRECTION('',(1.E0,0.E0,0.E0));
#5578=VECTOR('',#5577,6.5E-1);
#5579=CARTESIAN_POINT('',(-1.595E0,2.275E0,-9.45E-1));
#5580=LINE('',#5579,#5578);
#5581=DIRECTION('',(-4.472135955E-1,-4.472135955E-1,7.745966692415E-1));
#5582=VECTOR('',#5581,4.260281680828E-1);
#5583=CARTESIAN_POINT('',(-1.404474411167E0,3.115525588833E0,-5.975E0));
#5584=LINE('',#5583,#5582);
#5585=DIRECTION('',(4.472135955E-1,-4.472135955E-1,7.745966692415E-1));
#5586=VECTOR('',#5585,4.260281680828E-1);
#5587=CARTESIAN_POINT('',(-1.135525588833E0,3.115525588833E0,-5.975E0));
#5588=LINE('',#5587,#5586);
#5589=DIRECTION('',(-1.E0,0.E0,0.E0));
#5590=VECTOR('',#5589,6.5E-1);
#5591=CARTESIAN_POINT('',(-9.45E-1,2.925E0,-5.645E0));
#5592=LINE('',#5591,#5590);
#5593=DIRECTION('',(1.E0,0.E0,0.E0));
#5594=VECTOR('',#5593,6.5E-1);
#5595=CARTESIAN_POINT('',(-1.595E0,2.925E0,-2.245E0));
#5596=LINE('',#5595,#5594);
#5597=DIRECTION('',(1.E0,0.E0,0.E0));
#5598=VECTOR('',#5597,6.5E-1);
#5599=CARTESIAN_POINT('',(-1.595E0,2.275E0,-1.595E0));
#5600=LINE('',#5599,#5598);
#5601=DIRECTION('',(0.E0,0.E0,-1.E0));
#5602=VECTOR('',#5601,2.689488223348E-1);
#5603=CARTESIAN_POINT('',(-1.135525588833E0,-7.75E0,-1.135525588833E0));
#5604=LINE('',#5603,#5602);
#5605=DIRECTION('',(-1.E0,0.E0,0.E0));
#5606=VECTOR('',#5605,2.689488223348E-1);
#5607=CARTESIAN_POINT('',(-1.135525588833E0,-7.75E0,-1.404474411167E0));
#5608=LINE('',#5607,#5606);
#5609=DIRECTION('',(0.E0,0.E0,1.E0));
#5610=VECTOR('',#5609,2.689488223348E-1);
#5611=CARTESIAN_POINT('',(-1.404474411167E0,-7.75E0,-1.404474411167E0));
#5612=LINE('',#5611,#5610);
#5613=DIRECTION('',(-1.E0,0.E0,0.E0));
#5614=VECTOR('',#5613,2.689488223348E-1);
#5615=CARTESIAN_POINT('',(-1.135525588833E0,-7.75E0,-1.135525588833E0));
#5616=LINE('',#5615,#5614);
#5617=DIRECTION('',(-4.472135955E-1,7.745966692415E-1,-4.472135955E-1));
#5618=VECTOR('',#5617,4.260281680828E-1);
#5619=CARTESIAN_POINT('',(-1.404474411167E0,-7.75E0,-1.404474411167E0));
#5620=LINE('',#5619,#5618);
#5621=DIRECTION('',(-4.472135955E-1,-7.745966692415E-1,4.472135955E-1));
#5622=VECTOR('',#5621,4.260281680828E-1);
#5623=CARTESIAN_POINT('',(-9.45E-1,-7.42E0,-1.595E0));
#5624=LINE('',#5623,#5622);
#5625=DIRECTION('',(-1.E0,0.E0,0.E0));
#5626=VECTOR('',#5625,6.5E-1);
#5627=CARTESIAN_POINT('',(-9.45E-1,-7.42E0,-1.595E0));
#5628=LINE('',#5627,#5626);
#5629=DIRECTION('',(4.472135955E-1,-7.745966692415E-1,-4.472135955E-1));
#5630=VECTOR('',#5629,4.260281680828E-1);
#5631=CARTESIAN_POINT('',(-1.595E0,-7.42E0,-9.45E-1));
#5632=LINE('',#5631,#5630);
#5633=DIRECTION('',(4.472135955E-1,7.745966692415E-1,4.472135955E-1));
#5634=VECTOR('',#5633,4.260281680828E-1);
#5635=CARTESIAN_POINT('',(-1.135525588833E0,-7.75E0,-1.135525588833E0));
#5636=LINE('',#5635,#5634);
#5637=DIRECTION('',(-1.E0,0.E0,0.E0));
#5638=VECTOR('',#5637,6.5E-1);
#5639=CARTESIAN_POINT('',(-9.45E-1,-7.42E0,-9.45E-1));
#5640=LINE('',#5639,#5638);
#5641=DIRECTION('',(4.472135955E-1,7.745966692415E-1,-4.472135955E-1));
#5642=VECTOR('',#5641,4.260281680828E-1);
#5643=CARTESIAN_POINT('',(-1.135525588833E0,-7.75E0,1.135525588833E0));
#5644=LINE('',#5643,#5642);
#5645=DIRECTION('',(-1.E0,0.E0,0.E0));
#5646=VECTOR('',#5645,2.689488223348E-1);
#5647=CARTESIAN_POINT('',(-1.135525588833E0,-7.75E0,1.135525588833E0));
#5648=LINE('',#5647,#5646);
#5649=DIRECTION('',(0.E0,0.E0,1.E0));
#5650=VECTOR('',#5649,2.689488223348E-1);
#5651=CARTESIAN_POINT('',(-1.404474411167E0,-7.75E0,1.135525588833E0));
#5652=LINE('',#5651,#5650);
#5653=DIRECTION('',(-1.E0,0.E0,0.E0));
#5654=VECTOR('',#5653,2.689488223348E-1);
#5655=CARTESIAN_POINT('',(-1.135525588833E0,-7.75E0,1.404474411167E0));
#5656=LINE('',#5655,#5654);
#5657=DIRECTION('',(0.E0,0.E0,-1.E0));
#5658=VECTOR('',#5657,2.689488223348E-1);
#5659=CARTESIAN_POINT('',(-1.135525588833E0,-7.75E0,1.404474411167E0));
#5660=LINE('',#5659,#5658);
#5661=DIRECTION('',(-4.472135955E-1,7.745966692415E-1,-4.472135955E-1));
#5662=VECTOR('',#5661,4.260281680828E-1);
#5663=CARTESIAN_POINT('',(-1.404474411167E0,-7.75E0,1.135525588833E0));
#5664=LINE('',#5663,#5662);
#5665=DIRECTION('',(-1.E0,0.E0,0.E0));
#5666=VECTOR('',#5665,6.5E-1);
#5667=CARTESIAN_POINT('',(-9.45E-1,-7.42E0,9.45E-1));
#5668=LINE('',#5667,#5666);
#5669=DIRECTION('',(-4.472135955E-1,7.745966692415E-1,4.472135955E-1));
#5670=VECTOR('',#5669,4.260281680828E-1);
#5671=CARTESIAN_POINT('',(-1.404474411167E0,-7.75E0,1.404474411167E0));
#5672=LINE('',#5671,#5670);
#5673=DIRECTION('',(4.472135955E-1,7.745966692415E-1,4.472135955E-1));
#5674=VECTOR('',#5673,4.260281680828E-1);
#5675=CARTESIAN_POINT('',(-1.135525588833E0,-7.75E0,1.404474411167E0));
#5676=LINE('',#5675,#5674);
#5677=DIRECTION('',(-1.E0,0.E0,0.E0));
#5678=VECTOR('',#5677,6.5E-1);
#5679=CARTESIAN_POINT('',(-9.45E-1,-7.42E0,1.595E0));
#5680=LINE('',#5679,#5678);
#5681=DIRECTION('',(0.E0,-1.E0,0.E0));
#5682=VECTOR('',#5681,6.5E-1);
#5683=CARTESIAN_POINT('',(-4.135E0,6.115E0,-5.645E0));
#5684=LINE('',#5683,#5682);
#5685=DIRECTION('',(0.E0,0.E0,1.E0));
#5686=VECTOR('',#5685,5.94E0);
#5687=CARTESIAN_POINT('',(-4.135E0,6.115E0,-5.645E0));
#5688=LINE('',#5687,#5686);
#5689=CARTESIAN_POINT('',(-4.135E0,4.815E0,2.95E-1));
#5690=DIRECTION('',(1.E0,0.E0,0.E0));
#5691=DIRECTION('',(0.E0,1.E0,0.E0));
#5692=AXIS2_PLACEMENT_3D('',#5689,#5690,#5691);
#5694=DIRECTION('',(0.E0,-1.E0,0.E0));
#5695=VECTOR('',#5694,3.815E0);
#5696=CARTESIAN_POINT('',(-4.135E0,4.815E0,1.595E0));
#5697=LINE('',#5696,#5695);
#5698=DIRECTION('',(0.E0,1.E0,0.E0));
#5699=VECTOR('',#5698,3.815E0);
#5700=CARTESIAN_POINT('',(-4.135E0,1.E0,9.45E-1));
#5701=LINE('',#5700,#5699);
#5702=CARTESIAN_POINT('',(-4.135E0,4.815E0,2.95E-1));
#5703=DIRECTION('',(-1.E0,0.E0,0.E0));
#5704=DIRECTION('',(0.E0,0.E0,1.E0));
#5705=AXIS2_PLACEMENT_3D('',#5702,#5703,#5704);
#5707=DIRECTION('',(0.E0,0.E0,-1.E0));
#5708=VECTOR('',#5707,5.94E0);
#5709=CARTESIAN_POINT('',(-4.135E0,5.465E0,2.95E-1));
#5710=LINE('',#5709,#5708);
#5711=DIRECTION('',(0.E0,-1.E0,0.E0));
#5712=VECTOR('',#5711,6.5E-1);
#5713=CARTESIAN_POINT('',(-4.135E0,3.575E0,-5.645E0));
#5714=LINE('',#5713,#5712);
#5715=DIRECTION('',(0.E0,0.E0,1.E0));
#5716=VECTOR('',#5715,3.4E0);
#5717=CARTESIAN_POINT('',(-4.135E0,3.575E0,-5.645E0));
#5718=LINE('',#5717,#5716);
#5719=CARTESIAN_POINT('',(-4.135E0,2.275E0,-2.245E0));
#5720=DIRECTION('',(1.E0,0.E0,0.E0));
#5721=DIRECTION('',(0.E0,1.E0,0.E0));
#5722=AXIS2_PLACEMENT_3D('',#5719,#5720,#5721);
#5724=DIRECTION('',(0.E0,-1.E0,0.E0));
#5725=VECTOR('',#5724,1.275E0);
#5726=CARTESIAN_POINT('',(-4.135E0,2.275E0,-9.45E-1));
#5727=LINE('',#5726,#5725);
#5728=DIRECTION('',(0.E0,1.E0,0.E0));
#5729=VECTOR('',#5728,1.275E0);
#5730=CARTESIAN_POINT('',(-4.135E0,1.E0,-1.595E0));
#5731=LINE('',#5730,#5729);
#5732=CARTESIAN_POINT('',(-4.135E0,2.275E0,-2.245E0));
#5733=DIRECTION('',(-1.E0,0.E0,0.E0));
#5734=DIRECTION('',(0.E0,0.E0,1.E0));
#5735=AXIS2_PLACEMENT_3D('',#5732,#5733,#5734);
#5737=DIRECTION('',(0.E0,0.E0,-1.E0));
#5738=VECTOR('',#5737,3.4E0);
#5739=CARTESIAN_POINT('',(-4.135E0,2.925E0,-2.245E0));
#5740=LINE('',#5739,#5738);
#5741=DIRECTION('',(0.E0,0.E0,1.E0));
#5742=VECTOR('',#5741,6.5E-1);
#5743=CARTESIAN_POINT('',(-4.135E0,-7.42E0,-1.595E0));
#5744=LINE('',#5743,#5742);
#5745=DIRECTION('',(0.E0,1.E0,0.E0));
#5746=VECTOR('',#5745,6.42E0);
#5747=CARTESIAN_POINT('',(-4.135E0,-7.42E0,-1.595E0));
#5748=LINE('',#5747,#5746);
#5749=DIRECTION('',(0.E0,-1.E0,0.E0));
#5750=VECTOR('',#5749,6.42E0);
#5751=CARTESIAN_POINT('',(-4.135E0,-1.E0,-9.45E-1));
#5752=LINE('',#5751,#5750);
#5753=DIRECTION('',(0.E0,0.E0,1.E0));
#5754=VECTOR('',#5753,6.5E-1);
#5755=CARTESIAN_POINT('',(-4.135E0,-7.42E0,9.45E-1));
#5756=LINE('',#5755,#5754);
#5757=DIRECTION('',(0.E0,1.E0,0.E0));
#5758=VECTOR('',#5757,6.42E0);
#5759=CARTESIAN_POINT('',(-4.135E0,-7.42E0,9.45E-1));
#5760=LINE('',#5759,#5758);
#5761=DIRECTION('',(0.E0,-1.E0,0.E0));
#5762=VECTOR('',#5761,6.42E0);
#5763=CARTESIAN_POINT('',(-4.135E0,-1.E0,1.595E0));
#5764=LINE('',#5763,#5762);
#5765=DIRECTION('',(-4.472135955E-1,-4.472135955E-1,7.745966692415E-1));
#5766=VECTOR('',#5765,4.260281680828E-1);
#5767=CARTESIAN_POINT('',(-3.944474411167E0,5.655525588833E0,-5.975E0));
#5768=LINE('',#5767,#5766);
#5769=DIRECTION('',(4.472135955E-1,-4.472135955E-1,7.745966692415E-1));
#5770=VECTOR('',#5769,4.260281680828E-1);
#5771=CARTESIAN_POINT('',(-3.675525588833E0,5.655525588833E0,-5.975E0));
#5772=LINE('',#5771,#5770);
#5773=DIRECTION('',(-1.E0,0.E0,0.E0));
#5774=VECTOR('',#5773,6.5E-1);
#5775=CARTESIAN_POINT('',(-3.485E0,5.465E0,-5.645E0));
#5776=LINE('',#5775,#5774);
#5777=DIRECTION('',(1.E0,0.E0,0.E0));
#5778=VECTOR('',#5777,6.5E-1);
#5779=CARTESIAN_POINT('',(-4.135E0,5.465E0,2.95E-1));
#5780=LINE('',#5779,#5778);
#5781=DIRECTION('',(1.E0,0.E0,0.E0));
#5782=VECTOR('',#5781,6.5E-1);
#5783=CARTESIAN_POINT('',(-4.135E0,4.815E0,9.45E-1));
#5784=LINE('',#5783,#5782);
#5785=DIRECTION('',(0.E0,1.E0,0.E0));
#5786=VECTOR('',#5785,6.5E-1);
#5787=CARTESIAN_POINT('',(-3.485E0,5.465E0,-5.645E0));
#5788=LINE('',#5787,#5786);
#5789=DIRECTION('',(0.E0,0.E0,-1.E0));
#5790=VECTOR('',#5789,5.94E0);
#5791=CARTESIAN_POINT('',(-3.485E0,5.465E0,2.95E-1));
#5792=LINE('',#5791,#5790);
#5793=CARTESIAN_POINT('',(-3.485E0,4.815E0,2.95E-1));
#5794=DIRECTION('',(-1.E0,0.E0,0.E0));
#5795=DIRECTION('',(0.E0,0.E0,1.E0));
#5796=AXIS2_PLACEMENT_3D('',#5793,#5794,#5795);
#5798=DIRECTION('',(0.E0,1.E0,0.E0));
#5799=VECTOR('',#5798,3.815E0);
#5800=CARTESIAN_POINT('',(-3.485E0,1.E0,9.45E-1));
#5801=LINE('',#5800,#5799);
#5802=DIRECTION('',(0.E0,-1.E0,0.E0));
#5803=VECTOR('',#5802,3.815E0);
#5804=CARTESIAN_POINT('',(-3.485E0,4.815E0,1.595E0));
#5805=LINE('',#5804,#5803);
#5806=CARTESIAN_POINT('',(-3.485E0,4.815E0,2.95E-1));
#5807=DIRECTION('',(1.E0,0.E0,0.E0));
#5808=DIRECTION('',(0.E0,1.E0,0.E0));
#5809=AXIS2_PLACEMENT_3D('',#5806,#5807,#5808);
#5811=DIRECTION('',(0.E0,0.E0,1.E0));
#5812=VECTOR('',#5811,5.94E0);
#5813=CARTESIAN_POINT('',(-3.485E0,6.115E0,-5.645E0));
#5814=LINE('',#5813,#5812);
#5815=DIRECTION('',(0.E0,1.E0,0.E0));
#5816=VECTOR('',#5815,6.5E-1);
#5817=CARTESIAN_POINT('',(-3.485E0,2.925E0,-5.645E0));
#5818=LINE('',#5817,#5816);
#5819=DIRECTION('',(0.E0,0.E0,-1.E0));
#5820=VECTOR('',#5819,3.4E0);
#5821=CARTESIAN_POINT('',(-3.485E0,2.925E0,-2.245E0));
#5822=LINE('',#5821,#5820);
#5823=CARTESIAN_POINT('',(-3.485E0,2.275E0,-2.245E0));
#5824=DIRECTION('',(-1.E0,0.E0,0.E0));
#5825=DIRECTION('',(0.E0,0.E0,1.E0));
#5826=AXIS2_PLACEMENT_3D('',#5823,#5824,#5825);
#5828=DIRECTION('',(0.E0,1.E0,0.E0));
#5829=VECTOR('',#5828,1.275E0);
#5830=CARTESIAN_POINT('',(-3.485E0,1.E0,-1.595E0));
#5831=LINE('',#5830,#5829);
#5832=DIRECTION('',(0.E0,-1.E0,0.E0));
#5833=VECTOR('',#5832,1.275E0);
#5834=CARTESIAN_POINT('',(-3.485E0,2.275E0,-9.45E-1));
#5835=LINE('',#5834,#5833);
#5836=CARTESIAN_POINT('',(-3.485E0,2.275E0,-2.245E0));
#5837=DIRECTION('',(1.E0,0.E0,0.E0));
#5838=DIRECTION('',(0.E0,1.E0,0.E0));
#5839=AXIS2_PLACEMENT_3D('',#5836,#5837,#5838);
#5841=DIRECTION('',(0.E0,0.E0,1.E0));
#5842=VECTOR('',#5841,3.4E0);
#5843=CARTESIAN_POINT('',(-3.485E0,3.575E0,-5.645E0));
#5844=LINE('',#5843,#5842);
#5845=DIRECTION('',(0.E0,0.E0,-1.E0));
#5846=VECTOR('',#5845,6.5E-1);
#5847=CARTESIAN_POINT('',(-3.485E0,-7.42E0,-9.45E-1));
#5848=LINE('',#5847,#5846);
#5849=DIRECTION('',(0.E0,-1.E0,0.E0));
#5850=VECTOR('',#5849,6.42E0);
#5851=CARTESIAN_POINT('',(-3.485E0,-1.E0,-9.45E-1));
#5852=LINE('',#5851,#5850);
#5853=DIRECTION('',(0.E0,1.E0,0.E0));
#5854=VECTOR('',#5853,6.42E0);
#5855=CARTESIAN_POINT('',(-3.485E0,-7.42E0,-1.595E0));
#5856=LINE('',#5855,#5854);
#5857=DIRECTION('',(0.E0,0.E0,-1.E0));
#5858=VECTOR('',#5857,6.5E-1);
#5859=CARTESIAN_POINT('',(-3.485E0,-7.42E0,1.595E0));
#5860=LINE('',#5859,#5858);
#5861=DIRECTION('',(0.E0,-1.E0,0.E0));
#5862=VECTOR('',#5861,6.42E0);
#5863=CARTESIAN_POINT('',(-3.485E0,-1.E0,1.595E0));
#5864=LINE('',#5863,#5862);
#5865=DIRECTION('',(0.E0,1.E0,0.E0));
#5866=VECTOR('',#5865,6.42E0);
#5867=CARTESIAN_POINT('',(-3.485E0,-7.42E0,9.45E-1));
#5868=LINE('',#5867,#5866);
#5869=DIRECTION('',(0.E0,1.E0,0.E0));
#5870=VECTOR('',#5869,2.689488223348E-1);
#5871=CARTESIAN_POINT('',(-3.675525588833E0,5.655525588833E0,-5.975E0));
#5872=LINE('',#5871,#5870);
#5873=DIRECTION('',(-1.E0,0.E0,0.E0));
#5874=VECTOR('',#5873,2.689488223348E-1);
#5875=CARTESIAN_POINT('',(-3.675525588833E0,5.924474411167E0,-5.975E0));
#5876=LINE('',#5875,#5874);
#5877=DIRECTION('',(0.E0,-1.E0,0.E0));
#5878=VECTOR('',#5877,2.689488223348E-1);
#5879=CARTESIAN_POINT('',(-3.944474411167E0,5.924474411167E0,-5.975E0));
#5880=LINE('',#5879,#5878);
#5881=DIRECTION('',(-1.E0,0.E0,0.E0));
#5882=VECTOR('',#5881,2.689488223348E-1);
#5883=CARTESIAN_POINT('',(-3.675525588833E0,5.655525588833E0,-5.975E0));
#5884=LINE('',#5883,#5882);
#5885=DIRECTION('',(-4.472135955E-1,4.472135955E-1,7.745966692415E-1));
#5886=VECTOR('',#5885,4.260281680828E-1);
#5887=CARTESIAN_POINT('',(-3.944474411167E0,5.924474411167E0,-5.975E0));
#5888=LINE('',#5887,#5886);
#5889=DIRECTION('',(-4.472135955E-1,-4.472135955E-1,-7.745966692415E-1));
#5890=VECTOR('',#5889,4.260281680828E-1);
#5891=CARTESIAN_POINT('',(-3.485E0,6.115E0,-5.645E0));
#5892=LINE('',#5891,#5890);
#5893=DIRECTION('',(-1.E0,0.E0,0.E0));
#5894=VECTOR('',#5893,6.5E-1);
#5895=CARTESIAN_POINT('',(-3.485E0,6.115E0,-5.645E0));
#5896=LINE('',#5895,#5894);
#5897=DIRECTION('',(1.E0,0.E0,0.E0));
#5898=VECTOR('',#5897,6.5E-1);
#5899=CARTESIAN_POINT('',(-4.135E0,6.115E0,2.95E-1));
#5900=LINE('',#5899,#5898);
#5901=DIRECTION('',(1.E0,0.E0,0.E0));
#5902=VECTOR('',#5901,6.5E-1);
#5903=CARTESIAN_POINT('',(-4.135E0,4.815E0,1.595E0));
#5904=LINE('',#5903,#5902);
#5905=DIRECTION('',(0.E0,1.E0,0.E0));
#5906=VECTOR('',#5905,2.689488223348E-1);
#5907=CARTESIAN_POINT('',(-3.675525588833E0,3.115525588833E0,-5.975E0));
#5908=LINE('',#5907,#5906);
#5909=DIRECTION('',(-1.E0,0.E0,0.E0));
#5910=VECTOR('',#5909,2.689488223348E-1);
#5911=CARTESIAN_POINT('',(-3.675525588833E0,3.384474411167E0,-5.975E0));
#5912=LINE('',#5911,#5910);
#5913=DIRECTION('',(0.E0,-1.E0,0.E0));
#5914=VECTOR('',#5913,2.689488223348E-1);
#5915=CARTESIAN_POINT('',(-3.944474411167E0,3.384474411167E0,-5.975E0));
#5916=LINE('',#5915,#5914);
#5917=DIRECTION('',(-1.E0,0.E0,0.E0));
#5918=VECTOR('',#5917,2.689488223348E-1);
#5919=CARTESIAN_POINT('',(-3.675525588833E0,3.115525588833E0,-5.975E0));
#5920=LINE('',#5919,#5918);
#5921=DIRECTION('',(-4.472135955E-1,4.472135955E-1,7.745966692415E-1));
#5922=VECTOR('',#5921,4.260281680828E-1);
#5923=CARTESIAN_POINT('',(-3.944474411167E0,3.384474411167E0,-5.975E0));
#5924=LINE('',#5923,#5922);
#5925=DIRECTION('',(-4.472135955E-1,-4.472135955E-1,-7.745966692415E-1));
#5926=VECTOR('',#5925,4.260281680828E-1);
#5927=CARTESIAN_POINT('',(-3.485E0,3.575E0,-5.645E0));
#5928=LINE('',#5927,#5926);
#5929=DIRECTION('',(-1.E0,0.E0,0.E0));
#5930=VECTOR('',#5929,6.5E-1);
#5931=CARTESIAN_POINT('',(-3.485E0,3.575E0,-5.645E0));
#5932=LINE('',#5931,#5930);
#5933=DIRECTION('',(1.E0,0.E0,0.E0));
#5934=VECTOR('',#5933,6.5E-1);
#5935=CARTESIAN_POINT('',(-4.135E0,3.575E0,-2.245E0));
#5936=LINE('',#5935,#5934);
#5937=DIRECTION('',(1.E0,0.E0,0.E0));
#5938=VECTOR('',#5937,6.5E-1);
#5939=CARTESIAN_POINT('',(-4.135E0,2.275E0,-9.45E-1));
#5940=LINE('',#5939,#5938);
#5941=DIRECTION('',(-4.472135955E-1,-4.472135955E-1,7.745966692415E-1));
#5942=VECTOR('',#5941,4.260281680828E-1);
#5943=CARTESIAN_POINT('',(-3.944474411167E0,3.115525588833E0,-5.975E0));
#5944=LINE('',#5943,#5942);
#5945=DIRECTION('',(4.472135955E-1,-4.472135955E-1,7.745966692415E-1));
#5946=VECTOR('',#5945,4.260281680828E-1);
#5947=CARTESIAN_POINT('',(-3.675525588833E0,3.115525588833E0,-5.975E0));
#5948=LINE('',#5947,#5946);
#5949=DIRECTION('',(-1.E0,0.E0,0.E0));
#5950=VECTOR('',#5949,6.5E-1);
#5951=CARTESIAN_POINT('',(-3.485E0,2.925E0,-5.645E0));
#5952=LINE('',#5951,#5950);
#5953=DIRECTION('',(1.E0,0.E0,0.E0));
#5954=VECTOR('',#5953,6.5E-1);
#5955=CARTESIAN_POINT('',(-4.135E0,2.925E0,-2.245E0));
#5956=LINE('',#5955,#5954);
#5957=DIRECTION('',(1.E0,0.E0,0.E0));
#5958=VECTOR('',#5957,6.5E-1);
#5959=CARTESIAN_POINT('',(-4.135E0,2.275E0,-1.595E0));
#5960=LINE('',#5959,#5958);
#5961=DIRECTION('',(0.E0,0.E0,-1.E0));
#5962=VECTOR('',#5961,2.689488223348E-1);
#5963=CARTESIAN_POINT('',(-3.675525588833E0,-7.75E0,-1.135525588833E0));
#5964=LINE('',#5963,#5962);
#5965=DIRECTION('',(-1.E0,0.E0,0.E0));
#5966=VECTOR('',#5965,2.689488223348E-1);
#5967=CARTESIAN_POINT('',(-3.675525588833E0,-7.75E0,-1.404474411167E0));
#5968=LINE('',#5967,#5966);
#5969=DIRECTION('',(0.E0,0.E0,1.E0));
#5970=VECTOR('',#5969,2.689488223348E-1);
#5971=CARTESIAN_POINT('',(-3.944474411167E0,-7.75E0,-1.404474411167E0));
#5972=LINE('',#5971,#5970);
#5973=DIRECTION('',(-1.E0,0.E0,0.E0));
#5974=VECTOR('',#5973,2.689488223348E-1);
#5975=CARTESIAN_POINT('',(-3.675525588833E0,-7.75E0,-1.135525588833E0));
#5976=LINE('',#5975,#5974);
#5977=DIRECTION('',(-4.472135955E-1,7.745966692415E-1,-4.472135955E-1));
#5978=VECTOR('',#5977,4.260281680828E-1);
#5979=CARTESIAN_POINT('',(-3.944474411167E0,-7.75E0,-1.404474411167E0));
#5980=LINE('',#5979,#5978);
#5981=DIRECTION('',(-4.472135955E-1,-7.745966692415E-1,4.472135955E-1));
#5982=VECTOR('',#5981,4.260281680828E-1);
#5983=CARTESIAN_POINT('',(-3.485E0,-7.42E0,-1.595E0));
#5984=LINE('',#5983,#5982);
#5985=DIRECTION('',(-1.E0,0.E0,0.E0));
#5986=VECTOR('',#5985,6.5E-1);
#5987=CARTESIAN_POINT('',(-3.485E0,-7.42E0,-1.595E0));
#5988=LINE('',#5987,#5986);
#5989=DIRECTION('',(4.472135955E-1,-7.745966692415E-1,-4.472135955E-1));
#5990=VECTOR('',#5989,4.260281680828E-1);
#5991=CARTESIAN_POINT('',(-4.135E0,-7.42E0,-9.45E-1));
#5992=LINE('',#5991,#5990);
#5993=DIRECTION('',(4.472135955E-1,7.745966692415E-1,4.472135955E-1));
#5994=VECTOR('',#5993,4.260281680828E-1);
#5995=CARTESIAN_POINT('',(-3.675525588833E0,-7.75E0,-1.135525588833E0));
#5996=LINE('',#5995,#5994);
#5997=DIRECTION('',(-1.E0,0.E0,0.E0));
#5998=VECTOR('',#5997,6.5E-1);
#5999=CARTESIAN_POINT('',(-3.485E0,-7.42E0,-9.45E-1));
#6000=LINE('',#5999,#5998);
#6001=DIRECTION('',(4.472135955E-1,7.745966692415E-1,-4.472135955E-1));
#6002=VECTOR('',#6001,4.260281680828E-1);
#6003=CARTESIAN_POINT('',(-3.675525588833E0,-7.75E0,1.135525588833E0));
#6004=LINE('',#6003,#6002);
#6005=DIRECTION('',(-1.E0,0.E0,0.E0));
#6006=VECTOR('',#6005,2.689488223348E-1);
#6007=CARTESIAN_POINT('',(-3.675525588833E0,-7.75E0,1.135525588833E0));
#6008=LINE('',#6007,#6006);
#6009=DIRECTION('',(0.E0,0.E0,1.E0));
#6010=VECTOR('',#6009,2.689488223348E-1);
#6011=CARTESIAN_POINT('',(-3.944474411167E0,-7.75E0,1.135525588833E0));
#6012=LINE('',#6011,#6010);
#6013=DIRECTION('',(-1.E0,0.E0,0.E0));
#6014=VECTOR('',#6013,2.689488223348E-1);
#6015=CARTESIAN_POINT('',(-3.675525588833E0,-7.75E0,1.404474411167E0));
#6016=LINE('',#6015,#6014);
#6017=DIRECTION('',(0.E0,0.E0,-1.E0));
#6018=VECTOR('',#6017,2.689488223348E-1);
#6019=CARTESIAN_POINT('',(-3.675525588833E0,-7.75E0,1.404474411167E0));
#6020=LINE('',#6019,#6018);
#6021=DIRECTION('',(-4.472135955E-1,7.745966692415E-1,-4.472135955E-1));
#6022=VECTOR('',#6021,4.260281680828E-1);
#6023=CARTESIAN_POINT('',(-3.944474411167E0,-7.75E0,1.135525588833E0));
#6024=LINE('',#6023,#6022);
#6025=DIRECTION('',(-1.E0,0.E0,0.E0));
#6026=VECTOR('',#6025,6.5E-1);
#6027=CARTESIAN_POINT('',(-3.485E0,-7.42E0,9.45E-1));
#6028=LINE('',#6027,#6026);
#6029=DIRECTION('',(-4.472135955E-1,7.745966692415E-1,4.472135955E-1));
#6030=VECTOR('',#6029,4.260281680828E-1);
#6031=CARTESIAN_POINT('',(-3.944474411167E0,-7.75E0,1.404474411167E0));
#6032=LINE('',#6031,#6030);
#6033=DIRECTION('',(4.472135955E-1,7.745966692415E-1,4.472135955E-1));
#6034=VECTOR('',#6033,4.260281680828E-1);
#6035=CARTESIAN_POINT('',(-3.675525588833E0,-7.75E0,1.404474411167E0));
#6036=LINE('',#6035,#6034);
#6037=DIRECTION('',(-1.E0,0.E0,0.E0));
#6038=VECTOR('',#6037,6.5E-1);
#6039=CARTESIAN_POINT('',(-3.485E0,-7.42E0,1.595E0));
#6040=LINE('',#6039,#6038);
#6041=DIRECTION('',(0.E0,-1.E0,0.E0));
#6042=VECTOR('',#6041,6.5E-1);
#6043=CARTESIAN_POINT('',(-6.675E0,6.115E0,-5.645E0));
#6044=LINE('',#6043,#6042);
#6045=DIRECTION('',(0.E0,0.E0,1.E0));
#6046=VECTOR('',#6045,5.94E0);
#6047=CARTESIAN_POINT('',(-6.675E0,6.115E0,-5.645E0));
#6048=LINE('',#6047,#6046);
#6049=CARTESIAN_POINT('',(-6.675E0,4.815E0,2.95E-1));
#6050=DIRECTION('',(1.E0,0.E0,0.E0));
#6051=DIRECTION('',(0.E0,1.E0,0.E0));
#6052=AXIS2_PLACEMENT_3D('',#6049,#6050,#6051);
#6054=DIRECTION('',(0.E0,-1.E0,0.E0));
#6055=VECTOR('',#6054,3.815E0);
#6056=CARTESIAN_POINT('',(-6.675E0,4.815E0,1.595E0));
#6057=LINE('',#6056,#6055);
#6058=DIRECTION('',(0.E0,1.E0,0.E0));
#6059=VECTOR('',#6058,3.815E0);
#6060=CARTESIAN_POINT('',(-6.675E0,1.E0,9.45E-1));
#6061=LINE('',#6060,#6059);
#6062=CARTESIAN_POINT('',(-6.675E0,4.815E0,2.95E-1));
#6063=DIRECTION('',(-1.E0,0.E0,0.E0));
#6064=DIRECTION('',(0.E0,0.E0,1.E0));
#6065=AXIS2_PLACEMENT_3D('',#6062,#6063,#6064);
#6067=DIRECTION('',(0.E0,0.E0,-1.E0));
#6068=VECTOR('',#6067,5.94E0);
#6069=CARTESIAN_POINT('',(-6.675E0,5.465E0,2.95E-1));
#6070=LINE('',#6069,#6068);
#6071=DIRECTION('',(0.E0,-1.E0,0.E0));
#6072=VECTOR('',#6071,6.5E-1);
#6073=CARTESIAN_POINT('',(-6.675E0,3.575E0,-5.645E0));
#6074=LINE('',#6073,#6072);
#6075=DIRECTION('',(0.E0,0.E0,1.E0));
#6076=VECTOR('',#6075,3.4E0);
#6077=CARTESIAN_POINT('',(-6.675E0,3.575E0,-5.645E0));
#6078=LINE('',#6077,#6076);
#6079=CARTESIAN_POINT('',(-6.675E0,2.275E0,-2.245E0));
#6080=DIRECTION('',(1.E0,0.E0,0.E0));
#6081=DIRECTION('',(0.E0,1.E0,0.E0));
#6082=AXIS2_PLACEMENT_3D('',#6079,#6080,#6081);
#6084=DIRECTION('',(0.E0,-1.E0,0.E0));
#6085=VECTOR('',#6084,1.275E0);
#6086=CARTESIAN_POINT('',(-6.675E0,2.275E0,-9.45E-1));
#6087=LINE('',#6086,#6085);
#6088=DIRECTION('',(0.E0,1.E0,0.E0));
#6089=VECTOR('',#6088,1.275E0);
#6090=CARTESIAN_POINT('',(-6.675E0,1.E0,-1.595E0));
#6091=LINE('',#6090,#6089);
#6092=CARTESIAN_POINT('',(-6.675E0,2.275E0,-2.245E0));
#6093=DIRECTION('',(-1.E0,0.E0,0.E0));
#6094=DIRECTION('',(0.E0,0.E0,1.E0));
#6095=AXIS2_PLACEMENT_3D('',#6092,#6093,#6094);
#6097=DIRECTION('',(0.E0,0.E0,-1.E0));
#6098=VECTOR('',#6097,3.4E0);
#6099=CARTESIAN_POINT('',(-6.675E0,2.925E0,-2.245E0));
#6100=LINE('',#6099,#6098);
#6101=DIRECTION('',(0.E0,0.E0,1.E0));
#6102=VECTOR('',#6101,6.5E-1);
#6103=CARTESIAN_POINT('',(-6.675E0,-7.42E0,-1.595E0));
#6104=LINE('',#6103,#6102);
#6105=DIRECTION('',(0.E0,1.E0,0.E0));
#6106=VECTOR('',#6105,6.42E0);
#6107=CARTESIAN_POINT('',(-6.675E0,-7.42E0,-1.595E0));
#6108=LINE('',#6107,#6106);
#6109=DIRECTION('',(0.E0,-1.E0,0.E0));
#6110=VECTOR('',#6109,6.42E0);
#6111=CARTESIAN_POINT('',(-6.675E0,-1.E0,-9.45E-1));
#6112=LINE('',#6111,#6110);
#6113=DIRECTION('',(0.E0,0.E0,1.E0));
#6114=VECTOR('',#6113,6.5E-1);
#6115=CARTESIAN_POINT('',(-6.675E0,-7.42E0,9.45E-1));
#6116=LINE('',#6115,#6114);
#6117=DIRECTION('',(0.E0,1.E0,0.E0));
#6118=VECTOR('',#6117,6.42E0);
#6119=CARTESIAN_POINT('',(-6.675E0,-7.42E0,9.45E-1));
#6120=LINE('',#6119,#6118);
#6121=DIRECTION('',(0.E0,-1.E0,0.E0));
#6122=VECTOR('',#6121,6.42E0);
#6123=CARTESIAN_POINT('',(-6.675E0,-1.E0,1.595E0));
#6124=LINE('',#6123,#6122);
#6125=DIRECTION('',(-4.472135955E-1,-4.472135955E-1,7.745966692415E-1));
#6126=VECTOR('',#6125,4.260281680828E-1);
#6127=CARTESIAN_POINT('',(-6.484474411167E0,5.655525588833E0,-5.975E0));
#6128=LINE('',#6127,#6126);
#6129=DIRECTION('',(4.472135955E-1,-4.472135955E-1,7.745966692415E-1));
#6130=VECTOR('',#6129,4.260281680828E-1);
#6131=CARTESIAN_POINT('',(-6.215525588833E0,5.655525588833E0,-5.975E0));
#6132=LINE('',#6131,#6130);
#6133=DIRECTION('',(-1.E0,0.E0,0.E0));
#6134=VECTOR('',#6133,6.5E-1);
#6135=CARTESIAN_POINT('',(-6.025E0,5.465E0,-5.645E0));
#6136=LINE('',#6135,#6134);
#6137=DIRECTION('',(1.E0,0.E0,0.E0));
#6138=VECTOR('',#6137,6.5E-1);
#6139=CARTESIAN_POINT('',(-6.675E0,5.465E0,2.95E-1));
#6140=LINE('',#6139,#6138);
#6141=DIRECTION('',(1.E0,0.E0,0.E0));
#6142=VECTOR('',#6141,6.5E-1);
#6143=CARTESIAN_POINT('',(-6.675E0,4.815E0,9.45E-1));
#6144=LINE('',#6143,#6142);
#6145=DIRECTION('',(0.E0,1.E0,0.E0));
#6146=VECTOR('',#6145,6.5E-1);
#6147=CARTESIAN_POINT('',(-6.025E0,5.465E0,-5.645E0));
#6148=LINE('',#6147,#6146);
#6149=DIRECTION('',(0.E0,0.E0,-1.E0));
#6150=VECTOR('',#6149,5.94E0);
#6151=CARTESIAN_POINT('',(-6.025E0,5.465E0,2.95E-1));
#6152=LINE('',#6151,#6150);
#6153=CARTESIAN_POINT('',(-6.025E0,4.815E0,2.95E-1));
#6154=DIRECTION('',(-1.E0,0.E0,0.E0));
#6155=DIRECTION('',(0.E0,0.E0,1.E0));
#6156=AXIS2_PLACEMENT_3D('',#6153,#6154,#6155);
#6158=DIRECTION('',(0.E0,1.E0,0.E0));
#6159=VECTOR('',#6158,3.815E0);
#6160=CARTESIAN_POINT('',(-6.025E0,1.E0,9.45E-1));
#6161=LINE('',#6160,#6159);
#6162=DIRECTION('',(0.E0,-1.E0,0.E0));
#6163=VECTOR('',#6162,3.815E0);
#6164=CARTESIAN_POINT('',(-6.025E0,4.815E0,1.595E0));
#6165=LINE('',#6164,#6163);
#6166=CARTESIAN_POINT('',(-6.025E0,4.815E0,2.95E-1));
#6167=DIRECTION('',(1.E0,0.E0,0.E0));
#6168=DIRECTION('',(0.E0,1.E0,0.E0));
#6169=AXIS2_PLACEMENT_3D('',#6166,#6167,#6168);
#6171=DIRECTION('',(0.E0,0.E0,1.E0));
#6172=VECTOR('',#6171,5.94E0);
#6173=CARTESIAN_POINT('',(-6.025E0,6.115E0,-5.645E0));
#6174=LINE('',#6173,#6172);
#6175=DIRECTION('',(0.E0,1.E0,0.E0));
#6176=VECTOR('',#6175,6.5E-1);
#6177=CARTESIAN_POINT('',(-6.025E0,2.925E0,-5.645E0));
#6178=LINE('',#6177,#6176);
#6179=DIRECTION('',(0.E0,0.E0,-1.E0));
#6180=VECTOR('',#6179,3.4E0);
#6181=CARTESIAN_POINT('',(-6.025E0,2.925E0,-2.245E0));
#6182=LINE('',#6181,#6180);
#6183=CARTESIAN_POINT('',(-6.025E0,2.275E0,-2.245E0));
#6184=DIRECTION('',(-1.E0,0.E0,0.E0));
#6185=DIRECTION('',(0.E0,0.E0,1.E0));
#6186=AXIS2_PLACEMENT_3D('',#6183,#6184,#6185);
#6188=DIRECTION('',(0.E0,1.E0,0.E0));
#6189=VECTOR('',#6188,1.275E0);
#6190=CARTESIAN_POINT('',(-6.025E0,1.E0,-1.595E0));
#6191=LINE('',#6190,#6189);
#6192=DIRECTION('',(0.E0,-1.E0,0.E0));
#6193=VECTOR('',#6192,1.275E0);
#6194=CARTESIAN_POINT('',(-6.025E0,2.275E0,-9.45E-1));
#6195=LINE('',#6194,#6193);
#6196=CARTESIAN_POINT('',(-6.025E0,2.275E0,-2.245E0));
#6197=DIRECTION('',(1.E0,0.E0,0.E0));
#6198=DIRECTION('',(0.E0,1.E0,0.E0));
#6199=AXIS2_PLACEMENT_3D('',#6196,#6197,#6198);
#6201=DIRECTION('',(0.E0,0.E0,1.E0));
#6202=VECTOR('',#6201,3.4E0);
#6203=CARTESIAN_POINT('',(-6.025E0,3.575E0,-5.645E0));
#6204=LINE('',#6203,#6202);
#6205=DIRECTION('',(0.E0,0.E0,-1.E0));
#6206=VECTOR('',#6205,6.5E-1);
#6207=CARTESIAN_POINT('',(-6.025E0,-7.42E0,-9.45E-1));
#6208=LINE('',#6207,#6206);
#6209=DIRECTION('',(0.E0,-1.E0,0.E0));
#6210=VECTOR('',#6209,6.42E0);
#6211=CARTESIAN_POINT('',(-6.025E0,-1.E0,-9.45E-1));
#6212=LINE('',#6211,#6210);
#6213=DIRECTION('',(0.E0,1.E0,0.E0));
#6214=VECTOR('',#6213,6.42E0);
#6215=CARTESIAN_POINT('',(-6.025E0,-7.42E0,-1.595E0));
#6216=LINE('',#6215,#6214);
#6217=DIRECTION('',(0.E0,0.E0,-1.E0));
#6218=VECTOR('',#6217,6.5E-1);
#6219=CARTESIAN_POINT('',(-6.025E0,-7.42E0,1.595E0));
#6220=LINE('',#6219,#6218);
#6221=DIRECTION('',(0.E0,-1.E0,0.E0));
#6222=VECTOR('',#6221,6.42E0);
#6223=CARTESIAN_POINT('',(-6.025E0,-1.E0,1.595E0));
#6224=LINE('',#6223,#6222);
#6225=DIRECTION('',(0.E0,1.E0,0.E0));
#6226=VECTOR('',#6225,6.42E0);
#6227=CARTESIAN_POINT('',(-6.025E0,-7.42E0,9.45E-1));
#6228=LINE('',#6227,#6226);
#6229=DIRECTION('',(0.E0,1.E0,0.E0));
#6230=VECTOR('',#6229,2.689488223348E-1);
#6231=CARTESIAN_POINT('',(-6.215525588833E0,5.655525588833E0,-5.975E0));
#6232=LINE('',#6231,#6230);
#6233=DIRECTION('',(-1.E0,0.E0,0.E0));
#6234=VECTOR('',#6233,2.689488223348E-1);
#6235=CARTESIAN_POINT('',(-6.215525588833E0,5.924474411167E0,-5.975E0));
#6236=LINE('',#6235,#6234);
#6237=DIRECTION('',(0.E0,-1.E0,0.E0));
#6238=VECTOR('',#6237,2.689488223348E-1);
#6239=CARTESIAN_POINT('',(-6.484474411167E0,5.924474411167E0,-5.975E0));
#6240=LINE('',#6239,#6238);
#6241=DIRECTION('',(-1.E0,0.E0,0.E0));
#6242=VECTOR('',#6241,2.689488223348E-1);
#6243=CARTESIAN_POINT('',(-6.215525588833E0,5.655525588833E0,-5.975E0));
#6244=LINE('',#6243,#6242);
#6245=DIRECTION('',(-4.472135955E-1,4.472135955E-1,7.745966692415E-1));
#6246=VECTOR('',#6245,4.260281680828E-1);
#6247=CARTESIAN_POINT('',(-6.484474411167E0,5.924474411167E0,-5.975E0));
#6248=LINE('',#6247,#6246);
#6249=DIRECTION('',(-4.472135955E-1,-4.472135955E-1,-7.745966692415E-1));
#6250=VECTOR('',#6249,4.260281680828E-1);
#6251=CARTESIAN_POINT('',(-6.025E0,6.115E0,-5.645E0));
#6252=LINE('',#6251,#6250);
#6253=DIRECTION('',(-1.E0,0.E0,0.E0));
#6254=VECTOR('',#6253,6.5E-1);
#6255=CARTESIAN_POINT('',(-6.025E0,6.115E0,-5.645E0));
#6256=LINE('',#6255,#6254);
#6257=DIRECTION('',(1.E0,0.E0,0.E0));
#6258=VECTOR('',#6257,6.5E-1);
#6259=CARTESIAN_POINT('',(-6.675E0,6.115E0,2.95E-1));
#6260=LINE('',#6259,#6258);
#6261=DIRECTION('',(1.E0,0.E0,0.E0));
#6262=VECTOR('',#6261,6.5E-1);
#6263=CARTESIAN_POINT('',(-6.675E0,4.815E0,1.595E0));
#6264=LINE('',#6263,#6262);
#6265=DIRECTION('',(0.E0,1.E0,0.E0));
#6266=VECTOR('',#6265,2.689488223348E-1);
#6267=CARTESIAN_POINT('',(-6.215525588833E0,3.115525588833E0,-5.975E0));
#6268=LINE('',#6267,#6266);
#6269=DIRECTION('',(-1.E0,0.E0,0.E0));
#6270=VECTOR('',#6269,2.689488223348E-1);
#6271=CARTESIAN_POINT('',(-6.215525588833E0,3.384474411167E0,-5.975E0));
#6272=LINE('',#6271,#6270);
#6273=DIRECTION('',(0.E0,-1.E0,0.E0));
#6274=VECTOR('',#6273,2.689488223348E-1);
#6275=CARTESIAN_POINT('',(-6.484474411167E0,3.384474411167E0,-5.975E0));
#6276=LINE('',#6275,#6274);
#6277=DIRECTION('',(-1.E0,0.E0,0.E0));
#6278=VECTOR('',#6277,2.689488223348E-1);
#6279=CARTESIAN_POINT('',(-6.215525588833E0,3.115525588833E0,-5.975E0));
#6280=LINE('',#6279,#6278);
#6281=DIRECTION('',(-4.472135955E-1,4.472135955E-1,7.745966692415E-1));
#6282=VECTOR('',#6281,4.260281680828E-1);
#6283=CARTESIAN_POINT('',(-6.484474411167E0,3.384474411167E0,-5.975E0));
#6284=LINE('',#6283,#6282);
#6285=DIRECTION('',(-4.472135955E-1,-4.472135955E-1,-7.745966692415E-1));
#6286=VECTOR('',#6285,4.260281680828E-1);
#6287=CARTESIAN_POINT('',(-6.025E0,3.575E0,-5.645E0));
#6288=LINE('',#6287,#6286);
#6289=DIRECTION('',(-1.E0,0.E0,0.E0));
#6290=VECTOR('',#6289,6.5E-1);
#6291=CARTESIAN_POINT('',(-6.025E0,3.575E0,-5.645E0));
#6292=LINE('',#6291,#6290);
#6293=DIRECTION('',(1.E0,0.E0,0.E0));
#6294=VECTOR('',#6293,6.5E-1);
#6295=CARTESIAN_POINT('',(-6.675E0,3.575E0,-2.245E0));
#6296=LINE('',#6295,#6294);
#6297=DIRECTION('',(1.E0,0.E0,0.E0));
#6298=VECTOR('',#6297,6.5E-1);
#6299=CARTESIAN_POINT('',(-6.675E0,2.275E0,-9.45E-1));
#6300=LINE('',#6299,#6298);
#6301=DIRECTION('',(-4.472135955E-1,-4.472135955E-1,7.745966692415E-1));
#6302=VECTOR('',#6301,4.260281680828E-1);
#6303=CARTESIAN_POINT('',(-6.484474411167E0,3.115525588833E0,-5.975E0));
#6304=LINE('',#6303,#6302);
#6305=DIRECTION('',(4.472135955E-1,-4.472135955E-1,7.745966692415E-1));
#6306=VECTOR('',#6305,4.260281680828E-1);
#6307=CARTESIAN_POINT('',(-6.215525588833E0,3.115525588833E0,-5.975E0));
#6308=LINE('',#6307,#6306);
#6309=DIRECTION('',(-1.E0,0.E0,0.E0));
#6310=VECTOR('',#6309,6.5E-1);
#6311=CARTESIAN_POINT('',(-6.025E0,2.925E0,-5.645E0));
#6312=LINE('',#6311,#6310);
#6313=DIRECTION('',(1.E0,0.E0,0.E0));
#6314=VECTOR('',#6313,6.5E-1);
#6315=CARTESIAN_POINT('',(-6.675E0,2.925E0,-2.245E0));
#6316=LINE('',#6315,#6314);
#6317=DIRECTION('',(1.E0,0.E0,0.E0));
#6318=VECTOR('',#6317,6.5E-1);
#6319=CARTESIAN_POINT('',(-6.675E0,2.275E0,-1.595E0));
#6320=LINE('',#6319,#6318);
#6321=DIRECTION('',(0.E0,0.E0,-1.E0));
#6322=VECTOR('',#6321,2.689488223348E-1);
#6323=CARTESIAN_POINT('',(-6.215525588833E0,-7.75E0,-1.135525588833E0));
#6324=LINE('',#6323,#6322);
#6325=DIRECTION('',(-1.E0,0.E0,0.E0));
#6326=VECTOR('',#6325,2.689488223348E-1);
#6327=CARTESIAN_POINT('',(-6.215525588833E0,-7.75E0,-1.404474411167E0));
#6328=LINE('',#6327,#6326);
#6329=DIRECTION('',(0.E0,0.E0,1.E0));
#6330=VECTOR('',#6329,2.689488223348E-1);
#6331=CARTESIAN_POINT('',(-6.484474411167E0,-7.75E0,-1.404474411167E0));
#6332=LINE('',#6331,#6330);
#6333=DIRECTION('',(-1.E0,0.E0,0.E0));
#6334=VECTOR('',#6333,2.689488223348E-1);
#6335=CARTESIAN_POINT('',(-6.215525588833E0,-7.75E0,-1.135525588833E0));
#6336=LINE('',#6335,#6334);
#6337=DIRECTION('',(-4.472135955E-1,7.745966692415E-1,-4.472135955E-1));
#6338=VECTOR('',#6337,4.260281680828E-1);
#6339=CARTESIAN_POINT('',(-6.484474411167E0,-7.75E0,-1.404474411167E0));
#6340=LINE('',#6339,#6338);
#6341=DIRECTION('',(-4.472135955E-1,-7.745966692415E-1,4.472135955E-1));
#6342=VECTOR('',#6341,4.260281680828E-1);
#6343=CARTESIAN_POINT('',(-6.025E0,-7.42E0,-1.595E0));
#6344=LINE('',#6343,#6342);
#6345=DIRECTION('',(-1.E0,0.E0,0.E0));
#6346=VECTOR('',#6345,6.5E-1);
#6347=CARTESIAN_POINT('',(-6.025E0,-7.42E0,-1.595E0));
#6348=LINE('',#6347,#6346);
#6349=DIRECTION('',(4.472135955E-1,-7.745966692415E-1,-4.472135955E-1));
#6350=VECTOR('',#6349,4.260281680828E-1);
#6351=CARTESIAN_POINT('',(-6.675E0,-7.42E0,-9.45E-1));
#6352=LINE('',#6351,#6350);
#6353=DIRECTION('',(4.472135955E-1,7.745966692415E-1,4.472135955E-1));
#6354=VECTOR('',#6353,4.260281680828E-1);
#6355=CARTESIAN_POINT('',(-6.215525588833E0,-7.75E0,-1.135525588833E0));
#6356=LINE('',#6355,#6354);
#6357=DIRECTION('',(-1.E0,0.E0,0.E0));
#6358=VECTOR('',#6357,6.5E-1);
#6359=CARTESIAN_POINT('',(-6.025E0,-7.42E0,-9.45E-1));
#6360=LINE('',#6359,#6358);
#6361=DIRECTION('',(4.472135955E-1,7.745966692415E-1,-4.472135955E-1));
#6362=VECTOR('',#6361,4.260281680828E-1);
#6363=CARTESIAN_POINT('',(-6.215525588833E0,-7.75E0,1.135525588833E0));
#6364=LINE('',#6363,#6362);
#6365=DIRECTION('',(-1.E0,0.E0,0.E0));
#6366=VECTOR('',#6365,2.689488223348E-1);
#6367=CARTESIAN_POINT('',(-6.215525588833E0,-7.75E0,1.135525588833E0));
#6368=LINE('',#6367,#6366);
#6369=DIRECTION('',(0.E0,0.E0,1.E0));
#6370=VECTOR('',#6369,2.689488223348E-1);
#6371=CARTESIAN_POINT('',(-6.484474411167E0,-7.75E0,1.135525588833E0));
#6372=LINE('',#6371,#6370);
#6373=DIRECTION('',(-1.E0,0.E0,0.E0));
#6374=VECTOR('',#6373,2.689488223348E-1);
#6375=CARTESIAN_POINT('',(-6.215525588833E0,-7.75E0,1.404474411167E0));
#6376=LINE('',#6375,#6374);
#6377=DIRECTION('',(0.E0,0.E0,-1.E0));
#6378=VECTOR('',#6377,2.689488223348E-1);
#6379=CARTESIAN_POINT('',(-6.215525588833E0,-7.75E0,1.404474411167E0));
#6380=LINE('',#6379,#6378);
#6381=DIRECTION('',(-4.472135955E-1,7.745966692415E-1,-4.472135955E-1));
#6382=VECTOR('',#6381,4.260281680828E-1);
#6383=CARTESIAN_POINT('',(-6.484474411167E0,-7.75E0,1.135525588833E0));
#6384=LINE('',#6383,#6382);
#6385=DIRECTION('',(-1.E0,0.E0,0.E0));
#6386=VECTOR('',#6385,6.5E-1);
#6387=CARTESIAN_POINT('',(-6.025E0,-7.42E0,9.45E-1));
#6388=LINE('',#6387,#6386);
#6389=DIRECTION('',(-4.472135955E-1,7.745966692415E-1,4.472135955E-1));
#6390=VECTOR('',#6389,4.260281680828E-1);
#6391=CARTESIAN_POINT('',(-6.484474411167E0,-7.75E0,1.404474411167E0));
#6392=LINE('',#6391,#6390);
#6393=DIRECTION('',(4.472135955E-1,7.745966692415E-1,4.472135955E-1));
#6394=VECTOR('',#6393,4.260281680828E-1);
#6395=CARTESIAN_POINT('',(-6.215525588833E0,-7.75E0,1.404474411167E0));
#6396=LINE('',#6395,#6394);
#6397=DIRECTION('',(-1.E0,0.E0,0.E0));
#6398=VECTOR('',#6397,6.5E-1);
#6399=CARTESIAN_POINT('',(-6.025E0,-7.42E0,1.595E0));
#6400=LINE('',#6399,#6398);
#6401=DIRECTION('',(0.E0,-1.E0,0.E0));
#6402=VECTOR('',#6401,6.5E-1);
#6403=CARTESIAN_POINT('',(-9.215E0,6.115E0,-5.645E0));
#6404=LINE('',#6403,#6402);
#6405=DIRECTION('',(0.E0,0.E0,1.E0));
#6406=VECTOR('',#6405,5.94E0);
#6407=CARTESIAN_POINT('',(-9.215E0,6.115E0,-5.645E0));
#6408=LINE('',#6407,#6406);
#6409=CARTESIAN_POINT('',(-9.215E0,4.815E0,2.95E-1));
#6410=DIRECTION('',(1.E0,0.E0,0.E0));
#6411=DIRECTION('',(0.E0,1.E0,0.E0));
#6412=AXIS2_PLACEMENT_3D('',#6409,#6410,#6411);
#6414=DIRECTION('',(0.E0,-1.E0,0.E0));
#6415=VECTOR('',#6414,3.815E0);
#6416=CARTESIAN_POINT('',(-9.215E0,4.815E0,1.595E0));
#6417=LINE('',#6416,#6415);
#6418=DIRECTION('',(0.E0,1.E0,0.E0));
#6419=VECTOR('',#6418,3.815E0);
#6420=CARTESIAN_POINT('',(-9.215E0,1.E0,9.45E-1));
#6421=LINE('',#6420,#6419);
#6422=CARTESIAN_POINT('',(-9.215E0,4.815E0,2.95E-1));
#6423=DIRECTION('',(-1.E0,0.E0,0.E0));
#6424=DIRECTION('',(0.E0,0.E0,1.E0));
#6425=AXIS2_PLACEMENT_3D('',#6422,#6423,#6424);
#6427=DIRECTION('',(0.E0,0.E0,-1.E0));
#6428=VECTOR('',#6427,5.94E0);
#6429=CARTESIAN_POINT('',(-9.215E0,5.465E0,2.95E-1));
#6430=LINE('',#6429,#6428);
#6431=DIRECTION('',(0.E0,-1.E0,0.E0));
#6432=VECTOR('',#6431,6.5E-1);
#6433=CARTESIAN_POINT('',(-9.215E0,3.575E0,-5.645E0));
#6434=LINE('',#6433,#6432);
#6435=DIRECTION('',(0.E0,0.E0,1.E0));
#6436=VECTOR('',#6435,3.4E0);
#6437=CARTESIAN_POINT('',(-9.215E0,3.575E0,-5.645E0));
#6438=LINE('',#6437,#6436);
#6439=CARTESIAN_POINT('',(-9.215E0,2.275E0,-2.245E0));
#6440=DIRECTION('',(1.E0,0.E0,0.E0));
#6441=DIRECTION('',(0.E0,1.E0,0.E0));
#6442=AXIS2_PLACEMENT_3D('',#6439,#6440,#6441);
#6444=DIRECTION('',(0.E0,-1.E0,0.E0));
#6445=VECTOR('',#6444,1.275E0);
#6446=CARTESIAN_POINT('',(-9.215E0,2.275E0,-9.45E-1));
#6447=LINE('',#6446,#6445);
#6448=DIRECTION('',(0.E0,1.E0,0.E0));
#6449=VECTOR('',#6448,1.275E0);
#6450=CARTESIAN_POINT('',(-9.215E0,1.E0,-1.595E0));
#6451=LINE('',#6450,#6449);
#6452=CARTESIAN_POINT('',(-9.215E0,2.275E0,-2.245E0));
#6453=DIRECTION('',(-1.E0,0.E0,0.E0));
#6454=DIRECTION('',(0.E0,0.E0,1.E0));
#6455=AXIS2_PLACEMENT_3D('',#6452,#6453,#6454);
#6457=DIRECTION('',(0.E0,0.E0,-1.E0));
#6458=VECTOR('',#6457,3.4E0);
#6459=CARTESIAN_POINT('',(-9.215E0,2.925E0,-2.245E0));
#6460=LINE('',#6459,#6458);
#6461=DIRECTION('',(0.E0,0.E0,1.E0));
#6462=VECTOR('',#6461,6.5E-1);
#6463=CARTESIAN_POINT('',(-9.215E0,-7.42E0,-1.595E0));
#6464=LINE('',#6463,#6462);
#6465=DIRECTION('',(0.E0,1.E0,0.E0));
#6466=VECTOR('',#6465,6.42E0);
#6467=CARTESIAN_POINT('',(-9.215E0,-7.42E0,-1.595E0));
#6468=LINE('',#6467,#6466);
#6469=DIRECTION('',(0.E0,-1.E0,0.E0));
#6470=VECTOR('',#6469,6.42E0);
#6471=CARTESIAN_POINT('',(-9.215E0,-1.E0,-9.45E-1));
#6472=LINE('',#6471,#6470);
#6473=DIRECTION('',(0.E0,0.E0,1.E0));
#6474=VECTOR('',#6473,6.5E-1);
#6475=CARTESIAN_POINT('',(-9.215E0,-7.42E0,9.45E-1));
#6476=LINE('',#6475,#6474);
#6477=DIRECTION('',(0.E0,1.E0,0.E0));
#6478=VECTOR('',#6477,6.42E0);
#6479=CARTESIAN_POINT('',(-9.215E0,-7.42E0,9.45E-1));
#6480=LINE('',#6479,#6478);
#6481=DIRECTION('',(0.E0,-1.E0,0.E0));
#6482=VECTOR('',#6481,6.42E0);
#6483=CARTESIAN_POINT('',(-9.215E0,-1.E0,1.595E0));
#6484=LINE('',#6483,#6482);
#6485=DIRECTION('',(-4.472135955E-1,-4.472135955E-1,7.745966692415E-1));
#6486=VECTOR('',#6485,4.260281680828E-1);
#6487=CARTESIAN_POINT('',(-9.024474411167E0,5.655525588833E0,-5.975E0));
#6488=LINE('',#6487,#6486);
#6489=DIRECTION('',(4.472135955E-1,-4.472135955E-1,7.745966692415E-1));
#6490=VECTOR('',#6489,4.260281680828E-1);
#6491=CARTESIAN_POINT('',(-8.755525588833E0,5.655525588833E0,-5.975E0));
#6492=LINE('',#6491,#6490);
#6493=DIRECTION('',(-1.E0,0.E0,0.E0));
#6494=VECTOR('',#6493,6.5E-1);
#6495=CARTESIAN_POINT('',(-8.565E0,5.465E0,-5.645E0));
#6496=LINE('',#6495,#6494);
#6497=DIRECTION('',(1.E0,0.E0,0.E0));
#6498=VECTOR('',#6497,6.5E-1);
#6499=CARTESIAN_POINT('',(-9.215E0,5.465E0,2.95E-1));
#6500=LINE('',#6499,#6498);
#6501=DIRECTION('',(1.E0,0.E0,0.E0));
#6502=VECTOR('',#6501,6.5E-1);
#6503=CARTESIAN_POINT('',(-9.215E0,4.815E0,9.45E-1));
#6504=LINE('',#6503,#6502);
#6505=DIRECTION('',(0.E0,1.E0,0.E0));
#6506=VECTOR('',#6505,6.5E-1);
#6507=CARTESIAN_POINT('',(-8.565E0,5.465E0,-5.645E0));
#6508=LINE('',#6507,#6506);
#6509=DIRECTION('',(0.E0,0.E0,-1.E0));
#6510=VECTOR('',#6509,5.94E0);
#6511=CARTESIAN_POINT('',(-8.565E0,5.465E0,2.95E-1));
#6512=LINE('',#6511,#6510);
#6513=CARTESIAN_POINT('',(-8.565E0,4.815E0,2.95E-1));
#6514=DIRECTION('',(-1.E0,0.E0,0.E0));
#6515=DIRECTION('',(0.E0,0.E0,1.E0));
#6516=AXIS2_PLACEMENT_3D('',#6513,#6514,#6515);
#6518=DIRECTION('',(0.E0,1.E0,0.E0));
#6519=VECTOR('',#6518,3.815E0);
#6520=CARTESIAN_POINT('',(-8.565E0,1.E0,9.45E-1));
#6521=LINE('',#6520,#6519);
#6522=DIRECTION('',(0.E0,-1.E0,0.E0));
#6523=VECTOR('',#6522,3.815E0);
#6524=CARTESIAN_POINT('',(-8.565E0,4.815E0,1.595E0));
#6525=LINE('',#6524,#6523);
#6526=CARTESIAN_POINT('',(-8.565E0,4.815E0,2.95E-1));
#6527=DIRECTION('',(1.E0,0.E0,0.E0));
#6528=DIRECTION('',(0.E0,1.E0,0.E0));
#6529=AXIS2_PLACEMENT_3D('',#6526,#6527,#6528);
#6531=DIRECTION('',(0.E0,0.E0,1.E0));
#6532=VECTOR('',#6531,5.94E0);
#6533=CARTESIAN_POINT('',(-8.565E0,6.115E0,-5.645E0));
#6534=LINE('',#6533,#6532);
#6535=DIRECTION('',(0.E0,1.E0,0.E0));
#6536=VECTOR('',#6535,6.5E-1);
#6537=CARTESIAN_POINT('',(-8.565E0,2.925E0,-5.645E0));
#6538=LINE('',#6537,#6536);
#6539=DIRECTION('',(0.E0,0.E0,-1.E0));
#6540=VECTOR('',#6539,3.4E0);
#6541=CARTESIAN_POINT('',(-8.565E0,2.925E0,-2.245E0));
#6542=LINE('',#6541,#6540);
#6543=CARTESIAN_POINT('',(-8.565E0,2.275E0,-2.245E0));
#6544=DIRECTION('',(-1.E0,0.E0,0.E0));
#6545=DIRECTION('',(0.E0,0.E0,1.E0));
#6546=AXIS2_PLACEMENT_3D('',#6543,#6544,#6545);
#6548=DIRECTION('',(0.E0,1.E0,0.E0));
#6549=VECTOR('',#6548,1.275E0);
#6550=CARTESIAN_POINT('',(-8.565E0,1.E0,-1.595E0));
#6551=LINE('',#6550,#6549);
#6552=DIRECTION('',(0.E0,-1.E0,0.E0));
#6553=VECTOR('',#6552,1.275E0);
#6554=CARTESIAN_POINT('',(-8.565E0,2.275E0,-9.45E-1));
#6555=LINE('',#6554,#6553);
#6556=CARTESIAN_POINT('',(-8.565E0,2.275E0,-2.245E0));
#6557=DIRECTION('',(1.E0,0.E0,0.E0));
#6558=DIRECTION('',(0.E0,1.E0,0.E0));
#6559=AXIS2_PLACEMENT_3D('',#6556,#6557,#6558);
#6561=DIRECTION('',(0.E0,0.E0,1.E0));
#6562=VECTOR('',#6561,3.4E0);
#6563=CARTESIAN_POINT('',(-8.565E0,3.575E0,-5.645E0));
#6564=LINE('',#6563,#6562);
#6565=DIRECTION('',(0.E0,0.E0,-1.E0));
#6566=VECTOR('',#6565,6.5E-1);
#6567=CARTESIAN_POINT('',(-8.565E0,-7.42E0,-9.45E-1));
#6568=LINE('',#6567,#6566);
#6569=DIRECTION('',(0.E0,-1.E0,0.E0));
#6570=VECTOR('',#6569,6.42E0);
#6571=CARTESIAN_POINT('',(-8.565E0,-1.E0,-9.45E-1));
#6572=LINE('',#6571,#6570);
#6573=DIRECTION('',(0.E0,1.E0,0.E0));
#6574=VECTOR('',#6573,6.42E0);
#6575=CARTESIAN_POINT('',(-8.565E0,-7.42E0,-1.595E0));
#6576=LINE('',#6575,#6574);
#6577=DIRECTION('',(0.E0,0.E0,-1.E0));
#6578=VECTOR('',#6577,6.5E-1);
#6579=CARTESIAN_POINT('',(-8.565E0,-7.42E0,1.595E0));
#6580=LINE('',#6579,#6578);
#6581=DIRECTION('',(0.E0,-1.E0,0.E0));
#6582=VECTOR('',#6581,6.42E0);
#6583=CARTESIAN_POINT('',(-8.565E0,-1.E0,1.595E0));
#6584=LINE('',#6583,#6582);
#6585=DIRECTION('',(0.E0,1.E0,0.E0));
#6586=VECTOR('',#6585,6.42E0);
#6587=CARTESIAN_POINT('',(-8.565E0,-7.42E0,9.45E-1));
#6588=LINE('',#6587,#6586);
#6589=DIRECTION('',(0.E0,1.E0,0.E0));
#6590=VECTOR('',#6589,2.689488223348E-1);
#6591=CARTESIAN_POINT('',(-8.755525588833E0,5.655525588833E0,-5.975E0));
#6592=LINE('',#6591,#6590);
#6593=DIRECTION('',(-1.E0,0.E0,0.E0));
#6594=VECTOR('',#6593,2.689488223348E-1);
#6595=CARTESIAN_POINT('',(-8.755525588833E0,5.924474411167E0,-5.975E0));
#6596=LINE('',#6595,#6594);
#6597=DIRECTION('',(0.E0,-1.E0,0.E0));
#6598=VECTOR('',#6597,2.689488223348E-1);
#6599=CARTESIAN_POINT('',(-9.024474411167E0,5.924474411167E0,-5.975E0));
#6600=LINE('',#6599,#6598);
#6601=DIRECTION('',(-1.E0,0.E0,0.E0));
#6602=VECTOR('',#6601,2.689488223348E-1);
#6603=CARTESIAN_POINT('',(-8.755525588833E0,5.655525588833E0,-5.975E0));
#6604=LINE('',#6603,#6602);
#6605=DIRECTION('',(-4.472135955E-1,4.472135955E-1,7.745966692415E-1));
#6606=VECTOR('',#6605,4.260281680828E-1);
#6607=CARTESIAN_POINT('',(-9.024474411167E0,5.924474411167E0,-5.975E0));
#6608=LINE('',#6607,#6606);
#6609=DIRECTION('',(-4.472135955E-1,-4.472135955E-1,-7.745966692415E-1));
#6610=VECTOR('',#6609,4.260281680828E-1);
#6611=CARTESIAN_POINT('',(-8.565E0,6.115E0,-5.645E0));
#6612=LINE('',#6611,#6610);
#6613=DIRECTION('',(-1.E0,0.E0,0.E0));
#6614=VECTOR('',#6613,6.5E-1);
#6615=CARTESIAN_POINT('',(-8.565E0,6.115E0,-5.645E0));
#6616=LINE('',#6615,#6614);
#6617=DIRECTION('',(1.E0,0.E0,0.E0));
#6618=VECTOR('',#6617,6.5E-1);
#6619=CARTESIAN_POINT('',(-9.215E0,6.115E0,2.95E-1));
#6620=LINE('',#6619,#6618);
#6621=DIRECTION('',(1.E0,0.E0,0.E0));
#6622=VECTOR('',#6621,6.5E-1);
#6623=CARTESIAN_POINT('',(-9.215E0,4.815E0,1.595E0));
#6624=LINE('',#6623,#6622);
#6625=DIRECTION('',(0.E0,1.E0,0.E0));
#6626=VECTOR('',#6625,2.689488223348E-1);
#6627=CARTESIAN_POINT('',(-8.755525588833E0,3.115525588833E0,-5.975E0));
#6628=LINE('',#6627,#6626);
#6629=DIRECTION('',(-1.E0,0.E0,0.E0));
#6630=VECTOR('',#6629,2.689488223348E-1);
#6631=CARTESIAN_POINT('',(-8.755525588833E0,3.384474411167E0,-5.975E0));
#6632=LINE('',#6631,#6630);
#6633=DIRECTION('',(0.E0,-1.E0,0.E0));
#6634=VECTOR('',#6633,2.689488223348E-1);
#6635=CARTESIAN_POINT('',(-9.024474411167E0,3.384474411167E0,-5.975E0));
#6636=LINE('',#6635,#6634);
#6637=DIRECTION('',(-1.E0,0.E0,0.E0));
#6638=VECTOR('',#6637,2.689488223348E-1);
#6639=CARTESIAN_POINT('',(-8.755525588833E0,3.115525588833E0,-5.975E0));
#6640=LINE('',#6639,#6638);
#6641=DIRECTION('',(-4.472135955E-1,4.472135955E-1,7.745966692415E-1));
#6642=VECTOR('',#6641,4.260281680828E-1);
#6643=CARTESIAN_POINT('',(-9.024474411167E0,3.384474411167E0,-5.975E0));
#6644=LINE('',#6643,#6642);
#6645=DIRECTION('',(-4.472135955E-1,-4.472135955E-1,-7.745966692415E-1));
#6646=VECTOR('',#6645,4.260281680828E-1);
#6647=CARTESIAN_POINT('',(-8.565E0,3.575E0,-5.645E0));
#6648=LINE('',#6647,#6646);
#6649=DIRECTION('',(-1.E0,0.E0,0.E0));
#6650=VECTOR('',#6649,6.5E-1);
#6651=CARTESIAN_POINT('',(-8.565E0,3.575E0,-5.645E0));
#6652=LINE('',#6651,#6650);
#6653=DIRECTION('',(1.E0,0.E0,0.E0));
#6654=VECTOR('',#6653,6.5E-1);
#6655=CARTESIAN_POINT('',(-9.215E0,3.575E0,-2.245E0));
#6656=LINE('',#6655,#6654);
#6657=DIRECTION('',(1.E0,0.E0,0.E0));
#6658=VECTOR('',#6657,6.5E-1);
#6659=CARTESIAN_POINT('',(-9.215E0,2.275E0,-9.45E-1));
#6660=LINE('',#6659,#6658);
#6661=DIRECTION('',(-4.472135955E-1,-4.472135955E-1,7.745966692415E-1));
#6662=VECTOR('',#6661,4.260281680828E-1);
#6663=CARTESIAN_POINT('',(-9.024474411167E0,3.115525588833E0,-5.975E0));
#6664=LINE('',#6663,#6662);
#6665=DIRECTION('',(4.472135955E-1,-4.472135955E-1,7.745966692415E-1));
#6666=VECTOR('',#6665,4.260281680828E-1);
#6667=CARTESIAN_POINT('',(-8.755525588833E0,3.115525588833E0,-5.975E0));
#6668=LINE('',#6667,#6666);
#6669=DIRECTION('',(-1.E0,0.E0,0.E0));
#6670=VECTOR('',#6669,6.5E-1);
#6671=CARTESIAN_POINT('',(-8.565E0,2.925E0,-5.645E0));
#6672=LINE('',#6671,#6670);
#6673=DIRECTION('',(1.E0,0.E0,0.E0));
#6674=VECTOR('',#6673,6.5E-1);
#6675=CARTESIAN_POINT('',(-9.215E0,2.925E0,-2.245E0));
#6676=LINE('',#6675,#6674);
#6677=DIRECTION('',(1.E0,0.E0,0.E0));
#6678=VECTOR('',#6677,6.5E-1);
#6679=CARTESIAN_POINT('',(-9.215E0,2.275E0,-1.595E0));
#6680=LINE('',#6679,#6678);
#6681=DIRECTION('',(0.E0,0.E0,-1.E0));
#6682=VECTOR('',#6681,2.689488223348E-1);
#6683=CARTESIAN_POINT('',(-8.755525588833E0,-7.75E0,-1.135525588833E0));
#6684=LINE('',#6683,#6682);
#6685=DIRECTION('',(-1.E0,0.E0,0.E0));
#6686=VECTOR('',#6685,2.689488223348E-1);
#6687=CARTESIAN_POINT('',(-8.755525588833E0,-7.75E0,-1.404474411167E0));
#6688=LINE('',#6687,#6686);
#6689=DIRECTION('',(0.E0,0.E0,1.E0));
#6690=VECTOR('',#6689,2.689488223348E-1);
#6691=CARTESIAN_POINT('',(-9.024474411167E0,-7.75E0,-1.404474411167E0));
#6692=LINE('',#6691,#6690);
#6693=DIRECTION('',(-1.E0,0.E0,0.E0));
#6694=VECTOR('',#6693,2.689488223348E-1);
#6695=CARTESIAN_POINT('',(-8.755525588833E0,-7.75E0,-1.135525588833E0));
#6696=LINE('',#6695,#6694);
#6697=DIRECTION('',(-4.472135955E-1,7.745966692415E-1,-4.472135955E-1));
#6698=VECTOR('',#6697,4.260281680828E-1);
#6699=CARTESIAN_POINT('',(-9.024474411167E0,-7.75E0,-1.404474411167E0));
#6700=LINE('',#6699,#6698);
#6701=DIRECTION('',(-4.472135955E-1,-7.745966692415E-1,4.472135955E-1));
#6702=VECTOR('',#6701,4.260281680828E-1);
#6703=CARTESIAN_POINT('',(-8.565E0,-7.42E0,-1.595E0));
#6704=LINE('',#6703,#6702);
#6705=DIRECTION('',(-1.E0,0.E0,0.E0));
#6706=VECTOR('',#6705,6.5E-1);
#6707=CARTESIAN_POINT('',(-8.565E0,-7.42E0,-1.595E0));
#6708=LINE('',#6707,#6706);
#6709=DIRECTION('',(4.472135955E-1,-7.745966692415E-1,-4.472135955E-1));
#6710=VECTOR('',#6709,4.260281680828E-1);
#6711=CARTESIAN_POINT('',(-9.215E0,-7.42E0,-9.45E-1));
#6712=LINE('',#6711,#6710);
#6713=DIRECTION('',(4.472135955E-1,7.745966692415E-1,4.472135955E-1));
#6714=VECTOR('',#6713,4.260281680828E-1);
#6715=CARTESIAN_POINT('',(-8.755525588833E0,-7.75E0,-1.135525588833E0));
#6716=LINE('',#6715,#6714);
#6717=DIRECTION('',(-1.E0,0.E0,0.E0));
#6718=VECTOR('',#6717,6.5E-1);
#6719=CARTESIAN_POINT('',(-8.565E0,-7.42E0,-9.45E-1));
#6720=LINE('',#6719,#6718);
#6721=DIRECTION('',(4.472135955E-1,7.745966692415E-1,-4.472135955E-1));
#6722=VECTOR('',#6721,4.260281680828E-1);
#6723=CARTESIAN_POINT('',(-8.755525588833E0,-7.75E0,1.135525588833E0));
#6724=LINE('',#6723,#6722);
#6725=DIRECTION('',(-1.E0,0.E0,0.E0));
#6726=VECTOR('',#6725,2.689488223348E-1);
#6727=CARTESIAN_POINT('',(-8.755525588833E0,-7.75E0,1.135525588833E0));
#6728=LINE('',#6727,#6726);
#6729=DIRECTION('',(0.E0,0.E0,1.E0));
#6730=VECTOR('',#6729,2.689488223348E-1);
#6731=CARTESIAN_POINT('',(-9.024474411167E0,-7.75E0,1.135525588833E0));
#6732=LINE('',#6731,#6730);
#6733=DIRECTION('',(-1.E0,0.E0,0.E0));
#6734=VECTOR('',#6733,2.689488223348E-1);
#6735=CARTESIAN_POINT('',(-8.755525588833E0,-7.75E0,1.404474411167E0));
#6736=LINE('',#6735,#6734);
#6737=DIRECTION('',(0.E0,0.E0,-1.E0));
#6738=VECTOR('',#6737,2.689488223348E-1);
#6739=CARTESIAN_POINT('',(-8.755525588833E0,-7.75E0,1.404474411167E0));
#6740=LINE('',#6739,#6738);
#6741=DIRECTION('',(-4.472135955E-1,7.745966692415E-1,-4.472135955E-1));
#6742=VECTOR('',#6741,4.260281680828E-1);
#6743=CARTESIAN_POINT('',(-9.024474411167E0,-7.75E0,1.135525588833E0));
#6744=LINE('',#6743,#6742);
#6745=DIRECTION('',(-1.E0,0.E0,0.E0));
#6746=VECTOR('',#6745,6.5E-1);
#6747=CARTESIAN_POINT('',(-8.565E0,-7.42E0,9.45E-1));
#6748=LINE('',#6747,#6746);
#6749=DIRECTION('',(-4.472135955E-1,7.745966692415E-1,4.472135955E-1));
#6750=VECTOR('',#6749,4.260281680828E-1);
#6751=CARTESIAN_POINT('',(-9.024474411167E0,-7.75E0,1.404474411167E0));
#6752=LINE('',#6751,#6750);
#6753=DIRECTION('',(4.472135955E-1,7.745966692415E-1,4.472135955E-1));
#6754=VECTOR('',#6753,4.260281680828E-1);
#6755=CARTESIAN_POINT('',(-8.755525588833E0,-7.75E0,1.404474411167E0));
#6756=LINE('',#6755,#6754);
#6757=DIRECTION('',(-1.E0,0.E0,0.E0));
#6758=VECTOR('',#6757,6.5E-1);
#6759=CARTESIAN_POINT('',(-8.565E0,-7.42E0,1.595E0));
#6760=LINE('',#6759,#6758);
#6761=DIRECTION('',(0.E0,-1.E0,0.E0));
#6762=VECTOR('',#6761,6.5E-1);
#6763=CARTESIAN_POINT('',(-1.1755E1,6.115E0,-5.645E0));
#6764=LINE('',#6763,#6762);
#6765=DIRECTION('',(0.E0,0.E0,1.E0));
#6766=VECTOR('',#6765,5.94E0);
#6767=CARTESIAN_POINT('',(-1.1755E1,6.115E0,-5.645E0));
#6768=LINE('',#6767,#6766);
#6769=CARTESIAN_POINT('',(-1.1755E1,4.815E0,2.95E-1));
#6770=DIRECTION('',(1.E0,0.E0,0.E0));
#6771=DIRECTION('',(0.E0,1.E0,0.E0));
#6772=AXIS2_PLACEMENT_3D('',#6769,#6770,#6771);
#6774=DIRECTION('',(0.E0,-1.E0,0.E0));
#6775=VECTOR('',#6774,3.815E0);
#6776=CARTESIAN_POINT('',(-1.1755E1,4.815E0,1.595E0));
#6777=LINE('',#6776,#6775);
#6778=DIRECTION('',(0.E0,1.E0,0.E0));
#6779=VECTOR('',#6778,3.815E0);
#6780=CARTESIAN_POINT('',(-1.1755E1,1.E0,9.45E-1));
#6781=LINE('',#6780,#6779);
#6782=CARTESIAN_POINT('',(-1.1755E1,4.815E0,2.95E-1));
#6783=DIRECTION('',(-1.E0,0.E0,0.E0));
#6784=DIRECTION('',(0.E0,0.E0,1.E0));
#6785=AXIS2_PLACEMENT_3D('',#6782,#6783,#6784);
#6787=DIRECTION('',(0.E0,0.E0,-1.E0));
#6788=VECTOR('',#6787,5.94E0);
#6789=CARTESIAN_POINT('',(-1.1755E1,5.465E0,2.95E-1));
#6790=LINE('',#6789,#6788);
#6791=DIRECTION('',(0.E0,-1.E0,0.E0));
#6792=VECTOR('',#6791,6.5E-1);
#6793=CARTESIAN_POINT('',(-1.1755E1,3.575E0,-5.645E0));
#6794=LINE('',#6793,#6792);
#6795=DIRECTION('',(0.E0,0.E0,1.E0));
#6796=VECTOR('',#6795,3.4E0);
#6797=CARTESIAN_POINT('',(-1.1755E1,3.575E0,-5.645E0));
#6798=LINE('',#6797,#6796);
#6799=CARTESIAN_POINT('',(-1.1755E1,2.275E0,-2.245E0));
#6800=DIRECTION('',(1.E0,0.E0,0.E0));
#6801=DIRECTION('',(0.E0,1.E0,0.E0));
#6802=AXIS2_PLACEMENT_3D('',#6799,#6800,#6801);
#6804=DIRECTION('',(0.E0,-1.E0,0.E0));
#6805=VECTOR('',#6804,1.275E0);
#6806=CARTESIAN_POINT('',(-1.1755E1,2.275E0,-9.45E-1));
#6807=LINE('',#6806,#6805);
#6808=DIRECTION('',(0.E0,1.E0,0.E0));
#6809=VECTOR('',#6808,1.275E0);
#6810=CARTESIAN_POINT('',(-1.1755E1,1.E0,-1.595E0));
#6811=LINE('',#6810,#6809);
#6812=CARTESIAN_POINT('',(-1.1755E1,2.275E0,-2.245E0));
#6813=DIRECTION('',(-1.E0,0.E0,0.E0));
#6814=DIRECTION('',(0.E0,0.E0,1.E0));
#6815=AXIS2_PLACEMENT_3D('',#6812,#6813,#6814);
#6817=DIRECTION('',(0.E0,0.E0,-1.E0));
#6818=VECTOR('',#6817,3.4E0);
#6819=CARTESIAN_POINT('',(-1.1755E1,2.925E0,-2.245E0));
#6820=LINE('',#6819,#6818);
#6821=DIRECTION('',(0.E0,0.E0,1.E0));
#6822=VECTOR('',#6821,6.5E-1);
#6823=CARTESIAN_POINT('',(-1.1755E1,-7.42E0,-1.595E0));
#6824=LINE('',#6823,#6822);
#6825=DIRECTION('',(0.E0,1.E0,0.E0));
#6826=VECTOR('',#6825,6.42E0);
#6827=CARTESIAN_POINT('',(-1.1755E1,-7.42E0,-1.595E0));
#6828=LINE('',#6827,#6826);
#6829=DIRECTION('',(0.E0,-1.E0,0.E0));
#6830=VECTOR('',#6829,6.42E0);
#6831=CARTESIAN_POINT('',(-1.1755E1,-1.E0,-9.45E-1));
#6832=LINE('',#6831,#6830);
#6833=DIRECTION('',(0.E0,0.E0,1.E0));
#6834=VECTOR('',#6833,6.5E-1);
#6835=CARTESIAN_POINT('',(-1.1755E1,-7.42E0,9.45E-1));
#6836=LINE('',#6835,#6834);
#6837=DIRECTION('',(0.E0,1.E0,0.E0));
#6838=VECTOR('',#6837,6.42E0);
#6839=CARTESIAN_POINT('',(-1.1755E1,-7.42E0,9.45E-1));
#6840=LINE('',#6839,#6838);
#6841=DIRECTION('',(0.E0,-1.E0,0.E0));
#6842=VECTOR('',#6841,6.42E0);
#6843=CARTESIAN_POINT('',(-1.1755E1,-1.E0,1.595E0));
#6844=LINE('',#6843,#6842);
#6845=DIRECTION('',(-4.472135955E-1,-4.472135955E-1,7.745966692415E-1));
#6846=VECTOR('',#6845,4.260281680828E-1);
#6847=CARTESIAN_POINT('',(-1.156447441117E1,5.655525588833E0,-5.975E0));
#6848=LINE('',#6847,#6846);
#6849=DIRECTION('',(4.472135955E-1,-4.472135955E-1,7.745966692415E-1));
#6850=VECTOR('',#6849,4.260281680828E-1);
#6851=CARTESIAN_POINT('',(-1.129552558883E1,5.655525588833E0,-5.975E0));
#6852=LINE('',#6851,#6850);
#6853=DIRECTION('',(-1.E0,0.E0,0.E0));
#6854=VECTOR('',#6853,6.5E-1);
#6855=CARTESIAN_POINT('',(-1.1105E1,5.465E0,-5.645E0));
#6856=LINE('',#6855,#6854);
#6857=DIRECTION('',(1.E0,0.E0,0.E0));
#6858=VECTOR('',#6857,6.5E-1);
#6859=CARTESIAN_POINT('',(-1.1755E1,5.465E0,2.95E-1));
#6860=LINE('',#6859,#6858);
#6861=DIRECTION('',(1.E0,0.E0,0.E0));
#6862=VECTOR('',#6861,6.5E-1);
#6863=CARTESIAN_POINT('',(-1.1755E1,4.815E0,9.45E-1));
#6864=LINE('',#6863,#6862);
#6865=DIRECTION('',(0.E0,1.E0,0.E0));
#6866=VECTOR('',#6865,6.5E-1);
#6867=CARTESIAN_POINT('',(-1.1105E1,5.465E0,-5.645E0));
#6868=LINE('',#6867,#6866);
#6869=DIRECTION('',(0.E0,0.E0,-1.E0));
#6870=VECTOR('',#6869,5.94E0);
#6871=CARTESIAN_POINT('',(-1.1105E1,5.465E0,2.95E-1));
#6872=LINE('',#6871,#6870);
#6873=CARTESIAN_POINT('',(-1.1105E1,4.815E0,2.95E-1));
#6874=DIRECTION('',(-1.E0,0.E0,0.E0));
#6875=DIRECTION('',(0.E0,0.E0,1.E0));
#6876=AXIS2_PLACEMENT_3D('',#6873,#6874,#6875);
#6878=DIRECTION('',(0.E0,1.E0,0.E0));
#6879=VECTOR('',#6878,3.815E0);
#6880=CARTESIAN_POINT('',(-1.1105E1,1.E0,9.45E-1));
#6881=LINE('',#6880,#6879);
#6882=DIRECTION('',(0.E0,-1.E0,0.E0));
#6883=VECTOR('',#6882,3.815E0);
#6884=CARTESIAN_POINT('',(-1.1105E1,4.815E0,1.595E0));
#6885=LINE('',#6884,#6883);
#6886=CARTESIAN_POINT('',(-1.1105E1,4.815E0,2.95E-1));
#6887=DIRECTION('',(1.E0,0.E0,0.E0));
#6888=DIRECTION('',(0.E0,1.E0,0.E0));
#6889=AXIS2_PLACEMENT_3D('',#6886,#6887,#6888);
#6891=DIRECTION('',(0.E0,0.E0,1.E0));
#6892=VECTOR('',#6891,5.94E0);
#6893=CARTESIAN_POINT('',(-1.1105E1,6.115E0,-5.645E0));
#6894=LINE('',#6893,#6892);
#6895=DIRECTION('',(0.E0,1.E0,0.E0));
#6896=VECTOR('',#6895,6.5E-1);
#6897=CARTESIAN_POINT('',(-1.1105E1,2.925E0,-5.645E0));
#6898=LINE('',#6897,#6896);
#6899=DIRECTION('',(0.E0,0.E0,-1.E0));
#6900=VECTOR('',#6899,3.4E0);
#6901=CARTESIAN_POINT('',(-1.1105E1,2.925E0,-2.245E0));
#6902=LINE('',#6901,#6900);
#6903=CARTESIAN_POINT('',(-1.1105E1,2.275E0,-2.245E0));
#6904=DIRECTION('',(-1.E0,0.E0,0.E0));
#6905=DIRECTION('',(0.E0,0.E0,1.E0));
#6906=AXIS2_PLACEMENT_3D('',#6903,#6904,#6905);
#6908=DIRECTION('',(0.E0,1.E0,0.E0));
#6909=VECTOR('',#6908,1.275E0);
#6910=CARTESIAN_POINT('',(-1.1105E1,1.E0,-1.595E0));
#6911=LINE('',#6910,#6909);
#6912=DIRECTION('',(0.E0,-1.E0,0.E0));
#6913=VECTOR('',#6912,1.275E0);
#6914=CARTESIAN_POINT('',(-1.1105E1,2.275E0,-9.45E-1));
#6915=LINE('',#6914,#6913);
#6916=CARTESIAN_POINT('',(-1.1105E1,2.275E0,-2.245E0));
#6917=DIRECTION('',(1.E0,0.E0,0.E0));
#6918=DIRECTION('',(0.E0,1.E0,0.E0));
#6919=AXIS2_PLACEMENT_3D('',#6916,#6917,#6918);
#6921=DIRECTION('',(0.E0,0.E0,1.E0));
#6922=VECTOR('',#6921,3.4E0);
#6923=CARTESIAN_POINT('',(-1.1105E1,3.575E0,-5.645E0));
#6924=LINE('',#6923,#6922);
#6925=DIRECTION('',(0.E0,0.E0,-1.E0));
#6926=VECTOR('',#6925,6.5E-1);
#6927=CARTESIAN_POINT('',(-1.1105E1,-7.42E0,-9.45E-1));
#6928=LINE('',#6927,#6926);
#6929=DIRECTION('',(0.E0,-1.E0,0.E0));
#6930=VECTOR('',#6929,6.42E0);
#6931=CARTESIAN_POINT('',(-1.1105E1,-1.E0,-9.45E-1));
#6932=LINE('',#6931,#6930);
#6933=DIRECTION('',(0.E0,1.E0,0.E0));
#6934=VECTOR('',#6933,6.42E0);
#6935=CARTESIAN_POINT('',(-1.1105E1,-7.42E0,-1.595E0));
#6936=LINE('',#6935,#6934);
#6937=DIRECTION('',(0.E0,0.E0,-1.E0));
#6938=VECTOR('',#6937,6.5E-1);
#6939=CARTESIAN_POINT('',(-1.1105E1,-7.42E0,1.595E0));
#6940=LINE('',#6939,#6938);
#6941=DIRECTION('',(0.E0,-1.E0,0.E0));
#6942=VECTOR('',#6941,6.42E0);
#6943=CARTESIAN_POINT('',(-1.1105E1,-1.E0,1.595E0));
#6944=LINE('',#6943,#6942);
#6945=DIRECTION('',(0.E0,1.E0,0.E0));
#6946=VECTOR('',#6945,6.42E0);
#6947=CARTESIAN_POINT('',(-1.1105E1,-7.42E0,9.45E-1));
#6948=LINE('',#6947,#6946);
#6949=DIRECTION('',(0.E0,1.E0,0.E0));
#6950=VECTOR('',#6949,2.689488223348E-1);
#6951=CARTESIAN_POINT('',(-1.129552558883E1,5.655525588833E0,-5.975E0));
#6952=LINE('',#6951,#6950);
#6953=DIRECTION('',(-1.E0,0.E0,0.E0));
#6954=VECTOR('',#6953,2.689488223348E-1);
#6955=CARTESIAN_POINT('',(-1.129552558883E1,5.924474411167E0,-5.975E0));
#6956=LINE('',#6955,#6954);
#6957=DIRECTION('',(0.E0,-1.E0,0.E0));
#6958=VECTOR('',#6957,2.689488223348E-1);
#6959=CARTESIAN_POINT('',(-1.156447441117E1,5.924474411167E0,-5.975E0));
#6960=LINE('',#6959,#6958);
#6961=DIRECTION('',(-1.E0,0.E0,0.E0));
#6962=VECTOR('',#6961,2.689488223348E-1);
#6963=CARTESIAN_POINT('',(-1.129552558883E1,5.655525588833E0,-5.975E0));
#6964=LINE('',#6963,#6962);
#6965=DIRECTION('',(-4.472135955E-1,4.472135955E-1,7.745966692415E-1));
#6966=VECTOR('',#6965,4.260281680828E-1);
#6967=CARTESIAN_POINT('',(-1.156447441117E1,5.924474411167E0,-5.975E0));
#6968=LINE('',#6967,#6966);
#6969=DIRECTION('',(-4.472135955E-1,-4.472135955E-1,-7.745966692415E-1));
#6970=VECTOR('',#6969,4.260281680828E-1);
#6971=CARTESIAN_POINT('',(-1.1105E1,6.115E0,-5.645E0));
#6972=LINE('',#6971,#6970);
#6973=DIRECTION('',(-1.E0,0.E0,0.E0));
#6974=VECTOR('',#6973,6.5E-1);
#6975=CARTESIAN_POINT('',(-1.1105E1,6.115E0,-5.645E0));
#6976=LINE('',#6975,#6974);
#6977=DIRECTION('',(1.E0,0.E0,0.E0));
#6978=VECTOR('',#6977,6.5E-1);
#6979=CARTESIAN_POINT('',(-1.1755E1,6.115E0,2.95E-1));
#6980=LINE('',#6979,#6978);
#6981=DIRECTION('',(1.E0,0.E0,0.E0));
#6982=VECTOR('',#6981,6.5E-1);
#6983=CARTESIAN_POINT('',(-1.1755E1,4.815E0,1.595E0));
#6984=LINE('',#6983,#6982);
#6985=DIRECTION('',(0.E0,1.E0,0.E0));
#6986=VECTOR('',#6985,2.689488223348E-1);
#6987=CARTESIAN_POINT('',(-1.129552558883E1,3.115525588833E0,-5.975E0));
#6988=LINE('',#6987,#6986);
#6989=DIRECTION('',(-1.E0,0.E0,0.E0));
#6990=VECTOR('',#6989,2.689488223348E-1);
#6991=CARTESIAN_POINT('',(-1.129552558883E1,3.384474411167E0,-5.975E0));
#6992=LINE('',#6991,#6990);
#6993=DIRECTION('',(0.E0,-1.E0,0.E0));
#6994=VECTOR('',#6993,2.689488223348E-1);
#6995=CARTESIAN_POINT('',(-1.156447441117E1,3.384474411167E0,-5.975E0));
#6996=LINE('',#6995,#6994);
#6997=DIRECTION('',(-1.E0,0.E0,0.E0));
#6998=VECTOR('',#6997,2.689488223348E-1);
#6999=CARTESIAN_POINT('',(-1.129552558883E1,3.115525588833E0,-5.975E0));
#7000=LINE('',#6999,#6998);
#7001=DIRECTION('',(-4.472135955E-1,4.472135955E-1,7.745966692415E-1));
#7002=VECTOR('',#7001,4.260281680828E-1);
#7003=CARTESIAN_POINT('',(-1.156447441117E1,3.384474411167E0,-5.975E0));
#7004=LINE('',#7003,#7002);
#7005=DIRECTION('',(-4.472135955E-1,-4.472135955E-1,-7.745966692415E-1));
#7006=VECTOR('',#7005,4.260281680828E-1);
#7007=CARTESIAN_POINT('',(-1.1105E1,3.575E0,-5.645E0));
#7008=LINE('',#7007,#7006);
#7009=DIRECTION('',(-1.E0,0.E0,0.E0));
#7010=VECTOR('',#7009,6.5E-1);
#7011=CARTESIAN_POINT('',(-1.1105E1,3.575E0,-5.645E0));
#7012=LINE('',#7011,#7010);
#7013=DIRECTION('',(1.E0,0.E0,0.E0));
#7014=VECTOR('',#7013,6.5E-1);
#7015=CARTESIAN_POINT('',(-1.1755E1,3.575E0,-2.245E0));
#7016=LINE('',#7015,#7014);
#7017=DIRECTION('',(1.E0,0.E0,0.E0));
#7018=VECTOR('',#7017,6.5E-1);
#7019=CARTESIAN_POINT('',(-1.1755E1,2.275E0,-9.45E-1));
#7020=LINE('',#7019,#7018);
#7021=DIRECTION('',(-4.472135955E-1,-4.472135955E-1,7.745966692415E-1));
#7022=VECTOR('',#7021,4.260281680828E-1);
#7023=CARTESIAN_POINT('',(-1.156447441117E1,3.115525588833E0,-5.975E0));
#7024=LINE('',#7023,#7022);
#7025=DIRECTION('',(4.472135955E-1,-4.472135955E-1,7.745966692415E-1));
#7026=VECTOR('',#7025,4.260281680828E-1);
#7027=CARTESIAN_POINT('',(-1.129552558883E1,3.115525588833E0,-5.975E0));
#7028=LINE('',#7027,#7026);
#7029=DIRECTION('',(-1.E0,0.E0,0.E0));
#7030=VECTOR('',#7029,6.5E-1);
#7031=CARTESIAN_POINT('',(-1.1105E1,2.925E0,-5.645E0));
#7032=LINE('',#7031,#7030);
#7033=DIRECTION('',(1.E0,0.E0,0.E0));
#7034=VECTOR('',#7033,6.5E-1);
#7035=CARTESIAN_POINT('',(-1.1755E1,2.925E0,-2.245E0));
#7036=LINE('',#7035,#7034);
#7037=DIRECTION('',(1.E0,0.E0,0.E0));
#7038=VECTOR('',#7037,6.5E-1);
#7039=CARTESIAN_POINT('',(-1.1755E1,2.275E0,-1.595E0));
#7040=LINE('',#7039,#7038);
#7041=DIRECTION('',(0.E0,0.E0,-1.E0));
#7042=VECTOR('',#7041,2.689488223348E-1);
#7043=CARTESIAN_POINT('',(-1.129552558883E1,-7.75E0,-1.135525588833E0));
#7044=LINE('',#7043,#7042);
#7045=DIRECTION('',(-1.E0,0.E0,0.E0));
#7046=VECTOR('',#7045,2.689488223348E-1);
#7047=CARTESIAN_POINT('',(-1.129552558883E1,-7.75E0,-1.404474411167E0));
#7048=LINE('',#7047,#7046);
#7049=DIRECTION('',(0.E0,0.E0,1.E0));
#7050=VECTOR('',#7049,2.689488223348E-1);
#7051=CARTESIAN_POINT('',(-1.156447441117E1,-7.75E0,-1.404474411167E0));
#7052=LINE('',#7051,#7050);
#7053=DIRECTION('',(-1.E0,0.E0,0.E0));
#7054=VECTOR('',#7053,2.689488223348E-1);
#7055=CARTESIAN_POINT('',(-1.129552558883E1,-7.75E0,-1.135525588833E0));
#7056=LINE('',#7055,#7054);
#7057=DIRECTION('',(-4.472135955E-1,7.745966692415E-1,-4.472135955E-1));
#7058=VECTOR('',#7057,4.260281680828E-1);
#7059=CARTESIAN_POINT('',(-1.156447441117E1,-7.75E0,-1.404474411167E0));
#7060=LINE('',#7059,#7058);
#7061=DIRECTION('',(-4.472135955E-1,-7.745966692415E-1,4.472135955E-1));
#7062=VECTOR('',#7061,4.260281680828E-1);
#7063=CARTESIAN_POINT('',(-1.1105E1,-7.42E0,-1.595E0));
#7064=LINE('',#7063,#7062);
#7065=DIRECTION('',(-1.E0,0.E0,0.E0));
#7066=VECTOR('',#7065,6.5E-1);
#7067=CARTESIAN_POINT('',(-1.1105E1,-7.42E0,-1.595E0));
#7068=LINE('',#7067,#7066);
#7069=DIRECTION('',(4.472135955E-1,-7.745966692415E-1,-4.472135955E-1));
#7070=VECTOR('',#7069,4.260281680828E-1);
#7071=CARTESIAN_POINT('',(-1.1755E1,-7.42E0,-9.45E-1));
#7072=LINE('',#7071,#7070);
#7073=DIRECTION('',(4.472135955E-1,7.745966692415E-1,4.472135955E-1));
#7074=VECTOR('',#7073,4.260281680828E-1);
#7075=CARTESIAN_POINT('',(-1.129552558883E1,-7.75E0,-1.135525588833E0));
#7076=LINE('',#7075,#7074);
#7077=DIRECTION('',(-1.E0,0.E0,0.E0));
#7078=VECTOR('',#7077,6.5E-1);
#7079=CARTESIAN_POINT('',(-1.1105E1,-7.42E0,-9.45E-1));
#7080=LINE('',#7079,#7078);
#7081=DIRECTION('',(4.472135955E-1,7.745966692415E-1,-4.472135955E-1));
#7082=VECTOR('',#7081,4.260281680828E-1);
#7083=CARTESIAN_POINT('',(-1.129552558883E1,-7.75E0,1.135525588833E0));
#7084=LINE('',#7083,#7082);
#7085=DIRECTION('',(-1.E0,0.E0,0.E0));
#7086=VECTOR('',#7085,2.689488223348E-1);
#7087=CARTESIAN_POINT('',(-1.129552558883E1,-7.75E0,1.135525588833E0));
#7088=LINE('',#7087,#7086);
#7089=DIRECTION('',(0.E0,0.E0,1.E0));
#7090=VECTOR('',#7089,2.689488223348E-1);
#7091=CARTESIAN_POINT('',(-1.156447441117E1,-7.75E0,1.135525588833E0));
#7092=LINE('',#7091,#7090);
#7093=DIRECTION('',(-1.E0,0.E0,0.E0));
#7094=VECTOR('',#7093,2.689488223348E-1);
#7095=CARTESIAN_POINT('',(-1.129552558883E1,-7.75E0,1.404474411167E0));
#7096=LINE('',#7095,#7094);
#7097=DIRECTION('',(0.E0,0.E0,-1.E0));
#7098=VECTOR('',#7097,2.689488223348E-1);
#7099=CARTESIAN_POINT('',(-1.129552558883E1,-7.75E0,1.404474411167E0));
#7100=LINE('',#7099,#7098);
#7101=DIRECTION('',(-4.472135955E-1,7.745966692415E-1,-4.472135955E-1));
#7102=VECTOR('',#7101,4.260281680828E-1);
#7103=CARTESIAN_POINT('',(-1.156447441117E1,-7.75E0,1.135525588833E0));
#7104=LINE('',#7103,#7102);
#7105=DIRECTION('',(-1.E0,0.E0,0.E0));
#7106=VECTOR('',#7105,6.5E-1);
#7107=CARTESIAN_POINT('',(-1.1105E1,-7.42E0,9.45E-1));
#7108=LINE('',#7107,#7106);
#7109=DIRECTION('',(-4.472135955E-1,7.745966692415E-1,4.472135955E-1));
#7110=VECTOR('',#7109,4.260281680828E-1);
#7111=CARTESIAN_POINT('',(-1.156447441117E1,-7.75E0,1.404474411167E0));
#7112=LINE('',#7111,#7110);
#7113=DIRECTION('',(4.472135955E-1,7.745966692415E-1,4.472135955E-1));
#7114=VECTOR('',#7113,4.260281680828E-1);
#7115=CARTESIAN_POINT('',(-1.129552558883E1,-7.75E0,1.404474411167E0));
#7116=LINE('',#7115,#7114);
#7117=DIRECTION('',(-1.E0,0.E0,0.E0));
#7118=VECTOR('',#7117,6.5E-1);
#7119=CARTESIAN_POINT('',(-1.1105E1,-7.42E0,1.595E0));
#7120=LINE('',#7119,#7118);
#7121=CARTESIAN_POINT('',(1.27E1,-1.E0,7.75E-1));
#7122=CARTESIAN_POINT('',(1.27E1,-1.E0,-7.75E-1));
#7123=VERTEX_POINT('',#7121);
#7124=VERTEX_POINT('',#7122);
#7125=CARTESIAN_POINT('',(1.237675608018E1,-1.E0,-3.075E0));
#7126=VERTEX_POINT('',#7125);
#7127=CARTESIAN_POINT('',(-1.237675608018E1,-1.E0,-3.075E0));
#7128=CARTESIAN_POINT('',(-1.27E1,-1.E0,-7.75E-1));
#7129=VERTEX_POINT('',#7127);
#7130=VERTEX_POINT('',#7128);
#7131=CARTESIAN_POINT('',(-1.27E1,-1.E0,7.75E-1));
#7132=VERTEX_POINT('',#7131);
#7133=CARTESIAN_POINT('',(-1.237675608018E1,-1.E0,3.075E0));
#7134=VERTEX_POINT('',#7133);
#7135=CARTESIAN_POINT('',(1.237675608018E1,-1.E0,3.075E0));
#7136=VERTEX_POINT('',#7135);
#7137=CARTESIAN_POINT('',(1.27E1,1.E0,7.75E-1));
#7138=CARTESIAN_POINT('',(1.27E1,1.E0,-7.75E-1));
#7139=VERTEX_POINT('',#7137);
#7140=VERTEX_POINT('',#7138);
#7141=CARTESIAN_POINT('',(1.237675608018E1,1.E0,-3.075E0));
#7142=VERTEX_POINT('',#7141);
#7143=CARTESIAN_POINT('',(-1.237675608018E1,1.E0,-3.075E0));
#7144=CARTESIAN_POINT('',(-1.27E1,1.E0,-7.75E-1));
#7145=VERTEX_POINT('',#7143);
#7146=VERTEX_POINT('',#7144);
#7147=CARTESIAN_POINT('',(-1.27E1,1.E0,7.75E-1));
#7148=VERTEX_POINT('',#7147);
#7149=CARTESIAN_POINT('',(-1.237675608018E1,1.E0,3.075E0));
#7150=VERTEX_POINT('',#7149);
#7151=CARTESIAN_POINT('',(1.237675608018E1,1.E0,3.075E0));
#7152=VERTEX_POINT('',#7151);
#7153=CARTESIAN_POINT('',(1.051918983635E1,-1.E0,-3.075E0));
#7154=VERTEX_POINT('',#7153);
#7155=CARTESIAN_POINT('',(1.051918983635E1,-1.E0,3.075E0));
#7156=VERTEX_POINT('',#7155);
#7157=CARTESIAN_POINT('',(1.051918983635E1,1.E0,-3.075E0));
#7158=VERTEX_POINT('',#7157);
#7159=CARTESIAN_POINT('',(1.051918983635E1,1.E0,3.075E0));
#7160=VERTEX_POINT('',#7159);
#7161=CARTESIAN_POINT('',(1.105508134289E1,1.5E0,-1.725E0));
#7162=CARTESIAN_POINT('',(1.041508134289E1,1.5E0,-1.725E0));
#7163=VERTEX_POINT('',#7161);
#7164=VERTEX_POINT('',#7162);
#7165=CARTESIAN_POINT('',(1.093E1,1.5E0,-8.35E-1));
#7166=VERTEX_POINT('',#7165);
#7167=CARTESIAN_POINT('',(1.029E1,1.5E0,-8.35E-1));
#7168=VERTEX_POINT('',#7167);
#7169=CARTESIAN_POINT('',(1.193E1,1.5E0,-8.35E-1));
#7170=CARTESIAN_POINT('',(1.257E1,1.5E0,-8.35E-1));
#7171=VERTEX_POINT('',#7169);
#7172=VERTEX_POINT('',#7170);
#7173=CARTESIAN_POINT('',(1.180491865711E1,1.5E0,-1.725E0));
#7174=VERTEX_POINT('',#7173);
#7175=CARTESIAN_POINT('',(1.244491865711E1,1.5E0,-1.725E0));
#7176=VERTEX_POINT('',#7175);
#7177=CARTESIAN_POINT('',(1.041508134289E1,1.E0,-1.725E0));
#7178=CARTESIAN_POINT('',(1.105508134289E1,1.E0,-1.725E0));
#7179=VERTEX_POINT('',#7177);
#7180=VERTEX_POINT('',#7178);
#7181=CARTESIAN_POINT('',(1.093E1,1.E0,-8.35E-1));
#7182=VERTEX_POINT('',#7181);
#7183=CARTESIAN_POINT('',(1.029E1,1.E0,-8.35E-1));
#7184=VERTEX_POINT('',#7183);
#7185=CARTESIAN_POINT('',(1.257E1,1.E0,-8.35E-1));
#7186=CARTESIAN_POINT('',(1.193E1,1.E0,-8.35E-1));
#7187=VERTEX_POINT('',#7185);
#7188=VERTEX_POINT('',#7186);
#7189=CARTESIAN_POINT('',(1.180491865711E1,1.E0,-1.725E0));
#7190=VERTEX_POINT('',#7189);
#7191=CARTESIAN_POINT('',(1.244491865711E1,1.E0,-1.725E0));
#7192=VERTEX_POINT('',#7191);
#7193=CARTESIAN_POINT('',(9.800810163655E0,-1.E0,-3.075E0));
#7194=CARTESIAN_POINT('',(1.011E1,-1.E0,-8.75E-1));
#7195=VERTEX_POINT('',#7193);
#7196=VERTEX_POINT('',#7194);
#7197=CARTESIAN_POINT('',(1.021E1,-1.E0,-8.75E-1));
#7198=VERTEX_POINT('',#7197);
#7199=CARTESIAN_POINT('',(1.021E1,-1.E0,8.75E-1));
#7200=VERTEX_POINT('',#7199);
#7201=CARTESIAN_POINT('',(1.011E1,-1.E0,8.75E-1));
#7202=CARTESIAN_POINT('',(9.800810163655E0,-1.E0,3.075E0));
#7203=VERTEX_POINT('',#7201);
#7204=VERTEX_POINT('',#7202);
#7205=CARTESIAN_POINT('',(9.800810163655E0,1.E0,-3.075E0));
#7206=CARTESIAN_POINT('',(1.011E1,1.E0,-8.75E-1));
#7207=VERTEX_POINT('',#7205);
#7208=VERTEX_POINT('',#7206);
#7209=CARTESIAN_POINT('',(1.021E1,1.E0,-8.75E-1));
#7210=VERTEX_POINT('',#7209);
#7211=CARTESIAN_POINT('',(1.021E1,1.E0,8.75E-1));
#7212=VERTEX_POINT('',#7211);
#7213=CARTESIAN_POINT('',(1.011E1,1.E0,8.75E-1));
#7214=CARTESIAN_POINT('',(9.800810163655E0,1.E0,3.075E0));
#7215=VERTEX_POINT('',#7213);
#7216=VERTEX_POINT('',#7214);
#7217=CARTESIAN_POINT('',(1.105508134289E1,1.5E0,1.725E0));
#7218=CARTESIAN_POINT('',(1.093E1,1.5E0,8.35E-1));
#7219=VERTEX_POINT('',#7217);
#7220=VERTEX_POINT('',#7218);
#7221=CARTESIAN_POINT('',(1.041508134289E1,1.5E0,1.725E0));
#7222=VERTEX_POINT('',#7221);
#7223=CARTESIAN_POINT('',(1.029E1,1.5E0,8.35E-1));
#7224=VERTEX_POINT('',#7223);
#7225=CARTESIAN_POINT('',(1.244491865711E1,1.5E0,1.725E0));
#7226=CARTESIAN_POINT('',(1.257E1,1.5E0,8.35E-1));
#7227=VERTEX_POINT('',#7225);
#7228=VERTEX_POINT('',#7226);
#7229=CARTESIAN_POINT('',(1.180491865711E1,1.5E0,1.725E0));
#7230=VERTEX_POINT('',#7229);
#7231=CARTESIAN_POINT('',(1.193E1,1.5E0,8.35E-1));
#7232=VERTEX_POINT('',#7231);
#7233=CARTESIAN_POINT('',(1.093E1,1.E0,8.35E-1));
#7234=CARTESIAN_POINT('',(1.105508134289E1,1.E0,1.725E0));
#7235=VERTEX_POINT('',#7233);
#7236=VERTEX_POINT('',#7234);
#7237=CARTESIAN_POINT('',(1.041508134289E1,1.E0,1.725E0));
#7238=VERTEX_POINT('',#7237);
#7239=CARTESIAN_POINT('',(1.029E1,1.E0,8.35E-1));
#7240=VERTEX_POINT('',#7239);
#7241=CARTESIAN_POINT('',(1.257E1,1.E0,8.35E-1));
#7242=CARTESIAN_POINT('',(1.244491865711E1,1.E0,1.725E0));
#7243=VERTEX_POINT('',#7241);
#7244=VERTEX_POINT('',#7242);
#7245=CARTESIAN_POINT('',(1.180491865711E1,1.E0,1.725E0));
#7246=VERTEX_POINT('',#7245);
#7247=CARTESIAN_POINT('',(1.193E1,1.E0,8.35E-1));
#7248=VERTEX_POINT('',#7247);
#7249=CARTESIAN_POINT('',(7.75E0,1.5E0,-8.35E-1));
#7250=CARTESIAN_POINT('',(8.39E0,1.5E0,-8.35E-1));
#7251=VERTEX_POINT('',#7249);
#7252=VERTEX_POINT('',#7250);
#7253=CARTESIAN_POINT('',(7.875081342885E0,1.5E0,-1.725E0));
#7254=VERTEX_POINT('',#7253);
#7255=CARTESIAN_POINT('',(8.515081342885E0,1.5E0,-1.725E0));
#7256=VERTEX_POINT('',#7255);
#7257=CARTESIAN_POINT('',(9.39E0,1.5E0,-8.35E-1));
#7258=CARTESIAN_POINT('',(1.003E1,1.5E0,-8.35E-1));
#7259=VERTEX_POINT('',#7257);
#7260=VERTEX_POINT('',#7258);
#7261=CARTESIAN_POINT('',(9.264918657115E0,1.5E0,-1.725E0));
#7262=VERTEX_POINT('',#7261);
#7263=CARTESIAN_POINT('',(9.904918657115E0,1.5E0,-1.725E0));
#7264=VERTEX_POINT('',#7263);
#7265=CARTESIAN_POINT('',(8.515081342885E0,1.5E0,1.725E0));
#7266=CARTESIAN_POINT('',(8.39E0,1.5E0,8.35E-1));
#7267=VERTEX_POINT('',#7265);
#7268=VERTEX_POINT('',#7266);
#7269=CARTESIAN_POINT('',(7.875081342885E0,1.5E0,1.725E0));
#7270=VERTEX_POINT('',#7269);
#7271=CARTESIAN_POINT('',(7.75E0,1.5E0,8.35E-1));
#7272=VERTEX_POINT('',#7271);
#7273=CARTESIAN_POINT('',(9.904918657115E0,1.5E0,1.725E0));
#7274=CARTESIAN_POINT('',(1.003E1,1.5E0,8.35E-1));
#7275=VERTEX_POINT('',#7273);
#7276=VERTEX_POINT('',#7274);
#7277=CARTESIAN_POINT('',(9.264918657115E0,1.5E0,1.725E0));
#7278=VERTEX_POINT('',#7277);
#7279=CARTESIAN_POINT('',(9.39E0,1.5E0,8.35E-1));
#7280=VERTEX_POINT('',#7279);
#7281=CARTESIAN_POINT('',(8.39E0,1.E0,-8.35E-1));
#7282=CARTESIAN_POINT('',(7.75E0,1.E0,-8.35E-1));
#7283=VERTEX_POINT('',#7281);
#7284=VERTEX_POINT('',#7282);
#7285=CARTESIAN_POINT('',(7.875081342885E0,1.E0,-1.725E0));
#7286=VERTEX_POINT('',#7285);
#7287=CARTESIAN_POINT('',(8.515081342885E0,1.E0,-1.725E0));
#7288=VERTEX_POINT('',#7287);
#7289=CARTESIAN_POINT('',(1.003E1,1.E0,-8.35E-1));
#7290=CARTESIAN_POINT('',(9.39E0,1.E0,-8.35E-1));
#7291=VERTEX_POINT('',#7289);
#7292=VERTEX_POINT('',#7290);
#7293=CARTESIAN_POINT('',(9.264918657115E0,1.E0,-1.725E0));
#7294=VERTEX_POINT('',#7293);
#7295=CARTESIAN_POINT('',(9.904918657115E0,1.E0,-1.725E0));
#7296=VERTEX_POINT('',#7295);
#7297=CARTESIAN_POINT('',(8.39E0,1.E0,8.35E-1));
#7298=CARTESIAN_POINT('',(8.515081342885E0,1.E0,1.725E0));
#7299=VERTEX_POINT('',#7297);
#7300=VERTEX_POINT('',#7298);
#7301=CARTESIAN_POINT('',(7.875081342885E0,1.E0,1.725E0));
#7302=VERTEX_POINT('',#7301);
#7303=CARTESIAN_POINT('',(7.75E0,1.E0,8.35E-1));
#7304=VERTEX_POINT('',#7303);
#7305=CARTESIAN_POINT('',(1.003E1,1.E0,8.35E-1));
#7306=CARTESIAN_POINT('',(9.904918657115E0,1.E0,1.725E0));
#7307=VERTEX_POINT('',#7305);
#7308=VERTEX_POINT('',#7306);
#7309=CARTESIAN_POINT('',(9.264918657115E0,1.E0,1.725E0));
#7310=VERTEX_POINT('',#7309);
#7311=CARTESIAN_POINT('',(9.39E0,1.E0,8.35E-1));
#7312=VERTEX_POINT('',#7311);
#7313=CARTESIAN_POINT('',(5.21E0,1.5E0,-8.35E-1));
#7314=CARTESIAN_POINT('',(5.85E0,1.5E0,-8.35E-1));
#7315=VERTEX_POINT('',#7313);
#7316=VERTEX_POINT('',#7314);
#7317=CARTESIAN_POINT('',(5.335081342885E0,1.5E0,-1.725E0));
#7318=VERTEX_POINT('',#7317);
#7319=CARTESIAN_POINT('',(5.975081342885E0,1.5E0,-1.725E0));
#7320=VERTEX_POINT('',#7319);
#7321=CARTESIAN_POINT('',(6.85E0,1.5E0,-8.35E-1));
#7322=CARTESIAN_POINT('',(7.49E0,1.5E0,-8.35E-1));
#7323=VERTEX_POINT('',#7321);
#7324=VERTEX_POINT('',#7322);
#7325=CARTESIAN_POINT('',(6.724918657115E0,1.5E0,-1.725E0));
#7326=VERTEX_POINT('',#7325);
#7327=CARTESIAN_POINT('',(7.364918657115E0,1.5E0,-1.725E0));
#7328=VERTEX_POINT('',#7327);
#7329=CARTESIAN_POINT('',(5.975081342885E0,1.5E0,1.725E0));
#7330=CARTESIAN_POINT('',(5.85E0,1.5E0,8.35E-1));
#7331=VERTEX_POINT('',#7329);
#7332=VERTEX_POINT('',#7330);
#7333=CARTESIAN_POINT('',(5.335081342885E0,1.5E0,1.725E0));
#7334=VERTEX_POINT('',#7333);
#7335=CARTESIAN_POINT('',(5.21E0,1.5E0,8.35E-1));
#7336=VERTEX_POINT('',#7335);
#7337=CARTESIAN_POINT('',(7.364918657115E0,1.5E0,1.725E0));
#7338=CARTESIAN_POINT('',(7.49E0,1.5E0,8.35E-1));
#7339=VERTEX_POINT('',#7337);
#7340=VERTEX_POINT('',#7338);
#7341=CARTESIAN_POINT('',(6.724918657115E0,1.5E0,1.725E0));
#7342=VERTEX_POINT('',#7341);
#7343=CARTESIAN_POINT('',(6.85E0,1.5E0,8.35E-1));
#7344=VERTEX_POINT('',#7343);
#7345=CARTESIAN_POINT('',(5.85E0,1.E0,-8.35E-1));
#7346=CARTESIAN_POINT('',(5.21E0,1.E0,-8.35E-1));
#7347=VERTEX_POINT('',#7345);
#7348=VERTEX_POINT('',#7346);
#7349=CARTESIAN_POINT('',(5.335081342885E0,1.E0,-1.725E0));
#7350=VERTEX_POINT('',#7349);
#7351=CARTESIAN_POINT('',(5.975081342885E0,1.E0,-1.725E0));
#7352=VERTEX_POINT('',#7351);
#7353=CARTESIAN_POINT('',(7.49E0,1.E0,-8.35E-1));
#7354=CARTESIAN_POINT('',(6.85E0,1.E0,-8.35E-1));
#7355=VERTEX_POINT('',#7353);
#7356=VERTEX_POINT('',#7354);
#7357=CARTESIAN_POINT('',(6.724918657115E0,1.E0,-1.725E0));
#7358=VERTEX_POINT('',#7357);
#7359=CARTESIAN_POINT('',(7.364918657115E0,1.E0,-1.725E0));
#7360=VERTEX_POINT('',#7359);
#7361=CARTESIAN_POINT('',(5.85E0,1.E0,8.35E-1));
#7362=CARTESIAN_POINT('',(5.975081342885E0,1.E0,1.725E0));
#7363=VERTEX_POINT('',#7361);
#7364=VERTEX_POINT('',#7362);
#7365=CARTESIAN_POINT('',(5.335081342885E0,1.E0,1.725E0));
#7366=VERTEX_POINT('',#7365);
#7367=CARTESIAN_POINT('',(5.21E0,1.E0,8.35E-1));
#7368=VERTEX_POINT('',#7367);
#7369=CARTESIAN_POINT('',(7.49E0,1.E0,8.35E-1));
#7370=CARTESIAN_POINT('',(7.364918657115E0,1.E0,1.725E0));
#7371=VERTEX_POINT('',#7369);
#7372=VERTEX_POINT('',#7370);
#7373=CARTESIAN_POINT('',(6.724918657115E0,1.E0,1.725E0));
#7374=VERTEX_POINT('',#7373);
#7375=CARTESIAN_POINT('',(6.85E0,1.E0,8.35E-1));
#7376=VERTEX_POINT('',#7375);
#7377=CARTESIAN_POINT('',(1.1105E1,-1.E0,-9.45E-1));
#7378=CARTESIAN_POINT('',(1.1105E1,-1.E0,-1.595E0));
#7379=VERTEX_POINT('',#7377);
#7380=VERTEX_POINT('',#7378);
#7381=CARTESIAN_POINT('',(1.1105E1,-1.E0,1.595E0));
#7382=CARTESIAN_POINT('',(1.1105E1,-1.E0,9.45E-1));
#7383=VERTEX_POINT('',#7381);
#7384=VERTEX_POINT('',#7382);
#7385=CARTESIAN_POINT('',(1.1755E1,-1.E0,-9.45E-1));
#7386=CARTESIAN_POINT('',(1.1755E1,-1.E0,-1.595E0));
#7387=VERTEX_POINT('',#7385);
#7388=VERTEX_POINT('',#7386);
#7389=CARTESIAN_POINT('',(1.1755E1,-1.E0,1.595E0));
#7390=CARTESIAN_POINT('',(1.1755E1,-1.E0,9.45E-1));
#7391=VERTEX_POINT('',#7389);
#7392=VERTEX_POINT('',#7390);
#7393=CARTESIAN_POINT('',(1.1105E1,1.E0,-9.45E-1));
#7394=CARTESIAN_POINT('',(1.1105E1,1.E0,-1.595E0));
#7395=VERTEX_POINT('',#7393);
#7396=VERTEX_POINT('',#7394);
#7397=CARTESIAN_POINT('',(1.1105E1,1.E0,1.595E0));
#7398=CARTESIAN_POINT('',(1.1105E1,1.E0,9.45E-1));
#7399=VERTEX_POINT('',#7397);
#7400=VERTEX_POINT('',#7398);
#7401=CARTESIAN_POINT('',(1.1755E1,1.E0,-9.45E-1));
#7402=CARTESIAN_POINT('',(1.1755E1,1.E0,-1.595E0));
#7403=VERTEX_POINT('',#7401);
#7404=VERTEX_POINT('',#7402);
#7405=CARTESIAN_POINT('',(1.1755E1,1.E0,1.595E0));
#7406=CARTESIAN_POINT('',(1.1755E1,1.E0,9.45E-1));
#7407=VERTEX_POINT('',#7405);
#7408=VERTEX_POINT('',#7406);
#7409=CARTESIAN_POINT('',(1.1105E1,2.275E0,-1.595E0));
#7410=VERTEX_POINT('',#7409);
#7411=CARTESIAN_POINT('',(1.1105E1,2.275E0,-9.45E-1));
#7412=VERTEX_POINT('',#7411);
#7413=CARTESIAN_POINT('',(1.1105E1,4.815E0,9.45E-1));
#7414=VERTEX_POINT('',#7413);
#7415=CARTESIAN_POINT('',(1.1105E1,4.815E0,1.595E0));
#7416=VERTEX_POINT('',#7415);
#7417=CARTESIAN_POINT('',(1.1755E1,2.275E0,-1.595E0));
#7418=VERTEX_POINT('',#7417);
#7419=CARTESIAN_POINT('',(1.1755E1,2.275E0,-9.45E-1));
#7420=VERTEX_POINT('',#7419);
#7421=CARTESIAN_POINT('',(1.1755E1,4.815E0,9.45E-1));
#7422=VERTEX_POINT('',#7421);
#7423=CARTESIAN_POINT('',(1.1755E1,4.815E0,1.595E0));
#7424=VERTEX_POINT('',#7423);
#7425=CARTESIAN_POINT('',(8.565E0,-1.E0,-9.45E-1));
#7426=CARTESIAN_POINT('',(8.565E0,-1.E0,-1.595E0));
#7427=VERTEX_POINT('',#7425);
#7428=VERTEX_POINT('',#7426);
#7429=CARTESIAN_POINT('',(8.565E0,-1.E0,1.595E0));
#7430=CARTESIAN_POINT('',(8.565E0,-1.E0,9.45E-1));
#7431=VERTEX_POINT('',#7429);
#7432=VERTEX_POINT('',#7430);
#7433=CARTESIAN_POINT('',(9.215E0,-1.E0,-9.45E-1));
#7434=CARTESIAN_POINT('',(9.215E0,-1.E0,-1.595E0));
#7435=VERTEX_POINT('',#7433);
#7436=VERTEX_POINT('',#7434);
#7437=CARTESIAN_POINT('',(9.215E0,-1.E0,1.595E0));
#7438=CARTESIAN_POINT('',(9.215E0,-1.E0,9.45E-1));
#7439=VERTEX_POINT('',#7437);
#7440=VERTEX_POINT('',#7438);
#7441=CARTESIAN_POINT('',(8.565E0,1.E0,-9.45E-1));
#7442=CARTESIAN_POINT('',(8.565E0,1.E0,-1.595E0));
#7443=VERTEX_POINT('',#7441);
#7444=VERTEX_POINT('',#7442);
#7445=CARTESIAN_POINT('',(8.565E0,1.E0,1.595E0));
#7446=CARTESIAN_POINT('',(8.565E0,1.E0,9.45E-1));
#7447=VERTEX_POINT('',#7445);
#7448=VERTEX_POINT('',#7446);
#7449=CARTESIAN_POINT('',(9.215E0,1.E0,-9.45E-1));
#7450=CARTESIAN_POINT('',(9.215E0,1.E0,-1.595E0));
#7451=VERTEX_POINT('',#7449);
#7452=VERTEX_POINT('',#7450);
#7453=CARTESIAN_POINT('',(9.215E0,1.E0,1.595E0));
#7454=CARTESIAN_POINT('',(9.215E0,1.E0,9.45E-1));
#7455=VERTEX_POINT('',#7453);
#7456=VERTEX_POINT('',#7454);
#7457=CARTESIAN_POINT('',(8.565E0,2.275E0,-1.595E0));
#7458=VERTEX_POINT('',#7457);
#7459=CARTESIAN_POINT('',(8.565E0,2.275E0,-9.45E-1));
#7460=VERTEX_POINT('',#7459);
#7461=CARTESIAN_POINT('',(8.565E0,4.815E0,9.45E-1));
#7462=VERTEX_POINT('',#7461);
#7463=CARTESIAN_POINT('',(8.565E0,4.815E0,1.595E0));
#7464=VERTEX_POINT('',#7463);
#7465=CARTESIAN_POINT('',(9.215E0,2.275E0,-1.595E0));
#7466=VERTEX_POINT('',#7465);
#7467=CARTESIAN_POINT('',(9.215E0,2.275E0,-9.45E-1));
#7468=VERTEX_POINT('',#7467);
#7469=CARTESIAN_POINT('',(9.215E0,4.815E0,9.45E-1));
#7470=VERTEX_POINT('',#7469);
#7471=CARTESIAN_POINT('',(9.215E0,4.815E0,1.595E0));
#7472=VERTEX_POINT('',#7471);
#7473=CARTESIAN_POINT('',(6.025E0,-1.E0,-9.45E-1));
#7474=CARTESIAN_POINT('',(6.025E0,-1.E0,-1.595E0));
#7475=VERTEX_POINT('',#7473);
#7476=VERTEX_POINT('',#7474);
#7477=CARTESIAN_POINT('',(6.025E0,-1.E0,1.595E0));
#7478=CARTESIAN_POINT('',(6.025E0,-1.E0,9.45E-1));
#7479=VERTEX_POINT('',#7477);
#7480=VERTEX_POINT('',#7478);
#7481=CARTESIAN_POINT('',(6.675E0,-1.E0,-9.45E-1));
#7482=CARTESIAN_POINT('',(6.675E0,-1.E0,-1.595E0));
#7483=VERTEX_POINT('',#7481);
#7484=VERTEX_POINT('',#7482);
#7485=CARTESIAN_POINT('',(6.675E0,-1.E0,1.595E0));
#7486=CARTESIAN_POINT('',(6.675E0,-1.E0,9.45E-1));
#7487=VERTEX_POINT('',#7485);
#7488=VERTEX_POINT('',#7486);
#7489=CARTESIAN_POINT('',(6.025E0,1.E0,-9.45E-1));
#7490=CARTESIAN_POINT('',(6.025E0,1.E0,-1.595E0));
#7491=VERTEX_POINT('',#7489);
#7492=VERTEX_POINT('',#7490);
#7493=CARTESIAN_POINT('',(6.025E0,1.E0,1.595E0));
#7494=CARTESIAN_POINT('',(6.025E0,1.E0,9.45E-1));
#7495=VERTEX_POINT('',#7493);
#7496=VERTEX_POINT('',#7494);
#7497=CARTESIAN_POINT('',(6.675E0,1.E0,-9.45E-1));
#7498=CARTESIAN_POINT('',(6.675E0,1.E0,-1.595E0));
#7499=VERTEX_POINT('',#7497);
#7500=VERTEX_POINT('',#7498);
#7501=CARTESIAN_POINT('',(6.675E0,1.E0,1.595E0));
#7502=CARTESIAN_POINT('',(6.675E0,1.E0,9.45E-1));
#7503=VERTEX_POINT('',#7501);
#7504=VERTEX_POINT('',#7502);
#7505=CARTESIAN_POINT('',(6.025E0,2.275E0,-1.595E0));
#7506=VERTEX_POINT('',#7505);
#7507=CARTESIAN_POINT('',(6.025E0,2.275E0,-9.45E-1));
#7508=VERTEX_POINT('',#7507);
#7509=CARTESIAN_POINT('',(6.025E0,4.815E0,9.45E-1));
#7510=VERTEX_POINT('',#7509);
#7511=CARTESIAN_POINT('',(6.025E0,4.815E0,1.595E0));
#7512=VERTEX_POINT('',#7511);
#7513=CARTESIAN_POINT('',(6.675E0,2.275E0,-1.595E0));
#7514=VERTEX_POINT('',#7513);
#7515=CARTESIAN_POINT('',(6.675E0,2.275E0,-9.45E-1));
#7516=VERTEX_POINT('',#7515);
#7517=CARTESIAN_POINT('',(6.675E0,4.815E0,9.45E-1));
#7518=VERTEX_POINT('',#7517);
#7519=CARTESIAN_POINT('',(6.675E0,4.815E0,1.595E0));
#7520=VERTEX_POINT('',#7519);
#7521=CARTESIAN_POINT('',(7.260810163655E0,-1.E0,-3.075E0));
#7522=CARTESIAN_POINT('',(7.57E0,-1.E0,-8.75E-1));
#7523=VERTEX_POINT('',#7521);
#7524=VERTEX_POINT('',#7522);
#7525=CARTESIAN_POINT('',(7.67E0,-1.E0,-8.75E-1));
#7526=CARTESIAN_POINT('',(7.979189836345E0,-1.E0,-3.075E0));
#7527=VERTEX_POINT('',#7525);
#7528=VERTEX_POINT('',#7526);
#7529=CARTESIAN_POINT('',(7.979189836345E0,-1.E0,3.075E0));
#7530=CARTESIAN_POINT('',(7.67E0,-1.E0,8.75E-1));
#7531=VERTEX_POINT('',#7529);
#7532=VERTEX_POINT('',#7530);
#7533=CARTESIAN_POINT('',(7.57E0,-1.E0,8.75E-1));
#7534=CARTESIAN_POINT('',(7.260810163655E0,-1.E0,3.075E0));
#7535=VERTEX_POINT('',#7533);
#7536=VERTEX_POINT('',#7534);
#7537=CARTESIAN_POINT('',(7.260810163655E0,1.E0,-3.075E0));
#7538=CARTESIAN_POINT('',(7.57E0,1.E0,-8.75E-1));
#7539=VERTEX_POINT('',#7537);
#7540=VERTEX_POINT('',#7538);
#7541=CARTESIAN_POINT('',(7.67E0,1.E0,-8.75E-1));
#7542=CARTESIAN_POINT('',(7.979189836345E0,1.E0,-3.075E0));
#7543=VERTEX_POINT('',#7541);
#7544=VERTEX_POINT('',#7542);
#7545=CARTESIAN_POINT('',(7.979189836345E0,1.E0,3.075E0));
#7546=CARTESIAN_POINT('',(7.67E0,1.E0,8.75E-1));
#7547=VERTEX_POINT('',#7545);
#7548=VERTEX_POINT('',#7546);
#7549=CARTESIAN_POINT('',(7.57E0,1.E0,8.75E-1));
#7550=CARTESIAN_POINT('',(7.260810163655E0,1.E0,3.075E0));
#7551=VERTEX_POINT('',#7549);
#7552=VERTEX_POINT('',#7550);
#7553=CARTESIAN_POINT('',(1.1105E1,2.925E0,-2.245E0));
#7554=VERTEX_POINT('',#7553);
#7555=CARTESIAN_POINT('',(1.1105E1,3.575E0,-2.245E0));
#7556=VERTEX_POINT('',#7555);
#7557=CARTESIAN_POINT('',(1.1105E1,5.465E0,2.95E-1));
#7558=VERTEX_POINT('',#7557);
#7559=CARTESIAN_POINT('',(1.1105E1,6.115E0,2.95E-1));
#7560=VERTEX_POINT('',#7559);
#7561=CARTESIAN_POINT('',(1.1755E1,2.925E0,-2.245E0));
#7562=VERTEX_POINT('',#7561);
#7563=CARTESIAN_POINT('',(1.1755E1,3.575E0,-2.245E0));
#7564=VERTEX_POINT('',#7563);
#7565=CARTESIAN_POINT('',(1.1755E1,5.465E0,2.95E-1));
#7566=VERTEX_POINT('',#7565);
#7567=CARTESIAN_POINT('',(1.1755E1,6.115E0,2.95E-1));
#7568=VERTEX_POINT('',#7567);
#7569=CARTESIAN_POINT('',(8.565E0,2.925E0,-2.245E0));
#7570=VERTEX_POINT('',#7569);
#7571=CARTESIAN_POINT('',(8.565E0,3.575E0,-2.245E0));
#7572=VERTEX_POINT('',#7571);
#7573=CARTESIAN_POINT('',(8.565E0,5.465E0,2.95E-1));
#7574=VERTEX_POINT('',#7573);
#7575=CARTESIAN_POINT('',(8.565E0,6.115E0,2.95E-1));
#7576=VERTEX_POINT('',#7575);
#7577=CARTESIAN_POINT('',(9.215E0,2.925E0,-2.245E0));
#7578=VERTEX_POINT('',#7577);
#7579=CARTESIAN_POINT('',(9.215E0,3.575E0,-2.245E0));
#7580=VERTEX_POINT('',#7579);
#7581=CARTESIAN_POINT('',(9.215E0,5.465E0,2.95E-1));
#7582=VERTEX_POINT('',#7581);
#7583=CARTESIAN_POINT('',(9.215E0,6.115E0,2.95E-1));
#7584=VERTEX_POINT('',#7583);
#7585=CARTESIAN_POINT('',(6.025E0,2.925E0,-2.245E0));
#7586=VERTEX_POINT('',#7585);
#7587=CARTESIAN_POINT('',(6.025E0,3.575E0,-2.245E0));
#7588=VERTEX_POINT('',#7587);
#7589=CARTESIAN_POINT('',(6.025E0,5.465E0,2.95E-1));
#7590=VERTEX_POINT('',#7589);
#7591=CARTESIAN_POINT('',(6.025E0,6.115E0,2.95E-1));
#7592=VERTEX_POINT('',#7591);
#7593=CARTESIAN_POINT('',(6.675E0,2.925E0,-2.245E0));
#7594=VERTEX_POINT('',#7593);
#7595=CARTESIAN_POINT('',(6.675E0,3.575E0,-2.245E0));
#7596=VERTEX_POINT('',#7595);
#7597=CARTESIAN_POINT('',(6.675E0,5.465E0,2.95E-1));
#7598=VERTEX_POINT('',#7597);
#7599=CARTESIAN_POINT('',(6.675E0,6.115E0,2.95E-1));
#7600=VERTEX_POINT('',#7599);
#7601=CARTESIAN_POINT('',(4.720810163655E0,-1.E0,-3.075E0));
#7602=CARTESIAN_POINT('',(5.03E0,-1.E0,-8.75E-1));
#7603=VERTEX_POINT('',#7601);
#7604=VERTEX_POINT('',#7602);
#7605=CARTESIAN_POINT('',(5.13E0,-1.E0,-8.75E-1));
#7606=VERTEX_POINT('',#7605);
#7607=CARTESIAN_POINT('',(5.439189836345E0,-1.E0,-3.075E0));
#7608=VERTEX_POINT('',#7607);
#7609=CARTESIAN_POINT('',(5.439189836345E0,-1.E0,3.075E0));
#7610=CARTESIAN_POINT('',(5.13E0,-1.E0,8.75E-1));
#7611=VERTEX_POINT('',#7609);
#7612=VERTEX_POINT('',#7610);
#7613=CARTESIAN_POINT('',(5.03E0,-1.E0,8.75E-1));
#7614=VERTEX_POINT('',#7613);
#7615=CARTESIAN_POINT('',(4.720810163655E0,-1.E0,3.075E0));
#7616=VERTEX_POINT('',#7615);
#7617=CARTESIAN_POINT('',(4.720810163655E0,1.E0,-3.075E0));
#7618=CARTESIAN_POINT('',(5.03E0,1.E0,-8.75E-1));
#7619=VERTEX_POINT('',#7617);
#7620=VERTEX_POINT('',#7618);
#7621=CARTESIAN_POINT('',(5.13E0,1.E0,-8.75E-1));
#7622=VERTEX_POINT('',#7621);
#7623=CARTESIAN_POINT('',(5.439189836345E0,1.E0,-3.075E0));
#7624=VERTEX_POINT('',#7623);
#7625=CARTESIAN_POINT('',(5.439189836345E0,1.E0,3.075E0));
#7626=CARTESIAN_POINT('',(5.13E0,1.E0,8.75E-1));
#7627=VERTEX_POINT('',#7625);
#7628=VERTEX_POINT('',#7626);
#7629=CARTESIAN_POINT('',(5.03E0,1.E0,8.75E-1));
#7630=VERTEX_POINT('',#7629);
#7631=CARTESIAN_POINT('',(4.720810163655E0,1.E0,3.075E0));
#7632=VERTEX_POINT('',#7631);
#7633=CARTESIAN_POINT('',(2.180810163655E0,-1.E0,-3.075E0));
#7634=CARTESIAN_POINT('',(2.49E0,-1.E0,-8.75E-1));
#7635=VERTEX_POINT('',#7633);
#7636=VERTEX_POINT('',#7634);
#7637=CARTESIAN_POINT('',(2.59E0,-1.E0,-8.75E-1));
#7638=VERTEX_POINT('',#7637);
#7639=CARTESIAN_POINT('',(2.899189836345E0,-1.E0,-3.075E0));
#7640=VERTEX_POINT('',#7639);
#7641=CARTESIAN_POINT('',(2.899189836345E0,-1.E0,3.075E0));
#7642=CARTESIAN_POINT('',(2.59E0,-1.E0,8.75E-1));
#7643=VERTEX_POINT('',#7641);
#7644=VERTEX_POINT('',#7642);
#7645=CARTESIAN_POINT('',(2.49E0,-1.E0,8.75E-1));
#7646=VERTEX_POINT('',#7645);
#7647=CARTESIAN_POINT('',(2.180810163655E0,-1.E0,3.075E0));
#7648=VERTEX_POINT('',#7647);
#7649=CARTESIAN_POINT('',(2.180810163655E0,1.E0,-3.075E0));
#7650=CARTESIAN_POINT('',(2.49E0,1.E0,-8.75E-1));
#7651=VERTEX_POINT('',#7649);
#7652=VERTEX_POINT('',#7650);
#7653=CARTESIAN_POINT('',(2.59E0,1.E0,-8.75E-1));
#7654=VERTEX_POINT('',#7653);
#7655=CARTESIAN_POINT('',(2.899189836345E0,1.E0,-3.075E0));
#7656=VERTEX_POINT('',#7655);
#7657=CARTESIAN_POINT('',(2.899189836345E0,1.E0,3.075E0));
#7658=CARTESIAN_POINT('',(2.59E0,1.E0,8.75E-1));
#7659=VERTEX_POINT('',#7657);
#7660=VERTEX_POINT('',#7658);
#7661=CARTESIAN_POINT('',(2.49E0,1.E0,8.75E-1));
#7662=VERTEX_POINT('',#7661);
#7663=CARTESIAN_POINT('',(2.180810163655E0,1.E0,3.075E0));
#7664=VERTEX_POINT('',#7663);
#7665=CARTESIAN_POINT('',(-3.591898363453E-1,-1.E0,-3.075E0));
#7666=CARTESIAN_POINT('',(-4.999999999999E-2,-1.E0,-8.75E-1));
#7667=VERTEX_POINT('',#7665);
#7668=VERTEX_POINT('',#7666);
#7669=CARTESIAN_POINT('',(5.000000000001E-2,-1.E0,-8.75E-1));
#7670=VERTEX_POINT('',#7669);
#7671=CARTESIAN_POINT('',(3.591898363453E-1,-1.E0,-3.075E0));
#7672=VERTEX_POINT('',#7671);
#7673=CARTESIAN_POINT('',(3.591898363453E-1,-1.E0,3.075E0));
#7674=CARTESIAN_POINT('',(5.000000000001E-2,-1.E0,8.75E-1));
#7675=VERTEX_POINT('',#7673);
#7676=VERTEX_POINT('',#7674);
#7677=CARTESIAN_POINT('',(-4.999999999999E-2,-1.E0,8.75E-1));
#7678=VERTEX_POINT('',#7677);
#7679=CARTESIAN_POINT('',(-3.591898363453E-1,-1.E0,3.075E0));
#7680=VERTEX_POINT('',#7679);
#7681=CARTESIAN_POINT('',(-3.591898363453E-1,1.E0,-3.075E0));
#7682=CARTESIAN_POINT('',(-4.999999999999E-2,1.E0,-8.75E-1));
#7683=VERTEX_POINT('',#7681);
#7684=VERTEX_POINT('',#7682);
#7685=CARTESIAN_POINT('',(5.000000000001E-2,1.E0,-8.75E-1));
#7686=VERTEX_POINT('',#7685);
#7687=CARTESIAN_POINT('',(3.591898363453E-1,1.E0,-3.075E0));
#7688=VERTEX_POINT('',#7687);
#7689=CARTESIAN_POINT('',(3.591898363453E-1,1.E0,3.075E0));
#7690=CARTESIAN_POINT('',(5.000000000001E-2,1.E0,8.75E-1));
#7691=VERTEX_POINT('',#7689);
#7692=VERTEX_POINT('',#7690);
#7693=CARTESIAN_POINT('',(-4.999999999999E-2,1.E0,8.75E-1));
#7694=VERTEX_POINT('',#7693);
#7695=CARTESIAN_POINT('',(-3.591898363453E-1,1.E0,3.075E0));
#7696=VERTEX_POINT('',#7695);
#7697=CARTESIAN_POINT('',(-2.899189836345E0,-1.E0,-3.075E0));
#7698=CARTESIAN_POINT('',(-2.59E0,-1.E0,-8.75E-1));
#7699=VERTEX_POINT('',#7697);
#7700=VERTEX_POINT('',#7698);
#7701=CARTESIAN_POINT('',(-2.49E0,-1.E0,-8.75E-1));
#7702=VERTEX_POINT('',#7701);
#7703=CARTESIAN_POINT('',(-2.180810163655E0,-1.E0,-3.075E0));
#7704=VERTEX_POINT('',#7703);
#7705=CARTESIAN_POINT('',(-2.180810163655E0,-1.E0,3.075E0));
#7706=CARTESIAN_POINT('',(-2.49E0,-1.E0,8.75E-1));
#7707=VERTEX_POINT('',#7705);
#7708=VERTEX_POINT('',#7706);
#7709=CARTESIAN_POINT('',(-2.59E0,-1.E0,8.75E-1));
#7710=VERTEX_POINT('',#7709);
#7711=CARTESIAN_POINT('',(-2.899189836345E0,-1.E0,3.075E0));
#7712=VERTEX_POINT('',#7711);
#7713=CARTESIAN_POINT('',(-2.899189836345E0,1.E0,-3.075E0));
#7714=CARTESIAN_POINT('',(-2.59E0,1.E0,-8.75E-1));
#7715=VERTEX_POINT('',#7713);
#7716=VERTEX_POINT('',#7714);
#7717=CARTESIAN_POINT('',(-2.49E0,1.E0,-8.75E-1));
#7718=VERTEX_POINT('',#7717);
#7719=CARTESIAN_POINT('',(-2.180810163655E0,1.E0,-3.075E0));
#7720=VERTEX_POINT('',#7719);
#7721=CARTESIAN_POINT('',(-2.180810163655E0,1.E0,3.075E0));
#7722=CARTESIAN_POINT('',(-2.49E0,1.E0,8.75E-1));
#7723=VERTEX_POINT('',#7721);
#7724=VERTEX_POINT('',#7722);
#7725=CARTESIAN_POINT('',(-2.59E0,1.E0,8.75E-1));
#7726=VERTEX_POINT('',#7725);
#7727=CARTESIAN_POINT('',(-2.899189836345E0,1.E0,3.075E0));
#7728=VERTEX_POINT('',#7727);
#7729=CARTESIAN_POINT('',(-5.439189836345E0,-1.E0,-3.075E0));
#7730=CARTESIAN_POINT('',(-5.13E0,-1.E0,-8.75E-1));
#7731=VERTEX_POINT('',#7729);
#7732=VERTEX_POINT('',#7730);
#7733=CARTESIAN_POINT('',(-5.03E0,-1.E0,-8.75E-1));
#7734=VERTEX_POINT('',#7733);
#7735=CARTESIAN_POINT('',(-4.720810163655E0,-1.E0,-3.075E0));
#7736=VERTEX_POINT('',#7735);
#7737=CARTESIAN_POINT('',(-4.720810163655E0,-1.E0,3.075E0));
#7738=CARTESIAN_POINT('',(-5.03E0,-1.E0,8.75E-1));
#7739=VERTEX_POINT('',#7737);
#7740=VERTEX_POINT('',#7738);
#7741=CARTESIAN_POINT('',(-5.13E0,-1.E0,8.75E-1));
#7742=VERTEX_POINT('',#7741);
#7743=CARTESIAN_POINT('',(-5.439189836345E0,-1.E0,3.075E0));
#7744=VERTEX_POINT('',#7743);
#7745=CARTESIAN_POINT('',(-5.439189836345E0,1.E0,-3.075E0));
#7746=CARTESIAN_POINT('',(-5.13E0,1.E0,-8.75E-1));
#7747=VERTEX_POINT('',#7745);
#7748=VERTEX_POINT('',#7746);
#7749=CARTESIAN_POINT('',(-5.03E0,1.E0,-8.75E-1));
#7750=VERTEX_POINT('',#7749);
#7751=CARTESIAN_POINT('',(-4.720810163655E0,1.E0,-3.075E0));
#7752=VERTEX_POINT('',#7751);
#7753=CARTESIAN_POINT('',(-4.720810163655E0,1.E0,3.075E0));
#7754=CARTESIAN_POINT('',(-5.03E0,1.E0,8.75E-1));
#7755=VERTEX_POINT('',#7753);
#7756=VERTEX_POINT('',#7754);
#7757=CARTESIAN_POINT('',(-5.13E0,1.E0,8.75E-1));
#7758=VERTEX_POINT('',#7757);
#7759=CARTESIAN_POINT('',(-5.439189836345E0,1.E0,3.075E0));
#7760=VERTEX_POINT('',#7759);
#7761=CARTESIAN_POINT('',(-7.979189836345E0,-1.E0,-3.075E0));
#7762=CARTESIAN_POINT('',(-7.67E0,-1.E0,-8.75E-1));
#7763=VERTEX_POINT('',#7761);
#7764=VERTEX_POINT('',#7762);
#7765=CARTESIAN_POINT('',(-7.57E0,-1.E0,-8.75E-1));
#7766=VERTEX_POINT('',#7765);
#7767=CARTESIAN_POINT('',(-7.260810163655E0,-1.E0,-3.075E0));
#7768=VERTEX_POINT('',#7767);
#7769=CARTESIAN_POINT('',(-7.260810163655E0,-1.E0,3.075E0));
#7770=CARTESIAN_POINT('',(-7.57E0,-1.E0,8.75E-1));
#7771=VERTEX_POINT('',#7769);
#7772=VERTEX_POINT('',#7770);
#7773=CARTESIAN_POINT('',(-7.67E0,-1.E0,8.75E-1));
#7774=VERTEX_POINT('',#7773);
#7775=CARTESIAN_POINT('',(-7.979189836345E0,-1.E0,3.075E0));
#7776=VERTEX_POINT('',#7775);
#7777=CARTESIAN_POINT('',(-7.979189836345E0,1.E0,-3.075E0));
#7778=CARTESIAN_POINT('',(-7.67E0,1.E0,-8.75E-1));
#7779=VERTEX_POINT('',#7777);
#7780=VERTEX_POINT('',#7778);
#7781=CARTESIAN_POINT('',(-7.57E0,1.E0,-8.75E-1));
#7782=VERTEX_POINT('',#7781);
#7783=CARTESIAN_POINT('',(-7.260810163655E0,1.E0,-3.075E0));
#7784=VERTEX_POINT('',#7783);
#7785=CARTESIAN_POINT('',(-7.260810163655E0,1.E0,3.075E0));
#7786=CARTESIAN_POINT('',(-7.57E0,1.E0,8.75E-1));
#7787=VERTEX_POINT('',#7785);
#7788=VERTEX_POINT('',#7786);
#7789=CARTESIAN_POINT('',(-7.67E0,1.E0,8.75E-1));
#7790=VERTEX_POINT('',#7789);
#7791=CARTESIAN_POINT('',(-7.979189836345E0,1.E0,3.075E0));
#7792=VERTEX_POINT('',#7791);
#7793=CARTESIAN_POINT('',(-1.051918983635E1,-1.E0,-3.075E0));
#7794=CARTESIAN_POINT('',(-1.021E1,-1.E0,-8.75E-1));
#7795=VERTEX_POINT('',#7793);
#7796=VERTEX_POINT('',#7794);
#7797=CARTESIAN_POINT('',(-1.011E1,-1.E0,-8.75E-1));
#7798=VERTEX_POINT('',#7797);
#7799=CARTESIAN_POINT('',(-9.800810163655E0,-1.E0,-3.075E0));
#7800=VERTEX_POINT('',#7799);
#7801=CARTESIAN_POINT('',(-9.800810163655E0,-1.E0,3.075E0));
#7802=CARTESIAN_POINT('',(-1.011E1,-1.E0,8.75E-1));
#7803=VERTEX_POINT('',#7801);
#7804=VERTEX_POINT('',#7802);
#7805=CARTESIAN_POINT('',(-1.021E1,-1.E0,8.75E-1));
#7806=VERTEX_POINT('',#7805);
#7807=CARTESIAN_POINT('',(-1.051918983635E1,-1.E0,3.075E0));
#7808=VERTEX_POINT('',#7807);
#7809=CARTESIAN_POINT('',(-1.051918983635E1,1.E0,-3.075E0));
#7810=CARTESIAN_POINT('',(-1.021E1,1.E0,-8.75E-1));
#7811=VERTEX_POINT('',#7809);
#7812=VERTEX_POINT('',#7810);
#7813=CARTESIAN_POINT('',(-1.011E1,1.E0,-8.75E-1));
#7814=VERTEX_POINT('',#7813);
#7815=CARTESIAN_POINT('',(-9.800810163655E0,1.E0,-3.075E0));
#7816=VERTEX_POINT('',#7815);
#7817=CARTESIAN_POINT('',(-9.800810163655E0,1.E0,3.075E0));
#7818=CARTESIAN_POINT('',(-1.011E1,1.E0,8.75E-1));
#7819=VERTEX_POINT('',#7817);
#7820=VERTEX_POINT('',#7818);
#7821=CARTESIAN_POINT('',(-1.021E1,1.E0,8.75E-1));
#7822=VERTEX_POINT('',#7821);
#7823=CARTESIAN_POINT('',(-1.051918983635E1,1.E0,3.075E0));
#7824=VERTEX_POINT('',#7823);
#7825=CARTESIAN_POINT('',(3.485E0,2.275E0,-1.595E0));
#7826=CARTESIAN_POINT('',(3.485E0,2.925E0,-2.245E0));
#7827=VERTEX_POINT('',#7825);
#7828=VERTEX_POINT('',#7826);
#7829=CARTESIAN_POINT('',(3.485E0,3.575E0,-2.245E0));
#7830=CARTESIAN_POINT('',(3.485E0,2.275E0,-9.45E-1));
#7831=VERTEX_POINT('',#7829);
#7832=VERTEX_POINT('',#7830);
#7833=CARTESIAN_POINT('',(3.485E0,4.815E0,9.45E-1));
#7834=CARTESIAN_POINT('',(3.485E0,5.465E0,2.95E-1));
#7835=VERTEX_POINT('',#7833);
#7836=VERTEX_POINT('',#7834);
#7837=CARTESIAN_POINT('',(3.485E0,6.115E0,2.95E-1));
#7838=CARTESIAN_POINT('',(3.485E0,4.815E0,1.595E0));
#7839=VERTEX_POINT('',#7837);
#7840=VERTEX_POINT('',#7838);
#7841=CARTESIAN_POINT('',(4.135E0,2.275E0,-1.595E0));
#7842=CARTESIAN_POINT('',(4.135E0,2.925E0,-2.245E0));
#7843=VERTEX_POINT('',#7841);
#7844=VERTEX_POINT('',#7842);
#7845=CARTESIAN_POINT('',(4.135E0,3.575E0,-2.245E0));
#7846=CARTESIAN_POINT('',(4.135E0,2.275E0,-9.45E-1));
#7847=VERTEX_POINT('',#7845);
#7848=VERTEX_POINT('',#7846);
#7849=CARTESIAN_POINT('',(4.135E0,4.815E0,9.45E-1));
#7850=CARTESIAN_POINT('',(4.135E0,5.465E0,2.95E-1));
#7851=VERTEX_POINT('',#7849);
#7852=VERTEX_POINT('',#7850);
#7853=CARTESIAN_POINT('',(4.135E0,6.115E0,2.95E-1));
#7854=CARTESIAN_POINT('',(4.135E0,4.815E0,1.595E0));
#7855=VERTEX_POINT('',#7853);
#7856=VERTEX_POINT('',#7854);
#7857=CARTESIAN_POINT('',(3.485E0,-1.E0,-1.595E0));
#7858=CARTESIAN_POINT('',(3.485E0,-1.E0,-9.45E-1));
#7859=VERTEX_POINT('',#7857);
#7860=VERTEX_POINT('',#7858);
#7861=CARTESIAN_POINT('',(3.485E0,-1.E0,9.45E-1));
#7862=CARTESIAN_POINT('',(3.485E0,-1.E0,1.595E0));
#7863=VERTEX_POINT('',#7861);
#7864=VERTEX_POINT('',#7862);
#7865=CARTESIAN_POINT('',(4.135E0,-1.E0,-1.595E0));
#7866=CARTESIAN_POINT('',(4.135E0,-1.E0,-9.45E-1));
#7867=VERTEX_POINT('',#7865);
#7868=VERTEX_POINT('',#7866);
#7869=CARTESIAN_POINT('',(4.135E0,-1.E0,9.45E-1));
#7870=CARTESIAN_POINT('',(4.135E0,-1.E0,1.595E0));
#7871=VERTEX_POINT('',#7869);
#7872=VERTEX_POINT('',#7870);
#7873=CARTESIAN_POINT('',(3.485E0,1.E0,-1.595E0));
#7874=CARTESIAN_POINT('',(3.485E0,1.E0,-9.45E-1));
#7875=VERTEX_POINT('',#7873);
#7876=VERTEX_POINT('',#7874);
#7877=CARTESIAN_POINT('',(3.485E0,1.E0,9.45E-1));
#7878=CARTESIAN_POINT('',(3.485E0,1.E0,1.595E0));
#7879=VERTEX_POINT('',#7877);
#7880=VERTEX_POINT('',#7878);
#7881=CARTESIAN_POINT('',(4.135E0,1.E0,-1.595E0));
#7882=CARTESIAN_POINT('',(4.135E0,1.E0,-9.45E-1));
#7883=VERTEX_POINT('',#7881);
#7884=VERTEX_POINT('',#7882);
#7885=CARTESIAN_POINT('',(4.135E0,1.E0,9.45E-1));
#7886=CARTESIAN_POINT('',(4.135E0,1.E0,1.595E0));
#7887=VERTEX_POINT('',#7885);
#7888=VERTEX_POINT('',#7886);
#7889=CARTESIAN_POINT('',(9.45E-1,2.275E0,-1.595E0));
#7890=CARTESIAN_POINT('',(9.45E-1,2.925E0,-2.245E0));
#7891=VERTEX_POINT('',#7889);
#7892=VERTEX_POINT('',#7890);
#7893=CARTESIAN_POINT('',(9.45E-1,3.575E0,-2.245E0));
#7894=CARTESIAN_POINT('',(9.45E-1,2.275E0,-9.45E-1));
#7895=VERTEX_POINT('',#7893);
#7896=VERTEX_POINT('',#7894);
#7897=CARTESIAN_POINT('',(9.45E-1,4.815E0,9.45E-1));
#7898=CARTESIAN_POINT('',(9.45E-1,5.465E0,2.95E-1));
#7899=VERTEX_POINT('',#7897);
#7900=VERTEX_POINT('',#7898);
#7901=CARTESIAN_POINT('',(9.45E-1,6.115E0,2.95E-1));
#7902=CARTESIAN_POINT('',(9.45E-1,4.815E0,1.595E0));
#7903=VERTEX_POINT('',#7901);
#7904=VERTEX_POINT('',#7902);
#7905=CARTESIAN_POINT('',(1.595E0,2.275E0,-1.595E0));
#7906=CARTESIAN_POINT('',(1.595E0,2.925E0,-2.245E0));
#7907=VERTEX_POINT('',#7905);
#7908=VERTEX_POINT('',#7906);
#7909=CARTESIAN_POINT('',(1.595E0,3.575E0,-2.245E0));
#7910=CARTESIAN_POINT('',(1.595E0,2.275E0,-9.45E-1));
#7911=VERTEX_POINT('',#7909);
#7912=VERTEX_POINT('',#7910);
#7913=CARTESIAN_POINT('',(1.595E0,4.815E0,9.45E-1));
#7914=CARTESIAN_POINT('',(1.595E0,5.465E0,2.95E-1));
#7915=VERTEX_POINT('',#7913);
#7916=VERTEX_POINT('',#7914);
#7917=CARTESIAN_POINT('',(1.595E0,6.115E0,2.95E-1));
#7918=CARTESIAN_POINT('',(1.595E0,4.815E0,1.595E0));
#7919=VERTEX_POINT('',#7917);
#7920=VERTEX_POINT('',#7918);
#7921=CARTESIAN_POINT('',(9.45E-1,-1.E0,-1.595E0));
#7922=CARTESIAN_POINT('',(9.45E-1,-1.E0,-9.45E-1));
#7923=VERTEX_POINT('',#7921);
#7924=VERTEX_POINT('',#7922);
#7925=CARTESIAN_POINT('',(9.45E-1,-1.E0,9.45E-1));
#7926=CARTESIAN_POINT('',(9.45E-1,-1.E0,1.595E0));
#7927=VERTEX_POINT('',#7925);
#7928=VERTEX_POINT('',#7926);
#7929=CARTESIAN_POINT('',(1.595E0,-1.E0,-1.595E0));
#7930=CARTESIAN_POINT('',(1.595E0,-1.E0,-9.45E-1));
#7931=VERTEX_POINT('',#7929);
#7932=VERTEX_POINT('',#7930);
#7933=CARTESIAN_POINT('',(1.595E0,-1.E0,9.45E-1));
#7934=CARTESIAN_POINT('',(1.595E0,-1.E0,1.595E0));
#7935=VERTEX_POINT('',#7933);
#7936=VERTEX_POINT('',#7934);
#7937=CARTESIAN_POINT('',(9.45E-1,1.E0,-1.595E0));
#7938=CARTESIAN_POINT('',(9.45E-1,1.E0,-9.45E-1));
#7939=VERTEX_POINT('',#7937);
#7940=VERTEX_POINT('',#7938);
#7941=CARTESIAN_POINT('',(9.45E-1,1.E0,9.45E-1));
#7942=CARTESIAN_POINT('',(9.45E-1,1.E0,1.595E0));
#7943=VERTEX_POINT('',#7941);
#7944=VERTEX_POINT('',#7942);
#7945=CARTESIAN_POINT('',(1.595E0,1.E0,-1.595E0));
#7946=CARTESIAN_POINT('',(1.595E0,1.E0,-9.45E-1));
#7947=VERTEX_POINT('',#7945);
#7948=VERTEX_POINT('',#7946);
#7949=CARTESIAN_POINT('',(1.595E0,1.E0,9.45E-1));
#7950=CARTESIAN_POINT('',(1.595E0,1.E0,1.595E0));
#7951=VERTEX_POINT('',#7949);
#7952=VERTEX_POINT('',#7950);
#7953=CARTESIAN_POINT('',(-1.595E0,2.275E0,-1.595E0));
#7954=CARTESIAN_POINT('',(-1.595E0,2.925E0,-2.245E0));
#7955=VERTEX_POINT('',#7953);
#7956=VERTEX_POINT('',#7954);
#7957=CARTESIAN_POINT('',(-1.595E0,3.575E0,-2.245E0));
#7958=CARTESIAN_POINT('',(-1.595E0,2.275E0,-9.45E-1));
#7959=VERTEX_POINT('',#7957);
#7960=VERTEX_POINT('',#7958);
#7961=CARTESIAN_POINT('',(-1.595E0,4.815E0,9.45E-1));
#7962=CARTESIAN_POINT('',(-1.595E0,5.465E0,2.95E-1));
#7963=VERTEX_POINT('',#7961);
#7964=VERTEX_POINT('',#7962);
#7965=CARTESIAN_POINT('',(-1.595E0,6.115E0,2.95E-1));
#7966=CARTESIAN_POINT('',(-1.595E0,4.815E0,1.595E0));
#7967=VERTEX_POINT('',#7965);
#7968=VERTEX_POINT('',#7966);
#7969=CARTESIAN_POINT('',(-9.45E-1,2.275E0,-1.595E0));
#7970=CARTESIAN_POINT('',(-9.45E-1,2.925E0,-2.245E0));
#7971=VERTEX_POINT('',#7969);
#7972=VERTEX_POINT('',#7970);
#7973=CARTESIAN_POINT('',(-9.45E-1,3.575E0,-2.245E0));
#7974=CARTESIAN_POINT('',(-9.45E-1,2.275E0,-9.45E-1));
#7975=VERTEX_POINT('',#7973);
#7976=VERTEX_POINT('',#7974);
#7977=CARTESIAN_POINT('',(-9.45E-1,4.815E0,9.45E-1));
#7978=CARTESIAN_POINT('',(-9.45E-1,5.465E0,2.95E-1));
#7979=VERTEX_POINT('',#7977);
#7980=VERTEX_POINT('',#7978);
#7981=CARTESIAN_POINT('',(-9.45E-1,6.115E0,2.95E-1));
#7982=CARTESIAN_POINT('',(-9.45E-1,4.815E0,1.595E0));
#7983=VERTEX_POINT('',#7981);
#7984=VERTEX_POINT('',#7982);
#7985=CARTESIAN_POINT('',(-1.595E0,-1.E0,-1.595E0));
#7986=CARTESIAN_POINT('',(-1.595E0,-1.E0,-9.45E-1));
#7987=VERTEX_POINT('',#7985);
#7988=VERTEX_POINT('',#7986);
#7989=CARTESIAN_POINT('',(-1.595E0,-1.E0,9.45E-1));
#7990=CARTESIAN_POINT('',(-1.595E0,-1.E0,1.595E0));
#7991=VERTEX_POINT('',#7989);
#7992=VERTEX_POINT('',#7990);
#7993=CARTESIAN_POINT('',(-9.45E-1,-1.E0,-1.595E0));
#7994=CARTESIAN_POINT('',(-9.45E-1,-1.E0,-9.45E-1));
#7995=VERTEX_POINT('',#7993);
#7996=VERTEX_POINT('',#7994);
#7997=CARTESIAN_POINT('',(-9.45E-1,-1.E0,9.45E-1));
#7998=CARTESIAN_POINT('',(-9.45E-1,-1.E0,1.595E0));
#7999=VERTEX_POINT('',#7997);
#8000=VERTEX_POINT('',#7998);
#8001=CARTESIAN_POINT('',(-1.595E0,1.E0,-1.595E0));
#8002=CARTESIAN_POINT('',(-1.595E0,1.E0,-9.45E-1));
#8003=VERTEX_POINT('',#8001);
#8004=VERTEX_POINT('',#8002);
#8005=CARTESIAN_POINT('',(-1.595E0,1.E0,9.45E-1));
#8006=CARTESIAN_POINT('',(-1.595E0,1.E0,1.595E0));
#8007=VERTEX_POINT('',#8005);
#8008=VERTEX_POINT('',#8006);
#8009=CARTESIAN_POINT('',(-9.45E-1,1.E0,-1.595E0));
#8010=CARTESIAN_POINT('',(-9.45E-1,1.E0,-9.45E-1));
#8011=VERTEX_POINT('',#8009);
#8012=VERTEX_POINT('',#8010);
#8013=CARTESIAN_POINT('',(-9.45E-1,1.E0,9.45E-1));
#8014=CARTESIAN_POINT('',(-9.45E-1,1.E0,1.595E0));
#8015=VERTEX_POINT('',#8013);
#8016=VERTEX_POINT('',#8014);
#8017=CARTESIAN_POINT('',(-4.135E0,2.275E0,-1.595E0));
#8018=CARTESIAN_POINT('',(-4.135E0,2.925E0,-2.245E0));
#8019=VERTEX_POINT('',#8017);
#8020=VERTEX_POINT('',#8018);
#8021=CARTESIAN_POINT('',(-4.135E0,3.575E0,-2.245E0));
#8022=CARTESIAN_POINT('',(-4.135E0,2.275E0,-9.45E-1));
#8023=VERTEX_POINT('',#8021);
#8024=VERTEX_POINT('',#8022);
#8025=CARTESIAN_POINT('',(-4.135E0,4.815E0,9.45E-1));
#8026=CARTESIAN_POINT('',(-4.135E0,5.465E0,2.95E-1));
#8027=VERTEX_POINT('',#8025);
#8028=VERTEX_POINT('',#8026);
#8029=CARTESIAN_POINT('',(-4.135E0,6.115E0,2.95E-1));
#8030=CARTESIAN_POINT('',(-4.135E0,4.815E0,1.595E0));
#8031=VERTEX_POINT('',#8029);
#8032=VERTEX_POINT('',#8030);
#8033=CARTESIAN_POINT('',(-3.485E0,2.275E0,-1.595E0));
#8034=CARTESIAN_POINT('',(-3.485E0,2.925E0,-2.245E0));
#8035=VERTEX_POINT('',#8033);
#8036=VERTEX_POINT('',#8034);
#8037=CARTESIAN_POINT('',(-3.485E0,3.575E0,-2.245E0));
#8038=CARTESIAN_POINT('',(-3.485E0,2.275E0,-9.45E-1));
#8039=VERTEX_POINT('',#8037);
#8040=VERTEX_POINT('',#8038);
#8041=CARTESIAN_POINT('',(-3.485E0,4.815E0,9.45E-1));
#8042=CARTESIAN_POINT('',(-3.485E0,5.465E0,2.95E-1));
#8043=VERTEX_POINT('',#8041);
#8044=VERTEX_POINT('',#8042);
#8045=CARTESIAN_POINT('',(-3.485E0,6.115E0,2.95E-1));
#8046=CARTESIAN_POINT('',(-3.485E0,4.815E0,1.595E0));
#8047=VERTEX_POINT('',#8045);
#8048=VERTEX_POINT('',#8046);
#8049=CARTESIAN_POINT('',(-4.135E0,-1.E0,-1.595E0));
#8050=CARTESIAN_POINT('',(-4.135E0,-1.E0,-9.45E-1));
#8051=VERTEX_POINT('',#8049);
#8052=VERTEX_POINT('',#8050);
#8053=CARTESIAN_POINT('',(-4.135E0,-1.E0,9.45E-1));
#8054=CARTESIAN_POINT('',(-4.135E0,-1.E0,1.595E0));
#8055=VERTEX_POINT('',#8053);
#8056=VERTEX_POINT('',#8054);
#8057=CARTESIAN_POINT('',(-3.485E0,-1.E0,-1.595E0));
#8058=CARTESIAN_POINT('',(-3.485E0,-1.E0,-9.45E-1));
#8059=VERTEX_POINT('',#8057);
#8060=VERTEX_POINT('',#8058);
#8061=CARTESIAN_POINT('',(-3.485E0,-1.E0,9.45E-1));
#8062=CARTESIAN_POINT('',(-3.485E0,-1.E0,1.595E0));
#8063=VERTEX_POINT('',#8061);
#8064=VERTEX_POINT('',#8062);
#8065=CARTESIAN_POINT('',(-4.135E0,1.E0,-1.595E0));
#8066=CARTESIAN_POINT('',(-4.135E0,1.E0,-9.45E-1));
#8067=VERTEX_POINT('',#8065);
#8068=VERTEX_POINT('',#8066);
#8069=CARTESIAN_POINT('',(-4.135E0,1.E0,9.45E-1));
#8070=CARTESIAN_POINT('',(-4.135E0,1.E0,1.595E0));
#8071=VERTEX_POINT('',#8069);
#8072=VERTEX_POINT('',#8070);
#8073=CARTESIAN_POINT('',(-3.485E0,1.E0,-1.595E0));
#8074=CARTESIAN_POINT('',(-3.485E0,1.E0,-9.45E-1));
#8075=VERTEX_POINT('',#8073);
#8076=VERTEX_POINT('',#8074);
#8077=CARTESIAN_POINT('',(-3.485E0,1.E0,9.45E-1));
#8078=CARTESIAN_POINT('',(-3.485E0,1.E0,1.595E0));
#8079=VERTEX_POINT('',#8077);
#8080=VERTEX_POINT('',#8078);
#8081=CARTESIAN_POINT('',(-6.675E0,2.275E0,-1.595E0));
#8082=CARTESIAN_POINT('',(-6.675E0,2.925E0,-2.245E0));
#8083=VERTEX_POINT('',#8081);
#8084=VERTEX_POINT('',#8082);
#8085=CARTESIAN_POINT('',(-6.675E0,3.575E0,-2.245E0));
#8086=CARTESIAN_POINT('',(-6.675E0,2.275E0,-9.45E-1));
#8087=VERTEX_POINT('',#8085);
#8088=VERTEX_POINT('',#8086);
#8089=CARTESIAN_POINT('',(-6.675E0,4.815E0,9.45E-1));
#8090=CARTESIAN_POINT('',(-6.675E0,5.465E0,2.95E-1));
#8091=VERTEX_POINT('',#8089);
#8092=VERTEX_POINT('',#8090);
#8093=CARTESIAN_POINT('',(-6.675E0,6.115E0,2.95E-1));
#8094=CARTESIAN_POINT('',(-6.675E0,4.815E0,1.595E0));
#8095=VERTEX_POINT('',#8093);
#8096=VERTEX_POINT('',#8094);
#8097=CARTESIAN_POINT('',(-6.025E0,2.275E0,-1.595E0));
#8098=CARTESIAN_POINT('',(-6.025E0,2.925E0,-2.245E0));
#8099=VERTEX_POINT('',#8097);
#8100=VERTEX_POINT('',#8098);
#8101=CARTESIAN_POINT('',(-6.025E0,3.575E0,-2.245E0));
#8102=CARTESIAN_POINT('',(-6.025E0,2.275E0,-9.45E-1));
#8103=VERTEX_POINT('',#8101);
#8104=VERTEX_POINT('',#8102);
#8105=CARTESIAN_POINT('',(-6.025E0,4.815E0,9.45E-1));
#8106=CARTESIAN_POINT('',(-6.025E0,5.465E0,2.95E-1));
#8107=VERTEX_POINT('',#8105);
#8108=VERTEX_POINT('',#8106);
#8109=CARTESIAN_POINT('',(-6.025E0,6.115E0,2.95E-1));
#8110=CARTESIAN_POINT('',(-6.025E0,4.815E0,1.595E0));
#8111=VERTEX_POINT('',#8109);
#8112=VERTEX_POINT('',#8110);
#8113=CARTESIAN_POINT('',(-6.675E0,-1.E0,-1.595E0));
#8114=CARTESIAN_POINT('',(-6.675E0,-1.E0,-9.45E-1));
#8115=VERTEX_POINT('',#8113);
#8116=VERTEX_POINT('',#8114);
#8117=CARTESIAN_POINT('',(-6.675E0,-1.E0,9.45E-1));
#8118=CARTESIAN_POINT('',(-6.675E0,-1.E0,1.595E0));
#8119=VERTEX_POINT('',#8117);
#8120=VERTEX_POINT('',#8118);
#8121=CARTESIAN_POINT('',(-6.025E0,-1.E0,-1.595E0));
#8122=CARTESIAN_POINT('',(-6.025E0,-1.E0,-9.45E-1));
#8123=VERTEX_POINT('',#8121);
#8124=VERTEX_POINT('',#8122);
#8125=CARTESIAN_POINT('',(-6.025E0,-1.E0,9.45E-1));
#8126=CARTESIAN_POINT('',(-6.025E0,-1.E0,1.595E0));
#8127=VERTEX_POINT('',#8125);
#8128=VERTEX_POINT('',#8126);
#8129=CARTESIAN_POINT('',(-6.675E0,1.E0,-1.595E0));
#8130=CARTESIAN_POINT('',(-6.675E0,1.E0,-9.45E-1));
#8131=VERTEX_POINT('',#8129);
#8132=VERTEX_POINT('',#8130);
#8133=CARTESIAN_POINT('',(-6.675E0,1.E0,9.45E-1));
#8134=CARTESIAN_POINT('',(-6.675E0,1.E0,1.595E0));
#8135=VERTEX_POINT('',#8133);
#8136=VERTEX_POINT('',#8134);
#8137=CARTESIAN_POINT('',(-6.025E0,1.E0,-1.595E0));
#8138=CARTESIAN_POINT('',(-6.025E0,1.E0,-9.45E-1));
#8139=VERTEX_POINT('',#8137);
#8140=VERTEX_POINT('',#8138);
#8141=CARTESIAN_POINT('',(-6.025E0,1.E0,9.45E-1));
#8142=CARTESIAN_POINT('',(-6.025E0,1.E0,1.595E0));
#8143=VERTEX_POINT('',#8141);
#8144=VERTEX_POINT('',#8142);
#8145=CARTESIAN_POINT('',(-9.215E0,2.275E0,-1.595E0));
#8146=CARTESIAN_POINT('',(-9.215E0,2.925E0,-2.245E0));
#8147=VERTEX_POINT('',#8145);
#8148=VERTEX_POINT('',#8146);
#8149=CARTESIAN_POINT('',(-9.215E0,3.575E0,-2.245E0));
#8150=CARTESIAN_POINT('',(-9.215E0,2.275E0,-9.45E-1));
#8151=VERTEX_POINT('',#8149);
#8152=VERTEX_POINT('',#8150);
#8153=CARTESIAN_POINT('',(-9.215E0,4.815E0,9.45E-1));
#8154=CARTESIAN_POINT('',(-9.215E0,5.465E0,2.95E-1));
#8155=VERTEX_POINT('',#8153);
#8156=VERTEX_POINT('',#8154);
#8157=CARTESIAN_POINT('',(-9.215E0,6.115E0,2.95E-1));
#8158=CARTESIAN_POINT('',(-9.215E0,4.815E0,1.595E0));
#8159=VERTEX_POINT('',#8157);
#8160=VERTEX_POINT('',#8158);
#8161=CARTESIAN_POINT('',(-8.565E0,2.275E0,-1.595E0));
#8162=CARTESIAN_POINT('',(-8.565E0,2.925E0,-2.245E0));
#8163=VERTEX_POINT('',#8161);
#8164=VERTEX_POINT('',#8162);
#8165=CARTESIAN_POINT('',(-8.565E0,3.575E0,-2.245E0));
#8166=CARTESIAN_POINT('',(-8.565E0,2.275E0,-9.45E-1));
#8167=VERTEX_POINT('',#8165);
#8168=VERTEX_POINT('',#8166);
#8169=CARTESIAN_POINT('',(-8.565E0,4.815E0,9.45E-1));
#8170=CARTESIAN_POINT('',(-8.565E0,5.465E0,2.95E-1));
#8171=VERTEX_POINT('',#8169);
#8172=VERTEX_POINT('',#8170);
#8173=CARTESIAN_POINT('',(-8.565E0,6.115E0,2.95E-1));
#8174=CARTESIAN_POINT('',(-8.565E0,4.815E0,1.595E0));
#8175=VERTEX_POINT('',#8173);
#8176=VERTEX_POINT('',#8174);
#8177=CARTESIAN_POINT('',(-9.215E0,-1.E0,-1.595E0));
#8178=CARTESIAN_POINT('',(-9.215E0,-1.E0,-9.45E-1));
#8179=VERTEX_POINT('',#8177);
#8180=VERTEX_POINT('',#8178);
#8181=CARTESIAN_POINT('',(-9.215E0,-1.E0,9.45E-1));
#8182=CARTESIAN_POINT('',(-9.215E0,-1.E0,1.595E0));
#8183=VERTEX_POINT('',#8181);
#8184=VERTEX_POINT('',#8182);
#8185=CARTESIAN_POINT('',(-8.565E0,-1.E0,-1.595E0));
#8186=CARTESIAN_POINT('',(-8.565E0,-1.E0,-9.45E-1));
#8187=VERTEX_POINT('',#8185);
#8188=VERTEX_POINT('',#8186);
#8189=CARTESIAN_POINT('',(-8.565E0,-1.E0,9.45E-1));
#8190=CARTESIAN_POINT('',(-8.565E0,-1.E0,1.595E0));
#8191=VERTEX_POINT('',#8189);
#8192=VERTEX_POINT('',#8190);
#8193=CARTESIAN_POINT('',(-9.215E0,1.E0,-1.595E0));
#8194=CARTESIAN_POINT('',(-9.215E0,1.E0,-9.45E-1));
#8195=VERTEX_POINT('',#8193);
#8196=VERTEX_POINT('',#8194);
#8197=CARTESIAN_POINT('',(-9.215E0,1.E0,9.45E-1));
#8198=CARTESIAN_POINT('',(-9.215E0,1.E0,1.595E0));
#8199=VERTEX_POINT('',#8197);
#8200=VERTEX_POINT('',#8198);
#8201=CARTESIAN_POINT('',(-8.565E0,1.E0,-1.595E0));
#8202=CARTESIAN_POINT('',(-8.565E0,1.E0,-9.45E-1));
#8203=VERTEX_POINT('',#8201);
#8204=VERTEX_POINT('',#8202);
#8205=CARTESIAN_POINT('',(-8.565E0,1.E0,9.45E-1));
#8206=CARTESIAN_POINT('',(-8.565E0,1.E0,1.595E0));
#8207=VERTEX_POINT('',#8205);
#8208=VERTEX_POINT('',#8206);
#8209=CARTESIAN_POINT('',(-1.1755E1,2.275E0,-1.595E0));
#8210=CARTESIAN_POINT('',(-1.1755E1,2.925E0,-2.245E0));
#8211=VERTEX_POINT('',#8209);
#8212=VERTEX_POINT('',#8210);
#8213=CARTESIAN_POINT('',(-1.1755E1,3.575E0,-2.245E0));
#8214=CARTESIAN_POINT('',(-1.1755E1,2.275E0,-9.45E-1));
#8215=VERTEX_POINT('',#8213);
#8216=VERTEX_POINT('',#8214);
#8217=CARTESIAN_POINT('',(-1.1755E1,4.815E0,9.45E-1));
#8218=CARTESIAN_POINT('',(-1.1755E1,5.465E0,2.95E-1));
#8219=VERTEX_POINT('',#8217);
#8220=VERTEX_POINT('',#8218);
#8221=CARTESIAN_POINT('',(-1.1755E1,6.115E0,2.95E-1));
#8222=CARTESIAN_POINT('',(-1.1755E1,4.815E0,1.595E0));
#8223=VERTEX_POINT('',#8221);
#8224=VERTEX_POINT('',#8222);
#8225=CARTESIAN_POINT('',(-1.1105E1,2.275E0,-1.595E0));
#8226=CARTESIAN_POINT('',(-1.1105E1,2.925E0,-2.245E0));
#8227=VERTEX_POINT('',#8225);
#8228=VERTEX_POINT('',#8226);
#8229=CARTESIAN_POINT('',(-1.1105E1,3.575E0,-2.245E0));
#8230=CARTESIAN_POINT('',(-1.1105E1,2.275E0,-9.45E-1));
#8231=VERTEX_POINT('',#8229);
#8232=VERTEX_POINT('',#8230);
#8233=CARTESIAN_POINT('',(-1.1105E1,4.815E0,9.45E-1));
#8234=CARTESIAN_POINT('',(-1.1105E1,5.465E0,2.95E-1));
#8235=VERTEX_POINT('',#8233);
#8236=VERTEX_POINT('',#8234);
#8237=CARTESIAN_POINT('',(-1.1105E1,6.115E0,2.95E-1));
#8238=CARTESIAN_POINT('',(-1.1105E1,4.815E0,1.595E0));
#8239=VERTEX_POINT('',#8237);
#8240=VERTEX_POINT('',#8238);
#8241=CARTESIAN_POINT('',(-1.1755E1,-1.E0,-1.595E0));
#8242=CARTESIAN_POINT('',(-1.1755E1,-1.E0,-9.45E-1));
#8243=VERTEX_POINT('',#8241);
#8244=VERTEX_POINT('',#8242);
#8245=CARTESIAN_POINT('',(-1.1755E1,-1.E0,9.45E-1));
#8246=CARTESIAN_POINT('',(-1.1755E1,-1.E0,1.595E0));
#8247=VERTEX_POINT('',#8245);
#8248=VERTEX_POINT('',#8246);
#8249=CARTESIAN_POINT('',(-1.1105E1,-1.E0,-1.595E0));
#8250=CARTESIAN_POINT('',(-1.1105E1,-1.E0,-9.45E-1));
#8251=VERTEX_POINT('',#8249);
#8252=VERTEX_POINT('',#8250);
#8253=CARTESIAN_POINT('',(-1.1105E1,-1.E0,9.45E-1));
#8254=CARTESIAN_POINT('',(-1.1105E1,-1.E0,1.595E0));
#8255=VERTEX_POINT('',#8253);
#8256=VERTEX_POINT('',#8254);
#8257=CARTESIAN_POINT('',(-1.1755E1,1.E0,-1.595E0));
#8258=CARTESIAN_POINT('',(-1.1755E1,1.E0,-9.45E-1));
#8259=VERTEX_POINT('',#8257);
#8260=VERTEX_POINT('',#8258);
#8261=CARTESIAN_POINT('',(-1.1755E1,1.E0,9.45E-1));
#8262=CARTESIAN_POINT('',(-1.1755E1,1.E0,1.595E0));
#8263=VERTEX_POINT('',#8261);
#8264=VERTEX_POINT('',#8262);
#8265=CARTESIAN_POINT('',(-1.1105E1,1.E0,-1.595E0));
#8266=CARTESIAN_POINT('',(-1.1105E1,1.E0,-9.45E-1));
#8267=VERTEX_POINT('',#8265);
#8268=VERTEX_POINT('',#8266);
#8269=CARTESIAN_POINT('',(-1.1105E1,1.E0,9.45E-1));
#8270=CARTESIAN_POINT('',(-1.1105E1,1.E0,1.595E0));
#8271=VERTEX_POINT('',#8269);
#8272=VERTEX_POINT('',#8270);
#8273=CARTESIAN_POINT('',(1.156447441117E1,5.655525588833E0,-5.975E0));
#8274=CARTESIAN_POINT('',(1.156447441117E1,5.924474411167E0,-5.975E0));
#8275=VERTEX_POINT('',#8273);
#8276=VERTEX_POINT('',#8274);
#8277=CARTESIAN_POINT('',(1.1755E1,5.465E0,-5.645E0));
#8278=CARTESIAN_POINT('',(1.1755E1,6.115E0,-5.645E0));
#8279=VERTEX_POINT('',#8277);
#8280=VERTEX_POINT('',#8278);
#8281=CARTESIAN_POINT('',(1.1105E1,5.465E0,-5.645E0));
#8282=VERTEX_POINT('',#8281);
#8283=CARTESIAN_POINT('',(1.129552558883E1,5.655525588833E0,-5.975E0));
#8284=VERTEX_POINT('',#8283);
#8285=CARTESIAN_POINT('',(1.1105E1,6.115E0,-5.645E0));
#8286=VERTEX_POINT('',#8285);
#8287=CARTESIAN_POINT('',(1.129552558883E1,5.924474411167E0,-5.975E0));
#8288=VERTEX_POINT('',#8287);
#8289=CARTESIAN_POINT('',(1.156447441117E1,3.115525588833E0,-5.975E0));
#8290=CARTESIAN_POINT('',(1.156447441117E1,3.384474411167E0,-5.975E0));
#8291=VERTEX_POINT('',#8289);
#8292=VERTEX_POINT('',#8290);
#8293=CARTESIAN_POINT('',(1.1755E1,2.925E0,-5.645E0));
#8294=CARTESIAN_POINT('',(1.1755E1,3.575E0,-5.645E0));
#8295=VERTEX_POINT('',#8293);
#8296=VERTEX_POINT('',#8294);
#8297=CARTESIAN_POINT('',(1.1105E1,2.925E0,-5.645E0));
#8298=VERTEX_POINT('',#8297);
#8299=CARTESIAN_POINT('',(1.129552558883E1,3.115525588833E0,-5.975E0));
#8300=VERTEX_POINT('',#8299);
#8301=CARTESIAN_POINT('',(1.1105E1,3.575E0,-5.645E0));
#8302=VERTEX_POINT('',#8301);
#8303=CARTESIAN_POINT('',(1.129552558883E1,3.384474411167E0,-5.975E0));
#8304=VERTEX_POINT('',#8303);
#8305=CARTESIAN_POINT('',(1.156447441117E1,-7.75E0,-1.135525588833E0));
#8306=CARTESIAN_POINT('',(1.156447441117E1,-7.75E0,-1.404474411167E0));
#8307=VERTEX_POINT('',#8305);
#8308=VERTEX_POINT('',#8306);
#8309=CARTESIAN_POINT('',(1.1755E1,-7.42E0,-9.45E-1));
#8310=CARTESIAN_POINT('',(1.1755E1,-7.42E0,-1.595E0));
#8311=VERTEX_POINT('',#8309);
#8312=VERTEX_POINT('',#8310);
#8313=CARTESIAN_POINT('',(1.129552558883E1,-7.75E0,-1.135525588833E0));
#8314=VERTEX_POINT('',#8313);
#8315=CARTESIAN_POINT('',(1.1105E1,-7.42E0,-9.45E-1));
#8316=VERTEX_POINT('',#8315);
#8317=CARTESIAN_POINT('',(1.129552558883E1,-7.75E0,-1.404474411167E0));
#8318=VERTEX_POINT('',#8317);
#8319=CARTESIAN_POINT('',(1.1105E1,-7.42E0,-1.595E0));
#8320=VERTEX_POINT('',#8319);
#8321=CARTESIAN_POINT('',(1.1755E1,-7.42E0,9.45E-1));
#8322=CARTESIAN_POINT('',(1.1105E1,-7.42E0,9.45E-1));
#8323=VERTEX_POINT('',#8321);
#8324=VERTEX_POINT('',#8322);
#8325=CARTESIAN_POINT('',(1.156447441117E1,-7.75E0,1.135525588833E0));
#8326=CARTESIAN_POINT('',(1.129552558883E1,-7.75E0,1.135525588833E0));
#8327=VERTEX_POINT('',#8325);
#8328=VERTEX_POINT('',#8326);
#8329=CARTESIAN_POINT('',(1.1105E1,-7.42E0,1.595E0));
#8330=VERTEX_POINT('',#8329);
#8331=CARTESIAN_POINT('',(1.129552558883E1,-7.75E0,1.404474411167E0));
#8332=VERTEX_POINT('',#8331);
#8333=CARTESIAN_POINT('',(1.1755E1,-7.42E0,1.595E0));
#8334=VERTEX_POINT('',#8333);
#8335=CARTESIAN_POINT('',(1.156447441117E1,-7.75E0,1.404474411167E0));
#8336=VERTEX_POINT('',#8335);
#8337=CARTESIAN_POINT('',(9.024474411167E0,5.655525588833E0,-5.975E0));
#8338=CARTESIAN_POINT('',(9.024474411167E0,5.924474411167E0,-5.975E0));
#8339=VERTEX_POINT('',#8337);
#8340=VERTEX_POINT('',#8338);
#8341=CARTESIAN_POINT('',(9.215E0,5.465E0,-5.645E0));
#8342=CARTESIAN_POINT('',(9.215E0,6.115E0,-5.645E0));
#8343=VERTEX_POINT('',#8341);
#8344=VERTEX_POINT('',#8342);
#8345=CARTESIAN_POINT('',(8.565E0,5.465E0,-5.645E0));
#8346=VERTEX_POINT('',#8345);
#8347=CARTESIAN_POINT('',(8.755525588833E0,5.655525588833E0,-5.975E0));
#8348=VERTEX_POINT('',#8347);
#8349=CARTESIAN_POINT('',(8.565E0,6.115E0,-5.645E0));
#8350=VERTEX_POINT('',#8349);
#8351=CARTESIAN_POINT('',(8.755525588833E0,5.924474411167E0,-5.975E0));
#8352=VERTEX_POINT('',#8351);
#8353=CARTESIAN_POINT('',(9.024474411167E0,3.115525588833E0,-5.975E0));
#8354=CARTESIAN_POINT('',(9.024474411167E0,3.384474411167E0,-5.975E0));
#8355=VERTEX_POINT('',#8353);
#8356=VERTEX_POINT('',#8354);
#8357=CARTESIAN_POINT('',(9.215E0,2.925E0,-5.645E0));
#8358=CARTESIAN_POINT('',(9.215E0,3.575E0,-5.645E0));
#8359=VERTEX_POINT('',#8357);
#8360=VERTEX_POINT('',#8358);
#8361=CARTESIAN_POINT('',(8.565E0,2.925E0,-5.645E0));
#8362=VERTEX_POINT('',#8361);
#8363=CARTESIAN_POINT('',(8.755525588833E0,3.115525588833E0,-5.975E0));
#8364=VERTEX_POINT('',#8363);
#8365=CARTESIAN_POINT('',(8.565E0,3.575E0,-5.645E0));
#8366=VERTEX_POINT('',#8365);
#8367=CARTESIAN_POINT('',(8.755525588833E0,3.384474411167E0,-5.975E0));
#8368=VERTEX_POINT('',#8367);
#8369=CARTESIAN_POINT('',(9.024474411167E0,-7.75E0,-1.135525588833E0));
#8370=CARTESIAN_POINT('',(9.024474411167E0,-7.75E0,-1.404474411167E0));
#8371=VERTEX_POINT('',#8369);
#8372=VERTEX_POINT('',#8370);
#8373=CARTESIAN_POINT('',(9.215E0,-7.42E0,-9.45E-1));
#8374=CARTESIAN_POINT('',(9.215E0,-7.42E0,-1.595E0));
#8375=VERTEX_POINT('',#8373);
#8376=VERTEX_POINT('',#8374);
#8377=CARTESIAN_POINT('',(8.755525588833E0,-7.75E0,-1.135525588833E0));
#8378=VERTEX_POINT('',#8377);
#8379=CARTESIAN_POINT('',(8.565E0,-7.42E0,-9.45E-1));
#8380=VERTEX_POINT('',#8379);
#8381=CARTESIAN_POINT('',(8.755525588833E0,-7.75E0,-1.404474411167E0));
#8382=VERTEX_POINT('',#8381);
#8383=CARTESIAN_POINT('',(8.565E0,-7.42E0,-1.595E0));
#8384=VERTEX_POINT('',#8383);
#8385=CARTESIAN_POINT('',(9.215E0,-7.42E0,9.45E-1));
#8386=CARTESIAN_POINT('',(8.565E0,-7.42E0,9.45E-1));
#8387=VERTEX_POINT('',#8385);
#8388=VERTEX_POINT('',#8386);
#8389=CARTESIAN_POINT('',(9.024474411167E0,-7.75E0,1.135525588833E0));
#8390=CARTESIAN_POINT('',(8.755525588833E0,-7.75E0,1.135525588833E0));
#8391=VERTEX_POINT('',#8389);
#8392=VERTEX_POINT('',#8390);
#8393=CARTESIAN_POINT('',(8.565E0,-7.42E0,1.595E0));
#8394=VERTEX_POINT('',#8393);
#8395=CARTESIAN_POINT('',(8.755525588833E0,-7.75E0,1.404474411167E0));
#8396=VERTEX_POINT('',#8395);
#8397=CARTESIAN_POINT('',(9.215E0,-7.42E0,1.595E0));
#8398=VERTEX_POINT('',#8397);
#8399=CARTESIAN_POINT('',(9.024474411167E0,-7.75E0,1.404474411167E0));
#8400=VERTEX_POINT('',#8399);
#8401=CARTESIAN_POINT('',(6.484474411167E0,5.655525588833E0,-5.975E0));
#8402=CARTESIAN_POINT('',(6.484474411167E0,5.924474411167E0,-5.975E0));
#8403=VERTEX_POINT('',#8401);
#8404=VERTEX_POINT('',#8402);
#8405=CARTESIAN_POINT('',(6.675E0,5.465E0,-5.645E0));
#8406=CARTESIAN_POINT('',(6.675E0,6.115E0,-5.645E0));
#8407=VERTEX_POINT('',#8405);
#8408=VERTEX_POINT('',#8406);
#8409=CARTESIAN_POINT('',(6.025E0,5.465E0,-5.645E0));
#8410=VERTEX_POINT('',#8409);
#8411=CARTESIAN_POINT('',(6.215525588833E0,5.655525588833E0,-5.975E0));
#8412=VERTEX_POINT('',#8411);
#8413=CARTESIAN_POINT('',(6.025E0,6.115E0,-5.645E0));
#8414=VERTEX_POINT('',#8413);
#8415=CARTESIAN_POINT('',(6.215525588833E0,5.924474411167E0,-5.975E0));
#8416=VERTEX_POINT('',#8415);
#8417=CARTESIAN_POINT('',(6.484474411167E0,3.115525588833E0,-5.975E0));
#8418=CARTESIAN_POINT('',(6.484474411167E0,3.384474411167E0,-5.975E0));
#8419=VERTEX_POINT('',#8417);
#8420=VERTEX_POINT('',#8418);
#8421=CARTESIAN_POINT('',(6.675E0,2.925E0,-5.645E0));
#8422=CARTESIAN_POINT('',(6.675E0,3.575E0,-5.645E0));
#8423=VERTEX_POINT('',#8421);
#8424=VERTEX_POINT('',#8422);
#8425=CARTESIAN_POINT('',(6.025E0,2.925E0,-5.645E0));
#8426=VERTEX_POINT('',#8425);
#8427=CARTESIAN_POINT('',(6.215525588833E0,3.115525588833E0,-5.975E0));
#8428=VERTEX_POINT('',#8427);
#8429=CARTESIAN_POINT('',(6.025E0,3.575E0,-5.645E0));
#8430=VERTEX_POINT('',#8429);
#8431=CARTESIAN_POINT('',(6.215525588833E0,3.384474411167E0,-5.975E0));
#8432=VERTEX_POINT('',#8431);
#8433=CARTESIAN_POINT('',(6.484474411167E0,-7.75E0,-1.135525588833E0));
#8434=CARTESIAN_POINT('',(6.484474411167E0,-7.75E0,-1.404474411167E0));
#8435=VERTEX_POINT('',#8433);
#8436=VERTEX_POINT('',#8434);
#8437=CARTESIAN_POINT('',(6.675E0,-7.42E0,-9.45E-1));
#8438=CARTESIAN_POINT('',(6.675E0,-7.42E0,-1.595E0));
#8439=VERTEX_POINT('',#8437);
#8440=VERTEX_POINT('',#8438);
#8441=CARTESIAN_POINT('',(6.215525588833E0,-7.75E0,-1.135525588833E0));
#8442=VERTEX_POINT('',#8441);
#8443=CARTESIAN_POINT('',(6.025E0,-7.42E0,-9.45E-1));
#8444=VERTEX_POINT('',#8443);
#8445=CARTESIAN_POINT('',(6.215525588833E0,-7.75E0,-1.404474411167E0));
#8446=VERTEX_POINT('',#8445);
#8447=CARTESIAN_POINT('',(6.025E0,-7.42E0,-1.595E0));
#8448=VERTEX_POINT('',#8447);
#8449=CARTESIAN_POINT('',(6.675E0,-7.42E0,9.45E-1));
#8450=CARTESIAN_POINT('',(6.025E0,-7.42E0,9.45E-1));
#8451=VERTEX_POINT('',#8449);
#8452=VERTEX_POINT('',#8450);
#8453=CARTESIAN_POINT('',(6.484474411167E0,-7.75E0,1.135525588833E0));
#8454=CARTESIAN_POINT('',(6.215525588833E0,-7.75E0,1.135525588833E0));
#8455=VERTEX_POINT('',#8453);
#8456=VERTEX_POINT('',#8454);
#8457=CARTESIAN_POINT('',(6.025E0,-7.42E0,1.595E0));
#8458=VERTEX_POINT('',#8457);
#8459=CARTESIAN_POINT('',(6.215525588833E0,-7.75E0,1.404474411167E0));
#8460=VERTEX_POINT('',#8459);
#8461=CARTESIAN_POINT('',(6.675E0,-7.42E0,1.595E0));
#8462=VERTEX_POINT('',#8461);
#8463=CARTESIAN_POINT('',(6.484474411167E0,-7.75E0,1.404474411167E0));
#8464=VERTEX_POINT('',#8463);
#8465=CARTESIAN_POINT('',(3.31E0,1.5E0,-8.35E-1));
#8466=CARTESIAN_POINT('',(2.67E0,1.5E0,-8.35E-1));
#8467=VERTEX_POINT('',#8465);
#8468=VERTEX_POINT('',#8466);
#8469=CARTESIAN_POINT('',(2.795081342885E0,1.5E0,-1.725E0));
#8470=VERTEX_POINT('',#8469);
#8471=CARTESIAN_POINT('',(3.435081342885E0,1.5E0,-1.725E0));
#8472=VERTEX_POINT('',#8471);
#8473=CARTESIAN_POINT('',(4.95E0,1.5E0,-8.35E-1));
#8474=CARTESIAN_POINT('',(4.31E0,1.5E0,-8.35E-1));
#8475=VERTEX_POINT('',#8473);
#8476=VERTEX_POINT('',#8474);
#8477=CARTESIAN_POINT('',(4.184918657115E0,1.5E0,-1.725E0));
#8478=VERTEX_POINT('',#8477);
#8479=CARTESIAN_POINT('',(4.824918657115E0,1.5E0,-1.725E0));
#8480=VERTEX_POINT('',#8479);
#8481=CARTESIAN_POINT('',(3.31E0,1.5E0,8.35E-1));
#8482=CARTESIAN_POINT('',(3.435081342885E0,1.5E0,1.725E0));
#8483=VERTEX_POINT('',#8481);
#8484=VERTEX_POINT('',#8482);
#8485=CARTESIAN_POINT('',(2.795081342885E0,1.5E0,1.725E0));
#8486=VERTEX_POINT('',#8485);
#8487=CARTESIAN_POINT('',(2.67E0,1.5E0,8.35E-1));
#8488=VERTEX_POINT('',#8487);
#8489=CARTESIAN_POINT('',(4.95E0,1.5E0,8.35E-1));
#8490=CARTESIAN_POINT('',(4.824918657115E0,1.5E0,1.725E0));
#8491=VERTEX_POINT('',#8489);
#8492=VERTEX_POINT('',#8490);
#8493=CARTESIAN_POINT('',(4.184918657115E0,1.5E0,1.725E0));
#8494=VERTEX_POINT('',#8493);
#8495=CARTESIAN_POINT('',(4.31E0,1.5E0,8.35E-1));
#8496=VERTEX_POINT('',#8495);
#8497=CARTESIAN_POINT('',(3.31E0,1.E0,-8.35E-1));
#8498=CARTESIAN_POINT('',(2.67E0,1.E0,-8.35E-1));
#8499=VERTEX_POINT('',#8497);
#8500=VERTEX_POINT('',#8498);
#8501=CARTESIAN_POINT('',(2.795081342885E0,1.E0,-1.725E0));
#8502=VERTEX_POINT('',#8501);
#8503=CARTESIAN_POINT('',(3.435081342885E0,1.E0,-1.725E0));
#8504=VERTEX_POINT('',#8503);
#8505=CARTESIAN_POINT('',(4.95E0,1.E0,-8.35E-1));
#8506=CARTESIAN_POINT('',(4.31E0,1.E0,-8.35E-1));
#8507=VERTEX_POINT('',#8505);
#8508=VERTEX_POINT('',#8506);
#8509=CARTESIAN_POINT('',(4.184918657115E0,1.E0,-1.725E0));
#8510=VERTEX_POINT('',#8509);
#8511=CARTESIAN_POINT('',(4.824918657115E0,1.E0,-1.725E0));
#8512=VERTEX_POINT('',#8511);
#8513=CARTESIAN_POINT('',(3.31E0,1.E0,8.35E-1));
#8514=CARTESIAN_POINT('',(3.435081342885E0,1.E0,1.725E0));
#8515=VERTEX_POINT('',#8513);
#8516=VERTEX_POINT('',#8514);
#8517=CARTESIAN_POINT('',(2.795081342885E0,1.E0,1.725E0));
#8518=VERTEX_POINT('',#8517);
#8519=CARTESIAN_POINT('',(2.67E0,1.E0,8.35E-1));
#8520=VERTEX_POINT('',#8519);
#8521=CARTESIAN_POINT('',(4.95E0,1.E0,8.35E-1));
#8522=CARTESIAN_POINT('',(4.824918657115E0,1.E0,1.725E0));
#8523=VERTEX_POINT('',#8521);
#8524=VERTEX_POINT('',#8522);
#8525=CARTESIAN_POINT('',(4.184918657115E0,1.E0,1.725E0));
#8526=VERTEX_POINT('',#8525);
#8527=CARTESIAN_POINT('',(4.31E0,1.E0,8.35E-1));
#8528=VERTEX_POINT('',#8527);
#8529=CARTESIAN_POINT('',(7.7E-1,1.5E0,-8.35E-1));
#8530=CARTESIAN_POINT('',(1.3E-1,1.5E0,-8.35E-1));
#8531=VERTEX_POINT('',#8529);
#8532=VERTEX_POINT('',#8530);
#8533=CARTESIAN_POINT('',(2.550813428851E-1,1.5E0,-1.725E0));
#8534=VERTEX_POINT('',#8533);
#8535=CARTESIAN_POINT('',(8.950813428851E-1,1.5E0,-1.725E0));
#8536=VERTEX_POINT('',#8535);
#8537=CARTESIAN_POINT('',(2.41E0,1.5E0,-8.35E-1));
#8538=CARTESIAN_POINT('',(1.77E0,1.5E0,-8.35E-1));
#8539=VERTEX_POINT('',#8537);
#8540=VERTEX_POINT('',#8538);
#8541=CARTESIAN_POINT('',(1.644918657115E0,1.5E0,-1.725E0));
#8542=VERTEX_POINT('',#8541);
#8543=CARTESIAN_POINT('',(2.284918657115E0,1.5E0,-1.725E0));
#8544=VERTEX_POINT('',#8543);
#8545=CARTESIAN_POINT('',(7.7E-1,1.5E0,8.35E-1));
#8546=CARTESIAN_POINT('',(8.950813428851E-1,1.5E0,1.725E0));
#8547=VERTEX_POINT('',#8545);
#8548=VERTEX_POINT('',#8546);
#8549=CARTESIAN_POINT('',(2.550813428851E-1,1.5E0,1.725E0));
#8550=VERTEX_POINT('',#8549);
#8551=CARTESIAN_POINT('',(1.3E-1,1.5E0,8.35E-1));
#8552=VERTEX_POINT('',#8551);
#8553=CARTESIAN_POINT('',(2.41E0,1.5E0,8.35E-1));
#8554=CARTESIAN_POINT('',(2.284918657115E0,1.5E0,1.725E0));
#8555=VERTEX_POINT('',#8553);
#8556=VERTEX_POINT('',#8554);
#8557=CARTESIAN_POINT('',(1.644918657115E0,1.5E0,1.725E0));
#8558=VERTEX_POINT('',#8557);
#8559=CARTESIAN_POINT('',(1.77E0,1.5E0,8.35E-1));
#8560=VERTEX_POINT('',#8559);
#8561=CARTESIAN_POINT('',(7.7E-1,1.E0,-8.35E-1));
#8562=CARTESIAN_POINT('',(1.3E-1,1.E0,-8.35E-1));
#8563=VERTEX_POINT('',#8561);
#8564=VERTEX_POINT('',#8562);
#8565=CARTESIAN_POINT('',(2.550813428851E-1,1.E0,-1.725E0));
#8566=VERTEX_POINT('',#8565);
#8567=CARTESIAN_POINT('',(8.950813428851E-1,1.E0,-1.725E0));
#8568=VERTEX_POINT('',#8567);
#8569=CARTESIAN_POINT('',(2.41E0,1.E0,-8.35E-1));
#8570=CARTESIAN_POINT('',(1.77E0,1.E0,-8.35E-1));
#8571=VERTEX_POINT('',#8569);
#8572=VERTEX_POINT('',#8570);
#8573=CARTESIAN_POINT('',(1.644918657115E0,1.E0,-1.725E0));
#8574=VERTEX_POINT('',#8573);
#8575=CARTESIAN_POINT('',(2.284918657115E0,1.E0,-1.725E0));
#8576=VERTEX_POINT('',#8575);
#8577=CARTESIAN_POINT('',(7.7E-1,1.E0,8.35E-1));
#8578=CARTESIAN_POINT('',(8.950813428851E-1,1.E0,1.725E0));
#8579=VERTEX_POINT('',#8577);
#8580=VERTEX_POINT('',#8578);
#8581=CARTESIAN_POINT('',(2.550813428851E-1,1.E0,1.725E0));
#8582=VERTEX_POINT('',#8581);
#8583=CARTESIAN_POINT('',(1.3E-1,1.E0,8.35E-1));
#8584=VERTEX_POINT('',#8583);
#8585=CARTESIAN_POINT('',(2.41E0,1.E0,8.35E-1));
#8586=CARTESIAN_POINT('',(2.284918657115E0,1.E0,1.725E0));
#8587=VERTEX_POINT('',#8585);
#8588=VERTEX_POINT('',#8586);
#8589=CARTESIAN_POINT('',(1.644918657115E0,1.E0,1.725E0));
#8590=VERTEX_POINT('',#8589);
#8591=CARTESIAN_POINT('',(1.77E0,1.E0,8.35E-1));
#8592=VERTEX_POINT('',#8591);
#8593=CARTESIAN_POINT('',(-1.77E0,1.5E0,-8.35E-1));
#8594=CARTESIAN_POINT('',(-2.41E0,1.5E0,-8.35E-1));
#8595=VERTEX_POINT('',#8593);
#8596=VERTEX_POINT('',#8594);
#8597=CARTESIAN_POINT('',(-2.284918657115E0,1.5E0,-1.725E0));
#8598=VERTEX_POINT('',#8597);
#8599=CARTESIAN_POINT('',(-1.644918657115E0,1.5E0,-1.725E0));
#8600=VERTEX_POINT('',#8599);
#8601=CARTESIAN_POINT('',(-1.3E-1,1.5E0,-8.35E-1));
#8602=CARTESIAN_POINT('',(-7.7E-1,1.5E0,-8.35E-1));
#8603=VERTEX_POINT('',#8601);
#8604=VERTEX_POINT('',#8602);
#8605=CARTESIAN_POINT('',(-8.950813428851E-1,1.5E0,-1.725E0));
#8606=VERTEX_POINT('',#8605);
#8607=CARTESIAN_POINT('',(-2.550813428851E-1,1.5E0,-1.725E0));
#8608=VERTEX_POINT('',#8607);
#8609=CARTESIAN_POINT('',(-1.77E0,1.5E0,8.35E-1));
#8610=CARTESIAN_POINT('',(-1.644918657115E0,1.5E0,1.725E0));
#8611=VERTEX_POINT('',#8609);
#8612=VERTEX_POINT('',#8610);
#8613=CARTESIAN_POINT('',(-2.284918657115E0,1.5E0,1.725E0));
#8614=VERTEX_POINT('',#8613);
#8615=CARTESIAN_POINT('',(-2.41E0,1.5E0,8.35E-1));
#8616=VERTEX_POINT('',#8615);
#8617=CARTESIAN_POINT('',(-1.3E-1,1.5E0,8.35E-1));
#8618=CARTESIAN_POINT('',(-2.550813428851E-1,1.5E0,1.725E0));
#8619=VERTEX_POINT('',#8617);
#8620=VERTEX_POINT('',#8618);
#8621=CARTESIAN_POINT('',(-8.950813428851E-1,1.5E0,1.725E0));
#8622=VERTEX_POINT('',#8621);
#8623=CARTESIAN_POINT('',(-7.7E-1,1.5E0,8.35E-1));
#8624=VERTEX_POINT('',#8623);
#8625=CARTESIAN_POINT('',(-1.77E0,1.E0,-8.35E-1));
#8626=CARTESIAN_POINT('',(-2.41E0,1.E0,-8.35E-1));
#8627=VERTEX_POINT('',#8625);
#8628=VERTEX_POINT('',#8626);
#8629=CARTESIAN_POINT('',(-2.284918657115E0,1.E0,-1.725E0));
#8630=VERTEX_POINT('',#8629);
#8631=CARTESIAN_POINT('',(-1.644918657115E0,1.E0,-1.725E0));
#8632=VERTEX_POINT('',#8631);
#8633=CARTESIAN_POINT('',(-1.3E-1,1.E0,-8.35E-1));
#8634=CARTESIAN_POINT('',(-7.7E-1,1.E0,-8.35E-1));
#8635=VERTEX_POINT('',#8633);
#8636=VERTEX_POINT('',#8634);
#8637=CARTESIAN_POINT('',(-8.950813428851E-1,1.E0,-1.725E0));
#8638=VERTEX_POINT('',#8637);
#8639=CARTESIAN_POINT('',(-2.550813428851E-1,1.E0,-1.725E0));
#8640=VERTEX_POINT('',#8639);
#8641=CARTESIAN_POINT('',(-1.77E0,1.E0,8.35E-1));
#8642=CARTESIAN_POINT('',(-1.644918657115E0,1.E0,1.725E0));
#8643=VERTEX_POINT('',#8641);
#8644=VERTEX_POINT('',#8642);
#8645=CARTESIAN_POINT('',(-2.284918657115E0,1.E0,1.725E0));
#8646=VERTEX_POINT('',#8645);
#8647=CARTESIAN_POINT('',(-2.41E0,1.E0,8.35E-1));
#8648=VERTEX_POINT('',#8647);
#8649=CARTESIAN_POINT('',(-1.3E-1,1.E0,8.35E-1));
#8650=CARTESIAN_POINT('',(-2.550813428851E-1,1.E0,1.725E0));
#8651=VERTEX_POINT('',#8649);
#8652=VERTEX_POINT('',#8650);
#8653=CARTESIAN_POINT('',(-8.950813428851E-1,1.E0,1.725E0));
#8654=VERTEX_POINT('',#8653);
#8655=CARTESIAN_POINT('',(-7.7E-1,1.E0,8.35E-1));
#8656=VERTEX_POINT('',#8655);
#8657=CARTESIAN_POINT('',(-4.31E0,1.5E0,-8.35E-1));
#8658=CARTESIAN_POINT('',(-4.95E0,1.5E0,-8.35E-1));
#8659=VERTEX_POINT('',#8657);
#8660=VERTEX_POINT('',#8658);
#8661=CARTESIAN_POINT('',(-4.824918657115E0,1.5E0,-1.725E0));
#8662=VERTEX_POINT('',#8661);
#8663=CARTESIAN_POINT('',(-4.184918657115E0,1.5E0,-1.725E0));
#8664=VERTEX_POINT('',#8663);
#8665=CARTESIAN_POINT('',(-2.67E0,1.5E0,-8.35E-1));
#8666=CARTESIAN_POINT('',(-3.31E0,1.5E0,-8.35E-1));
#8667=VERTEX_POINT('',#8665);
#8668=VERTEX_POINT('',#8666);
#8669=CARTESIAN_POINT('',(-3.435081342885E0,1.5E0,-1.725E0));
#8670=VERTEX_POINT('',#8669);
#8671=CARTESIAN_POINT('',(-2.795081342885E0,1.5E0,-1.725E0));
#8672=VERTEX_POINT('',#8671);
#8673=CARTESIAN_POINT('',(-4.31E0,1.5E0,8.35E-1));
#8674=CARTESIAN_POINT('',(-4.184918657115E0,1.5E0,1.725E0));
#8675=VERTEX_POINT('',#8673);
#8676=VERTEX_POINT('',#8674);
#8677=CARTESIAN_POINT('',(-4.824918657115E0,1.5E0,1.725E0));
#8678=VERTEX_POINT('',#8677);
#8679=CARTESIAN_POINT('',(-4.95E0,1.5E0,8.35E-1));
#8680=VERTEX_POINT('',#8679);
#8681=CARTESIAN_POINT('',(-2.67E0,1.5E0,8.35E-1));
#8682=CARTESIAN_POINT('',(-2.795081342885E0,1.5E0,1.725E0));
#8683=VERTEX_POINT('',#8681);
#8684=VERTEX_POINT('',#8682);
#8685=CARTESIAN_POINT('',(-3.435081342885E0,1.5E0,1.725E0));
#8686=VERTEX_POINT('',#8685);
#8687=CARTESIAN_POINT('',(-3.31E0,1.5E0,8.35E-1));
#8688=VERTEX_POINT('',#8687);
#8689=CARTESIAN_POINT('',(-4.31E0,1.E0,-8.35E-1));
#8690=CARTESIAN_POINT('',(-4.95E0,1.E0,-8.35E-1));
#8691=VERTEX_POINT('',#8689);
#8692=VERTEX_POINT('',#8690);
#8693=CARTESIAN_POINT('',(-4.824918657115E0,1.E0,-1.725E0));
#8694=VERTEX_POINT('',#8693);
#8695=CARTESIAN_POINT('',(-4.184918657115E0,1.E0,-1.725E0));
#8696=VERTEX_POINT('',#8695);
#8697=CARTESIAN_POINT('',(-2.67E0,1.E0,-8.35E-1));
#8698=CARTESIAN_POINT('',(-3.31E0,1.E0,-8.35E-1));
#8699=VERTEX_POINT('',#8697);
#8700=VERTEX_POINT('',#8698);
#8701=CARTESIAN_POINT('',(-3.435081342885E0,1.E0,-1.725E0));
#8702=VERTEX_POINT('',#8701);
#8703=CARTESIAN_POINT('',(-2.795081342885E0,1.E0,-1.725E0));
#8704=VERTEX_POINT('',#8703);
#8705=CARTESIAN_POINT('',(-4.31E0,1.E0,8.35E-1));
#8706=CARTESIAN_POINT('',(-4.184918657115E0,1.E0,1.725E0));
#8707=VERTEX_POINT('',#8705);
#8708=VERTEX_POINT('',#8706);
#8709=CARTESIAN_POINT('',(-4.824918657115E0,1.E0,1.725E0));
#8710=VERTEX_POINT('',#8709);
#8711=CARTESIAN_POINT('',(-4.95E0,1.E0,8.35E-1));
#8712=VERTEX_POINT('',#8711);
#8713=CARTESIAN_POINT('',(-2.67E0,1.E0,8.35E-1));
#8714=CARTESIAN_POINT('',(-2.795081342885E0,1.E0,1.725E0));
#8715=VERTEX_POINT('',#8713);
#8716=VERTEX_POINT('',#8714);
#8717=CARTESIAN_POINT('',(-3.435081342885E0,1.E0,1.725E0));
#8718=VERTEX_POINT('',#8717);
#8719=CARTESIAN_POINT('',(-3.31E0,1.E0,8.35E-1));
#8720=VERTEX_POINT('',#8719);
#8721=CARTESIAN_POINT('',(-6.85E0,1.5E0,-8.35E-1));
#8722=CARTESIAN_POINT('',(-7.49E0,1.5E0,-8.35E-1));
#8723=VERTEX_POINT('',#8721);
#8724=VERTEX_POINT('',#8722);
#8725=CARTESIAN_POINT('',(-7.364918657115E0,1.5E0,-1.725E0));
#8726=VERTEX_POINT('',#8725);
#8727=CARTESIAN_POINT('',(-6.724918657115E0,1.5E0,-1.725E0));
#8728=VERTEX_POINT('',#8727);
#8729=CARTESIAN_POINT('',(-5.21E0,1.5E0,-8.35E-1));
#8730=CARTESIAN_POINT('',(-5.85E0,1.5E0,-8.35E-1));
#8731=VERTEX_POINT('',#8729);
#8732=VERTEX_POINT('',#8730);
#8733=CARTESIAN_POINT('',(-5.975081342885E0,1.5E0,-1.725E0));
#8734=VERTEX_POINT('',#8733);
#8735=CARTESIAN_POINT('',(-5.335081342885E0,1.5E0,-1.725E0));
#8736=VERTEX_POINT('',#8735);
#8737=CARTESIAN_POINT('',(-6.85E0,1.5E0,8.35E-1));
#8738=CARTESIAN_POINT('',(-6.724918657115E0,1.5E0,1.725E0));
#8739=VERTEX_POINT('',#8737);
#8740=VERTEX_POINT('',#8738);
#8741=CARTESIAN_POINT('',(-7.364918657115E0,1.5E0,1.725E0));
#8742=VERTEX_POINT('',#8741);
#8743=CARTESIAN_POINT('',(-7.49E0,1.5E0,8.35E-1));
#8744=VERTEX_POINT('',#8743);
#8745=CARTESIAN_POINT('',(-5.21E0,1.5E0,8.35E-1));
#8746=CARTESIAN_POINT('',(-5.335081342885E0,1.5E0,1.725E0));
#8747=VERTEX_POINT('',#8745);
#8748=VERTEX_POINT('',#8746);
#8749=CARTESIAN_POINT('',(-5.975081342885E0,1.5E0,1.725E0));
#8750=VERTEX_POINT('',#8749);
#8751=CARTESIAN_POINT('',(-5.85E0,1.5E0,8.35E-1));
#8752=VERTEX_POINT('',#8751);
#8753=CARTESIAN_POINT('',(-6.85E0,1.E0,-8.35E-1));
#8754=CARTESIAN_POINT('',(-7.49E0,1.E0,-8.35E-1));
#8755=VERTEX_POINT('',#8753);
#8756=VERTEX_POINT('',#8754);
#8757=CARTESIAN_POINT('',(-7.364918657115E0,1.E0,-1.725E0));
#8758=VERTEX_POINT('',#8757);
#8759=CARTESIAN_POINT('',(-6.724918657115E0,1.E0,-1.725E0));
#8760=VERTEX_POINT('',#8759);
#8761=CARTESIAN_POINT('',(-5.21E0,1.E0,-8.35E-1));
#8762=CARTESIAN_POINT('',(-5.85E0,1.E0,-8.35E-1));
#8763=VERTEX_POINT('',#8761);
#8764=VERTEX_POINT('',#8762);
#8765=CARTESIAN_POINT('',(-5.975081342885E0,1.E0,-1.725E0));
#8766=VERTEX_POINT('',#8765);
#8767=CARTESIAN_POINT('',(-5.335081342885E0,1.E0,-1.725E0));
#8768=VERTEX_POINT('',#8767);
#8769=CARTESIAN_POINT('',(-6.85E0,1.E0,8.35E-1));
#8770=CARTESIAN_POINT('',(-6.724918657115E0,1.E0,1.725E0));
#8771=VERTEX_POINT('',#8769);
#8772=VERTEX_POINT('',#8770);
#8773=CARTESIAN_POINT('',(-7.364918657115E0,1.E0,1.725E0));
#8774=VERTEX_POINT('',#8773);
#8775=CARTESIAN_POINT('',(-7.49E0,1.E0,8.35E-1));
#8776=VERTEX_POINT('',#8775);
#8777=CARTESIAN_POINT('',(-5.21E0,1.E0,8.35E-1));
#8778=CARTESIAN_POINT('',(-5.335081342885E0,1.E0,1.725E0));
#8779=VERTEX_POINT('',#8777);
#8780=VERTEX_POINT('',#8778);
#8781=CARTESIAN_POINT('',(-5.975081342885E0,1.E0,1.725E0));
#8782=VERTEX_POINT('',#8781);
#8783=CARTESIAN_POINT('',(-5.85E0,1.E0,8.35E-1));
#8784=VERTEX_POINT('',#8783);
#8785=CARTESIAN_POINT('',(-9.39E0,1.5E0,-8.35E-1));
#8786=CARTESIAN_POINT('',(-1.003E1,1.5E0,-8.35E-1));
#8787=VERTEX_POINT('',#8785);
#8788=VERTEX_POINT('',#8786);
#8789=CARTESIAN_POINT('',(-9.904918657115E0,1.5E0,-1.725E0));
#8790=VERTEX_POINT('',#8789);
#8791=CARTESIAN_POINT('',(-9.264918657115E0,1.5E0,-1.725E0));
#8792=VERTEX_POINT('',#8791);
#8793=CARTESIAN_POINT('',(-7.75E0,1.5E0,-8.35E-1));
#8794=CARTESIAN_POINT('',(-8.39E0,1.5E0,-8.35E-1));
#8795=VERTEX_POINT('',#8793);
#8796=VERTEX_POINT('',#8794);
#8797=CARTESIAN_POINT('',(-8.515081342885E0,1.5E0,-1.725E0));
#8798=VERTEX_POINT('',#8797);
#8799=CARTESIAN_POINT('',(-7.875081342885E0,1.5E0,-1.725E0));
#8800=VERTEX_POINT('',#8799);
#8801=CARTESIAN_POINT('',(-9.39E0,1.5E0,8.35E-1));
#8802=CARTESIAN_POINT('',(-9.264918657115E0,1.5E0,1.725E0));
#8803=VERTEX_POINT('',#8801);
#8804=VERTEX_POINT('',#8802);
#8805=CARTESIAN_POINT('',(-9.904918657115E0,1.5E0,1.725E0));
#8806=VERTEX_POINT('',#8805);
#8807=CARTESIAN_POINT('',(-1.003E1,1.5E0,8.35E-1));
#8808=VERTEX_POINT('',#8807);
#8809=CARTESIAN_POINT('',(-7.75E0,1.5E0,8.35E-1));
#8810=CARTESIAN_POINT('',(-7.875081342885E0,1.5E0,1.725E0));
#8811=VERTEX_POINT('',#8809);
#8812=VERTEX_POINT('',#8810);
#8813=CARTESIAN_POINT('',(-8.515081342885E0,1.5E0,1.725E0));
#8814=VERTEX_POINT('',#8813);
#8815=CARTESIAN_POINT('',(-8.39E0,1.5E0,8.35E-1));
#8816=VERTEX_POINT('',#8815);
#8817=CARTESIAN_POINT('',(-9.39E0,1.E0,-8.35E-1));
#8818=CARTESIAN_POINT('',(-1.003E1,1.E0,-8.35E-1));
#8819=VERTEX_POINT('',#8817);
#8820=VERTEX_POINT('',#8818);
#8821=CARTESIAN_POINT('',(-9.904918657115E0,1.E0,-1.725E0));
#8822=VERTEX_POINT('',#8821);
#8823=CARTESIAN_POINT('',(-9.264918657115E0,1.E0,-1.725E0));
#8824=VERTEX_POINT('',#8823);
#8825=CARTESIAN_POINT('',(-7.75E0,1.E0,-8.35E-1));
#8826=CARTESIAN_POINT('',(-8.39E0,1.E0,-8.35E-1));
#8827=VERTEX_POINT('',#8825);
#8828=VERTEX_POINT('',#8826);
#8829=CARTESIAN_POINT('',(-8.515081342885E0,1.E0,-1.725E0));
#8830=VERTEX_POINT('',#8829);
#8831=CARTESIAN_POINT('',(-7.875081342885E0,1.E0,-1.725E0));
#8832=VERTEX_POINT('',#8831);
#8833=CARTESIAN_POINT('',(-9.39E0,1.E0,8.35E-1));
#8834=CARTESIAN_POINT('',(-9.264918657115E0,1.E0,1.725E0));
#8835=VERTEX_POINT('',#8833);
#8836=VERTEX_POINT('',#8834);
#8837=CARTESIAN_POINT('',(-9.904918657115E0,1.E0,1.725E0));
#8838=VERTEX_POINT('',#8837);
#8839=CARTESIAN_POINT('',(-1.003E1,1.E0,8.35E-1));
#8840=VERTEX_POINT('',#8839);
#8841=CARTESIAN_POINT('',(-7.75E0,1.E0,8.35E-1));
#8842=CARTESIAN_POINT('',(-7.875081342885E0,1.E0,1.725E0));
#8843=VERTEX_POINT('',#8841);
#8844=VERTEX_POINT('',#8842);
#8845=CARTESIAN_POINT('',(-8.515081342885E0,1.E0,1.725E0));
#8846=VERTEX_POINT('',#8845);
#8847=CARTESIAN_POINT('',(-8.39E0,1.E0,8.35E-1));
#8848=VERTEX_POINT('',#8847);
#8849=CARTESIAN_POINT('',(-1.193E1,1.5E0,-8.35E-1));
#8850=CARTESIAN_POINT('',(-1.257E1,1.5E0,-8.35E-1));
#8851=VERTEX_POINT('',#8849);
#8852=VERTEX_POINT('',#8850);
#8853=CARTESIAN_POINT('',(-1.244491865711E1,1.5E0,-1.725E0));
#8854=VERTEX_POINT('',#8853);
#8855=CARTESIAN_POINT('',(-1.180491865711E1,1.5E0,-1.725E0));
#8856=VERTEX_POINT('',#8855);
#8857=CARTESIAN_POINT('',(-1.029E1,1.5E0,-8.35E-1));
#8858=CARTESIAN_POINT('',(-1.093E1,1.5E0,-8.35E-1));
#8859=VERTEX_POINT('',#8857);
#8860=VERTEX_POINT('',#8858);
#8861=CARTESIAN_POINT('',(-1.105508134289E1,1.5E0,-1.725E0));
#8862=VERTEX_POINT('',#8861);
#8863=CARTESIAN_POINT('',(-1.041508134289E1,1.5E0,-1.725E0));
#8864=VERTEX_POINT('',#8863);
#8865=CARTESIAN_POINT('',(-1.193E1,1.5E0,8.35E-1));
#8866=CARTESIAN_POINT('',(-1.180491865711E1,1.5E0,1.725E0));
#8867=VERTEX_POINT('',#8865);
#8868=VERTEX_POINT('',#8866);
#8869=CARTESIAN_POINT('',(-1.244491865711E1,1.5E0,1.725E0));
#8870=VERTEX_POINT('',#8869);
#8871=CARTESIAN_POINT('',(-1.257E1,1.5E0,8.35E-1));
#8872=VERTEX_POINT('',#8871);
#8873=CARTESIAN_POINT('',(-1.029E1,1.5E0,8.35E-1));
#8874=CARTESIAN_POINT('',(-1.041508134289E1,1.5E0,1.725E0));
#8875=VERTEX_POINT('',#8873);
#8876=VERTEX_POINT('',#8874);
#8877=CARTESIAN_POINT('',(-1.105508134289E1,1.5E0,1.725E0));
#8878=VERTEX_POINT('',#8877);
#8879=CARTESIAN_POINT('',(-1.093E1,1.5E0,8.35E-1));
#8880=VERTEX_POINT('',#8879);
#8881=CARTESIAN_POINT('',(-1.193E1,1.E0,-8.35E-1));
#8882=CARTESIAN_POINT('',(-1.257E1,1.E0,-8.35E-1));
#8883=VERTEX_POINT('',#8881);
#8884=VERTEX_POINT('',#8882);
#8885=CARTESIAN_POINT('',(-1.244491865711E1,1.E0,-1.725E0));
#8886=VERTEX_POINT('',#8885);
#8887=CARTESIAN_POINT('',(-1.180491865711E1,1.E0,-1.725E0));
#8888=VERTEX_POINT('',#8887);
#8889=CARTESIAN_POINT('',(-1.029E1,1.E0,-8.35E-1));
#8890=CARTESIAN_POINT('',(-1.093E1,1.E0,-8.35E-1));
#8891=VERTEX_POINT('',#8889);
#8892=VERTEX_POINT('',#8890);
#8893=CARTESIAN_POINT('',(-1.105508134289E1,1.E0,-1.725E0));
#8894=VERTEX_POINT('',#8893);
#8895=CARTESIAN_POINT('',(-1.041508134289E1,1.E0,-1.725E0));
#8896=VERTEX_POINT('',#8895);
#8897=CARTESIAN_POINT('',(-1.193E1,1.E0,8.35E-1));
#8898=CARTESIAN_POINT('',(-1.180491865711E1,1.E0,1.725E0));
#8899=VERTEX_POINT('',#8897);
#8900=VERTEX_POINT('',#8898);
#8901=CARTESIAN_POINT('',(-1.244491865711E1,1.E0,1.725E0));
#8902=VERTEX_POINT('',#8901);
#8903=CARTESIAN_POINT('',(-1.257E1,1.E0,8.35E-1));
#8904=VERTEX_POINT('',#8903);
#8905=CARTESIAN_POINT('',(-1.029E1,1.E0,8.35E-1));
#8906=CARTESIAN_POINT('',(-1.041508134289E1,1.E0,1.725E0));
#8907=VERTEX_POINT('',#8905);
#8908=VERTEX_POINT('',#8906);
#8909=CARTESIAN_POINT('',(-1.105508134289E1,1.E0,1.725E0));
#8910=VERTEX_POINT('',#8909);
#8911=CARTESIAN_POINT('',(-1.093E1,1.E0,8.35E-1));
#8912=VERTEX_POINT('',#8911);
#8913=CARTESIAN_POINT('',(3.944474411167E0,5.655525588833E0,-5.975E0));
#8914=CARTESIAN_POINT('',(3.944474411167E0,5.924474411167E0,-5.975E0));
#8915=VERTEX_POINT('',#8913);
#8916=VERTEX_POINT('',#8914);
#8917=CARTESIAN_POINT('',(4.135E0,5.465E0,-5.645E0));
#8918=CARTESIAN_POINT('',(4.135E0,6.115E0,-5.645E0));
#8919=VERTEX_POINT('',#8917);
#8920=VERTEX_POINT('',#8918);
#8921=CARTESIAN_POINT('',(3.485E0,5.465E0,-5.645E0));
#8922=VERTEX_POINT('',#8921);
#8923=CARTESIAN_POINT('',(3.675525588833E0,5.655525588833E0,-5.975E0));
#8924=VERTEX_POINT('',#8923);
#8925=CARTESIAN_POINT('',(3.485E0,6.115E0,-5.645E0));
#8926=VERTEX_POINT('',#8925);
#8927=CARTESIAN_POINT('',(3.675525588833E0,5.924474411167E0,-5.975E0));
#8928=VERTEX_POINT('',#8927);
#8929=CARTESIAN_POINT('',(3.944474411167E0,3.115525588833E0,-5.975E0));
#8930=CARTESIAN_POINT('',(3.944474411167E0,3.384474411167E0,-5.975E0));
#8931=VERTEX_POINT('',#8929);
#8932=VERTEX_POINT('',#8930);
#8933=CARTESIAN_POINT('',(4.135E0,2.925E0,-5.645E0));
#8934=CARTESIAN_POINT('',(4.135E0,3.575E0,-5.645E0));
#8935=VERTEX_POINT('',#8933);
#8936=VERTEX_POINT('',#8934);
#8937=CARTESIAN_POINT('',(3.485E0,2.925E0,-5.645E0));
#8938=VERTEX_POINT('',#8937);
#8939=CARTESIAN_POINT('',(3.675525588833E0,3.115525588833E0,-5.975E0));
#8940=VERTEX_POINT('',#8939);
#8941=CARTESIAN_POINT('',(3.485E0,3.575E0,-5.645E0));
#8942=VERTEX_POINT('',#8941);
#8943=CARTESIAN_POINT('',(3.675525588833E0,3.384474411167E0,-5.975E0));
#8944=VERTEX_POINT('',#8943);
#8945=CARTESIAN_POINT('',(3.944474411167E0,-7.75E0,-1.135525588833E0));
#8946=CARTESIAN_POINT('',(3.944474411167E0,-7.75E0,-1.404474411167E0));
#8947=VERTEX_POINT('',#8945);
#8948=VERTEX_POINT('',#8946);
#8949=CARTESIAN_POINT('',(4.135E0,-7.42E0,-9.45E-1));
#8950=CARTESIAN_POINT('',(4.135E0,-7.42E0,-1.595E0));
#8951=VERTEX_POINT('',#8949);
#8952=VERTEX_POINT('',#8950);
#8953=CARTESIAN_POINT('',(3.675525588833E0,-7.75E0,-1.135525588833E0));
#8954=VERTEX_POINT('',#8953);
#8955=CARTESIAN_POINT('',(3.485E0,-7.42E0,-9.45E-1));
#8956=VERTEX_POINT('',#8955);
#8957=CARTESIAN_POINT('',(3.675525588833E0,-7.75E0,-1.404474411167E0));
#8958=VERTEX_POINT('',#8957);
#8959=CARTESIAN_POINT('',(3.485E0,-7.42E0,-1.595E0));
#8960=VERTEX_POINT('',#8959);
#8961=CARTESIAN_POINT('',(4.135E0,-7.42E0,9.45E-1));
#8962=CARTESIAN_POINT('',(3.485E0,-7.42E0,9.45E-1));
#8963=VERTEX_POINT('',#8961);
#8964=VERTEX_POINT('',#8962);
#8965=CARTESIAN_POINT('',(3.944474411167E0,-7.75E0,1.135525588833E0));
#8966=CARTESIAN_POINT('',(3.675525588833E0,-7.75E0,1.135525588833E0));
#8967=VERTEX_POINT('',#8965);
#8968=VERTEX_POINT('',#8966);
#8969=CARTESIAN_POINT('',(3.485E0,-7.42E0,1.595E0));
#8970=VERTEX_POINT('',#8969);
#8971=CARTESIAN_POINT('',(3.675525588833E0,-7.75E0,1.404474411167E0));
#8972=VERTEX_POINT('',#8971);
#8973=CARTESIAN_POINT('',(4.135E0,-7.42E0,1.595E0));
#8974=VERTEX_POINT('',#8973);
#8975=CARTESIAN_POINT('',(3.944474411167E0,-7.75E0,1.404474411167E0));
#8976=VERTEX_POINT('',#8975);
#8977=CARTESIAN_POINT('',(1.404474411167E0,5.655525588833E0,-5.975E0));
#8978=CARTESIAN_POINT('',(1.404474411167E0,5.924474411167E0,-5.975E0));
#8979=VERTEX_POINT('',#8977);
#8980=VERTEX_POINT('',#8978);
#8981=CARTESIAN_POINT('',(1.595E0,5.465E0,-5.645E0));
#8982=CARTESIAN_POINT('',(1.595E0,6.115E0,-5.645E0));
#8983=VERTEX_POINT('',#8981);
#8984=VERTEX_POINT('',#8982);
#8985=CARTESIAN_POINT('',(9.45E-1,5.465E0,-5.645E0));
#8986=VERTEX_POINT('',#8985);
#8987=CARTESIAN_POINT('',(1.135525588833E0,5.655525588833E0,-5.975E0));
#8988=VERTEX_POINT('',#8987);
#8989=CARTESIAN_POINT('',(9.45E-1,6.115E0,-5.645E0));
#8990=VERTEX_POINT('',#8989);
#8991=CARTESIAN_POINT('',(1.135525588833E0,5.924474411167E0,-5.975E0));
#8992=VERTEX_POINT('',#8991);
#8993=CARTESIAN_POINT('',(1.404474411167E0,3.115525588833E0,-5.975E0));
#8994=CARTESIAN_POINT('',(1.404474411167E0,3.384474411167E0,-5.975E0));
#8995=VERTEX_POINT('',#8993);
#8996=VERTEX_POINT('',#8994);
#8997=CARTESIAN_POINT('',(1.595E0,2.925E0,-5.645E0));
#8998=CARTESIAN_POINT('',(1.595E0,3.575E0,-5.645E0));
#8999=VERTEX_POINT('',#8997);
#9000=VERTEX_POINT('',#8998);
#9001=CARTESIAN_POINT('',(9.45E-1,2.925E0,-5.645E0));
#9002=VERTEX_POINT('',#9001);
#9003=CARTESIAN_POINT('',(1.135525588833E0,3.115525588833E0,-5.975E0));
#9004=VERTEX_POINT('',#9003);
#9005=CARTESIAN_POINT('',(9.45E-1,3.575E0,-5.645E0));
#9006=VERTEX_POINT('',#9005);
#9007=CARTESIAN_POINT('',(1.135525588833E0,3.384474411167E0,-5.975E0));
#9008=VERTEX_POINT('',#9007);
#9009=CARTESIAN_POINT('',(1.404474411167E0,-7.75E0,-1.135525588833E0));
#9010=CARTESIAN_POINT('',(1.404474411167E0,-7.75E0,-1.404474411167E0));
#9011=VERTEX_POINT('',#9009);
#9012=VERTEX_POINT('',#9010);
#9013=CARTESIAN_POINT('',(1.595E0,-7.42E0,-9.45E-1));
#9014=CARTESIAN_POINT('',(1.595E0,-7.42E0,-1.595E0));
#9015=VERTEX_POINT('',#9013);
#9016=VERTEX_POINT('',#9014);
#9017=CARTESIAN_POINT('',(1.135525588833E0,-7.75E0,-1.135525588833E0));
#9018=VERTEX_POINT('',#9017);
#9019=CARTESIAN_POINT('',(9.45E-1,-7.42E0,-9.45E-1));
#9020=VERTEX_POINT('',#9019);
#9021=CARTESIAN_POINT('',(1.135525588833E0,-7.75E0,-1.404474411167E0));
#9022=VERTEX_POINT('',#9021);
#9023=CARTESIAN_POINT('',(9.45E-1,-7.42E0,-1.595E0));
#9024=VERTEX_POINT('',#9023);
#9025=CARTESIAN_POINT('',(1.595E0,-7.42E0,9.45E-1));
#9026=CARTESIAN_POINT('',(9.45E-1,-7.42E0,9.45E-1));
#9027=VERTEX_POINT('',#9025);
#9028=VERTEX_POINT('',#9026);
#9029=CARTESIAN_POINT('',(1.404474411167E0,-7.75E0,1.135525588833E0));
#9030=CARTESIAN_POINT('',(1.135525588833E0,-7.75E0,1.135525588833E0));
#9031=VERTEX_POINT('',#9029);
#9032=VERTEX_POINT('',#9030);
#9033=CARTESIAN_POINT('',(9.45E-1,-7.42E0,1.595E0));
#9034=VERTEX_POINT('',#9033);
#9035=CARTESIAN_POINT('',(1.135525588833E0,-7.75E0,1.404474411167E0));
#9036=VERTEX_POINT('',#9035);
#9037=CARTESIAN_POINT('',(1.595E0,-7.42E0,1.595E0));
#9038=VERTEX_POINT('',#9037);
#9039=CARTESIAN_POINT('',(1.404474411167E0,-7.75E0,1.404474411167E0));
#9040=VERTEX_POINT('',#9039);
#9041=CARTESIAN_POINT('',(-1.135525588833E0,5.655525588833E0,-5.975E0));
#9042=CARTESIAN_POINT('',(-1.135525588833E0,5.924474411167E0,-5.975E0));
#9043=VERTEX_POINT('',#9041);
#9044=VERTEX_POINT('',#9042);
#9045=CARTESIAN_POINT('',(-9.45E-1,5.465E0,-5.645E0));
#9046=CARTESIAN_POINT('',(-9.45E-1,6.115E0,-5.645E0));
#9047=VERTEX_POINT('',#9045);
#9048=VERTEX_POINT('',#9046);
#9049=CARTESIAN_POINT('',(-1.595E0,5.465E0,-5.645E0));
#9050=VERTEX_POINT('',#9049);
#9051=CARTESIAN_POINT('',(-1.404474411167E0,5.655525588833E0,-5.975E0));
#9052=VERTEX_POINT('',#9051);
#9053=CARTESIAN_POINT('',(-1.595E0,6.115E0,-5.645E0));
#9054=VERTEX_POINT('',#9053);
#9055=CARTESIAN_POINT('',(-1.404474411167E0,5.924474411167E0,-5.975E0));
#9056=VERTEX_POINT('',#9055);
#9057=CARTESIAN_POINT('',(-1.135525588833E0,3.115525588833E0,-5.975E0));
#9058=CARTESIAN_POINT('',(-1.135525588833E0,3.384474411167E0,-5.975E0));
#9059=VERTEX_POINT('',#9057);
#9060=VERTEX_POINT('',#9058);
#9061=CARTESIAN_POINT('',(-9.45E-1,2.925E0,-5.645E0));
#9062=CARTESIAN_POINT('',(-9.45E-1,3.575E0,-5.645E0));
#9063=VERTEX_POINT('',#9061);
#9064=VERTEX_POINT('',#9062);
#9065=CARTESIAN_POINT('',(-1.595E0,2.925E0,-5.645E0));
#9066=VERTEX_POINT('',#9065);
#9067=CARTESIAN_POINT('',(-1.404474411167E0,3.115525588833E0,-5.975E0));
#9068=VERTEX_POINT('',#9067);
#9069=CARTESIAN_POINT('',(-1.595E0,3.575E0,-5.645E0));
#9070=VERTEX_POINT('',#9069);
#9071=CARTESIAN_POINT('',(-1.404474411167E0,3.384474411167E0,-5.975E0));
#9072=VERTEX_POINT('',#9071);
#9073=CARTESIAN_POINT('',(-1.135525588833E0,-7.75E0,-1.135525588833E0));
#9074=CARTESIAN_POINT('',(-1.135525588833E0,-7.75E0,-1.404474411167E0));
#9075=VERTEX_POINT('',#9073);
#9076=VERTEX_POINT('',#9074);
#9077=CARTESIAN_POINT('',(-9.45E-1,-7.42E0,-9.45E-1));
#9078=CARTESIAN_POINT('',(-9.45E-1,-7.42E0,-1.595E0));
#9079=VERTEX_POINT('',#9077);
#9080=VERTEX_POINT('',#9078);
#9081=CARTESIAN_POINT('',(-1.404474411167E0,-7.75E0,-1.135525588833E0));
#9082=VERTEX_POINT('',#9081);
#9083=CARTESIAN_POINT('',(-1.595E0,-7.42E0,-9.45E-1));
#9084=VERTEX_POINT('',#9083);
#9085=CARTESIAN_POINT('',(-1.404474411167E0,-7.75E0,-1.404474411167E0));
#9086=VERTEX_POINT('',#9085);
#9087=CARTESIAN_POINT('',(-1.595E0,-7.42E0,-1.595E0));
#9088=VERTEX_POINT('',#9087);
#9089=CARTESIAN_POINT('',(-9.45E-1,-7.42E0,9.45E-1));
#9090=CARTESIAN_POINT('',(-1.595E0,-7.42E0,9.45E-1));
#9091=VERTEX_POINT('',#9089);
#9092=VERTEX_POINT('',#9090);
#9093=CARTESIAN_POINT('',(-1.135525588833E0,-7.75E0,1.135525588833E0));
#9094=CARTESIAN_POINT('',(-1.404474411167E0,-7.75E0,1.135525588833E0));
#9095=VERTEX_POINT('',#9093);
#9096=VERTEX_POINT('',#9094);
#9097=CARTESIAN_POINT('',(-1.595E0,-7.42E0,1.595E0));
#9098=VERTEX_POINT('',#9097);
#9099=CARTESIAN_POINT('',(-1.404474411167E0,-7.75E0,1.404474411167E0));
#9100=VERTEX_POINT('',#9099);
#9101=CARTESIAN_POINT('',(-9.45E-1,-7.42E0,1.595E0));
#9102=VERTEX_POINT('',#9101);
#9103=CARTESIAN_POINT('',(-1.135525588833E0,-7.75E0,1.404474411167E0));
#9104=VERTEX_POINT('',#9103);
#9105=CARTESIAN_POINT('',(-3.675525588833E0,5.655525588833E0,-5.975E0));
#9106=CARTESIAN_POINT('',(-3.675525588833E0,5.924474411167E0,-5.975E0));
#9107=VERTEX_POINT('',#9105);
#9108=VERTEX_POINT('',#9106);
#9109=CARTESIAN_POINT('',(-3.485E0,5.465E0,-5.645E0));
#9110=CARTESIAN_POINT('',(-3.485E0,6.115E0,-5.645E0));
#9111=VERTEX_POINT('',#9109);
#9112=VERTEX_POINT('',#9110);
#9113=CARTESIAN_POINT('',(-4.135E0,5.465E0,-5.645E0));
#9114=VERTEX_POINT('',#9113);
#9115=CARTESIAN_POINT('',(-3.944474411167E0,5.655525588833E0,-5.975E0));
#9116=VERTEX_POINT('',#9115);
#9117=CARTESIAN_POINT('',(-4.135E0,6.115E0,-5.645E0));
#9118=VERTEX_POINT('',#9117);
#9119=CARTESIAN_POINT('',(-3.944474411167E0,5.924474411167E0,-5.975E0));
#9120=VERTEX_POINT('',#9119);
#9121=CARTESIAN_POINT('',(-3.675525588833E0,3.115525588833E0,-5.975E0));
#9122=CARTESIAN_POINT('',(-3.675525588833E0,3.384474411167E0,-5.975E0));
#9123=VERTEX_POINT('',#9121);
#9124=VERTEX_POINT('',#9122);
#9125=CARTESIAN_POINT('',(-3.485E0,2.925E0,-5.645E0));
#9126=CARTESIAN_POINT('',(-3.485E0,3.575E0,-5.645E0));
#9127=VERTEX_POINT('',#9125);
#9128=VERTEX_POINT('',#9126);
#9129=CARTESIAN_POINT('',(-4.135E0,2.925E0,-5.645E0));
#9130=VERTEX_POINT('',#9129);
#9131=CARTESIAN_POINT('',(-3.944474411167E0,3.115525588833E0,-5.975E0));
#9132=VERTEX_POINT('',#9131);
#9133=CARTESIAN_POINT('',(-4.135E0,3.575E0,-5.645E0));
#9134=VERTEX_POINT('',#9133);
#9135=CARTESIAN_POINT('',(-3.944474411167E0,3.384474411167E0,-5.975E0));
#9136=VERTEX_POINT('',#9135);
#9137=CARTESIAN_POINT('',(-3.675525588833E0,-7.75E0,-1.135525588833E0));
#9138=CARTESIAN_POINT('',(-3.675525588833E0,-7.75E0,-1.404474411167E0));
#9139=VERTEX_POINT('',#9137);
#9140=VERTEX_POINT('',#9138);
#9141=CARTESIAN_POINT('',(-3.485E0,-7.42E0,-9.45E-1));
#9142=CARTESIAN_POINT('',(-3.485E0,-7.42E0,-1.595E0));
#9143=VERTEX_POINT('',#9141);
#9144=VERTEX_POINT('',#9142);
#9145=CARTESIAN_POINT('',(-3.944474411167E0,-7.75E0,-1.135525588833E0));
#9146=VERTEX_POINT('',#9145);
#9147=CARTESIAN_POINT('',(-4.135E0,-7.42E0,-9.45E-1));
#9148=VERTEX_POINT('',#9147);
#9149=CARTESIAN_POINT('',(-3.944474411167E0,-7.75E0,-1.404474411167E0));
#9150=VERTEX_POINT('',#9149);
#9151=CARTESIAN_POINT('',(-4.135E0,-7.42E0,-1.595E0));
#9152=VERTEX_POINT('',#9151);
#9153=CARTESIAN_POINT('',(-3.485E0,-7.42E0,9.45E-1));
#9154=CARTESIAN_POINT('',(-4.135E0,-7.42E0,9.45E-1));
#9155=VERTEX_POINT('',#9153);
#9156=VERTEX_POINT('',#9154);
#9157=CARTESIAN_POINT('',(-3.675525588833E0,-7.75E0,1.135525588833E0));
#9158=CARTESIAN_POINT('',(-3.944474411167E0,-7.75E0,1.135525588833E0));
#9159=VERTEX_POINT('',#9157);
#9160=VERTEX_POINT('',#9158);
#9161=CARTESIAN_POINT('',(-4.135E0,-7.42E0,1.595E0));
#9162=VERTEX_POINT('',#9161);
#9163=CARTESIAN_POINT('',(-3.944474411167E0,-7.75E0,1.404474411167E0));
#9164=VERTEX_POINT('',#9163);
#9165=CARTESIAN_POINT('',(-3.485E0,-7.42E0,1.595E0));
#9166=VERTEX_POINT('',#9165);
#9167=CARTESIAN_POINT('',(-3.675525588833E0,-7.75E0,1.404474411167E0));
#9168=VERTEX_POINT('',#9167);
#9169=CARTESIAN_POINT('',(-6.215525588833E0,5.655525588833E0,-5.975E0));
#9170=CARTESIAN_POINT('',(-6.215525588833E0,5.924474411167E0,-5.975E0));
#9171=VERTEX_POINT('',#9169);
#9172=VERTEX_POINT('',#9170);
#9173=CARTESIAN_POINT('',(-6.025E0,5.465E0,-5.645E0));
#9174=CARTESIAN_POINT('',(-6.025E0,6.115E0,-5.645E0));
#9175=VERTEX_POINT('',#9173);
#9176=VERTEX_POINT('',#9174);
#9177=CARTESIAN_POINT('',(-6.675E0,5.465E0,-5.645E0));
#9178=VERTEX_POINT('',#9177);
#9179=CARTESIAN_POINT('',(-6.484474411167E0,5.655525588833E0,-5.975E0));
#9180=VERTEX_POINT('',#9179);
#9181=CARTESIAN_POINT('',(-6.675E0,6.115E0,-5.645E0));
#9182=VERTEX_POINT('',#9181);
#9183=CARTESIAN_POINT('',(-6.484474411167E0,5.924474411167E0,-5.975E0));
#9184=VERTEX_POINT('',#9183);
#9185=CARTESIAN_POINT('',(-6.215525588833E0,3.115525588833E0,-5.975E0));
#9186=CARTESIAN_POINT('',(-6.215525588833E0,3.384474411167E0,-5.975E0));
#9187=VERTEX_POINT('',#9185);
#9188=VERTEX_POINT('',#9186);
#9189=CARTESIAN_POINT('',(-6.025E0,2.925E0,-5.645E0));
#9190=CARTESIAN_POINT('',(-6.025E0,3.575E0,-5.645E0));
#9191=VERTEX_POINT('',#9189);
#9192=VERTEX_POINT('',#9190);
#9193=CARTESIAN_POINT('',(-6.675E0,2.925E0,-5.645E0));
#9194=VERTEX_POINT('',#9193);
#9195=CARTESIAN_POINT('',(-6.484474411167E0,3.115525588833E0,-5.975E0));
#9196=VERTEX_POINT('',#9195);
#9197=CARTESIAN_POINT('',(-6.675E0,3.575E0,-5.645E0));
#9198=VERTEX_POINT('',#9197);
#9199=CARTESIAN_POINT('',(-6.484474411167E0,3.384474411167E0,-5.975E0));
#9200=VERTEX_POINT('',#9199);
#9201=CARTESIAN_POINT('',(-6.215525588833E0,-7.75E0,-1.135525588833E0));
#9202=CARTESIAN_POINT('',(-6.215525588833E0,-7.75E0,-1.404474411167E0));
#9203=VERTEX_POINT('',#9201);
#9204=VERTEX_POINT('',#9202);
#9205=CARTESIAN_POINT('',(-6.025E0,-7.42E0,-9.45E-1));
#9206=CARTESIAN_POINT('',(-6.025E0,-7.42E0,-1.595E0));
#9207=VERTEX_POINT('',#9205);
#9208=VERTEX_POINT('',#9206);
#9209=CARTESIAN_POINT('',(-6.484474411167E0,-7.75E0,-1.135525588833E0));
#9210=VERTEX_POINT('',#9209);
#9211=CARTESIAN_POINT('',(-6.675E0,-7.42E0,-9.45E-1));
#9212=VERTEX_POINT('',#9211);
#9213=CARTESIAN_POINT('',(-6.484474411167E0,-7.75E0,-1.404474411167E0));
#9214=VERTEX_POINT('',#9213);
#9215=CARTESIAN_POINT('',(-6.675E0,-7.42E0,-1.595E0));
#9216=VERTEX_POINT('',#9215);
#9217=CARTESIAN_POINT('',(-6.025E0,-7.42E0,9.45E-1));
#9218=CARTESIAN_POINT('',(-6.675E0,-7.42E0,9.45E-1));
#9219=VERTEX_POINT('',#9217);
#9220=VERTEX_POINT('',#9218);
#9221=CARTESIAN_POINT('',(-6.215525588833E0,-7.75E0,1.135525588833E0));
#9222=CARTESIAN_POINT('',(-6.484474411167E0,-7.75E0,1.135525588833E0));
#9223=VERTEX_POINT('',#9221);
#9224=VERTEX_POINT('',#9222);
#9225=CARTESIAN_POINT('',(-6.675E0,-7.42E0,1.595E0));
#9226=VERTEX_POINT('',#9225);
#9227=CARTESIAN_POINT('',(-6.484474411167E0,-7.75E0,1.404474411167E0));
#9228=VERTEX_POINT('',#9227);
#9229=CARTESIAN_POINT('',(-6.025E0,-7.42E0,1.595E0));
#9230=VERTEX_POINT('',#9229);
#9231=CARTESIAN_POINT('',(-6.215525588833E0,-7.75E0,1.404474411167E0));
#9232=VERTEX_POINT('',#9231);
#9233=CARTESIAN_POINT('',(-8.755525588833E0,5.655525588833E0,-5.975E0));
#9234=CARTESIAN_POINT('',(-8.755525588833E0,5.924474411167E0,-5.975E0));
#9235=VERTEX_POINT('',#9233);
#9236=VERTEX_POINT('',#9234);
#9237=CARTESIAN_POINT('',(-8.565E0,5.465E0,-5.645E0));
#9238=CARTESIAN_POINT('',(-8.565E0,6.115E0,-5.645E0));
#9239=VERTEX_POINT('',#9237);
#9240=VERTEX_POINT('',#9238);
#9241=CARTESIAN_POINT('',(-9.215E0,5.465E0,-5.645E0));
#9242=VERTEX_POINT('',#9241);
#9243=CARTESIAN_POINT('',(-9.024474411167E0,5.655525588833E0,-5.975E0));
#9244=VERTEX_POINT('',#9243);
#9245=CARTESIAN_POINT('',(-9.215E0,6.115E0,-5.645E0));
#9246=VERTEX_POINT('',#9245);
#9247=CARTESIAN_POINT('',(-9.024474411167E0,5.924474411167E0,-5.975E0));
#9248=VERTEX_POINT('',#9247);
#9249=CARTESIAN_POINT('',(-8.755525588833E0,3.115525588833E0,-5.975E0));
#9250=CARTESIAN_POINT('',(-8.755525588833E0,3.384474411167E0,-5.975E0));
#9251=VERTEX_POINT('',#9249);
#9252=VERTEX_POINT('',#9250);
#9253=CARTESIAN_POINT('',(-8.565E0,2.925E0,-5.645E0));
#9254=CARTESIAN_POINT('',(-8.565E0,3.575E0,-5.645E0));
#9255=VERTEX_POINT('',#9253);
#9256=VERTEX_POINT('',#9254);
#9257=CARTESIAN_POINT('',(-9.215E0,2.925E0,-5.645E0));
#9258=VERTEX_POINT('',#9257);
#9259=CARTESIAN_POINT('',(-9.024474411167E0,3.115525588833E0,-5.975E0));
#9260=VERTEX_POINT('',#9259);
#9261=CARTESIAN_POINT('',(-9.215E0,3.575E0,-5.645E0));
#9262=VERTEX_POINT('',#9261);
#9263=CARTESIAN_POINT('',(-9.024474411167E0,3.384474411167E0,-5.975E0));
#9264=VERTEX_POINT('',#9263);
#9265=CARTESIAN_POINT('',(-8.755525588833E0,-7.75E0,-1.135525588833E0));
#9266=CARTESIAN_POINT('',(-8.755525588833E0,-7.75E0,-1.404474411167E0));
#9267=VERTEX_POINT('',#9265);
#9268=VERTEX_POINT('',#9266);
#9269=CARTESIAN_POINT('',(-8.565E0,-7.42E0,-9.45E-1));
#9270=CARTESIAN_POINT('',(-8.565E0,-7.42E0,-1.595E0));
#9271=VERTEX_POINT('',#9269);
#9272=VERTEX_POINT('',#9270);
#9273=CARTESIAN_POINT('',(-9.024474411167E0,-7.75E0,-1.135525588833E0));
#9274=VERTEX_POINT('',#9273);
#9275=CARTESIAN_POINT('',(-9.215E0,-7.42E0,-9.45E-1));
#9276=VERTEX_POINT('',#9275);
#9277=CARTESIAN_POINT('',(-9.024474411167E0,-7.75E0,-1.404474411167E0));
#9278=VERTEX_POINT('',#9277);
#9279=CARTESIAN_POINT('',(-9.215E0,-7.42E0,-1.595E0));
#9280=VERTEX_POINT('',#9279);
#9281=CARTESIAN_POINT('',(-8.565E0,-7.42E0,9.45E-1));
#9282=CARTESIAN_POINT('',(-9.215E0,-7.42E0,9.45E-1));
#9283=VERTEX_POINT('',#9281);
#9284=VERTEX_POINT('',#9282);
#9285=CARTESIAN_POINT('',(-8.755525588833E0,-7.75E0,1.135525588833E0));
#9286=CARTESIAN_POINT('',(-9.024474411167E0,-7.75E0,1.135525588833E0));
#9287=VERTEX_POINT('',#9285);
#9288=VERTEX_POINT('',#9286);
#9289=CARTESIAN_POINT('',(-9.215E0,-7.42E0,1.595E0));
#9290=VERTEX_POINT('',#9289);
#9291=CARTESIAN_POINT('',(-9.024474411167E0,-7.75E0,1.404474411167E0));
#9292=VERTEX_POINT('',#9291);
#9293=CARTESIAN_POINT('',(-8.565E0,-7.42E0,1.595E0));
#9294=VERTEX_POINT('',#9293);
#9295=CARTESIAN_POINT('',(-8.755525588833E0,-7.75E0,1.404474411167E0));
#9296=VERTEX_POINT('',#9295);
#9297=CARTESIAN_POINT('',(-1.129552558883E1,5.655525588833E0,-5.975E0));
#9298=CARTESIAN_POINT('',(-1.129552558883E1,5.924474411167E0,-5.975E0));
#9299=VERTEX_POINT('',#9297);
#9300=VERTEX_POINT('',#9298);
#9301=CARTESIAN_POINT('',(-1.1105E1,5.465E0,-5.645E0));
#9302=CARTESIAN_POINT('',(-1.1105E1,6.115E0,-5.645E0));
#9303=VERTEX_POINT('',#9301);
#9304=VERTEX_POINT('',#9302);
#9305=CARTESIAN_POINT('',(-1.1755E1,5.465E0,-5.645E0));
#9306=VERTEX_POINT('',#9305);
#9307=CARTESIAN_POINT('',(-1.156447441117E1,5.655525588833E0,-5.975E0));
#9308=VERTEX_POINT('',#9307);
#9309=CARTESIAN_POINT('',(-1.1755E1,6.115E0,-5.645E0));
#9310=VERTEX_POINT('',#9309);
#9311=CARTESIAN_POINT('',(-1.156447441117E1,5.924474411167E0,-5.975E0));
#9312=VERTEX_POINT('',#9311);
#9313=CARTESIAN_POINT('',(-1.129552558883E1,3.115525588833E0,-5.975E0));
#9314=CARTESIAN_POINT('',(-1.129552558883E1,3.384474411167E0,-5.975E0));
#9315=VERTEX_POINT('',#9313);
#9316=VERTEX_POINT('',#9314);
#9317=CARTESIAN_POINT('',(-1.1105E1,2.925E0,-5.645E0));
#9318=CARTESIAN_POINT('',(-1.1105E1,3.575E0,-5.645E0));
#9319=VERTEX_POINT('',#9317);
#9320=VERTEX_POINT('',#9318);
#9321=CARTESIAN_POINT('',(-1.1755E1,2.925E0,-5.645E0));
#9322=VERTEX_POINT('',#9321);
#9323=CARTESIAN_POINT('',(-1.156447441117E1,3.115525588833E0,-5.975E0));
#9324=VERTEX_POINT('',#9323);
#9325=CARTESIAN_POINT('',(-1.1755E1,3.575E0,-5.645E0));
#9326=VERTEX_POINT('',#9325);
#9327=CARTESIAN_POINT('',(-1.156447441117E1,3.384474411167E0,-5.975E0));
#9328=VERTEX_POINT('',#9327);
#9329=CARTESIAN_POINT('',(-1.129552558883E1,-7.75E0,-1.135525588833E0));
#9330=CARTESIAN_POINT('',(-1.129552558883E1,-7.75E0,-1.404474411167E0));
#9331=VERTEX_POINT('',#9329);
#9332=VERTEX_POINT('',#9330);
#9333=CARTESIAN_POINT('',(-1.1105E1,-7.42E0,-9.45E-1));
#9334=CARTESIAN_POINT('',(-1.1105E1,-7.42E0,-1.595E0));
#9335=VERTEX_POINT('',#9333);
#9336=VERTEX_POINT('',#9334);
#9337=CARTESIAN_POINT('',(-1.156447441117E1,-7.75E0,-1.135525588833E0));
#9338=VERTEX_POINT('',#9337);
#9339=CARTESIAN_POINT('',(-1.1755E1,-7.42E0,-9.45E-1));
#9340=VERTEX_POINT('',#9339);
#9341=CARTESIAN_POINT('',(-1.156447441117E1,-7.75E0,-1.404474411167E0));
#9342=VERTEX_POINT('',#9341);
#9343=CARTESIAN_POINT('',(-1.1755E1,-7.42E0,-1.595E0));
#9344=VERTEX_POINT('',#9343);
#9345=CARTESIAN_POINT('',(-1.1105E1,-7.42E0,9.45E-1));
#9346=CARTESIAN_POINT('',(-1.1755E1,-7.42E0,9.45E-1));
#9347=VERTEX_POINT('',#9345);
#9348=VERTEX_POINT('',#9346);
#9349=CARTESIAN_POINT('',(-1.129552558883E1,-7.75E0,1.135525588833E0));
#9350=CARTESIAN_POINT('',(-1.156447441117E1,-7.75E0,1.135525588833E0));
#9351=VERTEX_POINT('',#9349);
#9352=VERTEX_POINT('',#9350);
#9353=CARTESIAN_POINT('',(-1.1755E1,-7.42E0,1.595E0));
#9354=VERTEX_POINT('',#9353);
#9355=CARTESIAN_POINT('',(-1.156447441117E1,-7.75E0,1.404474411167E0));
#9356=VERTEX_POINT('',#9355);
#9357=CARTESIAN_POINT('',(-1.1105E1,-7.42E0,1.595E0));
#9358=VERTEX_POINT('',#9357);
#9359=CARTESIAN_POINT('',(-1.129552558883E1,-7.75E0,1.404474411167E0));
#9360=VERTEX_POINT('',#9359);
#9361=CARTESIAN_POINT('',(0.E0,-1.E0,0.E0));
#9362=DIRECTION('',(0.E0,1.E0,0.E0));
#9363=DIRECTION('',(-1.E0,0.E0,0.E0));
#9364=AXIS2_PLACEMENT_3D('',#9361,#9362,#9363);
#9365=PLANE('',#9364);
#9367=ORIENTED_EDGE('',*,*,#9366,.F.);
#9369=ORIENTED_EDGE('',*,*,#9368,.T.);
#9371=ORIENTED_EDGE('',*,*,#9370,.T.);
#9373=ORIENTED_EDGE('',*,*,#9372,.T.);
#9375=ORIENTED_EDGE('',*,*,#9374,.T.);
#9377=ORIENTED_EDGE('',*,*,#9376,.T.);
#9379=ORIENTED_EDGE('',*,*,#9378,.F.);
#9381=ORIENTED_EDGE('',*,*,#9380,.F.);
#9383=ORIENTED_EDGE('',*,*,#9382,.F.);
#9385=ORIENTED_EDGE('',*,*,#9384,.T.);
#9387=ORIENTED_EDGE('',*,*,#9386,.F.);
#9389=ORIENTED_EDGE('',*,*,#9388,.F.);
#9391=ORIENTED_EDGE('',*,*,#9390,.F.);
#9393=ORIENTED_EDGE('',*,*,#9392,.T.);
#9395=ORIENTED_EDGE('',*,*,#9394,.F.);
#9397=ORIENTED_EDGE('',*,*,#9396,.F.);
#9399=ORIENTED_EDGE('',*,*,#9398,.F.);
#9401=ORIENTED_EDGE('',*,*,#9400,.T.);
#9403=ORIENTED_EDGE('',*,*,#9402,.F.);
#9405=ORIENTED_EDGE('',*,*,#9404,.F.);
#9407=ORIENTED_EDGE('',*,*,#9406,.F.);
#9409=ORIENTED_EDGE('',*,*,#9408,.T.);
#9411=ORIENTED_EDGE('',*,*,#9410,.F.);
#9413=ORIENTED_EDGE('',*,*,#9412,.F.);
#9415=ORIENTED_EDGE('',*,*,#9414,.F.);
#9417=ORIENTED_EDGE('',*,*,#9416,.T.);
#9419=ORIENTED_EDGE('',*,*,#9418,.F.);
#9421=ORIENTED_EDGE('',*,*,#9420,.F.);
#9423=ORIENTED_EDGE('',*,*,#9422,.F.);
#9425=ORIENTED_EDGE('',*,*,#9424,.T.);
#9427=ORIENTED_EDGE('',*,*,#9426,.F.);
#9429=ORIENTED_EDGE('',*,*,#9428,.F.);
#9431=ORIENTED_EDGE('',*,*,#9430,.F.);
#9433=ORIENTED_EDGE('',*,*,#9432,.T.);
#9435=ORIENTED_EDGE('',*,*,#9434,.F.);
#9437=ORIENTED_EDGE('',*,*,#9436,.F.);
#9439=ORIENTED_EDGE('',*,*,#9438,.F.);
#9441=ORIENTED_EDGE('',*,*,#9440,.T.);
#9443=ORIENTED_EDGE('',*,*,#9442,.F.);
#9445=ORIENTED_EDGE('',*,*,#9444,.F.);
#9447=ORIENTED_EDGE('',*,*,#9446,.F.);
#9449=ORIENTED_EDGE('',*,*,#9448,.T.);
#9451=ORIENTED_EDGE('',*,*,#9450,.T.);
#9453=ORIENTED_EDGE('',*,*,#9452,.T.);
#9455=ORIENTED_EDGE('',*,*,#9454,.T.);
#9457=ORIENTED_EDGE('',*,*,#9456,.T.);
#9459=ORIENTED_EDGE('',*,*,#9458,.F.);
#9461=ORIENTED_EDGE('',*,*,#9460,.F.);
#9463=ORIENTED_EDGE('',*,*,#9462,.F.);
#9465=ORIENTED_EDGE('',*,*,#9464,.T.);
#9467=ORIENTED_EDGE('',*,*,#9466,.F.);
#9469=ORIENTED_EDGE('',*,*,#9468,.F.);
#9471=ORIENTED_EDGE('',*,*,#9470,.F.);
#9473=ORIENTED_EDGE('',*,*,#9472,.T.);
#9475=ORIENTED_EDGE('',*,*,#9474,.F.);
#9477=ORIENTED_EDGE('',*,*,#9476,.F.);
#9479=ORIENTED_EDGE('',*,*,#9478,.F.);
#9481=ORIENTED_EDGE('',*,*,#9480,.T.);
#9483=ORIENTED_EDGE('',*,*,#9482,.F.);
#9485=ORIENTED_EDGE('',*,*,#9484,.F.);
#9487=ORIENTED_EDGE('',*,*,#9486,.F.);
#9489=ORIENTED_EDGE('',*,*,#9488,.T.);
#9491=ORIENTED_EDGE('',*,*,#9490,.F.);
#9493=ORIENTED_EDGE('',*,*,#9492,.F.);
#9495=ORIENTED_EDGE('',*,*,#9494,.F.);
#9497=ORIENTED_EDGE('',*,*,#9496,.T.);
#9499=ORIENTED_EDGE('',*,*,#9498,.F.);
#9501=ORIENTED_EDGE('',*,*,#9500,.F.);
#9503=ORIENTED_EDGE('',*,*,#9502,.F.);
#9505=ORIENTED_EDGE('',*,*,#9504,.T.);
#9507=ORIENTED_EDGE('',*,*,#9506,.F.);
#9509=ORIENTED_EDGE('',*,*,#9508,.F.);
#9511=ORIENTED_EDGE('',*,*,#9510,.F.);
#9513=ORIENTED_EDGE('',*,*,#9512,.T.);
#9515=ORIENTED_EDGE('',*,*,#9514,.F.);
#9517=ORIENTED_EDGE('',*,*,#9516,.F.);
#9519=ORIENTED_EDGE('',*,*,#9518,.F.);
#9521=ORIENTED_EDGE('',*,*,#9520,.T.);
#9523=ORIENTED_EDGE('',*,*,#9522,.F.);
#9525=ORIENTED_EDGE('',*,*,#9524,.F.);
#9526=EDGE_LOOP('',(#9367,#9369,#9371,#9373,#9375,#9377,#9379,#9381,#9383,#9385,
#9387,#9389,#9391,#9393,#9395,#9397,#9399,#9401,#9403,#9405,#9407,#9409,#9411,
#9413,#9415,#9417,#9419,#9421,#9423,#9425,#9427,#9429,#9431,#9433,#9435,#9437,
#9439,#9441,#9443,#9445,#9447,#9449,#9451,#9453,#9455,#9457,#9459,#9461,#9463,
#9465,#9467,#9469,#9471,#9473,#9475,#9477,#9479,#9481,#9483,#9485,#9487,#9489,
#9491,#9493,#9495,#9497,#9499,#9501,#9503,#9505,#9507,#9509,#9511,#9513,#9515,
#9517,#9519,#9521,#9523,#9525));
#9527=FACE_OUTER_BOUND('',#9526,.F.);
#9529=ORIENTED_EDGE('',*,*,#9528,.T.);
#9531=ORIENTED_EDGE('',*,*,#9530,.T.);
#9533=ORIENTED_EDGE('',*,*,#9532,.F.);
#9535=ORIENTED_EDGE('',*,*,#9534,.F.);
#9536=EDGE_LOOP('',(#9529,#9531,#9533,#9535));
#9537=FACE_BOUND('',#9536,.F.);
#9539=ORIENTED_EDGE('',*,*,#9538,.T.);
#9541=ORIENTED_EDGE('',*,*,#9540,.T.);
#9543=ORIENTED_EDGE('',*,*,#9542,.F.);
#9545=ORIENTED_EDGE('',*,*,#9544,.F.);
#9546=EDGE_LOOP('',(#9539,#9541,#9543,#9545));
#9547=FACE_BOUND('',#9546,.F.);
#9549=ORIENTED_EDGE('',*,*,#9548,.T.);
#9551=ORIENTED_EDGE('',*,*,#9550,.T.);
#9553=ORIENTED_EDGE('',*,*,#9552,.F.);
#9555=ORIENTED_EDGE('',*,*,#9554,.F.);
#9556=EDGE_LOOP('',(#9549,#9551,#9553,#9555));
#9557=FACE_BOUND('',#9556,.F.);
#9559=ORIENTED_EDGE('',*,*,#9558,.T.);
#9561=ORIENTED_EDGE('',*,*,#9560,.T.);
#9563=ORIENTED_EDGE('',*,*,#9562,.F.);
#9565=ORIENTED_EDGE('',*,*,#9564,.F.);
#9566=EDGE_LOOP('',(#9559,#9561,#9563,#9565));
#9567=FACE_BOUND('',#9566,.F.);
#9569=ORIENTED_EDGE('',*,*,#9568,.T.);
#9571=ORIENTED_EDGE('',*,*,#9570,.T.);
#9573=ORIENTED_EDGE('',*,*,#9572,.F.);
#9575=ORIENTED_EDGE('',*,*,#9574,.F.);
#9576=EDGE_LOOP('',(#9569,#9571,#9573,#9575));
#9577=FACE_BOUND('',#9576,.F.);
#9579=ORIENTED_EDGE('',*,*,#9578,.T.);
#9581=ORIENTED_EDGE('',*,*,#9580,.T.);
#9583=ORIENTED_EDGE('',*,*,#9582,.F.);
#9585=ORIENTED_EDGE('',*,*,#9584,.F.);
#9586=EDGE_LOOP('',(#9579,#9581,#9583,#9585));
#9587=FACE_BOUND('',#9586,.F.);
#9589=ORIENTED_EDGE('',*,*,#9588,.F.);
#9591=ORIENTED_EDGE('',*,*,#9590,.T.);
#9593=ORIENTED_EDGE('',*,*,#9592,.T.);
#9595=ORIENTED_EDGE('',*,*,#9594,.F.);
#9596=EDGE_LOOP('',(#9589,#9591,#9593,#9595));
#9597=FACE_BOUND('',#9596,.F.);
#9599=ORIENTED_EDGE('',*,*,#9598,.F.);
#9601=ORIENTED_EDGE('',*,*,#9600,.T.);
#9603=ORIENTED_EDGE('',*,*,#9602,.T.);
#9605=ORIENTED_EDGE('',*,*,#9604,.F.);
#9606=EDGE_LOOP('',(#9599,#9601,#9603,#9605));
#9607=FACE_BOUND('',#9606,.F.);
#9609=ORIENTED_EDGE('',*,*,#9608,.F.);
#9611=ORIENTED_EDGE('',*,*,#9610,.T.);
#9613=ORIENTED_EDGE('',*,*,#9612,.T.);
#9615=ORIENTED_EDGE('',*,*,#9614,.F.);
#9616=EDGE_LOOP('',(#9609,#9611,#9613,#9615));
#9617=FACE_BOUND('',#9616,.F.);
#9619=ORIENTED_EDGE('',*,*,#9618,.F.);
#9621=ORIENTED_EDGE('',*,*,#9620,.T.);
#9623=ORIENTED_EDGE('',*,*,#9622,.T.);
#9625=ORIENTED_EDGE('',*,*,#9624,.F.);
#9626=EDGE_LOOP('',(#9619,#9621,#9623,#9625));
#9627=FACE_BOUND('',#9626,.F.);
#9629=ORIENTED_EDGE('',*,*,#9628,.F.);
#9631=ORIENTED_EDGE('',*,*,#9630,.T.);
#9633=ORIENTED_EDGE('',*,*,#9632,.T.);
#9635=ORIENTED_EDGE('',*,*,#9634,.F.);
#9636=EDGE_LOOP('',(#9629,#9631,#9633,#9635));
#9637=FACE_BOUND('',#9636,.F.);
#9639=ORIENTED_EDGE('',*,*,#9638,.F.);
#9641=ORIENTED_EDGE('',*,*,#9640,.T.);
#9643=ORIENTED_EDGE('',*,*,#9642,.T.);
#9645=ORIENTED_EDGE('',*,*,#9644,.F.);
#9646=EDGE_LOOP('',(#9639,#9641,#9643,#9645));
#9647=FACE_BOUND('',#9646,.F.);
#9649=ORIENTED_EDGE('',*,*,#9648,.F.);
#9651=ORIENTED_EDGE('',*,*,#9650,.T.);
#9653=ORIENTED_EDGE('',*,*,#9652,.T.);
#9655=ORIENTED_EDGE('',*,*,#9654,.F.);
#9656=EDGE_LOOP('',(#9649,#9651,#9653,#9655));
#9657=FACE_BOUND('',#9656,.F.);
#9659=ORIENTED_EDGE('',*,*,#9658,.F.);
#9661=ORIENTED_EDGE('',*,*,#9660,.T.);
#9663=ORIENTED_EDGE('',*,*,#9662,.T.);
#9665=ORIENTED_EDGE('',*,*,#9664,.F.);
#9666=EDGE_LOOP('',(#9659,#9661,#9663,#9665));
#9667=FACE_BOUND('',#9666,.F.);
#9669=ORIENTED_EDGE('',*,*,#9668,.F.);
#9671=ORIENTED_EDGE('',*,*,#9670,.T.);
#9673=ORIENTED_EDGE('',*,*,#9672,.T.);
#9675=ORIENTED_EDGE('',*,*,#9674,.F.);
#9676=EDGE_LOOP('',(#9669,#9671,#9673,#9675));
#9677=FACE_BOUND('',#9676,.F.);
#9679=ORIENTED_EDGE('',*,*,#9678,.F.);
#9681=ORIENTED_EDGE('',*,*,#9680,.T.);
#9683=ORIENTED_EDGE('',*,*,#9682,.T.);
#9685=ORIENTED_EDGE('',*,*,#9684,.F.);
#9686=EDGE_LOOP('',(#9679,#9681,#9683,#9685));
#9687=FACE_BOUND('',#9686,.F.);
#9689=ORIENTED_EDGE('',*,*,#9688,.F.);
#9691=ORIENTED_EDGE('',*,*,#9690,.T.);
#9693=ORIENTED_EDGE('',*,*,#9692,.T.);
#9695=ORIENTED_EDGE('',*,*,#9694,.F.);
#9696=EDGE_LOOP('',(#9689,#9691,#9693,#9695));
#9697=FACE_BOUND('',#9696,.F.);
#9699=ORIENTED_EDGE('',*,*,#9698,.F.);
#9701=ORIENTED_EDGE('',*,*,#9700,.T.);
#9703=ORIENTED_EDGE('',*,*,#9702,.T.);
#9705=ORIENTED_EDGE('',*,*,#9704,.F.);
#9706=EDGE_LOOP('',(#9699,#9701,#9703,#9705));
#9707=FACE_BOUND('',#9706,.F.);
#9709=ORIENTED_EDGE('',*,*,#9708,.F.);
#9711=ORIENTED_EDGE('',*,*,#9710,.T.);
#9713=ORIENTED_EDGE('',*,*,#9712,.T.);
#9715=ORIENTED_EDGE('',*,*,#9714,.F.);
#9716=EDGE_LOOP('',(#9709,#9711,#9713,#9715));
#9717=FACE_BOUND('',#9716,.F.);
#9719=ORIENTED_EDGE('',*,*,#9718,.F.);
#9721=ORIENTED_EDGE('',*,*,#9720,.T.);
#9723=ORIENTED_EDGE('',*,*,#9722,.T.);
#9725=ORIENTED_EDGE('',*,*,#9724,.F.);
#9726=EDGE_LOOP('',(#9719,#9721,#9723,#9725));
#9727=FACE_BOUND('',#9726,.F.);
#9728=ADVANCED_FACE('',(#9527,#9537,#9547,#9557,#9567,#9577,#9587,#9597,#9607,
#9617,#9627,#9637,#9647,#9657,#9667,#9677,#9687,#9697,#9707,#9717,#9727),#9365,
.F.);
#9729=CARTESIAN_POINT('',(-1.051918983635E1,1.E0,-3.075E0));
#9730=DIRECTION('',(-9.902680687416E-1,0.E0,1.391731009601E-1));
#9731=DIRECTION('',(1.391731009601E-1,0.E0,9.902680687416E-1));
#9732=AXIS2_PLACEMENT_3D('',#9729,#9730,#9731);
#9733=PLANE('',#9732);
#9734=ORIENTED_EDGE('',*,*,#9366,.T.);
#9736=ORIENTED_EDGE('',*,*,#9735,.F.);
#9738=ORIENTED_EDGE('',*,*,#9737,.F.);
#9740=ORIENTED_EDGE('',*,*,#9739,.F.);
#9741=EDGE_LOOP('',(#9734,#9736,#9738,#9740));
#9742=FACE_OUTER_BOUND('',#9741,.F.);
#9743=ADVANCED_FACE('',(#9742),#9733,.F.);
#9744=CARTESIAN_POINT('',(-1.021E1,1.E0,-8.75E-1));
#9745=DIRECTION('',(0.E0,0.E0,1.E0));
#9746=DIRECTION('',(1.E0,0.E0,0.E0));
#9747=AXIS2_PLACEMENT_3D('',#9744,#9745,#9746);
#9748=PLANE('',#9747);
#9749=ORIENTED_EDGE('',*,*,#9524,.T.);
#9751=ORIENTED_EDGE('',*,*,#9750,.F.);
#9753=ORIENTED_EDGE('',*,*,#9752,.F.);
#9754=ORIENTED_EDGE('',*,*,#9735,.T.);
#9755=EDGE_LOOP('',(#9749,#9751,#9753,#9754));
#9756=FACE_OUTER_BOUND('',#9755,.F.);
#9757=ADVANCED_FACE('',(#9756),#9748,.F.);
#9758=CARTESIAN_POINT('',(-1.011E1,1.E0,-8.75E-1));
#9759=DIRECTION('',(9.902680687416E-1,0.E0,1.391731009601E-1));
#9760=DIRECTION('',(1.391731009601E-1,0.E0,-9.902680687416E-1));
#9761=AXIS2_PLACEMENT_3D('',#9758,#9759,#9760);
#9762=PLANE('',#9761);
#9763=ORIENTED_EDGE('',*,*,#9522,.T.);
#9765=ORIENTED_EDGE('',*,*,#9764,.T.);
#9767=ORIENTED_EDGE('',*,*,#9766,.F.);
#9768=ORIENTED_EDGE('',*,*,#9750,.T.);
#9769=EDGE_LOOP('',(#9763,#9765,#9767,#9768));
#9770=FACE_OUTER_BOUND('',#9769,.F.);
#9771=ADVANCED_FACE('',(#9770),#9762,.F.);
#9772=CARTESIAN_POINT('',(1.237675608018E1,-1.E0,-3.075E0));
#9773=DIRECTION('',(0.E0,0.E0,-1.E0));
#9774=DIRECTION('',(-1.E0,0.E0,0.E0));
#9775=AXIS2_PLACEMENT_3D('',#9772,#9773,#9774);
#9776=PLANE('',#9775);
#9777=ORIENTED_EDGE('',*,*,#9456,.F.);
#9779=ORIENTED_EDGE('',*,*,#9778,.T.);
#9781=ORIENTED_EDGE('',*,*,#9780,.T.);
#9783=ORIENTED_EDGE('',*,*,#9782,.F.);
#9784=EDGE_LOOP('',(#9777,#9779,#9781,#9783));
#9785=FACE_OUTER_BOUND('',#9784,.F.);
#9786=ADVANCED_FACE('',(#9785),#9776,.T.);
#9787=CARTESIAN_POINT('',(1.237675608018E1,-1.E0,-3.075E0));
#9788=DIRECTION('',(0.E0,0.E0,-1.E0));
#9789=DIRECTION('',(-1.E0,0.E0,0.E0));
#9790=AXIS2_PLACEMENT_3D('',#9787,#9788,#9789);
#9791=PLANE('',#9790);
#9793=ORIENTED_EDGE('',*,*,#9792,.F.);
#9794=ORIENTED_EDGE('',*,*,#9464,.F.);
#9796=ORIENTED_EDGE('',*,*,#9795,.T.);
#9798=ORIENTED_EDGE('',*,*,#9797,.T.);
#9799=EDGE_LOOP('',(#9793,#9794,#9796,#9798));
#9800=FACE_OUTER_BOUND('',#9799,.F.);
#9801=ADVANCED_FACE('',(#9800),#9791,.T.);
#9802=CARTESIAN_POINT('',(1.237675608018E1,-1.E0,-3.075E0));
#9803=DIRECTION('',(0.E0,0.E0,-1.E0));
#9804=DIRECTION('',(-1.E0,0.E0,0.E0));
#9805=AXIS2_PLACEMENT_3D('',#9802,#9803,#9804);
#9806=PLANE('',#9805);
#9808=ORIENTED_EDGE('',*,*,#9807,.F.);
#9809=ORIENTED_EDGE('',*,*,#9472,.F.);
#9811=ORIENTED_EDGE('',*,*,#9810,.T.);
#9813=ORIENTED_EDGE('',*,*,#9812,.T.);
#9814=EDGE_LOOP('',(#9808,#9809,#9811,#9813));
#9815=FACE_OUTER_BOUND('',#9814,.F.);
#9816=ADVANCED_FACE('',(#9815),#9806,.T.);
#9817=CARTESIAN_POINT('',(1.237675608018E1,-1.E0,-3.075E0));
#9818=DIRECTION('',(0.E0,0.E0,-1.E0));
#9819=DIRECTION('',(-1.E0,0.E0,0.E0));
#9820=AXIS2_PLACEMENT_3D('',#9817,#9818,#9819);
#9821=PLANE('',#9820);
#9823=ORIENTED_EDGE('',*,*,#9822,.F.);
#9824=ORIENTED_EDGE('',*,*,#9480,.F.);
#9826=ORIENTED_EDGE('',*,*,#9825,.T.);
#9828=ORIENTED_EDGE('',*,*,#9827,.T.);
#9829=EDGE_LOOP('',(#9823,#9824,#9826,#9828));
#9830=FACE_OUTER_BOUND('',#9829,.F.);
#9831=ADVANCED_FACE('',(#9830),#9821,.T.);
#9832=CARTESIAN_POINT('',(1.237675608018E1,-1.E0,-3.075E0));
#9833=DIRECTION('',(0.E0,0.E0,-1.E0));
#9834=DIRECTION('',(-1.E0,0.E0,0.E0));
#9835=AXIS2_PLACEMENT_3D('',#9832,#9833,#9834);
#9836=PLANE('',#9835);
#9838=ORIENTED_EDGE('',*,*,#9837,.F.);
#9839=ORIENTED_EDGE('',*,*,#9488,.F.);
#9841=ORIENTED_EDGE('',*,*,#9840,.T.);
#9843=ORIENTED_EDGE('',*,*,#9842,.T.);
#9844=EDGE_LOOP('',(#9838,#9839,#9841,#9843));
#9845=FACE_OUTER_BOUND('',#9844,.F.);
#9846=ADVANCED_FACE('',(#9845),#9836,.T.);
#9847=CARTESIAN_POINT('',(1.237675608018E1,-1.E0,-3.075E0));
#9848=DIRECTION('',(0.E0,0.E0,-1.E0));
#9849=DIRECTION('',(-1.E0,0.E0,0.E0));
#9850=AXIS2_PLACEMENT_3D('',#9847,#9848,#9849);
#9851=PLANE('',#9850);
#9853=ORIENTED_EDGE('',*,*,#9852,.F.);
#9854=ORIENTED_EDGE('',*,*,#9496,.F.);
#9856=ORIENTED_EDGE('',*,*,#9855,.T.);
#9858=ORIENTED_EDGE('',*,*,#9857,.T.);
#9859=EDGE_LOOP('',(#9853,#9854,#9856,#9858));
#9860=FACE_OUTER_BOUND('',#9859,.F.);
#9861=ADVANCED_FACE('',(#9860),#9851,.T.);
#9862=CARTESIAN_POINT('',(1.237675608018E1,-1.E0,-3.075E0));
#9863=DIRECTION('',(0.E0,0.E0,-1.E0));
#9864=DIRECTION('',(-1.E0,0.E0,0.E0));
#9865=AXIS2_PLACEMENT_3D('',#9862,#9863,#9864);
#9866=PLANE('',#9865);
#9868=ORIENTED_EDGE('',*,*,#9867,.F.);
#9869=ORIENTED_EDGE('',*,*,#9504,.F.);
#9871=ORIENTED_EDGE('',*,*,#9870,.T.);
#9873=ORIENTED_EDGE('',*,*,#9872,.T.);
#9874=EDGE_LOOP('',(#9868,#9869,#9871,#9873));
#9875=FACE_OUTER_BOUND('',#9874,.F.);
#9876=ADVANCED_FACE('',(#9875),#9866,.T.);
#9877=CARTESIAN_POINT('',(1.237675608018E1,-1.E0,-3.075E0));
#9878=DIRECTION('',(0.E0,0.E0,-1.E0));
#9879=DIRECTION('',(-1.E0,0.E0,0.E0));
#9880=AXIS2_PLACEMENT_3D('',#9877,#9878,#9879);
#9881=PLANE('',#9880);
#9883=ORIENTED_EDGE('',*,*,#9882,.F.);
#9884=ORIENTED_EDGE('',*,*,#9512,.F.);
#9886=ORIENTED_EDGE('',*,*,#9885,.T.);
#9888=ORIENTED_EDGE('',*,*,#9887,.T.);
#9889=EDGE_LOOP('',(#9883,#9884,#9886,#9888));
#9890=FACE_OUTER_BOUND('',#9889,.F.);
#9891=ADVANCED_FACE('',(#9890),#9881,.T.);
#9892=CARTESIAN_POINT('',(1.237675608018E1,-1.E0,-3.075E0));
#9893=DIRECTION('',(0.E0,0.E0,-1.E0));
#9894=DIRECTION('',(-1.E0,0.E0,0.E0));
#9895=AXIS2_PLACEMENT_3D('',#9892,#9893,#9894);
#9896=PLANE('',#9895);
#9897=ORIENTED_EDGE('',*,*,#9739,.T.);
#9899=ORIENTED_EDGE('',*,*,#9898,.T.);
#9901=ORIENTED_EDGE('',*,*,#9900,.F.);
#9902=ORIENTED_EDGE('',*,*,#9368,.F.);
#9903=EDGE_LOOP('',(#9897,#9899,#9901,#9902));
#9904=FACE_OUTER_BOUND('',#9903,.F.);
#9905=ADVANCED_FACE('',(#9904),#9896,.T.);
#9906=CARTESIAN_POINT('',(1.237675608018E1,-1.E0,-3.075E0));
#9907=DIRECTION('',(0.E0,0.E0,-1.E0));
#9908=DIRECTION('',(-1.E0,0.E0,0.E0));
#9909=AXIS2_PLACEMENT_3D('',#9906,#9907,#9908);
#9910=PLANE('',#9909);
#9911=ORIENTED_EDGE('',*,*,#9764,.F.);
#9912=ORIENTED_EDGE('',*,*,#9520,.F.);
#9914=ORIENTED_EDGE('',*,*,#9913,.T.);
#9916=ORIENTED_EDGE('',*,*,#9915,.T.);
#9917=EDGE_LOOP('',(#9911,#9912,#9914,#9916));
#9918=FACE_OUTER_BOUND('',#9917,.F.);
#9919=ADVANCED_FACE('',(#9918),#9910,.T.);
#9920=CARTESIAN_POINT('',(1.27E1,-1.E0,-7.75E-1));
#9921=DIRECTION('',(9.902680687416E-1,0.E0,-1.391731009601E-1));
#9922=DIRECTION('',(-1.391731009601E-1,0.E0,-9.902680687416E-1));
#9923=AXIS2_PLACEMENT_3D('',#9920,#9921,#9922);
#9924=PLANE('',#9923);
#9925=ORIENTED_EDGE('',*,*,#9454,.F.);
#9927=ORIENTED_EDGE('',*,*,#9926,.T.);
#9929=ORIENTED_EDGE('',*,*,#9928,.T.);
#9930=ORIENTED_EDGE('',*,*,#9778,.F.);
#9931=EDGE_LOOP('',(#9925,#9927,#9929,#9930));
#9932=FACE_OUTER_BOUND('',#9931,.F.);
#9933=ADVANCED_FACE('',(#9932),#9924,.T.);
#9934=CARTESIAN_POINT('',(1.27E1,-1.E0,7.75E-1));
#9935=DIRECTION('',(1.E0,0.E0,0.E0));
#9936=DIRECTION('',(0.E0,0.E0,-1.E0));
#9937=AXIS2_PLACEMENT_3D('',#9934,#9935,#9936);
#9938=PLANE('',#9937);
#9939=ORIENTED_EDGE('',*,*,#9452,.F.);
#9941=ORIENTED_EDGE('',*,*,#9940,.T.);
#9943=ORIENTED_EDGE('',*,*,#9942,.T.);
#9944=ORIENTED_EDGE('',*,*,#9926,.F.);
#9945=EDGE_LOOP('',(#9939,#9941,#9943,#9944));
#9946=FACE_OUTER_BOUND('',#9945,.F.);
#9947=ADVANCED_FACE('',(#9946),#9938,.T.);
#9948=CARTESIAN_POINT('',(1.237675608018E1,-1.E0,3.075E0));
#9949=DIRECTION('',(9.902680687416E-1,0.E0,1.391731009601E-1));
#9950=DIRECTION('',(1.391731009601E-1,0.E0,-9.902680687416E-1));
#9951=AXIS2_PLACEMENT_3D('',#9948,#9949,#9950);
#9952=PLANE('',#9951);
#9953=ORIENTED_EDGE('',*,*,#9450,.F.);
#9955=ORIENTED_EDGE('',*,*,#9954,.T.);
#9957=ORIENTED_EDGE('',*,*,#9956,.T.);
#9958=ORIENTED_EDGE('',*,*,#9940,.F.);
#9959=EDGE_LOOP('',(#9953,#9955,#9957,#9958));
#9960=FACE_OUTER_BOUND('',#9959,.F.);
#9961=ADVANCED_FACE('',(#9960),#9952,.T.);
#9962=CARTESIAN_POINT('',(-1.237675608018E1,-1.E0,3.075E0));
#9963=DIRECTION('',(0.E0,0.E0,1.E0));
#9964=DIRECTION('',(1.E0,0.E0,0.E0));
#9965=AXIS2_PLACEMENT_3D('',#9962,#9963,#9964);
#9966=PLANE('',#9965);
#9967=ORIENTED_EDGE('',*,*,#9448,.F.);
#9969=ORIENTED_EDGE('',*,*,#9968,.T.);
#9971=ORIENTED_EDGE('',*,*,#9970,.T.);
#9972=ORIENTED_EDGE('',*,*,#9954,.F.);
#9973=EDGE_LOOP('',(#9967,#9969,#9971,#9972));
#9974=FACE_OUTER_BOUND('',#9973,.F.);
#9975=ADVANCED_FACE('',(#9974),#9966,.T.);
#9976=CARTESIAN_POINT('',(-1.237675608018E1,-1.E0,3.075E0));
#9977=DIRECTION('',(0.E0,0.E0,1.E0));
#9978=DIRECTION('',(1.E0,0.E0,0.E0));
#9979=AXIS2_PLACEMENT_3D('',#9976,#9977,#9978);
#9980=PLANE('',#9979);
#9982=ORIENTED_EDGE('',*,*,#9981,.T.);
#9984=ORIENTED_EDGE('',*,*,#9983,.T.);
#9986=ORIENTED_EDGE('',*,*,#9985,.F.);
#9987=ORIENTED_EDGE('',*,*,#9440,.F.);
#9988=EDGE_LOOP('',(#9982,#9984,#9986,#9987));
#9989=FACE_OUTER_BOUND('',#9988,.F.);
#9990=ADVANCED_FACE('',(#9989),#9980,.T.);
#9991=CARTESIAN_POINT('',(-1.237675608018E1,-1.E0,3.075E0));
#9992=DIRECTION('',(0.E0,0.E0,1.E0));
#9993=DIRECTION('',(1.E0,0.E0,0.E0));
#9994=AXIS2_PLACEMENT_3D('',#9991,#9992,#9993);
#9995=PLANE('',#9994);
#9997=ORIENTED_EDGE('',*,*,#9996,.T.);
#9999=ORIENTED_EDGE('',*,*,#9998,.T.);
#10001=ORIENTED_EDGE('',*,*,#10000,.F.);
#10002=ORIENTED_EDGE('',*,*,#9432,.F.);
#10003=EDGE_LOOP('',(#9997,#9999,#10001,#10002));
#10004=FACE_OUTER_BOUND('',#10003,.F.);
#10005=ADVANCED_FACE('',(#10004),#9995,.T.);
#10006=CARTESIAN_POINT('',(-1.237675608018E1,-1.E0,3.075E0));
#10007=DIRECTION('',(0.E0,0.E0,1.E0));
#10008=DIRECTION('',(1.E0,0.E0,0.E0));
#10009=AXIS2_PLACEMENT_3D('',#10006,#10007,#10008);
#10010=PLANE('',#10009);
#10012=ORIENTED_EDGE('',*,*,#10011,.T.);
#10014=ORIENTED_EDGE('',*,*,#10013,.T.);
#10016=ORIENTED_EDGE('',*,*,#10015,.F.);
#10017=ORIENTED_EDGE('',*,*,#9424,.F.);
#10018=EDGE_LOOP('',(#10012,#10014,#10016,#10017));
#10019=FACE_OUTER_BOUND('',#10018,.F.);
#10020=ADVANCED_FACE('',(#10019),#10010,.T.);
#10021=CARTESIAN_POINT('',(-1.237675608018E1,-1.E0,3.075E0));
#10022=DIRECTION('',(0.E0,0.E0,1.E0));
#10023=DIRECTION('',(1.E0,0.E0,0.E0));
#10024=AXIS2_PLACEMENT_3D('',#10021,#10022,#10023);
#10025=PLANE('',#10024);
#10027=ORIENTED_EDGE('',*,*,#10026,.T.);
#10029=ORIENTED_EDGE('',*,*,#10028,.T.);
#10031=ORIENTED_EDGE('',*,*,#10030,.F.);
#10032=ORIENTED_EDGE('',*,*,#9416,.F.);
#10033=EDGE_LOOP('',(#10027,#10029,#10031,#10032));
#10034=FACE_OUTER_BOUND('',#10033,.F.);
#10035=ADVANCED_FACE('',(#10034),#10025,.T.);
#10036=CARTESIAN_POINT('',(-1.237675608018E1,-1.E0,3.075E0));
#10037=DIRECTION('',(0.E0,0.E0,1.E0));
#10038=DIRECTION('',(1.E0,0.E0,0.E0));
#10039=AXIS2_PLACEMENT_3D('',#10036,#10037,#10038);
#10040=PLANE('',#10039);
#10042=ORIENTED_EDGE('',*,*,#10041,.T.);
#10044=ORIENTED_EDGE('',*,*,#10043,.T.);
#10046=ORIENTED_EDGE('',*,*,#10045,.F.);
#10047=ORIENTED_EDGE('',*,*,#9408,.F.);
#10048=EDGE_LOOP('',(#10042,#10044,#10046,#10047));
#10049=FACE_OUTER_BOUND('',#10048,.F.);
#10050=ADVANCED_FACE('',(#10049),#10040,.T.);
#10051=CARTESIAN_POINT('',(-1.237675608018E1,-1.E0,3.075E0));
#10052=DIRECTION('',(0.E0,0.E0,1.E0));
#10053=DIRECTION('',(1.E0,0.E0,0.E0));
#10054=AXIS2_PLACEMENT_3D('',#10051,#10052,#10053);
#10055=PLANE('',#10054);
#10057=ORIENTED_EDGE('',*,*,#10056,.T.);
#10059=ORIENTED_EDGE('',*,*,#10058,.T.);
#10061=ORIENTED_EDGE('',*,*,#10060,.F.);
#10062=ORIENTED_EDGE('',*,*,#9400,.F.);
#10063=EDGE_LOOP('',(#10057,#10059,#10061,#10062));
#10064=FACE_OUTER_BOUND('',#10063,.F.);
#10065=ADVANCED_FACE('',(#10064),#10055,.T.);
#10066=CARTESIAN_POINT('',(-1.237675608018E1,-1.E0,3.075E0));
#10067=DIRECTION('',(0.E0,0.E0,1.E0));
#10068=DIRECTION('',(1.E0,0.E0,0.E0));
#10069=AXIS2_PLACEMENT_3D('',#10066,#10067,#10068);
#10070=PLANE('',#10069);
#10072=ORIENTED_EDGE('',*,*,#10071,.T.);
#10074=ORIENTED_EDGE('',*,*,#10073,.T.);
#10076=ORIENTED_EDGE('',*,*,#10075,.F.);
#10077=ORIENTED_EDGE('',*,*,#9392,.F.);
#10078=EDGE_LOOP('',(#10072,#10074,#10076,#10077));
#10079=FACE_OUTER_BOUND('',#10078,.F.);
#10080=ADVANCED_FACE('',(#10079),#10070,.T.);
#10081=CARTESIAN_POINT('',(-1.237675608018E1,-1.E0,3.075E0));
#10082=DIRECTION('',(0.E0,0.E0,1.E0));
#10083=DIRECTION('',(1.E0,0.E0,0.E0));
#10084=AXIS2_PLACEMENT_3D('',#10081,#10082,#10083);
#10085=PLANE('',#10084);
#10087=ORIENTED_EDGE('',*,*,#10086,.T.);
#10089=ORIENTED_EDGE('',*,*,#10088,.T.);
#10091=ORIENTED_EDGE('',*,*,#10090,.F.);
#10092=ORIENTED_EDGE('',*,*,#9384,.F.);
#10093=EDGE_LOOP('',(#10087,#10089,#10091,#10092));
#10094=FACE_OUTER_BOUND('',#10093,.F.);
#10095=ADVANCED_FACE('',(#10094),#10085,.T.);
#10096=CARTESIAN_POINT('',(-1.237675608018E1,-1.E0,3.075E0));
#10097=DIRECTION('',(0.E0,0.E0,1.E0));
#10098=DIRECTION('',(1.E0,0.E0,0.E0));
#10099=AXIS2_PLACEMENT_3D('',#10096,#10097,#10098);
#10100=PLANE('',#10099);
#10102=ORIENTED_EDGE('',*,*,#10101,.F.);
#10103=ORIENTED_EDGE('',*,*,#9376,.F.);
#10105=ORIENTED_EDGE('',*,*,#10104,.T.);
#10107=ORIENTED_EDGE('',*,*,#10106,.T.);
#10108=EDGE_LOOP('',(#10102,#10103,#10105,#10107));
#10109=FACE_OUTER_BOUND('',#10108,.F.);
#10110=ADVANCED_FACE('',(#10109),#10100,.T.);
#10111=CARTESIAN_POINT('',(1.051918983635E1,1.E0,3.075E0));
#10112=DIRECTION('',(9.902680687416E-1,0.E0,-1.391731009601E-1));
#10113=DIRECTION('',(-1.391731009601E-1,0.E0,-9.902680687416E-1));
#10114=AXIS2_PLACEMENT_3D('',#10111,#10112,#10113);
#10115=PLANE('',#10114);
#10116=ORIENTED_EDGE('',*,*,#9446,.T.);
#10118=ORIENTED_EDGE('',*,*,#10117,.F.);
#10120=ORIENTED_EDGE('',*,*,#10119,.F.);
#10121=ORIENTED_EDGE('',*,*,#9968,.F.);
#10122=EDGE_LOOP('',(#10116,#10118,#10120,#10121));
#10123=FACE_OUTER_BOUND('',#10122,.F.);
#10124=ADVANCED_FACE('',(#10123),#10115,.F.);
#10125=CARTESIAN_POINT('',(1.021E1,1.E0,8.75E-1));
#10126=DIRECTION('',(0.E0,0.E0,-1.E0));
#10127=DIRECTION('',(-1.E0,0.E0,0.E0));
#10128=AXIS2_PLACEMENT_3D('',#10125,#10126,#10127);
#10129=PLANE('',#10128);
#10130=ORIENTED_EDGE('',*,*,#9444,.T.);
#10132=ORIENTED_EDGE('',*,*,#10131,.F.);
#10134=ORIENTED_EDGE('',*,*,#10133,.F.);
#10135=ORIENTED_EDGE('',*,*,#10117,.T.);
#10136=EDGE_LOOP('',(#10130,#10132,#10134,#10135));
#10137=FACE_OUTER_BOUND('',#10136,.F.);
#10138=ADVANCED_FACE('',(#10137),#10129,.F.);
#10139=CARTESIAN_POINT('',(1.011E1,1.E0,8.75E-1));
#10140=DIRECTION('',(-9.902680687416E-1,0.E0,-1.391731009601E-1));
#10141=DIRECTION('',(-1.391731009601E-1,0.E0,9.902680687416E-1));
#10142=AXIS2_PLACEMENT_3D('',#10139,#10140,#10141);
#10143=PLANE('',#10142);
#10144=ORIENTED_EDGE('',*,*,#9442,.T.);
#10145=ORIENTED_EDGE('',*,*,#9985,.T.);
#10147=ORIENTED_EDGE('',*,*,#10146,.F.);
#10148=ORIENTED_EDGE('',*,*,#10131,.T.);
#10149=EDGE_LOOP('',(#10144,#10145,#10147,#10148));
#10150=FACE_OUTER_BOUND('',#10149,.F.);
#10151=ADVANCED_FACE('',(#10150),#10143,.F.);
#10152=CARTESIAN_POINT('',(0.E0,1.E0,0.E0));
#10153=DIRECTION('',(0.E0,1.E0,0.E0));
#10154=DIRECTION('',(-1.E0,0.E0,0.E0));
#10155=AXIS2_PLACEMENT_3D('',#10152,#10153,#10154);
#10156=PLANE('',#10155);
#10157=ORIENTED_EDGE('',*,*,#9737,.T.);
#10158=ORIENTED_EDGE('',*,*,#9752,.T.);
#10159=ORIENTED_EDGE('',*,*,#9766,.T.);
#10160=ORIENTED_EDGE('',*,*,#9915,.F.);
#10162=ORIENTED_EDGE('',*,*,#10161,.T.);
#10164=ORIENTED_EDGE('',*,*,#10163,.T.);
#10166=ORIENTED_EDGE('',*,*,#10165,.T.);
#10167=ORIENTED_EDGE('',*,*,#9887,.F.);
#10169=ORIENTED_EDGE('',*,*,#10168,.T.);
#10171=ORIENTED_EDGE('',*,*,#10170,.T.);
#10173=ORIENTED_EDGE('',*,*,#10172,.T.);
#10174=ORIENTED_EDGE('',*,*,#9872,.F.);
#10176=ORIENTED_EDGE('',*,*,#10175,.T.);
#10178=ORIENTED_EDGE('',*,*,#10177,.T.);
#10180=ORIENTED_EDGE('',*,*,#10179,.T.);
#10181=ORIENTED_EDGE('',*,*,#9857,.F.);
#10183=ORIENTED_EDGE('',*,*,#10182,.T.);
#10185=ORIENTED_EDGE('',*,*,#10184,.T.);
#10187=ORIENTED_EDGE('',*,*,#10186,.T.);
#10188=ORIENTED_EDGE('',*,*,#9842,.F.);
#10190=ORIENTED_EDGE('',*,*,#10189,.T.);
#10192=ORIENTED_EDGE('',*,*,#10191,.T.);
#10194=ORIENTED_EDGE('',*,*,#10193,.T.);
#10195=ORIENTED_EDGE('',*,*,#9827,.F.);
#10197=ORIENTED_EDGE('',*,*,#10196,.T.);
#10199=ORIENTED_EDGE('',*,*,#10198,.T.);
#10201=ORIENTED_EDGE('',*,*,#10200,.T.);
#10202=ORIENTED_EDGE('',*,*,#9812,.F.);
#10204=ORIENTED_EDGE('',*,*,#10203,.T.);
#10206=ORIENTED_EDGE('',*,*,#10205,.T.);
#10208=ORIENTED_EDGE('',*,*,#10207,.T.);
#10209=ORIENTED_EDGE('',*,*,#9797,.F.);
#10211=ORIENTED_EDGE('',*,*,#10210,.T.);
#10213=ORIENTED_EDGE('',*,*,#10212,.T.);
#10215=ORIENTED_EDGE('',*,*,#10214,.T.);
#10216=ORIENTED_EDGE('',*,*,#9780,.F.);
#10217=ORIENTED_EDGE('',*,*,#9928,.F.);
#10218=ORIENTED_EDGE('',*,*,#9942,.F.);
#10219=ORIENTED_EDGE('',*,*,#9956,.F.);
#10220=ORIENTED_EDGE('',*,*,#9970,.F.);
#10221=ORIENTED_EDGE('',*,*,#10119,.T.);
#10222=ORIENTED_EDGE('',*,*,#10133,.T.);
#10223=ORIENTED_EDGE('',*,*,#10146,.T.);
#10224=ORIENTED_EDGE('',*,*,#9983,.F.);
#10226=ORIENTED_EDGE('',*,*,#10225,.T.);
#10228=ORIENTED_EDGE('',*,*,#10227,.T.);
#10230=ORIENTED_EDGE('',*,*,#10229,.T.);
#10231=ORIENTED_EDGE('',*,*,#9998,.F.);
#10233=ORIENTED_EDGE('',*,*,#10232,.T.);
#10235=ORIENTED_EDGE('',*,*,#10234,.T.);
#10237=ORIENTED_EDGE('',*,*,#10236,.T.);
#10238=ORIENTED_EDGE('',*,*,#10013,.F.);
#10240=ORIENTED_EDGE('',*,*,#10239,.T.);
#10242=ORIENTED_EDGE('',*,*,#10241,.T.);
#10244=ORIENTED_EDGE('',*,*,#10243,.T.);
#10245=ORIENTED_EDGE('',*,*,#10028,.F.);
#10247=ORIENTED_EDGE('',*,*,#10246,.T.);
#10249=ORIENTED_EDGE('',*,*,#10248,.T.);
#10251=ORIENTED_EDGE('',*,*,#10250,.T.);
#10252=ORIENTED_EDGE('',*,*,#10043,.F.);
#10254=ORIENTED_EDGE('',*,*,#10253,.T.);
#10256=ORIENTED_EDGE('',*,*,#10255,.T.);
#10258=ORIENTED_EDGE('',*,*,#10257,.T.);
#10259=ORIENTED_EDGE('',*,*,#10058,.F.);
#10261=ORIENTED_EDGE('',*,*,#10260,.T.);
#10263=ORIENTED_EDGE('',*,*,#10262,.T.);
#10265=ORIENTED_EDGE('',*,*,#10264,.T.);
#10266=ORIENTED_EDGE('',*,*,#10073,.F.);
#10268=ORIENTED_EDGE('',*,*,#10267,.T.);
#10270=ORIENTED_EDGE('',*,*,#10269,.T.);
#10272=ORIENTED_EDGE('',*,*,#10271,.T.);
#10273=ORIENTED_EDGE('',*,*,#10088,.F.);
#10275=ORIENTED_EDGE('',*,*,#10274,.T.);
#10277=ORIENTED_EDGE('',*,*,#10276,.T.);
#10279=ORIENTED_EDGE('',*,*,#10278,.T.);
#10280=ORIENTED_EDGE('',*,*,#10106,.F.);
#10282=ORIENTED_EDGE('',*,*,#10281,.F.);
#10284=ORIENTED_EDGE('',*,*,#10283,.F.);
#10286=ORIENTED_EDGE('',*,*,#10285,.F.);
#10287=ORIENTED_EDGE('',*,*,#9898,.F.);
#10288=EDGE_LOOP('',(#10157,#10158,#10159,#10160,#10162,#10164,#10166,#10167,
#10169,#10171,#10173,#10174,#10176,#10178,#10180,#10181,#10183,#10185,#10187,
#10188,#10190,#10192,#10194,#10195,#10197,#10199,#10201,#10202,#10204,#10206,
#10208,#10209,#10211,#10213,#10215,#10216,#10217,#10218,#10219,#10220,#10221,
#10222,#10223,#10224,#10226,#10228,#10230,#10231,#10233,#10235,#10237,#10238,
#10240,#10242,#10244,#10245,#10247,#10249,#10251,#10252,#10254,#10256,#10258,
#10259,#10261,#10263,#10265,#10266,#10268,#10270,#10272,#10273,#10275,#10277,
#10279,#10280,#10282,#10284,#10286,#10287));
#10289=FACE_OUTER_BOUND('',#10288,.F.);
#10291=ORIENTED_EDGE('',*,*,#10290,.F.);
#10293=ORIENTED_EDGE('',*,*,#10292,.F.);
#10295=ORIENTED_EDGE('',*,*,#10294,.F.);
#10297=ORIENTED_EDGE('',*,*,#10296,.F.);
#10298=EDGE_LOOP('',(#10291,#10293,#10295,#10297));
#10299=FACE_BOUND('',#10298,.F.);
#10301=ORIENTED_EDGE('',*,*,#10300,.F.);
#10303=ORIENTED_EDGE('',*,*,#10302,.F.);
#10305=ORIENTED_EDGE('',*,*,#10304,.F.);
#10307=ORIENTED_EDGE('',*,*,#10306,.F.);
#10308=EDGE_LOOP('',(#10301,#10303,#10305,#10307));
#10309=FACE_BOUND('',#10308,.F.);
#10311=ORIENTED_EDGE('',*,*,#10310,.F.);
#10313=ORIENTED_EDGE('',*,*,#10312,.F.);
#10315=ORIENTED_EDGE('',*,*,#10314,.F.);
#10317=ORIENTED_EDGE('',*,*,#10316,.F.);
#10318=EDGE_LOOP('',(#10311,#10313,#10315,#10317));
#10319=FACE_BOUND('',#10318,.F.);
#10321=ORIENTED_EDGE('',*,*,#10320,.F.);
#10323=ORIENTED_EDGE('',*,*,#10322,.F.);
#10325=ORIENTED_EDGE('',*,*,#10324,.F.);
#10327=ORIENTED_EDGE('',*,*,#10326,.F.);
#10328=EDGE_LOOP('',(#10321,#10323,#10325,#10327));
#10329=FACE_BOUND('',#10328,.F.);
#10331=ORIENTED_EDGE('',*,*,#10330,.F.);
#10333=ORIENTED_EDGE('',*,*,#10332,.F.);
#10335=ORIENTED_EDGE('',*,*,#10334,.F.);
#10337=ORIENTED_EDGE('',*,*,#10336,.F.);
#10338=EDGE_LOOP('',(#10331,#10333,#10335,#10337));
#10339=FACE_BOUND('',#10338,.F.);
#10341=ORIENTED_EDGE('',*,*,#10340,.F.);
#10343=ORIENTED_EDGE('',*,*,#10342,.F.);
#10345=ORIENTED_EDGE('',*,*,#10344,.F.);
#10347=ORIENTED_EDGE('',*,*,#10346,.F.);
#10348=EDGE_LOOP('',(#10341,#10343,#10345,#10347));
#10349=FACE_BOUND('',#10348,.F.);
#10351=ORIENTED_EDGE('',*,*,#10350,.F.);
#10353=ORIENTED_EDGE('',*,*,#10352,.F.);
#10355=ORIENTED_EDGE('',*,*,#10354,.F.);
#10357=ORIENTED_EDGE('',*,*,#10356,.F.);
#10358=EDGE_LOOP('',(#10351,#10353,#10355,#10357));
#10359=FACE_BOUND('',#10358,.F.);
#10361=ORIENTED_EDGE('',*,*,#10360,.F.);
#10363=ORIENTED_EDGE('',*,*,#10362,.F.);
#10365=ORIENTED_EDGE('',*,*,#10364,.F.);
#10367=ORIENTED_EDGE('',*,*,#10366,.F.);
#10368=EDGE_LOOP('',(#10361,#10363,#10365,#10367));
#10369=FACE_BOUND('',#10368,.F.);
#10371=ORIENTED_EDGE('',*,*,#10370,.F.);
#10373=ORIENTED_EDGE('',*,*,#10372,.F.);
#10375=ORIENTED_EDGE('',*,*,#10374,.F.);
#10377=ORIENTED_EDGE('',*,*,#10376,.F.);
#10378=EDGE_LOOP('',(#10371,#10373,#10375,#10377));
#10379=FACE_BOUND('',#10378,.F.);
#10381=ORIENTED_EDGE('',*,*,#10380,.F.);
#10383=ORIENTED_EDGE('',*,*,#10382,.F.);
#10385=ORIENTED_EDGE('',*,*,#10384,.F.);
#10387=ORIENTED_EDGE('',*,*,#10386,.F.);
#10388=EDGE_LOOP('',(#10381,#10383,#10385,#10387));
#10389=FACE_BOUND('',#10388,.F.);
#10391=ORIENTED_EDGE('',*,*,#10390,.F.);
#10393=ORIENTED_EDGE('',*,*,#10392,.F.);
#10395=ORIENTED_EDGE('',*,*,#10394,.F.);
#10397=ORIENTED_EDGE('',*,*,#10396,.F.);
#10398=EDGE_LOOP('',(#10391,#10393,#10395,#10397));
#10399=FACE_BOUND('',#10398,.F.);
#10401=ORIENTED_EDGE('',*,*,#10400,.F.);
#10403=ORIENTED_EDGE('',*,*,#10402,.F.);
#10405=ORIENTED_EDGE('',*,*,#10404,.F.);
#10407=ORIENTED_EDGE('',*,*,#10406,.F.);
#10408=EDGE_LOOP('',(#10401,#10403,#10405,#10407));
#10409=FACE_BOUND('',#10408,.F.);
#10411=ORIENTED_EDGE('',*,*,#10410,.F.);
#10413=ORIENTED_EDGE('',*,*,#10412,.F.);
#10415=ORIENTED_EDGE('',*,*,#10414,.F.);
#10417=ORIENTED_EDGE('',*,*,#10416,.F.);
#10418=EDGE_LOOP('',(#10411,#10413,#10415,#10417));
#10419=FACE_BOUND('',#10418,.F.);
#10421=ORIENTED_EDGE('',*,*,#10420,.F.);
#10423=ORIENTED_EDGE('',*,*,#10422,.F.);
#10425=ORIENTED_EDGE('',*,*,#10424,.F.);
#10427=ORIENTED_EDGE('',*,*,#10426,.F.);
#10428=EDGE_LOOP('',(#10421,#10423,#10425,#10427));
#10429=FACE_BOUND('',#10428,.F.);
#10431=ORIENTED_EDGE('',*,*,#10430,.F.);
#10433=ORIENTED_EDGE('',*,*,#10432,.F.);
#10435=ORIENTED_EDGE('',*,*,#10434,.F.);
#10437=ORIENTED_EDGE('',*,*,#10436,.F.);
#10438=EDGE_LOOP('',(#10431,#10433,#10435,#10437));
#10439=FACE_BOUND('',#10438,.F.);
#10441=ORIENTED_EDGE('',*,*,#10440,.F.);
#10443=ORIENTED_EDGE('',*,*,#10442,.F.);
#10445=ORIENTED_EDGE('',*,*,#10444,.F.);
#10447=ORIENTED_EDGE('',*,*,#10446,.F.);
#10448=EDGE_LOOP('',(#10441,#10443,#10445,#10447));
#10449=FACE_BOUND('',#10448,.F.);
#10451=ORIENTED_EDGE('',*,*,#10450,.F.);
#10453=ORIENTED_EDGE('',*,*,#10452,.F.);
#10455=ORIENTED_EDGE('',*,*,#10454,.F.);
#10457=ORIENTED_EDGE('',*,*,#10456,.F.);
#10458=EDGE_LOOP('',(#10451,#10453,#10455,#10457));
#10459=FACE_BOUND('',#10458,.F.);
#10461=ORIENTED_EDGE('',*,*,#10460,.F.);
#10463=ORIENTED_EDGE('',*,*,#10462,.F.);
#10465=ORIENTED_EDGE('',*,*,#10464,.F.);
#10467=ORIENTED_EDGE('',*,*,#10466,.F.);
#10468=EDGE_LOOP('',(#10461,#10463,#10465,#10467));
#10469=FACE_BOUND('',#10468,.F.);
#10471=ORIENTED_EDGE('',*,*,#10470,.F.);
#10473=ORIENTED_EDGE('',*,*,#10472,.F.);
#10475=ORIENTED_EDGE('',*,*,#10474,.F.);
#10477=ORIENTED_EDGE('',*,*,#10476,.F.);
#10478=EDGE_LOOP('',(#10471,#10473,#10475,#10477));
#10479=FACE_BOUND('',#10478,.F.);
#10481=ORIENTED_EDGE('',*,*,#10480,.F.);
#10483=ORIENTED_EDGE('',*,*,#10482,.F.);
#10485=ORIENTED_EDGE('',*,*,#10484,.F.);
#10487=ORIENTED_EDGE('',*,*,#10486,.F.);
#10488=EDGE_LOOP('',(#10481,#10483,#10485,#10487));
#10489=FACE_BOUND('',#10488,.F.);
#10491=ORIENTED_EDGE('',*,*,#10490,.F.);
#10493=ORIENTED_EDGE('',*,*,#10492,.F.);
#10495=ORIENTED_EDGE('',*,*,#10494,.F.);
#10497=ORIENTED_EDGE('',*,*,#10496,.F.);
#10498=EDGE_LOOP('',(#10491,#10493,#10495,#10497));
#10499=FACE_BOUND('',#10498,.F.);
#10501=ORIENTED_EDGE('',*,*,#10500,.F.);
#10503=ORIENTED_EDGE('',*,*,#10502,.F.);
#10505=ORIENTED_EDGE('',*,*,#10504,.F.);
#10507=ORIENTED_EDGE('',*,*,#10506,.F.);
#10508=EDGE_LOOP('',(#10501,#10503,#10505,#10507));
#10509=FACE_BOUND('',#10508,.F.);
#10511=ORIENTED_EDGE('',*,*,#10510,.F.);
#10513=ORIENTED_EDGE('',*,*,#10512,.F.);
#10515=ORIENTED_EDGE('',*,*,#10514,.F.);
#10517=ORIENTED_EDGE('',*,*,#10516,.F.);
#10518=EDGE_LOOP('',(#10511,#10513,#10515,#10517));
#10519=FACE_BOUND('',#10518,.F.);
#10521=ORIENTED_EDGE('',*,*,#10520,.F.);
#10523=ORIENTED_EDGE('',*,*,#10522,.F.);
#10525=ORIENTED_EDGE('',*,*,#10524,.F.);
#10527=ORIENTED_EDGE('',*,*,#10526,.F.);
#10528=EDGE_LOOP('',(#10521,#10523,#10525,#10527));
#10529=FACE_BOUND('',#10528,.F.);
#10531=ORIENTED_EDGE('',*,*,#10530,.F.);
#10533=ORIENTED_EDGE('',*,*,#10532,.F.);
#10535=ORIENTED_EDGE('',*,*,#10534,.F.);
#10537=ORIENTED_EDGE('',*,*,#10536,.F.);
#10538=EDGE_LOOP('',(#10531,#10533,#10535,#10537));
#10539=FACE_BOUND('',#10538,.F.);
#10541=ORIENTED_EDGE('',*,*,#10540,.F.);
#10543=ORIENTED_EDGE('',*,*,#10542,.F.);
#10545=ORIENTED_EDGE('',*,*,#10544,.F.);
#10547=ORIENTED_EDGE('',*,*,#10546,.F.);
#10548=EDGE_LOOP('',(#10541,#10543,#10545,#10547));
#10549=FACE_BOUND('',#10548,.F.);
#10551=ORIENTED_EDGE('',*,*,#10550,.F.);
#10553=ORIENTED_EDGE('',*,*,#10552,.F.);
#10555=ORIENTED_EDGE('',*,*,#10554,.F.);
#10557=ORIENTED_EDGE('',*,*,#10556,.F.);
#10558=EDGE_LOOP('',(#10551,#10553,#10555,#10557));
#10559=FACE_BOUND('',#10558,.F.);
#10561=ORIENTED_EDGE('',*,*,#10560,.F.);
#10563=ORIENTED_EDGE('',*,*,#10562,.F.);
#10565=ORIENTED_EDGE('',*,*,#10564,.F.);
#10567=ORIENTED_EDGE('',*,*,#10566,.F.);
#10568=EDGE_LOOP('',(#10561,#10563,#10565,#10567));
#10569=FACE_BOUND('',#10568,.F.);
#10571=ORIENTED_EDGE('',*,*,#10570,.F.);
#10573=ORIENTED_EDGE('',*,*,#10572,.F.);
#10575=ORIENTED_EDGE('',*,*,#10574,.F.);
#10577=ORIENTED_EDGE('',*,*,#10576,.F.);
#10578=EDGE_LOOP('',(#10571,#10573,#10575,#10577));
#10579=FACE_BOUND('',#10578,.F.);
#10581=ORIENTED_EDGE('',*,*,#10580,.F.);
#10583=ORIENTED_EDGE('',*,*,#10582,.F.);
#10585=ORIENTED_EDGE('',*,*,#10584,.F.);
#10587=ORIENTED_EDGE('',*,*,#10586,.F.);
#10588=EDGE_LOOP('',(#10581,#10583,#10585,#10587));
#10589=FACE_BOUND('',#10588,.F.);
#10591=ORIENTED_EDGE('',*,*,#10590,.F.);
#10593=ORIENTED_EDGE('',*,*,#10592,.F.);
#10595=ORIENTED_EDGE('',*,*,#10594,.F.);
#10597=ORIENTED_EDGE('',*,*,#10596,.F.);
#10598=EDGE_LOOP('',(#10591,#10593,#10595,#10597));
#10599=FACE_BOUND('',#10598,.F.);
#10601=ORIENTED_EDGE('',*,*,#10600,.F.);
#10603=ORIENTED_EDGE('',*,*,#10602,.F.);
#10605=ORIENTED_EDGE('',*,*,#10604,.F.);
#10607=ORIENTED_EDGE('',*,*,#10606,.F.);
#10608=EDGE_LOOP('',(#10601,#10603,#10605,#10607));
#10609=FACE_BOUND('',#10608,.F.);
#10611=ORIENTED_EDGE('',*,*,#10610,.F.);
#10613=ORIENTED_EDGE('',*,*,#10612,.F.);
#10615=ORIENTED_EDGE('',*,*,#10614,.F.);
#10617=ORIENTED_EDGE('',*,*,#10616,.F.);
#10618=EDGE_LOOP('',(#10611,#10613,#10615,#10617));
#10619=FACE_BOUND('',#10618,.F.);
#10621=ORIENTED_EDGE('',*,*,#10620,.F.);
#10623=ORIENTED_EDGE('',*,*,#10622,.F.);
#10625=ORIENTED_EDGE('',*,*,#10624,.F.);
#10627=ORIENTED_EDGE('',*,*,#10626,.F.);
#10628=EDGE_LOOP('',(#10621,#10623,#10625,#10627));
#10629=FACE_BOUND('',#10628,.F.);
#10631=ORIENTED_EDGE('',*,*,#10630,.F.);
#10633=ORIENTED_EDGE('',*,*,#10632,.F.);
#10635=ORIENTED_EDGE('',*,*,#10634,.F.);
#10637=ORIENTED_EDGE('',*,*,#10636,.F.);
#10638=EDGE_LOOP('',(#10631,#10633,#10635,#10637));
#10639=FACE_BOUND('',#10638,.F.);
#10641=ORIENTED_EDGE('',*,*,#10640,.F.);
#10643=ORIENTED_EDGE('',*,*,#10642,.F.);
#10645=ORIENTED_EDGE('',*,*,#10644,.F.);
#10647=ORIENTED_EDGE('',*,*,#10646,.F.);
#10648=EDGE_LOOP('',(#10641,#10643,#10645,#10647));
#10649=FACE_BOUND('',#10648,.F.);
#10651=ORIENTED_EDGE('',*,*,#10650,.F.);
#10653=ORIENTED_EDGE('',*,*,#10652,.F.);
#10655=ORIENTED_EDGE('',*,*,#10654,.F.);
#10657=ORIENTED_EDGE('',*,*,#10656,.F.);
#10658=EDGE_LOOP('',(#10651,#10653,#10655,#10657));
#10659=FACE_BOUND('',#10658,.F.);
#10661=ORIENTED_EDGE('',*,*,#10660,.F.);
#10663=ORIENTED_EDGE('',*,*,#10662,.F.);
#10665=ORIENTED_EDGE('',*,*,#10664,.F.);
#10667=ORIENTED_EDGE('',*,*,#10666,.F.);
#10668=EDGE_LOOP('',(#10661,#10663,#10665,#10667));
#10669=FACE_BOUND('',#10668,.F.);
#10671=ORIENTED_EDGE('',*,*,#10670,.F.);
#10673=ORIENTED_EDGE('',*,*,#10672,.F.);
#10675=ORIENTED_EDGE('',*,*,#10674,.F.);
#10677=ORIENTED_EDGE('',*,*,#10676,.F.);
#10678=EDGE_LOOP('',(#10671,#10673,#10675,#10677));
#10679=FACE_BOUND('',#10678,.F.);
#10681=ORIENTED_EDGE('',*,*,#10680,.F.);
#10683=ORIENTED_EDGE('',*,*,#10682,.F.);
#10685=ORIENTED_EDGE('',*,*,#10684,.F.);
#10687=ORIENTED_EDGE('',*,*,#10686,.F.);
#10688=EDGE_LOOP('',(#10681,#10683,#10685,#10687));
#10689=FACE_BOUND('',#10688,.F.);
#10691=ORIENTED_EDGE('',*,*,#10690,.F.);
#10693=ORIENTED_EDGE('',*,*,#10692,.T.);
#10695=ORIENTED_EDGE('',*,*,#10694,.T.);
#10697=ORIENTED_EDGE('',*,*,#10696,.F.);
#10698=EDGE_LOOP('',(#10691,#10693,#10695,#10697));
#10699=FACE_BOUND('',#10698,.F.);
#10701=ORIENTED_EDGE('',*,*,#10700,.F.);
#10703=ORIENTED_EDGE('',*,*,#10702,.T.);
#10705=ORIENTED_EDGE('',*,*,#10704,.T.);
#10707=ORIENTED_EDGE('',*,*,#10706,.F.);
#10708=EDGE_LOOP('',(#10701,#10703,#10705,#10707));
#10709=FACE_BOUND('',#10708,.F.);
#10711=ORIENTED_EDGE('',*,*,#10710,.F.);
#10713=ORIENTED_EDGE('',*,*,#10712,.T.);
#10715=ORIENTED_EDGE('',*,*,#10714,.T.);
#10717=ORIENTED_EDGE('',*,*,#10716,.F.);
#10718=EDGE_LOOP('',(#10711,#10713,#10715,#10717));
#10719=FACE_BOUND('',#10718,.F.);
#10721=ORIENTED_EDGE('',*,*,#10720,.F.);
#10723=ORIENTED_EDGE('',*,*,#10722,.T.);
#10725=ORIENTED_EDGE('',*,*,#10724,.T.);
#10727=ORIENTED_EDGE('',*,*,#10726,.F.);
#10728=EDGE_LOOP('',(#10721,#10723,#10725,#10727));
#10729=FACE_BOUND('',#10728,.F.);
#10731=ORIENTED_EDGE('',*,*,#10730,.F.);
#10733=ORIENTED_EDGE('',*,*,#10732,.T.);
#10735=ORIENTED_EDGE('',*,*,#10734,.T.);
#10737=ORIENTED_EDGE('',*,*,#10736,.F.);
#10738=EDGE_LOOP('',(#10731,#10733,#10735,#10737));
#10739=FACE_BOUND('',#10738,.F.);
#10741=ORIENTED_EDGE('',*,*,#10740,.F.);
#10743=ORIENTED_EDGE('',*,*,#10742,.T.);
#10745=ORIENTED_EDGE('',*,*,#10744,.T.);
#10747=ORIENTED_EDGE('',*,*,#10746,.F.);
#10748=EDGE_LOOP('',(#10741,#10743,#10745,#10747));
#10749=FACE_BOUND('',#10748,.F.);
#10751=ORIENTED_EDGE('',*,*,#10750,.T.);
#10753=ORIENTED_EDGE('',*,*,#10752,.T.);
#10755=ORIENTED_EDGE('',*,*,#10754,.F.);
#10757=ORIENTED_EDGE('',*,*,#10756,.F.);
#10758=EDGE_LOOP('',(#10751,#10753,#10755,#10757));
#10759=FACE_BOUND('',#10758,.F.);
#10761=ORIENTED_EDGE('',*,*,#10760,.T.);
#10763=ORIENTED_EDGE('',*,*,#10762,.T.);
#10765=ORIENTED_EDGE('',*,*,#10764,.F.);
#10767=ORIENTED_EDGE('',*,*,#10766,.F.);
#10768=EDGE_LOOP('',(#10761,#10763,#10765,#10767));
#10769=FACE_BOUND('',#10768,.F.);
#10771=ORIENTED_EDGE('',*,*,#10770,.T.);
#10773=ORIENTED_EDGE('',*,*,#10772,.T.);
#10775=ORIENTED_EDGE('',*,*,#10774,.F.);
#10777=ORIENTED_EDGE('',*,*,#10776,.F.);
#10778=EDGE_LOOP('',(#10771,#10773,#10775,#10777));
#10779=FACE_BOUND('',#10778,.F.);
#10781=ORIENTED_EDGE('',*,*,#10780,.T.);
#10783=ORIENTED_EDGE('',*,*,#10782,.T.);
#10785=ORIENTED_EDGE('',*,*,#10784,.F.);
#10787=ORIENTED_EDGE('',*,*,#10786,.F.);
#10788=EDGE_LOOP('',(#10781,#10783,#10785,#10787));
#10789=FACE_BOUND('',#10788,.F.);
#10791=ORIENTED_EDGE('',*,*,#10790,.T.);
#10793=ORIENTED_EDGE('',*,*,#10792,.T.);
#10795=ORIENTED_EDGE('',*,*,#10794,.F.);
#10797=ORIENTED_EDGE('',*,*,#10796,.F.);
#10798=EDGE_LOOP('',(#10791,#10793,#10795,#10797));
#10799=FACE_BOUND('',#10798,.F.);
#10801=ORIENTED_EDGE('',*,*,#10800,.T.);
#10803=ORIENTED_EDGE('',*,*,#10802,.T.);
#10805=ORIENTED_EDGE('',*,*,#10804,.F.);
#10807=ORIENTED_EDGE('',*,*,#10806,.F.);
#10808=EDGE_LOOP('',(#10801,#10803,#10805,#10807));
#10809=FACE_BOUND('',#10808,.F.);
#10811=ORIENTED_EDGE('',*,*,#10810,.T.);
#10813=ORIENTED_EDGE('',*,*,#10812,.T.);
#10815=ORIENTED_EDGE('',*,*,#10814,.F.);
#10817=ORIENTED_EDGE('',*,*,#10816,.F.);
#10818=EDGE_LOOP('',(#10811,#10813,#10815,#10817));
#10819=FACE_BOUND('',#10818,.F.);
#10821=ORIENTED_EDGE('',*,*,#10820,.T.);
#10823=ORIENTED_EDGE('',*,*,#10822,.T.);
#10825=ORIENTED_EDGE('',*,*,#10824,.F.);
#10827=ORIENTED_EDGE('',*,*,#10826,.F.);
#10828=EDGE_LOOP('',(#10821,#10823,#10825,#10827));
#10829=FACE_BOUND('',#10828,.F.);
#10831=ORIENTED_EDGE('',*,*,#10830,.T.);
#10833=ORIENTED_EDGE('',*,*,#10832,.T.);
#10835=ORIENTED_EDGE('',*,*,#10834,.F.);
#10837=ORIENTED_EDGE('',*,*,#10836,.F.);
#10838=EDGE_LOOP('',(#10831,#10833,#10835,#10837));
#10839=FACE_BOUND('',#10838,.F.);
#10841=ORIENTED_EDGE('',*,*,#10840,.T.);
#10843=ORIENTED_EDGE('',*,*,#10842,.T.);
#10845=ORIENTED_EDGE('',*,*,#10844,.F.);
#10847=ORIENTED_EDGE('',*,*,#10846,.F.);
#10848=EDGE_LOOP('',(#10841,#10843,#10845,#10847));
#10849=FACE_BOUND('',#10848,.F.);
#10851=ORIENTED_EDGE('',*,*,#10850,.T.);
#10853=ORIENTED_EDGE('',*,*,#10852,.T.);
#10855=ORIENTED_EDGE('',*,*,#10854,.F.);
#10857=ORIENTED_EDGE('',*,*,#10856,.F.);
#10858=EDGE_LOOP('',(#10851,#10853,#10855,#10857));
#10859=FACE_BOUND('',#10858,.F.);
#10861=ORIENTED_EDGE('',*,*,#10860,.T.);
#10863=ORIENTED_EDGE('',*,*,#10862,.T.);
#10865=ORIENTED_EDGE('',*,*,#10864,.F.);
#10867=ORIENTED_EDGE('',*,*,#10866,.F.);
#10868=EDGE_LOOP('',(#10861,#10863,#10865,#10867));
#10869=FACE_BOUND('',#10868,.F.);
#10871=ORIENTED_EDGE('',*,*,#10870,.T.);
#10873=ORIENTED_EDGE('',*,*,#10872,.T.);
#10875=ORIENTED_EDGE('',*,*,#10874,.F.);
#10877=ORIENTED_EDGE('',*,*,#10876,.F.);
#10878=EDGE_LOOP('',(#10871,#10873,#10875,#10877));
#10879=FACE_BOUND('',#10878,.F.);
#10881=ORIENTED_EDGE('',*,*,#10880,.T.);
#10883=ORIENTED_EDGE('',*,*,#10882,.T.);
#10885=ORIENTED_EDGE('',*,*,#10884,.F.);
#10887=ORIENTED_EDGE('',*,*,#10886,.F.);
#10888=EDGE_LOOP('',(#10881,#10883,#10885,#10887));
#10889=FACE_BOUND('',#10888,.F.);
#10890=ADVANCED_FACE('',(#10289,#10299,#10309,#10319,#10329,#10339,#10349,
#10359,#10369,#10379,#10389,#10399,#10409,#10419,#10429,#10439,#10449,#10459,
#10469,#10479,#10489,#10499,#10509,#10519,#10529,#10539,#10549,#10559,#10569,
#10579,#10589,#10599,#10609,#10619,#10629,#10639,#10649,#10659,#10669,#10679,
#10689,#10699,#10709,#10719,#10729,#10739,#10749,#10759,#10769,#10779,#10789,
#10799,#10809,#10819,#10829,#10839,#10849,#10859,#10869,#10879,#10889),#10156,
.T.);
#10891=CARTESIAN_POINT('',(-7.979189836345E0,1.E0,-3.075E0));
#10892=DIRECTION('',(-9.902680687416E-1,0.E0,1.391731009601E-1));
#10893=DIRECTION('',(1.391731009601E-1,0.E0,9.902680687416E-1));
#10894=AXIS2_PLACEMENT_3D('',#10891,#10892,#10893);
#10895=PLANE('',#10894);
#10896=ORIENTED_EDGE('',*,*,#9518,.T.);
#10898=ORIENTED_EDGE('',*,*,#10897,.F.);
#10899=ORIENTED_EDGE('',*,*,#10161,.F.);
#10900=ORIENTED_EDGE('',*,*,#9913,.F.);
#10901=EDGE_LOOP('',(#10896,#10898,#10899,#10900));
#10902=FACE_OUTER_BOUND('',#10901,.F.);
#10903=ADVANCED_FACE('',(#10902),#10895,.F.);
#10904=CARTESIAN_POINT('',(-7.67E0,1.E0,-8.75E-1));
#10905=DIRECTION('',(0.E0,0.E0,1.E0));
#10906=DIRECTION('',(1.E0,0.E0,0.E0));
#10907=AXIS2_PLACEMENT_3D('',#10904,#10905,#10906);
#10908=PLANE('',#10907);
#10909=ORIENTED_EDGE('',*,*,#9516,.T.);
#10911=ORIENTED_EDGE('',*,*,#10910,.F.);
#10912=ORIENTED_EDGE('',*,*,#10163,.F.);
#10913=ORIENTED_EDGE('',*,*,#10897,.T.);
#10914=EDGE_LOOP('',(#10909,#10911,#10912,#10913));
#10915=FACE_OUTER_BOUND('',#10914,.F.);
#10916=ADVANCED_FACE('',(#10915),#10908,.F.);
#10917=CARTESIAN_POINT('',(-7.57E0,1.E0,-8.75E-1));
#10918=DIRECTION('',(9.902680687416E-1,0.E0,1.391731009601E-1));
#10919=DIRECTION('',(1.391731009601E-1,0.E0,-9.902680687416E-1));
#10920=AXIS2_PLACEMENT_3D('',#10917,#10918,#10919);
#10921=PLANE('',#10920);
#10922=ORIENTED_EDGE('',*,*,#9514,.T.);
#10923=ORIENTED_EDGE('',*,*,#9882,.T.);
#10924=ORIENTED_EDGE('',*,*,#10165,.F.);
#10925=ORIENTED_EDGE('',*,*,#10910,.T.);
#10926=EDGE_LOOP('',(#10922,#10923,#10924,#10925));
#10927=FACE_OUTER_BOUND('',#10926,.F.);
#10928=ADVANCED_FACE('',(#10927),#10921,.F.);
#10929=CARTESIAN_POINT('',(-5.439189836345E0,1.E0,-3.075E0));
#10930=DIRECTION('',(-9.902680687416E-1,0.E0,1.391731009601E-1));
#10931=DIRECTION('',(1.391731009601E-1,0.E0,9.902680687416E-1));
#10932=AXIS2_PLACEMENT_3D('',#10929,#10930,#10931);
#10933=PLANE('',#10932);
#10934=ORIENTED_EDGE('',*,*,#9510,.T.);
#10936=ORIENTED_EDGE('',*,*,#10935,.F.);
#10937=ORIENTED_EDGE('',*,*,#10168,.F.);
#10938=ORIENTED_EDGE('',*,*,#9885,.F.);
#10939=EDGE_LOOP('',(#10934,#10936,#10937,#10938));
#10940=FACE_OUTER_BOUND('',#10939,.F.);
#10941=ADVANCED_FACE('',(#10940),#10933,.F.);
#10942=CARTESIAN_POINT('',(-5.13E0,1.E0,-8.75E-1));
#10943=DIRECTION('',(0.E0,0.E0,1.E0));
#10944=DIRECTION('',(1.E0,0.E0,0.E0));
#10945=AXIS2_PLACEMENT_3D('',#10942,#10943,#10944);
#10946=PLANE('',#10945);
#10947=ORIENTED_EDGE('',*,*,#9508,.T.);
#10949=ORIENTED_EDGE('',*,*,#10948,.F.);
#10950=ORIENTED_EDGE('',*,*,#10170,.F.);
#10951=ORIENTED_EDGE('',*,*,#10935,.T.);
#10952=EDGE_LOOP('',(#10947,#10949,#10950,#10951));
#10953=FACE_OUTER_BOUND('',#10952,.F.);
#10954=ADVANCED_FACE('',(#10953),#10946,.F.);
#10955=CARTESIAN_POINT('',(-5.03E0,1.E0,-8.75E-1));
#10956=DIRECTION('',(9.902680687416E-1,0.E0,1.391731009601E-1));
#10957=DIRECTION('',(1.391731009601E-1,0.E0,-9.902680687416E-1));
#10958=AXIS2_PLACEMENT_3D('',#10955,#10956,#10957);
#10959=PLANE('',#10958);
#10960=ORIENTED_EDGE('',*,*,#9506,.T.);
#10961=ORIENTED_EDGE('',*,*,#9867,.T.);
#10962=ORIENTED_EDGE('',*,*,#10172,.F.);
#10963=ORIENTED_EDGE('',*,*,#10948,.T.);
#10964=EDGE_LOOP('',(#10960,#10961,#10962,#10963));
#10965=FACE_OUTER_BOUND('',#10964,.F.);
#10966=ADVANCED_FACE('',(#10965),#10959,.F.);
#10967=CARTESIAN_POINT('',(-2.899189836345E0,1.E0,-3.075E0));
#10968=DIRECTION('',(-9.902680687416E-1,0.E0,1.391731009601E-1));
#10969=DIRECTION('',(1.391731009601E-1,0.E0,9.902680687416E-1));
#10970=AXIS2_PLACEMENT_3D('',#10967,#10968,#10969);
#10971=PLANE('',#10970);
#10972=ORIENTED_EDGE('',*,*,#9502,.T.);
#10974=ORIENTED_EDGE('',*,*,#10973,.F.);
#10975=ORIENTED_EDGE('',*,*,#10175,.F.);
#10976=ORIENTED_EDGE('',*,*,#9870,.F.);
#10977=EDGE_LOOP('',(#10972,#10974,#10975,#10976));
#10978=FACE_OUTER_BOUND('',#10977,.F.);
#10979=ADVANCED_FACE('',(#10978),#10971,.F.);
#10980=CARTESIAN_POINT('',(-2.59E0,1.E0,-8.75E-1));
#10981=DIRECTION('',(0.E0,0.E0,1.E0));
#10982=DIRECTION('',(1.E0,0.E0,0.E0));
#10983=AXIS2_PLACEMENT_3D('',#10980,#10981,#10982);
#10984=PLANE('',#10983);
#10985=ORIENTED_EDGE('',*,*,#9500,.T.);
#10987=ORIENTED_EDGE('',*,*,#10986,.F.);
#10988=ORIENTED_EDGE('',*,*,#10177,.F.);
#10989=ORIENTED_EDGE('',*,*,#10973,.T.);
#10990=EDGE_LOOP('',(#10985,#10987,#10988,#10989));
#10991=FACE_OUTER_BOUND('',#10990,.F.);
#10992=ADVANCED_FACE('',(#10991),#10984,.F.);
#10993=CARTESIAN_POINT('',(-2.49E0,1.E0,-8.75E-1));
#10994=DIRECTION('',(9.902680687416E-1,0.E0,1.391731009601E-1));
#10995=DIRECTION('',(1.391731009601E-1,0.E0,-9.902680687416E-1));
#10996=AXIS2_PLACEMENT_3D('',#10993,#10994,#10995);
#10997=PLANE('',#10996);
#10998=ORIENTED_EDGE('',*,*,#9498,.T.);
#10999=ORIENTED_EDGE('',*,*,#9852,.T.);
#11000=ORIENTED_EDGE('',*,*,#10179,.F.);
#11001=ORIENTED_EDGE('',*,*,#10986,.T.);
#11002=EDGE_LOOP('',(#10998,#10999,#11000,#11001));
#11003=FACE_OUTER_BOUND('',#11002,.F.);
#11004=ADVANCED_FACE('',(#11003),#10997,.F.);
#11005=CARTESIAN_POINT('',(-3.591898363453E-1,1.E0,-3.075E0));
#11006=DIRECTION('',(-9.902680687416E-1,0.E0,1.391731009601E-1));
#11007=DIRECTION('',(1.391731009601E-1,0.E0,9.902680687416E-1));
#11008=AXIS2_PLACEMENT_3D('',#11005,#11006,#11007);
#11009=PLANE('',#11008);
#11010=ORIENTED_EDGE('',*,*,#9494,.T.);
#11012=ORIENTED_EDGE('',*,*,#11011,.F.);
#11013=ORIENTED_EDGE('',*,*,#10182,.F.);
#11014=ORIENTED_EDGE('',*,*,#9855,.F.);
#11015=EDGE_LOOP('',(#11010,#11012,#11013,#11014));
#11016=FACE_OUTER_BOUND('',#11015,.F.);
#11017=ADVANCED_FACE('',(#11016),#11009,.F.);
#11018=CARTESIAN_POINT('',(-4.999999999999E-2,1.E0,-8.75E-1));
#11019=DIRECTION('',(0.E0,0.E0,1.E0));
#11020=DIRECTION('',(1.E0,0.E0,0.E0));
#11021=AXIS2_PLACEMENT_3D('',#11018,#11019,#11020);
#11022=PLANE('',#11021);
#11023=ORIENTED_EDGE('',*,*,#9492,.T.);
#11025=ORIENTED_EDGE('',*,*,#11024,.F.);
#11026=ORIENTED_EDGE('',*,*,#10184,.F.);
#11027=ORIENTED_EDGE('',*,*,#11011,.T.);
#11028=EDGE_LOOP('',(#11023,#11025,#11026,#11027));
#11029=FACE_OUTER_BOUND('',#11028,.F.);
#11030=ADVANCED_FACE('',(#11029),#11022,.F.);
#11031=CARTESIAN_POINT('',(5.000000000001E-2,1.E0,-8.75E-1));
#11032=DIRECTION('',(9.902680687416E-1,0.E0,1.391731009601E-1));
#11033=DIRECTION('',(1.391731009601E-1,0.E0,-9.902680687416E-1));
#11034=AXIS2_PLACEMENT_3D('',#11031,#11032,#11033);
#11035=PLANE('',#11034);
#11036=ORIENTED_EDGE('',*,*,#9490,.T.);
#11037=ORIENTED_EDGE('',*,*,#9837,.T.);
#11038=ORIENTED_EDGE('',*,*,#10186,.F.);
#11039=ORIENTED_EDGE('',*,*,#11024,.T.);
#11040=EDGE_LOOP('',(#11036,#11037,#11038,#11039));
#11041=FACE_OUTER_BOUND('',#11040,.F.);
#11042=ADVANCED_FACE('',(#11041),#11035,.F.);
#11043=CARTESIAN_POINT('',(2.180810163655E0,1.E0,-3.075E0));
#11044=DIRECTION('',(-9.902680687416E-1,0.E0,1.391731009601E-1));
#11045=DIRECTION('',(1.391731009601E-1,0.E0,9.902680687416E-1));
#11046=AXIS2_PLACEMENT_3D('',#11043,#11044,#11045);
#11047=PLANE('',#11046);
#11048=ORIENTED_EDGE('',*,*,#9486,.T.);
#11050=ORIENTED_EDGE('',*,*,#11049,.F.);
#11051=ORIENTED_EDGE('',*,*,#10189,.F.);
#11052=ORIENTED_EDGE('',*,*,#9840,.F.);
#11053=EDGE_LOOP('',(#11048,#11050,#11051,#11052));
#11054=FACE_OUTER_BOUND('',#11053,.F.);
#11055=ADVANCED_FACE('',(#11054),#11047,.F.);
#11056=CARTESIAN_POINT('',(2.49E0,1.E0,-8.75E-1));
#11057=DIRECTION('',(0.E0,0.E0,1.E0));
#11058=DIRECTION('',(1.E0,0.E0,0.E0));
#11059=AXIS2_PLACEMENT_3D('',#11056,#11057,#11058);
#11060=PLANE('',#11059);
#11061=ORIENTED_EDGE('',*,*,#9484,.T.);
#11063=ORIENTED_EDGE('',*,*,#11062,.F.);
#11064=ORIENTED_EDGE('',*,*,#10191,.F.);
#11065=ORIENTED_EDGE('',*,*,#11049,.T.);
#11066=EDGE_LOOP('',(#11061,#11063,#11064,#11065));
#11067=FACE_OUTER_BOUND('',#11066,.F.);
#11068=ADVANCED_FACE('',(#11067),#11060,.F.);
#11069=CARTESIAN_POINT('',(2.59E0,1.E0,-8.75E-1));
#11070=DIRECTION('',(9.902680687416E-1,0.E0,1.391731009601E-1));
#11071=DIRECTION('',(1.391731009601E-1,0.E0,-9.902680687416E-1));
#11072=AXIS2_PLACEMENT_3D('',#11069,#11070,#11071);
#11073=PLANE('',#11072);
#11074=ORIENTED_EDGE('',*,*,#9482,.T.);
#11075=ORIENTED_EDGE('',*,*,#9822,.T.);
#11076=ORIENTED_EDGE('',*,*,#10193,.F.);
#11077=ORIENTED_EDGE('',*,*,#11062,.T.);
#11078=EDGE_LOOP('',(#11074,#11075,#11076,#11077));
#11079=FACE_OUTER_BOUND('',#11078,.F.);
#11080=ADVANCED_FACE('',(#11079),#11073,.F.);
#11081=CARTESIAN_POINT('',(4.720810163655E0,1.E0,-3.075E0));
#11082=DIRECTION('',(-9.902680687416E-1,0.E0,1.391731009601E-1));
#11083=DIRECTION('',(1.391731009601E-1,0.E0,9.902680687416E-1));
#11084=AXIS2_PLACEMENT_3D('',#11081,#11082,#11083);
#11085=PLANE('',#11084);
#11086=ORIENTED_EDGE('',*,*,#9478,.T.);
#11088=ORIENTED_EDGE('',*,*,#11087,.F.);
#11089=ORIENTED_EDGE('',*,*,#10196,.F.);
#11090=ORIENTED_EDGE('',*,*,#9825,.F.);
#11091=EDGE_LOOP('',(#11086,#11088,#11089,#11090));
#11092=FACE_OUTER_BOUND('',#11091,.F.);
#11093=ADVANCED_FACE('',(#11092),#11085,.F.);
#11094=CARTESIAN_POINT('',(5.03E0,1.E0,-8.75E-1));
#11095=DIRECTION('',(0.E0,0.E0,1.E0));
#11096=DIRECTION('',(1.E0,0.E0,0.E0));
#11097=AXIS2_PLACEMENT_3D('',#11094,#11095,#11096);
#11098=PLANE('',#11097);
#11099=ORIENTED_EDGE('',*,*,#9476,.T.);
#11101=ORIENTED_EDGE('',*,*,#11100,.F.);
#11102=ORIENTED_EDGE('',*,*,#10198,.F.);
#11103=ORIENTED_EDGE('',*,*,#11087,.T.);
#11104=EDGE_LOOP('',(#11099,#11101,#11102,#11103));
#11105=FACE_OUTER_BOUND('',#11104,.F.);
#11106=ADVANCED_FACE('',(#11105),#11098,.F.);
#11107=CARTESIAN_POINT('',(5.13E0,1.E0,-8.75E-1));
#11108=DIRECTION('',(9.902680687416E-1,0.E0,1.391731009601E-1));
#11109=DIRECTION('',(1.391731009601E-1,0.E0,-9.902680687416E-1));
#11110=AXIS2_PLACEMENT_3D('',#11107,#11108,#11109);
#11111=PLANE('',#11110);
#11112=ORIENTED_EDGE('',*,*,#9474,.T.);
#11113=ORIENTED_EDGE('',*,*,#9807,.T.);
#11114=ORIENTED_EDGE('',*,*,#10200,.F.);
#11115=ORIENTED_EDGE('',*,*,#11100,.T.);
#11116=EDGE_LOOP('',(#11112,#11113,#11114,#11115));
#11117=FACE_OUTER_BOUND('',#11116,.F.);
#11118=ADVANCED_FACE('',(#11117),#11111,.F.);
#11119=CARTESIAN_POINT('',(7.260810163655E0,1.E0,-3.075E0));
#11120=DIRECTION('',(-9.902680687416E-1,0.E0,1.391731009601E-1));
#11121=DIRECTION('',(1.391731009601E-1,0.E0,9.902680687416E-1));
#11122=AXIS2_PLACEMENT_3D('',#11119,#11120,#11121);
#11123=PLANE('',#11122);
#11124=ORIENTED_EDGE('',*,*,#9470,.T.);
#11126=ORIENTED_EDGE('',*,*,#11125,.F.);
#11127=ORIENTED_EDGE('',*,*,#10203,.F.);
#11128=ORIENTED_EDGE('',*,*,#9810,.F.);
#11129=EDGE_LOOP('',(#11124,#11126,#11127,#11128));
#11130=FACE_OUTER_BOUND('',#11129,.F.);
#11131=ADVANCED_FACE('',(#11130),#11123,.F.);
#11132=CARTESIAN_POINT('',(7.57E0,1.E0,-8.75E-1));
#11133=DIRECTION('',(0.E0,0.E0,1.E0));
#11134=DIRECTION('',(1.E0,0.E0,0.E0));
#11135=AXIS2_PLACEMENT_3D('',#11132,#11133,#11134);
#11136=PLANE('',#11135);
#11137=ORIENTED_EDGE('',*,*,#9468,.T.);
#11139=ORIENTED_EDGE('',*,*,#11138,.F.);
#11140=ORIENTED_EDGE('',*,*,#10205,.F.);
#11141=ORIENTED_EDGE('',*,*,#11125,.T.);
#11142=EDGE_LOOP('',(#11137,#11139,#11140,#11141));
#11143=FACE_OUTER_BOUND('',#11142,.F.);
#11144=ADVANCED_FACE('',(#11143),#11136,.F.);
#11145=CARTESIAN_POINT('',(7.67E0,1.E0,-8.75E-1));
#11146=DIRECTION('',(9.902680687416E-1,0.E0,1.391731009601E-1));
#11147=DIRECTION('',(1.391731009601E-1,0.E0,-9.902680687416E-1));
#11148=AXIS2_PLACEMENT_3D('',#11145,#11146,#11147);
#11149=PLANE('',#11148);
#11150=ORIENTED_EDGE('',*,*,#9466,.T.);
#11151=ORIENTED_EDGE('',*,*,#9792,.T.);
#11152=ORIENTED_EDGE('',*,*,#10207,.F.);
#11153=ORIENTED_EDGE('',*,*,#11138,.T.);
#11154=EDGE_LOOP('',(#11150,#11151,#11152,#11153));
#11155=FACE_OUTER_BOUND('',#11154,.F.);
#11156=ADVANCED_FACE('',(#11155),#11149,.F.);
#11157=CARTESIAN_POINT('',(9.800810163655E0,1.E0,-3.075E0));
#11158=DIRECTION('',(-9.902680687416E-1,0.E0,1.391731009601E-1));
#11159=DIRECTION('',(1.391731009601E-1,0.E0,9.902680687416E-1));
#11160=AXIS2_PLACEMENT_3D('',#11157,#11158,#11159);
#11161=PLANE('',#11160);
#11162=ORIENTED_EDGE('',*,*,#9462,.T.);
#11164=ORIENTED_EDGE('',*,*,#11163,.F.);
#11165=ORIENTED_EDGE('',*,*,#10210,.F.);
#11166=ORIENTED_EDGE('',*,*,#9795,.F.);
#11167=EDGE_LOOP('',(#11162,#11164,#11165,#11166));
#11168=FACE_OUTER_BOUND('',#11167,.F.);
#11169=ADVANCED_FACE('',(#11168),#11161,.F.);
#11170=CARTESIAN_POINT('',(1.011E1,1.E0,-8.75E-1));
#11171=DIRECTION('',(0.E0,0.E0,1.E0));
#11172=DIRECTION('',(1.E0,0.E0,0.E0));
#11173=AXIS2_PLACEMENT_3D('',#11170,#11171,#11172);
#11174=PLANE('',#11173);
#11175=ORIENTED_EDGE('',*,*,#9460,.T.);
#11177=ORIENTED_EDGE('',*,*,#11176,.F.);
#11178=ORIENTED_EDGE('',*,*,#10212,.F.);
#11179=ORIENTED_EDGE('',*,*,#11163,.T.);
#11180=EDGE_LOOP('',(#11175,#11177,#11178,#11179));
#11181=FACE_OUTER_BOUND('',#11180,.F.);
#11182=ADVANCED_FACE('',(#11181),#11174,.F.);
#11183=CARTESIAN_POINT('',(1.021E1,1.E0,-8.75E-1));
#11184=DIRECTION('',(9.902680687416E-1,0.E0,1.391731009601E-1));
#11185=DIRECTION('',(1.391731009601E-1,0.E0,-9.902680687416E-1));
#11186=AXIS2_PLACEMENT_3D('',#11183,#11184,#11185);
#11187=PLANE('',#11186);
#11188=ORIENTED_EDGE('',*,*,#9458,.T.);
#11189=ORIENTED_EDGE('',*,*,#9782,.T.);
#11190=ORIENTED_EDGE('',*,*,#10214,.F.);
#11191=ORIENTED_EDGE('',*,*,#11176,.T.);
#11192=EDGE_LOOP('',(#11188,#11189,#11190,#11191));
#11193=FACE_OUTER_BOUND('',#11192,.F.);
#11194=ADVANCED_FACE('',(#11193),#11187,.F.);
#11195=CARTESIAN_POINT('',(7.979189836345E0,1.E0,3.075E0));
#11196=DIRECTION('',(9.902680687416E-1,0.E0,-1.391731009601E-1));
#11197=DIRECTION('',(-1.391731009601E-1,0.E0,-9.902680687416E-1));
#11198=AXIS2_PLACEMENT_3D('',#11195,#11196,#11197);
#11199=PLANE('',#11198);
#11200=ORIENTED_EDGE('',*,*,#9438,.T.);
#11202=ORIENTED_EDGE('',*,*,#11201,.F.);
#11203=ORIENTED_EDGE('',*,*,#10225,.F.);
#11204=ORIENTED_EDGE('',*,*,#9981,.F.);
#11205=EDGE_LOOP('',(#11200,#11202,#11203,#11204));
#11206=FACE_OUTER_BOUND('',#11205,.F.);
#11207=ADVANCED_FACE('',(#11206),#11199,.F.);
#11208=CARTESIAN_POINT('',(7.67E0,1.E0,8.75E-1));
#11209=DIRECTION('',(0.E0,0.E0,-1.E0));
#11210=DIRECTION('',(-1.E0,0.E0,0.E0));
#11211=AXIS2_PLACEMENT_3D('',#11208,#11209,#11210);
#11212=PLANE('',#11211);
#11213=ORIENTED_EDGE('',*,*,#9436,.T.);
#11215=ORIENTED_EDGE('',*,*,#11214,.F.);
#11216=ORIENTED_EDGE('',*,*,#10227,.F.);
#11217=ORIENTED_EDGE('',*,*,#11201,.T.);
#11218=EDGE_LOOP('',(#11213,#11215,#11216,#11217));
#11219=FACE_OUTER_BOUND('',#11218,.F.);
#11220=ADVANCED_FACE('',(#11219),#11212,.F.);
#11221=CARTESIAN_POINT('',(7.57E0,1.E0,8.75E-1));
#11222=DIRECTION('',(-9.902680687416E-1,0.E0,-1.391731009601E-1));
#11223=DIRECTION('',(-1.391731009601E-1,0.E0,9.902680687416E-1));
#11224=AXIS2_PLACEMENT_3D('',#11221,#11222,#11223);
#11225=PLANE('',#11224);
#11226=ORIENTED_EDGE('',*,*,#9434,.T.);
#11227=ORIENTED_EDGE('',*,*,#10000,.T.);
#11228=ORIENTED_EDGE('',*,*,#10229,.F.);
#11229=ORIENTED_EDGE('',*,*,#11214,.T.);
#11230=EDGE_LOOP('',(#11226,#11227,#11228,#11229));
#11231=FACE_OUTER_BOUND('',#11230,.F.);
#11232=ADVANCED_FACE('',(#11231),#11225,.F.);
#11233=CARTESIAN_POINT('',(5.439189836345E0,1.E0,3.075E0));
#11234=DIRECTION('',(9.902680687416E-1,0.E0,-1.391731009601E-1));
#11235=DIRECTION('',(-1.391731009601E-1,0.E0,-9.902680687416E-1));
#11236=AXIS2_PLACEMENT_3D('',#11233,#11234,#11235);
#11237=PLANE('',#11236);
#11238=ORIENTED_EDGE('',*,*,#9430,.T.);
#11240=ORIENTED_EDGE('',*,*,#11239,.F.);
#11241=ORIENTED_EDGE('',*,*,#10232,.F.);
#11242=ORIENTED_EDGE('',*,*,#9996,.F.);
#11243=EDGE_LOOP('',(#11238,#11240,#11241,#11242));
#11244=FACE_OUTER_BOUND('',#11243,.F.);
#11245=ADVANCED_FACE('',(#11244),#11237,.F.);
#11246=CARTESIAN_POINT('',(5.13E0,1.E0,8.75E-1));
#11247=DIRECTION('',(0.E0,0.E0,-1.E0));
#11248=DIRECTION('',(-1.E0,0.E0,0.E0));
#11249=AXIS2_PLACEMENT_3D('',#11246,#11247,#11248);
#11250=PLANE('',#11249);
#11251=ORIENTED_EDGE('',*,*,#9428,.T.);
#11253=ORIENTED_EDGE('',*,*,#11252,.F.);
#11254=ORIENTED_EDGE('',*,*,#10234,.F.);
#11255=ORIENTED_EDGE('',*,*,#11239,.T.);
#11256=EDGE_LOOP('',(#11251,#11253,#11254,#11255));
#11257=FACE_OUTER_BOUND('',#11256,.F.);
#11258=ADVANCED_FACE('',(#11257),#11250,.F.);
#11259=CARTESIAN_POINT('',(5.03E0,1.E0,8.75E-1));
#11260=DIRECTION('',(-9.902680687416E-1,0.E0,-1.391731009601E-1));
#11261=DIRECTION('',(-1.391731009601E-1,0.E0,9.902680687416E-1));
#11262=AXIS2_PLACEMENT_3D('',#11259,#11260,#11261);
#11263=PLANE('',#11262);
#11264=ORIENTED_EDGE('',*,*,#9426,.T.);
#11265=ORIENTED_EDGE('',*,*,#10015,.T.);
#11266=ORIENTED_EDGE('',*,*,#10236,.F.);
#11267=ORIENTED_EDGE('',*,*,#11252,.T.);
#11268=EDGE_LOOP('',(#11264,#11265,#11266,#11267));
#11269=FACE_OUTER_BOUND('',#11268,.F.);
#11270=ADVANCED_FACE('',(#11269),#11263,.F.);
#11271=CARTESIAN_POINT('',(2.899189836345E0,1.E0,3.075E0));
#11272=DIRECTION('',(9.902680687416E-1,0.E0,-1.391731009601E-1));
#11273=DIRECTION('',(-1.391731009601E-1,0.E0,-9.902680687416E-1));
#11274=AXIS2_PLACEMENT_3D('',#11271,#11272,#11273);
#11275=PLANE('',#11274);
#11276=ORIENTED_EDGE('',*,*,#9422,.T.);
#11278=ORIENTED_EDGE('',*,*,#11277,.F.);
#11279=ORIENTED_EDGE('',*,*,#10239,.F.);
#11280=ORIENTED_EDGE('',*,*,#10011,.F.);
#11281=EDGE_LOOP('',(#11276,#11278,#11279,#11280));
#11282=FACE_OUTER_BOUND('',#11281,.F.);
#11283=ADVANCED_FACE('',(#11282),#11275,.F.);
#11284=CARTESIAN_POINT('',(2.59E0,1.E0,8.75E-1));
#11285=DIRECTION('',(0.E0,0.E0,-1.E0));
#11286=DIRECTION('',(-1.E0,0.E0,0.E0));
#11287=AXIS2_PLACEMENT_3D('',#11284,#11285,#11286);
#11288=PLANE('',#11287);
#11289=ORIENTED_EDGE('',*,*,#9420,.T.);
#11291=ORIENTED_EDGE('',*,*,#11290,.F.);
#11292=ORIENTED_EDGE('',*,*,#10241,.F.);
#11293=ORIENTED_EDGE('',*,*,#11277,.T.);
#11294=EDGE_LOOP('',(#11289,#11291,#11292,#11293));
#11295=FACE_OUTER_BOUND('',#11294,.F.);
#11296=ADVANCED_FACE('',(#11295),#11288,.F.);
#11297=CARTESIAN_POINT('',(2.49E0,1.E0,8.75E-1));
#11298=DIRECTION('',(-9.902680687416E-1,0.E0,-1.391731009601E-1));
#11299=DIRECTION('',(-1.391731009601E-1,0.E0,9.902680687416E-1));
#11300=AXIS2_PLACEMENT_3D('',#11297,#11298,#11299);
#11301=PLANE('',#11300);
#11302=ORIENTED_EDGE('',*,*,#9418,.T.);
#11303=ORIENTED_EDGE('',*,*,#10030,.T.);
#11304=ORIENTED_EDGE('',*,*,#10243,.F.);
#11305=ORIENTED_EDGE('',*,*,#11290,.T.);
#11306=EDGE_LOOP('',(#11302,#11303,#11304,#11305));
#11307=FACE_OUTER_BOUND('',#11306,.F.);
#11308=ADVANCED_FACE('',(#11307),#11301,.F.);
#11309=CARTESIAN_POINT('',(3.591898363453E-1,1.E0,3.075E0));
#11310=DIRECTION('',(9.902680687416E-1,0.E0,-1.391731009601E-1));
#11311=DIRECTION('',(-1.391731009601E-1,0.E0,-9.902680687416E-1));
#11312=AXIS2_PLACEMENT_3D('',#11309,#11310,#11311);
#11313=PLANE('',#11312);
#11314=ORIENTED_EDGE('',*,*,#9414,.T.);
#11316=ORIENTED_EDGE('',*,*,#11315,.F.);
#11317=ORIENTED_EDGE('',*,*,#10246,.F.);
#11318=ORIENTED_EDGE('',*,*,#10026,.F.);
#11319=EDGE_LOOP('',(#11314,#11316,#11317,#11318));
#11320=FACE_OUTER_BOUND('',#11319,.F.);
#11321=ADVANCED_FACE('',(#11320),#11313,.F.);
#11322=CARTESIAN_POINT('',(5.000000000001E-2,1.E0,8.75E-1));
#11323=DIRECTION('',(0.E0,0.E0,-1.E0));
#11324=DIRECTION('',(-1.E0,0.E0,0.E0));
#11325=AXIS2_PLACEMENT_3D('',#11322,#11323,#11324);
#11326=PLANE('',#11325);
#11327=ORIENTED_EDGE('',*,*,#9412,.T.);
#11329=ORIENTED_EDGE('',*,*,#11328,.F.);
#11330=ORIENTED_EDGE('',*,*,#10248,.F.);
#11331=ORIENTED_EDGE('',*,*,#11315,.T.);
#11332=EDGE_LOOP('',(#11327,#11329,#11330,#11331));
#11333=FACE_OUTER_BOUND('',#11332,.F.);
#11334=ADVANCED_FACE('',(#11333),#11326,.F.);
#11335=CARTESIAN_POINT('',(-4.999999999999E-2,1.E0,8.75E-1));
#11336=DIRECTION('',(-9.902680687416E-1,0.E0,-1.391731009601E-1));
#11337=DIRECTION('',(-1.391731009601E-1,0.E0,9.902680687416E-1));
#11338=AXIS2_PLACEMENT_3D('',#11335,#11336,#11337);
#11339=PLANE('',#11338);
#11340=ORIENTED_EDGE('',*,*,#9410,.T.);
#11341=ORIENTED_EDGE('',*,*,#10045,.T.);
#11342=ORIENTED_EDGE('',*,*,#10250,.F.);
#11343=ORIENTED_EDGE('',*,*,#11328,.T.);
#11344=EDGE_LOOP('',(#11340,#11341,#11342,#11343));
#11345=FACE_OUTER_BOUND('',#11344,.F.);
#11346=ADVANCED_FACE('',(#11345),#11339,.F.);
#11347=CARTESIAN_POINT('',(-2.180810163655E0,1.E0,3.075E0));
#11348=DIRECTION('',(9.902680687416E-1,0.E0,-1.391731009601E-1));
#11349=DIRECTION('',(-1.391731009601E-1,0.E0,-9.902680687416E-1));
#11350=AXIS2_PLACEMENT_3D('',#11347,#11348,#11349);
#11351=PLANE('',#11350);
#11352=ORIENTED_EDGE('',*,*,#9406,.T.);
#11354=ORIENTED_EDGE('',*,*,#11353,.F.);
#11355=ORIENTED_EDGE('',*,*,#10253,.F.);
#11356=ORIENTED_EDGE('',*,*,#10041,.F.);
#11357=EDGE_LOOP('',(#11352,#11354,#11355,#11356));
#11358=FACE_OUTER_BOUND('',#11357,.F.);
#11359=ADVANCED_FACE('',(#11358),#11351,.F.);
#11360=CARTESIAN_POINT('',(-2.49E0,1.E0,8.75E-1));
#11361=DIRECTION('',(0.E0,0.E0,-1.E0));
#11362=DIRECTION('',(-1.E0,0.E0,0.E0));
#11363=AXIS2_PLACEMENT_3D('',#11360,#11361,#11362);
#11364=PLANE('',#11363);
#11365=ORIENTED_EDGE('',*,*,#9404,.T.);
#11367=ORIENTED_EDGE('',*,*,#11366,.F.);
#11368=ORIENTED_EDGE('',*,*,#10255,.F.);
#11369=ORIENTED_EDGE('',*,*,#11353,.T.);
#11370=EDGE_LOOP('',(#11365,#11367,#11368,#11369));
#11371=FACE_OUTER_BOUND('',#11370,.F.);
#11372=ADVANCED_FACE('',(#11371),#11364,.F.);
#11373=CARTESIAN_POINT('',(-2.59E0,1.E0,8.75E-1));
#11374=DIRECTION('',(-9.902680687416E-1,0.E0,-1.391731009601E-1));
#11375=DIRECTION('',(-1.391731009601E-1,0.E0,9.902680687416E-1));
#11376=AXIS2_PLACEMENT_3D('',#11373,#11374,#11375);
#11377=PLANE('',#11376);
#11378=ORIENTED_EDGE('',*,*,#9402,.T.);
#11379=ORIENTED_EDGE('',*,*,#10060,.T.);
#11380=ORIENTED_EDGE('',*,*,#10257,.F.);
#11381=ORIENTED_EDGE('',*,*,#11366,.T.);
#11382=EDGE_LOOP('',(#11378,#11379,#11380,#11381));
#11383=FACE_OUTER_BOUND('',#11382,.F.);
#11384=ADVANCED_FACE('',(#11383),#11377,.F.);
#11385=CARTESIAN_POINT('',(-4.720810163655E0,1.E0,3.075E0));
#11386=DIRECTION('',(9.902680687416E-1,0.E0,-1.391731009601E-1));
#11387=DIRECTION('',(-1.391731009601E-1,0.E0,-9.902680687416E-1));
#11388=AXIS2_PLACEMENT_3D('',#11385,#11386,#11387);
#11389=PLANE('',#11388);
#11390=ORIENTED_EDGE('',*,*,#9398,.T.);
#11392=ORIENTED_EDGE('',*,*,#11391,.F.);
#11393=ORIENTED_EDGE('',*,*,#10260,.F.);
#11394=ORIENTED_EDGE('',*,*,#10056,.F.);
#11395=EDGE_LOOP('',(#11390,#11392,#11393,#11394));
#11396=FACE_OUTER_BOUND('',#11395,.F.);
#11397=ADVANCED_FACE('',(#11396),#11389,.F.);
#11398=CARTESIAN_POINT('',(-5.03E0,1.E0,8.75E-1));
#11399=DIRECTION('',(0.E0,0.E0,-1.E0));
#11400=DIRECTION('',(-1.E0,0.E0,0.E0));
#11401=AXIS2_PLACEMENT_3D('',#11398,#11399,#11400);
#11402=PLANE('',#11401);
#11403=ORIENTED_EDGE('',*,*,#9396,.T.);
#11405=ORIENTED_EDGE('',*,*,#11404,.F.);
#11406=ORIENTED_EDGE('',*,*,#10262,.F.);
#11407=ORIENTED_EDGE('',*,*,#11391,.T.);
#11408=EDGE_LOOP('',(#11403,#11405,#11406,#11407));
#11409=FACE_OUTER_BOUND('',#11408,.F.);
#11410=ADVANCED_FACE('',(#11409),#11402,.F.);
#11411=CARTESIAN_POINT('',(-5.13E0,1.E0,8.75E-1));
#11412=DIRECTION('',(-9.902680687416E-1,0.E0,-1.391731009601E-1));
#11413=DIRECTION('',(-1.391731009601E-1,0.E0,9.902680687416E-1));
#11414=AXIS2_PLACEMENT_3D('',#11411,#11412,#11413);
#11415=PLANE('',#11414);
#11416=ORIENTED_EDGE('',*,*,#9394,.T.);
#11417=ORIENTED_EDGE('',*,*,#10075,.T.);
#11418=ORIENTED_EDGE('',*,*,#10264,.F.);
#11419=ORIENTED_EDGE('',*,*,#11404,.T.);
#11420=EDGE_LOOP('',(#11416,#11417,#11418,#11419));
#11421=FACE_OUTER_BOUND('',#11420,.F.);
#11422=ADVANCED_FACE('',(#11421),#11415,.F.);
#11423=CARTESIAN_POINT('',(-7.260810163655E0,1.E0,3.075E0));
#11424=DIRECTION('',(9.902680687416E-1,0.E0,-1.391731009601E-1));
#11425=DIRECTION('',(-1.391731009601E-1,0.E0,-9.902680687416E-1));
#11426=AXIS2_PLACEMENT_3D('',#11423,#11424,#11425);
#11427=PLANE('',#11426);
#11428=ORIENTED_EDGE('',*,*,#9390,.T.);
#11430=ORIENTED_EDGE('',*,*,#11429,.F.);
#11431=ORIENTED_EDGE('',*,*,#10267,.F.);
#11432=ORIENTED_EDGE('',*,*,#10071,.F.);
#11433=EDGE_LOOP('',(#11428,#11430,#11431,#11432));
#11434=FACE_OUTER_BOUND('',#11433,.F.);
#11435=ADVANCED_FACE('',(#11434),#11427,.F.);
#11436=CARTESIAN_POINT('',(-7.57E0,1.E0,8.75E-1));
#11437=DIRECTION('',(0.E0,0.E0,-1.E0));
#11438=DIRECTION('',(-1.E0,0.E0,0.E0));
#11439=AXIS2_PLACEMENT_3D('',#11436,#11437,#11438);
#11440=PLANE('',#11439);
#11441=ORIENTED_EDGE('',*,*,#9388,.T.);
#11443=ORIENTED_EDGE('',*,*,#11442,.F.);
#11444=ORIENTED_EDGE('',*,*,#10269,.F.);
#11445=ORIENTED_EDGE('',*,*,#11429,.T.);
#11446=EDGE_LOOP('',(#11441,#11443,#11444,#11445));
#11447=FACE_OUTER_BOUND('',#11446,.F.);
#11448=ADVANCED_FACE('',(#11447),#11440,.F.);
#11449=CARTESIAN_POINT('',(-7.67E0,1.E0,8.75E-1));
#11450=DIRECTION('',(-9.902680687416E-1,0.E0,-1.391731009601E-1));
#11451=DIRECTION('',(-1.391731009601E-1,0.E0,9.902680687416E-1));
#11452=AXIS2_PLACEMENT_3D('',#11449,#11450,#11451);
#11453=PLANE('',#11452);
#11454=ORIENTED_EDGE('',*,*,#9386,.T.);
#11455=ORIENTED_EDGE('',*,*,#10090,.T.);
#11456=ORIENTED_EDGE('',*,*,#10271,.F.);
#11457=ORIENTED_EDGE('',*,*,#11442,.T.);
#11458=EDGE_LOOP('',(#11454,#11455,#11456,#11457));
#11459=FACE_OUTER_BOUND('',#11458,.F.);
#11460=ADVANCED_FACE('',(#11459),#11453,.F.);
#11461=CARTESIAN_POINT('',(-9.800810163655E0,1.E0,3.075E0));
#11462=DIRECTION('',(9.902680687416E-1,0.E0,-1.391731009601E-1));
#11463=DIRECTION('',(-1.391731009601E-1,0.E0,-9.902680687416E-1));
#11464=AXIS2_PLACEMENT_3D('',#11461,#11462,#11463);
#11465=PLANE('',#11464);
#11466=ORIENTED_EDGE('',*,*,#9382,.T.);
#11468=ORIENTED_EDGE('',*,*,#11467,.F.);
#11469=ORIENTED_EDGE('',*,*,#10274,.F.);
#11470=ORIENTED_EDGE('',*,*,#10086,.F.);
#11471=EDGE_LOOP('',(#11466,#11468,#11469,#11470));
#11472=FACE_OUTER_BOUND('',#11471,.F.);
#11473=ADVANCED_FACE('',(#11472),#11465,.F.);
#11474=CARTESIAN_POINT('',(-1.011E1,1.E0,8.75E-1));
#11475=DIRECTION('',(0.E0,0.E0,-1.E0));
#11476=DIRECTION('',(-1.E0,0.E0,0.E0));
#11477=AXIS2_PLACEMENT_3D('',#11474,#11475,#11476);
#11478=PLANE('',#11477);
#11479=ORIENTED_EDGE('',*,*,#9380,.T.);
#11481=ORIENTED_EDGE('',*,*,#11480,.F.);
#11482=ORIENTED_EDGE('',*,*,#10276,.F.);
#11483=ORIENTED_EDGE('',*,*,#11467,.T.);
#11484=EDGE_LOOP('',(#11479,#11481,#11482,#11483));
#11485=FACE_OUTER_BOUND('',#11484,.F.);
#11486=ADVANCED_FACE('',(#11485),#11478,.F.);
#11487=CARTESIAN_POINT('',(-1.021E1,1.E0,8.75E-1));
#11488=DIRECTION('',(-9.902680687416E-1,0.E0,-1.391731009601E-1));
#11489=DIRECTION('',(-1.391731009601E-1,0.E0,9.902680687416E-1));
#11490=AXIS2_PLACEMENT_3D('',#11487,#11488,#11489);
#11491=PLANE('',#11490);
#11492=ORIENTED_EDGE('',*,*,#9378,.T.);
#11493=ORIENTED_EDGE('',*,*,#10101,.T.);
#11494=ORIENTED_EDGE('',*,*,#10278,.F.);
#11495=ORIENTED_EDGE('',*,*,#11480,.T.);
#11496=EDGE_LOOP('',(#11492,#11493,#11494,#11495));
#11497=FACE_OUTER_BOUND('',#11496,.F.);
#11498=ADVANCED_FACE('',(#11497),#11491,.F.);
#11499=CARTESIAN_POINT('',(-1.27E1,-1.E0,7.75E-1));
#11500=DIRECTION('',(-9.902680687416E-1,0.E0,1.391731009601E-1));
#11501=DIRECTION('',(1.391731009601E-1,0.E0,9.902680687416E-1));
#11502=AXIS2_PLACEMENT_3D('',#11499,#11500,#11501);
#11503=PLANE('',#11502);
#11504=ORIENTED_EDGE('',*,*,#9374,.F.);
#11506=ORIENTED_EDGE('',*,*,#11505,.T.);
#11507=ORIENTED_EDGE('',*,*,#10281,.T.);
#11508=ORIENTED_EDGE('',*,*,#10104,.F.);
#11509=EDGE_LOOP('',(#11504,#11506,#11507,#11508));
#11510=FACE_OUTER_BOUND('',#11509,.F.);
#11511=ADVANCED_FACE('',(#11510),#11503,.T.);
#11512=CARTESIAN_POINT('',(-1.27E1,-1.E0,-7.75E-1));
#11513=DIRECTION('',(-1.E0,0.E0,0.E0));
#11514=DIRECTION('',(0.E0,0.E0,1.E0));
#11515=AXIS2_PLACEMENT_3D('',#11512,#11513,#11514);
#11516=PLANE('',#11515);
#11517=ORIENTED_EDGE('',*,*,#9372,.F.);
#11519=ORIENTED_EDGE('',*,*,#11518,.T.);
#11520=ORIENTED_EDGE('',*,*,#10283,.T.);
#11521=ORIENTED_EDGE('',*,*,#11505,.F.);
#11522=EDGE_LOOP('',(#11517,#11519,#11520,#11521));
#11523=FACE_OUTER_BOUND('',#11522,.F.);
#11524=ADVANCED_FACE('',(#11523),#11516,.T.);
#11525=CARTESIAN_POINT('',(-1.237675608018E1,-1.E0,-3.075E0));
#11526=DIRECTION('',(-9.902680687416E-1,0.E0,-1.391731009601E-1));
#11527=DIRECTION('',(-1.391731009601E-1,0.E0,9.902680687416E-1));
#11528=AXIS2_PLACEMENT_3D('',#11525,#11526,#11527);
#11529=PLANE('',#11528);
#11530=ORIENTED_EDGE('',*,*,#9370,.F.);
#11531=ORIENTED_EDGE('',*,*,#9900,.T.);
#11532=ORIENTED_EDGE('',*,*,#10285,.T.);
#11533=ORIENTED_EDGE('',*,*,#11518,.F.);
#11534=EDGE_LOOP('',(#11530,#11531,#11532,#11533));
#11535=FACE_OUTER_BOUND('',#11534,.F.);
#11536=ADVANCED_FACE('',(#11535),#11529,.T.);
#11537=CARTESIAN_POINT('',(1.041508134289E1,1.E0,-1.725E0));
#11538=DIRECTION('',(0.E0,0.E0,-1.E0));
#11539=DIRECTION('',(1.E0,0.E0,0.E0));
#11540=AXIS2_PLACEMENT_3D('',#11537,#11538,#11539);
#11541=PLANE('',#11540);
#11542=ORIENTED_EDGE('',*,*,#10290,.T.);
#11544=ORIENTED_EDGE('',*,*,#11543,.F.);
#11546=ORIENTED_EDGE('',*,*,#11545,.T.);
#11548=ORIENTED_EDGE('',*,*,#11547,.T.);
#11549=EDGE_LOOP('',(#11542,#11544,#11546,#11548));
#11550=FACE_OUTER_BOUND('',#11549,.F.);
#11551=ADVANCED_FACE('',(#11550),#11541,.T.);
#11552=CARTESIAN_POINT('',(1.105508134289E1,1.E0,-1.725E0));
#11553=DIRECTION('',(9.902680687416E-1,0.E0,1.391731009601E-1));
#11554=DIRECTION('',(-1.391731009601E-1,0.E0,9.902680687416E-1));
#11555=AXIS2_PLACEMENT_3D('',#11552,#11553,#11554);
#11556=PLANE('',#11555);
#11557=ORIENTED_EDGE('',*,*,#10296,.T.);
#11559=ORIENTED_EDGE('',*,*,#11558,.F.);
#11561=ORIENTED_EDGE('',*,*,#11560,.T.);
#11562=ORIENTED_EDGE('',*,*,#11543,.T.);
#11563=EDGE_LOOP('',(#11557,#11559,#11561,#11562));
#11564=FACE_OUTER_BOUND('',#11563,.F.);
#11565=ADVANCED_FACE('',(#11564),#11556,.T.);
#11566=CARTESIAN_POINT('',(1.093E1,1.E0,-8.35E-1));
#11567=DIRECTION('',(0.E0,0.E0,1.E0));
#11568=DIRECTION('',(-1.E0,0.E0,0.E0));
#11569=AXIS2_PLACEMENT_3D('',#11566,#11567,#11568);
#11570=PLANE('',#11569);
#11571=ORIENTED_EDGE('',*,*,#10294,.T.);
#11573=ORIENTED_EDGE('',*,*,#11572,.F.);
#11575=ORIENTED_EDGE('',*,*,#11574,.T.);
#11576=ORIENTED_EDGE('',*,*,#11558,.T.);
#11577=EDGE_LOOP('',(#11571,#11573,#11575,#11576));
#11578=FACE_OUTER_BOUND('',#11577,.F.);
#11579=ADVANCED_FACE('',(#11578),#11570,.T.);
#11580=CARTESIAN_POINT('',(1.029E1,1.E0,-8.35E-1));
#11581=DIRECTION('',(-9.902680687416E-1,0.E0,-1.391731009601E-1));
#11582=DIRECTION('',(1.391731009601E-1,0.E0,-9.902680687416E-1));
#11583=AXIS2_PLACEMENT_3D('',#11580,#11581,#11582);
#11584=PLANE('',#11583);
#11585=ORIENTED_EDGE('',*,*,#10292,.T.);
#11586=ORIENTED_EDGE('',*,*,#11547,.F.);
#11588=ORIENTED_EDGE('',*,*,#11587,.T.);
#11589=ORIENTED_EDGE('',*,*,#11572,.T.);
#11590=EDGE_LOOP('',(#11585,#11586,#11588,#11589));
#11591=FACE_OUTER_BOUND('',#11590,.F.);
#11592=ADVANCED_FACE('',(#11591),#11584,.T.);
#11593=CARTESIAN_POINT('',(0.E0,1.5E0,0.E0));
#11594=DIRECTION('',(0.E0,-1.E0,0.E0));
#11595=DIRECTION('',(-1.E0,0.E0,0.E0));
#11596=AXIS2_PLACEMENT_3D('',#11593,#11594,#11595);
#11597=PLANE('',#11596);
#11598=ORIENTED_EDGE('',*,*,#11574,.F.);
#11599=ORIENTED_EDGE('',*,*,#11587,.F.);
#11600=ORIENTED_EDGE('',*,*,#11545,.F.);
#11601=ORIENTED_EDGE('',*,*,#11560,.F.);
#11602=EDGE_LOOP('',(#11598,#11599,#11600,#11601));
#11603=FACE_OUTER_BOUND('',#11602,.F.);
#11604=ADVANCED_FACE('',(#11603),#11597,.F.);
#11605=CARTESIAN_POINT('',(0.E0,1.5E0,0.E0));
#11606=DIRECTION('',(0.E0,-1.E0,0.E0));
#11607=DIRECTION('',(-1.E0,0.E0,0.E0));
#11608=AXIS2_PLACEMENT_3D('',#11605,#11606,#11607);
#11609=PLANE('',#11608);
#11611=ORIENTED_EDGE('',*,*,#11610,.F.);
#11613=ORIENTED_EDGE('',*,*,#11612,.F.);
#11615=ORIENTED_EDGE('',*,*,#11614,.F.);
#11617=ORIENTED_EDGE('',*,*,#11616,.F.);
#11618=EDGE_LOOP('',(#11611,#11613,#11615,#11617));
#11619=FACE_OUTER_BOUND('',#11618,.F.);
#11620=ADVANCED_FACE('',(#11619),#11609,.F.);
#11621=CARTESIAN_POINT('',(0.E0,1.5E0,0.E0));
#11622=DIRECTION('',(0.E0,-1.E0,0.E0));
#11623=DIRECTION('',(-1.E0,0.E0,0.E0));
#11624=AXIS2_PLACEMENT_3D('',#11621,#11622,#11623);
#11625=PLANE('',#11624);
#11627=ORIENTED_EDGE('',*,*,#11626,.F.);
#11629=ORIENTED_EDGE('',*,*,#11628,.F.);
#11631=ORIENTED_EDGE('',*,*,#11630,.F.);
#11633=ORIENTED_EDGE('',*,*,#11632,.F.);
#11634=EDGE_LOOP('',(#11627,#11629,#11631,#11633));
#11635=FACE_OUTER_BOUND('',#11634,.F.);
#11636=ADVANCED_FACE('',(#11635),#11625,.F.);
#11637=CARTESIAN_POINT('',(0.E0,1.5E0,0.E0));
#11638=DIRECTION('',(0.E0,-1.E0,0.E0));
#11639=DIRECTION('',(-1.E0,0.E0,0.E0));
#11640=AXIS2_PLACEMENT_3D('',#11637,#11638,#11639);
#11641=PLANE('',#11640);
#11643=ORIENTED_EDGE('',*,*,#11642,.F.);
#11645=ORIENTED_EDGE('',*,*,#11644,.F.);
#11647=ORIENTED_EDGE('',*,*,#11646,.F.);
#11649=ORIENTED_EDGE('',*,*,#11648,.F.);
#11650=EDGE_LOOP('',(#11643,#11645,#11647,#11649));
#11651=FACE_OUTER_BOUND('',#11650,.F.);
#11652=ADVANCED_FACE('',(#11651),#11641,.F.);
#11653=CARTESIAN_POINT('',(1.257E1,1.E0,-8.35E-1));
#11654=DIRECTION('',(0.E0,0.E0,1.E0));
#11655=DIRECTION('',(-1.E0,0.E0,0.E0));
#11656=AXIS2_PLACEMENT_3D('',#11653,#11654,#11655);
#11657=PLANE('',#11656);
#11658=ORIENTED_EDGE('',*,*,#10300,.T.);
#11660=ORIENTED_EDGE('',*,*,#11659,.F.);
#11661=ORIENTED_EDGE('',*,*,#11610,.T.);
#11663=ORIENTED_EDGE('',*,*,#11662,.T.);
#11664=EDGE_LOOP('',(#11658,#11660,#11661,#11663));
#11665=FACE_OUTER_BOUND('',#11664,.F.);
#11666=ADVANCED_FACE('',(#11665),#11657,.T.);
#11667=CARTESIAN_POINT('',(1.193E1,1.E0,-8.35E-1));
#11668=DIRECTION('',(-9.902680687416E-1,0.E0,1.391731009601E-1));
#11669=DIRECTION('',(-1.391731009601E-1,0.E0,-9.902680687416E-1));
#11670=AXIS2_PLACEMENT_3D('',#11667,#11668,#11669);
#11671=PLANE('',#11670);
#11672=ORIENTED_EDGE('',*,*,#10306,.T.);
#11674=ORIENTED_EDGE('',*,*,#11673,.F.);
#11675=ORIENTED_EDGE('',*,*,#11612,.T.);
#11676=ORIENTED_EDGE('',*,*,#11659,.T.);
#11677=EDGE_LOOP('',(#11672,#11674,#11675,#11676));
#11678=FACE_OUTER_BOUND('',#11677,.F.);
#11679=ADVANCED_FACE('',(#11678),#11671,.T.);
#11680=CARTESIAN_POINT('',(1.180491865711E1,1.E0,-1.725E0));
#11681=DIRECTION('',(0.E0,0.E0,-1.E0));
#11682=DIRECTION('',(1.E0,0.E0,0.E0));
#11683=AXIS2_PLACEMENT_3D('',#11680,#11681,#11682);
#11684=PLANE('',#11683);
#11685=ORIENTED_EDGE('',*,*,#10304,.T.);
#11687=ORIENTED_EDGE('',*,*,#11686,.T.);
#11688=ORIENTED_EDGE('',*,*,#11614,.T.);
#11689=ORIENTED_EDGE('',*,*,#11673,.T.);
#11690=EDGE_LOOP('',(#11685,#11687,#11688,#11689));
#11691=FACE_OUTER_BOUND('',#11690,.F.);
#11692=ADVANCED_FACE('',(#11691),#11684,.T.);
#11693=CARTESIAN_POINT('',(1.244491865711E1,1.E0,-1.725E0));
#11694=DIRECTION('',(9.902680687416E-1,0.E0,-1.391731009601E-1));
#11695=DIRECTION('',(1.391731009601E-1,0.E0,9.902680687416E-1));
#11696=AXIS2_PLACEMENT_3D('',#11693,#11694,#11695);
#11697=PLANE('',#11696);
#11698=ORIENTED_EDGE('',*,*,#11662,.F.);
#11699=ORIENTED_EDGE('',*,*,#11616,.T.);
#11700=ORIENTED_EDGE('',*,*,#11686,.F.);
#11701=ORIENTED_EDGE('',*,*,#10302,.T.);
#11702=EDGE_LOOP('',(#11698,#11699,#11700,#11701));
#11703=FACE_OUTER_BOUND('',#11702,.F.);
#11704=ADVANCED_FACE('',(#11703),#11697,.T.);
#11705=CARTESIAN_POINT('',(1.093E1,1.E0,8.35E-1));
#11706=DIRECTION('',(9.902680687416E-1,0.E0,-1.391731009601E-1));
#11707=DIRECTION('',(1.391731009601E-1,0.E0,9.902680687416E-1));
#11708=AXIS2_PLACEMENT_3D('',#11705,#11706,#11707);
#11709=PLANE('',#11708);
#11710=ORIENTED_EDGE('',*,*,#10310,.T.);
#11712=ORIENTED_EDGE('',*,*,#11711,.F.);
#11713=ORIENTED_EDGE('',*,*,#11626,.T.);
#11715=ORIENTED_EDGE('',*,*,#11714,.T.);
#11716=EDGE_LOOP('',(#11710,#11712,#11713,#11715));
#11717=FACE_OUTER_BOUND('',#11716,.F.);
#11718=ADVANCED_FACE('',(#11717),#11709,.T.);
#11719=CARTESIAN_POINT('',(1.105508134289E1,1.E0,1.725E0));
#11720=DIRECTION('',(0.E0,0.E0,1.E0));
#11721=DIRECTION('',(-1.E0,0.E0,0.E0));
#11722=AXIS2_PLACEMENT_3D('',#11719,#11720,#11721);
#11723=PLANE('',#11722);
#11724=ORIENTED_EDGE('',*,*,#10316,.T.);
#11726=ORIENTED_EDGE('',*,*,#11725,.F.);
#11727=ORIENTED_EDGE('',*,*,#11628,.T.);
#11728=ORIENTED_EDGE('',*,*,#11711,.T.);
#11729=EDGE_LOOP('',(#11724,#11726,#11727,#11728));
#11730=FACE_OUTER_BOUND('',#11729,.F.);
#11731=ADVANCED_FACE('',(#11730),#11723,.T.);
#11732=CARTESIAN_POINT('',(1.041508134289E1,1.E0,1.725E0));
#11733=DIRECTION('',(-9.902680687416E-1,0.E0,1.391731009601E-1));
#11734=DIRECTION('',(-1.391731009601E-1,0.E0,-9.902680687416E-1));
#11735=AXIS2_PLACEMENT_3D('',#11732,#11733,#11734);
#11736=PLANE('',#11735);
#11737=ORIENTED_EDGE('',*,*,#10314,.T.);
#11739=ORIENTED_EDGE('',*,*,#11738,.F.);
#11740=ORIENTED_EDGE('',*,*,#11630,.T.);
#11741=ORIENTED_EDGE('',*,*,#11725,.T.);
#11742=EDGE_LOOP('',(#11737,#11739,#11740,#11741));
#11743=FACE_OUTER_BOUND('',#11742,.F.);
#11744=ADVANCED_FACE('',(#11743),#11736,.T.);
#11745=CARTESIAN_POINT('',(1.029E1,1.E0,8.35E-1));
#11746=DIRECTION('',(0.E0,0.E0,-1.E0));
#11747=DIRECTION('',(1.E0,0.E0,0.E0));
#11748=AXIS2_PLACEMENT_3D('',#11745,#11746,#11747);
#11749=PLANE('',#11748);
#11750=ORIENTED_EDGE('',*,*,#10312,.T.);
#11751=ORIENTED_EDGE('',*,*,#11714,.F.);
#11752=ORIENTED_EDGE('',*,*,#11632,.T.);
#11753=ORIENTED_EDGE('',*,*,#11738,.T.);
#11754=EDGE_LOOP('',(#11750,#11751,#11752,#11753));
#11755=FACE_OUTER_BOUND('',#11754,.F.);
#11756=ADVANCED_FACE('',(#11755),#11749,.T.);
#11757=CARTESIAN_POINT('',(1.257E1,1.E0,8.35E-1));
#11758=DIRECTION('',(9.902680687416E-1,0.E0,1.391731009601E-1));
#11759=DIRECTION('',(-1.391731009601E-1,0.E0,9.902680687416E-1));
#11760=AXIS2_PLACEMENT_3D('',#11757,#11758,#11759);
#11761=PLANE('',#11760);
#11762=ORIENTED_EDGE('',*,*,#10320,.T.);
#11764=ORIENTED_EDGE('',*,*,#11763,.F.);
#11765=ORIENTED_EDGE('',*,*,#11642,.T.);
#11767=ORIENTED_EDGE('',*,*,#11766,.T.);
#11768=EDGE_LOOP('',(#11762,#11764,#11765,#11767));
#11769=FACE_OUTER_BOUND('',#11768,.F.);
#11770=ADVANCED_FACE('',(#11769),#11761,.T.);
#11771=CARTESIAN_POINT('',(1.244491865711E1,1.E0,1.725E0));
#11772=DIRECTION('',(0.E0,0.E0,1.E0));
#11773=DIRECTION('',(-1.E0,0.E0,0.E0));
#11774=AXIS2_PLACEMENT_3D('',#11771,#11772,#11773);
#11775=PLANE('',#11774);
#11776=ORIENTED_EDGE('',*,*,#10326,.T.);
#11778=ORIENTED_EDGE('',*,*,#11777,.F.);
#11779=ORIENTED_EDGE('',*,*,#11644,.T.);
#11780=ORIENTED_EDGE('',*,*,#11763,.T.);
#11781=EDGE_LOOP('',(#11776,#11778,#11779,#11780));
#11782=FACE_OUTER_BOUND('',#11781,.F.);
#11783=ADVANCED_FACE('',(#11782),#11775,.T.);
#11784=CARTESIAN_POINT('',(1.180491865711E1,1.E0,1.725E0));
#11785=DIRECTION('',(-9.902680687416E-1,0.E0,-1.391731009601E-1));
#11786=DIRECTION('',(1.391731009601E-1,0.E0,-9.902680687416E-1));
#11787=AXIS2_PLACEMENT_3D('',#11784,#11785,#11786);
#11788=PLANE('',#11787);
#11789=ORIENTED_EDGE('',*,*,#10324,.T.);
#11791=ORIENTED_EDGE('',*,*,#11790,.F.);
#11792=ORIENTED_EDGE('',*,*,#11646,.T.);
#11793=ORIENTED_EDGE('',*,*,#11777,.T.);
#11794=EDGE_LOOP('',(#11789,#11791,#11792,#11793));
#11795=FACE_OUTER_BOUND('',#11794,.F.);
#11796=ADVANCED_FACE('',(#11795),#11788,.T.);
#11797=CARTESIAN_POINT('',(1.193E1,1.E0,8.35E-1));
#11798=DIRECTION('',(0.E0,0.E0,-1.E0));
#11799=DIRECTION('',(1.E0,0.E0,0.E0));
#11800=AXIS2_PLACEMENT_3D('',#11797,#11798,#11799);
#11801=PLANE('',#11800);
#11802=ORIENTED_EDGE('',*,*,#10322,.T.);
#11803=ORIENTED_EDGE('',*,*,#11766,.F.);
#11804=ORIENTED_EDGE('',*,*,#11648,.T.);
#11805=ORIENTED_EDGE('',*,*,#11790,.T.);
#11806=EDGE_LOOP('',(#11802,#11803,#11804,#11805));
#11807=FACE_OUTER_BOUND('',#11806,.F.);
#11808=ADVANCED_FACE('',(#11807),#11801,.T.);
#11809=CARTESIAN_POINT('',(8.39E0,1.E0,-8.35E-1));
#11810=DIRECTION('',(0.E0,0.E0,1.E0));
#11811=DIRECTION('',(-1.E0,0.E0,0.E0));
#11812=AXIS2_PLACEMENT_3D('',#11809,#11810,#11811);
#11813=PLANE('',#11812);
#11814=ORIENTED_EDGE('',*,*,#10330,.T.);
#11816=ORIENTED_EDGE('',*,*,#11815,.F.);
#11818=ORIENTED_EDGE('',*,*,#11817,.T.);
#11820=ORIENTED_EDGE('',*,*,#11819,.T.);
#11821=EDGE_LOOP('',(#11814,#11816,#11818,#11820));
#11822=FACE_OUTER_BOUND('',#11821,.F.);
#11823=ADVANCED_FACE('',(#11822),#11813,.T.);
#11824=CARTESIAN_POINT('',(7.75E0,1.E0,-8.35E-1));
#11825=DIRECTION('',(-9.902680687416E-1,0.E0,-1.391731009601E-1));
#11826=DIRECTION('',(1.391731009601E-1,0.E0,-9.902680687416E-1));
#11827=AXIS2_PLACEMENT_3D('',#11824,#11825,#11826);
#11828=PLANE('',#11827);
#11829=ORIENTED_EDGE('',*,*,#10336,.T.);
#11831=ORIENTED_EDGE('',*,*,#11830,.F.);
#11833=ORIENTED_EDGE('',*,*,#11832,.T.);
#11834=ORIENTED_EDGE('',*,*,#11815,.T.);
#11835=EDGE_LOOP('',(#11829,#11831,#11833,#11834));
#11836=FACE_OUTER_BOUND('',#11835,.F.);
#11837=ADVANCED_FACE('',(#11836),#11828,.T.);
#11838=CARTESIAN_POINT('',(7.875081342885E0,1.E0,-1.725E0));
#11839=DIRECTION('',(0.E0,0.E0,-1.E0));
#11840=DIRECTION('',(1.E0,0.E0,0.E0));
#11841=AXIS2_PLACEMENT_3D('',#11838,#11839,#11840);
#11842=PLANE('',#11841);
#11843=ORIENTED_EDGE('',*,*,#10334,.T.);
#11845=ORIENTED_EDGE('',*,*,#11844,.F.);
#11847=ORIENTED_EDGE('',*,*,#11846,.T.);
#11848=ORIENTED_EDGE('',*,*,#11830,.T.);
#11849=EDGE_LOOP('',(#11843,#11845,#11847,#11848));
#11850=FACE_OUTER_BOUND('',#11849,.F.);
#11851=ADVANCED_FACE('',(#11850),#11842,.T.);
#11852=CARTESIAN_POINT('',(8.515081342885E0,1.E0,-1.725E0));
#11853=DIRECTION('',(9.902680687416E-1,0.E0,1.391731009601E-1));
#11854=DIRECTION('',(-1.391731009601E-1,0.E0,9.902680687416E-1));
#11855=AXIS2_PLACEMENT_3D('',#11852,#11853,#11854);
#11856=PLANE('',#11855);
#11857=ORIENTED_EDGE('',*,*,#10332,.T.);
#11858=ORIENTED_EDGE('',*,*,#11819,.F.);
#11860=ORIENTED_EDGE('',*,*,#11859,.T.);
#11861=ORIENTED_EDGE('',*,*,#11844,.T.);
#11862=EDGE_LOOP('',(#11857,#11858,#11860,#11861));
#11863=FACE_OUTER_BOUND('',#11862,.F.);
#11864=ADVANCED_FACE('',(#11863),#11856,.T.);
#11865=CARTESIAN_POINT('',(0.E0,1.5E0,0.E0));
#11866=DIRECTION('',(0.E0,-1.E0,0.E0));
#11867=DIRECTION('',(-1.E0,0.E0,0.E0));
#11868=AXIS2_PLACEMENT_3D('',#11865,#11866,#11867);
#11869=PLANE('',#11868);
#11870=ORIENTED_EDGE('',*,*,#11817,.F.);
#11871=ORIENTED_EDGE('',*,*,#11832,.F.);
#11872=ORIENTED_EDGE('',*,*,#11846,.F.);
#11873=ORIENTED_EDGE('',*,*,#11859,.F.);
#11874=EDGE_LOOP('',(#11870,#11871,#11872,#11873));
#11875=FACE_OUTER_BOUND('',#11874,.F.);
#11876=ADVANCED_FACE('',(#11875),#11869,.F.);
#11877=CARTESIAN_POINT('',(0.E0,1.5E0,0.E0));
#11878=DIRECTION('',(0.E0,-1.E0,0.E0));
#11879=DIRECTION('',(-1.E0,0.E0,0.E0));
#11880=AXIS2_PLACEMENT_3D('',#11877,#11878,#11879);
#11881=PLANE('',#11880);
#11883=ORIENTED_EDGE('',*,*,#11882,.F.);
#11885=ORIENTED_EDGE('',*,*,#11884,.F.);
#11887=ORIENTED_EDGE('',*,*,#11886,.F.);
#11889=ORIENTED_EDGE('',*,*,#11888,.F.);
#11890=EDGE_LOOP('',(#11883,#11885,#11887,#11889));
#11891=FACE_OUTER_BOUND('',#11890,.F.);
#11892=ADVANCED_FACE('',(#11891),#11881,.F.);
#11893=CARTESIAN_POINT('',(0.E0,1.5E0,0.E0));
#11894=DIRECTION('',(0.E0,-1.E0,0.E0));
#11895=DIRECTION('',(-1.E0,0.E0,0.E0));
#11896=AXIS2_PLACEMENT_3D('',#11893,#11894,#11895);
#11897=PLANE('',#11896);
#11899=ORIENTED_EDGE('',*,*,#11898,.F.);
#11901=ORIENTED_EDGE('',*,*,#11900,.F.);
#11903=ORIENTED_EDGE('',*,*,#11902,.F.);
#11905=ORIENTED_EDGE('',*,*,#11904,.F.);
#11906=EDGE_LOOP('',(#11899,#11901,#11903,#11905));
#11907=FACE_OUTER_BOUND('',#11906,.F.);
#11908=ADVANCED_FACE('',(#11907),#11897,.F.);
#11909=CARTESIAN_POINT('',(0.E0,1.5E0,0.E0));
#11910=DIRECTION('',(0.E0,-1.E0,0.E0));
#11911=DIRECTION('',(-1.E0,0.E0,0.E0));
#11912=AXIS2_PLACEMENT_3D('',#11909,#11910,#11911);
#11913=PLANE('',#11912);
#11915=ORIENTED_EDGE('',*,*,#11914,.F.);
#11917=ORIENTED_EDGE('',*,*,#11916,.F.);
#11919=ORIENTED_EDGE('',*,*,#11918,.F.);
#11921=ORIENTED_EDGE('',*,*,#11920,.F.);
#11922=EDGE_LOOP('',(#11915,#11917,#11919,#11921));
#11923=FACE_OUTER_BOUND('',#11922,.F.);
#11924=ADVANCED_FACE('',(#11923),#11913,.F.);
#11925=CARTESIAN_POINT('',(1.003E1,1.E0,-8.35E-1));
#11926=DIRECTION('',(0.E0,0.E0,1.E0));
#11927=DIRECTION('',(-1.E0,0.E0,0.E0));
#11928=AXIS2_PLACEMENT_3D('',#11925,#11926,#11927);
#11929=PLANE('',#11928);
#11930=ORIENTED_EDGE('',*,*,#10340,.T.);
#11932=ORIENTED_EDGE('',*,*,#11931,.F.);
#11933=ORIENTED_EDGE('',*,*,#11882,.T.);
#11935=ORIENTED_EDGE('',*,*,#11934,.T.);
#11936=EDGE_LOOP('',(#11930,#11932,#11933,#11935));
#11937=FACE_OUTER_BOUND('',#11936,.F.);
#11938=ADVANCED_FACE('',(#11937),#11929,.T.);
#11939=CARTESIAN_POINT('',(9.39E0,1.E0,-8.35E-1));
#11940=DIRECTION('',(-9.902680687416E-1,0.E0,1.391731009601E-1));
#11941=DIRECTION('',(-1.391731009601E-1,0.E0,-9.902680687416E-1));
#11942=AXIS2_PLACEMENT_3D('',#11939,#11940,#11941);
#11943=PLANE('',#11942);
#11944=ORIENTED_EDGE('',*,*,#10346,.T.);
#11946=ORIENTED_EDGE('',*,*,#11945,.F.);
#11947=ORIENTED_EDGE('',*,*,#11884,.T.);
#11948=ORIENTED_EDGE('',*,*,#11931,.T.);
#11949=EDGE_LOOP('',(#11944,#11946,#11947,#11948));
#11950=FACE_OUTER_BOUND('',#11949,.F.);
#11951=ADVANCED_FACE('',(#11950),#11943,.T.);
#11952=CARTESIAN_POINT('',(9.264918657115E0,1.E0,-1.725E0));
#11953=DIRECTION('',(0.E0,0.E0,-1.E0));
#11954=DIRECTION('',(1.E0,0.E0,0.E0));
#11955=AXIS2_PLACEMENT_3D('',#11952,#11953,#11954);
#11956=PLANE('',#11955);
#11957=ORIENTED_EDGE('',*,*,#10344,.T.);
#11959=ORIENTED_EDGE('',*,*,#11958,.F.);
#11960=ORIENTED_EDGE('',*,*,#11886,.T.);
#11961=ORIENTED_EDGE('',*,*,#11945,.T.);
#11962=EDGE_LOOP('',(#11957,#11959,#11960,#11961));
#11963=FACE_OUTER_BOUND('',#11962,.F.);
#11964=ADVANCED_FACE('',(#11963),#11956,.T.);
#11965=CARTESIAN_POINT('',(9.904918657115E0,1.E0,-1.725E0));
#11966=DIRECTION('',(9.902680687416E-1,0.E0,-1.391731009601E-1));
#11967=DIRECTION('',(1.391731009601E-1,0.E0,9.902680687416E-1));
#11968=AXIS2_PLACEMENT_3D('',#11965,#11966,#11967);
#11969=PLANE('',#11968);
#11970=ORIENTED_EDGE('',*,*,#10342,.T.);
#11971=ORIENTED_EDGE('',*,*,#11934,.F.);
#11972=ORIENTED_EDGE('',*,*,#11888,.T.);
#11973=ORIENTED_EDGE('',*,*,#11958,.T.);
#11974=EDGE_LOOP('',(#11970,#11971,#11972,#11973));
#11975=FACE_OUTER_BOUND('',#11974,.F.);
#11976=ADVANCED_FACE('',(#11975),#11969,.T.);
#11977=CARTESIAN_POINT('',(8.39E0,1.E0,8.35E-1));
#11978=DIRECTION('',(9.902680687416E-1,0.E0,-1.391731009601E-1));
#11979=DIRECTION('',(1.391731009601E-1,0.E0,9.902680687416E-1));
#11980=AXIS2_PLACEMENT_3D('',#11977,#11978,#11979);
#11981=PLANE('',#11980);
#11982=ORIENTED_EDGE('',*,*,#10350,.T.);
#11984=ORIENTED_EDGE('',*,*,#11983,.F.);
#11985=ORIENTED_EDGE('',*,*,#11898,.T.);
#11987=ORIENTED_EDGE('',*,*,#11986,.T.);
#11988=EDGE_LOOP('',(#11982,#11984,#11985,#11987));
#11989=FACE_OUTER_BOUND('',#11988,.F.);
#11990=ADVANCED_FACE('',(#11989),#11981,.T.);
#11991=CARTESIAN_POINT('',(8.515081342885E0,1.E0,1.725E0));
#11992=DIRECTION('',(0.E0,0.E0,1.E0));
#11993=DIRECTION('',(-1.E0,0.E0,0.E0));
#11994=AXIS2_PLACEMENT_3D('',#11991,#11992,#11993);
#11995=PLANE('',#11994);
#11996=ORIENTED_EDGE('',*,*,#10356,.T.);
#11998=ORIENTED_EDGE('',*,*,#11997,.F.);
#11999=ORIENTED_EDGE('',*,*,#11900,.T.);
#12000=ORIENTED_EDGE('',*,*,#11983,.T.);
#12001=EDGE_LOOP('',(#11996,#11998,#11999,#12000));
#12002=FACE_OUTER_BOUND('',#12001,.F.);
#12003=ADVANCED_FACE('',(#12002),#11995,.T.);
#12004=CARTESIAN_POINT('',(7.875081342885E0,1.E0,1.725E0));
#12005=DIRECTION('',(-9.902680687416E-1,0.E0,1.391731009601E-1));
#12006=DIRECTION('',(-1.391731009601E-1,0.E0,-9.902680687416E-1));
#12007=AXIS2_PLACEMENT_3D('',#12004,#12005,#12006);
#12008=PLANE('',#12007);
#12009=ORIENTED_EDGE('',*,*,#10354,.T.);
#12011=ORIENTED_EDGE('',*,*,#12010,.F.);
#12012=ORIENTED_EDGE('',*,*,#11902,.T.);
#12013=ORIENTED_EDGE('',*,*,#11997,.T.);
#12014=EDGE_LOOP('',(#12009,#12011,#12012,#12013));
#12015=FACE_OUTER_BOUND('',#12014,.F.);
#12016=ADVANCED_FACE('',(#12015),#12008,.T.);
#12017=CARTESIAN_POINT('',(7.75E0,1.E0,8.35E-1));
#12018=DIRECTION('',(0.E0,0.E0,-1.E0));
#12019=DIRECTION('',(1.E0,0.E0,0.E0));
#12020=AXIS2_PLACEMENT_3D('',#12017,#12018,#12019);
#12021=PLANE('',#12020);
#12022=ORIENTED_EDGE('',*,*,#10352,.T.);
#12023=ORIENTED_EDGE('',*,*,#11986,.F.);
#12024=ORIENTED_EDGE('',*,*,#11904,.T.);
#12025=ORIENTED_EDGE('',*,*,#12010,.T.);
#12026=EDGE_LOOP('',(#12022,#12023,#12024,#12025));
#12027=FACE_OUTER_BOUND('',#12026,.F.);
#12028=ADVANCED_FACE('',(#12027),#12021,.T.);
#12029=CARTESIAN_POINT('',(1.003E1,1.E0,8.35E-1));
#12030=DIRECTION('',(9.902680687416E-1,0.E0,1.391731009601E-1));
#12031=DIRECTION('',(-1.391731009601E-1,0.E0,9.902680687416E-1));
#12032=AXIS2_PLACEMENT_3D('',#12029,#12030,#12031);
#12033=PLANE('',#12032);
#12034=ORIENTED_EDGE('',*,*,#10360,.T.);
#12036=ORIENTED_EDGE('',*,*,#12035,.F.);
#12037=ORIENTED_EDGE('',*,*,#11914,.T.);
#12039=ORIENTED_EDGE('',*,*,#12038,.T.);
#12040=EDGE_LOOP('',(#12034,#12036,#12037,#12039));
#12041=FACE_OUTER_BOUND('',#12040,.F.);
#12042=ADVANCED_FACE('',(#12041),#12033,.T.);
#12043=CARTESIAN_POINT('',(9.904918657115E0,1.E0,1.725E0));
#12044=DIRECTION('',(0.E0,0.E0,1.E0));
#12045=DIRECTION('',(-1.E0,0.E0,0.E0));
#12046=AXIS2_PLACEMENT_3D('',#12043,#12044,#12045);
#12047=PLANE('',#12046);
#12048=ORIENTED_EDGE('',*,*,#10366,.T.);
#12050=ORIENTED_EDGE('',*,*,#12049,.F.);
#12051=ORIENTED_EDGE('',*,*,#11916,.T.);
#12052=ORIENTED_EDGE('',*,*,#12035,.T.);
#12053=EDGE_LOOP('',(#12048,#12050,#12051,#12052));
#12054=FACE_OUTER_BOUND('',#12053,.F.);
#12055=ADVANCED_FACE('',(#12054),#12047,.T.);
#12056=CARTESIAN_POINT('',(9.264918657115E0,1.E0,1.725E0));
#12057=DIRECTION('',(-9.902680687416E-1,0.E0,-1.391731009601E-1));
#12058=DIRECTION('',(1.391731009601E-1,0.E0,-9.902680687416E-1));
#12059=AXIS2_PLACEMENT_3D('',#12056,#12057,#12058);
#12060=PLANE('',#12059);
#12061=ORIENTED_EDGE('',*,*,#10364,.T.);
#12063=ORIENTED_EDGE('',*,*,#12062,.F.);
#12064=ORIENTED_EDGE('',*,*,#11918,.T.);
#12065=ORIENTED_EDGE('',*,*,#12049,.T.);
#12066=EDGE_LOOP('',(#12061,#12063,#12064,#12065));
#12067=FACE_OUTER_BOUND('',#12066,.F.);
#12068=ADVANCED_FACE('',(#12067),#12060,.T.);
#12069=CARTESIAN_POINT('',(9.39E0,1.E0,8.35E-1));
#12070=DIRECTION('',(0.E0,0.E0,-1.E0));
#12071=DIRECTION('',(1.E0,0.E0,0.E0));
#12072=AXIS2_PLACEMENT_3D('',#12069,#12070,#12071);
#12073=PLANE('',#12072);
#12074=ORIENTED_EDGE('',*,*,#10362,.T.);
#12075=ORIENTED_EDGE('',*,*,#12038,.F.);
#12076=ORIENTED_EDGE('',*,*,#11920,.T.);
#12077=ORIENTED_EDGE('',*,*,#12062,.T.);
#12078=EDGE_LOOP('',(#12074,#12075,#12076,#12077));
#12079=FACE_OUTER_BOUND('',#12078,.F.);
#12080=ADVANCED_FACE('',(#12079),#12073,.T.);
#12081=CARTESIAN_POINT('',(5.85E0,1.E0,-8.35E-1));
#12082=DIRECTION('',(0.E0,0.E0,1.E0));
#12083=DIRECTION('',(-1.E0,0.E0,0.E0));
#12084=AXIS2_PLACEMENT_3D('',#12081,#12082,#12083);
#12085=PLANE('',#12084);
#12086=ORIENTED_EDGE('',*,*,#10370,.T.);
#12088=ORIENTED_EDGE('',*,*,#12087,.F.);
#12090=ORIENTED_EDGE('',*,*,#12089,.T.);
#12092=ORIENTED_EDGE('',*,*,#12091,.T.);
#12093=EDGE_LOOP('',(#12086,#12088,#12090,#12092));
#12094=FACE_OUTER_BOUND('',#12093,.F.);
#12095=ADVANCED_FACE('',(#12094),#12085,.T.);
#12096=CARTESIAN_POINT('',(5.21E0,1.E0,-8.35E-1));
#12097=DIRECTION('',(-9.902680687416E-1,0.E0,-1.391731009601E-1));
#12098=DIRECTION('',(1.391731009601E-1,0.E0,-9.902680687416E-1));
#12099=AXIS2_PLACEMENT_3D('',#12096,#12097,#12098);
#12100=PLANE('',#12099);
#12101=ORIENTED_EDGE('',*,*,#10376,.T.);
#12103=ORIENTED_EDGE('',*,*,#12102,.F.);
#12105=ORIENTED_EDGE('',*,*,#12104,.T.);
#12106=ORIENTED_EDGE('',*,*,#12087,.T.);
#12107=EDGE_LOOP('',(#12101,#12103,#12105,#12106));
#12108=FACE_OUTER_BOUND('',#12107,.F.);
#12109=ADVANCED_FACE('',(#12108),#12100,.T.);
#12110=CARTESIAN_POINT('',(5.335081342885E0,1.E0,-1.725E0));
#12111=DIRECTION('',(0.E0,0.E0,-1.E0));
#12112=DIRECTION('',(1.E0,0.E0,0.E0));
#12113=AXIS2_PLACEMENT_3D('',#12110,#12111,#12112);
#12114=PLANE('',#12113);
#12115=ORIENTED_EDGE('',*,*,#10374,.T.);
#12117=ORIENTED_EDGE('',*,*,#12116,.F.);
#12119=ORIENTED_EDGE('',*,*,#12118,.T.);
#12120=ORIENTED_EDGE('',*,*,#12102,.T.);
#12121=EDGE_LOOP('',(#12115,#12117,#12119,#12120));
#12122=FACE_OUTER_BOUND('',#12121,.F.);
#12123=ADVANCED_FACE('',(#12122),#12114,.T.);
#12124=CARTESIAN_POINT('',(5.975081342885E0,1.E0,-1.725E0));
#12125=DIRECTION('',(9.902680687416E-1,0.E0,1.391731009601E-1));
#12126=DIRECTION('',(-1.391731009601E-1,0.E0,9.902680687416E-1));
#12127=AXIS2_PLACEMENT_3D('',#12124,#12125,#12126);
#12128=PLANE('',#12127);
#12129=ORIENTED_EDGE('',*,*,#10372,.T.);
#12130=ORIENTED_EDGE('',*,*,#12091,.F.);
#12132=ORIENTED_EDGE('',*,*,#12131,.T.);
#12133=ORIENTED_EDGE('',*,*,#12116,.T.);
#12134=EDGE_LOOP('',(#12129,#12130,#12132,#12133));
#12135=FACE_OUTER_BOUND('',#12134,.F.);
#12136=ADVANCED_FACE('',(#12135),#12128,.T.);
#12137=CARTESIAN_POINT('',(0.E0,1.5E0,0.E0));
#12138=DIRECTION('',(0.E0,-1.E0,0.E0));
#12139=DIRECTION('',(-1.E0,0.E0,0.E0));
#12140=AXIS2_PLACEMENT_3D('',#12137,#12138,#12139);
#12141=PLANE('',#12140);
#12142=ORIENTED_EDGE('',*,*,#12089,.F.);
#12143=ORIENTED_EDGE('',*,*,#12104,.F.);
#12144=ORIENTED_EDGE('',*,*,#12118,.F.);
#12145=ORIENTED_EDGE('',*,*,#12131,.F.);
#12146=EDGE_LOOP('',(#12142,#12143,#12144,#12145));
#12147=FACE_OUTER_BOUND('',#12146,.F.);
#12148=ADVANCED_FACE('',(#12147),#12141,.F.);
#12149=CARTESIAN_POINT('',(0.E0,1.5E0,0.E0));
#12150=DIRECTION('',(0.E0,-1.E0,0.E0));
#12151=DIRECTION('',(-1.E0,0.E0,0.E0));
#12152=AXIS2_PLACEMENT_3D('',#12149,#12150,#12151);
#12153=PLANE('',#12152);
#12155=ORIENTED_EDGE('',*,*,#12154,.F.);
#12157=ORIENTED_EDGE('',*,*,#12156,.F.);
#12159=ORIENTED_EDGE('',*,*,#12158,.F.);
#12161=ORIENTED_EDGE('',*,*,#12160,.F.);
#12162=EDGE_LOOP('',(#12155,#12157,#12159,#12161));
#12163=FACE_OUTER_BOUND('',#12162,.F.);
#12164=ADVANCED_FACE('',(#12163),#12153,.F.);
#12165=CARTESIAN_POINT('',(0.E0,1.5E0,0.E0));
#12166=DIRECTION('',(0.E0,-1.E0,0.E0));
#12167=DIRECTION('',(-1.E0,0.E0,0.E0));
#12168=AXIS2_PLACEMENT_3D('',#12165,#12166,#12167);
#12169=PLANE('',#12168);
#12171=ORIENTED_EDGE('',*,*,#12170,.F.);
#12173=ORIENTED_EDGE('',*,*,#12172,.F.);
#12175=ORIENTED_EDGE('',*,*,#12174,.F.);
#12177=ORIENTED_EDGE('',*,*,#12176,.F.);
#12178=EDGE_LOOP('',(#12171,#12173,#12175,#12177));
#12179=FACE_OUTER_BOUND('',#12178,.F.);
#12180=ADVANCED_FACE('',(#12179),#12169,.F.);
#12181=CARTESIAN_POINT('',(0.E0,1.5E0,0.E0));
#12182=DIRECTION('',(0.E0,-1.E0,0.E0));
#12183=DIRECTION('',(-1.E0,0.E0,0.E0));
#12184=AXIS2_PLACEMENT_3D('',#12181,#12182,#12183);
#12185=PLANE('',#12184);
#12187=ORIENTED_EDGE('',*,*,#12186,.F.);
#12189=ORIENTED_EDGE('',*,*,#12188,.F.);
#12191=ORIENTED_EDGE('',*,*,#12190,.F.);
#12193=ORIENTED_EDGE('',*,*,#12192,.F.);
#12194=EDGE_LOOP('',(#12187,#12189,#12191,#12193));
#12195=FACE_OUTER_BOUND('',#12194,.F.);
#12196=ADVANCED_FACE('',(#12195),#12185,.F.);
#12197=CARTESIAN_POINT('',(7.49E0,1.E0,-8.35E-1));
#12198=DIRECTION('',(0.E0,0.E0,1.E0));
#12199=DIRECTION('',(-1.E0,0.E0,0.E0));
#12200=AXIS2_PLACEMENT_3D('',#12197,#12198,#12199);
#12201=PLANE('',#12200);
#12202=ORIENTED_EDGE('',*,*,#10380,.T.);
#12204=ORIENTED_EDGE('',*,*,#12203,.F.);
#12205=ORIENTED_EDGE('',*,*,#12154,.T.);
#12207=ORIENTED_EDGE('',*,*,#12206,.T.);
#12208=EDGE_LOOP('',(#12202,#12204,#12205,#12207));
#12209=FACE_OUTER_BOUND('',#12208,.F.);
#12210=ADVANCED_FACE('',(#12209),#12201,.T.);
#12211=CARTESIAN_POINT('',(6.85E0,1.E0,-8.35E-1));
#12212=DIRECTION('',(-9.902680687416E-1,0.E0,1.391731009601E-1));
#12213=DIRECTION('',(-1.391731009601E-1,0.E0,-9.902680687416E-1));
#12214=AXIS2_PLACEMENT_3D('',#12211,#12212,#12213);
#12215=PLANE('',#12214);
#12216=ORIENTED_EDGE('',*,*,#10386,.T.);
#12218=ORIENTED_EDGE('',*,*,#12217,.F.);
#12219=ORIENTED_EDGE('',*,*,#12156,.T.);
#12220=ORIENTED_EDGE('',*,*,#12203,.T.);
#12221=EDGE_LOOP('',(#12216,#12218,#12219,#12220));
#12222=FACE_OUTER_BOUND('',#12221,.F.);
#12223=ADVANCED_FACE('',(#12222),#12215,.T.);
#12224=CARTESIAN_POINT('',(6.724918657115E0,1.E0,-1.725E0));
#12225=DIRECTION('',(0.E0,0.E0,-1.E0));
#12226=DIRECTION('',(1.E0,0.E0,0.E0));
#12227=AXIS2_PLACEMENT_3D('',#12224,#12225,#12226);
#12228=PLANE('',#12227);
#12229=ORIENTED_EDGE('',*,*,#10384,.T.);
#12231=ORIENTED_EDGE('',*,*,#12230,.F.);
#12232=ORIENTED_EDGE('',*,*,#12158,.T.);
#12233=ORIENTED_EDGE('',*,*,#12217,.T.);
#12234=EDGE_LOOP('',(#12229,#12231,#12232,#12233));
#12235=FACE_OUTER_BOUND('',#12234,.F.);
#12236=ADVANCED_FACE('',(#12235),#12228,.T.);
#12237=CARTESIAN_POINT('',(7.364918657115E0,1.E0,-1.725E0));
#12238=DIRECTION('',(9.902680687416E-1,0.E0,-1.391731009601E-1));
#12239=DIRECTION('',(1.391731009601E-1,0.E0,9.902680687416E-1));
#12240=AXIS2_PLACEMENT_3D('',#12237,#12238,#12239);
#12241=PLANE('',#12240);
#12242=ORIENTED_EDGE('',*,*,#10382,.T.);
#12243=ORIENTED_EDGE('',*,*,#12206,.F.);
#12244=ORIENTED_EDGE('',*,*,#12160,.T.);
#12245=ORIENTED_EDGE('',*,*,#12230,.T.);
#12246=EDGE_LOOP('',(#12242,#12243,#12244,#12245));
#12247=FACE_OUTER_BOUND('',#12246,.F.);
#12248=ADVANCED_FACE('',(#12247),#12241,.T.);
#12249=CARTESIAN_POINT('',(5.85E0,1.E0,8.35E-1));
#12250=DIRECTION('',(9.902680687416E-1,0.E0,-1.391731009601E-1));
#12251=DIRECTION('',(1.391731009601E-1,0.E0,9.902680687416E-1));
#12252=AXIS2_PLACEMENT_3D('',#12249,#12250,#12251);
#12253=PLANE('',#12252);
#12254=ORIENTED_EDGE('',*,*,#10390,.T.);
#12256=ORIENTED_EDGE('',*,*,#12255,.F.);
#12257=ORIENTED_EDGE('',*,*,#12170,.T.);
#12259=ORIENTED_EDGE('',*,*,#12258,.T.);
#12260=EDGE_LOOP('',(#12254,#12256,#12257,#12259));
#12261=FACE_OUTER_BOUND('',#12260,.F.);
#12262=ADVANCED_FACE('',(#12261),#12253,.T.);
#12263=CARTESIAN_POINT('',(5.975081342885E0,1.E0,1.725E0));
#12264=DIRECTION('',(0.E0,0.E0,1.E0));
#12265=DIRECTION('',(-1.E0,0.E0,0.E0));
#12266=AXIS2_PLACEMENT_3D('',#12263,#12264,#12265);
#12267=PLANE('',#12266);
#12268=ORIENTED_EDGE('',*,*,#10396,.T.);
#12270=ORIENTED_EDGE('',*,*,#12269,.F.);
#12271=ORIENTED_EDGE('',*,*,#12172,.T.);
#12272=ORIENTED_EDGE('',*,*,#12255,.T.);
#12273=EDGE_LOOP('',(#12268,#12270,#12271,#12272));
#12274=FACE_OUTER_BOUND('',#12273,.F.);
#12275=ADVANCED_FACE('',(#12274),#12267,.T.);
#12276=CARTESIAN_POINT('',(5.335081342885E0,1.E0,1.725E0));
#12277=DIRECTION('',(-9.902680687416E-1,0.E0,1.391731009601E-1));
#12278=DIRECTION('',(-1.391731009601E-1,0.E0,-9.902680687416E-1));
#12279=AXIS2_PLACEMENT_3D('',#12276,#12277,#12278);
#12280=PLANE('',#12279);
#12281=ORIENTED_EDGE('',*,*,#10394,.T.);
#12283=ORIENTED_EDGE('',*,*,#12282,.F.);
#12284=ORIENTED_EDGE('',*,*,#12174,.T.);
#12285=ORIENTED_EDGE('',*,*,#12269,.T.);
#12286=EDGE_LOOP('',(#12281,#12283,#12284,#12285));
#12287=FACE_OUTER_BOUND('',#12286,.F.);
#12288=ADVANCED_FACE('',(#12287),#12280,.T.);
#12289=CARTESIAN_POINT('',(5.21E0,1.E0,8.35E-1));
#12290=DIRECTION('',(0.E0,0.E0,-1.E0));
#12291=DIRECTION('',(1.E0,0.E0,0.E0));
#12292=AXIS2_PLACEMENT_3D('',#12289,#12290,#12291);
#12293=PLANE('',#12292);
#12294=ORIENTED_EDGE('',*,*,#10392,.T.);
#12295=ORIENTED_EDGE('',*,*,#12258,.F.);
#12296=ORIENTED_EDGE('',*,*,#12176,.T.);
#12297=ORIENTED_EDGE('',*,*,#12282,.T.);
#12298=EDGE_LOOP('',(#12294,#12295,#12296,#12297));
#12299=FACE_OUTER_BOUND('',#12298,.F.);
#12300=ADVANCED_FACE('',(#12299),#12293,.T.);
#12301=CARTESIAN_POINT('',(7.49E0,1.E0,8.35E-1));
#12302=DIRECTION('',(9.902680687416E-1,0.E0,1.391731009601E-1));
#12303=DIRECTION('',(-1.391731009601E-1,0.E0,9.902680687416E-1));
#12304=AXIS2_PLACEMENT_3D('',#12301,#12302,#12303);
#12305=PLANE('',#12304);
#12306=ORIENTED_EDGE('',*,*,#10400,.T.);
#12308=ORIENTED_EDGE('',*,*,#12307,.F.);
#12309=ORIENTED_EDGE('',*,*,#12186,.T.);
#12311=ORIENTED_EDGE('',*,*,#12310,.T.);
#12312=EDGE_LOOP('',(#12306,#12308,#12309,#12311));
#12313=FACE_OUTER_BOUND('',#12312,.F.);
#12314=ADVANCED_FACE('',(#12313),#12305,.T.);
#12315=CARTESIAN_POINT('',(7.364918657115E0,1.E0,1.725E0));
#12316=DIRECTION('',(0.E0,0.E0,1.E0));
#12317=DIRECTION('',(-1.E0,0.E0,0.E0));
#12318=AXIS2_PLACEMENT_3D('',#12315,#12316,#12317);
#12319=PLANE('',#12318);
#12320=ORIENTED_EDGE('',*,*,#10406,.T.);
#12322=ORIENTED_EDGE('',*,*,#12321,.F.);
#12323=ORIENTED_EDGE('',*,*,#12188,.T.);
#12324=ORIENTED_EDGE('',*,*,#12307,.T.);
#12325=EDGE_LOOP('',(#12320,#12322,#12323,#12324));
#12326=FACE_OUTER_BOUND('',#12325,.F.);
#12327=ADVANCED_FACE('',(#12326),#12319,.T.);
#12328=CARTESIAN_POINT('',(6.724918657115E0,1.E0,1.725E0));
#12329=DIRECTION('',(-9.902680687416E-1,0.E0,-1.391731009601E-1));
#12330=DIRECTION('',(1.391731009601E-1,0.E0,-9.902680687416E-1));
#12331=AXIS2_PLACEMENT_3D('',#12328,#12329,#12330);
#12332=PLANE('',#12331);
#12333=ORIENTED_EDGE('',*,*,#10404,.T.);
#12335=ORIENTED_EDGE('',*,*,#12334,.F.);
#12336=ORIENTED_EDGE('',*,*,#12190,.T.);
#12337=ORIENTED_EDGE('',*,*,#12321,.T.);
#12338=EDGE_LOOP('',(#12333,#12335,#12336,#12337));
#12339=FACE_OUTER_BOUND('',#12338,.F.);
#12340=ADVANCED_FACE('',(#12339),#12332,.T.);
#12341=CARTESIAN_POINT('',(6.85E0,1.E0,8.35E-1));
#12342=DIRECTION('',(0.E0,0.E0,-1.E0));
#12343=DIRECTION('',(1.E0,0.E0,0.E0));
#12344=AXIS2_PLACEMENT_3D('',#12341,#12342,#12343);
#12345=PLANE('',#12344);
#12346=ORIENTED_EDGE('',*,*,#10402,.T.);
#12347=ORIENTED_EDGE('',*,*,#12310,.F.);
#12348=ORIENTED_EDGE('',*,*,#12192,.T.);
#12349=ORIENTED_EDGE('',*,*,#12334,.T.);
#12350=EDGE_LOOP('',(#12346,#12347,#12348,#12349));
#12351=FACE_OUTER_BOUND('',#12350,.F.);
#12352=ADVANCED_FACE('',(#12351),#12345,.T.);
#12353=CARTESIAN_POINT('',(3.31E0,1.E0,-8.35E-1));
#12354=DIRECTION('',(0.E0,0.E0,1.E0));
#12355=DIRECTION('',(-1.E0,0.E0,0.E0));
#12356=AXIS2_PLACEMENT_3D('',#12353,#12354,#12355);
#12357=PLANE('',#12356);
#12358=ORIENTED_EDGE('',*,*,#10410,.T.);
#12360=ORIENTED_EDGE('',*,*,#12359,.T.);
#12362=ORIENTED_EDGE('',*,*,#12361,.F.);
#12364=ORIENTED_EDGE('',*,*,#12363,.F.);
#12365=EDGE_LOOP('',(#12358,#12360,#12362,#12364));
#12366=FACE_OUTER_BOUND('',#12365,.F.);
#12367=ADVANCED_FACE('',(#12366),#12357,.T.);
#12368=CARTESIAN_POINT('',(2.67E0,1.E0,-8.35E-1));
#12369=DIRECTION('',(-9.902680687416E-1,0.E0,-1.391731009601E-1));
#12370=DIRECTION('',(1.391731009601E-1,0.E0,-9.902680687416E-1));
#12371=AXIS2_PLACEMENT_3D('',#12368,#12369,#12370);
#12372=PLANE('',#12371);
#12373=ORIENTED_EDGE('',*,*,#10416,.T.);
#12375=ORIENTED_EDGE('',*,*,#12374,.T.);
#12377=ORIENTED_EDGE('',*,*,#12376,.F.);
#12378=ORIENTED_EDGE('',*,*,#12359,.F.);
#12379=EDGE_LOOP('',(#12373,#12375,#12377,#12378));
#12380=FACE_OUTER_BOUND('',#12379,.F.);
#12381=ADVANCED_FACE('',(#12380),#12372,.T.);
#12382=CARTESIAN_POINT('',(2.795081342885E0,1.E0,-1.725E0));
#12383=DIRECTION('',(0.E0,0.E0,-1.E0));
#12384=DIRECTION('',(1.E0,0.E0,0.E0));
#12385=AXIS2_PLACEMENT_3D('',#12382,#12383,#12384);
#12386=PLANE('',#12385);
#12387=ORIENTED_EDGE('',*,*,#10414,.T.);
#12389=ORIENTED_EDGE('',*,*,#12388,.T.);
#12391=ORIENTED_EDGE('',*,*,#12390,.F.);
#12392=ORIENTED_EDGE('',*,*,#12374,.F.);
#12393=EDGE_LOOP('',(#12387,#12389,#12391,#12392));
#12394=FACE_OUTER_BOUND('',#12393,.F.);
#12395=ADVANCED_FACE('',(#12394),#12386,.T.);
#12396=CARTESIAN_POINT('',(3.435081342885E0,1.E0,-1.725E0));
#12397=DIRECTION('',(9.902680687416E-1,0.E0,1.391731009601E-1));
#12398=DIRECTION('',(-1.391731009601E-1,0.E0,9.902680687416E-1));
#12399=AXIS2_PLACEMENT_3D('',#12396,#12397,#12398);
#12400=PLANE('',#12399);
#12401=ORIENTED_EDGE('',*,*,#10412,.T.);
#12402=ORIENTED_EDGE('',*,*,#12363,.T.);
#12404=ORIENTED_EDGE('',*,*,#12403,.F.);
#12405=ORIENTED_EDGE('',*,*,#12388,.F.);
#12406=EDGE_LOOP('',(#12401,#12402,#12404,#12405));
#12407=FACE_OUTER_BOUND('',#12406,.F.);
#12408=ADVANCED_FACE('',(#12407),#12400,.T.);
#12409=CARTESIAN_POINT('',(0.E0,1.5E0,0.E0));
#12410=DIRECTION('',(0.E0,-1.E0,0.E0));
#12411=DIRECTION('',(-1.E0,0.E0,0.E0));
#12412=AXIS2_PLACEMENT_3D('',#12409,#12410,#12411);
#12413=PLANE('',#12412);
#12414=ORIENTED_EDGE('',*,*,#12361,.T.);
#12415=ORIENTED_EDGE('',*,*,#12376,.T.);
#12416=ORIENTED_EDGE('',*,*,#12390,.T.);
#12417=ORIENTED_EDGE('',*,*,#12403,.T.);
#12418=EDGE_LOOP('',(#12414,#12415,#12416,#12417));
#12419=FACE_OUTER_BOUND('',#12418,.F.);
#12420=ADVANCED_FACE('',(#12419),#12413,.F.);
#12421=CARTESIAN_POINT('',(0.E0,1.5E0,0.E0));
#12422=DIRECTION('',(0.E0,-1.E0,0.E0));
#12423=DIRECTION('',(-1.E0,0.E0,0.E0));
#12424=AXIS2_PLACEMENT_3D('',#12421,#12422,#12423);
#12425=PLANE('',#12424);
#12427=ORIENTED_EDGE('',*,*,#12426,.T.);
#12429=ORIENTED_EDGE('',*,*,#12428,.T.);
#12431=ORIENTED_EDGE('',*,*,#12430,.T.);
#12433=ORIENTED_EDGE('',*,*,#12432,.T.);
#12434=EDGE_LOOP('',(#12427,#12429,#12431,#12433));
#12435=FACE_OUTER_BOUND('',#12434,.F.);
#12436=ADVANCED_FACE('',(#12435),#12425,.F.);
#12437=CARTESIAN_POINT('',(0.E0,1.5E0,0.E0));
#12438=DIRECTION('',(0.E0,-1.E0,0.E0));
#12439=DIRECTION('',(-1.E0,0.E0,0.E0));
#12440=AXIS2_PLACEMENT_3D('',#12437,#12438,#12439);
#12441=PLANE('',#12440);
#12443=ORIENTED_EDGE('',*,*,#12442,.T.);
#12445=ORIENTED_EDGE('',*,*,#12444,.T.);
#12447=ORIENTED_EDGE('',*,*,#12446,.T.);
#12449=ORIENTED_EDGE('',*,*,#12448,.T.);
#12450=EDGE_LOOP('',(#12443,#12445,#12447,#12449));
#12451=FACE_OUTER_BOUND('',#12450,.F.);
#12452=ADVANCED_FACE('',(#12451),#12441,.F.);
#12453=CARTESIAN_POINT('',(0.E0,1.5E0,0.E0));
#12454=DIRECTION('',(0.E0,-1.E0,0.E0));
#12455=DIRECTION('',(-1.E0,0.E0,0.E0));
#12456=AXIS2_PLACEMENT_3D('',#12453,#12454,#12455);
#12457=PLANE('',#12456);
#12459=ORIENTED_EDGE('',*,*,#12458,.T.);
#12461=ORIENTED_EDGE('',*,*,#12460,.T.);
#12463=ORIENTED_EDGE('',*,*,#12462,.T.);
#12465=ORIENTED_EDGE('',*,*,#12464,.T.);
#12466=EDGE_LOOP('',(#12459,#12461,#12463,#12465));
#12467=FACE_OUTER_BOUND('',#12466,.F.);
#12468=ADVANCED_FACE('',(#12467),#12457,.F.);
#12469=CARTESIAN_POINT('',(4.95E0,1.E0,-8.35E-1));
#12470=DIRECTION('',(0.E0,0.E0,1.E0));
#12471=DIRECTION('',(-1.E0,0.E0,0.E0));
#12472=AXIS2_PLACEMENT_3D('',#12469,#12470,#12471);
#12473=PLANE('',#12472);
#12474=ORIENTED_EDGE('',*,*,#10420,.T.);
#12476=ORIENTED_EDGE('',*,*,#12475,.T.);
#12477=ORIENTED_EDGE('',*,*,#12426,.F.);
#12479=ORIENTED_EDGE('',*,*,#12478,.F.);
#12480=EDGE_LOOP('',(#12474,#12476,#12477,#12479));
#12481=FACE_OUTER_BOUND('',#12480,.F.);
#12482=ADVANCED_FACE('',(#12481),#12473,.T.);
#12483=CARTESIAN_POINT('',(4.31E0,1.E0,-8.35E-1));
#12484=DIRECTION('',(-9.902680687416E-1,0.E0,1.391731009601E-1));
#12485=DIRECTION('',(-1.391731009601E-1,0.E0,-9.902680687416E-1));
#12486=AXIS2_PLACEMENT_3D('',#12483,#12484,#12485);
#12487=PLANE('',#12486);
#12488=ORIENTED_EDGE('',*,*,#10426,.T.);
#12490=ORIENTED_EDGE('',*,*,#12489,.T.);
#12491=ORIENTED_EDGE('',*,*,#12428,.F.);
#12492=ORIENTED_EDGE('',*,*,#12475,.F.);
#12493=EDGE_LOOP('',(#12488,#12490,#12491,#12492));
#12494=FACE_OUTER_BOUND('',#12493,.F.);
#12495=ADVANCED_FACE('',(#12494),#12487,.T.);
#12496=CARTESIAN_POINT('',(4.184918657115E0,1.E0,-1.725E0));
#12497=DIRECTION('',(0.E0,0.E0,-1.E0));
#12498=DIRECTION('',(1.E0,0.E0,0.E0));
#12499=AXIS2_PLACEMENT_3D('',#12496,#12497,#12498);
#12500=PLANE('',#12499);
#12501=ORIENTED_EDGE('',*,*,#10424,.T.);
#12503=ORIENTED_EDGE('',*,*,#12502,.T.);
#12504=ORIENTED_EDGE('',*,*,#12430,.F.);
#12505=ORIENTED_EDGE('',*,*,#12489,.F.);
#12506=EDGE_LOOP('',(#12501,#12503,#12504,#12505));
#12507=FACE_OUTER_BOUND('',#12506,.F.);
#12508=ADVANCED_FACE('',(#12507),#12500,.T.);
#12509=CARTESIAN_POINT('',(4.824918657115E0,1.E0,-1.725E0));
#12510=DIRECTION('',(9.902680687416E-1,0.E0,-1.391731009601E-1));
#12511=DIRECTION('',(1.391731009601E-1,0.E0,9.902680687416E-1));
#12512=AXIS2_PLACEMENT_3D('',#12509,#12510,#12511);
#12513=PLANE('',#12512);
#12514=ORIENTED_EDGE('',*,*,#10422,.T.);
#12515=ORIENTED_EDGE('',*,*,#12478,.T.);
#12516=ORIENTED_EDGE('',*,*,#12432,.F.);
#12517=ORIENTED_EDGE('',*,*,#12502,.F.);
#12518=EDGE_LOOP('',(#12514,#12515,#12516,#12517));
#12519=FACE_OUTER_BOUND('',#12518,.F.);
#12520=ADVANCED_FACE('',(#12519),#12513,.T.);
#12521=CARTESIAN_POINT('',(3.31E0,1.E0,8.35E-1));
#12522=DIRECTION('',(9.902680687416E-1,0.E0,-1.391731009601E-1));
#12523=DIRECTION('',(1.391731009601E-1,0.E0,9.902680687416E-1));
#12524=AXIS2_PLACEMENT_3D('',#12521,#12522,#12523);
#12525=PLANE('',#12524);
#12526=ORIENTED_EDGE('',*,*,#10430,.T.);
#12528=ORIENTED_EDGE('',*,*,#12527,.T.);
#12529=ORIENTED_EDGE('',*,*,#12442,.F.);
#12531=ORIENTED_EDGE('',*,*,#12530,.F.);
#12532=EDGE_LOOP('',(#12526,#12528,#12529,#12531));
#12533=FACE_OUTER_BOUND('',#12532,.F.);
#12534=ADVANCED_FACE('',(#12533),#12525,.T.);
#12535=CARTESIAN_POINT('',(3.435081342885E0,1.E0,1.725E0));
#12536=DIRECTION('',(0.E0,0.E0,1.E0));
#12537=DIRECTION('',(-1.E0,0.E0,0.E0));
#12538=AXIS2_PLACEMENT_3D('',#12535,#12536,#12537);
#12539=PLANE('',#12538);
#12540=ORIENTED_EDGE('',*,*,#10436,.T.);
#12542=ORIENTED_EDGE('',*,*,#12541,.T.);
#12543=ORIENTED_EDGE('',*,*,#12444,.F.);
#12544=ORIENTED_EDGE('',*,*,#12527,.F.);
#12545=EDGE_LOOP('',(#12540,#12542,#12543,#12544));
#12546=FACE_OUTER_BOUND('',#12545,.F.);
#12547=ADVANCED_FACE('',(#12546),#12539,.T.);
#12548=CARTESIAN_POINT('',(2.795081342885E0,1.E0,1.725E0));
#12549=DIRECTION('',(-9.902680687416E-1,0.E0,1.391731009601E-1));
#12550=DIRECTION('',(-1.391731009601E-1,0.E0,-9.902680687416E-1));
#12551=AXIS2_PLACEMENT_3D('',#12548,#12549,#12550);
#12552=PLANE('',#12551);
#12553=ORIENTED_EDGE('',*,*,#10434,.T.);
#12555=ORIENTED_EDGE('',*,*,#12554,.T.);
#12556=ORIENTED_EDGE('',*,*,#12446,.F.);
#12557=ORIENTED_EDGE('',*,*,#12541,.F.);
#12558=EDGE_LOOP('',(#12553,#12555,#12556,#12557));
#12559=FACE_OUTER_BOUND('',#12558,.F.);
#12560=ADVANCED_FACE('',(#12559),#12552,.T.);
#12561=CARTESIAN_POINT('',(2.67E0,1.E0,8.35E-1));
#12562=DIRECTION('',(0.E0,0.E0,-1.E0));
#12563=DIRECTION('',(1.E0,0.E0,0.E0));
#12564=AXIS2_PLACEMENT_3D('',#12561,#12562,#12563);
#12565=PLANE('',#12564);
#12566=ORIENTED_EDGE('',*,*,#10432,.T.);
#12567=ORIENTED_EDGE('',*,*,#12530,.T.);
#12568=ORIENTED_EDGE('',*,*,#12448,.F.);
#12569=ORIENTED_EDGE('',*,*,#12554,.F.);
#12570=EDGE_LOOP('',(#12566,#12567,#12568,#12569));
#12571=FACE_OUTER_BOUND('',#12570,.F.);
#12572=ADVANCED_FACE('',(#12571),#12565,.T.);
#12573=CARTESIAN_POINT('',(4.95E0,1.E0,8.35E-1));
#12574=DIRECTION('',(9.902680687416E-1,0.E0,1.391731009601E-1));
#12575=DIRECTION('',(-1.391731009601E-1,0.E0,9.902680687416E-1));
#12576=AXIS2_PLACEMENT_3D('',#12573,#12574,#12575);
#12577=PLANE('',#12576);
#12578=ORIENTED_EDGE('',*,*,#10440,.T.);
#12580=ORIENTED_EDGE('',*,*,#12579,.T.);
#12581=ORIENTED_EDGE('',*,*,#12458,.F.);
#12583=ORIENTED_EDGE('',*,*,#12582,.F.);
#12584=EDGE_LOOP('',(#12578,#12580,#12581,#12583));
#12585=FACE_OUTER_BOUND('',#12584,.F.);
#12586=ADVANCED_FACE('',(#12585),#12577,.T.);
#12587=CARTESIAN_POINT('',(4.824918657115E0,1.E0,1.725E0));
#12588=DIRECTION('',(0.E0,0.E0,1.E0));
#12589=DIRECTION('',(-1.E0,0.E0,0.E0));
#12590=AXIS2_PLACEMENT_3D('',#12587,#12588,#12589);
#12591=PLANE('',#12590);
#12592=ORIENTED_EDGE('',*,*,#10446,.T.);
#12594=ORIENTED_EDGE('',*,*,#12593,.T.);
#12595=ORIENTED_EDGE('',*,*,#12460,.F.);
#12596=ORIENTED_EDGE('',*,*,#12579,.F.);
#12597=EDGE_LOOP('',(#12592,#12594,#12595,#12596));
#12598=FACE_OUTER_BOUND('',#12597,.F.);
#12599=ADVANCED_FACE('',(#12598),#12591,.T.);
#12600=CARTESIAN_POINT('',(4.184918657115E0,1.E0,1.725E0));
#12601=DIRECTION('',(-9.902680687416E-1,0.E0,-1.391731009601E-1));
#12602=DIRECTION('',(1.391731009601E-1,0.E0,-9.902680687416E-1));
#12603=AXIS2_PLACEMENT_3D('',#12600,#12601,#12602);
#12604=PLANE('',#12603);
#12605=ORIENTED_EDGE('',*,*,#10444,.T.);
#12607=ORIENTED_EDGE('',*,*,#12606,.T.);
#12608=ORIENTED_EDGE('',*,*,#12462,.F.);
#12609=ORIENTED_EDGE('',*,*,#12593,.F.);
#12610=EDGE_LOOP('',(#12605,#12607,#12608,#12609));
#12611=FACE_OUTER_BOUND('',#12610,.F.);
#12612=ADVANCED_FACE('',(#12611),#12604,.T.);
#12613=CARTESIAN_POINT('',(4.31E0,1.E0,8.35E-1));
#12614=DIRECTION('',(0.E0,0.E0,-1.E0));
#12615=DIRECTION('',(1.E0,0.E0,0.E0));
#12616=AXIS2_PLACEMENT_3D('',#12613,#12614,#12615);
#12617=PLANE('',#12616);
#12618=ORIENTED_EDGE('',*,*,#10442,.T.);
#12619=ORIENTED_EDGE('',*,*,#12582,.T.);
#12620=ORIENTED_EDGE('',*,*,#12464,.F.);
#12621=ORIENTED_EDGE('',*,*,#12606,.F.);
#12622=EDGE_LOOP('',(#12618,#12619,#12620,#12621));
#12623=FACE_OUTER_BOUND('',#12622,.F.);
#12624=ADVANCED_FACE('',(#12623),#12617,.T.);
#12625=CARTESIAN_POINT('',(7.7E-1,1.E0,-8.35E-1));
#12626=DIRECTION('',(0.E0,0.E0,1.E0));
#12627=DIRECTION('',(-1.E0,0.E0,0.E0));
#12628=AXIS2_PLACEMENT_3D('',#12625,#12626,#12627);
#12629=PLANE('',#12628);
#12630=ORIENTED_EDGE('',*,*,#10450,.T.);
#12632=ORIENTED_EDGE('',*,*,#12631,.T.);
#12634=ORIENTED_EDGE('',*,*,#12633,.F.);
#12636=ORIENTED_EDGE('',*,*,#12635,.F.);
#12637=EDGE_LOOP('',(#12630,#12632,#12634,#12636));
#12638=FACE_OUTER_BOUND('',#12637,.F.);
#12639=ADVANCED_FACE('',(#12638),#12629,.T.);
#12640=CARTESIAN_POINT('',(1.3E-1,1.E0,-8.35E-1));
#12641=DIRECTION('',(-9.902680687416E-1,0.E0,-1.391731009601E-1));
#12642=DIRECTION('',(1.391731009601E-1,0.E0,-9.902680687416E-1));
#12643=AXIS2_PLACEMENT_3D('',#12640,#12641,#12642);
#12644=PLANE('',#12643);
#12645=ORIENTED_EDGE('',*,*,#10456,.T.);
#12647=ORIENTED_EDGE('',*,*,#12646,.T.);
#12649=ORIENTED_EDGE('',*,*,#12648,.F.);
#12650=ORIENTED_EDGE('',*,*,#12631,.F.);
#12651=EDGE_LOOP('',(#12645,#12647,#12649,#12650));
#12652=FACE_OUTER_BOUND('',#12651,.F.);
#12653=ADVANCED_FACE('',(#12652),#12644,.T.);
#12654=CARTESIAN_POINT('',(2.550813428851E-1,1.E0,-1.725E0));
#12655=DIRECTION('',(0.E0,0.E0,-1.E0));
#12656=DIRECTION('',(1.E0,0.E0,0.E0));
#12657=AXIS2_PLACEMENT_3D('',#12654,#12655,#12656);
#12658=PLANE('',#12657);
#12659=ORIENTED_EDGE('',*,*,#10454,.T.);
#12661=ORIENTED_EDGE('',*,*,#12660,.T.);
#12663=ORIENTED_EDGE('',*,*,#12662,.F.);
#12664=ORIENTED_EDGE('',*,*,#12646,.F.);
#12665=EDGE_LOOP('',(#12659,#12661,#12663,#12664));
#12666=FACE_OUTER_BOUND('',#12665,.F.);
#12667=ADVANCED_FACE('',(#12666),#12658,.T.);
#12668=CARTESIAN_POINT('',(8.950813428851E-1,1.E0,-1.725E0));
#12669=DIRECTION('',(9.902680687416E-1,0.E0,1.391731009601E-1));
#12670=DIRECTION('',(-1.391731009601E-1,0.E0,9.902680687416E-1));
#12671=AXIS2_PLACEMENT_3D('',#12668,#12669,#12670);
#12672=PLANE('',#12671);
#12673=ORIENTED_EDGE('',*,*,#10452,.T.);
#12674=ORIENTED_EDGE('',*,*,#12635,.T.);
#12676=ORIENTED_EDGE('',*,*,#12675,.F.);
#12677=ORIENTED_EDGE('',*,*,#12660,.F.);
#12678=EDGE_LOOP('',(#12673,#12674,#12676,#12677));
#12679=FACE_OUTER_BOUND('',#12678,.F.);
#12680=ADVANCED_FACE('',(#12679),#12672,.T.);
#12681=CARTESIAN_POINT('',(0.E0,1.5E0,0.E0));
#12682=DIRECTION('',(0.E0,-1.E0,0.E0));
#12683=DIRECTION('',(-1.E0,0.E0,0.E0));
#12684=AXIS2_PLACEMENT_3D('',#12681,#12682,#12683);
#12685=PLANE('',#12684);
#12686=ORIENTED_EDGE('',*,*,#12633,.T.);
#12687=ORIENTED_EDGE('',*,*,#12648,.T.);
#12688=ORIENTED_EDGE('',*,*,#12662,.T.);
#12689=ORIENTED_EDGE('',*,*,#12675,.T.);
#12690=EDGE_LOOP('',(#12686,#12687,#12688,#12689));
#12691=FACE_OUTER_BOUND('',#12690,.F.);
#12692=ADVANCED_FACE('',(#12691),#12685,.F.);
#12693=CARTESIAN_POINT('',(0.E0,1.5E0,0.E0));
#12694=DIRECTION('',(0.E0,-1.E0,0.E0));
#12695=DIRECTION('',(-1.E0,0.E0,0.E0));
#12696=AXIS2_PLACEMENT_3D('',#12693,#12694,#12695);
#12697=PLANE('',#12696);
#12699=ORIENTED_EDGE('',*,*,#12698,.T.);
#12701=ORIENTED_EDGE('',*,*,#12700,.T.);
#12703=ORIENTED_EDGE('',*,*,#12702,.T.);
#12705=ORIENTED_EDGE('',*,*,#12704,.T.);
#12706=EDGE_LOOP('',(#12699,#12701,#12703,#12705));
#12707=FACE_OUTER_BOUND('',#12706,.F.);
#12708=ADVANCED_FACE('',(#12707),#12697,.F.);
#12709=CARTESIAN_POINT('',(0.E0,1.5E0,0.E0));
#12710=DIRECTION('',(0.E0,-1.E0,0.E0));
#12711=DIRECTION('',(-1.E0,0.E0,0.E0));
#12712=AXIS2_PLACEMENT_3D('',#12709,#12710,#12711);
#12713=PLANE('',#12712);
#12715=ORIENTED_EDGE('',*,*,#12714,.T.);
#12717=ORIENTED_EDGE('',*,*,#12716,.T.);
#12719=ORIENTED_EDGE('',*,*,#12718,.T.);
#12721=ORIENTED_EDGE('',*,*,#12720,.T.);
#12722=EDGE_LOOP('',(#12715,#12717,#12719,#12721));
#12723=FACE_OUTER_BOUND('',#12722,.F.);
#12724=ADVANCED_FACE('',(#12723),#12713,.F.);
#12725=CARTESIAN_POINT('',(0.E0,1.5E0,0.E0));
#12726=DIRECTION('',(0.E0,-1.E0,0.E0));
#12727=DIRECTION('',(-1.E0,0.E0,0.E0));
#12728=AXIS2_PLACEMENT_3D('',#12725,#12726,#12727);
#12729=PLANE('',#12728);
#12731=ORIENTED_EDGE('',*,*,#12730,.T.);
#12733=ORIENTED_EDGE('',*,*,#12732,.T.);
#12735=ORIENTED_EDGE('',*,*,#12734,.T.);
#12737=ORIENTED_EDGE('',*,*,#12736,.T.);
#12738=EDGE_LOOP('',(#12731,#12733,#12735,#12737));
#12739=FACE_OUTER_BOUND('',#12738,.F.);
#12740=ADVANCED_FACE('',(#12739),#12729,.F.);
#12741=CARTESIAN_POINT('',(2.41E0,1.E0,-8.35E-1));
#12742=DIRECTION('',(0.E0,0.E0,1.E0));
#12743=DIRECTION('',(-1.E0,0.E0,0.E0));
#12744=AXIS2_PLACEMENT_3D('',#12741,#12742,#12743);
#12745=PLANE('',#12744);
#12746=ORIENTED_EDGE('',*,*,#10460,.T.);
#12748=ORIENTED_EDGE('',*,*,#12747,.T.);
#12749=ORIENTED_EDGE('',*,*,#12698,.F.);
#12751=ORIENTED_EDGE('',*,*,#12750,.F.);
#12752=EDGE_LOOP('',(#12746,#12748,#12749,#12751));
#12753=FACE_OUTER_BOUND('',#12752,.F.);
#12754=ADVANCED_FACE('',(#12753),#12745,.T.);
#12755=CARTESIAN_POINT('',(1.77E0,1.E0,-8.35E-1));
#12756=DIRECTION('',(-9.902680687416E-1,0.E0,1.391731009601E-1));
#12757=DIRECTION('',(-1.391731009601E-1,0.E0,-9.902680687416E-1));
#12758=AXIS2_PLACEMENT_3D('',#12755,#12756,#12757);
#12759=PLANE('',#12758);
#12760=ORIENTED_EDGE('',*,*,#10466,.T.);
#12762=ORIENTED_EDGE('',*,*,#12761,.T.);
#12763=ORIENTED_EDGE('',*,*,#12700,.F.);
#12764=ORIENTED_EDGE('',*,*,#12747,.F.);
#12765=EDGE_LOOP('',(#12760,#12762,#12763,#12764));
#12766=FACE_OUTER_BOUND('',#12765,.F.);
#12767=ADVANCED_FACE('',(#12766),#12759,.T.);
#12768=CARTESIAN_POINT('',(1.644918657115E0,1.E0,-1.725E0));
#12769=DIRECTION('',(0.E0,0.E0,-1.E0));
#12770=DIRECTION('',(1.E0,0.E0,0.E0));
#12771=AXIS2_PLACEMENT_3D('',#12768,#12769,#12770);
#12772=PLANE('',#12771);
#12773=ORIENTED_EDGE('',*,*,#10464,.T.);
#12775=ORIENTED_EDGE('',*,*,#12774,.T.);
#12776=ORIENTED_EDGE('',*,*,#12702,.F.);
#12777=ORIENTED_EDGE('',*,*,#12761,.F.);
#12778=EDGE_LOOP('',(#12773,#12775,#12776,#12777));
#12779=FACE_OUTER_BOUND('',#12778,.F.);
#12780=ADVANCED_FACE('',(#12779),#12772,.T.);
#12781=CARTESIAN_POINT('',(2.284918657115E0,1.E0,-1.725E0));
#12782=DIRECTION('',(9.902680687416E-1,0.E0,-1.391731009601E-1));
#12783=DIRECTION('',(1.391731009601E-1,0.E0,9.902680687416E-1));
#12784=AXIS2_PLACEMENT_3D('',#12781,#12782,#12783);
#12785=PLANE('',#12784);
#12786=ORIENTED_EDGE('',*,*,#10462,.T.);
#12787=ORIENTED_EDGE('',*,*,#12750,.T.);
#12788=ORIENTED_EDGE('',*,*,#12704,.F.);
#12789=ORIENTED_EDGE('',*,*,#12774,.F.);
#12790=EDGE_LOOP('',(#12786,#12787,#12788,#12789));
#12791=FACE_OUTER_BOUND('',#12790,.F.);
#12792=ADVANCED_FACE('',(#12791),#12785,.T.);
#12793=CARTESIAN_POINT('',(7.7E-1,1.E0,8.35E-1));
#12794=DIRECTION('',(9.902680687416E-1,0.E0,-1.391731009601E-1));
#12795=DIRECTION('',(1.391731009601E-1,0.E0,9.902680687416E-1));
#12796=AXIS2_PLACEMENT_3D('',#12793,#12794,#12795);
#12797=PLANE('',#12796);
#12798=ORIENTED_EDGE('',*,*,#10470,.T.);
#12800=ORIENTED_EDGE('',*,*,#12799,.T.);
#12801=ORIENTED_EDGE('',*,*,#12714,.F.);
#12803=ORIENTED_EDGE('',*,*,#12802,.F.);
#12804=EDGE_LOOP('',(#12798,#12800,#12801,#12803));
#12805=FACE_OUTER_BOUND('',#12804,.F.);
#12806=ADVANCED_FACE('',(#12805),#12797,.T.);
#12807=CARTESIAN_POINT('',(8.950813428851E-1,1.E0,1.725E0));
#12808=DIRECTION('',(0.E0,0.E0,1.E0));
#12809=DIRECTION('',(-1.E0,0.E0,0.E0));
#12810=AXIS2_PLACEMENT_3D('',#12807,#12808,#12809);
#12811=PLANE('',#12810);
#12812=ORIENTED_EDGE('',*,*,#10476,.T.);
#12814=ORIENTED_EDGE('',*,*,#12813,.T.);
#12815=ORIENTED_EDGE('',*,*,#12716,.F.);
#12816=ORIENTED_EDGE('',*,*,#12799,.F.);
#12817=EDGE_LOOP('',(#12812,#12814,#12815,#12816));
#12818=FACE_OUTER_BOUND('',#12817,.F.);
#12819=ADVANCED_FACE('',(#12818),#12811,.T.);
#12820=CARTESIAN_POINT('',(2.550813428851E-1,1.E0,1.725E0));
#12821=DIRECTION('',(-9.902680687416E-1,0.E0,1.391731009601E-1));
#12822=DIRECTION('',(-1.391731009601E-1,0.E0,-9.902680687416E-1));
#12823=AXIS2_PLACEMENT_3D('',#12820,#12821,#12822);
#12824=PLANE('',#12823);
#12825=ORIENTED_EDGE('',*,*,#10474,.T.);
#12827=ORIENTED_EDGE('',*,*,#12826,.T.);
#12828=ORIENTED_EDGE('',*,*,#12718,.F.);
#12829=ORIENTED_EDGE('',*,*,#12813,.F.);
#12830=EDGE_LOOP('',(#12825,#12827,#12828,#12829));
#12831=FACE_OUTER_BOUND('',#12830,.F.);
#12832=ADVANCED_FACE('',(#12831),#12824,.T.);
#12833=CARTESIAN_POINT('',(1.3E-1,1.E0,8.35E-1));
#12834=DIRECTION('',(0.E0,0.E0,-1.E0));
#12835=DIRECTION('',(1.E0,0.E0,0.E0));
#12836=AXIS2_PLACEMENT_3D('',#12833,#12834,#12835);
#12837=PLANE('',#12836);
#12838=ORIENTED_EDGE('',*,*,#10472,.T.);
#12839=ORIENTED_EDGE('',*,*,#12802,.T.);
#12840=ORIENTED_EDGE('',*,*,#12720,.F.);
#12841=ORIENTED_EDGE('',*,*,#12826,.F.);
#12842=EDGE_LOOP('',(#12838,#12839,#12840,#12841));
#12843=FACE_OUTER_BOUND('',#12842,.F.);
#12844=ADVANCED_FACE('',(#12843),#12837,.T.);
#12845=CARTESIAN_POINT('',(2.41E0,1.E0,8.35E-1));
#12846=DIRECTION('',(9.902680687416E-1,0.E0,1.391731009601E-1));
#12847=DIRECTION('',(-1.391731009601E-1,0.E0,9.902680687416E-1));
#12848=AXIS2_PLACEMENT_3D('',#12845,#12846,#12847);
#12849=PLANE('',#12848);
#12850=ORIENTED_EDGE('',*,*,#10480,.T.);
#12852=ORIENTED_EDGE('',*,*,#12851,.T.);
#12853=ORIENTED_EDGE('',*,*,#12730,.F.);
#12855=ORIENTED_EDGE('',*,*,#12854,.F.);
#12856=EDGE_LOOP('',(#12850,#12852,#12853,#12855));
#12857=FACE_OUTER_BOUND('',#12856,.F.);
#12858=ADVANCED_FACE('',(#12857),#12849,.T.);
#12859=CARTESIAN_POINT('',(2.284918657115E0,1.E0,1.725E0));
#12860=DIRECTION('',(0.E0,0.E0,1.E0));
#12861=DIRECTION('',(-1.E0,0.E0,0.E0));
#12862=AXIS2_PLACEMENT_3D('',#12859,#12860,#12861);
#12863=PLANE('',#12862);
#12864=ORIENTED_EDGE('',*,*,#10486,.T.);
#12866=ORIENTED_EDGE('',*,*,#12865,.T.);
#12867=ORIENTED_EDGE('',*,*,#12732,.F.);
#12868=ORIENTED_EDGE('',*,*,#12851,.F.);
#12869=EDGE_LOOP('',(#12864,#12866,#12867,#12868));
#12870=FACE_OUTER_BOUND('',#12869,.F.);
#12871=ADVANCED_FACE('',(#12870),#12863,.T.);
#12872=CARTESIAN_POINT('',(1.644918657115E0,1.E0,1.725E0));
#12873=DIRECTION('',(-9.902680687416E-1,0.E0,-1.391731009601E-1));
#12874=DIRECTION('',(1.391731009601E-1,0.E0,-9.902680687416E-1));
#12875=AXIS2_PLACEMENT_3D('',#12872,#12873,#12874);
#12876=PLANE('',#12875);
#12877=ORIENTED_EDGE('',*,*,#10484,.T.);
#12879=ORIENTED_EDGE('',*,*,#12878,.T.);
#12880=ORIENTED_EDGE('',*,*,#12734,.F.);
#12881=ORIENTED_EDGE('',*,*,#12865,.F.);
#12882=EDGE_LOOP('',(#12877,#12879,#12880,#12881));
#12883=FACE_OUTER_BOUND('',#12882,.F.);
#12884=ADVANCED_FACE('',(#12883),#12876,.T.);
#12885=CARTESIAN_POINT('',(1.77E0,1.E0,8.35E-1));
#12886=DIRECTION('',(0.E0,0.E0,-1.E0));
#12887=DIRECTION('',(1.E0,0.E0,0.E0));
#12888=AXIS2_PLACEMENT_3D('',#12885,#12886,#12887);
#12889=PLANE('',#12888);
#12890=ORIENTED_EDGE('',*,*,#10482,.T.);
#12891=ORIENTED_EDGE('',*,*,#12854,.T.);
#12892=ORIENTED_EDGE('',*,*,#12736,.F.);
#12893=ORIENTED_EDGE('',*,*,#12878,.F.);
#12894=EDGE_LOOP('',(#12890,#12891,#12892,#12893));
#12895=FACE_OUTER_BOUND('',#12894,.F.);
#12896=ADVANCED_FACE('',(#12895),#12889,.T.);
#12897=CARTESIAN_POINT('',(-1.77E0,1.E0,-8.35E-1));
#12898=DIRECTION('',(0.E0,0.E0,1.E0));
#12899=DIRECTION('',(-1.E0,0.E0,0.E0));
#12900=AXIS2_PLACEMENT_3D('',#12897,#12898,#12899);
#12901=PLANE('',#12900);
#12902=ORIENTED_EDGE('',*,*,#10490,.T.);
#12904=ORIENTED_EDGE('',*,*,#12903,.T.);
#12906=ORIENTED_EDGE('',*,*,#12905,.F.);
#12908=ORIENTED_EDGE('',*,*,#12907,.F.);
#12909=EDGE_LOOP('',(#12902,#12904,#12906,#12908));
#12910=FACE_OUTER_BOUND('',#12909,.F.);
#12911=ADVANCED_FACE('',(#12910),#12901,.T.);
#12912=CARTESIAN_POINT('',(-2.41E0,1.E0,-8.35E-1));
#12913=DIRECTION('',(-9.902680687416E-1,0.E0,-1.391731009601E-1));
#12914=DIRECTION('',(1.391731009601E-1,0.E0,-9.902680687416E-1));
#12915=AXIS2_PLACEMENT_3D('',#12912,#12913,#12914);
#12916=PLANE('',#12915);
#12917=ORIENTED_EDGE('',*,*,#10496,.T.);
#12919=ORIENTED_EDGE('',*,*,#12918,.T.);
#12921=ORIENTED_EDGE('',*,*,#12920,.F.);
#12922=ORIENTED_EDGE('',*,*,#12903,.F.);
#12923=EDGE_LOOP('',(#12917,#12919,#12921,#12922));
#12924=FACE_OUTER_BOUND('',#12923,.F.);
#12925=ADVANCED_FACE('',(#12924),#12916,.T.);
#12926=CARTESIAN_POINT('',(-2.284918657115E0,1.E0,-1.725E0));
#12927=DIRECTION('',(0.E0,0.E0,-1.E0));
#12928=DIRECTION('',(1.E0,0.E0,0.E0));
#12929=AXIS2_PLACEMENT_3D('',#12926,#12927,#12928);
#12930=PLANE('',#12929);
#12931=ORIENTED_EDGE('',*,*,#10494,.T.);
#12933=ORIENTED_EDGE('',*,*,#12932,.T.);
#12935=ORIENTED_EDGE('',*,*,#12934,.F.);
#12936=ORIENTED_EDGE('',*,*,#12918,.F.);
#12937=EDGE_LOOP('',(#12931,#12933,#12935,#12936));
#12938=FACE_OUTER_BOUND('',#12937,.F.);
#12939=ADVANCED_FACE('',(#12938),#12930,.T.);
#12940=CARTESIAN_POINT('',(-1.644918657115E0,1.E0,-1.725E0));
#12941=DIRECTION('',(9.902680687416E-1,0.E0,1.391731009601E-1));
#12942=DIRECTION('',(-1.391731009601E-1,0.E0,9.902680687416E-1));
#12943=AXIS2_PLACEMENT_3D('',#12940,#12941,#12942);
#12944=PLANE('',#12943);
#12945=ORIENTED_EDGE('',*,*,#10492,.T.);
#12946=ORIENTED_EDGE('',*,*,#12907,.T.);
#12948=ORIENTED_EDGE('',*,*,#12947,.F.);
#12949=ORIENTED_EDGE('',*,*,#12932,.F.);
#12950=EDGE_LOOP('',(#12945,#12946,#12948,#12949));
#12951=FACE_OUTER_BOUND('',#12950,.F.);
#12952=ADVANCED_FACE('',(#12951),#12944,.T.);
#12953=CARTESIAN_POINT('',(0.E0,1.5E0,0.E0));
#12954=DIRECTION('',(0.E0,-1.E0,0.E0));
#12955=DIRECTION('',(-1.E0,0.E0,0.E0));
#12956=AXIS2_PLACEMENT_3D('',#12953,#12954,#12955);
#12957=PLANE('',#12956);
#12958=ORIENTED_EDGE('',*,*,#12905,.T.);
#12959=ORIENTED_EDGE('',*,*,#12920,.T.);
#12960=ORIENTED_EDGE('',*,*,#12934,.T.);
#12961=ORIENTED_EDGE('',*,*,#12947,.T.);
#12962=EDGE_LOOP('',(#12958,#12959,#12960,#12961));
#12963=FACE_OUTER_BOUND('',#12962,.F.);
#12964=ADVANCED_FACE('',(#12963),#12957,.F.);
#12965=CARTESIAN_POINT('',(0.E0,1.5E0,0.E0));
#12966=DIRECTION('',(0.E0,-1.E0,0.E0));
#12967=DIRECTION('',(-1.E0,0.E0,0.E0));
#12968=AXIS2_PLACEMENT_3D('',#12965,#12966,#12967);
#12969=PLANE('',#12968);
#12971=ORIENTED_EDGE('',*,*,#12970,.T.);
#12973=ORIENTED_EDGE('',*,*,#12972,.T.);
#12975=ORIENTED_EDGE('',*,*,#12974,.T.);
#12977=ORIENTED_EDGE('',*,*,#12976,.T.);
#12978=EDGE_LOOP('',(#12971,#12973,#12975,#12977));
#12979=FACE_OUTER_BOUND('',#12978,.F.);
#12980=ADVANCED_FACE('',(#12979),#12969,.F.);
#12981=CARTESIAN_POINT('',(0.E0,1.5E0,0.E0));
#12982=DIRECTION('',(0.E0,-1.E0,0.E0));
#12983=DIRECTION('',(-1.E0,0.E0,0.E0));
#12984=AXIS2_PLACEMENT_3D('',#12981,#12982,#12983);
#12985=PLANE('',#12984);
#12987=ORIENTED_EDGE('',*,*,#12986,.T.);
#12989=ORIENTED_EDGE('',*,*,#12988,.T.);
#12991=ORIENTED_EDGE('',*,*,#12990,.T.);
#12993=ORIENTED_EDGE('',*,*,#12992,.T.);
#12994=EDGE_LOOP('',(#12987,#12989,#12991,#12993));
#12995=FACE_OUTER_BOUND('',#12994,.F.);
#12996=ADVANCED_FACE('',(#12995),#12985,.F.);
#12997=CARTESIAN_POINT('',(0.E0,1.5E0,0.E0));
#12998=DIRECTION('',(0.E0,-1.E0,0.E0));
#12999=DIRECTION('',(-1.E0,0.E0,0.E0));
#13000=AXIS2_PLACEMENT_3D('',#12997,#12998,#12999);
#13001=PLANE('',#13000);
#13003=ORIENTED_EDGE('',*,*,#13002,.T.);
#13005=ORIENTED_EDGE('',*,*,#13004,.T.);
#13007=ORIENTED_EDGE('',*,*,#13006,.T.);
#13009=ORIENTED_EDGE('',*,*,#13008,.T.);
#13010=EDGE_LOOP('',(#13003,#13005,#13007,#13009));
#13011=FACE_OUTER_BOUND('',#13010,.F.);
#13012=ADVANCED_FACE('',(#13011),#13001,.F.);
#13013=CARTESIAN_POINT('',(-1.3E-1,1.E0,-8.35E-1));
#13014=DIRECTION('',(0.E0,0.E0,1.E0));
#13015=DIRECTION('',(-1.E0,0.E0,0.E0));
#13016=AXIS2_PLACEMENT_3D('',#13013,#13014,#13015);
#13017=PLANE('',#13016);
#13018=ORIENTED_EDGE('',*,*,#10500,.T.);
#13020=ORIENTED_EDGE('',*,*,#13019,.T.);
#13021=ORIENTED_EDGE('',*,*,#12970,.F.);
#13023=ORIENTED_EDGE('',*,*,#13022,.F.);
#13024=EDGE_LOOP('',(#13018,#13020,#13021,#13023));
#13025=FACE_OUTER_BOUND('',#13024,.F.);
#13026=ADVANCED_FACE('',(#13025),#13017,.T.);
#13027=CARTESIAN_POINT('',(-7.7E-1,1.E0,-8.35E-1));
#13028=DIRECTION('',(-9.902680687416E-1,0.E0,1.391731009601E-1));
#13029=DIRECTION('',(-1.391731009601E-1,0.E0,-9.902680687416E-1));
#13030=AXIS2_PLACEMENT_3D('',#13027,#13028,#13029);
#13031=PLANE('',#13030);
#13032=ORIENTED_EDGE('',*,*,#10506,.T.);
#13034=ORIENTED_EDGE('',*,*,#13033,.T.);
#13035=ORIENTED_EDGE('',*,*,#12972,.F.);
#13036=ORIENTED_EDGE('',*,*,#13019,.F.);
#13037=EDGE_LOOP('',(#13032,#13034,#13035,#13036));
#13038=FACE_OUTER_BOUND('',#13037,.F.);
#13039=ADVANCED_FACE('',(#13038),#13031,.T.);
#13040=CARTESIAN_POINT('',(-8.950813428851E-1,1.E0,-1.725E0));
#13041=DIRECTION('',(0.E0,0.E0,-1.E0));
#13042=DIRECTION('',(1.E0,0.E0,0.E0));
#13043=AXIS2_PLACEMENT_3D('',#13040,#13041,#13042);
#13044=PLANE('',#13043);
#13045=ORIENTED_EDGE('',*,*,#10504,.T.);
#13047=ORIENTED_EDGE('',*,*,#13046,.T.);
#13048=ORIENTED_EDGE('',*,*,#12974,.F.);
#13049=ORIENTED_EDGE('',*,*,#13033,.F.);
#13050=EDGE_LOOP('',(#13045,#13047,#13048,#13049));
#13051=FACE_OUTER_BOUND('',#13050,.F.);
#13052=ADVANCED_FACE('',(#13051),#13044,.T.);
#13053=CARTESIAN_POINT('',(-2.550813428851E-1,1.E0,-1.725E0));
#13054=DIRECTION('',(9.902680687416E-1,0.E0,-1.391731009601E-1));
#13055=DIRECTION('',(1.391731009601E-1,0.E0,9.902680687416E-1));
#13056=AXIS2_PLACEMENT_3D('',#13053,#13054,#13055);
#13057=PLANE('',#13056);
#13058=ORIENTED_EDGE('',*,*,#10502,.T.);
#13059=ORIENTED_EDGE('',*,*,#13022,.T.);
#13060=ORIENTED_EDGE('',*,*,#12976,.F.);
#13061=ORIENTED_EDGE('',*,*,#13046,.F.);
#13062=EDGE_LOOP('',(#13058,#13059,#13060,#13061));
#13063=FACE_OUTER_BOUND('',#13062,.F.);
#13064=ADVANCED_FACE('',(#13063),#13057,.T.);
#13065=CARTESIAN_POINT('',(-1.77E0,1.E0,8.35E-1));
#13066=DIRECTION('',(9.902680687416E-1,0.E0,-1.391731009601E-1));
#13067=DIRECTION('',(1.391731009601E-1,0.E0,9.902680687416E-1));
#13068=AXIS2_PLACEMENT_3D('',#13065,#13066,#13067);
#13069=PLANE('',#13068);
#13070=ORIENTED_EDGE('',*,*,#10510,.T.);
#13072=ORIENTED_EDGE('',*,*,#13071,.T.);
#13073=ORIENTED_EDGE('',*,*,#12986,.F.);
#13075=ORIENTED_EDGE('',*,*,#13074,.F.);
#13076=EDGE_LOOP('',(#13070,#13072,#13073,#13075));
#13077=FACE_OUTER_BOUND('',#13076,.F.);
#13078=ADVANCED_FACE('',(#13077),#13069,.T.);
#13079=CARTESIAN_POINT('',(-1.644918657115E0,1.E0,1.725E0));
#13080=DIRECTION('',(0.E0,0.E0,1.E0));
#13081=DIRECTION('',(-1.E0,0.E0,0.E0));
#13082=AXIS2_PLACEMENT_3D('',#13079,#13080,#13081);
#13083=PLANE('',#13082);
#13084=ORIENTED_EDGE('',*,*,#10516,.T.);
#13086=ORIENTED_EDGE('',*,*,#13085,.T.);
#13087=ORIENTED_EDGE('',*,*,#12988,.F.);
#13088=ORIENTED_EDGE('',*,*,#13071,.F.);
#13089=EDGE_LOOP('',(#13084,#13086,#13087,#13088));
#13090=FACE_OUTER_BOUND('',#13089,.F.);
#13091=ADVANCED_FACE('',(#13090),#13083,.T.);
#13092=CARTESIAN_POINT('',(-2.284918657115E0,1.E0,1.725E0));
#13093=DIRECTION('',(-9.902680687416E-1,0.E0,1.391731009601E-1));
#13094=DIRECTION('',(-1.391731009601E-1,0.E0,-9.902680687416E-1));
#13095=AXIS2_PLACEMENT_3D('',#13092,#13093,#13094);
#13096=PLANE('',#13095);
#13097=ORIENTED_EDGE('',*,*,#10514,.T.);
#13099=ORIENTED_EDGE('',*,*,#13098,.T.);
#13100=ORIENTED_EDGE('',*,*,#12990,.F.);
#13101=ORIENTED_EDGE('',*,*,#13085,.F.);
#13102=EDGE_LOOP('',(#13097,#13099,#13100,#13101));
#13103=FACE_OUTER_BOUND('',#13102,.F.);
#13104=ADVANCED_FACE('',(#13103),#13096,.T.);
#13105=CARTESIAN_POINT('',(-2.41E0,1.E0,8.35E-1));
#13106=DIRECTION('',(0.E0,0.E0,-1.E0));
#13107=DIRECTION('',(1.E0,0.E0,0.E0));
#13108=AXIS2_PLACEMENT_3D('',#13105,#13106,#13107);
#13109=PLANE('',#13108);
#13110=ORIENTED_EDGE('',*,*,#10512,.T.);
#13111=ORIENTED_EDGE('',*,*,#13074,.T.);
#13112=ORIENTED_EDGE('',*,*,#12992,.F.);
#13113=ORIENTED_EDGE('',*,*,#13098,.F.);
#13114=EDGE_LOOP('',(#13110,#13111,#13112,#13113));
#13115=FACE_OUTER_BOUND('',#13114,.F.);
#13116=ADVANCED_FACE('',(#13115),#13109,.T.);
#13117=CARTESIAN_POINT('',(-1.3E-1,1.E0,8.35E-1));
#13118=DIRECTION('',(9.902680687416E-1,0.E0,1.391731009601E-1));
#13119=DIRECTION('',(-1.391731009601E-1,0.E0,9.902680687416E-1));
#13120=AXIS2_PLACEMENT_3D('',#13117,#13118,#13119);
#13121=PLANE('',#13120);
#13122=ORIENTED_EDGE('',*,*,#10520,.T.);
#13124=ORIENTED_EDGE('',*,*,#13123,.T.);
#13125=ORIENTED_EDGE('',*,*,#13002,.F.);
#13127=ORIENTED_EDGE('',*,*,#13126,.F.);
#13128=EDGE_LOOP('',(#13122,#13124,#13125,#13127));
#13129=FACE_OUTER_BOUND('',#13128,.F.);
#13130=ADVANCED_FACE('',(#13129),#13121,.T.);
#13131=CARTESIAN_POINT('',(-2.550813428851E-1,1.E0,1.725E0));
#13132=DIRECTION('',(0.E0,0.E0,1.E0));
#13133=DIRECTION('',(-1.E0,0.E0,0.E0));
#13134=AXIS2_PLACEMENT_3D('',#13131,#13132,#13133);
#13135=PLANE('',#13134);
#13136=ORIENTED_EDGE('',*,*,#10526,.T.);
#13138=ORIENTED_EDGE('',*,*,#13137,.T.);
#13139=ORIENTED_EDGE('',*,*,#13004,.F.);
#13140=ORIENTED_EDGE('',*,*,#13123,.F.);
#13141=EDGE_LOOP('',(#13136,#13138,#13139,#13140));
#13142=FACE_OUTER_BOUND('',#13141,.F.);
#13143=ADVANCED_FACE('',(#13142),#13135,.T.);
#13144=CARTESIAN_POINT('',(-8.950813428851E-1,1.E0,1.725E0));
#13145=DIRECTION('',(-9.902680687416E-1,0.E0,-1.391731009601E-1));
#13146=DIRECTION('',(1.391731009601E-1,0.E0,-9.902680687416E-1));
#13147=AXIS2_PLACEMENT_3D('',#13144,#13145,#13146);
#13148=PLANE('',#13147);
#13149=ORIENTED_EDGE('',*,*,#10524,.T.);
#13151=ORIENTED_EDGE('',*,*,#13150,.T.);
#13152=ORIENTED_EDGE('',*,*,#13006,.F.);
#13153=ORIENTED_EDGE('',*,*,#13137,.F.);
#13154=EDGE_LOOP('',(#13149,#13151,#13152,#13153));
#13155=FACE_OUTER_BOUND('',#13154,.F.);
#13156=ADVANCED_FACE('',(#13155),#13148,.T.);
#13157=CARTESIAN_POINT('',(-7.7E-1,1.E0,8.35E-1));
#13158=DIRECTION('',(0.E0,0.E0,-1.E0));
#13159=DIRECTION('',(1.E0,0.E0,0.E0));
#13160=AXIS2_PLACEMENT_3D('',#13157,#13158,#13159);
#13161=PLANE('',#13160);
#13162=ORIENTED_EDGE('',*,*,#10522,.T.);
#13163=ORIENTED_EDGE('',*,*,#13126,.T.);
#13164=ORIENTED_EDGE('',*,*,#13008,.F.);
#13165=ORIENTED_EDGE('',*,*,#13150,.F.);
#13166=EDGE_LOOP('',(#13162,#13163,#13164,#13165));
#13167=FACE_OUTER_BOUND('',#13166,.F.);
#13168=ADVANCED_FACE('',(#13167),#13161,.T.);
#13169=CARTESIAN_POINT('',(-4.31E0,1.E0,-8.35E-1));
#13170=DIRECTION('',(0.E0,0.E0,1.E0));
#13171=DIRECTION('',(-1.E0,0.E0,0.E0));
#13172=AXIS2_PLACEMENT_3D('',#13169,#13170,#13171);
#13173=PLANE('',#13172);
#13174=ORIENTED_EDGE('',*,*,#10530,.T.);
#13176=ORIENTED_EDGE('',*,*,#13175,.T.);
#13178=ORIENTED_EDGE('',*,*,#13177,.F.);
#13180=ORIENTED_EDGE('',*,*,#13179,.F.);
#13181=EDGE_LOOP('',(#13174,#13176,#13178,#13180));
#13182=FACE_OUTER_BOUND('',#13181,.F.);
#13183=ADVANCED_FACE('',(#13182),#13173,.T.);
#13184=CARTESIAN_POINT('',(-4.95E0,1.E0,-8.35E-1));
#13185=DIRECTION('',(-9.902680687416E-1,0.E0,-1.391731009601E-1));
#13186=DIRECTION('',(1.391731009601E-1,0.E0,-9.902680687416E-1));
#13187=AXIS2_PLACEMENT_3D('',#13184,#13185,#13186);
#13188=PLANE('',#13187);
#13189=ORIENTED_EDGE('',*,*,#10536,.T.);
#13191=ORIENTED_EDGE('',*,*,#13190,.T.);
#13193=ORIENTED_EDGE('',*,*,#13192,.F.);
#13194=ORIENTED_EDGE('',*,*,#13175,.F.);
#13195=EDGE_LOOP('',(#13189,#13191,#13193,#13194));
#13196=FACE_OUTER_BOUND('',#13195,.F.);
#13197=ADVANCED_FACE('',(#13196),#13188,.T.);
#13198=CARTESIAN_POINT('',(-4.824918657115E0,1.E0,-1.725E0));
#13199=DIRECTION('',(0.E0,0.E0,-1.E0));
#13200=DIRECTION('',(1.E0,0.E0,0.E0));
#13201=AXIS2_PLACEMENT_3D('',#13198,#13199,#13200);
#13202=PLANE('',#13201);
#13203=ORIENTED_EDGE('',*,*,#10534,.T.);
#13205=ORIENTED_EDGE('',*,*,#13204,.T.);
#13207=ORIENTED_EDGE('',*,*,#13206,.F.);
#13208=ORIENTED_EDGE('',*,*,#13190,.F.);
#13209=EDGE_LOOP('',(#13203,#13205,#13207,#13208));
#13210=FACE_OUTER_BOUND('',#13209,.F.);
#13211=ADVANCED_FACE('',(#13210),#13202,.T.);
#13212=CARTESIAN_POINT('',(-4.184918657115E0,1.E0,-1.725E0));
#13213=DIRECTION('',(9.902680687416E-1,0.E0,1.391731009601E-1));
#13214=DIRECTION('',(-1.391731009601E-1,0.E0,9.902680687416E-1));
#13215=AXIS2_PLACEMENT_3D('',#13212,#13213,#13214);
#13216=PLANE('',#13215);
#13217=ORIENTED_EDGE('',*,*,#10532,.T.);
#13218=ORIENTED_EDGE('',*,*,#13179,.T.);
#13220=ORIENTED_EDGE('',*,*,#13219,.F.);
#13221=ORIENTED_EDGE('',*,*,#13204,.F.);
#13222=EDGE_LOOP('',(#13217,#13218,#13220,#13221));
#13223=FACE_OUTER_BOUND('',#13222,.F.);
#13224=ADVANCED_FACE('',(#13223),#13216,.T.);
#13225=CARTESIAN_POINT('',(0.E0,1.5E0,0.E0));
#13226=DIRECTION('',(0.E0,-1.E0,0.E0));
#13227=DIRECTION('',(-1.E0,0.E0,0.E0));
#13228=AXIS2_PLACEMENT_3D('',#13225,#13226,#13227);
#13229=PLANE('',#13228);
#13230=ORIENTED_EDGE('',*,*,#13177,.T.);
#13231=ORIENTED_EDGE('',*,*,#13192,.T.);
#13232=ORIENTED_EDGE('',*,*,#13206,.T.);
#13233=ORIENTED_EDGE('',*,*,#13219,.T.);
#13234=EDGE_LOOP('',(#13230,#13231,#13232,#13233));
#13235=FACE_OUTER_BOUND('',#13234,.F.);
#13236=ADVANCED_FACE('',(#13235),#13229,.F.);
#13237=CARTESIAN_POINT('',(0.E0,1.5E0,0.E0));
#13238=DIRECTION('',(0.E0,-1.E0,0.E0));
#13239=DIRECTION('',(-1.E0,0.E0,0.E0));
#13240=AXIS2_PLACEMENT_3D('',#13237,#13238,#13239);
#13241=PLANE('',#13240);
#13243=ORIENTED_EDGE('',*,*,#13242,.T.);
#13245=ORIENTED_EDGE('',*,*,#13244,.T.);
#13247=ORIENTED_EDGE('',*,*,#13246,.T.);
#13249=ORIENTED_EDGE('',*,*,#13248,.T.);
#13250=EDGE_LOOP('',(#13243,#13245,#13247,#13249));
#13251=FACE_OUTER_BOUND('',#13250,.F.);
#13252=ADVANCED_FACE('',(#13251),#13241,.F.);
#13253=CARTESIAN_POINT('',(0.E0,1.5E0,0.E0));
#13254=DIRECTION('',(0.E0,-1.E0,0.E0));
#13255=DIRECTION('',(-1.E0,0.E0,0.E0));
#13256=AXIS2_PLACEMENT_3D('',#13253,#13254,#13255);
#13257=PLANE('',#13256);
#13259=ORIENTED_EDGE('',*,*,#13258,.T.);
#13261=ORIENTED_EDGE('',*,*,#13260,.T.);
#13263=ORIENTED_EDGE('',*,*,#13262,.T.);
#13265=ORIENTED_EDGE('',*,*,#13264,.T.);
#13266=EDGE_LOOP('',(#13259,#13261,#13263,#13265));
#13267=FACE_OUTER_BOUND('',#13266,.F.);
#13268=ADVANCED_FACE('',(#13267),#13257,.F.);
#13269=CARTESIAN_POINT('',(0.E0,1.5E0,0.E0));
#13270=DIRECTION('',(0.E0,-1.E0,0.E0));
#13271=DIRECTION('',(-1.E0,0.E0,0.E0));
#13272=AXIS2_PLACEMENT_3D('',#13269,#13270,#13271);
#13273=PLANE('',#13272);
#13275=ORIENTED_EDGE('',*,*,#13274,.T.);
#13277=ORIENTED_EDGE('',*,*,#13276,.T.);
#13279=ORIENTED_EDGE('',*,*,#13278,.T.);
#13281=ORIENTED_EDGE('',*,*,#13280,.T.);
#13282=EDGE_LOOP('',(#13275,#13277,#13279,#13281));
#13283=FACE_OUTER_BOUND('',#13282,.F.);
#13284=ADVANCED_FACE('',(#13283),#13273,.F.);
#13285=CARTESIAN_POINT('',(-2.67E0,1.E0,-8.35E-1));
#13286=DIRECTION('',(0.E0,0.E0,1.E0));
#13287=DIRECTION('',(-1.E0,0.E0,0.E0));
#13288=AXIS2_PLACEMENT_3D('',#13285,#13286,#13287);
#13289=PLANE('',#13288);
#13290=ORIENTED_EDGE('',*,*,#10540,.T.);
#13292=ORIENTED_EDGE('',*,*,#13291,.T.);
#13293=ORIENTED_EDGE('',*,*,#13242,.F.);
#13295=ORIENTED_EDGE('',*,*,#13294,.F.);
#13296=EDGE_LOOP('',(#13290,#13292,#13293,#13295));
#13297=FACE_OUTER_BOUND('',#13296,.F.);
#13298=ADVANCED_FACE('',(#13297),#13289,.T.);
#13299=CARTESIAN_POINT('',(-3.31E0,1.E0,-8.35E-1));
#13300=DIRECTION('',(-9.902680687416E-1,0.E0,1.391731009601E-1));
#13301=DIRECTION('',(-1.391731009601E-1,0.E0,-9.902680687416E-1));
#13302=AXIS2_PLACEMENT_3D('',#13299,#13300,#13301);
#13303=PLANE('',#13302);
#13304=ORIENTED_EDGE('',*,*,#10546,.T.);
#13306=ORIENTED_EDGE('',*,*,#13305,.T.);
#13307=ORIENTED_EDGE('',*,*,#13244,.F.);
#13308=ORIENTED_EDGE('',*,*,#13291,.F.);
#13309=EDGE_LOOP('',(#13304,#13306,#13307,#13308));
#13310=FACE_OUTER_BOUND('',#13309,.F.);
#13311=ADVANCED_FACE('',(#13310),#13303,.T.);
#13312=CARTESIAN_POINT('',(-3.435081342885E0,1.E0,-1.725E0));
#13313=DIRECTION('',(0.E0,0.E0,-1.E0));
#13314=DIRECTION('',(1.E0,0.E0,0.E0));
#13315=AXIS2_PLACEMENT_3D('',#13312,#13313,#13314);
#13316=PLANE('',#13315);
#13317=ORIENTED_EDGE('',*,*,#10544,.T.);
#13319=ORIENTED_EDGE('',*,*,#13318,.T.);
#13320=ORIENTED_EDGE('',*,*,#13246,.F.);
#13321=ORIENTED_EDGE('',*,*,#13305,.F.);
#13322=EDGE_LOOP('',(#13317,#13319,#13320,#13321));
#13323=FACE_OUTER_BOUND('',#13322,.F.);
#13324=ADVANCED_FACE('',(#13323),#13316,.T.);
#13325=CARTESIAN_POINT('',(-2.795081342885E0,1.E0,-1.725E0));
#13326=DIRECTION('',(9.902680687416E-1,0.E0,-1.391731009601E-1));
#13327=DIRECTION('',(1.391731009601E-1,0.E0,9.902680687416E-1));
#13328=AXIS2_PLACEMENT_3D('',#13325,#13326,#13327);
#13329=PLANE('',#13328);
#13330=ORIENTED_EDGE('',*,*,#10542,.T.);
#13331=ORIENTED_EDGE('',*,*,#13294,.T.);
#13332=ORIENTED_EDGE('',*,*,#13248,.F.);
#13333=ORIENTED_EDGE('',*,*,#13318,.F.);
#13334=EDGE_LOOP('',(#13330,#13331,#13332,#13333));
#13335=FACE_OUTER_BOUND('',#13334,.F.);
#13336=ADVANCED_FACE('',(#13335),#13329,.T.);
#13337=CARTESIAN_POINT('',(-4.31E0,1.E0,8.35E-1));
#13338=DIRECTION('',(9.902680687416E-1,0.E0,-1.391731009601E-1));
#13339=DIRECTION('',(1.391731009601E-1,0.E0,9.902680687416E-1));
#13340=AXIS2_PLACEMENT_3D('',#13337,#13338,#13339);
#13341=PLANE('',#13340);
#13342=ORIENTED_EDGE('',*,*,#10550,.T.);
#13344=ORIENTED_EDGE('',*,*,#13343,.T.);
#13345=ORIENTED_EDGE('',*,*,#13258,.F.);
#13347=ORIENTED_EDGE('',*,*,#13346,.F.);
#13348=EDGE_LOOP('',(#13342,#13344,#13345,#13347));
#13349=FACE_OUTER_BOUND('',#13348,.F.);
#13350=ADVANCED_FACE('',(#13349),#13341,.T.);
#13351=CARTESIAN_POINT('',(-4.184918657115E0,1.E0,1.725E0));
#13352=DIRECTION('',(0.E0,0.E0,1.E0));
#13353=DIRECTION('',(-1.E0,0.E0,0.E0));
#13354=AXIS2_PLACEMENT_3D('',#13351,#13352,#13353);
#13355=PLANE('',#13354);
#13356=ORIENTED_EDGE('',*,*,#10556,.T.);
#13358=ORIENTED_EDGE('',*,*,#13357,.T.);
#13359=ORIENTED_EDGE('',*,*,#13260,.F.);
#13360=ORIENTED_EDGE('',*,*,#13343,.F.);
#13361=EDGE_LOOP('',(#13356,#13358,#13359,#13360));
#13362=FACE_OUTER_BOUND('',#13361,.F.);
#13363=ADVANCED_FACE('',(#13362),#13355,.T.);
#13364=CARTESIAN_POINT('',(-4.824918657115E0,1.E0,1.725E0));
#13365=DIRECTION('',(-9.902680687416E-1,0.E0,1.391731009601E-1));
#13366=DIRECTION('',(-1.391731009601E-1,0.E0,-9.902680687416E-1));
#13367=AXIS2_PLACEMENT_3D('',#13364,#13365,#13366);
#13368=PLANE('',#13367);
#13369=ORIENTED_EDGE('',*,*,#10554,.T.);
#13371=ORIENTED_EDGE('',*,*,#13370,.T.);
#13372=ORIENTED_EDGE('',*,*,#13262,.F.);
#13373=ORIENTED_EDGE('',*,*,#13357,.F.);
#13374=EDGE_LOOP('',(#13369,#13371,#13372,#13373));
#13375=FACE_OUTER_BOUND('',#13374,.F.);
#13376=ADVANCED_FACE('',(#13375),#13368,.T.);
#13377=CARTESIAN_POINT('',(-4.95E0,1.E0,8.35E-1));
#13378=DIRECTION('',(0.E0,0.E0,-1.E0));
#13379=DIRECTION('',(1.E0,0.E0,0.E0));
#13380=AXIS2_PLACEMENT_3D('',#13377,#13378,#13379);
#13381=PLANE('',#13380);
#13382=ORIENTED_EDGE('',*,*,#10552,.T.);
#13383=ORIENTED_EDGE('',*,*,#13346,.T.);
#13384=ORIENTED_EDGE('',*,*,#13264,.F.);
#13385=ORIENTED_EDGE('',*,*,#13370,.F.);
#13386=EDGE_LOOP('',(#13382,#13383,#13384,#13385));
#13387=FACE_OUTER_BOUND('',#13386,.F.);
#13388=ADVANCED_FACE('',(#13387),#13381,.T.);
#13389=CARTESIAN_POINT('',(-2.67E0,1.E0,8.35E-1));
#13390=DIRECTION('',(9.902680687416E-1,0.E0,1.391731009601E-1));
#13391=DIRECTION('',(-1.391731009601E-1,0.E0,9.902680687416E-1));
#13392=AXIS2_PLACEMENT_3D('',#13389,#13390,#13391);
#13393=PLANE('',#13392);
#13394=ORIENTED_EDGE('',*,*,#10560,.T.);
#13396=ORIENTED_EDGE('',*,*,#13395,.T.);
#13397=ORIENTED_EDGE('',*,*,#13274,.F.);
#13399=ORIENTED_EDGE('',*,*,#13398,.F.);
#13400=EDGE_LOOP('',(#13394,#13396,#13397,#13399));
#13401=FACE_OUTER_BOUND('',#13400,.F.);
#13402=ADVANCED_FACE('',(#13401),#13393,.T.);
#13403=CARTESIAN_POINT('',(-2.795081342885E0,1.E0,1.725E0));
#13404=DIRECTION('',(0.E0,0.E0,1.E0));
#13405=DIRECTION('',(-1.E0,0.E0,0.E0));
#13406=AXIS2_PLACEMENT_3D('',#13403,#13404,#13405);
#13407=PLANE('',#13406);
#13408=ORIENTED_EDGE('',*,*,#10566,.T.);
#13410=ORIENTED_EDGE('',*,*,#13409,.T.);
#13411=ORIENTED_EDGE('',*,*,#13276,.F.);
#13412=ORIENTED_EDGE('',*,*,#13395,.F.);
#13413=EDGE_LOOP('',(#13408,#13410,#13411,#13412));
#13414=FACE_OUTER_BOUND('',#13413,.F.);
#13415=ADVANCED_FACE('',(#13414),#13407,.T.);
#13416=CARTESIAN_POINT('',(-3.435081342885E0,1.E0,1.725E0));
#13417=DIRECTION('',(-9.902680687416E-1,0.E0,-1.391731009601E-1));
#13418=DIRECTION('',(1.391731009601E-1,0.E0,-9.902680687416E-1));
#13419=AXIS2_PLACEMENT_3D('',#13416,#13417,#13418);
#13420=PLANE('',#13419);
#13421=ORIENTED_EDGE('',*,*,#10564,.T.);
#13423=ORIENTED_EDGE('',*,*,#13422,.T.);
#13424=ORIENTED_EDGE('',*,*,#13278,.F.);
#13425=ORIENTED_EDGE('',*,*,#13409,.F.);
#13426=EDGE_LOOP('',(#13421,#13423,#13424,#13425));
#13427=FACE_OUTER_BOUND('',#13426,.F.);
#13428=ADVANCED_FACE('',(#13427),#13420,.T.);
#13429=CARTESIAN_POINT('',(-3.31E0,1.E0,8.35E-1));
#13430=DIRECTION('',(0.E0,0.E0,-1.E0));
#13431=DIRECTION('',(1.E0,0.E0,0.E0));
#13432=AXIS2_PLACEMENT_3D('',#13429,#13430,#13431);
#13433=PLANE('',#13432);
#13434=ORIENTED_EDGE('',*,*,#10562,.T.);
#13435=ORIENTED_EDGE('',*,*,#13398,.T.);
#13436=ORIENTED_EDGE('',*,*,#13280,.F.);
#13437=ORIENTED_EDGE('',*,*,#13422,.F.);
#13438=EDGE_LOOP('',(#13434,#13435,#13436,#13437));
#13439=FACE_OUTER_BOUND('',#13438,.F.);
#13440=ADVANCED_FACE('',(#13439),#13433,.T.);
#13441=CARTESIAN_POINT('',(-6.85E0,1.E0,-8.35E-1));
#13442=DIRECTION('',(0.E0,0.E0,1.E0));
#13443=DIRECTION('',(-1.E0,0.E0,0.E0));
#13444=AXIS2_PLACEMENT_3D('',#13441,#13442,#13443);
#13445=PLANE('',#13444);
#13446=ORIENTED_EDGE('',*,*,#10570,.T.);
#13448=ORIENTED_EDGE('',*,*,#13447,.T.);
#13450=ORIENTED_EDGE('',*,*,#13449,.F.);
#13452=ORIENTED_EDGE('',*,*,#13451,.F.);
#13453=EDGE_LOOP('',(#13446,#13448,#13450,#13452));
#13454=FACE_OUTER_BOUND('',#13453,.F.);
#13455=ADVANCED_FACE('',(#13454),#13445,.T.);
#13456=CARTESIAN_POINT('',(-7.49E0,1.E0,-8.35E-1));
#13457=DIRECTION('',(-9.902680687416E-1,0.E0,-1.391731009601E-1));
#13458=DIRECTION('',(1.391731009601E-1,0.E0,-9.902680687416E-1));
#13459=AXIS2_PLACEMENT_3D('',#13456,#13457,#13458);
#13460=PLANE('',#13459);
#13461=ORIENTED_EDGE('',*,*,#10576,.T.);
#13463=ORIENTED_EDGE('',*,*,#13462,.T.);
#13465=ORIENTED_EDGE('',*,*,#13464,.F.);
#13466=ORIENTED_EDGE('',*,*,#13447,.F.);
#13467=EDGE_LOOP('',(#13461,#13463,#13465,#13466));
#13468=FACE_OUTER_BOUND('',#13467,.F.);
#13469=ADVANCED_FACE('',(#13468),#13460,.T.);
#13470=CARTESIAN_POINT('',(-7.364918657115E0,1.E0,-1.725E0));
#13471=DIRECTION('',(0.E0,0.E0,-1.E0));
#13472=DIRECTION('',(1.E0,0.E0,0.E0));
#13473=AXIS2_PLACEMENT_3D('',#13470,#13471,#13472);
#13474=PLANE('',#13473);
#13475=ORIENTED_EDGE('',*,*,#10574,.T.);
#13477=ORIENTED_EDGE('',*,*,#13476,.T.);
#13479=ORIENTED_EDGE('',*,*,#13478,.F.);
#13480=ORIENTED_EDGE('',*,*,#13462,.F.);
#13481=EDGE_LOOP('',(#13475,#13477,#13479,#13480));
#13482=FACE_OUTER_BOUND('',#13481,.F.);
#13483=ADVANCED_FACE('',(#13482),#13474,.T.);
#13484=CARTESIAN_POINT('',(-6.724918657115E0,1.E0,-1.725E0));
#13485=DIRECTION('',(9.902680687416E-1,0.E0,1.391731009601E-1));
#13486=DIRECTION('',(-1.391731009601E-1,0.E0,9.902680687416E-1));
#13487=AXIS2_PLACEMENT_3D('',#13484,#13485,#13486);
#13488=PLANE('',#13487);
#13489=ORIENTED_EDGE('',*,*,#10572,.T.);
#13490=ORIENTED_EDGE('',*,*,#13451,.T.);
#13492=ORIENTED_EDGE('',*,*,#13491,.F.);
#13493=ORIENTED_EDGE('',*,*,#13476,.F.);
#13494=EDGE_LOOP('',(#13489,#13490,#13492,#13493));
#13495=FACE_OUTER_BOUND('',#13494,.F.);
#13496=ADVANCED_FACE('',(#13495),#13488,.T.);
#13497=CARTESIAN_POINT('',(0.E0,1.5E0,0.E0));
#13498=DIRECTION('',(0.E0,-1.E0,0.E0));
#13499=DIRECTION('',(-1.E0,0.E0,0.E0));
#13500=AXIS2_PLACEMENT_3D('',#13497,#13498,#13499);
#13501=PLANE('',#13500);
#13502=ORIENTED_EDGE('',*,*,#13449,.T.);
#13503=ORIENTED_EDGE('',*,*,#13464,.T.);
#13504=ORIENTED_EDGE('',*,*,#13478,.T.);
#13505=ORIENTED_EDGE('',*,*,#13491,.T.);
#13506=EDGE_LOOP('',(#13502,#13503,#13504,#13505));
#13507=FACE_OUTER_BOUND('',#13506,.F.);
#13508=ADVANCED_FACE('',(#13507),#13501,.F.);
#13509=CARTESIAN_POINT('',(0.E0,1.5E0,0.E0));
#13510=DIRECTION('',(0.E0,-1.E0,0.E0));
#13511=DIRECTION('',(-1.E0,0.E0,0.E0));
#13512=AXIS2_PLACEMENT_3D('',#13509,#13510,#13511);
#13513=PLANE('',#13512);
#13515=ORIENTED_EDGE('',*,*,#13514,.T.);
#13517=ORIENTED_EDGE('',*,*,#13516,.T.);
#13519=ORIENTED_EDGE('',*,*,#13518,.T.);
#13521=ORIENTED_EDGE('',*,*,#13520,.T.);
#13522=EDGE_LOOP('',(#13515,#13517,#13519,#13521));
#13523=FACE_OUTER_BOUND('',#13522,.F.);
#13524=ADVANCED_FACE('',(#13523),#13513,.F.);
#13525=CARTESIAN_POINT('',(0.E0,1.5E0,0.E0));
#13526=DIRECTION('',(0.E0,-1.E0,0.E0));
#13527=DIRECTION('',(-1.E0,0.E0,0.E0));
#13528=AXIS2_PLACEMENT_3D('',#13525,#13526,#13527);
#13529=PLANE('',#13528);
#13531=ORIENTED_EDGE('',*,*,#13530,.T.);
#13533=ORIENTED_EDGE('',*,*,#13532,.T.);
#13535=ORIENTED_EDGE('',*,*,#13534,.T.);
#13537=ORIENTED_EDGE('',*,*,#13536,.T.);
#13538=EDGE_LOOP('',(#13531,#13533,#13535,#13537));
#13539=FACE_OUTER_BOUND('',#13538,.F.);
#13540=ADVANCED_FACE('',(#13539),#13529,.F.);
#13541=CARTESIAN_POINT('',(0.E0,1.5E0,0.E0));
#13542=DIRECTION('',(0.E0,-1.E0,0.E0));
#13543=DIRECTION('',(-1.E0,0.E0,0.E0));
#13544=AXIS2_PLACEMENT_3D('',#13541,#13542,#13543);
#13545=PLANE('',#13544);
#13547=ORIENTED_EDGE('',*,*,#13546,.T.);
#13549=ORIENTED_EDGE('',*,*,#13548,.T.);
#13551=ORIENTED_EDGE('',*,*,#13550,.T.);
#13553=ORIENTED_EDGE('',*,*,#13552,.T.);
#13554=EDGE_LOOP('',(#13547,#13549,#13551,#13553));
#13555=FACE_OUTER_BOUND('',#13554,.F.);
#13556=ADVANCED_FACE('',(#13555),#13545,.F.);
#13557=CARTESIAN_POINT('',(-5.21E0,1.E0,-8.35E-1));
#13558=DIRECTION('',(0.E0,0.E0,1.E0));
#13559=DIRECTION('',(-1.E0,0.E0,0.E0));
#13560=AXIS2_PLACEMENT_3D('',#13557,#13558,#13559);
#13561=PLANE('',#13560);
#13562=ORIENTED_EDGE('',*,*,#10580,.T.);
#13564=ORIENTED_EDGE('',*,*,#13563,.T.);
#13565=ORIENTED_EDGE('',*,*,#13514,.F.);
#13567=ORIENTED_EDGE('',*,*,#13566,.F.);
#13568=EDGE_LOOP('',(#13562,#13564,#13565,#13567));
#13569=FACE_OUTER_BOUND('',#13568,.F.);
#13570=ADVANCED_FACE('',(#13569),#13561,.T.);
#13571=CARTESIAN_POINT('',(-5.85E0,1.E0,-8.35E-1));
#13572=DIRECTION('',(-9.902680687416E-1,0.E0,1.391731009601E-1));
#13573=DIRECTION('',(-1.391731009601E-1,0.E0,-9.902680687416E-1));
#13574=AXIS2_PLACEMENT_3D('',#13571,#13572,#13573);
#13575=PLANE('',#13574);
#13576=ORIENTED_EDGE('',*,*,#10586,.T.);
#13578=ORIENTED_EDGE('',*,*,#13577,.T.);
#13579=ORIENTED_EDGE('',*,*,#13516,.F.);
#13580=ORIENTED_EDGE('',*,*,#13563,.F.);
#13581=EDGE_LOOP('',(#13576,#13578,#13579,#13580));
#13582=FACE_OUTER_BOUND('',#13581,.F.);
#13583=ADVANCED_FACE('',(#13582),#13575,.T.);
#13584=CARTESIAN_POINT('',(-5.975081342885E0,1.E0,-1.725E0));
#13585=DIRECTION('',(0.E0,0.E0,-1.E0));
#13586=DIRECTION('',(1.E0,0.E0,0.E0));
#13587=AXIS2_PLACEMENT_3D('',#13584,#13585,#13586);
#13588=PLANE('',#13587);
#13589=ORIENTED_EDGE('',*,*,#10584,.T.);
#13591=ORIENTED_EDGE('',*,*,#13590,.T.);
#13592=ORIENTED_EDGE('',*,*,#13518,.F.);
#13593=ORIENTED_EDGE('',*,*,#13577,.F.);
#13594=EDGE_LOOP('',(#13589,#13591,#13592,#13593));
#13595=FACE_OUTER_BOUND('',#13594,.F.);
#13596=ADVANCED_FACE('',(#13595),#13588,.T.);
#13597=CARTESIAN_POINT('',(-5.335081342885E0,1.E0,-1.725E0));
#13598=DIRECTION('',(9.902680687416E-1,0.E0,-1.391731009601E-1));
#13599=DIRECTION('',(1.391731009601E-1,0.E0,9.902680687416E-1));
#13600=AXIS2_PLACEMENT_3D('',#13597,#13598,#13599);
#13601=PLANE('',#13600);
#13602=ORIENTED_EDGE('',*,*,#10582,.T.);
#13603=ORIENTED_EDGE('',*,*,#13566,.T.);
#13604=ORIENTED_EDGE('',*,*,#13520,.F.);
#13605=ORIENTED_EDGE('',*,*,#13590,.F.);
#13606=EDGE_LOOP('',(#13602,#13603,#13604,#13605));
#13607=FACE_OUTER_BOUND('',#13606,.F.);
#13608=ADVANCED_FACE('',(#13607),#13601,.T.);
#13609=CARTESIAN_POINT('',(-6.85E0,1.E0,8.35E-1));
#13610=DIRECTION('',(9.902680687416E-1,0.E0,-1.391731009601E-1));
#13611=DIRECTION('',(1.391731009601E-1,0.E0,9.902680687416E-1));
#13612=AXIS2_PLACEMENT_3D('',#13609,#13610,#13611);
#13613=PLANE('',#13612);
#13614=ORIENTED_EDGE('',*,*,#10590,.T.);
#13616=ORIENTED_EDGE('',*,*,#13615,.T.);
#13617=ORIENTED_EDGE('',*,*,#13530,.F.);
#13619=ORIENTED_EDGE('',*,*,#13618,.F.);
#13620=EDGE_LOOP('',(#13614,#13616,#13617,#13619));
#13621=FACE_OUTER_BOUND('',#13620,.F.);
#13622=ADVANCED_FACE('',(#13621),#13613,.T.);
#13623=CARTESIAN_POINT('',(-6.724918657115E0,1.E0,1.725E0));
#13624=DIRECTION('',(0.E0,0.E0,1.E0));
#13625=DIRECTION('',(-1.E0,0.E0,0.E0));
#13626=AXIS2_PLACEMENT_3D('',#13623,#13624,#13625);
#13627=PLANE('',#13626);
#13628=ORIENTED_EDGE('',*,*,#10596,.T.);
#13630=ORIENTED_EDGE('',*,*,#13629,.T.);
#13631=ORIENTED_EDGE('',*,*,#13532,.F.);
#13632=ORIENTED_EDGE('',*,*,#13615,.F.);
#13633=EDGE_LOOP('',(#13628,#13630,#13631,#13632));
#13634=FACE_OUTER_BOUND('',#13633,.F.);
#13635=ADVANCED_FACE('',(#13634),#13627,.T.);
#13636=CARTESIAN_POINT('',(-7.364918657115E0,1.E0,1.725E0));
#13637=DIRECTION('',(-9.902680687416E-1,0.E0,1.391731009601E-1));
#13638=DIRECTION('',(-1.391731009601E-1,0.E0,-9.902680687416E-1));
#13639=AXIS2_PLACEMENT_3D('',#13636,#13637,#13638);
#13640=PLANE('',#13639);
#13641=ORIENTED_EDGE('',*,*,#10594,.T.);
#13643=ORIENTED_EDGE('',*,*,#13642,.T.);
#13644=ORIENTED_EDGE('',*,*,#13534,.F.);
#13645=ORIENTED_EDGE('',*,*,#13629,.F.);
#13646=EDGE_LOOP('',(#13641,#13643,#13644,#13645));
#13647=FACE_OUTER_BOUND('',#13646,.F.);
#13648=ADVANCED_FACE('',(#13647),#13640,.T.);
#13649=CARTESIAN_POINT('',(-7.49E0,1.E0,8.35E-1));
#13650=DIRECTION('',(0.E0,0.E0,-1.E0));
#13651=DIRECTION('',(1.E0,0.E0,0.E0));
#13652=AXIS2_PLACEMENT_3D('',#13649,#13650,#13651);
#13653=PLANE('',#13652);
#13654=ORIENTED_EDGE('',*,*,#10592,.T.);
#13655=ORIENTED_EDGE('',*,*,#13618,.T.);
#13656=ORIENTED_EDGE('',*,*,#13536,.F.);
#13657=ORIENTED_EDGE('',*,*,#13642,.F.);
#13658=EDGE_LOOP('',(#13654,#13655,#13656,#13657));
#13659=FACE_OUTER_BOUND('',#13658,.F.);
#13660=ADVANCED_FACE('',(#13659),#13653,.T.);
#13661=CARTESIAN_POINT('',(-5.21E0,1.E0,8.35E-1));
#13662=DIRECTION('',(9.902680687416E-1,0.E0,1.391731009601E-1));
#13663=DIRECTION('',(-1.391731009601E-1,0.E0,9.902680687416E-1));
#13664=AXIS2_PLACEMENT_3D('',#13661,#13662,#13663);
#13665=PLANE('',#13664);
#13666=ORIENTED_EDGE('',*,*,#10600,.T.);
#13668=ORIENTED_EDGE('',*,*,#13667,.T.);
#13669=ORIENTED_EDGE('',*,*,#13546,.F.);
#13671=ORIENTED_EDGE('',*,*,#13670,.F.);
#13672=EDGE_LOOP('',(#13666,#13668,#13669,#13671));
#13673=FACE_OUTER_BOUND('',#13672,.F.);
#13674=ADVANCED_FACE('',(#13673),#13665,.T.);
#13675=CARTESIAN_POINT('',(-5.335081342885E0,1.E0,1.725E0));
#13676=DIRECTION('',(0.E0,0.E0,1.E0));
#13677=DIRECTION('',(-1.E0,0.E0,0.E0));
#13678=AXIS2_PLACEMENT_3D('',#13675,#13676,#13677);
#13679=PLANE('',#13678);
#13680=ORIENTED_EDGE('',*,*,#10606,.T.);
#13682=ORIENTED_EDGE('',*,*,#13681,.T.);
#13683=ORIENTED_EDGE('',*,*,#13548,.F.);
#13684=ORIENTED_EDGE('',*,*,#13667,.F.);
#13685=EDGE_LOOP('',(#13680,#13682,#13683,#13684));
#13686=FACE_OUTER_BOUND('',#13685,.F.);
#13687=ADVANCED_FACE('',(#13686),#13679,.T.);
#13688=CARTESIAN_POINT('',(-5.975081342885E0,1.E0,1.725E0));
#13689=DIRECTION('',(-9.902680687416E-1,0.E0,-1.391731009601E-1));
#13690=DIRECTION('',(1.391731009601E-1,0.E0,-9.902680687416E-1));
#13691=AXIS2_PLACEMENT_3D('',#13688,#13689,#13690);
#13692=PLANE('',#13691);
#13693=ORIENTED_EDGE('',*,*,#10604,.T.);
#13695=ORIENTED_EDGE('',*,*,#13694,.T.);
#13696=ORIENTED_EDGE('',*,*,#13550,.F.);
#13697=ORIENTED_EDGE('',*,*,#13681,.F.);
#13698=EDGE_LOOP('',(#13693,#13695,#13696,#13697));
#13699=FACE_OUTER_BOUND('',#13698,.F.);
#13700=ADVANCED_FACE('',(#13699),#13692,.T.);
#13701=CARTESIAN_POINT('',(-5.85E0,1.E0,8.35E-1));
#13702=DIRECTION('',(0.E0,0.E0,-1.E0));
#13703=DIRECTION('',(1.E0,0.E0,0.E0));
#13704=AXIS2_PLACEMENT_3D('',#13701,#13702,#13703);
#13705=PLANE('',#13704);
#13706=ORIENTED_EDGE('',*,*,#10602,.T.);
#13707=ORIENTED_EDGE('',*,*,#13670,.T.);
#13708=ORIENTED_EDGE('',*,*,#13552,.F.);
#13709=ORIENTED_EDGE('',*,*,#13694,.F.);
#13710=EDGE_LOOP('',(#13706,#13707,#13708,#13709));
#13711=FACE_OUTER_BOUND('',#13710,.F.);
#13712=ADVANCED_FACE('',(#13711),#13705,.T.);
#13713=CARTESIAN_POINT('',(-9.39E0,1.E0,-8.35E-1));
#13714=DIRECTION('',(0.E0,0.E0,1.E0));
#13715=DIRECTION('',(-1.E0,0.E0,0.E0));
#13716=AXIS2_PLACEMENT_3D('',#13713,#13714,#13715);
#13717=PLANE('',#13716);
#13718=ORIENTED_EDGE('',*,*,#10610,.T.);
#13720=ORIENTED_EDGE('',*,*,#13719,.T.);
#13722=ORIENTED_EDGE('',*,*,#13721,.F.);
#13724=ORIENTED_EDGE('',*,*,#13723,.F.);
#13725=EDGE_LOOP('',(#13718,#13720,#13722,#13724));
#13726=FACE_OUTER_BOUND('',#13725,.F.);
#13727=ADVANCED_FACE('',(#13726),#13717,.T.);
#13728=CARTESIAN_POINT('',(-1.003E1,1.E0,-8.35E-1));
#13729=DIRECTION('',(-9.902680687416E-1,0.E0,-1.391731009601E-1));
#13730=DIRECTION('',(1.391731009601E-1,0.E0,-9.902680687416E-1));
#13731=AXIS2_PLACEMENT_3D('',#13728,#13729,#13730);
#13732=PLANE('',#13731);
#13733=ORIENTED_EDGE('',*,*,#10616,.T.);
#13735=ORIENTED_EDGE('',*,*,#13734,.T.);
#13737=ORIENTED_EDGE('',*,*,#13736,.F.);
#13738=ORIENTED_EDGE('',*,*,#13719,.F.);
#13739=EDGE_LOOP('',(#13733,#13735,#13737,#13738));
#13740=FACE_OUTER_BOUND('',#13739,.F.);
#13741=ADVANCED_FACE('',(#13740),#13732,.T.);
#13742=CARTESIAN_POINT('',(-9.904918657115E0,1.E0,-1.725E0));
#13743=DIRECTION('',(0.E0,0.E0,-1.E0));
#13744=DIRECTION('',(1.E0,0.E0,0.E0));
#13745=AXIS2_PLACEMENT_3D('',#13742,#13743,#13744);
#13746=PLANE('',#13745);
#13747=ORIENTED_EDGE('',*,*,#10614,.T.);
#13749=ORIENTED_EDGE('',*,*,#13748,.T.);
#13751=ORIENTED_EDGE('',*,*,#13750,.F.);
#13752=ORIENTED_EDGE('',*,*,#13734,.F.);
#13753=EDGE_LOOP('',(#13747,#13749,#13751,#13752));
#13754=FACE_OUTER_BOUND('',#13753,.F.);
#13755=ADVANCED_FACE('',(#13754),#13746,.T.);
#13756=CARTESIAN_POINT('',(-9.264918657115E0,1.E0,-1.725E0));
#13757=DIRECTION('',(9.902680687416E-1,0.E0,1.391731009601E-1));
#13758=DIRECTION('',(-1.391731009601E-1,0.E0,9.902680687416E-1));
#13759=AXIS2_PLACEMENT_3D('',#13756,#13757,#13758);
#13760=PLANE('',#13759);
#13761=ORIENTED_EDGE('',*,*,#10612,.T.);
#13762=ORIENTED_EDGE('',*,*,#13723,.T.);
#13764=ORIENTED_EDGE('',*,*,#13763,.F.);
#13765=ORIENTED_EDGE('',*,*,#13748,.F.);
#13766=EDGE_LOOP('',(#13761,#13762,#13764,#13765));
#13767=FACE_OUTER_BOUND('',#13766,.F.);
#13768=ADVANCED_FACE('',(#13767),#13760,.T.);
#13769=CARTESIAN_POINT('',(0.E0,1.5E0,0.E0));
#13770=DIRECTION('',(0.E0,-1.E0,0.E0));
#13771=DIRECTION('',(-1.E0,0.E0,0.E0));
#13772=AXIS2_PLACEMENT_3D('',#13769,#13770,#13771);
#13773=PLANE('',#13772);
#13774=ORIENTED_EDGE('',*,*,#13721,.T.);
#13775=ORIENTED_EDGE('',*,*,#13736,.T.);
#13776=ORIENTED_EDGE('',*,*,#13750,.T.);
#13777=ORIENTED_EDGE('',*,*,#13763,.T.);
#13778=EDGE_LOOP('',(#13774,#13775,#13776,#13777));
#13779=FACE_OUTER_BOUND('',#13778,.F.);
#13780=ADVANCED_FACE('',(#13779),#13773,.F.);
#13781=CARTESIAN_POINT('',(0.E0,1.5E0,0.E0));
#13782=DIRECTION('',(0.E0,-1.E0,0.E0));
#13783=DIRECTION('',(-1.E0,0.E0,0.E0));
#13784=AXIS2_PLACEMENT_3D('',#13781,#13782,#13783);
#13785=PLANE('',#13784);
#13787=ORIENTED_EDGE('',*,*,#13786,.T.);
#13789=ORIENTED_EDGE('',*,*,#13788,.T.);
#13791=ORIENTED_EDGE('',*,*,#13790,.T.);
#13793=ORIENTED_EDGE('',*,*,#13792,.T.);
#13794=EDGE_LOOP('',(#13787,#13789,#13791,#13793));
#13795=FACE_OUTER_BOUND('',#13794,.F.);
#13796=ADVANCED_FACE('',(#13795),#13785,.F.);
#13797=CARTESIAN_POINT('',(0.E0,1.5E0,0.E0));
#13798=DIRECTION('',(0.E0,-1.E0,0.E0));
#13799=DIRECTION('',(-1.E0,0.E0,0.E0));
#13800=AXIS2_PLACEMENT_3D('',#13797,#13798,#13799);
#13801=PLANE('',#13800);
#13803=ORIENTED_EDGE('',*,*,#13802,.T.);
#13805=ORIENTED_EDGE('',*,*,#13804,.T.);
#13807=ORIENTED_EDGE('',*,*,#13806,.T.);
#13809=ORIENTED_EDGE('',*,*,#13808,.T.);
#13810=EDGE_LOOP('',(#13803,#13805,#13807,#13809));
#13811=FACE_OUTER_BOUND('',#13810,.F.);
#13812=ADVANCED_FACE('',(#13811),#13801,.F.);
#13813=CARTESIAN_POINT('',(0.E0,1.5E0,0.E0));
#13814=DIRECTION('',(0.E0,-1.E0,0.E0));
#13815=DIRECTION('',(-1.E0,0.E0,0.E0));
#13816=AXIS2_PLACEMENT_3D('',#13813,#13814,#13815);
#13817=PLANE('',#13816);
#13819=ORIENTED_EDGE('',*,*,#13818,.T.);
#13821=ORIENTED_EDGE('',*,*,#13820,.T.);
#13823=ORIENTED_EDGE('',*,*,#13822,.T.);
#13825=ORIENTED_EDGE('',*,*,#13824,.T.);
#13826=EDGE_LOOP('',(#13819,#13821,#13823,#13825));
#13827=FACE_OUTER_BOUND('',#13826,.F.);
#13828=ADVANCED_FACE('',(#13827),#13817,.F.);
#13829=CARTESIAN_POINT('',(-7.75E0,1.E0,-8.35E-1));
#13830=DIRECTION('',(0.E0,0.E0,1.E0));
#13831=DIRECTION('',(-1.E0,0.E0,0.E0));
#13832=AXIS2_PLACEMENT_3D('',#13829,#13830,#13831);
#13833=PLANE('',#13832);
#13834=ORIENTED_EDGE('',*,*,#10620,.T.);
#13836=ORIENTED_EDGE('',*,*,#13835,.T.);
#13837=ORIENTED_EDGE('',*,*,#13786,.F.);
#13839=ORIENTED_EDGE('',*,*,#13838,.F.);
#13840=EDGE_LOOP('',(#13834,#13836,#13837,#13839));
#13841=FACE_OUTER_BOUND('',#13840,.F.);
#13842=ADVANCED_FACE('',(#13841),#13833,.T.);
#13843=CARTESIAN_POINT('',(-8.39E0,1.E0,-8.35E-1));
#13844=DIRECTION('',(-9.902680687416E-1,0.E0,1.391731009601E-1));
#13845=DIRECTION('',(-1.391731009601E-1,0.E0,-9.902680687416E-1));
#13846=AXIS2_PLACEMENT_3D('',#13843,#13844,#13845);
#13847=PLANE('',#13846);
#13848=ORIENTED_EDGE('',*,*,#10626,.T.);
#13850=ORIENTED_EDGE('',*,*,#13849,.T.);
#13851=ORIENTED_EDGE('',*,*,#13788,.F.);
#13852=ORIENTED_EDGE('',*,*,#13835,.F.);
#13853=EDGE_LOOP('',(#13848,#13850,#13851,#13852));
#13854=FACE_OUTER_BOUND('',#13853,.F.);
#13855=ADVANCED_FACE('',(#13854),#13847,.T.);
#13856=CARTESIAN_POINT('',(-8.515081342885E0,1.E0,-1.725E0));
#13857=DIRECTION('',(0.E0,0.E0,-1.E0));
#13858=DIRECTION('',(1.E0,0.E0,0.E0));
#13859=AXIS2_PLACEMENT_3D('',#13856,#13857,#13858);
#13860=PLANE('',#13859);
#13861=ORIENTED_EDGE('',*,*,#10624,.T.);
#13863=ORIENTED_EDGE('',*,*,#13862,.T.);
#13864=ORIENTED_EDGE('',*,*,#13790,.F.);
#13865=ORIENTED_EDGE('',*,*,#13849,.F.);
#13866=EDGE_LOOP('',(#13861,#13863,#13864,#13865));
#13867=FACE_OUTER_BOUND('',#13866,.F.);
#13868=ADVANCED_FACE('',(#13867),#13860,.T.);
#13869=CARTESIAN_POINT('',(-7.875081342885E0,1.E0,-1.725E0));
#13870=DIRECTION('',(9.902680687416E-1,0.E0,-1.391731009601E-1));
#13871=DIRECTION('',(1.391731009601E-1,0.E0,9.902680687416E-1));
#13872=AXIS2_PLACEMENT_3D('',#13869,#13870,#13871);
#13873=PLANE('',#13872);
#13874=ORIENTED_EDGE('',*,*,#10622,.T.);
#13875=ORIENTED_EDGE('',*,*,#13838,.T.);
#13876=ORIENTED_EDGE('',*,*,#13792,.F.);
#13877=ORIENTED_EDGE('',*,*,#13862,.F.);
#13878=EDGE_LOOP('',(#13874,#13875,#13876,#13877));
#13879=FACE_OUTER_BOUND('',#13878,.F.);
#13880=ADVANCED_FACE('',(#13879),#13873,.T.);
#13881=CARTESIAN_POINT('',(-9.39E0,1.E0,8.35E-1));
#13882=DIRECTION('',(9.902680687416E-1,0.E0,-1.391731009601E-1));
#13883=DIRECTION('',(1.391731009601E-1,0.E0,9.902680687416E-1));
#13884=AXIS2_PLACEMENT_3D('',#13881,#13882,#13883);
#13885=PLANE('',#13884);
#13886=ORIENTED_EDGE('',*,*,#10630,.T.);
#13888=ORIENTED_EDGE('',*,*,#13887,.T.);
#13889=ORIENTED_EDGE('',*,*,#13802,.F.);
#13891=ORIENTED_EDGE('',*,*,#13890,.F.);
#13892=EDGE_LOOP('',(#13886,#13888,#13889,#13891));
#13893=FACE_OUTER_BOUND('',#13892,.F.);
#13894=ADVANCED_FACE('',(#13893),#13885,.T.);
#13895=CARTESIAN_POINT('',(-9.264918657115E0,1.E0,1.725E0));
#13896=DIRECTION('',(0.E0,0.E0,1.E0));
#13897=DIRECTION('',(-1.E0,0.E0,0.E0));
#13898=AXIS2_PLACEMENT_3D('',#13895,#13896,#13897);
#13899=PLANE('',#13898);
#13900=ORIENTED_EDGE('',*,*,#10636,.T.);
#13902=ORIENTED_EDGE('',*,*,#13901,.T.);
#13903=ORIENTED_EDGE('',*,*,#13804,.F.);
#13904=ORIENTED_EDGE('',*,*,#13887,.F.);
#13905=EDGE_LOOP('',(#13900,#13902,#13903,#13904));
#13906=FACE_OUTER_BOUND('',#13905,.F.);
#13907=ADVANCED_FACE('',(#13906),#13899,.T.);
#13908=CARTESIAN_POINT('',(-9.904918657115E0,1.E0,1.725E0));
#13909=DIRECTION('',(-9.902680687416E-1,0.E0,1.391731009601E-1));
#13910=DIRECTION('',(-1.391731009601E-1,0.E0,-9.902680687416E-1));
#13911=AXIS2_PLACEMENT_3D('',#13908,#13909,#13910);
#13912=PLANE('',#13911);
#13913=ORIENTED_EDGE('',*,*,#10634,.T.);
#13915=ORIENTED_EDGE('',*,*,#13914,.T.);
#13916=ORIENTED_EDGE('',*,*,#13806,.F.);
#13917=ORIENTED_EDGE('',*,*,#13901,.F.);
#13918=EDGE_LOOP('',(#13913,#13915,#13916,#13917));
#13919=FACE_OUTER_BOUND('',#13918,.F.);
#13920=ADVANCED_FACE('',(#13919),#13912,.T.);
#13921=CARTESIAN_POINT('',(-1.003E1,1.E0,8.35E-1));
#13922=DIRECTION('',(0.E0,0.E0,-1.E0));
#13923=DIRECTION('',(1.E0,0.E0,0.E0));
#13924=AXIS2_PLACEMENT_3D('',#13921,#13922,#13923);
#13925=PLANE('',#13924);
#13926=ORIENTED_EDGE('',*,*,#10632,.T.);
#13927=ORIENTED_EDGE('',*,*,#13890,.T.);
#13928=ORIENTED_EDGE('',*,*,#13808,.F.);
#13929=ORIENTED_EDGE('',*,*,#13914,.F.);
#13930=EDGE_LOOP('',(#13926,#13927,#13928,#13929));
#13931=FACE_OUTER_BOUND('',#13930,.F.);
#13932=ADVANCED_FACE('',(#13931),#13925,.T.);
#13933=CARTESIAN_POINT('',(-7.75E0,1.E0,8.35E-1));
#13934=DIRECTION('',(9.902680687416E-1,0.E0,1.391731009601E-1));
#13935=DIRECTION('',(-1.391731009601E-1,0.E0,9.902680687416E-1));
#13936=AXIS2_PLACEMENT_3D('',#13933,#13934,#13935);
#13937=PLANE('',#13936);
#13938=ORIENTED_EDGE('',*,*,#10640,.T.);
#13940=ORIENTED_EDGE('',*,*,#13939,.T.);
#13941=ORIENTED_EDGE('',*,*,#13818,.F.);
#13943=ORIENTED_EDGE('',*,*,#13942,.F.);
#13944=EDGE_LOOP('',(#13938,#13940,#13941,#13943));
#13945=FACE_OUTER_BOUND('',#13944,.F.);
#13946=ADVANCED_FACE('',(#13945),#13937,.T.);
#13947=CARTESIAN_POINT('',(-7.875081342885E0,1.E0,1.725E0));
#13948=DIRECTION('',(0.E0,0.E0,1.E0));
#13949=DIRECTION('',(-1.E0,0.E0,0.E0));
#13950=AXIS2_PLACEMENT_3D('',#13947,#13948,#13949);
#13951=PLANE('',#13950);
#13952=ORIENTED_EDGE('',*,*,#10646,.T.);
#13954=ORIENTED_EDGE('',*,*,#13953,.T.);
#13955=ORIENTED_EDGE('',*,*,#13820,.F.);
#13956=ORIENTED_EDGE('',*,*,#13939,.F.);
#13957=EDGE_LOOP('',(#13952,#13954,#13955,#13956));
#13958=FACE_OUTER_BOUND('',#13957,.F.);
#13959=ADVANCED_FACE('',(#13958),#13951,.T.);
#13960=CARTESIAN_POINT('',(-8.515081342885E0,1.E0,1.725E0));
#13961=DIRECTION('',(-9.902680687416E-1,0.E0,-1.391731009601E-1));
#13962=DIRECTION('',(1.391731009601E-1,0.E0,-9.902680687416E-1));
#13963=AXIS2_PLACEMENT_3D('',#13960,#13961,#13962);
#13964=PLANE('',#13963);
#13965=ORIENTED_EDGE('',*,*,#10644,.T.);
#13967=ORIENTED_EDGE('',*,*,#13966,.T.);
#13968=ORIENTED_EDGE('',*,*,#13822,.F.);
#13969=ORIENTED_EDGE('',*,*,#13953,.F.);
#13970=EDGE_LOOP('',(#13965,#13967,#13968,#13969));
#13971=FACE_OUTER_BOUND('',#13970,.F.);
#13972=ADVANCED_FACE('',(#13971),#13964,.T.);
#13973=CARTESIAN_POINT('',(-8.39E0,1.E0,8.35E-1));
#13974=DIRECTION('',(0.E0,0.E0,-1.E0));
#13975=DIRECTION('',(1.E0,0.E0,0.E0));
#13976=AXIS2_PLACEMENT_3D('',#13973,#13974,#13975);
#13977=PLANE('',#13976);
#13978=ORIENTED_EDGE('',*,*,#10642,.T.);
#13979=ORIENTED_EDGE('',*,*,#13942,.T.);
#13980=ORIENTED_EDGE('',*,*,#13824,.F.);
#13981=ORIENTED_EDGE('',*,*,#13966,.F.);
#13982=EDGE_LOOP('',(#13978,#13979,#13980,#13981));
#13983=FACE_OUTER_BOUND('',#13982,.F.);
#13984=ADVANCED_FACE('',(#13983),#13977,.T.);
#13985=CARTESIAN_POINT('',(-1.193E1,1.E0,-8.35E-1));
#13986=DIRECTION('',(0.E0,0.E0,1.E0));
#13987=DIRECTION('',(-1.E0,0.E0,0.E0));
#13988=AXIS2_PLACEMENT_3D('',#13985,#13986,#13987);
#13989=PLANE('',#13988);
#13990=ORIENTED_EDGE('',*,*,#10650,.T.);
#13992=ORIENTED_EDGE('',*,*,#13991,.T.);
#13994=ORIENTED_EDGE('',*,*,#13993,.F.);
#13996=ORIENTED_EDGE('',*,*,#13995,.F.);
#13997=EDGE_LOOP('',(#13990,#13992,#13994,#13996));
#13998=FACE_OUTER_BOUND('',#13997,.F.);
#13999=ADVANCED_FACE('',(#13998),#13989,.T.);
#14000=CARTESIAN_POINT('',(-1.257E1,1.E0,-8.35E-1));
#14001=DIRECTION('',(-9.902680687416E-1,0.E0,-1.391731009601E-1));
#14002=DIRECTION('',(1.391731009601E-1,0.E0,-9.902680687416E-1));
#14003=AXIS2_PLACEMENT_3D('',#14000,#14001,#14002);
#14004=PLANE('',#14003);
#14005=ORIENTED_EDGE('',*,*,#10656,.T.);
#14007=ORIENTED_EDGE('',*,*,#14006,.T.);
#14009=ORIENTED_EDGE('',*,*,#14008,.F.);
#14010=ORIENTED_EDGE('',*,*,#13991,.F.);
#14011=EDGE_LOOP('',(#14005,#14007,#14009,#14010));
#14012=FACE_OUTER_BOUND('',#14011,.F.);
#14013=ADVANCED_FACE('',(#14012),#14004,.T.);
#14014=CARTESIAN_POINT('',(-1.244491865711E1,1.E0,-1.725E0));
#14015=DIRECTION('',(0.E0,0.E0,-1.E0));
#14016=DIRECTION('',(1.E0,0.E0,0.E0));
#14017=AXIS2_PLACEMENT_3D('',#14014,#14015,#14016);
#14018=PLANE('',#14017);
#14019=ORIENTED_EDGE('',*,*,#10654,.T.);
#14021=ORIENTED_EDGE('',*,*,#14020,.T.);
#14023=ORIENTED_EDGE('',*,*,#14022,.F.);
#14024=ORIENTED_EDGE('',*,*,#14006,.F.);
#14025=EDGE_LOOP('',(#14019,#14021,#14023,#14024));
#14026=FACE_OUTER_BOUND('',#14025,.F.);
#14027=ADVANCED_FACE('',(#14026),#14018,.T.);
#14028=CARTESIAN_POINT('',(-1.180491865711E1,1.E0,-1.725E0));
#14029=DIRECTION('',(9.902680687416E-1,0.E0,1.391731009601E-1));
#14030=DIRECTION('',(-1.391731009601E-1,0.E0,9.902680687416E-1));
#14031=AXIS2_PLACEMENT_3D('',#14028,#14029,#14030);
#14032=PLANE('',#14031);
#14033=ORIENTED_EDGE('',*,*,#10652,.T.);
#14034=ORIENTED_EDGE('',*,*,#13995,.T.);
#14036=ORIENTED_EDGE('',*,*,#14035,.F.);
#14037=ORIENTED_EDGE('',*,*,#14020,.F.);
#14038=EDGE_LOOP('',(#14033,#14034,#14036,#14037));
#14039=FACE_OUTER_BOUND('',#14038,.F.);
#14040=ADVANCED_FACE('',(#14039),#14032,.T.);
#14041=CARTESIAN_POINT('',(0.E0,1.5E0,0.E0));
#14042=DIRECTION('',(0.E0,-1.E0,0.E0));
#14043=DIRECTION('',(-1.E0,0.E0,0.E0));
#14044=AXIS2_PLACEMENT_3D('',#14041,#14042,#14043);
#14045=PLANE('',#14044);
#14046=ORIENTED_EDGE('',*,*,#13993,.T.);
#14047=ORIENTED_EDGE('',*,*,#14008,.T.);
#14048=ORIENTED_EDGE('',*,*,#14022,.T.);
#14049=ORIENTED_EDGE('',*,*,#14035,.T.);
#14050=EDGE_LOOP('',(#14046,#14047,#14048,#14049));
#14051=FACE_OUTER_BOUND('',#14050,.F.);
#14052=ADVANCED_FACE('',(#14051),#14045,.F.);
#14053=CARTESIAN_POINT('',(0.E0,1.5E0,0.E0));
#14054=DIRECTION('',(0.E0,-1.E0,0.E0));
#14055=DIRECTION('',(-1.E0,0.E0,0.E0));
#14056=AXIS2_PLACEMENT_3D('',#14053,#14054,#14055);
#14057=PLANE('',#14056);
#14059=ORIENTED_EDGE('',*,*,#14058,.T.);
#14061=ORIENTED_EDGE('',*,*,#14060,.T.);
#14063=ORIENTED_EDGE('',*,*,#14062,.T.);
#14065=ORIENTED_EDGE('',*,*,#14064,.T.);
#14066=EDGE_LOOP('',(#14059,#14061,#14063,#14065));
#14067=FACE_OUTER_BOUND('',#14066,.F.);
#14068=ADVANCED_FACE('',(#14067),#14057,.F.);
#14069=CARTESIAN_POINT('',(0.E0,1.5E0,0.E0));
#14070=DIRECTION('',(0.E0,-1.E0,0.E0));
#14071=DIRECTION('',(-1.E0,0.E0,0.E0));
#14072=AXIS2_PLACEMENT_3D('',#14069,#14070,#14071);
#14073=PLANE('',#14072);
#14075=ORIENTED_EDGE('',*,*,#14074,.T.);
#14077=ORIENTED_EDGE('',*,*,#14076,.T.);
#14079=ORIENTED_EDGE('',*,*,#14078,.T.);
#14081=ORIENTED_EDGE('',*,*,#14080,.T.);
#14082=EDGE_LOOP('',(#14075,#14077,#14079,#14081));
#14083=FACE_OUTER_BOUND('',#14082,.F.);
#14084=ADVANCED_FACE('',(#14083),#14073,.F.);
#14085=CARTESIAN_POINT('',(0.E0,1.5E0,0.E0));
#14086=DIRECTION('',(0.E0,-1.E0,0.E0));
#14087=DIRECTION('',(-1.E0,0.E0,0.E0));
#14088=AXIS2_PLACEMENT_3D('',#14085,#14086,#14087);
#14089=PLANE('',#14088);
#14091=ORIENTED_EDGE('',*,*,#14090,.T.);
#14093=ORIENTED_EDGE('',*,*,#14092,.T.);
#14095=ORIENTED_EDGE('',*,*,#14094,.T.);
#14097=ORIENTED_EDGE('',*,*,#14096,.T.);
#14098=EDGE_LOOP('',(#14091,#14093,#14095,#14097));
#14099=FACE_OUTER_BOUND('',#14098,.F.);
#14100=ADVANCED_FACE('',(#14099),#14089,.F.);
#14101=CARTESIAN_POINT('',(-1.029E1,1.E0,-8.35E-1));
#14102=DIRECTION('',(0.E0,0.E0,1.E0));
#14103=DIRECTION('',(-1.E0,0.E0,0.E0));
#14104=AXIS2_PLACEMENT_3D('',#14101,#14102,#14103);
#14105=PLANE('',#14104);
#14106=ORIENTED_EDGE('',*,*,#10660,.T.);
#14108=ORIENTED_EDGE('',*,*,#14107,.T.);
#14109=ORIENTED_EDGE('',*,*,#14058,.F.);
#14111=ORIENTED_EDGE('',*,*,#14110,.F.);
#14112=EDGE_LOOP('',(#14106,#14108,#14109,#14111));
#14113=FACE_OUTER_BOUND('',#14112,.F.);
#14114=ADVANCED_FACE('',(#14113),#14105,.T.);
#14115=CARTESIAN_POINT('',(-1.093E1,1.E0,-8.35E-1));
#14116=DIRECTION('',(-9.902680687416E-1,0.E0,1.391731009601E-1));
#14117=DIRECTION('',(-1.391731009601E-1,0.E0,-9.902680687416E-1));
#14118=AXIS2_PLACEMENT_3D('',#14115,#14116,#14117);
#14119=PLANE('',#14118);
#14120=ORIENTED_EDGE('',*,*,#10666,.T.);
#14122=ORIENTED_EDGE('',*,*,#14121,.T.);
#14123=ORIENTED_EDGE('',*,*,#14060,.F.);
#14124=ORIENTED_EDGE('',*,*,#14107,.F.);
#14125=EDGE_LOOP('',(#14120,#14122,#14123,#14124));
#14126=FACE_OUTER_BOUND('',#14125,.F.);
#14127=ADVANCED_FACE('',(#14126),#14119,.T.);
#14128=CARTESIAN_POINT('',(-1.105508134289E1,1.E0,-1.725E0));
#14129=DIRECTION('',(0.E0,0.E0,-1.E0));
#14130=DIRECTION('',(1.E0,0.E0,0.E0));
#14131=AXIS2_PLACEMENT_3D('',#14128,#14129,#14130);
#14132=PLANE('',#14131);
#14133=ORIENTED_EDGE('',*,*,#10664,.T.);
#14135=ORIENTED_EDGE('',*,*,#14134,.T.);
#14136=ORIENTED_EDGE('',*,*,#14062,.F.);
#14137=ORIENTED_EDGE('',*,*,#14121,.F.);
#14138=EDGE_LOOP('',(#14133,#14135,#14136,#14137));
#14139=FACE_OUTER_BOUND('',#14138,.F.);
#14140=ADVANCED_FACE('',(#14139),#14132,.T.);
#14141=CARTESIAN_POINT('',(-1.041508134289E1,1.E0,-1.725E0));
#14142=DIRECTION('',(9.902680687416E-1,0.E0,-1.391731009601E-1));
#14143=DIRECTION('',(1.391731009601E-1,0.E0,9.902680687416E-1));
#14144=AXIS2_PLACEMENT_3D('',#14141,#14142,#14143);
#14145=PLANE('',#14144);
#14146=ORIENTED_EDGE('',*,*,#10662,.T.);
#14147=ORIENTED_EDGE('',*,*,#14110,.T.);
#14148=ORIENTED_EDGE('',*,*,#14064,.F.);
#14149=ORIENTED_EDGE('',*,*,#14134,.F.);
#14150=EDGE_LOOP('',(#14146,#14147,#14148,#14149));
#14151=FACE_OUTER_BOUND('',#14150,.F.);
#14152=ADVANCED_FACE('',(#14151),#14145,.T.);
#14153=CARTESIAN_POINT('',(-1.193E1,1.E0,8.35E-1));
#14154=DIRECTION('',(9.902680687416E-1,0.E0,-1.391731009601E-1));
#14155=DIRECTION('',(1.391731009601E-1,0.E0,9.902680687416E-1));
#14156=AXIS2_PLACEMENT_3D('',#14153,#14154,#14155);
#14157=PLANE('',#14156);
#14158=ORIENTED_EDGE('',*,*,#10670,.T.);
#14160=ORIENTED_EDGE('',*,*,#14159,.T.);
#14161=ORIENTED_EDGE('',*,*,#14074,.F.);
#14163=ORIENTED_EDGE('',*,*,#14162,.F.);
#14164=EDGE_LOOP('',(#14158,#14160,#14161,#14163));
#14165=FACE_OUTER_BOUND('',#14164,.F.);
#14166=ADVANCED_FACE('',(#14165),#14157,.T.);
#14167=CARTESIAN_POINT('',(-1.180491865711E1,1.E0,1.725E0));
#14168=DIRECTION('',(0.E0,0.E0,1.E0));
#14169=DIRECTION('',(-1.E0,0.E0,0.E0));
#14170=AXIS2_PLACEMENT_3D('',#14167,#14168,#14169);
#14171=PLANE('',#14170);
#14172=ORIENTED_EDGE('',*,*,#10676,.T.);
#14174=ORIENTED_EDGE('',*,*,#14173,.T.);
#14175=ORIENTED_EDGE('',*,*,#14076,.F.);
#14176=ORIENTED_EDGE('',*,*,#14159,.F.);
#14177=EDGE_LOOP('',(#14172,#14174,#14175,#14176));
#14178=FACE_OUTER_BOUND('',#14177,.F.);
#14179=ADVANCED_FACE('',(#14178),#14171,.T.);
#14180=CARTESIAN_POINT('',(-1.244491865711E1,1.E0,1.725E0));
#14181=DIRECTION('',(-9.902680687416E-1,0.E0,1.391731009601E-1));
#14182=DIRECTION('',(-1.391731009601E-1,0.E0,-9.902680687416E-1));
#14183=AXIS2_PLACEMENT_3D('',#14180,#14181,#14182);
#14184=PLANE('',#14183);
#14185=ORIENTED_EDGE('',*,*,#10674,.T.);
#14187=ORIENTED_EDGE('',*,*,#14186,.T.);
#14188=ORIENTED_EDGE('',*,*,#14078,.F.);
#14189=ORIENTED_EDGE('',*,*,#14173,.F.);
#14190=EDGE_LOOP('',(#14185,#14187,#14188,#14189));
#14191=FACE_OUTER_BOUND('',#14190,.F.);
#14192=ADVANCED_FACE('',(#14191),#14184,.T.);
#14193=CARTESIAN_POINT('',(-1.257E1,1.E0,8.35E-1));
#14194=DIRECTION('',(0.E0,0.E0,-1.E0));
#14195=DIRECTION('',(1.E0,0.E0,0.E0));
#14196=AXIS2_PLACEMENT_3D('',#14193,#14194,#14195);
#14197=PLANE('',#14196);
#14198=ORIENTED_EDGE('',*,*,#10672,.T.);
#14199=ORIENTED_EDGE('',*,*,#14162,.T.);
#14200=ORIENTED_EDGE('',*,*,#14080,.F.);
#14201=ORIENTED_EDGE('',*,*,#14186,.F.);
#14202=EDGE_LOOP('',(#14198,#14199,#14200,#14201));
#14203=FACE_OUTER_BOUND('',#14202,.F.);
#14204=ADVANCED_FACE('',(#14203),#14197,.T.);
#14205=CARTESIAN_POINT('',(-1.029E1,1.E0,8.35E-1));
#14206=DIRECTION('',(9.902680687416E-1,0.E0,1.391731009601E-1));
#14207=DIRECTION('',(-1.391731009601E-1,0.E0,9.902680687416E-1));
#14208=AXIS2_PLACEMENT_3D('',#14205,#14206,#14207);
#14209=PLANE('',#14208);
#14210=ORIENTED_EDGE('',*,*,#10680,.T.);
#14212=ORIENTED_EDGE('',*,*,#14211,.T.);
#14213=ORIENTED_EDGE('',*,*,#14090,.F.);
#14215=ORIENTED_EDGE('',*,*,#14214,.F.);
#14216=EDGE_LOOP('',(#14210,#14212,#14213,#14215));
#14217=FACE_OUTER_BOUND('',#14216,.F.);
#14218=ADVANCED_FACE('',(#14217),#14209,.T.);
#14219=CARTESIAN_POINT('',(-1.041508134289E1,1.E0,1.725E0));
#14220=DIRECTION('',(0.E0,0.E0,1.E0));
#14221=DIRECTION('',(-1.E0,0.E0,0.E0));
#14222=AXIS2_PLACEMENT_3D('',#14219,#14220,#14221);
#14223=PLANE('',#14222);
#14224=ORIENTED_EDGE('',*,*,#10686,.T.);
#14226=ORIENTED_EDGE('',*,*,#14225,.T.);
#14227=ORIENTED_EDGE('',*,*,#14092,.F.);
#14228=ORIENTED_EDGE('',*,*,#14211,.F.);
#14229=EDGE_LOOP('',(#14224,#14226,#14227,#14228));
#14230=FACE_OUTER_BOUND('',#14229,.F.);
#14231=ADVANCED_FACE('',(#14230),#14223,.T.);
#14232=CARTESIAN_POINT('',(-1.105508134289E1,1.E0,1.725E0));
#14233=DIRECTION('',(-9.902680687416E-1,0.E0,-1.391731009601E-1));
#14234=DIRECTION('',(1.391731009601E-1,0.E0,-9.902680687416E-1));
#14235=AXIS2_PLACEMENT_3D('',#14232,#14233,#14234);
#14236=PLANE('',#14235);
#14237=ORIENTED_EDGE('',*,*,#10684,.T.);
#14239=ORIENTED_EDGE('',*,*,#14238,.T.);
#14240=ORIENTED_EDGE('',*,*,#14094,.F.);
#14241=ORIENTED_EDGE('',*,*,#14225,.F.);
#14242=EDGE_LOOP('',(#14237,#14239,#14240,#14241));
#14243=FACE_OUTER_BOUND('',#14242,.F.);
#14244=ADVANCED_FACE('',(#14243),#14236,.T.);
#14245=CARTESIAN_POINT('',(-1.093E1,1.E0,8.35E-1));
#14246=DIRECTION('',(0.E0,0.E0,-1.E0));
#14247=DIRECTION('',(1.E0,0.E0,0.E0));
#14248=AXIS2_PLACEMENT_3D('',#14245,#14246,#14247);
#14249=PLANE('',#14248);
#14250=ORIENTED_EDGE('',*,*,#10682,.T.);
#14251=ORIENTED_EDGE('',*,*,#14214,.T.);
#14252=ORIENTED_EDGE('',*,*,#14096,.F.);
#14253=ORIENTED_EDGE('',*,*,#14238,.F.);
#14254=EDGE_LOOP('',(#14250,#14251,#14252,#14253));
#14255=FACE_OUTER_BOUND('',#14254,.F.);
#14256=ADVANCED_FACE('',(#14255),#14249,.T.);
#14257=CARTESIAN_POINT('',(1.1105E1,0.E0,0.E0));
#14258=DIRECTION('',(1.E0,0.E0,0.E0));
#14259=DIRECTION('',(0.E0,0.E0,-1.E0));
#14260=AXIS2_PLACEMENT_3D('',#14257,#14258,#14259);
#14261=PLANE('',#14260);
#14263=ORIENTED_EDGE('',*,*,#14262,.F.);
#14265=ORIENTED_EDGE('',*,*,#14264,.T.);
#14267=ORIENTED_EDGE('',*,*,#14266,.T.);
#14269=ORIENTED_EDGE('',*,*,#14268,.T.);
#14270=ORIENTED_EDGE('',*,*,#10700,.T.);
#14272=ORIENTED_EDGE('',*,*,#14271,.T.);
#14274=ORIENTED_EDGE('',*,*,#14273,.T.);
#14276=ORIENTED_EDGE('',*,*,#14275,.T.);
#14277=EDGE_LOOP('',(#14263,#14265,#14267,#14269,#14270,#14272,#14274,#14276));
#14278=FACE_OUTER_BOUND('',#14277,.F.);
#14279=ADVANCED_FACE('',(#14278),#14261,.F.);
#14280=CARTESIAN_POINT('',(1.1105E1,0.E0,0.E0));
#14281=DIRECTION('',(1.E0,0.E0,0.E0));
#14282=DIRECTION('',(0.E0,0.E0,-1.E0));
#14283=AXIS2_PLACEMENT_3D('',#14280,#14281,#14282);
#14284=PLANE('',#14283);
#14286=ORIENTED_EDGE('',*,*,#14285,.F.);
#14288=ORIENTED_EDGE('',*,*,#14287,.T.);
#14290=ORIENTED_EDGE('',*,*,#14289,.T.);
#14292=ORIENTED_EDGE('',*,*,#14291,.T.);
#14293=ORIENTED_EDGE('',*,*,#10690,.T.);
#14295=ORIENTED_EDGE('',*,*,#14294,.T.);
#14297=ORIENTED_EDGE('',*,*,#14296,.T.);
#14299=ORIENTED_EDGE('',*,*,#14298,.T.);
#14300=EDGE_LOOP('',(#14286,#14288,#14290,#14292,#14293,#14295,#14297,#14299));
#14301=FACE_OUTER_BOUND('',#14300,.F.);
#14302=ADVANCED_FACE('',(#14301),#14284,.F.);
#14303=CARTESIAN_POINT('',(1.1105E1,0.E0,0.E0));
#14304=DIRECTION('',(1.E0,0.E0,0.E0));
#14305=DIRECTION('',(0.E0,0.E0,-1.E0));
#14306=AXIS2_PLACEMENT_3D('',#14303,#14304,#14305);
#14307=PLANE('',#14306);
#14309=ORIENTED_EDGE('',*,*,#14308,.F.);
#14311=ORIENTED_EDGE('',*,*,#14310,.T.);
#14312=ORIENTED_EDGE('',*,*,#9528,.F.);
#14314=ORIENTED_EDGE('',*,*,#14313,.T.);
#14315=EDGE_LOOP('',(#14309,#14311,#14312,#14314));
#14316=FACE_OUTER_BOUND('',#14315,.F.);
#14317=ADVANCED_FACE('',(#14316),#14307,.F.);
#14318=CARTESIAN_POINT('',(1.1105E1,0.E0,0.E0));
#14319=DIRECTION('',(1.E0,0.E0,0.E0));
#14320=DIRECTION('',(0.E0,0.E0,-1.E0));
#14321=AXIS2_PLACEMENT_3D('',#14318,#14319,#14320);
#14322=PLANE('',#14321);
#14324=ORIENTED_EDGE('',*,*,#14323,.F.);
#14326=ORIENTED_EDGE('',*,*,#14325,.T.);
#14327=ORIENTED_EDGE('',*,*,#9538,.F.);
#14329=ORIENTED_EDGE('',*,*,#14328,.T.);
#14330=EDGE_LOOP('',(#14324,#14326,#14327,#14329));
#14331=FACE_OUTER_BOUND('',#14330,.F.);
#14332=ADVANCED_FACE('',(#14331),#14322,.F.);
#14333=CARTESIAN_POINT('',(1.120026279442E1,5.79E0,-5.81E0));
#14334=DIRECTION('',(-8.660254037844E-1,0.E0,-5.E-1));
#14335=DIRECTION('',(5.E-1,0.E0,-8.660254037844E-1));
#14336=AXIS2_PLACEMENT_3D('',#14333,#14334,#14335);
#14337=PLANE('',#14336);
#14338=ORIENTED_EDGE('',*,*,#14262,.T.);
#14340=ORIENTED_EDGE('',*,*,#14339,.F.);
#14342=ORIENTED_EDGE('',*,*,#14341,.F.);
#14344=ORIENTED_EDGE('',*,*,#14343,.T.);
#14345=EDGE_LOOP('',(#14338,#14340,#14342,#14344));
#14346=FACE_OUTER_BOUND('',#14345,.F.);
#14347=ADVANCED_FACE('',(#14346),#14337,.T.);
#14348=CARTESIAN_POINT('',(1.143E1,5.560262794416E0,-5.81E0));
#14349=DIRECTION('',(0.E0,-8.660254037844E-1,-5.E-1));
#14350=DIRECTION('',(0.E0,-5.E-1,8.660254037844E-1));
#14351=AXIS2_PLACEMENT_3D('',#14348,#14349,#14350);
#14352=PLANE('',#14351);
#14354=ORIENTED_EDGE('',*,*,#14353,.F.);
#14356=ORIENTED_EDGE('',*,*,#14355,.F.);
#14358=ORIENTED_EDGE('',*,*,#14357,.T.);
#14359=ORIENTED_EDGE('',*,*,#14339,.T.);
#14360=EDGE_LOOP('',(#14354,#14356,#14358,#14359));
#14361=FACE_OUTER_BOUND('',#14360,.F.);
#14362=ADVANCED_FACE('',(#14361),#14352,.T.);
#14363=CARTESIAN_POINT('',(1.1105E1,5.465E0,2.95E-1));
#14364=DIRECTION('',(0.E0,-1.E0,0.E0));
#14365=DIRECTION('',(0.E0,0.E0,-1.E0));
#14366=AXIS2_PLACEMENT_3D('',#14363,#14364,#14365);
#14367=PLANE('',#14366);
#14368=ORIENTED_EDGE('',*,*,#14353,.T.);
#14369=ORIENTED_EDGE('',*,*,#14275,.F.);
#14371=ORIENTED_EDGE('',*,*,#14370,.T.);
#14373=ORIENTED_EDGE('',*,*,#14372,.T.);
#14374=EDGE_LOOP('',(#14368,#14369,#14371,#14373));
#14375=FACE_OUTER_BOUND('',#14374,.F.);
#14376=ADVANCED_FACE('',(#14375),#14367,.T.);
#14377=CARTESIAN_POINT('',(1.1105E1,4.815E0,2.95E-1));
#14378=DIRECTION('',(1.E0,0.E0,0.E0));
#14379=DIRECTION('',(0.E0,0.E0,-1.E0));
#14380=AXIS2_PLACEMENT_3D('',#14377,#14378,#14379);
#14381=CYLINDRICAL_SURFACE('',#14380,6.5E-1);
#14382=ORIENTED_EDGE('',*,*,#14273,.F.);
#14384=ORIENTED_EDGE('',*,*,#14383,.T.);
#14386=ORIENTED_EDGE('',*,*,#14385,.T.);
#14387=ORIENTED_EDGE('',*,*,#14370,.F.);
#14388=EDGE_LOOP('',(#14382,#14384,#14386,#14387));
#14389=FACE_OUTER_BOUND('',#14388,.F.);
#14390=ADVANCED_FACE('',(#14389),#14381,.F.);
#14391=CARTESIAN_POINT('',(1.1105E1,1.E0,9.45E-1));
#14392=DIRECTION('',(0.E0,0.E0,-1.E0));
#14393=DIRECTION('',(0.E0,1.E0,0.E0));
#14394=AXIS2_PLACEMENT_3D('',#14391,#14392,#14393);
#14395=PLANE('',#14394);
#14396=ORIENTED_EDGE('',*,*,#10706,.T.);
#14398=ORIENTED_EDGE('',*,*,#14397,.T.);
#14399=ORIENTED_EDGE('',*,*,#14383,.F.);
#14400=ORIENTED_EDGE('',*,*,#14271,.F.);
#14401=EDGE_LOOP('',(#14396,#14398,#14399,#14400));
#14402=FACE_OUTER_BOUND('',#14401,.F.);
#14403=ADVANCED_FACE('',(#14402),#14395,.T.);
#14404=CARTESIAN_POINT('',(1.1755E1,0.E0,0.E0));
#14405=DIRECTION('',(1.E0,0.E0,0.E0));
#14406=DIRECTION('',(0.E0,0.E0,-1.E0));
#14407=AXIS2_PLACEMENT_3D('',#14404,#14405,#14406);
#14408=PLANE('',#14407);
#14410=ORIENTED_EDGE('',*,*,#14409,.F.);
#14411=ORIENTED_EDGE('',*,*,#14372,.F.);
#14412=ORIENTED_EDGE('',*,*,#14385,.F.);
#14413=ORIENTED_EDGE('',*,*,#14397,.F.);
#14414=ORIENTED_EDGE('',*,*,#10704,.F.);
#14416=ORIENTED_EDGE('',*,*,#14415,.F.);
#14418=ORIENTED_EDGE('',*,*,#14417,.F.);
#14420=ORIENTED_EDGE('',*,*,#14419,.F.);
#14421=EDGE_LOOP('',(#14410,#14411,#14412,#14413,#14414,#14416,#14418,#14420));
#14422=FACE_OUTER_BOUND('',#14421,.F.);
#14423=ADVANCED_FACE('',(#14422),#14408,.T.);
#14424=CARTESIAN_POINT('',(1.1755E1,0.E0,0.E0));
#14425=DIRECTION('',(1.E0,0.E0,0.E0));
#14426=DIRECTION('',(0.E0,0.E0,-1.E0));
#14427=AXIS2_PLACEMENT_3D('',#14424,#14425,#14426);
#14428=PLANE('',#14427);
#14430=ORIENTED_EDGE('',*,*,#14429,.F.);
#14432=ORIENTED_EDGE('',*,*,#14431,.F.);
#14434=ORIENTED_EDGE('',*,*,#14433,.F.);
#14436=ORIENTED_EDGE('',*,*,#14435,.F.);
#14437=ORIENTED_EDGE('',*,*,#10694,.F.);
#14439=ORIENTED_EDGE('',*,*,#14438,.F.);
#14441=ORIENTED_EDGE('',*,*,#14440,.F.);
#14443=ORIENTED_EDGE('',*,*,#14442,.F.);
#14444=EDGE_LOOP('',(#14430,#14432,#14434,#14436,#14437,#14439,#14441,#14443));
#14445=FACE_OUTER_BOUND('',#14444,.F.);
#14446=ADVANCED_FACE('',(#14445),#14428,.T.);
#14447=CARTESIAN_POINT('',(1.1755E1,0.E0,0.E0));
#14448=DIRECTION('',(1.E0,0.E0,0.E0));
#14449=DIRECTION('',(0.E0,0.E0,-1.E0));
#14450=AXIS2_PLACEMENT_3D('',#14447,#14448,#14449);
#14451=PLANE('',#14450);
#14453=ORIENTED_EDGE('',*,*,#14452,.F.);
#14455=ORIENTED_EDGE('',*,*,#14454,.F.);
#14456=ORIENTED_EDGE('',*,*,#9532,.T.);
#14458=ORIENTED_EDGE('',*,*,#14457,.F.);
#14459=EDGE_LOOP('',(#14453,#14455,#14456,#14458));
#14460=FACE_OUTER_BOUND('',#14459,.F.);
#14461=ADVANCED_FACE('',(#14460),#14451,.T.);
#14462=CARTESIAN_POINT('',(1.1755E1,0.E0,0.E0));
#14463=DIRECTION('',(1.E0,0.E0,0.E0));
#14464=DIRECTION('',(0.E0,0.E0,-1.E0));
#14465=AXIS2_PLACEMENT_3D('',#14462,#14463,#14464);
#14466=PLANE('',#14465);
#14468=ORIENTED_EDGE('',*,*,#14467,.F.);
#14470=ORIENTED_EDGE('',*,*,#14469,.F.);
#14471=ORIENTED_EDGE('',*,*,#9542,.T.);
#14473=ORIENTED_EDGE('',*,*,#14472,.F.);
#14474=EDGE_LOOP('',(#14468,#14470,#14471,#14473));
#14475=FACE_OUTER_BOUND('',#14474,.F.);
#14476=ADVANCED_FACE('',(#14475),#14466,.T.);
#14477=CARTESIAN_POINT('',(1.165973720558E1,5.79E0,-5.81E0));
#14478=DIRECTION('',(8.660254037844E-1,0.E0,-5.E-1));
#14479=DIRECTION('',(-5.E-1,0.E0,-8.660254037844E-1));
#14480=AXIS2_PLACEMENT_3D('',#14477,#14478,#14479);
#14481=PLANE('',#14480);
#14483=ORIENTED_EDGE('',*,*,#14482,.F.);
#14484=ORIENTED_EDGE('',*,*,#14355,.T.);
#14485=ORIENTED_EDGE('',*,*,#14409,.T.);
#14487=ORIENTED_EDGE('',*,*,#14486,.F.);
#14488=EDGE_LOOP('',(#14483,#14484,#14485,#14487));
#14489=FACE_OUTER_BOUND('',#14488,.F.);
#14490=ADVANCED_FACE('',(#14489),#14481,.T.);
#14491=CARTESIAN_POINT('',(1.1105E1,5.465E0,-5.975E0));
#14492=DIRECTION('',(0.E0,0.E0,-1.E0));
#14493=DIRECTION('',(0.E0,1.E0,0.E0));
#14494=AXIS2_PLACEMENT_3D('',#14491,#14492,#14493);
#14495=PLANE('',#14494);
#14496=ORIENTED_EDGE('',*,*,#14482,.T.);
#14498=ORIENTED_EDGE('',*,*,#14497,.T.);
#14499=ORIENTED_EDGE('',*,*,#14341,.T.);
#14500=ORIENTED_EDGE('',*,*,#14357,.F.);
#14501=EDGE_LOOP('',(#14496,#14498,#14499,#14500));
#14502=FACE_OUTER_BOUND('',#14501,.F.);
#14503=ADVANCED_FACE('',(#14502),#14495,.T.);
#14504=CARTESIAN_POINT('',(1.143E1,6.019737205584E0,-5.81E0));
#14505=DIRECTION('',(0.E0,8.660254037844E-1,-5.E-1));
#14506=DIRECTION('',(0.E0,-5.E-1,-8.660254037844E-1));
#14507=AXIS2_PLACEMENT_3D('',#14504,#14505,#14506);
#14508=PLANE('',#14507);
#14510=ORIENTED_EDGE('',*,*,#14509,.T.);
#14511=ORIENTED_EDGE('',*,*,#14343,.F.);
#14512=ORIENTED_EDGE('',*,*,#14497,.F.);
#14513=ORIENTED_EDGE('',*,*,#14486,.T.);
#14514=EDGE_LOOP('',(#14510,#14511,#14512,#14513));
#14515=FACE_OUTER_BOUND('',#14514,.F.);
#14516=ADVANCED_FACE('',(#14515),#14508,.T.);
#14517=CARTESIAN_POINT('',(1.1105E1,6.115E0,-5.975E0));
#14518=DIRECTION('',(0.E0,1.E0,0.E0));
#14519=DIRECTION('',(0.E0,0.E0,1.E0));
#14520=AXIS2_PLACEMENT_3D('',#14517,#14518,#14519);
#14521=PLANE('',#14520);
#14522=ORIENTED_EDGE('',*,*,#14509,.F.);
#14523=ORIENTED_EDGE('',*,*,#14419,.T.);
#14525=ORIENTED_EDGE('',*,*,#14524,.F.);
#14526=ORIENTED_EDGE('',*,*,#14264,.F.);
#14527=EDGE_LOOP('',(#14522,#14523,#14525,#14526));
#14528=FACE_OUTER_BOUND('',#14527,.F.);
#14529=ADVANCED_FACE('',(#14528),#14521,.T.);
#14530=CARTESIAN_POINT('',(1.1105E1,4.815E0,2.95E-1));
#14531=DIRECTION('',(1.E0,0.E0,0.E0));
#14532=DIRECTION('',(0.E0,0.E0,-1.E0));
#14533=AXIS2_PLACEMENT_3D('',#14530,#14531,#14532);
#14534=CYLINDRICAL_SURFACE('',#14533,1.3E0);
#14535=ORIENTED_EDGE('',*,*,#14266,.F.);
#14536=ORIENTED_EDGE('',*,*,#14524,.T.);
#14537=ORIENTED_EDGE('',*,*,#14417,.T.);
#14539=ORIENTED_EDGE('',*,*,#14538,.F.);
#14540=EDGE_LOOP('',(#14535,#14536,#14537,#14539));
#14541=FACE_OUTER_BOUND('',#14540,.F.);
#14542=ADVANCED_FACE('',(#14541),#14534,.T.);
#14543=CARTESIAN_POINT('',(1.1105E1,4.815E0,1.595E0));
#14544=DIRECTION('',(0.E0,0.E0,1.E0));
#14545=DIRECTION('',(0.E0,-1.E0,0.E0));
#14546=AXIS2_PLACEMENT_3D('',#14543,#14544,#14545);
#14547=PLANE('',#14546);
#14548=ORIENTED_EDGE('',*,*,#10702,.F.);
#14549=ORIENTED_EDGE('',*,*,#14268,.F.);
#14550=ORIENTED_EDGE('',*,*,#14538,.T.);
#14551=ORIENTED_EDGE('',*,*,#14415,.T.);
#14552=EDGE_LOOP('',(#14548,#14549,#14550,#14551));
#14553=FACE_OUTER_BOUND('',#14552,.F.);
#14554=ADVANCED_FACE('',(#14553),#14547,.T.);
#14555=CARTESIAN_POINT('',(1.165973720558E1,3.25E0,-5.81E0));
#14556=DIRECTION('',(8.660254037844E-1,0.E0,-5.E-1));
#14557=DIRECTION('',(-5.E-1,0.E0,-8.660254037844E-1));
#14558=AXIS2_PLACEMENT_3D('',#14555,#14556,#14557);
#14559=PLANE('',#14558);
#14561=ORIENTED_EDGE('',*,*,#14560,.F.);
#14563=ORIENTED_EDGE('',*,*,#14562,.T.);
#14564=ORIENTED_EDGE('',*,*,#14429,.T.);
#14566=ORIENTED_EDGE('',*,*,#14565,.T.);
#14567=EDGE_LOOP('',(#14561,#14563,#14564,#14566));
#14568=FACE_OUTER_BOUND('',#14567,.F.);
#14569=ADVANCED_FACE('',(#14568),#14559,.T.);
#14570=CARTESIAN_POINT('',(1.1105E1,2.925E0,-5.975E0));
#14571=DIRECTION('',(0.E0,0.E0,-1.E0));
#14572=DIRECTION('',(0.E0,1.E0,0.E0));
#14573=AXIS2_PLACEMENT_3D('',#14570,#14571,#14572);
#14574=PLANE('',#14573);
#14575=ORIENTED_EDGE('',*,*,#14560,.T.);
#14577=ORIENTED_EDGE('',*,*,#14576,.T.);
#14579=ORIENTED_EDGE('',*,*,#14578,.T.);
#14581=ORIENTED_EDGE('',*,*,#14580,.F.);
#14582=EDGE_LOOP('',(#14575,#14577,#14579,#14581));
#14583=FACE_OUTER_BOUND('',#14582,.F.);
#14584=ADVANCED_FACE('',(#14583),#14574,.T.);
#14585=CARTESIAN_POINT('',(1.143E1,3.479737205584E0,-5.81E0));
#14586=DIRECTION('',(0.E0,8.660254037844E-1,-5.E-1));
#14587=DIRECTION('',(0.E0,-5.E-1,-8.660254037844E-1));
#14588=AXIS2_PLACEMENT_3D('',#14585,#14586,#14587);
#14589=PLANE('',#14588);
#14591=ORIENTED_EDGE('',*,*,#14590,.T.);
#14593=ORIENTED_EDGE('',*,*,#14592,.F.);
#14594=ORIENTED_EDGE('',*,*,#14576,.F.);
#14595=ORIENTED_EDGE('',*,*,#14565,.F.);
#14596=EDGE_LOOP('',(#14591,#14593,#14594,#14595));
#14597=FACE_OUTER_BOUND('',#14596,.F.);
#14598=ADVANCED_FACE('',(#14597),#14589,.T.);
#14599=CARTESIAN_POINT('',(1.1105E1,3.575E0,-5.975E0));
#14600=DIRECTION('',(0.E0,1.E0,0.E0));
#14601=DIRECTION('',(0.E0,0.E0,1.E0));
#14602=AXIS2_PLACEMENT_3D('',#14599,#14600,#14601);
#14603=PLANE('',#14602);
#14604=ORIENTED_EDGE('',*,*,#14590,.F.);
#14605=ORIENTED_EDGE('',*,*,#14442,.T.);
#14607=ORIENTED_EDGE('',*,*,#14606,.F.);
#14608=ORIENTED_EDGE('',*,*,#14287,.F.);
#14609=EDGE_LOOP('',(#14604,#14605,#14607,#14608));
#14610=FACE_OUTER_BOUND('',#14609,.F.);
#14611=ADVANCED_FACE('',(#14610),#14603,.T.);
#14612=CARTESIAN_POINT('',(1.1105E1,2.275E0,-2.245E0));
#14613=DIRECTION('',(1.E0,0.E0,0.E0));
#14614=DIRECTION('',(0.E0,0.E0,-1.E0));
#14615=AXIS2_PLACEMENT_3D('',#14612,#14613,#14614);
#14616=CYLINDRICAL_SURFACE('',#14615,1.3E0);
#14617=ORIENTED_EDGE('',*,*,#14289,.F.);
#14618=ORIENTED_EDGE('',*,*,#14606,.T.);
#14619=ORIENTED_EDGE('',*,*,#14440,.T.);
#14621=ORIENTED_EDGE('',*,*,#14620,.F.);
#14622=EDGE_LOOP('',(#14617,#14618,#14619,#14621));
#14623=FACE_OUTER_BOUND('',#14622,.F.);
#14624=ADVANCED_FACE('',(#14623),#14616,.T.);
#14625=CARTESIAN_POINT('',(1.1105E1,2.275E0,-9.45E-1));
#14626=DIRECTION('',(0.E0,0.E0,1.E0));
#14627=DIRECTION('',(0.E0,-1.E0,0.E0));
#14628=AXIS2_PLACEMENT_3D('',#14625,#14626,#14627);
#14629=PLANE('',#14628);
#14630=ORIENTED_EDGE('',*,*,#10692,.F.);
#14631=ORIENTED_EDGE('',*,*,#14291,.F.);
#14632=ORIENTED_EDGE('',*,*,#14620,.T.);
#14633=ORIENTED_EDGE('',*,*,#14438,.T.);
#14634=EDGE_LOOP('',(#14630,#14631,#14632,#14633));
#14635=FACE_OUTER_BOUND('',#14634,.F.);
#14636=ADVANCED_FACE('',(#14635),#14629,.T.);
#14637=CARTESIAN_POINT('',(1.120026279442E1,3.25E0,-5.81E0));
#14638=DIRECTION('',(-8.660254037844E-1,0.E0,-5.E-1));
#14639=DIRECTION('',(5.E-1,0.E0,-8.660254037844E-1));
#14640=AXIS2_PLACEMENT_3D('',#14637,#14638,#14639);
#14641=PLANE('',#14640);
#14642=ORIENTED_EDGE('',*,*,#14285,.T.);
#14644=ORIENTED_EDGE('',*,*,#14643,.F.);
#14645=ORIENTED_EDGE('',*,*,#14578,.F.);
#14646=ORIENTED_EDGE('',*,*,#14592,.T.);
#14647=EDGE_LOOP('',(#14642,#14644,#14645,#14646));
#14648=FACE_OUTER_BOUND('',#14647,.F.);
#14649=ADVANCED_FACE('',(#14648),#14641,.T.);
#14650=CARTESIAN_POINT('',(1.143E1,3.020262794416E0,-5.81E0));
#14651=DIRECTION('',(0.E0,-8.660254037844E-1,-5.E-1));
#14652=DIRECTION('',(0.E0,-5.E-1,8.660254037844E-1));
#14653=AXIS2_PLACEMENT_3D('',#14650,#14651,#14652);
#14654=PLANE('',#14653);
#14656=ORIENTED_EDGE('',*,*,#14655,.F.);
#14657=ORIENTED_EDGE('',*,*,#14562,.F.);
#14658=ORIENTED_EDGE('',*,*,#14580,.T.);
#14659=ORIENTED_EDGE('',*,*,#14643,.T.);
#14660=EDGE_LOOP('',(#14656,#14657,#14658,#14659));
#14661=FACE_OUTER_BOUND('',#14660,.F.);
#14662=ADVANCED_FACE('',(#14661),#14654,.T.);
#14663=CARTESIAN_POINT('',(1.1105E1,2.925E0,-2.245E0));
#14664=DIRECTION('',(0.E0,-1.E0,0.E0));
#14665=DIRECTION('',(0.E0,0.E0,-1.E0));
#14666=AXIS2_PLACEMENT_3D('',#14663,#14664,#14665);
#14667=PLANE('',#14666);
#14668=ORIENTED_EDGE('',*,*,#14655,.T.);
#14669=ORIENTED_EDGE('',*,*,#14298,.F.);
#14671=ORIENTED_EDGE('',*,*,#14670,.T.);
#14672=ORIENTED_EDGE('',*,*,#14431,.T.);
#14673=EDGE_LOOP('',(#14668,#14669,#14671,#14672));
#14674=FACE_OUTER_BOUND('',#14673,.F.);
#14675=ADVANCED_FACE('',(#14674),#14667,.T.);
#14676=CARTESIAN_POINT('',(1.1105E1,2.275E0,-2.245E0));
#14677=DIRECTION('',(1.E0,0.E0,0.E0));
#14678=DIRECTION('',(0.E0,0.E0,-1.E0));
#14679=AXIS2_PLACEMENT_3D('',#14676,#14677,#14678);
#14680=CYLINDRICAL_SURFACE('',#14679,6.5E-1);
#14681=ORIENTED_EDGE('',*,*,#14296,.F.);
#14683=ORIENTED_EDGE('',*,*,#14682,.T.);
#14684=ORIENTED_EDGE('',*,*,#14433,.T.);
#14685=ORIENTED_EDGE('',*,*,#14670,.F.);
#14686=EDGE_LOOP('',(#14681,#14683,#14684,#14685));
#14687=FACE_OUTER_BOUND('',#14686,.F.);
#14688=ADVANCED_FACE('',(#14687),#14680,.F.);
#14689=CARTESIAN_POINT('',(1.1105E1,1.E0,-1.595E0));
#14690=DIRECTION('',(0.E0,0.E0,-1.E0));
#14691=DIRECTION('',(0.E0,1.E0,0.E0));
#14692=AXIS2_PLACEMENT_3D('',#14689,#14690,#14691);
#14693=PLANE('',#14692);
#14694=ORIENTED_EDGE('',*,*,#10696,.T.);
#14695=ORIENTED_EDGE('',*,*,#14435,.T.);
#14696=ORIENTED_EDGE('',*,*,#14682,.F.);
#14697=ORIENTED_EDGE('',*,*,#14294,.F.);
#14698=EDGE_LOOP('',(#14694,#14695,#14696,#14697));
#14699=FACE_OUTER_BOUND('',#14698,.F.);
#14700=ADVANCED_FACE('',(#14699),#14693,.T.);
#14701=CARTESIAN_POINT('',(1.165973720558E1,-7.585E0,-1.27E0));
#14702=DIRECTION('',(8.660254037844E-1,-5.E-1,0.E0));
#14703=DIRECTION('',(-5.E-1,-8.660254037844E-1,0.E0));
#14704=AXIS2_PLACEMENT_3D('',#14701,#14702,#14703);
#14705=PLANE('',#14704);
#14707=ORIENTED_EDGE('',*,*,#14706,.F.);
#14709=ORIENTED_EDGE('',*,*,#14708,.T.);
#14710=ORIENTED_EDGE('',*,*,#14452,.T.);
#14712=ORIENTED_EDGE('',*,*,#14711,.T.);
#14713=EDGE_LOOP('',(#14707,#14709,#14710,#14712));
#14714=FACE_OUTER_BOUND('',#14713,.F.);
#14715=ADVANCED_FACE('',(#14714),#14705,.T.);
#14716=CARTESIAN_POINT('',(1.1105E1,-7.75E0,-9.45E-1));
#14717=DIRECTION('',(0.E0,-1.E0,0.E0));
#14718=DIRECTION('',(0.E0,0.E0,-1.E0));
#14719=AXIS2_PLACEMENT_3D('',#14716,#14717,#14718);
#14720=PLANE('',#14719);
#14721=ORIENTED_EDGE('',*,*,#14706,.T.);
#14723=ORIENTED_EDGE('',*,*,#14722,.T.);
#14725=ORIENTED_EDGE('',*,*,#14724,.T.);
#14727=ORIENTED_EDGE('',*,*,#14726,.F.);
#14728=EDGE_LOOP('',(#14721,#14723,#14725,#14727));
#14729=FACE_OUTER_BOUND('',#14728,.F.);
#14730=ADVANCED_FACE('',(#14729),#14720,.T.);
#14731=CARTESIAN_POINT('',(1.143E1,-7.585E0,-1.499737205584E0));
#14732=DIRECTION('',(0.E0,-5.E-1,-8.660254037844E-1));
#14733=DIRECTION('',(0.E0,-8.660254037844E-1,5.E-1));
#14734=AXIS2_PLACEMENT_3D('',#14731,#14732,#14733);
#14735=PLANE('',#14734);
#14737=ORIENTED_EDGE('',*,*,#14736,.T.);
#14739=ORIENTED_EDGE('',*,*,#14738,.F.);
#14740=ORIENTED_EDGE('',*,*,#14722,.F.);
#14741=ORIENTED_EDGE('',*,*,#14711,.F.);
#14742=EDGE_LOOP('',(#14737,#14739,#14740,#14741));
#14743=FACE_OUTER_BOUND('',#14742,.F.);
#14744=ADVANCED_FACE('',(#14743),#14735,.T.);
#14745=CARTESIAN_POINT('',(1.1105E1,-7.75E0,-1.595E0));
#14746=DIRECTION('',(0.E0,0.E0,-1.E0));
#14747=DIRECTION('',(0.E0,1.E0,0.E0));
#14748=AXIS2_PLACEMENT_3D('',#14745,#14746,#14747);
#14749=PLANE('',#14748);
#14750=ORIENTED_EDGE('',*,*,#14736,.F.);
#14751=ORIENTED_EDGE('',*,*,#14457,.T.);
#14752=ORIENTED_EDGE('',*,*,#9530,.F.);
#14753=ORIENTED_EDGE('',*,*,#14310,.F.);
#14754=EDGE_LOOP('',(#14750,#14751,#14752,#14753));
#14755=FACE_OUTER_BOUND('',#14754,.F.);
#14756=ADVANCED_FACE('',(#14755),#14749,.T.);
#14757=CARTESIAN_POINT('',(1.120026279442E1,-7.585E0,-1.27E0));
#14758=DIRECTION('',(-8.660254037844E-1,-5.E-1,0.E0));
#14759=DIRECTION('',(5.E-1,-8.660254037844E-1,0.E0));
#14760=AXIS2_PLACEMENT_3D('',#14757,#14758,#14759);
#14761=PLANE('',#14760);
#14762=ORIENTED_EDGE('',*,*,#14724,.F.);
#14763=ORIENTED_EDGE('',*,*,#14738,.T.);
#14764=ORIENTED_EDGE('',*,*,#14308,.T.);
#14766=ORIENTED_EDGE('',*,*,#14765,.T.);
#14767=EDGE_LOOP('',(#14762,#14763,#14764,#14766));
#14768=FACE_OUTER_BOUND('',#14767,.F.);
#14769=ADVANCED_FACE('',(#14768),#14761,.T.);
#14770=CARTESIAN_POINT('',(1.143E1,-7.585E0,-1.040262794416E0));
#14771=DIRECTION('',(0.E0,-5.E-1,8.660254037844E-1));
#14772=DIRECTION('',(0.E0,8.660254037844E-1,5.E-1));
#14773=AXIS2_PLACEMENT_3D('',#14770,#14771,#14772);
#14774=PLANE('',#14773);
#14775=ORIENTED_EDGE('',*,*,#14726,.T.);
#14776=ORIENTED_EDGE('',*,*,#14765,.F.);
#14778=ORIENTED_EDGE('',*,*,#14777,.F.);
#14779=ORIENTED_EDGE('',*,*,#14708,.F.);
#14780=EDGE_LOOP('',(#14775,#14776,#14778,#14779));
#14781=FACE_OUTER_BOUND('',#14780,.F.);
#14782=ADVANCED_FACE('',(#14781),#14774,.T.);
#14783=CARTESIAN_POINT('',(1.1105E1,-1.E0,-9.45E-1));
#14784=DIRECTION('',(0.E0,0.E0,1.E0));
#14785=DIRECTION('',(0.E0,-1.E0,0.E0));
#14786=AXIS2_PLACEMENT_3D('',#14783,#14784,#14785);
#14787=PLANE('',#14786);
#14788=ORIENTED_EDGE('',*,*,#14777,.T.);
#14789=ORIENTED_EDGE('',*,*,#14313,.F.);
#14790=ORIENTED_EDGE('',*,*,#9534,.T.);
#14791=ORIENTED_EDGE('',*,*,#14454,.T.);
#14792=EDGE_LOOP('',(#14788,#14789,#14790,#14791));
#14793=FACE_OUTER_BOUND('',#14792,.F.);
#14794=ADVANCED_FACE('',(#14793),#14787,.T.);
#14795=CARTESIAN_POINT('',(1.165973720558E1,-7.585E0,1.27E0));
#14796=DIRECTION('',(8.660254037844E-1,-5.E-1,0.E0));
#14797=DIRECTION('',(-5.E-1,-8.660254037844E-1,0.E0));
#14798=AXIS2_PLACEMENT_3D('',#14795,#14796,#14797);
#14799=PLANE('',#14798);
#14801=ORIENTED_EDGE('',*,*,#14800,.F.);
#14803=ORIENTED_EDGE('',*,*,#14802,.T.);
#14804=ORIENTED_EDGE('',*,*,#14467,.T.);
#14806=ORIENTED_EDGE('',*,*,#14805,.F.);
#14807=EDGE_LOOP('',(#14801,#14803,#14804,#14806));
#14808=FACE_OUTER_BOUND('',#14807,.F.);
#14809=ADVANCED_FACE('',(#14808),#14799,.T.);
#14810=CARTESIAN_POINT('',(1.1105E1,-7.75E0,1.595E0));
#14811=DIRECTION('',(0.E0,-1.E0,0.E0));
#14812=DIRECTION('',(0.E0,0.E0,-1.E0));
#14813=AXIS2_PLACEMENT_3D('',#14810,#14811,#14812);
#14814=PLANE('',#14813);
#14816=ORIENTED_EDGE('',*,*,#14815,.T.);
#14818=ORIENTED_EDGE('',*,*,#14817,.T.);
#14820=ORIENTED_EDGE('',*,*,#14819,.F.);
#14821=ORIENTED_EDGE('',*,*,#14800,.T.);
#14822=EDGE_LOOP('',(#14816,#14818,#14820,#14821));
#14823=FACE_OUTER_BOUND('',#14822,.F.);
#14824=ADVANCED_FACE('',(#14823),#14814,.T.);
#14825=CARTESIAN_POINT('',(1.143E1,-7.585E0,1.040262794416E0));
#14826=DIRECTION('',(0.E0,-5.E-1,-8.660254037844E-1));
#14827=DIRECTION('',(0.E0,-8.660254037844E-1,5.E-1));
#14828=AXIS2_PLACEMENT_3D('',#14825,#14826,#14827);
#14829=PLANE('',#14828);
#14831=ORIENTED_EDGE('',*,*,#14830,.T.);
#14833=ORIENTED_EDGE('',*,*,#14832,.F.);
#14834=ORIENTED_EDGE('',*,*,#14815,.F.);
#14835=ORIENTED_EDGE('',*,*,#14805,.T.);
#14836=EDGE_LOOP('',(#14831,#14833,#14834,#14835));
#14837=FACE_OUTER_BOUND('',#14836,.F.);
#14838=ADVANCED_FACE('',(#14837),#14829,.T.);
#14839=CARTESIAN_POINT('',(1.1105E1,-7.75E0,9.45E-1));
#14840=DIRECTION('',(0.E0,0.E0,-1.E0));
#14841=DIRECTION('',(0.E0,1.E0,0.E0));
#14842=AXIS2_PLACEMENT_3D('',#14839,#14840,#14841);
#14843=PLANE('',#14842);
#14844=ORIENTED_EDGE('',*,*,#14830,.F.);
#14845=ORIENTED_EDGE('',*,*,#14472,.T.);
#14846=ORIENTED_EDGE('',*,*,#9540,.F.);
#14847=ORIENTED_EDGE('',*,*,#14325,.F.);
#14848=EDGE_LOOP('',(#14844,#14845,#14846,#14847));
#14849=FACE_OUTER_BOUND('',#14848,.F.);
#14850=ADVANCED_FACE('',(#14849),#14843,.T.);
#14851=CARTESIAN_POINT('',(1.120026279442E1,-7.585E0,1.27E0));
#14852=DIRECTION('',(-8.660254037844E-1,-5.E-1,0.E0));
#14853=DIRECTION('',(5.E-1,-8.660254037844E-1,0.E0));
#14854=AXIS2_PLACEMENT_3D('',#14851,#14852,#14853);
#14855=PLANE('',#14854);
#14856=ORIENTED_EDGE('',*,*,#14323,.T.);
#14858=ORIENTED_EDGE('',*,*,#14857,.F.);
#14859=ORIENTED_EDGE('',*,*,#14817,.F.);
#14860=ORIENTED_EDGE('',*,*,#14832,.T.);
#14861=EDGE_LOOP('',(#14856,#14858,#14859,#14860));
#14862=FACE_OUTER_BOUND('',#14861,.F.);
#14863=ADVANCED_FACE('',(#14862),#14855,.T.);
#14864=CARTESIAN_POINT('',(1.143E1,-7.585E0,1.499737205584E0));
#14865=DIRECTION('',(0.E0,-5.E-1,8.660254037844E-1));
#14866=DIRECTION('',(0.E0,8.660254037844E-1,5.E-1));
#14867=AXIS2_PLACEMENT_3D('',#14864,#14865,#14866);
#14868=PLANE('',#14867);
#14870=ORIENTED_EDGE('',*,*,#14869,.F.);
#14871=ORIENTED_EDGE('',*,*,#14802,.F.);
#14872=ORIENTED_EDGE('',*,*,#14819,.T.);
#14873=ORIENTED_EDGE('',*,*,#14857,.T.);
#14874=EDGE_LOOP('',(#14870,#14871,#14872,#14873));
#14875=FACE_OUTER_BOUND('',#14874,.F.);
#14876=ADVANCED_FACE('',(#14875),#14868,.T.);
#14877=CARTESIAN_POINT('',(1.1105E1,-1.E0,1.595E0));
#14878=DIRECTION('',(0.E0,0.E0,1.E0));
#14879=DIRECTION('',(0.E0,-1.E0,0.E0));
#14880=AXIS2_PLACEMENT_3D('',#14877,#14878,#14879);
#14881=PLANE('',#14880);
#14882=ORIENTED_EDGE('',*,*,#14869,.T.);
#14883=ORIENTED_EDGE('',*,*,#14328,.F.);
#14884=ORIENTED_EDGE('',*,*,#9544,.T.);
#14885=ORIENTED_EDGE('',*,*,#14469,.T.);
#14886=EDGE_LOOP('',(#14882,#14883,#14884,#14885));
#14887=FACE_OUTER_BOUND('',#14886,.F.);
#14888=ADVANCED_FACE('',(#14887),#14881,.T.);
#14889=CARTESIAN_POINT('',(8.565E0,0.E0,0.E0));
#14890=DIRECTION('',(1.E0,0.E0,0.E0));
#14891=DIRECTION('',(0.E0,0.E0,-1.E0));
#14892=AXIS2_PLACEMENT_3D('',#14889,#14890,#14891);
#14893=PLANE('',#14892);
#14895=ORIENTED_EDGE('',*,*,#14894,.F.);
#14897=ORIENTED_EDGE('',*,*,#14896,.T.);
#14899=ORIENTED_EDGE('',*,*,#14898,.T.);
#14901=ORIENTED_EDGE('',*,*,#14900,.T.);
#14902=ORIENTED_EDGE('',*,*,#10720,.T.);
#14904=ORIENTED_EDGE('',*,*,#14903,.T.);
#14906=ORIENTED_EDGE('',*,*,#14905,.T.);
#14908=ORIENTED_EDGE('',*,*,#14907,.T.);
#14909=EDGE_LOOP('',(#14895,#14897,#14899,#14901,#14902,#14904,#14906,#14908));
#14910=FACE_OUTER_BOUND('',#14909,.F.);
#14911=ADVANCED_FACE('',(#14910),#14893,.F.);
#14912=CARTESIAN_POINT('',(8.565E0,0.E0,0.E0));
#14913=DIRECTION('',(1.E0,0.E0,0.E0));
#14914=DIRECTION('',(0.E0,0.E0,-1.E0));
#14915=AXIS2_PLACEMENT_3D('',#14912,#14913,#14914);
#14916=PLANE('',#14915);
#14918=ORIENTED_EDGE('',*,*,#14917,.F.);
#14920=ORIENTED_EDGE('',*,*,#14919,.T.);
#14922=ORIENTED_EDGE('',*,*,#14921,.T.);
#14924=ORIENTED_EDGE('',*,*,#14923,.T.);
#14925=ORIENTED_EDGE('',*,*,#10710,.T.);
#14927=ORIENTED_EDGE('',*,*,#14926,.T.);
#14929=ORIENTED_EDGE('',*,*,#14928,.T.);
#14931=ORIENTED_EDGE('',*,*,#14930,.T.);
#14932=EDGE_LOOP('',(#14918,#14920,#14922,#14924,#14925,#14927,#14929,#14931));
#14933=FACE_OUTER_BOUND('',#14932,.F.);
#14934=ADVANCED_FACE('',(#14933),#14916,.F.);
#14935=CARTESIAN_POINT('',(8.565E0,0.E0,0.E0));
#14936=DIRECTION('',(1.E0,0.E0,0.E0));
#14937=DIRECTION('',(0.E0,0.E0,-1.E0));
#14938=AXIS2_PLACEMENT_3D('',#14935,#14936,#14937);
#14939=PLANE('',#14938);
#14941=ORIENTED_EDGE('',*,*,#14940,.F.);
#14943=ORIENTED_EDGE('',*,*,#14942,.T.);
#14944=ORIENTED_EDGE('',*,*,#9548,.F.);
#14946=ORIENTED_EDGE('',*,*,#14945,.T.);
#14947=EDGE_LOOP('',(#14941,#14943,#14944,#14946));
#14948=FACE_OUTER_BOUND('',#14947,.F.);
#14949=ADVANCED_FACE('',(#14948),#14939,.F.);
#14950=CARTESIAN_POINT('',(8.565E0,0.E0,0.E0));
#14951=DIRECTION('',(1.E0,0.E0,0.E0));
#14952=DIRECTION('',(0.E0,0.E0,-1.E0));
#14953=AXIS2_PLACEMENT_3D('',#14950,#14951,#14952);
#14954=PLANE('',#14953);
#14956=ORIENTED_EDGE('',*,*,#14955,.F.);
#14958=ORIENTED_EDGE('',*,*,#14957,.T.);
#14959=ORIENTED_EDGE('',*,*,#9558,.F.);
#14961=ORIENTED_EDGE('',*,*,#14960,.T.);
#14962=EDGE_LOOP('',(#14956,#14958,#14959,#14961));
#14963=FACE_OUTER_BOUND('',#14962,.F.);
#14964=ADVANCED_FACE('',(#14963),#14954,.F.);
#14965=CARTESIAN_POINT('',(8.660262794416E0,5.79E0,-5.81E0));
#14966=DIRECTION('',(-8.660254037844E-1,0.E0,-5.E-1));
#14967=DIRECTION('',(5.E-1,0.E0,-8.660254037844E-1));
#14968=AXIS2_PLACEMENT_3D('',#14965,#14966,#14967);
#14969=PLANE('',#14968);
#14970=ORIENTED_EDGE('',*,*,#14894,.T.);
#14972=ORIENTED_EDGE('',*,*,#14971,.F.);
#14974=ORIENTED_EDGE('',*,*,#14973,.F.);
#14976=ORIENTED_EDGE('',*,*,#14975,.T.);
#14977=EDGE_LOOP('',(#14970,#14972,#14974,#14976));
#14978=FACE_OUTER_BOUND('',#14977,.F.);
#14979=ADVANCED_FACE('',(#14978),#14969,.T.);
#14980=CARTESIAN_POINT('',(8.89E0,5.560262794416E0,-5.81E0));
#14981=DIRECTION('',(0.E0,-8.660254037844E-1,-5.E-1));
#14982=DIRECTION('',(0.E0,-5.E-1,8.660254037844E-1));
#14983=AXIS2_PLACEMENT_3D('',#14980,#14981,#14982);
#14984=PLANE('',#14983);
#14986=ORIENTED_EDGE('',*,*,#14985,.F.);
#14988=ORIENTED_EDGE('',*,*,#14987,.F.);
#14990=ORIENTED_EDGE('',*,*,#14989,.T.);
#14991=ORIENTED_EDGE('',*,*,#14971,.T.);
#14992=EDGE_LOOP('',(#14986,#14988,#14990,#14991));
#14993=FACE_OUTER_BOUND('',#14992,.F.);
#14994=ADVANCED_FACE('',(#14993),#14984,.T.);
#14995=CARTESIAN_POINT('',(8.565E0,5.465E0,2.95E-1));
#14996=DIRECTION('',(0.E0,-1.E0,0.E0));
#14997=DIRECTION('',(0.E0,0.E0,-1.E0));
#14998=AXIS2_PLACEMENT_3D('',#14995,#14996,#14997);
#14999=PLANE('',#14998);
#15000=ORIENTED_EDGE('',*,*,#14985,.T.);
#15001=ORIENTED_EDGE('',*,*,#14907,.F.);
#15003=ORIENTED_EDGE('',*,*,#15002,.T.);
#15005=ORIENTED_EDGE('',*,*,#15004,.T.);
#15006=EDGE_LOOP('',(#15000,#15001,#15003,#15005));
#15007=FACE_OUTER_BOUND('',#15006,.F.);
#15008=ADVANCED_FACE('',(#15007),#14999,.T.);
#15009=CARTESIAN_POINT('',(8.565E0,4.815E0,2.95E-1));
#15010=DIRECTION('',(1.E0,0.E0,0.E0));
#15011=DIRECTION('',(0.E0,0.E0,-1.E0));
#15012=AXIS2_PLACEMENT_3D('',#15009,#15010,#15011);
#15013=CYLINDRICAL_SURFACE('',#15012,6.5E-1);
#15014=ORIENTED_EDGE('',*,*,#14905,.F.);
#15016=ORIENTED_EDGE('',*,*,#15015,.T.);
#15018=ORIENTED_EDGE('',*,*,#15017,.T.);
#15019=ORIENTED_EDGE('',*,*,#15002,.F.);
#15020=EDGE_LOOP('',(#15014,#15016,#15018,#15019));
#15021=FACE_OUTER_BOUND('',#15020,.F.);
#15022=ADVANCED_FACE('',(#15021),#15013,.F.);
#15023=CARTESIAN_POINT('',(8.565E0,1.E0,9.45E-1));
#15024=DIRECTION('',(0.E0,0.E0,-1.E0));
#15025=DIRECTION('',(0.E0,1.E0,0.E0));
#15026=AXIS2_PLACEMENT_3D('',#15023,#15024,#15025);
#15027=PLANE('',#15026);
#15028=ORIENTED_EDGE('',*,*,#10726,.T.);
#15030=ORIENTED_EDGE('',*,*,#15029,.T.);
#15031=ORIENTED_EDGE('',*,*,#15015,.F.);
#15032=ORIENTED_EDGE('',*,*,#14903,.F.);
#15033=EDGE_LOOP('',(#15028,#15030,#15031,#15032));
#15034=FACE_OUTER_BOUND('',#15033,.F.);
#15035=ADVANCED_FACE('',(#15034),#15027,.T.);
#15036=CARTESIAN_POINT('',(9.215E0,0.E0,0.E0));
#15037=DIRECTION('',(1.E0,0.E0,0.E0));
#15038=DIRECTION('',(0.E0,0.E0,-1.E0));
#15039=AXIS2_PLACEMENT_3D('',#15036,#15037,#15038);
#15040=PLANE('',#15039);
#15042=ORIENTED_EDGE('',*,*,#15041,.F.);
#15043=ORIENTED_EDGE('',*,*,#15004,.F.);
#15044=ORIENTED_EDGE('',*,*,#15017,.F.);
#15045=ORIENTED_EDGE('',*,*,#15029,.F.);
#15046=ORIENTED_EDGE('',*,*,#10724,.F.);
#15048=ORIENTED_EDGE('',*,*,#15047,.F.);
#15050=ORIENTED_EDGE('',*,*,#15049,.F.);
#15052=ORIENTED_EDGE('',*,*,#15051,.F.);
#15053=EDGE_LOOP('',(#15042,#15043,#15044,#15045,#15046,#15048,#15050,#15052));
#15054=FACE_OUTER_BOUND('',#15053,.F.);
#15055=ADVANCED_FACE('',(#15054),#15040,.T.);
#15056=CARTESIAN_POINT('',(9.215E0,0.E0,0.E0));
#15057=DIRECTION('',(1.E0,0.E0,0.E0));
#15058=DIRECTION('',(0.E0,0.E0,-1.E0));
#15059=AXIS2_PLACEMENT_3D('',#15056,#15057,#15058);
#15060=PLANE('',#15059);
#15062=ORIENTED_EDGE('',*,*,#15061,.F.);
#15064=ORIENTED_EDGE('',*,*,#15063,.F.);
#15066=ORIENTED_EDGE('',*,*,#15065,.F.);
#15068=ORIENTED_EDGE('',*,*,#15067,.F.);
#15069=ORIENTED_EDGE('',*,*,#10714,.F.);
#15071=ORIENTED_EDGE('',*,*,#15070,.F.);
#15073=ORIENTED_EDGE('',*,*,#15072,.F.);
#15075=ORIENTED_EDGE('',*,*,#15074,.F.);
#15076=EDGE_LOOP('',(#15062,#15064,#15066,#15068,#15069,#15071,#15073,#15075));
#15077=FACE_OUTER_BOUND('',#15076,.F.);
#15078=ADVANCED_FACE('',(#15077),#15060,.T.);
#15079=CARTESIAN_POINT('',(9.215E0,0.E0,0.E0));
#15080=DIRECTION('',(1.E0,0.E0,0.E0));
#15081=DIRECTION('',(0.E0,0.E0,-1.E0));
#15082=AXIS2_PLACEMENT_3D('',#15079,#15080,#15081);
#15083=PLANE('',#15082);
#15085=ORIENTED_EDGE('',*,*,#15084,.F.);
#15087=ORIENTED_EDGE('',*,*,#15086,.F.);
#15088=ORIENTED_EDGE('',*,*,#9552,.T.);
#15090=ORIENTED_EDGE('',*,*,#15089,.F.);
#15091=EDGE_LOOP('',(#15085,#15087,#15088,#15090));
#15092=FACE_OUTER_BOUND('',#15091,.F.);
#15093=ADVANCED_FACE('',(#15092),#15083,.T.);
#15094=CARTESIAN_POINT('',(9.215E0,0.E0,0.E0));
#15095=DIRECTION('',(1.E0,0.E0,0.E0));
#15096=DIRECTION('',(0.E0,0.E0,-1.E0));
#15097=AXIS2_PLACEMENT_3D('',#15094,#15095,#15096);
#15098=PLANE('',#15097);
#15100=ORIENTED_EDGE('',*,*,#15099,.F.);
#15102=ORIENTED_EDGE('',*,*,#15101,.F.);
#15103=ORIENTED_EDGE('',*,*,#9562,.T.);
#15105=ORIENTED_EDGE('',*,*,#15104,.F.);
#15106=EDGE_LOOP('',(#15100,#15102,#15103,#15105));
#15107=FACE_OUTER_BOUND('',#15106,.F.);
#15108=ADVANCED_FACE('',(#15107),#15098,.T.);
#15109=CARTESIAN_POINT('',(9.119737205584E0,5.79E0,-5.81E0));
#15110=DIRECTION('',(8.660254037844E-1,0.E0,-5.E-1));
#15111=DIRECTION('',(-5.E-1,0.E0,-8.660254037844E-1));
#15112=AXIS2_PLACEMENT_3D('',#15109,#15110,#15111);
#15113=PLANE('',#15112);
#15115=ORIENTED_EDGE('',*,*,#15114,.F.);
#15116=ORIENTED_EDGE('',*,*,#14987,.T.);
#15117=ORIENTED_EDGE('',*,*,#15041,.T.);
#15119=ORIENTED_EDGE('',*,*,#15118,.F.);
#15120=EDGE_LOOP('',(#15115,#15116,#15117,#15119));
#15121=FACE_OUTER_BOUND('',#15120,.F.);
#15122=ADVANCED_FACE('',(#15121),#15113,.T.);
#15123=CARTESIAN_POINT('',(8.565E0,5.465E0,-5.975E0));
#15124=DIRECTION('',(0.E0,0.E0,-1.E0));
#15125=DIRECTION('',(0.E0,1.E0,0.E0));
#15126=AXIS2_PLACEMENT_3D('',#15123,#15124,#15125);
#15127=PLANE('',#15126);
#15128=ORIENTED_EDGE('',*,*,#15114,.T.);
#15130=ORIENTED_EDGE('',*,*,#15129,.T.);
#15131=ORIENTED_EDGE('',*,*,#14973,.T.);
#15132=ORIENTED_EDGE('',*,*,#14989,.F.);
#15133=EDGE_LOOP('',(#15128,#15130,#15131,#15132));
#15134=FACE_OUTER_BOUND('',#15133,.F.);
#15135=ADVANCED_FACE('',(#15134),#15127,.T.);
#15136=CARTESIAN_POINT('',(8.89E0,6.019737205584E0,-5.81E0));
#15137=DIRECTION('',(0.E0,8.660254037844E-1,-5.E-1));
#15138=DIRECTION('',(0.E0,-5.E-1,-8.660254037844E-1));
#15139=AXIS2_PLACEMENT_3D('',#15136,#15137,#15138);
#15140=PLANE('',#15139);
#15142=ORIENTED_EDGE('',*,*,#15141,.T.);
#15143=ORIENTED_EDGE('',*,*,#14975,.F.);
#15144=ORIENTED_EDGE('',*,*,#15129,.F.);
#15145=ORIENTED_EDGE('',*,*,#15118,.T.);
#15146=EDGE_LOOP('',(#15142,#15143,#15144,#15145));
#15147=FACE_OUTER_BOUND('',#15146,.F.);
#15148=ADVANCED_FACE('',(#15147),#15140,.T.);
#15149=CARTESIAN_POINT('',(8.565E0,6.115E0,-5.975E0));
#15150=DIRECTION('',(0.E0,1.E0,0.E0));
#15151=DIRECTION('',(0.E0,0.E0,1.E0));
#15152=AXIS2_PLACEMENT_3D('',#15149,#15150,#15151);
#15153=PLANE('',#15152);
#15154=ORIENTED_EDGE('',*,*,#15141,.F.);
#15155=ORIENTED_EDGE('',*,*,#15051,.T.);
#15157=ORIENTED_EDGE('',*,*,#15156,.F.);
#15158=ORIENTED_EDGE('',*,*,#14896,.F.);
#15159=EDGE_LOOP('',(#15154,#15155,#15157,#15158));
#15160=FACE_OUTER_BOUND('',#15159,.F.);
#15161=ADVANCED_FACE('',(#15160),#15153,.T.);
#15162=CARTESIAN_POINT('',(8.565E0,4.815E0,2.95E-1));
#15163=DIRECTION('',(1.E0,0.E0,0.E0));
#15164=DIRECTION('',(0.E0,0.E0,-1.E0));
#15165=AXIS2_PLACEMENT_3D('',#15162,#15163,#15164);
#15166=CYLINDRICAL_SURFACE('',#15165,1.3E0);
#15167=ORIENTED_EDGE('',*,*,#14898,.F.);
#15168=ORIENTED_EDGE('',*,*,#15156,.T.);
#15169=ORIENTED_EDGE('',*,*,#15049,.T.);
#15171=ORIENTED_EDGE('',*,*,#15170,.F.);
#15172=EDGE_LOOP('',(#15167,#15168,#15169,#15171));
#15173=FACE_OUTER_BOUND('',#15172,.F.);
#15174=ADVANCED_FACE('',(#15173),#15166,.T.);
#15175=CARTESIAN_POINT('',(8.565E0,4.815E0,1.595E0));
#15176=DIRECTION('',(0.E0,0.E0,1.E0));
#15177=DIRECTION('',(0.E0,-1.E0,0.E0));
#15178=AXIS2_PLACEMENT_3D('',#15175,#15176,#15177);
#15179=PLANE('',#15178);
#15180=ORIENTED_EDGE('',*,*,#10722,.F.);
#15181=ORIENTED_EDGE('',*,*,#14900,.F.);
#15182=ORIENTED_EDGE('',*,*,#15170,.T.);
#15183=ORIENTED_EDGE('',*,*,#15047,.T.);
#15184=EDGE_LOOP('',(#15180,#15181,#15182,#15183));
#15185=FACE_OUTER_BOUND('',#15184,.F.);
#15186=ADVANCED_FACE('',(#15185),#15179,.T.);
#15187=CARTESIAN_POINT('',(9.119737205584E0,3.25E0,-5.81E0));
#15188=DIRECTION('',(8.660254037844E-1,0.E0,-5.E-1));
#15189=DIRECTION('',(-5.E-1,0.E0,-8.660254037844E-1));
#15190=AXIS2_PLACEMENT_3D('',#15187,#15188,#15189);
#15191=PLANE('',#15190);
#15193=ORIENTED_EDGE('',*,*,#15192,.F.);
#15195=ORIENTED_EDGE('',*,*,#15194,.T.);
#15196=ORIENTED_EDGE('',*,*,#15061,.T.);
#15198=ORIENTED_EDGE('',*,*,#15197,.T.);
#15199=EDGE_LOOP('',(#15193,#15195,#15196,#15198));
#15200=FACE_OUTER_BOUND('',#15199,.F.);
#15201=ADVANCED_FACE('',(#15200),#15191,.T.);
#15202=CARTESIAN_POINT('',(8.565E0,2.925E0,-5.975E0));
#15203=DIRECTION('',(0.E0,0.E0,-1.E0));
#15204=DIRECTION('',(0.E0,1.E0,0.E0));
#15205=AXIS2_PLACEMENT_3D('',#15202,#15203,#15204);
#15206=PLANE('',#15205);
#15207=ORIENTED_EDGE('',*,*,#15192,.T.);
#15209=ORIENTED_EDGE('',*,*,#15208,.T.);
#15211=ORIENTED_EDGE('',*,*,#15210,.T.);
#15213=ORIENTED_EDGE('',*,*,#15212,.F.);
#15214=EDGE_LOOP('',(#15207,#15209,#15211,#15213));
#15215=FACE_OUTER_BOUND('',#15214,.F.);
#15216=ADVANCED_FACE('',(#15215),#15206,.T.);
#15217=CARTESIAN_POINT('',(8.89E0,3.479737205584E0,-5.81E0));
#15218=DIRECTION('',(0.E0,8.660254037844E-1,-5.E-1));
#15219=DIRECTION('',(0.E0,-5.E-1,-8.660254037844E-1));
#15220=AXIS2_PLACEMENT_3D('',#15217,#15218,#15219);
#15221=PLANE('',#15220);
#15223=ORIENTED_EDGE('',*,*,#15222,.T.);
#15225=ORIENTED_EDGE('',*,*,#15224,.F.);
#15226=ORIENTED_EDGE('',*,*,#15208,.F.);
#15227=ORIENTED_EDGE('',*,*,#15197,.F.);
#15228=EDGE_LOOP('',(#15223,#15225,#15226,#15227));
#15229=FACE_OUTER_BOUND('',#15228,.F.);
#15230=ADVANCED_FACE('',(#15229),#15221,.T.);
#15231=CARTESIAN_POINT('',(8.565E0,3.575E0,-5.975E0));
#15232=DIRECTION('',(0.E0,1.E0,0.E0));
#15233=DIRECTION('',(0.E0,0.E0,1.E0));
#15234=AXIS2_PLACEMENT_3D('',#15231,#15232,#15233);
#15235=PLANE('',#15234);
#15236=ORIENTED_EDGE('',*,*,#15222,.F.);
#15237=ORIENTED_EDGE('',*,*,#15074,.T.);
#15239=ORIENTED_EDGE('',*,*,#15238,.F.);
#15240=ORIENTED_EDGE('',*,*,#14919,.F.);
#15241=EDGE_LOOP('',(#15236,#15237,#15239,#15240));
#15242=FACE_OUTER_BOUND('',#15241,.F.);
#15243=ADVANCED_FACE('',(#15242),#15235,.T.);
#15244=CARTESIAN_POINT('',(8.565E0,2.275E0,-2.245E0));
#15245=DIRECTION('',(1.E0,0.E0,0.E0));
#15246=DIRECTION('',(0.E0,0.E0,-1.E0));
#15247=AXIS2_PLACEMENT_3D('',#15244,#15245,#15246);
#15248=CYLINDRICAL_SURFACE('',#15247,1.3E0);
#15249=ORIENTED_EDGE('',*,*,#14921,.F.);
#15250=ORIENTED_EDGE('',*,*,#15238,.T.);
#15251=ORIENTED_EDGE('',*,*,#15072,.T.);
#15253=ORIENTED_EDGE('',*,*,#15252,.F.);
#15254=EDGE_LOOP('',(#15249,#15250,#15251,#15253));
#15255=FACE_OUTER_BOUND('',#15254,.F.);
#15256=ADVANCED_FACE('',(#15255),#15248,.T.);
#15257=CARTESIAN_POINT('',(8.565E0,2.275E0,-9.45E-1));
#15258=DIRECTION('',(0.E0,0.E0,1.E0));
#15259=DIRECTION('',(0.E0,-1.E0,0.E0));
#15260=AXIS2_PLACEMENT_3D('',#15257,#15258,#15259);
#15261=PLANE('',#15260);
#15262=ORIENTED_EDGE('',*,*,#10712,.F.);
#15263=ORIENTED_EDGE('',*,*,#14923,.F.);
#15264=ORIENTED_EDGE('',*,*,#15252,.T.);
#15265=ORIENTED_EDGE('',*,*,#15070,.T.);
#15266=EDGE_LOOP('',(#15262,#15263,#15264,#15265));
#15267=FACE_OUTER_BOUND('',#15266,.F.);
#15268=ADVANCED_FACE('',(#15267),#15261,.T.);
#15269=CARTESIAN_POINT('',(8.660262794416E0,3.25E0,-5.81E0));
#15270=DIRECTION('',(-8.660254037844E-1,0.E0,-5.E-1));
#15271=DIRECTION('',(5.E-1,0.E0,-8.660254037844E-1));
#15272=AXIS2_PLACEMENT_3D('',#15269,#15270,#15271);
#15273=PLANE('',#15272);
#15274=ORIENTED_EDGE('',*,*,#14917,.T.);
#15276=ORIENTED_EDGE('',*,*,#15275,.F.);
#15277=ORIENTED_EDGE('',*,*,#15210,.F.);
#15278=ORIENTED_EDGE('',*,*,#15224,.T.);
#15279=EDGE_LOOP('',(#15274,#15276,#15277,#15278));
#15280=FACE_OUTER_BOUND('',#15279,.F.);
#15281=ADVANCED_FACE('',(#15280),#15273,.T.);
#15282=CARTESIAN_POINT('',(8.89E0,3.020262794416E0,-5.81E0));
#15283=DIRECTION('',(0.E0,-8.660254037844E-1,-5.E-1));
#15284=DIRECTION('',(0.E0,-5.E-1,8.660254037844E-1));
#15285=AXIS2_PLACEMENT_3D('',#15282,#15283,#15284);
#15286=PLANE('',#15285);
#15288=ORIENTED_EDGE('',*,*,#15287,.F.);
#15289=ORIENTED_EDGE('',*,*,#15194,.F.);
#15290=ORIENTED_EDGE('',*,*,#15212,.T.);
#15291=ORIENTED_EDGE('',*,*,#15275,.T.);
#15292=EDGE_LOOP('',(#15288,#15289,#15290,#15291));
#15293=FACE_OUTER_BOUND('',#15292,.F.);
#15294=ADVANCED_FACE('',(#15293),#15286,.T.);
#15295=CARTESIAN_POINT('',(8.565E0,2.925E0,-2.245E0));
#15296=DIRECTION('',(0.E0,-1.E0,0.E0));
#15297=DIRECTION('',(0.E0,0.E0,-1.E0));
#15298=AXIS2_PLACEMENT_3D('',#15295,#15296,#15297);
#15299=PLANE('',#15298);
#15300=ORIENTED_EDGE('',*,*,#15287,.T.);
#15301=ORIENTED_EDGE('',*,*,#14930,.F.);
#15303=ORIENTED_EDGE('',*,*,#15302,.T.);
#15304=ORIENTED_EDGE('',*,*,#15063,.T.);
#15305=EDGE_LOOP('',(#15300,#15301,#15303,#15304));
#15306=FACE_OUTER_BOUND('',#15305,.F.);
#15307=ADVANCED_FACE('',(#15306),#15299,.T.);
#15308=CARTESIAN_POINT('',(8.565E0,2.275E0,-2.245E0));
#15309=DIRECTION('',(1.E0,0.E0,0.E0));
#15310=DIRECTION('',(0.E0,0.E0,-1.E0));
#15311=AXIS2_PLACEMENT_3D('',#15308,#15309,#15310);
#15312=CYLINDRICAL_SURFACE('',#15311,6.5E-1);
#15313=ORIENTED_EDGE('',*,*,#14928,.F.);
#15315=ORIENTED_EDGE('',*,*,#15314,.T.);
#15316=ORIENTED_EDGE('',*,*,#15065,.T.);
#15317=ORIENTED_EDGE('',*,*,#15302,.F.);
#15318=EDGE_LOOP('',(#15313,#15315,#15316,#15317));
#15319=FACE_OUTER_BOUND('',#15318,.F.);
#15320=ADVANCED_FACE('',(#15319),#15312,.F.);
#15321=CARTESIAN_POINT('',(8.565E0,1.E0,-1.595E0));
#15322=DIRECTION('',(0.E0,0.E0,-1.E0));
#15323=DIRECTION('',(0.E0,1.E0,0.E0));
#15324=AXIS2_PLACEMENT_3D('',#15321,#15322,#15323);
#15325=PLANE('',#15324);
#15326=ORIENTED_EDGE('',*,*,#10716,.T.);
#15327=ORIENTED_EDGE('',*,*,#15067,.T.);
#15328=ORIENTED_EDGE('',*,*,#15314,.F.);
#15329=ORIENTED_EDGE('',*,*,#14926,.F.);
#15330=EDGE_LOOP('',(#15326,#15327,#15328,#15329));
#15331=FACE_OUTER_BOUND('',#15330,.F.);
#15332=ADVANCED_FACE('',(#15331),#15325,.T.);
#15333=CARTESIAN_POINT('',(9.119737205584E0,-7.585E0,-1.27E0));
#15334=DIRECTION('',(8.660254037844E-1,-5.E-1,0.E0));
#15335=DIRECTION('',(-5.E-1,-8.660254037844E-1,0.E0));
#15336=AXIS2_PLACEMENT_3D('',#15333,#15334,#15335);
#15337=PLANE('',#15336);
#15339=ORIENTED_EDGE('',*,*,#15338,.F.);
#15341=ORIENTED_EDGE('',*,*,#15340,.T.);
#15342=ORIENTED_EDGE('',*,*,#15084,.T.);
#15344=ORIENTED_EDGE('',*,*,#15343,.T.);
#15345=EDGE_LOOP('',(#15339,#15341,#15342,#15344));
#15346=FACE_OUTER_BOUND('',#15345,.F.);
#15347=ADVANCED_FACE('',(#15346),#15337,.T.);
#15348=CARTESIAN_POINT('',(8.565E0,-7.75E0,-9.45E-1));
#15349=DIRECTION('',(0.E0,-1.E0,0.E0));
#15350=DIRECTION('',(0.E0,0.E0,-1.E0));
#15351=AXIS2_PLACEMENT_3D('',#15348,#15349,#15350);
#15352=PLANE('',#15351);
#15353=ORIENTED_EDGE('',*,*,#15338,.T.);
#15355=ORIENTED_EDGE('',*,*,#15354,.T.);
#15357=ORIENTED_EDGE('',*,*,#15356,.T.);
#15359=ORIENTED_EDGE('',*,*,#15358,.F.);
#15360=EDGE_LOOP('',(#15353,#15355,#15357,#15359));
#15361=FACE_OUTER_BOUND('',#15360,.F.);
#15362=ADVANCED_FACE('',(#15361),#15352,.T.);
#15363=CARTESIAN_POINT('',(8.89E0,-7.585E0,-1.499737205584E0));
#15364=DIRECTION('',(0.E0,-5.E-1,-8.660254037844E-1));
#15365=DIRECTION('',(0.E0,-8.660254037844E-1,5.E-1));
#15366=AXIS2_PLACEMENT_3D('',#15363,#15364,#15365);
#15367=PLANE('',#15366);
#15369=ORIENTED_EDGE('',*,*,#15368,.T.);
#15371=ORIENTED_EDGE('',*,*,#15370,.F.);
#15372=ORIENTED_EDGE('',*,*,#15354,.F.);
#15373=ORIENTED_EDGE('',*,*,#15343,.F.);
#15374=EDGE_LOOP('',(#15369,#15371,#15372,#15373));
#15375=FACE_OUTER_BOUND('',#15374,.F.);
#15376=ADVANCED_FACE('',(#15375),#15367,.T.);
#15377=CARTESIAN_POINT('',(8.565E0,-7.75E0,-1.595E0));
#15378=DIRECTION('',(0.E0,0.E0,-1.E0));
#15379=DIRECTION('',(0.E0,1.E0,0.E0));
#15380=AXIS2_PLACEMENT_3D('',#15377,#15378,#15379);
#15381=PLANE('',#15380);
#15382=ORIENTED_EDGE('',*,*,#15368,.F.);
#15383=ORIENTED_EDGE('',*,*,#15089,.T.);
#15384=ORIENTED_EDGE('',*,*,#9550,.F.);
#15385=ORIENTED_EDGE('',*,*,#14942,.F.);
#15386=EDGE_LOOP('',(#15382,#15383,#15384,#15385));
#15387=FACE_OUTER_BOUND('',#15386,.F.);
#15388=ADVANCED_FACE('',(#15387),#15381,.T.);
#15389=CARTESIAN_POINT('',(8.660262794416E0,-7.585E0,-1.27E0));
#15390=DIRECTION('',(-8.660254037844E-1,-5.E-1,0.E0));
#15391=DIRECTION('',(5.E-1,-8.660254037844E-1,0.E0));
#15392=AXIS2_PLACEMENT_3D('',#15389,#15390,#15391);
#15393=PLANE('',#15392);
#15394=ORIENTED_EDGE('',*,*,#15356,.F.);
#15395=ORIENTED_EDGE('',*,*,#15370,.T.);
#15396=ORIENTED_EDGE('',*,*,#14940,.T.);
#15398=ORIENTED_EDGE('',*,*,#15397,.T.);
#15399=EDGE_LOOP('',(#15394,#15395,#15396,#15398));
#15400=FACE_OUTER_BOUND('',#15399,.F.);
#15401=ADVANCED_FACE('',(#15400),#15393,.T.);
#15402=CARTESIAN_POINT('',(8.89E0,-7.585E0,-1.040262794416E0));
#15403=DIRECTION('',(0.E0,-5.E-1,8.660254037844E-1));
#15404=DIRECTION('',(0.E0,8.660254037844E-1,5.E-1));
#15405=AXIS2_PLACEMENT_3D('',#15402,#15403,#15404);
#15406=PLANE('',#15405);
#15407=ORIENTED_EDGE('',*,*,#15358,.T.);
#15408=ORIENTED_EDGE('',*,*,#15397,.F.);
#15410=ORIENTED_EDGE('',*,*,#15409,.F.);
#15411=ORIENTED_EDGE('',*,*,#15340,.F.);
#15412=EDGE_LOOP('',(#15407,#15408,#15410,#15411));
#15413=FACE_OUTER_BOUND('',#15412,.F.);
#15414=ADVANCED_FACE('',(#15413),#15406,.T.);
#15415=CARTESIAN_POINT('',(8.565E0,-1.E0,-9.45E-1));
#15416=DIRECTION('',(0.E0,0.E0,1.E0));
#15417=DIRECTION('',(0.E0,-1.E0,0.E0));
#15418=AXIS2_PLACEMENT_3D('',#15415,#15416,#15417);
#15419=PLANE('',#15418);
#15420=ORIENTED_EDGE('',*,*,#15409,.T.);
#15421=ORIENTED_EDGE('',*,*,#14945,.F.);
#15422=ORIENTED_EDGE('',*,*,#9554,.T.);
#15423=ORIENTED_EDGE('',*,*,#15086,.T.);
#15424=EDGE_LOOP('',(#15420,#15421,#15422,#15423));
#15425=FACE_OUTER_BOUND('',#15424,.F.);
#15426=ADVANCED_FACE('',(#15425),#15419,.T.);
#15427=CARTESIAN_POINT('',(9.119737205584E0,-7.585E0,1.27E0));
#15428=DIRECTION('',(8.660254037844E-1,-5.E-1,0.E0));
#15429=DIRECTION('',(-5.E-1,-8.660254037844E-1,0.E0));
#15430=AXIS2_PLACEMENT_3D('',#15427,#15428,#15429);
#15431=PLANE('',#15430);
#15433=ORIENTED_EDGE('',*,*,#15432,.F.);
#15435=ORIENTED_EDGE('',*,*,#15434,.T.);
#15436=ORIENTED_EDGE('',*,*,#15099,.T.);
#15438=ORIENTED_EDGE('',*,*,#15437,.F.);
#15439=EDGE_LOOP('',(#15433,#15435,#15436,#15438));
#15440=FACE_OUTER_BOUND('',#15439,.F.);
#15441=ADVANCED_FACE('',(#15440),#15431,.T.);
#15442=CARTESIAN_POINT('',(8.565E0,-7.75E0,1.595E0));
#15443=DIRECTION('',(0.E0,-1.E0,0.E0));
#15444=DIRECTION('',(0.E0,0.E0,-1.E0));
#15445=AXIS2_PLACEMENT_3D('',#15442,#15443,#15444);
#15446=PLANE('',#15445);
#15448=ORIENTED_EDGE('',*,*,#15447,.T.);
#15450=ORIENTED_EDGE('',*,*,#15449,.T.);
#15452=ORIENTED_EDGE('',*,*,#15451,.F.);
#15453=ORIENTED_EDGE('',*,*,#15432,.T.);
#15454=EDGE_LOOP('',(#15448,#15450,#15452,#15453));
#15455=FACE_OUTER_BOUND('',#15454,.F.);
#15456=ADVANCED_FACE('',(#15455),#15446,.T.);
#15457=CARTESIAN_POINT('',(8.89E0,-7.585E0,1.040262794416E0));
#15458=DIRECTION('',(0.E0,-5.E-1,-8.660254037844E-1));
#15459=DIRECTION('',(0.E0,-8.660254037844E-1,5.E-1));
#15460=AXIS2_PLACEMENT_3D('',#15457,#15458,#15459);
#15461=PLANE('',#15460);
#15463=ORIENTED_EDGE('',*,*,#15462,.T.);
#15465=ORIENTED_EDGE('',*,*,#15464,.F.);
#15466=ORIENTED_EDGE('',*,*,#15447,.F.);
#15467=ORIENTED_EDGE('',*,*,#15437,.T.);
#15468=EDGE_LOOP('',(#15463,#15465,#15466,#15467));
#15469=FACE_OUTER_BOUND('',#15468,.F.);
#15470=ADVANCED_FACE('',(#15469),#15461,.T.);
#15471=CARTESIAN_POINT('',(8.565E0,-7.75E0,9.45E-1));
#15472=DIRECTION('',(0.E0,0.E0,-1.E0));
#15473=DIRECTION('',(0.E0,1.E0,0.E0));
#15474=AXIS2_PLACEMENT_3D('',#15471,#15472,#15473);
#15475=PLANE('',#15474);
#15476=ORIENTED_EDGE('',*,*,#15462,.F.);
#15477=ORIENTED_EDGE('',*,*,#15104,.T.);
#15478=ORIENTED_EDGE('',*,*,#9560,.F.);
#15479=ORIENTED_EDGE('',*,*,#14957,.F.);
#15480=EDGE_LOOP('',(#15476,#15477,#15478,#15479));
#15481=FACE_OUTER_BOUND('',#15480,.F.);
#15482=ADVANCED_FACE('',(#15481),#15475,.T.);
#15483=CARTESIAN_POINT('',(8.660262794416E0,-7.585E0,1.27E0));
#15484=DIRECTION('',(-8.660254037844E-1,-5.E-1,0.E0));
#15485=DIRECTION('',(5.E-1,-8.660254037844E-1,0.E0));
#15486=AXIS2_PLACEMENT_3D('',#15483,#15484,#15485);
#15487=PLANE('',#15486);
#15488=ORIENTED_EDGE('',*,*,#14955,.T.);
#15490=ORIENTED_EDGE('',*,*,#15489,.F.);
#15491=ORIENTED_EDGE('',*,*,#15449,.F.);
#15492=ORIENTED_EDGE('',*,*,#15464,.T.);
#15493=EDGE_LOOP('',(#15488,#15490,#15491,#15492));
#15494=FACE_OUTER_BOUND('',#15493,.F.);
#15495=ADVANCED_FACE('',(#15494),#15487,.T.);
#15496=CARTESIAN_POINT('',(8.89E0,-7.585E0,1.499737205584E0));
#15497=DIRECTION('',(0.E0,-5.E-1,8.660254037844E-1));
#15498=DIRECTION('',(0.E0,8.660254037844E-1,5.E-1));
#15499=AXIS2_PLACEMENT_3D('',#15496,#15497,#15498);
#15500=PLANE('',#15499);
#15502=ORIENTED_EDGE('',*,*,#15501,.F.);
#15503=ORIENTED_EDGE('',*,*,#15434,.F.);
#15504=ORIENTED_EDGE('',*,*,#15451,.T.);
#15505=ORIENTED_EDGE('',*,*,#15489,.T.);
#15506=EDGE_LOOP('',(#15502,#15503,#15504,#15505));
#15507=FACE_OUTER_BOUND('',#15506,.F.);
#15508=ADVANCED_FACE('',(#15507),#15500,.T.);
#15509=CARTESIAN_POINT('',(8.565E0,-1.E0,1.595E0));
#15510=DIRECTION('',(0.E0,0.E0,1.E0));
#15511=DIRECTION('',(0.E0,-1.E0,0.E0));
#15512=AXIS2_PLACEMENT_3D('',#15509,#15510,#15511);
#15513=PLANE('',#15512);
#15514=ORIENTED_EDGE('',*,*,#15501,.T.);
#15515=ORIENTED_EDGE('',*,*,#14960,.F.);
#15516=ORIENTED_EDGE('',*,*,#9564,.T.);
#15517=ORIENTED_EDGE('',*,*,#15101,.T.);
#15518=EDGE_LOOP('',(#15514,#15515,#15516,#15517));
#15519=FACE_OUTER_BOUND('',#15518,.F.);
#15520=ADVANCED_FACE('',(#15519),#15513,.T.);
#15521=CARTESIAN_POINT('',(6.025E0,0.E0,0.E0));
#15522=DIRECTION('',(1.E0,0.E0,0.E0));
#15523=DIRECTION('',(0.E0,0.E0,-1.E0));
#15524=AXIS2_PLACEMENT_3D('',#15521,#15522,#15523);
#15525=PLANE('',#15524);
#15527=ORIENTED_EDGE('',*,*,#15526,.F.);
#15529=ORIENTED_EDGE('',*,*,#15528,.T.);
#15531=ORIENTED_EDGE('',*,*,#15530,.T.);
#15533=ORIENTED_EDGE('',*,*,#15532,.T.);
#15534=ORIENTED_EDGE('',*,*,#10740,.T.);
#15536=ORIENTED_EDGE('',*,*,#15535,.T.);
#15538=ORIENTED_EDGE('',*,*,#15537,.T.);
#15540=ORIENTED_EDGE('',*,*,#15539,.T.);
#15541=EDGE_LOOP('',(#15527,#15529,#15531,#15533,#15534,#15536,#15538,#15540));
#15542=FACE_OUTER_BOUND('',#15541,.F.);
#15543=ADVANCED_FACE('',(#15542),#15525,.F.);
#15544=CARTESIAN_POINT('',(6.025E0,0.E0,0.E0));
#15545=DIRECTION('',(1.E0,0.E0,0.E0));
#15546=DIRECTION('',(0.E0,0.E0,-1.E0));
#15547=AXIS2_PLACEMENT_3D('',#15544,#15545,#15546);
#15548=PLANE('',#15547);
#15550=ORIENTED_EDGE('',*,*,#15549,.F.);
#15552=ORIENTED_EDGE('',*,*,#15551,.T.);
#15554=ORIENTED_EDGE('',*,*,#15553,.T.);
#15556=ORIENTED_EDGE('',*,*,#15555,.T.);
#15557=ORIENTED_EDGE('',*,*,#10730,.T.);
#15559=ORIENTED_EDGE('',*,*,#15558,.T.);
#15561=ORIENTED_EDGE('',*,*,#15560,.T.);
#15563=ORIENTED_EDGE('',*,*,#15562,.T.);
#15564=EDGE_LOOP('',(#15550,#15552,#15554,#15556,#15557,#15559,#15561,#15563));
#15565=FACE_OUTER_BOUND('',#15564,.F.);
#15566=ADVANCED_FACE('',(#15565),#15548,.F.);
#15567=CARTESIAN_POINT('',(6.025E0,0.E0,0.E0));
#15568=DIRECTION('',(1.E0,0.E0,0.E0));
#15569=DIRECTION('',(0.E0,0.E0,-1.E0));
#15570=AXIS2_PLACEMENT_3D('',#15567,#15568,#15569);
#15571=PLANE('',#15570);
#15573=ORIENTED_EDGE('',*,*,#15572,.F.);
#15575=ORIENTED_EDGE('',*,*,#15574,.T.);
#15576=ORIENTED_EDGE('',*,*,#9568,.F.);
#15578=ORIENTED_EDGE('',*,*,#15577,.T.);
#15579=EDGE_LOOP('',(#15573,#15575,#15576,#15578));
#15580=FACE_OUTER_BOUND('',#15579,.F.);
#15581=ADVANCED_FACE('',(#15580),#15571,.F.);
#15582=CARTESIAN_POINT('',(6.025E0,0.E0,0.E0));
#15583=DIRECTION('',(1.E0,0.E0,0.E0));
#15584=DIRECTION('',(0.E0,0.E0,-1.E0));
#15585=AXIS2_PLACEMENT_3D('',#15582,#15583,#15584);
#15586=PLANE('',#15585);
#15588=ORIENTED_EDGE('',*,*,#15587,.F.);
#15590=ORIENTED_EDGE('',*,*,#15589,.T.);
#15591=ORIENTED_EDGE('',*,*,#9578,.F.);
#15593=ORIENTED_EDGE('',*,*,#15592,.T.);
#15594=EDGE_LOOP('',(#15588,#15590,#15591,#15593));
#15595=FACE_OUTER_BOUND('',#15594,.F.);
#15596=ADVANCED_FACE('',(#15595),#15586,.F.);
#15597=CARTESIAN_POINT('',(6.120262794416E0,5.79E0,-5.81E0));
#15598=DIRECTION('',(-8.660254037844E-1,0.E0,-5.E-1));
#15599=DIRECTION('',(5.E-1,0.E0,-8.660254037844E-1));
#15600=AXIS2_PLACEMENT_3D('',#15597,#15598,#15599);
#15601=PLANE('',#15600);
#15602=ORIENTED_EDGE('',*,*,#15526,.T.);
#15604=ORIENTED_EDGE('',*,*,#15603,.F.);
#15606=ORIENTED_EDGE('',*,*,#15605,.F.);
#15608=ORIENTED_EDGE('',*,*,#15607,.T.);
#15609=EDGE_LOOP('',(#15602,#15604,#15606,#15608));
#15610=FACE_OUTER_BOUND('',#15609,.F.);
#15611=ADVANCED_FACE('',(#15610),#15601,.T.);
#15612=CARTESIAN_POINT('',(6.35E0,5.560262794416E0,-5.81E0));
#15613=DIRECTION('',(0.E0,-8.660254037844E-1,-5.E-1));
#15614=DIRECTION('',(0.E0,-5.E-1,8.660254037844E-1));
#15615=AXIS2_PLACEMENT_3D('',#15612,#15613,#15614);
#15616=PLANE('',#15615);
#15618=ORIENTED_EDGE('',*,*,#15617,.F.);
#15620=ORIENTED_EDGE('',*,*,#15619,.F.);
#15622=ORIENTED_EDGE('',*,*,#15621,.T.);
#15623=ORIENTED_EDGE('',*,*,#15603,.T.);
#15624=EDGE_LOOP('',(#15618,#15620,#15622,#15623));
#15625=FACE_OUTER_BOUND('',#15624,.F.);
#15626=ADVANCED_FACE('',(#15625),#15616,.T.);
#15627=CARTESIAN_POINT('',(6.025E0,5.465E0,2.95E-1));
#15628=DIRECTION('',(0.E0,-1.E0,0.E0));
#15629=DIRECTION('',(0.E0,0.E0,-1.E0));
#15630=AXIS2_PLACEMENT_3D('',#15627,#15628,#15629);
#15631=PLANE('',#15630);
#15632=ORIENTED_EDGE('',*,*,#15617,.T.);
#15633=ORIENTED_EDGE('',*,*,#15539,.F.);
#15635=ORIENTED_EDGE('',*,*,#15634,.T.);
#15637=ORIENTED_EDGE('',*,*,#15636,.T.);
#15638=EDGE_LOOP('',(#15632,#15633,#15635,#15637));
#15639=FACE_OUTER_BOUND('',#15638,.F.);
#15640=ADVANCED_FACE('',(#15639),#15631,.T.);
#15641=CARTESIAN_POINT('',(6.025E0,4.815E0,2.95E-1));
#15642=DIRECTION('',(1.E0,0.E0,0.E0));
#15643=DIRECTION('',(0.E0,0.E0,-1.E0));
#15644=AXIS2_PLACEMENT_3D('',#15641,#15642,#15643);
#15645=CYLINDRICAL_SURFACE('',#15644,6.5E-1);
#15646=ORIENTED_EDGE('',*,*,#15537,.F.);
#15648=ORIENTED_EDGE('',*,*,#15647,.T.);
#15650=ORIENTED_EDGE('',*,*,#15649,.T.);
#15651=ORIENTED_EDGE('',*,*,#15634,.F.);
#15652=EDGE_LOOP('',(#15646,#15648,#15650,#15651));
#15653=FACE_OUTER_BOUND('',#15652,.F.);
#15654=ADVANCED_FACE('',(#15653),#15645,.F.);
#15655=CARTESIAN_POINT('',(6.025E0,1.E0,9.45E-1));
#15656=DIRECTION('',(0.E0,0.E0,-1.E0));
#15657=DIRECTION('',(0.E0,1.E0,0.E0));
#15658=AXIS2_PLACEMENT_3D('',#15655,#15656,#15657);
#15659=PLANE('',#15658);
#15660=ORIENTED_EDGE('',*,*,#10746,.T.);
#15662=ORIENTED_EDGE('',*,*,#15661,.T.);
#15663=ORIENTED_EDGE('',*,*,#15647,.F.);
#15664=ORIENTED_EDGE('',*,*,#15535,.F.);
#15665=EDGE_LOOP('',(#15660,#15662,#15663,#15664));
#15666=FACE_OUTER_BOUND('',#15665,.F.);
#15667=ADVANCED_FACE('',(#15666),#15659,.T.);
#15668=CARTESIAN_POINT('',(6.675E0,0.E0,0.E0));
#15669=DIRECTION('',(1.E0,0.E0,0.E0));
#15670=DIRECTION('',(0.E0,0.E0,-1.E0));
#15671=AXIS2_PLACEMENT_3D('',#15668,#15669,#15670);
#15672=PLANE('',#15671);
#15674=ORIENTED_EDGE('',*,*,#15673,.F.);
#15675=ORIENTED_EDGE('',*,*,#15636,.F.);
#15676=ORIENTED_EDGE('',*,*,#15649,.F.);
#15677=ORIENTED_EDGE('',*,*,#15661,.F.);
#15678=ORIENTED_EDGE('',*,*,#10744,.F.);
#15680=ORIENTED_EDGE('',*,*,#15679,.F.);
#15682=ORIENTED_EDGE('',*,*,#15681,.F.);
#15684=ORIENTED_EDGE('',*,*,#15683,.F.);
#15685=EDGE_LOOP('',(#15674,#15675,#15676,#15677,#15678,#15680,#15682,#15684));
#15686=FACE_OUTER_BOUND('',#15685,.F.);
#15687=ADVANCED_FACE('',(#15686),#15672,.T.);
#15688=CARTESIAN_POINT('',(6.675E0,0.E0,0.E0));
#15689=DIRECTION('',(1.E0,0.E0,0.E0));
#15690=DIRECTION('',(0.E0,0.E0,-1.E0));
#15691=AXIS2_PLACEMENT_3D('',#15688,#15689,#15690);
#15692=PLANE('',#15691);
#15694=ORIENTED_EDGE('',*,*,#15693,.F.);
#15696=ORIENTED_EDGE('',*,*,#15695,.F.);
#15698=ORIENTED_EDGE('',*,*,#15697,.F.);
#15700=ORIENTED_EDGE('',*,*,#15699,.F.);
#15701=ORIENTED_EDGE('',*,*,#10734,.F.);
#15703=ORIENTED_EDGE('',*,*,#15702,.F.);
#15705=ORIENTED_EDGE('',*,*,#15704,.F.);
#15707=ORIENTED_EDGE('',*,*,#15706,.F.);
#15708=EDGE_LOOP('',(#15694,#15696,#15698,#15700,#15701,#15703,#15705,#15707));
#15709=FACE_OUTER_BOUND('',#15708,.F.);
#15710=ADVANCED_FACE('',(#15709),#15692,.T.);
#15711=CARTESIAN_POINT('',(6.675E0,0.E0,0.E0));
#15712=DIRECTION('',(1.E0,0.E0,0.E0));
#15713=DIRECTION('',(0.E0,0.E0,-1.E0));
#15714=AXIS2_PLACEMENT_3D('',#15711,#15712,#15713);
#15715=PLANE('',#15714);
#15717=ORIENTED_EDGE('',*,*,#15716,.F.);
#15719=ORIENTED_EDGE('',*,*,#15718,.F.);
#15720=ORIENTED_EDGE('',*,*,#9572,.T.);
#15722=ORIENTED_EDGE('',*,*,#15721,.F.);
#15723=EDGE_LOOP('',(#15717,#15719,#15720,#15722));
#15724=FACE_OUTER_BOUND('',#15723,.F.);
#15725=ADVANCED_FACE('',(#15724),#15715,.T.);
#15726=CARTESIAN_POINT('',(6.675E0,0.E0,0.E0));
#15727=DIRECTION('',(1.E0,0.E0,0.E0));
#15728=DIRECTION('',(0.E0,0.E0,-1.E0));
#15729=AXIS2_PLACEMENT_3D('',#15726,#15727,#15728);
#15730=PLANE('',#15729);
#15732=ORIENTED_EDGE('',*,*,#15731,.F.);
#15734=ORIENTED_EDGE('',*,*,#15733,.F.);
#15735=ORIENTED_EDGE('',*,*,#9582,.T.);
#15737=ORIENTED_EDGE('',*,*,#15736,.F.);
#15738=EDGE_LOOP('',(#15732,#15734,#15735,#15737));
#15739=FACE_OUTER_BOUND('',#15738,.F.);
#15740=ADVANCED_FACE('',(#15739),#15730,.T.);
#15741=CARTESIAN_POINT('',(6.579737205584E0,5.79E0,-5.81E0));
#15742=DIRECTION('',(8.660254037844E-1,0.E0,-5.E-1));
#15743=DIRECTION('',(-5.E-1,0.E0,-8.660254037844E-1));
#15744=AXIS2_PLACEMENT_3D('',#15741,#15742,#15743);
#15745=PLANE('',#15744);
#15747=ORIENTED_EDGE('',*,*,#15746,.F.);
#15748=ORIENTED_EDGE('',*,*,#15619,.T.);
#15749=ORIENTED_EDGE('',*,*,#15673,.T.);
#15751=ORIENTED_EDGE('',*,*,#15750,.F.);
#15752=EDGE_LOOP('',(#15747,#15748,#15749,#15751));
#15753=FACE_OUTER_BOUND('',#15752,.F.);
#15754=ADVANCED_FACE('',(#15753),#15745,.T.);
#15755=CARTESIAN_POINT('',(6.025E0,5.465E0,-5.975E0));
#15756=DIRECTION('',(0.E0,0.E0,-1.E0));
#15757=DIRECTION('',(0.E0,1.E0,0.E0));
#15758=AXIS2_PLACEMENT_3D('',#15755,#15756,#15757);
#15759=PLANE('',#15758);
#15760=ORIENTED_EDGE('',*,*,#15746,.T.);
#15762=ORIENTED_EDGE('',*,*,#15761,.T.);
#15763=ORIENTED_EDGE('',*,*,#15605,.T.);
#15764=ORIENTED_EDGE('',*,*,#15621,.F.);
#15765=EDGE_LOOP('',(#15760,#15762,#15763,#15764));
#15766=FACE_OUTER_BOUND('',#15765,.F.);
#15767=ADVANCED_FACE('',(#15766),#15759,.T.);
#15768=CARTESIAN_POINT('',(6.35E0,6.019737205584E0,-5.81E0));
#15769=DIRECTION('',(0.E0,8.660254037844E-1,-5.E-1));
#15770=DIRECTION('',(0.E0,-5.E-1,-8.660254037844E-1));
#15771=AXIS2_PLACEMENT_3D('',#15768,#15769,#15770);
#15772=PLANE('',#15771);
#15774=ORIENTED_EDGE('',*,*,#15773,.T.);
#15775=ORIENTED_EDGE('',*,*,#15607,.F.);
#15776=ORIENTED_EDGE('',*,*,#15761,.F.);
#15777=ORIENTED_EDGE('',*,*,#15750,.T.);
#15778=EDGE_LOOP('',(#15774,#15775,#15776,#15777));
#15779=FACE_OUTER_BOUND('',#15778,.F.);
#15780=ADVANCED_FACE('',(#15779),#15772,.T.);
#15781=CARTESIAN_POINT('',(6.025E0,6.115E0,-5.975E0));
#15782=DIRECTION('',(0.E0,1.E0,0.E0));
#15783=DIRECTION('',(0.E0,0.E0,1.E0));
#15784=AXIS2_PLACEMENT_3D('',#15781,#15782,#15783);
#15785=PLANE('',#15784);
#15786=ORIENTED_EDGE('',*,*,#15773,.F.);
#15787=ORIENTED_EDGE('',*,*,#15683,.T.);
#15789=ORIENTED_EDGE('',*,*,#15788,.F.);
#15790=ORIENTED_EDGE('',*,*,#15528,.F.);
#15791=EDGE_LOOP('',(#15786,#15787,#15789,#15790));
#15792=FACE_OUTER_BOUND('',#15791,.F.);
#15793=ADVANCED_FACE('',(#15792),#15785,.T.);
#15794=CARTESIAN_POINT('',(6.025E0,4.815E0,2.95E-1));
#15795=DIRECTION('',(1.E0,0.E0,0.E0));
#15796=DIRECTION('',(0.E0,0.E0,-1.E0));
#15797=AXIS2_PLACEMENT_3D('',#15794,#15795,#15796);
#15798=CYLINDRICAL_SURFACE('',#15797,1.3E0);
#15799=ORIENTED_EDGE('',*,*,#15530,.F.);
#15800=ORIENTED_EDGE('',*,*,#15788,.T.);
#15801=ORIENTED_EDGE('',*,*,#15681,.T.);
#15803=ORIENTED_EDGE('',*,*,#15802,.F.);
#15804=EDGE_LOOP('',(#15799,#15800,#15801,#15803));
#15805=FACE_OUTER_BOUND('',#15804,.F.);
#15806=ADVANCED_FACE('',(#15805),#15798,.T.);
#15807=CARTESIAN_POINT('',(6.025E0,4.815E0,1.595E0));
#15808=DIRECTION('',(0.E0,0.E0,1.E0));
#15809=DIRECTION('',(0.E0,-1.E0,0.E0));
#15810=AXIS2_PLACEMENT_3D('',#15807,#15808,#15809);
#15811=PLANE('',#15810);
#15812=ORIENTED_EDGE('',*,*,#10742,.F.);
#15813=ORIENTED_EDGE('',*,*,#15532,.F.);
#15814=ORIENTED_EDGE('',*,*,#15802,.T.);
#15815=ORIENTED_EDGE('',*,*,#15679,.T.);
#15816=EDGE_LOOP('',(#15812,#15813,#15814,#15815));
#15817=FACE_OUTER_BOUND('',#15816,.F.);
#15818=ADVANCED_FACE('',(#15817),#15811,.T.);
#15819=CARTESIAN_POINT('',(6.579737205584E0,3.25E0,-5.81E0));
#15820=DIRECTION('',(8.660254037844E-1,0.E0,-5.E-1));
#15821=DIRECTION('',(-5.E-1,0.E0,-8.660254037844E-1));
#15822=AXIS2_PLACEMENT_3D('',#15819,#15820,#15821);
#15823=PLANE('',#15822);
#15825=ORIENTED_EDGE('',*,*,#15824,.F.);
#15827=ORIENTED_EDGE('',*,*,#15826,.T.);
#15828=ORIENTED_EDGE('',*,*,#15693,.T.);
#15830=ORIENTED_EDGE('',*,*,#15829,.T.);
#15831=EDGE_LOOP('',(#15825,#15827,#15828,#15830));
#15832=FACE_OUTER_BOUND('',#15831,.F.);
#15833=ADVANCED_FACE('',(#15832),#15823,.T.);
#15834=CARTESIAN_POINT('',(6.025E0,2.925E0,-5.975E0));
#15835=DIRECTION('',(0.E0,0.E0,-1.E0));
#15836=DIRECTION('',(0.E0,1.E0,0.E0));
#15837=AXIS2_PLACEMENT_3D('',#15834,#15835,#15836);
#15838=PLANE('',#15837);
#15839=ORIENTED_EDGE('',*,*,#15824,.T.);
#15841=ORIENTED_EDGE('',*,*,#15840,.T.);
#15843=ORIENTED_EDGE('',*,*,#15842,.T.);
#15845=ORIENTED_EDGE('',*,*,#15844,.F.);
#15846=EDGE_LOOP('',(#15839,#15841,#15843,#15845));
#15847=FACE_OUTER_BOUND('',#15846,.F.);
#15848=ADVANCED_FACE('',(#15847),#15838,.T.);
#15849=CARTESIAN_POINT('',(6.35E0,3.479737205584E0,-5.81E0));
#15850=DIRECTION('',(0.E0,8.660254037844E-1,-5.E-1));
#15851=DIRECTION('',(0.E0,-5.E-1,-8.660254037844E-1));
#15852=AXIS2_PLACEMENT_3D('',#15849,#15850,#15851);
#15853=PLANE('',#15852);
#15855=ORIENTED_EDGE('',*,*,#15854,.T.);
#15857=ORIENTED_EDGE('',*,*,#15856,.F.);
#15858=ORIENTED_EDGE('',*,*,#15840,.F.);
#15859=ORIENTED_EDGE('',*,*,#15829,.F.);
#15860=EDGE_LOOP('',(#15855,#15857,#15858,#15859));
#15861=FACE_OUTER_BOUND('',#15860,.F.);
#15862=ADVANCED_FACE('',(#15861),#15853,.T.);
#15863=CARTESIAN_POINT('',(6.025E0,3.575E0,-5.975E0));
#15864=DIRECTION('',(0.E0,1.E0,0.E0));
#15865=DIRECTION('',(0.E0,0.E0,1.E0));
#15866=AXIS2_PLACEMENT_3D('',#15863,#15864,#15865);
#15867=PLANE('',#15866);
#15868=ORIENTED_EDGE('',*,*,#15854,.F.);
#15869=ORIENTED_EDGE('',*,*,#15706,.T.);
#15871=ORIENTED_EDGE('',*,*,#15870,.F.);
#15872=ORIENTED_EDGE('',*,*,#15551,.F.);
#15873=EDGE_LOOP('',(#15868,#15869,#15871,#15872));
#15874=FACE_OUTER_BOUND('',#15873,.F.);
#15875=ADVANCED_FACE('',(#15874),#15867,.T.);
#15876=CARTESIAN_POINT('',(6.025E0,2.275E0,-2.245E0));
#15877=DIRECTION('',(1.E0,0.E0,0.E0));
#15878=DIRECTION('',(0.E0,0.E0,-1.E0));
#15879=AXIS2_PLACEMENT_3D('',#15876,#15877,#15878);
#15880=CYLINDRICAL_SURFACE('',#15879,1.3E0);
#15881=ORIENTED_EDGE('',*,*,#15553,.F.);
#15882=ORIENTED_EDGE('',*,*,#15870,.T.);
#15883=ORIENTED_EDGE('',*,*,#15704,.T.);
#15885=ORIENTED_EDGE('',*,*,#15884,.F.);
#15886=EDGE_LOOP('',(#15881,#15882,#15883,#15885));
#15887=FACE_OUTER_BOUND('',#15886,.F.);
#15888=ADVANCED_FACE('',(#15887),#15880,.T.);
#15889=CARTESIAN_POINT('',(6.025E0,2.275E0,-9.45E-1));
#15890=DIRECTION('',(0.E0,0.E0,1.E0));
#15891=DIRECTION('',(0.E0,-1.E0,0.E0));
#15892=AXIS2_PLACEMENT_3D('',#15889,#15890,#15891);
#15893=PLANE('',#15892);
#15894=ORIENTED_EDGE('',*,*,#10732,.F.);
#15895=ORIENTED_EDGE('',*,*,#15555,.F.);
#15896=ORIENTED_EDGE('',*,*,#15884,.T.);
#15897=ORIENTED_EDGE('',*,*,#15702,.T.);
#15898=EDGE_LOOP('',(#15894,#15895,#15896,#15897));
#15899=FACE_OUTER_BOUND('',#15898,.F.);
#15900=ADVANCED_FACE('',(#15899),#15893,.T.);
#15901=CARTESIAN_POINT('',(6.120262794416E0,3.25E0,-5.81E0));
#15902=DIRECTION('',(-8.660254037844E-1,0.E0,-5.E-1));
#15903=DIRECTION('',(5.E-1,0.E0,-8.660254037844E-1));
#15904=AXIS2_PLACEMENT_3D('',#15901,#15902,#15903);
#15905=PLANE('',#15904);
#15906=ORIENTED_EDGE('',*,*,#15549,.T.);
#15908=ORIENTED_EDGE('',*,*,#15907,.F.);
#15909=ORIENTED_EDGE('',*,*,#15842,.F.);
#15910=ORIENTED_EDGE('',*,*,#15856,.T.);
#15911=EDGE_LOOP('',(#15906,#15908,#15909,#15910));
#15912=FACE_OUTER_BOUND('',#15911,.F.);
#15913=ADVANCED_FACE('',(#15912),#15905,.T.);
#15914=CARTESIAN_POINT('',(6.35E0,3.020262794416E0,-5.81E0));
#15915=DIRECTION('',(0.E0,-8.660254037844E-1,-5.E-1));
#15916=DIRECTION('',(0.E0,-5.E-1,8.660254037844E-1));
#15917=AXIS2_PLACEMENT_3D('',#15914,#15915,#15916);
#15918=PLANE('',#15917);
#15920=ORIENTED_EDGE('',*,*,#15919,.F.);
#15921=ORIENTED_EDGE('',*,*,#15826,.F.);
#15922=ORIENTED_EDGE('',*,*,#15844,.T.);
#15923=ORIENTED_EDGE('',*,*,#15907,.T.);
#15924=EDGE_LOOP('',(#15920,#15921,#15922,#15923));
#15925=FACE_OUTER_BOUND('',#15924,.F.);
#15926=ADVANCED_FACE('',(#15925),#15918,.T.);
#15927=CARTESIAN_POINT('',(6.025E0,2.925E0,-2.245E0));
#15928=DIRECTION('',(0.E0,-1.E0,0.E0));
#15929=DIRECTION('',(0.E0,0.E0,-1.E0));
#15930=AXIS2_PLACEMENT_3D('',#15927,#15928,#15929);
#15931=PLANE('',#15930);
#15932=ORIENTED_EDGE('',*,*,#15919,.T.);
#15933=ORIENTED_EDGE('',*,*,#15562,.F.);
#15935=ORIENTED_EDGE('',*,*,#15934,.T.);
#15936=ORIENTED_EDGE('',*,*,#15695,.T.);
#15937=EDGE_LOOP('',(#15932,#15933,#15935,#15936));
#15938=FACE_OUTER_BOUND('',#15937,.F.);
#15939=ADVANCED_FACE('',(#15938),#15931,.T.);
#15940=CARTESIAN_POINT('',(6.025E0,2.275E0,-2.245E0));
#15941=DIRECTION('',(1.E0,0.E0,0.E0));
#15942=DIRECTION('',(0.E0,0.E0,-1.E0));
#15943=AXIS2_PLACEMENT_3D('',#15940,#15941,#15942);
#15944=CYLINDRICAL_SURFACE('',#15943,6.5E-1);
#15945=ORIENTED_EDGE('',*,*,#15560,.F.);
#15947=ORIENTED_EDGE('',*,*,#15946,.T.);
#15948=ORIENTED_EDGE('',*,*,#15697,.T.);
#15949=ORIENTED_EDGE('',*,*,#15934,.F.);
#15950=EDGE_LOOP('',(#15945,#15947,#15948,#15949));
#15951=FACE_OUTER_BOUND('',#15950,.F.);
#15952=ADVANCED_FACE('',(#15951),#15944,.F.);
#15953=CARTESIAN_POINT('',(6.025E0,1.E0,-1.595E0));
#15954=DIRECTION('',(0.E0,0.E0,-1.E0));
#15955=DIRECTION('',(0.E0,1.E0,0.E0));
#15956=AXIS2_PLACEMENT_3D('',#15953,#15954,#15955);
#15957=PLANE('',#15956);
#15958=ORIENTED_EDGE('',*,*,#10736,.T.);
#15959=ORIENTED_EDGE('',*,*,#15699,.T.);
#15960=ORIENTED_EDGE('',*,*,#15946,.F.);
#15961=ORIENTED_EDGE('',*,*,#15558,.F.);
#15962=EDGE_LOOP('',(#15958,#15959,#15960,#15961));
#15963=FACE_OUTER_BOUND('',#15962,.F.);
#15964=ADVANCED_FACE('',(#15963),#15957,.T.);
#15965=CARTESIAN_POINT('',(6.579737205584E0,-7.585E0,-1.27E0));
#15966=DIRECTION('',(8.660254037844E-1,-5.E-1,0.E0));
#15967=DIRECTION('',(-5.E-1,-8.660254037844E-1,0.E0));
#15968=AXIS2_PLACEMENT_3D('',#15965,#15966,#15967);
#15969=PLANE('',#15968);
#15971=ORIENTED_EDGE('',*,*,#15970,.F.);
#15973=ORIENTED_EDGE('',*,*,#15972,.T.);
#15974=ORIENTED_EDGE('',*,*,#15716,.T.);
#15976=ORIENTED_EDGE('',*,*,#15975,.T.);
#15977=EDGE_LOOP('',(#15971,#15973,#15974,#15976));
#15978=FACE_OUTER_BOUND('',#15977,.F.);
#15979=ADVANCED_FACE('',(#15978),#15969,.T.);
#15980=CARTESIAN_POINT('',(6.025E0,-7.75E0,-9.45E-1));
#15981=DIRECTION('',(0.E0,-1.E0,0.E0));
#15982=DIRECTION('',(0.E0,0.E0,-1.E0));
#15983=AXIS2_PLACEMENT_3D('',#15980,#15981,#15982);
#15984=PLANE('',#15983);
#15985=ORIENTED_EDGE('',*,*,#15970,.T.);
#15987=ORIENTED_EDGE('',*,*,#15986,.T.);
#15989=ORIENTED_EDGE('',*,*,#15988,.T.);
#15991=ORIENTED_EDGE('',*,*,#15990,.F.);
#15992=EDGE_LOOP('',(#15985,#15987,#15989,#15991));
#15993=FACE_OUTER_BOUND('',#15992,.F.);
#15994=ADVANCED_FACE('',(#15993),#15984,.T.);
#15995=CARTESIAN_POINT('',(6.35E0,-7.585E0,-1.499737205584E0));
#15996=DIRECTION('',(0.E0,-5.E-1,-8.660254037844E-1));
#15997=DIRECTION('',(0.E0,-8.660254037844E-1,5.E-1));
#15998=AXIS2_PLACEMENT_3D('',#15995,#15996,#15997);
#15999=PLANE('',#15998);
#16001=ORIENTED_EDGE('',*,*,#16000,.T.);
#16003=ORIENTED_EDGE('',*,*,#16002,.F.);
#16004=ORIENTED_EDGE('',*,*,#15986,.F.);
#16005=ORIENTED_EDGE('',*,*,#15975,.F.);
#16006=EDGE_LOOP('',(#16001,#16003,#16004,#16005));
#16007=FACE_OUTER_BOUND('',#16006,.F.);
#16008=ADVANCED_FACE('',(#16007),#15999,.T.);
#16009=CARTESIAN_POINT('',(6.025E0,-7.75E0,-1.595E0));
#16010=DIRECTION('',(0.E0,0.E0,-1.E0));
#16011=DIRECTION('',(0.E0,1.E0,0.E0));
#16012=AXIS2_PLACEMENT_3D('',#16009,#16010,#16011);
#16013=PLANE('',#16012);
#16014=ORIENTED_EDGE('',*,*,#16000,.F.);
#16015=ORIENTED_EDGE('',*,*,#15721,.T.);
#16016=ORIENTED_EDGE('',*,*,#9570,.F.);
#16017=ORIENTED_EDGE('',*,*,#15574,.F.);
#16018=EDGE_LOOP('',(#16014,#16015,#16016,#16017));
#16019=FACE_OUTER_BOUND('',#16018,.F.);
#16020=ADVANCED_FACE('',(#16019),#16013,.T.);
#16021=CARTESIAN_POINT('',(6.120262794416E0,-7.585E0,-1.27E0));
#16022=DIRECTION('',(-8.660254037844E-1,-5.E-1,0.E0));
#16023=DIRECTION('',(5.E-1,-8.660254037844E-1,0.E0));
#16024=AXIS2_PLACEMENT_3D('',#16021,#16022,#16023);
#16025=PLANE('',#16024);
#16026=ORIENTED_EDGE('',*,*,#15988,.F.);
#16027=ORIENTED_EDGE('',*,*,#16002,.T.);
#16028=ORIENTED_EDGE('',*,*,#15572,.T.);
#16030=ORIENTED_EDGE('',*,*,#16029,.T.);
#16031=EDGE_LOOP('',(#16026,#16027,#16028,#16030));
#16032=FACE_OUTER_BOUND('',#16031,.F.);
#16033=ADVANCED_FACE('',(#16032),#16025,.T.);
#16034=CARTESIAN_POINT('',(6.35E0,-7.585E0,-1.040262794416E0));
#16035=DIRECTION('',(0.E0,-5.E-1,8.660254037844E-1));
#16036=DIRECTION('',(0.E0,8.660254037844E-1,5.E-1));
#16037=AXIS2_PLACEMENT_3D('',#16034,#16035,#16036);
#16038=PLANE('',#16037);
#16039=ORIENTED_EDGE('',*,*,#15990,.T.);
#16040=ORIENTED_EDGE('',*,*,#16029,.F.);
#16042=ORIENTED_EDGE('',*,*,#16041,.F.);
#16043=ORIENTED_EDGE('',*,*,#15972,.F.);
#16044=EDGE_LOOP('',(#16039,#16040,#16042,#16043));
#16045=FACE_OUTER_BOUND('',#16044,.F.);
#16046=ADVANCED_FACE('',(#16045),#16038,.T.);
#16047=CARTESIAN_POINT('',(6.025E0,-1.E0,-9.45E-1));
#16048=DIRECTION('',(0.E0,0.E0,1.E0));
#16049=DIRECTION('',(0.E0,-1.E0,0.E0));
#16050=AXIS2_PLACEMENT_3D('',#16047,#16048,#16049);
#16051=PLANE('',#16050);
#16052=ORIENTED_EDGE('',*,*,#16041,.T.);
#16053=ORIENTED_EDGE('',*,*,#15577,.F.);
#16054=ORIENTED_EDGE('',*,*,#9574,.T.);
#16055=ORIENTED_EDGE('',*,*,#15718,.T.);
#16056=EDGE_LOOP('',(#16052,#16053,#16054,#16055));
#16057=FACE_OUTER_BOUND('',#16056,.F.);
#16058=ADVANCED_FACE('',(#16057),#16051,.T.);
#16059=CARTESIAN_POINT('',(6.579737205584E0,-7.585E0,1.27E0));
#16060=DIRECTION('',(8.660254037844E-1,-5.E-1,0.E0));
#16061=DIRECTION('',(-5.E-1,-8.660254037844E-1,0.E0));
#16062=AXIS2_PLACEMENT_3D('',#16059,#16060,#16061);
#16063=PLANE('',#16062);
#16065=ORIENTED_EDGE('',*,*,#16064,.F.);
#16067=ORIENTED_EDGE('',*,*,#16066,.T.);
#16068=ORIENTED_EDGE('',*,*,#15731,.T.);
#16070=ORIENTED_EDGE('',*,*,#16069,.F.);
#16071=EDGE_LOOP('',(#16065,#16067,#16068,#16070));
#16072=FACE_OUTER_BOUND('',#16071,.F.);
#16073=ADVANCED_FACE('',(#16072),#16063,.T.);
#16074=CARTESIAN_POINT('',(6.025E0,-7.75E0,1.595E0));
#16075=DIRECTION('',(0.E0,-1.E0,0.E0));
#16076=DIRECTION('',(0.E0,0.E0,-1.E0));
#16077=AXIS2_PLACEMENT_3D('',#16074,#16075,#16076);
#16078=PLANE('',#16077);
#16080=ORIENTED_EDGE('',*,*,#16079,.T.);
#16082=ORIENTED_EDGE('',*,*,#16081,.T.);
#16084=ORIENTED_EDGE('',*,*,#16083,.F.);
#16085=ORIENTED_EDGE('',*,*,#16064,.T.);
#16086=EDGE_LOOP('',(#16080,#16082,#16084,#16085));
#16087=FACE_OUTER_BOUND('',#16086,.F.);
#16088=ADVANCED_FACE('',(#16087),#16078,.T.);
#16089=CARTESIAN_POINT('',(6.35E0,-7.585E0,1.040262794416E0));
#16090=DIRECTION('',(0.E0,-5.E-1,-8.660254037844E-1));
#16091=DIRECTION('',(0.E0,-8.660254037844E-1,5.E-1));
#16092=AXIS2_PLACEMENT_3D('',#16089,#16090,#16091);
#16093=PLANE('',#16092);
#16095=ORIENTED_EDGE('',*,*,#16094,.T.);
#16097=ORIENTED_EDGE('',*,*,#16096,.F.);
#16098=ORIENTED_EDGE('',*,*,#16079,.F.);
#16099=ORIENTED_EDGE('',*,*,#16069,.T.);
#16100=EDGE_LOOP('',(#16095,#16097,#16098,#16099));
#16101=FACE_OUTER_BOUND('',#16100,.F.);
#16102=ADVANCED_FACE('',(#16101),#16093,.T.);
#16103=CARTESIAN_POINT('',(6.025E0,-7.75E0,9.45E-1));
#16104=DIRECTION('',(0.E0,0.E0,-1.E0));
#16105=DIRECTION('',(0.E0,1.E0,0.E0));
#16106=AXIS2_PLACEMENT_3D('',#16103,#16104,#16105);
#16107=PLANE('',#16106);
#16108=ORIENTED_EDGE('',*,*,#16094,.F.);
#16109=ORIENTED_EDGE('',*,*,#15736,.T.);
#16110=ORIENTED_EDGE('',*,*,#9580,.F.);
#16111=ORIENTED_EDGE('',*,*,#15589,.F.);
#16112=EDGE_LOOP('',(#16108,#16109,#16110,#16111));
#16113=FACE_OUTER_BOUND('',#16112,.F.);
#16114=ADVANCED_FACE('',(#16113),#16107,.T.);
#16115=CARTESIAN_POINT('',(6.120262794416E0,-7.585E0,1.27E0));
#16116=DIRECTION('',(-8.660254037844E-1,-5.E-1,0.E0));
#16117=DIRECTION('',(5.E-1,-8.660254037844E-1,0.E0));
#16118=AXIS2_PLACEMENT_3D('',#16115,#16116,#16117);
#16119=PLANE('',#16118);
#16120=ORIENTED_EDGE('',*,*,#15587,.T.);
#16122=ORIENTED_EDGE('',*,*,#16121,.F.);
#16123=ORIENTED_EDGE('',*,*,#16081,.F.);
#16124=ORIENTED_EDGE('',*,*,#16096,.T.);
#16125=EDGE_LOOP('',(#16120,#16122,#16123,#16124));
#16126=FACE_OUTER_BOUND('',#16125,.F.);
#16127=ADVANCED_FACE('',(#16126),#16119,.T.);
#16128=CARTESIAN_POINT('',(6.35E0,-7.585E0,1.499737205584E0));
#16129=DIRECTION('',(0.E0,-5.E-1,8.660254037844E-1));
#16130=DIRECTION('',(0.E0,8.660254037844E-1,5.E-1));
#16131=AXIS2_PLACEMENT_3D('',#16128,#16129,#16130);
#16132=PLANE('',#16131);
#16134=ORIENTED_EDGE('',*,*,#16133,.F.);
#16135=ORIENTED_EDGE('',*,*,#16066,.F.);
#16136=ORIENTED_EDGE('',*,*,#16083,.T.);
#16137=ORIENTED_EDGE('',*,*,#16121,.T.);
#16138=EDGE_LOOP('',(#16134,#16135,#16136,#16137));
#16139=FACE_OUTER_BOUND('',#16138,.F.);
#16140=ADVANCED_FACE('',(#16139),#16132,.T.);
#16141=CARTESIAN_POINT('',(6.025E0,-1.E0,1.595E0));
#16142=DIRECTION('',(0.E0,0.E0,1.E0));
#16143=DIRECTION('',(0.E0,-1.E0,0.E0));
#16144=AXIS2_PLACEMENT_3D('',#16141,#16142,#16143);
#16145=PLANE('',#16144);
#16146=ORIENTED_EDGE('',*,*,#16133,.T.);
#16147=ORIENTED_EDGE('',*,*,#15592,.F.);
#16148=ORIENTED_EDGE('',*,*,#9584,.T.);
#16149=ORIENTED_EDGE('',*,*,#15733,.T.);
#16150=EDGE_LOOP('',(#16146,#16147,#16148,#16149));
#16151=FACE_OUTER_BOUND('',#16150,.F.);
#16152=ADVANCED_FACE('',(#16151),#16145,.T.);
#16153=CARTESIAN_POINT('',(3.485E0,0.E0,0.E0));
#16154=DIRECTION('',(1.E0,0.E0,0.E0));
#16155=DIRECTION('',(0.E0,0.E0,-1.E0));
#16156=AXIS2_PLACEMENT_3D('',#16153,#16154,#16155);
#16157=PLANE('',#16156);
#16159=ORIENTED_EDGE('',*,*,#16158,.F.);
#16161=ORIENTED_EDGE('',*,*,#16160,.T.);
#16163=ORIENTED_EDGE('',*,*,#16162,.T.);
#16165=ORIENTED_EDGE('',*,*,#16164,.T.);
#16166=ORIENTED_EDGE('',*,*,#10760,.F.);
#16168=ORIENTED_EDGE('',*,*,#16167,.T.);
#16170=ORIENTED_EDGE('',*,*,#16169,.T.);
#16172=ORIENTED_EDGE('',*,*,#16171,.T.);
#16173=EDGE_LOOP('',(#16159,#16161,#16163,#16165,#16166,#16168,#16170,#16172));
#16174=FACE_OUTER_BOUND('',#16173,.F.);
#16175=ADVANCED_FACE('',(#16174),#16157,.F.);
#16176=CARTESIAN_POINT('',(3.485E0,0.E0,0.E0));
#16177=DIRECTION('',(1.E0,0.E0,0.E0));
#16178=DIRECTION('',(0.E0,0.E0,-1.E0));
#16179=AXIS2_PLACEMENT_3D('',#16176,#16177,#16178);
#16180=PLANE('',#16179);
#16182=ORIENTED_EDGE('',*,*,#16181,.F.);
#16184=ORIENTED_EDGE('',*,*,#16183,.T.);
#16186=ORIENTED_EDGE('',*,*,#16185,.T.);
#16188=ORIENTED_EDGE('',*,*,#16187,.T.);
#16189=ORIENTED_EDGE('',*,*,#10750,.F.);
#16191=ORIENTED_EDGE('',*,*,#16190,.T.);
#16193=ORIENTED_EDGE('',*,*,#16192,.T.);
#16195=ORIENTED_EDGE('',*,*,#16194,.T.);
#16196=EDGE_LOOP('',(#16182,#16184,#16186,#16188,#16189,#16191,#16193,#16195));
#16197=FACE_OUTER_BOUND('',#16196,.F.);
#16198=ADVANCED_FACE('',(#16197),#16180,.F.);
#16199=CARTESIAN_POINT('',(3.485E0,0.E0,0.E0));
#16200=DIRECTION('',(1.E0,0.E0,0.E0));
#16201=DIRECTION('',(0.E0,0.E0,-1.E0));
#16202=AXIS2_PLACEMENT_3D('',#16199,#16200,#16201);
#16203=PLANE('',#16202);
#16205=ORIENTED_EDGE('',*,*,#16204,.F.);
#16207=ORIENTED_EDGE('',*,*,#16206,.T.);
#16208=ORIENTED_EDGE('',*,*,#9588,.T.);
#16210=ORIENTED_EDGE('',*,*,#16209,.T.);
#16211=EDGE_LOOP('',(#16205,#16207,#16208,#16210));
#16212=FACE_OUTER_BOUND('',#16211,.F.);
#16213=ADVANCED_FACE('',(#16212),#16203,.F.);
#16214=CARTESIAN_POINT('',(3.485E0,0.E0,0.E0));
#16215=DIRECTION('',(1.E0,0.E0,0.E0));
#16216=DIRECTION('',(0.E0,0.E0,-1.E0));
#16217=AXIS2_PLACEMENT_3D('',#16214,#16215,#16216);
#16218=PLANE('',#16217);
#16220=ORIENTED_EDGE('',*,*,#16219,.F.);
#16222=ORIENTED_EDGE('',*,*,#16221,.T.);
#16223=ORIENTED_EDGE('',*,*,#9598,.T.);
#16225=ORIENTED_EDGE('',*,*,#16224,.T.);
#16226=EDGE_LOOP('',(#16220,#16222,#16223,#16225));
#16227=FACE_OUTER_BOUND('',#16226,.F.);
#16228=ADVANCED_FACE('',(#16227),#16218,.F.);
#16229=CARTESIAN_POINT('',(3.580262794416E0,5.79E0,-5.81E0));
#16230=DIRECTION('',(-8.660254037844E-1,0.E0,-5.E-1));
#16231=DIRECTION('',(5.E-1,0.E0,-8.660254037844E-1));
#16232=AXIS2_PLACEMENT_3D('',#16229,#16230,#16231);
#16233=PLANE('',#16232);
#16234=ORIENTED_EDGE('',*,*,#16158,.T.);
#16236=ORIENTED_EDGE('',*,*,#16235,.F.);
#16238=ORIENTED_EDGE('',*,*,#16237,.F.);
#16240=ORIENTED_EDGE('',*,*,#16239,.T.);
#16241=EDGE_LOOP('',(#16234,#16236,#16238,#16240));
#16242=FACE_OUTER_BOUND('',#16241,.F.);
#16243=ADVANCED_FACE('',(#16242),#16233,.T.);
#16244=CARTESIAN_POINT('',(3.81E0,5.560262794416E0,-5.81E0));
#16245=DIRECTION('',(0.E0,-8.660254037844E-1,-5.E-1));
#16246=DIRECTION('',(0.E0,-5.E-1,8.660254037844E-1));
#16247=AXIS2_PLACEMENT_3D('',#16244,#16245,#16246);
#16248=PLANE('',#16247);
#16250=ORIENTED_EDGE('',*,*,#16249,.F.);
#16252=ORIENTED_EDGE('',*,*,#16251,.F.);
#16254=ORIENTED_EDGE('',*,*,#16253,.T.);
#16255=ORIENTED_EDGE('',*,*,#16235,.T.);
#16256=EDGE_LOOP('',(#16250,#16252,#16254,#16255));
#16257=FACE_OUTER_BOUND('',#16256,.F.);
#16258=ADVANCED_FACE('',(#16257),#16248,.T.);
#16259=CARTESIAN_POINT('',(3.485E0,5.465E0,2.95E-1));
#16260=DIRECTION('',(0.E0,-1.E0,0.E0));
#16261=DIRECTION('',(0.E0,0.E0,-1.E0));
#16262=AXIS2_PLACEMENT_3D('',#16259,#16260,#16261);
#16263=PLANE('',#16262);
#16264=ORIENTED_EDGE('',*,*,#16249,.T.);
#16265=ORIENTED_EDGE('',*,*,#16171,.F.);
#16267=ORIENTED_EDGE('',*,*,#16266,.T.);
#16269=ORIENTED_EDGE('',*,*,#16268,.T.);
#16270=EDGE_LOOP('',(#16264,#16265,#16267,#16269));
#16271=FACE_OUTER_BOUND('',#16270,.F.);
#16272=ADVANCED_FACE('',(#16271),#16263,.T.);
#16273=CARTESIAN_POINT('',(3.485E0,4.815E0,2.95E-1));
#16274=DIRECTION('',(1.E0,0.E0,0.E0));
#16275=DIRECTION('',(0.E0,0.E0,-1.E0));
#16276=AXIS2_PLACEMENT_3D('',#16273,#16274,#16275);
#16277=CYLINDRICAL_SURFACE('',#16276,6.5E-1);
#16278=ORIENTED_EDGE('',*,*,#16169,.F.);
#16280=ORIENTED_EDGE('',*,*,#16279,.T.);
#16282=ORIENTED_EDGE('',*,*,#16281,.T.);
#16283=ORIENTED_EDGE('',*,*,#16266,.F.);
#16284=EDGE_LOOP('',(#16278,#16280,#16282,#16283));
#16285=FACE_OUTER_BOUND('',#16284,.F.);
#16286=ADVANCED_FACE('',(#16285),#16277,.F.);
#16287=CARTESIAN_POINT('',(3.485E0,1.E0,9.45E-1));
#16288=DIRECTION('',(0.E0,0.E0,-1.E0));
#16289=DIRECTION('',(0.E0,1.E0,0.E0));
#16290=AXIS2_PLACEMENT_3D('',#16287,#16288,#16289);
#16291=PLANE('',#16290);
#16292=ORIENTED_EDGE('',*,*,#10766,.T.);
#16294=ORIENTED_EDGE('',*,*,#16293,.T.);
#16295=ORIENTED_EDGE('',*,*,#16279,.F.);
#16296=ORIENTED_EDGE('',*,*,#16167,.F.);
#16297=EDGE_LOOP('',(#16292,#16294,#16295,#16296));
#16298=FACE_OUTER_BOUND('',#16297,.F.);
#16299=ADVANCED_FACE('',(#16298),#16291,.T.);
#16300=CARTESIAN_POINT('',(4.135E0,0.E0,0.E0));
#16301=DIRECTION('',(1.E0,0.E0,0.E0));
#16302=DIRECTION('',(0.E0,0.E0,-1.E0));
#16303=AXIS2_PLACEMENT_3D('',#16300,#16301,#16302);
#16304=PLANE('',#16303);
#16306=ORIENTED_EDGE('',*,*,#16305,.F.);
#16307=ORIENTED_EDGE('',*,*,#16268,.F.);
#16308=ORIENTED_EDGE('',*,*,#16281,.F.);
#16309=ORIENTED_EDGE('',*,*,#16293,.F.);
#16310=ORIENTED_EDGE('',*,*,#10764,.T.);
#16312=ORIENTED_EDGE('',*,*,#16311,.F.);
#16314=ORIENTED_EDGE('',*,*,#16313,.F.);
#16316=ORIENTED_EDGE('',*,*,#16315,.F.);
#16317=EDGE_LOOP('',(#16306,#16307,#16308,#16309,#16310,#16312,#16314,#16316));
#16318=FACE_OUTER_BOUND('',#16317,.F.);
#16319=ADVANCED_FACE('',(#16318),#16304,.T.);
#16320=CARTESIAN_POINT('',(4.135E0,0.E0,0.E0));
#16321=DIRECTION('',(1.E0,0.E0,0.E0));
#16322=DIRECTION('',(0.E0,0.E0,-1.E0));
#16323=AXIS2_PLACEMENT_3D('',#16320,#16321,#16322);
#16324=PLANE('',#16323);
#16326=ORIENTED_EDGE('',*,*,#16325,.F.);
#16328=ORIENTED_EDGE('',*,*,#16327,.F.);
#16330=ORIENTED_EDGE('',*,*,#16329,.F.);
#16332=ORIENTED_EDGE('',*,*,#16331,.F.);
#16333=ORIENTED_EDGE('',*,*,#10754,.T.);
#16335=ORIENTED_EDGE('',*,*,#16334,.F.);
#16337=ORIENTED_EDGE('',*,*,#16336,.F.);
#16339=ORIENTED_EDGE('',*,*,#16338,.F.);
#16340=EDGE_LOOP('',(#16326,#16328,#16330,#16332,#16333,#16335,#16337,#16339));
#16341=FACE_OUTER_BOUND('',#16340,.F.);
#16342=ADVANCED_FACE('',(#16341),#16324,.T.);
#16343=CARTESIAN_POINT('',(4.135E0,0.E0,0.E0));
#16344=DIRECTION('',(1.E0,0.E0,0.E0));
#16345=DIRECTION('',(0.E0,0.E0,-1.E0));
#16346=AXIS2_PLACEMENT_3D('',#16343,#16344,#16345);
#16347=PLANE('',#16346);
#16349=ORIENTED_EDGE('',*,*,#16348,.F.);
#16351=ORIENTED_EDGE('',*,*,#16350,.F.);
#16352=ORIENTED_EDGE('',*,*,#9592,.F.);
#16354=ORIENTED_EDGE('',*,*,#16353,.F.);
#16355=EDGE_LOOP('',(#16349,#16351,#16352,#16354));
#16356=FACE_OUTER_BOUND('',#16355,.F.);
#16357=ADVANCED_FACE('',(#16356),#16347,.T.);
#16358=CARTESIAN_POINT('',(4.135E0,0.E0,0.E0));
#16359=DIRECTION('',(1.E0,0.E0,0.E0));
#16360=DIRECTION('',(0.E0,0.E0,-1.E0));
#16361=AXIS2_PLACEMENT_3D('',#16358,#16359,#16360);
#16362=PLANE('',#16361);
#16364=ORIENTED_EDGE('',*,*,#16363,.F.);
#16366=ORIENTED_EDGE('',*,*,#16365,.F.);
#16367=ORIENTED_EDGE('',*,*,#9602,.F.);
#16369=ORIENTED_EDGE('',*,*,#16368,.F.);
#16370=EDGE_LOOP('',(#16364,#16366,#16367,#16369));
#16371=FACE_OUTER_BOUND('',#16370,.F.);
#16372=ADVANCED_FACE('',(#16371),#16362,.T.);
#16373=CARTESIAN_POINT('',(4.039737205584E0,5.79E0,-5.81E0));
#16374=DIRECTION('',(8.660254037844E-1,0.E0,-5.E-1));
#16375=DIRECTION('',(-5.E-1,0.E0,-8.660254037844E-1));
#16376=AXIS2_PLACEMENT_3D('',#16373,#16374,#16375);
#16377=PLANE('',#16376);
#16379=ORIENTED_EDGE('',*,*,#16378,.F.);
#16380=ORIENTED_EDGE('',*,*,#16251,.T.);
#16381=ORIENTED_EDGE('',*,*,#16305,.T.);
#16383=ORIENTED_EDGE('',*,*,#16382,.T.);
#16384=EDGE_LOOP('',(#16379,#16380,#16381,#16383));
#16385=FACE_OUTER_BOUND('',#16384,.F.);
#16386=ADVANCED_FACE('',(#16385),#16377,.T.);
#16387=CARTESIAN_POINT('',(3.485E0,5.465E0,-5.975E0));
#16388=DIRECTION('',(0.E0,0.E0,-1.E0));
#16389=DIRECTION('',(0.E0,1.E0,0.E0));
#16390=AXIS2_PLACEMENT_3D('',#16387,#16388,#16389);
#16391=PLANE('',#16390);
#16392=ORIENTED_EDGE('',*,*,#16378,.T.);
#16394=ORIENTED_EDGE('',*,*,#16393,.T.);
#16395=ORIENTED_EDGE('',*,*,#16237,.T.);
#16396=ORIENTED_EDGE('',*,*,#16253,.F.);
#16397=EDGE_LOOP('',(#16392,#16394,#16395,#16396));
#16398=FACE_OUTER_BOUND('',#16397,.F.);
#16399=ADVANCED_FACE('',(#16398),#16391,.T.);
#16400=CARTESIAN_POINT('',(3.81E0,6.019737205584E0,-5.81E0));
#16401=DIRECTION('',(0.E0,8.660254037844E-1,-5.E-1));
#16402=DIRECTION('',(0.E0,-5.E-1,-8.660254037844E-1));
#16403=AXIS2_PLACEMENT_3D('',#16400,#16401,#16402);
#16404=PLANE('',#16403);
#16406=ORIENTED_EDGE('',*,*,#16405,.T.);
#16407=ORIENTED_EDGE('',*,*,#16239,.F.);
#16408=ORIENTED_EDGE('',*,*,#16393,.F.);
#16409=ORIENTED_EDGE('',*,*,#16382,.F.);
#16410=EDGE_LOOP('',(#16406,#16407,#16408,#16409));
#16411=FACE_OUTER_BOUND('',#16410,.F.);
#16412=ADVANCED_FACE('',(#16411),#16404,.T.);
#16413=CARTESIAN_POINT('',(3.485E0,6.115E0,-5.975E0));
#16414=DIRECTION('',(0.E0,1.E0,0.E0));
#16415=DIRECTION('',(0.E0,0.E0,1.E0));
#16416=AXIS2_PLACEMENT_3D('',#16413,#16414,#16415);
#16417=PLANE('',#16416);
#16418=ORIENTED_EDGE('',*,*,#16405,.F.);
#16419=ORIENTED_EDGE('',*,*,#16315,.T.);
#16421=ORIENTED_EDGE('',*,*,#16420,.F.);
#16422=ORIENTED_EDGE('',*,*,#16160,.F.);
#16423=EDGE_LOOP('',(#16418,#16419,#16421,#16422));
#16424=FACE_OUTER_BOUND('',#16423,.F.);
#16425=ADVANCED_FACE('',(#16424),#16417,.T.);
#16426=CARTESIAN_POINT('',(3.485E0,4.815E0,2.95E-1));
#16427=DIRECTION('',(1.E0,0.E0,0.E0));
#16428=DIRECTION('',(0.E0,0.E0,-1.E0));
#16429=AXIS2_PLACEMENT_3D('',#16426,#16427,#16428);
#16430=CYLINDRICAL_SURFACE('',#16429,1.3E0);
#16431=ORIENTED_EDGE('',*,*,#16162,.F.);
#16432=ORIENTED_EDGE('',*,*,#16420,.T.);
#16433=ORIENTED_EDGE('',*,*,#16313,.T.);
#16435=ORIENTED_EDGE('',*,*,#16434,.F.);
#16436=EDGE_LOOP('',(#16431,#16432,#16433,#16435));
#16437=FACE_OUTER_BOUND('',#16436,.F.);
#16438=ADVANCED_FACE('',(#16437),#16430,.T.);
#16439=CARTESIAN_POINT('',(3.485E0,4.815E0,1.595E0));
#16440=DIRECTION('',(0.E0,0.E0,1.E0));
#16441=DIRECTION('',(0.E0,-1.E0,0.E0));
#16442=AXIS2_PLACEMENT_3D('',#16439,#16440,#16441);
#16443=PLANE('',#16442);
#16444=ORIENTED_EDGE('',*,*,#10762,.F.);
#16445=ORIENTED_EDGE('',*,*,#16164,.F.);
#16446=ORIENTED_EDGE('',*,*,#16434,.T.);
#16447=ORIENTED_EDGE('',*,*,#16311,.T.);
#16448=EDGE_LOOP('',(#16444,#16445,#16446,#16447));
#16449=FACE_OUTER_BOUND('',#16448,.F.);
#16450=ADVANCED_FACE('',(#16449),#16443,.T.);
#16451=CARTESIAN_POINT('',(4.039737205584E0,3.25E0,-5.81E0));
#16452=DIRECTION('',(8.660254037844E-1,0.E0,-5.E-1));
#16453=DIRECTION('',(-5.E-1,0.E0,-8.660254037844E-1));
#16454=AXIS2_PLACEMENT_3D('',#16451,#16452,#16453);
#16455=PLANE('',#16454);
#16457=ORIENTED_EDGE('',*,*,#16456,.F.);
#16459=ORIENTED_EDGE('',*,*,#16458,.T.);
#16460=ORIENTED_EDGE('',*,*,#16325,.T.);
#16462=ORIENTED_EDGE('',*,*,#16461,.T.);
#16463=EDGE_LOOP('',(#16457,#16459,#16460,#16462));
#16464=FACE_OUTER_BOUND('',#16463,.F.);
#16465=ADVANCED_FACE('',(#16464),#16455,.T.);
#16466=CARTESIAN_POINT('',(3.485E0,2.925E0,-5.975E0));
#16467=DIRECTION('',(0.E0,0.E0,-1.E0));
#16468=DIRECTION('',(0.E0,1.E0,0.E0));
#16469=AXIS2_PLACEMENT_3D('',#16466,#16467,#16468);
#16470=PLANE('',#16469);
#16471=ORIENTED_EDGE('',*,*,#16456,.T.);
#16473=ORIENTED_EDGE('',*,*,#16472,.T.);
#16475=ORIENTED_EDGE('',*,*,#16474,.T.);
#16477=ORIENTED_EDGE('',*,*,#16476,.F.);
#16478=EDGE_LOOP('',(#16471,#16473,#16475,#16477));
#16479=FACE_OUTER_BOUND('',#16478,.F.);
#16480=ADVANCED_FACE('',(#16479),#16470,.T.);
#16481=CARTESIAN_POINT('',(3.81E0,3.479737205584E0,-5.81E0));
#16482=DIRECTION('',(0.E0,8.660254037844E-1,-5.E-1));
#16483=DIRECTION('',(0.E0,-5.E-1,-8.660254037844E-1));
#16484=AXIS2_PLACEMENT_3D('',#16481,#16482,#16483);
#16485=PLANE('',#16484);
#16487=ORIENTED_EDGE('',*,*,#16486,.T.);
#16489=ORIENTED_EDGE('',*,*,#16488,.F.);
#16490=ORIENTED_EDGE('',*,*,#16472,.F.);
#16491=ORIENTED_EDGE('',*,*,#16461,.F.);
#16492=EDGE_LOOP('',(#16487,#16489,#16490,#16491));
#16493=FACE_OUTER_BOUND('',#16492,.F.);
#16494=ADVANCED_FACE('',(#16493),#16485,.T.);
#16495=CARTESIAN_POINT('',(3.485E0,3.575E0,-5.975E0));
#16496=DIRECTION('',(0.E0,1.E0,0.E0));
#16497=DIRECTION('',(0.E0,0.E0,1.E0));
#16498=AXIS2_PLACEMENT_3D('',#16495,#16496,#16497);
#16499=PLANE('',#16498);
#16500=ORIENTED_EDGE('',*,*,#16486,.F.);
#16501=ORIENTED_EDGE('',*,*,#16338,.T.);
#16503=ORIENTED_EDGE('',*,*,#16502,.F.);
#16504=ORIENTED_EDGE('',*,*,#16183,.F.);
#16505=EDGE_LOOP('',(#16500,#16501,#16503,#16504));
#16506=FACE_OUTER_BOUND('',#16505,.F.);
#16507=ADVANCED_FACE('',(#16506),#16499,.T.);
#16508=CARTESIAN_POINT('',(3.485E0,2.275E0,-2.245E0));
#16509=DIRECTION('',(1.E0,0.E0,0.E0));
#16510=DIRECTION('',(0.E0,0.E0,-1.E0));
#16511=AXIS2_PLACEMENT_3D('',#16508,#16509,#16510);
#16512=CYLINDRICAL_SURFACE('',#16511,1.3E0);
#16513=ORIENTED_EDGE('',*,*,#16185,.F.);
#16514=ORIENTED_EDGE('',*,*,#16502,.T.);
#16515=ORIENTED_EDGE('',*,*,#16336,.T.);
#16517=ORIENTED_EDGE('',*,*,#16516,.F.);
#16518=EDGE_LOOP('',(#16513,#16514,#16515,#16517));
#16519=FACE_OUTER_BOUND('',#16518,.F.);
#16520=ADVANCED_FACE('',(#16519),#16512,.T.);
#16521=CARTESIAN_POINT('',(3.485E0,2.275E0,-9.45E-1));
#16522=DIRECTION('',(0.E0,0.E0,1.E0));
#16523=DIRECTION('',(0.E0,-1.E0,0.E0));
#16524=AXIS2_PLACEMENT_3D('',#16521,#16522,#16523);
#16525=PLANE('',#16524);
#16526=ORIENTED_EDGE('',*,*,#10752,.F.);
#16527=ORIENTED_EDGE('',*,*,#16187,.F.);
#16528=ORIENTED_EDGE('',*,*,#16516,.T.);
#16529=ORIENTED_EDGE('',*,*,#16334,.T.);
#16530=EDGE_LOOP('',(#16526,#16527,#16528,#16529));
#16531=FACE_OUTER_BOUND('',#16530,.F.);
#16532=ADVANCED_FACE('',(#16531),#16525,.T.);
#16533=CARTESIAN_POINT('',(3.580262794416E0,3.25E0,-5.81E0));
#16534=DIRECTION('',(-8.660254037844E-1,0.E0,-5.E-1));
#16535=DIRECTION('',(5.E-1,0.E0,-8.660254037844E-1));
#16536=AXIS2_PLACEMENT_3D('',#16533,#16534,#16535);
#16537=PLANE('',#16536);
#16538=ORIENTED_EDGE('',*,*,#16181,.T.);
#16540=ORIENTED_EDGE('',*,*,#16539,.F.);
#16541=ORIENTED_EDGE('',*,*,#16474,.F.);
#16542=ORIENTED_EDGE('',*,*,#16488,.T.);
#16543=EDGE_LOOP('',(#16538,#16540,#16541,#16542));
#16544=FACE_OUTER_BOUND('',#16543,.F.);
#16545=ADVANCED_FACE('',(#16544),#16537,.T.);
#16546=CARTESIAN_POINT('',(3.81E0,3.020262794416E0,-5.81E0));
#16547=DIRECTION('',(0.E0,-8.660254037844E-1,-5.E-1));
#16548=DIRECTION('',(0.E0,-5.E-1,8.660254037844E-1));
#16549=AXIS2_PLACEMENT_3D('',#16546,#16547,#16548);
#16550=PLANE('',#16549);
#16552=ORIENTED_EDGE('',*,*,#16551,.F.);
#16553=ORIENTED_EDGE('',*,*,#16458,.F.);
#16554=ORIENTED_EDGE('',*,*,#16476,.T.);
#16555=ORIENTED_EDGE('',*,*,#16539,.T.);
#16556=EDGE_LOOP('',(#16552,#16553,#16554,#16555));
#16557=FACE_OUTER_BOUND('',#16556,.F.);
#16558=ADVANCED_FACE('',(#16557),#16550,.T.);
#16559=CARTESIAN_POINT('',(3.485E0,2.925E0,-2.245E0));
#16560=DIRECTION('',(0.E0,-1.E0,0.E0));
#16561=DIRECTION('',(0.E0,0.E0,-1.E0));
#16562=AXIS2_PLACEMENT_3D('',#16559,#16560,#16561);
#16563=PLANE('',#16562);
#16564=ORIENTED_EDGE('',*,*,#16551,.T.);
#16565=ORIENTED_EDGE('',*,*,#16194,.F.);
#16567=ORIENTED_EDGE('',*,*,#16566,.T.);
#16568=ORIENTED_EDGE('',*,*,#16327,.T.);
#16569=EDGE_LOOP('',(#16564,#16565,#16567,#16568));
#16570=FACE_OUTER_BOUND('',#16569,.F.);
#16571=ADVANCED_FACE('',(#16570),#16563,.T.);
#16572=CARTESIAN_POINT('',(3.485E0,2.275E0,-2.245E0));
#16573=DIRECTION('',(1.E0,0.E0,0.E0));
#16574=DIRECTION('',(0.E0,0.E0,-1.E0));
#16575=AXIS2_PLACEMENT_3D('',#16572,#16573,#16574);
#16576=CYLINDRICAL_SURFACE('',#16575,6.5E-1);
#16577=ORIENTED_EDGE('',*,*,#16192,.F.);
#16579=ORIENTED_EDGE('',*,*,#16578,.T.);
#16580=ORIENTED_EDGE('',*,*,#16329,.T.);
#16581=ORIENTED_EDGE('',*,*,#16566,.F.);
#16582=EDGE_LOOP('',(#16577,#16579,#16580,#16581));
#16583=FACE_OUTER_BOUND('',#16582,.F.);
#16584=ADVANCED_FACE('',(#16583),#16576,.F.);
#16585=CARTESIAN_POINT('',(3.485E0,1.E0,-1.595E0));
#16586=DIRECTION('',(0.E0,0.E0,-1.E0));
#16587=DIRECTION('',(0.E0,1.E0,0.E0));
#16588=AXIS2_PLACEMENT_3D('',#16585,#16586,#16587);
#16589=PLANE('',#16588);
#16590=ORIENTED_EDGE('',*,*,#10756,.T.);
#16591=ORIENTED_EDGE('',*,*,#16331,.T.);
#16592=ORIENTED_EDGE('',*,*,#16578,.F.);
#16593=ORIENTED_EDGE('',*,*,#16190,.F.);
#16594=EDGE_LOOP('',(#16590,#16591,#16592,#16593));
#16595=FACE_OUTER_BOUND('',#16594,.F.);
#16596=ADVANCED_FACE('',(#16595),#16589,.T.);
#16597=CARTESIAN_POINT('',(4.039737205584E0,-7.585E0,-1.27E0));
#16598=DIRECTION('',(8.660254037844E-1,-5.E-1,0.E0));
#16599=DIRECTION('',(-5.E-1,-8.660254037844E-1,0.E0));
#16600=AXIS2_PLACEMENT_3D('',#16597,#16598,#16599);
#16601=PLANE('',#16600);
#16603=ORIENTED_EDGE('',*,*,#16602,.F.);
#16605=ORIENTED_EDGE('',*,*,#16604,.T.);
#16606=ORIENTED_EDGE('',*,*,#16348,.T.);
#16608=ORIENTED_EDGE('',*,*,#16607,.T.);
#16609=EDGE_LOOP('',(#16603,#16605,#16606,#16608));
#16610=FACE_OUTER_BOUND('',#16609,.F.);
#16611=ADVANCED_FACE('',(#16610),#16601,.T.);
#16612=CARTESIAN_POINT('',(3.485E0,-7.75E0,-9.45E-1));
#16613=DIRECTION('',(0.E0,-1.E0,0.E0));
#16614=DIRECTION('',(0.E0,0.E0,-1.E0));
#16615=AXIS2_PLACEMENT_3D('',#16612,#16613,#16614);
#16616=PLANE('',#16615);
#16617=ORIENTED_EDGE('',*,*,#16602,.T.);
#16619=ORIENTED_EDGE('',*,*,#16618,.T.);
#16621=ORIENTED_EDGE('',*,*,#16620,.T.);
#16623=ORIENTED_EDGE('',*,*,#16622,.F.);
#16624=EDGE_LOOP('',(#16617,#16619,#16621,#16623));
#16625=FACE_OUTER_BOUND('',#16624,.F.);
#16626=ADVANCED_FACE('',(#16625),#16616,.T.);
#16627=CARTESIAN_POINT('',(3.81E0,-7.585E0,-1.499737205584E0));
#16628=DIRECTION('',(0.E0,-5.E-1,-8.660254037844E-1));
#16629=DIRECTION('',(0.E0,-8.660254037844E-1,5.E-1));
#16630=AXIS2_PLACEMENT_3D('',#16627,#16628,#16629);
#16631=PLANE('',#16630);
#16633=ORIENTED_EDGE('',*,*,#16632,.T.);
#16635=ORIENTED_EDGE('',*,*,#16634,.F.);
#16636=ORIENTED_EDGE('',*,*,#16618,.F.);
#16637=ORIENTED_EDGE('',*,*,#16607,.F.);
#16638=EDGE_LOOP('',(#16633,#16635,#16636,#16637));
#16639=FACE_OUTER_BOUND('',#16638,.F.);
#16640=ADVANCED_FACE('',(#16639),#16631,.T.);
#16641=CARTESIAN_POINT('',(3.485E0,-7.75E0,-1.595E0));
#16642=DIRECTION('',(0.E0,0.E0,-1.E0));
#16643=DIRECTION('',(0.E0,1.E0,0.E0));
#16644=AXIS2_PLACEMENT_3D('',#16641,#16642,#16643);
#16645=PLANE('',#16644);
#16646=ORIENTED_EDGE('',*,*,#16632,.F.);
#16647=ORIENTED_EDGE('',*,*,#16353,.T.);
#16648=ORIENTED_EDGE('',*,*,#9590,.F.);
#16649=ORIENTED_EDGE('',*,*,#16206,.F.);
#16650=EDGE_LOOP('',(#16646,#16647,#16648,#16649));
#16651=FACE_OUTER_BOUND('',#16650,.F.);
#16652=ADVANCED_FACE('',(#16651),#16645,.T.);
#16653=CARTESIAN_POINT('',(3.580262794416E0,-7.585E0,-1.27E0));
#16654=DIRECTION('',(-8.660254037844E-1,-5.E-1,0.E0));
#16655=DIRECTION('',(5.E-1,-8.660254037844E-1,0.E0));
#16656=AXIS2_PLACEMENT_3D('',#16653,#16654,#16655);
#16657=PLANE('',#16656);
#16658=ORIENTED_EDGE('',*,*,#16620,.F.);
#16659=ORIENTED_EDGE('',*,*,#16634,.T.);
#16660=ORIENTED_EDGE('',*,*,#16204,.T.);
#16662=ORIENTED_EDGE('',*,*,#16661,.T.);
#16663=EDGE_LOOP('',(#16658,#16659,#16660,#16662));
#16664=FACE_OUTER_BOUND('',#16663,.F.);
#16665=ADVANCED_FACE('',(#16664),#16657,.T.);
#16666=CARTESIAN_POINT('',(3.81E0,-7.585E0,-1.040262794416E0));
#16667=DIRECTION('',(0.E0,-5.E-1,8.660254037844E-1));
#16668=DIRECTION('',(0.E0,8.660254037844E-1,5.E-1));
#16669=AXIS2_PLACEMENT_3D('',#16666,#16667,#16668);
#16670=PLANE('',#16669);
#16671=ORIENTED_EDGE('',*,*,#16622,.T.);
#16672=ORIENTED_EDGE('',*,*,#16661,.F.);
#16674=ORIENTED_EDGE('',*,*,#16673,.F.);
#16675=ORIENTED_EDGE('',*,*,#16604,.F.);
#16676=EDGE_LOOP('',(#16671,#16672,#16674,#16675));
#16677=FACE_OUTER_BOUND('',#16676,.F.);
#16678=ADVANCED_FACE('',(#16677),#16670,.T.);
#16679=CARTESIAN_POINT('',(3.485E0,-1.E0,-9.45E-1));
#16680=DIRECTION('',(0.E0,0.E0,1.E0));
#16681=DIRECTION('',(0.E0,-1.E0,0.E0));
#16682=AXIS2_PLACEMENT_3D('',#16679,#16680,#16681);
#16683=PLANE('',#16682);
#16684=ORIENTED_EDGE('',*,*,#16673,.T.);
#16685=ORIENTED_EDGE('',*,*,#16209,.F.);
#16686=ORIENTED_EDGE('',*,*,#9594,.T.);
#16687=ORIENTED_EDGE('',*,*,#16350,.T.);
#16688=EDGE_LOOP('',(#16684,#16685,#16686,#16687));
#16689=FACE_OUTER_BOUND('',#16688,.F.);
#16690=ADVANCED_FACE('',(#16689),#16683,.T.);
#16691=CARTESIAN_POINT('',(4.039737205584E0,-7.585E0,1.27E0));
#16692=DIRECTION('',(8.660254037844E-1,-5.E-1,0.E0));
#16693=DIRECTION('',(-5.E-1,-8.660254037844E-1,0.E0));
#16694=AXIS2_PLACEMENT_3D('',#16691,#16692,#16693);
#16695=PLANE('',#16694);
#16697=ORIENTED_EDGE('',*,*,#16696,.F.);
#16699=ORIENTED_EDGE('',*,*,#16698,.T.);
#16700=ORIENTED_EDGE('',*,*,#16363,.T.);
#16702=ORIENTED_EDGE('',*,*,#16701,.F.);
#16703=EDGE_LOOP('',(#16697,#16699,#16700,#16702));
#16704=FACE_OUTER_BOUND('',#16703,.F.);
#16705=ADVANCED_FACE('',(#16704),#16695,.T.);
#16706=CARTESIAN_POINT('',(3.485E0,-7.75E0,1.595E0));
#16707=DIRECTION('',(0.E0,-1.E0,0.E0));
#16708=DIRECTION('',(0.E0,0.E0,-1.E0));
#16709=AXIS2_PLACEMENT_3D('',#16706,#16707,#16708);
#16710=PLANE('',#16709);
#16712=ORIENTED_EDGE('',*,*,#16711,.T.);
#16714=ORIENTED_EDGE('',*,*,#16713,.T.);
#16716=ORIENTED_EDGE('',*,*,#16715,.F.);
#16717=ORIENTED_EDGE('',*,*,#16696,.T.);
#16718=EDGE_LOOP('',(#16712,#16714,#16716,#16717));
#16719=FACE_OUTER_BOUND('',#16718,.F.);
#16720=ADVANCED_FACE('',(#16719),#16710,.T.);
#16721=CARTESIAN_POINT('',(3.81E0,-7.585E0,1.040262794416E0));
#16722=DIRECTION('',(0.E0,-5.E-1,-8.660254037844E-1));
#16723=DIRECTION('',(0.E0,-8.660254037844E-1,5.E-1));
#16724=AXIS2_PLACEMENT_3D('',#16721,#16722,#16723);
#16725=PLANE('',#16724);
#16727=ORIENTED_EDGE('',*,*,#16726,.T.);
#16729=ORIENTED_EDGE('',*,*,#16728,.F.);
#16730=ORIENTED_EDGE('',*,*,#16711,.F.);
#16731=ORIENTED_EDGE('',*,*,#16701,.T.);
#16732=EDGE_LOOP('',(#16727,#16729,#16730,#16731));
#16733=FACE_OUTER_BOUND('',#16732,.F.);
#16734=ADVANCED_FACE('',(#16733),#16725,.T.);
#16735=CARTESIAN_POINT('',(3.485E0,-7.75E0,9.45E-1));
#16736=DIRECTION('',(0.E0,0.E0,-1.E0));
#16737=DIRECTION('',(0.E0,1.E0,0.E0));
#16738=AXIS2_PLACEMENT_3D('',#16735,#16736,#16737);
#16739=PLANE('',#16738);
#16740=ORIENTED_EDGE('',*,*,#16726,.F.);
#16741=ORIENTED_EDGE('',*,*,#16368,.T.);
#16742=ORIENTED_EDGE('',*,*,#9600,.F.);
#16743=ORIENTED_EDGE('',*,*,#16221,.F.);
#16744=EDGE_LOOP('',(#16740,#16741,#16742,#16743));
#16745=FACE_OUTER_BOUND('',#16744,.F.);
#16746=ADVANCED_FACE('',(#16745),#16739,.T.);
#16747=CARTESIAN_POINT('',(3.580262794416E0,-7.585E0,1.27E0));
#16748=DIRECTION('',(-8.660254037844E-1,-5.E-1,0.E0));
#16749=DIRECTION('',(5.E-1,-8.660254037844E-1,0.E0));
#16750=AXIS2_PLACEMENT_3D('',#16747,#16748,#16749);
#16751=PLANE('',#16750);
#16752=ORIENTED_EDGE('',*,*,#16219,.T.);
#16754=ORIENTED_EDGE('',*,*,#16753,.F.);
#16755=ORIENTED_EDGE('',*,*,#16713,.F.);
#16756=ORIENTED_EDGE('',*,*,#16728,.T.);
#16757=EDGE_LOOP('',(#16752,#16754,#16755,#16756));
#16758=FACE_OUTER_BOUND('',#16757,.F.);
#16759=ADVANCED_FACE('',(#16758),#16751,.T.);
#16760=CARTESIAN_POINT('',(3.81E0,-7.585E0,1.499737205584E0));
#16761=DIRECTION('',(0.E0,-5.E-1,8.660254037844E-1));
#16762=DIRECTION('',(0.E0,8.660254037844E-1,5.E-1));
#16763=AXIS2_PLACEMENT_3D('',#16760,#16761,#16762);
#16764=PLANE('',#16763);
#16766=ORIENTED_EDGE('',*,*,#16765,.F.);
#16767=ORIENTED_EDGE('',*,*,#16698,.F.);
#16768=ORIENTED_EDGE('',*,*,#16715,.T.);
#16769=ORIENTED_EDGE('',*,*,#16753,.T.);
#16770=EDGE_LOOP('',(#16766,#16767,#16768,#16769));
#16771=FACE_OUTER_BOUND('',#16770,.F.);
#16772=ADVANCED_FACE('',(#16771),#16764,.T.);
#16773=CARTESIAN_POINT('',(3.485E0,-1.E0,1.595E0));
#16774=DIRECTION('',(0.E0,0.E0,1.E0));
#16775=DIRECTION('',(0.E0,-1.E0,0.E0));
#16776=AXIS2_PLACEMENT_3D('',#16773,#16774,#16775);
#16777=PLANE('',#16776);
#16778=ORIENTED_EDGE('',*,*,#16765,.T.);
#16779=ORIENTED_EDGE('',*,*,#16224,.F.);
#16780=ORIENTED_EDGE('',*,*,#9604,.T.);
#16781=ORIENTED_EDGE('',*,*,#16365,.T.);
#16782=EDGE_LOOP('',(#16778,#16779,#16780,#16781));
#16783=FACE_OUTER_BOUND('',#16782,.F.);
#16784=ADVANCED_FACE('',(#16783),#16777,.T.);
#16785=CARTESIAN_POINT('',(9.45E-1,0.E0,0.E0));
#16786=DIRECTION('',(1.E0,0.E0,0.E0));
#16787=DIRECTION('',(0.E0,0.E0,-1.E0));
#16788=AXIS2_PLACEMENT_3D('',#16785,#16786,#16787);
#16789=PLANE('',#16788);
#16791=ORIENTED_EDGE('',*,*,#16790,.F.);
#16793=ORIENTED_EDGE('',*,*,#16792,.T.);
#16795=ORIENTED_EDGE('',*,*,#16794,.T.);
#16797=ORIENTED_EDGE('',*,*,#16796,.T.);
#16798=ORIENTED_EDGE('',*,*,#10780,.F.);
#16800=ORIENTED_EDGE('',*,*,#16799,.T.);
#16802=ORIENTED_EDGE('',*,*,#16801,.T.);
#16804=ORIENTED_EDGE('',*,*,#16803,.T.);
#16805=EDGE_LOOP('',(#16791,#16793,#16795,#16797,#16798,#16800,#16802,#16804));
#16806=FACE_OUTER_BOUND('',#16805,.F.);
#16807=ADVANCED_FACE('',(#16806),#16789,.F.);
#16808=CARTESIAN_POINT('',(9.45E-1,0.E0,0.E0));
#16809=DIRECTION('',(1.E0,0.E0,0.E0));
#16810=DIRECTION('',(0.E0,0.E0,-1.E0));
#16811=AXIS2_PLACEMENT_3D('',#16808,#16809,#16810);
#16812=PLANE('',#16811);
#16814=ORIENTED_EDGE('',*,*,#16813,.F.);
#16816=ORIENTED_EDGE('',*,*,#16815,.T.);
#16818=ORIENTED_EDGE('',*,*,#16817,.T.);
#16820=ORIENTED_EDGE('',*,*,#16819,.T.);
#16821=ORIENTED_EDGE('',*,*,#10770,.F.);
#16823=ORIENTED_EDGE('',*,*,#16822,.T.);
#16825=ORIENTED_EDGE('',*,*,#16824,.T.);
#16827=ORIENTED_EDGE('',*,*,#16826,.T.);
#16828=EDGE_LOOP('',(#16814,#16816,#16818,#16820,#16821,#16823,#16825,#16827));
#16829=FACE_OUTER_BOUND('',#16828,.F.);
#16830=ADVANCED_FACE('',(#16829),#16812,.F.);
#16831=CARTESIAN_POINT('',(9.45E-1,0.E0,0.E0));
#16832=DIRECTION('',(1.E0,0.E0,0.E0));
#16833=DIRECTION('',(0.E0,0.E0,-1.E0));
#16834=AXIS2_PLACEMENT_3D('',#16831,#16832,#16833);
#16835=PLANE('',#16834);
#16837=ORIENTED_EDGE('',*,*,#16836,.F.);
#16839=ORIENTED_EDGE('',*,*,#16838,.T.);
#16840=ORIENTED_EDGE('',*,*,#9608,.T.);
#16842=ORIENTED_EDGE('',*,*,#16841,.T.);
#16843=EDGE_LOOP('',(#16837,#16839,#16840,#16842));
#16844=FACE_OUTER_BOUND('',#16843,.F.);
#16845=ADVANCED_FACE('',(#16844),#16835,.F.);
#16846=CARTESIAN_POINT('',(9.45E-1,0.E0,0.E0));
#16847=DIRECTION('',(1.E0,0.E0,0.E0));
#16848=DIRECTION('',(0.E0,0.E0,-1.E0));
#16849=AXIS2_PLACEMENT_3D('',#16846,#16847,#16848);
#16850=PLANE('',#16849);
#16852=ORIENTED_EDGE('',*,*,#16851,.F.);
#16854=ORIENTED_EDGE('',*,*,#16853,.T.);
#16855=ORIENTED_EDGE('',*,*,#9618,.T.);
#16857=ORIENTED_EDGE('',*,*,#16856,.T.);
#16858=EDGE_LOOP('',(#16852,#16854,#16855,#16857));
#16859=FACE_OUTER_BOUND('',#16858,.F.);
#16860=ADVANCED_FACE('',(#16859),#16850,.F.);
#16861=CARTESIAN_POINT('',(1.040262794416E0,5.79E0,-5.81E0));
#16862=DIRECTION('',(-8.660254037844E-1,0.E0,-5.E-1));
#16863=DIRECTION('',(5.E-1,0.E0,-8.660254037844E-1));
#16864=AXIS2_PLACEMENT_3D('',#16861,#16862,#16863);
#16865=PLANE('',#16864);
#16866=ORIENTED_EDGE('',*,*,#16790,.T.);
#16868=ORIENTED_EDGE('',*,*,#16867,.F.);
#16870=ORIENTED_EDGE('',*,*,#16869,.F.);
#16872=ORIENTED_EDGE('',*,*,#16871,.T.);
#16873=EDGE_LOOP('',(#16866,#16868,#16870,#16872));
#16874=FACE_OUTER_BOUND('',#16873,.F.);
#16875=ADVANCED_FACE('',(#16874),#16865,.T.);
#16876=CARTESIAN_POINT('',(1.27E0,5.560262794416E0,-5.81E0));
#16877=DIRECTION('',(0.E0,-8.660254037844E-1,-5.E-1));
#16878=DIRECTION('',(0.E0,-5.E-1,8.660254037844E-1));
#16879=AXIS2_PLACEMENT_3D('',#16876,#16877,#16878);
#16880=PLANE('',#16879);
#16882=ORIENTED_EDGE('',*,*,#16881,.F.);
#16884=ORIENTED_EDGE('',*,*,#16883,.F.);
#16886=ORIENTED_EDGE('',*,*,#16885,.T.);
#16887=ORIENTED_EDGE('',*,*,#16867,.T.);
#16888=EDGE_LOOP('',(#16882,#16884,#16886,#16887));
#16889=FACE_OUTER_BOUND('',#16888,.F.);
#16890=ADVANCED_FACE('',(#16889),#16880,.T.);
#16891=CARTESIAN_POINT('',(9.45E-1,5.465E0,2.95E-1));
#16892=DIRECTION('',(0.E0,-1.E0,0.E0));
#16893=DIRECTION('',(0.E0,0.E0,-1.E0));
#16894=AXIS2_PLACEMENT_3D('',#16891,#16892,#16893);
#16895=PLANE('',#16894);
#16896=ORIENTED_EDGE('',*,*,#16881,.T.);
#16897=ORIENTED_EDGE('',*,*,#16803,.F.);
#16899=ORIENTED_EDGE('',*,*,#16898,.T.);
#16901=ORIENTED_EDGE('',*,*,#16900,.T.);
#16902=EDGE_LOOP('',(#16896,#16897,#16899,#16901));
#16903=FACE_OUTER_BOUND('',#16902,.F.);
#16904=ADVANCED_FACE('',(#16903),#16895,.T.);
#16905=CARTESIAN_POINT('',(9.45E-1,4.815E0,2.95E-1));
#16906=DIRECTION('',(1.E0,0.E0,0.E0));
#16907=DIRECTION('',(0.E0,0.E0,-1.E0));
#16908=AXIS2_PLACEMENT_3D('',#16905,#16906,#16907);
#16909=CYLINDRICAL_SURFACE('',#16908,6.5E-1);
#16910=ORIENTED_EDGE('',*,*,#16801,.F.);
#16912=ORIENTED_EDGE('',*,*,#16911,.T.);
#16914=ORIENTED_EDGE('',*,*,#16913,.T.);
#16915=ORIENTED_EDGE('',*,*,#16898,.F.);
#16916=EDGE_LOOP('',(#16910,#16912,#16914,#16915));
#16917=FACE_OUTER_BOUND('',#16916,.F.);
#16918=ADVANCED_FACE('',(#16917),#16909,.F.);
#16919=CARTESIAN_POINT('',(9.45E-1,1.E0,9.45E-1));
#16920=DIRECTION('',(0.E0,0.E0,-1.E0));
#16921=DIRECTION('',(0.E0,1.E0,0.E0));
#16922=AXIS2_PLACEMENT_3D('',#16919,#16920,#16921);
#16923=PLANE('',#16922);
#16924=ORIENTED_EDGE('',*,*,#10786,.T.);
#16926=ORIENTED_EDGE('',*,*,#16925,.T.);
#16927=ORIENTED_EDGE('',*,*,#16911,.F.);
#16928=ORIENTED_EDGE('',*,*,#16799,.F.);
#16929=EDGE_LOOP('',(#16924,#16926,#16927,#16928));
#16930=FACE_OUTER_BOUND('',#16929,.F.);
#16931=ADVANCED_FACE('',(#16930),#16923,.T.);
#16932=CARTESIAN_POINT('',(1.595E0,0.E0,0.E0));
#16933=DIRECTION('',(1.E0,0.E0,0.E0));
#16934=DIRECTION('',(0.E0,0.E0,-1.E0));
#16935=AXIS2_PLACEMENT_3D('',#16932,#16933,#16934);
#16936=PLANE('',#16935);
#16938=ORIENTED_EDGE('',*,*,#16937,.F.);
#16939=ORIENTED_EDGE('',*,*,#16900,.F.);
#16940=ORIENTED_EDGE('',*,*,#16913,.F.);
#16941=ORIENTED_EDGE('',*,*,#16925,.F.);
#16942=ORIENTED_EDGE('',*,*,#10784,.T.);
#16944=ORIENTED_EDGE('',*,*,#16943,.F.);
#16946=ORIENTED_EDGE('',*,*,#16945,.F.);
#16948=ORIENTED_EDGE('',*,*,#16947,.F.);
#16949=EDGE_LOOP('',(#16938,#16939,#16940,#16941,#16942,#16944,#16946,#16948));
#16950=FACE_OUTER_BOUND('',#16949,.F.);
#16951=ADVANCED_FACE('',(#16950),#16936,.T.);
#16952=CARTESIAN_POINT('',(1.595E0,0.E0,0.E0));
#16953=DIRECTION('',(1.E0,0.E0,0.E0));
#16954=DIRECTION('',(0.E0,0.E0,-1.E0));
#16955=AXIS2_PLACEMENT_3D('',#16952,#16953,#16954);
#16956=PLANE('',#16955);
#16958=ORIENTED_EDGE('',*,*,#16957,.F.);
#16960=ORIENTED_EDGE('',*,*,#16959,.F.);
#16962=ORIENTED_EDGE('',*,*,#16961,.F.);
#16964=ORIENTED_EDGE('',*,*,#16963,.F.);
#16965=ORIENTED_EDGE('',*,*,#10774,.T.);
#16967=ORIENTED_EDGE('',*,*,#16966,.F.);
#16969=ORIENTED_EDGE('',*,*,#16968,.F.);
#16971=ORIENTED_EDGE('',*,*,#16970,.F.);
#16972=EDGE_LOOP('',(#16958,#16960,#16962,#16964,#16965,#16967,#16969,#16971));
#16973=FACE_OUTER_BOUND('',#16972,.F.);
#16974=ADVANCED_FACE('',(#16973),#16956,.T.);
#16975=CARTESIAN_POINT('',(1.595E0,0.E0,0.E0));
#16976=DIRECTION('',(1.E0,0.E0,0.E0));
#16977=DIRECTION('',(0.E0,0.E0,-1.E0));
#16978=AXIS2_PLACEMENT_3D('',#16975,#16976,#16977);
#16979=PLANE('',#16978);
#16981=ORIENTED_EDGE('',*,*,#16980,.F.);
#16983=ORIENTED_EDGE('',*,*,#16982,.F.);
#16984=ORIENTED_EDGE('',*,*,#9612,.F.);
#16986=ORIENTED_EDGE('',*,*,#16985,.F.);
#16987=EDGE_LOOP('',(#16981,#16983,#16984,#16986));
#16988=FACE_OUTER_BOUND('',#16987,.F.);
#16989=ADVANCED_FACE('',(#16988),#16979,.T.);
#16990=CARTESIAN_POINT('',(1.595E0,0.E0,0.E0));
#16991=DIRECTION('',(1.E0,0.E0,0.E0));
#16992=DIRECTION('',(0.E0,0.E0,-1.E0));
#16993=AXIS2_PLACEMENT_3D('',#16990,#16991,#16992);
#16994=PLANE('',#16993);
#16996=ORIENTED_EDGE('',*,*,#16995,.F.);
#16998=ORIENTED_EDGE('',*,*,#16997,.F.);
#16999=ORIENTED_EDGE('',*,*,#9622,.F.);
#17001=ORIENTED_EDGE('',*,*,#17000,.F.);
#17002=EDGE_LOOP('',(#16996,#16998,#16999,#17001));
#17003=FACE_OUTER_BOUND('',#17002,.F.);
#17004=ADVANCED_FACE('',(#17003),#16994,.T.);
#17005=CARTESIAN_POINT('',(1.499737205584E0,5.79E0,-5.81E0));
#17006=DIRECTION('',(8.660254037844E-1,0.E0,-5.E-1));
#17007=DIRECTION('',(-5.E-1,0.E0,-8.660254037844E-1));
#17008=AXIS2_PLACEMENT_3D('',#17005,#17006,#17007);
#17009=PLANE('',#17008);
#17011=ORIENTED_EDGE('',*,*,#17010,.F.);
#17012=ORIENTED_EDGE('',*,*,#16883,.T.);
#17013=ORIENTED_EDGE('',*,*,#16937,.T.);
#17015=ORIENTED_EDGE('',*,*,#17014,.T.);
#17016=EDGE_LOOP('',(#17011,#17012,#17013,#17015));
#17017=FACE_OUTER_BOUND('',#17016,.F.);
#17018=ADVANCED_FACE('',(#17017),#17009,.T.);
#17019=CARTESIAN_POINT('',(9.45E-1,5.465E0,-5.975E0));
#17020=DIRECTION('',(0.E0,0.E0,-1.E0));
#17021=DIRECTION('',(0.E0,1.E0,0.E0));
#17022=AXIS2_PLACEMENT_3D('',#17019,#17020,#17021);
#17023=PLANE('',#17022);
#17024=ORIENTED_EDGE('',*,*,#17010,.T.);
#17026=ORIENTED_EDGE('',*,*,#17025,.T.);
#17027=ORIENTED_EDGE('',*,*,#16869,.T.);
#17028=ORIENTED_EDGE('',*,*,#16885,.F.);
#17029=EDGE_LOOP('',(#17024,#17026,#17027,#17028));
#17030=FACE_OUTER_BOUND('',#17029,.F.);
#17031=ADVANCED_FACE('',(#17030),#17023,.T.);
#17032=CARTESIAN_POINT('',(1.27E0,6.019737205584E0,-5.81E0));
#17033=DIRECTION('',(0.E0,8.660254037844E-1,-5.E-1));
#17034=DIRECTION('',(0.E0,-5.E-1,-8.660254037844E-1));
#17035=AXIS2_PLACEMENT_3D('',#17032,#17033,#17034);
#17036=PLANE('',#17035);
#17038=ORIENTED_EDGE('',*,*,#17037,.T.);
#17039=ORIENTED_EDGE('',*,*,#16871,.F.);
#17040=ORIENTED_EDGE('',*,*,#17025,.F.);
#17041=ORIENTED_EDGE('',*,*,#17014,.F.);
#17042=EDGE_LOOP('',(#17038,#17039,#17040,#17041));
#17043=FACE_OUTER_BOUND('',#17042,.F.);
#17044=ADVANCED_FACE('',(#17043),#17036,.T.);
#17045=CARTESIAN_POINT('',(9.45E-1,6.115E0,-5.975E0));
#17046=DIRECTION('',(0.E0,1.E0,0.E0));
#17047=DIRECTION('',(0.E0,0.E0,1.E0));
#17048=AXIS2_PLACEMENT_3D('',#17045,#17046,#17047);
#17049=PLANE('',#17048);
#17050=ORIENTED_EDGE('',*,*,#17037,.F.);
#17051=ORIENTED_EDGE('',*,*,#16947,.T.);
#17053=ORIENTED_EDGE('',*,*,#17052,.F.);
#17054=ORIENTED_EDGE('',*,*,#16792,.F.);
#17055=EDGE_LOOP('',(#17050,#17051,#17053,#17054));
#17056=FACE_OUTER_BOUND('',#17055,.F.);
#17057=ADVANCED_FACE('',(#17056),#17049,.T.);
#17058=CARTESIAN_POINT('',(9.45E-1,4.815E0,2.95E-1));
#17059=DIRECTION('',(1.E0,0.E0,0.E0));
#17060=DIRECTION('',(0.E0,0.E0,-1.E0));
#17061=AXIS2_PLACEMENT_3D('',#17058,#17059,#17060);
#17062=CYLINDRICAL_SURFACE('',#17061,1.3E0);
#17063=ORIENTED_EDGE('',*,*,#16794,.F.);
#17064=ORIENTED_EDGE('',*,*,#17052,.T.);
#17065=ORIENTED_EDGE('',*,*,#16945,.T.);
#17067=ORIENTED_EDGE('',*,*,#17066,.F.);
#17068=EDGE_LOOP('',(#17063,#17064,#17065,#17067));
#17069=FACE_OUTER_BOUND('',#17068,.F.);
#17070=ADVANCED_FACE('',(#17069),#17062,.T.);
#17071=CARTESIAN_POINT('',(9.45E-1,4.815E0,1.595E0));
#17072=DIRECTION('',(0.E0,0.E0,1.E0));
#17073=DIRECTION('',(0.E0,-1.E0,0.E0));
#17074=AXIS2_PLACEMENT_3D('',#17071,#17072,#17073);
#17075=PLANE('',#17074);
#17076=ORIENTED_EDGE('',*,*,#10782,.F.);
#17077=ORIENTED_EDGE('',*,*,#16796,.F.);
#17078=ORIENTED_EDGE('',*,*,#17066,.T.);
#17079=ORIENTED_EDGE('',*,*,#16943,.T.);
#17080=EDGE_LOOP('',(#17076,#17077,#17078,#17079));
#17081=FACE_OUTER_BOUND('',#17080,.F.);
#17082=ADVANCED_FACE('',(#17081),#17075,.T.);
#17083=CARTESIAN_POINT('',(1.499737205584E0,3.25E0,-5.81E0));
#17084=DIRECTION('',(8.660254037844E-1,0.E0,-5.E-1));
#17085=DIRECTION('',(-5.E-1,0.E0,-8.660254037844E-1));
#17086=AXIS2_PLACEMENT_3D('',#17083,#17084,#17085);
#17087=PLANE('',#17086);
#17089=ORIENTED_EDGE('',*,*,#17088,.F.);
#17091=ORIENTED_EDGE('',*,*,#17090,.T.);
#17092=ORIENTED_EDGE('',*,*,#16957,.T.);
#17094=ORIENTED_EDGE('',*,*,#17093,.T.);
#17095=EDGE_LOOP('',(#17089,#17091,#17092,#17094));
#17096=FACE_OUTER_BOUND('',#17095,.F.);
#17097=ADVANCED_FACE('',(#17096),#17087,.T.);
#17098=CARTESIAN_POINT('',(9.45E-1,2.925E0,-5.975E0));
#17099=DIRECTION('',(0.E0,0.E0,-1.E0));
#17100=DIRECTION('',(0.E0,1.E0,0.E0));
#17101=AXIS2_PLACEMENT_3D('',#17098,#17099,#17100);
#17102=PLANE('',#17101);
#17103=ORIENTED_EDGE('',*,*,#17088,.T.);
#17105=ORIENTED_EDGE('',*,*,#17104,.T.);
#17107=ORIENTED_EDGE('',*,*,#17106,.T.);
#17109=ORIENTED_EDGE('',*,*,#17108,.F.);
#17110=EDGE_LOOP('',(#17103,#17105,#17107,#17109));
#17111=FACE_OUTER_BOUND('',#17110,.F.);
#17112=ADVANCED_FACE('',(#17111),#17102,.T.);
#17113=CARTESIAN_POINT('',(1.27E0,3.479737205584E0,-5.81E0));
#17114=DIRECTION('',(0.E0,8.660254037844E-1,-5.E-1));
#17115=DIRECTION('',(0.E0,-5.E-1,-8.660254037844E-1));
#17116=AXIS2_PLACEMENT_3D('',#17113,#17114,#17115);
#17117=PLANE('',#17116);
#17119=ORIENTED_EDGE('',*,*,#17118,.T.);
#17121=ORIENTED_EDGE('',*,*,#17120,.F.);
#17122=ORIENTED_EDGE('',*,*,#17104,.F.);
#17123=ORIENTED_EDGE('',*,*,#17093,.F.);
#17124=EDGE_LOOP('',(#17119,#17121,#17122,#17123));
#17125=FACE_OUTER_BOUND('',#17124,.F.);
#17126=ADVANCED_FACE('',(#17125),#17117,.T.);
#17127=CARTESIAN_POINT('',(9.45E-1,3.575E0,-5.975E0));
#17128=DIRECTION('',(0.E0,1.E0,0.E0));
#17129=DIRECTION('',(0.E0,0.E0,1.E0));
#17130=AXIS2_PLACEMENT_3D('',#17127,#17128,#17129);
#17131=PLANE('',#17130);
#17132=ORIENTED_EDGE('',*,*,#17118,.F.);
#17133=ORIENTED_EDGE('',*,*,#16970,.T.);
#17135=ORIENTED_EDGE('',*,*,#17134,.F.);
#17136=ORIENTED_EDGE('',*,*,#16815,.F.);
#17137=EDGE_LOOP('',(#17132,#17133,#17135,#17136));
#17138=FACE_OUTER_BOUND('',#17137,.F.);
#17139=ADVANCED_FACE('',(#17138),#17131,.T.);
#17140=CARTESIAN_POINT('',(9.45E-1,2.275E0,-2.245E0));
#17141=DIRECTION('',(1.E0,0.E0,0.E0));
#17142=DIRECTION('',(0.E0,0.E0,-1.E0));
#17143=AXIS2_PLACEMENT_3D('',#17140,#17141,#17142);
#17144=CYLINDRICAL_SURFACE('',#17143,1.3E0);
#17145=ORIENTED_EDGE('',*,*,#16817,.F.);
#17146=ORIENTED_EDGE('',*,*,#17134,.T.);
#17147=ORIENTED_EDGE('',*,*,#16968,.T.);
#17149=ORIENTED_EDGE('',*,*,#17148,.F.);
#17150=EDGE_LOOP('',(#17145,#17146,#17147,#17149));
#17151=FACE_OUTER_BOUND('',#17150,.F.);
#17152=ADVANCED_FACE('',(#17151),#17144,.T.);
#17153=CARTESIAN_POINT('',(9.45E-1,2.275E0,-9.45E-1));
#17154=DIRECTION('',(0.E0,0.E0,1.E0));
#17155=DIRECTION('',(0.E0,-1.E0,0.E0));
#17156=AXIS2_PLACEMENT_3D('',#17153,#17154,#17155);
#17157=PLANE('',#17156);
#17158=ORIENTED_EDGE('',*,*,#10772,.F.);
#17159=ORIENTED_EDGE('',*,*,#16819,.F.);
#17160=ORIENTED_EDGE('',*,*,#17148,.T.);
#17161=ORIENTED_EDGE('',*,*,#16966,.T.);
#17162=EDGE_LOOP('',(#17158,#17159,#17160,#17161));
#17163=FACE_OUTER_BOUND('',#17162,.F.);
#17164=ADVANCED_FACE('',(#17163),#17157,.T.);
#17165=CARTESIAN_POINT('',(1.040262794416E0,3.25E0,-5.81E0));
#17166=DIRECTION('',(-8.660254037844E-1,0.E0,-5.E-1));
#17167=DIRECTION('',(5.E-1,0.E0,-8.660254037844E-1));
#17168=AXIS2_PLACEMENT_3D('',#17165,#17166,#17167);
#17169=PLANE('',#17168);
#17170=ORIENTED_EDGE('',*,*,#16813,.T.);
#17172=ORIENTED_EDGE('',*,*,#17171,.F.);
#17173=ORIENTED_EDGE('',*,*,#17106,.F.);
#17174=ORIENTED_EDGE('',*,*,#17120,.T.);
#17175=EDGE_LOOP('',(#17170,#17172,#17173,#17174));
#17176=FACE_OUTER_BOUND('',#17175,.F.);
#17177=ADVANCED_FACE('',(#17176),#17169,.T.);
#17178=CARTESIAN_POINT('',(1.27E0,3.020262794416E0,-5.81E0));
#17179=DIRECTION('',(0.E0,-8.660254037844E-1,-5.E-1));
#17180=DIRECTION('',(0.E0,-5.E-1,8.660254037844E-1));
#17181=AXIS2_PLACEMENT_3D('',#17178,#17179,#17180);
#17182=PLANE('',#17181);
#17184=ORIENTED_EDGE('',*,*,#17183,.F.);
#17185=ORIENTED_EDGE('',*,*,#17090,.F.);
#17186=ORIENTED_EDGE('',*,*,#17108,.T.);
#17187=ORIENTED_EDGE('',*,*,#17171,.T.);
#17188=EDGE_LOOP('',(#17184,#17185,#17186,#17187));
#17189=FACE_OUTER_BOUND('',#17188,.F.);
#17190=ADVANCED_FACE('',(#17189),#17182,.T.);
#17191=CARTESIAN_POINT('',(9.45E-1,2.925E0,-2.245E0));
#17192=DIRECTION('',(0.E0,-1.E0,0.E0));
#17193=DIRECTION('',(0.E0,0.E0,-1.E0));
#17194=AXIS2_PLACEMENT_3D('',#17191,#17192,#17193);
#17195=PLANE('',#17194);
#17196=ORIENTED_EDGE('',*,*,#17183,.T.);
#17197=ORIENTED_EDGE('',*,*,#16826,.F.);
#17199=ORIENTED_EDGE('',*,*,#17198,.T.);
#17200=ORIENTED_EDGE('',*,*,#16959,.T.);
#17201=EDGE_LOOP('',(#17196,#17197,#17199,#17200));
#17202=FACE_OUTER_BOUND('',#17201,.F.);
#17203=ADVANCED_FACE('',(#17202),#17195,.T.);
#17204=CARTESIAN_POINT('',(9.45E-1,2.275E0,-2.245E0));
#17205=DIRECTION('',(1.E0,0.E0,0.E0));
#17206=DIRECTION('',(0.E0,0.E0,-1.E0));
#17207=AXIS2_PLACEMENT_3D('',#17204,#17205,#17206);
#17208=CYLINDRICAL_SURFACE('',#17207,6.5E-1);
#17209=ORIENTED_EDGE('',*,*,#16824,.F.);
#17211=ORIENTED_EDGE('',*,*,#17210,.T.);
#17212=ORIENTED_EDGE('',*,*,#16961,.T.);
#17213=ORIENTED_EDGE('',*,*,#17198,.F.);
#17214=EDGE_LOOP('',(#17209,#17211,#17212,#17213));
#17215=FACE_OUTER_BOUND('',#17214,.F.);
#17216=ADVANCED_FACE('',(#17215),#17208,.F.);
#17217=CARTESIAN_POINT('',(9.45E-1,1.E0,-1.595E0));
#17218=DIRECTION('',(0.E0,0.E0,-1.E0));
#17219=DIRECTION('',(0.E0,1.E0,0.E0));
#17220=AXIS2_PLACEMENT_3D('',#17217,#17218,#17219);
#17221=PLANE('',#17220);
#17222=ORIENTED_EDGE('',*,*,#10776,.T.);
#17223=ORIENTED_EDGE('',*,*,#16963,.T.);
#17224=ORIENTED_EDGE('',*,*,#17210,.F.);
#17225=ORIENTED_EDGE('',*,*,#16822,.F.);
#17226=EDGE_LOOP('',(#17222,#17223,#17224,#17225));
#17227=FACE_OUTER_BOUND('',#17226,.F.);
#17228=ADVANCED_FACE('',(#17227),#17221,.T.);
#17229=CARTESIAN_POINT('',(1.499737205584E0,-7.585E0,-1.27E0));
#17230=DIRECTION('',(8.660254037844E-1,-5.E-1,0.E0));
#17231=DIRECTION('',(-5.E-1,-8.660254037844E-1,0.E0));
#17232=AXIS2_PLACEMENT_3D('',#17229,#17230,#17231);
#17233=PLANE('',#17232);
#17235=ORIENTED_EDGE('',*,*,#17234,.F.);
#17237=ORIENTED_EDGE('',*,*,#17236,.T.);
#17238=ORIENTED_EDGE('',*,*,#16980,.T.);
#17240=ORIENTED_EDGE('',*,*,#17239,.T.);
#17241=EDGE_LOOP('',(#17235,#17237,#17238,#17240));
#17242=FACE_OUTER_BOUND('',#17241,.F.);
#17243=ADVANCED_FACE('',(#17242),#17233,.T.);
#17244=CARTESIAN_POINT('',(9.45E-1,-7.75E0,-9.45E-1));
#17245=DIRECTION('',(0.E0,-1.E0,0.E0));
#17246=DIRECTION('',(0.E0,0.E0,-1.E0));
#17247=AXIS2_PLACEMENT_3D('',#17244,#17245,#17246);
#17248=PLANE('',#17247);
#17249=ORIENTED_EDGE('',*,*,#17234,.T.);
#17251=ORIENTED_EDGE('',*,*,#17250,.T.);
#17253=ORIENTED_EDGE('',*,*,#17252,.T.);
#17255=ORIENTED_EDGE('',*,*,#17254,.F.);
#17256=EDGE_LOOP('',(#17249,#17251,#17253,#17255));
#17257=FACE_OUTER_BOUND('',#17256,.F.);
#17258=ADVANCED_FACE('',(#17257),#17248,.T.);
#17259=CARTESIAN_POINT('',(1.27E0,-7.585E0,-1.499737205584E0));
#17260=DIRECTION('',(0.E0,-5.E-1,-8.660254037844E-1));
#17261=DIRECTION('',(0.E0,-8.660254037844E-1,5.E-1));
#17262=AXIS2_PLACEMENT_3D('',#17259,#17260,#17261);
#17263=PLANE('',#17262);
#17265=ORIENTED_EDGE('',*,*,#17264,.T.);
#17267=ORIENTED_EDGE('',*,*,#17266,.F.);
#17268=ORIENTED_EDGE('',*,*,#17250,.F.);
#17269=ORIENTED_EDGE('',*,*,#17239,.F.);
#17270=EDGE_LOOP('',(#17265,#17267,#17268,#17269));
#17271=FACE_OUTER_BOUND('',#17270,.F.);
#17272=ADVANCED_FACE('',(#17271),#17263,.T.);
#17273=CARTESIAN_POINT('',(9.45E-1,-7.75E0,-1.595E0));
#17274=DIRECTION('',(0.E0,0.E0,-1.E0));
#17275=DIRECTION('',(0.E0,1.E0,0.E0));
#17276=AXIS2_PLACEMENT_3D('',#17273,#17274,#17275);
#17277=PLANE('',#17276);
#17278=ORIENTED_EDGE('',*,*,#17264,.F.);
#17279=ORIENTED_EDGE('',*,*,#16985,.T.);
#17280=ORIENTED_EDGE('',*,*,#9610,.F.);
#17281=ORIENTED_EDGE('',*,*,#16838,.F.);
#17282=EDGE_LOOP('',(#17278,#17279,#17280,#17281));
#17283=FACE_OUTER_BOUND('',#17282,.F.);
#17284=ADVANCED_FACE('',(#17283),#17277,.T.);
#17285=CARTESIAN_POINT('',(1.040262794416E0,-7.585E0,-1.27E0));
#17286=DIRECTION('',(-8.660254037844E-1,-5.E-1,0.E0));
#17287=DIRECTION('',(5.E-1,-8.660254037844E-1,0.E0));
#17288=AXIS2_PLACEMENT_3D('',#17285,#17286,#17287);
#17289=PLANE('',#17288);
#17290=ORIENTED_EDGE('',*,*,#17252,.F.);
#17291=ORIENTED_EDGE('',*,*,#17266,.T.);
#17292=ORIENTED_EDGE('',*,*,#16836,.T.);
#17294=ORIENTED_EDGE('',*,*,#17293,.T.);
#17295=EDGE_LOOP('',(#17290,#17291,#17292,#17294));
#17296=FACE_OUTER_BOUND('',#17295,.F.);
#17297=ADVANCED_FACE('',(#17296),#17289,.T.);
#17298=CARTESIAN_POINT('',(1.27E0,-7.585E0,-1.040262794416E0));
#17299=DIRECTION('',(0.E0,-5.E-1,8.660254037844E-1));
#17300=DIRECTION('',(0.E0,8.660254037844E-1,5.E-1));
#17301=AXIS2_PLACEMENT_3D('',#17298,#17299,#17300);
#17302=PLANE('',#17301);
#17303=ORIENTED_EDGE('',*,*,#17254,.T.);
#17304=ORIENTED_EDGE('',*,*,#17293,.F.);
#17306=ORIENTED_EDGE('',*,*,#17305,.F.);
#17307=ORIENTED_EDGE('',*,*,#17236,.F.);
#17308=EDGE_LOOP('',(#17303,#17304,#17306,#17307));
#17309=FACE_OUTER_BOUND('',#17308,.F.);
#17310=ADVANCED_FACE('',(#17309),#17302,.T.);
#17311=CARTESIAN_POINT('',(9.45E-1,-1.E0,-9.45E-1));
#17312=DIRECTION('',(0.E0,0.E0,1.E0));
#17313=DIRECTION('',(0.E0,-1.E0,0.E0));
#17314=AXIS2_PLACEMENT_3D('',#17311,#17312,#17313);
#17315=PLANE('',#17314);
#17316=ORIENTED_EDGE('',*,*,#17305,.T.);
#17317=ORIENTED_EDGE('',*,*,#16841,.F.);
#17318=ORIENTED_EDGE('',*,*,#9614,.T.);
#17319=ORIENTED_EDGE('',*,*,#16982,.T.);
#17320=EDGE_LOOP('',(#17316,#17317,#17318,#17319));
#17321=FACE_OUTER_BOUND('',#17320,.F.);
#17322=ADVANCED_FACE('',(#17321),#17315,.T.);
#17323=CARTESIAN_POINT('',(1.499737205584E0,-7.585E0,1.27E0));
#17324=DIRECTION('',(8.660254037844E-1,-5.E-1,0.E0));
#17325=DIRECTION('',(-5.E-1,-8.660254037844E-1,0.E0));
#17326=AXIS2_PLACEMENT_3D('',#17323,#17324,#17325);
#17327=PLANE('',#17326);
#17329=ORIENTED_EDGE('',*,*,#17328,.F.);
#17331=ORIENTED_EDGE('',*,*,#17330,.T.);
#17332=ORIENTED_EDGE('',*,*,#16995,.T.);
#17334=ORIENTED_EDGE('',*,*,#17333,.F.);
#17335=EDGE_LOOP('',(#17329,#17331,#17332,#17334));
#17336=FACE_OUTER_BOUND('',#17335,.F.);
#17337=ADVANCED_FACE('',(#17336),#17327,.T.);
#17338=CARTESIAN_POINT('',(9.45E-1,-7.75E0,1.595E0));
#17339=DIRECTION('',(0.E0,-1.E0,0.E0));
#17340=DIRECTION('',(0.E0,0.E0,-1.E0));
#17341=AXIS2_PLACEMENT_3D('',#17338,#17339,#17340);
#17342=PLANE('',#17341);
#17344=ORIENTED_EDGE('',*,*,#17343,.T.);
#17346=ORIENTED_EDGE('',*,*,#17345,.T.);
#17348=ORIENTED_EDGE('',*,*,#17347,.F.);
#17349=ORIENTED_EDGE('',*,*,#17328,.T.);
#17350=EDGE_LOOP('',(#17344,#17346,#17348,#17349));
#17351=FACE_OUTER_BOUND('',#17350,.F.);
#17352=ADVANCED_FACE('',(#17351),#17342,.T.);
#17353=CARTESIAN_POINT('',(1.27E0,-7.585E0,1.040262794416E0));
#17354=DIRECTION('',(0.E0,-5.E-1,-8.660254037844E-1));
#17355=DIRECTION('',(0.E0,-8.660254037844E-1,5.E-1));
#17356=AXIS2_PLACEMENT_3D('',#17353,#17354,#17355);
#17357=PLANE('',#17356);
#17359=ORIENTED_EDGE('',*,*,#17358,.T.);
#17361=ORIENTED_EDGE('',*,*,#17360,.F.);
#17362=ORIENTED_EDGE('',*,*,#17343,.F.);
#17363=ORIENTED_EDGE('',*,*,#17333,.T.);
#17364=EDGE_LOOP('',(#17359,#17361,#17362,#17363));
#17365=FACE_OUTER_BOUND('',#17364,.F.);
#17366=ADVANCED_FACE('',(#17365),#17357,.T.);
#17367=CARTESIAN_POINT('',(9.45E-1,-7.75E0,9.45E-1));
#17368=DIRECTION('',(0.E0,0.E0,-1.E0));
#17369=DIRECTION('',(0.E0,1.E0,0.E0));
#17370=AXIS2_PLACEMENT_3D('',#17367,#17368,#17369);
#17371=PLANE('',#17370);
#17372=ORIENTED_EDGE('',*,*,#17358,.F.);
#17373=ORIENTED_EDGE('',*,*,#17000,.T.);
#17374=ORIENTED_EDGE('',*,*,#9620,.F.);
#17375=ORIENTED_EDGE('',*,*,#16853,.F.);
#17376=EDGE_LOOP('',(#17372,#17373,#17374,#17375));
#17377=FACE_OUTER_BOUND('',#17376,.F.);
#17378=ADVANCED_FACE('',(#17377),#17371,.T.);
#17379=CARTESIAN_POINT('',(1.040262794416E0,-7.585E0,1.27E0));
#17380=DIRECTION('',(-8.660254037844E-1,-5.E-1,0.E0));
#17381=DIRECTION('',(5.E-1,-8.660254037844E-1,0.E0));
#17382=AXIS2_PLACEMENT_3D('',#17379,#17380,#17381);
#17383=PLANE('',#17382);
#17384=ORIENTED_EDGE('',*,*,#16851,.T.);
#17386=ORIENTED_EDGE('',*,*,#17385,.F.);
#17387=ORIENTED_EDGE('',*,*,#17345,.F.);
#17388=ORIENTED_EDGE('',*,*,#17360,.T.);
#17389=EDGE_LOOP('',(#17384,#17386,#17387,#17388));
#17390=FACE_OUTER_BOUND('',#17389,.F.);
#17391=ADVANCED_FACE('',(#17390),#17383,.T.);
#17392=CARTESIAN_POINT('',(1.27E0,-7.585E0,1.499737205584E0));
#17393=DIRECTION('',(0.E0,-5.E-1,8.660254037844E-1));
#17394=DIRECTION('',(0.E0,8.660254037844E-1,5.E-1));
#17395=AXIS2_PLACEMENT_3D('',#17392,#17393,#17394);
#17396=PLANE('',#17395);
#17398=ORIENTED_EDGE('',*,*,#17397,.F.);
#17399=ORIENTED_EDGE('',*,*,#17330,.F.);
#17400=ORIENTED_EDGE('',*,*,#17347,.T.);
#17401=ORIENTED_EDGE('',*,*,#17385,.T.);
#17402=EDGE_LOOP('',(#17398,#17399,#17400,#17401));
#17403=FACE_OUTER_BOUND('',#17402,.F.);
#17404=ADVANCED_FACE('',(#17403),#17396,.T.);
#17405=CARTESIAN_POINT('',(9.45E-1,-1.E0,1.595E0));
#17406=DIRECTION('',(0.E0,0.E0,1.E0));
#17407=DIRECTION('',(0.E0,-1.E0,0.E0));
#17408=AXIS2_PLACEMENT_3D('',#17405,#17406,#17407);
#17409=PLANE('',#17408);
#17410=ORIENTED_EDGE('',*,*,#17397,.T.);
#17411=ORIENTED_EDGE('',*,*,#16856,.F.);
#17412=ORIENTED_EDGE('',*,*,#9624,.T.);
#17413=ORIENTED_EDGE('',*,*,#16997,.T.);
#17414=EDGE_LOOP('',(#17410,#17411,#17412,#17413));
#17415=FACE_OUTER_BOUND('',#17414,.F.);
#17416=ADVANCED_FACE('',(#17415),#17409,.T.);
#17417=CARTESIAN_POINT('',(-1.595E0,0.E0,0.E0));
#17418=DIRECTION('',(1.E0,0.E0,0.E0));
#17419=DIRECTION('',(0.E0,0.E0,-1.E0));
#17420=AXIS2_PLACEMENT_3D('',#17417,#17418,#17419);
#17421=PLANE('',#17420);
#17423=ORIENTED_EDGE('',*,*,#17422,.F.);
#17425=ORIENTED_EDGE('',*,*,#17424,.T.);
#17427=ORIENTED_EDGE('',*,*,#17426,.T.);
#17429=ORIENTED_EDGE('',*,*,#17428,.T.);
#17430=ORIENTED_EDGE('',*,*,#10800,.F.);
#17432=ORIENTED_EDGE('',*,*,#17431,.T.);
#17434=ORIENTED_EDGE('',*,*,#17433,.T.);
#17436=ORIENTED_EDGE('',*,*,#17435,.T.);
#17437=EDGE_LOOP('',(#17423,#17425,#17427,#17429,#17430,#17432,#17434,#17436));
#17438=FACE_OUTER_BOUND('',#17437,.F.);
#17439=ADVANCED_FACE('',(#17438),#17421,.F.);
#17440=CARTESIAN_POINT('',(-1.595E0,0.E0,0.E0));
#17441=DIRECTION('',(1.E0,0.E0,0.E0));
#17442=DIRECTION('',(0.E0,0.E0,-1.E0));
#17443=AXIS2_PLACEMENT_3D('',#17440,#17441,#17442);
#17444=PLANE('',#17443);
#17446=ORIENTED_EDGE('',*,*,#17445,.F.);
#17448=ORIENTED_EDGE('',*,*,#17447,.T.);
#17450=ORIENTED_EDGE('',*,*,#17449,.T.);
#17452=ORIENTED_EDGE('',*,*,#17451,.T.);
#17453=ORIENTED_EDGE('',*,*,#10790,.F.);
#17455=ORIENTED_EDGE('',*,*,#17454,.T.);
#17457=ORIENTED_EDGE('',*,*,#17456,.T.);
#17459=ORIENTED_EDGE('',*,*,#17458,.T.);
#17460=EDGE_LOOP('',(#17446,#17448,#17450,#17452,#17453,#17455,#17457,#17459));
#17461=FACE_OUTER_BOUND('',#17460,.F.);
#17462=ADVANCED_FACE('',(#17461),#17444,.F.);
#17463=CARTESIAN_POINT('',(-1.595E0,0.E0,0.E0));
#17464=DIRECTION('',(1.E0,0.E0,0.E0));
#17465=DIRECTION('',(0.E0,0.E0,-1.E0));
#17466=AXIS2_PLACEMENT_3D('',#17463,#17464,#17465);
#17467=PLANE('',#17466);
#17469=ORIENTED_EDGE('',*,*,#17468,.F.);
#17471=ORIENTED_EDGE('',*,*,#17470,.T.);
#17472=ORIENTED_EDGE('',*,*,#9628,.T.);
#17474=ORIENTED_EDGE('',*,*,#17473,.T.);
#17475=EDGE_LOOP('',(#17469,#17471,#17472,#17474));
#17476=FACE_OUTER_BOUND('',#17475,.F.);
#17477=ADVANCED_FACE('',(#17476),#17467,.F.);
#17478=CARTESIAN_POINT('',(-1.595E0,0.E0,0.E0));
#17479=DIRECTION('',(1.E0,0.E0,0.E0));
#17480=DIRECTION('',(0.E0,0.E0,-1.E0));
#17481=AXIS2_PLACEMENT_3D('',#17478,#17479,#17480);
#17482=PLANE('',#17481);
#17484=ORIENTED_EDGE('',*,*,#17483,.F.);
#17486=ORIENTED_EDGE('',*,*,#17485,.T.);
#17487=ORIENTED_EDGE('',*,*,#9638,.T.);
#17489=ORIENTED_EDGE('',*,*,#17488,.T.);
#17490=EDGE_LOOP('',(#17484,#17486,#17487,#17489));
#17491=FACE_OUTER_BOUND('',#17490,.F.);
#17492=ADVANCED_FACE('',(#17491),#17482,.F.);
#17493=CARTESIAN_POINT('',(-1.499737205584E0,5.79E0,-5.81E0));
#17494=DIRECTION('',(-8.660254037844E-1,0.E0,-5.E-1));
#17495=DIRECTION('',(5.E-1,0.E0,-8.660254037844E-1));
#17496=AXIS2_PLACEMENT_3D('',#17493,#17494,#17495);
#17497=PLANE('',#17496);
#17498=ORIENTED_EDGE('',*,*,#17422,.T.);
#17500=ORIENTED_EDGE('',*,*,#17499,.F.);
#17502=ORIENTED_EDGE('',*,*,#17501,.F.);
#17504=ORIENTED_EDGE('',*,*,#17503,.T.);
#17505=EDGE_LOOP('',(#17498,#17500,#17502,#17504));
#17506=FACE_OUTER_BOUND('',#17505,.F.);
#17507=ADVANCED_FACE('',(#17506),#17497,.T.);
#17508=CARTESIAN_POINT('',(-1.27E0,5.560262794416E0,-5.81E0));
#17509=DIRECTION('',(0.E0,-8.660254037844E-1,-5.E-1));
#17510=DIRECTION('',(0.E0,-5.E-1,8.660254037844E-1));
#17511=AXIS2_PLACEMENT_3D('',#17508,#17509,#17510);
#17512=PLANE('',#17511);
#17514=ORIENTED_EDGE('',*,*,#17513,.F.);
#17516=ORIENTED_EDGE('',*,*,#17515,.F.);
#17518=ORIENTED_EDGE('',*,*,#17517,.T.);
#17519=ORIENTED_EDGE('',*,*,#17499,.T.);
#17520=EDGE_LOOP('',(#17514,#17516,#17518,#17519));
#17521=FACE_OUTER_BOUND('',#17520,.F.);
#17522=ADVANCED_FACE('',(#17521),#17512,.T.);
#17523=CARTESIAN_POINT('',(-1.595E0,5.465E0,2.95E-1));
#17524=DIRECTION('',(0.E0,-1.E0,0.E0));
#17525=DIRECTION('',(0.E0,0.E0,-1.E0));
#17526=AXIS2_PLACEMENT_3D('',#17523,#17524,#17525);
#17527=PLANE('',#17526);
#17528=ORIENTED_EDGE('',*,*,#17513,.T.);
#17529=ORIENTED_EDGE('',*,*,#17435,.F.);
#17531=ORIENTED_EDGE('',*,*,#17530,.T.);
#17533=ORIENTED_EDGE('',*,*,#17532,.T.);
#17534=EDGE_LOOP('',(#17528,#17529,#17531,#17533));
#17535=FACE_OUTER_BOUND('',#17534,.F.);
#17536=ADVANCED_FACE('',(#17535),#17527,.T.);
#17537=CARTESIAN_POINT('',(-1.595E0,4.815E0,2.95E-1));
#17538=DIRECTION('',(1.E0,0.E0,0.E0));
#17539=DIRECTION('',(0.E0,0.E0,-1.E0));
#17540=AXIS2_PLACEMENT_3D('',#17537,#17538,#17539);
#17541=CYLINDRICAL_SURFACE('',#17540,6.5E-1);
#17542=ORIENTED_EDGE('',*,*,#17433,.F.);
#17544=ORIENTED_EDGE('',*,*,#17543,.T.);
#17546=ORIENTED_EDGE('',*,*,#17545,.T.);
#17547=ORIENTED_EDGE('',*,*,#17530,.F.);
#17548=EDGE_LOOP('',(#17542,#17544,#17546,#17547));
#17549=FACE_OUTER_BOUND('',#17548,.F.);
#17550=ADVANCED_FACE('',(#17549),#17541,.F.);
#17551=CARTESIAN_POINT('',(-1.595E0,1.E0,9.45E-1));
#17552=DIRECTION('',(0.E0,0.E0,-1.E0));
#17553=DIRECTION('',(0.E0,1.E0,0.E0));
#17554=AXIS2_PLACEMENT_3D('',#17551,#17552,#17553);
#17555=PLANE('',#17554);
#17556=ORIENTED_EDGE('',*,*,#10806,.T.);
#17558=ORIENTED_EDGE('',*,*,#17557,.T.);
#17559=ORIENTED_EDGE('',*,*,#17543,.F.);
#17560=ORIENTED_EDGE('',*,*,#17431,.F.);
#17561=EDGE_LOOP('',(#17556,#17558,#17559,#17560));
#17562=FACE_OUTER_BOUND('',#17561,.F.);
#17563=ADVANCED_FACE('',(#17562),#17555,.T.);
#17564=CARTESIAN_POINT('',(-9.45E-1,0.E0,0.E0));
#17565=DIRECTION('',(1.E0,0.E0,0.E0));
#17566=DIRECTION('',(0.E0,0.E0,-1.E0));
#17567=AXIS2_PLACEMENT_3D('',#17564,#17565,#17566);
#17568=PLANE('',#17567);
#17570=ORIENTED_EDGE('',*,*,#17569,.F.);
#17571=ORIENTED_EDGE('',*,*,#17532,.F.);
#17572=ORIENTED_EDGE('',*,*,#17545,.F.);
#17573=ORIENTED_EDGE('',*,*,#17557,.F.);
#17574=ORIENTED_EDGE('',*,*,#10804,.T.);
#17576=ORIENTED_EDGE('',*,*,#17575,.F.);
#17578=ORIENTED_EDGE('',*,*,#17577,.F.);
#17580=ORIENTED_EDGE('',*,*,#17579,.F.);
#17581=EDGE_LOOP('',(#17570,#17571,#17572,#17573,#17574,#17576,#17578,#17580));
#17582=FACE_OUTER_BOUND('',#17581,.F.);
#17583=ADVANCED_FACE('',(#17582),#17568,.T.);
#17584=CARTESIAN_POINT('',(-9.45E-1,0.E0,0.E0));
#17585=DIRECTION('',(1.E0,0.E0,0.E0));
#17586=DIRECTION('',(0.E0,0.E0,-1.E0));
#17587=AXIS2_PLACEMENT_3D('',#17584,#17585,#17586);
#17588=PLANE('',#17587);
#17590=ORIENTED_EDGE('',*,*,#17589,.F.);
#17592=ORIENTED_EDGE('',*,*,#17591,.F.);
#17594=ORIENTED_EDGE('',*,*,#17593,.F.);
#17596=ORIENTED_EDGE('',*,*,#17595,.F.);
#17597=ORIENTED_EDGE('',*,*,#10794,.T.);
#17599=ORIENTED_EDGE('',*,*,#17598,.F.);
#17601=ORIENTED_EDGE('',*,*,#17600,.F.);
#17603=ORIENTED_EDGE('',*,*,#17602,.F.);
#17604=EDGE_LOOP('',(#17590,#17592,#17594,#17596,#17597,#17599,#17601,#17603));
#17605=FACE_OUTER_BOUND('',#17604,.F.);
#17606=ADVANCED_FACE('',(#17605),#17588,.T.);
#17607=CARTESIAN_POINT('',(-9.45E-1,0.E0,0.E0));
#17608=DIRECTION('',(1.E0,0.E0,0.E0));
#17609=DIRECTION('',(0.E0,0.E0,-1.E0));
#17610=AXIS2_PLACEMENT_3D('',#17607,#17608,#17609);
#17611=PLANE('',#17610);
#17613=ORIENTED_EDGE('',*,*,#17612,.F.);
#17615=ORIENTED_EDGE('',*,*,#17614,.F.);
#17616=ORIENTED_EDGE('',*,*,#9632,.F.);
#17618=ORIENTED_EDGE('',*,*,#17617,.F.);
#17619=EDGE_LOOP('',(#17613,#17615,#17616,#17618));
#17620=FACE_OUTER_BOUND('',#17619,.F.);
#17621=ADVANCED_FACE('',(#17620),#17611,.T.);
#17622=CARTESIAN_POINT('',(-9.45E-1,0.E0,0.E0));
#17623=DIRECTION('',(1.E0,0.E0,0.E0));
#17624=DIRECTION('',(0.E0,0.E0,-1.E0));
#17625=AXIS2_PLACEMENT_3D('',#17622,#17623,#17624);
#17626=PLANE('',#17625);
#17628=ORIENTED_EDGE('',*,*,#17627,.F.);
#17630=ORIENTED_EDGE('',*,*,#17629,.F.);
#17631=ORIENTED_EDGE('',*,*,#9642,.F.);
#17633=ORIENTED_EDGE('',*,*,#17632,.F.);
#17634=EDGE_LOOP('',(#17628,#17630,#17631,#17633));
#17635=FACE_OUTER_BOUND('',#17634,.F.);
#17636=ADVANCED_FACE('',(#17635),#17626,.T.);
#17637=CARTESIAN_POINT('',(-1.040262794416E0,5.79E0,-5.81E0));
#17638=DIRECTION('',(8.660254037844E-1,0.E0,-5.E-1));
#17639=DIRECTION('',(-5.E-1,0.E0,-8.660254037844E-1));
#17640=AXIS2_PLACEMENT_3D('',#17637,#17638,#17639);
#17641=PLANE('',#17640);
#17643=ORIENTED_EDGE('',*,*,#17642,.F.);
#17644=ORIENTED_EDGE('',*,*,#17515,.T.);
#17645=ORIENTED_EDGE('',*,*,#17569,.T.);
#17647=ORIENTED_EDGE('',*,*,#17646,.T.);
#17648=EDGE_LOOP('',(#17643,#17644,#17645,#17647));
#17649=FACE_OUTER_BOUND('',#17648,.F.);
#17650=ADVANCED_FACE('',(#17649),#17641,.T.);
#17651=CARTESIAN_POINT('',(-1.595E0,5.465E0,-5.975E0));
#17652=DIRECTION('',(0.E0,0.E0,-1.E0));
#17653=DIRECTION('',(0.E0,1.E0,0.E0));
#17654=AXIS2_PLACEMENT_3D('',#17651,#17652,#17653);
#17655=PLANE('',#17654);
#17656=ORIENTED_EDGE('',*,*,#17642,.T.);
#17658=ORIENTED_EDGE('',*,*,#17657,.T.);
#17659=ORIENTED_EDGE('',*,*,#17501,.T.);
#17660=ORIENTED_EDGE('',*,*,#17517,.F.);
#17661=EDGE_LOOP('',(#17656,#17658,#17659,#17660));
#17662=FACE_OUTER_BOUND('',#17661,.F.);
#17663=ADVANCED_FACE('',(#17662),#17655,.T.);
#17664=CARTESIAN_POINT('',(-1.27E0,6.019737205584E0,-5.81E0));
#17665=DIRECTION('',(0.E0,8.660254037844E-1,-5.E-1));
#17666=DIRECTION('',(0.E0,-5.E-1,-8.660254037844E-1));
#17667=AXIS2_PLACEMENT_3D('',#17664,#17665,#17666);
#17668=PLANE('',#17667);
#17670=ORIENTED_EDGE('',*,*,#17669,.T.);
#17671=ORIENTED_EDGE('',*,*,#17503,.F.);
#17672=ORIENTED_EDGE('',*,*,#17657,.F.);
#17673=ORIENTED_EDGE('',*,*,#17646,.F.);
#17674=EDGE_LOOP('',(#17670,#17671,#17672,#17673));
#17675=FACE_OUTER_BOUND('',#17674,.F.);
#17676=ADVANCED_FACE('',(#17675),#17668,.T.);
#17677=CARTESIAN_POINT('',(-1.595E0,6.115E0,-5.975E0));
#17678=DIRECTION('',(0.E0,1.E0,0.E0));
#17679=DIRECTION('',(0.E0,0.E0,1.E0));
#17680=AXIS2_PLACEMENT_3D('',#17677,#17678,#17679);
#17681=PLANE('',#17680);
#17682=ORIENTED_EDGE('',*,*,#17669,.F.);
#17683=ORIENTED_EDGE('',*,*,#17579,.T.);
#17685=ORIENTED_EDGE('',*,*,#17684,.F.);
#17686=ORIENTED_EDGE('',*,*,#17424,.F.);
#17687=EDGE_LOOP('',(#17682,#17683,#17685,#17686));
#17688=FACE_OUTER_BOUND('',#17687,.F.);
#17689=ADVANCED_FACE('',(#17688),#17681,.T.);
#17690=CARTESIAN_POINT('',(-1.595E0,4.815E0,2.95E-1));
#17691=DIRECTION('',(1.E0,0.E0,0.E0));
#17692=DIRECTION('',(0.E0,0.E0,-1.E0));
#17693=AXIS2_PLACEMENT_3D('',#17690,#17691,#17692);
#17694=CYLINDRICAL_SURFACE('',#17693,1.3E0);
#17695=ORIENTED_EDGE('',*,*,#17426,.F.);
#17696=ORIENTED_EDGE('',*,*,#17684,.T.);
#17697=ORIENTED_EDGE('',*,*,#17577,.T.);
#17699=ORIENTED_EDGE('',*,*,#17698,.F.);
#17700=EDGE_LOOP('',(#17695,#17696,#17697,#17699));
#17701=FACE_OUTER_BOUND('',#17700,.F.);
#17702=ADVANCED_FACE('',(#17701),#17694,.T.);
#17703=CARTESIAN_POINT('',(-1.595E0,4.815E0,1.595E0));
#17704=DIRECTION('',(0.E0,0.E0,1.E0));
#17705=DIRECTION('',(0.E0,-1.E0,0.E0));
#17706=AXIS2_PLACEMENT_3D('',#17703,#17704,#17705);
#17707=PLANE('',#17706);
#17708=ORIENTED_EDGE('',*,*,#10802,.F.);
#17709=ORIENTED_EDGE('',*,*,#17428,.F.);
#17710=ORIENTED_EDGE('',*,*,#17698,.T.);
#17711=ORIENTED_EDGE('',*,*,#17575,.T.);
#17712=EDGE_LOOP('',(#17708,#17709,#17710,#17711));
#17713=FACE_OUTER_BOUND('',#17712,.F.);
#17714=ADVANCED_FACE('',(#17713),#17707,.T.);
#17715=CARTESIAN_POINT('',(-1.040262794416E0,3.25E0,-5.81E0));
#17716=DIRECTION('',(8.660254037844E-1,0.E0,-5.E-1));
#17717=DIRECTION('',(-5.E-1,0.E0,-8.660254037844E-1));
#17718=AXIS2_PLACEMENT_3D('',#17715,#17716,#17717);
#17719=PLANE('',#17718);
#17721=ORIENTED_EDGE('',*,*,#17720,.F.);
#17723=ORIENTED_EDGE('',*,*,#17722,.T.);
#17724=ORIENTED_EDGE('',*,*,#17589,.T.);
#17726=ORIENTED_EDGE('',*,*,#17725,.T.);
#17727=EDGE_LOOP('',(#17721,#17723,#17724,#17726));
#17728=FACE_OUTER_BOUND('',#17727,.F.);
#17729=ADVANCED_FACE('',(#17728),#17719,.T.);
#17730=CARTESIAN_POINT('',(-1.595E0,2.925E0,-5.975E0));
#17731=DIRECTION('',(0.E0,0.E0,-1.E0));
#17732=DIRECTION('',(0.E0,1.E0,0.E0));
#17733=AXIS2_PLACEMENT_3D('',#17730,#17731,#17732);
#17734=PLANE('',#17733);
#17735=ORIENTED_EDGE('',*,*,#17720,.T.);
#17737=ORIENTED_EDGE('',*,*,#17736,.T.);
#17739=ORIENTED_EDGE('',*,*,#17738,.T.);
#17741=ORIENTED_EDGE('',*,*,#17740,.F.);
#17742=EDGE_LOOP('',(#17735,#17737,#17739,#17741));
#17743=FACE_OUTER_BOUND('',#17742,.F.);
#17744=ADVANCED_FACE('',(#17743),#17734,.T.);
#17745=CARTESIAN_POINT('',(-1.27E0,3.479737205584E0,-5.81E0));
#17746=DIRECTION('',(0.E0,8.660254037844E-1,-5.E-1));
#17747=DIRECTION('',(0.E0,-5.E-1,-8.660254037844E-1));
#17748=AXIS2_PLACEMENT_3D('',#17745,#17746,#17747);
#17749=PLANE('',#17748);
#17751=ORIENTED_EDGE('',*,*,#17750,.T.);
#17753=ORIENTED_EDGE('',*,*,#17752,.F.);
#17754=ORIENTED_EDGE('',*,*,#17736,.F.);
#17755=ORIENTED_EDGE('',*,*,#17725,.F.);
#17756=EDGE_LOOP('',(#17751,#17753,#17754,#17755));
#17757=FACE_OUTER_BOUND('',#17756,.F.);
#17758=ADVANCED_FACE('',(#17757),#17749,.T.);
#17759=CARTESIAN_POINT('',(-1.595E0,3.575E0,-5.975E0));
#17760=DIRECTION('',(0.E0,1.E0,0.E0));
#17761=DIRECTION('',(0.E0,0.E0,1.E0));
#17762=AXIS2_PLACEMENT_3D('',#17759,#17760,#17761);
#17763=PLANE('',#17762);
#17764=ORIENTED_EDGE('',*,*,#17750,.F.);
#17765=ORIENTED_EDGE('',*,*,#17602,.T.);
#17767=ORIENTED_EDGE('',*,*,#17766,.F.);
#17768=ORIENTED_EDGE('',*,*,#17447,.F.);
#17769=EDGE_LOOP('',(#17764,#17765,#17767,#17768));
#17770=FACE_OUTER_BOUND('',#17769,.F.);
#17771=ADVANCED_FACE('',(#17770),#17763,.T.);
#17772=CARTESIAN_POINT('',(-1.595E0,2.275E0,-2.245E0));
#17773=DIRECTION('',(1.E0,0.E0,0.E0));
#17774=DIRECTION('',(0.E0,0.E0,-1.E0));
#17775=AXIS2_PLACEMENT_3D('',#17772,#17773,#17774);
#17776=CYLINDRICAL_SURFACE('',#17775,1.3E0);
#17777=ORIENTED_EDGE('',*,*,#17449,.F.);
#17778=ORIENTED_EDGE('',*,*,#17766,.T.);
#17779=ORIENTED_EDGE('',*,*,#17600,.T.);
#17781=ORIENTED_EDGE('',*,*,#17780,.F.);
#17782=EDGE_LOOP('',(#17777,#17778,#17779,#17781));
#17783=FACE_OUTER_BOUND('',#17782,.F.);
#17784=ADVANCED_FACE('',(#17783),#17776,.T.);
#17785=CARTESIAN_POINT('',(-1.595E0,2.275E0,-9.45E-1));
#17786=DIRECTION('',(0.E0,0.E0,1.E0));
#17787=DIRECTION('',(0.E0,-1.E0,0.E0));
#17788=AXIS2_PLACEMENT_3D('',#17785,#17786,#17787);
#17789=PLANE('',#17788);
#17790=ORIENTED_EDGE('',*,*,#10792,.F.);
#17791=ORIENTED_EDGE('',*,*,#17451,.F.);
#17792=ORIENTED_EDGE('',*,*,#17780,.T.);
#17793=ORIENTED_EDGE('',*,*,#17598,.T.);
#17794=EDGE_LOOP('',(#17790,#17791,#17792,#17793));
#17795=FACE_OUTER_BOUND('',#17794,.F.);
#17796=ADVANCED_FACE('',(#17795),#17789,.T.);
#17797=CARTESIAN_POINT('',(-1.499737205584E0,3.25E0,-5.81E0));
#17798=DIRECTION('',(-8.660254037844E-1,0.E0,-5.E-1));
#17799=DIRECTION('',(5.E-1,0.E0,-8.660254037844E-1));
#17800=AXIS2_PLACEMENT_3D('',#17797,#17798,#17799);
#17801=PLANE('',#17800);
#17802=ORIENTED_EDGE('',*,*,#17445,.T.);
#17804=ORIENTED_EDGE('',*,*,#17803,.F.);
#17805=ORIENTED_EDGE('',*,*,#17738,.F.);
#17806=ORIENTED_EDGE('',*,*,#17752,.T.);
#17807=EDGE_LOOP('',(#17802,#17804,#17805,#17806));
#17808=FACE_OUTER_BOUND('',#17807,.F.);
#17809=ADVANCED_FACE('',(#17808),#17801,.T.);
#17810=CARTESIAN_POINT('',(-1.27E0,3.020262794416E0,-5.81E0));
#17811=DIRECTION('',(0.E0,-8.660254037844E-1,-5.E-1));
#17812=DIRECTION('',(0.E0,-5.E-1,8.660254037844E-1));
#17813=AXIS2_PLACEMENT_3D('',#17810,#17811,#17812);
#17814=PLANE('',#17813);
#17816=ORIENTED_EDGE('',*,*,#17815,.F.);
#17817=ORIENTED_EDGE('',*,*,#17722,.F.);
#17818=ORIENTED_EDGE('',*,*,#17740,.T.);
#17819=ORIENTED_EDGE('',*,*,#17803,.T.);
#17820=EDGE_LOOP('',(#17816,#17817,#17818,#17819));
#17821=FACE_OUTER_BOUND('',#17820,.F.);
#17822=ADVANCED_FACE('',(#17821),#17814,.T.);
#17823=CARTESIAN_POINT('',(-1.595E0,2.925E0,-2.245E0));
#17824=DIRECTION('',(0.E0,-1.E0,0.E0));
#17825=DIRECTION('',(0.E0,0.E0,-1.E0));
#17826=AXIS2_PLACEMENT_3D('',#17823,#17824,#17825);
#17827=PLANE('',#17826);
#17828=ORIENTED_EDGE('',*,*,#17815,.T.);
#17829=ORIENTED_EDGE('',*,*,#17458,.F.);
#17831=ORIENTED_EDGE('',*,*,#17830,.T.);
#17832=ORIENTED_EDGE('',*,*,#17591,.T.);
#17833=EDGE_LOOP('',(#17828,#17829,#17831,#17832));
#17834=FACE_OUTER_BOUND('',#17833,.F.);
#17835=ADVANCED_FACE('',(#17834),#17827,.T.);
#17836=CARTESIAN_POINT('',(-1.595E0,2.275E0,-2.245E0));
#17837=DIRECTION('',(1.E0,0.E0,0.E0));
#17838=DIRECTION('',(0.E0,0.E0,-1.E0));
#17839=AXIS2_PLACEMENT_3D('',#17836,#17837,#17838);
#17840=CYLINDRICAL_SURFACE('',#17839,6.5E-1);
#17841=ORIENTED_EDGE('',*,*,#17456,.F.);
#17843=ORIENTED_EDGE('',*,*,#17842,.T.);
#17844=ORIENTED_EDGE('',*,*,#17593,.T.);
#17845=ORIENTED_EDGE('',*,*,#17830,.F.);
#17846=EDGE_LOOP('',(#17841,#17843,#17844,#17845));
#17847=FACE_OUTER_BOUND('',#17846,.F.);
#17848=ADVANCED_FACE('',(#17847),#17840,.F.);
#17849=CARTESIAN_POINT('',(-1.595E0,1.E0,-1.595E0));
#17850=DIRECTION('',(0.E0,0.E0,-1.E0));
#17851=DIRECTION('',(0.E0,1.E0,0.E0));
#17852=AXIS2_PLACEMENT_3D('',#17849,#17850,#17851);
#17853=PLANE('',#17852);
#17854=ORIENTED_EDGE('',*,*,#10796,.T.);
#17855=ORIENTED_EDGE('',*,*,#17595,.T.);
#17856=ORIENTED_EDGE('',*,*,#17842,.F.);
#17857=ORIENTED_EDGE('',*,*,#17454,.F.);
#17858=EDGE_LOOP('',(#17854,#17855,#17856,#17857));
#17859=FACE_OUTER_BOUND('',#17858,.F.);
#17860=ADVANCED_FACE('',(#17859),#17853,.T.);
#17861=CARTESIAN_POINT('',(-1.040262794416E0,-7.585E0,-1.27E0));
#17862=DIRECTION('',(8.660254037844E-1,-5.E-1,0.E0));
#17863=DIRECTION('',(-5.E-1,-8.660254037844E-1,0.E0));
#17864=AXIS2_PLACEMENT_3D('',#17861,#17862,#17863);
#17865=PLANE('',#17864);
#17867=ORIENTED_EDGE('',*,*,#17866,.F.);
#17869=ORIENTED_EDGE('',*,*,#17868,.T.);
#17870=ORIENTED_EDGE('',*,*,#17612,.T.);
#17872=ORIENTED_EDGE('',*,*,#17871,.T.);
#17873=EDGE_LOOP('',(#17867,#17869,#17870,#17872));
#17874=FACE_OUTER_BOUND('',#17873,.F.);
#17875=ADVANCED_FACE('',(#17874),#17865,.T.);
#17876=CARTESIAN_POINT('',(-1.595E0,-7.75E0,-9.45E-1));
#17877=DIRECTION('',(0.E0,-1.E0,0.E0));
#17878=DIRECTION('',(0.E0,0.E0,-1.E0));
#17879=AXIS2_PLACEMENT_3D('',#17876,#17877,#17878);
#17880=PLANE('',#17879);
#17881=ORIENTED_EDGE('',*,*,#17866,.T.);
#17883=ORIENTED_EDGE('',*,*,#17882,.T.);
#17885=ORIENTED_EDGE('',*,*,#17884,.T.);
#17887=ORIENTED_EDGE('',*,*,#17886,.F.);
#17888=EDGE_LOOP('',(#17881,#17883,#17885,#17887));
#17889=FACE_OUTER_BOUND('',#17888,.F.);
#17890=ADVANCED_FACE('',(#17889),#17880,.T.);
#17891=CARTESIAN_POINT('',(-1.27E0,-7.585E0,-1.499737205584E0));
#17892=DIRECTION('',(0.E0,-5.E-1,-8.660254037844E-1));
#17893=DIRECTION('',(0.E0,-8.660254037844E-1,5.E-1));
#17894=AXIS2_PLACEMENT_3D('',#17891,#17892,#17893);
#17895=PLANE('',#17894);
#17897=ORIENTED_EDGE('',*,*,#17896,.T.);
#17899=ORIENTED_EDGE('',*,*,#17898,.F.);
#17900=ORIENTED_EDGE('',*,*,#17882,.F.);
#17901=ORIENTED_EDGE('',*,*,#17871,.F.);
#17902=EDGE_LOOP('',(#17897,#17899,#17900,#17901));
#17903=FACE_OUTER_BOUND('',#17902,.F.);
#17904=ADVANCED_FACE('',(#17903),#17895,.T.);
#17905=CARTESIAN_POINT('',(-1.595E0,-7.75E0,-1.595E0));
#17906=DIRECTION('',(0.E0,0.E0,-1.E0));
#17907=DIRECTION('',(0.E0,1.E0,0.E0));
#17908=AXIS2_PLACEMENT_3D('',#17905,#17906,#17907);
#17909=PLANE('',#17908);
#17910=ORIENTED_EDGE('',*,*,#17896,.F.);
#17911=ORIENTED_EDGE('',*,*,#17617,.T.);
#17912=ORIENTED_EDGE('',*,*,#9630,.F.);
#17913=ORIENTED_EDGE('',*,*,#17470,.F.);
#17914=EDGE_LOOP('',(#17910,#17911,#17912,#17913));
#17915=FACE_OUTER_BOUND('',#17914,.F.);
#17916=ADVANCED_FACE('',(#17915),#17909,.T.);
#17917=CARTESIAN_POINT('',(-1.499737205584E0,-7.585E0,-1.27E0));
#17918=DIRECTION('',(-8.660254037844E-1,-5.E-1,0.E0));
#17919=DIRECTION('',(5.E-1,-8.660254037844E-1,0.E0));
#17920=AXIS2_PLACEMENT_3D('',#17917,#17918,#17919);
#17921=PLANE('',#17920);
#17922=ORIENTED_EDGE('',*,*,#17884,.F.);
#17923=ORIENTED_EDGE('',*,*,#17898,.T.);
#17924=ORIENTED_EDGE('',*,*,#17468,.T.);
#17926=ORIENTED_EDGE('',*,*,#17925,.T.);
#17927=EDGE_LOOP('',(#17922,#17923,#17924,#17926));
#17928=FACE_OUTER_BOUND('',#17927,.F.);
#17929=ADVANCED_FACE('',(#17928),#17921,.T.);
#17930=CARTESIAN_POINT('',(-1.27E0,-7.585E0,-1.040262794416E0));
#17931=DIRECTION('',(0.E0,-5.E-1,8.660254037844E-1));
#17932=DIRECTION('',(0.E0,8.660254037844E-1,5.E-1));
#17933=AXIS2_PLACEMENT_3D('',#17930,#17931,#17932);
#17934=PLANE('',#17933);
#17935=ORIENTED_EDGE('',*,*,#17886,.T.);
#17936=ORIENTED_EDGE('',*,*,#17925,.F.);
#17938=ORIENTED_EDGE('',*,*,#17937,.F.);
#17939=ORIENTED_EDGE('',*,*,#17868,.F.);
#17940=EDGE_LOOP('',(#17935,#17936,#17938,#17939));
#17941=FACE_OUTER_BOUND('',#17940,.F.);
#17942=ADVANCED_FACE('',(#17941),#17934,.T.);
#17943=CARTESIAN_POINT('',(-1.595E0,-1.E0,-9.45E-1));
#17944=DIRECTION('',(0.E0,0.E0,1.E0));
#17945=DIRECTION('',(0.E0,-1.E0,0.E0));
#17946=AXIS2_PLACEMENT_3D('',#17943,#17944,#17945);
#17947=PLANE('',#17946);
#17948=ORIENTED_EDGE('',*,*,#17937,.T.);
#17949=ORIENTED_EDGE('',*,*,#17473,.F.);
#17950=ORIENTED_EDGE('',*,*,#9634,.T.);
#17951=ORIENTED_EDGE('',*,*,#17614,.T.);
#17952=EDGE_LOOP('',(#17948,#17949,#17950,#17951));
#17953=FACE_OUTER_BOUND('',#17952,.F.);
#17954=ADVANCED_FACE('',(#17953),#17947,.T.);
#17955=CARTESIAN_POINT('',(-1.040262794416E0,-7.585E0,1.27E0));
#17956=DIRECTION('',(8.660254037844E-1,-5.E-1,0.E0));
#17957=DIRECTION('',(-5.E-1,-8.660254037844E-1,0.E0));
#17958=AXIS2_PLACEMENT_3D('',#17955,#17956,#17957);
#17959=PLANE('',#17958);
#17961=ORIENTED_EDGE('',*,*,#17960,.F.);
#17963=ORIENTED_EDGE('',*,*,#17962,.T.);
#17964=ORIENTED_EDGE('',*,*,#17627,.T.);
#17966=ORIENTED_EDGE('',*,*,#17965,.F.);
#17967=EDGE_LOOP('',(#17961,#17963,#17964,#17966));
#17968=FACE_OUTER_BOUND('',#17967,.F.);
#17969=ADVANCED_FACE('',(#17968),#17959,.T.);
#17970=CARTESIAN_POINT('',(-1.595E0,-7.75E0,1.595E0));
#17971=DIRECTION('',(0.E0,-1.E0,0.E0));
#17972=DIRECTION('',(0.E0,0.E0,-1.E0));
#17973=AXIS2_PLACEMENT_3D('',#17970,#17971,#17972);
#17974=PLANE('',#17973);
#17976=ORIENTED_EDGE('',*,*,#17975,.T.);
#17978=ORIENTED_EDGE('',*,*,#17977,.T.);
#17980=ORIENTED_EDGE('',*,*,#17979,.F.);
#17981=ORIENTED_EDGE('',*,*,#17960,.T.);
#17982=EDGE_LOOP('',(#17976,#17978,#17980,#17981));
#17983=FACE_OUTER_BOUND('',#17982,.F.);
#17984=ADVANCED_FACE('',(#17983),#17974,.T.);
#17985=CARTESIAN_POINT('',(-1.27E0,-7.585E0,1.040262794416E0));
#17986=DIRECTION('',(0.E0,-5.E-1,-8.660254037844E-1));
#17987=DIRECTION('',(0.E0,-8.660254037844E-1,5.E-1));
#17988=AXIS2_PLACEMENT_3D('',#17985,#17986,#17987);
#17989=PLANE('',#17988);
#17991=ORIENTED_EDGE('',*,*,#17990,.T.);
#17993=ORIENTED_EDGE('',*,*,#17992,.F.);
#17994=ORIENTED_EDGE('',*,*,#17975,.F.);
#17995=ORIENTED_EDGE('',*,*,#17965,.T.);
#17996=EDGE_LOOP('',(#17991,#17993,#17994,#17995));
#17997=FACE_OUTER_BOUND('',#17996,.F.);
#17998=ADVANCED_FACE('',(#17997),#17989,.T.);
#17999=CARTESIAN_POINT('',(-1.595E0,-7.75E0,9.45E-1));
#18000=DIRECTION('',(0.E0,0.E0,-1.E0));
#18001=DIRECTION('',(0.E0,1.E0,0.E0));
#18002=AXIS2_PLACEMENT_3D('',#17999,#18000,#18001);
#18003=PLANE('',#18002);
#18004=ORIENTED_EDGE('',*,*,#17990,.F.);
#18005=ORIENTED_EDGE('',*,*,#17632,.T.);
#18006=ORIENTED_EDGE('',*,*,#9640,.F.);
#18007=ORIENTED_EDGE('',*,*,#17485,.F.);
#18008=EDGE_LOOP('',(#18004,#18005,#18006,#18007));
#18009=FACE_OUTER_BOUND('',#18008,.F.);
#18010=ADVANCED_FACE('',(#18009),#18003,.T.);
#18011=CARTESIAN_POINT('',(-1.499737205584E0,-7.585E0,1.27E0));
#18012=DIRECTION('',(-8.660254037844E-1,-5.E-1,0.E0));
#18013=DIRECTION('',(5.E-1,-8.660254037844E-1,0.E0));
#18014=AXIS2_PLACEMENT_3D('',#18011,#18012,#18013);
#18015=PLANE('',#18014);
#18016=ORIENTED_EDGE('',*,*,#17483,.T.);
#18018=ORIENTED_EDGE('',*,*,#18017,.F.);
#18019=ORIENTED_EDGE('',*,*,#17977,.F.);
#18020=ORIENTED_EDGE('',*,*,#17992,.T.);
#18021=EDGE_LOOP('',(#18016,#18018,#18019,#18020));
#18022=FACE_OUTER_BOUND('',#18021,.F.);
#18023=ADVANCED_FACE('',(#18022),#18015,.T.);
#18024=CARTESIAN_POINT('',(-1.27E0,-7.585E0,1.499737205584E0));
#18025=DIRECTION('',(0.E0,-5.E-1,8.660254037844E-1));
#18026=DIRECTION('',(0.E0,8.660254037844E-1,5.E-1));
#18027=AXIS2_PLACEMENT_3D('',#18024,#18025,#18026);
#18028=PLANE('',#18027);
#18030=ORIENTED_EDGE('',*,*,#18029,.F.);
#18031=ORIENTED_EDGE('',*,*,#17962,.F.);
#18032=ORIENTED_EDGE('',*,*,#17979,.T.);
#18033=ORIENTED_EDGE('',*,*,#18017,.T.);
#18034=EDGE_LOOP('',(#18030,#18031,#18032,#18033));
#18035=FACE_OUTER_BOUND('',#18034,.F.);
#18036=ADVANCED_FACE('',(#18035),#18028,.T.);
#18037=CARTESIAN_POINT('',(-1.595E0,-1.E0,1.595E0));
#18038=DIRECTION('',(0.E0,0.E0,1.E0));
#18039=DIRECTION('',(0.E0,-1.E0,0.E0));
#18040=AXIS2_PLACEMENT_3D('',#18037,#18038,#18039);
#18041=PLANE('',#18040);
#18042=ORIENTED_EDGE('',*,*,#18029,.T.);
#18043=ORIENTED_EDGE('',*,*,#17488,.F.);
#18044=ORIENTED_EDGE('',*,*,#9644,.T.);
#18045=ORIENTED_EDGE('',*,*,#17629,.T.);
#18046=EDGE_LOOP('',(#18042,#18043,#18044,#18045));
#18047=FACE_OUTER_BOUND('',#18046,.F.);
#18048=ADVANCED_FACE('',(#18047),#18041,.T.);
#18049=CARTESIAN_POINT('',(-4.135E0,0.E0,0.E0));
#18050=DIRECTION('',(1.E0,0.E0,0.E0));
#18051=DIRECTION('',(0.E0,0.E0,-1.E0));
#18052=AXIS2_PLACEMENT_3D('',#18049,#18050,#18051);
#18053=PLANE('',#18052);
#18055=ORIENTED_EDGE('',*,*,#18054,.F.);
#18057=ORIENTED_EDGE('',*,*,#18056,.T.);
#18059=ORIENTED_EDGE('',*,*,#18058,.T.);
#18061=ORIENTED_EDGE('',*,*,#18060,.T.);
#18062=ORIENTED_EDGE('',*,*,#10820,.F.);
#18064=ORIENTED_EDGE('',*,*,#18063,.T.);
#18066=ORIENTED_EDGE('',*,*,#18065,.T.);
#18068=ORIENTED_EDGE('',*,*,#18067,.T.);
#18069=EDGE_LOOP('',(#18055,#18057,#18059,#18061,#18062,#18064,#18066,#18068));
#18070=FACE_OUTER_BOUND('',#18069,.F.);
#18071=ADVANCED_FACE('',(#18070),#18053,.F.);
#18072=CARTESIAN_POINT('',(-4.135E0,0.E0,0.E0));
#18073=DIRECTION('',(1.E0,0.E0,0.E0));
#18074=DIRECTION('',(0.E0,0.E0,-1.E0));
#18075=AXIS2_PLACEMENT_3D('',#18072,#18073,#18074);
#18076=PLANE('',#18075);
#18078=ORIENTED_EDGE('',*,*,#18077,.F.);
#18080=ORIENTED_EDGE('',*,*,#18079,.T.);
#18082=ORIENTED_EDGE('',*,*,#18081,.T.);
#18084=ORIENTED_EDGE('',*,*,#18083,.T.);
#18085=ORIENTED_EDGE('',*,*,#10810,.F.);
#18087=ORIENTED_EDGE('',*,*,#18086,.T.);
#18089=ORIENTED_EDGE('',*,*,#18088,.T.);
#18091=ORIENTED_EDGE('',*,*,#18090,.T.);
#18092=EDGE_LOOP('',(#18078,#18080,#18082,#18084,#18085,#18087,#18089,#18091));
#18093=FACE_OUTER_BOUND('',#18092,.F.);
#18094=ADVANCED_FACE('',(#18093),#18076,.F.);
#18095=CARTESIAN_POINT('',(-4.135E0,0.E0,0.E0));
#18096=DIRECTION('',(1.E0,0.E0,0.E0));
#18097=DIRECTION('',(0.E0,0.E0,-1.E0));
#18098=AXIS2_PLACEMENT_3D('',#18095,#18096,#18097);
#18099=PLANE('',#18098);
#18101=ORIENTED_EDGE('',*,*,#18100,.F.);
#18103=ORIENTED_EDGE('',*,*,#18102,.T.);
#18104=ORIENTED_EDGE('',*,*,#9648,.T.);
#18106=ORIENTED_EDGE('',*,*,#18105,.T.);
#18107=EDGE_LOOP('',(#18101,#18103,#18104,#18106));
#18108=FACE_OUTER_BOUND('',#18107,.F.);
#18109=ADVANCED_FACE('',(#18108),#18099,.F.);
#18110=CARTESIAN_POINT('',(-4.135E0,0.E0,0.E0));
#18111=DIRECTION('',(1.E0,0.E0,0.E0));
#18112=DIRECTION('',(0.E0,0.E0,-1.E0));
#18113=AXIS2_PLACEMENT_3D('',#18110,#18111,#18112);
#18114=PLANE('',#18113);
#18116=ORIENTED_EDGE('',*,*,#18115,.F.);
#18118=ORIENTED_EDGE('',*,*,#18117,.T.);
#18119=ORIENTED_EDGE('',*,*,#9658,.T.);
#18121=ORIENTED_EDGE('',*,*,#18120,.T.);
#18122=EDGE_LOOP('',(#18116,#18118,#18119,#18121));
#18123=FACE_OUTER_BOUND('',#18122,.F.);
#18124=ADVANCED_FACE('',(#18123),#18114,.F.);
#18125=CARTESIAN_POINT('',(-4.039737205584E0,5.79E0,-5.81E0));
#18126=DIRECTION('',(-8.660254037844E-1,0.E0,-5.E-1));
#18127=DIRECTION('',(5.E-1,0.E0,-8.660254037844E-1));
#18128=AXIS2_PLACEMENT_3D('',#18125,#18126,#18127);
#18129=PLANE('',#18128);
#18130=ORIENTED_EDGE('',*,*,#18054,.T.);
#18132=ORIENTED_EDGE('',*,*,#18131,.F.);
#18134=ORIENTED_EDGE('',*,*,#18133,.F.);
#18136=ORIENTED_EDGE('',*,*,#18135,.T.);
#18137=EDGE_LOOP('',(#18130,#18132,#18134,#18136));
#18138=FACE_OUTER_BOUND('',#18137,.F.);
#18139=ADVANCED_FACE('',(#18138),#18129,.T.);
#18140=CARTESIAN_POINT('',(-3.81E0,5.560262794416E0,-5.81E0));
#18141=DIRECTION('',(0.E0,-8.660254037844E-1,-5.E-1));
#18142=DIRECTION('',(0.E0,-5.E-1,8.660254037844E-1));
#18143=AXIS2_PLACEMENT_3D('',#18140,#18141,#18142);
#18144=PLANE('',#18143);
#18146=ORIENTED_EDGE('',*,*,#18145,.F.);
#18148=ORIENTED_EDGE('',*,*,#18147,.F.);
#18150=ORIENTED_EDGE('',*,*,#18149,.T.);
#18151=ORIENTED_EDGE('',*,*,#18131,.T.);
#18152=EDGE_LOOP('',(#18146,#18148,#18150,#18151));
#18153=FACE_OUTER_BOUND('',#18152,.F.);
#18154=ADVANCED_FACE('',(#18153),#18144,.T.);
#18155=CARTESIAN_POINT('',(-4.135E0,5.465E0,2.95E-1));
#18156=DIRECTION('',(0.E0,-1.E0,0.E0));
#18157=DIRECTION('',(0.E0,0.E0,-1.E0));
#18158=AXIS2_PLACEMENT_3D('',#18155,#18156,#18157);
#18159=PLANE('',#18158);
#18160=ORIENTED_EDGE('',*,*,#18145,.T.);
#18161=ORIENTED_EDGE('',*,*,#18067,.F.);
#18163=ORIENTED_EDGE('',*,*,#18162,.T.);
#18165=ORIENTED_EDGE('',*,*,#18164,.T.);
#18166=EDGE_LOOP('',(#18160,#18161,#18163,#18165));
#18167=FACE_OUTER_BOUND('',#18166,.F.);
#18168=ADVANCED_FACE('',(#18167),#18159,.T.);
#18169=CARTESIAN_POINT('',(-4.135E0,4.815E0,2.95E-1));
#18170=DIRECTION('',(1.E0,0.E0,0.E0));
#18171=DIRECTION('',(0.E0,0.E0,-1.E0));
#18172=AXIS2_PLACEMENT_3D('',#18169,#18170,#18171);
#18173=CYLINDRICAL_SURFACE('',#18172,6.5E-1);
#18174=ORIENTED_EDGE('',*,*,#18065,.F.);
#18176=ORIENTED_EDGE('',*,*,#18175,.T.);
#18178=ORIENTED_EDGE('',*,*,#18177,.T.);
#18179=ORIENTED_EDGE('',*,*,#18162,.F.);
#18180=EDGE_LOOP('',(#18174,#18176,#18178,#18179));
#18181=FACE_OUTER_BOUND('',#18180,.F.);
#18182=ADVANCED_FACE('',(#18181),#18173,.F.);
#18183=CARTESIAN_POINT('',(-4.135E0,1.E0,9.45E-1));
#18184=DIRECTION('',(0.E0,0.E0,-1.E0));
#18185=DIRECTION('',(0.E0,1.E0,0.E0));
#18186=AXIS2_PLACEMENT_3D('',#18183,#18184,#18185);
#18187=PLANE('',#18186);
#18188=ORIENTED_EDGE('',*,*,#10826,.T.);
#18190=ORIENTED_EDGE('',*,*,#18189,.T.);
#18191=ORIENTED_EDGE('',*,*,#18175,.F.);
#18192=ORIENTED_EDGE('',*,*,#18063,.F.);
#18193=EDGE_LOOP('',(#18188,#18190,#18191,#18192));
#18194=FACE_OUTER_BOUND('',#18193,.F.);
#18195=ADVANCED_FACE('',(#18194),#18187,.T.);
#18196=CARTESIAN_POINT('',(-3.485E0,0.E0,0.E0));
#18197=DIRECTION('',(1.E0,0.E0,0.E0));
#18198=DIRECTION('',(0.E0,0.E0,-1.E0));
#18199=AXIS2_PLACEMENT_3D('',#18196,#18197,#18198);
#18200=PLANE('',#18199);
#18202=ORIENTED_EDGE('',*,*,#18201,.F.);
#18203=ORIENTED_EDGE('',*,*,#18164,.F.);
#18204=ORIENTED_EDGE('',*,*,#18177,.F.);
#18205=ORIENTED_EDGE('',*,*,#18189,.F.);
#18206=ORIENTED_EDGE('',*,*,#10824,.T.);
#18208=ORIENTED_EDGE('',*,*,#18207,.F.);
#18210=ORIENTED_EDGE('',*,*,#18209,.F.);
#18212=ORIENTED_EDGE('',*,*,#18211,.F.);
#18213=EDGE_LOOP('',(#18202,#18203,#18204,#18205,#18206,#18208,#18210,#18212));
#18214=FACE_OUTER_BOUND('',#18213,.F.);
#18215=ADVANCED_FACE('',(#18214),#18200,.T.);
#18216=CARTESIAN_POINT('',(-3.485E0,0.E0,0.E0));
#18217=DIRECTION('',(1.E0,0.E0,0.E0));
#18218=DIRECTION('',(0.E0,0.E0,-1.E0));
#18219=AXIS2_PLACEMENT_3D('',#18216,#18217,#18218);
#18220=PLANE('',#18219);
#18222=ORIENTED_EDGE('',*,*,#18221,.F.);
#18224=ORIENTED_EDGE('',*,*,#18223,.F.);
#18226=ORIENTED_EDGE('',*,*,#18225,.F.);
#18228=ORIENTED_EDGE('',*,*,#18227,.F.);
#18229=ORIENTED_EDGE('',*,*,#10814,.T.);
#18231=ORIENTED_EDGE('',*,*,#18230,.F.);
#18233=ORIENTED_EDGE('',*,*,#18232,.F.);
#18235=ORIENTED_EDGE('',*,*,#18234,.F.);
#18236=EDGE_LOOP('',(#18222,#18224,#18226,#18228,#18229,#18231,#18233,#18235));
#18237=FACE_OUTER_BOUND('',#18236,.F.);
#18238=ADVANCED_FACE('',(#18237),#18220,.T.);
#18239=CARTESIAN_POINT('',(-3.485E0,0.E0,0.E0));
#18240=DIRECTION('',(1.E0,0.E0,0.E0));
#18241=DIRECTION('',(0.E0,0.E0,-1.E0));
#18242=AXIS2_PLACEMENT_3D('',#18239,#18240,#18241);
#18243=PLANE('',#18242);
#18245=ORIENTED_EDGE('',*,*,#18244,.F.);
#18247=ORIENTED_EDGE('',*,*,#18246,.F.);
#18248=ORIENTED_EDGE('',*,*,#9652,.F.);
#18250=ORIENTED_EDGE('',*,*,#18249,.F.);
#18251=EDGE_LOOP('',(#18245,#18247,#18248,#18250));
#18252=FACE_OUTER_BOUND('',#18251,.F.);
#18253=ADVANCED_FACE('',(#18252),#18243,.T.);
#18254=CARTESIAN_POINT('',(-3.485E0,0.E0,0.E0));
#18255=DIRECTION('',(1.E0,0.E0,0.E0));
#18256=DIRECTION('',(0.E0,0.E0,-1.E0));
#18257=AXIS2_PLACEMENT_3D('',#18254,#18255,#18256);
#18258=PLANE('',#18257);
#18260=ORIENTED_EDGE('',*,*,#18259,.F.);
#18262=ORIENTED_EDGE('',*,*,#18261,.F.);
#18263=ORIENTED_EDGE('',*,*,#9662,.F.);
#18265=ORIENTED_EDGE('',*,*,#18264,.F.);
#18266=EDGE_LOOP('',(#18260,#18262,#18263,#18265));
#18267=FACE_OUTER_BOUND('',#18266,.F.);
#18268=ADVANCED_FACE('',(#18267),#18258,.T.);
#18269=CARTESIAN_POINT('',(-3.580262794416E0,5.79E0,-5.81E0));
#18270=DIRECTION('',(8.660254037844E-1,0.E0,-5.E-1));
#18271=DIRECTION('',(-5.E-1,0.E0,-8.660254037844E-1));
#18272=AXIS2_PLACEMENT_3D('',#18269,#18270,#18271);
#18273=PLANE('',#18272);
#18275=ORIENTED_EDGE('',*,*,#18274,.F.);
#18276=ORIENTED_EDGE('',*,*,#18147,.T.);
#18277=ORIENTED_EDGE('',*,*,#18201,.T.);
#18279=ORIENTED_EDGE('',*,*,#18278,.T.);
#18280=EDGE_LOOP('',(#18275,#18276,#18277,#18279));
#18281=FACE_OUTER_BOUND('',#18280,.F.);
#18282=ADVANCED_FACE('',(#18281),#18273,.T.);
#18283=CARTESIAN_POINT('',(-4.135E0,5.465E0,-5.975E0));
#18284=DIRECTION('',(0.E0,0.E0,-1.E0));
#18285=DIRECTION('',(0.E0,1.E0,0.E0));
#18286=AXIS2_PLACEMENT_3D('',#18283,#18284,#18285);
#18287=PLANE('',#18286);
#18288=ORIENTED_EDGE('',*,*,#18274,.T.);
#18290=ORIENTED_EDGE('',*,*,#18289,.T.);
#18291=ORIENTED_EDGE('',*,*,#18133,.T.);
#18292=ORIENTED_EDGE('',*,*,#18149,.F.);
#18293=EDGE_LOOP('',(#18288,#18290,#18291,#18292));
#18294=FACE_OUTER_BOUND('',#18293,.F.);
#18295=ADVANCED_FACE('',(#18294),#18287,.T.);
#18296=CARTESIAN_POINT('',(-3.81E0,6.019737205584E0,-5.81E0));
#18297=DIRECTION('',(0.E0,8.660254037844E-1,-5.E-1));
#18298=DIRECTION('',(0.E0,-5.E-1,-8.660254037844E-1));
#18299=AXIS2_PLACEMENT_3D('',#18296,#18297,#18298);
#18300=PLANE('',#18299);
#18302=ORIENTED_EDGE('',*,*,#18301,.T.);
#18303=ORIENTED_EDGE('',*,*,#18135,.F.);
#18304=ORIENTED_EDGE('',*,*,#18289,.F.);
#18305=ORIENTED_EDGE('',*,*,#18278,.F.);
#18306=EDGE_LOOP('',(#18302,#18303,#18304,#18305));
#18307=FACE_OUTER_BOUND('',#18306,.F.);
#18308=ADVANCED_FACE('',(#18307),#18300,.T.);
#18309=CARTESIAN_POINT('',(-4.135E0,6.115E0,-5.975E0));
#18310=DIRECTION('',(0.E0,1.E0,0.E0));
#18311=DIRECTION('',(0.E0,0.E0,1.E0));
#18312=AXIS2_PLACEMENT_3D('',#18309,#18310,#18311);
#18313=PLANE('',#18312);
#18314=ORIENTED_EDGE('',*,*,#18301,.F.);
#18315=ORIENTED_EDGE('',*,*,#18211,.T.);
#18317=ORIENTED_EDGE('',*,*,#18316,.F.);
#18318=ORIENTED_EDGE('',*,*,#18056,.F.);
#18319=EDGE_LOOP('',(#18314,#18315,#18317,#18318));
#18320=FACE_OUTER_BOUND('',#18319,.F.);
#18321=ADVANCED_FACE('',(#18320),#18313,.T.);
#18322=CARTESIAN_POINT('',(-4.135E0,4.815E0,2.95E-1));
#18323=DIRECTION('',(1.E0,0.E0,0.E0));
#18324=DIRECTION('',(0.E0,0.E0,-1.E0));
#18325=AXIS2_PLACEMENT_3D('',#18322,#18323,#18324);
#18326=CYLINDRICAL_SURFACE('',#18325,1.3E0);
#18327=ORIENTED_EDGE('',*,*,#18058,.F.);
#18328=ORIENTED_EDGE('',*,*,#18316,.T.);
#18329=ORIENTED_EDGE('',*,*,#18209,.T.);
#18331=ORIENTED_EDGE('',*,*,#18330,.F.);
#18332=EDGE_LOOP('',(#18327,#18328,#18329,#18331));
#18333=FACE_OUTER_BOUND('',#18332,.F.);
#18334=ADVANCED_FACE('',(#18333),#18326,.T.);
#18335=CARTESIAN_POINT('',(-4.135E0,4.815E0,1.595E0));
#18336=DIRECTION('',(0.E0,0.E0,1.E0));
#18337=DIRECTION('',(0.E0,-1.E0,0.E0));
#18338=AXIS2_PLACEMENT_3D('',#18335,#18336,#18337);
#18339=PLANE('',#18338);
#18340=ORIENTED_EDGE('',*,*,#10822,.F.);
#18341=ORIENTED_EDGE('',*,*,#18060,.F.);
#18342=ORIENTED_EDGE('',*,*,#18330,.T.);
#18343=ORIENTED_EDGE('',*,*,#18207,.T.);
#18344=EDGE_LOOP('',(#18340,#18341,#18342,#18343));
#18345=FACE_OUTER_BOUND('',#18344,.F.);
#18346=ADVANCED_FACE('',(#18345),#18339,.T.);
#18347=CARTESIAN_POINT('',(-3.580262794416E0,3.25E0,-5.81E0));
#18348=DIRECTION('',(8.660254037844E-1,0.E0,-5.E-1));
#18349=DIRECTION('',(-5.E-1,0.E0,-8.660254037844E-1));
#18350=AXIS2_PLACEMENT_3D('',#18347,#18348,#18349);
#18351=PLANE('',#18350);
#18353=ORIENTED_EDGE('',*,*,#18352,.F.);
#18355=ORIENTED_EDGE('',*,*,#18354,.T.);
#18356=ORIENTED_EDGE('',*,*,#18221,.T.);
#18358=ORIENTED_EDGE('',*,*,#18357,.T.);
#18359=EDGE_LOOP('',(#18353,#18355,#18356,#18358));
#18360=FACE_OUTER_BOUND('',#18359,.F.);
#18361=ADVANCED_FACE('',(#18360),#18351,.T.);
#18362=CARTESIAN_POINT('',(-4.135E0,2.925E0,-5.975E0));
#18363=DIRECTION('',(0.E0,0.E0,-1.E0));
#18364=DIRECTION('',(0.E0,1.E0,0.E0));
#18365=AXIS2_PLACEMENT_3D('',#18362,#18363,#18364);
#18366=PLANE('',#18365);
#18367=ORIENTED_EDGE('',*,*,#18352,.T.);
#18369=ORIENTED_EDGE('',*,*,#18368,.T.);
#18371=ORIENTED_EDGE('',*,*,#18370,.T.);
#18373=ORIENTED_EDGE('',*,*,#18372,.F.);
#18374=EDGE_LOOP('',(#18367,#18369,#18371,#18373));
#18375=FACE_OUTER_BOUND('',#18374,.F.);
#18376=ADVANCED_FACE('',(#18375),#18366,.T.);
#18377=CARTESIAN_POINT('',(-3.81E0,3.479737205584E0,-5.81E0));
#18378=DIRECTION('',(0.E0,8.660254037844E-1,-5.E-1));
#18379=DIRECTION('',(0.E0,-5.E-1,-8.660254037844E-1));
#18380=AXIS2_PLACEMENT_3D('',#18377,#18378,#18379);
#18381=PLANE('',#18380);
#18383=ORIENTED_EDGE('',*,*,#18382,.T.);
#18385=ORIENTED_EDGE('',*,*,#18384,.F.);
#18386=ORIENTED_EDGE('',*,*,#18368,.F.);
#18387=ORIENTED_EDGE('',*,*,#18357,.F.);
#18388=EDGE_LOOP('',(#18383,#18385,#18386,#18387));
#18389=FACE_OUTER_BOUND('',#18388,.F.);
#18390=ADVANCED_FACE('',(#18389),#18381,.T.);
#18391=CARTESIAN_POINT('',(-4.135E0,3.575E0,-5.975E0));
#18392=DIRECTION('',(0.E0,1.E0,0.E0));
#18393=DIRECTION('',(0.E0,0.E0,1.E0));
#18394=AXIS2_PLACEMENT_3D('',#18391,#18392,#18393);
#18395=PLANE('',#18394);
#18396=ORIENTED_EDGE('',*,*,#18382,.F.);
#18397=ORIENTED_EDGE('',*,*,#18234,.T.);
#18399=ORIENTED_EDGE('',*,*,#18398,.F.);
#18400=ORIENTED_EDGE('',*,*,#18079,.F.);
#18401=EDGE_LOOP('',(#18396,#18397,#18399,#18400));
#18402=FACE_OUTER_BOUND('',#18401,.F.);
#18403=ADVANCED_FACE('',(#18402),#18395,.T.);
#18404=CARTESIAN_POINT('',(-4.135E0,2.275E0,-2.245E0));
#18405=DIRECTION('',(1.E0,0.E0,0.E0));
#18406=DIRECTION('',(0.E0,0.E0,-1.E0));
#18407=AXIS2_PLACEMENT_3D('',#18404,#18405,#18406);
#18408=CYLINDRICAL_SURFACE('',#18407,1.3E0);
#18409=ORIENTED_EDGE('',*,*,#18081,.F.);
#18410=ORIENTED_EDGE('',*,*,#18398,.T.);
#18411=ORIENTED_EDGE('',*,*,#18232,.T.);
#18413=ORIENTED_EDGE('',*,*,#18412,.F.);
#18414=EDGE_LOOP('',(#18409,#18410,#18411,#18413));
#18415=FACE_OUTER_BOUND('',#18414,.F.);
#18416=ADVANCED_FACE('',(#18415),#18408,.T.);
#18417=CARTESIAN_POINT('',(-4.135E0,2.275E0,-9.45E-1));
#18418=DIRECTION('',(0.E0,0.E0,1.E0));
#18419=DIRECTION('',(0.E0,-1.E0,0.E0));
#18420=AXIS2_PLACEMENT_3D('',#18417,#18418,#18419);
#18421=PLANE('',#18420);
#18422=ORIENTED_EDGE('',*,*,#10812,.F.);
#18423=ORIENTED_EDGE('',*,*,#18083,.F.);
#18424=ORIENTED_EDGE('',*,*,#18412,.T.);
#18425=ORIENTED_EDGE('',*,*,#18230,.T.);
#18426=EDGE_LOOP('',(#18422,#18423,#18424,#18425));
#18427=FACE_OUTER_BOUND('',#18426,.F.);
#18428=ADVANCED_FACE('',(#18427),#18421,.T.);
#18429=CARTESIAN_POINT('',(-4.039737205584E0,3.25E0,-5.81E0));
#18430=DIRECTION('',(-8.660254037844E-1,0.E0,-5.E-1));
#18431=DIRECTION('',(5.E-1,0.E0,-8.660254037844E-1));
#18432=AXIS2_PLACEMENT_3D('',#18429,#18430,#18431);
#18433=PLANE('',#18432);
#18434=ORIENTED_EDGE('',*,*,#18077,.T.);
#18436=ORIENTED_EDGE('',*,*,#18435,.F.);
#18437=ORIENTED_EDGE('',*,*,#18370,.F.);
#18438=ORIENTED_EDGE('',*,*,#18384,.T.);
#18439=EDGE_LOOP('',(#18434,#18436,#18437,#18438));
#18440=FACE_OUTER_BOUND('',#18439,.F.);
#18441=ADVANCED_FACE('',(#18440),#18433,.T.);
#18442=CARTESIAN_POINT('',(-3.81E0,3.020262794416E0,-5.81E0));
#18443=DIRECTION('',(0.E0,-8.660254037844E-1,-5.E-1));
#18444=DIRECTION('',(0.E0,-5.E-1,8.660254037844E-1));
#18445=AXIS2_PLACEMENT_3D('',#18442,#18443,#18444);
#18446=PLANE('',#18445);
#18448=ORIENTED_EDGE('',*,*,#18447,.F.);
#18449=ORIENTED_EDGE('',*,*,#18354,.F.);
#18450=ORIENTED_EDGE('',*,*,#18372,.T.);
#18451=ORIENTED_EDGE('',*,*,#18435,.T.);
#18452=EDGE_LOOP('',(#18448,#18449,#18450,#18451));
#18453=FACE_OUTER_BOUND('',#18452,.F.);
#18454=ADVANCED_FACE('',(#18453),#18446,.T.);
#18455=CARTESIAN_POINT('',(-4.135E0,2.925E0,-2.245E0));
#18456=DIRECTION('',(0.E0,-1.E0,0.E0));
#18457=DIRECTION('',(0.E0,0.E0,-1.E0));
#18458=AXIS2_PLACEMENT_3D('',#18455,#18456,#18457);
#18459=PLANE('',#18458);
#18460=ORIENTED_EDGE('',*,*,#18447,.T.);
#18461=ORIENTED_EDGE('',*,*,#18090,.F.);
#18463=ORIENTED_EDGE('',*,*,#18462,.T.);
#18464=ORIENTED_EDGE('',*,*,#18223,.T.);
#18465=EDGE_LOOP('',(#18460,#18461,#18463,#18464));
#18466=FACE_OUTER_BOUND('',#18465,.F.);
#18467=ADVANCED_FACE('',(#18466),#18459,.T.);
#18468=CARTESIAN_POINT('',(-4.135E0,2.275E0,-2.245E0));
#18469=DIRECTION('',(1.E0,0.E0,0.E0));
#18470=DIRECTION('',(0.E0,0.E0,-1.E0));
#18471=AXIS2_PLACEMENT_3D('',#18468,#18469,#18470);
#18472=CYLINDRICAL_SURFACE('',#18471,6.5E-1);
#18473=ORIENTED_EDGE('',*,*,#18088,.F.);
#18475=ORIENTED_EDGE('',*,*,#18474,.T.);
#18476=ORIENTED_EDGE('',*,*,#18225,.T.);
#18477=ORIENTED_EDGE('',*,*,#18462,.F.);
#18478=EDGE_LOOP('',(#18473,#18475,#18476,#18477));
#18479=FACE_OUTER_BOUND('',#18478,.F.);
#18480=ADVANCED_FACE('',(#18479),#18472,.F.);
#18481=CARTESIAN_POINT('',(-4.135E0,1.E0,-1.595E0));
#18482=DIRECTION('',(0.E0,0.E0,-1.E0));
#18483=DIRECTION('',(0.E0,1.E0,0.E0));
#18484=AXIS2_PLACEMENT_3D('',#18481,#18482,#18483);
#18485=PLANE('',#18484);
#18486=ORIENTED_EDGE('',*,*,#10816,.T.);
#18487=ORIENTED_EDGE('',*,*,#18227,.T.);
#18488=ORIENTED_EDGE('',*,*,#18474,.F.);
#18489=ORIENTED_EDGE('',*,*,#18086,.F.);
#18490=EDGE_LOOP('',(#18486,#18487,#18488,#18489));
#18491=FACE_OUTER_BOUND('',#18490,.F.);
#18492=ADVANCED_FACE('',(#18491),#18485,.T.);
#18493=CARTESIAN_POINT('',(-3.580262794416E0,-7.585E0,-1.27E0));
#18494=DIRECTION('',(8.660254037844E-1,-5.E-1,0.E0));
#18495=DIRECTION('',(-5.E-1,-8.660254037844E-1,0.E0));
#18496=AXIS2_PLACEMENT_3D('',#18493,#18494,#18495);
#18497=PLANE('',#18496);
#18499=ORIENTED_EDGE('',*,*,#18498,.F.);
#18501=ORIENTED_EDGE('',*,*,#18500,.T.);
#18502=ORIENTED_EDGE('',*,*,#18244,.T.);
#18504=ORIENTED_EDGE('',*,*,#18503,.T.);
#18505=EDGE_LOOP('',(#18499,#18501,#18502,#18504));
#18506=FACE_OUTER_BOUND('',#18505,.F.);
#18507=ADVANCED_FACE('',(#18506),#18497,.T.);
#18508=CARTESIAN_POINT('',(-4.135E0,-7.75E0,-9.45E-1));
#18509=DIRECTION('',(0.E0,-1.E0,0.E0));
#18510=DIRECTION('',(0.E0,0.E0,-1.E0));
#18511=AXIS2_PLACEMENT_3D('',#18508,#18509,#18510);
#18512=PLANE('',#18511);
#18513=ORIENTED_EDGE('',*,*,#18498,.T.);
#18515=ORIENTED_EDGE('',*,*,#18514,.T.);
#18517=ORIENTED_EDGE('',*,*,#18516,.T.);
#18519=ORIENTED_EDGE('',*,*,#18518,.F.);
#18520=EDGE_LOOP('',(#18513,#18515,#18517,#18519));
#18521=FACE_OUTER_BOUND('',#18520,.F.);
#18522=ADVANCED_FACE('',(#18521),#18512,.T.);
#18523=CARTESIAN_POINT('',(-3.81E0,-7.585E0,-1.499737205584E0));
#18524=DIRECTION('',(0.E0,-5.E-1,-8.660254037844E-1));
#18525=DIRECTION('',(0.E0,-8.660254037844E-1,5.E-1));
#18526=AXIS2_PLACEMENT_3D('',#18523,#18524,#18525);
#18527=PLANE('',#18526);
#18529=ORIENTED_EDGE('',*,*,#18528,.T.);
#18531=ORIENTED_EDGE('',*,*,#18530,.F.);
#18532=ORIENTED_EDGE('',*,*,#18514,.F.);
#18533=ORIENTED_EDGE('',*,*,#18503,.F.);
#18534=EDGE_LOOP('',(#18529,#18531,#18532,#18533));
#18535=FACE_OUTER_BOUND('',#18534,.F.);
#18536=ADVANCED_FACE('',(#18535),#18527,.T.);
#18537=CARTESIAN_POINT('',(-4.135E0,-7.75E0,-1.595E0));
#18538=DIRECTION('',(0.E0,0.E0,-1.E0));
#18539=DIRECTION('',(0.E0,1.E0,0.E0));
#18540=AXIS2_PLACEMENT_3D('',#18537,#18538,#18539);
#18541=PLANE('',#18540);
#18542=ORIENTED_EDGE('',*,*,#18528,.F.);
#18543=ORIENTED_EDGE('',*,*,#18249,.T.);
#18544=ORIENTED_EDGE('',*,*,#9650,.F.);
#18545=ORIENTED_EDGE('',*,*,#18102,.F.);
#18546=EDGE_LOOP('',(#18542,#18543,#18544,#18545));
#18547=FACE_OUTER_BOUND('',#18546,.F.);
#18548=ADVANCED_FACE('',(#18547),#18541,.T.);
#18549=CARTESIAN_POINT('',(-4.039737205584E0,-7.585E0,-1.27E0));
#18550=DIRECTION('',(-8.660254037844E-1,-5.E-1,0.E0));
#18551=DIRECTION('',(5.E-1,-8.660254037844E-1,0.E0));
#18552=AXIS2_PLACEMENT_3D('',#18549,#18550,#18551);
#18553=PLANE('',#18552);
#18554=ORIENTED_EDGE('',*,*,#18516,.F.);
#18555=ORIENTED_EDGE('',*,*,#18530,.T.);
#18556=ORIENTED_EDGE('',*,*,#18100,.T.);
#18558=ORIENTED_EDGE('',*,*,#18557,.T.);
#18559=EDGE_LOOP('',(#18554,#18555,#18556,#18558));
#18560=FACE_OUTER_BOUND('',#18559,.F.);
#18561=ADVANCED_FACE('',(#18560),#18553,.T.);
#18562=CARTESIAN_POINT('',(-3.81E0,-7.585E0,-1.040262794416E0));
#18563=DIRECTION('',(0.E0,-5.E-1,8.660254037844E-1));
#18564=DIRECTION('',(0.E0,8.660254037844E-1,5.E-1));
#18565=AXIS2_PLACEMENT_3D('',#18562,#18563,#18564);
#18566=PLANE('',#18565);
#18567=ORIENTED_EDGE('',*,*,#18518,.T.);
#18568=ORIENTED_EDGE('',*,*,#18557,.F.);
#18570=ORIENTED_EDGE('',*,*,#18569,.F.);
#18571=ORIENTED_EDGE('',*,*,#18500,.F.);
#18572=EDGE_LOOP('',(#18567,#18568,#18570,#18571));
#18573=FACE_OUTER_BOUND('',#18572,.F.);
#18574=ADVANCED_FACE('',(#18573),#18566,.T.);
#18575=CARTESIAN_POINT('',(-4.135E0,-1.E0,-9.45E-1));
#18576=DIRECTION('',(0.E0,0.E0,1.E0));
#18577=DIRECTION('',(0.E0,-1.E0,0.E0));
#18578=AXIS2_PLACEMENT_3D('',#18575,#18576,#18577);
#18579=PLANE('',#18578);
#18580=ORIENTED_EDGE('',*,*,#18569,.T.);
#18581=ORIENTED_EDGE('',*,*,#18105,.F.);
#18582=ORIENTED_EDGE('',*,*,#9654,.T.);
#18583=ORIENTED_EDGE('',*,*,#18246,.T.);
#18584=EDGE_LOOP('',(#18580,#18581,#18582,#18583));
#18585=FACE_OUTER_BOUND('',#18584,.F.);
#18586=ADVANCED_FACE('',(#18585),#18579,.T.);
#18587=CARTESIAN_POINT('',(-3.580262794416E0,-7.585E0,1.27E0));
#18588=DIRECTION('',(8.660254037844E-1,-5.E-1,0.E0));
#18589=DIRECTION('',(-5.E-1,-8.660254037844E-1,0.E0));
#18590=AXIS2_PLACEMENT_3D('',#18587,#18588,#18589);
#18591=PLANE('',#18590);
#18593=ORIENTED_EDGE('',*,*,#18592,.F.);
#18595=ORIENTED_EDGE('',*,*,#18594,.T.);
#18596=ORIENTED_EDGE('',*,*,#18259,.T.);
#18598=ORIENTED_EDGE('',*,*,#18597,.F.);
#18599=EDGE_LOOP('',(#18593,#18595,#18596,#18598));
#18600=FACE_OUTER_BOUND('',#18599,.F.);
#18601=ADVANCED_FACE('',(#18600),#18591,.T.);
#18602=CARTESIAN_POINT('',(-4.135E0,-7.75E0,1.595E0));
#18603=DIRECTION('',(0.E0,-1.E0,0.E0));
#18604=DIRECTION('',(0.E0,0.E0,-1.E0));
#18605=AXIS2_PLACEMENT_3D('',#18602,#18603,#18604);
#18606=PLANE('',#18605);
#18608=ORIENTED_EDGE('',*,*,#18607,.T.);
#18610=ORIENTED_EDGE('',*,*,#18609,.T.);
#18612=ORIENTED_EDGE('',*,*,#18611,.F.);
#18613=ORIENTED_EDGE('',*,*,#18592,.T.);
#18614=EDGE_LOOP('',(#18608,#18610,#18612,#18613));
#18615=FACE_OUTER_BOUND('',#18614,.F.);
#18616=ADVANCED_FACE('',(#18615),#18606,.T.);
#18617=CARTESIAN_POINT('',(-3.81E0,-7.585E0,1.040262794416E0));
#18618=DIRECTION('',(0.E0,-5.E-1,-8.660254037844E-1));
#18619=DIRECTION('',(0.E0,-8.660254037844E-1,5.E-1));
#18620=AXIS2_PLACEMENT_3D('',#18617,#18618,#18619);
#18621=PLANE('',#18620);
#18623=ORIENTED_EDGE('',*,*,#18622,.T.);
#18625=ORIENTED_EDGE('',*,*,#18624,.F.);
#18626=ORIENTED_EDGE('',*,*,#18607,.F.);
#18627=ORIENTED_EDGE('',*,*,#18597,.T.);
#18628=EDGE_LOOP('',(#18623,#18625,#18626,#18627));
#18629=FACE_OUTER_BOUND('',#18628,.F.);
#18630=ADVANCED_FACE('',(#18629),#18621,.T.);
#18631=CARTESIAN_POINT('',(-4.135E0,-7.75E0,9.45E-1));
#18632=DIRECTION('',(0.E0,0.E0,-1.E0));
#18633=DIRECTION('',(0.E0,1.E0,0.E0));
#18634=AXIS2_PLACEMENT_3D('',#18631,#18632,#18633);
#18635=PLANE('',#18634);
#18636=ORIENTED_EDGE('',*,*,#18622,.F.);
#18637=ORIENTED_EDGE('',*,*,#18264,.T.);
#18638=ORIENTED_EDGE('',*,*,#9660,.F.);
#18639=ORIENTED_EDGE('',*,*,#18117,.F.);
#18640=EDGE_LOOP('',(#18636,#18637,#18638,#18639));
#18641=FACE_OUTER_BOUND('',#18640,.F.);
#18642=ADVANCED_FACE('',(#18641),#18635,.T.);
#18643=CARTESIAN_POINT('',(-4.039737205584E0,-7.585E0,1.27E0));
#18644=DIRECTION('',(-8.660254037844E-1,-5.E-1,0.E0));
#18645=DIRECTION('',(5.E-1,-8.660254037844E-1,0.E0));
#18646=AXIS2_PLACEMENT_3D('',#18643,#18644,#18645);
#18647=PLANE('',#18646);
#18648=ORIENTED_EDGE('',*,*,#18115,.T.);
#18650=ORIENTED_EDGE('',*,*,#18649,.F.);
#18651=ORIENTED_EDGE('',*,*,#18609,.F.);
#18652=ORIENTED_EDGE('',*,*,#18624,.T.);
#18653=EDGE_LOOP('',(#18648,#18650,#18651,#18652));
#18654=FACE_OUTER_BOUND('',#18653,.F.);
#18655=ADVANCED_FACE('',(#18654),#18647,.T.);
#18656=CARTESIAN_POINT('',(-3.81E0,-7.585E0,1.499737205584E0));
#18657=DIRECTION('',(0.E0,-5.E-1,8.660254037844E-1));
#18658=DIRECTION('',(0.E0,8.660254037844E-1,5.E-1));
#18659=AXIS2_PLACEMENT_3D('',#18656,#18657,#18658);
#18660=PLANE('',#18659);
#18662=ORIENTED_EDGE('',*,*,#18661,.F.);
#18663=ORIENTED_EDGE('',*,*,#18594,.F.);
#18664=ORIENTED_EDGE('',*,*,#18611,.T.);
#18665=ORIENTED_EDGE('',*,*,#18649,.T.);
#18666=EDGE_LOOP('',(#18662,#18663,#18664,#18665));
#18667=FACE_OUTER_BOUND('',#18666,.F.);
#18668=ADVANCED_FACE('',(#18667),#18660,.T.);
#18669=CARTESIAN_POINT('',(-4.135E0,-1.E0,1.595E0));
#18670=DIRECTION('',(0.E0,0.E0,1.E0));
#18671=DIRECTION('',(0.E0,-1.E0,0.E0));
#18672=AXIS2_PLACEMENT_3D('',#18669,#18670,#18671);
#18673=PLANE('',#18672);
#18674=ORIENTED_EDGE('',*,*,#18661,.T.);
#18675=ORIENTED_EDGE('',*,*,#18120,.F.);
#18676=ORIENTED_EDGE('',*,*,#9664,.T.);
#18677=ORIENTED_EDGE('',*,*,#18261,.T.);
#18678=EDGE_LOOP('',(#18674,#18675,#18676,#18677));
#18679=FACE_OUTER_BOUND('',#18678,.F.);
#18680=ADVANCED_FACE('',(#18679),#18673,.T.);
#18681=CARTESIAN_POINT('',(-6.675E0,0.E0,0.E0));
#18682=DIRECTION('',(1.E0,0.E0,0.E0));
#18683=DIRECTION('',(0.E0,0.E0,-1.E0));
#18684=AXIS2_PLACEMENT_3D('',#18681,#18682,#18683);
#18685=PLANE('',#18684);
#18687=ORIENTED_EDGE('',*,*,#18686,.F.);
#18689=ORIENTED_EDGE('',*,*,#18688,.T.);
#18691=ORIENTED_EDGE('',*,*,#18690,.T.);
#18693=ORIENTED_EDGE('',*,*,#18692,.T.);
#18694=ORIENTED_EDGE('',*,*,#10840,.F.);
#18696=ORIENTED_EDGE('',*,*,#18695,.T.);
#18698=ORIENTED_EDGE('',*,*,#18697,.T.);
#18700=ORIENTED_EDGE('',*,*,#18699,.T.);
#18701=EDGE_LOOP('',(#18687,#18689,#18691,#18693,#18694,#18696,#18698,#18700));
#18702=FACE_OUTER_BOUND('',#18701,.F.);
#18703=ADVANCED_FACE('',(#18702),#18685,.F.);
#18704=CARTESIAN_POINT('',(-6.675E0,0.E0,0.E0));
#18705=DIRECTION('',(1.E0,0.E0,0.E0));
#18706=DIRECTION('',(0.E0,0.E0,-1.E0));
#18707=AXIS2_PLACEMENT_3D('',#18704,#18705,#18706);
#18708=PLANE('',#18707);
#18710=ORIENTED_EDGE('',*,*,#18709,.F.);
#18712=ORIENTED_EDGE('',*,*,#18711,.T.);
#18714=ORIENTED_EDGE('',*,*,#18713,.T.);
#18716=ORIENTED_EDGE('',*,*,#18715,.T.);
#18717=ORIENTED_EDGE('',*,*,#10830,.F.);
#18719=ORIENTED_EDGE('',*,*,#18718,.T.);
#18721=ORIENTED_EDGE('',*,*,#18720,.T.);
#18723=ORIENTED_EDGE('',*,*,#18722,.T.);
#18724=EDGE_LOOP('',(#18710,#18712,#18714,#18716,#18717,#18719,#18721,#18723));
#18725=FACE_OUTER_BOUND('',#18724,.F.);
#18726=ADVANCED_FACE('',(#18725),#18708,.F.);
#18727=CARTESIAN_POINT('',(-6.675E0,0.E0,0.E0));
#18728=DIRECTION('',(1.E0,0.E0,0.E0));
#18729=DIRECTION('',(0.E0,0.E0,-1.E0));
#18730=AXIS2_PLACEMENT_3D('',#18727,#18728,#18729);
#18731=PLANE('',#18730);
#18733=ORIENTED_EDGE('',*,*,#18732,.F.);
#18735=ORIENTED_EDGE('',*,*,#18734,.T.);
#18736=ORIENTED_EDGE('',*,*,#9668,.T.);
#18738=ORIENTED_EDGE('',*,*,#18737,.T.);
#18739=EDGE_LOOP('',(#18733,#18735,#18736,#18738));
#18740=FACE_OUTER_BOUND('',#18739,.F.);
#18741=ADVANCED_FACE('',(#18740),#18731,.F.);
#18742=CARTESIAN_POINT('',(-6.675E0,0.E0,0.E0));
#18743=DIRECTION('',(1.E0,0.E0,0.E0));
#18744=DIRECTION('',(0.E0,0.E0,-1.E0));
#18745=AXIS2_PLACEMENT_3D('',#18742,#18743,#18744);
#18746=PLANE('',#18745);
#18748=ORIENTED_EDGE('',*,*,#18747,.F.);
#18750=ORIENTED_EDGE('',*,*,#18749,.T.);
#18751=ORIENTED_EDGE('',*,*,#9678,.T.);
#18753=ORIENTED_EDGE('',*,*,#18752,.T.);
#18754=EDGE_LOOP('',(#18748,#18750,#18751,#18753));
#18755=FACE_OUTER_BOUND('',#18754,.F.);
#18756=ADVANCED_FACE('',(#18755),#18746,.F.);
#18757=CARTESIAN_POINT('',(-6.579737205584E0,5.79E0,-5.81E0));
#18758=DIRECTION('',(-8.660254037844E-1,0.E0,-5.E-1));
#18759=DIRECTION('',(5.E-1,0.E0,-8.660254037844E-1));
#18760=AXIS2_PLACEMENT_3D('',#18757,#18758,#18759);
#18761=PLANE('',#18760);
#18762=ORIENTED_EDGE('',*,*,#18686,.T.);
#18764=ORIENTED_EDGE('',*,*,#18763,.F.);
#18766=ORIENTED_EDGE('',*,*,#18765,.F.);
#18768=ORIENTED_EDGE('',*,*,#18767,.T.);
#18769=EDGE_LOOP('',(#18762,#18764,#18766,#18768));
#18770=FACE_OUTER_BOUND('',#18769,.F.);
#18771=ADVANCED_FACE('',(#18770),#18761,.T.);
#18772=CARTESIAN_POINT('',(-6.35E0,5.560262794416E0,-5.81E0));
#18773=DIRECTION('',(0.E0,-8.660254037844E-1,-5.E-1));
#18774=DIRECTION('',(0.E0,-5.E-1,8.660254037844E-1));
#18775=AXIS2_PLACEMENT_3D('',#18772,#18773,#18774);
#18776=PLANE('',#18775);
#18778=ORIENTED_EDGE('',*,*,#18777,.F.);
#18780=ORIENTED_EDGE('',*,*,#18779,.F.);
#18782=ORIENTED_EDGE('',*,*,#18781,.T.);
#18783=ORIENTED_EDGE('',*,*,#18763,.T.);
#18784=EDGE_LOOP('',(#18778,#18780,#18782,#18783));
#18785=FACE_OUTER_BOUND('',#18784,.F.);
#18786=ADVANCED_FACE('',(#18785),#18776,.T.);
#18787=CARTESIAN_POINT('',(-6.675E0,5.465E0,2.95E-1));
#18788=DIRECTION('',(0.E0,-1.E0,0.E0));
#18789=DIRECTION('',(0.E0,0.E0,-1.E0));
#18790=AXIS2_PLACEMENT_3D('',#18787,#18788,#18789);
#18791=PLANE('',#18790);
#18792=ORIENTED_EDGE('',*,*,#18777,.T.);
#18793=ORIENTED_EDGE('',*,*,#18699,.F.);
#18795=ORIENTED_EDGE('',*,*,#18794,.T.);
#18797=ORIENTED_EDGE('',*,*,#18796,.T.);
#18798=EDGE_LOOP('',(#18792,#18793,#18795,#18797));
#18799=FACE_OUTER_BOUND('',#18798,.F.);
#18800=ADVANCED_FACE('',(#18799),#18791,.T.);
#18801=CARTESIAN_POINT('',(-6.675E0,4.815E0,2.95E-1));
#18802=DIRECTION('',(1.E0,0.E0,0.E0));
#18803=DIRECTION('',(0.E0,0.E0,-1.E0));
#18804=AXIS2_PLACEMENT_3D('',#18801,#18802,#18803);
#18805=CYLINDRICAL_SURFACE('',#18804,6.5E-1);
#18806=ORIENTED_EDGE('',*,*,#18697,.F.);
#18808=ORIENTED_EDGE('',*,*,#18807,.T.);
#18810=ORIENTED_EDGE('',*,*,#18809,.T.);
#18811=ORIENTED_EDGE('',*,*,#18794,.F.);
#18812=EDGE_LOOP('',(#18806,#18808,#18810,#18811));
#18813=FACE_OUTER_BOUND('',#18812,.F.);
#18814=ADVANCED_FACE('',(#18813),#18805,.F.);
#18815=CARTESIAN_POINT('',(-6.675E0,1.E0,9.45E-1));
#18816=DIRECTION('',(0.E0,0.E0,-1.E0));
#18817=DIRECTION('',(0.E0,1.E0,0.E0));
#18818=AXIS2_PLACEMENT_3D('',#18815,#18816,#18817);
#18819=PLANE('',#18818);
#18820=ORIENTED_EDGE('',*,*,#10846,.T.);
#18822=ORIENTED_EDGE('',*,*,#18821,.T.);
#18823=ORIENTED_EDGE('',*,*,#18807,.F.);
#18824=ORIENTED_EDGE('',*,*,#18695,.F.);
#18825=EDGE_LOOP('',(#18820,#18822,#18823,#18824));
#18826=FACE_OUTER_BOUND('',#18825,.F.);
#18827=ADVANCED_FACE('',(#18826),#18819,.T.);
#18828=CARTESIAN_POINT('',(-6.025E0,0.E0,0.E0));
#18829=DIRECTION('',(1.E0,0.E0,0.E0));
#18830=DIRECTION('',(0.E0,0.E0,-1.E0));
#18831=AXIS2_PLACEMENT_3D('',#18828,#18829,#18830);
#18832=PLANE('',#18831);
#18834=ORIENTED_EDGE('',*,*,#18833,.F.);
#18835=ORIENTED_EDGE('',*,*,#18796,.F.);
#18836=ORIENTED_EDGE('',*,*,#18809,.F.);
#18837=ORIENTED_EDGE('',*,*,#18821,.F.);
#18838=ORIENTED_EDGE('',*,*,#10844,.T.);
#18840=ORIENTED_EDGE('',*,*,#18839,.F.);
#18842=ORIENTED_EDGE('',*,*,#18841,.F.);
#18844=ORIENTED_EDGE('',*,*,#18843,.F.);
#18845=EDGE_LOOP('',(#18834,#18835,#18836,#18837,#18838,#18840,#18842,#18844));
#18846=FACE_OUTER_BOUND('',#18845,.F.);
#18847=ADVANCED_FACE('',(#18846),#18832,.T.);
#18848=CARTESIAN_POINT('',(-6.025E0,0.E0,0.E0));
#18849=DIRECTION('',(1.E0,0.E0,0.E0));
#18850=DIRECTION('',(0.E0,0.E0,-1.E0));
#18851=AXIS2_PLACEMENT_3D('',#18848,#18849,#18850);
#18852=PLANE('',#18851);
#18854=ORIENTED_EDGE('',*,*,#18853,.F.);
#18856=ORIENTED_EDGE('',*,*,#18855,.F.);
#18858=ORIENTED_EDGE('',*,*,#18857,.F.);
#18860=ORIENTED_EDGE('',*,*,#18859,.F.);
#18861=ORIENTED_EDGE('',*,*,#10834,.T.);
#18863=ORIENTED_EDGE('',*,*,#18862,.F.);
#18865=ORIENTED_EDGE('',*,*,#18864,.F.);
#18867=ORIENTED_EDGE('',*,*,#18866,.F.);
#18868=EDGE_LOOP('',(#18854,#18856,#18858,#18860,#18861,#18863,#18865,#18867));
#18869=FACE_OUTER_BOUND('',#18868,.F.);
#18870=ADVANCED_FACE('',(#18869),#18852,.T.);
#18871=CARTESIAN_POINT('',(-6.025E0,0.E0,0.E0));
#18872=DIRECTION('',(1.E0,0.E0,0.E0));
#18873=DIRECTION('',(0.E0,0.E0,-1.E0));
#18874=AXIS2_PLACEMENT_3D('',#18871,#18872,#18873);
#18875=PLANE('',#18874);
#18877=ORIENTED_EDGE('',*,*,#18876,.F.);
#18879=ORIENTED_EDGE('',*,*,#18878,.F.);
#18880=ORIENTED_EDGE('',*,*,#9672,.F.);
#18882=ORIENTED_EDGE('',*,*,#18881,.F.);
#18883=EDGE_LOOP('',(#18877,#18879,#18880,#18882));
#18884=FACE_OUTER_BOUND('',#18883,.F.);
#18885=ADVANCED_FACE('',(#18884),#18875,.T.);
#18886=CARTESIAN_POINT('',(-6.025E0,0.E0,0.E0));
#18887=DIRECTION('',(1.E0,0.E0,0.E0));
#18888=DIRECTION('',(0.E0,0.E0,-1.E0));
#18889=AXIS2_PLACEMENT_3D('',#18886,#18887,#18888);
#18890=PLANE('',#18889);
#18892=ORIENTED_EDGE('',*,*,#18891,.F.);
#18894=ORIENTED_EDGE('',*,*,#18893,.F.);
#18895=ORIENTED_EDGE('',*,*,#9682,.F.);
#18897=ORIENTED_EDGE('',*,*,#18896,.F.);
#18898=EDGE_LOOP('',(#18892,#18894,#18895,#18897));
#18899=FACE_OUTER_BOUND('',#18898,.F.);
#18900=ADVANCED_FACE('',(#18899),#18890,.T.);
#18901=CARTESIAN_POINT('',(-6.120262794416E0,5.79E0,-5.81E0));
#18902=DIRECTION('',(8.660254037844E-1,0.E0,-5.E-1));
#18903=DIRECTION('',(-5.E-1,0.E0,-8.660254037844E-1));
#18904=AXIS2_PLACEMENT_3D('',#18901,#18902,#18903);
#18905=PLANE('',#18904);
#18907=ORIENTED_EDGE('',*,*,#18906,.F.);
#18908=ORIENTED_EDGE('',*,*,#18779,.T.);
#18909=ORIENTED_EDGE('',*,*,#18833,.T.);
#18911=ORIENTED_EDGE('',*,*,#18910,.T.);
#18912=EDGE_LOOP('',(#18907,#18908,#18909,#18911));
#18913=FACE_OUTER_BOUND('',#18912,.F.);
#18914=ADVANCED_FACE('',(#18913),#18905,.T.);
#18915=CARTESIAN_POINT('',(-6.675E0,5.465E0,-5.975E0));
#18916=DIRECTION('',(0.E0,0.E0,-1.E0));
#18917=DIRECTION('',(0.E0,1.E0,0.E0));
#18918=AXIS2_PLACEMENT_3D('',#18915,#18916,#18917);
#18919=PLANE('',#18918);
#18920=ORIENTED_EDGE('',*,*,#18906,.T.);
#18922=ORIENTED_EDGE('',*,*,#18921,.T.);
#18923=ORIENTED_EDGE('',*,*,#18765,.T.);
#18924=ORIENTED_EDGE('',*,*,#18781,.F.);
#18925=EDGE_LOOP('',(#18920,#18922,#18923,#18924));
#18926=FACE_OUTER_BOUND('',#18925,.F.);
#18927=ADVANCED_FACE('',(#18926),#18919,.T.);
#18928=CARTESIAN_POINT('',(-6.35E0,6.019737205584E0,-5.81E0));
#18929=DIRECTION('',(0.E0,8.660254037844E-1,-5.E-1));
#18930=DIRECTION('',(0.E0,-5.E-1,-8.660254037844E-1));
#18931=AXIS2_PLACEMENT_3D('',#18928,#18929,#18930);
#18932=PLANE('',#18931);
#18934=ORIENTED_EDGE('',*,*,#18933,.T.);
#18935=ORIENTED_EDGE('',*,*,#18767,.F.);
#18936=ORIENTED_EDGE('',*,*,#18921,.F.);
#18937=ORIENTED_EDGE('',*,*,#18910,.F.);
#18938=EDGE_LOOP('',(#18934,#18935,#18936,#18937));
#18939=FACE_OUTER_BOUND('',#18938,.F.);
#18940=ADVANCED_FACE('',(#18939),#18932,.T.);
#18941=CARTESIAN_POINT('',(-6.675E0,6.115E0,-5.975E0));
#18942=DIRECTION('',(0.E0,1.E0,0.E0));
#18943=DIRECTION('',(0.E0,0.E0,1.E0));
#18944=AXIS2_PLACEMENT_3D('',#18941,#18942,#18943);
#18945=PLANE('',#18944);
#18946=ORIENTED_EDGE('',*,*,#18933,.F.);
#18947=ORIENTED_EDGE('',*,*,#18843,.T.);
#18949=ORIENTED_EDGE('',*,*,#18948,.F.);
#18950=ORIENTED_EDGE('',*,*,#18688,.F.);
#18951=EDGE_LOOP('',(#18946,#18947,#18949,#18950));
#18952=FACE_OUTER_BOUND('',#18951,.F.);
#18953=ADVANCED_FACE('',(#18952),#18945,.T.);
#18954=CARTESIAN_POINT('',(-6.675E0,4.815E0,2.95E-1));
#18955=DIRECTION('',(1.E0,0.E0,0.E0));
#18956=DIRECTION('',(0.E0,0.E0,-1.E0));
#18957=AXIS2_PLACEMENT_3D('',#18954,#18955,#18956);
#18958=CYLINDRICAL_SURFACE('',#18957,1.3E0);
#18959=ORIENTED_EDGE('',*,*,#18690,.F.);
#18960=ORIENTED_EDGE('',*,*,#18948,.T.);
#18961=ORIENTED_EDGE('',*,*,#18841,.T.);
#18963=ORIENTED_EDGE('',*,*,#18962,.F.);
#18964=EDGE_LOOP('',(#18959,#18960,#18961,#18963));
#18965=FACE_OUTER_BOUND('',#18964,.F.);
#18966=ADVANCED_FACE('',(#18965),#18958,.T.);
#18967=CARTESIAN_POINT('',(-6.675E0,4.815E0,1.595E0));
#18968=DIRECTION('',(0.E0,0.E0,1.E0));
#18969=DIRECTION('',(0.E0,-1.E0,0.E0));
#18970=AXIS2_PLACEMENT_3D('',#18967,#18968,#18969);
#18971=PLANE('',#18970);
#18972=ORIENTED_EDGE('',*,*,#10842,.F.);
#18973=ORIENTED_EDGE('',*,*,#18692,.F.);
#18974=ORIENTED_EDGE('',*,*,#18962,.T.);
#18975=ORIENTED_EDGE('',*,*,#18839,.T.);
#18976=EDGE_LOOP('',(#18972,#18973,#18974,#18975));
#18977=FACE_OUTER_BOUND('',#18976,.F.);
#18978=ADVANCED_FACE('',(#18977),#18971,.T.);
#18979=CARTESIAN_POINT('',(-6.120262794416E0,3.25E0,-5.81E0));
#18980=DIRECTION('',(8.660254037844E-1,0.E0,-5.E-1));
#18981=DIRECTION('',(-5.E-1,0.E0,-8.660254037844E-1));
#18982=AXIS2_PLACEMENT_3D('',#18979,#18980,#18981);
#18983=PLANE('',#18982);
#18985=ORIENTED_EDGE('',*,*,#18984,.F.);
#18987=ORIENTED_EDGE('',*,*,#18986,.T.);
#18988=ORIENTED_EDGE('',*,*,#18853,.T.);
#18990=ORIENTED_EDGE('',*,*,#18989,.T.);
#18991=EDGE_LOOP('',(#18985,#18987,#18988,#18990));
#18992=FACE_OUTER_BOUND('',#18991,.F.);
#18993=ADVANCED_FACE('',(#18992),#18983,.T.);
#18994=CARTESIAN_POINT('',(-6.675E0,2.925E0,-5.975E0));
#18995=DIRECTION('',(0.E0,0.E0,-1.E0));
#18996=DIRECTION('',(0.E0,1.E0,0.E0));
#18997=AXIS2_PLACEMENT_3D('',#18994,#18995,#18996);
#18998=PLANE('',#18997);
#18999=ORIENTED_EDGE('',*,*,#18984,.T.);
#19001=ORIENTED_EDGE('',*,*,#19000,.T.);
#19003=ORIENTED_EDGE('',*,*,#19002,.T.);
#19005=ORIENTED_EDGE('',*,*,#19004,.F.);
#19006=EDGE_LOOP('',(#18999,#19001,#19003,#19005));
#19007=FACE_OUTER_BOUND('',#19006,.F.);
#19008=ADVANCED_FACE('',(#19007),#18998,.T.);
#19009=CARTESIAN_POINT('',(-6.35E0,3.479737205584E0,-5.81E0));
#19010=DIRECTION('',(0.E0,8.660254037844E-1,-5.E-1));
#19011=DIRECTION('',(0.E0,-5.E-1,-8.660254037844E-1));
#19012=AXIS2_PLACEMENT_3D('',#19009,#19010,#19011);
#19013=PLANE('',#19012);
#19015=ORIENTED_EDGE('',*,*,#19014,.T.);
#19017=ORIENTED_EDGE('',*,*,#19016,.F.);
#19018=ORIENTED_EDGE('',*,*,#19000,.F.);
#19019=ORIENTED_EDGE('',*,*,#18989,.F.);
#19020=EDGE_LOOP('',(#19015,#19017,#19018,#19019));
#19021=FACE_OUTER_BOUND('',#19020,.F.);
#19022=ADVANCED_FACE('',(#19021),#19013,.T.);
#19023=CARTESIAN_POINT('',(-6.675E0,3.575E0,-5.975E0));
#19024=DIRECTION('',(0.E0,1.E0,0.E0));
#19025=DIRECTION('',(0.E0,0.E0,1.E0));
#19026=AXIS2_PLACEMENT_3D('',#19023,#19024,#19025);
#19027=PLANE('',#19026);
#19028=ORIENTED_EDGE('',*,*,#19014,.F.);
#19029=ORIENTED_EDGE('',*,*,#18866,.T.);
#19031=ORIENTED_EDGE('',*,*,#19030,.F.);
#19032=ORIENTED_EDGE('',*,*,#18711,.F.);
#19033=EDGE_LOOP('',(#19028,#19029,#19031,#19032));
#19034=FACE_OUTER_BOUND('',#19033,.F.);
#19035=ADVANCED_FACE('',(#19034),#19027,.T.);
#19036=CARTESIAN_POINT('',(-6.675E0,2.275E0,-2.245E0));
#19037=DIRECTION('',(1.E0,0.E0,0.E0));
#19038=DIRECTION('',(0.E0,0.E0,-1.E0));
#19039=AXIS2_PLACEMENT_3D('',#19036,#19037,#19038);
#19040=CYLINDRICAL_SURFACE('',#19039,1.3E0);
#19041=ORIENTED_EDGE('',*,*,#18713,.F.);
#19042=ORIENTED_EDGE('',*,*,#19030,.T.);
#19043=ORIENTED_EDGE('',*,*,#18864,.T.);
#19045=ORIENTED_EDGE('',*,*,#19044,.F.);
#19046=EDGE_LOOP('',(#19041,#19042,#19043,#19045));
#19047=FACE_OUTER_BOUND('',#19046,.F.);
#19048=ADVANCED_FACE('',(#19047),#19040,.T.);
#19049=CARTESIAN_POINT('',(-6.675E0,2.275E0,-9.45E-1));
#19050=DIRECTION('',(0.E0,0.E0,1.E0));
#19051=DIRECTION('',(0.E0,-1.E0,0.E0));
#19052=AXIS2_PLACEMENT_3D('',#19049,#19050,#19051);
#19053=PLANE('',#19052);
#19054=ORIENTED_EDGE('',*,*,#10832,.F.);
#19055=ORIENTED_EDGE('',*,*,#18715,.F.);
#19056=ORIENTED_EDGE('',*,*,#19044,.T.);
#19057=ORIENTED_EDGE('',*,*,#18862,.T.);
#19058=EDGE_LOOP('',(#19054,#19055,#19056,#19057));
#19059=FACE_OUTER_BOUND('',#19058,.F.);
#19060=ADVANCED_FACE('',(#19059),#19053,.T.);
#19061=CARTESIAN_POINT('',(-6.579737205584E0,3.25E0,-5.81E0));
#19062=DIRECTION('',(-8.660254037844E-1,0.E0,-5.E-1));
#19063=DIRECTION('',(5.E-1,0.E0,-8.660254037844E-1));
#19064=AXIS2_PLACEMENT_3D('',#19061,#19062,#19063);
#19065=PLANE('',#19064);
#19066=ORIENTED_EDGE('',*,*,#18709,.T.);
#19068=ORIENTED_EDGE('',*,*,#19067,.F.);
#19069=ORIENTED_EDGE('',*,*,#19002,.F.);
#19070=ORIENTED_EDGE('',*,*,#19016,.T.);
#19071=EDGE_LOOP('',(#19066,#19068,#19069,#19070));
#19072=FACE_OUTER_BOUND('',#19071,.F.);
#19073=ADVANCED_FACE('',(#19072),#19065,.T.);
#19074=CARTESIAN_POINT('',(-6.35E0,3.020262794416E0,-5.81E0));
#19075=DIRECTION('',(0.E0,-8.660254037844E-1,-5.E-1));
#19076=DIRECTION('',(0.E0,-5.E-1,8.660254037844E-1));
#19077=AXIS2_PLACEMENT_3D('',#19074,#19075,#19076);
#19078=PLANE('',#19077);
#19080=ORIENTED_EDGE('',*,*,#19079,.F.);
#19081=ORIENTED_EDGE('',*,*,#18986,.F.);
#19082=ORIENTED_EDGE('',*,*,#19004,.T.);
#19083=ORIENTED_EDGE('',*,*,#19067,.T.);
#19084=EDGE_LOOP('',(#19080,#19081,#19082,#19083));
#19085=FACE_OUTER_BOUND('',#19084,.F.);
#19086=ADVANCED_FACE('',(#19085),#19078,.T.);
#19087=CARTESIAN_POINT('',(-6.675E0,2.925E0,-2.245E0));
#19088=DIRECTION('',(0.E0,-1.E0,0.E0));
#19089=DIRECTION('',(0.E0,0.E0,-1.E0));
#19090=AXIS2_PLACEMENT_3D('',#19087,#19088,#19089);
#19091=PLANE('',#19090);
#19092=ORIENTED_EDGE('',*,*,#19079,.T.);
#19093=ORIENTED_EDGE('',*,*,#18722,.F.);
#19095=ORIENTED_EDGE('',*,*,#19094,.T.);
#19096=ORIENTED_EDGE('',*,*,#18855,.T.);
#19097=EDGE_LOOP('',(#19092,#19093,#19095,#19096));
#19098=FACE_OUTER_BOUND('',#19097,.F.);
#19099=ADVANCED_FACE('',(#19098),#19091,.T.);
#19100=CARTESIAN_POINT('',(-6.675E0,2.275E0,-2.245E0));
#19101=DIRECTION('',(1.E0,0.E0,0.E0));
#19102=DIRECTION('',(0.E0,0.E0,-1.E0));
#19103=AXIS2_PLACEMENT_3D('',#19100,#19101,#19102);
#19104=CYLINDRICAL_SURFACE('',#19103,6.5E-1);
#19105=ORIENTED_EDGE('',*,*,#18720,.F.);
#19107=ORIENTED_EDGE('',*,*,#19106,.T.);
#19108=ORIENTED_EDGE('',*,*,#18857,.T.);
#19109=ORIENTED_EDGE('',*,*,#19094,.F.);
#19110=EDGE_LOOP('',(#19105,#19107,#19108,#19109));
#19111=FACE_OUTER_BOUND('',#19110,.F.);
#19112=ADVANCED_FACE('',(#19111),#19104,.F.);
#19113=CARTESIAN_POINT('',(-6.675E0,1.E0,-1.595E0));
#19114=DIRECTION('',(0.E0,0.E0,-1.E0));
#19115=DIRECTION('',(0.E0,1.E0,0.E0));
#19116=AXIS2_PLACEMENT_3D('',#19113,#19114,#19115);
#19117=PLANE('',#19116);
#19118=ORIENTED_EDGE('',*,*,#10836,.T.);
#19119=ORIENTED_EDGE('',*,*,#18859,.T.);
#19120=ORIENTED_EDGE('',*,*,#19106,.F.);
#19121=ORIENTED_EDGE('',*,*,#18718,.F.);
#19122=EDGE_LOOP('',(#19118,#19119,#19120,#19121));
#19123=FACE_OUTER_BOUND('',#19122,.F.);
#19124=ADVANCED_FACE('',(#19123),#19117,.T.);
#19125=CARTESIAN_POINT('',(-6.120262794416E0,-7.585E0,-1.27E0));
#19126=DIRECTION('',(8.660254037844E-1,-5.E-1,0.E0));
#19127=DIRECTION('',(-5.E-1,-8.660254037844E-1,0.E0));
#19128=AXIS2_PLACEMENT_3D('',#19125,#19126,#19127);
#19129=PLANE('',#19128);
#19131=ORIENTED_EDGE('',*,*,#19130,.F.);
#19133=ORIENTED_EDGE('',*,*,#19132,.T.);
#19134=ORIENTED_EDGE('',*,*,#18876,.T.);
#19136=ORIENTED_EDGE('',*,*,#19135,.T.);
#19137=EDGE_LOOP('',(#19131,#19133,#19134,#19136));
#19138=FACE_OUTER_BOUND('',#19137,.F.);
#19139=ADVANCED_FACE('',(#19138),#19129,.T.);
#19140=CARTESIAN_POINT('',(-6.675E0,-7.75E0,-9.45E-1));
#19141=DIRECTION('',(0.E0,-1.E0,0.E0));
#19142=DIRECTION('',(0.E0,0.E0,-1.E0));
#19143=AXIS2_PLACEMENT_3D('',#19140,#19141,#19142);
#19144=PLANE('',#19143);
#19145=ORIENTED_EDGE('',*,*,#19130,.T.);
#19147=ORIENTED_EDGE('',*,*,#19146,.T.);
#19149=ORIENTED_EDGE('',*,*,#19148,.T.);
#19151=ORIENTED_EDGE('',*,*,#19150,.F.);
#19152=EDGE_LOOP('',(#19145,#19147,#19149,#19151));
#19153=FACE_OUTER_BOUND('',#19152,.F.);
#19154=ADVANCED_FACE('',(#19153),#19144,.T.);
#19155=CARTESIAN_POINT('',(-6.35E0,-7.585E0,-1.499737205584E0));
#19156=DIRECTION('',(0.E0,-5.E-1,-8.660254037844E-1));
#19157=DIRECTION('',(0.E0,-8.660254037844E-1,5.E-1));
#19158=AXIS2_PLACEMENT_3D('',#19155,#19156,#19157);
#19159=PLANE('',#19158);
#19161=ORIENTED_EDGE('',*,*,#19160,.T.);
#19163=ORIENTED_EDGE('',*,*,#19162,.F.);
#19164=ORIENTED_EDGE('',*,*,#19146,.F.);
#19165=ORIENTED_EDGE('',*,*,#19135,.F.);
#19166=EDGE_LOOP('',(#19161,#19163,#19164,#19165));
#19167=FACE_OUTER_BOUND('',#19166,.F.);
#19168=ADVANCED_FACE('',(#19167),#19159,.T.);
#19169=CARTESIAN_POINT('',(-6.675E0,-7.75E0,-1.595E0));
#19170=DIRECTION('',(0.E0,0.E0,-1.E0));
#19171=DIRECTION('',(0.E0,1.E0,0.E0));
#19172=AXIS2_PLACEMENT_3D('',#19169,#19170,#19171);
#19173=PLANE('',#19172);
#19174=ORIENTED_EDGE('',*,*,#19160,.F.);
#19175=ORIENTED_EDGE('',*,*,#18881,.T.);
#19176=ORIENTED_EDGE('',*,*,#9670,.F.);
#19177=ORIENTED_EDGE('',*,*,#18734,.F.);
#19178=EDGE_LOOP('',(#19174,#19175,#19176,#19177));
#19179=FACE_OUTER_BOUND('',#19178,.F.);
#19180=ADVANCED_FACE('',(#19179),#19173,.T.);
#19181=CARTESIAN_POINT('',(-6.579737205584E0,-7.585E0,-1.27E0));
#19182=DIRECTION('',(-8.660254037844E-1,-5.E-1,0.E0));
#19183=DIRECTION('',(5.E-1,-8.660254037844E-1,0.E0));
#19184=AXIS2_PLACEMENT_3D('',#19181,#19182,#19183);
#19185=PLANE('',#19184);
#19186=ORIENTED_EDGE('',*,*,#19148,.F.);
#19187=ORIENTED_EDGE('',*,*,#19162,.T.);
#19188=ORIENTED_EDGE('',*,*,#18732,.T.);
#19190=ORIENTED_EDGE('',*,*,#19189,.T.);
#19191=EDGE_LOOP('',(#19186,#19187,#19188,#19190));
#19192=FACE_OUTER_BOUND('',#19191,.F.);
#19193=ADVANCED_FACE('',(#19192),#19185,.T.);
#19194=CARTESIAN_POINT('',(-6.35E0,-7.585E0,-1.040262794416E0));
#19195=DIRECTION('',(0.E0,-5.E-1,8.660254037844E-1));
#19196=DIRECTION('',(0.E0,8.660254037844E-1,5.E-1));
#19197=AXIS2_PLACEMENT_3D('',#19194,#19195,#19196);
#19198=PLANE('',#19197);
#19199=ORIENTED_EDGE('',*,*,#19150,.T.);
#19200=ORIENTED_EDGE('',*,*,#19189,.F.);
#19202=ORIENTED_EDGE('',*,*,#19201,.F.);
#19203=ORIENTED_EDGE('',*,*,#19132,.F.);
#19204=EDGE_LOOP('',(#19199,#19200,#19202,#19203));
#19205=FACE_OUTER_BOUND('',#19204,.F.);
#19206=ADVANCED_FACE('',(#19205),#19198,.T.);
#19207=CARTESIAN_POINT('',(-6.675E0,-1.E0,-9.45E-1));
#19208=DIRECTION('',(0.E0,0.E0,1.E0));
#19209=DIRECTION('',(0.E0,-1.E0,0.E0));
#19210=AXIS2_PLACEMENT_3D('',#19207,#19208,#19209);
#19211=PLANE('',#19210);
#19212=ORIENTED_EDGE('',*,*,#19201,.T.);
#19213=ORIENTED_EDGE('',*,*,#18737,.F.);
#19214=ORIENTED_EDGE('',*,*,#9674,.T.);
#19215=ORIENTED_EDGE('',*,*,#18878,.T.);
#19216=EDGE_LOOP('',(#19212,#19213,#19214,#19215));
#19217=FACE_OUTER_BOUND('',#19216,.F.);
#19218=ADVANCED_FACE('',(#19217),#19211,.T.);
#19219=CARTESIAN_POINT('',(-6.120262794416E0,-7.585E0,1.27E0));
#19220=DIRECTION('',(8.660254037844E-1,-5.E-1,0.E0));
#19221=DIRECTION('',(-5.E-1,-8.660254037844E-1,0.E0));
#19222=AXIS2_PLACEMENT_3D('',#19219,#19220,#19221);
#19223=PLANE('',#19222);
#19225=ORIENTED_EDGE('',*,*,#19224,.F.);
#19227=ORIENTED_EDGE('',*,*,#19226,.T.);
#19228=ORIENTED_EDGE('',*,*,#18891,.T.);
#19230=ORIENTED_EDGE('',*,*,#19229,.F.);
#19231=EDGE_LOOP('',(#19225,#19227,#19228,#19230));
#19232=FACE_OUTER_BOUND('',#19231,.F.);
#19233=ADVANCED_FACE('',(#19232),#19223,.T.);
#19234=CARTESIAN_POINT('',(-6.675E0,-7.75E0,1.595E0));
#19235=DIRECTION('',(0.E0,-1.E0,0.E0));
#19236=DIRECTION('',(0.E0,0.E0,-1.E0));
#19237=AXIS2_PLACEMENT_3D('',#19234,#19235,#19236);
#19238=PLANE('',#19237);
#19240=ORIENTED_EDGE('',*,*,#19239,.T.);
#19242=ORIENTED_EDGE('',*,*,#19241,.T.);
#19244=ORIENTED_EDGE('',*,*,#19243,.F.);
#19245=ORIENTED_EDGE('',*,*,#19224,.T.);
#19246=EDGE_LOOP('',(#19240,#19242,#19244,#19245));
#19247=FACE_OUTER_BOUND('',#19246,.F.);
#19248=ADVANCED_FACE('',(#19247),#19238,.T.);
#19249=CARTESIAN_POINT('',(-6.35E0,-7.585E0,1.040262794416E0));
#19250=DIRECTION('',(0.E0,-5.E-1,-8.660254037844E-1));
#19251=DIRECTION('',(0.E0,-8.660254037844E-1,5.E-1));
#19252=AXIS2_PLACEMENT_3D('',#19249,#19250,#19251);
#19253=PLANE('',#19252);
#19255=ORIENTED_EDGE('',*,*,#19254,.T.);
#19257=ORIENTED_EDGE('',*,*,#19256,.F.);
#19258=ORIENTED_EDGE('',*,*,#19239,.F.);
#19259=ORIENTED_EDGE('',*,*,#19229,.T.);
#19260=EDGE_LOOP('',(#19255,#19257,#19258,#19259));
#19261=FACE_OUTER_BOUND('',#19260,.F.);
#19262=ADVANCED_FACE('',(#19261),#19253,.T.);
#19263=CARTESIAN_POINT('',(-6.675E0,-7.75E0,9.45E-1));
#19264=DIRECTION('',(0.E0,0.E0,-1.E0));
#19265=DIRECTION('',(0.E0,1.E0,0.E0));
#19266=AXIS2_PLACEMENT_3D('',#19263,#19264,#19265);
#19267=PLANE('',#19266);
#19268=ORIENTED_EDGE('',*,*,#19254,.F.);
#19269=ORIENTED_EDGE('',*,*,#18896,.T.);
#19270=ORIENTED_EDGE('',*,*,#9680,.F.);
#19271=ORIENTED_EDGE('',*,*,#18749,.F.);
#19272=EDGE_LOOP('',(#19268,#19269,#19270,#19271));
#19273=FACE_OUTER_BOUND('',#19272,.F.);
#19274=ADVANCED_FACE('',(#19273),#19267,.T.);
#19275=CARTESIAN_POINT('',(-6.579737205584E0,-7.585E0,1.27E0));
#19276=DIRECTION('',(-8.660254037844E-1,-5.E-1,0.E0));
#19277=DIRECTION('',(5.E-1,-8.660254037844E-1,0.E0));
#19278=AXIS2_PLACEMENT_3D('',#19275,#19276,#19277);
#19279=PLANE('',#19278);
#19280=ORIENTED_EDGE('',*,*,#18747,.T.);
#19282=ORIENTED_EDGE('',*,*,#19281,.F.);
#19283=ORIENTED_EDGE('',*,*,#19241,.F.);
#19284=ORIENTED_EDGE('',*,*,#19256,.T.);
#19285=EDGE_LOOP('',(#19280,#19282,#19283,#19284));
#19286=FACE_OUTER_BOUND('',#19285,.F.);
#19287=ADVANCED_FACE('',(#19286),#19279,.T.);
#19288=CARTESIAN_POINT('',(-6.35E0,-7.585E0,1.499737205584E0));
#19289=DIRECTION('',(0.E0,-5.E-1,8.660254037844E-1));
#19290=DIRECTION('',(0.E0,8.660254037844E-1,5.E-1));
#19291=AXIS2_PLACEMENT_3D('',#19288,#19289,#19290);
#19292=PLANE('',#19291);
#19294=ORIENTED_EDGE('',*,*,#19293,.F.);
#19295=ORIENTED_EDGE('',*,*,#19226,.F.);
#19296=ORIENTED_EDGE('',*,*,#19243,.T.);
#19297=ORIENTED_EDGE('',*,*,#19281,.T.);
#19298=EDGE_LOOP('',(#19294,#19295,#19296,#19297));
#19299=FACE_OUTER_BOUND('',#19298,.F.);
#19300=ADVANCED_FACE('',(#19299),#19292,.T.);
#19301=CARTESIAN_POINT('',(-6.675E0,-1.E0,1.595E0));
#19302=DIRECTION('',(0.E0,0.E0,1.E0));
#19303=DIRECTION('',(0.E0,-1.E0,0.E0));
#19304=AXIS2_PLACEMENT_3D('',#19301,#19302,#19303);
#19305=PLANE('',#19304);
#19306=ORIENTED_EDGE('',*,*,#19293,.T.);
#19307=ORIENTED_EDGE('',*,*,#18752,.F.);
#19308=ORIENTED_EDGE('',*,*,#9684,.T.);
#19309=ORIENTED_EDGE('',*,*,#18893,.T.);
#19310=EDGE_LOOP('',(#19306,#19307,#19308,#19309));
#19311=FACE_OUTER_BOUND('',#19310,.F.);
#19312=ADVANCED_FACE('',(#19311),#19305,.T.);
#19313=CARTESIAN_POINT('',(-9.215E0,0.E0,0.E0));
#19314=DIRECTION('',(1.E0,0.E0,0.E0));
#19315=DIRECTION('',(0.E0,0.E0,-1.E0));
#19316=AXIS2_PLACEMENT_3D('',#19313,#19314,#19315);
#19317=PLANE('',#19316);
#19319=ORIENTED_EDGE('',*,*,#19318,.F.);
#19321=ORIENTED_EDGE('',*,*,#19320,.T.);
#19323=ORIENTED_EDGE('',*,*,#19322,.T.);
#19325=ORIENTED_EDGE('',*,*,#19324,.T.);
#19326=ORIENTED_EDGE('',*,*,#10860,.F.);
#19328=ORIENTED_EDGE('',*,*,#19327,.T.);
#19330=ORIENTED_EDGE('',*,*,#19329,.T.);
#19332=ORIENTED_EDGE('',*,*,#19331,.T.);
#19333=EDGE_LOOP('',(#19319,#19321,#19323,#19325,#19326,#19328,#19330,#19332));
#19334=FACE_OUTER_BOUND('',#19333,.F.);
#19335=ADVANCED_FACE('',(#19334),#19317,.F.);
#19336=CARTESIAN_POINT('',(-9.215E0,0.E0,0.E0));
#19337=DIRECTION('',(1.E0,0.E0,0.E0));
#19338=DIRECTION('',(0.E0,0.E0,-1.E0));
#19339=AXIS2_PLACEMENT_3D('',#19336,#19337,#19338);
#19340=PLANE('',#19339);
#19342=ORIENTED_EDGE('',*,*,#19341,.F.);
#19344=ORIENTED_EDGE('',*,*,#19343,.T.);
#19346=ORIENTED_EDGE('',*,*,#19345,.T.);
#19348=ORIENTED_EDGE('',*,*,#19347,.T.);
#19349=ORIENTED_EDGE('',*,*,#10850,.F.);
#19351=ORIENTED_EDGE('',*,*,#19350,.T.);
#19353=ORIENTED_EDGE('',*,*,#19352,.T.);
#19355=ORIENTED_EDGE('',*,*,#19354,.T.);
#19356=EDGE_LOOP('',(#19342,#19344,#19346,#19348,#19349,#19351,#19353,#19355));
#19357=FACE_OUTER_BOUND('',#19356,.F.);
#19358=ADVANCED_FACE('',(#19357),#19340,.F.);
#19359=CARTESIAN_POINT('',(-9.215E0,0.E0,0.E0));
#19360=DIRECTION('',(1.E0,0.E0,0.E0));
#19361=DIRECTION('',(0.E0,0.E0,-1.E0));
#19362=AXIS2_PLACEMENT_3D('',#19359,#19360,#19361);
#19363=PLANE('',#19362);
#19365=ORIENTED_EDGE('',*,*,#19364,.F.);
#19367=ORIENTED_EDGE('',*,*,#19366,.T.);
#19368=ORIENTED_EDGE('',*,*,#9688,.T.);
#19370=ORIENTED_EDGE('',*,*,#19369,.T.);
#19371=EDGE_LOOP('',(#19365,#19367,#19368,#19370));
#19372=FACE_OUTER_BOUND('',#19371,.F.);
#19373=ADVANCED_FACE('',(#19372),#19363,.F.);
#19374=CARTESIAN_POINT('',(-9.215E0,0.E0,0.E0));
#19375=DIRECTION('',(1.E0,0.E0,0.E0));
#19376=DIRECTION('',(0.E0,0.E0,-1.E0));
#19377=AXIS2_PLACEMENT_3D('',#19374,#19375,#19376);
#19378=PLANE('',#19377);
#19380=ORIENTED_EDGE('',*,*,#19379,.F.);
#19382=ORIENTED_EDGE('',*,*,#19381,.T.);
#19383=ORIENTED_EDGE('',*,*,#9698,.T.);
#19385=ORIENTED_EDGE('',*,*,#19384,.T.);
#19386=EDGE_LOOP('',(#19380,#19382,#19383,#19385));
#19387=FACE_OUTER_BOUND('',#19386,.F.);
#19388=ADVANCED_FACE('',(#19387),#19378,.F.);
#19389=CARTESIAN_POINT('',(-9.119737205584E0,5.79E0,-5.81E0));
#19390=DIRECTION('',(-8.660254037844E-1,0.E0,-5.E-1));
#19391=DIRECTION('',(5.E-1,0.E0,-8.660254037844E-1));
#19392=AXIS2_PLACEMENT_3D('',#19389,#19390,#19391);
#19393=PLANE('',#19392);
#19394=ORIENTED_EDGE('',*,*,#19318,.T.);
#19396=ORIENTED_EDGE('',*,*,#19395,.F.);
#19398=ORIENTED_EDGE('',*,*,#19397,.F.);
#19400=ORIENTED_EDGE('',*,*,#19399,.T.);
#19401=EDGE_LOOP('',(#19394,#19396,#19398,#19400));
#19402=FACE_OUTER_BOUND('',#19401,.F.);
#19403=ADVANCED_FACE('',(#19402),#19393,.T.);
#19404=CARTESIAN_POINT('',(-8.89E0,5.560262794416E0,-5.81E0));
#19405=DIRECTION('',(0.E0,-8.660254037844E-1,-5.E-1));
#19406=DIRECTION('',(0.E0,-5.E-1,8.660254037844E-1));
#19407=AXIS2_PLACEMENT_3D('',#19404,#19405,#19406);
#19408=PLANE('',#19407);
#19410=ORIENTED_EDGE('',*,*,#19409,.F.);
#19412=ORIENTED_EDGE('',*,*,#19411,.F.);
#19414=ORIENTED_EDGE('',*,*,#19413,.T.);
#19415=ORIENTED_EDGE('',*,*,#19395,.T.);
#19416=EDGE_LOOP('',(#19410,#19412,#19414,#19415));
#19417=FACE_OUTER_BOUND('',#19416,.F.);
#19418=ADVANCED_FACE('',(#19417),#19408,.T.);
#19419=CARTESIAN_POINT('',(-9.215E0,5.465E0,2.95E-1));
#19420=DIRECTION('',(0.E0,-1.E0,0.E0));
#19421=DIRECTION('',(0.E0,0.E0,-1.E0));
#19422=AXIS2_PLACEMENT_3D('',#19419,#19420,#19421);
#19423=PLANE('',#19422);
#19424=ORIENTED_EDGE('',*,*,#19409,.T.);
#19425=ORIENTED_EDGE('',*,*,#19331,.F.);
#19427=ORIENTED_EDGE('',*,*,#19426,.T.);
#19429=ORIENTED_EDGE('',*,*,#19428,.T.);
#19430=EDGE_LOOP('',(#19424,#19425,#19427,#19429));
#19431=FACE_OUTER_BOUND('',#19430,.F.);
#19432=ADVANCED_FACE('',(#19431),#19423,.T.);
#19433=CARTESIAN_POINT('',(-9.215E0,4.815E0,2.95E-1));
#19434=DIRECTION('',(1.E0,0.E0,0.E0));
#19435=DIRECTION('',(0.E0,0.E0,-1.E0));
#19436=AXIS2_PLACEMENT_3D('',#19433,#19434,#19435);
#19437=CYLINDRICAL_SURFACE('',#19436,6.5E-1);
#19438=ORIENTED_EDGE('',*,*,#19329,.F.);
#19440=ORIENTED_EDGE('',*,*,#19439,.T.);
#19442=ORIENTED_EDGE('',*,*,#19441,.T.);
#19443=ORIENTED_EDGE('',*,*,#19426,.F.);
#19444=EDGE_LOOP('',(#19438,#19440,#19442,#19443));
#19445=FACE_OUTER_BOUND('',#19444,.F.);
#19446=ADVANCED_FACE('',(#19445),#19437,.F.);
#19447=CARTESIAN_POINT('',(-9.215E0,1.E0,9.45E-1));
#19448=DIRECTION('',(0.E0,0.E0,-1.E0));
#19449=DIRECTION('',(0.E0,1.E0,0.E0));
#19450=AXIS2_PLACEMENT_3D('',#19447,#19448,#19449);
#19451=PLANE('',#19450);
#19452=ORIENTED_EDGE('',*,*,#10866,.T.);
#19454=ORIENTED_EDGE('',*,*,#19453,.T.);
#19455=ORIENTED_EDGE('',*,*,#19439,.F.);
#19456=ORIENTED_EDGE('',*,*,#19327,.F.);
#19457=EDGE_LOOP('',(#19452,#19454,#19455,#19456));
#19458=FACE_OUTER_BOUND('',#19457,.F.);
#19459=ADVANCED_FACE('',(#19458),#19451,.T.);
#19460=CARTESIAN_POINT('',(-8.565E0,0.E0,0.E0));
#19461=DIRECTION('',(1.E0,0.E0,0.E0));
#19462=DIRECTION('',(0.E0,0.E0,-1.E0));
#19463=AXIS2_PLACEMENT_3D('',#19460,#19461,#19462);
#19464=PLANE('',#19463);
#19466=ORIENTED_EDGE('',*,*,#19465,.F.);
#19467=ORIENTED_EDGE('',*,*,#19428,.F.);
#19468=ORIENTED_EDGE('',*,*,#19441,.F.);
#19469=ORIENTED_EDGE('',*,*,#19453,.F.);
#19470=ORIENTED_EDGE('',*,*,#10864,.T.);
#19472=ORIENTED_EDGE('',*,*,#19471,.F.);
#19474=ORIENTED_EDGE('',*,*,#19473,.F.);
#19476=ORIENTED_EDGE('',*,*,#19475,.F.);
#19477=EDGE_LOOP('',(#19466,#19467,#19468,#19469,#19470,#19472,#19474,#19476));
#19478=FACE_OUTER_BOUND('',#19477,.F.);
#19479=ADVANCED_FACE('',(#19478),#19464,.T.);
#19480=CARTESIAN_POINT('',(-8.565E0,0.E0,0.E0));
#19481=DIRECTION('',(1.E0,0.E0,0.E0));
#19482=DIRECTION('',(0.E0,0.E0,-1.E0));
#19483=AXIS2_PLACEMENT_3D('',#19480,#19481,#19482);
#19484=PLANE('',#19483);
#19486=ORIENTED_EDGE('',*,*,#19485,.F.);
#19488=ORIENTED_EDGE('',*,*,#19487,.F.);
#19490=ORIENTED_EDGE('',*,*,#19489,.F.);
#19492=ORIENTED_EDGE('',*,*,#19491,.F.);
#19493=ORIENTED_EDGE('',*,*,#10854,.T.);
#19495=ORIENTED_EDGE('',*,*,#19494,.F.);
#19497=ORIENTED_EDGE('',*,*,#19496,.F.);
#19499=ORIENTED_EDGE('',*,*,#19498,.F.);
#19500=EDGE_LOOP('',(#19486,#19488,#19490,#19492,#19493,#19495,#19497,#19499));
#19501=FACE_OUTER_BOUND('',#19500,.F.);
#19502=ADVANCED_FACE('',(#19501),#19484,.T.);
#19503=CARTESIAN_POINT('',(-8.565E0,0.E0,0.E0));
#19504=DIRECTION('',(1.E0,0.E0,0.E0));
#19505=DIRECTION('',(0.E0,0.E0,-1.E0));
#19506=AXIS2_PLACEMENT_3D('',#19503,#19504,#19505);
#19507=PLANE('',#19506);
#19509=ORIENTED_EDGE('',*,*,#19508,.F.);
#19511=ORIENTED_EDGE('',*,*,#19510,.F.);
#19512=ORIENTED_EDGE('',*,*,#9692,.F.);
#19514=ORIENTED_EDGE('',*,*,#19513,.F.);
#19515=EDGE_LOOP('',(#19509,#19511,#19512,#19514));
#19516=FACE_OUTER_BOUND('',#19515,.F.);
#19517=ADVANCED_FACE('',(#19516),#19507,.T.);
#19518=CARTESIAN_POINT('',(-8.565E0,0.E0,0.E0));
#19519=DIRECTION('',(1.E0,0.E0,0.E0));
#19520=DIRECTION('',(0.E0,0.E0,-1.E0));
#19521=AXIS2_PLACEMENT_3D('',#19518,#19519,#19520);
#19522=PLANE('',#19521);
#19524=ORIENTED_EDGE('',*,*,#19523,.F.);
#19526=ORIENTED_EDGE('',*,*,#19525,.F.);
#19527=ORIENTED_EDGE('',*,*,#9702,.F.);
#19529=ORIENTED_EDGE('',*,*,#19528,.F.);
#19530=EDGE_LOOP('',(#19524,#19526,#19527,#19529));
#19531=FACE_OUTER_BOUND('',#19530,.F.);
#19532=ADVANCED_FACE('',(#19531),#19522,.T.);
#19533=CARTESIAN_POINT('',(-8.660262794416E0,5.79E0,-5.81E0));
#19534=DIRECTION('',(8.660254037844E-1,0.E0,-5.E-1));
#19535=DIRECTION('',(-5.E-1,0.E0,-8.660254037844E-1));
#19536=AXIS2_PLACEMENT_3D('',#19533,#19534,#19535);
#19537=PLANE('',#19536);
#19539=ORIENTED_EDGE('',*,*,#19538,.F.);
#19540=ORIENTED_EDGE('',*,*,#19411,.T.);
#19541=ORIENTED_EDGE('',*,*,#19465,.T.);
#19543=ORIENTED_EDGE('',*,*,#19542,.T.);
#19544=EDGE_LOOP('',(#19539,#19540,#19541,#19543));
#19545=FACE_OUTER_BOUND('',#19544,.F.);
#19546=ADVANCED_FACE('',(#19545),#19537,.T.);
#19547=CARTESIAN_POINT('',(-9.215E0,5.465E0,-5.975E0));
#19548=DIRECTION('',(0.E0,0.E0,-1.E0));
#19549=DIRECTION('',(0.E0,1.E0,0.E0));
#19550=AXIS2_PLACEMENT_3D('',#19547,#19548,#19549);
#19551=PLANE('',#19550);
#19552=ORIENTED_EDGE('',*,*,#19538,.T.);
#19554=ORIENTED_EDGE('',*,*,#19553,.T.);
#19555=ORIENTED_EDGE('',*,*,#19397,.T.);
#19556=ORIENTED_EDGE('',*,*,#19413,.F.);
#19557=EDGE_LOOP('',(#19552,#19554,#19555,#19556));
#19558=FACE_OUTER_BOUND('',#19557,.F.);
#19559=ADVANCED_FACE('',(#19558),#19551,.T.);
#19560=CARTESIAN_POINT('',(-8.89E0,6.019737205584E0,-5.81E0));
#19561=DIRECTION('',(0.E0,8.660254037844E-1,-5.E-1));
#19562=DIRECTION('',(0.E0,-5.E-1,-8.660254037844E-1));
#19563=AXIS2_PLACEMENT_3D('',#19560,#19561,#19562);
#19564=PLANE('',#19563);
#19566=ORIENTED_EDGE('',*,*,#19565,.T.);
#19567=ORIENTED_EDGE('',*,*,#19399,.F.);
#19568=ORIENTED_EDGE('',*,*,#19553,.F.);
#19569=ORIENTED_EDGE('',*,*,#19542,.F.);
#19570=EDGE_LOOP('',(#19566,#19567,#19568,#19569));
#19571=FACE_OUTER_BOUND('',#19570,.F.);
#19572=ADVANCED_FACE('',(#19571),#19564,.T.);
#19573=CARTESIAN_POINT('',(-9.215E0,6.115E0,-5.975E0));
#19574=DIRECTION('',(0.E0,1.E0,0.E0));
#19575=DIRECTION('',(0.E0,0.E0,1.E0));
#19576=AXIS2_PLACEMENT_3D('',#19573,#19574,#19575);
#19577=PLANE('',#19576);
#19578=ORIENTED_EDGE('',*,*,#19565,.F.);
#19579=ORIENTED_EDGE('',*,*,#19475,.T.);
#19581=ORIENTED_EDGE('',*,*,#19580,.F.);
#19582=ORIENTED_EDGE('',*,*,#19320,.F.);
#19583=EDGE_LOOP('',(#19578,#19579,#19581,#19582));
#19584=FACE_OUTER_BOUND('',#19583,.F.);
#19585=ADVANCED_FACE('',(#19584),#19577,.T.);
#19586=CARTESIAN_POINT('',(-9.215E0,4.815E0,2.95E-1));
#19587=DIRECTION('',(1.E0,0.E0,0.E0));
#19588=DIRECTION('',(0.E0,0.E0,-1.E0));
#19589=AXIS2_PLACEMENT_3D('',#19586,#19587,#19588);
#19590=CYLINDRICAL_SURFACE('',#19589,1.3E0);
#19591=ORIENTED_EDGE('',*,*,#19322,.F.);
#19592=ORIENTED_EDGE('',*,*,#19580,.T.);
#19593=ORIENTED_EDGE('',*,*,#19473,.T.);
#19595=ORIENTED_EDGE('',*,*,#19594,.F.);
#19596=EDGE_LOOP('',(#19591,#19592,#19593,#19595));
#19597=FACE_OUTER_BOUND('',#19596,.F.);
#19598=ADVANCED_FACE('',(#19597),#19590,.T.);
#19599=CARTESIAN_POINT('',(-9.215E0,4.815E0,1.595E0));
#19600=DIRECTION('',(0.E0,0.E0,1.E0));
#19601=DIRECTION('',(0.E0,-1.E0,0.E0));
#19602=AXIS2_PLACEMENT_3D('',#19599,#19600,#19601);
#19603=PLANE('',#19602);
#19604=ORIENTED_EDGE('',*,*,#10862,.F.);
#19605=ORIENTED_EDGE('',*,*,#19324,.F.);
#19606=ORIENTED_EDGE('',*,*,#19594,.T.);
#19607=ORIENTED_EDGE('',*,*,#19471,.T.);
#19608=EDGE_LOOP('',(#19604,#19605,#19606,#19607));
#19609=FACE_OUTER_BOUND('',#19608,.F.);
#19610=ADVANCED_FACE('',(#19609),#19603,.T.);
#19611=CARTESIAN_POINT('',(-8.660262794416E0,3.25E0,-5.81E0));
#19612=DIRECTION('',(8.660254037844E-1,0.E0,-5.E-1));
#19613=DIRECTION('',(-5.E-1,0.E0,-8.660254037844E-1));
#19614=AXIS2_PLACEMENT_3D('',#19611,#19612,#19613);
#19615=PLANE('',#19614);
#19617=ORIENTED_EDGE('',*,*,#19616,.F.);
#19619=ORIENTED_EDGE('',*,*,#19618,.T.);
#19620=ORIENTED_EDGE('',*,*,#19485,.T.);
#19622=ORIENTED_EDGE('',*,*,#19621,.T.);
#19623=EDGE_LOOP('',(#19617,#19619,#19620,#19622));
#19624=FACE_OUTER_BOUND('',#19623,.F.);
#19625=ADVANCED_FACE('',(#19624),#19615,.T.);
#19626=CARTESIAN_POINT('',(-9.215E0,2.925E0,-5.975E0));
#19627=DIRECTION('',(0.E0,0.E0,-1.E0));
#19628=DIRECTION('',(0.E0,1.E0,0.E0));
#19629=AXIS2_PLACEMENT_3D('',#19626,#19627,#19628);
#19630=PLANE('',#19629);
#19631=ORIENTED_EDGE('',*,*,#19616,.T.);
#19633=ORIENTED_EDGE('',*,*,#19632,.T.);
#19635=ORIENTED_EDGE('',*,*,#19634,.T.);
#19637=ORIENTED_EDGE('',*,*,#19636,.F.);
#19638=EDGE_LOOP('',(#19631,#19633,#19635,#19637));
#19639=FACE_OUTER_BOUND('',#19638,.F.);
#19640=ADVANCED_FACE('',(#19639),#19630,.T.);
#19641=CARTESIAN_POINT('',(-8.89E0,3.479737205584E0,-5.81E0));
#19642=DIRECTION('',(0.E0,8.660254037844E-1,-5.E-1));
#19643=DIRECTION('',(0.E0,-5.E-1,-8.660254037844E-1));
#19644=AXIS2_PLACEMENT_3D('',#19641,#19642,#19643);
#19645=PLANE('',#19644);
#19647=ORIENTED_EDGE('',*,*,#19646,.T.);
#19649=ORIENTED_EDGE('',*,*,#19648,.F.);
#19650=ORIENTED_EDGE('',*,*,#19632,.F.);
#19651=ORIENTED_EDGE('',*,*,#19621,.F.);
#19652=EDGE_LOOP('',(#19647,#19649,#19650,#19651));
#19653=FACE_OUTER_BOUND('',#19652,.F.);
#19654=ADVANCED_FACE('',(#19653),#19645,.T.);
#19655=CARTESIAN_POINT('',(-9.215E0,3.575E0,-5.975E0));
#19656=DIRECTION('',(0.E0,1.E0,0.E0));
#19657=DIRECTION('',(0.E0,0.E0,1.E0));
#19658=AXIS2_PLACEMENT_3D('',#19655,#19656,#19657);
#19659=PLANE('',#19658);
#19660=ORIENTED_EDGE('',*,*,#19646,.F.);
#19661=ORIENTED_EDGE('',*,*,#19498,.T.);
#19663=ORIENTED_EDGE('',*,*,#19662,.F.);
#19664=ORIENTED_EDGE('',*,*,#19343,.F.);
#19665=EDGE_LOOP('',(#19660,#19661,#19663,#19664));
#19666=FACE_OUTER_BOUND('',#19665,.F.);
#19667=ADVANCED_FACE('',(#19666),#19659,.T.);
#19668=CARTESIAN_POINT('',(-9.215E0,2.275E0,-2.245E0));
#19669=DIRECTION('',(1.E0,0.E0,0.E0));
#19670=DIRECTION('',(0.E0,0.E0,-1.E0));
#19671=AXIS2_PLACEMENT_3D('',#19668,#19669,#19670);
#19672=CYLINDRICAL_SURFACE('',#19671,1.3E0);
#19673=ORIENTED_EDGE('',*,*,#19345,.F.);
#19674=ORIENTED_EDGE('',*,*,#19662,.T.);
#19675=ORIENTED_EDGE('',*,*,#19496,.T.);
#19677=ORIENTED_EDGE('',*,*,#19676,.F.);
#19678=EDGE_LOOP('',(#19673,#19674,#19675,#19677));
#19679=FACE_OUTER_BOUND('',#19678,.F.);
#19680=ADVANCED_FACE('',(#19679),#19672,.T.);
#19681=CARTESIAN_POINT('',(-9.215E0,2.275E0,-9.45E-1));
#19682=DIRECTION('',(0.E0,0.E0,1.E0));
#19683=DIRECTION('',(0.E0,-1.E0,0.E0));
#19684=AXIS2_PLACEMENT_3D('',#19681,#19682,#19683);
#19685=PLANE('',#19684);
#19686=ORIENTED_EDGE('',*,*,#10852,.F.);
#19687=ORIENTED_EDGE('',*,*,#19347,.F.);
#19688=ORIENTED_EDGE('',*,*,#19676,.T.);
#19689=ORIENTED_EDGE('',*,*,#19494,.T.);
#19690=EDGE_LOOP('',(#19686,#19687,#19688,#19689));
#19691=FACE_OUTER_BOUND('',#19690,.F.);
#19692=ADVANCED_FACE('',(#19691),#19685,.T.);
#19693=CARTESIAN_POINT('',(-9.119737205584E0,3.25E0,-5.81E0));
#19694=DIRECTION('',(-8.660254037844E-1,0.E0,-5.E-1));
#19695=DIRECTION('',(5.E-1,0.E0,-8.660254037844E-1));
#19696=AXIS2_PLACEMENT_3D('',#19693,#19694,#19695);
#19697=PLANE('',#19696);
#19698=ORIENTED_EDGE('',*,*,#19341,.T.);
#19700=ORIENTED_EDGE('',*,*,#19699,.F.);
#19701=ORIENTED_EDGE('',*,*,#19634,.F.);
#19702=ORIENTED_EDGE('',*,*,#19648,.T.);
#19703=EDGE_LOOP('',(#19698,#19700,#19701,#19702));
#19704=FACE_OUTER_BOUND('',#19703,.F.);
#19705=ADVANCED_FACE('',(#19704),#19697,.T.);
#19706=CARTESIAN_POINT('',(-8.89E0,3.020262794416E0,-5.81E0));
#19707=DIRECTION('',(0.E0,-8.660254037844E-1,-5.E-1));
#19708=DIRECTION('',(0.E0,-5.E-1,8.660254037844E-1));
#19709=AXIS2_PLACEMENT_3D('',#19706,#19707,#19708);
#19710=PLANE('',#19709);
#19712=ORIENTED_EDGE('',*,*,#19711,.F.);
#19713=ORIENTED_EDGE('',*,*,#19618,.F.);
#19714=ORIENTED_EDGE('',*,*,#19636,.T.);
#19715=ORIENTED_EDGE('',*,*,#19699,.T.);
#19716=EDGE_LOOP('',(#19712,#19713,#19714,#19715));
#19717=FACE_OUTER_BOUND('',#19716,.F.);
#19718=ADVANCED_FACE('',(#19717),#19710,.T.);
#19719=CARTESIAN_POINT('',(-9.215E0,2.925E0,-2.245E0));
#19720=DIRECTION('',(0.E0,-1.E0,0.E0));
#19721=DIRECTION('',(0.E0,0.E0,-1.E0));
#19722=AXIS2_PLACEMENT_3D('',#19719,#19720,#19721);
#19723=PLANE('',#19722);
#19724=ORIENTED_EDGE('',*,*,#19711,.T.);
#19725=ORIENTED_EDGE('',*,*,#19354,.F.);
#19727=ORIENTED_EDGE('',*,*,#19726,.T.);
#19728=ORIENTED_EDGE('',*,*,#19487,.T.);
#19729=EDGE_LOOP('',(#19724,#19725,#19727,#19728));
#19730=FACE_OUTER_BOUND('',#19729,.F.);
#19731=ADVANCED_FACE('',(#19730),#19723,.T.);
#19732=CARTESIAN_POINT('',(-9.215E0,2.275E0,-2.245E0));
#19733=DIRECTION('',(1.E0,0.E0,0.E0));
#19734=DIRECTION('',(0.E0,0.E0,-1.E0));
#19735=AXIS2_PLACEMENT_3D('',#19732,#19733,#19734);
#19736=CYLINDRICAL_SURFACE('',#19735,6.5E-1);
#19737=ORIENTED_EDGE('',*,*,#19352,.F.);
#19739=ORIENTED_EDGE('',*,*,#19738,.T.);
#19740=ORIENTED_EDGE('',*,*,#19489,.T.);
#19741=ORIENTED_EDGE('',*,*,#19726,.F.);
#19742=EDGE_LOOP('',(#19737,#19739,#19740,#19741));
#19743=FACE_OUTER_BOUND('',#19742,.F.);
#19744=ADVANCED_FACE('',(#19743),#19736,.F.);
#19745=CARTESIAN_POINT('',(-9.215E0,1.E0,-1.595E0));
#19746=DIRECTION('',(0.E0,0.E0,-1.E0));
#19747=DIRECTION('',(0.E0,1.E0,0.E0));
#19748=AXIS2_PLACEMENT_3D('',#19745,#19746,#19747);
#19749=PLANE('',#19748);
#19750=ORIENTED_EDGE('',*,*,#10856,.T.);
#19751=ORIENTED_EDGE('',*,*,#19491,.T.);
#19752=ORIENTED_EDGE('',*,*,#19738,.F.);
#19753=ORIENTED_EDGE('',*,*,#19350,.F.);
#19754=EDGE_LOOP('',(#19750,#19751,#19752,#19753));
#19755=FACE_OUTER_BOUND('',#19754,.F.);
#19756=ADVANCED_FACE('',(#19755),#19749,.T.);
#19757=CARTESIAN_POINT('',(-8.660262794416E0,-7.585E0,-1.27E0));
#19758=DIRECTION('',(8.660254037844E-1,-5.E-1,0.E0));
#19759=DIRECTION('',(-5.E-1,-8.660254037844E-1,0.E0));
#19760=AXIS2_PLACEMENT_3D('',#19757,#19758,#19759);
#19761=PLANE('',#19760);
#19763=ORIENTED_EDGE('',*,*,#19762,.F.);
#19765=ORIENTED_EDGE('',*,*,#19764,.T.);
#19766=ORIENTED_EDGE('',*,*,#19508,.T.);
#19768=ORIENTED_EDGE('',*,*,#19767,.T.);
#19769=EDGE_LOOP('',(#19763,#19765,#19766,#19768));
#19770=FACE_OUTER_BOUND('',#19769,.F.);
#19771=ADVANCED_FACE('',(#19770),#19761,.T.);
#19772=CARTESIAN_POINT('',(-9.215E0,-7.75E0,-9.45E-1));
#19773=DIRECTION('',(0.E0,-1.E0,0.E0));
#19774=DIRECTION('',(0.E0,0.E0,-1.E0));
#19775=AXIS2_PLACEMENT_3D('',#19772,#19773,#19774);
#19776=PLANE('',#19775);
#19777=ORIENTED_EDGE('',*,*,#19762,.T.);
#19779=ORIENTED_EDGE('',*,*,#19778,.T.);
#19781=ORIENTED_EDGE('',*,*,#19780,.T.);
#19783=ORIENTED_EDGE('',*,*,#19782,.F.);
#19784=EDGE_LOOP('',(#19777,#19779,#19781,#19783));
#19785=FACE_OUTER_BOUND('',#19784,.F.);
#19786=ADVANCED_FACE('',(#19785),#19776,.T.);
#19787=CARTESIAN_POINT('',(-8.89E0,-7.585E0,-1.499737205584E0));
#19788=DIRECTION('',(0.E0,-5.E-1,-8.660254037844E-1));
#19789=DIRECTION('',(0.E0,-8.660254037844E-1,5.E-1));
#19790=AXIS2_PLACEMENT_3D('',#19787,#19788,#19789);
#19791=PLANE('',#19790);
#19793=ORIENTED_EDGE('',*,*,#19792,.T.);
#19795=ORIENTED_EDGE('',*,*,#19794,.F.);
#19796=ORIENTED_EDGE('',*,*,#19778,.F.);
#19797=ORIENTED_EDGE('',*,*,#19767,.F.);
#19798=EDGE_LOOP('',(#19793,#19795,#19796,#19797));
#19799=FACE_OUTER_BOUND('',#19798,.F.);
#19800=ADVANCED_FACE('',(#19799),#19791,.T.);
#19801=CARTESIAN_POINT('',(-9.215E0,-7.75E0,-1.595E0));
#19802=DIRECTION('',(0.E0,0.E0,-1.E0));
#19803=DIRECTION('',(0.E0,1.E0,0.E0));
#19804=AXIS2_PLACEMENT_3D('',#19801,#19802,#19803);
#19805=PLANE('',#19804);
#19806=ORIENTED_EDGE('',*,*,#19792,.F.);
#19807=ORIENTED_EDGE('',*,*,#19513,.T.);
#19808=ORIENTED_EDGE('',*,*,#9690,.F.);
#19809=ORIENTED_EDGE('',*,*,#19366,.F.);
#19810=EDGE_LOOP('',(#19806,#19807,#19808,#19809));
#19811=FACE_OUTER_BOUND('',#19810,.F.);
#19812=ADVANCED_FACE('',(#19811),#19805,.T.);
#19813=CARTESIAN_POINT('',(-9.119737205584E0,-7.585E0,-1.27E0));
#19814=DIRECTION('',(-8.660254037844E-1,-5.E-1,0.E0));
#19815=DIRECTION('',(5.E-1,-8.660254037844E-1,0.E0));
#19816=AXIS2_PLACEMENT_3D('',#19813,#19814,#19815);
#19817=PLANE('',#19816);
#19818=ORIENTED_EDGE('',*,*,#19780,.F.);
#19819=ORIENTED_EDGE('',*,*,#19794,.T.);
#19820=ORIENTED_EDGE('',*,*,#19364,.T.);
#19822=ORIENTED_EDGE('',*,*,#19821,.T.);
#19823=EDGE_LOOP('',(#19818,#19819,#19820,#19822));
#19824=FACE_OUTER_BOUND('',#19823,.F.);
#19825=ADVANCED_FACE('',(#19824),#19817,.T.);
#19826=CARTESIAN_POINT('',(-8.89E0,-7.585E0,-1.040262794416E0));
#19827=DIRECTION('',(0.E0,-5.E-1,8.660254037844E-1));
#19828=DIRECTION('',(0.E0,8.660254037844E-1,5.E-1));
#19829=AXIS2_PLACEMENT_3D('',#19826,#19827,#19828);
#19830=PLANE('',#19829);
#19831=ORIENTED_EDGE('',*,*,#19782,.T.);
#19832=ORIENTED_EDGE('',*,*,#19821,.F.);
#19834=ORIENTED_EDGE('',*,*,#19833,.F.);
#19835=ORIENTED_EDGE('',*,*,#19764,.F.);
#19836=EDGE_LOOP('',(#19831,#19832,#19834,#19835));
#19837=FACE_OUTER_BOUND('',#19836,.F.);
#19838=ADVANCED_FACE('',(#19837),#19830,.T.);
#19839=CARTESIAN_POINT('',(-9.215E0,-1.E0,-9.45E-1));
#19840=DIRECTION('',(0.E0,0.E0,1.E0));
#19841=DIRECTION('',(0.E0,-1.E0,0.E0));
#19842=AXIS2_PLACEMENT_3D('',#19839,#19840,#19841);
#19843=PLANE('',#19842);
#19844=ORIENTED_EDGE('',*,*,#19833,.T.);
#19845=ORIENTED_EDGE('',*,*,#19369,.F.);
#19846=ORIENTED_EDGE('',*,*,#9694,.T.);
#19847=ORIENTED_EDGE('',*,*,#19510,.T.);
#19848=EDGE_LOOP('',(#19844,#19845,#19846,#19847));
#19849=FACE_OUTER_BOUND('',#19848,.F.);
#19850=ADVANCED_FACE('',(#19849),#19843,.T.);
#19851=CARTESIAN_POINT('',(-8.660262794416E0,-7.585E0,1.27E0));
#19852=DIRECTION('',(8.660254037844E-1,-5.E-1,0.E0));
#19853=DIRECTION('',(-5.E-1,-8.660254037844E-1,0.E0));
#19854=AXIS2_PLACEMENT_3D('',#19851,#19852,#19853);
#19855=PLANE('',#19854);
#19857=ORIENTED_EDGE('',*,*,#19856,.F.);
#19859=ORIENTED_EDGE('',*,*,#19858,.T.);
#19860=ORIENTED_EDGE('',*,*,#19523,.T.);
#19862=ORIENTED_EDGE('',*,*,#19861,.F.);
#19863=EDGE_LOOP('',(#19857,#19859,#19860,#19862));
#19864=FACE_OUTER_BOUND('',#19863,.F.);
#19865=ADVANCED_FACE('',(#19864),#19855,.T.);
#19866=CARTESIAN_POINT('',(-9.215E0,-7.75E0,1.595E0));
#19867=DIRECTION('',(0.E0,-1.E0,0.E0));
#19868=DIRECTION('',(0.E0,0.E0,-1.E0));
#19869=AXIS2_PLACEMENT_3D('',#19866,#19867,#19868);
#19870=PLANE('',#19869);
#19872=ORIENTED_EDGE('',*,*,#19871,.T.);
#19874=ORIENTED_EDGE('',*,*,#19873,.T.);
#19876=ORIENTED_EDGE('',*,*,#19875,.F.);
#19877=ORIENTED_EDGE('',*,*,#19856,.T.);
#19878=EDGE_LOOP('',(#19872,#19874,#19876,#19877));
#19879=FACE_OUTER_BOUND('',#19878,.F.);
#19880=ADVANCED_FACE('',(#19879),#19870,.T.);
#19881=CARTESIAN_POINT('',(-8.89E0,-7.585E0,1.040262794416E0));
#19882=DIRECTION('',(0.E0,-5.E-1,-8.660254037844E-1));
#19883=DIRECTION('',(0.E0,-8.660254037844E-1,5.E-1));
#19884=AXIS2_PLACEMENT_3D('',#19881,#19882,#19883);
#19885=PLANE('',#19884);
#19887=ORIENTED_EDGE('',*,*,#19886,.T.);
#19889=ORIENTED_EDGE('',*,*,#19888,.F.);
#19890=ORIENTED_EDGE('',*,*,#19871,.F.);
#19891=ORIENTED_EDGE('',*,*,#19861,.T.);
#19892=EDGE_LOOP('',(#19887,#19889,#19890,#19891));
#19893=FACE_OUTER_BOUND('',#19892,.F.);
#19894=ADVANCED_FACE('',(#19893),#19885,.T.);
#19895=CARTESIAN_POINT('',(-9.215E0,-7.75E0,9.45E-1));
#19896=DIRECTION('',(0.E0,0.E0,-1.E0));
#19897=DIRECTION('',(0.E0,1.E0,0.E0));
#19898=AXIS2_PLACEMENT_3D('',#19895,#19896,#19897);
#19899=PLANE('',#19898);
#19900=ORIENTED_EDGE('',*,*,#19886,.F.);
#19901=ORIENTED_EDGE('',*,*,#19528,.T.);
#19902=ORIENTED_EDGE('',*,*,#9700,.F.);
#19903=ORIENTED_EDGE('',*,*,#19381,.F.);
#19904=EDGE_LOOP('',(#19900,#19901,#19902,#19903));
#19905=FACE_OUTER_BOUND('',#19904,.F.);
#19906=ADVANCED_FACE('',(#19905),#19899,.T.);
#19907=CARTESIAN_POINT('',(-9.119737205584E0,-7.585E0,1.27E0));
#19908=DIRECTION('',(-8.660254037844E-1,-5.E-1,0.E0));
#19909=DIRECTION('',(5.E-1,-8.660254037844E-1,0.E0));
#19910=AXIS2_PLACEMENT_3D('',#19907,#19908,#19909);
#19911=PLANE('',#19910);
#19912=ORIENTED_EDGE('',*,*,#19379,.T.);
#19914=ORIENTED_EDGE('',*,*,#19913,.F.);
#19915=ORIENTED_EDGE('',*,*,#19873,.F.);
#19916=ORIENTED_EDGE('',*,*,#19888,.T.);
#19917=EDGE_LOOP('',(#19912,#19914,#19915,#19916));
#19918=FACE_OUTER_BOUND('',#19917,.F.);
#19919=ADVANCED_FACE('',(#19918),#19911,.T.);
#19920=CARTESIAN_POINT('',(-8.89E0,-7.585E0,1.499737205584E0));
#19921=DIRECTION('',(0.E0,-5.E-1,8.660254037844E-1));
#19922=DIRECTION('',(0.E0,8.660254037844E-1,5.E-1));
#19923=AXIS2_PLACEMENT_3D('',#19920,#19921,#19922);
#19924=PLANE('',#19923);
#19926=ORIENTED_EDGE('',*,*,#19925,.F.);
#19927=ORIENTED_EDGE('',*,*,#19858,.F.);
#19928=ORIENTED_EDGE('',*,*,#19875,.T.);
#19929=ORIENTED_EDGE('',*,*,#19913,.T.);
#19930=EDGE_LOOP('',(#19926,#19927,#19928,#19929));
#19931=FACE_OUTER_BOUND('',#19930,.F.);
#19932=ADVANCED_FACE('',(#19931),#19924,.T.);
#19933=CARTESIAN_POINT('',(-9.215E0,-1.E0,1.595E0));
#19934=DIRECTION('',(0.E0,0.E0,1.E0));
#19935=DIRECTION('',(0.E0,-1.E0,0.E0));
#19936=AXIS2_PLACEMENT_3D('',#19933,#19934,#19935);
#19937=PLANE('',#19936);
#19938=ORIENTED_EDGE('',*,*,#19925,.T.);
#19939=ORIENTED_EDGE('',*,*,#19384,.F.);
#19940=ORIENTED_EDGE('',*,*,#9704,.T.);
#19941=ORIENTED_EDGE('',*,*,#19525,.T.);
#19942=EDGE_LOOP('',(#19938,#19939,#19940,#19941));
#19943=FACE_OUTER_BOUND('',#19942,.F.);
#19944=ADVANCED_FACE('',(#19943),#19937,.T.);
#19945=CARTESIAN_POINT('',(-1.1755E1,0.E0,0.E0));
#19946=DIRECTION('',(1.E0,0.E0,0.E0));
#19947=DIRECTION('',(0.E0,0.E0,-1.E0));
#19948=AXIS2_PLACEMENT_3D('',#19945,#19946,#19947);
#19949=PLANE('',#19948);
#19951=ORIENTED_EDGE('',*,*,#19950,.F.);
#19953=ORIENTED_EDGE('',*,*,#19952,.T.);
#19955=ORIENTED_EDGE('',*,*,#19954,.T.);
#19957=ORIENTED_EDGE('',*,*,#19956,.T.);
#19958=ORIENTED_EDGE('',*,*,#10880,.F.);
#19960=ORIENTED_EDGE('',*,*,#19959,.T.);
#19962=ORIENTED_EDGE('',*,*,#19961,.T.);
#19964=ORIENTED_EDGE('',*,*,#19963,.T.);
#19965=EDGE_LOOP('',(#19951,#19953,#19955,#19957,#19958,#19960,#19962,#19964));
#19966=FACE_OUTER_BOUND('',#19965,.F.);
#19967=ADVANCED_FACE('',(#19966),#19949,.F.);
#19968=CARTESIAN_POINT('',(-1.1755E1,0.E0,0.E0));
#19969=DIRECTION('',(1.E0,0.E0,0.E0));
#19970=DIRECTION('',(0.E0,0.E0,-1.E0));
#19971=AXIS2_PLACEMENT_3D('',#19968,#19969,#19970);
#19972=PLANE('',#19971);
#19974=ORIENTED_EDGE('',*,*,#19973,.F.);
#19976=ORIENTED_EDGE('',*,*,#19975,.T.);
#19978=ORIENTED_EDGE('',*,*,#19977,.T.);
#19980=ORIENTED_EDGE('',*,*,#19979,.T.);
#19981=ORIENTED_EDGE('',*,*,#10870,.F.);
#19983=ORIENTED_EDGE('',*,*,#19982,.T.);
#19985=ORIENTED_EDGE('',*,*,#19984,.T.);
#19987=ORIENTED_EDGE('',*,*,#19986,.T.);
#19988=EDGE_LOOP('',(#19974,#19976,#19978,#19980,#19981,#19983,#19985,#19987));
#19989=FACE_OUTER_BOUND('',#19988,.F.);
#19990=ADVANCED_FACE('',(#19989),#19972,.F.);
#19991=CARTESIAN_POINT('',(-1.1755E1,0.E0,0.E0));
#19992=DIRECTION('',(1.E0,0.E0,0.E0));
#19993=DIRECTION('',(0.E0,0.E0,-1.E0));
#19994=AXIS2_PLACEMENT_3D('',#19991,#19992,#19993);
#19995=PLANE('',#19994);
#19997=ORIENTED_EDGE('',*,*,#19996,.F.);
#19999=ORIENTED_EDGE('',*,*,#19998,.T.);
#20000=ORIENTED_EDGE('',*,*,#9708,.T.);
#20002=ORIENTED_EDGE('',*,*,#20001,.T.);
#20003=EDGE_LOOP('',(#19997,#19999,#20000,#20002));
#20004=FACE_OUTER_BOUND('',#20003,.F.);
#20005=ADVANCED_FACE('',(#20004),#19995,.F.);
#20006=CARTESIAN_POINT('',(-1.1755E1,0.E0,0.E0));
#20007=DIRECTION('',(1.E0,0.E0,0.E0));
#20008=DIRECTION('',(0.E0,0.E0,-1.E0));
#20009=AXIS2_PLACEMENT_3D('',#20006,#20007,#20008);
#20010=PLANE('',#20009);
#20012=ORIENTED_EDGE('',*,*,#20011,.F.);
#20014=ORIENTED_EDGE('',*,*,#20013,.T.);
#20015=ORIENTED_EDGE('',*,*,#9718,.T.);
#20017=ORIENTED_EDGE('',*,*,#20016,.T.);
#20018=EDGE_LOOP('',(#20012,#20014,#20015,#20017));
#20019=FACE_OUTER_BOUND('',#20018,.F.);
#20020=ADVANCED_FACE('',(#20019),#20010,.F.);
#20021=CARTESIAN_POINT('',(-1.165973720558E1,5.79E0,-5.81E0));
#20022=DIRECTION('',(-8.660254037844E-1,0.E0,-5.E-1));
#20023=DIRECTION('',(5.E-1,0.E0,-8.660254037844E-1));
#20024=AXIS2_PLACEMENT_3D('',#20021,#20022,#20023);
#20025=PLANE('',#20024);
#20026=ORIENTED_EDGE('',*,*,#19950,.T.);
#20028=ORIENTED_EDGE('',*,*,#20027,.F.);
#20030=ORIENTED_EDGE('',*,*,#20029,.F.);
#20032=ORIENTED_EDGE('',*,*,#20031,.T.);
#20033=EDGE_LOOP('',(#20026,#20028,#20030,#20032));
#20034=FACE_OUTER_BOUND('',#20033,.F.);
#20035=ADVANCED_FACE('',(#20034),#20025,.T.);
#20036=CARTESIAN_POINT('',(-1.143E1,5.560262794416E0,-5.81E0));
#20037=DIRECTION('',(0.E0,-8.660254037844E-1,-5.E-1));
#20038=DIRECTION('',(0.E0,-5.E-1,8.660254037844E-1));
#20039=AXIS2_PLACEMENT_3D('',#20036,#20037,#20038);
#20040=PLANE('',#20039);
#20042=ORIENTED_EDGE('',*,*,#20041,.F.);
#20044=ORIENTED_EDGE('',*,*,#20043,.F.);
#20046=ORIENTED_EDGE('',*,*,#20045,.T.);
#20047=ORIENTED_EDGE('',*,*,#20027,.T.);
#20048=EDGE_LOOP('',(#20042,#20044,#20046,#20047));
#20049=FACE_OUTER_BOUND('',#20048,.F.);
#20050=ADVANCED_FACE('',(#20049),#20040,.T.);
#20051=CARTESIAN_POINT('',(-1.1755E1,5.465E0,2.95E-1));
#20052=DIRECTION('',(0.E0,-1.E0,0.E0));
#20053=DIRECTION('',(0.E0,0.E0,-1.E0));
#20054=AXIS2_PLACEMENT_3D('',#20051,#20052,#20053);
#20055=PLANE('',#20054);
#20056=ORIENTED_EDGE('',*,*,#20041,.T.);
#20057=ORIENTED_EDGE('',*,*,#19963,.F.);
#20059=ORIENTED_EDGE('',*,*,#20058,.T.);
#20061=ORIENTED_EDGE('',*,*,#20060,.T.);
#20062=EDGE_LOOP('',(#20056,#20057,#20059,#20061));
#20063=FACE_OUTER_BOUND('',#20062,.F.);
#20064=ADVANCED_FACE('',(#20063),#20055,.T.);
#20065=CARTESIAN_POINT('',(-1.1755E1,4.815E0,2.95E-1));
#20066=DIRECTION('',(1.E0,0.E0,0.E0));
#20067=DIRECTION('',(0.E0,0.E0,-1.E0));
#20068=AXIS2_PLACEMENT_3D('',#20065,#20066,#20067);
#20069=CYLINDRICAL_SURFACE('',#20068,6.5E-1);
#20070=ORIENTED_EDGE('',*,*,#19961,.F.);
#20072=ORIENTED_EDGE('',*,*,#20071,.T.);
#20074=ORIENTED_EDGE('',*,*,#20073,.T.);
#20075=ORIENTED_EDGE('',*,*,#20058,.F.);
#20076=EDGE_LOOP('',(#20070,#20072,#20074,#20075));
#20077=FACE_OUTER_BOUND('',#20076,.F.);
#20078=ADVANCED_FACE('',(#20077),#20069,.F.);
#20079=CARTESIAN_POINT('',(-1.1755E1,1.E0,9.45E-1));
#20080=DIRECTION('',(0.E0,0.E0,-1.E0));
#20081=DIRECTION('',(0.E0,1.E0,0.E0));
#20082=AXIS2_PLACEMENT_3D('',#20079,#20080,#20081);
#20083=PLANE('',#20082);
#20084=ORIENTED_EDGE('',*,*,#10886,.T.);
#20086=ORIENTED_EDGE('',*,*,#20085,.T.);
#20087=ORIENTED_EDGE('',*,*,#20071,.F.);
#20088=ORIENTED_EDGE('',*,*,#19959,.F.);
#20089=EDGE_LOOP('',(#20084,#20086,#20087,#20088));
#20090=FACE_OUTER_BOUND('',#20089,.F.);
#20091=ADVANCED_FACE('',(#20090),#20083,.T.);
#20092=CARTESIAN_POINT('',(-1.1105E1,0.E0,0.E0));
#20093=DIRECTION('',(1.E0,0.E0,0.E0));
#20094=DIRECTION('',(0.E0,0.E0,-1.E0));
#20095=AXIS2_PLACEMENT_3D('',#20092,#20093,#20094);
#20096=PLANE('',#20095);
#20098=ORIENTED_EDGE('',*,*,#20097,.F.);
#20099=ORIENTED_EDGE('',*,*,#20060,.F.);
#20100=ORIENTED_EDGE('',*,*,#20073,.F.);
#20101=ORIENTED_EDGE('',*,*,#20085,.F.);
#20102=ORIENTED_EDGE('',*,*,#10884,.T.);
#20104=ORIENTED_EDGE('',*,*,#20103,.F.);
#20106=ORIENTED_EDGE('',*,*,#20105,.F.);
#20108=ORIENTED_EDGE('',*,*,#20107,.F.);
#20109=EDGE_LOOP('',(#20098,#20099,#20100,#20101,#20102,#20104,#20106,#20108));
#20110=FACE_OUTER_BOUND('',#20109,.F.);
#20111=ADVANCED_FACE('',(#20110),#20096,.T.);
#20112=CARTESIAN_POINT('',(-1.1105E1,0.E0,0.E0));
#20113=DIRECTION('',(1.E0,0.E0,0.E0));
#20114=DIRECTION('',(0.E0,0.E0,-1.E0));
#20115=AXIS2_PLACEMENT_3D('',#20112,#20113,#20114);
#20116=PLANE('',#20115);
#20118=ORIENTED_EDGE('',*,*,#20117,.F.);
#20120=ORIENTED_EDGE('',*,*,#20119,.F.);
#20122=ORIENTED_EDGE('',*,*,#20121,.F.);
#20124=ORIENTED_EDGE('',*,*,#20123,.F.);
#20125=ORIENTED_EDGE('',*,*,#10874,.T.);
#20127=ORIENTED_EDGE('',*,*,#20126,.F.);
#20129=ORIENTED_EDGE('',*,*,#20128,.F.);
#20131=ORIENTED_EDGE('',*,*,#20130,.F.);
#20132=EDGE_LOOP('',(#20118,#20120,#20122,#20124,#20125,#20127,#20129,#20131));
#20133=FACE_OUTER_BOUND('',#20132,.F.);
#20134=ADVANCED_FACE('',(#20133),#20116,.T.);
#20135=CARTESIAN_POINT('',(-1.1105E1,0.E0,0.E0));
#20136=DIRECTION('',(1.E0,0.E0,0.E0));
#20137=DIRECTION('',(0.E0,0.E0,-1.E0));
#20138=AXIS2_PLACEMENT_3D('',#20135,#20136,#20137);
#20139=PLANE('',#20138);
#20141=ORIENTED_EDGE('',*,*,#20140,.F.);
#20143=ORIENTED_EDGE('',*,*,#20142,.F.);
#20144=ORIENTED_EDGE('',*,*,#9712,.F.);
#20146=ORIENTED_EDGE('',*,*,#20145,.F.);
#20147=EDGE_LOOP('',(#20141,#20143,#20144,#20146));
#20148=FACE_OUTER_BOUND('',#20147,.F.);
#20149=ADVANCED_FACE('',(#20148),#20139,.T.);
#20150=CARTESIAN_POINT('',(-1.1105E1,0.E0,0.E0));
#20151=DIRECTION('',(1.E0,0.E0,0.E0));
#20152=DIRECTION('',(0.E0,0.E0,-1.E0));
#20153=AXIS2_PLACEMENT_3D('',#20150,#20151,#20152);
#20154=PLANE('',#20153);
#20156=ORIENTED_EDGE('',*,*,#20155,.F.);
#20158=ORIENTED_EDGE('',*,*,#20157,.F.);
#20159=ORIENTED_EDGE('',*,*,#9722,.F.);
#20161=ORIENTED_EDGE('',*,*,#20160,.F.);
#20162=EDGE_LOOP('',(#20156,#20158,#20159,#20161));
#20163=FACE_OUTER_BOUND('',#20162,.F.);
#20164=ADVANCED_FACE('',(#20163),#20154,.T.);
#20165=CARTESIAN_POINT('',(-1.120026279442E1,5.79E0,-5.81E0));
#20166=DIRECTION('',(8.660254037844E-1,0.E0,-5.E-1));
#20167=DIRECTION('',(-5.E-1,0.E0,-8.660254037844E-1));
#20168=AXIS2_PLACEMENT_3D('',#20165,#20166,#20167);
#20169=PLANE('',#20168);
#20171=ORIENTED_EDGE('',*,*,#20170,.F.);
#20172=ORIENTED_EDGE('',*,*,#20043,.T.);
#20173=ORIENTED_EDGE('',*,*,#20097,.T.);
#20175=ORIENTED_EDGE('',*,*,#20174,.T.);
#20176=EDGE_LOOP('',(#20171,#20172,#20173,#20175));
#20177=FACE_OUTER_BOUND('',#20176,.F.);
#20178=ADVANCED_FACE('',(#20177),#20169,.T.);
#20179=CARTESIAN_POINT('',(-1.1755E1,5.465E0,-5.975E0));
#20180=DIRECTION('',(0.E0,0.E0,-1.E0));
#20181=DIRECTION('',(0.E0,1.E0,0.E0));
#20182=AXIS2_PLACEMENT_3D('',#20179,#20180,#20181);
#20183=PLANE('',#20182);
#20184=ORIENTED_EDGE('',*,*,#20170,.T.);
#20186=ORIENTED_EDGE('',*,*,#20185,.T.);
#20187=ORIENTED_EDGE('',*,*,#20029,.T.);
#20188=ORIENTED_EDGE('',*,*,#20045,.F.);
#20189=EDGE_LOOP('',(#20184,#20186,#20187,#20188));
#20190=FACE_OUTER_BOUND('',#20189,.F.);
#20191=ADVANCED_FACE('',(#20190),#20183,.T.);
#20192=CARTESIAN_POINT('',(-1.143E1,6.019737205584E0,-5.81E0));
#20193=DIRECTION('',(0.E0,8.660254037844E-1,-5.E-1));
#20194=DIRECTION('',(0.E0,-5.E-1,-8.660254037844E-1));
#20195=AXIS2_PLACEMENT_3D('',#20192,#20193,#20194);
#20196=PLANE('',#20195);
#20198=ORIENTED_EDGE('',*,*,#20197,.T.);
#20199=ORIENTED_EDGE('',*,*,#20031,.F.);
#20200=ORIENTED_EDGE('',*,*,#20185,.F.);
#20201=ORIENTED_EDGE('',*,*,#20174,.F.);
#20202=EDGE_LOOP('',(#20198,#20199,#20200,#20201));
#20203=FACE_OUTER_BOUND('',#20202,.F.);
#20204=ADVANCED_FACE('',(#20203),#20196,.T.);
#20205=CARTESIAN_POINT('',(-1.1755E1,6.115E0,-5.975E0));
#20206=DIRECTION('',(0.E0,1.E0,0.E0));
#20207=DIRECTION('',(0.E0,0.E0,1.E0));
#20208=AXIS2_PLACEMENT_3D('',#20205,#20206,#20207);
#20209=PLANE('',#20208);
#20210=ORIENTED_EDGE('',*,*,#20197,.F.);
#20211=ORIENTED_EDGE('',*,*,#20107,.T.);
#20213=ORIENTED_EDGE('',*,*,#20212,.F.);
#20214=ORIENTED_EDGE('',*,*,#19952,.F.);
#20215=EDGE_LOOP('',(#20210,#20211,#20213,#20214));
#20216=FACE_OUTER_BOUND('',#20215,.F.);
#20217=ADVANCED_FACE('',(#20216),#20209,.T.);
#20218=CARTESIAN_POINT('',(-1.1755E1,4.815E0,2.95E-1));
#20219=DIRECTION('',(1.E0,0.E0,0.E0));
#20220=DIRECTION('',(0.E0,0.E0,-1.E0));
#20221=AXIS2_PLACEMENT_3D('',#20218,#20219,#20220);
#20222=CYLINDRICAL_SURFACE('',#20221,1.3E0);
#20223=ORIENTED_EDGE('',*,*,#19954,.F.);
#20224=ORIENTED_EDGE('',*,*,#20212,.T.);
#20225=ORIENTED_EDGE('',*,*,#20105,.T.);
#20227=ORIENTED_EDGE('',*,*,#20226,.F.);
#20228=EDGE_LOOP('',(#20223,#20224,#20225,#20227));
#20229=FACE_OUTER_BOUND('',#20228,.F.);
#20230=ADVANCED_FACE('',(#20229),#20222,.T.);
#20231=CARTESIAN_POINT('',(-1.1755E1,4.815E0,1.595E0));
#20232=DIRECTION('',(0.E0,0.E0,1.E0));
#20233=DIRECTION('',(0.E0,-1.E0,0.E0));
#20234=AXIS2_PLACEMENT_3D('',#20231,#20232,#20233);
#20235=PLANE('',#20234);
#20236=ORIENTED_EDGE('',*,*,#10882,.F.);
#20237=ORIENTED_EDGE('',*,*,#19956,.F.);
#20238=ORIENTED_EDGE('',*,*,#20226,.T.);
#20239=ORIENTED_EDGE('',*,*,#20103,.T.);
#20240=EDGE_LOOP('',(#20236,#20237,#20238,#20239));
#20241=FACE_OUTER_BOUND('',#20240,.F.);
#20242=ADVANCED_FACE('',(#20241),#20235,.T.);
#20243=CARTESIAN_POINT('',(-1.120026279442E1,3.25E0,-5.81E0));
#20244=DIRECTION('',(8.660254037844E-1,0.E0,-5.E-1));
#20245=DIRECTION('',(-5.E-1,0.E0,-8.660254037844E-1));
#20246=AXIS2_PLACEMENT_3D('',#20243,#20244,#20245);
#20247=PLANE('',#20246);
#20249=ORIENTED_EDGE('',*,*,#20248,.F.);
#20251=ORIENTED_EDGE('',*,*,#20250,.T.);
#20252=ORIENTED_EDGE('',*,*,#20117,.T.);
#20254=ORIENTED_EDGE('',*,*,#20253,.T.);
#20255=EDGE_LOOP('',(#20249,#20251,#20252,#20254));
#20256=FACE_OUTER_BOUND('',#20255,.F.);
#20257=ADVANCED_FACE('',(#20256),#20247,.T.);
#20258=CARTESIAN_POINT('',(-1.1755E1,2.925E0,-5.975E0));
#20259=DIRECTION('',(0.E0,0.E0,-1.E0));
#20260=DIRECTION('',(0.E0,1.E0,0.E0));
#20261=AXIS2_PLACEMENT_3D('',#20258,#20259,#20260);
#20262=PLANE('',#20261);
#20263=ORIENTED_EDGE('',*,*,#20248,.T.);
#20265=ORIENTED_EDGE('',*,*,#20264,.T.);
#20267=ORIENTED_EDGE('',*,*,#20266,.T.);
#20269=ORIENTED_EDGE('',*,*,#20268,.F.);
#20270=EDGE_LOOP('',(#20263,#20265,#20267,#20269));
#20271=FACE_OUTER_BOUND('',#20270,.F.);
#20272=ADVANCED_FACE('',(#20271),#20262,.T.);
#20273=CARTESIAN_POINT('',(-1.143E1,3.479737205584E0,-5.81E0));
#20274=DIRECTION('',(0.E0,8.660254037844E-1,-5.E-1));
#20275=DIRECTION('',(0.E0,-5.E-1,-8.660254037844E-1));
#20276=AXIS2_PLACEMENT_3D('',#20273,#20274,#20275);
#20277=PLANE('',#20276);
#20279=ORIENTED_EDGE('',*,*,#20278,.T.);
#20281=ORIENTED_EDGE('',*,*,#20280,.F.);
#20282=ORIENTED_EDGE('',*,*,#20264,.F.);
#20283=ORIENTED_EDGE('',*,*,#20253,.F.);
#20284=EDGE_LOOP('',(#20279,#20281,#20282,#20283));
#20285=FACE_OUTER_BOUND('',#20284,.F.);
#20286=ADVANCED_FACE('',(#20285),#20277,.T.);
#20287=CARTESIAN_POINT('',(-1.1755E1,3.575E0,-5.975E0));
#20288=DIRECTION('',(0.E0,1.E0,0.E0));
#20289=DIRECTION('',(0.E0,0.E0,1.E0));
#20290=AXIS2_PLACEMENT_3D('',#20287,#20288,#20289);
#20291=PLANE('',#20290);
#20292=ORIENTED_EDGE('',*,*,#20278,.F.);
#20293=ORIENTED_EDGE('',*,*,#20130,.T.);
#20295=ORIENTED_EDGE('',*,*,#20294,.F.);
#20296=ORIENTED_EDGE('',*,*,#19975,.F.);
#20297=EDGE_LOOP('',(#20292,#20293,#20295,#20296));
#20298=FACE_OUTER_BOUND('',#20297,.F.);
#20299=ADVANCED_FACE('',(#20298),#20291,.T.);
#20300=CARTESIAN_POINT('',(-1.1755E1,2.275E0,-2.245E0));
#20301=DIRECTION('',(1.E0,0.E0,0.E0));
#20302=DIRECTION('',(0.E0,0.E0,-1.E0));
#20303=AXIS2_PLACEMENT_3D('',#20300,#20301,#20302);
#20304=CYLINDRICAL_SURFACE('',#20303,1.3E0);
#20305=ORIENTED_EDGE('',*,*,#19977,.F.);
#20306=ORIENTED_EDGE('',*,*,#20294,.T.);
#20307=ORIENTED_EDGE('',*,*,#20128,.T.);
#20309=ORIENTED_EDGE('',*,*,#20308,.F.);
#20310=EDGE_LOOP('',(#20305,#20306,#20307,#20309));
#20311=FACE_OUTER_BOUND('',#20310,.F.);
#20312=ADVANCED_FACE('',(#20311),#20304,.T.);
#20313=CARTESIAN_POINT('',(-1.1755E1,2.275E0,-9.45E-1));
#20314=DIRECTION('',(0.E0,0.E0,1.E0));
#20315=DIRECTION('',(0.E0,-1.E0,0.E0));
#20316=AXIS2_PLACEMENT_3D('',#20313,#20314,#20315);
#20317=PLANE('',#20316);
#20318=ORIENTED_EDGE('',*,*,#10872,.F.);
#20319=ORIENTED_EDGE('',*,*,#19979,.F.);
#20320=ORIENTED_EDGE('',*,*,#20308,.T.);
#20321=ORIENTED_EDGE('',*,*,#20126,.T.);
#20322=EDGE_LOOP('',(#20318,#20319,#20320,#20321));
#20323=FACE_OUTER_BOUND('',#20322,.F.);
#20324=ADVANCED_FACE('',(#20323),#20317,.T.);
#20325=CARTESIAN_POINT('',(-1.165973720558E1,3.25E0,-5.81E0));
#20326=DIRECTION('',(-8.660254037844E-1,0.E0,-5.E-1));
#20327=DIRECTION('',(5.E-1,0.E0,-8.660254037844E-1));
#20328=AXIS2_PLACEMENT_3D('',#20325,#20326,#20327);
#20329=PLANE('',#20328);
#20330=ORIENTED_EDGE('',*,*,#19973,.T.);
#20332=ORIENTED_EDGE('',*,*,#20331,.F.);
#20333=ORIENTED_EDGE('',*,*,#20266,.F.);
#20334=ORIENTED_EDGE('',*,*,#20280,.T.);
#20335=EDGE_LOOP('',(#20330,#20332,#20333,#20334));
#20336=FACE_OUTER_BOUND('',#20335,.F.);
#20337=ADVANCED_FACE('',(#20336),#20329,.T.);
#20338=CARTESIAN_POINT('',(-1.143E1,3.020262794416E0,-5.81E0));
#20339=DIRECTION('',(0.E0,-8.660254037844E-1,-5.E-1));
#20340=DIRECTION('',(0.E0,-5.E-1,8.660254037844E-1));
#20341=AXIS2_PLACEMENT_3D('',#20338,#20339,#20340);
#20342=PLANE('',#20341);
#20344=ORIENTED_EDGE('',*,*,#20343,.F.);
#20345=ORIENTED_EDGE('',*,*,#20250,.F.);
#20346=ORIENTED_EDGE('',*,*,#20268,.T.);
#20347=ORIENTED_EDGE('',*,*,#20331,.T.);
#20348=EDGE_LOOP('',(#20344,#20345,#20346,#20347));
#20349=FACE_OUTER_BOUND('',#20348,.F.);
#20350=ADVANCED_FACE('',(#20349),#20342,.T.);
#20351=CARTESIAN_POINT('',(-1.1755E1,2.925E0,-2.245E0));
#20352=DIRECTION('',(0.E0,-1.E0,0.E0));
#20353=DIRECTION('',(0.E0,0.E0,-1.E0));
#20354=AXIS2_PLACEMENT_3D('',#20351,#20352,#20353);
#20355=PLANE('',#20354);
#20356=ORIENTED_EDGE('',*,*,#20343,.T.);
#20357=ORIENTED_EDGE('',*,*,#19986,.F.);
#20359=ORIENTED_EDGE('',*,*,#20358,.T.);
#20360=ORIENTED_EDGE('',*,*,#20119,.T.);
#20361=EDGE_LOOP('',(#20356,#20357,#20359,#20360));
#20362=FACE_OUTER_BOUND('',#20361,.F.);
#20363=ADVANCED_FACE('',(#20362),#20355,.T.);
#20364=CARTESIAN_POINT('',(-1.1755E1,2.275E0,-2.245E0));
#20365=DIRECTION('',(1.E0,0.E0,0.E0));
#20366=DIRECTION('',(0.E0,0.E0,-1.E0));
#20367=AXIS2_PLACEMENT_3D('',#20364,#20365,#20366);
#20368=CYLINDRICAL_SURFACE('',#20367,6.5E-1);
#20369=ORIENTED_EDGE('',*,*,#19984,.F.);
#20371=ORIENTED_EDGE('',*,*,#20370,.T.);
#20372=ORIENTED_EDGE('',*,*,#20121,.T.);
#20373=ORIENTED_EDGE('',*,*,#20358,.F.);
#20374=EDGE_LOOP('',(#20369,#20371,#20372,#20373));
#20375=FACE_OUTER_BOUND('',#20374,.F.);
#20376=ADVANCED_FACE('',(#20375),#20368,.F.);
#20377=CARTESIAN_POINT('',(-1.1755E1,1.E0,-1.595E0));
#20378=DIRECTION('',(0.E0,0.E0,-1.E0));
#20379=DIRECTION('',(0.E0,1.E0,0.E0));
#20380=AXIS2_PLACEMENT_3D('',#20377,#20378,#20379);
#20381=PLANE('',#20380);
#20382=ORIENTED_EDGE('',*,*,#10876,.T.);
#20383=ORIENTED_EDGE('',*,*,#20123,.T.);
#20384=ORIENTED_EDGE('',*,*,#20370,.F.);
#20385=ORIENTED_EDGE('',*,*,#19982,.F.);
#20386=EDGE_LOOP('',(#20382,#20383,#20384,#20385));
#20387=FACE_OUTER_BOUND('',#20386,.F.);
#20388=ADVANCED_FACE('',(#20387),#20381,.T.);
#20389=CARTESIAN_POINT('',(-1.120026279442E1,-7.585E0,-1.27E0));
#20390=DIRECTION('',(8.660254037844E-1,-5.E-1,0.E0));
#20391=DIRECTION('',(-5.E-1,-8.660254037844E-1,0.E0));
#20392=AXIS2_PLACEMENT_3D('',#20389,#20390,#20391);
#20393=PLANE('',#20392);
#20395=ORIENTED_EDGE('',*,*,#20394,.F.);
#20397=ORIENTED_EDGE('',*,*,#20396,.T.);
#20398=ORIENTED_EDGE('',*,*,#20140,.T.);
#20400=ORIENTED_EDGE('',*,*,#20399,.T.);
#20401=EDGE_LOOP('',(#20395,#20397,#20398,#20400));
#20402=FACE_OUTER_BOUND('',#20401,.F.);
#20403=ADVANCED_FACE('',(#20402),#20393,.T.);
#20404=CARTESIAN_POINT('',(-1.1755E1,-7.75E0,-9.45E-1));
#20405=DIRECTION('',(0.E0,-1.E0,0.E0));
#20406=DIRECTION('',(0.E0,0.E0,-1.E0));
#20407=AXIS2_PLACEMENT_3D('',#20404,#20405,#20406);
#20408=PLANE('',#20407);
#20409=ORIENTED_EDGE('',*,*,#20394,.T.);
#20411=ORIENTED_EDGE('',*,*,#20410,.T.);
#20413=ORIENTED_EDGE('',*,*,#20412,.T.);
#20415=ORIENTED_EDGE('',*,*,#20414,.F.);
#20416=EDGE_LOOP('',(#20409,#20411,#20413,#20415));
#20417=FACE_OUTER_BOUND('',#20416,.F.);
#20418=ADVANCED_FACE('',(#20417),#20408,.T.);
#20419=CARTESIAN_POINT('',(-1.143E1,-7.585E0,-1.499737205584E0));
#20420=DIRECTION('',(0.E0,-5.E-1,-8.660254037844E-1));
#20421=DIRECTION('',(0.E0,-8.660254037844E-1,5.E-1));
#20422=AXIS2_PLACEMENT_3D('',#20419,#20420,#20421);
#20423=PLANE('',#20422);
#20425=ORIENTED_EDGE('',*,*,#20424,.T.);
#20427=ORIENTED_EDGE('',*,*,#20426,.F.);
#20428=ORIENTED_EDGE('',*,*,#20410,.F.);
#20429=ORIENTED_EDGE('',*,*,#20399,.F.);
#20430=EDGE_LOOP('',(#20425,#20427,#20428,#20429));
#20431=FACE_OUTER_BOUND('',#20430,.F.);
#20432=ADVANCED_FACE('',(#20431),#20423,.T.);
#20433=CARTESIAN_POINT('',(-1.1755E1,-7.75E0,-1.595E0));
#20434=DIRECTION('',(0.E0,0.E0,-1.E0));
#20435=DIRECTION('',(0.E0,1.E0,0.E0));
#20436=AXIS2_PLACEMENT_3D('',#20433,#20434,#20435);
#20437=PLANE('',#20436);
#20438=ORIENTED_EDGE('',*,*,#20424,.F.);
#20439=ORIENTED_EDGE('',*,*,#20145,.T.);
#20440=ORIENTED_EDGE('',*,*,#9710,.F.);
#20441=ORIENTED_EDGE('',*,*,#19998,.F.);
#20442=EDGE_LOOP('',(#20438,#20439,#20440,#20441));
#20443=FACE_OUTER_BOUND('',#20442,.F.);
#20444=ADVANCED_FACE('',(#20443),#20437,.T.);
#20445=CARTESIAN_POINT('',(-1.165973720558E1,-7.585E0,-1.27E0));
#20446=DIRECTION('',(-8.660254037844E-1,-5.E-1,0.E0));
#20447=DIRECTION('',(5.E-1,-8.660254037844E-1,0.E0));
#20448=AXIS2_PLACEMENT_3D('',#20445,#20446,#20447);
#20449=PLANE('',#20448);
#20450=ORIENTED_EDGE('',*,*,#20412,.F.);
#20451=ORIENTED_EDGE('',*,*,#20426,.T.);
#20452=ORIENTED_EDGE('',*,*,#19996,.T.);
#20454=ORIENTED_EDGE('',*,*,#20453,.T.);
#20455=EDGE_LOOP('',(#20450,#20451,#20452,#20454));
#20456=FACE_OUTER_BOUND('',#20455,.F.);
#20457=ADVANCED_FACE('',(#20456),#20449,.T.);
#20458=CARTESIAN_POINT('',(-1.143E1,-7.585E0,-1.040262794416E0));
#20459=DIRECTION('',(0.E0,-5.E-1,8.660254037844E-1));
#20460=DIRECTION('',(0.E0,8.660254037844E-1,5.E-1));
#20461=AXIS2_PLACEMENT_3D('',#20458,#20459,#20460);
#20462=PLANE('',#20461);
#20463=ORIENTED_EDGE('',*,*,#20414,.T.);
#20464=ORIENTED_EDGE('',*,*,#20453,.F.);
#20466=ORIENTED_EDGE('',*,*,#20465,.F.);
#20467=ORIENTED_EDGE('',*,*,#20396,.F.);
#20468=EDGE_LOOP('',(#20463,#20464,#20466,#20467));
#20469=FACE_OUTER_BOUND('',#20468,.F.);
#20470=ADVANCED_FACE('',(#20469),#20462,.T.);
#20471=CARTESIAN_POINT('',(-1.1755E1,-1.E0,-9.45E-1));
#20472=DIRECTION('',(0.E0,0.E0,1.E0));
#20473=DIRECTION('',(0.E0,-1.E0,0.E0));
#20474=AXIS2_PLACEMENT_3D('',#20471,#20472,#20473);
#20475=PLANE('',#20474);
#20476=ORIENTED_EDGE('',*,*,#20465,.T.);
#20477=ORIENTED_EDGE('',*,*,#20001,.F.);
#20478=ORIENTED_EDGE('',*,*,#9714,.T.);
#20479=ORIENTED_EDGE('',*,*,#20142,.T.);
#20480=EDGE_LOOP('',(#20476,#20477,#20478,#20479));
#20481=FACE_OUTER_BOUND('',#20480,.F.);
#20482=ADVANCED_FACE('',(#20481),#20475,.T.);
#20483=CARTESIAN_POINT('',(-1.120026279442E1,-7.585E0,1.27E0));
#20484=DIRECTION('',(8.660254037844E-1,-5.E-1,0.E0));
#20485=DIRECTION('',(-5.E-1,-8.660254037844E-1,0.E0));
#20486=AXIS2_PLACEMENT_3D('',#20483,#20484,#20485);
#20487=PLANE('',#20486);
#20489=ORIENTED_EDGE('',*,*,#20488,.F.);
#20491=ORIENTED_EDGE('',*,*,#20490,.T.);
#20492=ORIENTED_EDGE('',*,*,#20155,.T.);
#20494=ORIENTED_EDGE('',*,*,#20493,.F.);
#20495=EDGE_LOOP('',(#20489,#20491,#20492,#20494));
#20496=FACE_OUTER_BOUND('',#20495,.F.);
#20497=ADVANCED_FACE('',(#20496),#20487,.T.);
#20498=CARTESIAN_POINT('',(-1.1755E1,-7.75E0,1.595E0));
#20499=DIRECTION('',(0.E0,-1.E0,0.E0));
#20500=DIRECTION('',(0.E0,0.E0,-1.E0));
#20501=AXIS2_PLACEMENT_3D('',#20498,#20499,#20500);
#20502=PLANE('',#20501);
#20504=ORIENTED_EDGE('',*,*,#20503,.T.);
#20506=ORIENTED_EDGE('',*,*,#20505,.T.);
#20508=ORIENTED_EDGE('',*,*,#20507,.F.);
#20509=ORIENTED_EDGE('',*,*,#20488,.T.);
#20510=EDGE_LOOP('',(#20504,#20506,#20508,#20509));
#20511=FACE_OUTER_BOUND('',#20510,.F.);
#20512=ADVANCED_FACE('',(#20511),#20502,.T.);
#20513=CARTESIAN_POINT('',(-1.143E1,-7.585E0,1.040262794416E0));
#20514=DIRECTION('',(0.E0,-5.E-1,-8.660254037844E-1));
#20515=DIRECTION('',(0.E0,-8.660254037844E-1,5.E-1));
#20516=AXIS2_PLACEMENT_3D('',#20513,#20514,#20515);
#20517=PLANE('',#20516);
#20519=ORIENTED_EDGE('',*,*,#20518,.T.);
#20521=ORIENTED_EDGE('',*,*,#20520,.F.);
#20522=ORIENTED_EDGE('',*,*,#20503,.F.);
#20523=ORIENTED_EDGE('',*,*,#20493,.T.);
#20524=EDGE_LOOP('',(#20519,#20521,#20522,#20523));
#20525=FACE_OUTER_BOUND('',#20524,.F.);
#20526=ADVANCED_FACE('',(#20525),#20517,.T.);
#20527=CARTESIAN_POINT('',(-1.1755E1,-7.75E0,9.45E-1));
#20528=DIRECTION('',(0.E0,0.E0,-1.E0));
#20529=DIRECTION('',(0.E0,1.E0,0.E0));
#20530=AXIS2_PLACEMENT_3D('',#20527,#20528,#20529);
#20531=PLANE('',#20530);
#20532=ORIENTED_EDGE('',*,*,#20518,.F.);
#20533=ORIENTED_EDGE('',*,*,#20160,.T.);
#20534=ORIENTED_EDGE('',*,*,#9720,.F.);
#20535=ORIENTED_EDGE('',*,*,#20013,.F.);
#20536=EDGE_LOOP('',(#20532,#20533,#20534,#20535));
#20537=FACE_OUTER_BOUND('',#20536,.F.);
#20538=ADVANCED_FACE('',(#20537),#20531,.T.);
#20539=CARTESIAN_POINT('',(-1.165973720558E1,-7.585E0,1.27E0));
#20540=DIRECTION('',(-8.660254037844E-1,-5.E-1,0.E0));
#20541=DIRECTION('',(5.E-1,-8.660254037844E-1,0.E0));
#20542=AXIS2_PLACEMENT_3D('',#20539,#20540,#20541);
#20543=PLANE('',#20542);
#20544=ORIENTED_EDGE('',*,*,#20011,.T.);
#20546=ORIENTED_EDGE('',*,*,#20545,.F.);
#20547=ORIENTED_EDGE('',*,*,#20505,.F.);
#20548=ORIENTED_EDGE('',*,*,#20520,.T.);
#20549=EDGE_LOOP('',(#20544,#20546,#20547,#20548));
#20550=FACE_OUTER_BOUND('',#20549,.F.);
#20551=ADVANCED_FACE('',(#20550),#20543,.T.);
#20552=CARTESIAN_POINT('',(-1.143E1,-7.585E0,1.499737205584E0));
#20553=DIRECTION('',(0.E0,-5.E-1,8.660254037844E-1));
#20554=DIRECTION('',(0.E0,8.660254037844E-1,5.E-1));
#20555=AXIS2_PLACEMENT_3D('',#20552,#20553,#20554);
#20556=PLANE('',#20555);
#20558=ORIENTED_EDGE('',*,*,#20557,.F.);
#20559=ORIENTED_EDGE('',*,*,#20490,.F.);
#20560=ORIENTED_EDGE('',*,*,#20507,.T.);
#20561=ORIENTED_EDGE('',*,*,#20545,.T.);
#20562=EDGE_LOOP('',(#20558,#20559,#20560,#20561));
#20563=FACE_OUTER_BOUND('',#20562,.F.);
#20564=ADVANCED_FACE('',(#20563),#20556,.T.);
#20565=CARTESIAN_POINT('',(-1.1755E1,-1.E0,1.595E0));
#20566=DIRECTION('',(0.E0,0.E0,1.E0));
#20567=DIRECTION('',(0.E0,-1.E0,0.E0));
#20568=AXIS2_PLACEMENT_3D('',#20565,#20566,#20567);
#20569=PLANE('',#20568);
#20570=ORIENTED_EDGE('',*,*,#20557,.T.);
#20571=ORIENTED_EDGE('',*,*,#20016,.F.);
#20572=ORIENTED_EDGE('',*,*,#9724,.T.);
#20573=ORIENTED_EDGE('',*,*,#20157,.T.);
#20574=EDGE_LOOP('',(#20570,#20571,#20572,#20573));
#20575=FACE_OUTER_BOUND('',#20574,.F.);
#20576=ADVANCED_FACE('',(#20575),#20569,.T.);
#20577=CLOSED_SHELL('',(#9728,#9743,#9757,#9771,#9786,#9801,#9816,#9831,#9846,
#9861,#9876,#9891,#9905,#9919,#9933,#9947,#9961,#9975,#9990,#10005,#10020,
#10035,#10050,#10065,#10080,#10095,#10110,#10124,#10138,#10151,#10890,#10903,
#10916,#10928,#10941,#10954,#10966,#10979,#10992,#11004,#11017,#11030,#11042,
#11055,#11068,#11080,#11093,#11106,#11118,#11131,#11144,#11156,#11169,#11182,
#11194,#11207,#11220,#11232,#11245,#11258,#11270,#11283,#11296,#11308,#11321,
#11334,#11346,#11359,#11372,#11384,#11397,#11410,#11422,#11435,#11448,#11460,
#11473,#11486,#11498,#11511,#11524,#11536,#11551,#11565,#11579,#11592,#11604,
#11620,#11636,#11652,#11666,#11679,#11692,#11704,#11718,#11731,#11744,#11756,
#11770,#11783,#11796,#11808,#11823,#11837,#11851,#11864,#11876,#11892,#11908,
#11924,#11938,#11951,#11964,#11976,#11990,#12003,#12016,#12028,#12042,#12055,
#12068,#12080,#12095,#12109,#12123,#12136,#12148,#12164,#12180,#12196,#12210,
#12223,#12236,#12248,#12262,#12275,#12288,#12300,#12314,#12327,#12340,#12352,
#12367,#12381,#12395,#12408,#12420,#12436,#12452,#12468,#12482,#12495,#12508,
#12520,#12534,#12547,#12560,#12572,#12586,#12599,#12612,#12624,#12639,#12653,
#12667,#12680,#12692,#12708,#12724,#12740,#12754,#12767,#12780,#12792,#12806,
#12819,#12832,#12844,#12858,#12871,#12884,#12896,#12911,#12925,#12939,#12952,
#12964,#12980,#12996,#13012,#13026,#13039,#13052,#13064,#13078,#13091,#13104,
#13116,#13130,#13143,#13156,#13168,#13183,#13197,#13211,#13224,#13236,#13252,
#13268,#13284,#13298,#13311,#13324,#13336,#13350,#13363,#13376,#13388,#13402,
#13415,#13428,#13440,#13455,#13469,#13483,#13496,#13508,#13524,#13540,#13556,
#13570,#13583,#13596,#13608,#13622,#13635,#13648,#13660,#13674,#13687,#13700,
#13712,#13727,#13741,#13755,#13768,#13780,#13796,#13812,#13828,#13842,#13855,
#13868,#13880,#13894,#13907,#13920,#13932,#13946,#13959,#13972,#13984,#13999,
#14013,#14027,#14040,#14052,#14068,#14084,#14100,#14114,#14127,#14140,#14152,
#14166,#14179,#14192,#14204,#14218,#14231,#14244,#14256,#14279,#14302,#14317,
#14332,#14347,#14362,#14376,#14390,#14403,#14423,#14446,#14461,#14476,#14490,
#14503,#14516,#14529,#14542,#14554,#14569,#14584,#14598,#14611,#14624,#14636,
#14649,#14662,#14675,#14688,#14700,#14715,#14730,#14744,#14756,#14769,#14782,
#14794,#14809,#14824,#14838,#14850,#14863,#14876,#14888,#14911,#14934,#14949,
#14964,#14979,#14994,#15008,#15022,#15035,#15055,#15078,#15093,#15108,#15122,
#15135,#15148,#15161,#15174,#15186,#15201,#15216,#15230,#15243,#15256,#15268,
#15281,#15294,#15307,#15320,#15332,#15347,#15362,#15376,#15388,#15401,#15414,
#15426,#15441,#15456,#15470,#15482,#15495,#15508,#15520,#15543,#15566,#15581,
#15596,#15611,#15626,#15640,#15654,#15667,#15687,#15710,#15725,#15740,#15754,
#15767,#15780,#15793,#15806,#15818,#15833,#15848,#15862,#15875,#15888,#15900,
#15913,#15926,#15939,#15952,#15964,#15979,#15994,#16008,#16020,#16033,#16046,
#16058,#16073,#16088,#16102,#16114,#16127,#16140,#16152,#16175,#16198,#16213,
#16228,#16243,#16258,#16272,#16286,#16299,#16319,#16342,#16357,#16372,#16386,
#16399,#16412,#16425,#16438,#16450,#16465,#16480,#16494,#16507,#16520,#16532,
#16545,#16558,#16571,#16584,#16596,#16611,#16626,#16640,#16652,#16665,#16678,
#16690,#16705,#16720,#16734,#16746,#16759,#16772,#16784,#16807,#16830,#16845,
#16860,#16875,#16890,#16904,#16918,#16931,#16951,#16974,#16989,#17004,#17018,
#17031,#17044,#17057,#17070,#17082,#17097,#17112,#17126,#17139,#17152,#17164,
#17177,#17190,#17203,#17216,#17228,#17243,#17258,#17272,#17284,#17297,#17310,
#17322,#17337,#17352,#17366,#17378,#17391,#17404,#17416,#17439,#17462,#17477,
#17492,#17507,#17522,#17536,#17550,#17563,#17583,#17606,#17621,#17636,#17650,
#17663,#17676,#17689,#17702,#17714,#17729,#17744,#17758,#17771,#17784,#17796,
#17809,#17822,#17835,#17848,#17860,#17875,#17890,#17904,#17916,#17929,#17942,
#17954,#17969,#17984,#17998,#18010,#18023,#18036,#18048,#18071,#18094,#18109,
#18124,#18139,#18154,#18168,#18182,#18195,#18215,#18238,#18253,#18268,#18282,
#18295,#18308,#18321,#18334,#18346,#18361,#18376,#18390,#18403,#18416,#18428,
#18441,#18454,#18467,#18480,#18492,#18507,#18522,#18536,#18548,#18561,#18574,
#18586,#18601,#18616,#18630,#18642,#18655,#18668,#18680,#18703,#18726,#18741,
#18756,#18771,#18786,#18800,#18814,#18827,#18847,#18870,#18885,#18900,#18914,
#18927,#18940,#18953,#18966,#18978,#18993,#19008,#19022,#19035,#19048,#19060,
#19073,#19086,#19099,#19112,#19124,#19139,#19154,#19168,#19180,#19193,#19206,
#19218,#19233,#19248,#19262,#19274,#19287,#19300,#19312,#19335,#19358,#19373,
#19388,#19403,#19418,#19432,#19446,#19459,#19479,#19502,#19517,#19532,#19546,
#19559,#19572,#19585,#19598,#19610,#19625,#19640,#19654,#19667,#19680,#19692,
#19705,#19718,#19731,#19744,#19756,#19771,#19786,#19800,#19812,#19825,#19838,
#19850,#19865,#19880,#19894,#19906,#19919,#19932,#19944,#19967,#19990,#20005,
#20020,#20035,#20050,#20064,#20078,#20091,#20111,#20134,#20149,#20164,#20178,
#20191,#20204,#20217,#20230,#20242,#20257,#20272,#20286,#20299,#20312,#20324,
#20337,#20350,#20363,#20376,#20388,#20403,#20418,#20432,#20444,#20457,#20470,
#20482,#20497,#20512,#20526,#20538,#20551,#20564,#20576));
#20578=MANIFOLD_SOLID_BREP('',#20577);
#20579=CARTESIAN_POINT('',(0.E0,0.E0,0.E0));
#20580=DIRECTION('',(0.E0,0.E0,1.E0));
#20581=DIRECTION('',(1.E0,0.E0,0.E0));
#20582=AXIS2_PLACEMENT_3D('CSYS',#20579,#20580,#20581);
#20583=CARTESIAN_POINT('',(1.14225E1,3.2575E0,-3.075E0));
#20584=DIRECTION('',(0.E0,0.E0,-1.E0));
#20585=DIRECTION('',(-1.E0,0.E0,0.E0));
#20586=AXIS2_PLACEMENT_3D('',#20583,#20584,#20585);
#20590=CARTESIAN_POINT('',(1.14225E1,3.2575E0,-3.075E0));
#20591=DIRECTION('',(0.E0,0.E0,-1.E0));
#20592=DIRECTION('',(1.E0,0.E0,0.E0));
#20593=AXIS2_PLACEMENT_3D('',#20590,#20591,#20592);
#20599=CARTESIAN_POINT('',(1.14225E1,5.7975E0,-3.075E0));
#20600=DIRECTION('',(0.E0,0.E0,-1.E0));
#20601=DIRECTION('',(-1.E0,0.E0,0.E0));
#20602=AXIS2_PLACEMENT_3D('',#20599,#20600,#20601);
#20606=CARTESIAN_POINT('',(1.14225E1,5.7975E0,-3.075E0));
#20607=DIRECTION('',(0.E0,0.E0,-1.E0));
#20608=DIRECTION('',(1.E0,0.E0,0.E0));
#20609=AXIS2_PLACEMENT_3D('',#20606,#20607,#20608);
#20614=CARTESIAN_POINT('',(8.8825E0,3.2575E0,-3.075E0));
#20615=DIRECTION('',(0.E0,0.E0,-1.E0));
#20616=DIRECTION('',(-1.E0,0.E0,0.E0));
#20617=AXIS2_PLACEMENT_3D('',#20614,#20615,#20616);
#20621=CARTESIAN_POINT('',(8.8825E0,3.2575E0,-3.075E0));
#20622=DIRECTION('',(0.E0,0.E0,-1.E0));
#20623=DIRECTION('',(1.E0,0.E0,0.E0));
#20624=AXIS2_PLACEMENT_3D('',#20621,#20622,#20623);
#20629=CARTESIAN_POINT('',(8.8825E0,5.7975E0,-3.075E0));
#20630=DIRECTION('',(0.E0,0.E0,-1.E0));
#20631=DIRECTION('',(-1.E0,0.E0,0.E0));
#20632=AXIS2_PLACEMENT_3D('',#20629,#20630,#20631);
#20636=CARTESIAN_POINT('',(8.8825E0,5.7975E0,-3.075E0));
#20637=DIRECTION('',(0.E0,0.E0,-1.E0));
#20638=DIRECTION('',(1.E0,0.E0,0.E0));
#20639=AXIS2_PLACEMENT_3D('',#20636,#20637,#20638);
#20644=CARTESIAN_POINT('',(6.3425E0,3.2575E0,-3.075E0));
#20645=DIRECTION('',(0.E0,0.E0,-1.E0));
#20646=DIRECTION('',(-1.E0,0.E0,0.E0));
#20647=AXIS2_PLACEMENT_3D('',#20644,#20645,#20646);
#20651=CARTESIAN_POINT('',(6.3425E0,3.2575E0,-3.075E0));
#20652=DIRECTION('',(0.E0,0.E0,-1.E0));
#20653=DIRECTION('',(1.E0,0.E0,0.E0));
#20654=AXIS2_PLACEMENT_3D('',#20651,#20652,#20653);
#20659=CARTESIAN_POINT('',(6.3425E0,5.7975E0,-3.075E0));
#20660=DIRECTION('',(0.E0,0.E0,-1.E0));
#20661=DIRECTION('',(-1.E0,0.E0,0.E0));
#20662=AXIS2_PLACEMENT_3D('',#20659,#20660,#20661);
#20666=CARTESIAN_POINT('',(6.3425E0,5.7975E0,-3.075E0));
#20667=DIRECTION('',(0.E0,0.E0,-1.E0));
#20668=DIRECTION('',(1.E0,0.E0,0.E0));
#20669=AXIS2_PLACEMENT_3D('',#20666,#20667,#20668);
#20674=CARTESIAN_POINT('',(3.8025E0,3.2575E0,-3.075E0));
#20675=DIRECTION('',(0.E0,0.E0,-1.E0));
#20676=DIRECTION('',(-1.E0,0.E0,0.E0));
#20677=AXIS2_PLACEMENT_3D('',#20674,#20675,#20676);
#20681=CARTESIAN_POINT('',(3.8025E0,3.2575E0,-3.075E0));
#20682=DIRECTION('',(0.E0,0.E0,-1.E0));
#20683=DIRECTION('',(1.E0,0.E0,0.E0));
#20684=AXIS2_PLACEMENT_3D('',#20681,#20682,#20683);
#20689=CARTESIAN_POINT('',(3.8025E0,5.7975E0,-3.075E0));
#20690=DIRECTION('',(0.E0,0.E0,-1.E0));
#20691=DIRECTION('',(-1.E0,0.E0,0.E0));
#20692=AXIS2_PLACEMENT_3D('',#20689,#20690,#20691);
#20696=CARTESIAN_POINT('',(3.8025E0,5.7975E0,-3.075E0));
#20697=DIRECTION('',(0.E0,0.E0,-1.E0));
#20698=DIRECTION('',(1.E0,0.E0,0.E0));
#20699=AXIS2_PLACEMENT_3D('',#20696,#20697,#20698);
#20704=CARTESIAN_POINT('',(1.2625E0,3.2575E0,-3.075E0));
#20705=DIRECTION('',(0.E0,0.E0,-1.E0));
#20706=DIRECTION('',(-1.E0,0.E0,0.E0));
#20707=AXIS2_PLACEMENT_3D('',#20704,#20705,#20706);
#20711=CARTESIAN_POINT('',(1.2625E0,3.2575E0,-3.075E0));
#20712=DIRECTION('',(0.E0,0.E0,-1.E0));
#20713=DIRECTION('',(1.E0,0.E0,0.E0));
#20714=AXIS2_PLACEMENT_3D('',#20711,#20712,#20713);
#20719=CARTESIAN_POINT('',(1.2625E0,5.7975E0,-3.075E0));
#20720=DIRECTION('',(0.E0,0.E0,-1.E0));
#20721=DIRECTION('',(-1.E0,0.E0,0.E0));
#20722=AXIS2_PLACEMENT_3D('',#20719,#20720,#20721);
#20726=CARTESIAN_POINT('',(1.2625E0,5.7975E0,-3.075E0));
#20727=DIRECTION('',(0.E0,0.E0,-1.E0));
#20728=DIRECTION('',(1.E0,0.E0,0.E0));
#20729=AXIS2_PLACEMENT_3D('',#20726,#20727,#20728);
#20734=CARTESIAN_POINT('',(-1.2775E0,3.2575E0,-3.075E0));
#20735=DIRECTION('',(0.E0,0.E0,-1.E0));
#20736=DIRECTION('',(-1.E0,0.E0,0.E0));
#20737=AXIS2_PLACEMENT_3D('',#20734,#20735,#20736);
#20741=CARTESIAN_POINT('',(-1.2775E0,3.2575E0,-3.075E0));
#20742=DIRECTION('',(0.E0,0.E0,-1.E0));
#20743=DIRECTION('',(1.E0,0.E0,0.E0));
#20744=AXIS2_PLACEMENT_3D('',#20741,#20742,#20743);
#20749=CARTESIAN_POINT('',(-1.2775E0,5.7975E0,-3.075E0));
#20750=DIRECTION('',(0.E0,0.E0,-1.E0));
#20751=DIRECTION('',(-1.E0,0.E0,0.E0));
#20752=AXIS2_PLACEMENT_3D('',#20749,#20750,#20751);
#20756=CARTESIAN_POINT('',(-1.2775E0,5.7975E0,-3.075E0));
#20757=DIRECTION('',(0.E0,0.E0,-1.E0));
#20758=DIRECTION('',(1.E0,0.E0,0.E0));
#20759=AXIS2_PLACEMENT_3D('',#20756,#20757,#20758);
#20764=CARTESIAN_POINT('',(-3.8175E0,3.2575E0,-3.075E0));
#20765=DIRECTION('',(0.E0,0.E0,-1.E0));
#20766=DIRECTION('',(-1.E0,0.E0,0.E0));
#20767=AXIS2_PLACEMENT_3D('',#20764,#20765,#20766);
#20771=CARTESIAN_POINT('',(-3.8175E0,3.2575E0,-3.075E0));
#20772=DIRECTION('',(0.E0,0.E0,-1.E0));
#20773=DIRECTION('',(1.E0,0.E0,0.E0));
#20774=AXIS2_PLACEMENT_3D('',#20771,#20772,#20773);
#20779=CARTESIAN_POINT('',(-3.8175E0,5.7975E0,-3.075E0));
#20780=DIRECTION('',(0.E0,0.E0,-1.E0));
#20781=DIRECTION('',(-1.E0,0.E0,0.E0));
#20782=AXIS2_PLACEMENT_3D('',#20779,#20780,#20781);
#20786=CARTESIAN_POINT('',(-3.8175E0,5.7975E0,-3.075E0));
#20787=DIRECTION('',(0.E0,0.E0,-1.E0));
#20788=DIRECTION('',(1.E0,0.E0,0.E0));
#20789=AXIS2_PLACEMENT_3D('',#20786,#20787,#20788);
#20794=CARTESIAN_POINT('',(-6.3575E0,3.2575E0,-3.075E0));
#20795=DIRECTION('',(0.E0,0.E0,-1.E0));
#20796=DIRECTION('',(-1.E0,0.E0,0.E0));
#20797=AXIS2_PLACEMENT_3D('',#20794,#20795,#20796);
#20801=CARTESIAN_POINT('',(-6.3575E0,3.2575E0,-3.075E0));
#20802=DIRECTION('',(0.E0,0.E0,-1.E0));
#20803=DIRECTION('',(1.E0,0.E0,0.E0));
#20804=AXIS2_PLACEMENT_3D('',#20801,#20802,#20803);
#20809=CARTESIAN_POINT('',(-6.3575E0,5.7975E0,-3.075E0));
#20810=DIRECTION('',(0.E0,0.E0,-1.E0));
#20811=DIRECTION('',(-1.E0,0.E0,0.E0));
#20812=AXIS2_PLACEMENT_3D('',#20809,#20810,#20811);
#20816=CARTESIAN_POINT('',(-6.3575E0,5.7975E0,-3.075E0));
#20817=DIRECTION('',(0.E0,0.E0,-1.E0));
#20818=DIRECTION('',(1.E0,0.E0,0.E0));
#20819=AXIS2_PLACEMENT_3D('',#20816,#20817,#20818);
#20824=CARTESIAN_POINT('',(-8.8975E0,3.2575E0,-3.075E0));
#20825=DIRECTION('',(0.E0,0.E0,-1.E0));
#20826=DIRECTION('',(-1.E0,0.E0,0.E0));
#20827=AXIS2_PLACEMENT_3D('',#20824,#20825,#20826);
#20831=CARTESIAN_POINT('',(-8.8975E0,3.2575E0,-3.075E0));
#20832=DIRECTION('',(0.E0,0.E0,-1.E0));
#20833=DIRECTION('',(1.E0,0.E0,0.E0));
#20834=AXIS2_PLACEMENT_3D('',#20831,#20832,#20833);
#20839=CARTESIAN_POINT('',(-8.8975E0,5.7975E0,-3.075E0));
#20840=DIRECTION('',(0.E0,0.E0,-1.E0));
#20841=DIRECTION('',(-1.E0,0.E0,0.E0));
#20842=AXIS2_PLACEMENT_3D('',#20839,#20840,#20841);
#20846=CARTESIAN_POINT('',(-8.8975E0,5.7975E0,-3.075E0));
#20847=DIRECTION('',(0.E0,0.E0,-1.E0));
#20848=DIRECTION('',(1.E0,0.E0,0.E0));
#20849=AXIS2_PLACEMENT_3D('',#20846,#20847,#20848);
#20854=CARTESIAN_POINT('',(-1.14375E1,3.2575E0,-3.075E0));
#20855=DIRECTION('',(0.E0,0.E0,-1.E0));
#20856=DIRECTION('',(-1.E0,0.E0,0.E0));
#20857=AXIS2_PLACEMENT_3D('',#20854,#20855,#20856);
#20861=CARTESIAN_POINT('',(-1.14375E1,3.2575E0,-3.075E0));
#20862=DIRECTION('',(0.E0,0.E0,-1.E0));
#20863=DIRECTION('',(1.E0,0.E0,0.E0));
#20864=AXIS2_PLACEMENT_3D('',#20861,#20862,#20863);
#20869=CARTESIAN_POINT('',(-1.14375E1,5.7975E0,-3.075E0));
#20870=DIRECTION('',(0.E0,0.E0,-1.E0));
#20871=DIRECTION('',(-1.E0,0.E0,0.E0));
#20872=AXIS2_PLACEMENT_3D('',#20869,#20870,#20871);
#20876=CARTESIAN_POINT('',(-1.14375E1,5.7975E0,-3.075E0));
#20877=DIRECTION('',(0.E0,0.E0,-1.E0));
#20878=DIRECTION('',(1.E0,0.E0,0.E0));
#20879=AXIS2_PLACEMENT_3D('',#20876,#20877,#20878);
#20885=DIMENSIONAL_EXPONENTS(0.E0,0.E0,0.E0,0.E0,0.E0,0.E0,0.E0);
#20887=PLANE_ANGLE_MEASURE_WITH_UNIT(PLANE_ANGLE_MEASURE(1.745329251994E-2),
#20886);
#20888=(CONVERSION_BASED_UNIT('DEGREE',#20887)NAMED_UNIT(*)PLANE_ANGLE_UNIT());
#20890=UNCERTAINTY_MEASURE_WITH_UNIT(LENGTH_MEASURE(3.039134624167E-3),#20884,
'closure',
'Maximum model space distance between geometric entities at asserted connectivities');
#20891=(GEOMETRIC_REPRESENTATION_CONTEXT(3)GLOBAL_UNCERTAINTY_ASSIGNED_CONTEXT((
#20890))GLOBAL_UNIT_ASSIGNED_CONTEXT((#20884,#20888,#20889))REPRESENTATION_CONTEXT('ID1','3'));
#20598=GEOMETRIC_SET('',(#20597,#20613,#20628,#20643,#20658,#20673,#20688,
#20703,#20718,#20733,#20748,#20763,#20778,#20793,#20808,#20823,#20838,#20853,
#20868,#20883));
#20895=SHAPE_REPRESENTATION_RELATIONSHIP('','',#20894,#20892);
#20896=SHAPE_REPRESENTATION_RELATIONSHIP('','',#20894,#20893);
#20897=APPLICATION_CONTEXT(
'CONFIGURATION CONTROLLED 3D DESIGNS OF MECHANICAL PARTS AND ASSEMBLIES');
#20898=APPLICATION_PROTOCOL_DEFINITION('international standard',
'config_control_design',1994,#20897);
#20899=DESIGN_CONTEXT('',#20897,'design');
#20900=MECHANICAL_CONTEXT('',#20897,'mechanical');
#20901=PRODUCT('901220770','901220770','NOT SPECIFIED',(#20900));
#20902=PRODUCT_DEFINITION_FORMATION_WITH_SPECIFIED_SOURCE('5','LAST_VERSION',
#20901,.MADE.);
#20906=PRODUCT_CATEGORY('part','');
#20907=PRODUCT_RELATED_PRODUCT_CATEGORY('detail','',(#20901));
#20908=PRODUCT_CATEGORY_RELATIONSHIP('','',#20906,#20907);
#20909=SECURITY_CLASSIFICATION_LEVEL('unclassified');
#20910=SECURITY_CLASSIFICATION('','',#20909);
#20911=CC_DESIGN_SECURITY_CLASSIFICATION(#20910,(#20902));
#20912=APPROVAL_STATUS('approved');
#20913=APPROVAL(#20912,'');
#20914=CC_DESIGN_APPROVAL(#20913,(#20910,#20902,#20903));
#20915=CALENDAR_DATE(120,20,7);
#20916=COORDINATED_UNIVERSAL_TIME_OFFSET(5,30,.AHEAD.);
#20917=LOCAL_TIME(12,58,2.3E1,#20916);
#20918=DATE_AND_TIME(#20915,#20917);
#20919=APPROVAL_DATE_TIME(#20918,#20913);
#20920=DATE_TIME_ROLE('creation_date');
#20921=CC_DESIGN_DATE_AND_TIME_ASSIGNMENT(#20918,#20920,(#20903));
#20922=DATE_TIME_ROLE('classification_date');
#20923=CC_DESIGN_DATE_AND_TIME_ASSIGNMENT(#20918,#20922,(#20910));
#20924=PERSON('UNSPECIFIED','UNSPECIFIED',$,$,$,$);
#20925=ORGANIZATION('UNSPECIFIED','UNSPECIFIED','UNSPECIFIED');
#20926=PERSON_AND_ORGANIZATION(#20924,#20925);
#20927=APPROVAL_ROLE('approver');
#20928=APPROVAL_PERSON_ORGANIZATION(#20926,#20913,#20927);
#20929=PERSON_AND_ORGANIZATION_ROLE('creator');
#20930=CC_DESIGN_PERSON_AND_ORGANIZATION_ASSIGNMENT(#20926,#20929,(#20902,
#20903));
#20931=PERSON_AND_ORGANIZATION_ROLE('design_supplier');
#20932=CC_DESIGN_PERSON_AND_ORGANIZATION_ASSIGNMENT(#20926,#20931,(#20902));
#20933=PERSON_AND_ORGANIZATION_ROLE('classification_officer');
#20934=CC_DESIGN_PERSON_AND_ORGANIZATION_ASSIGNMENT(#20926,#20933,(#20910));
#20935=PERSON_AND_ORGANIZATION_ROLE('design_owner');
#20936=CC_DESIGN_PERSON_AND_ORGANIZATION_ASSIGNMENT(#20926,#20935,(#20901));
#3533=CIRCLE('',#3532,1.3E0);
#3546=CIRCLE('',#3545,6.5E-1);
#3563=CIRCLE('',#3562,1.3E0);
#3576=CIRCLE('',#3575,6.5E-1);
#3637=CIRCLE('',#3636,6.5E-1);
#3650=CIRCLE('',#3649,1.3E0);
#3667=CIRCLE('',#3666,6.5E-1);
#3680=CIRCLE('',#3679,1.3E0);
#3893=CIRCLE('',#3892,1.3E0);
#3906=CIRCLE('',#3905,6.5E-1);
#3923=CIRCLE('',#3922,1.3E0);
#3936=CIRCLE('',#3935,6.5E-1);
#3997=CIRCLE('',#3996,6.5E-1);
#4010=CIRCLE('',#4009,1.3E0);
#4027=CIRCLE('',#4026,6.5E-1);
#4040=CIRCLE('',#4039,1.3E0);
#4253=CIRCLE('',#4252,1.3E0);
#4266=CIRCLE('',#4265,6.5E-1);
#4283=CIRCLE('',#4282,1.3E0);
#4296=CIRCLE('',#4295,6.5E-1);
#4357=CIRCLE('',#4356,6.5E-1);
#4370=CIRCLE('',#4369,1.3E0);
#4387=CIRCLE('',#4386,6.5E-1);
#4400=CIRCLE('',#4399,1.3E0);
#4613=CIRCLE('',#4612,1.3E0);
#4626=CIRCLE('',#4625,6.5E-1);
#4643=CIRCLE('',#4642,1.3E0);
#4656=CIRCLE('',#4655,6.5E-1);
#4717=CIRCLE('',#4716,6.5E-1);
#4730=CIRCLE('',#4729,1.3E0);
#4747=CIRCLE('',#4746,6.5E-1);
#4760=CIRCLE('',#4759,1.3E0);
#4973=CIRCLE('',#4972,1.3E0);
#4986=CIRCLE('',#4985,6.5E-1);
#5003=CIRCLE('',#5002,1.3E0);
#5016=CIRCLE('',#5015,6.5E-1);
#5077=CIRCLE('',#5076,6.5E-1);
#5090=CIRCLE('',#5089,1.3E0);
#5107=CIRCLE('',#5106,6.5E-1);
#5120=CIRCLE('',#5119,1.3E0);
#5333=CIRCLE('',#5332,1.3E0);
#5346=CIRCLE('',#5345,6.5E-1);
#5363=CIRCLE('',#5362,1.3E0);
#5376=CIRCLE('',#5375,6.5E-1);
#5437=CIRCLE('',#5436,6.5E-1);
#5450=CIRCLE('',#5449,1.3E0);
#5467=CIRCLE('',#5466,6.5E-1);
#5480=CIRCLE('',#5479,1.3E0);
#5693=CIRCLE('',#5692,1.3E0);
#5706=CIRCLE('',#5705,6.5E-1);
#5723=CIRCLE('',#5722,1.3E0);
#5736=CIRCLE('',#5735,6.5E-1);
#5797=CIRCLE('',#5796,6.5E-1);
#5810=CIRCLE('',#5809,1.3E0);
#5827=CIRCLE('',#5826,6.5E-1);
#5840=CIRCLE('',#5839,1.3E0);
#6053=CIRCLE('',#6052,1.3E0);
#6066=CIRCLE('',#6065,6.5E-1);
#6083=CIRCLE('',#6082,1.3E0);
#6096=CIRCLE('',#6095,6.5E-1);
#6157=CIRCLE('',#6156,6.5E-1);
#6170=CIRCLE('',#6169,1.3E0);
#6187=CIRCLE('',#6186,6.5E-1);
#6200=CIRCLE('',#6199,1.3E0);
#6413=CIRCLE('',#6412,1.3E0);
#6426=CIRCLE('',#6425,6.5E-1);
#6443=CIRCLE('',#6442,1.3E0);
#6456=CIRCLE('',#6455,6.5E-1);
#6517=CIRCLE('',#6516,6.5E-1);
#6530=CIRCLE('',#6529,1.3E0);
#6547=CIRCLE('',#6546,6.5E-1);
#6560=CIRCLE('',#6559,1.3E0);
#6773=CIRCLE('',#6772,1.3E0);
#6786=CIRCLE('',#6785,6.5E-1);
#6803=CIRCLE('',#6802,1.3E0);
#6816=CIRCLE('',#6815,6.5E-1);
#6877=CIRCLE('',#6876,6.5E-1);
#6890=CIRCLE('',#6889,1.3E0);
#6907=CIRCLE('',#6906,6.5E-1);
#6920=CIRCLE('',#6919,1.3E0);
#9366=EDGE_CURVE('',#7795,#7796,#4,.T.);
#9368=EDGE_CURVE('',#7795,#7129,#8,.T.);
#9370=EDGE_CURVE('',#7129,#7130,#12,.T.);
#9372=EDGE_CURVE('',#7130,#7132,#16,.T.);
#9374=EDGE_CURVE('',#7132,#7134,#20,.T.);
#9376=EDGE_CURVE('',#7134,#7808,#24,.T.);
#9378=EDGE_CURVE('',#7806,#7808,#28,.T.);
#9380=EDGE_CURVE('',#7804,#7806,#32,.T.);
#9382=EDGE_CURVE('',#7803,#7804,#36,.T.);
#9384=EDGE_CURVE('',#7803,#7776,#40,.T.);
#9386=EDGE_CURVE('',#7774,#7776,#44,.T.);
#9388=EDGE_CURVE('',#7772,#7774,#48,.T.);
#9390=EDGE_CURVE('',#7771,#7772,#52,.T.);
#9392=EDGE_CURVE('',#7771,#7744,#56,.T.);
#9394=EDGE_CURVE('',#7742,#7744,#60,.T.);
#9396=EDGE_CURVE('',#7740,#7742,#64,.T.);
#9398=EDGE_CURVE('',#7739,#7740,#68,.T.);
#9400=EDGE_CURVE('',#7739,#7712,#72,.T.);
#9402=EDGE_CURVE('',#7710,#7712,#76,.T.);
#9404=EDGE_CURVE('',#7708,#7710,#80,.T.);
#9406=EDGE_CURVE('',#7707,#7708,#84,.T.);
#9408=EDGE_CURVE('',#7707,#7680,#88,.T.);
#9410=EDGE_CURVE('',#7678,#7680,#92,.T.);
#9412=EDGE_CURVE('',#7676,#7678,#96,.T.);
#9414=EDGE_CURVE('',#7675,#7676,#100,.T.);
#9416=EDGE_CURVE('',#7675,#7648,#104,.T.);
#9418=EDGE_CURVE('',#7646,#7648,#108,.T.);
#9420=EDGE_CURVE('',#7644,#7646,#112,.T.);
#9422=EDGE_CURVE('',#7643,#7644,#116,.T.);
#9424=EDGE_CURVE('',#7643,#7616,#120,.T.);
#9426=EDGE_CURVE('',#7614,#7616,#124,.T.);
#9428=EDGE_CURVE('',#7612,#7614,#128,.T.);
#9430=EDGE_CURVE('',#7611,#7612,#132,.T.);
#9432=EDGE_CURVE('',#7611,#7536,#136,.T.);
#9434=EDGE_CURVE('',#7535,#7536,#140,.T.);
#9436=EDGE_CURVE('',#7532,#7535,#144,.T.);
#9438=EDGE_CURVE('',#7531,#7532,#148,.T.);
#9440=EDGE_CURVE('',#7531,#7204,#152,.T.);
#9442=EDGE_CURVE('',#7203,#7204,#156,.T.);
#9444=EDGE_CURVE('',#7200,#7203,#160,.T.);
#9446=EDGE_CURVE('',#7156,#7200,#164,.T.);
#9448=EDGE_CURVE('',#7156,#7136,#168,.T.);
#9450=EDGE_CURVE('',#7136,#7123,#172,.T.);
#9452=EDGE_CURVE('',#7123,#7124,#176,.T.);
#9454=EDGE_CURVE('',#7124,#7126,#180,.T.);
#9456=EDGE_CURVE('',#7126,#7154,#184,.T.);
#9458=EDGE_CURVE('',#7198,#7154,#188,.T.);
#9460=EDGE_CURVE('',#7196,#7198,#192,.T.);
#9462=EDGE_CURVE('',#7195,#7196,#196,.T.);
#9464=EDGE_CURVE('',#7195,#7528,#200,.T.);
#9466=EDGE_CURVE('',#7527,#7528,#204,.T.);
#9468=EDGE_CURVE('',#7524,#7527,#208,.T.);
#9470=EDGE_CURVE('',#7523,#7524,#212,.T.);
#9472=EDGE_CURVE('',#7523,#7608,#216,.T.);
#9474=EDGE_CURVE('',#7606,#7608,#220,.T.);
#9476=EDGE_CURVE('',#7604,#7606,#224,.T.);
#9478=EDGE_CURVE('',#7603,#7604,#228,.T.);
#9480=EDGE_CURVE('',#7603,#7640,#232,.T.);
#9482=EDGE_CURVE('',#7638,#7640,#236,.T.);
#9484=EDGE_CURVE('',#7636,#7638,#240,.T.);
#9486=EDGE_CURVE('',#7635,#7636,#244,.T.);
#9488=EDGE_CURVE('',#7635,#7672,#248,.T.);
#9490=EDGE_CURVE('',#7670,#7672,#252,.T.);
#9492=EDGE_CURVE('',#7668,#7670,#256,.T.);
#9494=EDGE_CURVE('',#7667,#7668,#260,.T.);
#9496=EDGE_CURVE('',#7667,#7704,#264,.T.);
#9498=EDGE_CURVE('',#7702,#7704,#268,.T.);
#9500=EDGE_CURVE('',#7700,#7702,#272,.T.);
#9502=EDGE_CURVE('',#7699,#7700,#276,.T.);
#9504=EDGE_CURVE('',#7699,#7736,#280,.T.);
#9506=EDGE_CURVE('',#7734,#7736,#284,.T.);
#9508=EDGE_CURVE('',#7732,#7734,#288,.T.);
#9510=EDGE_CURVE('',#7731,#7732,#292,.T.);
#9512=EDGE_CURVE('',#7731,#7768,#296,.T.);
#9514=EDGE_CURVE('',#7766,#7768,#300,.T.);
#9516=EDGE_CURVE('',#7764,#7766,#304,.T.);
#9518=EDGE_CURVE('',#7763,#7764,#308,.T.);
#9520=EDGE_CURVE('',#7763,#7800,#312,.T.);
#9522=EDGE_CURVE('',#7798,#7800,#316,.T.);
#9524=EDGE_CURVE('',#7796,#7798,#320,.T.);
#9528=EDGE_CURVE('',#7379,#7380,#324,.T.);
#9530=EDGE_CURVE('',#7380,#7388,#328,.T.);
#9532=EDGE_CURVE('',#7387,#7388,#332,.T.);
#9534=EDGE_CURVE('',#7379,#7387,#336,.T.);
#9538=EDGE_CURVE('',#7383,#7384,#340,.T.);
#9540=EDGE_CURVE('',#7384,#7392,#344,.T.);
#9542=EDGE_CURVE('',#7391,#7392,#348,.T.);
#9544=EDGE_CURVE('',#7383,#7391,#352,.T.);
#9548=EDGE_CURVE('',#7427,#7428,#356,.T.);
#9550=EDGE_CURVE('',#7428,#7436,#360,.T.);
#9552=EDGE_CURVE('',#7435,#7436,#364,.T.);
#9554=EDGE_CURVE('',#7427,#7435,#368,.T.);
#9558=EDGE_CURVE('',#7431,#7432,#372,.T.);
#9560=EDGE_CURVE('',#7432,#7440,#376,.T.);
#9562=EDGE_CURVE('',#7439,#7440,#380,.T.);
#9564=EDGE_CURVE('',#7431,#7439,#384,.T.);
#9568=EDGE_CURVE('',#7475,#7476,#388,.T.);
#9570=EDGE_CURVE('',#7476,#7484,#392,.T.);
#9572=EDGE_CURVE('',#7483,#7484,#396,.T.);
#9574=EDGE_CURVE('',#7475,#7483,#400,.T.);
#9578=EDGE_CURVE('',#7479,#7480,#404,.T.);
#9580=EDGE_CURVE('',#7480,#7488,#408,.T.);
#9582=EDGE_CURVE('',#7487,#7488,#412,.T.);
#9584=EDGE_CURVE('',#7479,#7487,#416,.T.);
#9588=EDGE_CURVE('',#7859,#7860,#420,.T.);
#9590=EDGE_CURVE('',#7859,#7867,#424,.T.);
#9592=EDGE_CURVE('',#7867,#7868,#428,.T.);
#9594=EDGE_CURVE('',#7860,#7868,#432,.T.);
#9598=EDGE_CURVE('',#7863,#7864,#436,.T.);
#9600=EDGE_CURVE('',#7863,#7871,#440,.T.);
#9602=EDGE_CURVE('',#7871,#7872,#444,.T.);
#9604=EDGE_CURVE('',#7864,#7872,#448,.T.);
#9608=EDGE_CURVE('',#7923,#7924,#452,.T.);
#9610=EDGE_CURVE('',#7923,#7931,#456,.T.);
#9612=EDGE_CURVE('',#7931,#7932,#460,.T.);
#9614=EDGE_CURVE('',#7924,#7932,#464,.T.);
#9618=EDGE_CURVE('',#7927,#7928,#468,.T.);
#9620=EDGE_CURVE('',#7927,#7935,#472,.T.);
#9622=EDGE_CURVE('',#7935,#7936,#476,.T.);
#9624=EDGE_CURVE('',#7928,#7936,#480,.T.);
#9628=EDGE_CURVE('',#7987,#7988,#484,.T.);
#9630=EDGE_CURVE('',#7987,#7995,#488,.T.);
#9632=EDGE_CURVE('',#7995,#7996,#492,.T.);
#9634=EDGE_CURVE('',#7988,#7996,#496,.T.);
#9638=EDGE_CURVE('',#7991,#7992,#500,.T.);
#9640=EDGE_CURVE('',#7991,#7999,#504,.T.);
#9642=EDGE_CURVE('',#7999,#8000,#508,.T.);
#9644=EDGE_CURVE('',#7992,#8000,#512,.T.);
#9648=EDGE_CURVE('',#8051,#8052,#516,.T.);
#9650=EDGE_CURVE('',#8051,#8059,#520,.T.);
#9652=EDGE_CURVE('',#8059,#8060,#524,.T.);
#9654=EDGE_CURVE('',#8052,#8060,#528,.T.);
#9658=EDGE_CURVE('',#8055,#8056,#532,.T.);
#9660=EDGE_CURVE('',#8055,#8063,#536,.T.);
#9662=EDGE_CURVE('',#8063,#8064,#540,.T.);
#9664=EDGE_CURVE('',#8056,#8064,#544,.T.);
#9668=EDGE_CURVE('',#8115,#8116,#548,.T.);
#9670=EDGE_CURVE('',#8115,#8123,#552,.T.);
#9672=EDGE_CURVE('',#8123,#8124,#556,.T.);
#9674=EDGE_CURVE('',#8116,#8124,#560,.T.);
#9678=EDGE_CURVE('',#8119,#8120,#564,.T.);
#9680=EDGE_CURVE('',#8119,#8127,#568,.T.);
#9682=EDGE_CURVE('',#8127,#8128,#572,.T.);
#9684=EDGE_CURVE('',#8120,#8128,#576,.T.);
#9688=EDGE_CURVE('',#8179,#8180,#580,.T.);
#9690=EDGE_CURVE('',#8179,#8187,#584,.T.);
#9692=EDGE_CURVE('',#8187,#8188,#588,.T.);
#9694=EDGE_CURVE('',#8180,#8188,#592,.T.);
#9698=EDGE_CURVE('',#8183,#8184,#596,.T.);
#9700=EDGE_CURVE('',#8183,#8191,#600,.T.);
#9702=EDGE_CURVE('',#8191,#8192,#604,.T.);
#9704=EDGE_CURVE('',#8184,#8192,#608,.T.);
#9708=EDGE_CURVE('',#8243,#8244,#612,.T.);
#9710=EDGE_CURVE('',#8243,#8251,#616,.T.);
#9712=EDGE_CURVE('',#8251,#8252,#620,.T.);
#9714=EDGE_CURVE('',#8244,#8252,#624,.T.);
#9718=EDGE_CURVE('',#8247,#8248,#628,.T.);
#9720=EDGE_CURVE('',#8247,#8255,#632,.T.);
#9722=EDGE_CURVE('',#8255,#8256,#636,.T.);
#9724=EDGE_CURVE('',#8248,#8256,#640,.T.);
#9735=EDGE_CURVE('',#7812,#7796,#644,.T.);
#9737=EDGE_CURVE('',#7811,#7812,#824,.T.);
#9739=EDGE_CURVE('',#7795,#7811,#716,.T.);
#9750=EDGE_CURVE('',#7814,#7798,#648,.T.);
#9752=EDGE_CURVE('',#7812,#7814,#828,.T.);
#9764=EDGE_CURVE('',#7800,#7816,#720,.T.);
#9766=EDGE_CURVE('',#7814,#7816,#832,.T.);
#9778=EDGE_CURVE('',#7126,#7142,#652,.T.);
#9780=EDGE_CURVE('',#7142,#7158,#964,.T.);
#9782=EDGE_CURVE('',#7154,#7158,#656,.T.);
#9792=EDGE_CURVE('',#7528,#7544,#660,.T.);
#9795=EDGE_CURVE('',#7195,#7207,#664,.T.);
#9797=EDGE_CURVE('',#7207,#7544,#948,.T.);
#9807=EDGE_CURVE('',#7608,#7624,#668,.T.);
#9810=EDGE_CURVE('',#7523,#7539,#672,.T.);
#9812=EDGE_CURVE('',#7539,#7624,#932,.T.);
#9822=EDGE_CURVE('',#7640,#7656,#676,.T.);
#9825=EDGE_CURVE('',#7603,#7619,#680,.T.);
#9827=EDGE_CURVE('',#7619,#7656,#916,.T.);
#9837=EDGE_CURVE('',#7672,#7688,#684,.T.);
#9840=EDGE_CURVE('',#7635,#7651,#688,.T.);
#9842=EDGE_CURVE('',#7651,#7688,#900,.T.);
#9852=EDGE_CURVE('',#7704,#7720,#692,.T.);
#9855=EDGE_CURVE('',#7667,#7683,#696,.T.);
#9857=EDGE_CURVE('',#7683,#7720,#884,.T.);
#9867=EDGE_CURVE('',#7736,#7752,#700,.T.);
#9870=EDGE_CURVE('',#7699,#7715,#704,.T.);
#9872=EDGE_CURVE('',#7715,#7752,#868,.T.);
#9882=EDGE_CURVE('',#7768,#7784,#708,.T.);
#9885=EDGE_CURVE('',#7731,#7747,#712,.T.);
#9887=EDGE_CURVE('',#7747,#7784,#852,.T.);
#9898=EDGE_CURVE('',#7811,#7145,#1140,.T.);
#9900=EDGE_CURVE('',#7129,#7145,#2240,.T.);
#9913=EDGE_CURVE('',#7763,#7779,#724,.T.);
#9915=EDGE_CURVE('',#7779,#7816,#836,.T.);
#9926=EDGE_CURVE('',#7124,#7140,#728,.T.);
#9928=EDGE_CURVE('',#7140,#7142,#968,.T.);
#9940=EDGE_CURVE('',#7123,#7139,#732,.T.);
#9942=EDGE_CURVE('',#7139,#7140,#972,.T.);
#9954=EDGE_CURVE('',#7136,#7152,#736,.T.);
#9956=EDGE_CURVE('',#7152,#7139,#976,.T.);
#9968=EDGE_CURVE('',#7156,#7160,#740,.T.);
#9970=EDGE_CURVE('',#7160,#7152,#980,.T.);
#9981=EDGE_CURVE('',#7531,#7547,#744,.T.);
#9983=EDGE_CURVE('',#7547,#7216,#996,.T.);
#9985=EDGE_CURVE('',#7204,#7216,#748,.T.);
#9996=EDGE_CURVE('',#7611,#7627,#752,.T.);
#9998=EDGE_CURVE('',#7627,#7552,#1012,.T.);
#10000=EDGE_CURVE('',#7536,#7552,#756,.T.);
#10011=EDGE_CURVE('',#7643,#7659,#760,.T.);
#10013=EDGE_CURVE('',#7659,#7632,#1028,.T.);
#10015=EDGE_CURVE('',#7616,#7632,#764,.T.);
#10026=EDGE_CURVE('',#7675,#7691,#768,.T.);
#10028=EDGE_CURVE('',#7691,#7664,#1044,.T.);
#10030=EDGE_CURVE('',#7648,#7664,#772,.T.);
#10041=EDGE_CURVE('',#7707,#7723,#776,.T.);
#10043=EDGE_CURVE('',#7723,#7696,#1060,.T.);
#10045=EDGE_CURVE('',#7680,#7696,#780,.T.);
#10056=EDGE_CURVE('',#7739,#7755,#784,.T.);
#10058=EDGE_CURVE('',#7755,#7728,#1076,.T.);
#10060=EDGE_CURVE('',#7712,#7728,#788,.T.);
#10071=EDGE_CURVE('',#7771,#7787,#792,.T.);
#10073=EDGE_CURVE('',#7787,#7760,#1092,.T.);
#10075=EDGE_CURVE('',#7744,#7760,#796,.T.);
#10086=EDGE_CURVE('',#7803,#7819,#800,.T.);
#10088=EDGE_CURVE('',#7819,#7792,#1108,.T.);
#10090=EDGE_CURVE('',#7776,#7792,#804,.T.);
#10101=EDGE_CURVE('',#7808,#7824,#808,.T.);
#10104=EDGE_CURVE('',#7134,#7150,#812,.T.);
#10106=EDGE_CURVE('',#7150,#7824,#1124,.T.);
#10117=EDGE_CURVE('',#7212,#7200,#816,.T.);
#10119=EDGE_CURVE('',#7160,#7212,#984,.T.);
#10131=EDGE_CURVE('',#7215,#7203,#820,.T.);
#10133=EDGE_CURVE('',#7212,#7215,#988,.T.);
#10146=EDGE_CURVE('',#7215,#7216,#992,.T.);
#10161=EDGE_CURVE('',#7779,#7780,#840,.T.);
#10163=EDGE_CURVE('',#7780,#7782,#844,.T.);
#10165=EDGE_CURVE('',#7782,#7784,#848,.T.);
#10168=EDGE_CURVE('',#7747,#7748,#856,.T.);
#10170=EDGE_CURVE('',#7748,#7750,#860,.T.);
#10172=EDGE_CURVE('',#7750,#7752,#864,.T.);
#10175=EDGE_CURVE('',#7715,#7716,#872,.T.);
#10177=EDGE_CURVE('',#7716,#7718,#876,.T.);
#10179=EDGE_CURVE('',#7718,#7720,#880,.T.);
#10182=EDGE_CURVE('',#7683,#7684,#888,.T.);
#10184=EDGE_CURVE('',#7684,#7686,#892,.T.);
#10186=EDGE_CURVE('',#7686,#7688,#896,.T.);
#10189=EDGE_CURVE('',#7651,#7652,#904,.T.);
#10191=EDGE_CURVE('',#7652,#7654,#908,.T.);
#10193=EDGE_CURVE('',#7654,#7656,#912,.T.);
#10196=EDGE_CURVE('',#7619,#7620,#920,.T.);
#10198=EDGE_CURVE('',#7620,#7622,#924,.T.);
#10200=EDGE_CURVE('',#7622,#7624,#928,.T.);
#10203=EDGE_CURVE('',#7539,#7540,#936,.T.);
#10205=EDGE_CURVE('',#7540,#7543,#940,.T.);
#10207=EDGE_CURVE('',#7543,#7544,#944,.T.);
#10210=EDGE_CURVE('',#7207,#7208,#952,.T.);
#10212=EDGE_CURVE('',#7208,#7210,#956,.T.);
#10214=EDGE_CURVE('',#7210,#7158,#960,.T.);
#10225=EDGE_CURVE('',#7547,#7548,#1000,.T.);
#10227=EDGE_CURVE('',#7548,#7551,#1004,.T.);
#10229=EDGE_CURVE('',#7551,#7552,#1008,.T.);
#10232=EDGE_CURVE('',#7627,#7628,#1016,.T.);
#10234=EDGE_CURVE('',#7628,#7630,#1020,.T.);
#10236=EDGE_CURVE('',#7630,#7632,#1024,.T.);
#10239=EDGE_CURVE('',#7659,#7660,#1032,.T.);
#10241=EDGE_CURVE('',#7660,#7662,#1036,.T.);
#10243=EDGE_CURVE('',#7662,#7664,#1040,.T.);
#10246=EDGE_CURVE('',#7691,#7692,#1048,.T.);
#10248=EDGE_CURVE('',#7692,#7694,#1052,.T.);
#10250=EDGE_CURVE('',#7694,#7696,#1056,.T.);
#10253=EDGE_CURVE('',#7723,#7724,#1064,.T.);
#10255=EDGE_CURVE('',#7724,#7726,#1068,.T.);
#10257=EDGE_CURVE('',#7726,#7728,#1072,.T.);
#10260=EDGE_CURVE('',#7755,#7756,#1080,.T.);
#10262=EDGE_CURVE('',#7756,#7758,#1084,.T.);
#10264=EDGE_CURVE('',#7758,#7760,#1088,.T.);
#10267=EDGE_CURVE('',#7787,#7788,#1096,.T.);
#10269=EDGE_CURVE('',#7788,#7790,#1100,.T.);
#10271=EDGE_CURVE('',#7790,#7792,#1104,.T.);
#10274=EDGE_CURVE('',#7819,#7820,#1112,.T.);
#10276=EDGE_CURVE('',#7820,#7822,#1116,.T.);
#10278=EDGE_CURVE('',#7822,#7824,#1120,.T.);
#10281=EDGE_CURVE('',#7148,#7150,#1128,.T.);
#10283=EDGE_CURVE('',#7146,#7148,#1132,.T.);
#10285=EDGE_CURVE('',#7145,#7146,#1136,.T.);
#10290=EDGE_CURVE('',#7179,#7180,#1144,.T.);
#10292=EDGE_CURVE('',#7184,#7179,#1148,.T.);
#10294=EDGE_CURVE('',#7182,#7184,#1152,.T.);
#10296=EDGE_CURVE('',#7180,#7182,#1156,.T.);
#10300=EDGE_CURVE('',#7187,#7188,#1160,.T.);
#10302=EDGE_CURVE('',#7192,#7187,#1164,.T.);
#10304=EDGE_CURVE('',#7190,#7192,#1168,.T.);
#10306=EDGE_CURVE('',#7188,#7190,#1172,.T.);
#10310=EDGE_CURVE('',#7235,#7236,#1176,.T.);
#10312=EDGE_CURVE('',#7240,#7235,#1180,.T.);
#10314=EDGE_CURVE('',#7238,#7240,#1184,.T.);
#10316=EDGE_CURVE('',#7236,#7238,#1188,.T.);
#10320=EDGE_CURVE('',#7243,#7244,#1192,.T.);
#10322=EDGE_CURVE('',#7248,#7243,#1196,.T.);
#10324=EDGE_CURVE('',#7246,#7248,#1200,.T.);
#10326=EDGE_CURVE('',#7244,#7246,#1204,.T.);
#10330=EDGE_CURVE('',#7283,#7284,#1208,.T.);
#10332=EDGE_CURVE('',#7288,#7283,#1212,.T.);
#10334=EDGE_CURVE('',#7286,#7288,#1216,.T.);
#10336=EDGE_CURVE('',#7284,#7286,#1220,.T.);
#10340=EDGE_CURVE('',#7291,#7292,#1224,.T.);
#10342=EDGE_CURVE('',#7296,#7291,#1228,.T.);
#10344=EDGE_CURVE('',#7294,#7296,#1232,.T.);
#10346=EDGE_CURVE('',#7292,#7294,#1236,.T.);
#10350=EDGE_CURVE('',#7299,#7300,#1240,.T.);
#10352=EDGE_CURVE('',#7304,#7299,#1244,.T.);
#10354=EDGE_CURVE('',#7302,#7304,#1248,.T.);
#10356=EDGE_CURVE('',#7300,#7302,#1252,.T.);
#10360=EDGE_CURVE('',#7307,#7308,#1256,.T.);
#10362=EDGE_CURVE('',#7312,#7307,#1260,.T.);
#10364=EDGE_CURVE('',#7310,#7312,#1264,.T.);
#10366=EDGE_CURVE('',#7308,#7310,#1268,.T.);
#10370=EDGE_CURVE('',#7347,#7348,#1272,.T.);
#10372=EDGE_CURVE('',#7352,#7347,#1276,.T.);
#10374=EDGE_CURVE('',#7350,#7352,#1280,.T.);
#10376=EDGE_CURVE('',#7348,#7350,#1284,.T.);
#10380=EDGE_CURVE('',#7355,#7356,#1288,.T.);
#10382=EDGE_CURVE('',#7360,#7355,#1292,.T.);
#10384=EDGE_CURVE('',#7358,#7360,#1296,.T.);
#10386=EDGE_CURVE('',#7356,#7358,#1300,.T.);
#10390=EDGE_CURVE('',#7363,#7364,#1304,.T.);
#10392=EDGE_CURVE('',#7368,#7363,#1308,.T.);
#10394=EDGE_CURVE('',#7366,#7368,#1312,.T.);
#10396=EDGE_CURVE('',#7364,#7366,#1316,.T.);
#10400=EDGE_CURVE('',#7371,#7372,#1320,.T.);
#10402=EDGE_CURVE('',#7376,#7371,#1324,.T.);
#10404=EDGE_CURVE('',#7374,#7376,#1328,.T.);
#10406=EDGE_CURVE('',#7372,#7374,#1332,.T.);
#10410=EDGE_CURVE('',#8499,#8500,#1336,.T.);
#10412=EDGE_CURVE('',#8504,#8499,#1340,.T.);
#10414=EDGE_CURVE('',#8502,#8504,#1344,.T.);
#10416=EDGE_CURVE('',#8500,#8502,#1348,.T.);
#10420=EDGE_CURVE('',#8507,#8508,#1352,.T.);
#10422=EDGE_CURVE('',#8512,#8507,#1356,.T.);
#10424=EDGE_CURVE('',#8510,#8512,#1360,.T.);
#10426=EDGE_CURVE('',#8508,#8510,#1364,.T.);
#10430=EDGE_CURVE('',#8515,#8516,#1368,.T.);
#10432=EDGE_CURVE('',#8520,#8515,#1372,.T.);
#10434=EDGE_CURVE('',#8518,#8520,#1376,.T.);
#10436=EDGE_CURVE('',#8516,#8518,#1380,.T.);
#10440=EDGE_CURVE('',#8523,#8524,#1384,.T.);
#10442=EDGE_CURVE('',#8528,#8523,#1388,.T.);
#10444=EDGE_CURVE('',#8526,#8528,#1392,.T.);
#10446=EDGE_CURVE('',#8524,#8526,#1396,.T.);
#10450=EDGE_CURVE('',#8563,#8564,#1400,.T.);
#10452=EDGE_CURVE('',#8568,#8563,#1404,.T.);
#10454=EDGE_CURVE('',#8566,#8568,#1408,.T.);
#10456=EDGE_CURVE('',#8564,#8566,#1412,.T.);
#10460=EDGE_CURVE('',#8571,#8572,#1416,.T.);
#10462=EDGE_CURVE('',#8576,#8571,#1420,.T.);
#10464=EDGE_CURVE('',#8574,#8576,#1424,.T.);
#10466=EDGE_CURVE('',#8572,#8574,#1428,.T.);
#10470=EDGE_CURVE('',#8579,#8580,#1432,.T.);
#10472=EDGE_CURVE('',#8584,#8579,#1436,.T.);
#10474=EDGE_CURVE('',#8582,#8584,#1440,.T.);
#10476=EDGE_CURVE('',#8580,#8582,#1444,.T.);
#10480=EDGE_CURVE('',#8587,#8588,#1448,.T.);
#10482=EDGE_CURVE('',#8592,#8587,#1452,.T.);
#10484=EDGE_CURVE('',#8590,#8592,#1456,.T.);
#10486=EDGE_CURVE('',#8588,#8590,#1460,.T.);
#10490=EDGE_CURVE('',#8627,#8628,#1464,.T.);
#10492=EDGE_CURVE('',#8632,#8627,#1468,.T.);
#10494=EDGE_CURVE('',#8630,#8632,#1472,.T.);
#10496=EDGE_CURVE('',#8628,#8630,#1476,.T.);
#10500=EDGE_CURVE('',#8635,#8636,#1480,.T.);
#10502=EDGE_CURVE('',#8640,#8635,#1484,.T.);
#10504=EDGE_CURVE('',#8638,#8640,#1488,.T.);
#10506=EDGE_CURVE('',#8636,#8638,#1492,.T.);
#10510=EDGE_CURVE('',#8643,#8644,#1496,.T.);
#10512=EDGE_CURVE('',#8648,#8643,#1500,.T.);
#10514=EDGE_CURVE('',#8646,#8648,#1504,.T.);
#10516=EDGE_CURVE('',#8644,#8646,#1508,.T.);
#10520=EDGE_CURVE('',#8651,#8652,#1512,.T.);
#10522=EDGE_CURVE('',#8656,#8651,#1516,.T.);
#10524=EDGE_CURVE('',#8654,#8656,#1520,.T.);
#10526=EDGE_CURVE('',#8652,#8654,#1524,.T.);
#10530=EDGE_CURVE('',#8691,#8692,#1528,.T.);
#10532=EDGE_CURVE('',#8696,#8691,#1532,.T.);
#10534=EDGE_CURVE('',#8694,#8696,#1536,.T.);
#10536=EDGE_CURVE('',#8692,#8694,#1540,.T.);
#10540=EDGE_CURVE('',#8699,#8700,#1544,.T.);
#10542=EDGE_CURVE('',#8704,#8699,#1548,.T.);
#10544=EDGE_CURVE('',#8702,#8704,#1552,.T.);
#10546=EDGE_CURVE('',#8700,#8702,#1556,.T.);
#10550=EDGE_CURVE('',#8707,#8708,#1560,.T.);
#10552=EDGE_CURVE('',#8712,#8707,#1564,.T.);
#10554=EDGE_CURVE('',#8710,#8712,#1568,.T.);
#10556=EDGE_CURVE('',#8708,#8710,#1572,.T.);
#10560=EDGE_CURVE('',#8715,#8716,#1576,.T.);
#10562=EDGE_CURVE('',#8720,#8715,#1580,.T.);
#10564=EDGE_CURVE('',#8718,#8720,#1584,.T.);
#10566=EDGE_CURVE('',#8716,#8718,#1588,.T.);
#10570=EDGE_CURVE('',#8755,#8756,#1592,.T.);
#10572=EDGE_CURVE('',#8760,#8755,#1596,.T.);
#10574=EDGE_CURVE('',#8758,#8760,#1600,.T.);
#10576=EDGE_CURVE('',#8756,#8758,#1604,.T.);
#10580=EDGE_CURVE('',#8763,#8764,#1608,.T.);
#10582=EDGE_CURVE('',#8768,#8763,#1612,.T.);
#10584=EDGE_CURVE('',#8766,#8768,#1616,.T.);
#10586=EDGE_CURVE('',#8764,#8766,#1620,.T.);
#10590=EDGE_CURVE('',#8771,#8772,#1624,.T.);
#10592=EDGE_CURVE('',#8776,#8771,#1628,.T.);
#10594=EDGE_CURVE('',#8774,#8776,#1632,.T.);
#10596=EDGE_CURVE('',#8772,#8774,#1636,.T.);
#10600=EDGE_CURVE('',#8779,#8780,#1640,.T.);
#10602=EDGE_CURVE('',#8784,#8779,#1644,.T.);
#10604=EDGE_CURVE('',#8782,#8784,#1648,.T.);
#10606=EDGE_CURVE('',#8780,#8782,#1652,.T.);
#10610=EDGE_CURVE('',#8819,#8820,#1656,.T.);
#10612=EDGE_CURVE('',#8824,#8819,#1660,.T.);
#10614=EDGE_CURVE('',#8822,#8824,#1664,.T.);
#10616=EDGE_CURVE('',#8820,#8822,#1668,.T.);
#10620=EDGE_CURVE('',#8827,#8828,#1672,.T.);
#10622=EDGE_CURVE('',#8832,#8827,#1676,.T.);
#10624=EDGE_CURVE('',#8830,#8832,#1680,.T.);
#10626=EDGE_CURVE('',#8828,#8830,#1684,.T.);
#10630=EDGE_CURVE('',#8835,#8836,#1688,.T.);
#10632=EDGE_CURVE('',#8840,#8835,#1692,.T.);
#10634=EDGE_CURVE('',#8838,#8840,#1696,.T.);
#10636=EDGE_CURVE('',#8836,#8838,#1700,.T.);
#10640=EDGE_CURVE('',#8843,#8844,#1704,.T.);
#10642=EDGE_CURVE('',#8848,#8843,#1708,.T.);
#10644=EDGE_CURVE('',#8846,#8848,#1712,.T.);
#10646=EDGE_CURVE('',#8844,#8846,#1716,.T.);
#10650=EDGE_CURVE('',#8883,#8884,#1720,.T.);
#10652=EDGE_CURVE('',#8888,#8883,#1724,.T.);
#10654=EDGE_CURVE('',#8886,#8888,#1728,.T.);
#10656=EDGE_CURVE('',#8884,#8886,#1732,.T.);
#10660=EDGE_CURVE('',#8891,#8892,#1736,.T.);
#10662=EDGE_CURVE('',#8896,#8891,#1740,.T.);
#10664=EDGE_CURVE('',#8894,#8896,#1744,.T.);
#10666=EDGE_CURVE('',#8892,#8894,#1748,.T.);
#10670=EDGE_CURVE('',#8899,#8900,#1752,.T.);
#10672=EDGE_CURVE('',#8904,#8899,#1756,.T.);
#10674=EDGE_CURVE('',#8902,#8904,#1760,.T.);
#10676=EDGE_CURVE('',#8900,#8902,#1764,.T.);
#10680=EDGE_CURVE('',#8907,#8908,#1768,.T.);
#10682=EDGE_CURVE('',#8912,#8907,#1772,.T.);
#10684=EDGE_CURVE('',#8910,#8912,#1776,.T.);
#10686=EDGE_CURVE('',#8908,#8910,#1780,.T.);
#10690=EDGE_CURVE('',#7395,#7396,#1784,.T.);
#10692=EDGE_CURVE('',#7395,#7403,#1788,.T.);
#10694=EDGE_CURVE('',#7403,#7404,#1792,.T.);
#10696=EDGE_CURVE('',#7396,#7404,#1796,.T.);
#10700=EDGE_CURVE('',#7399,#7400,#1800,.T.);
#10702=EDGE_CURVE('',#7399,#7407,#1804,.T.);
#10704=EDGE_CURVE('',#7407,#7408,#1808,.T.);
#10706=EDGE_CURVE('',#7400,#7408,#1812,.T.);
#10710=EDGE_CURVE('',#7443,#7444,#1816,.T.);
#10712=EDGE_CURVE('',#7443,#7451,#1820,.T.);
#10714=EDGE_CURVE('',#7451,#7452,#1824,.T.);
#10716=EDGE_CURVE('',#7444,#7452,#1828,.T.);
#10720=EDGE_CURVE('',#7447,#7448,#1832,.T.);
#10722=EDGE_CURVE('',#7447,#7455,#1836,.T.);
#10724=EDGE_CURVE('',#7455,#7456,#1840,.T.);
#10726=EDGE_CURVE('',#7448,#7456,#1844,.T.);
#10730=EDGE_CURVE('',#7491,#7492,#1848,.T.);
#10732=EDGE_CURVE('',#7491,#7499,#1852,.T.);
#10734=EDGE_CURVE('',#7499,#7500,#1856,.T.);
#10736=EDGE_CURVE('',#7492,#7500,#1860,.T.);
#10740=EDGE_CURVE('',#7495,#7496,#1864,.T.);
#10742=EDGE_CURVE('',#7495,#7503,#1868,.T.);
#10744=EDGE_CURVE('',#7503,#7504,#1872,.T.);
#10746=EDGE_CURVE('',#7496,#7504,#1876,.T.);
#10750=EDGE_CURVE('',#7875,#7876,#1880,.T.);
#10752=EDGE_CURVE('',#7876,#7884,#1884,.T.);
#10754=EDGE_CURVE('',#7883,#7884,#1888,.T.);
#10756=EDGE_CURVE('',#7875,#7883,#1892,.T.);
#10760=EDGE_CURVE('',#7879,#7880,#1896,.T.);
#10762=EDGE_CURVE('',#7880,#7888,#1900,.T.);
#10764=EDGE_CURVE('',#7887,#7888,#1904,.T.);
#10766=EDGE_CURVE('',#7879,#7887,#1908,.T.);
#10770=EDGE_CURVE('',#7939,#7940,#1912,.T.);
#10772=EDGE_CURVE('',#7940,#7948,#1916,.T.);
#10774=EDGE_CURVE('',#7947,#7948,#1920,.T.);
#10776=EDGE_CURVE('',#7939,#7947,#1924,.T.);
#10780=EDGE_CURVE('',#7943,#7944,#1928,.T.);
#10782=EDGE_CURVE('',#7944,#7952,#1932,.T.);
#10784=EDGE_CURVE('',#7951,#7952,#1936,.T.);
#10786=EDGE_CURVE('',#7943,#7951,#1940,.T.);
#10790=EDGE_CURVE('',#8003,#8004,#1944,.T.);
#10792=EDGE_CURVE('',#8004,#8012,#1948,.T.);
#10794=EDGE_CURVE('',#8011,#8012,#1952,.T.);
#10796=EDGE_CURVE('',#8003,#8011,#1956,.T.);
#10800=EDGE_CURVE('',#8007,#8008,#1960,.T.);
#10802=EDGE_CURVE('',#8008,#8016,#1964,.T.);
#10804=EDGE_CURVE('',#8015,#8016,#1968,.T.);
#10806=EDGE_CURVE('',#8007,#8015,#1972,.T.);
#10810=EDGE_CURVE('',#8067,#8068,#1976,.T.);
#10812=EDGE_CURVE('',#8068,#8076,#1980,.T.);
#10814=EDGE_CURVE('',#8075,#8076,#1984,.T.);
#10816=EDGE_CURVE('',#8067,#8075,#1988,.T.);
#10820=EDGE_CURVE('',#8071,#8072,#1992,.T.);
#10822=EDGE_CURVE('',#8072,#8080,#1996,.T.);
#10824=EDGE_CURVE('',#8079,#8080,#2000,.T.);
#10826=EDGE_CURVE('',#8071,#8079,#2004,.T.);
#10830=EDGE_CURVE('',#8131,#8132,#2008,.T.);
#10832=EDGE_CURVE('',#8132,#8140,#2012,.T.);
#10834=EDGE_CURVE('',#8139,#8140,#2016,.T.);
#10836=EDGE_CURVE('',#8131,#8139,#2020,.T.);
#10840=EDGE_CURVE('',#8135,#8136,#2024,.T.);
#10842=EDGE_CURVE('',#8136,#8144,#2028,.T.);
#10844=EDGE_CURVE('',#8143,#8144,#2032,.T.);
#10846=EDGE_CURVE('',#8135,#8143,#2036,.T.);
#10850=EDGE_CURVE('',#8195,#8196,#2040,.T.);
#10852=EDGE_CURVE('',#8196,#8204,#2044,.T.);
#10854=EDGE_CURVE('',#8203,#8204,#2048,.T.);
#10856=EDGE_CURVE('',#8195,#8203,#2052,.T.);
#10860=EDGE_CURVE('',#8199,#8200,#2056,.T.);
#10862=EDGE_CURVE('',#8200,#8208,#2060,.T.);
#10864=EDGE_CURVE('',#8207,#8208,#2064,.T.);
#10866=EDGE_CURVE('',#8199,#8207,#2068,.T.);
#10870=EDGE_CURVE('',#8259,#8260,#2072,.T.);
#10872=EDGE_CURVE('',#8260,#8268,#2076,.T.);
#10874=EDGE_CURVE('',#8267,#8268,#2080,.T.);
#10876=EDGE_CURVE('',#8259,#8267,#2084,.T.);
#10880=EDGE_CURVE('',#8263,#8264,#2088,.T.);
#10882=EDGE_CURVE('',#8264,#8272,#2092,.T.);
#10884=EDGE_CURVE('',#8271,#8272,#2096,.T.);
#10886=EDGE_CURVE('',#8263,#8271,#2100,.T.);
#10897=EDGE_CURVE('',#7780,#7764,#2104,.T.);
#10910=EDGE_CURVE('',#7782,#7766,#2108,.T.);
#10935=EDGE_CURVE('',#7748,#7732,#2112,.T.);
#10948=EDGE_CURVE('',#7750,#7734,#2116,.T.);
#10973=EDGE_CURVE('',#7716,#7700,#2120,.T.);
#10986=EDGE_CURVE('',#7718,#7702,#2124,.T.);
#11011=EDGE_CURVE('',#7684,#7668,#2128,.T.);
#11024=EDGE_CURVE('',#7686,#7670,#2132,.T.);
#11049=EDGE_CURVE('',#7652,#7636,#2136,.T.);
#11062=EDGE_CURVE('',#7654,#7638,#2140,.T.);
#11087=EDGE_CURVE('',#7620,#7604,#2144,.T.);
#11100=EDGE_CURVE('',#7622,#7606,#2148,.T.);
#11125=EDGE_CURVE('',#7540,#7524,#2152,.T.);
#11138=EDGE_CURVE('',#7543,#7527,#2156,.T.);
#11163=EDGE_CURVE('',#7208,#7196,#2160,.T.);
#11176=EDGE_CURVE('',#7210,#7198,#2164,.T.);
#11201=EDGE_CURVE('',#7548,#7532,#2168,.T.);
#11214=EDGE_CURVE('',#7551,#7535,#2172,.T.);
#11239=EDGE_CURVE('',#7628,#7612,#2176,.T.);
#11252=EDGE_CURVE('',#7630,#7614,#2180,.T.);
#11277=EDGE_CURVE('',#7660,#7644,#2184,.T.);
#11290=EDGE_CURVE('',#7662,#7646,#2188,.T.);
#11315=EDGE_CURVE('',#7692,#7676,#2192,.T.);
#11328=EDGE_CURVE('',#7694,#7678,#2196,.T.);
#11353=EDGE_CURVE('',#7724,#7708,#2200,.T.);
#11366=EDGE_CURVE('',#7726,#7710,#2204,.T.);
#11391=EDGE_CURVE('',#7756,#7740,#2208,.T.);
#11404=EDGE_CURVE('',#7758,#7742,#2212,.T.);
#11429=EDGE_CURVE('',#7788,#7772,#2216,.T.);
#11442=EDGE_CURVE('',#7790,#7774,#2220,.T.);
#11467=EDGE_CURVE('',#7820,#7804,#2224,.T.);
#11480=EDGE_CURVE('',#7822,#7806,#2228,.T.);
#11505=EDGE_CURVE('',#7132,#7148,#2232,.T.);
#11518=EDGE_CURVE('',#7130,#7146,#2236,.T.);
#11543=EDGE_CURVE('',#7163,#7180,#2248,.T.);
#11545=EDGE_CURVE('',#7163,#7164,#2268,.T.);
#11547=EDGE_CURVE('',#7164,#7179,#2244,.T.);
#11558=EDGE_CURVE('',#7166,#7182,#2252,.T.);
#11560=EDGE_CURVE('',#7166,#7163,#2272,.T.);
#11572=EDGE_CURVE('',#7168,#7184,#2256,.T.);
#11574=EDGE_CURVE('',#7168,#7166,#2260,.T.);
#11587=EDGE_CURVE('',#7164,#7168,#2264,.T.);
#11610=EDGE_CURVE('',#7171,#7172,#2276,.T.);
#11612=EDGE_CURVE('',#7174,#7171,#2280,.T.);
#11614=EDGE_CURVE('',#7176,#7174,#2284,.T.);
#11616=EDGE_CURVE('',#7172,#7176,#2288,.T.);
#11626=EDGE_CURVE('',#7219,#7220,#2292,.T.);
#11628=EDGE_CURVE('',#7222,#7219,#2296,.T.);
#11630=EDGE_CURVE('',#7224,#7222,#2300,.T.);
#11632=EDGE_CURVE('',#7220,#7224,#2304,.T.);
#11642=EDGE_CURVE('',#7227,#7228,#2308,.T.);
#11644=EDGE_CURVE('',#7230,#7227,#2312,.T.);
#11646=EDGE_CURVE('',#7232,#7230,#2316,.T.);
#11648=EDGE_CURVE('',#7228,#7232,#2320,.T.);
#11659=EDGE_CURVE('',#7171,#7188,#2328,.T.);
#11662=EDGE_CURVE('',#7172,#7187,#2324,.T.);
#11673=EDGE_CURVE('',#7174,#7190,#2332,.T.);
#11686=EDGE_CURVE('',#7192,#7176,#2336,.T.);
#11711=EDGE_CURVE('',#7219,#7236,#2344,.T.);
#11714=EDGE_CURVE('',#7220,#7235,#2340,.T.);
#11725=EDGE_CURVE('',#7222,#7238,#2348,.T.);
#11738=EDGE_CURVE('',#7224,#7240,#2352,.T.);
#11763=EDGE_CURVE('',#7227,#7244,#2360,.T.);
#11766=EDGE_CURVE('',#7228,#7243,#2356,.T.);
#11777=EDGE_CURVE('',#7230,#7246,#2364,.T.);
#11790=EDGE_CURVE('',#7232,#7248,#2368,.T.);
#11815=EDGE_CURVE('',#7251,#7284,#2376,.T.);
#11817=EDGE_CURVE('',#7251,#7252,#2388,.T.);
#11819=EDGE_CURVE('',#7252,#7283,#2372,.T.);
#11830=EDGE_CURVE('',#7254,#7286,#2380,.T.);
#11832=EDGE_CURVE('',#7254,#7251,#2392,.T.);
#11844=EDGE_CURVE('',#7256,#7288,#2384,.T.);
#11846=EDGE_CURVE('',#7256,#7254,#2396,.T.);
#11859=EDGE_CURVE('',#7252,#7256,#2400,.T.);
#11882=EDGE_CURVE('',#7259,#7260,#2404,.T.);
#11884=EDGE_CURVE('',#7262,#7259,#2408,.T.);
#11886=EDGE_CURVE('',#7264,#7262,#2412,.T.);
#11888=EDGE_CURVE('',#7260,#7264,#2416,.T.);
#11898=EDGE_CURVE('',#7267,#7268,#2420,.T.);
#11900=EDGE_CURVE('',#7270,#7267,#2424,.T.);
#11902=EDGE_CURVE('',#7272,#7270,#2428,.T.);
#11904=EDGE_CURVE('',#7268,#7272,#2432,.T.);
#11914=EDGE_CURVE('',#7275,#7276,#2436,.T.);
#11916=EDGE_CURVE('',#7278,#7275,#2440,.T.);
#11918=EDGE_CURVE('',#7280,#7278,#2444,.T.);
#11920=EDGE_CURVE('',#7276,#7280,#2448,.T.);
#11931=EDGE_CURVE('',#7259,#7292,#2456,.T.);
#11934=EDGE_CURVE('',#7260,#7291,#2452,.T.);
#11945=EDGE_CURVE('',#7262,#7294,#2460,.T.);
#11958=EDGE_CURVE('',#7264,#7296,#2464,.T.);
#11983=EDGE_CURVE('',#7267,#7300,#2472,.T.);
#11986=EDGE_CURVE('',#7268,#7299,#2468,.T.);
#11997=EDGE_CURVE('',#7270,#7302,#2476,.T.);
#12010=EDGE_CURVE('',#7272,#7304,#2480,.T.);
#12035=EDGE_CURVE('',#7275,#7308,#2488,.T.);
#12038=EDGE_CURVE('',#7276,#7307,#2484,.T.);
#12049=EDGE_CURVE('',#7278,#7310,#2492,.T.);
#12062=EDGE_CURVE('',#7280,#7312,#2496,.T.);
#12087=EDGE_CURVE('',#7315,#7348,#2504,.T.);
#12089=EDGE_CURVE('',#7315,#7316,#2516,.T.);
#12091=EDGE_CURVE('',#7316,#7347,#2500,.T.);
#12102=EDGE_CURVE('',#7318,#7350,#2508,.T.);
#12104=EDGE_CURVE('',#7318,#7315,#2520,.T.);
#12116=EDGE_CURVE('',#7320,#7352,#2512,.T.);
#12118=EDGE_CURVE('',#7320,#7318,#2524,.T.);
#12131=EDGE_CURVE('',#7316,#7320,#2528,.T.);
#12154=EDGE_CURVE('',#7323,#7324,#2532,.T.);
#12156=EDGE_CURVE('',#7326,#7323,#2536,.T.);
#12158=EDGE_CURVE('',#7328,#7326,#2540,.T.);
#12160=EDGE_CURVE('',#7324,#7328,#2544,.T.);
#12170=EDGE_CURVE('',#7331,#7332,#2548,.T.);
#12172=EDGE_CURVE('',#7334,#7331,#2552,.T.);
#12174=EDGE_CURVE('',#7336,#7334,#2556,.T.);
#12176=EDGE_CURVE('',#7332,#7336,#2560,.T.);
#12186=EDGE_CURVE('',#7339,#7340,#2564,.T.);
#12188=EDGE_CURVE('',#7342,#7339,#2568,.T.);
#12190=EDGE_CURVE('',#7344,#7342,#2572,.T.);
#12192=EDGE_CURVE('',#7340,#7344,#2576,.T.);
#12203=EDGE_CURVE('',#7323,#7356,#2584,.T.);
#12206=EDGE_CURVE('',#7324,#7355,#2580,.T.);
#12217=EDGE_CURVE('',#7326,#7358,#2588,.T.);
#12230=EDGE_CURVE('',#7328,#7360,#2592,.T.);
#12255=EDGE_CURVE('',#7331,#7364,#2600,.T.);
#12258=EDGE_CURVE('',#7332,#7363,#2596,.T.);
#12269=EDGE_CURVE('',#7334,#7366,#2604,.T.);
#12282=EDGE_CURVE('',#7336,#7368,#2608,.T.);
#12307=EDGE_CURVE('',#7339,#7372,#2616,.T.);
#12310=EDGE_CURVE('',#7340,#7371,#2612,.T.);
#12321=EDGE_CURVE('',#7342,#7374,#2620,.T.);
#12334=EDGE_CURVE('',#7344,#7376,#2624,.T.);
#12359=EDGE_CURVE('',#8500,#8468,#2632,.T.);
#12361=EDGE_CURVE('',#8467,#8468,#2644,.T.);
#12363=EDGE_CURVE('',#8499,#8467,#2628,.T.);
#12374=EDGE_CURVE('',#8502,#8470,#2636,.T.);
#12376=EDGE_CURVE('',#8468,#8470,#2648,.T.);
#12388=EDGE_CURVE('',#8504,#8472,#2640,.T.);
#12390=EDGE_CURVE('',#8470,#8472,#2652,.T.);
#12403=EDGE_CURVE('',#8472,#8467,#2656,.T.);
#12426=EDGE_CURVE('',#8475,#8476,#2660,.T.);
#12428=EDGE_CURVE('',#8476,#8478,#2664,.T.);
#12430=EDGE_CURVE('',#8478,#8480,#2668,.T.);
#12432=EDGE_CURVE('',#8480,#8475,#2672,.T.);
#12442=EDGE_CURVE('',#8483,#8484,#2676,.T.);
#12444=EDGE_CURVE('',#8484,#8486,#2680,.T.);
#12446=EDGE_CURVE('',#8486,#8488,#2684,.T.);
#12448=EDGE_CURVE('',#8488,#8483,#2688,.T.);
#12458=EDGE_CURVE('',#8491,#8492,#2692,.T.);
#12460=EDGE_CURVE('',#8492,#8494,#2696,.T.);
#12462=EDGE_CURVE('',#8494,#8496,#2700,.T.);
#12464=EDGE_CURVE('',#8496,#8491,#2704,.T.);
#12475=EDGE_CURVE('',#8508,#8476,#2712,.T.);
#12478=EDGE_CURVE('',#8507,#8475,#2708,.T.);
#12489=EDGE_CURVE('',#8510,#8478,#2716,.T.);
#12502=EDGE_CURVE('',#8512,#8480,#2720,.T.);
#12527=EDGE_CURVE('',#8516,#8484,#2728,.T.);
#12530=EDGE_CURVE('',#8515,#8483,#2724,.T.);
#12541=EDGE_CURVE('',#8518,#8486,#2732,.T.);
#12554=EDGE_CURVE('',#8520,#8488,#2736,.T.);
#12579=EDGE_CURVE('',#8524,#8492,#2744,.T.);
#12582=EDGE_CURVE('',#8523,#8491,#2740,.T.);
#12593=EDGE_CURVE('',#8526,#8494,#2748,.T.);
#12606=EDGE_CURVE('',#8528,#8496,#2752,.T.);
#12631=EDGE_CURVE('',#8564,#8532,#2760,.T.);
#12633=EDGE_CURVE('',#8531,#8532,#2772,.T.);
#12635=EDGE_CURVE('',#8563,#8531,#2756,.T.);
#12646=EDGE_CURVE('',#8566,#8534,#2764,.T.);
#12648=EDGE_CURVE('',#8532,#8534,#2776,.T.);
#12660=EDGE_CURVE('',#8568,#8536,#2768,.T.);
#12662=EDGE_CURVE('',#8534,#8536,#2780,.T.);
#12675=EDGE_CURVE('',#8536,#8531,#2784,.T.);
#12698=EDGE_CURVE('',#8539,#8540,#2788,.T.);
#12700=EDGE_CURVE('',#8540,#8542,#2792,.T.);
#12702=EDGE_CURVE('',#8542,#8544,#2796,.T.);
#12704=EDGE_CURVE('',#8544,#8539,#2800,.T.);
#12714=EDGE_CURVE('',#8547,#8548,#2804,.T.);
#12716=EDGE_CURVE('',#8548,#8550,#2808,.T.);
#12718=EDGE_CURVE('',#8550,#8552,#2812,.T.);
#12720=EDGE_CURVE('',#8552,#8547,#2816,.T.);
#12730=EDGE_CURVE('',#8555,#8556,#2820,.T.);
#12732=EDGE_CURVE('',#8556,#8558,#2824,.T.);
#12734=EDGE_CURVE('',#8558,#8560,#2828,.T.);
#12736=EDGE_CURVE('',#8560,#8555,#2832,.T.);
#12747=EDGE_CURVE('',#8572,#8540,#2840,.T.);
#12750=EDGE_CURVE('',#8571,#8539,#2836,.T.);
#12761=EDGE_CURVE('',#8574,#8542,#2844,.T.);
#12774=EDGE_CURVE('',#8576,#8544,#2848,.T.);
#12799=EDGE_CURVE('',#8580,#8548,#2856,.T.);
#12802=EDGE_CURVE('',#8579,#8547,#2852,.T.);
#12813=EDGE_CURVE('',#8582,#8550,#2860,.T.);
#12826=EDGE_CURVE('',#8584,#8552,#2864,.T.);
#12851=EDGE_CURVE('',#8588,#8556,#2872,.T.);
#12854=EDGE_CURVE('',#8587,#8555,#2868,.T.);
#12865=EDGE_CURVE('',#8590,#8558,#2876,.T.);
#12878=EDGE_CURVE('',#8592,#8560,#2880,.T.);
#12903=EDGE_CURVE('',#8628,#8596,#2888,.T.);
#12905=EDGE_CURVE('',#8595,#8596,#2900,.T.);
#12907=EDGE_CURVE('',#8627,#8595,#2884,.T.);
#12918=EDGE_CURVE('',#8630,#8598,#2892,.T.);
#12920=EDGE_CURVE('',#8596,#8598,#2904,.T.);
#12932=EDGE_CURVE('',#8632,#8600,#2896,.T.);
#12934=EDGE_CURVE('',#8598,#8600,#2908,.T.);
#12947=EDGE_CURVE('',#8600,#8595,#2912,.T.);
#12970=EDGE_CURVE('',#8603,#8604,#2916,.T.);
#12972=EDGE_CURVE('',#8604,#8606,#2920,.T.);
#12974=EDGE_CURVE('',#8606,#8608,#2924,.T.);
#12976=EDGE_CURVE('',#8608,#8603,#2928,.T.);
#12986=EDGE_CURVE('',#8611,#8612,#2932,.T.);
#12988=EDGE_CURVE('',#8612,#8614,#2936,.T.);
#12990=EDGE_CURVE('',#8614,#8616,#2940,.T.);
#12992=EDGE_CURVE('',#8616,#8611,#2944,.T.);
#13002=EDGE_CURVE('',#8619,#8620,#2948,.T.);
#13004=EDGE_CURVE('',#8620,#8622,#2952,.T.);
#13006=EDGE_CURVE('',#8622,#8624,#2956,.T.);
#13008=EDGE_CURVE('',#8624,#8619,#2960,.T.);
#13019=EDGE_CURVE('',#8636,#8604,#2968,.T.);
#13022=EDGE_CURVE('',#8635,#8603,#2964,.T.);
#13033=EDGE_CURVE('',#8638,#8606,#2972,.T.);
#13046=EDGE_CURVE('',#8640,#8608,#2976,.T.);
#13071=EDGE_CURVE('',#8644,#8612,#2984,.T.);
#13074=EDGE_CURVE('',#8643,#8611,#2980,.T.);
#13085=EDGE_CURVE('',#8646,#8614,#2988,.T.);
#13098=EDGE_CURVE('',#8648,#8616,#2992,.T.);
#13123=EDGE_CURVE('',#8652,#8620,#3000,.T.);
#13126=EDGE_CURVE('',#8651,#8619,#2996,.T.);
#13137=EDGE_CURVE('',#8654,#8622,#3004,.T.);
#13150=EDGE_CURVE('',#8656,#8624,#3008,.T.);
#13175=EDGE_CURVE('',#8692,#8660,#3016,.T.);
#13177=EDGE_CURVE('',#8659,#8660,#3028,.T.);
#13179=EDGE_CURVE('',#8691,#8659,#3012,.T.);
#13190=EDGE_CURVE('',#8694,#8662,#3020,.T.);
#13192=EDGE_CURVE('',#8660,#8662,#3032,.T.);
#13204=EDGE_CURVE('',#8696,#8664,#3024,.T.);
#13206=EDGE_CURVE('',#8662,#8664,#3036,.T.);
#13219=EDGE_CURVE('',#8664,#8659,#3040,.T.);
#13242=EDGE_CURVE('',#8667,#8668,#3044,.T.);
#13244=EDGE_CURVE('',#8668,#8670,#3048,.T.);
#13246=EDGE_CURVE('',#8670,#8672,#3052,.T.);
#13248=EDGE_CURVE('',#8672,#8667,#3056,.T.);
#13258=EDGE_CURVE('',#8675,#8676,#3060,.T.);
#13260=EDGE_CURVE('',#8676,#8678,#3064,.T.);
#13262=EDGE_CURVE('',#8678,#8680,#3068,.T.);
#13264=EDGE_CURVE('',#8680,#8675,#3072,.T.);
#13274=EDGE_CURVE('',#8683,#8684,#3076,.T.);
#13276=EDGE_CURVE('',#8684,#8686,#3080,.T.);
#13278=EDGE_CURVE('',#8686,#8688,#3084,.T.);
#13280=EDGE_CURVE('',#8688,#8683,#3088,.T.);
#13291=EDGE_CURVE('',#8700,#8668,#3096,.T.);
#13294=EDGE_CURVE('',#8699,#8667,#3092,.T.);
#13305=EDGE_CURVE('',#8702,#8670,#3100,.T.);
#13318=EDGE_CURVE('',#8704,#8672,#3104,.T.);
#13343=EDGE_CURVE('',#8708,#8676,#3112,.T.);
#13346=EDGE_CURVE('',#8707,#8675,#3108,.T.);
#13357=EDGE_CURVE('',#8710,#8678,#3116,.T.);
#13370=EDGE_CURVE('',#8712,#8680,#3120,.T.);
#13395=EDGE_CURVE('',#8716,#8684,#3128,.T.);
#13398=EDGE_CURVE('',#8715,#8683,#3124,.T.);
#13409=EDGE_CURVE('',#8718,#8686,#3132,.T.);
#13422=EDGE_CURVE('',#8720,#8688,#3136,.T.);
#13447=EDGE_CURVE('',#8756,#8724,#3144,.T.);
#13449=EDGE_CURVE('',#8723,#8724,#3156,.T.);
#13451=EDGE_CURVE('',#8755,#8723,#3140,.T.);
#13462=EDGE_CURVE('',#8758,#8726,#3148,.T.);
#13464=EDGE_CURVE('',#8724,#8726,#3160,.T.);
#13476=EDGE_CURVE('',#8760,#8728,#3152,.T.);
#13478=EDGE_CURVE('',#8726,#8728,#3164,.T.);
#13491=EDGE_CURVE('',#8728,#8723,#3168,.T.);
#13514=EDGE_CURVE('',#8731,#8732,#3172,.T.);
#13516=EDGE_CURVE('',#8732,#8734,#3176,.T.);
#13518=EDGE_CURVE('',#8734,#8736,#3180,.T.);
#13520=EDGE_CURVE('',#8736,#8731,#3184,.T.);
#13530=EDGE_CURVE('',#8739,#8740,#3188,.T.);
#13532=EDGE_CURVE('',#8740,#8742,#3192,.T.);
#13534=EDGE_CURVE('',#8742,#8744,#3196,.T.);
#13536=EDGE_CURVE('',#8744,#8739,#3200,.T.);
#13546=EDGE_CURVE('',#8747,#8748,#3204,.T.);
#13548=EDGE_CURVE('',#8748,#8750,#3208,.T.);
#13550=EDGE_CURVE('',#8750,#8752,#3212,.T.);
#13552=EDGE_CURVE('',#8752,#8747,#3216,.T.);
#13563=EDGE_CURVE('',#8764,#8732,#3224,.T.);
#13566=EDGE_CURVE('',#8763,#8731,#3220,.T.);
#13577=EDGE_CURVE('',#8766,#8734,#3228,.T.);
#13590=EDGE_CURVE('',#8768,#8736,#3232,.T.);
#13615=EDGE_CURVE('',#8772,#8740,#3240,.T.);
#13618=EDGE_CURVE('',#8771,#8739,#3236,.T.);
#13629=EDGE_CURVE('',#8774,#8742,#3244,.T.);
#13642=EDGE_CURVE('',#8776,#8744,#3248,.T.);
#13667=EDGE_CURVE('',#8780,#8748,#3256,.T.);
#13670=EDGE_CURVE('',#8779,#8747,#3252,.T.);
#13681=EDGE_CURVE('',#8782,#8750,#3260,.T.);
#13694=EDGE_CURVE('',#8784,#8752,#3264,.T.);
#13719=EDGE_CURVE('',#8820,#8788,#3272,.T.);
#13721=EDGE_CURVE('',#8787,#8788,#3284,.T.);
#13723=EDGE_CURVE('',#8819,#8787,#3268,.T.);
#13734=EDGE_CURVE('',#8822,#8790,#3276,.T.);
#13736=EDGE_CURVE('',#8788,#8790,#3288,.T.);
#13748=EDGE_CURVE('',#8824,#8792,#3280,.T.);
#13750=EDGE_CURVE('',#8790,#8792,#3292,.T.);
#13763=EDGE_CURVE('',#8792,#8787,#3296,.T.);
#13786=EDGE_CURVE('',#8795,#8796,#3300,.T.);
#13788=EDGE_CURVE('',#8796,#8798,#3304,.T.);
#13790=EDGE_CURVE('',#8798,#8800,#3308,.T.);
#13792=EDGE_CURVE('',#8800,#8795,#3312,.T.);
#13802=EDGE_CURVE('',#8803,#8804,#3316,.T.);
#13804=EDGE_CURVE('',#8804,#8806,#3320,.T.);
#13806=EDGE_CURVE('',#8806,#8808,#3324,.T.);
#13808=EDGE_CURVE('',#8808,#8803,#3328,.T.);
#13818=EDGE_CURVE('',#8811,#8812,#3332,.T.);
#13820=EDGE_CURVE('',#8812,#8814,#3336,.T.);
#13822=EDGE_CURVE('',#8814,#8816,#3340,.T.);
#13824=EDGE_CURVE('',#8816,#8811,#3344,.T.);
#13835=EDGE_CURVE('',#8828,#8796,#3352,.T.);
#13838=EDGE_CURVE('',#8827,#8795,#3348,.T.);
#13849=EDGE_CURVE('',#8830,#8798,#3356,.T.);
#13862=EDGE_CURVE('',#8832,#8800,#3360,.T.);
#13887=EDGE_CURVE('',#8836,#8804,#3368,.T.);
#13890=EDGE_CURVE('',#8835,#8803,#3364,.T.);
#13901=EDGE_CURVE('',#8838,#8806,#3372,.T.);
#13914=EDGE_CURVE('',#8840,#8808,#3376,.T.);
#13939=EDGE_CURVE('',#8844,#8812,#3384,.T.);
#13942=EDGE_CURVE('',#8843,#8811,#3380,.T.);
#13953=EDGE_CURVE('',#8846,#8814,#3388,.T.);
#13966=EDGE_CURVE('',#8848,#8816,#3392,.T.);
#13991=EDGE_CURVE('',#8884,#8852,#3400,.T.);
#13993=EDGE_CURVE('',#8851,#8852,#3412,.T.);
#13995=EDGE_CURVE('',#8883,#8851,#3396,.T.);
#14006=EDGE_CURVE('',#8886,#8854,#3404,.T.);
#14008=EDGE_CURVE('',#8852,#8854,#3416,.T.);
#14020=EDGE_CURVE('',#8888,#8856,#3408,.T.);
#14022=EDGE_CURVE('',#8854,#8856,#3420,.T.);
#14035=EDGE_CURVE('',#8856,#8851,#3424,.T.);
#14058=EDGE_CURVE('',#8859,#8860,#3428,.T.);
#14060=EDGE_CURVE('',#8860,#8862,#3432,.T.);
#14062=EDGE_CURVE('',#8862,#8864,#3436,.T.);
#14064=EDGE_CURVE('',#8864,#8859,#3440,.T.);
#14074=EDGE_CURVE('',#8867,#8868,#3444,.T.);
#14076=EDGE_CURVE('',#8868,#8870,#3448,.T.);
#14078=EDGE_CURVE('',#8870,#8872,#3452,.T.);
#14080=EDGE_CURVE('',#8872,#8867,#3456,.T.);
#14090=EDGE_CURVE('',#8875,#8876,#3460,.T.);
#14092=EDGE_CURVE('',#8876,#8878,#3464,.T.);
#14094=EDGE_CURVE('',#8878,#8880,#3468,.T.);
#14096=EDGE_CURVE('',#8880,#8875,#3472,.T.);
#14107=EDGE_CURVE('',#8892,#8860,#3480,.T.);
#14110=EDGE_CURVE('',#8891,#8859,#3476,.T.);
#14121=EDGE_CURVE('',#8894,#8862,#3484,.T.);
#14134=EDGE_CURVE('',#8896,#8864,#3488,.T.);
#14159=EDGE_CURVE('',#8900,#8868,#3496,.T.);
#14162=EDGE_CURVE('',#8899,#8867,#3492,.T.);
#14173=EDGE_CURVE('',#8902,#8870,#3500,.T.);
#14186=EDGE_CURVE('',#8904,#8872,#3504,.T.);
#14211=EDGE_CURVE('',#8908,#8876,#3512,.T.);
#14214=EDGE_CURVE('',#8907,#8875,#3508,.T.);
#14225=EDGE_CURVE('',#8910,#8878,#3516,.T.);
#14238=EDGE_CURVE('',#8912,#8880,#3520,.T.);
#14262=EDGE_CURVE('',#8286,#8282,#3524,.T.);
#14264=EDGE_CURVE('',#8286,#7560,#3528,.T.);
#14266=EDGE_CURVE('',#7560,#7416,#3533,.T.);
#14268=EDGE_CURVE('',#7416,#7399,#3537,.T.);
#14271=EDGE_CURVE('',#7400,#7414,#3541,.T.);
#14273=EDGE_CURVE('',#7414,#7558,#3546,.T.);
#14275=EDGE_CURVE('',#7558,#8282,#3550,.T.);
#14285=EDGE_CURVE('',#8302,#8298,#3554,.T.);
#14287=EDGE_CURVE('',#8302,#7556,#3558,.T.);
#14289=EDGE_CURVE('',#7556,#7412,#3563,.T.);
#14291=EDGE_CURVE('',#7412,#7395,#3567,.T.);
#14294=EDGE_CURVE('',#7396,#7410,#3571,.T.);
#14296=EDGE_CURVE('',#7410,#7554,#3576,.T.);
#14298=EDGE_CURVE('',#7554,#8298,#3580,.T.);
#14308=EDGE_CURVE('',#8320,#8316,#3584,.T.);
#14310=EDGE_CURVE('',#8320,#7380,#3588,.T.);
#14313=EDGE_CURVE('',#7379,#8316,#3592,.T.);
#14323=EDGE_CURVE('',#8324,#8330,#3596,.T.);
#14325=EDGE_CURVE('',#8324,#7384,#3600,.T.);
#14328=EDGE_CURVE('',#7383,#8330,#3604,.T.);
#14339=EDGE_CURVE('',#8284,#8282,#3608,.T.);
#14341=EDGE_CURVE('',#8288,#8284,#3724,.T.);
#14343=EDGE_CURVE('',#8288,#8286,#3732,.T.);
#14353=EDGE_CURVE('',#8279,#8282,#3616,.T.);
#14355=EDGE_CURVE('',#8275,#8279,#3612,.T.);
#14357=EDGE_CURVE('',#8275,#8284,#3728,.T.);
#14370=EDGE_CURVE('',#7558,#7566,#3620,.T.);
#14372=EDGE_CURVE('',#7566,#8279,#3632,.T.);
#14383=EDGE_CURVE('',#7414,#7422,#3624,.T.);
#14385=EDGE_CURVE('',#7422,#7566,#3637,.T.);
#14397=EDGE_CURVE('',#7408,#7422,#3641,.T.);
#14409=EDGE_CURVE('',#8279,#8280,#3628,.T.);
#14415=EDGE_CURVE('',#7424,#7407,#3645,.T.);
#14417=EDGE_CURVE('',#7568,#7424,#3650,.T.);
#14419=EDGE_CURVE('',#8280,#7568,#3654,.T.);
#14429=EDGE_CURVE('',#8295,#8296,#3658,.T.);
#14431=EDGE_CURVE('',#7562,#8295,#3662,.T.);
#14433=EDGE_CURVE('',#7418,#7562,#3667,.T.);
#14435=EDGE_CURVE('',#7404,#7418,#3671,.T.);
#14438=EDGE_CURVE('',#7420,#7403,#3675,.T.);
#14440=EDGE_CURVE('',#7564,#7420,#3680,.T.);
#14442=EDGE_CURVE('',#8296,#7564,#3684,.T.);
#14452=EDGE_CURVE('',#8311,#8312,#3688,.T.);
#14454=EDGE_CURVE('',#7387,#8311,#3692,.T.);
#14457=EDGE_CURVE('',#8312,#7388,#3696,.T.);
#14467=EDGE_CURVE('',#8334,#8323,#3700,.T.);
#14469=EDGE_CURVE('',#7391,#8334,#3704,.T.);
#14472=EDGE_CURVE('',#8323,#7392,#3708,.T.);
#14482=EDGE_CURVE('',#8275,#8276,#3716,.T.);
#14486=EDGE_CURVE('',#8276,#8280,#3712,.T.);
#14497=EDGE_CURVE('',#8276,#8288,#3720,.T.);
#14509=EDGE_CURVE('',#8280,#8286,#3736,.T.);
#14524=EDGE_CURVE('',#7560,#7568,#3740,.T.);
#14538=EDGE_CURVE('',#7416,#7424,#3744,.T.);
#14560=EDGE_CURVE('',#8291,#8292,#3748,.T.);
#14562=EDGE_CURVE('',#8291,#8295,#3788,.T.);
#14565=EDGE_CURVE('',#8296,#8292,#3768,.T.);
#14576=EDGE_CURVE('',#8292,#8304,#3752,.T.);
#14578=EDGE_CURVE('',#8304,#8300,#3756,.T.);
#14580=EDGE_CURVE('',#8291,#8300,#3760,.T.);
#14590=EDGE_CURVE('',#8296,#8302,#3772,.T.);
#14592=EDGE_CURVE('',#8304,#8302,#3764,.T.);
#14606=EDGE_CURVE('',#7556,#7564,#3776,.T.);
#14620=EDGE_CURVE('',#7412,#7420,#3780,.T.);
#14643=EDGE_CURVE('',#8300,#8298,#3784,.T.);
#14655=EDGE_CURVE('',#8295,#8298,#3792,.T.);
#14670=EDGE_CURVE('',#7554,#7562,#3796,.T.);
#14682=EDGE_CURVE('',#7410,#7418,#3800,.T.);
#14706=EDGE_CURVE('',#8307,#8308,#3804,.T.);
#14708=EDGE_CURVE('',#8307,#8311,#3836,.T.);
#14711=EDGE_CURVE('',#8312,#8308,#3824,.T.);
#14722=EDGE_CURVE('',#8308,#8318,#3808,.T.);
#14724=EDGE_CURVE('',#8318,#8314,#3812,.T.);
#14726=EDGE_CURVE('',#8307,#8314,#3816,.T.);
#14736=EDGE_CURVE('',#8312,#8320,#3828,.T.);
#14738=EDGE_CURVE('',#8318,#8320,#3820,.T.);
#14765=EDGE_CURVE('',#8316,#8314,#3832,.T.);
#14777=EDGE_CURVE('',#8311,#8316,#3840,.T.);
#14800=EDGE_CURVE('',#8336,#8327,#3860,.T.);
#14802=EDGE_CURVE('',#8336,#8334,#3876,.T.);
#14805=EDGE_CURVE('',#8327,#8323,#3844,.T.);
#14815=EDGE_CURVE('',#8327,#8328,#3848,.T.);
#14817=EDGE_CURVE('',#8328,#8332,#3852,.T.);
#14819=EDGE_CURVE('',#8336,#8332,#3856,.T.);
#14830=EDGE_CURVE('',#8323,#8324,#3868,.T.);
#14832=EDGE_CURVE('',#8328,#8324,#3864,.T.);
#14857=EDGE_CURVE('',#8332,#8330,#3872,.T.);
#14869=EDGE_CURVE('',#8334,#8330,#3880,.T.);
#14894=EDGE_CURVE('',#8350,#8346,#3884,.T.);
#14896=EDGE_CURVE('',#8350,#7576,#3888,.T.);
#14898=EDGE_CURVE('',#7576,#7464,#3893,.T.);
#14900=EDGE_CURVE('',#7464,#7447,#3897,.T.);
#14903=EDGE_CURVE('',#7448,#7462,#3901,.T.);
#14905=EDGE_CURVE('',#7462,#7574,#3906,.T.);
#14907=EDGE_CURVE('',#7574,#8346,#3910,.T.);
#14917=EDGE_CURVE('',#8366,#8362,#3914,.T.);
#14919=EDGE_CURVE('',#8366,#7572,#3918,.T.);
#14921=EDGE_CURVE('',#7572,#7460,#3923,.T.);
#14923=EDGE_CURVE('',#7460,#7443,#3927,.T.);
#14926=EDGE_CURVE('',#7444,#7458,#3931,.T.);
#14928=EDGE_CURVE('',#7458,#7570,#3936,.T.);
#14930=EDGE_CURVE('',#7570,#8362,#3940,.T.);
#14940=EDGE_CURVE('',#8384,#8380,#3944,.T.);
#14942=EDGE_CURVE('',#8384,#7428,#3948,.T.);
#14945=EDGE_CURVE('',#7427,#8380,#3952,.T.);
#14955=EDGE_CURVE('',#8388,#8394,#3956,.T.);
#14957=EDGE_CURVE('',#8388,#7432,#3960,.T.);
#14960=EDGE_CURVE('',#7431,#8394,#3964,.T.);
#14971=EDGE_CURVE('',#8348,#8346,#3968,.T.);
#14973=EDGE_CURVE('',#8352,#8348,#4084,.T.);
#14975=EDGE_CURVE('',#8352,#8350,#4092,.T.);
#14985=EDGE_CURVE('',#8343,#8346,#3976,.T.);
#14987=EDGE_CURVE('',#8339,#8343,#3972,.T.);
#14989=EDGE_CURVE('',#8339,#8348,#4088,.T.);
#15002=EDGE_CURVE('',#7574,#7582,#3980,.T.);
#15004=EDGE_CURVE('',#7582,#8343,#3992,.T.);
#15015=EDGE_CURVE('',#7462,#7470,#3984,.T.);
#15017=EDGE_CURVE('',#7470,#7582,#3997,.T.);
#15029=EDGE_CURVE('',#7456,#7470,#4001,.T.);
#15041=EDGE_CURVE('',#8343,#8344,#3988,.T.);
#15047=EDGE_CURVE('',#7472,#7455,#4005,.T.);
#15049=EDGE_CURVE('',#7584,#7472,#4010,.T.);
#15051=EDGE_CURVE('',#8344,#7584,#4014,.T.);
#15061=EDGE_CURVE('',#8359,#8360,#4018,.T.);
#15063=EDGE_CURVE('',#7578,#8359,#4022,.T.);
#15065=EDGE_CURVE('',#7466,#7578,#4027,.T.);
#15067=EDGE_CURVE('',#7452,#7466,#4031,.T.);
#15070=EDGE_CURVE('',#7468,#7451,#4035,.T.);
#15072=EDGE_CURVE('',#7580,#7468,#4040,.T.);
#15074=EDGE_CURVE('',#8360,#7580,#4044,.T.);
#15084=EDGE_CURVE('',#8375,#8376,#4048,.T.);
#15086=EDGE_CURVE('',#7435,#8375,#4052,.T.);
#15089=EDGE_CURVE('',#8376,#7436,#4056,.T.);
#15099=EDGE_CURVE('',#8398,#8387,#4060,.T.);
#15101=EDGE_CURVE('',#7439,#8398,#4064,.T.);
#15104=EDGE_CURVE('',#8387,#7440,#4068,.T.);
#15114=EDGE_CURVE('',#8339,#8340,#4076,.T.);
#15118=EDGE_CURVE('',#8340,#8344,#4072,.T.);
#15129=EDGE_CURVE('',#8340,#8352,#4080,.T.);
#15141=EDGE_CURVE('',#8344,#8350,#4096,.T.);
#15156=EDGE_CURVE('',#7576,#7584,#4100,.T.);
#15170=EDGE_CURVE('',#7464,#7472,#4104,.T.);
#15192=EDGE_CURVE('',#8355,#8356,#4108,.T.);
#15194=EDGE_CURVE('',#8355,#8359,#4148,.T.);
#15197=EDGE_CURVE('',#8360,#8356,#4128,.T.);
#15208=EDGE_CURVE('',#8356,#8368,#4112,.T.);
#15210=EDGE_CURVE('',#8368,#8364,#4116,.T.);
#15212=EDGE_CURVE('',#8355,#8364,#4120,.T.);
#15222=EDGE_CURVE('',#8360,#8366,#4132,.T.);
#15224=EDGE_CURVE('',#8368,#8366,#4124,.T.);
#15238=EDGE_CURVE('',#7572,#7580,#4136,.T.);
#15252=EDGE_CURVE('',#7460,#7468,#4140,.T.);
#15275=EDGE_CURVE('',#8364,#8362,#4144,.T.);
#15287=EDGE_CURVE('',#8359,#8362,#4152,.T.);
#15302=EDGE_CURVE('',#7570,#7578,#4156,.T.);
#15314=EDGE_CURVE('',#7458,#7466,#4160,.T.);
#15338=EDGE_CURVE('',#8371,#8372,#4164,.T.);
#15340=EDGE_CURVE('',#8371,#8375,#4196,.T.);
#15343=EDGE_CURVE('',#8376,#8372,#4184,.T.);
#15354=EDGE_CURVE('',#8372,#8382,#4168,.T.);
#15356=EDGE_CURVE('',#8382,#8378,#4172,.T.);
#15358=EDGE_CURVE('',#8371,#8378,#4176,.T.);
#15368=EDGE_CURVE('',#8376,#8384,#4188,.T.);
#15370=EDGE_CURVE('',#8382,#8384,#4180,.T.);
#15397=EDGE_CURVE('',#8380,#8378,#4192,.T.);
#15409=EDGE_CURVE('',#8375,#8380,#4200,.T.);
#15432=EDGE_CURVE('',#8400,#8391,#4220,.T.);
#15434=EDGE_CURVE('',#8400,#8398,#4236,.T.);
#15437=EDGE_CURVE('',#8391,#8387,#4204,.T.);
#15447=EDGE_CURVE('',#8391,#8392,#4208,.T.);
#15449=EDGE_CURVE('',#8392,#8396,#4212,.T.);
#15451=EDGE_CURVE('',#8400,#8396,#4216,.T.);
#15462=EDGE_CURVE('',#8387,#8388,#4228,.T.);
#15464=EDGE_CURVE('',#8392,#8388,#4224,.T.);
#15489=EDGE_CURVE('',#8396,#8394,#4232,.T.);
#15501=EDGE_CURVE('',#8398,#8394,#4240,.T.);
#15526=EDGE_CURVE('',#8414,#8410,#4244,.T.);
#15528=EDGE_CURVE('',#8414,#7592,#4248,.T.);
#15530=EDGE_CURVE('',#7592,#7512,#4253,.T.);
#15532=EDGE_CURVE('',#7512,#7495,#4257,.T.);
#15535=EDGE_CURVE('',#7496,#7510,#4261,.T.);
#15537=EDGE_CURVE('',#7510,#7590,#4266,.T.);
#15539=EDGE_CURVE('',#7590,#8410,#4270,.T.);
#15549=EDGE_CURVE('',#8430,#8426,#4274,.T.);
#15551=EDGE_CURVE('',#8430,#7588,#4278,.T.);
#15553=EDGE_CURVE('',#7588,#7508,#4283,.T.);
#15555=EDGE_CURVE('',#7508,#7491,#4287,.T.);
#15558=EDGE_CURVE('',#7492,#7506,#4291,.T.);
#15560=EDGE_CURVE('',#7506,#7586,#4296,.T.);
#15562=EDGE_CURVE('',#7586,#8426,#4300,.T.);
#15572=EDGE_CURVE('',#8448,#8444,#4304,.T.);
#15574=EDGE_CURVE('',#8448,#7476,#4308,.T.);
#15577=EDGE_CURVE('',#7475,#8444,#4312,.T.);
#15587=EDGE_CURVE('',#8452,#8458,#4316,.T.);
#15589=EDGE_CURVE('',#8452,#7480,#4320,.T.);
#15592=EDGE_CURVE('',#7479,#8458,#4324,.T.);
#15603=EDGE_CURVE('',#8412,#8410,#4328,.T.);
#15605=EDGE_CURVE('',#8416,#8412,#4444,.T.);
#15607=EDGE_CURVE('',#8416,#8414,#4452,.T.);
#15617=EDGE_CURVE('',#8407,#8410,#4336,.T.);
#15619=EDGE_CURVE('',#8403,#8407,#4332,.T.);
#15621=EDGE_CURVE('',#8403,#8412,#4448,.T.);
#15634=EDGE_CURVE('',#7590,#7598,#4340,.T.);
#15636=EDGE_CURVE('',#7598,#8407,#4352,.T.);
#15647=EDGE_CURVE('',#7510,#7518,#4344,.T.);
#15649=EDGE_CURVE('',#7518,#7598,#4357,.T.);
#15661=EDGE_CURVE('',#7504,#7518,#4361,.T.);
#15673=EDGE_CURVE('',#8407,#8408,#4348,.T.);
#15679=EDGE_CURVE('',#7520,#7503,#4365,.T.);
#15681=EDGE_CURVE('',#7600,#7520,#4370,.T.);
#15683=EDGE_CURVE('',#8408,#7600,#4374,.T.);
#15693=EDGE_CURVE('',#8423,#8424,#4378,.T.);
#15695=EDGE_CURVE('',#7594,#8423,#4382,.T.);
#15697=EDGE_CURVE('',#7514,#7594,#4387,.T.);
#15699=EDGE_CURVE('',#7500,#7514,#4391,.T.);
#15702=EDGE_CURVE('',#7516,#7499,#4395,.T.);
#15704=EDGE_CURVE('',#7596,#7516,#4400,.T.);
#15706=EDGE_CURVE('',#8424,#7596,#4404,.T.);
#15716=EDGE_CURVE('',#8439,#8440,#4408,.T.);
#15718=EDGE_CURVE('',#7483,#8439,#4412,.T.);
#15721=EDGE_CURVE('',#8440,#7484,#4416,.T.);
#15731=EDGE_CURVE('',#8462,#8451,#4420,.T.);
#15733=EDGE_CURVE('',#7487,#8462,#4424,.T.);
#15736=EDGE_CURVE('',#8451,#7488,#4428,.T.);
#15746=EDGE_CURVE('',#8403,#8404,#4436,.T.);
#15750=EDGE_CURVE('',#8404,#8408,#4432,.T.);
#15761=EDGE_CURVE('',#8404,#8416,#4440,.T.);
#15773=EDGE_CURVE('',#8408,#8414,#4456,.T.);
#15788=EDGE_CURVE('',#7592,#7600,#4460,.T.);
#15802=EDGE_CURVE('',#7512,#7520,#4464,.T.);
#15824=EDGE_CURVE('',#8419,#8420,#4468,.T.);
#15826=EDGE_CURVE('',#8419,#8423,#4508,.T.);
#15829=EDGE_CURVE('',#8424,#8420,#4488,.T.);
#15840=EDGE_CURVE('',#8420,#8432,#4472,.T.);
#15842=EDGE_CURVE('',#8432,#8428,#4476,.T.);
#15844=EDGE_CURVE('',#8419,#8428,#4480,.T.);
#15854=EDGE_CURVE('',#8424,#8430,#4492,.T.);
#15856=EDGE_CURVE('',#8432,#8430,#4484,.T.);
#15870=EDGE_CURVE('',#7588,#7596,#4496,.T.);
#15884=EDGE_CURVE('',#7508,#7516,#4500,.T.);
#15907=EDGE_CURVE('',#8428,#8426,#4504,.T.);
#15919=EDGE_CURVE('',#8423,#8426,#4512,.T.);
#15934=EDGE_CURVE('',#7586,#7594,#4516,.T.);
#15946=EDGE_CURVE('',#7506,#7514,#4520,.T.);
#15970=EDGE_CURVE('',#8435,#8436,#4524,.T.);
#15972=EDGE_CURVE('',#8435,#8439,#4556,.T.);
#15975=EDGE_CURVE('',#8440,#8436,#4544,.T.);
#15986=EDGE_CURVE('',#8436,#8446,#4528,.T.);
#15988=EDGE_CURVE('',#8446,#8442,#4532,.T.);
#15990=EDGE_CURVE('',#8435,#8442,#4536,.T.);
#16000=EDGE_CURVE('',#8440,#8448,#4548,.T.);
#16002=EDGE_CURVE('',#8446,#8448,#4540,.T.);
#16029=EDGE_CURVE('',#8444,#8442,#4552,.T.);
#16041=EDGE_CURVE('',#8439,#8444,#4560,.T.);
#16064=EDGE_CURVE('',#8464,#8455,#4580,.T.);
#16066=EDGE_CURVE('',#8464,#8462,#4596,.T.);
#16069=EDGE_CURVE('',#8455,#8451,#4564,.T.);
#16079=EDGE_CURVE('',#8455,#8456,#4568,.T.);
#16081=EDGE_CURVE('',#8456,#8460,#4572,.T.);
#16083=EDGE_CURVE('',#8464,#8460,#4576,.T.);
#16094=EDGE_CURVE('',#8451,#8452,#4588,.T.);
#16096=EDGE_CURVE('',#8456,#8452,#4584,.T.);
#16121=EDGE_CURVE('',#8460,#8458,#4592,.T.);
#16133=EDGE_CURVE('',#8462,#8458,#4600,.T.);
#16158=EDGE_CURVE('',#8926,#8922,#4604,.T.);
#16160=EDGE_CURVE('',#8926,#7839,#4608,.T.);
#16162=EDGE_CURVE('',#7839,#7840,#4613,.T.);
#16164=EDGE_CURVE('',#7840,#7880,#4617,.T.);
#16167=EDGE_CURVE('',#7879,#7835,#4621,.T.);
#16169=EDGE_CURVE('',#7835,#7836,#4626,.T.);
#16171=EDGE_CURVE('',#7836,#8922,#4630,.T.);
#16181=EDGE_CURVE('',#8942,#8938,#4634,.T.);
#16183=EDGE_CURVE('',#8942,#7831,#4638,.T.);
#16185=EDGE_CURVE('',#7831,#7832,#4643,.T.);
#16187=EDGE_CURVE('',#7832,#7876,#4647,.T.);
#16190=EDGE_CURVE('',#7875,#7827,#4651,.T.);
#16192=EDGE_CURVE('',#7827,#7828,#4656,.T.);
#16194=EDGE_CURVE('',#7828,#8938,#4660,.T.);
#16204=EDGE_CURVE('',#8960,#8956,#4664,.T.);
#16206=EDGE_CURVE('',#8960,#7859,#4668,.T.);
#16209=EDGE_CURVE('',#7860,#8956,#4672,.T.);
#16219=EDGE_CURVE('',#8964,#8970,#4676,.T.);
#16221=EDGE_CURVE('',#8964,#7863,#4680,.T.);
#16224=EDGE_CURVE('',#7864,#8970,#4684,.T.);
#16235=EDGE_CURVE('',#8924,#8922,#4688,.T.);
#16237=EDGE_CURVE('',#8928,#8924,#4800,.T.);
#16239=EDGE_CURVE('',#8928,#8926,#4808,.T.);
#16249=EDGE_CURVE('',#8919,#8922,#4696,.T.);
#16251=EDGE_CURVE('',#8915,#8919,#4692,.T.);
#16253=EDGE_CURVE('',#8915,#8924,#4804,.T.);
#16266=EDGE_CURVE('',#7836,#7852,#4700,.T.);
#16268=EDGE_CURVE('',#7852,#8919,#4712,.T.);
#16279=EDGE_CURVE('',#7835,#7851,#4704,.T.);
#16281=EDGE_CURVE('',#7851,#7852,#4717,.T.);
#16293=EDGE_CURVE('',#7887,#7851,#4721,.T.);
#16305=EDGE_CURVE('',#8919,#8920,#4708,.T.);
#16311=EDGE_CURVE('',#7856,#7888,#4725,.T.);
#16313=EDGE_CURVE('',#7855,#7856,#4730,.T.);
#16315=EDGE_CURVE('',#8920,#7855,#4734,.T.);
#16325=EDGE_CURVE('',#8935,#8936,#4738,.T.);
#16327=EDGE_CURVE('',#7844,#8935,#4742,.T.);
#16329=EDGE_CURVE('',#7843,#7844,#4747,.T.);
#16331=EDGE_CURVE('',#7883,#7843,#4751,.T.);
#16334=EDGE_CURVE('',#7848,#7884,#4755,.T.);
#16336=EDGE_CURVE('',#7847,#7848,#4760,.T.);
#16338=EDGE_CURVE('',#8936,#7847,#4764,.T.);
#16348=EDGE_CURVE('',#8951,#8952,#4768,.T.);
#16350=EDGE_CURVE('',#7868,#8951,#4772,.T.);
#16353=EDGE_CURVE('',#8952,#7867,#4776,.T.);
#16363=EDGE_CURVE('',#8974,#8963,#4780,.T.);
#16365=EDGE_CURVE('',#7872,#8974,#4784,.T.);
#16368=EDGE_CURVE('',#8963,#7871,#4788,.T.);
#16378=EDGE_CURVE('',#8915,#8916,#4792,.T.);
#16382=EDGE_CURVE('',#8920,#8916,#4812,.T.);
#16393=EDGE_CURVE('',#8916,#8928,#4796,.T.);
#16405=EDGE_CURVE('',#8920,#8926,#4816,.T.);
#16420=EDGE_CURVE('',#7839,#7855,#4820,.T.);
#16434=EDGE_CURVE('',#7840,#7856,#4824,.T.);
#16456=EDGE_CURVE('',#8931,#8932,#4828,.T.);
#16458=EDGE_CURVE('',#8931,#8935,#4868,.T.);
#16461=EDGE_CURVE('',#8936,#8932,#4848,.T.);
#16472=EDGE_CURVE('',#8932,#8944,#4832,.T.);
#16474=EDGE_CURVE('',#8944,#8940,#4836,.T.);
#16476=EDGE_CURVE('',#8931,#8940,#4840,.T.);
#16486=EDGE_CURVE('',#8936,#8942,#4852,.T.);
#16488=EDGE_CURVE('',#8944,#8942,#4844,.T.);
#16502=EDGE_CURVE('',#7831,#7847,#4856,.T.);
#16516=EDGE_CURVE('',#7832,#7848,#4860,.T.);
#16539=EDGE_CURVE('',#8940,#8938,#4864,.T.);
#16551=EDGE_CURVE('',#8935,#8938,#4872,.T.);
#16566=EDGE_CURVE('',#7828,#7844,#4876,.T.);
#16578=EDGE_CURVE('',#7827,#7843,#4880,.T.);
#16602=EDGE_CURVE('',#8947,#8948,#4884,.T.);
#16604=EDGE_CURVE('',#8947,#8951,#4916,.T.);
#16607=EDGE_CURVE('',#8952,#8948,#4904,.T.);
#16618=EDGE_CURVE('',#8948,#8958,#4888,.T.);
#16620=EDGE_CURVE('',#8958,#8954,#4892,.T.);
#16622=EDGE_CURVE('',#8947,#8954,#4896,.T.);
#16632=EDGE_CURVE('',#8952,#8960,#4908,.T.);
#16634=EDGE_CURVE('',#8958,#8960,#4900,.T.);
#16661=EDGE_CURVE('',#8956,#8954,#4912,.T.);
#16673=EDGE_CURVE('',#8951,#8956,#4920,.T.);
#16696=EDGE_CURVE('',#8976,#8967,#4940,.T.);
#16698=EDGE_CURVE('',#8976,#8974,#4956,.T.);
#16701=EDGE_CURVE('',#8967,#8963,#4924,.T.);
#16711=EDGE_CURVE('',#8967,#8968,#4928,.T.);
#16713=EDGE_CURVE('',#8968,#8972,#4932,.T.);
#16715=EDGE_CURVE('',#8976,#8972,#4936,.T.);
#16726=EDGE_CURVE('',#8963,#8964,#4948,.T.);
#16728=EDGE_CURVE('',#8968,#8964,#4944,.T.);
#16753=EDGE_CURVE('',#8972,#8970,#4952,.T.);
#16765=EDGE_CURVE('',#8974,#8970,#4960,.T.);
#16790=EDGE_CURVE('',#8990,#8986,#4964,.T.);
#16792=EDGE_CURVE('',#8990,#7903,#4968,.T.);
#16794=EDGE_CURVE('',#7903,#7904,#4973,.T.);
#16796=EDGE_CURVE('',#7904,#7944,#4977,.T.);
#16799=EDGE_CURVE('',#7943,#7899,#4981,.T.);
#16801=EDGE_CURVE('',#7899,#7900,#4986,.T.);
#16803=EDGE_CURVE('',#7900,#8986,#4990,.T.);
#16813=EDGE_CURVE('',#9006,#9002,#4994,.T.);
#16815=EDGE_CURVE('',#9006,#7895,#4998,.T.);
#16817=EDGE_CURVE('',#7895,#7896,#5003,.T.);
#16819=EDGE_CURVE('',#7896,#7940,#5007,.T.);
#16822=EDGE_CURVE('',#7939,#7891,#5011,.T.);
#16824=EDGE_CURVE('',#7891,#7892,#5016,.T.);
#16826=EDGE_CURVE('',#7892,#9002,#5020,.T.);
#16836=EDGE_CURVE('',#9024,#9020,#5024,.T.);
#16838=EDGE_CURVE('',#9024,#7923,#5028,.T.);
#16841=EDGE_CURVE('',#7924,#9020,#5032,.T.);
#16851=EDGE_CURVE('',#9028,#9034,#5036,.T.);
#16853=EDGE_CURVE('',#9028,#7927,#5040,.T.);
#16856=EDGE_CURVE('',#7928,#9034,#5044,.T.);
#16867=EDGE_CURVE('',#8988,#8986,#5048,.T.);
#16869=EDGE_CURVE('',#8992,#8988,#5160,.T.);
#16871=EDGE_CURVE('',#8992,#8990,#5168,.T.);
#16881=EDGE_CURVE('',#8983,#8986,#5056,.T.);
#16883=EDGE_CURVE('',#8979,#8983,#5052,.T.);
#16885=EDGE_CURVE('',#8979,#8988,#5164,.T.);
#16898=EDGE_CURVE('',#7900,#7916,#5060,.T.);
#16900=EDGE_CURVE('',#7916,#8983,#5072,.T.);
#16911=EDGE_CURVE('',#7899,#7915,#5064,.T.);
#16913=EDGE_CURVE('',#7915,#7916,#5077,.T.);
#16925=EDGE_CURVE('',#7951,#7915,#5081,.T.);
#16937=EDGE_CURVE('',#8983,#8984,#5068,.T.);
#16943=EDGE_CURVE('',#7920,#7952,#5085,.T.);
#16945=EDGE_CURVE('',#7919,#7920,#5090,.T.);
#16947=EDGE_CURVE('',#8984,#7919,#5094,.T.);
#16957=EDGE_CURVE('',#8999,#9000,#5098,.T.);
#16959=EDGE_CURVE('',#7908,#8999,#5102,.T.);
#16961=EDGE_CURVE('',#7907,#7908,#5107,.T.);
#16963=EDGE_CURVE('',#7947,#7907,#5111,.T.);
#16966=EDGE_CURVE('',#7912,#7948,#5115,.T.);
#16968=EDGE_CURVE('',#7911,#7912,#5120,.T.);
#16970=EDGE_CURVE('',#9000,#7911,#5124,.T.);
#16980=EDGE_CURVE('',#9015,#9016,#5128,.T.);
#16982=EDGE_CURVE('',#7932,#9015,#5132,.T.);
#16985=EDGE_CURVE('',#9016,#7931,#5136,.T.);
#16995=EDGE_CURVE('',#9038,#9027,#5140,.T.);
#16997=EDGE_CURVE('',#7936,#9038,#5144,.T.);
#17000=EDGE_CURVE('',#9027,#7935,#5148,.T.);
#17010=EDGE_CURVE('',#8979,#8980,#5152,.T.);
#17014=EDGE_CURVE('',#8984,#8980,#5172,.T.);
#17025=EDGE_CURVE('',#8980,#8992,#5156,.T.);
#17037=EDGE_CURVE('',#8984,#8990,#5176,.T.);
#17052=EDGE_CURVE('',#7903,#7919,#5180,.T.);
#17066=EDGE_CURVE('',#7904,#7920,#5184,.T.);
#17088=EDGE_CURVE('',#8995,#8996,#5188,.T.);
#17090=EDGE_CURVE('',#8995,#8999,#5228,.T.);
#17093=EDGE_CURVE('',#9000,#8996,#5208,.T.);
#17104=EDGE_CURVE('',#8996,#9008,#5192,.T.);
#17106=EDGE_CURVE('',#9008,#9004,#5196,.T.);
#17108=EDGE_CURVE('',#8995,#9004,#5200,.T.);
#17118=EDGE_CURVE('',#9000,#9006,#5212,.T.);
#17120=EDGE_CURVE('',#9008,#9006,#5204,.T.);
#17134=EDGE_CURVE('',#7895,#7911,#5216,.T.);
#17148=EDGE_CURVE('',#7896,#7912,#5220,.T.);
#17171=EDGE_CURVE('',#9004,#9002,#5224,.T.);
#17183=EDGE_CURVE('',#8999,#9002,#5232,.T.);
#17198=EDGE_CURVE('',#7892,#7908,#5236,.T.);
#17210=EDGE_CURVE('',#7891,#7907,#5240,.T.);
#17234=EDGE_CURVE('',#9011,#9012,#5244,.T.);
#17236=EDGE_CURVE('',#9011,#9015,#5276,.T.);
#17239=EDGE_CURVE('',#9016,#9012,#5264,.T.);
#17250=EDGE_CURVE('',#9012,#9022,#5248,.T.);
#17252=EDGE_CURVE('',#9022,#9018,#5252,.T.);
#17254=EDGE_CURVE('',#9011,#9018,#5256,.T.);
#17264=EDGE_CURVE('',#9016,#9024,#5268,.T.);
#17266=EDGE_CURVE('',#9022,#9024,#5260,.T.);
#17293=EDGE_CURVE('',#9020,#9018,#5272,.T.);
#17305=EDGE_CURVE('',#9015,#9020,#5280,.T.);
#17328=EDGE_CURVE('',#9040,#9031,#5300,.T.);
#17330=EDGE_CURVE('',#9040,#9038,#5316,.T.);
#17333=EDGE_CURVE('',#9031,#9027,#5284,.T.);
#17343=EDGE_CURVE('',#9031,#9032,#5288,.T.);
#17345=EDGE_CURVE('',#9032,#9036,#5292,.T.);
#17347=EDGE_CURVE('',#9040,#9036,#5296,.T.);
#17358=EDGE_CURVE('',#9027,#9028,#5308,.T.);
#17360=EDGE_CURVE('',#9032,#9028,#5304,.T.);
#17385=EDGE_CURVE('',#9036,#9034,#5312,.T.);
#17397=EDGE_CURVE('',#9038,#9034,#5320,.T.);
#17422=EDGE_CURVE('',#9054,#9050,#5324,.T.);
#17424=EDGE_CURVE('',#9054,#7967,#5328,.T.);
#17426=EDGE_CURVE('',#7967,#7968,#5333,.T.);
#17428=EDGE_CURVE('',#7968,#8008,#5337,.T.);
#17431=EDGE_CURVE('',#8007,#7963,#5341,.T.);
#17433=EDGE_CURVE('',#7963,#7964,#5346,.T.);
#17435=EDGE_CURVE('',#7964,#9050,#5350,.T.);
#17445=EDGE_CURVE('',#9070,#9066,#5354,.T.);
#17447=EDGE_CURVE('',#9070,#7959,#5358,.T.);
#17449=EDGE_CURVE('',#7959,#7960,#5363,.T.);
#17451=EDGE_CURVE('',#7960,#8004,#5367,.T.);
#17454=EDGE_CURVE('',#8003,#7955,#5371,.T.);
#17456=EDGE_CURVE('',#7955,#7956,#5376,.T.);
#17458=EDGE_CURVE('',#7956,#9066,#5380,.T.);
#17468=EDGE_CURVE('',#9088,#9084,#5384,.T.);
#17470=EDGE_CURVE('',#9088,#7987,#5388,.T.);
#17473=EDGE_CURVE('',#7988,#9084,#5392,.T.);
#17483=EDGE_CURVE('',#9092,#9098,#5396,.T.);
#17485=EDGE_CURVE('',#9092,#7991,#5400,.T.);
#17488=EDGE_CURVE('',#7992,#9098,#5404,.T.);
#17499=EDGE_CURVE('',#9052,#9050,#5408,.T.);
#17501=EDGE_CURVE('',#9056,#9052,#5520,.T.);
#17503=EDGE_CURVE('',#9056,#9054,#5528,.T.);
#17513=EDGE_CURVE('',#9047,#9050,#5416,.T.);
#17515=EDGE_CURVE('',#9043,#9047,#5412,.T.);
#17517=EDGE_CURVE('',#9043,#9052,#5524,.T.);
#17530=EDGE_CURVE('',#7964,#7980,#5420,.T.);
#17532=EDGE_CURVE('',#7980,#9047,#5432,.T.);
#17543=EDGE_CURVE('',#7963,#7979,#5424,.T.);
#17545=EDGE_CURVE('',#7979,#7980,#5437,.T.);
#17557=EDGE_CURVE('',#8015,#7979,#5441,.T.);
#17569=EDGE_CURVE('',#9047,#9048,#5428,.T.);
#17575=EDGE_CURVE('',#7984,#8016,#5445,.T.);
#17577=EDGE_CURVE('',#7983,#7984,#5450,.T.);
#17579=EDGE_CURVE('',#9048,#7983,#5454,.T.);
#17589=EDGE_CURVE('',#9063,#9064,#5458,.T.);
#17591=EDGE_CURVE('',#7972,#9063,#5462,.T.);
#17593=EDGE_CURVE('',#7971,#7972,#5467,.T.);
#17595=EDGE_CURVE('',#8011,#7971,#5471,.T.);
#17598=EDGE_CURVE('',#7976,#8012,#5475,.T.);
#17600=EDGE_CURVE('',#7975,#7976,#5480,.T.);
#17602=EDGE_CURVE('',#9064,#7975,#5484,.T.);
#17612=EDGE_CURVE('',#9079,#9080,#5488,.T.);
#17614=EDGE_CURVE('',#7996,#9079,#5492,.T.);
#17617=EDGE_CURVE('',#9080,#7995,#5496,.T.);
#17627=EDGE_CURVE('',#9102,#9091,#5500,.T.);
#17629=EDGE_CURVE('',#8000,#9102,#5504,.T.);
#17632=EDGE_CURVE('',#9091,#7999,#5508,.T.);
#17642=EDGE_CURVE('',#9043,#9044,#5512,.T.);
#17646=EDGE_CURVE('',#9048,#9044,#5532,.T.);
#17657=EDGE_CURVE('',#9044,#9056,#5516,.T.);
#17669=EDGE_CURVE('',#9048,#9054,#5536,.T.);
#17684=EDGE_CURVE('',#7967,#7983,#5540,.T.);
#17698=EDGE_CURVE('',#7968,#7984,#5544,.T.);
#17720=EDGE_CURVE('',#9059,#9060,#5548,.T.);
#17722=EDGE_CURVE('',#9059,#9063,#5588,.T.);
#17725=EDGE_CURVE('',#9064,#9060,#5568,.T.);
#17736=EDGE_CURVE('',#9060,#9072,#5552,.T.);
#17738=EDGE_CURVE('',#9072,#9068,#5556,.T.);
#17740=EDGE_CURVE('',#9059,#9068,#5560,.T.);
#17750=EDGE_CURVE('',#9064,#9070,#5572,.T.);
#17752=EDGE_CURVE('',#9072,#9070,#5564,.T.);
#17766=EDGE_CURVE('',#7959,#7975,#5576,.T.);
#17780=EDGE_CURVE('',#7960,#7976,#5580,.T.);
#17803=EDGE_CURVE('',#9068,#9066,#5584,.T.);
#17815=EDGE_CURVE('',#9063,#9066,#5592,.T.);
#17830=EDGE_CURVE('',#7956,#7972,#5596,.T.);
#17842=EDGE_CURVE('',#7955,#7971,#5600,.T.);
#17866=EDGE_CURVE('',#9075,#9076,#5604,.T.);
#17868=EDGE_CURVE('',#9075,#9079,#5636,.T.);
#17871=EDGE_CURVE('',#9080,#9076,#5624,.T.);
#17882=EDGE_CURVE('',#9076,#9086,#5608,.T.);
#17884=EDGE_CURVE('',#9086,#9082,#5612,.T.);
#17886=EDGE_CURVE('',#9075,#9082,#5616,.T.);
#17896=EDGE_CURVE('',#9080,#9088,#5628,.T.);
#17898=EDGE_CURVE('',#9086,#9088,#5620,.T.);
#17925=EDGE_CURVE('',#9084,#9082,#5632,.T.);
#17937=EDGE_CURVE('',#9079,#9084,#5640,.T.);
#17960=EDGE_CURVE('',#9104,#9095,#5660,.T.);
#17962=EDGE_CURVE('',#9104,#9102,#5676,.T.);
#17965=EDGE_CURVE('',#9095,#9091,#5644,.T.);
#17975=EDGE_CURVE('',#9095,#9096,#5648,.T.);
#17977=EDGE_CURVE('',#9096,#9100,#5652,.T.);
#17979=EDGE_CURVE('',#9104,#9100,#5656,.T.);
#17990=EDGE_CURVE('',#9091,#9092,#5668,.T.);
#17992=EDGE_CURVE('',#9096,#9092,#5664,.T.);
#18017=EDGE_CURVE('',#9100,#9098,#5672,.T.);
#18029=EDGE_CURVE('',#9102,#9098,#5680,.T.);
#18054=EDGE_CURVE('',#9118,#9114,#5684,.T.);
#18056=EDGE_CURVE('',#9118,#8031,#5688,.T.);
#18058=EDGE_CURVE('',#8031,#8032,#5693,.T.);
#18060=EDGE_CURVE('',#8032,#8072,#5697,.T.);
#18063=EDGE_CURVE('',#8071,#8027,#5701,.T.);
#18065=EDGE_CURVE('',#8027,#8028,#5706,.T.);
#18067=EDGE_CURVE('',#8028,#9114,#5710,.T.);
#18077=EDGE_CURVE('',#9134,#9130,#5714,.T.);
#18079=EDGE_CURVE('',#9134,#8023,#5718,.T.);
#18081=EDGE_CURVE('',#8023,#8024,#5723,.T.);
#18083=EDGE_CURVE('',#8024,#8068,#5727,.T.);
#18086=EDGE_CURVE('',#8067,#8019,#5731,.T.);
#18088=EDGE_CURVE('',#8019,#8020,#5736,.T.);
#18090=EDGE_CURVE('',#8020,#9130,#5740,.T.);
#18100=EDGE_CURVE('',#9152,#9148,#5744,.T.);
#18102=EDGE_CURVE('',#9152,#8051,#5748,.T.);
#18105=EDGE_CURVE('',#8052,#9148,#5752,.T.);
#18115=EDGE_CURVE('',#9156,#9162,#5756,.T.);
#18117=EDGE_CURVE('',#9156,#8055,#5760,.T.);
#18120=EDGE_CURVE('',#8056,#9162,#5764,.T.);
#18131=EDGE_CURVE('',#9116,#9114,#5768,.T.);
#18133=EDGE_CURVE('',#9120,#9116,#5880,.T.);
#18135=EDGE_CURVE('',#9120,#9118,#5888,.T.);
#18145=EDGE_CURVE('',#9111,#9114,#5776,.T.);
#18147=EDGE_CURVE('',#9107,#9111,#5772,.T.);
#18149=EDGE_CURVE('',#9107,#9116,#5884,.T.);
#18162=EDGE_CURVE('',#8028,#8044,#5780,.T.);
#18164=EDGE_CURVE('',#8044,#9111,#5792,.T.);
#18175=EDGE_CURVE('',#8027,#8043,#5784,.T.);
#18177=EDGE_CURVE('',#8043,#8044,#5797,.T.);
#18189=EDGE_CURVE('',#8079,#8043,#5801,.T.);
#18201=EDGE_CURVE('',#9111,#9112,#5788,.T.);
#18207=EDGE_CURVE('',#8048,#8080,#5805,.T.);
#18209=EDGE_CURVE('',#8047,#8048,#5810,.T.);
#18211=EDGE_CURVE('',#9112,#8047,#5814,.T.);
#18221=EDGE_CURVE('',#9127,#9128,#5818,.T.);
#18223=EDGE_CURVE('',#8036,#9127,#5822,.T.);
#18225=EDGE_CURVE('',#8035,#8036,#5827,.T.);
#18227=EDGE_CURVE('',#8075,#8035,#5831,.T.);
#18230=EDGE_CURVE('',#8040,#8076,#5835,.T.);
#18232=EDGE_CURVE('',#8039,#8040,#5840,.T.);
#18234=EDGE_CURVE('',#9128,#8039,#5844,.T.);
#18244=EDGE_CURVE('',#9143,#9144,#5848,.T.);
#18246=EDGE_CURVE('',#8060,#9143,#5852,.T.);
#18249=EDGE_CURVE('',#9144,#8059,#5856,.T.);
#18259=EDGE_CURVE('',#9166,#9155,#5860,.T.);
#18261=EDGE_CURVE('',#8064,#9166,#5864,.T.);
#18264=EDGE_CURVE('',#9155,#8063,#5868,.T.);
#18274=EDGE_CURVE('',#9107,#9108,#5872,.T.);
#18278=EDGE_CURVE('',#9112,#9108,#5892,.T.);
#18289=EDGE_CURVE('',#9108,#9120,#5876,.T.);
#18301=EDGE_CURVE('',#9112,#9118,#5896,.T.);
#18316=EDGE_CURVE('',#8031,#8047,#5900,.T.);
#18330=EDGE_CURVE('',#8032,#8048,#5904,.T.);
#18352=EDGE_CURVE('',#9123,#9124,#5908,.T.);
#18354=EDGE_CURVE('',#9123,#9127,#5948,.T.);
#18357=EDGE_CURVE('',#9128,#9124,#5928,.T.);
#18368=EDGE_CURVE('',#9124,#9136,#5912,.T.);
#18370=EDGE_CURVE('',#9136,#9132,#5916,.T.);
#18372=EDGE_CURVE('',#9123,#9132,#5920,.T.);
#18382=EDGE_CURVE('',#9128,#9134,#5932,.T.);
#18384=EDGE_CURVE('',#9136,#9134,#5924,.T.);
#18398=EDGE_CURVE('',#8023,#8039,#5936,.T.);
#18412=EDGE_CURVE('',#8024,#8040,#5940,.T.);
#18435=EDGE_CURVE('',#9132,#9130,#5944,.T.);
#18447=EDGE_CURVE('',#9127,#9130,#5952,.T.);
#18462=EDGE_CURVE('',#8020,#8036,#5956,.T.);
#18474=EDGE_CURVE('',#8019,#8035,#5960,.T.);
#18498=EDGE_CURVE('',#9139,#9140,#5964,.T.);
#18500=EDGE_CURVE('',#9139,#9143,#5996,.T.);
#18503=EDGE_CURVE('',#9144,#9140,#5984,.T.);
#18514=EDGE_CURVE('',#9140,#9150,#5968,.T.);
#18516=EDGE_CURVE('',#9150,#9146,#5972,.T.);
#18518=EDGE_CURVE('',#9139,#9146,#5976,.T.);
#18528=EDGE_CURVE('',#9144,#9152,#5988,.T.);
#18530=EDGE_CURVE('',#9150,#9152,#5980,.T.);
#18557=EDGE_CURVE('',#9148,#9146,#5992,.T.);
#18569=EDGE_CURVE('',#9143,#9148,#6000,.T.);
#18592=EDGE_CURVE('',#9168,#9159,#6020,.T.);
#18594=EDGE_CURVE('',#9168,#9166,#6036,.T.);
#18597=EDGE_CURVE('',#9159,#9155,#6004,.T.);
#18607=EDGE_CURVE('',#9159,#9160,#6008,.T.);
#18609=EDGE_CURVE('',#9160,#9164,#6012,.T.);
#18611=EDGE_CURVE('',#9168,#9164,#6016,.T.);
#18622=EDGE_CURVE('',#9155,#9156,#6028,.T.);
#18624=EDGE_CURVE('',#9160,#9156,#6024,.T.);
#18649=EDGE_CURVE('',#9164,#9162,#6032,.T.);
#18661=EDGE_CURVE('',#9166,#9162,#6040,.T.);
#18686=EDGE_CURVE('',#9182,#9178,#6044,.T.);
#18688=EDGE_CURVE('',#9182,#8095,#6048,.T.);
#18690=EDGE_CURVE('',#8095,#8096,#6053,.T.);
#18692=EDGE_CURVE('',#8096,#8136,#6057,.T.);
#18695=EDGE_CURVE('',#8135,#8091,#6061,.T.);
#18697=EDGE_CURVE('',#8091,#8092,#6066,.T.);
#18699=EDGE_CURVE('',#8092,#9178,#6070,.T.);
#18709=EDGE_CURVE('',#9198,#9194,#6074,.T.);
#18711=EDGE_CURVE('',#9198,#8087,#6078,.T.);
#18713=EDGE_CURVE('',#8087,#8088,#6083,.T.);
#18715=EDGE_CURVE('',#8088,#8132,#6087,.T.);
#18718=EDGE_CURVE('',#8131,#8083,#6091,.T.);
#18720=EDGE_CURVE('',#8083,#8084,#6096,.T.);
#18722=EDGE_CURVE('',#8084,#9194,#6100,.T.);
#18732=EDGE_CURVE('',#9216,#9212,#6104,.T.);
#18734=EDGE_CURVE('',#9216,#8115,#6108,.T.);
#18737=EDGE_CURVE('',#8116,#9212,#6112,.T.);
#18747=EDGE_CURVE('',#9220,#9226,#6116,.T.);
#18749=EDGE_CURVE('',#9220,#8119,#6120,.T.);
#18752=EDGE_CURVE('',#8120,#9226,#6124,.T.);
#18763=EDGE_CURVE('',#9180,#9178,#6128,.T.);
#18765=EDGE_CURVE('',#9184,#9180,#6240,.T.);
#18767=EDGE_CURVE('',#9184,#9182,#6248,.T.);
#18777=EDGE_CURVE('',#9175,#9178,#6136,.T.);
#18779=EDGE_CURVE('',#9171,#9175,#6132,.T.);
#18781=EDGE_CURVE('',#9171,#9180,#6244,.T.);
#18794=EDGE_CURVE('',#8092,#8108,#6140,.T.);
#18796=EDGE_CURVE('',#8108,#9175,#6152,.T.);
#18807=EDGE_CURVE('',#8091,#8107,#6144,.T.);
#18809=EDGE_CURVE('',#8107,#8108,#6157,.T.);
#18821=EDGE_CURVE('',#8143,#8107,#6161,.T.);
#18833=EDGE_CURVE('',#9175,#9176,#6148,.T.);
#18839=EDGE_CURVE('',#8112,#8144,#6165,.T.);
#18841=EDGE_CURVE('',#8111,#8112,#6170,.T.);
#18843=EDGE_CURVE('',#9176,#8111,#6174,.T.);
#18853=EDGE_CURVE('',#9191,#9192,#6178,.T.);
#18855=EDGE_CURVE('',#8100,#9191,#6182,.T.);
#18857=EDGE_CURVE('',#8099,#8100,#6187,.T.);
#18859=EDGE_CURVE('',#8139,#8099,#6191,.T.);
#18862=EDGE_CURVE('',#8104,#8140,#6195,.T.);
#18864=EDGE_CURVE('',#8103,#8104,#6200,.T.);
#18866=EDGE_CURVE('',#9192,#8103,#6204,.T.);
#18876=EDGE_CURVE('',#9207,#9208,#6208,.T.);
#18878=EDGE_CURVE('',#8124,#9207,#6212,.T.);
#18881=EDGE_CURVE('',#9208,#8123,#6216,.T.);
#18891=EDGE_CURVE('',#9230,#9219,#6220,.T.);
#18893=EDGE_CURVE('',#8128,#9230,#6224,.T.);
#18896=EDGE_CURVE('',#9219,#8127,#6228,.T.);
#18906=EDGE_CURVE('',#9171,#9172,#6232,.T.);
#18910=EDGE_CURVE('',#9176,#9172,#6252,.T.);
#18921=EDGE_CURVE('',#9172,#9184,#6236,.T.);
#18933=EDGE_CURVE('',#9176,#9182,#6256,.T.);
#18948=EDGE_CURVE('',#8095,#8111,#6260,.T.);
#18962=EDGE_CURVE('',#8096,#8112,#6264,.T.);
#18984=EDGE_CURVE('',#9187,#9188,#6268,.T.);
#18986=EDGE_CURVE('',#9187,#9191,#6308,.T.);
#18989=EDGE_CURVE('',#9192,#9188,#6288,.T.);
#19000=EDGE_CURVE('',#9188,#9200,#6272,.T.);
#19002=EDGE_CURVE('',#9200,#9196,#6276,.T.);
#19004=EDGE_CURVE('',#9187,#9196,#6280,.T.);
#19014=EDGE_CURVE('',#9192,#9198,#6292,.T.);
#19016=EDGE_CURVE('',#9200,#9198,#6284,.T.);
#19030=EDGE_CURVE('',#8087,#8103,#6296,.T.);
#19044=EDGE_CURVE('',#8088,#8104,#6300,.T.);
#19067=EDGE_CURVE('',#9196,#9194,#6304,.T.);
#19079=EDGE_CURVE('',#9191,#9194,#6312,.T.);
#19094=EDGE_CURVE('',#8084,#8100,#6316,.T.);
#19106=EDGE_CURVE('',#8083,#8099,#6320,.T.);
#19130=EDGE_CURVE('',#9203,#9204,#6324,.T.);
#19132=EDGE_CURVE('',#9203,#9207,#6356,.T.);
#19135=EDGE_CURVE('',#9208,#9204,#6344,.T.);
#19146=EDGE_CURVE('',#9204,#9214,#6328,.T.);
#19148=EDGE_CURVE('',#9214,#9210,#6332,.T.);
#19150=EDGE_CURVE('',#9203,#9210,#6336,.T.);
#19160=EDGE_CURVE('',#9208,#9216,#6348,.T.);
#19162=EDGE_CURVE('',#9214,#9216,#6340,.T.);
#19189=EDGE_CURVE('',#9212,#9210,#6352,.T.);
#19201=EDGE_CURVE('',#9207,#9212,#6360,.T.);
#19224=EDGE_CURVE('',#9232,#9223,#6380,.T.);
#19226=EDGE_CURVE('',#9232,#9230,#6396,.T.);
#19229=EDGE_CURVE('',#9223,#9219,#6364,.T.);
#19239=EDGE_CURVE('',#9223,#9224,#6368,.T.);
#19241=EDGE_CURVE('',#9224,#9228,#6372,.T.);
#19243=EDGE_CURVE('',#9232,#9228,#6376,.T.);
#19254=EDGE_CURVE('',#9219,#9220,#6388,.T.);
#19256=EDGE_CURVE('',#9224,#9220,#6384,.T.);
#19281=EDGE_CURVE('',#9228,#9226,#6392,.T.);
#19293=EDGE_CURVE('',#9230,#9226,#6400,.T.);
#19318=EDGE_CURVE('',#9246,#9242,#6404,.T.);
#19320=EDGE_CURVE('',#9246,#8159,#6408,.T.);
#19322=EDGE_CURVE('',#8159,#8160,#6413,.T.);
#19324=EDGE_CURVE('',#8160,#8200,#6417,.T.);
#19327=EDGE_CURVE('',#8199,#8155,#6421,.T.);
#19329=EDGE_CURVE('',#8155,#8156,#6426,.T.);
#19331=EDGE_CURVE('',#8156,#9242,#6430,.T.);
#19341=EDGE_CURVE('',#9262,#9258,#6434,.T.);
#19343=EDGE_CURVE('',#9262,#8151,#6438,.T.);
#19345=EDGE_CURVE('',#8151,#8152,#6443,.T.);
#19347=EDGE_CURVE('',#8152,#8196,#6447,.T.);
#19350=EDGE_CURVE('',#8195,#8147,#6451,.T.);
#19352=EDGE_CURVE('',#8147,#8148,#6456,.T.);
#19354=EDGE_CURVE('',#8148,#9258,#6460,.T.);
#19364=EDGE_CURVE('',#9280,#9276,#6464,.T.);
#19366=EDGE_CURVE('',#9280,#8179,#6468,.T.);
#19369=EDGE_CURVE('',#8180,#9276,#6472,.T.);
#19379=EDGE_CURVE('',#9284,#9290,#6476,.T.);
#19381=EDGE_CURVE('',#9284,#8183,#6480,.T.);
#19384=EDGE_CURVE('',#8184,#9290,#6484,.T.);
#19395=EDGE_CURVE('',#9244,#9242,#6488,.T.);
#19397=EDGE_CURVE('',#9248,#9244,#6600,.T.);
#19399=EDGE_CURVE('',#9248,#9246,#6608,.T.);
#19409=EDGE_CURVE('',#9239,#9242,#6496,.T.);
#19411=EDGE_CURVE('',#9235,#9239,#6492,.T.);
#19413=EDGE_CURVE('',#9235,#9244,#6604,.T.);
#19426=EDGE_CURVE('',#8156,#8172,#6500,.T.);
#19428=EDGE_CURVE('',#8172,#9239,#6512,.T.);
#19439=EDGE_CURVE('',#8155,#8171,#6504,.T.);
#19441=EDGE_CURVE('',#8171,#8172,#6517,.T.);
#19453=EDGE_CURVE('',#8207,#8171,#6521,.T.);
#19465=EDGE_CURVE('',#9239,#9240,#6508,.T.);
#19471=EDGE_CURVE('',#8176,#8208,#6525,.T.);
#19473=EDGE_CURVE('',#8175,#8176,#6530,.T.);
#19475=EDGE_CURVE('',#9240,#8175,#6534,.T.);
#19485=EDGE_CURVE('',#9255,#9256,#6538,.T.);
#19487=EDGE_CURVE('',#8164,#9255,#6542,.T.);
#19489=EDGE_CURVE('',#8163,#8164,#6547,.T.);
#19491=EDGE_CURVE('',#8203,#8163,#6551,.T.);
#19494=EDGE_CURVE('',#8168,#8204,#6555,.T.);
#19496=EDGE_CURVE('',#8167,#8168,#6560,.T.);
#19498=EDGE_CURVE('',#9256,#8167,#6564,.T.);
#19508=EDGE_CURVE('',#9271,#9272,#6568,.T.);
#19510=EDGE_CURVE('',#8188,#9271,#6572,.T.);
#19513=EDGE_CURVE('',#9272,#8187,#6576,.T.);
#19523=EDGE_CURVE('',#9294,#9283,#6580,.T.);
#19525=EDGE_CURVE('',#8192,#9294,#6584,.T.);
#19528=EDGE_CURVE('',#9283,#8191,#6588,.T.);
#19538=EDGE_CURVE('',#9235,#9236,#6592,.T.);
#19542=EDGE_CURVE('',#9240,#9236,#6612,.T.);
#19553=EDGE_CURVE('',#9236,#9248,#6596,.T.);
#19565=EDGE_CURVE('',#9240,#9246,#6616,.T.);
#19580=EDGE_CURVE('',#8159,#8175,#6620,.T.);
#19594=EDGE_CURVE('',#8160,#8176,#6624,.T.);
#19616=EDGE_CURVE('',#9251,#9252,#6628,.T.);
#19618=EDGE_CURVE('',#9251,#9255,#6668,.T.);
#19621=EDGE_CURVE('',#9256,#9252,#6648,.T.);
#19632=EDGE_CURVE('',#9252,#9264,#6632,.T.);
#19634=EDGE_CURVE('',#9264,#9260,#6636,.T.);
#19636=EDGE_CURVE('',#9251,#9260,#6640,.T.);
#19646=EDGE_CURVE('',#9256,#9262,#6652,.T.);
#19648=EDGE_CURVE('',#9264,#9262,#6644,.T.);
#19662=EDGE_CURVE('',#8151,#8167,#6656,.T.);
#19676=EDGE_CURVE('',#8152,#8168,#6660,.T.);
#19699=EDGE_CURVE('',#9260,#9258,#6664,.T.);
#19711=EDGE_CURVE('',#9255,#9258,#6672,.T.);
#19726=EDGE_CURVE('',#8148,#8164,#6676,.T.);
#19738=EDGE_CURVE('',#8147,#8163,#6680,.T.);
#19762=EDGE_CURVE('',#9267,#9268,#6684,.T.);
#19764=EDGE_CURVE('',#9267,#9271,#6716,.T.);
#19767=EDGE_CURVE('',#9272,#9268,#6704,.T.);
#19778=EDGE_CURVE('',#9268,#9278,#6688,.T.);
#19780=EDGE_CURVE('',#9278,#9274,#6692,.T.);
#19782=EDGE_CURVE('',#9267,#9274,#6696,.T.);
#19792=EDGE_CURVE('',#9272,#9280,#6708,.T.);
#19794=EDGE_CURVE('',#9278,#9280,#6700,.T.);
#19821=EDGE_CURVE('',#9276,#9274,#6712,.T.);
#19833=EDGE_CURVE('',#9271,#9276,#6720,.T.);
#19856=EDGE_CURVE('',#9296,#9287,#6740,.T.);
#19858=EDGE_CURVE('',#9296,#9294,#6756,.T.);
#19861=EDGE_CURVE('',#9287,#9283,#6724,.T.);
#19871=EDGE_CURVE('',#9287,#9288,#6728,.T.);
#19873=EDGE_CURVE('',#9288,#9292,#6732,.T.);
#19875=EDGE_CURVE('',#9296,#9292,#6736,.T.);
#19886=EDGE_CURVE('',#9283,#9284,#6748,.T.);
#19888=EDGE_CURVE('',#9288,#9284,#6744,.T.);
#19913=EDGE_CURVE('',#9292,#9290,#6752,.T.);
#19925=EDGE_CURVE('',#9294,#9290,#6760,.T.);
#19950=EDGE_CURVE('',#9310,#9306,#6764,.T.);
#19952=EDGE_CURVE('',#9310,#8223,#6768,.T.);
#19954=EDGE_CURVE('',#8223,#8224,#6773,.T.);
#19956=EDGE_CURVE('',#8224,#8264,#6777,.T.);
#19959=EDGE_CURVE('',#8263,#8219,#6781,.T.);
#19961=EDGE_CURVE('',#8219,#8220,#6786,.T.);
#19963=EDGE_CURVE('',#8220,#9306,#6790,.T.);
#19973=EDGE_CURVE('',#9326,#9322,#6794,.T.);
#19975=EDGE_CURVE('',#9326,#8215,#6798,.T.);
#19977=EDGE_CURVE('',#8215,#8216,#6803,.T.);
#19979=EDGE_CURVE('',#8216,#8260,#6807,.T.);
#19982=EDGE_CURVE('',#8259,#8211,#6811,.T.);
#19984=EDGE_CURVE('',#8211,#8212,#6816,.T.);
#19986=EDGE_CURVE('',#8212,#9322,#6820,.T.);
#19996=EDGE_CURVE('',#9344,#9340,#6824,.T.);
#19998=EDGE_CURVE('',#9344,#8243,#6828,.T.);
#20001=EDGE_CURVE('',#8244,#9340,#6832,.T.);
#20011=EDGE_CURVE('',#9348,#9354,#6836,.T.);
#20013=EDGE_CURVE('',#9348,#8247,#6840,.T.);
#20016=EDGE_CURVE('',#8248,#9354,#6844,.T.);
#20027=EDGE_CURVE('',#9308,#9306,#6848,.T.);
#20029=EDGE_CURVE('',#9312,#9308,#6960,.T.);
#20031=EDGE_CURVE('',#9312,#9310,#6968,.T.);
#20041=EDGE_CURVE('',#9303,#9306,#6856,.T.);
#20043=EDGE_CURVE('',#9299,#9303,#6852,.T.);
#20045=EDGE_CURVE('',#9299,#9308,#6964,.T.);
#20058=EDGE_CURVE('',#8220,#8236,#6860,.T.);
#20060=EDGE_CURVE('',#8236,#9303,#6872,.T.);
#20071=EDGE_CURVE('',#8219,#8235,#6864,.T.);
#20073=EDGE_CURVE('',#8235,#8236,#6877,.T.);
#20085=EDGE_CURVE('',#8271,#8235,#6881,.T.);
#20097=EDGE_CURVE('',#9303,#9304,#6868,.T.);
#20103=EDGE_CURVE('',#8240,#8272,#6885,.T.);
#20105=EDGE_CURVE('',#8239,#8240,#6890,.T.);
#20107=EDGE_CURVE('',#9304,#8239,#6894,.T.);
#20117=EDGE_CURVE('',#9319,#9320,#6898,.T.);
#20119=EDGE_CURVE('',#8228,#9319,#6902,.T.);
#20121=EDGE_CURVE('',#8227,#8228,#6907,.T.);
#20123=EDGE_CURVE('',#8267,#8227,#6911,.T.);
#20126=EDGE_CURVE('',#8232,#8268,#6915,.T.);
#20128=EDGE_CURVE('',#8231,#8232,#6920,.T.);
#20130=EDGE_CURVE('',#9320,#8231,#6924,.T.);
#20140=EDGE_CURVE('',#9335,#9336,#6928,.T.);
#20142=EDGE_CURVE('',#8252,#9335,#6932,.T.);
#20145=EDGE_CURVE('',#9336,#8251,#6936,.T.);
#20155=EDGE_CURVE('',#9358,#9347,#6940,.T.);
#20157=EDGE_CURVE('',#8256,#9358,#6944,.T.);
#20160=EDGE_CURVE('',#9347,#8255,#6948,.T.);
#20170=EDGE_CURVE('',#9299,#9300,#6952,.T.);
#20174=EDGE_CURVE('',#9304,#9300,#6972,.T.);
#20185=EDGE_CURVE('',#9300,#9312,#6956,.T.);
#20197=EDGE_CURVE('',#9304,#9310,#6976,.T.);
#20212=EDGE_CURVE('',#8223,#8239,#6980,.T.);
#20226=EDGE_CURVE('',#8224,#8240,#6984,.T.);
#20248=EDGE_CURVE('',#9315,#9316,#6988,.T.);
#20250=EDGE_CURVE('',#9315,#9319,#7028,.T.);
#20253=EDGE_CURVE('',#9320,#9316,#7008,.T.);
#20264=EDGE_CURVE('',#9316,#9328,#6992,.T.);
#20266=EDGE_CURVE('',#9328,#9324,#6996,.T.);
#20268=EDGE_CURVE('',#9315,#9324,#7000,.T.);
#20278=EDGE_CURVE('',#9320,#9326,#7012,.T.);
#20280=EDGE_CURVE('',#9328,#9326,#7004,.T.);
#20294=EDGE_CURVE('',#8215,#8231,#7016,.T.);
#20308=EDGE_CURVE('',#8216,#8232,#7020,.T.);
#20331=EDGE_CURVE('',#9324,#9322,#7024,.T.);
#20343=EDGE_CURVE('',#9319,#9322,#7032,.T.);
#20358=EDGE_CURVE('',#8212,#8228,#7036,.T.);
#20370=EDGE_CURVE('',#8211,#8227,#7040,.T.);
#20394=EDGE_CURVE('',#9331,#9332,#7044,.T.);
#20396=EDGE_CURVE('',#9331,#9335,#7076,.T.);
#20399=EDGE_CURVE('',#9336,#9332,#7064,.T.);
#20410=EDGE_CURVE('',#9332,#9342,#7048,.T.);
#20412=EDGE_CURVE('',#9342,#9338,#7052,.T.);
#20414=EDGE_CURVE('',#9331,#9338,#7056,.T.);
#20424=EDGE_CURVE('',#9336,#9344,#7068,.T.);
#20426=EDGE_CURVE('',#9342,#9344,#7060,.T.);
#20453=EDGE_CURVE('',#9340,#9338,#7072,.T.);
#20465=EDGE_CURVE('',#9335,#9340,#7080,.T.);
#20488=EDGE_CURVE('',#9360,#9351,#7100,.T.);
#20490=EDGE_CURVE('',#9360,#9358,#7116,.T.);
#20493=EDGE_CURVE('',#9351,#9347,#7084,.T.);
#20503=EDGE_CURVE('',#9351,#9352,#7088,.T.);
#20505=EDGE_CURVE('',#9352,#9356,#7092,.T.);
#20507=EDGE_CURVE('',#9360,#9356,#7096,.T.);
#20518=EDGE_CURVE('',#9347,#9348,#7108,.T.);
#20520=EDGE_CURVE('',#9352,#9348,#7104,.T.);
#20545=EDGE_CURVE('',#9356,#9354,#7112,.T.);
#20557=EDGE_CURVE('',#9358,#9354,#7120,.T.);
#20587=CIRCLE('',#20586,5.E-1);
#20588=TRIMMED_CURVE('',#20587,(PARAMETER_VALUE(0.E0)),(PARAMETER_VALUE(1.8E2)),
.T.,.UNSPECIFIED.);
#20589=COMPOSITE_CURVE_SEGMENT(.CONTINUOUS.,.T.,#20588);
#20594=CIRCLE('',#20593,5.E-1);
#20595=TRIMMED_CURVE('',#20594,(PARAMETER_VALUE(0.E0)),(PARAMETER_VALUE(1.8E2)),
.T.,.UNSPECIFIED.);
#20596=COMPOSITE_CURVE_SEGMENT(.CONTINUOUS.,.T.,#20595);
#20597=COMPOSITE_CURVE('',(#20589,#20596),.F.);
#20603=CIRCLE('',#20602,5.E-1);
#20604=TRIMMED_CURVE('',#20603,(PARAMETER_VALUE(0.E0)),(PARAMETER_VALUE(1.8E2)),
.T.,.UNSPECIFIED.);
#20605=COMPOSITE_CURVE_SEGMENT(.CONTINUOUS.,.T.,#20604);
#20610=CIRCLE('',#20609,5.E-1);
#20611=TRIMMED_CURVE('',#20610,(PARAMETER_VALUE(0.E0)),(PARAMETER_VALUE(1.8E2)),
.T.,.UNSPECIFIED.);
#20612=COMPOSITE_CURVE_SEGMENT(.CONTINUOUS.,.T.,#20611);
#20613=COMPOSITE_CURVE('',(#20605,#20612),.F.);
#20618=CIRCLE('',#20617,5.E-1);
#20619=TRIMMED_CURVE('',#20618,(PARAMETER_VALUE(0.E0)),(PARAMETER_VALUE(1.8E2)),
.T.,.UNSPECIFIED.);
#20620=COMPOSITE_CURVE_SEGMENT(.CONTINUOUS.,.T.,#20619);
#20625=CIRCLE('',#20624,5.E-1);
#20626=TRIMMED_CURVE('',#20625,(PARAMETER_VALUE(0.E0)),(PARAMETER_VALUE(1.8E2)),
.T.,.UNSPECIFIED.);
#20627=COMPOSITE_CURVE_SEGMENT(.CONTINUOUS.,.T.,#20626);
#20628=COMPOSITE_CURVE('',(#20620,#20627),.F.);
#20633=CIRCLE('',#20632,5.E-1);
#20634=TRIMMED_CURVE('',#20633,(PARAMETER_VALUE(0.E0)),(PARAMETER_VALUE(1.8E2)),
.T.,.UNSPECIFIED.);
#20635=COMPOSITE_CURVE_SEGMENT(.CONTINUOUS.,.T.,#20634);
#20640=CIRCLE('',#20639,5.E-1);
#20641=TRIMMED_CURVE('',#20640,(PARAMETER_VALUE(0.E0)),(PARAMETER_VALUE(1.8E2)),
.T.,.UNSPECIFIED.);
#20642=COMPOSITE_CURVE_SEGMENT(.CONTINUOUS.,.T.,#20641);
#20643=COMPOSITE_CURVE('',(#20635,#20642),.F.);
#20648=CIRCLE('',#20647,5.E-1);
#20649=TRIMMED_CURVE('',#20648,(PARAMETER_VALUE(0.E0)),(PARAMETER_VALUE(1.8E2)),
.T.,.UNSPECIFIED.);
#20650=COMPOSITE_CURVE_SEGMENT(.CONTINUOUS.,.T.,#20649);
#20655=CIRCLE('',#20654,5.E-1);
#20656=TRIMMED_CURVE('',#20655,(PARAMETER_VALUE(0.E0)),(PARAMETER_VALUE(1.8E2)),
.T.,.UNSPECIFIED.);
#20657=COMPOSITE_CURVE_SEGMENT(.CONTINUOUS.,.T.,#20656);
#20658=COMPOSITE_CURVE('',(#20650,#20657),.F.);
#20663=CIRCLE('',#20662,5.E-1);
#20664=TRIMMED_CURVE('',#20663,(PARAMETER_VALUE(0.E0)),(PARAMETER_VALUE(1.8E2)),
.T.,.UNSPECIFIED.);
#20665=COMPOSITE_CURVE_SEGMENT(.CONTINUOUS.,.T.,#20664);
#20670=CIRCLE('',#20669,5.E-1);
#20671=TRIMMED_CURVE('',#20670,(PARAMETER_VALUE(0.E0)),(PARAMETER_VALUE(1.8E2)),
.T.,.UNSPECIFIED.);
#20672=COMPOSITE_CURVE_SEGMENT(.CONTINUOUS.,.T.,#20671);
#20673=COMPOSITE_CURVE('',(#20665,#20672),.F.);
#20678=CIRCLE('',#20677,5.E-1);
#20679=TRIMMED_CURVE('',#20678,(PARAMETER_VALUE(0.E0)),(PARAMETER_VALUE(1.8E2)),
.T.,.UNSPECIFIED.);
#20680=COMPOSITE_CURVE_SEGMENT(.CONTINUOUS.,.T.,#20679);
#20685=CIRCLE('',#20684,5.E-1);
#20686=TRIMMED_CURVE('',#20685,(PARAMETER_VALUE(0.E0)),(PARAMETER_VALUE(1.8E2)),
.T.,.UNSPECIFIED.);
#20687=COMPOSITE_CURVE_SEGMENT(.CONTINUOUS.,.T.,#20686);
#20688=COMPOSITE_CURVE('',(#20680,#20687),.F.);
#20693=CIRCLE('',#20692,5.E-1);
#20694=TRIMMED_CURVE('',#20693,(PARAMETER_VALUE(0.E0)),(PARAMETER_VALUE(1.8E2)),
.T.,.UNSPECIFIED.);
#20695=COMPOSITE_CURVE_SEGMENT(.CONTINUOUS.,.T.,#20694);
#20700=CIRCLE('',#20699,5.E-1);
#20701=TRIMMED_CURVE('',#20700,(PARAMETER_VALUE(0.E0)),(PARAMETER_VALUE(1.8E2)),
.T.,.UNSPECIFIED.);
#20702=COMPOSITE_CURVE_SEGMENT(.CONTINUOUS.,.T.,#20701);
#20703=COMPOSITE_CURVE('',(#20695,#20702),.F.);
#20708=CIRCLE('',#20707,5.E-1);
#20709=TRIMMED_CURVE('',#20708,(PARAMETER_VALUE(0.E0)),(PARAMETER_VALUE(1.8E2)),
.T.,.UNSPECIFIED.);
#20710=COMPOSITE_CURVE_SEGMENT(.CONTINUOUS.,.T.,#20709);
#20715=CIRCLE('',#20714,5.E-1);
#20716=TRIMMED_CURVE('',#20715,(PARAMETER_VALUE(0.E0)),(PARAMETER_VALUE(1.8E2)),
.T.,.UNSPECIFIED.);
#20717=COMPOSITE_CURVE_SEGMENT(.CONTINUOUS.,.T.,#20716);
#20718=COMPOSITE_CURVE('',(#20710,#20717),.F.);
#20723=CIRCLE('',#20722,5.E-1);
#20724=TRIMMED_CURVE('',#20723,(PARAMETER_VALUE(0.E0)),(PARAMETER_VALUE(1.8E2)),
.T.,.UNSPECIFIED.);
#20725=COMPOSITE_CURVE_SEGMENT(.CONTINUOUS.,.T.,#20724);
#20730=CIRCLE('',#20729,5.E-1);
#20731=TRIMMED_CURVE('',#20730,(PARAMETER_VALUE(0.E0)),(PARAMETER_VALUE(1.8E2)),
.T.,.UNSPECIFIED.);
#20732=COMPOSITE_CURVE_SEGMENT(.CONTINUOUS.,.T.,#20731);
#20733=COMPOSITE_CURVE('',(#20725,#20732),.F.);
#20738=CIRCLE('',#20737,5.E-1);
#20739=TRIMMED_CURVE('',#20738,(PARAMETER_VALUE(0.E0)),(PARAMETER_VALUE(1.8E2)),
.T.,.UNSPECIFIED.);
#20740=COMPOSITE_CURVE_SEGMENT(.CONTINUOUS.,.T.,#20739);
#20745=CIRCLE('',#20744,5.E-1);
#20746=TRIMMED_CURVE('',#20745,(PARAMETER_VALUE(0.E0)),(PARAMETER_VALUE(1.8E2)),
.T.,.UNSPECIFIED.);
#20747=COMPOSITE_CURVE_SEGMENT(.CONTINUOUS.,.T.,#20746);
#20748=COMPOSITE_CURVE('',(#20740,#20747),.F.);
#20753=CIRCLE('',#20752,5.E-1);
#20754=TRIMMED_CURVE('',#20753,(PARAMETER_VALUE(0.E0)),(PARAMETER_VALUE(1.8E2)),
.T.,.UNSPECIFIED.);
#20755=COMPOSITE_CURVE_SEGMENT(.CONTINUOUS.,.T.,#20754);
#20760=CIRCLE('',#20759,5.E-1);
#20761=TRIMMED_CURVE('',#20760,(PARAMETER_VALUE(0.E0)),(PARAMETER_VALUE(1.8E2)),
.T.,.UNSPECIFIED.);
#20762=COMPOSITE_CURVE_SEGMENT(.CONTINUOUS.,.T.,#20761);
#20763=COMPOSITE_CURVE('',(#20755,#20762),.F.);
#20768=CIRCLE('',#20767,5.E-1);
#20769=TRIMMED_CURVE('',#20768,(PARAMETER_VALUE(0.E0)),(PARAMETER_VALUE(1.8E2)),
.T.,.UNSPECIFIED.);
#20770=COMPOSITE_CURVE_SEGMENT(.CONTINUOUS.,.T.,#20769);
#20775=CIRCLE('',#20774,5.E-1);
#20776=TRIMMED_CURVE('',#20775,(PARAMETER_VALUE(0.E0)),(PARAMETER_VALUE(1.8E2)),
.T.,.UNSPECIFIED.);
#20777=COMPOSITE_CURVE_SEGMENT(.CONTINUOUS.,.T.,#20776);
#20778=COMPOSITE_CURVE('',(#20770,#20777),.F.);
#20783=CIRCLE('',#20782,5.E-1);
#20784=TRIMMED_CURVE('',#20783,(PARAMETER_VALUE(0.E0)),(PARAMETER_VALUE(1.8E2)),
.T.,.UNSPECIFIED.);
#20785=COMPOSITE_CURVE_SEGMENT(.CONTINUOUS.,.T.,#20784);
#20790=CIRCLE('',#20789,5.E-1);
#20791=TRIMMED_CURVE('',#20790,(PARAMETER_VALUE(0.E0)),(PARAMETER_VALUE(1.8E2)),
.T.,.UNSPECIFIED.);
#20792=COMPOSITE_CURVE_SEGMENT(.CONTINUOUS.,.T.,#20791);
#20793=COMPOSITE_CURVE('',(#20785,#20792),.F.);
#20798=CIRCLE('',#20797,5.E-1);
#20799=TRIMMED_CURVE('',#20798,(PARAMETER_VALUE(0.E0)),(PARAMETER_VALUE(1.8E2)),
.T.,.UNSPECIFIED.);
#20800=COMPOSITE_CURVE_SEGMENT(.CONTINUOUS.,.T.,#20799);
#20805=CIRCLE('',#20804,5.E-1);
#20806=TRIMMED_CURVE('',#20805,(PARAMETER_VALUE(0.E0)),(PARAMETER_VALUE(1.8E2)),
.T.,.UNSPECIFIED.);
#20807=COMPOSITE_CURVE_SEGMENT(.CONTINUOUS.,.T.,#20806);
#20808=COMPOSITE_CURVE('',(#20800,#20807),.F.);
#20813=CIRCLE('',#20812,5.E-1);
#20814=TRIMMED_CURVE('',#20813,(PARAMETER_VALUE(0.E0)),(PARAMETER_VALUE(1.8E2)),
.T.,.UNSPECIFIED.);
#20815=COMPOSITE_CURVE_SEGMENT(.CONTINUOUS.,.T.,#20814);
#20820=CIRCLE('',#20819,5.E-1);
#20821=TRIMMED_CURVE('',#20820,(PARAMETER_VALUE(0.E0)),(PARAMETER_VALUE(1.8E2)),
.T.,.UNSPECIFIED.);
#20822=COMPOSITE_CURVE_SEGMENT(.CONTINUOUS.,.T.,#20821);
#20823=COMPOSITE_CURVE('',(#20815,#20822),.F.);
#20828=CIRCLE('',#20827,5.E-1);
#20829=TRIMMED_CURVE('',#20828,(PARAMETER_VALUE(0.E0)),(PARAMETER_VALUE(1.8E2)),
.T.,.UNSPECIFIED.);
#20830=COMPOSITE_CURVE_SEGMENT(.CONTINUOUS.,.T.,#20829);
#20835=CIRCLE('',#20834,5.E-1);
#20836=TRIMMED_CURVE('',#20835,(PARAMETER_VALUE(0.E0)),(PARAMETER_VALUE(1.8E2)),
.T.,.UNSPECIFIED.);
#20837=COMPOSITE_CURVE_SEGMENT(.CONTINUOUS.,.T.,#20836);
#20838=COMPOSITE_CURVE('',(#20830,#20837),.F.);
#20843=CIRCLE('',#20842,5.E-1);
#20844=TRIMMED_CURVE('',#20843,(PARAMETER_VALUE(0.E0)),(PARAMETER_VALUE(1.8E2)),
.T.,.UNSPECIFIED.);
#20845=COMPOSITE_CURVE_SEGMENT(.CONTINUOUS.,.T.,#20844);
#20850=CIRCLE('',#20849,5.E-1);
#20851=TRIMMED_CURVE('',#20850,(PARAMETER_VALUE(0.E0)),(PARAMETER_VALUE(1.8E2)),
.T.,.UNSPECIFIED.);
#20852=COMPOSITE_CURVE_SEGMENT(.CONTINUOUS.,.T.,#20851);
#20853=COMPOSITE_CURVE('',(#20845,#20852),.F.);
#20858=CIRCLE('',#20857,5.E-1);
#20859=TRIMMED_CURVE('',#20858,(PARAMETER_VALUE(0.E0)),(PARAMETER_VALUE(1.8E2)),
.T.,.UNSPECIFIED.);
#20860=COMPOSITE_CURVE_SEGMENT(.CONTINUOUS.,.T.,#20859);
#20865=CIRCLE('',#20864,5.E-1);
#20866=TRIMMED_CURVE('',#20865,(PARAMETER_VALUE(0.E0)),(PARAMETER_VALUE(1.8E2)),
.T.,.UNSPECIFIED.);
#20867=COMPOSITE_CURVE_SEGMENT(.CONTINUOUS.,.T.,#20866);
#20868=COMPOSITE_CURVE('',(#20860,#20867),.F.);
#20873=CIRCLE('',#20872,5.E-1);
#20874=TRIMMED_CURVE('',#20873,(PARAMETER_VALUE(0.E0)),(PARAMETER_VALUE(1.8E2)),
.T.,.UNSPECIFIED.);
#20875=COMPOSITE_CURVE_SEGMENT(.CONTINUOUS.,.T.,#20874);
#20880=CIRCLE('',#20879,5.E-1);
#20881=TRIMMED_CURVE('',#20880,(PARAMETER_VALUE(0.E0)),(PARAMETER_VALUE(1.8E2)),
.T.,.UNSPECIFIED.);
#20882=COMPOSITE_CURVE_SEGMENT(.CONTINUOUS.,.T.,#20881);
#20883=COMPOSITE_CURVE('',(#20875,#20882),.F.);
#20884=(LENGTH_UNIT()NAMED_UNIT(*)SI_UNIT(.MILLI.,.METRE.));
#20886=(NAMED_UNIT(*)PLANE_ANGLE_UNIT()SI_UNIT($,.RADIAN.));
#20889=(NAMED_UNIT(*)SI_UNIT($,.STERADIAN.)SOLID_ANGLE_UNIT());
#20892=ADVANCED_BREP_SHAPE_REPRESENTATION('',(#20578),#20891);
#20893=GEOMETRICALLY_BOUNDED_SURFACE_SHAPE_REPRESENTATION('',(#20598),#20891);
#20894=SHAPE_REPRESENTATION('',(#20582),#20891);
#20903=PRODUCT_DEFINITION('design','',#20902,#20899);
#20904=PRODUCT_DEFINITION_SHAPE('','SHAPE FOR 901220770.',#20903);
#20905=SHAPE_DEFINITION_REPRESENTATION(#20904,#20894);
ENDSEC;
END-ISO-10303-21;
