ISO-10303-21;
HEADER;
/* Generated by software containing ST-Developer
 * from STEP Tools, Inc. (www.steptools.com) 
 */
/* OPTION: using custom renumber hook */

FILE_DESCRIPTION(
/* description */ ('STEP AP214'),
/* implementation_level */ '2;1');

FILE_NAME(
/* name */ 'SFMC-105-01-L-D',
/* time_stamp */ '2024-02-20T05:51:16+01:00',
/* author */ ('License CC BY-ND 4.0'),
/* organization */ ('CADENAS'),
/* preprocessor_version */ 'ST-DEVELOPER v19.3',
/* originating_system */ 'PARTsolutions',
/* authorisation */ '  ');

FILE_SCHEMA (('AUTOMOTIVE_DESIGN {1 0 10303 214 3 1 1}'));
ENDSEC;

DATA;
#10=PROPERTY_DEFINITION_REPRESENTATION(#14,#12);
#11=PROPERTY_DEFINITION_REPRESENTATION(#15,#13);
#12=REPRESENTATION('',(#16),#4957);
#13=REPRESENTATION('',(#17),#4957);
#14=PROPERTY_DEFINITION('pmi validation property','',#4969);
#15=PROPERTY_DEFINITION('pmi validation property','',#4969);
#16=VALUE_REPRESENTATION_ITEM('number of annotations',COUNT_MEASURE(0.));
#17=VALUE_REPRESENTATION_ITEM('number of views',COUNT_MEASURE(0.));
#18=DRAUGHTING_PRE_DEFINED_COLOUR('yellow');
#19=CONTEXT_DEPENDENT_SHAPE_REPRESENTATION(#23,#4971);
#20=CONTEXT_DEPENDENT_SHAPE_REPRESENTATION(#24,#4973);
#21=NEXT_ASSEMBLY_USAGE_OCCURRENCE('NAUO1','SFMC-105-01_socket',
'SFMC-105-01_socket',#4974,#4975,'');
#22=NEXT_ASSEMBLY_USAGE_OCCURRENCE('NAUO2','C-05-01_spins',
'C-05-01_spins',#4974,#4976,'');
#23=(
REPRESENTATION_RELATIONSHIP(' ',' ',#3142,#3141)
REPRESENTATION_RELATIONSHIP_WITH_TRANSFORMATION(#25)
SHAPE_REPRESENTATION_RELATIONSHIP()
);
#24=(
REPRESENTATION_RELATIONSHIP(' ',' ',#3143,#3141)
REPRESENTATION_RELATIONSHIP_WITH_TRANSFORMATION(#26)
SHAPE_REPRESENTATION_RELATIONSHIP()
);
#25=ITEM_DEFINED_TRANSFORMATION(' ',' ',#3144,#3269);
#26=ITEM_DEFINED_TRANSFORMATION(' ',' ',#3144,#3322);
#27=SHAPE_REPRESENTATION_RELATIONSHIP('','',#3142,#29);
#28=SHAPE_REPRESENTATION_RELATIONSHIP('','',#3143,#30);
#29=ADVANCED_BREP_SHAPE_REPRESENTATION('',(#3136),#4958);
#30=ADVANCED_BREP_SHAPE_REPRESENTATION('',(#3137),#4959);
#31=ORIENTED_EDGE('',*,*,#863,.F.);
#32=ORIENTED_EDGE('',*,*,#864,.T.);
#33=ORIENTED_EDGE('',*,*,#865,.F.);
#34=ORIENTED_EDGE('',*,*,#866,.T.);
#35=ORIENTED_EDGE('',*,*,#867,.F.);
#36=ORIENTED_EDGE('',*,*,#868,.F.);
#37=ORIENTED_EDGE('',*,*,#869,.T.);
#38=ORIENTED_EDGE('',*,*,#870,.T.);
#39=ORIENTED_EDGE('',*,*,#871,.F.);
#40=ORIENTED_EDGE('',*,*,#872,.T.);
#41=ORIENTED_EDGE('',*,*,#873,.F.);
#42=ORIENTED_EDGE('',*,*,#874,.T.);
#43=ORIENTED_EDGE('',*,*,#875,.F.);
#44=ORIENTED_EDGE('',*,*,#876,.F.);
#45=ORIENTED_EDGE('',*,*,#877,.T.);
#46=ORIENTED_EDGE('',*,*,#878,.T.);
#47=ORIENTED_EDGE('',*,*,#879,.F.);
#48=ORIENTED_EDGE('',*,*,#880,.T.);
#49=ORIENTED_EDGE('',*,*,#881,.T.);
#50=ORIENTED_EDGE('',*,*,#864,.F.);
#51=ORIENTED_EDGE('',*,*,#882,.F.);
#52=ORIENTED_EDGE('',*,*,#883,.T.);
#53=ORIENTED_EDGE('',*,*,#884,.T.);
#54=ORIENTED_EDGE('',*,*,#872,.F.);
#55=ORIENTED_EDGE('',*,*,#885,.T.);
#56=ORIENTED_EDGE('',*,*,#868,.T.);
#57=ORIENTED_EDGE('',*,*,#886,.T.);
#58=ORIENTED_EDGE('',*,*,#876,.T.);
#59=ORIENTED_EDGE('',*,*,#887,.T.);
#60=ORIENTED_EDGE('',*,*,#888,.T.);
#61=ORIENTED_EDGE('',*,*,#889,.T.);
#62=ORIENTED_EDGE('',*,*,#890,.T.);
#63=ORIENTED_EDGE('',*,*,#891,.T.);
#64=ORIENTED_EDGE('',*,*,#892,.T.);
#65=ORIENTED_EDGE('',*,*,#893,.T.);
#66=ORIENTED_EDGE('',*,*,#894,.T.);
#67=ORIENTED_EDGE('',*,*,#895,.T.);
#68=ORIENTED_EDGE('',*,*,#896,.T.);
#69=ORIENTED_EDGE('',*,*,#897,.T.);
#70=ORIENTED_EDGE('',*,*,#898,.T.);
#71=ORIENTED_EDGE('',*,*,#899,.T.);
#72=ORIENTED_EDGE('',*,*,#900,.T.);
#73=ORIENTED_EDGE('',*,*,#901,.T.);
#74=ORIENTED_EDGE('',*,*,#902,.T.);
#75=ORIENTED_EDGE('',*,*,#903,.T.);
#76=ORIENTED_EDGE('',*,*,#904,.T.);
#77=ORIENTED_EDGE('',*,*,#905,.T.);
#78=ORIENTED_EDGE('',*,*,#906,.T.);
#79=ORIENTED_EDGE('',*,*,#907,.T.);
#80=ORIENTED_EDGE('',*,*,#908,.T.);
#81=ORIENTED_EDGE('',*,*,#909,.T.);
#82=ORIENTED_EDGE('',*,*,#910,.T.);
#83=ORIENTED_EDGE('',*,*,#911,.T.);
#84=ORIENTED_EDGE('',*,*,#912,.T.);
#85=ORIENTED_EDGE('',*,*,#913,.T.);
#86=ORIENTED_EDGE('',*,*,#914,.T.);
#87=ORIENTED_EDGE('',*,*,#915,.T.);
#88=ORIENTED_EDGE('',*,*,#916,.T.);
#89=ORIENTED_EDGE('',*,*,#917,.T.);
#90=ORIENTED_EDGE('',*,*,#918,.T.);
#91=ORIENTED_EDGE('',*,*,#919,.T.);
#92=ORIENTED_EDGE('',*,*,#920,.T.);
#93=ORIENTED_EDGE('',*,*,#921,.T.);
#94=ORIENTED_EDGE('',*,*,#922,.T.);
#95=ORIENTED_EDGE('',*,*,#923,.T.);
#96=ORIENTED_EDGE('',*,*,#924,.T.);
#97=ORIENTED_EDGE('',*,*,#925,.T.);
#98=ORIENTED_EDGE('',*,*,#926,.T.);
#99=ORIENTED_EDGE('',*,*,#875,.T.);
#100=ORIENTED_EDGE('',*,*,#927,.T.);
#101=ORIENTED_EDGE('',*,*,#869,.F.);
#102=ORIENTED_EDGE('',*,*,#885,.F.);
#103=ORIENTED_EDGE('',*,*,#867,.T.);
#104=ORIENTED_EDGE('',*,*,#928,.T.);
#105=ORIENTED_EDGE('',*,*,#877,.F.);
#106=ORIENTED_EDGE('',*,*,#886,.F.);
#107=ORIENTED_EDGE('',*,*,#929,.T.);
#108=ORIENTED_EDGE('',*,*,#930,.F.);
#109=ORIENTED_EDGE('',*,*,#931,.F.);
#110=ORIENTED_EDGE('',*,*,#888,.F.);
#111=ORIENTED_EDGE('',*,*,#932,.T.);
#112=ORIENTED_EDGE('',*,*,#933,.F.);
#113=ORIENTED_EDGE('',*,*,#929,.F.);
#114=ORIENTED_EDGE('',*,*,#887,.F.);
#115=ORIENTED_EDGE('',*,*,#934,.T.);
#116=ORIENTED_EDGE('',*,*,#935,.F.);
#117=ORIENTED_EDGE('',*,*,#932,.F.);
#118=ORIENTED_EDGE('',*,*,#890,.F.);
#119=ORIENTED_EDGE('',*,*,#931,.T.);
#120=ORIENTED_EDGE('',*,*,#936,.F.);
#121=ORIENTED_EDGE('',*,*,#934,.F.);
#122=ORIENTED_EDGE('',*,*,#889,.F.);
#123=ORIENTED_EDGE('',*,*,#937,.T.);
#124=ORIENTED_EDGE('',*,*,#938,.F.);
#125=ORIENTED_EDGE('',*,*,#939,.F.);
#126=ORIENTED_EDGE('',*,*,#892,.F.);
#127=ORIENTED_EDGE('',*,*,#940,.T.);
#128=ORIENTED_EDGE('',*,*,#941,.F.);
#129=ORIENTED_EDGE('',*,*,#937,.F.);
#130=ORIENTED_EDGE('',*,*,#891,.F.);
#131=ORIENTED_EDGE('',*,*,#942,.T.);
#132=ORIENTED_EDGE('',*,*,#943,.F.);
#133=ORIENTED_EDGE('',*,*,#940,.F.);
#134=ORIENTED_EDGE('',*,*,#894,.F.);
#135=ORIENTED_EDGE('',*,*,#939,.T.);
#136=ORIENTED_EDGE('',*,*,#944,.F.);
#137=ORIENTED_EDGE('',*,*,#942,.F.);
#138=ORIENTED_EDGE('',*,*,#893,.F.);
#139=ORIENTED_EDGE('',*,*,#945,.T.);
#140=ORIENTED_EDGE('',*,*,#946,.F.);
#141=ORIENTED_EDGE('',*,*,#947,.F.);
#142=ORIENTED_EDGE('',*,*,#896,.F.);
#143=ORIENTED_EDGE('',*,*,#948,.T.);
#144=ORIENTED_EDGE('',*,*,#949,.F.);
#145=ORIENTED_EDGE('',*,*,#945,.F.);
#146=ORIENTED_EDGE('',*,*,#895,.F.);
#147=ORIENTED_EDGE('',*,*,#950,.T.);
#148=ORIENTED_EDGE('',*,*,#951,.F.);
#149=ORIENTED_EDGE('',*,*,#948,.F.);
#150=ORIENTED_EDGE('',*,*,#898,.F.);
#151=ORIENTED_EDGE('',*,*,#947,.T.);
#152=ORIENTED_EDGE('',*,*,#952,.F.);
#153=ORIENTED_EDGE('',*,*,#950,.F.);
#154=ORIENTED_EDGE('',*,*,#897,.F.);
#155=ORIENTED_EDGE('',*,*,#953,.T.);
#156=ORIENTED_EDGE('',*,*,#954,.F.);
#157=ORIENTED_EDGE('',*,*,#955,.F.);
#158=ORIENTED_EDGE('',*,*,#900,.F.);
#159=ORIENTED_EDGE('',*,*,#956,.T.);
#160=ORIENTED_EDGE('',*,*,#957,.F.);
#161=ORIENTED_EDGE('',*,*,#953,.F.);
#162=ORIENTED_EDGE('',*,*,#899,.F.);
#163=ORIENTED_EDGE('',*,*,#958,.T.);
#164=ORIENTED_EDGE('',*,*,#959,.F.);
#165=ORIENTED_EDGE('',*,*,#956,.F.);
#166=ORIENTED_EDGE('',*,*,#902,.F.);
#167=ORIENTED_EDGE('',*,*,#955,.T.);
#168=ORIENTED_EDGE('',*,*,#960,.F.);
#169=ORIENTED_EDGE('',*,*,#958,.F.);
#170=ORIENTED_EDGE('',*,*,#901,.F.);
#171=ORIENTED_EDGE('',*,*,#961,.T.);
#172=ORIENTED_EDGE('',*,*,#962,.F.);
#173=ORIENTED_EDGE('',*,*,#963,.F.);
#174=ORIENTED_EDGE('',*,*,#904,.F.);
#175=ORIENTED_EDGE('',*,*,#964,.T.);
#176=ORIENTED_EDGE('',*,*,#965,.F.);
#177=ORIENTED_EDGE('',*,*,#961,.F.);
#178=ORIENTED_EDGE('',*,*,#903,.F.);
#179=ORIENTED_EDGE('',*,*,#966,.T.);
#180=ORIENTED_EDGE('',*,*,#967,.F.);
#181=ORIENTED_EDGE('',*,*,#964,.F.);
#182=ORIENTED_EDGE('',*,*,#906,.F.);
#183=ORIENTED_EDGE('',*,*,#963,.T.);
#184=ORIENTED_EDGE('',*,*,#968,.F.);
#185=ORIENTED_EDGE('',*,*,#966,.F.);
#186=ORIENTED_EDGE('',*,*,#905,.F.);
#187=ORIENTED_EDGE('',*,*,#969,.T.);
#188=ORIENTED_EDGE('',*,*,#970,.F.);
#189=ORIENTED_EDGE('',*,*,#971,.F.);
#190=ORIENTED_EDGE('',*,*,#908,.F.);
#191=ORIENTED_EDGE('',*,*,#972,.T.);
#192=ORIENTED_EDGE('',*,*,#973,.F.);
#193=ORIENTED_EDGE('',*,*,#969,.F.);
#194=ORIENTED_EDGE('',*,*,#907,.F.);
#195=ORIENTED_EDGE('',*,*,#974,.T.);
#196=ORIENTED_EDGE('',*,*,#975,.F.);
#197=ORIENTED_EDGE('',*,*,#972,.F.);
#198=ORIENTED_EDGE('',*,*,#910,.F.);
#199=ORIENTED_EDGE('',*,*,#971,.T.);
#200=ORIENTED_EDGE('',*,*,#976,.F.);
#201=ORIENTED_EDGE('',*,*,#974,.F.);
#202=ORIENTED_EDGE('',*,*,#909,.F.);
#203=ORIENTED_EDGE('',*,*,#977,.T.);
#204=ORIENTED_EDGE('',*,*,#978,.F.);
#205=ORIENTED_EDGE('',*,*,#979,.F.);
#206=ORIENTED_EDGE('',*,*,#912,.F.);
#207=ORIENTED_EDGE('',*,*,#980,.T.);
#208=ORIENTED_EDGE('',*,*,#981,.F.);
#209=ORIENTED_EDGE('',*,*,#977,.F.);
#210=ORIENTED_EDGE('',*,*,#911,.F.);
#211=ORIENTED_EDGE('',*,*,#982,.T.);
#212=ORIENTED_EDGE('',*,*,#983,.F.);
#213=ORIENTED_EDGE('',*,*,#980,.F.);
#214=ORIENTED_EDGE('',*,*,#914,.F.);
#215=ORIENTED_EDGE('',*,*,#979,.T.);
#216=ORIENTED_EDGE('',*,*,#984,.F.);
#217=ORIENTED_EDGE('',*,*,#982,.F.);
#218=ORIENTED_EDGE('',*,*,#913,.F.);
#219=ORIENTED_EDGE('',*,*,#985,.T.);
#220=ORIENTED_EDGE('',*,*,#986,.F.);
#221=ORIENTED_EDGE('',*,*,#987,.F.);
#222=ORIENTED_EDGE('',*,*,#916,.F.);
#223=ORIENTED_EDGE('',*,*,#988,.T.);
#224=ORIENTED_EDGE('',*,*,#989,.F.);
#225=ORIENTED_EDGE('',*,*,#985,.F.);
#226=ORIENTED_EDGE('',*,*,#915,.F.);
#227=ORIENTED_EDGE('',*,*,#990,.T.);
#228=ORIENTED_EDGE('',*,*,#991,.F.);
#229=ORIENTED_EDGE('',*,*,#988,.F.);
#230=ORIENTED_EDGE('',*,*,#918,.F.);
#231=ORIENTED_EDGE('',*,*,#987,.T.);
#232=ORIENTED_EDGE('',*,*,#992,.F.);
#233=ORIENTED_EDGE('',*,*,#990,.F.);
#234=ORIENTED_EDGE('',*,*,#917,.F.);
#235=ORIENTED_EDGE('',*,*,#993,.T.);
#236=ORIENTED_EDGE('',*,*,#994,.F.);
#237=ORIENTED_EDGE('',*,*,#995,.F.);
#238=ORIENTED_EDGE('',*,*,#920,.F.);
#239=ORIENTED_EDGE('',*,*,#996,.T.);
#240=ORIENTED_EDGE('',*,*,#997,.F.);
#241=ORIENTED_EDGE('',*,*,#993,.F.);
#242=ORIENTED_EDGE('',*,*,#919,.F.);
#243=ORIENTED_EDGE('',*,*,#998,.T.);
#244=ORIENTED_EDGE('',*,*,#999,.F.);
#245=ORIENTED_EDGE('',*,*,#996,.F.);
#246=ORIENTED_EDGE('',*,*,#922,.F.);
#247=ORIENTED_EDGE('',*,*,#995,.T.);
#248=ORIENTED_EDGE('',*,*,#1000,.F.);
#249=ORIENTED_EDGE('',*,*,#998,.F.);
#250=ORIENTED_EDGE('',*,*,#921,.F.);
#251=ORIENTED_EDGE('',*,*,#1001,.T.);
#252=ORIENTED_EDGE('',*,*,#1002,.F.);
#253=ORIENTED_EDGE('',*,*,#1003,.F.);
#254=ORIENTED_EDGE('',*,*,#924,.F.);
#255=ORIENTED_EDGE('',*,*,#1004,.T.);
#256=ORIENTED_EDGE('',*,*,#1005,.F.);
#257=ORIENTED_EDGE('',*,*,#1001,.F.);
#258=ORIENTED_EDGE('',*,*,#923,.F.);
#259=ORIENTED_EDGE('',*,*,#1006,.T.);
#260=ORIENTED_EDGE('',*,*,#1007,.F.);
#261=ORIENTED_EDGE('',*,*,#1004,.F.);
#262=ORIENTED_EDGE('',*,*,#926,.F.);
#263=ORIENTED_EDGE('',*,*,#1003,.T.);
#264=ORIENTED_EDGE('',*,*,#1008,.F.);
#265=ORIENTED_EDGE('',*,*,#1006,.F.);
#266=ORIENTED_EDGE('',*,*,#925,.F.);
#267=ORIENTED_EDGE('',*,*,#1009,.T.);
#268=ORIENTED_EDGE('',*,*,#1010,.T.);
#269=ORIENTED_EDGE('',*,*,#1011,.T.);
#270=ORIENTED_EDGE('',*,*,#1012,.T.);
#271=ORIENTED_EDGE('',*,*,#1013,.T.);
#272=ORIENTED_EDGE('',*,*,#1014,.T.);
#273=ORIENTED_EDGE('',*,*,#1015,.T.);
#274=ORIENTED_EDGE('',*,*,#1016,.T.);
#275=ORIENTED_EDGE('',*,*,#1017,.T.);
#276=ORIENTED_EDGE('',*,*,#1018,.T.);
#277=ORIENTED_EDGE('',*,*,#1019,.T.);
#278=ORIENTED_EDGE('',*,*,#1020,.T.);
#279=ORIENTED_EDGE('',*,*,#1021,.T.);
#280=ORIENTED_EDGE('',*,*,#1022,.T.);
#281=ORIENTED_EDGE('',*,*,#1023,.T.);
#282=ORIENTED_EDGE('',*,*,#1024,.T.);
#283=ORIENTED_EDGE('',*,*,#1025,.F.);
#284=ORIENTED_EDGE('',*,*,#1026,.F.);
#285=ORIENTED_EDGE('',*,*,#1027,.F.);
#286=ORIENTED_EDGE('',*,*,#870,.F.);
#287=ORIENTED_EDGE('',*,*,#927,.F.);
#288=ORIENTED_EDGE('',*,*,#874,.F.);
#289=ORIENTED_EDGE('',*,*,#1028,.F.);
#290=ORIENTED_EDGE('',*,*,#1029,.F.);
#291=ORIENTED_EDGE('',*,*,#1030,.F.);
#292=ORIENTED_EDGE('',*,*,#878,.F.);
#293=ORIENTED_EDGE('',*,*,#928,.F.);
#294=ORIENTED_EDGE('',*,*,#866,.F.);
#295=ORIENTED_EDGE('',*,*,#863,.T.);
#296=ORIENTED_EDGE('',*,*,#1027,.T.);
#297=ORIENTED_EDGE('',*,*,#1031,.T.);
#298=ORIENTED_EDGE('',*,*,#879,.T.);
#299=ORIENTED_EDGE('',*,*,#865,.T.);
#300=ORIENTED_EDGE('',*,*,#881,.F.);
#301=ORIENTED_EDGE('',*,*,#1032,.F.);
#302=ORIENTED_EDGE('',*,*,#1025,.T.);
#303=ORIENTED_EDGE('',*,*,#871,.T.);
#304=ORIENTED_EDGE('',*,*,#1030,.T.);
#305=ORIENTED_EDGE('',*,*,#1033,.T.);
#306=ORIENTED_EDGE('',*,*,#882,.T.);
#307=ORIENTED_EDGE('',*,*,#873,.T.);
#308=ORIENTED_EDGE('',*,*,#884,.F.);
#309=ORIENTED_EDGE('',*,*,#1034,.F.);
#310=ORIENTED_EDGE('',*,*,#1028,.T.);
#311=ORIENTED_EDGE('',*,*,#880,.F.);
#312=ORIENTED_EDGE('',*,*,#1031,.F.);
#313=ORIENTED_EDGE('',*,*,#1026,.T.);
#314=ORIENTED_EDGE('',*,*,#1032,.T.);
#315=ORIENTED_EDGE('',*,*,#883,.F.);
#316=ORIENTED_EDGE('',*,*,#1033,.F.);
#317=ORIENTED_EDGE('',*,*,#1029,.T.);
#318=ORIENTED_EDGE('',*,*,#1034,.T.);
#319=ORIENTED_EDGE('',*,*,#1035,.T.);
#320=ORIENTED_EDGE('',*,*,#1036,.F.);
#321=ORIENTED_EDGE('',*,*,#1021,.F.);
#322=ORIENTED_EDGE('',*,*,#1037,.T.);
#323=ORIENTED_EDGE('',*,*,#1038,.T.);
#324=ORIENTED_EDGE('',*,*,#1037,.F.);
#325=ORIENTED_EDGE('',*,*,#1024,.F.);
#326=ORIENTED_EDGE('',*,*,#1039,.T.);
#327=ORIENTED_EDGE('',*,*,#1040,.T.);
#328=ORIENTED_EDGE('',*,*,#1039,.F.);
#329=ORIENTED_EDGE('',*,*,#1023,.F.);
#330=ORIENTED_EDGE('',*,*,#1041,.T.);
#331=ORIENTED_EDGE('',*,*,#1042,.T.);
#332=ORIENTED_EDGE('',*,*,#1043,.F.);
#333=ORIENTED_EDGE('',*,*,#1017,.F.);
#334=ORIENTED_EDGE('',*,*,#1044,.T.);
#335=ORIENTED_EDGE('',*,*,#1045,.T.);
#336=ORIENTED_EDGE('',*,*,#1044,.F.);
#337=ORIENTED_EDGE('',*,*,#1020,.F.);
#338=ORIENTED_EDGE('',*,*,#1046,.T.);
#339=ORIENTED_EDGE('',*,*,#1047,.T.);
#340=ORIENTED_EDGE('',*,*,#1046,.F.);
#341=ORIENTED_EDGE('',*,*,#1019,.F.);
#342=ORIENTED_EDGE('',*,*,#1048,.T.);
#343=ORIENTED_EDGE('',*,*,#1049,.T.);
#344=ORIENTED_EDGE('',*,*,#1050,.F.);
#345=ORIENTED_EDGE('',*,*,#1013,.F.);
#346=ORIENTED_EDGE('',*,*,#1051,.T.);
#347=ORIENTED_EDGE('',*,*,#1052,.T.);
#348=ORIENTED_EDGE('',*,*,#1051,.F.);
#349=ORIENTED_EDGE('',*,*,#1016,.F.);
#350=ORIENTED_EDGE('',*,*,#1053,.T.);
#351=ORIENTED_EDGE('',*,*,#1054,.T.);
#352=ORIENTED_EDGE('',*,*,#1053,.F.);
#353=ORIENTED_EDGE('',*,*,#1015,.F.);
#354=ORIENTED_EDGE('',*,*,#1055,.T.);
#355=ORIENTED_EDGE('',*,*,#1056,.T.);
#356=ORIENTED_EDGE('',*,*,#1057,.F.);
#357=ORIENTED_EDGE('',*,*,#1009,.F.);
#358=ORIENTED_EDGE('',*,*,#1058,.T.);
#359=ORIENTED_EDGE('',*,*,#1059,.T.);
#360=ORIENTED_EDGE('',*,*,#1058,.F.);
#361=ORIENTED_EDGE('',*,*,#1012,.F.);
#362=ORIENTED_EDGE('',*,*,#1060,.T.);
#363=ORIENTED_EDGE('',*,*,#1061,.T.);
#364=ORIENTED_EDGE('',*,*,#1060,.F.);
#365=ORIENTED_EDGE('',*,*,#1011,.F.);
#366=ORIENTED_EDGE('',*,*,#1062,.T.);
#367=ORIENTED_EDGE('',*,*,#1063,.T.);
#368=ORIENTED_EDGE('',*,*,#1041,.F.);
#369=ORIENTED_EDGE('',*,*,#1022,.F.);
#370=ORIENTED_EDGE('',*,*,#1036,.T.);
#371=ORIENTED_EDGE('',*,*,#1064,.T.);
#372=ORIENTED_EDGE('',*,*,#1048,.F.);
#373=ORIENTED_EDGE('',*,*,#1018,.F.);
#374=ORIENTED_EDGE('',*,*,#1043,.T.);
#375=ORIENTED_EDGE('',*,*,#1065,.T.);
#376=ORIENTED_EDGE('',*,*,#1055,.F.);
#377=ORIENTED_EDGE('',*,*,#1014,.F.);
#378=ORIENTED_EDGE('',*,*,#1050,.T.);
#379=ORIENTED_EDGE('',*,*,#1066,.T.);
#380=ORIENTED_EDGE('',*,*,#1062,.F.);
#381=ORIENTED_EDGE('',*,*,#1010,.F.);
#382=ORIENTED_EDGE('',*,*,#1057,.T.);
#383=ORIENTED_EDGE('',*,*,#1065,.F.);
#384=ORIENTED_EDGE('',*,*,#1049,.F.);
#385=ORIENTED_EDGE('',*,*,#1052,.F.);
#386=ORIENTED_EDGE('',*,*,#1054,.F.);
#387=ORIENTED_EDGE('',*,*,#1064,.F.);
#388=ORIENTED_EDGE('',*,*,#1042,.F.);
#389=ORIENTED_EDGE('',*,*,#1045,.F.);
#390=ORIENTED_EDGE('',*,*,#1047,.F.);
#391=ORIENTED_EDGE('',*,*,#1063,.F.);
#392=ORIENTED_EDGE('',*,*,#1035,.F.);
#393=ORIENTED_EDGE('',*,*,#1038,.F.);
#394=ORIENTED_EDGE('',*,*,#1040,.F.);
#395=ORIENTED_EDGE('',*,*,#1066,.F.);
#396=ORIENTED_EDGE('',*,*,#1056,.F.);
#397=ORIENTED_EDGE('',*,*,#1059,.F.);
#398=ORIENTED_EDGE('',*,*,#1061,.F.);
#399=ORIENTED_EDGE('',*,*,#930,.T.);
#400=ORIENTED_EDGE('',*,*,#1067,.F.);
#401=ORIENTED_EDGE('',*,*,#1068,.F.);
#402=ORIENTED_EDGE('',*,*,#1069,.T.);
#403=ORIENTED_EDGE('',*,*,#933,.T.);
#404=ORIENTED_EDGE('',*,*,#1070,.F.);
#405=ORIENTED_EDGE('',*,*,#1071,.F.);
#406=ORIENTED_EDGE('',*,*,#1067,.T.);
#407=ORIENTED_EDGE('',*,*,#935,.T.);
#408=ORIENTED_EDGE('',*,*,#1072,.F.);
#409=ORIENTED_EDGE('',*,*,#1073,.F.);
#410=ORIENTED_EDGE('',*,*,#1070,.T.);
#411=ORIENTED_EDGE('',*,*,#936,.T.);
#412=ORIENTED_EDGE('',*,*,#1069,.F.);
#413=ORIENTED_EDGE('',*,*,#1074,.F.);
#414=ORIENTED_EDGE('',*,*,#1072,.T.);
#415=ORIENTED_EDGE('',*,*,#1068,.T.);
#416=ORIENTED_EDGE('',*,*,#1071,.T.);
#417=ORIENTED_EDGE('',*,*,#1073,.T.);
#418=ORIENTED_EDGE('',*,*,#1074,.T.);
#419=ORIENTED_EDGE('',*,*,#1002,.T.);
#420=ORIENTED_EDGE('',*,*,#1075,.F.);
#421=ORIENTED_EDGE('',*,*,#1076,.F.);
#422=ORIENTED_EDGE('',*,*,#1077,.T.);
#423=ORIENTED_EDGE('',*,*,#1005,.T.);
#424=ORIENTED_EDGE('',*,*,#1078,.F.);
#425=ORIENTED_EDGE('',*,*,#1079,.F.);
#426=ORIENTED_EDGE('',*,*,#1075,.T.);
#427=ORIENTED_EDGE('',*,*,#1007,.T.);
#428=ORIENTED_EDGE('',*,*,#1080,.F.);
#429=ORIENTED_EDGE('',*,*,#1081,.F.);
#430=ORIENTED_EDGE('',*,*,#1078,.T.);
#431=ORIENTED_EDGE('',*,*,#1008,.T.);
#432=ORIENTED_EDGE('',*,*,#1077,.F.);
#433=ORIENTED_EDGE('',*,*,#1082,.F.);
#434=ORIENTED_EDGE('',*,*,#1080,.T.);
#435=ORIENTED_EDGE('',*,*,#1076,.T.);
#436=ORIENTED_EDGE('',*,*,#1079,.T.);
#437=ORIENTED_EDGE('',*,*,#1081,.T.);
#438=ORIENTED_EDGE('',*,*,#1082,.T.);
#439=ORIENTED_EDGE('',*,*,#994,.T.);
#440=ORIENTED_EDGE('',*,*,#1083,.F.);
#441=ORIENTED_EDGE('',*,*,#1084,.F.);
#442=ORIENTED_EDGE('',*,*,#1085,.T.);
#443=ORIENTED_EDGE('',*,*,#997,.T.);
#444=ORIENTED_EDGE('',*,*,#1086,.F.);
#445=ORIENTED_EDGE('',*,*,#1087,.F.);
#446=ORIENTED_EDGE('',*,*,#1083,.T.);
#447=ORIENTED_EDGE('',*,*,#999,.T.);
#448=ORIENTED_EDGE('',*,*,#1088,.F.);
#449=ORIENTED_EDGE('',*,*,#1089,.F.);
#450=ORIENTED_EDGE('',*,*,#1086,.T.);
#451=ORIENTED_EDGE('',*,*,#1000,.T.);
#452=ORIENTED_EDGE('',*,*,#1085,.F.);
#453=ORIENTED_EDGE('',*,*,#1090,.F.);
#454=ORIENTED_EDGE('',*,*,#1088,.T.);
#455=ORIENTED_EDGE('',*,*,#1084,.T.);
#456=ORIENTED_EDGE('',*,*,#1087,.T.);
#457=ORIENTED_EDGE('',*,*,#1089,.T.);
#458=ORIENTED_EDGE('',*,*,#1090,.T.);
#459=ORIENTED_EDGE('',*,*,#986,.T.);
#460=ORIENTED_EDGE('',*,*,#1091,.F.);
#461=ORIENTED_EDGE('',*,*,#1092,.F.);
#462=ORIENTED_EDGE('',*,*,#1093,.T.);
#463=ORIENTED_EDGE('',*,*,#989,.T.);
#464=ORIENTED_EDGE('',*,*,#1094,.F.);
#465=ORIENTED_EDGE('',*,*,#1095,.F.);
#466=ORIENTED_EDGE('',*,*,#1091,.T.);
#467=ORIENTED_EDGE('',*,*,#991,.T.);
#468=ORIENTED_EDGE('',*,*,#1096,.F.);
#469=ORIENTED_EDGE('',*,*,#1097,.F.);
#470=ORIENTED_EDGE('',*,*,#1094,.T.);
#471=ORIENTED_EDGE('',*,*,#992,.T.);
#472=ORIENTED_EDGE('',*,*,#1093,.F.);
#473=ORIENTED_EDGE('',*,*,#1098,.F.);
#474=ORIENTED_EDGE('',*,*,#1096,.T.);
#475=ORIENTED_EDGE('',*,*,#1092,.T.);
#476=ORIENTED_EDGE('',*,*,#1095,.T.);
#477=ORIENTED_EDGE('',*,*,#1097,.T.);
#478=ORIENTED_EDGE('',*,*,#1098,.T.);
#479=ORIENTED_EDGE('',*,*,#978,.T.);
#480=ORIENTED_EDGE('',*,*,#1099,.F.);
#481=ORIENTED_EDGE('',*,*,#1100,.F.);
#482=ORIENTED_EDGE('',*,*,#1101,.T.);
#483=ORIENTED_EDGE('',*,*,#981,.T.);
#484=ORIENTED_EDGE('',*,*,#1102,.F.);
#485=ORIENTED_EDGE('',*,*,#1103,.F.);
#486=ORIENTED_EDGE('',*,*,#1099,.T.);
#487=ORIENTED_EDGE('',*,*,#983,.T.);
#488=ORIENTED_EDGE('',*,*,#1104,.F.);
#489=ORIENTED_EDGE('',*,*,#1105,.F.);
#490=ORIENTED_EDGE('',*,*,#1102,.T.);
#491=ORIENTED_EDGE('',*,*,#984,.T.);
#492=ORIENTED_EDGE('',*,*,#1101,.F.);
#493=ORIENTED_EDGE('',*,*,#1106,.F.);
#494=ORIENTED_EDGE('',*,*,#1104,.T.);
#495=ORIENTED_EDGE('',*,*,#1100,.T.);
#496=ORIENTED_EDGE('',*,*,#1103,.T.);
#497=ORIENTED_EDGE('',*,*,#1105,.T.);
#498=ORIENTED_EDGE('',*,*,#1106,.T.);
#499=ORIENTED_EDGE('',*,*,#970,.T.);
#500=ORIENTED_EDGE('',*,*,#1107,.F.);
#501=ORIENTED_EDGE('',*,*,#1108,.F.);
#502=ORIENTED_EDGE('',*,*,#1109,.T.);
#503=ORIENTED_EDGE('',*,*,#973,.T.);
#504=ORIENTED_EDGE('',*,*,#1110,.F.);
#505=ORIENTED_EDGE('',*,*,#1111,.F.);
#506=ORIENTED_EDGE('',*,*,#1107,.T.);
#507=ORIENTED_EDGE('',*,*,#975,.T.);
#508=ORIENTED_EDGE('',*,*,#1112,.F.);
#509=ORIENTED_EDGE('',*,*,#1113,.F.);
#510=ORIENTED_EDGE('',*,*,#1110,.T.);
#511=ORIENTED_EDGE('',*,*,#976,.T.);
#512=ORIENTED_EDGE('',*,*,#1109,.F.);
#513=ORIENTED_EDGE('',*,*,#1114,.F.);
#514=ORIENTED_EDGE('',*,*,#1112,.T.);
#515=ORIENTED_EDGE('',*,*,#1108,.T.);
#516=ORIENTED_EDGE('',*,*,#1111,.T.);
#517=ORIENTED_EDGE('',*,*,#1113,.T.);
#518=ORIENTED_EDGE('',*,*,#1114,.T.);
#519=ORIENTED_EDGE('',*,*,#962,.T.);
#520=ORIENTED_EDGE('',*,*,#1115,.F.);
#521=ORIENTED_EDGE('',*,*,#1116,.F.);
#522=ORIENTED_EDGE('',*,*,#1117,.T.);
#523=ORIENTED_EDGE('',*,*,#965,.T.);
#524=ORIENTED_EDGE('',*,*,#1118,.F.);
#525=ORIENTED_EDGE('',*,*,#1119,.F.);
#526=ORIENTED_EDGE('',*,*,#1115,.T.);
#527=ORIENTED_EDGE('',*,*,#967,.T.);
#528=ORIENTED_EDGE('',*,*,#1120,.F.);
#529=ORIENTED_EDGE('',*,*,#1121,.F.);
#530=ORIENTED_EDGE('',*,*,#1118,.T.);
#531=ORIENTED_EDGE('',*,*,#968,.T.);
#532=ORIENTED_EDGE('',*,*,#1117,.F.);
#533=ORIENTED_EDGE('',*,*,#1122,.F.);
#534=ORIENTED_EDGE('',*,*,#1120,.T.);
#535=ORIENTED_EDGE('',*,*,#1116,.T.);
#536=ORIENTED_EDGE('',*,*,#1119,.T.);
#537=ORIENTED_EDGE('',*,*,#1121,.T.);
#538=ORIENTED_EDGE('',*,*,#1122,.T.);
#539=ORIENTED_EDGE('',*,*,#954,.T.);
#540=ORIENTED_EDGE('',*,*,#1123,.F.);
#541=ORIENTED_EDGE('',*,*,#1124,.F.);
#542=ORIENTED_EDGE('',*,*,#1125,.T.);
#543=ORIENTED_EDGE('',*,*,#957,.T.);
#544=ORIENTED_EDGE('',*,*,#1126,.F.);
#545=ORIENTED_EDGE('',*,*,#1127,.F.);
#546=ORIENTED_EDGE('',*,*,#1123,.T.);
#547=ORIENTED_EDGE('',*,*,#959,.T.);
#548=ORIENTED_EDGE('',*,*,#1128,.F.);
#549=ORIENTED_EDGE('',*,*,#1129,.F.);
#550=ORIENTED_EDGE('',*,*,#1126,.T.);
#551=ORIENTED_EDGE('',*,*,#960,.T.);
#552=ORIENTED_EDGE('',*,*,#1125,.F.);
#553=ORIENTED_EDGE('',*,*,#1130,.F.);
#554=ORIENTED_EDGE('',*,*,#1128,.T.);
#555=ORIENTED_EDGE('',*,*,#1124,.T.);
#556=ORIENTED_EDGE('',*,*,#1127,.T.);
#557=ORIENTED_EDGE('',*,*,#1129,.T.);
#558=ORIENTED_EDGE('',*,*,#1130,.T.);
#559=ORIENTED_EDGE('',*,*,#946,.T.);
#560=ORIENTED_EDGE('',*,*,#1131,.F.);
#561=ORIENTED_EDGE('',*,*,#1132,.F.);
#562=ORIENTED_EDGE('',*,*,#1133,.T.);
#563=ORIENTED_EDGE('',*,*,#949,.T.);
#564=ORIENTED_EDGE('',*,*,#1134,.F.);
#565=ORIENTED_EDGE('',*,*,#1135,.F.);
#566=ORIENTED_EDGE('',*,*,#1131,.T.);
#567=ORIENTED_EDGE('',*,*,#951,.T.);
#568=ORIENTED_EDGE('',*,*,#1136,.F.);
#569=ORIENTED_EDGE('',*,*,#1137,.F.);
#570=ORIENTED_EDGE('',*,*,#1134,.T.);
#571=ORIENTED_EDGE('',*,*,#952,.T.);
#572=ORIENTED_EDGE('',*,*,#1133,.F.);
#573=ORIENTED_EDGE('',*,*,#1138,.F.);
#574=ORIENTED_EDGE('',*,*,#1136,.T.);
#575=ORIENTED_EDGE('',*,*,#1132,.T.);
#576=ORIENTED_EDGE('',*,*,#1135,.T.);
#577=ORIENTED_EDGE('',*,*,#1137,.T.);
#578=ORIENTED_EDGE('',*,*,#1138,.T.);
#579=ORIENTED_EDGE('',*,*,#938,.T.);
#580=ORIENTED_EDGE('',*,*,#1139,.F.);
#581=ORIENTED_EDGE('',*,*,#1140,.F.);
#582=ORIENTED_EDGE('',*,*,#1141,.T.);
#583=ORIENTED_EDGE('',*,*,#941,.T.);
#584=ORIENTED_EDGE('',*,*,#1142,.F.);
#585=ORIENTED_EDGE('',*,*,#1143,.F.);
#586=ORIENTED_EDGE('',*,*,#1139,.T.);
#587=ORIENTED_EDGE('',*,*,#943,.T.);
#588=ORIENTED_EDGE('',*,*,#1144,.F.);
#589=ORIENTED_EDGE('',*,*,#1145,.F.);
#590=ORIENTED_EDGE('',*,*,#1142,.T.);
#591=ORIENTED_EDGE('',*,*,#944,.T.);
#592=ORIENTED_EDGE('',*,*,#1141,.F.);
#593=ORIENTED_EDGE('',*,*,#1146,.F.);
#594=ORIENTED_EDGE('',*,*,#1144,.T.);
#595=ORIENTED_EDGE('',*,*,#1140,.T.);
#596=ORIENTED_EDGE('',*,*,#1143,.T.);
#597=ORIENTED_EDGE('',*,*,#1145,.T.);
#598=ORIENTED_EDGE('',*,*,#1146,.T.);
#599=ORIENTED_EDGE('',*,*,#1147,.F.);
#600=ORIENTED_EDGE('',*,*,#1148,.F.);
#601=ORIENTED_EDGE('',*,*,#1149,.F.);
#602=ORIENTED_EDGE('',*,*,#1150,.F.);
#603=ORIENTED_EDGE('',*,*,#1151,.F.);
#604=ORIENTED_EDGE('',*,*,#1152,.F.);
#605=ORIENTED_EDGE('',*,*,#1153,.F.);
#606=ORIENTED_EDGE('',*,*,#1154,.F.);
#607=ORIENTED_EDGE('',*,*,#1155,.F.);
#608=ORIENTED_EDGE('',*,*,#1156,.F.);
#609=ORIENTED_EDGE('',*,*,#1157,.F.);
#610=ORIENTED_EDGE('',*,*,#1158,.F.);
#611=ORIENTED_EDGE('',*,*,#1159,.F.);
#612=ORIENTED_EDGE('',*,*,#1160,.F.);
#613=ORIENTED_EDGE('',*,*,#1161,.F.);
#614=ORIENTED_EDGE('',*,*,#1162,.F.);
#615=ORIENTED_EDGE('',*,*,#1163,.F.);
#616=ORIENTED_EDGE('',*,*,#1164,.T.);
#617=ORIENTED_EDGE('',*,*,#1165,.F.);
#618=ORIENTED_EDGE('',*,*,#1166,.F.);
#619=ORIENTED_EDGE('',*,*,#1167,.F.);
#620=ORIENTED_EDGE('',*,*,#1168,.T.);
#621=ORIENTED_EDGE('',*,*,#1169,.F.);
#622=ORIENTED_EDGE('',*,*,#1164,.F.);
#623=ORIENTED_EDGE('',*,*,#1170,.F.);
#624=ORIENTED_EDGE('',*,*,#1171,.F.);
#625=ORIENTED_EDGE('',*,*,#1154,.T.);
#626=ORIENTED_EDGE('',*,*,#1172,.T.);
#627=ORIENTED_EDGE('',*,*,#1173,.F.);
#628=ORIENTED_EDGE('',*,*,#1174,.F.);
#629=ORIENTED_EDGE('',*,*,#1150,.T.);
#630=ORIENTED_EDGE('',*,*,#1175,.T.);
#631=ORIENTED_EDGE('',*,*,#1176,.F.);
#632=ORIENTED_EDGE('',*,*,#1177,.T.);
#633=ORIENTED_EDGE('',*,*,#1178,.F.);
#634=ORIENTED_EDGE('',*,*,#1168,.F.);
#635=ORIENTED_EDGE('',*,*,#1179,.F.);
#636=ORIENTED_EDGE('',*,*,#1166,.T.);
#637=ORIENTED_EDGE('',*,*,#1180,.F.);
#638=ORIENTED_EDGE('',*,*,#1177,.F.);
#639=ORIENTED_EDGE('',*,*,#1181,.F.);
#640=ORIENTED_EDGE('',*,*,#1182,.F.);
#641=ORIENTED_EDGE('',*,*,#1156,.T.);
#642=ORIENTED_EDGE('',*,*,#1183,.T.);
#643=ORIENTED_EDGE('',*,*,#1184,.F.);
#644=ORIENTED_EDGE('',*,*,#1185,.F.);
#645=ORIENTED_EDGE('',*,*,#1160,.T.);
#646=ORIENTED_EDGE('',*,*,#1186,.T.);
#647=ORIENTED_EDGE('',*,*,#1165,.T.);
#648=ORIENTED_EDGE('',*,*,#1169,.T.);
#649=ORIENTED_EDGE('',*,*,#1178,.T.);
#650=ORIENTED_EDGE('',*,*,#1180,.T.);
#651=ORIENTED_EDGE('',*,*,#1155,.T.);
#652=ORIENTED_EDGE('',*,*,#1187,.T.);
#653=ORIENTED_EDGE('',*,*,#1188,.F.);
#654=ORIENTED_EDGE('',*,*,#1183,.F.);
#655=ORIENTED_EDGE('',*,*,#1157,.T.);
#656=ORIENTED_EDGE('',*,*,#1182,.T.);
#657=ORIENTED_EDGE('',*,*,#1189,.F.);
#658=ORIENTED_EDGE('',*,*,#1190,.F.);
#659=ORIENTED_EDGE('',*,*,#1159,.T.);
#660=ORIENTED_EDGE('',*,*,#1191,.T.);
#661=ORIENTED_EDGE('',*,*,#1192,.F.);
#662=ORIENTED_EDGE('',*,*,#1186,.F.);
#663=ORIENTED_EDGE('',*,*,#1161,.T.);
#664=ORIENTED_EDGE('',*,*,#1185,.T.);
#665=ORIENTED_EDGE('',*,*,#1193,.F.);
#666=ORIENTED_EDGE('',*,*,#1194,.F.);
#667=ORIENTED_EDGE('',*,*,#1195,.T.);
#668=ORIENTED_EDGE('',*,*,#1196,.T.);
#669=ORIENTED_EDGE('',*,*,#1197,.F.);
#670=ORIENTED_EDGE('',*,*,#1198,.F.);
#671=ORIENTED_EDGE('',*,*,#1199,.T.);
#672=ORIENTED_EDGE('',*,*,#1198,.T.);
#673=ORIENTED_EDGE('',*,*,#1200,.F.);
#674=ORIENTED_EDGE('',*,*,#1201,.F.);
#675=ORIENTED_EDGE('',*,*,#1202,.T.);
#676=ORIENTED_EDGE('',*,*,#1201,.T.);
#677=ORIENTED_EDGE('',*,*,#1203,.F.);
#678=ORIENTED_EDGE('',*,*,#1204,.F.);
#679=ORIENTED_EDGE('',*,*,#1205,.T.);
#680=ORIENTED_EDGE('',*,*,#1206,.T.);
#681=ORIENTED_EDGE('',*,*,#1207,.F.);
#682=ORIENTED_EDGE('',*,*,#1208,.F.);
#683=ORIENTED_EDGE('',*,*,#1209,.T.);
#684=ORIENTED_EDGE('',*,*,#1208,.T.);
#685=ORIENTED_EDGE('',*,*,#1210,.F.);
#686=ORIENTED_EDGE('',*,*,#1211,.F.);
#687=ORIENTED_EDGE('',*,*,#1212,.T.);
#688=ORIENTED_EDGE('',*,*,#1211,.T.);
#689=ORIENTED_EDGE('',*,*,#1213,.F.);
#690=ORIENTED_EDGE('',*,*,#1214,.F.);
#691=ORIENTED_EDGE('',*,*,#1215,.T.);
#692=ORIENTED_EDGE('',*,*,#1216,.T.);
#693=ORIENTED_EDGE('',*,*,#1217,.F.);
#694=ORIENTED_EDGE('',*,*,#1218,.F.);
#695=ORIENTED_EDGE('',*,*,#1219,.T.);
#696=ORIENTED_EDGE('',*,*,#1218,.T.);
#697=ORIENTED_EDGE('',*,*,#1220,.F.);
#698=ORIENTED_EDGE('',*,*,#1221,.F.);
#699=ORIENTED_EDGE('',*,*,#1222,.T.);
#700=ORIENTED_EDGE('',*,*,#1221,.T.);
#701=ORIENTED_EDGE('',*,*,#1223,.F.);
#702=ORIENTED_EDGE('',*,*,#1224,.F.);
#703=ORIENTED_EDGE('',*,*,#1225,.T.);
#704=ORIENTED_EDGE('',*,*,#1226,.T.);
#705=ORIENTED_EDGE('',*,*,#1227,.F.);
#706=ORIENTED_EDGE('',*,*,#1228,.F.);
#707=ORIENTED_EDGE('',*,*,#1229,.T.);
#708=ORIENTED_EDGE('',*,*,#1228,.T.);
#709=ORIENTED_EDGE('',*,*,#1230,.F.);
#710=ORIENTED_EDGE('',*,*,#1231,.F.);
#711=ORIENTED_EDGE('',*,*,#1232,.T.);
#712=ORIENTED_EDGE('',*,*,#1231,.T.);
#713=ORIENTED_EDGE('',*,*,#1233,.F.);
#714=ORIENTED_EDGE('',*,*,#1234,.F.);
#715=ORIENTED_EDGE('',*,*,#1235,.T.);
#716=ORIENTED_EDGE('',*,*,#1236,.T.);
#717=ORIENTED_EDGE('',*,*,#1237,.F.);
#718=ORIENTED_EDGE('',*,*,#1238,.F.);
#719=ORIENTED_EDGE('',*,*,#1239,.T.);
#720=ORIENTED_EDGE('',*,*,#1238,.T.);
#721=ORIENTED_EDGE('',*,*,#1240,.F.);
#722=ORIENTED_EDGE('',*,*,#1241,.F.);
#723=ORIENTED_EDGE('',*,*,#1242,.T.);
#724=ORIENTED_EDGE('',*,*,#1241,.T.);
#725=ORIENTED_EDGE('',*,*,#1243,.F.);
#726=ORIENTED_EDGE('',*,*,#1244,.F.);
#727=ORIENTED_EDGE('',*,*,#1245,.T.);
#728=ORIENTED_EDGE('',*,*,#1246,.T.);
#729=ORIENTED_EDGE('',*,*,#1247,.F.);
#730=ORIENTED_EDGE('',*,*,#1248,.F.);
#731=ORIENTED_EDGE('',*,*,#1249,.T.);
#732=ORIENTED_EDGE('',*,*,#1248,.T.);
#733=ORIENTED_EDGE('',*,*,#1250,.F.);
#734=ORIENTED_EDGE('',*,*,#1251,.F.);
#735=ORIENTED_EDGE('',*,*,#1252,.T.);
#736=ORIENTED_EDGE('',*,*,#1251,.T.);
#737=ORIENTED_EDGE('',*,*,#1253,.F.);
#738=ORIENTED_EDGE('',*,*,#1254,.F.);
#739=ORIENTED_EDGE('',*,*,#1147,.T.);
#740=ORIENTED_EDGE('',*,*,#1174,.T.);
#741=ORIENTED_EDGE('',*,*,#1255,.F.);
#742=ORIENTED_EDGE('',*,*,#1256,.F.);
#743=ORIENTED_EDGE('',*,*,#1148,.T.);
#744=ORIENTED_EDGE('',*,*,#1256,.T.);
#745=ORIENTED_EDGE('',*,*,#1257,.F.);
#746=ORIENTED_EDGE('',*,*,#1258,.F.);
#747=ORIENTED_EDGE('',*,*,#1149,.T.);
#748=ORIENTED_EDGE('',*,*,#1258,.T.);
#749=ORIENTED_EDGE('',*,*,#1259,.F.);
#750=ORIENTED_EDGE('',*,*,#1175,.F.);
#751=ORIENTED_EDGE('',*,*,#1151,.T.);
#752=ORIENTED_EDGE('',*,*,#1171,.T.);
#753=ORIENTED_EDGE('',*,*,#1260,.F.);
#754=ORIENTED_EDGE('',*,*,#1261,.F.);
#755=ORIENTED_EDGE('',*,*,#1152,.T.);
#756=ORIENTED_EDGE('',*,*,#1261,.T.);
#757=ORIENTED_EDGE('',*,*,#1262,.F.);
#758=ORIENTED_EDGE('',*,*,#1263,.F.);
#759=ORIENTED_EDGE('',*,*,#1153,.T.);
#760=ORIENTED_EDGE('',*,*,#1263,.T.);
#761=ORIENTED_EDGE('',*,*,#1264,.F.);
#762=ORIENTED_EDGE('',*,*,#1172,.F.);
#763=ORIENTED_EDGE('',*,*,#1158,.T.);
#764=ORIENTED_EDGE('',*,*,#1190,.T.);
#765=ORIENTED_EDGE('',*,*,#1265,.F.);
#766=ORIENTED_EDGE('',*,*,#1187,.F.);
#767=ORIENTED_EDGE('',*,*,#1162,.T.);
#768=ORIENTED_EDGE('',*,*,#1194,.T.);
#769=ORIENTED_EDGE('',*,*,#1266,.F.);
#770=ORIENTED_EDGE('',*,*,#1191,.F.);
#771=ORIENTED_EDGE('',*,*,#1267,.T.);
#772=ORIENTED_EDGE('',*,*,#1204,.T.);
#773=ORIENTED_EDGE('',*,*,#1268,.F.);
#774=ORIENTED_EDGE('',*,*,#1196,.F.);
#775=ORIENTED_EDGE('',*,*,#1269,.T.);
#776=ORIENTED_EDGE('',*,*,#1214,.T.);
#777=ORIENTED_EDGE('',*,*,#1270,.F.);
#778=ORIENTED_EDGE('',*,*,#1206,.F.);
#779=ORIENTED_EDGE('',*,*,#1271,.T.);
#780=ORIENTED_EDGE('',*,*,#1224,.T.);
#781=ORIENTED_EDGE('',*,*,#1272,.F.);
#782=ORIENTED_EDGE('',*,*,#1216,.F.);
#783=ORIENTED_EDGE('',*,*,#1273,.T.);
#784=ORIENTED_EDGE('',*,*,#1234,.T.);
#785=ORIENTED_EDGE('',*,*,#1274,.F.);
#786=ORIENTED_EDGE('',*,*,#1226,.F.);
#787=ORIENTED_EDGE('',*,*,#1275,.T.);
#788=ORIENTED_EDGE('',*,*,#1244,.T.);
#789=ORIENTED_EDGE('',*,*,#1276,.F.);
#790=ORIENTED_EDGE('',*,*,#1236,.F.);
#791=ORIENTED_EDGE('',*,*,#1277,.T.);
#792=ORIENTED_EDGE('',*,*,#1254,.T.);
#793=ORIENTED_EDGE('',*,*,#1278,.F.);
#794=ORIENTED_EDGE('',*,*,#1246,.F.);
#795=ORIENTED_EDGE('',*,*,#1173,.T.);
#796=ORIENTED_EDGE('',*,*,#1264,.T.);
#797=ORIENTED_EDGE('',*,*,#1262,.T.);
#798=ORIENTED_EDGE('',*,*,#1260,.T.);
#799=ORIENTED_EDGE('',*,*,#1170,.T.);
#800=ORIENTED_EDGE('',*,*,#1163,.T.);
#801=ORIENTED_EDGE('',*,*,#1179,.T.);
#802=ORIENTED_EDGE('',*,*,#1192,.T.);
#803=ORIENTED_EDGE('',*,*,#1266,.T.);
#804=ORIENTED_EDGE('',*,*,#1193,.T.);
#805=ORIENTED_EDGE('',*,*,#1184,.T.);
#806=ORIENTED_EDGE('',*,*,#1188,.T.);
#807=ORIENTED_EDGE('',*,*,#1265,.T.);
#808=ORIENTED_EDGE('',*,*,#1189,.T.);
#809=ORIENTED_EDGE('',*,*,#1181,.T.);
#810=ORIENTED_EDGE('',*,*,#1176,.T.);
#811=ORIENTED_EDGE('',*,*,#1167,.T.);
#812=ORIENTED_EDGE('',*,*,#1259,.T.);
#813=ORIENTED_EDGE('',*,*,#1257,.T.);
#814=ORIENTED_EDGE('',*,*,#1255,.T.);
#815=ORIENTED_EDGE('',*,*,#1247,.T.);
#816=ORIENTED_EDGE('',*,*,#1278,.T.);
#817=ORIENTED_EDGE('',*,*,#1253,.T.);
#818=ORIENTED_EDGE('',*,*,#1250,.T.);
#819=ORIENTED_EDGE('',*,*,#1237,.T.);
#820=ORIENTED_EDGE('',*,*,#1276,.T.);
#821=ORIENTED_EDGE('',*,*,#1243,.T.);
#822=ORIENTED_EDGE('',*,*,#1240,.T.);
#823=ORIENTED_EDGE('',*,*,#1227,.T.);
#824=ORIENTED_EDGE('',*,*,#1274,.T.);
#825=ORIENTED_EDGE('',*,*,#1233,.T.);
#826=ORIENTED_EDGE('',*,*,#1230,.T.);
#827=ORIENTED_EDGE('',*,*,#1217,.T.);
#828=ORIENTED_EDGE('',*,*,#1272,.T.);
#829=ORIENTED_EDGE('',*,*,#1223,.T.);
#830=ORIENTED_EDGE('',*,*,#1220,.T.);
#831=ORIENTED_EDGE('',*,*,#1207,.T.);
#832=ORIENTED_EDGE('',*,*,#1270,.T.);
#833=ORIENTED_EDGE('',*,*,#1213,.T.);
#834=ORIENTED_EDGE('',*,*,#1210,.T.);
#835=ORIENTED_EDGE('',*,*,#1197,.T.);
#836=ORIENTED_EDGE('',*,*,#1268,.T.);
#837=ORIENTED_EDGE('',*,*,#1203,.T.);
#838=ORIENTED_EDGE('',*,*,#1200,.T.);
#839=ORIENTED_EDGE('',*,*,#1235,.F.);
#840=ORIENTED_EDGE('',*,*,#1239,.F.);
#841=ORIENTED_EDGE('',*,*,#1242,.F.);
#842=ORIENTED_EDGE('',*,*,#1275,.F.);
#843=ORIENTED_EDGE('',*,*,#1225,.F.);
#844=ORIENTED_EDGE('',*,*,#1229,.F.);
#845=ORIENTED_EDGE('',*,*,#1232,.F.);
#846=ORIENTED_EDGE('',*,*,#1273,.F.);
#847=ORIENTED_EDGE('',*,*,#1215,.F.);
#848=ORIENTED_EDGE('',*,*,#1219,.F.);
#849=ORIENTED_EDGE('',*,*,#1222,.F.);
#850=ORIENTED_EDGE('',*,*,#1271,.F.);
#851=ORIENTED_EDGE('',*,*,#1205,.F.);
#852=ORIENTED_EDGE('',*,*,#1209,.F.);
#853=ORIENTED_EDGE('',*,*,#1212,.F.);
#854=ORIENTED_EDGE('',*,*,#1269,.F.);
#855=ORIENTED_EDGE('',*,*,#1195,.F.);
#856=ORIENTED_EDGE('',*,*,#1199,.F.);
#857=ORIENTED_EDGE('',*,*,#1202,.F.);
#858=ORIENTED_EDGE('',*,*,#1267,.F.);
#859=ORIENTED_EDGE('',*,*,#1245,.F.);
#860=ORIENTED_EDGE('',*,*,#1249,.F.);
#861=ORIENTED_EDGE('',*,*,#1252,.F.);
#862=ORIENTED_EDGE('',*,*,#1277,.F.);
#863=EDGE_CURVE('',#1279,#1280,#1543,.T.);
#864=EDGE_CURVE('',#1279,#1281,#1544,.T.);
#865=EDGE_CURVE('',#1282,#1281,#1545,.T.);
#866=EDGE_CURVE('',#1282,#1283,#1546,.T.);
#867=EDGE_CURVE('',#1284,#1283,#1547,.T.);
#868=EDGE_CURVE('',#1285,#1284,#1548,.T.);
#869=EDGE_CURVE('',#1285,#1286,#1549,.T.);
#870=EDGE_CURVE('',#1286,#1280,#1550,.T.);
#871=EDGE_CURVE('',#1287,#1288,#1551,.T.);
#872=EDGE_CURVE('',#1287,#1289,#1552,.T.);
#873=EDGE_CURVE('',#1290,#1289,#1553,.T.);
#874=EDGE_CURVE('',#1290,#1291,#1554,.T.);
#875=EDGE_CURVE('',#1292,#1291,#1555,.T.);
#876=EDGE_CURVE('',#1293,#1292,#1556,.T.);
#877=EDGE_CURVE('',#1293,#1294,#1557,.T.);
#878=EDGE_CURVE('',#1294,#1288,#1558,.T.);
#879=EDGE_CURVE('',#1295,#1279,#1559,.T.);
#880=EDGE_CURVE('',#1295,#1296,#1560,.T.);
#881=EDGE_CURVE('',#1296,#1281,#1561,.T.);
#882=EDGE_CURVE('',#1297,#1287,#1562,.T.);
#883=EDGE_CURVE('',#1297,#1298,#1563,.T.);
#884=EDGE_CURVE('',#1298,#1289,#1564,.T.);
#885=EDGE_CURVE('',#1292,#1285,#1565,.T.);
#886=EDGE_CURVE('',#1284,#1293,#1566,.T.);
#887=EDGE_CURVE('',#1299,#1300,#1567,.T.);
#888=EDGE_CURVE('',#1300,#1301,#1568,.T.);
#889=EDGE_CURVE('',#1301,#1302,#1569,.T.);
#890=EDGE_CURVE('',#1302,#1299,#1570,.T.);
#891=EDGE_CURVE('',#1303,#1304,#1571,.T.);
#892=EDGE_CURVE('',#1304,#1305,#1572,.T.);
#893=EDGE_CURVE('',#1305,#1306,#1573,.T.);
#894=EDGE_CURVE('',#1306,#1303,#1574,.T.);
#895=EDGE_CURVE('',#1307,#1308,#1575,.T.);
#896=EDGE_CURVE('',#1308,#1309,#1576,.T.);
#897=EDGE_CURVE('',#1309,#1310,#1577,.T.);
#898=EDGE_CURVE('',#1310,#1307,#1578,.T.);
#899=EDGE_CURVE('',#1311,#1312,#1579,.T.);
#900=EDGE_CURVE('',#1312,#1313,#1580,.T.);
#901=EDGE_CURVE('',#1313,#1314,#1581,.T.);
#902=EDGE_CURVE('',#1314,#1311,#1582,.T.);
#903=EDGE_CURVE('',#1315,#1316,#1583,.T.);
#904=EDGE_CURVE('',#1316,#1317,#1584,.T.);
#905=EDGE_CURVE('',#1317,#1318,#1585,.T.);
#906=EDGE_CURVE('',#1318,#1315,#1586,.T.);
#907=EDGE_CURVE('',#1319,#1320,#1587,.T.);
#908=EDGE_CURVE('',#1320,#1321,#1588,.T.);
#909=EDGE_CURVE('',#1321,#1322,#1589,.T.);
#910=EDGE_CURVE('',#1322,#1319,#1590,.T.);
#911=EDGE_CURVE('',#1323,#1324,#1591,.T.);
#912=EDGE_CURVE('',#1324,#1325,#1592,.T.);
#913=EDGE_CURVE('',#1325,#1326,#1593,.T.);
#914=EDGE_CURVE('',#1326,#1323,#1594,.T.);
#915=EDGE_CURVE('',#1327,#1328,#1595,.T.);
#916=EDGE_CURVE('',#1328,#1329,#1596,.T.);
#917=EDGE_CURVE('',#1329,#1330,#1597,.T.);
#918=EDGE_CURVE('',#1330,#1327,#1598,.T.);
#919=EDGE_CURVE('',#1331,#1332,#1599,.T.);
#920=EDGE_CURVE('',#1332,#1333,#1600,.T.);
#921=EDGE_CURVE('',#1333,#1334,#1601,.T.);
#922=EDGE_CURVE('',#1334,#1331,#1602,.T.);
#923=EDGE_CURVE('',#1335,#1336,#1603,.T.);
#924=EDGE_CURVE('',#1336,#1337,#1604,.T.);
#925=EDGE_CURVE('',#1337,#1338,#1605,.T.);
#926=EDGE_CURVE('',#1338,#1335,#1606,.T.);
#927=EDGE_CURVE('',#1291,#1286,#1607,.T.);
#928=EDGE_CURVE('',#1283,#1294,#1608,.T.);
#929=EDGE_CURVE('',#1300,#1339,#1609,.T.);
#930=EDGE_CURVE('',#1340,#1339,#1610,.T.);
#931=EDGE_CURVE('',#1301,#1340,#1611,.T.);
#932=EDGE_CURVE('',#1299,#1341,#1612,.T.);
#933=EDGE_CURVE('',#1339,#1341,#1613,.T.);
#934=EDGE_CURVE('',#1302,#1342,#1614,.T.);
#935=EDGE_CURVE('',#1341,#1342,#1615,.T.);
#936=EDGE_CURVE('',#1342,#1340,#1616,.T.);
#937=EDGE_CURVE('',#1304,#1343,#1617,.T.);
#938=EDGE_CURVE('',#1344,#1343,#1618,.T.);
#939=EDGE_CURVE('',#1305,#1344,#1619,.T.);
#940=EDGE_CURVE('',#1303,#1345,#1620,.T.);
#941=EDGE_CURVE('',#1343,#1345,#1621,.T.);
#942=EDGE_CURVE('',#1306,#1346,#1622,.T.);
#943=EDGE_CURVE('',#1345,#1346,#1623,.T.);
#944=EDGE_CURVE('',#1346,#1344,#1624,.T.);
#945=EDGE_CURVE('',#1308,#1347,#1625,.T.);
#946=EDGE_CURVE('',#1348,#1347,#1626,.T.);
#947=EDGE_CURVE('',#1309,#1348,#1627,.T.);
#948=EDGE_CURVE('',#1307,#1349,#1628,.T.);
#949=EDGE_CURVE('',#1347,#1349,#1629,.T.);
#950=EDGE_CURVE('',#1310,#1350,#1630,.T.);
#951=EDGE_CURVE('',#1349,#1350,#1631,.T.);
#952=EDGE_CURVE('',#1350,#1348,#1632,.T.);
#953=EDGE_CURVE('',#1312,#1351,#1633,.T.);
#954=EDGE_CURVE('',#1352,#1351,#1634,.T.);
#955=EDGE_CURVE('',#1313,#1352,#1635,.T.);
#956=EDGE_CURVE('',#1311,#1353,#1636,.T.);
#957=EDGE_CURVE('',#1351,#1353,#1637,.T.);
#958=EDGE_CURVE('',#1314,#1354,#1638,.T.);
#959=EDGE_CURVE('',#1353,#1354,#1639,.T.);
#960=EDGE_CURVE('',#1354,#1352,#1640,.T.);
#961=EDGE_CURVE('',#1316,#1355,#1641,.T.);
#962=EDGE_CURVE('',#1356,#1355,#1642,.T.);
#963=EDGE_CURVE('',#1317,#1356,#1643,.T.);
#964=EDGE_CURVE('',#1315,#1357,#1644,.T.);
#965=EDGE_CURVE('',#1355,#1357,#1645,.T.);
#966=EDGE_CURVE('',#1318,#1358,#1646,.T.);
#967=EDGE_CURVE('',#1357,#1358,#1647,.T.);
#968=EDGE_CURVE('',#1358,#1356,#1648,.T.);
#969=EDGE_CURVE('',#1320,#1359,#1649,.T.);
#970=EDGE_CURVE('',#1360,#1359,#1650,.T.);
#971=EDGE_CURVE('',#1321,#1360,#1651,.T.);
#972=EDGE_CURVE('',#1319,#1361,#1652,.T.);
#973=EDGE_CURVE('',#1359,#1361,#1653,.T.);
#974=EDGE_CURVE('',#1322,#1362,#1654,.T.);
#975=EDGE_CURVE('',#1361,#1362,#1655,.T.);
#976=EDGE_CURVE('',#1362,#1360,#1656,.T.);
#977=EDGE_CURVE('',#1324,#1363,#1657,.T.);
#978=EDGE_CURVE('',#1364,#1363,#1658,.T.);
#979=EDGE_CURVE('',#1325,#1364,#1659,.T.);
#980=EDGE_CURVE('',#1323,#1365,#1660,.T.);
#981=EDGE_CURVE('',#1363,#1365,#1661,.T.);
#982=EDGE_CURVE('',#1326,#1366,#1662,.T.);
#983=EDGE_CURVE('',#1365,#1366,#1663,.T.);
#984=EDGE_CURVE('',#1366,#1364,#1664,.T.);
#985=EDGE_CURVE('',#1328,#1367,#1665,.T.);
#986=EDGE_CURVE('',#1368,#1367,#1666,.T.);
#987=EDGE_CURVE('',#1329,#1368,#1667,.T.);
#988=EDGE_CURVE('',#1327,#1369,#1668,.T.);
#989=EDGE_CURVE('',#1367,#1369,#1669,.T.);
#990=EDGE_CURVE('',#1330,#1370,#1670,.T.);
#991=EDGE_CURVE('',#1369,#1370,#1671,.T.);
#992=EDGE_CURVE('',#1370,#1368,#1672,.T.);
#993=EDGE_CURVE('',#1332,#1371,#1673,.T.);
#994=EDGE_CURVE('',#1372,#1371,#1674,.T.);
#995=EDGE_CURVE('',#1333,#1372,#1675,.T.);
#996=EDGE_CURVE('',#1331,#1373,#1676,.T.);
#997=EDGE_CURVE('',#1371,#1373,#1677,.T.);
#998=EDGE_CURVE('',#1334,#1374,#1678,.T.);
#999=EDGE_CURVE('',#1373,#1374,#1679,.T.);
#1000=EDGE_CURVE('',#1374,#1372,#1680,.T.);
#1001=EDGE_CURVE('',#1336,#1375,#1681,.T.);
#1002=EDGE_CURVE('',#1376,#1375,#1682,.T.);
#1003=EDGE_CURVE('',#1337,#1376,#1683,.T.);
#1004=EDGE_CURVE('',#1335,#1377,#1684,.T.);
#1005=EDGE_CURVE('',#1375,#1377,#1685,.T.);
#1006=EDGE_CURVE('',#1338,#1378,#1686,.T.);
#1007=EDGE_CURVE('',#1377,#1378,#1687,.T.);
#1008=EDGE_CURVE('',#1378,#1376,#1688,.T.);
#1009=EDGE_CURVE('',#1379,#1380,#1689,.T.);
#1010=EDGE_CURVE('',#1380,#1381,#1690,.T.);
#1011=EDGE_CURVE('',#1381,#1382,#1691,.T.);
#1012=EDGE_CURVE('',#1382,#1379,#1692,.T.);
#1013=EDGE_CURVE('',#1383,#1384,#1693,.T.);
#1014=EDGE_CURVE('',#1384,#1385,#1694,.T.);
#1015=EDGE_CURVE('',#1385,#1386,#1695,.T.);
#1016=EDGE_CURVE('',#1386,#1383,#1696,.T.);
#1017=EDGE_CURVE('',#1387,#1388,#1697,.T.);
#1018=EDGE_CURVE('',#1388,#1389,#1698,.T.);
#1019=EDGE_CURVE('',#1389,#1390,#1699,.T.);
#1020=EDGE_CURVE('',#1390,#1387,#1700,.T.);
#1021=EDGE_CURVE('',#1391,#1392,#1701,.T.);
#1022=EDGE_CURVE('',#1392,#1393,#1702,.T.);
#1023=EDGE_CURVE('',#1393,#1394,#1703,.T.);
#1024=EDGE_CURVE('',#1394,#1391,#1704,.T.);
#1025=EDGE_CURVE('',#1395,#1282,#1705,.T.);
#1026=EDGE_CURVE('',#1396,#1395,#1706,.T.);
#1027=EDGE_CURVE('',#1280,#1396,#1707,.T.);
#1028=EDGE_CURVE('',#1397,#1290,#1708,.T.);
#1029=EDGE_CURVE('',#1398,#1397,#1709,.T.);
#1030=EDGE_CURVE('',#1288,#1398,#1710,.T.);
#1031=EDGE_CURVE('',#1396,#1295,#1711,.T.);
#1032=EDGE_CURVE('',#1395,#1296,#1712,.T.);
#1033=EDGE_CURVE('',#1398,#1297,#1713,.T.);
#1034=EDGE_CURVE('',#1397,#1298,#1714,.T.);
#1035=EDGE_CURVE('',#1399,#1400,#1715,.T.);
#1036=EDGE_CURVE('',#1392,#1400,#1716,.T.);
#1037=EDGE_CURVE('',#1391,#1399,#1717,.T.);
#1038=EDGE_CURVE('',#1401,#1399,#1718,.T.);
#1039=EDGE_CURVE('',#1394,#1401,#1719,.T.);
#1040=EDGE_CURVE('',#1402,#1401,#1720,.T.);
#1041=EDGE_CURVE('',#1393,#1402,#1721,.T.);
#1042=EDGE_CURVE('',#1403,#1404,#1722,.T.);
#1043=EDGE_CURVE('',#1388,#1404,#1723,.T.);
#1044=EDGE_CURVE('',#1387,#1403,#1724,.T.);
#1045=EDGE_CURVE('',#1405,#1403,#1725,.T.);
#1046=EDGE_CURVE('',#1390,#1405,#1726,.T.);
#1047=EDGE_CURVE('',#1406,#1405,#1727,.T.);
#1048=EDGE_CURVE('',#1389,#1406,#1728,.T.);
#1049=EDGE_CURVE('',#1407,#1408,#1729,.T.);
#1050=EDGE_CURVE('',#1384,#1408,#1730,.T.);
#1051=EDGE_CURVE('',#1383,#1407,#1731,.T.);
#1052=EDGE_CURVE('',#1409,#1407,#1732,.T.);
#1053=EDGE_CURVE('',#1386,#1409,#1733,.T.);
#1054=EDGE_CURVE('',#1410,#1409,#1734,.T.);
#1055=EDGE_CURVE('',#1385,#1410,#1735,.T.);
#1056=EDGE_CURVE('',#1411,#1412,#1736,.T.);
#1057=EDGE_CURVE('',#1380,#1412,#1737,.T.);
#1058=EDGE_CURVE('',#1379,#1411,#1738,.T.);
#1059=EDGE_CURVE('',#1413,#1411,#1739,.T.);
#1060=EDGE_CURVE('',#1382,#1413,#1740,.T.);
#1061=EDGE_CURVE('',#1414,#1413,#1741,.T.);
#1062=EDGE_CURVE('',#1381,#1414,#1742,.T.);
#1063=EDGE_CURVE('',#1400,#1402,#1743,.T.);
#1064=EDGE_CURVE('',#1404,#1406,#1744,.T.);
#1065=EDGE_CURVE('',#1408,#1410,#1745,.T.);
#1066=EDGE_CURVE('',#1412,#1414,#1746,.T.);
#1067=EDGE_CURVE('',#1415,#1339,#1747,.T.);
#1068=EDGE_CURVE('',#1416,#1415,#1748,.T.);
#1069=EDGE_CURVE('',#1416,#1340,#1749,.T.);
#1070=EDGE_CURVE('',#1417,#1341,#1750,.T.);
#1071=EDGE_CURVE('',#1415,#1417,#1751,.T.);
#1072=EDGE_CURVE('',#1418,#1342,#1752,.T.);
#1073=EDGE_CURVE('',#1417,#1418,#1753,.T.);
#1074=EDGE_CURVE('',#1418,#1416,#1754,.T.);
#1075=EDGE_CURVE('',#1419,#1375,#1755,.T.);
#1076=EDGE_CURVE('',#1420,#1419,#1756,.T.);
#1077=EDGE_CURVE('',#1420,#1376,#1757,.T.);
#1078=EDGE_CURVE('',#1421,#1377,#1758,.T.);
#1079=EDGE_CURVE('',#1419,#1421,#1759,.T.);
#1080=EDGE_CURVE('',#1422,#1378,#1760,.T.);
#1081=EDGE_CURVE('',#1421,#1422,#1761,.T.);
#1082=EDGE_CURVE('',#1422,#1420,#1762,.T.);
#1083=EDGE_CURVE('',#1423,#1371,#1763,.T.);
#1084=EDGE_CURVE('',#1424,#1423,#1764,.T.);
#1085=EDGE_CURVE('',#1424,#1372,#1765,.T.);
#1086=EDGE_CURVE('',#1425,#1373,#1766,.T.);
#1087=EDGE_CURVE('',#1423,#1425,#1767,.T.);
#1088=EDGE_CURVE('',#1426,#1374,#1768,.T.);
#1089=EDGE_CURVE('',#1425,#1426,#1769,.T.);
#1090=EDGE_CURVE('',#1426,#1424,#1770,.T.);
#1091=EDGE_CURVE('',#1427,#1367,#1771,.T.);
#1092=EDGE_CURVE('',#1428,#1427,#1772,.T.);
#1093=EDGE_CURVE('',#1428,#1368,#1773,.T.);
#1094=EDGE_CURVE('',#1429,#1369,#1774,.T.);
#1095=EDGE_CURVE('',#1427,#1429,#1775,.T.);
#1096=EDGE_CURVE('',#1430,#1370,#1776,.T.);
#1097=EDGE_CURVE('',#1429,#1430,#1777,.T.);
#1098=EDGE_CURVE('',#1430,#1428,#1778,.T.);
#1099=EDGE_CURVE('',#1431,#1363,#1779,.T.);
#1100=EDGE_CURVE('',#1432,#1431,#1780,.T.);
#1101=EDGE_CURVE('',#1432,#1364,#1781,.T.);
#1102=EDGE_CURVE('',#1433,#1365,#1782,.T.);
#1103=EDGE_CURVE('',#1431,#1433,#1783,.T.);
#1104=EDGE_CURVE('',#1434,#1366,#1784,.T.);
#1105=EDGE_CURVE('',#1433,#1434,#1785,.T.);
#1106=EDGE_CURVE('',#1434,#1432,#1786,.T.);
#1107=EDGE_CURVE('',#1435,#1359,#1787,.T.);
#1108=EDGE_CURVE('',#1436,#1435,#1788,.T.);
#1109=EDGE_CURVE('',#1436,#1360,#1789,.T.);
#1110=EDGE_CURVE('',#1437,#1361,#1790,.T.);
#1111=EDGE_CURVE('',#1435,#1437,#1791,.T.);
#1112=EDGE_CURVE('',#1438,#1362,#1792,.T.);
#1113=EDGE_CURVE('',#1437,#1438,#1793,.T.);
#1114=EDGE_CURVE('',#1438,#1436,#1794,.T.);
#1115=EDGE_CURVE('',#1439,#1355,#1795,.T.);
#1116=EDGE_CURVE('',#1440,#1439,#1796,.T.);
#1117=EDGE_CURVE('',#1440,#1356,#1797,.T.);
#1118=EDGE_CURVE('',#1441,#1357,#1798,.T.);
#1119=EDGE_CURVE('',#1439,#1441,#1799,.T.);
#1120=EDGE_CURVE('',#1442,#1358,#1800,.T.);
#1121=EDGE_CURVE('',#1441,#1442,#1801,.T.);
#1122=EDGE_CURVE('',#1442,#1440,#1802,.T.);
#1123=EDGE_CURVE('',#1443,#1351,#1803,.T.);
#1124=EDGE_CURVE('',#1444,#1443,#1804,.T.);
#1125=EDGE_CURVE('',#1444,#1352,#1805,.T.);
#1126=EDGE_CURVE('',#1445,#1353,#1806,.T.);
#1127=EDGE_CURVE('',#1443,#1445,#1807,.T.);
#1128=EDGE_CURVE('',#1446,#1354,#1808,.T.);
#1129=EDGE_CURVE('',#1445,#1446,#1809,.T.);
#1130=EDGE_CURVE('',#1446,#1444,#1810,.T.);
#1131=EDGE_CURVE('',#1447,#1347,#1811,.T.);
#1132=EDGE_CURVE('',#1448,#1447,#1812,.T.);
#1133=EDGE_CURVE('',#1448,#1348,#1813,.T.);
#1134=EDGE_CURVE('',#1449,#1349,#1814,.T.);
#1135=EDGE_CURVE('',#1447,#1449,#1815,.T.);
#1136=EDGE_CURVE('',#1450,#1350,#1816,.T.);
#1137=EDGE_CURVE('',#1449,#1450,#1817,.T.);
#1138=EDGE_CURVE('',#1450,#1448,#1818,.T.);
#1139=EDGE_CURVE('',#1451,#1343,#1819,.T.);
#1140=EDGE_CURVE('',#1452,#1451,#1820,.T.);
#1141=EDGE_CURVE('',#1452,#1344,#1821,.T.);
#1142=EDGE_CURVE('',#1453,#1345,#1822,.T.);
#1143=EDGE_CURVE('',#1451,#1453,#1823,.T.);
#1144=EDGE_CURVE('',#1454,#1346,#1824,.T.);
#1145=EDGE_CURVE('',#1453,#1454,#1825,.T.);
#1146=EDGE_CURVE('',#1454,#1452,#1826,.T.);
#1147=EDGE_CURVE('',#1455,#1456,#1827,.T.);
#1148=EDGE_CURVE('',#1457,#1455,#1828,.T.);
#1149=EDGE_CURVE('',#1458,#1457,#1829,.T.);
#1150=EDGE_CURVE('',#1456,#1458,#1830,.T.);
#1151=EDGE_CURVE('',#1459,#1460,#1831,.T.);
#1152=EDGE_CURVE('',#1461,#1459,#1832,.T.);
#1153=EDGE_CURVE('',#1462,#1461,#1833,.T.);
#1154=EDGE_CURVE('',#1460,#1462,#1834,.T.);
#1155=EDGE_CURVE('',#1463,#1464,#1835,.T.);
#1156=EDGE_CURVE('',#1465,#1463,#1836,.T.);
#1157=EDGE_CURVE('',#1466,#1465,#1837,.T.);
#1158=EDGE_CURVE('',#1464,#1466,#1838,.T.);
#1159=EDGE_CURVE('',#1467,#1468,#1839,.T.);
#1160=EDGE_CURVE('',#1469,#1467,#1840,.T.);
#1161=EDGE_CURVE('',#1470,#1469,#1841,.T.);
#1162=EDGE_CURVE('',#1468,#1470,#1842,.T.);
#1163=EDGE_CURVE('',#1471,#1472,#1843,.T.);
#1164=EDGE_CURVE('',#1471,#1473,#1844,.T.);
#1165=EDGE_CURVE('',#1474,#1473,#1845,.T.);
#1166=EDGE_CURVE('',#1472,#1474,#1846,.T.);
#1167=EDGE_CURVE('',#1475,#1476,#1847,.T.);
#1168=EDGE_CURVE('',#1475,#1477,#1848,.T.);
#1169=EDGE_CURVE('',#1473,#1477,#1849,.T.);
#1170=EDGE_CURVE('',#1478,#1471,#1850,.T.);
#1171=EDGE_CURVE('',#1460,#1478,#1851,.T.);
#1172=EDGE_CURVE('',#1462,#1479,#1852,.T.);
#1173=EDGE_CURVE('',#1480,#1479,#1853,.T.);
#1174=EDGE_CURVE('',#1456,#1480,#1854,.T.);
#1175=EDGE_CURVE('',#1458,#1476,#1855,.T.);
#1176=EDGE_CURVE('',#1481,#1475,#1856,.T.);
#1177=EDGE_CURVE('',#1481,#1482,#1857,.T.);
#1178=EDGE_CURVE('',#1477,#1482,#1858,.T.);
#1179=EDGE_CURVE('',#1472,#1483,#1859,.T.);
#1180=EDGE_CURVE('',#1482,#1474,#1860,.T.);
#1181=EDGE_CURVE('',#1484,#1481,#1861,.T.);
#1182=EDGE_CURVE('',#1465,#1484,#1862,.T.);
#1183=EDGE_CURVE('',#1463,#1485,#1863,.T.);
#1184=EDGE_CURVE('',#1486,#1485,#1864,.T.);
#1185=EDGE_CURVE('',#1469,#1486,#1865,.T.);
#1186=EDGE_CURVE('',#1467,#1483,#1866,.T.);
#1187=EDGE_CURVE('',#1464,#1487,#1867,.T.);
#1188=EDGE_CURVE('',#1485,#1487,#1868,.T.);
#1189=EDGE_CURVE('',#1488,#1484,#1869,.T.);
#1190=EDGE_CURVE('',#1466,#1488,#1870,.T.);
#1191=EDGE_CURVE('',#1468,#1489,#1871,.T.);
#1192=EDGE_CURVE('',#1483,#1489,#1872,.T.);
#1193=EDGE_CURVE('',#1490,#1486,#1873,.T.);
#1194=EDGE_CURVE('',#1470,#1490,#1874,.T.);
#1195=EDGE_CURVE('',#1491,#1492,#1875,.T.);
#1196=EDGE_CURVE('',#1492,#1493,#1876,.T.);
#1197=EDGE_CURVE('',#1494,#1493,#1877,.T.);
#1198=EDGE_CURVE('',#1491,#1494,#1878,.T.);
#1199=EDGE_CURVE('',#1495,#1491,#1879,.T.);
#1200=EDGE_CURVE('',#1496,#1494,#1880,.T.);
#1201=EDGE_CURVE('',#1495,#1496,#1881,.T.);
#1202=EDGE_CURVE('',#1497,#1495,#1882,.T.);
#1203=EDGE_CURVE('',#1498,#1496,#1883,.T.);
#1204=EDGE_CURVE('',#1497,#1498,#1884,.T.);
#1205=EDGE_CURVE('',#1499,#1500,#1885,.T.);
#1206=EDGE_CURVE('',#1500,#1501,#1886,.T.);
#1207=EDGE_CURVE('',#1502,#1501,#1887,.T.);
#1208=EDGE_CURVE('',#1499,#1502,#1888,.T.);
#1209=EDGE_CURVE('',#1503,#1499,#1889,.T.);
#1210=EDGE_CURVE('',#1504,#1502,#1890,.T.);
#1211=EDGE_CURVE('',#1503,#1504,#1891,.T.);
#1212=EDGE_CURVE('',#1505,#1503,#1892,.T.);
#1213=EDGE_CURVE('',#1506,#1504,#1893,.T.);
#1214=EDGE_CURVE('',#1505,#1506,#1894,.T.);
#1215=EDGE_CURVE('',#1507,#1508,#1895,.T.);
#1216=EDGE_CURVE('',#1508,#1509,#1896,.T.);
#1217=EDGE_CURVE('',#1510,#1509,#1897,.T.);
#1218=EDGE_CURVE('',#1507,#1510,#1898,.T.);
#1219=EDGE_CURVE('',#1511,#1507,#1899,.T.);
#1220=EDGE_CURVE('',#1512,#1510,#1900,.T.);
#1221=EDGE_CURVE('',#1511,#1512,#1901,.T.);
#1222=EDGE_CURVE('',#1513,#1511,#1902,.T.);
#1223=EDGE_CURVE('',#1514,#1512,#1903,.T.);
#1224=EDGE_CURVE('',#1513,#1514,#1904,.T.);
#1225=EDGE_CURVE('',#1515,#1516,#1905,.T.);
#1226=EDGE_CURVE('',#1516,#1517,#1906,.T.);
#1227=EDGE_CURVE('',#1518,#1517,#1907,.T.);
#1228=EDGE_CURVE('',#1515,#1518,#1908,.T.);
#1229=EDGE_CURVE('',#1519,#1515,#1909,.T.);
#1230=EDGE_CURVE('',#1520,#1518,#1910,.T.);
#1231=EDGE_CURVE('',#1519,#1520,#1911,.T.);
#1232=EDGE_CURVE('',#1521,#1519,#1912,.T.);
#1233=EDGE_CURVE('',#1522,#1520,#1913,.T.);
#1234=EDGE_CURVE('',#1521,#1522,#1914,.T.);
#1235=EDGE_CURVE('',#1523,#1524,#1915,.T.);
#1236=EDGE_CURVE('',#1524,#1525,#1916,.T.);
#1237=EDGE_CURVE('',#1526,#1525,#1917,.T.);
#1238=EDGE_CURVE('',#1523,#1526,#1918,.T.);
#1239=EDGE_CURVE('',#1527,#1523,#1919,.T.);
#1240=EDGE_CURVE('',#1528,#1526,#1920,.T.);
#1241=EDGE_CURVE('',#1527,#1528,#1921,.T.);
#1242=EDGE_CURVE('',#1529,#1527,#1922,.T.);
#1243=EDGE_CURVE('',#1530,#1528,#1923,.T.);
#1244=EDGE_CURVE('',#1529,#1530,#1924,.T.);
#1245=EDGE_CURVE('',#1531,#1532,#1925,.T.);
#1246=EDGE_CURVE('',#1532,#1533,#1926,.T.);
#1247=EDGE_CURVE('',#1534,#1533,#1927,.T.);
#1248=EDGE_CURVE('',#1531,#1534,#1928,.T.);
#1249=EDGE_CURVE('',#1535,#1531,#1929,.T.);
#1250=EDGE_CURVE('',#1536,#1534,#1930,.T.);
#1251=EDGE_CURVE('',#1535,#1536,#1931,.T.);
#1252=EDGE_CURVE('',#1537,#1535,#1932,.T.);
#1253=EDGE_CURVE('',#1538,#1536,#1933,.T.);
#1254=EDGE_CURVE('',#1537,#1538,#1934,.T.);
#1255=EDGE_CURVE('',#1539,#1480,#1935,.T.);
#1256=EDGE_CURVE('',#1455,#1539,#1936,.T.);
#1257=EDGE_CURVE('',#1540,#1539,#1937,.T.);
#1258=EDGE_CURVE('',#1457,#1540,#1938,.T.);
#1259=EDGE_CURVE('',#1476,#1540,#1939,.T.);
#1260=EDGE_CURVE('',#1541,#1478,#1940,.T.);
#1261=EDGE_CURVE('',#1459,#1541,#1941,.T.);
#1262=EDGE_CURVE('',#1542,#1541,#1942,.T.);
#1263=EDGE_CURVE('',#1461,#1542,#1943,.T.);
#1264=EDGE_CURVE('',#1479,#1542,#1944,.T.);
#1265=EDGE_CURVE('',#1487,#1488,#1945,.T.);
#1266=EDGE_CURVE('',#1489,#1490,#1946,.T.);
#1267=EDGE_CURVE('',#1492,#1497,#1947,.T.);
#1268=EDGE_CURVE('',#1493,#1498,#1948,.T.);
#1269=EDGE_CURVE('',#1500,#1505,#1949,.T.);
#1270=EDGE_CURVE('',#1501,#1506,#1950,.T.);
#1271=EDGE_CURVE('',#1508,#1513,#1951,.T.);
#1272=EDGE_CURVE('',#1509,#1514,#1952,.T.);
#1273=EDGE_CURVE('',#1516,#1521,#1953,.T.);
#1274=EDGE_CURVE('',#1517,#1522,#1954,.T.);
#1275=EDGE_CURVE('',#1524,#1529,#1955,.T.);
#1276=EDGE_CURVE('',#1525,#1530,#1956,.T.);
#1277=EDGE_CURVE('',#1532,#1537,#1957,.T.);
#1278=EDGE_CURVE('',#1533,#1538,#1958,.T.);
#1279=VERTEX_POINT('',#4100);
#1280=VERTEX_POINT('',#4101);
#1281=VERTEX_POINT('',#4103);
#1282=VERTEX_POINT('',#4105);
#1283=VERTEX_POINT('',#4107);
#1284=VERTEX_POINT('',#4109);
#1285=VERTEX_POINT('',#4111);
#1286=VERTEX_POINT('',#4113);
#1287=VERTEX_POINT('',#4117);
#1288=VERTEX_POINT('',#4118);
#1289=VERTEX_POINT('',#4120);
#1290=VERTEX_POINT('',#4122);
#1291=VERTEX_POINT('',#4124);
#1292=VERTEX_POINT('',#4126);
#1293=VERTEX_POINT('',#4128);
#1294=VERTEX_POINT('',#4130);
#1295=VERTEX_POINT('',#4134);
#1296=VERTEX_POINT('',#4136);
#1297=VERTEX_POINT('',#4140);
#1298=VERTEX_POINT('',#4142);
#1299=VERTEX_POINT('',#4148);
#1300=VERTEX_POINT('',#4149);
#1301=VERTEX_POINT('',#4151);
#1302=VERTEX_POINT('',#4153);
#1303=VERTEX_POINT('',#4156);
#1304=VERTEX_POINT('',#4157);
#1305=VERTEX_POINT('',#4159);
#1306=VERTEX_POINT('',#4161);
#1307=VERTEX_POINT('',#4164);
#1308=VERTEX_POINT('',#4165);
#1309=VERTEX_POINT('',#4167);
#1310=VERTEX_POINT('',#4169);
#1311=VERTEX_POINT('',#4172);
#1312=VERTEX_POINT('',#4173);
#1313=VERTEX_POINT('',#4175);
#1314=VERTEX_POINT('',#4177);
#1315=VERTEX_POINT('',#4180);
#1316=VERTEX_POINT('',#4181);
#1317=VERTEX_POINT('',#4183);
#1318=VERTEX_POINT('',#4185);
#1319=VERTEX_POINT('',#4188);
#1320=VERTEX_POINT('',#4189);
#1321=VERTEX_POINT('',#4191);
#1322=VERTEX_POINT('',#4193);
#1323=VERTEX_POINT('',#4196);
#1324=VERTEX_POINT('',#4197);
#1325=VERTEX_POINT('',#4199);
#1326=VERTEX_POINT('',#4201);
#1327=VERTEX_POINT('',#4204);
#1328=VERTEX_POINT('',#4205);
#1329=VERTEX_POINT('',#4207);
#1330=VERTEX_POINT('',#4209);
#1331=VERTEX_POINT('',#4212);
#1332=VERTEX_POINT('',#4213);
#1333=VERTEX_POINT('',#4215);
#1334=VERTEX_POINT('',#4217);
#1335=VERTEX_POINT('',#4220);
#1336=VERTEX_POINT('',#4221);
#1337=VERTEX_POINT('',#4223);
#1338=VERTEX_POINT('',#4225);
#1339=VERTEX_POINT('',#4233);
#1340=VERTEX_POINT('',#4235);
#1341=VERTEX_POINT('',#4239);
#1342=VERTEX_POINT('',#4243);
#1343=VERTEX_POINT('',#4249);
#1344=VERTEX_POINT('',#4251);
#1345=VERTEX_POINT('',#4255);
#1346=VERTEX_POINT('',#4259);
#1347=VERTEX_POINT('',#4265);
#1348=VERTEX_POINT('',#4267);
#1349=VERTEX_POINT('',#4271);
#1350=VERTEX_POINT('',#4275);
#1351=VERTEX_POINT('',#4281);
#1352=VERTEX_POINT('',#4283);
#1353=VERTEX_POINT('',#4287);
#1354=VERTEX_POINT('',#4291);
#1355=VERTEX_POINT('',#4297);
#1356=VERTEX_POINT('',#4299);
#1357=VERTEX_POINT('',#4303);
#1358=VERTEX_POINT('',#4307);
#1359=VERTEX_POINT('',#4313);
#1360=VERTEX_POINT('',#4315);
#1361=VERTEX_POINT('',#4319);
#1362=VERTEX_POINT('',#4323);
#1363=VERTEX_POINT('',#4329);
#1364=VERTEX_POINT('',#4331);
#1365=VERTEX_POINT('',#4335);
#1366=VERTEX_POINT('',#4339);
#1367=VERTEX_POINT('',#4345);
#1368=VERTEX_POINT('',#4347);
#1369=VERTEX_POINT('',#4351);
#1370=VERTEX_POINT('',#4355);
#1371=VERTEX_POINT('',#4361);
#1372=VERTEX_POINT('',#4363);
#1373=VERTEX_POINT('',#4367);
#1374=VERTEX_POINT('',#4371);
#1375=VERTEX_POINT('',#4377);
#1376=VERTEX_POINT('',#4379);
#1377=VERTEX_POINT('',#4383);
#1378=VERTEX_POINT('',#4387);
#1379=VERTEX_POINT('',#4393);
#1380=VERTEX_POINT('',#4394);
#1381=VERTEX_POINT('',#4396);
#1382=VERTEX_POINT('',#4398);
#1383=VERTEX_POINT('',#4401);
#1384=VERTEX_POINT('',#4402);
#1385=VERTEX_POINT('',#4404);
#1386=VERTEX_POINT('',#4406);
#1387=VERTEX_POINT('',#4409);
#1388=VERTEX_POINT('',#4410);
#1389=VERTEX_POINT('',#4412);
#1390=VERTEX_POINT('',#4414);
#1391=VERTEX_POINT('',#4417);
#1392=VERTEX_POINT('',#4418);
#1393=VERTEX_POINT('',#4420);
#1394=VERTEX_POINT('',#4422);
#1395=VERTEX_POINT('',#4425);
#1396=VERTEX_POINT('',#4427);
#1397=VERTEX_POINT('',#4430);
#1398=VERTEX_POINT('',#4432);
#1399=VERTEX_POINT('',#4446);
#1400=VERTEX_POINT('',#4447);
#1401=VERTEX_POINT('',#4452);
#1402=VERTEX_POINT('',#4456);
#1403=VERTEX_POINT('',#4460);
#1404=VERTEX_POINT('',#4461);
#1405=VERTEX_POINT('',#4466);
#1406=VERTEX_POINT('',#4470);
#1407=VERTEX_POINT('',#4474);
#1408=VERTEX_POINT('',#4475);
#1409=VERTEX_POINT('',#4480);
#1410=VERTEX_POINT('',#4484);
#1411=VERTEX_POINT('',#4488);
#1412=VERTEX_POINT('',#4489);
#1413=VERTEX_POINT('',#4494);
#1414=VERTEX_POINT('',#4498);
#1415=VERTEX_POINT('',#4514);
#1416=VERTEX_POINT('',#4516);
#1417=VERTEX_POINT('',#4520);
#1418=VERTEX_POINT('',#4524);
#1419=VERTEX_POINT('',#4531);
#1420=VERTEX_POINT('',#4533);
#1421=VERTEX_POINT('',#4537);
#1422=VERTEX_POINT('',#4541);
#1423=VERTEX_POINT('',#4548);
#1424=VERTEX_POINT('',#4550);
#1425=VERTEX_POINT('',#4554);
#1426=VERTEX_POINT('',#4558);
#1427=VERTEX_POINT('',#4565);
#1428=VERTEX_POINT('',#4567);
#1429=VERTEX_POINT('',#4571);
#1430=VERTEX_POINT('',#4575);
#1431=VERTEX_POINT('',#4582);
#1432=VERTEX_POINT('',#4584);
#1433=VERTEX_POINT('',#4588);
#1434=VERTEX_POINT('',#4592);
#1435=VERTEX_POINT('',#4599);
#1436=VERTEX_POINT('',#4601);
#1437=VERTEX_POINT('',#4605);
#1438=VERTEX_POINT('',#4609);
#1439=VERTEX_POINT('',#4616);
#1440=VERTEX_POINT('',#4618);
#1441=VERTEX_POINT('',#4622);
#1442=VERTEX_POINT('',#4626);
#1443=VERTEX_POINT('',#4633);
#1444=VERTEX_POINT('',#4635);
#1445=VERTEX_POINT('',#4639);
#1446=VERTEX_POINT('',#4643);
#1447=VERTEX_POINT('',#4650);
#1448=VERTEX_POINT('',#4652);
#1449=VERTEX_POINT('',#4656);
#1450=VERTEX_POINT('',#4660);
#1451=VERTEX_POINT('',#4667);
#1452=VERTEX_POINT('',#4669);
#1453=VERTEX_POINT('',#4673);
#1454=VERTEX_POINT('',#4677);
#1455=VERTEX_POINT('',#4685);
#1456=VERTEX_POINT('',#4686);
#1457=VERTEX_POINT('',#4688);
#1458=VERTEX_POINT('',#4690);
#1459=VERTEX_POINT('',#4694);
#1460=VERTEX_POINT('',#4695);
#1461=VERTEX_POINT('',#4697);
#1462=VERTEX_POINT('',#4699);
#1463=VERTEX_POINT('',#4703);
#1464=VERTEX_POINT('',#4704);
#1465=VERTEX_POINT('',#4706);
#1466=VERTEX_POINT('',#4708);
#1467=VERTEX_POINT('',#4712);
#1468=VERTEX_POINT('',#4713);
#1469=VERTEX_POINT('',#4715);
#1470=VERTEX_POINT('',#4717);
#1471=VERTEX_POINT('',#4721);
#1472=VERTEX_POINT('',#4722);
#1473=VERTEX_POINT('',#4724);
#1474=VERTEX_POINT('',#4726);
#1475=VERTEX_POINT('',#4730);
#1476=VERTEX_POINT('',#4731);
#1477=VERTEX_POINT('',#4733);
#1478=VERTEX_POINT('',#4736);
#1479=VERTEX_POINT('',#4739);
#1480=VERTEX_POINT('',#4741);
#1481=VERTEX_POINT('',#4746);
#1482=VERTEX_POINT('',#4748);
#1483=VERTEX_POINT('',#4752);
#1484=VERTEX_POINT('',#4755);
#1485=VERTEX_POINT('',#4758);
#1486=VERTEX_POINT('',#4760);
#1487=VERTEX_POINT('',#4766);
#1488=VERTEX_POINT('',#4770);
#1489=VERTEX_POINT('',#4774);
#1490=VERTEX_POINT('',#4778);
#1491=VERTEX_POINT('',#4782);
#1492=VERTEX_POINT('',#4783);
#1493=VERTEX_POINT('',#4785);
#1494=VERTEX_POINT('',#4787);
#1495=VERTEX_POINT('',#4791);
#1496=VERTEX_POINT('',#4793);
#1497=VERTEX_POINT('',#4797);
#1498=VERTEX_POINT('',#4799);
#1499=VERTEX_POINT('',#4803);
#1500=VERTEX_POINT('',#4804);
#1501=VERTEX_POINT('',#4806);
#1502=VERTEX_POINT('',#4808);
#1503=VERTEX_POINT('',#4812);
#1504=VERTEX_POINT('',#4814);
#1505=VERTEX_POINT('',#4818);
#1506=VERTEX_POINT('',#4820);
#1507=VERTEX_POINT('',#4824);
#1508=VERTEX_POINT('',#4825);
#1509=VERTEX_POINT('',#4827);
#1510=VERTEX_POINT('',#4829);
#1511=VERTEX_POINT('',#4833);
#1512=VERTEX_POINT('',#4835);
#1513=VERTEX_POINT('',#4839);
#1514=VERTEX_POINT('',#4841);
#1515=VERTEX_POINT('',#4845);
#1516=VERTEX_POINT('',#4846);
#1517=VERTEX_POINT('',#4848);
#1518=VERTEX_POINT('',#4850);
#1519=VERTEX_POINT('',#4854);
#1520=VERTEX_POINT('',#4856);
#1521=VERTEX_POINT('',#4860);
#1522=VERTEX_POINT('',#4862);
#1523=VERTEX_POINT('',#4866);
#1524=VERTEX_POINT('',#4867);
#1525=VERTEX_POINT('',#4869);
#1526=VERTEX_POINT('',#4871);
#1527=VERTEX_POINT('',#4875);
#1528=VERTEX_POINT('',#4877);
#1529=VERTEX_POINT('',#4881);
#1530=VERTEX_POINT('',#4883);
#1531=VERTEX_POINT('',#4887);
#1532=VERTEX_POINT('',#4888);
#1533=VERTEX_POINT('',#4890);
#1534=VERTEX_POINT('',#4892);
#1535=VERTEX_POINT('',#4896);
#1536=VERTEX_POINT('',#4898);
#1537=VERTEX_POINT('',#4902);
#1538=VERTEX_POINT('',#4904);
#1539=VERTEX_POINT('',#4908);
#1540=VERTEX_POINT('',#4912);
#1541=VERTEX_POINT('',#4918);
#1542=VERTEX_POINT('',#4922);
#1543=LINE('',#4099,#1959);
#1544=LINE('',#4102,#1960);
#1545=LINE('',#4104,#1961);
#1546=LINE('',#4106,#1962);
#1547=LINE('',#4108,#1963);
#1548=LINE('',#4110,#1964);
#1549=LINE('',#4112,#1965);
#1550=LINE('',#4114,#1966);
#1551=LINE('',#4116,#1967);
#1552=LINE('',#4119,#1968);
#1553=LINE('',#4121,#1969);
#1554=LINE('',#4123,#1970);
#1555=LINE('',#4125,#1971);
#1556=LINE('',#4127,#1972);
#1557=LINE('',#4129,#1973);
#1558=LINE('',#4131,#1974);
#1559=LINE('',#4133,#1975);
#1560=LINE('',#4135,#1976);
#1561=LINE('',#4137,#1977);
#1562=LINE('',#4139,#1978);
#1563=LINE('',#4141,#1979);
#1564=LINE('',#4143,#1980);
#1565=LINE('',#4145,#1981);
#1566=LINE('',#4146,#1982);
#1567=LINE('',#4147,#1983);
#1568=LINE('',#4150,#1984);
#1569=LINE('',#4152,#1985);
#1570=LINE('',#4154,#1986);
#1571=LINE('',#4155,#1987);
#1572=LINE('',#4158,#1988);
#1573=LINE('',#4160,#1989);
#1574=LINE('',#4162,#1990);
#1575=LINE('',#4163,#1991);
#1576=LINE('',#4166,#1992);
#1577=LINE('',#4168,#1993);
#1578=LINE('',#4170,#1994);
#1579=LINE('',#4171,#1995);
#1580=LINE('',#4174,#1996);
#1581=LINE('',#4176,#1997);
#1582=LINE('',#4178,#1998);
#1583=LINE('',#4179,#1999);
#1584=LINE('',#4182,#2000);
#1585=LINE('',#4184,#2001);
#1586=LINE('',#4186,#2002);
#1587=LINE('',#4187,#2003);
#1588=LINE('',#4190,#2004);
#1589=LINE('',#4192,#2005);
#1590=LINE('',#4194,#2006);
#1591=LINE('',#4195,#2007);
#1592=LINE('',#4198,#2008);
#1593=LINE('',#4200,#2009);
#1594=LINE('',#4202,#2010);
#1595=LINE('',#4203,#2011);
#1596=LINE('',#4206,#2012);
#1597=LINE('',#4208,#2013);
#1598=LINE('',#4210,#2014);
#1599=LINE('',#4211,#2015);
#1600=LINE('',#4214,#2016);
#1601=LINE('',#4216,#2017);
#1602=LINE('',#4218,#2018);
#1603=LINE('',#4219,#2019);
#1604=LINE('',#4222,#2020);
#1605=LINE('',#4224,#2021);
#1606=LINE('',#4226,#2022);
#1607=LINE('',#4228,#2023);
#1608=LINE('',#4230,#2024);
#1609=LINE('',#4232,#2025);
#1610=LINE('',#4234,#2026);
#1611=LINE('',#4236,#2027);
#1612=LINE('',#4238,#2028);
#1613=LINE('',#4240,#2029);
#1614=LINE('',#4242,#2030);
#1615=LINE('',#4244,#2031);
#1616=LINE('',#4246,#2032);
#1617=LINE('',#4248,#2033);
#1618=LINE('',#4250,#2034);
#1619=LINE('',#4252,#2035);
#1620=LINE('',#4254,#2036);
#1621=LINE('',#4256,#2037);
#1622=LINE('',#4258,#2038);
#1623=LINE('',#4260,#2039);
#1624=LINE('',#4262,#2040);
#1625=LINE('',#4264,#2041);
#1626=LINE('',#4266,#2042);
#1627=LINE('',#4268,#2043);
#1628=LINE('',#4270,#2044);
#1629=LINE('',#4272,#2045);
#1630=LINE('',#4274,#2046);
#1631=LINE('',#4276,#2047);
#1632=LINE('',#4278,#2048);
#1633=LINE('',#4280,#2049);
#1634=LINE('',#4282,#2050);
#1635=LINE('',#4284,#2051);
#1636=LINE('',#4286,#2052);
#1637=LINE('',#4288,#2053);
#1638=LINE('',#4290,#2054);
#1639=LINE('',#4292,#2055);
#1640=LINE('',#4294,#2056);
#1641=LINE('',#4296,#2057);
#1642=LINE('',#4298,#2058);
#1643=LINE('',#4300,#2059);
#1644=LINE('',#4302,#2060);
#1645=LINE('',#4304,#2061);
#1646=LINE('',#4306,#2062);
#1647=LINE('',#4308,#2063);
#1648=LINE('',#4310,#2064);
#1649=LINE('',#4312,#2065);
#1650=LINE('',#4314,#2066);
#1651=LINE('',#4316,#2067);
#1652=LINE('',#4318,#2068);
#1653=LINE('',#4320,#2069);
#1654=LINE('',#4322,#2070);
#1655=LINE('',#4324,#2071);
#1656=LINE('',#4326,#2072);
#1657=LINE('',#4328,#2073);
#1658=LINE('',#4330,#2074);
#1659=LINE('',#4332,#2075);
#1660=LINE('',#4334,#2076);
#1661=LINE('',#4336,#2077);
#1662=LINE('',#4338,#2078);
#1663=LINE('',#4340,#2079);
#1664=LINE('',#4342,#2080);
#1665=LINE('',#4344,#2081);
#1666=LINE('',#4346,#2082);
#1667=LINE('',#4348,#2083);
#1668=LINE('',#4350,#2084);
#1669=LINE('',#4352,#2085);
#1670=LINE('',#4354,#2086);
#1671=LINE('',#4356,#2087);
#1672=LINE('',#4358,#2088);
#1673=LINE('',#4360,#2089);
#1674=LINE('',#4362,#2090);
#1675=LINE('',#4364,#2091);
#1676=LINE('',#4366,#2092);
#1677=LINE('',#4368,#2093);
#1678=LINE('',#4370,#2094);
#1679=LINE('',#4372,#2095);
#1680=LINE('',#4374,#2096);
#1681=LINE('',#4376,#2097);
#1682=LINE('',#4378,#2098);
#1683=LINE('',#4380,#2099);
#1684=LINE('',#4382,#2100);
#1685=LINE('',#4384,#2101);
#1686=LINE('',#4386,#2102);
#1687=LINE('',#4388,#2103);
#1688=LINE('',#4390,#2104);
#1689=LINE('',#4392,#2105);
#1690=LINE('',#4395,#2106);
#1691=LINE('',#4397,#2107);
#1692=LINE('',#4399,#2108);
#1693=LINE('',#4400,#2109);
#1694=LINE('',#4403,#2110);
#1695=LINE('',#4405,#2111);
#1696=LINE('',#4407,#2112);
#1697=LINE('',#4408,#2113);
#1698=LINE('',#4411,#2114);
#1699=LINE('',#4413,#2115);
#1700=LINE('',#4415,#2116);
#1701=LINE('',#4416,#2117);
#1702=LINE('',#4419,#2118);
#1703=LINE('',#4421,#2119);
#1704=LINE('',#4423,#2120);
#1705=LINE('',#4424,#2121);
#1706=LINE('',#4426,#2122);
#1707=LINE('',#4428,#2123);
#1708=LINE('',#4429,#2124);
#1709=LINE('',#4431,#2125);
#1710=LINE('',#4433,#2126);
#1711=LINE('',#4435,#2127);
#1712=LINE('',#4437,#2128);
#1713=LINE('',#4439,#2129);
#1714=LINE('',#4441,#2130);
#1715=LINE('',#4445,#2131);
#1716=LINE('',#4448,#2132);
#1717=LINE('',#4449,#2133);
#1718=LINE('',#4451,#2134);
#1719=LINE('',#4453,#2135);
#1720=LINE('',#4455,#2136);
#1721=LINE('',#4457,#2137);
#1722=LINE('',#4459,#2138);
#1723=LINE('',#4462,#2139);
#1724=LINE('',#4463,#2140);
#1725=LINE('',#4465,#2141);
#1726=LINE('',#4467,#2142);
#1727=LINE('',#4469,#2143);
#1728=LINE('',#4471,#2144);
#1729=LINE('',#4473,#2145);
#1730=LINE('',#4476,#2146);
#1731=LINE('',#4477,#2147);
#1732=LINE('',#4479,#2148);
#1733=LINE('',#4481,#2149);
#1734=LINE('',#4483,#2150);
#1735=LINE('',#4485,#2151);
#1736=LINE('',#4487,#2152);
#1737=LINE('',#4490,#2153);
#1738=LINE('',#4491,#2154);
#1739=LINE('',#4493,#2155);
#1740=LINE('',#4495,#2156);
#1741=LINE('',#4497,#2157);
#1742=LINE('',#4499,#2158);
#1743=LINE('',#4501,#2159);
#1744=LINE('',#4503,#2160);
#1745=LINE('',#4505,#2161);
#1746=LINE('',#4507,#2162);
#1747=LINE('',#4513,#2163);
#1748=LINE('',#4515,#2164);
#1749=LINE('',#4517,#2165);
#1750=LINE('',#4519,#2166);
#1751=LINE('',#4521,#2167);
#1752=LINE('',#4523,#2168);
#1753=LINE('',#4525,#2169);
#1754=LINE('',#4527,#2170);
#1755=LINE('',#4530,#2171);
#1756=LINE('',#4532,#2172);
#1757=LINE('',#4534,#2173);
#1758=LINE('',#4536,#2174);
#1759=LINE('',#4538,#2175);
#1760=LINE('',#4540,#2176);
#1761=LINE('',#4542,#2177);
#1762=LINE('',#4544,#2178);
#1763=LINE('',#4547,#2179);
#1764=LINE('',#4549,#2180);
#1765=LINE('',#4551,#2181);
#1766=LINE('',#4553,#2182);
#1767=LINE('',#4555,#2183);
#1768=LINE('',#4557,#2184);
#1769=LINE('',#4559,#2185);
#1770=LINE('',#4561,#2186);
#1771=LINE('',#4564,#2187);
#1772=LINE('',#4566,#2188);
#1773=LINE('',#4568,#2189);
#1774=LINE('',#4570,#2190);
#1775=LINE('',#4572,#2191);
#1776=LINE('',#4574,#2192);
#1777=LINE('',#4576,#2193);
#1778=LINE('',#4578,#2194);
#1779=LINE('',#4581,#2195);
#1780=LINE('',#4583,#2196);
#1781=LINE('',#4585,#2197);
#1782=LINE('',#4587,#2198);
#1783=LINE('',#4589,#2199);
#1784=LINE('',#4591,#2200);
#1785=LINE('',#4593,#2201);
#1786=LINE('',#4595,#2202);
#1787=LINE('',#4598,#2203);
#1788=LINE('',#4600,#2204);
#1789=LINE('',#4602,#2205);
#1790=LINE('',#4604,#2206);
#1791=LINE('',#4606,#2207);
#1792=LINE('',#4608,#2208);
#1793=LINE('',#4610,#2209);
#1794=LINE('',#4612,#2210);
#1795=LINE('',#4615,#2211);
#1796=LINE('',#4617,#2212);
#1797=LINE('',#4619,#2213);
#1798=LINE('',#4621,#2214);
#1799=LINE('',#4623,#2215);
#1800=LINE('',#4625,#2216);
#1801=LINE('',#4627,#2217);
#1802=LINE('',#4629,#2218);
#1803=LINE('',#4632,#2219);
#1804=LINE('',#4634,#2220);
#1805=LINE('',#4636,#2221);
#1806=LINE('',#4638,#2222);
#1807=LINE('',#4640,#2223);
#1808=LINE('',#4642,#2224);
#1809=LINE('',#4644,#2225);
#1810=LINE('',#4646,#2226);
#1811=LINE('',#4649,#2227);
#1812=LINE('',#4651,#2228);
#1813=LINE('',#4653,#2229);
#1814=LINE('',#4655,#2230);
#1815=LINE('',#4657,#2231);
#1816=LINE('',#4659,#2232);
#1817=LINE('',#4661,#2233);
#1818=LINE('',#4663,#2234);
#1819=LINE('',#4666,#2235);
#1820=LINE('',#4668,#2236);
#1821=LINE('',#4670,#2237);
#1822=LINE('',#4672,#2238);
#1823=LINE('',#4674,#2239);
#1824=LINE('',#4676,#2240);
#1825=LINE('',#4678,#2241);
#1826=LINE('',#4680,#2242);
#1827=LINE('',#4684,#2243);
#1828=LINE('',#4687,#2244);
#1829=LINE('',#4689,#2245);
#1830=LINE('',#4691,#2246);
#1831=LINE('',#4693,#2247);
#1832=LINE('',#4696,#2248);
#1833=LINE('',#4698,#2249);
#1834=LINE('',#4700,#2250);
#1835=LINE('',#4702,#2251);
#1836=LINE('',#4705,#2252);
#1837=LINE('',#4707,#2253);
#1838=LINE('',#4709,#2254);
#1839=LINE('',#4711,#2255);
#1840=LINE('',#4714,#2256);
#1841=LINE('',#4716,#2257);
#1842=LINE('',#4718,#2258);
#1843=LINE('',#4720,#2259);
#1844=LINE('',#4723,#2260);
#1845=LINE('',#4725,#2261);
#1846=LINE('',#4727,#2262);
#1847=LINE('',#4729,#2263);
#1848=LINE('',#4732,#2264);
#1849=LINE('',#4734,#2265);
#1850=LINE('',#4735,#2266);
#1851=LINE('',#4737,#2267);
#1852=LINE('',#4738,#2268);
#1853=LINE('',#4740,#2269);
#1854=LINE('',#4742,#2270);
#1855=LINE('',#4743,#2271);
#1856=LINE('',#4745,#2272);
#1857=LINE('',#4747,#2273);
#1858=LINE('',#4749,#2274);
#1859=LINE('',#4751,#2275);
#1860=LINE('',#4753,#2276);
#1861=LINE('',#4754,#2277);
#1862=LINE('',#4756,#2278);
#1863=LINE('',#4757,#2279);
#1864=LINE('',#4759,#2280);
#1865=LINE('',#4761,#2281);
#1866=LINE('',#4762,#2282);
#1867=LINE('',#4765,#2283);
#1868=LINE('',#4767,#2284);
#1869=LINE('',#4769,#2285);
#1870=LINE('',#4771,#2286);
#1871=LINE('',#4773,#2287);
#1872=LINE('',#4775,#2288);
#1873=LINE('',#4777,#2289);
#1874=LINE('',#4779,#2290);
#1875=LINE('',#4781,#2291);
#1876=LINE('',#4784,#2292);
#1877=LINE('',#4786,#2293);
#1878=LINE('',#4788,#2294);
#1879=LINE('',#4790,#2295);
#1880=LINE('',#4792,#2296);
#1881=LINE('',#4794,#2297);
#1882=LINE('',#4796,#2298);
#1883=LINE('',#4798,#2299);
#1884=LINE('',#4800,#2300);
#1885=LINE('',#4802,#2301);
#1886=LINE('',#4805,#2302);
#1887=LINE('',#4807,#2303);
#1888=LINE('',#4809,#2304);
#1889=LINE('',#4811,#2305);
#1890=LINE('',#4813,#2306);
#1891=LINE('',#4815,#2307);
#1892=LINE('',#4817,#2308);
#1893=LINE('',#4819,#2309);
#1894=LINE('',#4821,#2310);
#1895=LINE('',#4823,#2311);
#1896=LINE('',#4826,#2312);
#1897=LINE('',#4828,#2313);
#1898=LINE('',#4830,#2314);
#1899=LINE('',#4832,#2315);
#1900=LINE('',#4834,#2316);
#1901=LINE('',#4836,#2317);
#1902=LINE('',#4838,#2318);
#1903=LINE('',#4840,#2319);
#1904=LINE('',#4842,#2320);
#1905=LINE('',#4844,#2321);
#1906=LINE('',#4847,#2322);
#1907=LINE('',#4849,#2323);
#1908=LINE('',#4851,#2324);
#1909=LINE('',#4853,#2325);
#1910=LINE('',#4855,#2326);
#1911=LINE('',#4857,#2327);
#1912=LINE('',#4859,#2328);
#1913=LINE('',#4861,#2329);
#1914=LINE('',#4863,#2330);
#1915=LINE('',#4865,#2331);
#1916=LINE('',#4868,#2332);
#1917=LINE('',#4870,#2333);
#1918=LINE('',#4872,#2334);
#1919=LINE('',#4874,#2335);
#1920=LINE('',#4876,#2336);
#1921=LINE('',#4878,#2337);
#1922=LINE('',#4880,#2338);
#1923=LINE('',#4882,#2339);
#1924=LINE('',#4884,#2340);
#1925=LINE('',#4886,#2341);
#1926=LINE('',#4889,#2342);
#1927=LINE('',#4891,#2343);
#1928=LINE('',#4893,#2344);
#1929=LINE('',#4895,#2345);
#1930=LINE('',#4897,#2346);
#1931=LINE('',#4899,#2347);
#1932=LINE('',#4901,#2348);
#1933=LINE('',#4903,#2349);
#1934=LINE('',#4905,#2350);
#1935=LINE('',#4907,#2351);
#1936=LINE('',#4909,#2352);
#1937=LINE('',#4911,#2353);
#1938=LINE('',#4913,#2354);
#1939=LINE('',#4915,#2355);
#1940=LINE('',#4917,#2356);
#1941=LINE('',#4919,#2357);
#1942=LINE('',#4921,#2358);
#1943=LINE('',#4923,#2359);
#1944=LINE('',#4925,#2360);
#1945=LINE('',#4927,#2361);
#1946=LINE('',#4929,#2362);
#1947=LINE('',#4931,#2363);
#1948=LINE('',#4932,#2364);
#1949=LINE('',#4934,#2365);
#1950=LINE('',#4935,#2366);
#1951=LINE('',#4937,#2367);
#1952=LINE('',#4938,#2368);
#1953=LINE('',#4940,#2369);
#1954=LINE('',#4941,#2370);
#1955=LINE('',#4943,#2371);
#1956=LINE('',#4944,#2372);
#1957=LINE('',#4946,#2373);
#1958=LINE('',#4947,#2374);
#1959=VECTOR('',#3327,39.3700787401575);
#1960=VECTOR('',#3328,39.3700787401575);
#1961=VECTOR('',#3329,39.3700787401575);
#1962=VECTOR('',#3330,39.3700787401575);
#1963=VECTOR('',#3331,39.3700787401575);
#1964=VECTOR('',#3332,39.3700787401575);
#1965=VECTOR('',#3333,39.3700787401575);
#1966=VECTOR('',#3334,39.3700787401575);
#1967=VECTOR('',#3337,39.3700787401575);
#1968=VECTOR('',#3338,39.3700787401575);
#1969=VECTOR('',#3339,39.3700787401575);
#1970=VECTOR('',#3340,39.3700787401575);
#1971=VECTOR('',#3341,39.3700787401575);
#1972=VECTOR('',#3342,39.3700787401575);
#1973=VECTOR('',#3343,39.3700787401575);
#1974=VECTOR('',#3344,39.3700787401575);
#1975=VECTOR('',#3347,39.3700787401575);
#1976=VECTOR('',#3348,39.3700787401575);
#1977=VECTOR('',#3349,39.3700787401575);
#1978=VECTOR('',#3352,39.3700787401575);
#1979=VECTOR('',#3353,39.3700787401575);
#1980=VECTOR('',#3354,39.3700787401575);
#1981=VECTOR('',#3357,39.3700787401575);
#1982=VECTOR('',#3358,39.3700787401575);
#1983=VECTOR('',#3359,39.3700787401575);
#1984=VECTOR('',#3360,39.3700787401575);
#1985=VECTOR('',#3361,39.3700787401575);
#1986=VECTOR('',#3362,39.3700787401575);
#1987=VECTOR('',#3363,39.3700787401575);
#1988=VECTOR('',#3364,39.3700787401575);
#1989=VECTOR('',#3365,39.3700787401575);
#1990=VECTOR('',#3366,39.3700787401575);
#1991=VECTOR('',#3367,39.3700787401575);
#1992=VECTOR('',#3368,39.3700787401575);
#1993=VECTOR('',#3369,39.3700787401575);
#1994=VECTOR('',#3370,39.3700787401575);
#1995=VECTOR('',#3371,39.3700787401575);
#1996=VECTOR('',#3372,39.3700787401575);
#1997=VECTOR('',#3373,39.3700787401575);
#1998=VECTOR('',#3374,39.3700787401575);
#1999=VECTOR('',#3375,39.3700787401575);
#2000=VECTOR('',#3376,39.3700787401575);
#2001=VECTOR('',#3377,39.3700787401575);
#2002=VECTOR('',#3378,39.3700787401575);
#2003=VECTOR('',#3379,39.3700787401575);
#2004=VECTOR('',#3380,39.3700787401575);
#2005=VECTOR('',#3381,39.3700787401575);
#2006=VECTOR('',#3382,39.3700787401575);
#2007=VECTOR('',#3383,39.3700787401575);
#2008=VECTOR('',#3384,39.3700787401575);
#2009=VECTOR('',#3385,39.3700787401575);
#2010=VECTOR('',#3386,39.3700787401575);
#2011=VECTOR('',#3387,39.3700787401575);
#2012=VECTOR('',#3388,39.3700787401575);
#2013=VECTOR('',#3389,39.3700787401575);
#2014=VECTOR('',#3390,39.3700787401575);
#2015=VECTOR('',#3391,39.3700787401575);
#2016=VECTOR('',#3392,39.3700787401575);
#2017=VECTOR('',#3393,39.3700787401575);
#2018=VECTOR('',#3394,39.3700787401575);
#2019=VECTOR('',#3395,39.3700787401575);
#2020=VECTOR('',#3396,39.3700787401575);
#2021=VECTOR('',#3397,39.3700787401575);
#2022=VECTOR('',#3398,39.3700787401575);
#2023=VECTOR('',#3401,39.3700787401575);
#2024=VECTOR('',#3404,39.3700787401575);
#2025=VECTOR('',#3407,39.3700787401575);
#2026=VECTOR('',#3408,39.3700787401575);
#2027=VECTOR('',#3409,39.3700787401575);
#2028=VECTOR('',#3412,39.3700787401575);
#2029=VECTOR('',#3413,39.3700787401575);
#2030=VECTOR('',#3416,39.3700787401575);
#2031=VECTOR('',#3417,39.3700787401575);
#2032=VECTOR('',#3420,39.3700787401575);
#2033=VECTOR('',#3423,39.3700787401575);
#2034=VECTOR('',#3424,39.3700787401575);
#2035=VECTOR('',#3425,39.3700787401575);
#2036=VECTOR('',#3428,39.3700787401575);
#2037=VECTOR('',#3429,39.3700787401575);
#2038=VECTOR('',#3432,39.3700787401575);
#2039=VECTOR('',#3433,39.3700787401575);
#2040=VECTOR('',#3436,39.3700787401575);
#2041=VECTOR('',#3439,39.3700787401575);
#2042=VECTOR('',#3440,39.3700787401575);
#2043=VECTOR('',#3441,39.3700787401575);
#2044=VECTOR('',#3444,39.3700787401575);
#2045=VECTOR('',#3445,39.3700787401575);
#2046=VECTOR('',#3448,39.3700787401575);
#2047=VECTOR('',#3449,39.3700787401575);
#2048=VECTOR('',#3452,39.3700787401575);
#2049=VECTOR('',#3455,39.3700787401575);
#2050=VECTOR('',#3456,39.3700787401575);
#2051=VECTOR('',#3457,39.3700787401575);
#2052=VECTOR('',#3460,39.3700787401575);
#2053=VECTOR('',#3461,39.3700787401575);
#2054=VECTOR('',#3464,39.3700787401575);
#2055=VECTOR('',#3465,39.3700787401575);
#2056=VECTOR('',#3468,39.3700787401575);
#2057=VECTOR('',#3471,39.3700787401575);
#2058=VECTOR('',#3472,39.3700787401575);
#2059=VECTOR('',#3473,39.3700787401575);
#2060=VECTOR('',#3476,39.3700787401575);
#2061=VECTOR('',#3477,39.3700787401575);
#2062=VECTOR('',#3480,39.3700787401575);
#2063=VECTOR('',#3481,39.3700787401575);
#2064=VECTOR('',#3484,39.3700787401575);
#2065=VECTOR('',#3487,39.3700787401575);
#2066=VECTOR('',#3488,39.3700787401575);
#2067=VECTOR('',#3489,39.3700787401575);
#2068=VECTOR('',#3492,39.3700787401575);
#2069=VECTOR('',#3493,39.3700787401575);
#2070=VECTOR('',#3496,39.3700787401575);
#2071=VECTOR('',#3497,39.3700787401575);
#2072=VECTOR('',#3500,39.3700787401575);
#2073=VECTOR('',#3503,39.3700787401575);
#2074=VECTOR('',#3504,39.3700787401575);
#2075=VECTOR('',#3505,39.3700787401575);
#2076=VECTOR('',#3508,39.3700787401575);
#2077=VECTOR('',#3509,39.3700787401575);
#2078=VECTOR('',#3512,39.3700787401575);
#2079=VECTOR('',#3513,39.3700787401575);
#2080=VECTOR('',#3516,39.3700787401575);
#2081=VECTOR('',#3519,39.3700787401575);
#2082=VECTOR('',#3520,39.3700787401575);
#2083=VECTOR('',#3521,39.3700787401575);
#2084=VECTOR('',#3524,39.3700787401575);
#2085=VECTOR('',#3525,39.3700787401575);
#2086=VECTOR('',#3528,39.3700787401575);
#2087=VECTOR('',#3529,39.3700787401575);
#2088=VECTOR('',#3532,39.3700787401575);
#2089=VECTOR('',#3535,39.3700787401575);
#2090=VECTOR('',#3536,39.3700787401575);
#2091=VECTOR('',#3537,39.3700787401575);
#2092=VECTOR('',#3540,39.3700787401575);
#2093=VECTOR('',#3541,39.3700787401575);
#2094=VECTOR('',#3544,39.3700787401575);
#2095=VECTOR('',#3545,39.3700787401575);
#2096=VECTOR('',#3548,39.3700787401575);
#2097=VECTOR('',#3551,39.3700787401575);
#2098=VECTOR('',#3552,39.3700787401575);
#2099=VECTOR('',#3553,39.3700787401575);
#2100=VECTOR('',#3556,39.3700787401575);
#2101=VECTOR('',#3557,39.3700787401575);
#2102=VECTOR('',#3560,39.3700787401575);
#2103=VECTOR('',#3561,39.3700787401575);
#2104=VECTOR('',#3564,39.3700787401575);
#2105=VECTOR('',#3567,39.3700787401575);
#2106=VECTOR('',#3568,39.3700787401575);
#2107=VECTOR('',#3569,39.3700787401575);
#2108=VECTOR('',#3570,39.3700787401575);
#2109=VECTOR('',#3571,39.3700787401575);
#2110=VECTOR('',#3572,39.3700787401575);
#2111=VECTOR('',#3573,39.3700787401575);
#2112=VECTOR('',#3574,39.3700787401575);
#2113=VECTOR('',#3575,39.3700787401575);
#2114=VECTOR('',#3576,39.3700787401575);
#2115=VECTOR('',#3577,39.3700787401575);
#2116=VECTOR('',#3578,39.3700787401575);
#2117=VECTOR('',#3579,39.3700787401575);
#2118=VECTOR('',#3580,39.3700787401575);
#2119=VECTOR('',#3581,39.3700787401575);
#2120=VECTOR('',#3582,39.3700787401575);
#2121=VECTOR('',#3583,39.3700787401575);
#2122=VECTOR('',#3584,39.3700787401575);
#2123=VECTOR('',#3585,39.3700787401575);
#2124=VECTOR('',#3586,39.3700787401575);
#2125=VECTOR('',#3587,39.3700787401575);
#2126=VECTOR('',#3588,39.3700787401575);
#2127=VECTOR('',#3591,39.3700787401575);
#2128=VECTOR('',#3594,39.3700787401575);
#2129=VECTOR('',#3597,39.3700787401575);
#2130=VECTOR('',#3600,39.3700787401575);
#2131=VECTOR('',#3607,39.3700787401575);
#2132=VECTOR('',#3608,39.3700787401575);
#2133=VECTOR('',#3609,39.3700787401575);
#2134=VECTOR('',#3612,39.3700787401575);
#2135=VECTOR('',#3613,39.3700787401575);
#2136=VECTOR('',#3616,39.3700787401575);
#2137=VECTOR('',#3617,39.3700787401575);
#2138=VECTOR('',#3620,39.3700787401575);
#2139=VECTOR('',#3621,39.3700787401575);
#2140=VECTOR('',#3622,39.3700787401575);
#2141=VECTOR('',#3625,39.3700787401575);
#2142=VECTOR('',#3626,39.3700787401575);
#2143=VECTOR('',#3629,39.3700787401575);
#2144=VECTOR('',#3630,39.3700787401575);
#2145=VECTOR('',#3633,39.3700787401575);
#2146=VECTOR('',#3634,39.3700787401575);
#2147=VECTOR('',#3635,39.3700787401575);
#2148=VECTOR('',#3638,39.3700787401575);
#2149=VECTOR('',#3639,39.3700787401575);
#2150=VECTOR('',#3642,39.3700787401575);
#2151=VECTOR('',#3643,39.3700787401575);
#2152=VECTOR('',#3646,39.3700787401575);
#2153=VECTOR('',#3647,39.3700787401575);
#2154=VECTOR('',#3648,39.3700787401575);
#2155=VECTOR('',#3651,39.3700787401575);
#2156=VECTOR('',#3652,39.3700787401575);
#2157=VECTOR('',#3655,39.3700787401575);
#2158=VECTOR('',#3656,39.3700787401575);
#2159=VECTOR('',#3659,39.3700787401575);
#2160=VECTOR('',#3662,39.3700787401575);
#2161=VECTOR('',#3665,39.3700787401575);
#2162=VECTOR('',#3668,39.3700787401575);
#2163=VECTOR('',#3679,39.3700787401575);
#2164=VECTOR('',#3680,39.3700787401575);
#2165=VECTOR('',#3681,39.3700787401575);
#2166=VECTOR('',#3684,39.3700787401575);
#2167=VECTOR('',#3685,39.3700787401575);
#2168=VECTOR('',#3688,39.3700787401575);
#2169=VECTOR('',#3689,39.3700787401575);
#2170=VECTOR('',#3692,39.3700787401575);
#2171=VECTOR('',#3697,39.3700787401575);
#2172=VECTOR('',#3698,39.3700787401575);
#2173=VECTOR('',#3699,39.3700787401575);
#2174=VECTOR('',#3702,39.3700787401575);
#2175=VECTOR('',#3703,39.3700787401575);
#2176=VECTOR('',#3706,39.3700787401575);
#2177=VECTOR('',#3707,39.3700787401575);
#2178=VECTOR('',#3710,39.3700787401575);
#2179=VECTOR('',#3715,39.3700787401575);
#2180=VECTOR('',#3716,39.3700787401575);
#2181=VECTOR('',#3717,39.3700787401575);
#2182=VECTOR('',#3720,39.3700787401575);
#2183=VECTOR('',#3721,39.3700787401575);
#2184=VECTOR('',#3724,39.3700787401575);
#2185=VECTOR('',#3725,39.3700787401575);
#2186=VECTOR('',#3728,39.3700787401575);
#2187=VECTOR('',#3733,39.3700787401575);
#2188=VECTOR('',#3734,39.3700787401575);
#2189=VECTOR('',#3735,39.3700787401575);
#2190=VECTOR('',#3738,39.3700787401575);
#2191=VECTOR('',#3739,39.3700787401575);
#2192=VECTOR('',#3742,39.3700787401575);
#2193=VECTOR('',#3743,39.3700787401575);
#2194=VECTOR('',#3746,39.3700787401575);
#2195=VECTOR('',#3751,39.3700787401575);
#2196=VECTOR('',#3752,39.3700787401575);
#2197=VECTOR('',#3753,39.3700787401575);
#2198=VECTOR('',#3756,39.3700787401575);
#2199=VECTOR('',#3757,39.3700787401575);
#2200=VECTOR('',#3760,39.3700787401575);
#2201=VECTOR('',#3761,39.3700787401575);
#2202=VECTOR('',#3764,39.3700787401575);
#2203=VECTOR('',#3769,39.3700787401575);
#2204=VECTOR('',#3770,39.3700787401575);
#2205=VECTOR('',#3771,39.3700787401575);
#2206=VECTOR('',#3774,39.3700787401575);
#2207=VECTOR('',#3775,39.3700787401575);
#2208=VECTOR('',#3778,39.3700787401575);
#2209=VECTOR('',#3779,39.3700787401575);
#2210=VECTOR('',#3782,39.3700787401575);
#2211=VECTOR('',#3787,39.3700787401575);
#2212=VECTOR('',#3788,39.3700787401575);
#2213=VECTOR('',#3789,39.3700787401575);
#2214=VECTOR('',#3792,39.3700787401575);
#2215=VECTOR('',#3793,39.3700787401575);
#2216=VECTOR('',#3796,39.3700787401575);
#2217=VECTOR('',#3797,39.3700787401575);
#2218=VECTOR('',#3800,39.3700787401575);
#2219=VECTOR('',#3805,39.3700787401575);
#2220=VECTOR('',#3806,39.3700787401575);
#2221=VECTOR('',#3807,39.3700787401575);
#2222=VECTOR('',#3810,39.3700787401575);
#2223=VECTOR('',#3811,39.3700787401575);
#2224=VECTOR('',#3814,39.3700787401575);
#2225=VECTOR('',#3815,39.3700787401575);
#2226=VECTOR('',#3818,39.3700787401575);
#2227=VECTOR('',#3823,39.3700787401575);
#2228=VECTOR('',#3824,39.3700787401575);
#2229=VECTOR('',#3825,39.3700787401575);
#2230=VECTOR('',#3828,39.3700787401575);
#2231=VECTOR('',#3829,39.3700787401575);
#2232=VECTOR('',#3832,39.3700787401575);
#2233=VECTOR('',#3833,39.3700787401575);
#2234=VECTOR('',#3836,39.3700787401575);
#2235=VECTOR('',#3841,39.3700787401575);
#2236=VECTOR('',#3842,39.3700787401575);
#2237=VECTOR('',#3843,39.3700787401575);
#2238=VECTOR('',#3846,39.3700787401575);
#2239=VECTOR('',#3847,39.3700787401575);
#2240=VECTOR('',#3850,39.3700787401575);
#2241=VECTOR('',#3851,39.3700787401575);
#2242=VECTOR('',#3854,39.3700787401575);
#2243=VECTOR('',#3861,39.3700787401575);
#2244=VECTOR('',#3862,39.3700787401575);
#2245=VECTOR('',#3863,39.3700787401575);
#2246=VECTOR('',#3864,39.3700787401575);
#2247=VECTOR('',#3867,39.3700787401575);
#2248=VECTOR('',#3868,39.3700787401575);
#2249=VECTOR('',#3869,39.3700787401575);
#2250=VECTOR('',#3870,39.3700787401575);
#2251=VECTOR('',#3873,39.3700787401575);
#2252=VECTOR('',#3874,39.3700787401575);
#2253=VECTOR('',#3875,39.3700787401575);
#2254=VECTOR('',#3876,39.3700787401575);
#2255=VECTOR('',#3879,39.3700787401575);
#2256=VECTOR('',#3880,39.3700787401575);
#2257=VECTOR('',#3881,39.3700787401575);
#2258=VECTOR('',#3882,39.3700787401575);
#2259=VECTOR('',#3885,39.3700787401575);
#2260=VECTOR('',#3886,39.3700787401575);
#2261=VECTOR('',#3887,39.3700787401575);
#2262=VECTOR('',#3888,39.3700787401575);
#2263=VECTOR('',#3891,39.3700787401575);
#2264=VECTOR('',#3892,39.3700787401575);
#2265=VECTOR('',#3893,39.3700787401575);
#2266=VECTOR('',#3894,39.3700787401575);
#2267=VECTOR('',#3895,39.3700787401575);
#2268=VECTOR('',#3896,39.3700787401575);
#2269=VECTOR('',#3897,39.3700787401575);
#2270=VECTOR('',#3898,39.3700787401575);
#2271=VECTOR('',#3899,39.3700787401575);
#2272=VECTOR('',#3902,39.3700787401575);
#2273=VECTOR('',#3903,39.3700787401575);
#2274=VECTOR('',#3904,39.3700787401575);
#2275=VECTOR('',#3907,39.3700787401575);
#2276=VECTOR('',#3908,39.3700787401575);
#2277=VECTOR('',#3909,39.3700787401575);
#2278=VECTOR('',#3910,39.3700787401575);
#2279=VECTOR('',#3911,39.3700787401575);
#2280=VECTOR('',#3912,39.3700787401575);
#2281=VECTOR('',#3913,39.3700787401575);
#2282=VECTOR('',#3914,39.3700787401575);
#2283=VECTOR('',#3919,39.3700787401575);
#2284=VECTOR('',#3920,39.3700787401575);
#2285=VECTOR('',#3923,39.3700787401575);
#2286=VECTOR('',#3924,39.3700787401575);
#2287=VECTOR('',#3927,39.3700787401575);
#2288=VECTOR('',#3928,39.3700787401575);
#2289=VECTOR('',#3931,39.3700787401575);
#2290=VECTOR('',#3932,39.3700787401575);
#2291=VECTOR('',#3935,39.3700787401575);
#2292=VECTOR('',#3936,39.3700787401575);
#2293=VECTOR('',#3937,39.3700787401575);
#2294=VECTOR('',#3938,39.3700787401575);
#2295=VECTOR('',#3941,39.3700787401575);
#2296=VECTOR('',#3942,39.3700787401575);
#2297=VECTOR('',#3943,39.3700787401575);
#2298=VECTOR('',#3946,39.3700787401575);
#2299=VECTOR('',#3947,39.3700787401575);
#2300=VECTOR('',#3948,39.3700787401575);
#2301=VECTOR('',#3951,39.3700787401575);
#2302=VECTOR('',#3952,39.3700787401575);
#2303=VECTOR('',#3953,39.3700787401575);
#2304=VECTOR('',#3954,39.3700787401575);
#2305=VECTOR('',#3957,39.3700787401575);
#2306=VECTOR('',#3958,39.3700787401575);
#2307=VECTOR('',#3959,39.3700787401575);
#2308=VECTOR('',#3962,39.3700787401575);
#2309=VECTOR('',#3963,39.3700787401575);
#2310=VECTOR('',#3964,39.3700787401575);
#2311=VECTOR('',#3967,39.3700787401575);
#2312=VECTOR('',#3968,39.3700787401575);
#2313=VECTOR('',#3969,39.3700787401575);
#2314=VECTOR('',#3970,39.3700787401575);
#2315=VECTOR('',#3973,39.3700787401575);
#2316=VECTOR('',#3974,39.3700787401575);
#2317=VECTOR('',#3975,39.3700787401575);
#2318=VECTOR('',#3978,39.3700787401575);
#2319=VECTOR('',#3979,39.3700787401575);
#2320=VECTOR('',#3980,39.3700787401575);
#2321=VECTOR('',#3983,39.3700787401575);
#2322=VECTOR('',#3984,39.3700787401575);
#2323=VECTOR('',#3985,39.3700787401575);
#2324=VECTOR('',#3986,39.3700787401575);
#2325=VECTOR('',#3989,39.3700787401575);
#2326=VECTOR('',#3990,39.3700787401575);
#2327=VECTOR('',#3991,39.3700787401575);
#2328=VECTOR('',#3994,39.3700787401575);
#2329=VECTOR('',#3995,39.3700787401575);
#2330=VECTOR('',#3996,39.3700787401575);
#2331=VECTOR('',#3999,39.3700787401575);
#2332=VECTOR('',#4000,39.3700787401575);
#2333=VECTOR('',#4001,39.3700787401575);
#2334=VECTOR('',#4002,39.3700787401575);
#2335=VECTOR('',#4005,39.3700787401575);
#2336=VECTOR('',#4006,39.3700787401575);
#2337=VECTOR('',#4007,39.3700787401575);
#2338=VECTOR('',#4010,39.3700787401575);
#2339=VECTOR('',#4011,39.3700787401575);
#2340=VECTOR('',#4012,39.3700787401575);
#2341=VECTOR('',#4015,39.3700787401575);
#2342=VECTOR('',#4016,39.3700787401575);
#2343=VECTOR('',#4017,39.3700787401575);
#2344=VECTOR('',#4018,39.3700787401575);
#2345=VECTOR('',#4021,39.3700787401575);
#2346=VECTOR('',#4022,39.3700787401575);
#2347=VECTOR('',#4023,39.3700787401575);
#2348=VECTOR('',#4026,39.3700787401575);
#2349=VECTOR('',#4027,39.3700787401575);
#2350=VECTOR('',#4028,39.3700787401575);
#2351=VECTOR('',#4031,39.3700787401575);
#2352=VECTOR('',#4032,39.3700787401575);
#2353=VECTOR('',#4035,39.3700787401575);
#2354=VECTOR('',#4036,39.3700787401575);
#2355=VECTOR('',#4039,39.3700787401575);
#2356=VECTOR('',#4042,39.3700787401575);
#2357=VECTOR('',#4043,39.3700787401575);
#2358=VECTOR('',#4046,39.3700787401575);
#2359=VECTOR('',#4047,39.3700787401575);
#2360=VECTOR('',#4050,39.3700787401575);
#2361=VECTOR('',#4053,39.3700787401575);
#2362=VECTOR('',#4056,39.3700787401575);
#2363=VECTOR('',#4059,39.3700787401575);
#2364=VECTOR('',#4060,39.3700787401575);
#2365=VECTOR('',#4063,39.3700787401575);
#2366=VECTOR('',#4064,39.3700787401575);
#2367=VECTOR('',#4067,39.3700787401575);
#2368=VECTOR('',#4068,39.3700787401575);
#2369=VECTOR('',#4071,39.3700787401575);
#2370=VECTOR('',#4072,39.3700787401575);
#2371=VECTOR('',#4075,39.3700787401575);
#2372=VECTOR('',#4076,39.3700787401575);
#2373=VECTOR('',#4079,39.3700787401575);
#2374=VECTOR('',#4080,39.3700787401575);
#2375=EDGE_LOOP('',(#31,#32,#33,#34,#35,#36,#37,#38));
#2376=EDGE_LOOP('',(#39,#40,#41,#42,#43,#44,#45,#46));
#2377=EDGE_LOOP('',(#47,#48,#49,#50));
#2378=EDGE_LOOP('',(#51,#52,#53,#54));
#2379=EDGE_LOOP('',(#55,#56,#57,#58));
#2380=EDGE_LOOP('',(#59,#60,#61,#62));
#2381=EDGE_LOOP('',(#63,#64,#65,#66));
#2382=EDGE_LOOP('',(#67,#68,#69,#70));
#2383=EDGE_LOOP('',(#71,#72,#73,#74));
#2384=EDGE_LOOP('',(#75,#76,#77,#78));
#2385=EDGE_LOOP('',(#79,#80,#81,#82));
#2386=EDGE_LOOP('',(#83,#84,#85,#86));
#2387=EDGE_LOOP('',(#87,#88,#89,#90));
#2388=EDGE_LOOP('',(#91,#92,#93,#94));
#2389=EDGE_LOOP('',(#95,#96,#97,#98));
#2390=EDGE_LOOP('',(#99,#100,#101,#102));
#2391=EDGE_LOOP('',(#103,#104,#105,#106));
#2392=EDGE_LOOP('',(#107,#108,#109,#110));
#2393=EDGE_LOOP('',(#111,#112,#113,#114));
#2394=EDGE_LOOP('',(#115,#116,#117,#118));
#2395=EDGE_LOOP('',(#119,#120,#121,#122));
#2396=EDGE_LOOP('',(#123,#124,#125,#126));
#2397=EDGE_LOOP('',(#127,#128,#129,#130));
#2398=EDGE_LOOP('',(#131,#132,#133,#134));
#2399=EDGE_LOOP('',(#135,#136,#137,#138));
#2400=EDGE_LOOP('',(#139,#140,#141,#142));
#2401=EDGE_LOOP('',(#143,#144,#145,#146));
#2402=EDGE_LOOP('',(#147,#148,#149,#150));
#2403=EDGE_LOOP('',(#151,#152,#153,#154));
#2404=EDGE_LOOP('',(#155,#156,#157,#158));
#2405=EDGE_LOOP('',(#159,#160,#161,#162));
#2406=EDGE_LOOP('',(#163,#164,#165,#166));
#2407=EDGE_LOOP('',(#167,#168,#169,#170));
#2408=EDGE_LOOP('',(#171,#172,#173,#174));
#2409=EDGE_LOOP('',(#175,#176,#177,#178));
#2410=EDGE_LOOP('',(#179,#180,#181,#182));
#2411=EDGE_LOOP('',(#183,#184,#185,#186));
#2412=EDGE_LOOP('',(#187,#188,#189,#190));
#2413=EDGE_LOOP('',(#191,#192,#193,#194));
#2414=EDGE_LOOP('',(#195,#196,#197,#198));
#2415=EDGE_LOOP('',(#199,#200,#201,#202));
#2416=EDGE_LOOP('',(#203,#204,#205,#206));
#2417=EDGE_LOOP('',(#207,#208,#209,#210));
#2418=EDGE_LOOP('',(#211,#212,#213,#214));
#2419=EDGE_LOOP('',(#215,#216,#217,#218));
#2420=EDGE_LOOP('',(#219,#220,#221,#222));
#2421=EDGE_LOOP('',(#223,#224,#225,#226));
#2422=EDGE_LOOP('',(#227,#228,#229,#230));
#2423=EDGE_LOOP('',(#231,#232,#233,#234));
#2424=EDGE_LOOP('',(#235,#236,#237,#238));
#2425=EDGE_LOOP('',(#239,#240,#241,#242));
#2426=EDGE_LOOP('',(#243,#244,#245,#246));
#2427=EDGE_LOOP('',(#247,#248,#249,#250));
#2428=EDGE_LOOP('',(#251,#252,#253,#254));
#2429=EDGE_LOOP('',(#255,#256,#257,#258));
#2430=EDGE_LOOP('',(#259,#260,#261,#262));
#2431=EDGE_LOOP('',(#263,#264,#265,#266));
#2432=EDGE_LOOP('',(#267,#268,#269,#270));
#2433=EDGE_LOOP('',(#271,#272,#273,#274));
#2434=EDGE_LOOP('',(#275,#276,#277,#278));
#2435=EDGE_LOOP('',(#279,#280,#281,#282));
#2436=EDGE_LOOP('',(#283,#284,#285,#286,#287,#288,#289,#290,#291,#292,#293,
#294));
#2437=EDGE_LOOP('',(#295,#296,#297,#298));
#2438=EDGE_LOOP('',(#299,#300,#301,#302));
#2439=EDGE_LOOP('',(#303,#304,#305,#306));
#2440=EDGE_LOOP('',(#307,#308,#309,#310));
#2441=EDGE_LOOP('',(#311,#312,#313,#314));
#2442=EDGE_LOOP('',(#315,#316,#317,#318));
#2443=EDGE_LOOP('',(#319,#320,#321,#322));
#2444=EDGE_LOOP('',(#323,#324,#325,#326));
#2445=EDGE_LOOP('',(#327,#328,#329,#330));
#2446=EDGE_LOOP('',(#331,#332,#333,#334));
#2447=EDGE_LOOP('',(#335,#336,#337,#338));
#2448=EDGE_LOOP('',(#339,#340,#341,#342));
#2449=EDGE_LOOP('',(#343,#344,#345,#346));
#2450=EDGE_LOOP('',(#347,#348,#349,#350));
#2451=EDGE_LOOP('',(#351,#352,#353,#354));
#2452=EDGE_LOOP('',(#355,#356,#357,#358));
#2453=EDGE_LOOP('',(#359,#360,#361,#362));
#2454=EDGE_LOOP('',(#363,#364,#365,#366));
#2455=EDGE_LOOP('',(#367,#368,#369,#370));
#2456=EDGE_LOOP('',(#371,#372,#373,#374));
#2457=EDGE_LOOP('',(#375,#376,#377,#378));
#2458=EDGE_LOOP('',(#379,#380,#381,#382));
#2459=EDGE_LOOP('',(#383,#384,#385,#386));
#2460=EDGE_LOOP('',(#387,#388,#389,#390));
#2461=EDGE_LOOP('',(#391,#392,#393,#394));
#2462=EDGE_LOOP('',(#395,#396,#397,#398));
#2463=EDGE_LOOP('',(#399,#400,#401,#402));
#2464=EDGE_LOOP('',(#403,#404,#405,#406));
#2465=EDGE_LOOP('',(#407,#408,#409,#410));
#2466=EDGE_LOOP('',(#411,#412,#413,#414));
#2467=EDGE_LOOP('',(#415,#416,#417,#418));
#2468=EDGE_LOOP('',(#419,#420,#421,#422));
#2469=EDGE_LOOP('',(#423,#424,#425,#426));
#2470=EDGE_LOOP('',(#427,#428,#429,#430));
#2471=EDGE_LOOP('',(#431,#432,#433,#434));
#2472=EDGE_LOOP('',(#435,#436,#437,#438));
#2473=EDGE_LOOP('',(#439,#440,#441,#442));
#2474=EDGE_LOOP('',(#443,#444,#445,#446));
#2475=EDGE_LOOP('',(#447,#448,#449,#450));
#2476=EDGE_LOOP('',(#451,#452,#453,#454));
#2477=EDGE_LOOP('',(#455,#456,#457,#458));
#2478=EDGE_LOOP('',(#459,#460,#461,#462));
#2479=EDGE_LOOP('',(#463,#464,#465,#466));
#2480=EDGE_LOOP('',(#467,#468,#469,#470));
#2481=EDGE_LOOP('',(#471,#472,#473,#474));
#2482=EDGE_LOOP('',(#475,#476,#477,#478));
#2483=EDGE_LOOP('',(#479,#480,#481,#482));
#2484=EDGE_LOOP('',(#483,#484,#485,#486));
#2485=EDGE_LOOP('',(#487,#488,#489,#490));
#2486=EDGE_LOOP('',(#491,#492,#493,#494));
#2487=EDGE_LOOP('',(#495,#496,#497,#498));
#2488=EDGE_LOOP('',(#499,#500,#501,#502));
#2489=EDGE_LOOP('',(#503,#504,#505,#506));
#2490=EDGE_LOOP('',(#507,#508,#509,#510));
#2491=EDGE_LOOP('',(#511,#512,#513,#514));
#2492=EDGE_LOOP('',(#515,#516,#517,#518));
#2493=EDGE_LOOP('',(#519,#520,#521,#522));
#2494=EDGE_LOOP('',(#523,#524,#525,#526));
#2495=EDGE_LOOP('',(#527,#528,#529,#530));
#2496=EDGE_LOOP('',(#531,#532,#533,#534));
#2497=EDGE_LOOP('',(#535,#536,#537,#538));
#2498=EDGE_LOOP('',(#539,#540,#541,#542));
#2499=EDGE_LOOP('',(#543,#544,#545,#546));
#2500=EDGE_LOOP('',(#547,#548,#549,#550));
#2501=EDGE_LOOP('',(#551,#552,#553,#554));
#2502=EDGE_LOOP('',(#555,#556,#557,#558));
#2503=EDGE_LOOP('',(#559,#560,#561,#562));
#2504=EDGE_LOOP('',(#563,#564,#565,#566));
#2505=EDGE_LOOP('',(#567,#568,#569,#570));
#2506=EDGE_LOOP('',(#571,#572,#573,#574));
#2507=EDGE_LOOP('',(#575,#576,#577,#578));
#2508=EDGE_LOOP('',(#579,#580,#581,#582));
#2509=EDGE_LOOP('',(#583,#584,#585,#586));
#2510=EDGE_LOOP('',(#587,#588,#589,#590));
#2511=EDGE_LOOP('',(#591,#592,#593,#594));
#2512=EDGE_LOOP('',(#595,#596,#597,#598));
#2513=EDGE_LOOP('',(#599,#600,#601,#602));
#2514=EDGE_LOOP('',(#603,#604,#605,#606));
#2515=EDGE_LOOP('',(#607,#608,#609,#610));
#2516=EDGE_LOOP('',(#611,#612,#613,#614));
#2517=EDGE_LOOP('',(#615,#616,#617,#618));
#2518=EDGE_LOOP('',(#619,#620,#621,#622,#623,#624,#625,#626,#627,#628,#629,
#630));
#2519=EDGE_LOOP('',(#631,#632,#633,#634));
#2520=EDGE_LOOP('',(#635,#636,#637,#638,#639,#640,#641,#642,#643,#644,#645,
#646));
#2521=EDGE_LOOP('',(#647,#648,#649,#650));
#2522=EDGE_LOOP('',(#651,#652,#653,#654));
#2523=EDGE_LOOP('',(#655,#656,#657,#658));
#2524=EDGE_LOOP('',(#659,#660,#661,#662));
#2525=EDGE_LOOP('',(#663,#664,#665,#666));
#2526=EDGE_LOOP('',(#667,#668,#669,#670));
#2527=EDGE_LOOP('',(#671,#672,#673,#674));
#2528=EDGE_LOOP('',(#675,#676,#677,#678));
#2529=EDGE_LOOP('',(#679,#680,#681,#682));
#2530=EDGE_LOOP('',(#683,#684,#685,#686));
#2531=EDGE_LOOP('',(#687,#688,#689,#690));
#2532=EDGE_LOOP('',(#691,#692,#693,#694));
#2533=EDGE_LOOP('',(#695,#696,#697,#698));
#2534=EDGE_LOOP('',(#699,#700,#701,#702));
#2535=EDGE_LOOP('',(#703,#704,#705,#706));
#2536=EDGE_LOOP('',(#707,#708,#709,#710));
#2537=EDGE_LOOP('',(#711,#712,#713,#714));
#2538=EDGE_LOOP('',(#715,#716,#717,#718));
#2539=EDGE_LOOP('',(#719,#720,#721,#722));
#2540=EDGE_LOOP('',(#723,#724,#725,#726));
#2541=EDGE_LOOP('',(#727,#728,#729,#730));
#2542=EDGE_LOOP('',(#731,#732,#733,#734));
#2543=EDGE_LOOP('',(#735,#736,#737,#738));
#2544=EDGE_LOOP('',(#739,#740,#741,#742));
#2545=EDGE_LOOP('',(#743,#744,#745,#746));
#2546=EDGE_LOOP('',(#747,#748,#749,#750));
#2547=EDGE_LOOP('',(#751,#752,#753,#754));
#2548=EDGE_LOOP('',(#755,#756,#757,#758));
#2549=EDGE_LOOP('',(#759,#760,#761,#762));
#2550=EDGE_LOOP('',(#763,#764,#765,#766));
#2551=EDGE_LOOP('',(#767,#768,#769,#770));
#2552=EDGE_LOOP('',(#771,#772,#773,#774));
#2553=EDGE_LOOP('',(#775,#776,#777,#778));
#2554=EDGE_LOOP('',(#779,#780,#781,#782));
#2555=EDGE_LOOP('',(#783,#784,#785,#786));
#2556=EDGE_LOOP('',(#787,#788,#789,#790));
#2557=EDGE_LOOP('',(#791,#792,#793,#794));
#2558=EDGE_LOOP('',(#795,#796,#797,#798,#799,#800,#801,#802,#803,#804,#805,
#806,#807,#808,#809,#810,#811,#812,#813,#814));
#2559=EDGE_LOOP('',(#815,#816,#817,#818));
#2560=EDGE_LOOP('',(#819,#820,#821,#822));
#2561=EDGE_LOOP('',(#823,#824,#825,#826));
#2562=EDGE_LOOP('',(#827,#828,#829,#830));
#2563=EDGE_LOOP('',(#831,#832,#833,#834));
#2564=EDGE_LOOP('',(#835,#836,#837,#838));
#2565=EDGE_LOOP('',(#839,#840,#841,#842));
#2566=EDGE_LOOP('',(#843,#844,#845,#846));
#2567=EDGE_LOOP('',(#847,#848,#849,#850));
#2568=EDGE_LOOP('',(#851,#852,#853,#854));
#2569=EDGE_LOOP('',(#855,#856,#857,#858));
#2570=EDGE_LOOP('',(#859,#860,#861,#862));
#2571=FACE_BOUND('',#2375,.T.);
#2572=FACE_BOUND('',#2376,.T.);
#2573=FACE_BOUND('',#2377,.T.);
#2574=FACE_BOUND('',#2378,.T.);
#2575=FACE_BOUND('',#2379,.T.);
#2576=FACE_BOUND('',#2380,.T.);
#2577=FACE_BOUND('',#2381,.T.);
#2578=FACE_BOUND('',#2382,.T.);
#2579=FACE_BOUND('',#2383,.T.);
#2580=FACE_BOUND('',#2384,.T.);
#2581=FACE_BOUND('',#2385,.T.);
#2582=FACE_BOUND('',#2386,.T.);
#2583=FACE_BOUND('',#2387,.T.);
#2584=FACE_BOUND('',#2388,.T.);
#2585=FACE_BOUND('',#2389,.T.);
#2586=FACE_BOUND('',#2390,.T.);
#2587=FACE_BOUND('',#2391,.T.);
#2588=FACE_BOUND('',#2392,.T.);
#2589=FACE_BOUND('',#2393,.T.);
#2590=FACE_BOUND('',#2394,.T.);
#2591=FACE_BOUND('',#2395,.T.);
#2592=FACE_BOUND('',#2396,.T.);
#2593=FACE_BOUND('',#2397,.T.);
#2594=FACE_BOUND('',#2398,.T.);
#2595=FACE_BOUND('',#2399,.T.);
#2596=FACE_BOUND('',#2400,.T.);
#2597=FACE_BOUND('',#2401,.T.);
#2598=FACE_BOUND('',#2402,.T.);
#2599=FACE_BOUND('',#2403,.T.);
#2600=FACE_BOUND('',#2404,.T.);
#2601=FACE_BOUND('',#2405,.T.);
#2602=FACE_BOUND('',#2406,.T.);
#2603=FACE_BOUND('',#2407,.T.);
#2604=FACE_BOUND('',#2408,.T.);
#2605=FACE_BOUND('',#2409,.T.);
#2606=FACE_BOUND('',#2410,.T.);
#2607=FACE_BOUND('',#2411,.T.);
#2608=FACE_BOUND('',#2412,.T.);
#2609=FACE_BOUND('',#2413,.T.);
#2610=FACE_BOUND('',#2414,.T.);
#2611=FACE_BOUND('',#2415,.T.);
#2612=FACE_BOUND('',#2416,.T.);
#2613=FACE_BOUND('',#2417,.T.);
#2614=FACE_BOUND('',#2418,.T.);
#2615=FACE_BOUND('',#2419,.T.);
#2616=FACE_BOUND('',#2420,.T.);
#2617=FACE_BOUND('',#2421,.T.);
#2618=FACE_BOUND('',#2422,.T.);
#2619=FACE_BOUND('',#2423,.T.);
#2620=FACE_BOUND('',#2424,.T.);
#2621=FACE_BOUND('',#2425,.T.);
#2622=FACE_BOUND('',#2426,.T.);
#2623=FACE_BOUND('',#2427,.T.);
#2624=FACE_BOUND('',#2428,.T.);
#2625=FACE_BOUND('',#2429,.T.);
#2626=FACE_BOUND('',#2430,.T.);
#2627=FACE_BOUND('',#2431,.T.);
#2628=FACE_BOUND('',#2432,.T.);
#2629=FACE_BOUND('',#2433,.T.);
#2630=FACE_BOUND('',#2434,.T.);
#2631=FACE_BOUND('',#2435,.T.);
#2632=FACE_BOUND('',#2436,.T.);
#2633=FACE_BOUND('',#2437,.T.);
#2634=FACE_BOUND('',#2438,.T.);
#2635=FACE_BOUND('',#2439,.T.);
#2636=FACE_BOUND('',#2440,.T.);
#2637=FACE_BOUND('',#2441,.T.);
#2638=FACE_BOUND('',#2442,.T.);
#2639=FACE_BOUND('',#2443,.T.);
#2640=FACE_BOUND('',#2444,.T.);
#2641=FACE_BOUND('',#2445,.T.);
#2642=FACE_BOUND('',#2446,.T.);
#2643=FACE_BOUND('',#2447,.T.);
#2644=FACE_BOUND('',#2448,.T.);
#2645=FACE_BOUND('',#2449,.T.);
#2646=FACE_BOUND('',#2450,.T.);
#2647=FACE_BOUND('',#2451,.T.);
#2648=FACE_BOUND('',#2452,.T.);
#2649=FACE_BOUND('',#2453,.T.);
#2650=FACE_BOUND('',#2454,.T.);
#2651=FACE_BOUND('',#2455,.T.);
#2652=FACE_BOUND('',#2456,.T.);
#2653=FACE_BOUND('',#2457,.T.);
#2654=FACE_BOUND('',#2458,.T.);
#2655=FACE_BOUND('',#2459,.T.);
#2656=FACE_BOUND('',#2460,.T.);
#2657=FACE_BOUND('',#2461,.T.);
#2658=FACE_BOUND('',#2462,.T.);
#2659=FACE_BOUND('',#2463,.T.);
#2660=FACE_BOUND('',#2464,.T.);
#2661=FACE_BOUND('',#2465,.T.);
#2662=FACE_BOUND('',#2466,.T.);
#2663=FACE_BOUND('',#2467,.T.);
#2664=FACE_BOUND('',#2468,.T.);
#2665=FACE_BOUND('',#2469,.T.);
#2666=FACE_BOUND('',#2470,.T.);
#2667=FACE_BOUND('',#2471,.T.);
#2668=FACE_BOUND('',#2472,.T.);
#2669=FACE_BOUND('',#2473,.T.);
#2670=FACE_BOUND('',#2474,.T.);
#2671=FACE_BOUND('',#2475,.T.);
#2672=FACE_BOUND('',#2476,.T.);
#2673=FACE_BOUND('',#2477,.T.);
#2674=FACE_BOUND('',#2478,.T.);
#2675=FACE_BOUND('',#2479,.T.);
#2676=FACE_BOUND('',#2480,.T.);
#2677=FACE_BOUND('',#2481,.T.);
#2678=FACE_BOUND('',#2482,.T.);
#2679=FACE_BOUND('',#2483,.T.);
#2680=FACE_BOUND('',#2484,.T.);
#2681=FACE_BOUND('',#2485,.T.);
#2682=FACE_BOUND('',#2486,.T.);
#2683=FACE_BOUND('',#2487,.T.);
#2684=FACE_BOUND('',#2488,.T.);
#2685=FACE_BOUND('',#2489,.T.);
#2686=FACE_BOUND('',#2490,.T.);
#2687=FACE_BOUND('',#2491,.T.);
#2688=FACE_BOUND('',#2492,.T.);
#2689=FACE_BOUND('',#2493,.T.);
#2690=FACE_BOUND('',#2494,.T.);
#2691=FACE_BOUND('',#2495,.T.);
#2692=FACE_BOUND('',#2496,.T.);
#2693=FACE_BOUND('',#2497,.T.);
#2694=FACE_BOUND('',#2498,.T.);
#2695=FACE_BOUND('',#2499,.T.);
#2696=FACE_BOUND('',#2500,.T.);
#2697=FACE_BOUND('',#2501,.T.);
#2698=FACE_BOUND('',#2502,.T.);
#2699=FACE_BOUND('',#2503,.T.);
#2700=FACE_BOUND('',#2504,.T.);
#2701=FACE_BOUND('',#2505,.T.);
#2702=FACE_BOUND('',#2506,.T.);
#2703=FACE_BOUND('',#2507,.T.);
#2704=FACE_BOUND('',#2508,.T.);
#2705=FACE_BOUND('',#2509,.T.);
#2706=FACE_BOUND('',#2510,.T.);
#2707=FACE_BOUND('',#2511,.T.);
#2708=FACE_BOUND('',#2512,.T.);
#2709=FACE_BOUND('',#2513,.T.);
#2710=FACE_BOUND('',#2514,.T.);
#2711=FACE_BOUND('',#2515,.T.);
#2712=FACE_BOUND('',#2516,.T.);
#2713=FACE_BOUND('',#2517,.T.);
#2714=FACE_BOUND('',#2518,.T.);
#2715=FACE_BOUND('',#2519,.T.);
#2716=FACE_BOUND('',#2520,.T.);
#2717=FACE_BOUND('',#2521,.T.);
#2718=FACE_BOUND('',#2522,.T.);
#2719=FACE_BOUND('',#2523,.T.);
#2720=FACE_BOUND('',#2524,.T.);
#2721=FACE_BOUND('',#2525,.T.);
#2722=FACE_BOUND('',#2526,.T.);
#2723=FACE_BOUND('',#2527,.T.);
#2724=FACE_BOUND('',#2528,.T.);
#2725=FACE_BOUND('',#2529,.T.);
#2726=FACE_BOUND('',#2530,.T.);
#2727=FACE_BOUND('',#2531,.T.);
#2728=FACE_BOUND('',#2532,.T.);
#2729=FACE_BOUND('',#2533,.T.);
#2730=FACE_BOUND('',#2534,.T.);
#2731=FACE_BOUND('',#2535,.T.);
#2732=FACE_BOUND('',#2536,.T.);
#2733=FACE_BOUND('',#2537,.T.);
#2734=FACE_BOUND('',#2538,.T.);
#2735=FACE_BOUND('',#2539,.T.);
#2736=FACE_BOUND('',#2540,.T.);
#2737=FACE_BOUND('',#2541,.T.);
#2738=FACE_BOUND('',#2542,.T.);
#2739=FACE_BOUND('',#2543,.T.);
#2740=FACE_BOUND('',#2544,.T.);
#2741=FACE_BOUND('',#2545,.T.);
#2742=FACE_BOUND('',#2546,.T.);
#2743=FACE_BOUND('',#2547,.T.);
#2744=FACE_BOUND('',#2548,.T.);
#2745=FACE_BOUND('',#2549,.T.);
#2746=FACE_BOUND('',#2550,.T.);
#2747=FACE_BOUND('',#2551,.T.);
#2748=FACE_BOUND('',#2552,.T.);
#2749=FACE_BOUND('',#2553,.T.);
#2750=FACE_BOUND('',#2554,.T.);
#2751=FACE_BOUND('',#2555,.T.);
#2752=FACE_BOUND('',#2556,.T.);
#2753=FACE_BOUND('',#2557,.T.);
#2754=FACE_BOUND('',#2558,.T.);
#2755=FACE_BOUND('',#2559,.T.);
#2756=FACE_BOUND('',#2560,.T.);
#2757=FACE_BOUND('',#2561,.T.);
#2758=FACE_BOUND('',#2562,.T.);
#2759=FACE_BOUND('',#2563,.T.);
#2760=FACE_BOUND('',#2564,.T.);
#2761=FACE_BOUND('',#2565,.T.);
#2762=FACE_BOUND('',#2566,.T.);
#2763=FACE_BOUND('',#2567,.T.);
#2764=FACE_BOUND('',#2568,.T.);
#2765=FACE_BOUND('',#2569,.T.);
#2766=FACE_BOUND('',#2570,.T.);
#2767=PLANE('',#3145);
#2768=PLANE('',#3146);
#2769=PLANE('',#3147);
#2770=PLANE('',#3148);
#2771=PLANE('',#3149);
#2772=PLANE('',#3150);
#2773=PLANE('',#3151);
#2774=PLANE('',#3152);
#2775=PLANE('',#3153);
#2776=PLANE('',#3154);
#2777=PLANE('',#3155);
#2778=PLANE('',#3156);
#2779=PLANE('',#3157);
#2780=PLANE('',#3158);
#2781=PLANE('',#3159);
#2782=PLANE('',#3160);
#2783=PLANE('',#3161);
#2784=PLANE('',#3162);
#2785=PLANE('',#3163);
#2786=PLANE('',#3164);
#2787=PLANE('',#3165);
#2788=PLANE('',#3166);
#2789=PLANE('',#3167);
#2790=PLANE('',#3168);
#2791=PLANE('',#3169);
#2792=PLANE('',#3170);
#2793=PLANE('',#3171);
#2794=PLANE('',#3172);
#2795=PLANE('',#3173);
#2796=PLANE('',#3174);
#2797=PLANE('',#3175);
#2798=PLANE('',#3176);
#2799=PLANE('',#3177);
#2800=PLANE('',#3178);
#2801=PLANE('',#3179);
#2802=PLANE('',#3180);
#2803=PLANE('',#3181);
#2804=PLANE('',#3182);
#2805=PLANE('',#3183);
#2806=PLANE('',#3184);
#2807=PLANE('',#3185);
#2808=PLANE('',#3186);
#2809=PLANE('',#3187);
#2810=PLANE('',#3188);
#2811=PLANE('',#3189);
#2812=PLANE('',#3190);
#2813=PLANE('',#3191);
#2814=PLANE('',#3192);
#2815=PLANE('',#3193);
#2816=PLANE('',#3194);
#2817=PLANE('',#3195);
#2818=PLANE('',#3196);
#2819=PLANE('',#3197);
#2820=PLANE('',#3198);
#2821=PLANE('',#3199);
#2822=PLANE('',#3200);
#2823=PLANE('',#3201);
#2824=PLANE('',#3202);
#2825=PLANE('',#3203);
#2826=PLANE('',#3204);
#2827=PLANE('',#3205);
#2828=PLANE('',#3206);
#2829=PLANE('',#3207);
#2830=PLANE('',#3208);
#2831=PLANE('',#3209);
#2832=PLANE('',#3210);
#2833=PLANE('',#3211);
#2834=PLANE('',#3212);
#2835=PLANE('',#3213);
#2836=PLANE('',#3214);
#2837=PLANE('',#3215);
#2838=PLANE('',#3216);
#2839=PLANE('',#3217);
#2840=PLANE('',#3218);
#2841=PLANE('',#3219);
#2842=PLANE('',#3220);
#2843=PLANE('',#3221);
#2844=PLANE('',#3222);
#2845=PLANE('',#3223);
#2846=PLANE('',#3224);
#2847=PLANE('',#3225);
#2848=PLANE('',#3226);
#2849=PLANE('',#3227);
#2850=PLANE('',#3228);
#2851=PLANE('',#3229);
#2852=PLANE('',#3230);
#2853=PLANE('',#3231);
#2854=PLANE('',#3232);
#2855=PLANE('',#3233);
#2856=PLANE('',#3234);
#2857=PLANE('',#3235);
#2858=PLANE('',#3236);
#2859=PLANE('',#3237);
#2860=PLANE('',#3238);
#2861=PLANE('',#3239);
#2862=PLANE('',#3240);
#2863=PLANE('',#3241);
#2864=PLANE('',#3242);
#2865=PLANE('',#3243);
#2866=PLANE('',#3244);
#2867=PLANE('',#3245);
#2868=PLANE('',#3246);
#2869=PLANE('',#3247);
#2870=PLANE('',#3248);
#2871=PLANE('',#3249);
#2872=PLANE('',#3250);
#2873=PLANE('',#3251);
#2874=PLANE('',#3252);
#2875=PLANE('',#3253);
#2876=PLANE('',#3254);
#2877=PLANE('',#3255);
#2878=PLANE('',#3256);
#2879=PLANE('',#3257);
#2880=PLANE('',#3258);
#2881=PLANE('',#3259);
#2882=PLANE('',#3260);
#2883=PLANE('',#3261);
#2884=PLANE('',#3262);
#2885=PLANE('',#3263);
#2886=PLANE('',#3264);
#2887=PLANE('',#3265);
#2888=PLANE('',#3266);
#2889=PLANE('',#3267);
#2890=PLANE('',#3268);
#2891=PLANE('',#3270);
#2892=PLANE('',#3271);
#2893=PLANE('',#3272);
#2894=PLANE('',#3273);
#2895=PLANE('',#3274);
#2896=PLANE('',#3275);
#2897=PLANE('',#3276);
#2898=PLANE('',#3277);
#2899=PLANE('',#3278);
#2900=PLANE('',#3279);
#2901=PLANE('',#3280);
#2902=PLANE('',#3281);
#2903=PLANE('',#3282);
#2904=PLANE('',#3283);
#2905=PLANE('',#3284);
#2906=PLANE('',#3285);
#2907=PLANE('',#3286);
#2908=PLANE('',#3287);
#2909=PLANE('',#3288);
#2910=PLANE('',#3289);
#2911=PLANE('',#3290);
#2912=PLANE('',#3291);
#2913=PLANE('',#3292);
#2914=PLANE('',#3293);
#2915=PLANE('',#3294);
#2916=PLANE('',#3295);
#2917=PLANE('',#3296);
#2918=PLANE('',#3297);
#2919=PLANE('',#3298);
#2920=PLANE('',#3299);
#2921=PLANE('',#3300);
#2922=PLANE('',#3301);
#2923=PLANE('',#3302);
#2924=PLANE('',#3303);
#2925=PLANE('',#3304);
#2926=PLANE('',#3305);
#2927=PLANE('',#3306);
#2928=PLANE('',#3307);
#2929=PLANE('',#3308);
#2930=PLANE('',#3309);
#2931=PLANE('',#3310);
#2932=PLANE('',#3311);
#2933=PLANE('',#3312);
#2934=PLANE('',#3313);
#2935=PLANE('',#3314);
#2936=PLANE('',#3315);
#2937=PLANE('',#3316);
#2938=PLANE('',#3317);
#2939=PLANE('',#3318);
#2940=PLANE('',#3319);
#2941=PLANE('',#3320);
#2942=PLANE('',#3321);
#2943=ADVANCED_FACE('',(#2571),#2767,.F.);
#2944=ADVANCED_FACE('',(#2572),#2768,.F.);
#2945=ADVANCED_FACE('',(#2573),#2769,.F.);
#2946=ADVANCED_FACE('',(#2574),#2770,.F.);
#2947=ADVANCED_FACE('',(#2575,#2576,#2577,#2578,#2579,#2580,#2581,#2582,
#2583,#2584,#2585),#2771,.T.);
#2948=ADVANCED_FACE('',(#2586),#2772,.F.);
#2949=ADVANCED_FACE('',(#2587),#2773,.F.);
#2950=ADVANCED_FACE('',(#2588),#2774,.T.);
#2951=ADVANCED_FACE('',(#2589),#2775,.T.);
#2952=ADVANCED_FACE('',(#2590),#2776,.T.);
#2953=ADVANCED_FACE('',(#2591),#2777,.T.);
#2954=ADVANCED_FACE('',(#2592),#2778,.T.);
#2955=ADVANCED_FACE('',(#2593),#2779,.T.);
#2956=ADVANCED_FACE('',(#2594),#2780,.T.);
#2957=ADVANCED_FACE('',(#2595),#2781,.T.);
#2958=ADVANCED_FACE('',(#2596),#2782,.T.);
#2959=ADVANCED_FACE('',(#2597),#2783,.T.);
#2960=ADVANCED_FACE('',(#2598),#2784,.T.);
#2961=ADVANCED_FACE('',(#2599),#2785,.T.);
#2962=ADVANCED_FACE('',(#2600),#2786,.T.);
#2963=ADVANCED_FACE('',(#2601),#2787,.T.);
#2964=ADVANCED_FACE('',(#2602),#2788,.T.);
#2965=ADVANCED_FACE('',(#2603),#2789,.T.);
#2966=ADVANCED_FACE('',(#2604),#2790,.T.);
#2967=ADVANCED_FACE('',(#2605),#2791,.T.);
#2968=ADVANCED_FACE('',(#2606),#2792,.T.);
#2969=ADVANCED_FACE('',(#2607),#2793,.T.);
#2970=ADVANCED_FACE('',(#2608),#2794,.T.);
#2971=ADVANCED_FACE('',(#2609),#2795,.T.);
#2972=ADVANCED_FACE('',(#2610),#2796,.T.);
#2973=ADVANCED_FACE('',(#2611),#2797,.T.);
#2974=ADVANCED_FACE('',(#2612),#2798,.T.);
#2975=ADVANCED_FACE('',(#2613),#2799,.T.);
#2976=ADVANCED_FACE('',(#2614),#2800,.T.);
#2977=ADVANCED_FACE('',(#2615),#2801,.T.);
#2978=ADVANCED_FACE('',(#2616),#2802,.T.);
#2979=ADVANCED_FACE('',(#2617),#2803,.T.);
#2980=ADVANCED_FACE('',(#2618),#2804,.T.);
#2981=ADVANCED_FACE('',(#2619),#2805,.T.);
#2982=ADVANCED_FACE('',(#2620),#2806,.T.);
#2983=ADVANCED_FACE('',(#2621),#2807,.T.);
#2984=ADVANCED_FACE('',(#2622),#2808,.T.);
#2985=ADVANCED_FACE('',(#2623),#2809,.T.);
#2986=ADVANCED_FACE('',(#2624),#2810,.T.);
#2987=ADVANCED_FACE('',(#2625),#2811,.T.);
#2988=ADVANCED_FACE('',(#2626),#2812,.T.);
#2989=ADVANCED_FACE('',(#2627),#2813,.T.);
#2990=ADVANCED_FACE('',(#2628,#2629,#2630,#2631,#2632),#2814,.F.);
#2991=ADVANCED_FACE('',(#2633),#2815,.T.);
#2992=ADVANCED_FACE('',(#2634),#2816,.T.);
#2993=ADVANCED_FACE('',(#2635),#2817,.T.);
#2994=ADVANCED_FACE('',(#2636),#2818,.T.);
#2995=ADVANCED_FACE('',(#2637),#2819,.T.);
#2996=ADVANCED_FACE('',(#2638),#2820,.T.);
#2997=ADVANCED_FACE('',(#2639),#2821,.F.);
#2998=ADVANCED_FACE('',(#2640),#2822,.F.);
#2999=ADVANCED_FACE('',(#2641),#2823,.F.);
#3000=ADVANCED_FACE('',(#2642),#2824,.F.);
#3001=ADVANCED_FACE('',(#2643),#2825,.F.);
#3002=ADVANCED_FACE('',(#2644),#2826,.F.);
#3003=ADVANCED_FACE('',(#2645),#2827,.F.);
#3004=ADVANCED_FACE('',(#2646),#2828,.F.);
#3005=ADVANCED_FACE('',(#2647),#2829,.F.);
#3006=ADVANCED_FACE('',(#2648),#2830,.F.);
#3007=ADVANCED_FACE('',(#2649),#2831,.F.);
#3008=ADVANCED_FACE('',(#2650),#2832,.F.);
#3009=ADVANCED_FACE('',(#2651),#2833,.F.);
#3010=ADVANCED_FACE('',(#2652),#2834,.F.);
#3011=ADVANCED_FACE('',(#2653),#2835,.F.);
#3012=ADVANCED_FACE('',(#2654),#2836,.F.);
#3013=ADVANCED_FACE('',(#2655),#2837,.F.);
#3014=ADVANCED_FACE('',(#2656),#2838,.F.);
#3015=ADVANCED_FACE('',(#2657),#2839,.F.);
#3016=ADVANCED_FACE('',(#2658),#2840,.F.);
#3017=ADVANCED_FACE('',(#2659),#2841,.F.);
#3018=ADVANCED_FACE('',(#2660),#2842,.F.);
#3019=ADVANCED_FACE('',(#2661),#2843,.F.);
#3020=ADVANCED_FACE('',(#2662),#2844,.F.);
#3021=ADVANCED_FACE('',(#2663),#2845,.T.);
#3022=ADVANCED_FACE('',(#2664),#2846,.F.);
#3023=ADVANCED_FACE('',(#2665),#2847,.F.);
#3024=ADVANCED_FACE('',(#2666),#2848,.F.);
#3025=ADVANCED_FACE('',(#2667),#2849,.F.);
#3026=ADVANCED_FACE('',(#2668),#2850,.T.);
#3027=ADVANCED_FACE('',(#2669),#2851,.F.);
#3028=ADVANCED_FACE('',(#2670),#2852,.F.);
#3029=ADVANCED_FACE('',(#2671),#2853,.F.);
#3030=ADVANCED_FACE('',(#2672),#2854,.F.);
#3031=ADVANCED_FACE('',(#2673),#2855,.T.);
#3032=ADVANCED_FACE('',(#2674),#2856,.F.);
#3033=ADVANCED_FACE('',(#2675),#2857,.F.);
#3034=ADVANCED_FACE('',(#2676),#2858,.F.);
#3035=ADVANCED_FACE('',(#2677),#2859,.F.);
#3036=ADVANCED_FACE('',(#2678),#2860,.T.);
#3037=ADVANCED_FACE('',(#2679),#2861,.F.);
#3038=ADVANCED_FACE('',(#2680),#2862,.F.);
#3039=ADVANCED_FACE('',(#2681),#2863,.F.);
#3040=ADVANCED_FACE('',(#2682),#2864,.F.);
#3041=ADVANCED_FACE('',(#2683),#2865,.T.);
#3042=ADVANCED_FACE('',(#2684),#2866,.F.);
#3043=ADVANCED_FACE('',(#2685),#2867,.F.);
#3044=ADVANCED_FACE('',(#2686),#2868,.F.);
#3045=ADVANCED_FACE('',(#2687),#2869,.F.);
#3046=ADVANCED_FACE('',(#2688),#2870,.T.);
#3047=ADVANCED_FACE('',(#2689),#2871,.F.);
#3048=ADVANCED_FACE('',(#2690),#2872,.F.);
#3049=ADVANCED_FACE('',(#2691),#2873,.F.);
#3050=ADVANCED_FACE('',(#2692),#2874,.F.);
#3051=ADVANCED_FACE('',(#2693),#2875,.T.);
#3052=ADVANCED_FACE('',(#2694),#2876,.F.);
#3053=ADVANCED_FACE('',(#2695),#2877,.F.);
#3054=ADVANCED_FACE('',(#2696),#2878,.F.);
#3055=ADVANCED_FACE('',(#2697),#2879,.F.);
#3056=ADVANCED_FACE('',(#2698),#2880,.T.);
#3057=ADVANCED_FACE('',(#2699),#2881,.F.);
#3058=ADVANCED_FACE('',(#2700),#2882,.F.);
#3059=ADVANCED_FACE('',(#2701),#2883,.F.);
#3060=ADVANCED_FACE('',(#2702),#2884,.F.);
#3061=ADVANCED_FACE('',(#2703),#2885,.T.);
#3062=ADVANCED_FACE('',(#2704),#2886,.F.);
#3063=ADVANCED_FACE('',(#2705),#2887,.F.);
#3064=ADVANCED_FACE('',(#2706),#2888,.F.);
#3065=ADVANCED_FACE('',(#2707),#2889,.F.);
#3066=ADVANCED_FACE('',(#2708),#2890,.T.);
#3067=ADVANCED_FACE('',(#2709),#2891,.F.);
#3068=ADVANCED_FACE('',(#2710),#2892,.F.);
#3069=ADVANCED_FACE('',(#2711),#2893,.F.);
#3070=ADVANCED_FACE('',(#2712),#2894,.F.);
#3071=ADVANCED_FACE('',(#2713),#2895,.T.);
#3072=ADVANCED_FACE('',(#2714),#2896,.T.);
#3073=ADVANCED_FACE('',(#2715),#2897,.T.);
#3074=ADVANCED_FACE('',(#2716),#2898,.T.);
#3075=ADVANCED_FACE('',(#2717),#2899,.T.);
#3076=ADVANCED_FACE('',(#2718),#2900,.T.);
#3077=ADVANCED_FACE('',(#2719),#2901,.T.);
#3078=ADVANCED_FACE('',(#2720),#2902,.T.);
#3079=ADVANCED_FACE('',(#2721),#2903,.T.);
#3080=ADVANCED_FACE('',(#2722),#2904,.T.);
#3081=ADVANCED_FACE('',(#2723),#2905,.T.);
#3082=ADVANCED_FACE('',(#2724),#2906,.T.);
#3083=ADVANCED_FACE('',(#2725),#2907,.T.);
#3084=ADVANCED_FACE('',(#2726),#2908,.T.);
#3085=ADVANCED_FACE('',(#2727),#2909,.T.);
#3086=ADVANCED_FACE('',(#2728),#2910,.T.);
#3087=ADVANCED_FACE('',(#2729),#2911,.T.);
#3088=ADVANCED_FACE('',(#2730),#2912,.T.);
#3089=ADVANCED_FACE('',(#2731),#2913,.T.);
#3090=ADVANCED_FACE('',(#2732),#2914,.T.);
#3091=ADVANCED_FACE('',(#2733),#2915,.T.);
#3092=ADVANCED_FACE('',(#2734),#2916,.T.);
#3093=ADVANCED_FACE('',(#2735),#2917,.T.);
#3094=ADVANCED_FACE('',(#2736),#2918,.T.);
#3095=ADVANCED_FACE('',(#2737),#2919,.T.);
#3096=ADVANCED_FACE('',(#2738),#2920,.T.);
#3097=ADVANCED_FACE('',(#2739),#2921,.T.);
#3098=ADVANCED_FACE('',(#2740),#2922,.T.);
#3099=ADVANCED_FACE('',(#2741),#2923,.T.);
#3100=ADVANCED_FACE('',(#2742),#2924,.T.);
#3101=ADVANCED_FACE('',(#2743),#2925,.T.);
#3102=ADVANCED_FACE('',(#2744),#2926,.T.);
#3103=ADVANCED_FACE('',(#2745),#2927,.T.);
#3104=ADVANCED_FACE('',(#2746),#2928,.T.);
#3105=ADVANCED_FACE('',(#2747),#2929,.T.);
#3106=ADVANCED_FACE('',(#2748),#2930,.T.);
#3107=ADVANCED_FACE('',(#2749),#2931,.T.);
#3108=ADVANCED_FACE('',(#2750),#2932,.T.);
#3109=ADVANCED_FACE('',(#2751),#2933,.T.);
#3110=ADVANCED_FACE('',(#2752),#2934,.T.);
#3111=ADVANCED_FACE('',(#2753),#2935,.T.);
#3112=ADVANCED_FACE('',(#2754,#2755,#2756,#2757,#2758,#2759,#2760),#2936,
 .F.);
#3113=ADVANCED_FACE('',(#2761),#2937,.F.);
#3114=ADVANCED_FACE('',(#2762),#2938,.F.);
#3115=ADVANCED_FACE('',(#2763),#2939,.F.);
#3116=ADVANCED_FACE('',(#2764),#2940,.F.);
#3117=ADVANCED_FACE('',(#2765),#2941,.F.);
#3118=ADVANCED_FACE('',(#2766),#2942,.F.);
#3119=CLOSED_SHELL('',(#2943,#2944,#2945,#2946,#2947,#2948,#2949,#2950,
#2951,#2952,#2953,#2954,#2955,#2956,#2957,#2958,#2959,#2960,#2961,#2962,
#2963,#2964,#2965,#2966,#2967,#2968,#2969,#2970,#2971,#2972,#2973,#2974,
#2975,#2976,#2977,#2978,#2979,#2980,#2981,#2982,#2983,#2984,#2985,#2986,
#2987,#2988,#2989,#2990,#2991,#2992,#2993,#2994,#2995,#2996,#2997,#2998,
#2999,#3000,#3001,#3002,#3003,#3004,#3005,#3006,#3007,#3008,#3009,#3010,
#3011,#3012,#3013,#3014,#3015,#3016,#3017,#3018,#3019,#3020,#3021,#3022,
#3023,#3024,#3025,#3026,#3027,#3028,#3029,#3030,#3031,#3032,#3033,#3034,
#3035,#3036,#3037,#3038,#3039,#3040,#3041,#3042,#3043,#3044,#3045,#3046,
#3047,#3048,#3049,#3050,#3051,#3052,#3053,#3054,#3055,#3056,#3057,#3058,
#3059,#3060,#3061,#3062,#3063,#3064,#3065,#3066));
#3120=CLOSED_SHELL('',(#3067,#3068,#3069,#3070,#3071,#3072,#3073,#3074,
#3075,#3076,#3077,#3078,#3079,#3080,#3081,#3082,#3083,#3084,#3085,#3086,
#3087,#3088,#3089,#3090,#3091,#3092,#3093,#3094,#3095,#3096,#3097,#3098,
#3099,#3100,#3101,#3102,#3103,#3104,#3105,#3106,#3107,#3108,#3109,#3110,
#3111,#3112,#3113,#3114,#3115,#3116,#3117,#3118));
#3121=STYLED_ITEM('',(#3123),#3136);
#3122=STYLED_ITEM('',(#3124),#3137);
#3123=PRESENTATION_STYLE_ASSIGNMENT((#3125));
#3124=PRESENTATION_STYLE_ASSIGNMENT((#3126));
#3125=SURFACE_STYLE_USAGE(.BOTH.,#3127);
#3126=SURFACE_STYLE_USAGE(.BOTH.,#3128);
#3127=SURFACE_SIDE_STYLE('',(#3129));
#3128=SURFACE_SIDE_STYLE('',(#3130));
#3129=SURFACE_STYLE_FILL_AREA(#3131);
#3130=SURFACE_STYLE_FILL_AREA(#3132);
#3131=FILL_AREA_STYLE('',(#3133));
#3132=FILL_AREA_STYLE('',(#3134));
#3133=FILL_AREA_STYLE_COLOUR('',#3135);
#3134=FILL_AREA_STYLE_COLOUR('',#18);
#3135=COLOUR_RGB('',0.689999997615814,0.689999997615814,0.689999997615814);
#3136=MANIFOLD_SOLID_BREP('SFMC-105-01_socket',#3119);
#3137=MANIFOLD_SOLID_BREP('C-05-01_spins',#3120);
#3138=SHAPE_DEFINITION_REPRESENTATION(#4969,#3141);
#3139=SHAPE_DEFINITION_REPRESENTATION(#4970,#3142);
#3140=SHAPE_DEFINITION_REPRESENTATION(#4972,#3143);
#3141=SHAPE_REPRESENTATION('SFMC-105-01-L-D',(#3144,#3269,#3322),#4957);
#3142=SHAPE_REPRESENTATION('SFMC-105-01_socket',(#3144),#4958);
#3143=SHAPE_REPRESENTATION('C-05-01_spins',(#3144),#4959);
#3144=AXIS2_PLACEMENT_3D('',#4097,#3323,#3324);
#3145=AXIS2_PLACEMENT_3D('',#4098,#3325,#3326);
#3146=AXIS2_PLACEMENT_3D('',#4115,#3335,#3336);
#3147=AXIS2_PLACEMENT_3D('',#4132,#3345,#3346);
#3148=AXIS2_PLACEMENT_3D('',#4138,#3350,#3351);
#3149=AXIS2_PLACEMENT_3D('',#4144,#3355,#3356);
#3150=AXIS2_PLACEMENT_3D('',#4227,#3399,#3400);
#3151=AXIS2_PLACEMENT_3D('',#4229,#3402,#3403);
#3152=AXIS2_PLACEMENT_3D('',#4231,#3405,#3406);
#3153=AXIS2_PLACEMENT_3D('',#4237,#3410,#3411);
#3154=AXIS2_PLACEMENT_3D('',#4241,#3414,#3415);
#3155=AXIS2_PLACEMENT_3D('',#4245,#3418,#3419);
#3156=AXIS2_PLACEMENT_3D('',#4247,#3421,#3422);
#3157=AXIS2_PLACEMENT_3D('',#4253,#3426,#3427);
#3158=AXIS2_PLACEMENT_3D('',#4257,#3430,#3431);
#3159=AXIS2_PLACEMENT_3D('',#4261,#3434,#3435);
#3160=AXIS2_PLACEMENT_3D('',#4263,#3437,#3438);
#3161=AXIS2_PLACEMENT_3D('',#4269,#3442,#3443);
#3162=AXIS2_PLACEMENT_3D('',#4273,#3446,#3447);
#3163=AXIS2_PLACEMENT_3D('',#4277,#3450,#3451);
#3164=AXIS2_PLACEMENT_3D('',#4279,#3453,#3454);
#3165=AXIS2_PLACEMENT_3D('',#4285,#3458,#3459);
#3166=AXIS2_PLACEMENT_3D('',#4289,#3462,#3463);
#3167=AXIS2_PLACEMENT_3D('',#4293,#3466,#3467);
#3168=AXIS2_PLACEMENT_3D('',#4295,#3469,#3470);
#3169=AXIS2_PLACEMENT_3D('',#4301,#3474,#3475);
#3170=AXIS2_PLACEMENT_3D('',#4305,#3478,#3479);
#3171=AXIS2_PLACEMENT_3D('',#4309,#3482,#3483);
#3172=AXIS2_PLACEMENT_3D('',#4311,#3485,#3486);
#3173=AXIS2_PLACEMENT_3D('',#4317,#3490,#3491);
#3174=AXIS2_PLACEMENT_3D('',#4321,#3494,#3495);
#3175=AXIS2_PLACEMENT_3D('',#4325,#3498,#3499);
#3176=AXIS2_PLACEMENT_3D('',#4327,#3501,#3502);
#3177=AXIS2_PLACEMENT_3D('',#4333,#3506,#3507);
#3178=AXIS2_PLACEMENT_3D('',#4337,#3510,#3511);
#3179=AXIS2_PLACEMENT_3D('',#4341,#3514,#3515);
#3180=AXIS2_PLACEMENT_3D('',#4343,#3517,#3518);
#3181=AXIS2_PLACEMENT_3D('',#4349,#3522,#3523);
#3182=AXIS2_PLACEMENT_3D('',#4353,#3526,#3527);
#3183=AXIS2_PLACEMENT_3D('',#4357,#3530,#3531);
#3184=AXIS2_PLACEMENT_3D('',#4359,#3533,#3534);
#3185=AXIS2_PLACEMENT_3D('',#4365,#3538,#3539);
#3186=AXIS2_PLACEMENT_3D('',#4369,#3542,#3543);
#3187=AXIS2_PLACEMENT_3D('',#4373,#3546,#3547);
#3188=AXIS2_PLACEMENT_3D('',#4375,#3549,#3550);
#3189=AXIS2_PLACEMENT_3D('',#4381,#3554,#3555);
#3190=AXIS2_PLACEMENT_3D('',#4385,#3558,#3559);
#3191=AXIS2_PLACEMENT_3D('',#4389,#3562,#3563);
#3192=AXIS2_PLACEMENT_3D('',#4391,#3565,#3566);
#3193=AXIS2_PLACEMENT_3D('',#4434,#3589,#3590);
#3194=AXIS2_PLACEMENT_3D('',#4436,#3592,#3593);
#3195=AXIS2_PLACEMENT_3D('',#4438,#3595,#3596);
#3196=AXIS2_PLACEMENT_3D('',#4440,#3598,#3599);
#3197=AXIS2_PLACEMENT_3D('',#4442,#3601,#3602);
#3198=AXIS2_PLACEMENT_3D('',#4443,#3603,#3604);
#3199=AXIS2_PLACEMENT_3D('',#4444,#3605,#3606);
#3200=AXIS2_PLACEMENT_3D('',#4450,#3610,#3611);
#3201=AXIS2_PLACEMENT_3D('',#4454,#3614,#3615);
#3202=AXIS2_PLACEMENT_3D('',#4458,#3618,#3619);
#3203=AXIS2_PLACEMENT_3D('',#4464,#3623,#3624);
#3204=AXIS2_PLACEMENT_3D('',#4468,#3627,#3628);
#3205=AXIS2_PLACEMENT_3D('',#4472,#3631,#3632);
#3206=AXIS2_PLACEMENT_3D('',#4478,#3636,#3637);
#3207=AXIS2_PLACEMENT_3D('',#4482,#3640,#3641);
#3208=AXIS2_PLACEMENT_3D('',#4486,#3644,#3645);
#3209=AXIS2_PLACEMENT_3D('',#4492,#3649,#3650);
#3210=AXIS2_PLACEMENT_3D('',#4496,#3653,#3654);
#3211=AXIS2_PLACEMENT_3D('',#4500,#3657,#3658);
#3212=AXIS2_PLACEMENT_3D('',#4502,#3660,#3661);
#3213=AXIS2_PLACEMENT_3D('',#4504,#3663,#3664);
#3214=AXIS2_PLACEMENT_3D('',#4506,#3666,#3667);
#3215=AXIS2_PLACEMENT_3D('',#4508,#3669,#3670);
#3216=AXIS2_PLACEMENT_3D('',#4509,#3671,#3672);
#3217=AXIS2_PLACEMENT_3D('',#4510,#3673,#3674);
#3218=AXIS2_PLACEMENT_3D('',#4511,#3675,#3676);
#3219=AXIS2_PLACEMENT_3D('',#4512,#3677,#3678);
#3220=AXIS2_PLACEMENT_3D('',#4518,#3682,#3683);
#3221=AXIS2_PLACEMENT_3D('',#4522,#3686,#3687);
#3222=AXIS2_PLACEMENT_3D('',#4526,#3690,#3691);
#3223=AXIS2_PLACEMENT_3D('',#4528,#3693,#3694);
#3224=AXIS2_PLACEMENT_3D('',#4529,#3695,#3696);
#3225=AXIS2_PLACEMENT_3D('',#4535,#3700,#3701);
#3226=AXIS2_PLACEMENT_3D('',#4539,#3704,#3705);
#3227=AXIS2_PLACEMENT_3D('',#4543,#3708,#3709);
#3228=AXIS2_PLACEMENT_3D('',#4545,#3711,#3712);
#3229=AXIS2_PLACEMENT_3D('',#4546,#3713,#3714);
#3230=AXIS2_PLACEMENT_3D('',#4552,#3718,#3719);
#3231=AXIS2_PLACEMENT_3D('',#4556,#3722,#3723);
#3232=AXIS2_PLACEMENT_3D('',#4560,#3726,#3727);
#3233=AXIS2_PLACEMENT_3D('',#4562,#3729,#3730);
#3234=AXIS2_PLACEMENT_3D('',#4563,#3731,#3732);
#3235=AXIS2_PLACEMENT_3D('',#4569,#3736,#3737);
#3236=AXIS2_PLACEMENT_3D('',#4573,#3740,#3741);
#3237=AXIS2_PLACEMENT_3D('',#4577,#3744,#3745);
#3238=AXIS2_PLACEMENT_3D('',#4579,#3747,#3748);
#3239=AXIS2_PLACEMENT_3D('',#4580,#3749,#3750);
#3240=AXIS2_PLACEMENT_3D('',#4586,#3754,#3755);
#3241=AXIS2_PLACEMENT_3D('',#4590,#3758,#3759);
#3242=AXIS2_PLACEMENT_3D('',#4594,#3762,#3763);
#3243=AXIS2_PLACEMENT_3D('',#4596,#3765,#3766);
#3244=AXIS2_PLACEMENT_3D('',#4597,#3767,#3768);
#3245=AXIS2_PLACEMENT_3D('',#4603,#3772,#3773);
#3246=AXIS2_PLACEMENT_3D('',#4607,#3776,#3777);
#3247=AXIS2_PLACEMENT_3D('',#4611,#3780,#3781);
#3248=AXIS2_PLACEMENT_3D('',#4613,#3783,#3784);
#3249=AXIS2_PLACEMENT_3D('',#4614,#3785,#3786);
#3250=AXIS2_PLACEMENT_3D('',#4620,#3790,#3791);
#3251=AXIS2_PLACEMENT_3D('',#4624,#3794,#3795);
#3252=AXIS2_PLACEMENT_3D('',#4628,#3798,#3799);
#3253=AXIS2_PLACEMENT_3D('',#4630,#3801,#3802);
#3254=AXIS2_PLACEMENT_3D('',#4631,#3803,#3804);
#3255=AXIS2_PLACEMENT_3D('',#4637,#3808,#3809);
#3256=AXIS2_PLACEMENT_3D('',#4641,#3812,#3813);
#3257=AXIS2_PLACEMENT_3D('',#4645,#3816,#3817);
#3258=AXIS2_PLACEMENT_3D('',#4647,#3819,#3820);
#3259=AXIS2_PLACEMENT_3D('',#4648,#3821,#3822);
#3260=AXIS2_PLACEMENT_3D('',#4654,#3826,#3827);
#3261=AXIS2_PLACEMENT_3D('',#4658,#3830,#3831);
#3262=AXIS2_PLACEMENT_3D('',#4662,#3834,#3835);
#3263=AXIS2_PLACEMENT_3D('',#4664,#3837,#3838);
#3264=AXIS2_PLACEMENT_3D('',#4665,#3839,#3840);
#3265=AXIS2_PLACEMENT_3D('',#4671,#3844,#3845);
#3266=AXIS2_PLACEMENT_3D('',#4675,#3848,#3849);
#3267=AXIS2_PLACEMENT_3D('',#4679,#3852,#3853);
#3268=AXIS2_PLACEMENT_3D('',#4681,#3855,#3856);
#3269=AXIS2_PLACEMENT_3D('',#4682,#3857,#3858);
#3270=AXIS2_PLACEMENT_3D('',#4683,#3859,#3860);
#3271=AXIS2_PLACEMENT_3D('',#4692,#3865,#3866);
#3272=AXIS2_PLACEMENT_3D('',#4701,#3871,#3872);
#3273=AXIS2_PLACEMENT_3D('',#4710,#3877,#3878);
#3274=AXIS2_PLACEMENT_3D('',#4719,#3883,#3884);
#3275=AXIS2_PLACEMENT_3D('',#4728,#3889,#3890);
#3276=AXIS2_PLACEMENT_3D('',#4744,#3900,#3901);
#3277=AXIS2_PLACEMENT_3D('',#4750,#3905,#3906);
#3278=AXIS2_PLACEMENT_3D('',#4763,#3915,#3916);
#3279=AXIS2_PLACEMENT_3D('',#4764,#3917,#3918);
#3280=AXIS2_PLACEMENT_3D('',#4768,#3921,#3922);
#3281=AXIS2_PLACEMENT_3D('',#4772,#3925,#3926);
#3282=AXIS2_PLACEMENT_3D('',#4776,#3929,#3930);
#3283=AXIS2_PLACEMENT_3D('',#4780,#3933,#3934);
#3284=AXIS2_PLACEMENT_3D('',#4789,#3939,#3940);
#3285=AXIS2_PLACEMENT_3D('',#4795,#3944,#3945);
#3286=AXIS2_PLACEMENT_3D('',#4801,#3949,#3950);
#3287=AXIS2_PLACEMENT_3D('',#4810,#3955,#3956);
#3288=AXIS2_PLACEMENT_3D('',#4816,#3960,#3961);
#3289=AXIS2_PLACEMENT_3D('',#4822,#3965,#3966);
#3290=AXIS2_PLACEMENT_3D('',#4831,#3971,#3972);
#3291=AXIS2_PLACEMENT_3D('',#4837,#3976,#3977);
#3292=AXIS2_PLACEMENT_3D('',#4843,#3981,#3982);
#3293=AXIS2_PLACEMENT_3D('',#4852,#3987,#3988);
#3294=AXIS2_PLACEMENT_3D('',#4858,#3992,#3993);
#3295=AXIS2_PLACEMENT_3D('',#4864,#3997,#3998);
#3296=AXIS2_PLACEMENT_3D('',#4873,#4003,#4004);
#3297=AXIS2_PLACEMENT_3D('',#4879,#4008,#4009);
#3298=AXIS2_PLACEMENT_3D('',#4885,#4013,#4014);
#3299=AXIS2_PLACEMENT_3D('',#4894,#4019,#4020);
#3300=AXIS2_PLACEMENT_3D('',#4900,#4024,#4025);
#3301=AXIS2_PLACEMENT_3D('',#4906,#4029,#4030);
#3302=AXIS2_PLACEMENT_3D('',#4910,#4033,#4034);
#3303=AXIS2_PLACEMENT_3D('',#4914,#4037,#4038);
#3304=AXIS2_PLACEMENT_3D('',#4916,#4040,#4041);
#3305=AXIS2_PLACEMENT_3D('',#4920,#4044,#4045);
#3306=AXIS2_PLACEMENT_3D('',#4924,#4048,#4049);
#3307=AXIS2_PLACEMENT_3D('',#4926,#4051,#4052);
#3308=AXIS2_PLACEMENT_3D('',#4928,#4054,#4055);
#3309=AXIS2_PLACEMENT_3D('',#4930,#4057,#4058);
#3310=AXIS2_PLACEMENT_3D('',#4933,#4061,#4062);
#3311=AXIS2_PLACEMENT_3D('',#4936,#4065,#4066);
#3312=AXIS2_PLACEMENT_3D('',#4939,#4069,#4070);
#3313=AXIS2_PLACEMENT_3D('',#4942,#4073,#4074);
#3314=AXIS2_PLACEMENT_3D('',#4945,#4077,#4078);
#3315=AXIS2_PLACEMENT_3D('',#4948,#4081,#4082);
#3316=AXIS2_PLACEMENT_3D('',#4949,#4083,#4084);
#3317=AXIS2_PLACEMENT_3D('',#4950,#4085,#4086);
#3318=AXIS2_PLACEMENT_3D('',#4951,#4087,#4088);
#3319=AXIS2_PLACEMENT_3D('',#4952,#4089,#4090);
#3320=AXIS2_PLACEMENT_3D('',#4953,#4091,#4092);
#3321=AXIS2_PLACEMENT_3D('',#4954,#4093,#4094);
#3322=AXIS2_PLACEMENT_3D('',#4955,#4095,#4096);
#3323=DIRECTION('',(0.,0.,1.));
#3324=DIRECTION('',(1.,0.,0.));
#3325=DIRECTION('',(1.,0.,0.));
#3326=DIRECTION('',(0.,0.,-1.));
#3327=DIRECTION('',(0.,1.,0.));
#3328=DIRECTION('',(0.,0.,1.));
#3329=DIRECTION('',(0.,-1.,0.));
#3330=DIRECTION('',(0.,0.,1.));
#3331=DIRECTION('',(0.,-1.,0.));
#3332=DIRECTION('',(0.,0.,1.));
#3333=DIRECTION('',(0.,-1.,0.));
#3334=DIRECTION('',(0.,0.,1.));
#3335=DIRECTION('',(-1.,0.,0.));
#3336=DIRECTION('',(0.,0.,1.));
#3337=DIRECTION('',(0.,1.,0.));
#3338=DIRECTION('',(0.,0.,-1.));
#3339=DIRECTION('',(0.,-1.,0.));
#3340=DIRECTION('',(0.,0.,-1.));
#3341=DIRECTION('',(0.,-1.,0.));
#3342=DIRECTION('',(0.,0.,-1.));
#3343=DIRECTION('',(0.,-1.,0.));
#3344=DIRECTION('',(0.,0.,-1.));
#3345=DIRECTION('',(0.,1.,0.));
#3346=DIRECTION('',(0.,0.,1.));
#3347=DIRECTION('',(-1.,0.,0.));
#3348=DIRECTION('',(0.,0.,1.));
#3349=DIRECTION('',(-1.,0.,0.));
#3350=DIRECTION('',(0.,1.,0.));
#3351=DIRECTION('',(0.,0.,1.));
#3352=DIRECTION('',(1.,0.,0.));
#3353=DIRECTION('',(0.,0.,-1.));
#3354=DIRECTION('',(1.,0.,-4.26851249010041E-16));
#3355=DIRECTION('',(0.,1.,0.));
#3356=DIRECTION('',(0.,0.,1.));
#3357=DIRECTION('',(-1.,0.,0.));
#3358=DIRECTION('',(1.,0.,0.));
#3359=DIRECTION('',(0.,0.,-1.));
#3360=DIRECTION('',(1.,0.,0.));
#3361=DIRECTION('',(0.,0.,1.));
#3362=DIRECTION('',(-1.,0.,0.));
#3363=DIRECTION('',(0.,0.,-1.));
#3364=DIRECTION('',(1.,0.,0.));
#3365=DIRECTION('',(0.,0.,1.));
#3366=DIRECTION('',(-1.,0.,0.));
#3367=DIRECTION('',(0.,0.,-1.));
#3368=DIRECTION('',(1.,0.,0.));
#3369=DIRECTION('',(0.,0.,1.));
#3370=DIRECTION('',(-1.,0.,0.));
#3371=DIRECTION('',(0.,0.,-1.));
#3372=DIRECTION('',(1.,0.,0.));
#3373=DIRECTION('',(0.,0.,1.));
#3374=DIRECTION('',(-1.,0.,0.));
#3375=DIRECTION('',(0.,0.,-1.));
#3376=DIRECTION('',(1.,0.,0.));
#3377=DIRECTION('',(0.,0.,1.));
#3378=DIRECTION('',(-1.,0.,0.));
#3379=DIRECTION('',(0.,0.,-1.));
#3380=DIRECTION('',(1.,0.,0.));
#3381=DIRECTION('',(0.,0.,1.));
#3382=DIRECTION('',(-1.,0.,0.));
#3383=DIRECTION('',(0.,0.,-1.));
#3384=DIRECTION('',(1.,0.,0.));
#3385=DIRECTION('',(0.,0.,1.));
#3386=DIRECTION('',(-1.,0.,0.));
#3387=DIRECTION('',(0.,0.,-1.));
#3388=DIRECTION('',(1.,0.,0.));
#3389=DIRECTION('',(0.,0.,1.));
#3390=DIRECTION('',(-1.,0.,0.));
#3391=DIRECTION('',(0.,0.,-1.));
#3392=DIRECTION('',(1.,0.,0.));
#3393=DIRECTION('',(0.,0.,1.));
#3394=DIRECTION('',(-1.,0.,0.));
#3395=DIRECTION('',(0.,0.,-1.));
#3396=DIRECTION('',(1.,0.,0.));
#3397=DIRECTION('',(0.,0.,1.));
#3398=DIRECTION('',(-1.,0.,0.));
#3399=DIRECTION('',(0.,0.,1.));
#3400=DIRECTION('',(1.,0.,0.));
#3401=DIRECTION('',(-1.,0.,0.));
#3402=DIRECTION('',(0.,0.,-1.));
#3403=DIRECTION('',(-1.,0.,0.));
#3404=DIRECTION('',(1.,0.,0.));
#3405=DIRECTION('',(0.,0.707106781186548,0.707106781186547));
#3406=DIRECTION('',(0.,-0.707106781186547,0.707106781186548));
#3407=DIRECTION('',(0.577350269189626,-0.577350269189626,0.577350269189626));
#3408=DIRECTION('',(-1.,0.,0.));
#3409=DIRECTION('',(-0.577350269189626,-0.577350269189626,0.577350269189626));
#3410=DIRECTION('',(0.707106781186547,0.707106781186548,0.));
#3411=DIRECTION('',(-0.707106781186548,0.707106781186547,0.));
#3412=DIRECTION('',(0.577350269189626,-0.577350269189626,-0.577350269189626));
#3413=DIRECTION('',(0.,0.,1.));
#3414=DIRECTION('',(0.,0.707106781186548,-0.707106781186547));
#3415=DIRECTION('',(0.,0.707106781186547,0.707106781186548));
#3416=DIRECTION('',(-0.577350269189626,-0.577350269189626,-0.577350269189626));
#3417=DIRECTION('',(1.,0.,0.));
#3418=DIRECTION('',(-0.707106781186547,0.707106781186548,0.));
#3419=DIRECTION('',(-0.707106781186548,-0.707106781186547,0.));
#3420=DIRECTION('',(0.,0.,-1.));
#3421=DIRECTION('',(0.,0.707106781186548,0.707106781186547));
#3422=DIRECTION('',(0.,-0.707106781186547,0.707106781186548));
#3423=DIRECTION('',(0.577350269189626,-0.577350269189626,0.577350269189626));
#3424=DIRECTION('',(-1.,0.,0.));
#3425=DIRECTION('',(-0.577350269189626,-0.577350269189626,0.577350269189626));
#3426=DIRECTION('',(0.707106781186547,0.707106781186548,0.));
#3427=DIRECTION('',(-0.707106781186548,0.707106781186547,0.));
#3428=DIRECTION('',(0.577350269189626,-0.577350269189626,-0.577350269189626));
#3429=DIRECTION('',(0.,0.,1.));
#3430=DIRECTION('',(0.,0.707106781186548,-0.707106781186547));
#3431=DIRECTION('',(0.,0.707106781186547,0.707106781186548));
#3432=DIRECTION('',(-0.577350269189626,-0.577350269189626,-0.577350269189626));
#3433=DIRECTION('',(1.,0.,0.));
#3434=DIRECTION('',(-0.707106781186547,0.707106781186548,0.));
#3435=DIRECTION('',(-0.707106781186548,-0.707106781186547,0.));
#3436=DIRECTION('',(0.,0.,-1.));
#3437=DIRECTION('',(0.,0.707106781186548,0.707106781186547));
#3438=DIRECTION('',(0.,-0.707106781186547,0.707106781186548));
#3439=DIRECTION('',(0.577350269189626,-0.577350269189626,0.577350269189626));
#3440=DIRECTION('',(-1.,0.,0.));
#3441=DIRECTION('',(-0.577350269189626,-0.577350269189626,0.577350269189626));
#3442=DIRECTION('',(0.707106781186547,0.707106781186548,0.));
#3443=DIRECTION('',(-0.707106781186548,0.707106781186547,0.));
#3444=DIRECTION('',(0.577350269189626,-0.577350269189626,-0.577350269189626));
#3445=DIRECTION('',(0.,0.,1.));
#3446=DIRECTION('',(0.,0.707106781186548,-0.707106781186547));
#3447=DIRECTION('',(0.,0.707106781186547,0.707106781186548));
#3448=DIRECTION('',(-0.577350269189626,-0.577350269189626,-0.577350269189626));
#3449=DIRECTION('',(1.,0.,0.));
#3450=DIRECTION('',(-0.707106781186547,0.707106781186548,0.));
#3451=DIRECTION('',(-0.707106781186548,-0.707106781186547,0.));
#3452=DIRECTION('',(0.,0.,-1.));
#3453=DIRECTION('',(0.,0.707106781186548,0.707106781186547));
#3454=DIRECTION('',(0.,-0.707106781186547,0.707106781186548));
#3455=DIRECTION('',(0.577350269189626,-0.577350269189626,0.577350269189626));
#3456=DIRECTION('',(-1.,0.,0.));
#3457=DIRECTION('',(-0.577350269189626,-0.577350269189626,0.577350269189626));
#3458=DIRECTION('',(0.707106781186547,0.707106781186548,0.));
#3459=DIRECTION('',(-0.707106781186548,0.707106781186547,0.));
#3460=DIRECTION('',(0.577350269189626,-0.577350269189626,-0.577350269189626));
#3461=DIRECTION('',(0.,0.,1.));
#3462=DIRECTION('',(0.,0.707106781186548,-0.707106781186547));
#3463=DIRECTION('',(0.,0.707106781186547,0.707106781186548));
#3464=DIRECTION('',(-0.577350269189626,-0.577350269189626,-0.577350269189626));
#3465=DIRECTION('',(1.,0.,0.));
#3466=DIRECTION('',(-0.707106781186547,0.707106781186548,0.));
#3467=DIRECTION('',(-0.707106781186548,-0.707106781186547,0.));
#3468=DIRECTION('',(0.,0.,-1.));
#3469=DIRECTION('',(0.,0.707106781186548,0.707106781186547));
#3470=DIRECTION('',(0.,-0.707106781186547,0.707106781186548));
#3471=DIRECTION('',(0.577350269189626,-0.577350269189626,0.577350269189626));
#3472=DIRECTION('',(-1.,0.,0.));
#3473=DIRECTION('',(-0.577350269189626,-0.577350269189626,0.577350269189626));
#3474=DIRECTION('',(0.707106781186547,0.707106781186548,0.));
#3475=DIRECTION('',(-0.707106781186548,0.707106781186547,0.));
#3476=DIRECTION('',(0.577350269189626,-0.577350269189626,-0.577350269189626));
#3477=DIRECTION('',(0.,0.,1.));
#3478=DIRECTION('',(0.,0.707106781186548,-0.707106781186547));
#3479=DIRECTION('',(0.,0.707106781186547,0.707106781186548));
#3480=DIRECTION('',(-0.577350269189626,-0.577350269189626,-0.577350269189626));
#3481=DIRECTION('',(1.,0.,0.));
#3482=DIRECTION('',(-0.707106781186547,0.707106781186548,0.));
#3483=DIRECTION('',(-0.707106781186548,-0.707106781186547,0.));
#3484=DIRECTION('',(0.,0.,-1.));
#3485=DIRECTION('',(0.,0.707106781186548,0.707106781186547));
#3486=DIRECTION('',(0.,-0.707106781186547,0.707106781186548));
#3487=DIRECTION('',(0.577350269189626,-0.577350269189626,0.577350269189626));
#3488=DIRECTION('',(-1.,0.,0.));
#3489=DIRECTION('',(-0.577350269189626,-0.577350269189626,0.577350269189626));
#3490=DIRECTION('',(0.707106781186547,0.707106781186548,0.));
#3491=DIRECTION('',(-0.707106781186548,0.707106781186547,0.));
#3492=DIRECTION('',(0.577350269189626,-0.577350269189626,-0.577350269189626));
#3493=DIRECTION('',(0.,0.,1.));
#3494=DIRECTION('',(0.,0.707106781186548,-0.707106781186547));
#3495=DIRECTION('',(0.,0.707106781186547,0.707106781186548));
#3496=DIRECTION('',(-0.577350269189626,-0.577350269189626,-0.577350269189626));
#3497=DIRECTION('',(1.,0.,0.));
#3498=DIRECTION('',(-0.707106781186547,0.707106781186548,0.));
#3499=DIRECTION('',(-0.707106781186548,-0.707106781186547,0.));
#3500=DIRECTION('',(0.,0.,-1.));
#3501=DIRECTION('',(0.,0.707106781186548,0.707106781186547));
#3502=DIRECTION('',(0.,-0.707106781186547,0.707106781186548));
#3503=DIRECTION('',(0.577350269189626,-0.577350269189626,0.577350269189626));
#3504=DIRECTION('',(-1.,0.,0.));
#3505=DIRECTION('',(-0.577350269189626,-0.577350269189626,0.577350269189626));
#3506=DIRECTION('',(0.707106781186547,0.707106781186548,0.));
#3507=DIRECTION('',(-0.707106781186548,0.707106781186547,0.));
#3508=DIRECTION('',(0.577350269189626,-0.577350269189626,-0.577350269189626));
#3509=DIRECTION('',(0.,0.,1.));
#3510=DIRECTION('',(0.,0.707106781186548,-0.707106781186547));
#3511=DIRECTION('',(0.,0.707106781186547,0.707106781186548));
#3512=DIRECTION('',(-0.577350269189626,-0.577350269189626,-0.577350269189626));
#3513=DIRECTION('',(1.,0.,0.));
#3514=DIRECTION('',(-0.707106781186547,0.707106781186548,0.));
#3515=DIRECTION('',(-0.707106781186548,-0.707106781186547,0.));
#3516=DIRECTION('',(0.,0.,-1.));
#3517=DIRECTION('',(0.,0.707106781186548,0.707106781186547));
#3518=DIRECTION('',(0.,-0.707106781186547,0.707106781186548));
#3519=DIRECTION('',(0.577350269189626,-0.577350269189626,0.577350269189626));
#3520=DIRECTION('',(-1.,0.,0.));
#3521=DIRECTION('',(-0.577350269189626,-0.577350269189626,0.577350269189626));
#3522=DIRECTION('',(0.707106781186547,0.707106781186548,0.));
#3523=DIRECTION('',(-0.707106781186548,0.707106781186547,0.));
#3524=DIRECTION('',(0.577350269189626,-0.577350269189626,-0.577350269189626));
#3525=DIRECTION('',(0.,0.,1.));
#3526=DIRECTION('',(0.,0.707106781186548,-0.707106781186547));
#3527=DIRECTION('',(0.,0.707106781186547,0.707106781186548));
#3528=DIRECTION('',(-0.577350269189626,-0.577350269189626,-0.577350269189626));
#3529=DIRECTION('',(1.,0.,0.));
#3530=DIRECTION('',(-0.707106781186547,0.707106781186548,0.));
#3531=DIRECTION('',(-0.707106781186548,-0.707106781186547,0.));
#3532=DIRECTION('',(0.,0.,-1.));
#3533=DIRECTION('',(0.,0.707106781186548,0.707106781186547));
#3534=DIRECTION('',(0.,-0.707106781186547,0.707106781186548));
#3535=DIRECTION('',(0.577350269189626,-0.577350269189626,0.577350269189626));
#3536=DIRECTION('',(-1.,0.,0.));
#3537=DIRECTION('',(-0.577350269189626,-0.577350269189626,0.577350269189626));
#3538=DIRECTION('',(0.707106781186547,0.707106781186548,0.));
#3539=DIRECTION('',(-0.707106781186548,0.707106781186547,0.));
#3540=DIRECTION('',(0.577350269189626,-0.577350269189626,-0.577350269189626));
#3541=DIRECTION('',(0.,0.,1.));
#3542=DIRECTION('',(0.,0.707106781186548,-0.707106781186547));
#3543=DIRECTION('',(0.,0.707106781186547,0.707106781186548));
#3544=DIRECTION('',(-0.577350269189626,-0.577350269189626,-0.577350269189626));
#3545=DIRECTION('',(1.,0.,0.));
#3546=DIRECTION('',(-0.707106781186547,0.707106781186548,0.));
#3547=DIRECTION('',(-0.707106781186548,-0.707106781186547,0.));
#3548=DIRECTION('',(0.,0.,-1.));
#3549=DIRECTION('',(0.,0.707106781186548,0.707106781186547));
#3550=DIRECTION('',(0.,-0.707106781186547,0.707106781186548));
#3551=DIRECTION('',(0.577350269189626,-0.577350269189626,0.577350269189626));
#3552=DIRECTION('',(-1.,0.,0.));
#3553=DIRECTION('',(-0.577350269189626,-0.577350269189626,0.577350269189626));
#3554=DIRECTION('',(0.707106781186547,0.707106781186548,0.));
#3555=DIRECTION('',(-0.707106781186548,0.707106781186547,0.));
#3556=DIRECTION('',(0.577350269189626,-0.577350269189626,-0.577350269189626));
#3557=DIRECTION('',(0.,0.,1.));
#3558=DIRECTION('',(0.,0.707106781186548,-0.707106781186547));
#3559=DIRECTION('',(0.,0.707106781186547,0.707106781186548));
#3560=DIRECTION('',(-0.577350269189626,-0.577350269189626,-0.577350269189626));
#3561=DIRECTION('',(1.,0.,0.));
#3562=DIRECTION('',(-0.707106781186547,0.707106781186548,0.));
#3563=DIRECTION('',(-0.707106781186548,-0.707106781186547,0.));
#3564=DIRECTION('',(0.,0.,-1.));
#3565=DIRECTION('',(0.,1.,0.));
#3566=DIRECTION('',(0.,0.,1.));
#3567=DIRECTION('',(-1.,0.,0.));
#3568=DIRECTION('',(0.,0.,1.));
#3569=DIRECTION('',(1.,0.,0.));
#3570=DIRECTION('',(0.,0.,-1.));
#3571=DIRECTION('',(-1.,0.,0.));
#3572=DIRECTION('',(0.,0.,1.));
#3573=DIRECTION('',(1.,0.,0.));
#3574=DIRECTION('',(0.,0.,-1.));
#3575=DIRECTION('',(-1.,0.,0.));
#3576=DIRECTION('',(0.,0.,1.));
#3577=DIRECTION('',(1.,0.,0.));
#3578=DIRECTION('',(0.,0.,-1.));
#3579=DIRECTION('',(-1.,0.,0.));
#3580=DIRECTION('',(0.,0.,1.));
#3581=DIRECTION('',(1.,0.,0.));
#3582=DIRECTION('',(0.,0.,-1.));
#3583=DIRECTION('',(-1.,0.,0.));
#3584=DIRECTION('',(0.,0.,1.));
#3585=DIRECTION('',(1.,0.,0.));
#3586=DIRECTION('',(1.,0.,-4.26851249010041E-16));
#3587=DIRECTION('',(0.,0.,-1.));
#3588=DIRECTION('',(-1.,0.,0.));
#3589=DIRECTION('',(0.,0.,-1.));
#3590=DIRECTION('',(-1.,0.,0.));
#3591=DIRECTION('',(0.,-1.,0.));
#3592=DIRECTION('',(0.,0.,1.));
#3593=DIRECTION('',(1.,0.,0.));
#3594=DIRECTION('',(0.,-1.,0.));
#3595=DIRECTION('',(0.,0.,1.));
#3596=DIRECTION('',(1.,0.,0.));
#3597=DIRECTION('',(0.,-1.,0.));
#3598=DIRECTION('',(-4.26851249010041E-16,0.,-1.));
#3599=DIRECTION('',(-1.,0.,4.26851249010041E-16));
#3600=DIRECTION('',(0.,-1.,0.));
#3601=DIRECTION('',(1.,0.,0.));
#3602=DIRECTION('',(0.,0.,-1.));
#3603=DIRECTION('',(-1.,0.,0.));
#3604=DIRECTION('',(0.,0.,1.));
#3605=DIRECTION('',(0.,0.,1.));
#3606=DIRECTION('',(1.,0.,0.));
#3607=DIRECTION('',(-1.,0.,0.));
#3608=DIRECTION('',(0.,-1.,0.));
#3609=DIRECTION('',(0.,-1.,0.));
#3610=DIRECTION('',(-1.,0.,0.));
#3611=DIRECTION('',(0.,0.,1.));
#3612=DIRECTION('',(0.,0.,-1.));
#3613=DIRECTION('',(0.,-1.,0.));
#3614=DIRECTION('',(0.,0.,-1.));
#3615=DIRECTION('',(-1.,0.,0.));
#3616=DIRECTION('',(1.,0.,0.));
#3617=DIRECTION('',(0.,-1.,0.));
#3618=DIRECTION('',(0.,0.,1.));
#3619=DIRECTION('',(1.,0.,0.));
#3620=DIRECTION('',(-1.,0.,0.));
#3621=DIRECTION('',(0.,-1.,0.));
#3622=DIRECTION('',(0.,-1.,0.));
#3623=DIRECTION('',(-1.,0.,0.));
#3624=DIRECTION('',(0.,0.,1.));
#3625=DIRECTION('',(0.,0.,-1.));
#3626=DIRECTION('',(0.,-1.,0.));
#3627=DIRECTION('',(0.,0.,-1.));
#3628=DIRECTION('',(-1.,0.,0.));
#3629=DIRECTION('',(1.,0.,0.));
#3630=DIRECTION('',(0.,-1.,0.));
#3631=DIRECTION('',(0.,0.,1.));
#3632=DIRECTION('',(1.,0.,0.));
#3633=DIRECTION('',(-1.,0.,0.));
#3634=DIRECTION('',(0.,-1.,0.));
#3635=DIRECTION('',(0.,-1.,0.));
#3636=DIRECTION('',(-1.,0.,0.));
#3637=DIRECTION('',(0.,0.,1.));
#3638=DIRECTION('',(0.,0.,-1.));
#3639=DIRECTION('',(0.,-1.,0.));
#3640=DIRECTION('',(0.,0.,-1.));
#3641=DIRECTION('',(-1.,0.,0.));
#3642=DIRECTION('',(1.,0.,0.));
#3643=DIRECTION('',(0.,-1.,0.));
#3644=DIRECTION('',(0.,0.,1.));
#3645=DIRECTION('',(1.,0.,0.));
#3646=DIRECTION('',(-1.,0.,0.));
#3647=DIRECTION('',(0.,-1.,0.));
#3648=DIRECTION('',(0.,-1.,0.));
#3649=DIRECTION('',(-1.,0.,0.));
#3650=DIRECTION('',(0.,0.,1.));
#3651=DIRECTION('',(0.,0.,-1.));
#3652=DIRECTION('',(0.,-1.,0.));
#3653=DIRECTION('',(0.,0.,-1.));
#3654=DIRECTION('',(-1.,0.,0.));
#3655=DIRECTION('',(1.,0.,0.));
#3656=DIRECTION('',(0.,-1.,0.));
#3657=DIRECTION('',(1.,0.,0.));
#3658=DIRECTION('',(0.,0.,-1.));
#3659=DIRECTION('',(0.,0.,1.));
#3660=DIRECTION('',(1.,0.,0.));
#3661=DIRECTION('',(0.,0.,-1.));
#3662=DIRECTION('',(0.,0.,1.));
#3663=DIRECTION('',(1.,0.,0.));
#3664=DIRECTION('',(0.,0.,-1.));
#3665=DIRECTION('',(0.,0.,1.));
#3666=DIRECTION('',(1.,0.,0.));
#3667=DIRECTION('',(0.,0.,-1.));
#3668=DIRECTION('',(0.,0.,1.));
#3669=DIRECTION('',(0.,1.,0.));
#3670=DIRECTION('',(0.,0.,1.));
#3671=DIRECTION('',(0.,1.,0.));
#3672=DIRECTION('',(0.,0.,1.));
#3673=DIRECTION('',(0.,1.,0.));
#3674=DIRECTION('',(0.,0.,1.));
#3675=DIRECTION('',(0.,1.,0.));
#3676=DIRECTION('',(0.,0.,1.));
#3677=DIRECTION('',(0.,0.,-1.));
#3678=DIRECTION('',(-1.,0.,0.));
#3679=DIRECTION('',(0.,1.,0.));
#3680=DIRECTION('',(-1.,0.,0.));
#3681=DIRECTION('',(0.,1.,0.));
#3682=DIRECTION('',(-1.,0.,0.));
#3683=DIRECTION('',(0.,0.,1.));
#3684=DIRECTION('',(0.,1.,0.));
#3685=DIRECTION('',(0.,0.,1.));
#3686=DIRECTION('',(0.,0.,1.));
#3687=DIRECTION('',(1.,0.,0.));
#3688=DIRECTION('',(0.,1.,0.));
#3689=DIRECTION('',(1.,0.,0.));
#3690=DIRECTION('',(1.,0.,0.));
#3691=DIRECTION('',(0.,0.,-1.));
#3692=DIRECTION('',(0.,0.,-1.));
#3693=DIRECTION('',(0.,1.,0.));
#3694=DIRECTION('',(0.,0.,1.));
#3695=DIRECTION('',(0.,0.,-1.));
#3696=DIRECTION('',(-1.,0.,0.));
#3697=DIRECTION('',(0.,1.,0.));
#3698=DIRECTION('',(-1.,0.,0.));
#3699=DIRECTION('',(0.,1.,0.));
#3700=DIRECTION('',(-1.,0.,0.));
#3701=DIRECTION('',(0.,0.,1.));
#3702=DIRECTION('',(0.,1.,0.));
#3703=DIRECTION('',(0.,0.,1.));
#3704=DIRECTION('',(0.,0.,1.));
#3705=DIRECTION('',(1.,0.,0.));
#3706=DIRECTION('',(0.,1.,0.));
#3707=DIRECTION('',(1.,0.,0.));
#3708=DIRECTION('',(1.,0.,0.));
#3709=DIRECTION('',(0.,0.,-1.));
#3710=DIRECTION('',(0.,0.,-1.));
#3711=DIRECTION('',(0.,1.,0.));
#3712=DIRECTION('',(0.,0.,1.));
#3713=DIRECTION('',(0.,0.,-1.));
#3714=DIRECTION('',(-1.,0.,0.));
#3715=DIRECTION('',(0.,1.,0.));
#3716=DIRECTION('',(-1.,0.,0.));
#3717=DIRECTION('',(0.,1.,0.));
#3718=DIRECTION('',(-1.,0.,0.));
#3719=DIRECTION('',(0.,0.,1.));
#3720=DIRECTION('',(0.,1.,0.));
#3721=DIRECTION('',(0.,0.,1.));
#3722=DIRECTION('',(0.,0.,1.));
#3723=DIRECTION('',(1.,0.,0.));
#3724=DIRECTION('',(0.,1.,0.));
#3725=DIRECTION('',(1.,0.,0.));
#3726=DIRECTION('',(1.,0.,0.));
#3727=DIRECTION('',(0.,0.,-1.));
#3728=DIRECTION('',(0.,0.,-1.));
#3729=DIRECTION('',(0.,1.,0.));
#3730=DIRECTION('',(0.,0.,1.));
#3731=DIRECTION('',(0.,0.,-1.));
#3732=DIRECTION('',(-1.,0.,0.));
#3733=DIRECTION('',(0.,1.,0.));
#3734=DIRECTION('',(-1.,0.,0.));
#3735=DIRECTION('',(0.,1.,0.));
#3736=DIRECTION('',(-1.,0.,0.));
#3737=DIRECTION('',(0.,0.,1.));
#3738=DIRECTION('',(0.,1.,0.));
#3739=DIRECTION('',(0.,0.,1.));
#3740=DIRECTION('',(0.,0.,1.));
#3741=DIRECTION('',(1.,0.,0.));
#3742=DIRECTION('',(0.,1.,0.));
#3743=DIRECTION('',(1.,0.,0.));
#3744=DIRECTION('',(1.,0.,0.));
#3745=DIRECTION('',(0.,0.,-1.));
#3746=DIRECTION('',(0.,0.,-1.));
#3747=DIRECTION('',(0.,1.,0.));
#3748=DIRECTION('',(0.,0.,1.));
#3749=DIRECTION('',(0.,0.,-1.));
#3750=DIRECTION('',(-1.,0.,0.));
#3751=DIRECTION('',(0.,1.,0.));
#3752=DIRECTION('',(-1.,0.,0.));
#3753=DIRECTION('',(0.,1.,0.));
#3754=DIRECTION('',(-1.,0.,0.));
#3755=DIRECTION('',(0.,0.,1.));
#3756=DIRECTION('',(0.,1.,0.));
#3757=DIRECTION('',(0.,0.,1.));
#3758=DIRECTION('',(0.,0.,1.));
#3759=DIRECTION('',(1.,0.,0.));
#3760=DIRECTION('',(0.,1.,0.));
#3761=DIRECTION('',(1.,0.,0.));
#3762=DIRECTION('',(1.,0.,0.));
#3763=DIRECTION('',(0.,0.,-1.));
#3764=DIRECTION('',(0.,0.,-1.));
#3765=DIRECTION('',(0.,1.,0.));
#3766=DIRECTION('',(0.,0.,1.));
#3767=DIRECTION('',(0.,0.,-1.));
#3768=DIRECTION('',(-1.,0.,0.));
#3769=DIRECTION('',(0.,1.,0.));
#3770=DIRECTION('',(-1.,0.,0.));
#3771=DIRECTION('',(0.,1.,0.));
#3772=DIRECTION('',(-1.,0.,0.));
#3773=DIRECTION('',(0.,0.,1.));
#3774=DIRECTION('',(0.,1.,0.));
#3775=DIRECTION('',(0.,0.,1.));
#3776=DIRECTION('',(0.,0.,1.));
#3777=DIRECTION('',(1.,0.,0.));
#3778=DIRECTION('',(0.,1.,0.));
#3779=DIRECTION('',(1.,0.,0.));
#3780=DIRECTION('',(1.,0.,0.));
#3781=DIRECTION('',(0.,0.,-1.));
#3782=DIRECTION('',(0.,0.,-1.));
#3783=DIRECTION('',(0.,1.,0.));
#3784=DIRECTION('',(0.,0.,1.));
#3785=DIRECTION('',(0.,0.,-1.));
#3786=DIRECTION('',(-1.,0.,0.));
#3787=DIRECTION('',(0.,1.,0.));
#3788=DIRECTION('',(-1.,0.,0.));
#3789=DIRECTION('',(0.,1.,0.));
#3790=DIRECTION('',(-1.,0.,0.));
#3791=DIRECTION('',(0.,0.,1.));
#3792=DIRECTION('',(0.,1.,0.));
#3793=DIRECTION('',(0.,0.,1.));
#3794=DIRECTION('',(0.,0.,1.));
#3795=DIRECTION('',(1.,0.,0.));
#3796=DIRECTION('',(0.,1.,0.));
#3797=DIRECTION('',(1.,0.,0.));
#3798=DIRECTION('',(1.,0.,0.));
#3799=DIRECTION('',(0.,0.,-1.));
#3800=DIRECTION('',(0.,0.,-1.));
#3801=DIRECTION('',(0.,1.,0.));
#3802=DIRECTION('',(0.,0.,1.));
#3803=DIRECTION('',(0.,0.,-1.));
#3804=DIRECTION('',(-1.,0.,0.));
#3805=DIRECTION('',(0.,1.,0.));
#3806=DIRECTION('',(-1.,0.,0.));
#3807=DIRECTION('',(0.,1.,0.));
#3808=DIRECTION('',(-1.,0.,0.));
#3809=DIRECTION('',(0.,0.,1.));
#3810=DIRECTION('',(0.,1.,0.));
#3811=DIRECTION('',(0.,0.,1.));
#3812=DIRECTION('',(0.,0.,1.));
#3813=DIRECTION('',(1.,0.,0.));
#3814=DIRECTION('',(0.,1.,0.));
#3815=DIRECTION('',(1.,0.,0.));
#3816=DIRECTION('',(1.,0.,0.));
#3817=DIRECTION('',(0.,0.,-1.));
#3818=DIRECTION('',(0.,0.,-1.));
#3819=DIRECTION('',(0.,1.,0.));
#3820=DIRECTION('',(0.,0.,1.));
#3821=DIRECTION('',(0.,0.,-1.));
#3822=DIRECTION('',(-1.,0.,0.));
#3823=DIRECTION('',(0.,1.,0.));
#3824=DIRECTION('',(-1.,0.,0.));
#3825=DIRECTION('',(0.,1.,0.));
#3826=DIRECTION('',(-1.,0.,0.));
#3827=DIRECTION('',(0.,0.,1.));
#3828=DIRECTION('',(0.,1.,0.));
#3829=DIRECTION('',(0.,0.,1.));
#3830=DIRECTION('',(0.,0.,1.));
#3831=DIRECTION('',(1.,0.,0.));
#3832=DIRECTION('',(0.,1.,0.));
#3833=DIRECTION('',(1.,0.,0.));
#3834=DIRECTION('',(1.,0.,0.));
#3835=DIRECTION('',(0.,0.,-1.));
#3836=DIRECTION('',(0.,0.,-1.));
#3837=DIRECTION('',(0.,1.,0.));
#3838=DIRECTION('',(0.,0.,1.));
#3839=DIRECTION('',(0.,0.,-1.));
#3840=DIRECTION('',(-1.,0.,0.));
#3841=DIRECTION('',(0.,1.,0.));
#3842=DIRECTION('',(-1.,0.,0.));
#3843=DIRECTION('',(0.,1.,0.));
#3844=DIRECTION('',(-1.,0.,0.));
#3845=DIRECTION('',(0.,0.,1.));
#3846=DIRECTION('',(0.,1.,0.));
#3847=DIRECTION('',(0.,0.,1.));
#3848=DIRECTION('',(0.,0.,1.));
#3849=DIRECTION('',(1.,0.,0.));
#3850=DIRECTION('',(0.,1.,0.));
#3851=DIRECTION('',(1.,0.,0.));
#3852=DIRECTION('',(1.,0.,0.));
#3853=DIRECTION('',(0.,0.,-1.));
#3854=DIRECTION('',(0.,0.,-1.));
#3855=DIRECTION('',(0.,1.,0.));
#3856=DIRECTION('',(0.,0.,1.));
#3857=DIRECTION('',(0.,0.,1.));
#3858=DIRECTION('',(1.,0.,0.));
#3859=DIRECTION('',(0.,1.,0.));
#3860=DIRECTION('',(0.,0.,1.));
#3861=DIRECTION('',(-1.,0.,0.));
#3862=DIRECTION('',(0.,0.,-1.));
#3863=DIRECTION('',(1.,0.,0.));
#3864=DIRECTION('',(0.,0.,1.));
#3865=DIRECTION('',(0.,1.,0.));
#3866=DIRECTION('',(0.,0.,1.));
#3867=DIRECTION('',(-1.,0.,0.));
#3868=DIRECTION('',(0.,0.,-1.));
#3869=DIRECTION('',(1.,0.,0.));
#3870=DIRECTION('',(0.,0.,1.));
#3871=DIRECTION('',(0.,1.,0.));
#3872=DIRECTION('',(0.,0.,1.));
#3873=DIRECTION('',(-1.,0.,0.));
#3874=DIRECTION('',(0.,0.,-1.));
#3875=DIRECTION('',(1.,0.,0.));
#3876=DIRECTION('',(0.,0.,1.));
#3877=DIRECTION('',(0.,1.,0.));
#3878=DIRECTION('',(0.,0.,1.));
#3879=DIRECTION('',(-1.,0.,0.));
#3880=DIRECTION('',(0.,0.,-1.));
#3881=DIRECTION('',(1.,0.,0.));
#3882=DIRECTION('',(0.,0.,1.));
#3883=DIRECTION('',(0.,0.,-1.));
#3884=DIRECTION('',(-1.,0.,0.));
#3885=DIRECTION('',(1.,0.,0.));
#3886=DIRECTION('',(0.,1.,0.));
#3887=DIRECTION('',(-1.,0.,0.));
#3888=DIRECTION('',(0.,1.,0.));
#3889=DIRECTION('',(-1.,0.,0.));
#3890=DIRECTION('',(0.,0.,1.));
#3891=DIRECTION('',(0.,0.,-1.));
#3892=DIRECTION('',(0.,1.,0.));
#3893=DIRECTION('',(0.,0.,1.));
#3894=DIRECTION('',(0.,0.,-1.));
#3895=DIRECTION('',(0.,1.,0.));
#3896=DIRECTION('',(0.,1.,0.));
#3897=DIRECTION('',(0.,0.,-1.));
#3898=DIRECTION('',(0.,1.,0.));
#3899=DIRECTION('',(0.,1.,0.));
#3900=DIRECTION('',(0.,0.,1.));
#3901=DIRECTION('',(1.,0.,0.));
#3902=DIRECTION('',(-1.,0.,0.));
#3903=DIRECTION('',(0.,1.,0.));
#3904=DIRECTION('',(1.,0.,0.));
#3905=DIRECTION('',(1.,0.,0.));
#3906=DIRECTION('',(0.,0.,-1.));
#3907=DIRECTION('',(0.,0.,1.));
#3908=DIRECTION('',(0.,0.,-1.));
#3909=DIRECTION('',(0.,0.,1.));
#3910=DIRECTION('',(0.,1.,0.));
#3911=DIRECTION('',(0.,1.,0.));
#3912=DIRECTION('',(0.,0.,1.));
#3913=DIRECTION('',(0.,1.,0.));
#3914=DIRECTION('',(0.,1.,0.));
#3915=DIRECTION('',(0.,1.,0.));
#3916=DIRECTION('',(0.,0.,1.));
#3917=DIRECTION('',(0.,0.,-1.));
#3918=DIRECTION('',(-1.,0.,0.));
#3919=DIRECTION('',(0.,1.,0.));
#3920=DIRECTION('',(-1.,0.,0.));
#3921=DIRECTION('',(0.,0.,1.));
#3922=DIRECTION('',(1.,0.,0.));
#3923=DIRECTION('',(1.,0.,0.));
#3924=DIRECTION('',(0.,1.,0.));
#3925=DIRECTION('',(0.,0.,-1.));
#3926=DIRECTION('',(-1.,0.,0.));
#3927=DIRECTION('',(0.,1.,0.));
#3928=DIRECTION('',(-1.,0.,0.));
#3929=DIRECTION('',(0.,0.,1.));
#3930=DIRECTION('',(1.,0.,0.));
#3931=DIRECTION('',(1.,0.,0.));
#3932=DIRECTION('',(0.,1.,0.));
#3933=DIRECTION('',(0.,0.,-1.));
#3934=DIRECTION('',(-1.,0.,0.));
#3935=DIRECTION('',(-1.,0.,0.));
#3936=DIRECTION('',(0.,1.,0.));
#3937=DIRECTION('',(-1.,0.,0.));
#3938=DIRECTION('',(0.,1.,0.));
#3939=DIRECTION('',(1.,0.,0.));
#3940=DIRECTION('',(0.,0.,-1.));
#3941=DIRECTION('',(0.,0.,-1.));
#3942=DIRECTION('',(0.,0.,-1.));
#3943=DIRECTION('',(0.,1.,0.));
#3944=DIRECTION('',(0.,0.,1.));
#3945=DIRECTION('',(1.,0.,0.));
#3946=DIRECTION('',(1.,0.,0.));
#3947=DIRECTION('',(1.,0.,0.));
#3948=DIRECTION('',(0.,1.,0.));
#3949=DIRECTION('',(0.,0.,-1.));
#3950=DIRECTION('',(-1.,0.,0.));
#3951=DIRECTION('',(-1.,0.,0.));
#3952=DIRECTION('',(0.,1.,0.));
#3953=DIRECTION('',(-1.,0.,0.));
#3954=DIRECTION('',(0.,1.,0.));
#3955=DIRECTION('',(1.,0.,0.));
#3956=DIRECTION('',(0.,0.,-1.));
#3957=DIRECTION('',(0.,0.,-1.));
#3958=DIRECTION('',(0.,0.,-1.));
#3959=DIRECTION('',(0.,1.,0.));
#3960=DIRECTION('',(0.,0.,1.));
#3961=DIRECTION('',(1.,0.,0.));
#3962=DIRECTION('',(1.,0.,0.));
#3963=DIRECTION('',(1.,0.,0.));
#3964=DIRECTION('',(0.,1.,0.));
#3965=DIRECTION('',(0.,0.,-1.));
#3966=DIRECTION('',(-1.,0.,0.));
#3967=DIRECTION('',(-1.,0.,0.));
#3968=DIRECTION('',(0.,1.,0.));
#3969=DIRECTION('',(-1.,0.,0.));
#3970=DIRECTION('',(0.,1.,0.));
#3971=DIRECTION('',(1.,0.,0.));
#3972=DIRECTION('',(0.,0.,-1.));
#3973=DIRECTION('',(0.,0.,-1.));
#3974=DIRECTION('',(0.,0.,-1.));
#3975=DIRECTION('',(0.,1.,0.));
#3976=DIRECTION('',(0.,0.,1.));
#3977=DIRECTION('',(1.,0.,0.));
#3978=DIRECTION('',(1.,0.,0.));
#3979=DIRECTION('',(1.,0.,0.));
#3980=DIRECTION('',(0.,1.,0.));
#3981=DIRECTION('',(0.,0.,-1.));
#3982=DIRECTION('',(-1.,0.,0.));
#3983=DIRECTION('',(-1.,0.,0.));
#3984=DIRECTION('',(0.,1.,0.));
#3985=DIRECTION('',(-1.,0.,0.));
#3986=DIRECTION('',(0.,1.,0.));
#3987=DIRECTION('',(1.,0.,0.));
#3988=DIRECTION('',(0.,0.,-1.));
#3989=DIRECTION('',(0.,0.,-1.));
#3990=DIRECTION('',(0.,0.,-1.));
#3991=DIRECTION('',(0.,1.,0.));
#3992=DIRECTION('',(0.,0.,1.));
#3993=DIRECTION('',(1.,0.,0.));
#3994=DIRECTION('',(1.,0.,0.));
#3995=DIRECTION('',(1.,0.,0.));
#3996=DIRECTION('',(0.,1.,0.));
#3997=DIRECTION('',(0.,0.,-1.));
#3998=DIRECTION('',(-1.,0.,0.));
#3999=DIRECTION('',(-1.,0.,0.));
#4000=DIRECTION('',(0.,1.,0.));
#4001=DIRECTION('',(-1.,0.,0.));
#4002=DIRECTION('',(0.,1.,0.));
#4003=DIRECTION('',(1.,0.,0.));
#4004=DIRECTION('',(0.,0.,-1.));
#4005=DIRECTION('',(0.,0.,-1.));
#4006=DIRECTION('',(0.,0.,-1.));
#4007=DIRECTION('',(0.,1.,0.));
#4008=DIRECTION('',(0.,0.,1.));
#4009=DIRECTION('',(1.,0.,0.));
#4010=DIRECTION('',(1.,0.,0.));
#4011=DIRECTION('',(1.,0.,0.));
#4012=DIRECTION('',(0.,1.,0.));
#4013=DIRECTION('',(0.,0.,-1.));
#4014=DIRECTION('',(-1.,0.,0.));
#4015=DIRECTION('',(-1.,0.,0.));
#4016=DIRECTION('',(0.,1.,0.));
#4017=DIRECTION('',(-1.,0.,0.));
#4018=DIRECTION('',(0.,1.,0.));
#4019=DIRECTION('',(1.,0.,0.));
#4020=DIRECTION('',(0.,0.,-1.));
#4021=DIRECTION('',(0.,0.,-1.));
#4022=DIRECTION('',(0.,0.,-1.));
#4023=DIRECTION('',(0.,1.,0.));
#4024=DIRECTION('',(0.,0.,1.));
#4025=DIRECTION('',(1.,0.,0.));
#4026=DIRECTION('',(1.,0.,0.));
#4027=DIRECTION('',(1.,0.,0.));
#4028=DIRECTION('',(0.,1.,0.));
#4029=DIRECTION('',(0.,0.,-1.));
#4030=DIRECTION('',(-1.,0.,0.));
#4031=DIRECTION('',(-1.,0.,0.));
#4032=DIRECTION('',(0.,1.,0.));
#4033=DIRECTION('',(1.,0.,0.));
#4034=DIRECTION('',(0.,0.,-1.));
#4035=DIRECTION('',(0.,0.,-1.));
#4036=DIRECTION('',(0.,1.,0.));
#4037=DIRECTION('',(0.,0.,1.));
#4038=DIRECTION('',(1.,0.,0.));
#4039=DIRECTION('',(1.,0.,0.));
#4040=DIRECTION('',(0.,0.,-1.));
#4041=DIRECTION('',(-1.,0.,0.));
#4042=DIRECTION('',(-1.,0.,0.));
#4043=DIRECTION('',(0.,1.,0.));
#4044=DIRECTION('',(1.,0.,0.));
#4045=DIRECTION('',(0.,0.,-1.));
#4046=DIRECTION('',(0.,0.,-1.));
#4047=DIRECTION('',(0.,1.,0.));
#4048=DIRECTION('',(0.,0.,1.));
#4049=DIRECTION('',(1.,0.,0.));
#4050=DIRECTION('',(1.,0.,0.));
#4051=DIRECTION('',(-1.,0.,0.));
#4052=DIRECTION('',(0.,0.,1.));
#4053=DIRECTION('',(0.,0.,1.));
#4054=DIRECTION('',(-1.,0.,0.));
#4055=DIRECTION('',(0.,0.,1.));
#4056=DIRECTION('',(0.,0.,1.));
#4057=DIRECTION('',(-1.,0.,0.));
#4058=DIRECTION('',(0.,0.,1.));
#4059=DIRECTION('',(0.,0.,1.));
#4060=DIRECTION('',(0.,0.,1.));
#4061=DIRECTION('',(-1.,0.,0.));
#4062=DIRECTION('',(0.,0.,1.));
#4063=DIRECTION('',(0.,0.,1.));
#4064=DIRECTION('',(0.,0.,1.));
#4065=DIRECTION('',(-1.,0.,0.));
#4066=DIRECTION('',(0.,0.,1.));
#4067=DIRECTION('',(0.,0.,1.));
#4068=DIRECTION('',(0.,0.,1.));
#4069=DIRECTION('',(-1.,0.,0.));
#4070=DIRECTION('',(0.,0.,1.));
#4071=DIRECTION('',(0.,0.,1.));
#4072=DIRECTION('',(0.,0.,1.));
#4073=DIRECTION('',(-1.,0.,0.));
#4074=DIRECTION('',(0.,0.,1.));
#4075=DIRECTION('',(0.,0.,1.));
#4076=DIRECTION('',(0.,0.,1.));
#4077=DIRECTION('',(-1.,0.,0.));
#4078=DIRECTION('',(0.,0.,1.));
#4079=DIRECTION('',(0.,0.,1.));
#4080=DIRECTION('',(0.,0.,1.));
#4081=DIRECTION('',(0.,1.,0.));
#4082=DIRECTION('',(0.,0.,1.));
#4083=DIRECTION('',(0.,1.,0.));
#4084=DIRECTION('',(0.,0.,1.));
#4085=DIRECTION('',(0.,1.,0.));
#4086=DIRECTION('',(0.,0.,1.));
#4087=DIRECTION('',(0.,1.,0.));
#4088=DIRECTION('',(0.,0.,1.));
#4089=DIRECTION('',(0.,1.,0.));
#4090=DIRECTION('',(0.,0.,1.));
#4091=DIRECTION('',(0.,1.,0.));
#4092=DIRECTION('',(0.,0.,1.));
#4093=DIRECTION('',(0.,1.,0.));
#4094=DIRECTION('',(0.,0.,1.));
#4095=DIRECTION('',(0.,0.,1.));
#4096=DIRECTION('',(1.,0.,0.));
#4097=CARTESIAN_POINT('',(0.,0.,0.));
#4098=CARTESIAN_POINT('',(-0.1325,0.18,-0.06));
#4099=CARTESIAN_POINT('',(-0.1325,0.18,-0.05));
#4100=CARTESIAN_POINT('',(-0.1325,0.,-0.05));
#4101=CARTESIAN_POINT('',(-0.1325,0.015,-0.05));
#4102=CARTESIAN_POINT('',(-0.1325,0.,-0.06));
#4103=CARTESIAN_POINT('',(-0.1325,0.,0.05));
#4104=CARTESIAN_POINT('',(-0.1325,0.18,0.05));
#4105=CARTESIAN_POINT('',(-0.1325,0.015,0.05));
#4106=CARTESIAN_POINT('',(-0.1325,0.015,-0.06));
#4107=CARTESIAN_POINT('',(-0.1325,0.015,0.06));
#4108=CARTESIAN_POINT('',(-0.1325,0.18,0.06));
#4109=CARTESIAN_POINT('',(-0.1325,0.18,0.06));
#4110=CARTESIAN_POINT('',(-0.1325,0.18,-0.06));
#4111=CARTESIAN_POINT('',(-0.1325,0.18,-0.06));
#4112=CARTESIAN_POINT('',(-0.1325,0.18,-0.06));
#4113=CARTESIAN_POINT('',(-0.1325,0.015,-0.06));
#4114=CARTESIAN_POINT('',(-0.1325,0.015,-0.06));
#4115=CARTESIAN_POINT('',(0.1325,0.18,0.06));
#4116=CARTESIAN_POINT('',(0.1325,0.18,0.05));
#4117=CARTESIAN_POINT('',(0.1325,0.,0.05));
#4118=CARTESIAN_POINT('',(0.1325,0.015,0.05));
#4119=CARTESIAN_POINT('',(0.1325,0.,0.06));
#4120=CARTESIAN_POINT('',(0.1325,0.,-0.0499999999999999));
#4121=CARTESIAN_POINT('',(0.1325,0.18,-0.05));
#4122=CARTESIAN_POINT('',(0.1325,0.015,-0.05));
#4123=CARTESIAN_POINT('',(0.1325,0.015,0.06));
#4124=CARTESIAN_POINT('',(0.1325,0.015,-0.06));
#4125=CARTESIAN_POINT('',(0.1325,0.18,-0.06));
#4126=CARTESIAN_POINT('',(0.1325,0.18,-0.06));
#4127=CARTESIAN_POINT('',(0.1325,0.18,0.06));
#4128=CARTESIAN_POINT('',(0.1325,0.18,0.06));
#4129=CARTESIAN_POINT('',(0.1325,0.18,0.06));
#4130=CARTESIAN_POINT('',(0.1325,0.015,0.06));
#4131=CARTESIAN_POINT('',(0.1325,0.015,0.06));
#4132=CARTESIAN_POINT('',(0.,0.,0.));
#4133=CARTESIAN_POINT('',(0.,0.,-0.05));
#4134=CARTESIAN_POINT('',(-0.1225,0.,-0.05));
#4135=CARTESIAN_POINT('',(-0.1225,0.,-0.05));
#4136=CARTESIAN_POINT('',(-0.1225,0.,0.05));
#4137=CARTESIAN_POINT('',(-0.1225,0.,0.05));
#4138=CARTESIAN_POINT('',(0.,0.,0.));
#4139=CARTESIAN_POINT('',(0.,0.,0.05));
#4140=CARTESIAN_POINT('',(0.1225,0.,0.05));
#4141=CARTESIAN_POINT('',(0.1225,0.,0.05));
#4142=CARTESIAN_POINT('',(0.1225,0.,-0.05));
#4143=CARTESIAN_POINT('',(0.1225,0.,-0.05));
#4144=CARTESIAN_POINT('',(0.,0.18,0.));
#4145=CARTESIAN_POINT('',(0.1325,0.18,-0.06));
#4146=CARTESIAN_POINT('',(-0.1325,0.18,0.06));
#4147=CARTESIAN_POINT('',(-0.119,0.18,0.));
#4148=CARTESIAN_POINT('',(-0.119,0.18,0.044));
#4149=CARTESIAN_POINT('',(-0.119,0.18,0.00600000000000001));
#4150=CARTESIAN_POINT('',(0.,0.18,0.00600000000000001));
#4151=CARTESIAN_POINT('',(-0.081,0.18,0.00600000000000001));
#4152=CARTESIAN_POINT('',(-0.081,0.18,0.));
#4153=CARTESIAN_POINT('',(-0.081,0.18,0.044));
#4154=CARTESIAN_POINT('',(0.,0.18,0.044));
#4155=CARTESIAN_POINT('',(-0.069,0.18,0.));
#4156=CARTESIAN_POINT('',(-0.069,0.18,0.044));
#4157=CARTESIAN_POINT('',(-0.069,0.18,0.00600000000000001));
#4158=CARTESIAN_POINT('',(0.,0.18,0.00600000000000001));
#4159=CARTESIAN_POINT('',(-0.031,0.18,0.00600000000000001));
#4160=CARTESIAN_POINT('',(-0.031,0.18,0.));
#4161=CARTESIAN_POINT('',(-0.031,0.18,0.044));
#4162=CARTESIAN_POINT('',(0.,0.18,0.044));
#4163=CARTESIAN_POINT('',(0.081,0.18,0.));
#4164=CARTESIAN_POINT('',(0.081,0.18,-0.00600000000000001));
#4165=CARTESIAN_POINT('',(0.081,0.18,-0.044));
#4166=CARTESIAN_POINT('',(0.,0.18,-0.044));
#4167=CARTESIAN_POINT('',(0.119,0.18,-0.044));
#4168=CARTESIAN_POINT('',(0.119,0.18,0.));
#4169=CARTESIAN_POINT('',(0.119,0.18,-0.006));
#4170=CARTESIAN_POINT('',(0.,0.18,-0.00600000000000001));
#4171=CARTESIAN_POINT('',(0.031,0.18,0.));
#4172=CARTESIAN_POINT('',(0.031,0.18,-0.00600000000000001));
#4173=CARTESIAN_POINT('',(0.031,0.18,-0.044));
#4174=CARTESIAN_POINT('',(0.,0.18,-0.044));
#4175=CARTESIAN_POINT('',(0.069,0.18,-0.044));
#4176=CARTESIAN_POINT('',(0.069,0.18,0.));
#4177=CARTESIAN_POINT('',(0.069,0.18,-0.006));
#4178=CARTESIAN_POINT('',(0.,0.18,-0.00600000000000001));
#4179=CARTESIAN_POINT('',(-0.019,0.18,0.));
#4180=CARTESIAN_POINT('',(-0.019,0.18,-0.00600000000000001));
#4181=CARTESIAN_POINT('',(-0.019,0.18,-0.044));
#4182=CARTESIAN_POINT('',(0.,0.18,-0.044));
#4183=CARTESIAN_POINT('',(0.019,0.18,-0.044));
#4184=CARTESIAN_POINT('',(0.019,0.18,0.));
#4185=CARTESIAN_POINT('',(0.019,0.18,-0.00600000000000001));
#4186=CARTESIAN_POINT('',(0.,0.18,-0.00600000000000001));
#4187=CARTESIAN_POINT('',(-0.069,0.18,0.));
#4188=CARTESIAN_POINT('',(-0.069,0.18,-0.00600000000000001));
#4189=CARTESIAN_POINT('',(-0.069,0.18,-0.044));
#4190=CARTESIAN_POINT('',(0.,0.18,-0.044));
#4191=CARTESIAN_POINT('',(-0.031,0.18,-0.044));
#4192=CARTESIAN_POINT('',(-0.031,0.18,0.));
#4193=CARTESIAN_POINT('',(-0.031,0.18,-0.00600000000000001));
#4194=CARTESIAN_POINT('',(0.,0.18,-0.00600000000000001));
#4195=CARTESIAN_POINT('',(-0.019,0.18,0.));
#4196=CARTESIAN_POINT('',(-0.019,0.18,0.044));
#4197=CARTESIAN_POINT('',(-0.019,0.18,0.00600000000000001));
#4198=CARTESIAN_POINT('',(0.,0.18,0.00600000000000001));
#4199=CARTESIAN_POINT('',(0.019,0.18,0.00600000000000001));
#4200=CARTESIAN_POINT('',(0.019,0.18,0.));
#4201=CARTESIAN_POINT('',(0.019,0.18,0.044));
#4202=CARTESIAN_POINT('',(0.,0.18,0.044));
#4203=CARTESIAN_POINT('',(0.031,0.18,0.));
#4204=CARTESIAN_POINT('',(0.031,0.18,0.044));
#4205=CARTESIAN_POINT('',(0.031,0.18,0.00600000000000001));
#4206=CARTESIAN_POINT('',(0.,0.18,0.00600000000000001));
#4207=CARTESIAN_POINT('',(0.069,0.18,0.006));
#4208=CARTESIAN_POINT('',(0.069,0.18,0.));
#4209=CARTESIAN_POINT('',(0.069,0.18,0.044));
#4210=CARTESIAN_POINT('',(0.,0.18,0.044));
#4211=CARTESIAN_POINT('',(0.081,0.18,0.));
#4212=CARTESIAN_POINT('',(0.081,0.18,0.044));
#4213=CARTESIAN_POINT('',(0.081,0.18,0.00600000000000001));
#4214=CARTESIAN_POINT('',(0.,0.18,0.00600000000000001));
#4215=CARTESIAN_POINT('',(0.119,0.18,0.006));
#4216=CARTESIAN_POINT('',(0.119,0.18,0.));
#4217=CARTESIAN_POINT('',(0.119,0.18,0.044));
#4218=CARTESIAN_POINT('',(0.,0.18,0.044));
#4219=CARTESIAN_POINT('',(-0.119,0.18,0.));
#4220=CARTESIAN_POINT('',(-0.119,0.18,-0.00600000000000001));
#4221=CARTESIAN_POINT('',(-0.119,0.18,-0.044));
#4222=CARTESIAN_POINT('',(0.,0.18,-0.044));
#4223=CARTESIAN_POINT('',(-0.081,0.18,-0.044));
#4224=CARTESIAN_POINT('',(-0.081,0.18,0.));
#4225=CARTESIAN_POINT('',(-0.081,0.18,-0.00600000000000001));
#4226=CARTESIAN_POINT('',(0.,0.18,-0.00600000000000001));
#4227=CARTESIAN_POINT('',(0.1325,0.18,-0.06));
#4228=CARTESIAN_POINT('',(0.1325,0.015,-0.06));
#4229=CARTESIAN_POINT('',(-0.1325,0.18,0.06));
#4230=CARTESIAN_POINT('',(-0.1325,0.015,0.06));
#4231=CARTESIAN_POINT('',(-0.09,0.171,0.015));
#4232=CARTESIAN_POINT('',(-0.11,0.171,0.015));
#4233=CARTESIAN_POINT('',(-0.11,0.171,0.015));
#4234=CARTESIAN_POINT('',(-0.09,0.171,0.015));
#4235=CARTESIAN_POINT('',(-0.09,0.171,0.015));
#4236=CARTESIAN_POINT('',(-0.09,0.171,0.015));
#4237=CARTESIAN_POINT('',(-0.11,0.171,0.015));
#4238=CARTESIAN_POINT('',(-0.11,0.171,0.035));
#4239=CARTESIAN_POINT('',(-0.11,0.171,0.035));
#4240=CARTESIAN_POINT('',(-0.11,0.171,0.015));
#4241=CARTESIAN_POINT('',(-0.11,0.171,0.035));
#4242=CARTESIAN_POINT('',(-0.09,0.171,0.035));
#4243=CARTESIAN_POINT('',(-0.09,0.171,0.035));
#4244=CARTESIAN_POINT('',(-0.11,0.171,0.035));
#4245=CARTESIAN_POINT('',(-0.09,0.171,0.035));
#4246=CARTESIAN_POINT('',(-0.09,0.171,0.035));
#4247=CARTESIAN_POINT('',(-0.04,0.171,0.015));
#4248=CARTESIAN_POINT('',(-0.06,0.171,0.015));
#4249=CARTESIAN_POINT('',(-0.06,0.171,0.015));
#4250=CARTESIAN_POINT('',(-0.04,0.171,0.015));
#4251=CARTESIAN_POINT('',(-0.04,0.171,0.015));
#4252=CARTESIAN_POINT('',(-0.04,0.171,0.015));
#4253=CARTESIAN_POINT('',(-0.06,0.171,0.015));
#4254=CARTESIAN_POINT('',(-0.06,0.171,0.035));
#4255=CARTESIAN_POINT('',(-0.06,0.171,0.035));
#4256=CARTESIAN_POINT('',(-0.06,0.171,0.015));
#4257=CARTESIAN_POINT('',(-0.06,0.171,0.035));
#4258=CARTESIAN_POINT('',(-0.04,0.171,0.035));
#4259=CARTESIAN_POINT('',(-0.04,0.171,0.035));
#4260=CARTESIAN_POINT('',(-0.06,0.171,0.035));
#4261=CARTESIAN_POINT('',(-0.04,0.171,0.035));
#4262=CARTESIAN_POINT('',(-0.04,0.171,0.035));
#4263=CARTESIAN_POINT('',(0.11,0.171,-0.035));
#4264=CARTESIAN_POINT('',(0.09,0.171,-0.035));
#4265=CARTESIAN_POINT('',(0.09,0.171,-0.035));
#4266=CARTESIAN_POINT('',(0.11,0.171,-0.035));
#4267=CARTESIAN_POINT('',(0.11,0.171,-0.035));
#4268=CARTESIAN_POINT('',(0.11,0.171,-0.035));
#4269=CARTESIAN_POINT('',(0.09,0.171,-0.035));
#4270=CARTESIAN_POINT('',(0.09,0.171,-0.015));
#4271=CARTESIAN_POINT('',(0.09,0.171,-0.015));
#4272=CARTESIAN_POINT('',(0.09,0.171,-0.035));
#4273=CARTESIAN_POINT('',(0.09,0.171,-0.015));
#4274=CARTESIAN_POINT('',(0.11,0.171,-0.015));
#4275=CARTESIAN_POINT('',(0.11,0.171,-0.015));
#4276=CARTESIAN_POINT('',(0.09,0.171,-0.015));
#4277=CARTESIAN_POINT('',(0.11,0.171,-0.015));
#4278=CARTESIAN_POINT('',(0.11,0.171,-0.015));
#4279=CARTESIAN_POINT('',(0.06,0.171,-0.035));
#4280=CARTESIAN_POINT('',(0.04,0.171,-0.035));
#4281=CARTESIAN_POINT('',(0.04,0.171,-0.035));
#4282=CARTESIAN_POINT('',(0.06,0.171,-0.035));
#4283=CARTESIAN_POINT('',(0.06,0.171,-0.035));
#4284=CARTESIAN_POINT('',(0.06,0.171,-0.035));
#4285=CARTESIAN_POINT('',(0.04,0.171,-0.035));
#4286=CARTESIAN_POINT('',(0.04,0.171,-0.015));
#4287=CARTESIAN_POINT('',(0.04,0.171,-0.015));
#4288=CARTESIAN_POINT('',(0.04,0.171,-0.035));
#4289=CARTESIAN_POINT('',(0.04,0.171,-0.015));
#4290=CARTESIAN_POINT('',(0.06,0.171,-0.015));
#4291=CARTESIAN_POINT('',(0.06,0.171,-0.015));
#4292=CARTESIAN_POINT('',(0.04,0.171,-0.015));
#4293=CARTESIAN_POINT('',(0.06,0.171,-0.015));
#4294=CARTESIAN_POINT('',(0.06,0.171,-0.015));
#4295=CARTESIAN_POINT('',(0.01,0.171,-0.035));
#4296=CARTESIAN_POINT('',(-0.01,0.171,-0.035));
#4297=CARTESIAN_POINT('',(-0.01,0.171,-0.035));
#4298=CARTESIAN_POINT('',(0.01,0.171,-0.035));
#4299=CARTESIAN_POINT('',(0.01,0.171,-0.035));
#4300=CARTESIAN_POINT('',(0.01,0.171,-0.035));
#4301=CARTESIAN_POINT('',(-0.01,0.171,-0.035));
#4302=CARTESIAN_POINT('',(-0.01,0.171,-0.015));
#4303=CARTESIAN_POINT('',(-0.01,0.171,-0.015));
#4304=CARTESIAN_POINT('',(-0.01,0.171,-0.035));
#4305=CARTESIAN_POINT('',(-0.01,0.171,-0.015));
#4306=CARTESIAN_POINT('',(0.01,0.171,-0.015));
#4307=CARTESIAN_POINT('',(0.01,0.171,-0.015));
#4308=CARTESIAN_POINT('',(-0.01,0.171,-0.015));
#4309=CARTESIAN_POINT('',(0.01,0.171,-0.015));
#4310=CARTESIAN_POINT('',(0.01,0.171,-0.015));
#4311=CARTESIAN_POINT('',(-0.04,0.171,-0.035));
#4312=CARTESIAN_POINT('',(-0.06,0.171,-0.035));
#4313=CARTESIAN_POINT('',(-0.06,0.171,-0.035));
#4314=CARTESIAN_POINT('',(-0.04,0.171,-0.035));
#4315=CARTESIAN_POINT('',(-0.04,0.171,-0.035));
#4316=CARTESIAN_POINT('',(-0.04,0.171,-0.035));
#4317=CARTESIAN_POINT('',(-0.06,0.171,-0.035));
#4318=CARTESIAN_POINT('',(-0.06,0.171,-0.015));
#4319=CARTESIAN_POINT('',(-0.06,0.171,-0.015));
#4320=CARTESIAN_POINT('',(-0.06,0.171,-0.035));
#4321=CARTESIAN_POINT('',(-0.06,0.171,-0.015));
#4322=CARTESIAN_POINT('',(-0.04,0.171,-0.015));
#4323=CARTESIAN_POINT('',(-0.04,0.171,-0.015));
#4324=CARTESIAN_POINT('',(-0.06,0.171,-0.015));
#4325=CARTESIAN_POINT('',(-0.04,0.171,-0.015));
#4326=CARTESIAN_POINT('',(-0.04,0.171,-0.015));
#4327=CARTESIAN_POINT('',(0.01,0.171,0.015));
#4328=CARTESIAN_POINT('',(-0.01,0.171,0.015));
#4329=CARTESIAN_POINT('',(-0.01,0.171,0.015));
#4330=CARTESIAN_POINT('',(0.01,0.171,0.015));
#4331=CARTESIAN_POINT('',(0.01,0.171,0.015));
#4332=CARTESIAN_POINT('',(0.01,0.171,0.015));
#4333=CARTESIAN_POINT('',(-0.01,0.171,0.015));
#4334=CARTESIAN_POINT('',(-0.01,0.171,0.035));
#4335=CARTESIAN_POINT('',(-0.01,0.171,0.035));
#4336=CARTESIAN_POINT('',(-0.01,0.171,0.015));
#4337=CARTESIAN_POINT('',(-0.01,0.171,0.035));
#4338=CARTESIAN_POINT('',(0.01,0.171,0.035));
#4339=CARTESIAN_POINT('',(0.01,0.171,0.035));
#4340=CARTESIAN_POINT('',(-0.01,0.171,0.035));
#4341=CARTESIAN_POINT('',(0.01,0.171,0.035));
#4342=CARTESIAN_POINT('',(0.01,0.171,0.035));
#4343=CARTESIAN_POINT('',(0.06,0.171,0.015));
#4344=CARTESIAN_POINT('',(0.04,0.171,0.015));
#4345=CARTESIAN_POINT('',(0.04,0.171,0.015));
#4346=CARTESIAN_POINT('',(0.06,0.171,0.015));
#4347=CARTESIAN_POINT('',(0.06,0.171,0.015));
#4348=CARTESIAN_POINT('',(0.06,0.171,0.015));
#4349=CARTESIAN_POINT('',(0.04,0.171,0.015));
#4350=CARTESIAN_POINT('',(0.04,0.171,0.035));
#4351=CARTESIAN_POINT('',(0.04,0.171,0.035));
#4352=CARTESIAN_POINT('',(0.04,0.171,0.015));
#4353=CARTESIAN_POINT('',(0.04,0.171,0.035));
#4354=CARTESIAN_POINT('',(0.06,0.171,0.035));
#4355=CARTESIAN_POINT('',(0.06,0.171,0.035));
#4356=CARTESIAN_POINT('',(0.04,0.171,0.035));
#4357=CARTESIAN_POINT('',(0.06,0.171,0.035));
#4358=CARTESIAN_POINT('',(0.06,0.171,0.035));
#4359=CARTESIAN_POINT('',(0.11,0.171,0.015));
#4360=CARTESIAN_POINT('',(0.09,0.171,0.015));
#4361=CARTESIAN_POINT('',(0.09,0.171,0.015));
#4362=CARTESIAN_POINT('',(0.11,0.171,0.015));
#4363=CARTESIAN_POINT('',(0.11,0.171,0.015));
#4364=CARTESIAN_POINT('',(0.11,0.171,0.015));
#4365=CARTESIAN_POINT('',(0.09,0.171,0.015));
#4366=CARTESIAN_POINT('',(0.09,0.171,0.035));
#4367=CARTESIAN_POINT('',(0.09,0.171,0.035));
#4368=CARTESIAN_POINT('',(0.09,0.171,0.015));
#4369=CARTESIAN_POINT('',(0.09,0.171,0.035));
#4370=CARTESIAN_POINT('',(0.11,0.171,0.035));
#4371=CARTESIAN_POINT('',(0.11,0.171,0.035));
#4372=CARTESIAN_POINT('',(0.09,0.171,0.035));
#4373=CARTESIAN_POINT('',(0.11,0.171,0.035));
#4374=CARTESIAN_POINT('',(0.11,0.171,0.035));
#4375=CARTESIAN_POINT('',(-0.09,0.171,-0.035));
#4376=CARTESIAN_POINT('',(-0.11,0.171,-0.035));
#4377=CARTESIAN_POINT('',(-0.11,0.171,-0.035));
#4378=CARTESIAN_POINT('',(-0.09,0.171,-0.035));
#4379=CARTESIAN_POINT('',(-0.09,0.171,-0.035));
#4380=CARTESIAN_POINT('',(-0.09,0.171,-0.035));
#4381=CARTESIAN_POINT('',(-0.11,0.171,-0.035));
#4382=CARTESIAN_POINT('',(-0.11,0.171,-0.015));
#4383=CARTESIAN_POINT('',(-0.11,0.171,-0.015));
#4384=CARTESIAN_POINT('',(-0.11,0.171,-0.035));
#4385=CARTESIAN_POINT('',(-0.11,0.171,-0.015));
#4386=CARTESIAN_POINT('',(-0.09,0.171,-0.015));
#4387=CARTESIAN_POINT('',(-0.09,0.171,-0.015));
#4388=CARTESIAN_POINT('',(-0.11,0.171,-0.015));
#4389=CARTESIAN_POINT('',(-0.09,0.171,-0.015));
#4390=CARTESIAN_POINT('',(-0.09,0.171,-0.015));
#4391=CARTESIAN_POINT('',(0.,0.015,0.));
#4392=CARTESIAN_POINT('',(-0.0715,0.015,-0.05));
#4393=CARTESIAN_POINT('',(-0.0715,0.015,-0.05));
#4394=CARTESIAN_POINT('',(-0.079,0.015,-0.05));
#4395=CARTESIAN_POINT('',(-0.079,0.015,-0.05));
#4396=CARTESIAN_POINT('',(-0.079,0.015,0.05));
#4397=CARTESIAN_POINT('',(-0.079,0.015,0.05));
#4398=CARTESIAN_POINT('',(-0.0715,0.015,0.05));
#4399=CARTESIAN_POINT('',(-0.0715,0.015,0.05));
#4400=CARTESIAN_POINT('',(-0.0215,0.015,-0.05));
#4401=CARTESIAN_POINT('',(-0.0215,0.015,-0.05));
#4402=CARTESIAN_POINT('',(-0.029,0.015,-0.05));
#4403=CARTESIAN_POINT('',(-0.029,0.015,-0.05));
#4404=CARTESIAN_POINT('',(-0.029,0.015,0.05));
#4405=CARTESIAN_POINT('',(-0.029,0.015,0.05));
#4406=CARTESIAN_POINT('',(-0.0215,0.015,0.05));
#4407=CARTESIAN_POINT('',(-0.0215,0.015,0.05));
#4408=CARTESIAN_POINT('',(0.0285,0.015,-0.05));
#4409=CARTESIAN_POINT('',(0.0285,0.015,-0.05));
#4410=CARTESIAN_POINT('',(0.021,0.015,-0.05));
#4411=CARTESIAN_POINT('',(0.021,0.015,-0.05));
#4412=CARTESIAN_POINT('',(0.021,0.015,0.05));
#4413=CARTESIAN_POINT('',(0.021,0.015,0.05));
#4414=CARTESIAN_POINT('',(0.0285,0.015,0.05));
#4415=CARTESIAN_POINT('',(0.0285,0.015,0.05));
#4416=CARTESIAN_POINT('',(0.0785,0.015,-0.05));
#4417=CARTESIAN_POINT('',(0.0785,0.015,-0.05));
#4418=CARTESIAN_POINT('',(0.071,0.015,-0.05));
#4419=CARTESIAN_POINT('',(0.071,0.015,-0.05));
#4420=CARTESIAN_POINT('',(0.071,0.015,0.05));
#4421=CARTESIAN_POINT('',(0.071,0.015,0.05));
#4422=CARTESIAN_POINT('',(0.0785,0.015,0.05));
#4423=CARTESIAN_POINT('',(0.0785,0.015,0.05));
#4424=CARTESIAN_POINT('',(-0.1225,0.015,0.05));
#4425=CARTESIAN_POINT('',(-0.1225,0.015,0.05));
#4426=CARTESIAN_POINT('',(-0.1225,0.015,-0.05));
#4427=CARTESIAN_POINT('',(-0.1225,0.015,-0.05));
#4428=CARTESIAN_POINT('',(-0.1425,0.015,-0.05));
#4429=CARTESIAN_POINT('',(0.1225,0.015,-0.05));
#4430=CARTESIAN_POINT('',(0.1225,0.015,-0.05));
#4431=CARTESIAN_POINT('',(0.1225,0.015,0.05));
#4432=CARTESIAN_POINT('',(0.1225,0.015,0.05));
#4433=CARTESIAN_POINT('',(0.1425,0.015,0.05));
#4434=CARTESIAN_POINT('',(-0.1425,0.015,-0.05));
#4435=CARTESIAN_POINT('',(-0.1225,0.015,-0.05));
#4436=CARTESIAN_POINT('',(-0.1225,0.015,0.05));
#4437=CARTESIAN_POINT('',(-0.1225,0.015,0.05));
#4438=CARTESIAN_POINT('',(0.1425,0.015,0.05));
#4439=CARTESIAN_POINT('',(0.1225,0.015,0.05));
#4440=CARTESIAN_POINT('',(0.1225,0.015,-0.05));
#4441=CARTESIAN_POINT('',(0.1225,0.015,-0.05));
#4442=CARTESIAN_POINT('',(-0.1225,0.015,-0.05));
#4443=CARTESIAN_POINT('',(0.1225,0.015,0.05));
#4444=CARTESIAN_POINT('',(0.0785,0.015,-0.05));
#4445=CARTESIAN_POINT('',(0.0785,0.,-0.05));
#4446=CARTESIAN_POINT('',(0.0785,0.,-0.05));
#4447=CARTESIAN_POINT('',(0.071,0.,-0.05));
#4448=CARTESIAN_POINT('',(0.071,0.015,-0.05));
#4449=CARTESIAN_POINT('',(0.0785,0.015,-0.05));
#4450=CARTESIAN_POINT('',(0.0785,0.015,0.05));
#4451=CARTESIAN_POINT('',(0.0785,0.,0.05));
#4452=CARTESIAN_POINT('',(0.0785,0.,0.05));
#4453=CARTESIAN_POINT('',(0.0785,0.015,0.05));
#4454=CARTESIAN_POINT('',(0.071,0.015,0.05));
#4455=CARTESIAN_POINT('',(0.071,0.,0.05));
#4456=CARTESIAN_POINT('',(0.071,0.,0.05));
#4457=CARTESIAN_POINT('',(0.071,0.015,0.05));
#4458=CARTESIAN_POINT('',(0.0285,0.015,-0.05));
#4459=CARTESIAN_POINT('',(0.0285,0.,-0.05));
#4460=CARTESIAN_POINT('',(0.0285,0.,-0.05));
#4461=CARTESIAN_POINT('',(0.021,0.,-0.05));
#4462=CARTESIAN_POINT('',(0.021,0.015,-0.05));
#4463=CARTESIAN_POINT('',(0.0285,0.015,-0.05));
#4464=CARTESIAN_POINT('',(0.0285,0.015,0.05));
#4465=CARTESIAN_POINT('',(0.0285,0.,0.05));
#4466=CARTESIAN_POINT('',(0.0285,0.,0.05));
#4467=CARTESIAN_POINT('',(0.0285,0.015,0.05));
#4468=CARTESIAN_POINT('',(0.021,0.015,0.05));
#4469=CARTESIAN_POINT('',(0.021,0.,0.05));
#4470=CARTESIAN_POINT('',(0.021,0.,0.05));
#4471=CARTESIAN_POINT('',(0.021,0.015,0.05));
#4472=CARTESIAN_POINT('',(-0.0215,0.015,-0.05));
#4473=CARTESIAN_POINT('',(-0.0215,0.,-0.05));
#4474=CARTESIAN_POINT('',(-0.0215,0.,-0.05));
#4475=CARTESIAN_POINT('',(-0.029,0.,-0.05));
#4476=CARTESIAN_POINT('',(-0.029,0.015,-0.05));
#4477=CARTESIAN_POINT('',(-0.0215,0.015,-0.05));
#4478=CARTESIAN_POINT('',(-0.0215,0.015,0.05));
#4479=CARTESIAN_POINT('',(-0.0215,0.,0.05));
#4480=CARTESIAN_POINT('',(-0.0215,0.,0.05));
#4481=CARTESIAN_POINT('',(-0.0215,0.015,0.05));
#4482=CARTESIAN_POINT('',(-0.029,0.015,0.05));
#4483=CARTESIAN_POINT('',(-0.029,0.,0.05));
#4484=CARTESIAN_POINT('',(-0.029,0.,0.05));
#4485=CARTESIAN_POINT('',(-0.029,0.015,0.05));
#4486=CARTESIAN_POINT('',(-0.0715,0.015,-0.05));
#4487=CARTESIAN_POINT('',(-0.0715,0.,-0.05));
#4488=CARTESIAN_POINT('',(-0.0715,0.,-0.05));
#4489=CARTESIAN_POINT('',(-0.079,0.,-0.05));
#4490=CARTESIAN_POINT('',(-0.079,0.015,-0.05));
#4491=CARTESIAN_POINT('',(-0.0715,0.015,-0.05));
#4492=CARTESIAN_POINT('',(-0.0715,0.015,0.05));
#4493=CARTESIAN_POINT('',(-0.0715,0.,0.05));
#4494=CARTESIAN_POINT('',(-0.0715,0.,0.05));
#4495=CARTESIAN_POINT('',(-0.0715,0.015,0.05));
#4496=CARTESIAN_POINT('',(-0.079,0.015,0.05));
#4497=CARTESIAN_POINT('',(-0.079,0.,0.05));
#4498=CARTESIAN_POINT('',(-0.079,0.,0.05));
#4499=CARTESIAN_POINT('',(-0.079,0.015,0.05));
#4500=CARTESIAN_POINT('',(0.071,0.015,-0.05));
#4501=CARTESIAN_POINT('',(0.071,0.,-0.05));
#4502=CARTESIAN_POINT('',(0.021,0.015,-0.05));
#4503=CARTESIAN_POINT('',(0.021,0.,-0.05));
#4504=CARTESIAN_POINT('',(-0.029,0.015,-0.05));
#4505=CARTESIAN_POINT('',(-0.029,0.,-0.05));
#4506=CARTESIAN_POINT('',(-0.079,0.015,-0.05));
#4507=CARTESIAN_POINT('',(-0.079,0.,-0.05));
#4508=CARTESIAN_POINT('',(0.,0.,0.));
#4509=CARTESIAN_POINT('',(0.,0.,0.));
#4510=CARTESIAN_POINT('',(0.,0.,0.));
#4511=CARTESIAN_POINT('',(0.,0.,0.));
#4512=CARTESIAN_POINT('',(-0.09,0.05,0.015));
#4513=CARTESIAN_POINT('',(-0.11,0.05,0.015));
#4514=CARTESIAN_POINT('',(-0.11,0.05,0.015));
#4515=CARTESIAN_POINT('',(-0.09,0.05,0.015));
#4516=CARTESIAN_POINT('',(-0.09,0.05,0.015));
#4517=CARTESIAN_POINT('',(-0.09,0.05,0.015));
#4518=CARTESIAN_POINT('',(-0.11,0.05,0.015));
#4519=CARTESIAN_POINT('',(-0.11,0.05,0.035));
#4520=CARTESIAN_POINT('',(-0.11,0.05,0.035));
#4521=CARTESIAN_POINT('',(-0.11,0.05,0.015));
#4522=CARTESIAN_POINT('',(-0.11,0.05,0.035));
#4523=CARTESIAN_POINT('',(-0.09,0.05,0.035));
#4524=CARTESIAN_POINT('',(-0.09,0.05,0.035));
#4525=CARTESIAN_POINT('',(-0.11,0.05,0.035));
#4526=CARTESIAN_POINT('',(-0.09,0.05,0.035));
#4527=CARTESIAN_POINT('',(-0.09,0.05,0.035));
#4528=CARTESIAN_POINT('',(0.,0.05,0.));
#4529=CARTESIAN_POINT('',(-0.09,0.05,-0.035));
#4530=CARTESIAN_POINT('',(-0.11,0.05,-0.035));
#4531=CARTESIAN_POINT('',(-0.11,0.05,-0.035));
#4532=CARTESIAN_POINT('',(-0.09,0.05,-0.035));
#4533=CARTESIAN_POINT('',(-0.09,0.05,-0.035));
#4534=CARTESIAN_POINT('',(-0.09,0.05,-0.035));
#4535=CARTESIAN_POINT('',(-0.11,0.05,-0.035));
#4536=CARTESIAN_POINT('',(-0.11,0.05,-0.015));
#4537=CARTESIAN_POINT('',(-0.11,0.05,-0.015));
#4538=CARTESIAN_POINT('',(-0.11,0.05,-0.035));
#4539=CARTESIAN_POINT('',(-0.11,0.05,-0.015));
#4540=CARTESIAN_POINT('',(-0.09,0.05,-0.015));
#4541=CARTESIAN_POINT('',(-0.09,0.05,-0.015));
#4542=CARTESIAN_POINT('',(-0.11,0.05,-0.015));
#4543=CARTESIAN_POINT('',(-0.09,0.05,-0.015));
#4544=CARTESIAN_POINT('',(-0.09,0.05,-0.015));
#4545=CARTESIAN_POINT('',(0.,0.05,-0.05));
#4546=CARTESIAN_POINT('',(0.11,0.05,0.015));
#4547=CARTESIAN_POINT('',(0.09,0.05,0.015));
#4548=CARTESIAN_POINT('',(0.09,0.05,0.015));
#4549=CARTESIAN_POINT('',(0.11,0.05,0.015));
#4550=CARTESIAN_POINT('',(0.11,0.05,0.015));
#4551=CARTESIAN_POINT('',(0.11,0.05,0.015));
#4552=CARTESIAN_POINT('',(0.09,0.05,0.015));
#4553=CARTESIAN_POINT('',(0.09,0.05,0.035));
#4554=CARTESIAN_POINT('',(0.09,0.05,0.035));
#4555=CARTESIAN_POINT('',(0.09,0.05,0.015));
#4556=CARTESIAN_POINT('',(0.09,0.05,0.035));
#4557=CARTESIAN_POINT('',(0.11,0.05,0.035));
#4558=CARTESIAN_POINT('',(0.11,0.05,0.035));
#4559=CARTESIAN_POINT('',(0.09,0.05,0.035));
#4560=CARTESIAN_POINT('',(0.11,0.05,0.035));
#4561=CARTESIAN_POINT('',(0.11,0.05,0.035));
#4562=CARTESIAN_POINT('',(0.2,0.05,0.));
#4563=CARTESIAN_POINT('',(0.06,0.05,0.015));
#4564=CARTESIAN_POINT('',(0.04,0.05,0.015));
#4565=CARTESIAN_POINT('',(0.04,0.05,0.015));
#4566=CARTESIAN_POINT('',(0.06,0.05,0.015));
#4567=CARTESIAN_POINT('',(0.06,0.05,0.015));
#4568=CARTESIAN_POINT('',(0.06,0.05,0.015));
#4569=CARTESIAN_POINT('',(0.04,0.05,0.015));
#4570=CARTESIAN_POINT('',(0.04,0.05,0.035));
#4571=CARTESIAN_POINT('',(0.04,0.05,0.035));
#4572=CARTESIAN_POINT('',(0.04,0.05,0.015));
#4573=CARTESIAN_POINT('',(0.04,0.05,0.035));
#4574=CARTESIAN_POINT('',(0.06,0.05,0.035));
#4575=CARTESIAN_POINT('',(0.06,0.05,0.035));
#4576=CARTESIAN_POINT('',(0.04,0.05,0.035));
#4577=CARTESIAN_POINT('',(0.06,0.05,0.035));
#4578=CARTESIAN_POINT('',(0.06,0.05,0.035));
#4579=CARTESIAN_POINT('',(0.15,0.05,0.));
#4580=CARTESIAN_POINT('',(0.01,0.05,0.015));
#4581=CARTESIAN_POINT('',(-0.01,0.05,0.015));
#4582=CARTESIAN_POINT('',(-0.01,0.05,0.015));
#4583=CARTESIAN_POINT('',(0.01,0.05,0.015));
#4584=CARTESIAN_POINT('',(0.01,0.05,0.015));
#4585=CARTESIAN_POINT('',(0.01,0.05,0.015));
#4586=CARTESIAN_POINT('',(-0.01,0.05,0.015));
#4587=CARTESIAN_POINT('',(-0.01,0.05,0.035));
#4588=CARTESIAN_POINT('',(-0.01,0.05,0.035));
#4589=CARTESIAN_POINT('',(-0.01,0.05,0.015));
#4590=CARTESIAN_POINT('',(-0.01,0.05,0.035));
#4591=CARTESIAN_POINT('',(0.01,0.05,0.035));
#4592=CARTESIAN_POINT('',(0.01,0.05,0.035));
#4593=CARTESIAN_POINT('',(-0.01,0.05,0.035));
#4594=CARTESIAN_POINT('',(0.01,0.05,0.035));
#4595=CARTESIAN_POINT('',(0.01,0.05,0.035));
#4596=CARTESIAN_POINT('',(0.1,0.05,0.));
#4597=CARTESIAN_POINT('',(-0.04,0.05,-0.035));
#4598=CARTESIAN_POINT('',(-0.06,0.05,-0.035));
#4599=CARTESIAN_POINT('',(-0.06,0.05,-0.035));
#4600=CARTESIAN_POINT('',(-0.04,0.05,-0.035));
#4601=CARTESIAN_POINT('',(-0.04,0.05,-0.035));
#4602=CARTESIAN_POINT('',(-0.04,0.05,-0.035));
#4603=CARTESIAN_POINT('',(-0.06,0.05,-0.035));
#4604=CARTESIAN_POINT('',(-0.06,0.05,-0.015));
#4605=CARTESIAN_POINT('',(-0.06,0.05,-0.015));
#4606=CARTESIAN_POINT('',(-0.06,0.05,-0.035));
#4607=CARTESIAN_POINT('',(-0.06,0.05,-0.015));
#4608=CARTESIAN_POINT('',(-0.04,0.05,-0.015));
#4609=CARTESIAN_POINT('',(-0.04,0.05,-0.015));
#4610=CARTESIAN_POINT('',(-0.06,0.05,-0.015));
#4611=CARTESIAN_POINT('',(-0.04,0.05,-0.015));
#4612=CARTESIAN_POINT('',(-0.04,0.05,-0.015));
#4613=CARTESIAN_POINT('',(0.05,0.05,-0.05));
#4614=CARTESIAN_POINT('',(0.01,0.05,-0.035));
#4615=CARTESIAN_POINT('',(-0.01,0.05,-0.035));
#4616=CARTESIAN_POINT('',(-0.01,0.05,-0.035));
#4617=CARTESIAN_POINT('',(0.01,0.05,-0.035));
#4618=CARTESIAN_POINT('',(0.01,0.05,-0.035));
#4619=CARTESIAN_POINT('',(0.01,0.05,-0.035));
#4620=CARTESIAN_POINT('',(-0.01,0.05,-0.035));
#4621=CARTESIAN_POINT('',(-0.01,0.05,-0.015));
#4622=CARTESIAN_POINT('',(-0.01,0.05,-0.015));
#4623=CARTESIAN_POINT('',(-0.01,0.05,-0.035));
#4624=CARTESIAN_POINT('',(-0.01,0.05,-0.015));
#4625=CARTESIAN_POINT('',(0.01,0.05,-0.015));
#4626=CARTESIAN_POINT('',(0.01,0.05,-0.015));
#4627=CARTESIAN_POINT('',(-0.01,0.05,-0.015));
#4628=CARTESIAN_POINT('',(0.01,0.05,-0.015));
#4629=CARTESIAN_POINT('',(0.01,0.05,-0.015));
#4630=CARTESIAN_POINT('',(0.1,0.05,-0.05));
#4631=CARTESIAN_POINT('',(0.06,0.05,-0.035));
#4632=CARTESIAN_POINT('',(0.04,0.05,-0.035));
#4633=CARTESIAN_POINT('',(0.04,0.05,-0.035));
#4634=CARTESIAN_POINT('',(0.06,0.05,-0.035));
#4635=CARTESIAN_POINT('',(0.06,0.05,-0.035));
#4636=CARTESIAN_POINT('',(0.06,0.05,-0.035));
#4637=CARTESIAN_POINT('',(0.04,0.05,-0.035));
#4638=CARTESIAN_POINT('',(0.04,0.05,-0.015));
#4639=CARTESIAN_POINT('',(0.04,0.05,-0.015));
#4640=CARTESIAN_POINT('',(0.04,0.05,-0.035));
#4641=CARTESIAN_POINT('',(0.04,0.05,-0.015));
#4642=CARTESIAN_POINT('',(0.06,0.05,-0.015));
#4643=CARTESIAN_POINT('',(0.06,0.05,-0.015));
#4644=CARTESIAN_POINT('',(0.04,0.05,-0.015));
#4645=CARTESIAN_POINT('',(0.06,0.05,-0.015));
#4646=CARTESIAN_POINT('',(0.06,0.05,-0.015));
#4647=CARTESIAN_POINT('',(0.15,0.05,-0.05));
#4648=CARTESIAN_POINT('',(0.11,0.05,-0.035));
#4649=CARTESIAN_POINT('',(0.09,0.05,-0.035));
#4650=CARTESIAN_POINT('',(0.09,0.05,-0.035));
#4651=CARTESIAN_POINT('',(0.11,0.05,-0.035));
#4652=CARTESIAN_POINT('',(0.11,0.05,-0.035));
#4653=CARTESIAN_POINT('',(0.11,0.05,-0.035));
#4654=CARTESIAN_POINT('',(0.09,0.05,-0.035));
#4655=CARTESIAN_POINT('',(0.09,0.05,-0.015));
#4656=CARTESIAN_POINT('',(0.09,0.05,-0.015));
#4657=CARTESIAN_POINT('',(0.09,0.05,-0.035));
#4658=CARTESIAN_POINT('',(0.09,0.05,-0.015));
#4659=CARTESIAN_POINT('',(0.11,0.05,-0.015));
#4660=CARTESIAN_POINT('',(0.11,0.05,-0.015));
#4661=CARTESIAN_POINT('',(0.09,0.05,-0.015));
#4662=CARTESIAN_POINT('',(0.11,0.05,-0.015));
#4663=CARTESIAN_POINT('',(0.11,0.05,-0.015));
#4664=CARTESIAN_POINT('',(0.2,0.05,-0.05));
#4665=CARTESIAN_POINT('',(-0.04,0.05,0.015));
#4666=CARTESIAN_POINT('',(-0.06,0.05,0.015));
#4667=CARTESIAN_POINT('',(-0.06,0.05,0.015));
#4668=CARTESIAN_POINT('',(-0.04,0.05,0.015));
#4669=CARTESIAN_POINT('',(-0.04,0.05,0.015));
#4670=CARTESIAN_POINT('',(-0.04,0.05,0.015));
#4671=CARTESIAN_POINT('',(-0.06,0.05,0.015));
#4672=CARTESIAN_POINT('',(-0.06,0.05,0.035));
#4673=CARTESIAN_POINT('',(-0.06,0.05,0.035));
#4674=CARTESIAN_POINT('',(-0.06,0.05,0.015));
#4675=CARTESIAN_POINT('',(-0.06,0.05,0.035));
#4676=CARTESIAN_POINT('',(-0.04,0.05,0.035));
#4677=CARTESIAN_POINT('',(-0.04,0.05,0.035));
#4678=CARTESIAN_POINT('',(-0.06,0.05,0.035));
#4679=CARTESIAN_POINT('',(-0.04,0.05,0.035));
#4680=CARTESIAN_POINT('',(-0.04,0.05,0.035));
#4681=CARTESIAN_POINT('',(0.05,0.05,0.));
#4682=CARTESIAN_POINT('',(0.,0.,0.));
#4683=CARTESIAN_POINT('',(0.,-0.12,0.));
#4684=CARTESIAN_POINT('',(0.,-0.12,0.0225));
#4685=CARTESIAN_POINT('',(-0.09,-0.12,0.0225));
#4686=CARTESIAN_POINT('',(-0.11,-0.12,0.0225));
#4687=CARTESIAN_POINT('',(-0.09,-0.12,0.));
#4688=CARTESIAN_POINT('',(-0.09,-0.12,0.0275));
#4689=CARTESIAN_POINT('',(0.,-0.12,0.0275));
#4690=CARTESIAN_POINT('',(-0.11,-0.12,0.0275));
#4691=CARTESIAN_POINT('',(-0.11,-0.12,-0.035));
#4692=CARTESIAN_POINT('',(0.,-0.12,0.));
#4693=CARTESIAN_POINT('',(0.,-0.12,-0.0275));
#4694=CARTESIAN_POINT('',(-0.09,-0.12,-0.0275));
#4695=CARTESIAN_POINT('',(-0.11,-0.12,-0.0275));
#4696=CARTESIAN_POINT('',(-0.09,-0.12,0.));
#4697=CARTESIAN_POINT('',(-0.09,-0.12,-0.0225));
#4698=CARTESIAN_POINT('',(0.,-0.12,-0.0225));
#4699=CARTESIAN_POINT('',(-0.11,-0.12,-0.0225));
#4700=CARTESIAN_POINT('',(-0.11,-0.12,-0.035));
#4701=CARTESIAN_POINT('',(0.,-0.12,0.));
#4702=CARTESIAN_POINT('',(0.,-0.12,0.0225));
#4703=CARTESIAN_POINT('',(0.11,-0.12,0.0225));
#4704=CARTESIAN_POINT('',(0.09,-0.12,0.0225));
#4705=CARTESIAN_POINT('',(0.11,-0.12,0.035));
#4706=CARTESIAN_POINT('',(0.11,-0.12,0.0275));
#4707=CARTESIAN_POINT('',(0.,-0.12,0.0275));
#4708=CARTESIAN_POINT('',(0.09,-0.12,0.0275));
#4709=CARTESIAN_POINT('',(0.09,-0.12,0.));
#4710=CARTESIAN_POINT('',(0.,-0.12,0.));
#4711=CARTESIAN_POINT('',(0.,-0.12,-0.0275));
#4712=CARTESIAN_POINT('',(0.11,-0.12,-0.0275));
#4713=CARTESIAN_POINT('',(0.09,-0.12,-0.0275));
#4714=CARTESIAN_POINT('',(0.11,-0.12,0.035));
#4715=CARTESIAN_POINT('',(0.11,-0.12,-0.0225));
#4716=CARTESIAN_POINT('',(0.,-0.12,-0.0225));
#4717=CARTESIAN_POINT('',(0.09,-0.12,-0.0225));
#4718=CARTESIAN_POINT('',(0.09,-0.12,0.));
#4719=CARTESIAN_POINT('',(0.11,-0.12,-0.035));
#4720=CARTESIAN_POINT('',(0.11,0.025,-0.035));
#4721=CARTESIAN_POINT('',(-0.11,0.025,-0.035));
#4722=CARTESIAN_POINT('',(0.11,0.025,-0.035));
#4723=CARTESIAN_POINT('',(-0.11,-0.12,-0.035));
#4724=CARTESIAN_POINT('',(-0.11,0.03,-0.035));
#4725=CARTESIAN_POINT('',(0.11,0.03,-0.035));
#4726=CARTESIAN_POINT('',(0.11,0.03,-0.035));
#4727=CARTESIAN_POINT('',(0.11,-0.12,-0.035));
#4728=CARTESIAN_POINT('',(-0.11,-0.12,-0.035));
#4729=CARTESIAN_POINT('',(-0.11,0.025,-0.035));
#4730=CARTESIAN_POINT('',(-0.11,0.025,0.035));
#4731=CARTESIAN_POINT('',(-0.11,0.025,0.0275));
#4732=CARTESIAN_POINT('',(-0.11,-0.12,0.035));
#4733=CARTESIAN_POINT('',(-0.11,0.03,0.035));
#4734=CARTESIAN_POINT('',(-0.11,0.03,-0.035));
#4735=CARTESIAN_POINT('',(-0.11,0.025,-0.035));
#4736=CARTESIAN_POINT('',(-0.11,0.025,-0.0275));
#4737=CARTESIAN_POINT('',(-0.11,-0.125,-0.0275));
#4738=CARTESIAN_POINT('',(-0.11,-0.125,-0.0225));
#4739=CARTESIAN_POINT('',(-0.11,0.025,-0.0225));
#4740=CARTESIAN_POINT('',(-0.11,0.025,-0.035));
#4741=CARTESIAN_POINT('',(-0.11,0.025,0.0225));
#4742=CARTESIAN_POINT('',(-0.11,-0.125,0.0225));
#4743=CARTESIAN_POINT('',(-0.11,-0.125,0.0275));
#4744=CARTESIAN_POINT('',(-0.11,-0.12,0.035));
#4745=CARTESIAN_POINT('',(-0.11,0.025,0.035));
#4746=CARTESIAN_POINT('',(0.11,0.025,0.035));
#4747=CARTESIAN_POINT('',(0.11,-0.12,0.035));
#4748=CARTESIAN_POINT('',(0.11,0.03,0.035));
#4749=CARTESIAN_POINT('',(-0.11,0.03,0.035));
#4750=CARTESIAN_POINT('',(0.11,-0.12,0.035));
#4751=CARTESIAN_POINT('',(0.11,0.025,0.035));
#4752=CARTESIAN_POINT('',(0.11,0.025,-0.0275));
#4753=CARTESIAN_POINT('',(0.11,0.03,0.035));
#4754=CARTESIAN_POINT('',(0.11,0.025,0.035));
#4755=CARTESIAN_POINT('',(0.11,0.025,0.0275));
#4756=CARTESIAN_POINT('',(0.11,-0.125,0.0275));
#4757=CARTESIAN_POINT('',(0.11,-0.125,0.0225));
#4758=CARTESIAN_POINT('',(0.11,0.025,0.0225));
#4759=CARTESIAN_POINT('',(0.11,0.025,0.035));
#4760=CARTESIAN_POINT('',(0.11,0.025,-0.0225));
#4761=CARTESIAN_POINT('',(0.11,-0.125,-0.0225));
#4762=CARTESIAN_POINT('',(0.11,-0.125,-0.0275));
#4763=CARTESIAN_POINT('',(0.,0.03,0.));
#4764=CARTESIAN_POINT('',(0.11,-0.125,0.0225));
#4765=CARTESIAN_POINT('',(0.09,-0.125,0.0225));
#4766=CARTESIAN_POINT('',(0.09,0.025,0.0225));
#4767=CARTESIAN_POINT('',(0.11,0.025,0.0225));
#4768=CARTESIAN_POINT('',(0.09,-0.125,0.0275));
#4769=CARTESIAN_POINT('',(0.09,0.025,0.0275));
#4770=CARTESIAN_POINT('',(0.09,0.025,0.0275));
#4771=CARTESIAN_POINT('',(0.09,-0.125,0.0275));
#4772=CARTESIAN_POINT('',(0.11,-0.125,-0.0275));
#4773=CARTESIAN_POINT('',(0.09,-0.125,-0.0275));
#4774=CARTESIAN_POINT('',(0.09,0.025,-0.0275));
#4775=CARTESIAN_POINT('',(0.11,0.025,-0.0275));
#4776=CARTESIAN_POINT('',(0.09,-0.125,-0.0225));
#4777=CARTESIAN_POINT('',(0.09,0.025,-0.0225));
#4778=CARTESIAN_POINT('',(0.09,0.025,-0.0225));
#4779=CARTESIAN_POINT('',(0.09,-0.125,-0.0225));
#4780=CARTESIAN_POINT('',(0.06,-0.125,0.0225));
#4781=CARTESIAN_POINT('',(0.,-0.12,0.0225));
#4782=CARTESIAN_POINT('',(0.06,-0.12,0.0225));
#4783=CARTESIAN_POINT('',(0.04,-0.12,0.0225));
#4784=CARTESIAN_POINT('',(0.04,-0.125,0.0225));
#4785=CARTESIAN_POINT('',(0.04,0.025,0.0225));
#4786=CARTESIAN_POINT('',(0.06,0.025,0.0225));
#4787=CARTESIAN_POINT('',(0.06,0.025,0.0225));
#4788=CARTESIAN_POINT('',(0.06,-0.125,0.0225));
#4789=CARTESIAN_POINT('',(0.06,-0.125,0.0275));
#4790=CARTESIAN_POINT('',(0.06,-0.12,0.));
#4791=CARTESIAN_POINT('',(0.06,-0.12,0.0275));
#4792=CARTESIAN_POINT('',(0.06,0.025,0.0275));
#4793=CARTESIAN_POINT('',(0.06,0.025,0.0275));
#4794=CARTESIAN_POINT('',(0.06,-0.125,0.0275));
#4795=CARTESIAN_POINT('',(0.04,-0.125,0.0275));
#4796=CARTESIAN_POINT('',(0.,-0.12,0.0275));
#4797=CARTESIAN_POINT('',(0.04,-0.12,0.0275));
#4798=CARTESIAN_POINT('',(0.04,0.025,0.0275));
#4799=CARTESIAN_POINT('',(0.04,0.025,0.0275));
#4800=CARTESIAN_POINT('',(0.04,-0.125,0.0275));
#4801=CARTESIAN_POINT('',(0.06,-0.125,-0.0275));
#4802=CARTESIAN_POINT('',(0.,-0.12,-0.0275));
#4803=CARTESIAN_POINT('',(0.06,-0.12,-0.0275));
#4804=CARTESIAN_POINT('',(0.04,-0.12,-0.0275));
#4805=CARTESIAN_POINT('',(0.04,-0.125,-0.0275));
#4806=CARTESIAN_POINT('',(0.04,0.025,-0.0275));
#4807=CARTESIAN_POINT('',(0.06,0.025,-0.0275));
#4808=CARTESIAN_POINT('',(0.06,0.025,-0.0275));
#4809=CARTESIAN_POINT('',(0.06,-0.125,-0.0275));
#4810=CARTESIAN_POINT('',(0.06,-0.125,-0.0225));
#4811=CARTESIAN_POINT('',(0.06,-0.12,0.));
#4812=CARTESIAN_POINT('',(0.06,-0.12,-0.0225));
#4813=CARTESIAN_POINT('',(0.06,0.025,-0.0225));
#4814=CARTESIAN_POINT('',(0.06,0.025,-0.0225));
#4815=CARTESIAN_POINT('',(0.06,-0.125,-0.0225));
#4816=CARTESIAN_POINT('',(0.04,-0.125,-0.0225));
#4817=CARTESIAN_POINT('',(0.,-0.12,-0.0225));
#4818=CARTESIAN_POINT('',(0.04,-0.12,-0.0225));
#4819=CARTESIAN_POINT('',(0.04,0.025,-0.0225));
#4820=CARTESIAN_POINT('',(0.04,0.025,-0.0225));
#4821=CARTESIAN_POINT('',(0.04,-0.125,-0.0225));
#4822=CARTESIAN_POINT('',(0.01,-0.125,0.0225));
#4823=CARTESIAN_POINT('',(0.,-0.12,0.0225));
#4824=CARTESIAN_POINT('',(0.01,-0.12,0.0225));
#4825=CARTESIAN_POINT('',(-0.01,-0.12,0.0225));
#4826=CARTESIAN_POINT('',(-0.01,-0.125,0.0225));
#4827=CARTESIAN_POINT('',(-0.01,0.025,0.0225));
#4828=CARTESIAN_POINT('',(0.01,0.025,0.0225));
#4829=CARTESIAN_POINT('',(0.01,0.025,0.0225));
#4830=CARTESIAN_POINT('',(0.01,-0.125,0.0225));
#4831=CARTESIAN_POINT('',(0.01,-0.125,0.0275));
#4832=CARTESIAN_POINT('',(0.01,-0.12,0.));
#4833=CARTESIAN_POINT('',(0.01,-0.12,0.0275));
#4834=CARTESIAN_POINT('',(0.01,0.025,0.0275));
#4835=CARTESIAN_POINT('',(0.01,0.025,0.0275));
#4836=CARTESIAN_POINT('',(0.01,-0.125,0.0275));
#4837=CARTESIAN_POINT('',(-0.01,-0.125,0.0275));
#4838=CARTESIAN_POINT('',(0.,-0.12,0.0275));
#4839=CARTESIAN_POINT('',(-0.01,-0.12,0.0275));
#4840=CARTESIAN_POINT('',(-0.01,0.025,0.0275));
#4841=CARTESIAN_POINT('',(-0.01,0.025,0.0275));
#4842=CARTESIAN_POINT('',(-0.01,-0.125,0.0275));
#4843=CARTESIAN_POINT('',(0.01,-0.125,-0.0275));
#4844=CARTESIAN_POINT('',(0.,-0.12,-0.0275));
#4845=CARTESIAN_POINT('',(0.01,-0.12,-0.0275));
#4846=CARTESIAN_POINT('',(-0.01,-0.12,-0.0275));
#4847=CARTESIAN_POINT('',(-0.01,-0.125,-0.0275));
#4848=CARTESIAN_POINT('',(-0.01,0.025,-0.0275));
#4849=CARTESIAN_POINT('',(0.01,0.025,-0.0275));
#4850=CARTESIAN_POINT('',(0.01,0.025,-0.0275));
#4851=CARTESIAN_POINT('',(0.01,-0.125,-0.0275));
#4852=CARTESIAN_POINT('',(0.01,-0.125,-0.0225));
#4853=CARTESIAN_POINT('',(0.01,-0.12,0.));
#4854=CARTESIAN_POINT('',(0.01,-0.12,-0.0225));
#4855=CARTESIAN_POINT('',(0.01,0.025,-0.0225));
#4856=CARTESIAN_POINT('',(0.01,0.025,-0.0225));
#4857=CARTESIAN_POINT('',(0.01,-0.125,-0.0225));
#4858=CARTESIAN_POINT('',(-0.01,-0.125,-0.0225));
#4859=CARTESIAN_POINT('',(0.,-0.12,-0.0225));
#4860=CARTESIAN_POINT('',(-0.01,-0.12,-0.0225));
#4861=CARTESIAN_POINT('',(-0.01,0.025,-0.0225));
#4862=CARTESIAN_POINT('',(-0.01,0.025,-0.0225));
#4863=CARTESIAN_POINT('',(-0.01,-0.125,-0.0225));
#4864=CARTESIAN_POINT('',(-0.04,-0.125,0.0225));
#4865=CARTESIAN_POINT('',(0.,-0.12,0.0225));
#4866=CARTESIAN_POINT('',(-0.04,-0.12,0.0225));
#4867=CARTESIAN_POINT('',(-0.06,-0.12,0.0225));
#4868=CARTESIAN_POINT('',(-0.06,-0.125,0.0225));
#4869=CARTESIAN_POINT('',(-0.06,0.025,0.0225));
#4870=CARTESIAN_POINT('',(-0.04,0.025,0.0225));
#4871=CARTESIAN_POINT('',(-0.04,0.025,0.0225));
#4872=CARTESIAN_POINT('',(-0.04,-0.125,0.0225));
#4873=CARTESIAN_POINT('',(-0.04,-0.125,0.0275));
#4874=CARTESIAN_POINT('',(-0.04,-0.12,0.));
#4875=CARTESIAN_POINT('',(-0.04,-0.12,0.0275));
#4876=CARTESIAN_POINT('',(-0.04,0.025,0.0275));
#4877=CARTESIAN_POINT('',(-0.04,0.025,0.0275));
#4878=CARTESIAN_POINT('',(-0.04,-0.125,0.0275));
#4879=CARTESIAN_POINT('',(-0.06,-0.125,0.0275));
#4880=CARTESIAN_POINT('',(0.,-0.12,0.0275));
#4881=CARTESIAN_POINT('',(-0.06,-0.12,0.0275));
#4882=CARTESIAN_POINT('',(-0.06,0.025,0.0275));
#4883=CARTESIAN_POINT('',(-0.06,0.025,0.0275));
#4884=CARTESIAN_POINT('',(-0.06,-0.125,0.0275));
#4885=CARTESIAN_POINT('',(-0.04,-0.125,-0.0275));
#4886=CARTESIAN_POINT('',(0.,-0.12,-0.0275));
#4887=CARTESIAN_POINT('',(-0.04,-0.12,-0.0275));
#4888=CARTESIAN_POINT('',(-0.06,-0.12,-0.0275));
#4889=CARTESIAN_POINT('',(-0.06,-0.125,-0.0275));
#4890=CARTESIAN_POINT('',(-0.06,0.025,-0.0275));
#4891=CARTESIAN_POINT('',(-0.04,0.025,-0.0275));
#4892=CARTESIAN_POINT('',(-0.04,0.025,-0.0275));
#4893=CARTESIAN_POINT('',(-0.04,-0.125,-0.0275));
#4894=CARTESIAN_POINT('',(-0.04,-0.125,-0.0225));
#4895=CARTESIAN_POINT('',(-0.04,-0.12,0.));
#4896=CARTESIAN_POINT('',(-0.04,-0.12,-0.0225));
#4897=CARTESIAN_POINT('',(-0.04,0.025,-0.0225));
#4898=CARTESIAN_POINT('',(-0.04,0.025,-0.0225));
#4899=CARTESIAN_POINT('',(-0.04,-0.125,-0.0225));
#4900=CARTESIAN_POINT('',(-0.06,-0.125,-0.0225));
#4901=CARTESIAN_POINT('',(0.,-0.12,-0.0225));
#4902=CARTESIAN_POINT('',(-0.06,-0.12,-0.0225));
#4903=CARTESIAN_POINT('',(-0.06,0.025,-0.0225));
#4904=CARTESIAN_POINT('',(-0.06,0.025,-0.0225));
#4905=CARTESIAN_POINT('',(-0.06,-0.125,-0.0225));
#4906=CARTESIAN_POINT('',(-0.09,-0.125,0.0225));
#4907=CARTESIAN_POINT('',(-0.09,0.025,0.0225));
#4908=CARTESIAN_POINT('',(-0.09,0.025,0.0225));
#4909=CARTESIAN_POINT('',(-0.09,-0.125,0.0225));
#4910=CARTESIAN_POINT('',(-0.09,-0.125,0.0275));
#4911=CARTESIAN_POINT('',(-0.09,0.025,0.0275));
#4912=CARTESIAN_POINT('',(-0.09,0.025,0.0275));
#4913=CARTESIAN_POINT('',(-0.09,-0.125,0.0275));
#4914=CARTESIAN_POINT('',(-0.11,-0.125,0.0275));
#4915=CARTESIAN_POINT('',(-0.11,0.025,0.0275));
#4916=CARTESIAN_POINT('',(-0.09,-0.125,-0.0275));
#4917=CARTESIAN_POINT('',(-0.09,0.025,-0.0275));
#4918=CARTESIAN_POINT('',(-0.09,0.025,-0.0275));
#4919=CARTESIAN_POINT('',(-0.09,-0.125,-0.0275));
#4920=CARTESIAN_POINT('',(-0.09,-0.125,-0.0225));
#4921=CARTESIAN_POINT('',(-0.09,0.025,-0.0225));
#4922=CARTESIAN_POINT('',(-0.09,0.025,-0.0225));
#4923=CARTESIAN_POINT('',(-0.09,-0.125,-0.0225));
#4924=CARTESIAN_POINT('',(-0.11,-0.125,-0.0225));
#4925=CARTESIAN_POINT('',(-0.11,0.025,-0.0225));
#4926=CARTESIAN_POINT('',(0.09,-0.125,0.0225));
#4927=CARTESIAN_POINT('',(0.09,0.025,0.0225));
#4928=CARTESIAN_POINT('',(0.09,-0.125,-0.0275));
#4929=CARTESIAN_POINT('',(0.09,0.025,-0.0275));
#4930=CARTESIAN_POINT('',(0.04,-0.125,0.0225));
#4931=CARTESIAN_POINT('',(0.04,-0.12,0.));
#4932=CARTESIAN_POINT('',(0.04,0.025,0.0225));
#4933=CARTESIAN_POINT('',(0.04,-0.125,-0.0275));
#4934=CARTESIAN_POINT('',(0.04,-0.12,0.));
#4935=CARTESIAN_POINT('',(0.04,0.025,-0.0275));
#4936=CARTESIAN_POINT('',(-0.01,-0.125,0.0225));
#4937=CARTESIAN_POINT('',(-0.01,-0.12,0.));
#4938=CARTESIAN_POINT('',(-0.01,0.025,0.0225));
#4939=CARTESIAN_POINT('',(-0.01,-0.125,-0.0275));
#4940=CARTESIAN_POINT('',(-0.01,-0.12,0.));
#4941=CARTESIAN_POINT('',(-0.01,0.025,-0.0275));
#4942=CARTESIAN_POINT('',(-0.06,-0.125,0.0225));
#4943=CARTESIAN_POINT('',(-0.06,-0.12,0.));
#4944=CARTESIAN_POINT('',(-0.06,0.025,0.0225));
#4945=CARTESIAN_POINT('',(-0.06,-0.125,-0.0275));
#4946=CARTESIAN_POINT('',(-0.06,-0.12,0.));
#4947=CARTESIAN_POINT('',(-0.06,0.025,-0.0275));
#4948=CARTESIAN_POINT('',(0.,0.025,0.));
#4949=CARTESIAN_POINT('',(0.,-0.12,0.));
#4950=CARTESIAN_POINT('',(0.,-0.12,0.));
#4951=CARTESIAN_POINT('',(0.,-0.12,0.));
#4952=CARTESIAN_POINT('',(0.,-0.12,0.));
#4953=CARTESIAN_POINT('',(0.,-0.12,0.));
#4954=CARTESIAN_POINT('',(0.,-0.12,0.));
#4955=CARTESIAN_POINT('',(0.,0.,0.));
#4956=MECHANICAL_DESIGN_GEOMETRIC_PRESENTATION_REPRESENTATION('',(#3121,
#3122),#4957);
#4957=(
GEOMETRIC_REPRESENTATION_CONTEXT(3)
GLOBAL_UNCERTAINTY_ASSIGNED_CONTEXT((#4960))
GLOBAL_UNIT_ASSIGNED_CONTEXT((#4965,#4964,#4963))
REPRESENTATION_CONTEXT('SFMC-105-01-L-D','TOP_LEVEL_ASSEMBLY_PART')
);
#4958=(
GEOMETRIC_REPRESENTATION_CONTEXT(3)
GLOBAL_UNCERTAINTY_ASSIGNED_CONTEXT((#4961))
GLOBAL_UNIT_ASSIGNED_CONTEXT((#4965,#4964,#4963))
REPRESENTATION_CONTEXT('SFMC-105-01_socket','COMPONENT_PART')
);
#4959=(
GEOMETRIC_REPRESENTATION_CONTEXT(3)
GLOBAL_UNCERTAINTY_ASSIGNED_CONTEXT((#4962))
GLOBAL_UNIT_ASSIGNED_CONTEXT((#4965,#4964,#4963))
REPRESENTATION_CONTEXT('C-05-01_spins','COMPONENT_PART')
);
#4960=UNCERTAINTY_MEASURE_WITH_UNIT(LENGTH_MEASURE(0.000196850393700787),
#4965,'DISTANCE_ACCURACY_VALUE','Maximum Tolerance applied to model');
#4961=UNCERTAINTY_MEASURE_WITH_UNIT(LENGTH_MEASURE(0.000196850393700787),
#4965,'DISTANCE_ACCURACY_VALUE','Maximum Tolerance applied to model');
#4962=UNCERTAINTY_MEASURE_WITH_UNIT(LENGTH_MEASURE(0.000196850393700787),
#4965,'DISTANCE_ACCURACY_VALUE','Maximum Tolerance applied to model');
#4963=(
NAMED_UNIT(*)
SI_UNIT($,.STERADIAN.)
SOLID_ANGLE_UNIT()
);
#4964=(
NAMED_UNIT(*)
PLANE_ANGLE_UNIT()
SI_UNIT($,.RADIAN.)
);
#4965=(
CONVERSION_BASED_UNIT('INCH',#4967)
LENGTH_UNIT()
NAMED_UNIT(#4966)
);
#4966=DIMENSIONAL_EXPONENTS(1.,0.,0.,0.,0.,0.,0.);
#4967=LENGTH_MEASURE_WITH_UNIT(LENGTH_MEASURE(25.4),#4968);
#4968=(
LENGTH_UNIT()
NAMED_UNIT(*)
SI_UNIT(.MILLI.,.METRE.)
);
#4969=PRODUCT_DEFINITION_SHAPE('','',#4974);
#4970=PRODUCT_DEFINITION_SHAPE('','',#4975);
#4971=PRODUCT_DEFINITION_SHAPE(' ','NAUO PRDDFN',#21);
#4972=PRODUCT_DEFINITION_SHAPE('','',#4976);
#4973=PRODUCT_DEFINITION_SHAPE(' ','NAUO PRDDFN',#22);
#4974=PRODUCT_DEFINITION('','',#4980,#4977);
#4975=PRODUCT_DEFINITION('','',#4981,#4978);
#4976=PRODUCT_DEFINITION('','',#4982,#4979);
#4977=PRODUCT_DEFINITION_CONTEXT('',#4996,'design');
#4978=PRODUCT_DEFINITION_CONTEXT('',#4996,'design');
#4979=PRODUCT_DEFINITION_CONTEXT('',#4996,'design');
#4980=PRODUCT_DEFINITION_FORMATION_WITH_SPECIFIED_SOURCE('','',#4986,
 .NOT_KNOWN.);
#4981=PRODUCT_DEFINITION_FORMATION_WITH_SPECIFIED_SOURCE('','',#4987,
 .NOT_KNOWN.);
#4982=PRODUCT_DEFINITION_FORMATION_WITH_SPECIFIED_SOURCE('','',#4988,
 .NOT_KNOWN.);
#4983=PRODUCT_RELATED_PRODUCT_CATEGORY('','',(#4986));
#4984=PRODUCT_RELATED_PRODUCT_CATEGORY('','',(#4987));
#4985=PRODUCT_RELATED_PRODUCT_CATEGORY('','',(#4988));
#4986=PRODUCT('SFMC-105-01-L-D','SFMC-105-01-L-D','SFMC-105-01-L-D',(#4992));
#4987=PRODUCT('SFMC-105-01_socket','SFMC-105-01_socket',
'SFMC-105-01_socket',(#4993));
#4988=PRODUCT('C-05-01_spins','C-05-01_spins','C-05-01_spins',(#4994));
#4989=PRODUCT_CATEGORY('','');
#4990=PRODUCT_CATEGORY('','');
#4991=PRODUCT_CATEGORY('','');
#4992=PRODUCT_CONTEXT('',#4996,'mechanical');
#4993=PRODUCT_CONTEXT('',#4996,'mechanical');
#4994=PRODUCT_CONTEXT('',#4996,'mechanical');
#4995=APPLICATION_PROTOCOL_DEFINITION('international standard',
'automotive_design',2010,#4996);
#4996=APPLICATION_CONTEXT(
'core data for automotive mechanical design processes');
ENDSEC;
END-ISO-10303-21;
