ISO-10303-21;
HEADER;
FILE_DESCRIPTION((''),'2;1');
FILE_NAME('C-215307-7','2016-02-02T',('workeradm'),('Tyco Electronics Ltd.'),
'CREO PARAMETRIC BY PTC INC, 2015200','CREO PARAMETRIC BY PTC INC, 2015200','');
FILE_SCHEMA(('AUTOMOTIVE_DESIGN { 1 0 10303 214 1 1 1 1 }'));
ENDSEC;
DATA;
#2=DIRECTION('',(-1.E0,0.E0,0.E0));
#3=VECTOR('',#2,1.778E1);
#4=CARTESIAN_POINT('',(8.89E0,2.53E0,0.E0));
#5=LINE('',#4,#3);
#6=DIRECTION('',(0.E0,0.E0,-1.E0));
#7=VECTOR('',#6,7.E0);
#8=CARTESIAN_POINT('',(-8.89E0,2.53E0,0.E0));
#9=LINE('',#8,#7);
#10=DIRECTION('',(1.E0,0.E0,0.E0));
#11=VECTOR('',#10,1.778E1);
#12=CARTESIAN_POINT('',(-8.89E0,2.53E0,-7.E0));
#13=LINE('',#12,#11);
#14=DIRECTION('',(0.E0,0.E0,1.E0));
#15=VECTOR('',#14,7.E0);
#16=CARTESIAN_POINT('',(8.89E0,2.53E0,-7.E0));
#17=LINE('',#16,#15);
#18=DIRECTION('',(0.E0,1.E0,0.E0));
#19=VECTOR('',#18,5.06E0);
#20=CARTESIAN_POINT('',(-8.89E0,-2.53E0,0.E0));
#21=LINE('',#20,#19);
#22=DIRECTION('',(1.E0,0.E0,0.E0));
#23=VECTOR('',#22,2.46E0);
#24=CARTESIAN_POINT('',(6.39E0,2.275E0,0.E0));
#25=LINE('',#24,#23);
#26=DIRECTION('',(0.E0,1.E0,0.E0));
#27=VECTOR('',#26,1.66E0);
#28=CARTESIAN_POINT('',(6.39E0,6.15E-1,0.E0));
#29=LINE('',#28,#27);
#30=DIRECTION('',(-1.E0,0.E0,0.E0));
#31=VECTOR('',#30,2.46E0);
#32=CARTESIAN_POINT('',(8.85E0,6.15E-1,0.E0));
#33=LINE('',#32,#31);
#34=DIRECTION('',(0.E0,-1.E0,0.E0));
#35=VECTOR('',#34,1.66E0);
#36=CARTESIAN_POINT('',(8.85E0,2.275E0,0.E0));
#37=LINE('',#36,#35);
#38=DIRECTION('',(1.E0,0.E0,0.E0));
#39=VECTOR('',#38,2.46E0);
#40=CARTESIAN_POINT('',(6.39E0,-6.15E-1,0.E0));
#41=LINE('',#40,#39);
#42=DIRECTION('',(0.E0,1.E0,0.E0));
#43=VECTOR('',#42,1.66E0);
#44=CARTESIAN_POINT('',(6.39E0,-2.275E0,0.E0));
#45=LINE('',#44,#43);
#46=DIRECTION('',(-1.E0,0.E0,0.E0));
#47=VECTOR('',#46,2.46E0);
#48=CARTESIAN_POINT('',(8.85E0,-2.275E0,0.E0));
#49=LINE('',#48,#47);
#50=DIRECTION('',(0.E0,-1.E0,0.E0));
#51=VECTOR('',#50,1.66E0);
#52=CARTESIAN_POINT('',(8.85E0,-6.15E-1,0.E0));
#53=LINE('',#52,#51);
#54=DIRECTION('',(1.E0,0.E0,0.E0));
#55=VECTOR('',#54,2.46E0);
#56=CARTESIAN_POINT('',(3.85E0,2.275E0,0.E0));
#57=LINE('',#56,#55);
#58=DIRECTION('',(0.E0,1.E0,0.E0));
#59=VECTOR('',#58,1.66E0);
#60=CARTESIAN_POINT('',(3.85E0,6.15E-1,0.E0));
#61=LINE('',#60,#59);
#62=DIRECTION('',(-1.E0,0.E0,0.E0));
#63=VECTOR('',#62,2.46E0);
#64=CARTESIAN_POINT('',(6.31E0,6.15E-1,0.E0));
#65=LINE('',#64,#63);
#66=DIRECTION('',(0.E0,-1.E0,0.E0));
#67=VECTOR('',#66,1.66E0);
#68=CARTESIAN_POINT('',(6.31E0,2.275E0,0.E0));
#69=LINE('',#68,#67);
#70=DIRECTION('',(1.E0,0.E0,0.E0));
#71=VECTOR('',#70,2.46E0);
#72=CARTESIAN_POINT('',(3.85E0,-6.15E-1,0.E0));
#73=LINE('',#72,#71);
#74=DIRECTION('',(0.E0,1.E0,0.E0));
#75=VECTOR('',#74,1.66E0);
#76=CARTESIAN_POINT('',(3.85E0,-2.275E0,0.E0));
#77=LINE('',#76,#75);
#78=DIRECTION('',(-1.E0,0.E0,0.E0));
#79=VECTOR('',#78,2.46E0);
#80=CARTESIAN_POINT('',(6.31E0,-2.275E0,0.E0));
#81=LINE('',#80,#79);
#82=DIRECTION('',(0.E0,-1.E0,0.E0));
#83=VECTOR('',#82,1.66E0);
#84=CARTESIAN_POINT('',(6.31E0,-6.15E-1,0.E0));
#85=LINE('',#84,#83);
#86=DIRECTION('',(1.E0,0.E0,0.E0));
#87=VECTOR('',#86,2.46E0);
#88=CARTESIAN_POINT('',(1.31E0,2.275E0,0.E0));
#89=LINE('',#88,#87);
#90=DIRECTION('',(0.E0,1.E0,0.E0));
#91=VECTOR('',#90,1.66E0);
#92=CARTESIAN_POINT('',(1.31E0,6.15E-1,0.E0));
#93=LINE('',#92,#91);
#94=DIRECTION('',(-1.E0,0.E0,0.E0));
#95=VECTOR('',#94,2.46E0);
#96=CARTESIAN_POINT('',(3.77E0,6.15E-1,0.E0));
#97=LINE('',#96,#95);
#98=DIRECTION('',(0.E0,-1.E0,0.E0));
#99=VECTOR('',#98,1.66E0);
#100=CARTESIAN_POINT('',(3.77E0,2.275E0,0.E0));
#101=LINE('',#100,#99);
#102=DIRECTION('',(1.E0,0.E0,0.E0));
#103=VECTOR('',#102,2.46E0);
#104=CARTESIAN_POINT('',(1.31E0,-6.15E-1,0.E0));
#105=LINE('',#104,#103);
#106=DIRECTION('',(0.E0,1.E0,0.E0));
#107=VECTOR('',#106,1.66E0);
#108=CARTESIAN_POINT('',(1.31E0,-2.275E0,0.E0));
#109=LINE('',#108,#107);
#110=DIRECTION('',(-1.E0,0.E0,0.E0));
#111=VECTOR('',#110,2.46E0);
#112=CARTESIAN_POINT('',(3.77E0,-2.275E0,0.E0));
#113=LINE('',#112,#111);
#114=DIRECTION('',(0.E0,-1.E0,0.E0));
#115=VECTOR('',#114,1.66E0);
#116=CARTESIAN_POINT('',(3.77E0,-6.15E-1,0.E0));
#117=LINE('',#116,#115);
#118=DIRECTION('',(1.E0,0.E0,0.E0));
#119=VECTOR('',#118,2.46E0);
#120=CARTESIAN_POINT('',(-1.23E0,2.275E0,0.E0));
#121=LINE('',#120,#119);
#122=DIRECTION('',(0.E0,1.E0,0.E0));
#123=VECTOR('',#122,1.66E0);
#124=CARTESIAN_POINT('',(-1.23E0,6.15E-1,0.E0));
#125=LINE('',#124,#123);
#126=DIRECTION('',(-1.E0,0.E0,0.E0));
#127=VECTOR('',#126,2.46E0);
#128=CARTESIAN_POINT('',(1.23E0,6.15E-1,0.E0));
#129=LINE('',#128,#127);
#130=DIRECTION('',(0.E0,-1.E0,0.E0));
#131=VECTOR('',#130,1.66E0);
#132=CARTESIAN_POINT('',(1.23E0,2.275E0,0.E0));
#133=LINE('',#132,#131);
#134=DIRECTION('',(1.E0,0.E0,0.E0));
#135=VECTOR('',#134,2.46E0);
#136=CARTESIAN_POINT('',(-1.23E0,-6.15E-1,0.E0));
#137=LINE('',#136,#135);
#138=DIRECTION('',(0.E0,1.E0,0.E0));
#139=VECTOR('',#138,1.66E0);
#140=CARTESIAN_POINT('',(-1.23E0,-2.275E0,0.E0));
#141=LINE('',#140,#139);
#142=DIRECTION('',(-1.E0,0.E0,0.E0));
#143=VECTOR('',#142,2.46E0);
#144=CARTESIAN_POINT('',(1.23E0,-2.275E0,0.E0));
#145=LINE('',#144,#143);
#146=DIRECTION('',(0.E0,-1.E0,0.E0));
#147=VECTOR('',#146,1.66E0);
#148=CARTESIAN_POINT('',(1.23E0,-6.15E-1,0.E0));
#149=LINE('',#148,#147);
#150=DIRECTION('',(1.E0,0.E0,0.E0));
#151=VECTOR('',#150,2.46E0);
#152=CARTESIAN_POINT('',(-3.77E0,2.275E0,0.E0));
#153=LINE('',#152,#151);
#154=DIRECTION('',(0.E0,1.E0,0.E0));
#155=VECTOR('',#154,1.66E0);
#156=CARTESIAN_POINT('',(-3.77E0,6.15E-1,0.E0));
#157=LINE('',#156,#155);
#158=DIRECTION('',(-1.E0,0.E0,0.E0));
#159=VECTOR('',#158,2.46E0);
#160=CARTESIAN_POINT('',(-1.31E0,6.15E-1,0.E0));
#161=LINE('',#160,#159);
#162=DIRECTION('',(0.E0,-1.E0,0.E0));
#163=VECTOR('',#162,1.66E0);
#164=CARTESIAN_POINT('',(-1.31E0,2.275E0,0.E0));
#165=LINE('',#164,#163);
#166=DIRECTION('',(1.E0,0.E0,0.E0));
#167=VECTOR('',#166,2.46E0);
#168=CARTESIAN_POINT('',(-3.77E0,-6.15E-1,0.E0));
#169=LINE('',#168,#167);
#170=DIRECTION('',(0.E0,1.E0,0.E0));
#171=VECTOR('',#170,1.66E0);
#172=CARTESIAN_POINT('',(-3.77E0,-2.275E0,0.E0));
#173=LINE('',#172,#171);
#174=DIRECTION('',(-1.E0,0.E0,0.E0));
#175=VECTOR('',#174,2.46E0);
#176=CARTESIAN_POINT('',(-1.31E0,-2.275E0,0.E0));
#177=LINE('',#176,#175);
#178=DIRECTION('',(0.E0,-1.E0,0.E0));
#179=VECTOR('',#178,1.66E0);
#180=CARTESIAN_POINT('',(-1.31E0,-6.15E-1,0.E0));
#181=LINE('',#180,#179);
#182=DIRECTION('',(1.E0,0.E0,0.E0));
#183=VECTOR('',#182,2.46E0);
#184=CARTESIAN_POINT('',(-6.31E0,2.275E0,0.E0));
#185=LINE('',#184,#183);
#186=DIRECTION('',(0.E0,1.E0,0.E0));
#187=VECTOR('',#186,1.66E0);
#188=CARTESIAN_POINT('',(-6.31E0,6.15E-1,0.E0));
#189=LINE('',#188,#187);
#190=DIRECTION('',(-1.E0,0.E0,0.E0));
#191=VECTOR('',#190,2.46E0);
#192=CARTESIAN_POINT('',(-3.85E0,6.15E-1,0.E0));
#193=LINE('',#192,#191);
#194=DIRECTION('',(0.E0,-1.E0,0.E0));
#195=VECTOR('',#194,1.66E0);
#196=CARTESIAN_POINT('',(-3.85E0,2.275E0,0.E0));
#197=LINE('',#196,#195);
#198=DIRECTION('',(1.E0,0.E0,0.E0));
#199=VECTOR('',#198,2.46E0);
#200=CARTESIAN_POINT('',(-6.31E0,-6.15E-1,0.E0));
#201=LINE('',#200,#199);
#202=DIRECTION('',(0.E0,1.E0,0.E0));
#203=VECTOR('',#202,1.66E0);
#204=CARTESIAN_POINT('',(-6.31E0,-2.275E0,0.E0));
#205=LINE('',#204,#203);
#206=DIRECTION('',(-1.E0,0.E0,0.E0));
#207=VECTOR('',#206,2.46E0);
#208=CARTESIAN_POINT('',(-3.85E0,-2.275E0,0.E0));
#209=LINE('',#208,#207);
#210=DIRECTION('',(0.E0,-1.E0,0.E0));
#211=VECTOR('',#210,1.66E0);
#212=CARTESIAN_POINT('',(-3.85E0,-6.15E-1,0.E0));
#213=LINE('',#212,#211);
#214=DIRECTION('',(1.E0,0.E0,0.E0));
#215=VECTOR('',#214,2.46E0);
#216=CARTESIAN_POINT('',(-8.85E0,2.275E0,0.E0));
#217=LINE('',#216,#215);
#218=DIRECTION('',(0.E0,1.E0,0.E0));
#219=VECTOR('',#218,1.66E0);
#220=CARTESIAN_POINT('',(-8.85E0,6.15E-1,0.E0));
#221=LINE('',#220,#219);
#222=DIRECTION('',(-1.E0,0.E0,0.E0));
#223=VECTOR('',#222,2.46E0);
#224=CARTESIAN_POINT('',(-6.39E0,6.15E-1,0.E0));
#225=LINE('',#224,#223);
#226=DIRECTION('',(0.E0,-1.E0,0.E0));
#227=VECTOR('',#226,1.66E0);
#228=CARTESIAN_POINT('',(-6.39E0,2.275E0,0.E0));
#229=LINE('',#228,#227);
#230=DIRECTION('',(1.E0,0.E0,0.E0));
#231=VECTOR('',#230,2.46E0);
#232=CARTESIAN_POINT('',(-8.85E0,-6.15E-1,0.E0));
#233=LINE('',#232,#231);
#234=DIRECTION('',(0.E0,1.E0,0.E0));
#235=VECTOR('',#234,1.66E0);
#236=CARTESIAN_POINT('',(-8.85E0,-2.275E0,0.E0));
#237=LINE('',#236,#235);
#238=DIRECTION('',(-1.E0,0.E0,0.E0));
#239=VECTOR('',#238,2.46E0);
#240=CARTESIAN_POINT('',(-6.39E0,-2.275E0,0.E0));
#241=LINE('',#240,#239);
#242=DIRECTION('',(0.E0,-1.E0,0.E0));
#243=VECTOR('',#242,1.66E0);
#244=CARTESIAN_POINT('',(-6.39E0,-6.15E-1,0.E0));
#245=LINE('',#244,#243);
#246=DIRECTION('',(0.E0,-3.420201433257E-1,-9.396926207859E-1));
#247=VECTOR('',#246,3.192533317428E-1);
#248=CARTESIAN_POINT('',(8.89E0,-1.83E0,-6.7E0));
#249=LINE('',#248,#247);
#250=DIRECTION('',(0.E0,1.E0,0.E0));
#251=VECTOR('',#250,5.06E0);
#252=CARTESIAN_POINT('',(8.89E0,-2.53E0,0.E0));
#253=LINE('',#252,#251);
#254=DIRECTION('',(0.E0,-3.420201433257E-1,9.396926207859E-1));
#255=VECTOR('',#254,3.192533317428E-1);
#256=CARTESIAN_POINT('',(8.89E0,1.939191070280E0,-7.E0));
#257=LINE('',#256,#255);
#258=DIRECTION('',(0.E0,-1.E0,0.E0));
#259=VECTOR('',#258,3.66E0);
#260=CARTESIAN_POINT('',(8.89E0,1.83E0,-6.7E0));
#261=LINE('',#260,#259);
#262=DIRECTION('',(1.E0,0.E0,0.E0));
#263=VECTOR('',#262,1.778E1);
#264=CARTESIAN_POINT('',(-8.89E0,-1.83E0,-6.7E0));
#265=LINE('',#264,#263);
#266=DIRECTION('',(0.E0,-1.E0,0.E0));
#267=VECTOR('',#266,1.2E0);
#268=CARTESIAN_POINT('',(8.19E0,6.E-1,-6.7E0));
#269=LINE('',#268,#267);
#270=DIRECTION('',(-1.E0,0.E0,0.E0));
#271=VECTOR('',#270,1.5E-1);
#272=CARTESIAN_POINT('',(8.19E0,-6.E-1,-6.7E0));
#273=LINE('',#272,#271);
#274=DIRECTION('',(-6.428712937139E-1,7.659742160926E-1,0.E0));
#275=VECTOR('',#274,2.333281972095E-1);
#276=CARTESIAN_POINT('',(8.04E0,-6.E-1,-6.7E0));
#277=LINE('',#276,#275);
#278=DIRECTION('',(0.E0,1.E0,0.E0));
#279=VECTOR('',#278,2.042553663254E-1);
#280=CARTESIAN_POINT('',(7.89E0,-4.212766170502E-1,-6.7E0));
#281=LINE('',#280,#279);
#282=DIRECTION('',(6.428711427642E-1,-7.659743427825E-1,0.E0));
#283=VECTOR('',#282,2.333282519962E-1);
#284=CARTESIAN_POINT('',(7.89E0,-2.170212507248E-1,-6.7E0));
#285=LINE('',#284,#283);
#286=DIRECTION('',(0.E0,1.E0,0.E0));
#287=VECTOR('',#286,9.957447052002E-1);
#288=CARTESIAN_POINT('',(8.04E0,-3.957447052002E-1,-6.7E0));
#289=LINE('',#288,#287);
#290=DIRECTION('',(1.E0,0.E0,0.E0));
#291=VECTOR('',#290,1.5E-1);
#292=CARTESIAN_POINT('',(8.04E0,6.E-1,-6.7E0));
#293=LINE('',#292,#291);
#294=DIRECTION('',(0.E0,-1.E0,0.E0));
#295=VECTOR('',#294,2.E-1);
#296=CARTESIAN_POINT('',(7.27E0,1.37E0,-6.7E0));
#297=LINE('',#296,#295);
#298=DIRECTION('',(-1.E0,0.E0,0.E0));
#299=VECTOR('',#298,7.E-1);
#300=CARTESIAN_POINT('',(7.97E0,1.37E0,-6.7E0));
#301=LINE('',#300,#299);
#302=DIRECTION('',(0.E0,-1.E0,0.E0));
#303=VECTOR('',#302,2.E-1);
#304=CARTESIAN_POINT('',(7.97E0,1.37E0,-6.7E0));
#305=LINE('',#304,#303);
#306=DIRECTION('',(-1.E0,0.E0,0.E0));
#307=VECTOR('',#306,7.E-1);
#308=CARTESIAN_POINT('',(7.97E0,1.17E0,-6.7E0));
#309=LINE('',#308,#307);
#310=DIRECTION('',(0.E0,-1.E0,0.E0));
#311=VECTOR('',#310,2.E-1);
#312=CARTESIAN_POINT('',(7.27E0,-1.17E0,-6.7E0));
#313=LINE('',#312,#311);
#314=DIRECTION('',(-1.E0,0.E0,0.E0));
#315=VECTOR('',#314,7.E-1);
#316=CARTESIAN_POINT('',(7.97E0,-1.17E0,-6.7E0));
#317=LINE('',#316,#315);
#318=DIRECTION('',(0.E0,-1.E0,0.E0));
#319=VECTOR('',#318,2.E-1);
#320=CARTESIAN_POINT('',(7.97E0,-1.17E0,-6.7E0));
#321=LINE('',#320,#319);
#322=DIRECTION('',(-1.E0,0.E0,0.E0));
#323=VECTOR('',#322,7.E-1);
#324=CARTESIAN_POINT('',(7.97E0,-1.37E0,-6.7E0));
#325=LINE('',#324,#323);
#326=DIRECTION('',(0.E0,-1.E0,0.E0));
#327=VECTOR('',#326,2.E-1);
#328=CARTESIAN_POINT('',(4.73E0,1.37E0,-6.7E0));
#329=LINE('',#328,#327);
#330=DIRECTION('',(-1.E0,0.E0,0.E0));
#331=VECTOR('',#330,7.E-1);
#332=CARTESIAN_POINT('',(5.43E0,1.37E0,-6.7E0));
#333=LINE('',#332,#331);
#334=DIRECTION('',(0.E0,-1.E0,0.E0));
#335=VECTOR('',#334,2.E-1);
#336=CARTESIAN_POINT('',(5.43E0,1.37E0,-6.7E0));
#337=LINE('',#336,#335);
#338=DIRECTION('',(-1.E0,0.E0,0.E0));
#339=VECTOR('',#338,7.E-1);
#340=CARTESIAN_POINT('',(5.43E0,1.17E0,-6.7E0));
#341=LINE('',#340,#339);
#342=DIRECTION('',(0.E0,-1.E0,0.E0));
#343=VECTOR('',#342,2.E-1);
#344=CARTESIAN_POINT('',(4.73E0,-1.17E0,-6.7E0));
#345=LINE('',#344,#343);
#346=DIRECTION('',(-1.E0,0.E0,0.E0));
#347=VECTOR('',#346,7.E-1);
#348=CARTESIAN_POINT('',(5.43E0,-1.17E0,-6.7E0));
#349=LINE('',#348,#347);
#350=DIRECTION('',(0.E0,-1.E0,0.E0));
#351=VECTOR('',#350,2.E-1);
#352=CARTESIAN_POINT('',(5.43E0,-1.17E0,-6.7E0));
#353=LINE('',#352,#351);
#354=DIRECTION('',(-1.E0,0.E0,0.E0));
#355=VECTOR('',#354,7.E-1);
#356=CARTESIAN_POINT('',(5.43E0,-1.37E0,-6.7E0));
#357=LINE('',#356,#355);
#358=DIRECTION('',(0.E0,-1.E0,0.E0));
#359=VECTOR('',#358,2.E-1);
#360=CARTESIAN_POINT('',(2.19E0,1.37E0,-6.7E0));
#361=LINE('',#360,#359);
#362=DIRECTION('',(-1.E0,0.E0,0.E0));
#363=VECTOR('',#362,7.E-1);
#364=CARTESIAN_POINT('',(2.89E0,1.37E0,-6.7E0));
#365=LINE('',#364,#363);
#366=DIRECTION('',(0.E0,-1.E0,0.E0));
#367=VECTOR('',#366,2.E-1);
#368=CARTESIAN_POINT('',(2.89E0,1.37E0,-6.7E0));
#369=LINE('',#368,#367);
#370=DIRECTION('',(-1.E0,0.E0,0.E0));
#371=VECTOR('',#370,7.E-1);
#372=CARTESIAN_POINT('',(2.89E0,1.17E0,-6.7E0));
#373=LINE('',#372,#371);
#374=DIRECTION('',(0.E0,-1.E0,0.E0));
#375=VECTOR('',#374,2.E-1);
#376=CARTESIAN_POINT('',(2.19E0,-1.17E0,-6.7E0));
#377=LINE('',#376,#375);
#378=DIRECTION('',(-1.E0,0.E0,0.E0));
#379=VECTOR('',#378,7.E-1);
#380=CARTESIAN_POINT('',(2.89E0,-1.17E0,-6.7E0));
#381=LINE('',#380,#379);
#382=DIRECTION('',(0.E0,-1.E0,0.E0));
#383=VECTOR('',#382,2.E-1);
#384=CARTESIAN_POINT('',(2.89E0,-1.17E0,-6.7E0));
#385=LINE('',#384,#383);
#386=DIRECTION('',(-1.E0,0.E0,0.E0));
#387=VECTOR('',#386,7.E-1);
#388=CARTESIAN_POINT('',(2.89E0,-1.37E0,-6.7E0));
#389=LINE('',#388,#387);
#390=DIRECTION('',(0.E0,-1.E0,0.E0));
#391=VECTOR('',#390,2.E-1);
#392=CARTESIAN_POINT('',(-3.5E-1,1.37E0,-6.7E0));
#393=LINE('',#392,#391);
#394=DIRECTION('',(-1.E0,0.E0,0.E0));
#395=VECTOR('',#394,7.E-1);
#396=CARTESIAN_POINT('',(3.5E-1,1.37E0,-6.7E0));
#397=LINE('',#396,#395);
#398=DIRECTION('',(0.E0,-1.E0,0.E0));
#399=VECTOR('',#398,2.E-1);
#400=CARTESIAN_POINT('',(3.5E-1,1.37E0,-6.7E0));
#401=LINE('',#400,#399);
#402=DIRECTION('',(-1.E0,0.E0,0.E0));
#403=VECTOR('',#402,7.E-1);
#404=CARTESIAN_POINT('',(3.5E-1,1.17E0,-6.7E0));
#405=LINE('',#404,#403);
#406=DIRECTION('',(0.E0,-1.E0,0.E0));
#407=VECTOR('',#406,2.E-1);
#408=CARTESIAN_POINT('',(-3.5E-1,-1.17E0,-6.7E0));
#409=LINE('',#408,#407);
#410=DIRECTION('',(-1.E0,0.E0,0.E0));
#411=VECTOR('',#410,7.E-1);
#412=CARTESIAN_POINT('',(3.5E-1,-1.17E0,-6.7E0));
#413=LINE('',#412,#411);
#414=DIRECTION('',(0.E0,-1.E0,0.E0));
#415=VECTOR('',#414,2.E-1);
#416=CARTESIAN_POINT('',(3.5E-1,-1.17E0,-6.7E0));
#417=LINE('',#416,#415);
#418=DIRECTION('',(-1.E0,0.E0,0.E0));
#419=VECTOR('',#418,7.E-1);
#420=CARTESIAN_POINT('',(3.5E-1,-1.37E0,-6.7E0));
#421=LINE('',#420,#419);
#422=DIRECTION('',(0.E0,-1.E0,0.E0));
#423=VECTOR('',#422,2.E-1);
#424=CARTESIAN_POINT('',(-2.89E0,1.37E0,-6.7E0));
#425=LINE('',#424,#423);
#426=DIRECTION('',(-1.E0,0.E0,0.E0));
#427=VECTOR('',#426,7.E-1);
#428=CARTESIAN_POINT('',(-2.19E0,1.37E0,-6.7E0));
#429=LINE('',#428,#427);
#430=DIRECTION('',(0.E0,-1.E0,0.E0));
#431=VECTOR('',#430,2.E-1);
#432=CARTESIAN_POINT('',(-2.19E0,1.37E0,-6.7E0));
#433=LINE('',#432,#431);
#434=DIRECTION('',(-1.E0,0.E0,0.E0));
#435=VECTOR('',#434,7.E-1);
#436=CARTESIAN_POINT('',(-2.19E0,1.17E0,-6.7E0));
#437=LINE('',#436,#435);
#438=DIRECTION('',(0.E0,-1.E0,0.E0));
#439=VECTOR('',#438,2.E-1);
#440=CARTESIAN_POINT('',(-2.89E0,-1.17E0,-6.7E0));
#441=LINE('',#440,#439);
#442=DIRECTION('',(-1.E0,0.E0,0.E0));
#443=VECTOR('',#442,7.E-1);
#444=CARTESIAN_POINT('',(-2.19E0,-1.17E0,-6.7E0));
#445=LINE('',#444,#443);
#446=DIRECTION('',(0.E0,-1.E0,0.E0));
#447=VECTOR('',#446,2.E-1);
#448=CARTESIAN_POINT('',(-2.19E0,-1.17E0,-6.7E0));
#449=LINE('',#448,#447);
#450=DIRECTION('',(-1.E0,0.E0,0.E0));
#451=VECTOR('',#450,7.E-1);
#452=CARTESIAN_POINT('',(-2.19E0,-1.37E0,-6.7E0));
#453=LINE('',#452,#451);
#454=DIRECTION('',(0.E0,-1.E0,0.E0));
#455=VECTOR('',#454,2.E-1);
#456=CARTESIAN_POINT('',(-5.43E0,1.37E0,-6.7E0));
#457=LINE('',#456,#455);
#458=DIRECTION('',(-1.E0,0.E0,0.E0));
#459=VECTOR('',#458,7.E-1);
#460=CARTESIAN_POINT('',(-4.73E0,1.37E0,-6.7E0));
#461=LINE('',#460,#459);
#462=DIRECTION('',(0.E0,-1.E0,0.E0));
#463=VECTOR('',#462,2.E-1);
#464=CARTESIAN_POINT('',(-4.73E0,1.37E0,-6.7E0));
#465=LINE('',#464,#463);
#466=DIRECTION('',(-1.E0,0.E0,0.E0));
#467=VECTOR('',#466,7.E-1);
#468=CARTESIAN_POINT('',(-4.73E0,1.17E0,-6.7E0));
#469=LINE('',#468,#467);
#470=DIRECTION('',(0.E0,-1.E0,0.E0));
#471=VECTOR('',#470,2.E-1);
#472=CARTESIAN_POINT('',(-5.43E0,-1.17E0,-6.7E0));
#473=LINE('',#472,#471);
#474=DIRECTION('',(-1.E0,0.E0,0.E0));
#475=VECTOR('',#474,7.E-1);
#476=CARTESIAN_POINT('',(-4.73E0,-1.17E0,-6.7E0));
#477=LINE('',#476,#475);
#478=DIRECTION('',(0.E0,-1.E0,0.E0));
#479=VECTOR('',#478,2.E-1);
#480=CARTESIAN_POINT('',(-4.73E0,-1.17E0,-6.7E0));
#481=LINE('',#480,#479);
#482=DIRECTION('',(-1.E0,0.E0,0.E0));
#483=VECTOR('',#482,7.E-1);
#484=CARTESIAN_POINT('',(-4.73E0,-1.37E0,-6.7E0));
#485=LINE('',#484,#483);
#486=DIRECTION('',(0.E0,-1.E0,0.E0));
#487=VECTOR('',#486,2.E-1);
#488=CARTESIAN_POINT('',(-7.97E0,1.37E0,-6.7E0));
#489=LINE('',#488,#487);
#490=DIRECTION('',(-1.E0,0.E0,0.E0));
#491=VECTOR('',#490,7.E-1);
#492=CARTESIAN_POINT('',(-7.27E0,1.37E0,-6.7E0));
#493=LINE('',#492,#491);
#494=DIRECTION('',(0.E0,-1.E0,0.E0));
#495=VECTOR('',#494,2.E-1);
#496=CARTESIAN_POINT('',(-7.27E0,1.37E0,-6.7E0));
#497=LINE('',#496,#495);
#498=DIRECTION('',(-1.E0,0.E0,0.E0));
#499=VECTOR('',#498,7.E-1);
#500=CARTESIAN_POINT('',(-7.27E0,1.17E0,-6.7E0));
#501=LINE('',#500,#499);
#502=DIRECTION('',(0.E0,-1.E0,0.E0));
#503=VECTOR('',#502,2.E-1);
#504=CARTESIAN_POINT('',(-7.97E0,-1.17E0,-6.7E0));
#505=LINE('',#504,#503);
#506=DIRECTION('',(-1.E0,0.E0,0.E0));
#507=VECTOR('',#506,7.E-1);
#508=CARTESIAN_POINT('',(-7.27E0,-1.17E0,-6.7E0));
#509=LINE('',#508,#507);
#510=DIRECTION('',(0.E0,-1.E0,0.E0));
#511=VECTOR('',#510,2.E-1);
#512=CARTESIAN_POINT('',(-7.27E0,-1.17E0,-6.7E0));
#513=LINE('',#512,#511);
#514=DIRECTION('',(-1.E0,0.E0,0.E0));
#515=VECTOR('',#514,7.E-1);
#516=CARTESIAN_POINT('',(-7.27E0,-1.37E0,-6.7E0));
#517=LINE('',#516,#515);
#518=DIRECTION('',(1.E0,0.E0,0.E0));
#519=VECTOR('',#518,1.778E1);
#520=CARTESIAN_POINT('',(-8.89E0,1.83E0,-6.7E0));
#521=LINE('',#520,#519);
#522=DIRECTION('',(-1.E0,0.E0,0.E0));
#523=VECTOR('',#522,1.778E1);
#524=CARTESIAN_POINT('',(8.89E0,-1.939191070280E0,-7.E0));
#525=LINE('',#524,#523);
#526=DIRECTION('',(0.E0,1.E0,0.E0));
#527=VECTOR('',#526,5.908089297201E-1);
#528=CARTESIAN_POINT('',(8.89E0,-2.53E0,-7.E0));
#529=LINE('',#528,#527);
#530=DIRECTION('',(-1.E0,0.E0,0.E0));
#531=VECTOR('',#530,1.778E1);
#532=CARTESIAN_POINT('',(8.89E0,1.939191070280E0,-7.E0));
#533=LINE('',#532,#531);
#534=DIRECTION('',(0.E0,1.E0,0.E0));
#535=VECTOR('',#534,5.908089297201E-1);
#536=CARTESIAN_POINT('',(8.89E0,1.939191070280E0,-7.E0));
#537=LINE('',#536,#535);
#538=DIRECTION('',(0.E0,-3.420201433257E-1,-9.396926207859E-1));
#539=VECTOR('',#538,3.192533317428E-1);
#540=CARTESIAN_POINT('',(-8.89E0,-1.83E0,-6.7E0));
#541=LINE('',#540,#539);
#542=DIRECTION('',(0.E0,-1.E0,0.E0));
#543=VECTOR('',#542,3.66E0);
#544=CARTESIAN_POINT('',(-8.89E0,1.83E0,-6.7E0));
#545=LINE('',#544,#543);
#546=DIRECTION('',(0.E0,-3.420201433257E-1,9.396926207859E-1));
#547=VECTOR('',#546,3.192533317428E-1);
#548=CARTESIAN_POINT('',(-8.89E0,1.939191070280E0,-7.E0));
#549=LINE('',#548,#547);
#550=DIRECTION('',(0.E0,1.E0,0.E0));
#551=VECTOR('',#550,5.908089297201E-1);
#552=CARTESIAN_POINT('',(-8.89E0,1.939191070280E0,-7.E0));
#553=LINE('',#552,#551);
#554=DIRECTION('',(0.E0,1.E0,0.E0));
#555=VECTOR('',#554,5.908089297201E-1);
#556=CARTESIAN_POINT('',(-8.89E0,-2.53E0,-7.E0));
#557=LINE('',#556,#555);
#558=DIRECTION('',(-1.E0,0.E0,0.E0));
#559=VECTOR('',#558,1.778E1);
#560=CARTESIAN_POINT('',(8.89E0,-2.53E0,0.E0));
#561=LINE('',#560,#559);
#562=DIRECTION('',(0.E0,0.E0,1.E0));
#563=VECTOR('',#562,7.E0);
#564=CARTESIAN_POINT('',(8.89E0,-2.53E0,-7.E0));
#565=LINE('',#564,#563);
#566=DIRECTION('',(1.E0,0.E0,0.E0));
#567=VECTOR('',#566,1.778E1);
#568=CARTESIAN_POINT('',(-8.89E0,-2.53E0,-7.E0));
#569=LINE('',#568,#567);
#570=DIRECTION('',(0.E0,0.E0,-1.E0));
#571=VECTOR('',#570,7.E0);
#572=CARTESIAN_POINT('',(-8.89E0,-2.53E0,0.E0));
#573=LINE('',#572,#571);
#574=DIRECTION('',(0.E0,0.E0,1.E0));
#575=VECTOR('',#574,1.E-1);
#576=CARTESIAN_POINT('',(8.19E0,6.E-1,-6.7E0));
#577=LINE('',#576,#575);
#578=DIRECTION('',(0.E0,0.E0,1.E0));
#579=VECTOR('',#578,1.E-1);
#580=CARTESIAN_POINT('',(8.04E0,6.E-1,-6.7E0));
#581=LINE('',#580,#579);
#582=DIRECTION('',(0.E0,0.E0,1.E0));
#583=VECTOR('',#582,1.E-1);
#584=CARTESIAN_POINT('',(8.04E0,-3.957447052002E-1,-6.7E0));
#585=LINE('',#584,#583);
#586=DIRECTION('',(0.E0,0.E0,1.E0));
#587=VECTOR('',#586,1.E-1);
#588=CARTESIAN_POINT('',(7.89E0,-2.170212507248E-1,-6.7E0));
#589=LINE('',#588,#587);
#590=DIRECTION('',(0.E0,0.E0,1.E0));
#591=VECTOR('',#590,1.E-1);
#592=CARTESIAN_POINT('',(7.89E0,-4.212766170502E-1,-6.7E0));
#593=LINE('',#592,#591);
#594=DIRECTION('',(0.E0,0.E0,1.E0));
#595=VECTOR('',#594,1.E-1);
#596=CARTESIAN_POINT('',(8.04E0,-6.E-1,-6.7E0));
#597=LINE('',#596,#595);
#598=DIRECTION('',(0.E0,0.E0,1.E0));
#599=VECTOR('',#598,1.E-1);
#600=CARTESIAN_POINT('',(8.19E0,-6.E-1,-6.7E0));
#601=LINE('',#600,#599);
#602=DIRECTION('',(0.E0,-1.E0,0.E0));
#603=VECTOR('',#602,1.2E0);
#604=CARTESIAN_POINT('',(8.19E0,6.E-1,-6.6E0));
#605=LINE('',#604,#603);
#606=DIRECTION('',(1.E0,0.E0,0.E0));
#607=VECTOR('',#606,1.5E-1);
#608=CARTESIAN_POINT('',(8.04E0,6.E-1,-6.6E0));
#609=LINE('',#608,#607);
#610=DIRECTION('',(0.E0,1.E0,0.E0));
#611=VECTOR('',#610,9.957447052002E-1);
#612=CARTESIAN_POINT('',(8.04E0,-3.957447052002E-1,-6.6E0));
#613=LINE('',#612,#611);
#614=DIRECTION('',(6.428711427642E-1,-7.659743427825E-1,0.E0));
#615=VECTOR('',#614,2.333282519962E-1);
#616=CARTESIAN_POINT('',(7.89E0,-2.170212507248E-1,-6.6E0));
#617=LINE('',#616,#615);
#618=DIRECTION('',(0.E0,1.E0,0.E0));
#619=VECTOR('',#618,2.042553663254E-1);
#620=CARTESIAN_POINT('',(7.89E0,-4.212766170502E-1,-6.6E0));
#621=LINE('',#620,#619);
#622=DIRECTION('',(-6.428712937139E-1,7.659742160926E-1,0.E0));
#623=VECTOR('',#622,2.333281972095E-1);
#624=CARTESIAN_POINT('',(8.04E0,-6.E-1,-6.6E0));
#625=LINE('',#624,#623);
#626=DIRECTION('',(-1.E0,0.E0,0.E0));
#627=VECTOR('',#626,1.5E-1);
#628=CARTESIAN_POINT('',(8.19E0,-6.E-1,-6.6E0));
#629=LINE('',#628,#627);
#630=DIRECTION('',(0.E0,0.E0,1.E0));
#631=VECTOR('',#630,6.866304773859E-1);
#632=CARTESIAN_POINT('',(7.27E0,1.17E0,-7.386630477386E0));
#633=LINE('',#632,#631);
#634=CARTESIAN_POINT('',(7.27E0,9.7E-1,-7.386630477386E0));
#635=DIRECTION('',(1.E0,0.E0,0.E0));
#636=DIRECTION('',(0.E0,9.E-1,-4.358898943542E-1));
#637=AXIS2_PLACEMENT_3D('',#634,#635,#636);
#639=CARTESIAN_POINT('',(7.27E0,3.67E0,-8.694300160448E0));
#640=DIRECTION('',(-1.E0,0.E0,0.E0));
#641=DIRECTION('',(0.E0,-8.846153846154E-1,-4.663213712685E-1));
#642=AXIS2_PLACEMENT_3D('',#639,#640,#641);
#644=DIRECTION('',(0.E0,-8.846153846154E-1,-4.663213712685E-1));
#645=VECTOR('',#644,2.E-1);
#646=CARTESIAN_POINT('',(7.27E0,1.37E0,-9.906735725746E0));
#647=LINE('',#646,#645);
#648=CARTESIAN_POINT('',(7.27E0,3.67E0,-8.694300160448E0));
#649=DIRECTION('',(1.E0,0.E0,0.E0));
#650=DIRECTION('',(0.E0,-9.E-1,4.358898943541E-1));
#651=AXIS2_PLACEMENT_3D('',#648,#649,#650);
#653=CARTESIAN_POINT('',(7.27E0,9.7E-1,-7.386630477386E0));
#654=DIRECTION('',(-1.E0,0.E0,0.E0));
#655=DIRECTION('',(0.E0,1.E0,1.332267629550E-14));
#656=AXIS2_PLACEMENT_3D('',#653,#654,#655);
#658=DIRECTION('',(0.E0,0.E0,-1.E0));
#659=VECTOR('',#658,6.866304773859E-1);
#660=CARTESIAN_POINT('',(7.27E0,1.37E0,-6.7E0));
#661=LINE('',#660,#659);
#662=DIRECTION('',(0.E0,0.E0,1.E0));
#663=VECTOR('',#662,6.866304773859E-1);
#664=CARTESIAN_POINT('',(7.27E0,-1.37E0,-7.386630477386E0));
#665=LINE('',#664,#663);
#666=CARTESIAN_POINT('',(7.27E0,-9.7E-1,-7.386630477386E0));
#667=DIRECTION('',(-1.E0,0.E0,0.E0));
#668=DIRECTION('',(0.E0,-9.E-1,-4.358898943540E-1));
#669=AXIS2_PLACEMENT_3D('',#666,#667,#668);
#671=CARTESIAN_POINT('',(7.27E0,-3.67E0,-8.694300160448E0));
#672=DIRECTION('',(1.E0,0.E0,0.E0));
#673=DIRECTION('',(0.E0,8.846153846154E-1,-4.663213712685E-1));
#674=AXIS2_PLACEMENT_3D('',#671,#672,#673);
#676=DIRECTION('',(0.E0,-8.846153846154E-1,4.663213712685E-1));
#677=VECTOR('',#676,2.E-1);
#678=CARTESIAN_POINT('',(7.27E0,-1.193076923077E0,-1.E1));
#679=LINE('',#678,#677);
#680=CARTESIAN_POINT('',(7.27E0,-3.67E0,-8.694300160448E0));
#681=DIRECTION('',(-1.E0,0.E0,0.E0));
#682=DIRECTION('',(0.E0,9.E-1,4.358898943541E-1));
#683=AXIS2_PLACEMENT_3D('',#680,#681,#682);
#685=CARTESIAN_POINT('',(7.27E0,-9.7E-1,-7.386630477386E0));
#686=DIRECTION('',(1.E0,0.E0,0.E0));
#687=DIRECTION('',(0.E0,-1.E0,0.E0));
#688=AXIS2_PLACEMENT_3D('',#685,#686,#687);
#690=DIRECTION('',(0.E0,0.E0,-1.E0));
#691=VECTOR('',#690,6.866304773859E-1);
#692=CARTESIAN_POINT('',(7.27E0,-1.17E0,-6.7E0));
#693=LINE('',#692,#691);
#694=DIRECTION('',(1.E0,0.E0,0.E0));
#695=VECTOR('',#694,7.E-1);
#696=CARTESIAN_POINT('',(7.27E0,1.17E0,-7.386630477386E0));
#697=LINE('',#696,#695);
#698=DIRECTION('',(0.E0,0.E0,-1.E0));
#699=VECTOR('',#698,6.866304773859E-1);
#700=CARTESIAN_POINT('',(7.97E0,1.37E0,-6.7E0));
#701=LINE('',#700,#699);
#702=CARTESIAN_POINT('',(7.97E0,9.7E-1,-7.386630477386E0));
#703=DIRECTION('',(-1.E0,0.E0,0.E0));
#704=DIRECTION('',(0.E0,1.E0,1.332267629550E-14));
#705=AXIS2_PLACEMENT_3D('',#702,#703,#704);
#707=CARTESIAN_POINT('',(7.97E0,3.67E0,-8.694300160448E0));
#708=DIRECTION('',(1.E0,0.E0,0.E0));
#709=DIRECTION('',(0.E0,-9.E-1,4.358898943541E-1));
#710=AXIS2_PLACEMENT_3D('',#707,#708,#709);
#712=DIRECTION('',(0.E0,-8.846153846154E-1,-4.663213712685E-1));
#713=VECTOR('',#712,2.E-1);
#714=CARTESIAN_POINT('',(7.97E0,1.37E0,-9.906735725746E0));
#715=LINE('',#714,#713);
#716=CARTESIAN_POINT('',(7.97E0,3.67E0,-8.694300160448E0));
#717=DIRECTION('',(-1.E0,0.E0,0.E0));
#718=DIRECTION('',(0.E0,-8.846153846154E-1,-4.663213712685E-1));
#719=AXIS2_PLACEMENT_3D('',#716,#717,#718);
#721=CARTESIAN_POINT('',(7.97E0,9.7E-1,-7.386630477386E0));
#722=DIRECTION('',(1.E0,0.E0,0.E0));
#723=DIRECTION('',(0.E0,9.E-1,-4.358898943542E-1));
#724=AXIS2_PLACEMENT_3D('',#721,#722,#723);
#726=DIRECTION('',(0.E0,0.E0,1.E0));
#727=VECTOR('',#726,6.866304773859E-1);
#728=CARTESIAN_POINT('',(7.97E0,1.17E0,-7.386630477386E0));
#729=LINE('',#728,#727);
#730=DIRECTION('',(0.E0,0.E0,-1.E0));
#731=VECTOR('',#730,6.866304773859E-1);
#732=CARTESIAN_POINT('',(7.97E0,-1.17E0,-6.7E0));
#733=LINE('',#732,#731);
#734=CARTESIAN_POINT('',(7.97E0,-9.7E-1,-7.386630477386E0));
#735=DIRECTION('',(1.E0,0.E0,0.E0));
#736=DIRECTION('',(0.E0,-1.E0,0.E0));
#737=AXIS2_PLACEMENT_3D('',#734,#735,#736);
#739=CARTESIAN_POINT('',(7.97E0,-3.67E0,-8.694300160448E0));
#740=DIRECTION('',(-1.E0,0.E0,0.E0));
#741=DIRECTION('',(0.E0,9.E-1,4.358898943541E-1));
#742=AXIS2_PLACEMENT_3D('',#739,#740,#741);
#744=DIRECTION('',(0.E0,-8.846153846154E-1,4.663213712685E-1));
#745=VECTOR('',#744,2.E-1);
#746=CARTESIAN_POINT('',(7.97E0,-1.193076923077E0,-1.E1));
#747=LINE('',#746,#745);
#748=CARTESIAN_POINT('',(7.97E0,-3.67E0,-8.694300160448E0));
#749=DIRECTION('',(1.E0,0.E0,0.E0));
#750=DIRECTION('',(0.E0,8.846153846154E-1,-4.663213712685E-1));
#751=AXIS2_PLACEMENT_3D('',#748,#749,#750);
#753=CARTESIAN_POINT('',(7.97E0,-9.7E-1,-7.386630477386E0));
#754=DIRECTION('',(-1.E0,0.E0,0.E0));
#755=DIRECTION('',(0.E0,-9.E-1,-4.358898943540E-1));
#756=AXIS2_PLACEMENT_3D('',#753,#754,#755);
#758=DIRECTION('',(0.E0,0.E0,1.E0));
#759=VECTOR('',#758,6.866304773859E-1);
#760=CARTESIAN_POINT('',(7.97E0,-1.37E0,-7.386630477386E0));
#761=LINE('',#760,#759);
#762=DIRECTION('',(1.E0,0.E0,0.E0));
#763=VECTOR('',#762,7.E-1);
#764=CARTESIAN_POINT('',(7.27E0,1.37E0,-7.386630477386E0));
#765=LINE('',#764,#763);
#766=DIRECTION('',(1.E0,0.E0,0.E0));
#767=VECTOR('',#766,7.E-1);
#768=CARTESIAN_POINT('',(7.27E0,1.33E0,-7.560986435127E0));
#769=LINE('',#768,#767);
#770=DIRECTION('',(1.E0,0.E0,0.E0));
#771=VECTOR('',#770,7.E-1);
#772=CARTESIAN_POINT('',(7.27E0,1.37E0,-9.906735725746E0));
#773=LINE('',#772,#771);
#774=DIRECTION('',(1.E0,0.E0,0.E0));
#775=VECTOR('',#774,7.E-1);
#776=CARTESIAN_POINT('',(7.27E0,1.193076923077E0,-1.E1));
#777=LINE('',#776,#775);
#778=DIRECTION('',(1.E0,0.E0,0.E0));
#779=VECTOR('',#778,7.E-1);
#780=CARTESIAN_POINT('',(7.27E0,1.15E0,-7.473808456257E0));
#781=LINE('',#780,#779);
#782=DIRECTION('',(1.E0,0.E0,0.E0));
#783=VECTOR('',#782,7.E-1);
#784=CARTESIAN_POINT('',(7.27E0,-1.17E0,-7.386630477386E0));
#785=LINE('',#784,#783);
#786=DIRECTION('',(1.E0,0.E0,0.E0));
#787=VECTOR('',#786,7.E-1);
#788=CARTESIAN_POINT('',(7.27E0,-1.15E0,-7.473808456257E0));
#789=LINE('',#788,#787);
#790=DIRECTION('',(1.E0,0.E0,0.E0));
#791=VECTOR('',#790,7.E-1);
#792=CARTESIAN_POINT('',(7.27E0,-1.193076923077E0,-1.E1));
#793=LINE('',#792,#791);
#794=DIRECTION('',(1.E0,0.E0,0.E0));
#795=VECTOR('',#794,7.E-1);
#796=CARTESIAN_POINT('',(7.27E0,-1.37E0,-9.906735725746E0));
#797=LINE('',#796,#795);
#798=DIRECTION('',(1.E0,0.E0,0.E0));
#799=VECTOR('',#798,7.E-1);
#800=CARTESIAN_POINT('',(7.27E0,-1.33E0,-7.560986435128E0));
#801=LINE('',#800,#799);
#802=DIRECTION('',(1.E0,0.E0,0.E0));
#803=VECTOR('',#802,7.E-1);
#804=CARTESIAN_POINT('',(7.27E0,-1.37E0,-7.386630477386E0));
#805=LINE('',#804,#803);
#806=DIRECTION('',(0.E0,0.E0,1.E0));
#807=VECTOR('',#806,6.866304773859E-1);
#808=CARTESIAN_POINT('',(4.73E0,1.17E0,-7.386630477386E0));
#809=LINE('',#808,#807);
#810=CARTESIAN_POINT('',(4.73E0,9.7E-1,-7.386630477386E0));
#811=DIRECTION('',(1.E0,0.E0,0.E0));
#812=DIRECTION('',(0.E0,9.E-1,-4.358898943542E-1));
#813=AXIS2_PLACEMENT_3D('',#810,#811,#812);
#815=CARTESIAN_POINT('',(4.73E0,3.67E0,-8.694300160448E0));
#816=DIRECTION('',(-1.E0,0.E0,0.E0));
#817=DIRECTION('',(0.E0,-8.846153846154E-1,-4.663213712685E-1));
#818=AXIS2_PLACEMENT_3D('',#815,#816,#817);
#820=DIRECTION('',(0.E0,-8.846153846154E-1,-4.663213712685E-1));
#821=VECTOR('',#820,2.E-1);
#822=CARTESIAN_POINT('',(4.73E0,1.37E0,-9.906735725746E0));
#823=LINE('',#822,#821);
#824=CARTESIAN_POINT('',(4.73E0,3.67E0,-8.694300160448E0));
#825=DIRECTION('',(1.E0,0.E0,0.E0));
#826=DIRECTION('',(0.E0,-9.E-1,4.358898943541E-1));
#827=AXIS2_PLACEMENT_3D('',#824,#825,#826);
#829=CARTESIAN_POINT('',(4.73E0,9.7E-1,-7.386630477386E0));
#830=DIRECTION('',(-1.E0,0.E0,0.E0));
#831=DIRECTION('',(0.E0,1.E0,1.332267629550E-14));
#832=AXIS2_PLACEMENT_3D('',#829,#830,#831);
#834=DIRECTION('',(0.E0,0.E0,-1.E0));
#835=VECTOR('',#834,6.866304773859E-1);
#836=CARTESIAN_POINT('',(4.73E0,1.37E0,-6.7E0));
#837=LINE('',#836,#835);
#838=DIRECTION('',(0.E0,0.E0,1.E0));
#839=VECTOR('',#838,6.866304773859E-1);
#840=CARTESIAN_POINT('',(4.73E0,-1.37E0,-7.386630477386E0));
#841=LINE('',#840,#839);
#842=CARTESIAN_POINT('',(4.73E0,-9.7E-1,-7.386630477386E0));
#843=DIRECTION('',(-1.E0,0.E0,0.E0));
#844=DIRECTION('',(0.E0,-9.E-1,-4.358898943540E-1));
#845=AXIS2_PLACEMENT_3D('',#842,#843,#844);
#847=CARTESIAN_POINT('',(4.73E0,-3.67E0,-8.694300160448E0));
#848=DIRECTION('',(1.E0,0.E0,0.E0));
#849=DIRECTION('',(0.E0,8.846153846154E-1,-4.663213712685E-1));
#850=AXIS2_PLACEMENT_3D('',#847,#848,#849);
#852=DIRECTION('',(0.E0,-8.846153846154E-1,4.663213712685E-1));
#853=VECTOR('',#852,2.E-1);
#854=CARTESIAN_POINT('',(4.73E0,-1.193076923077E0,-1.E1));
#855=LINE('',#854,#853);
#856=CARTESIAN_POINT('',(4.73E0,-3.67E0,-8.694300160448E0));
#857=DIRECTION('',(-1.E0,0.E0,0.E0));
#858=DIRECTION('',(0.E0,9.E-1,4.358898943541E-1));
#859=AXIS2_PLACEMENT_3D('',#856,#857,#858);
#861=CARTESIAN_POINT('',(4.73E0,-9.7E-1,-7.386630477386E0));
#862=DIRECTION('',(1.E0,0.E0,0.E0));
#863=DIRECTION('',(0.E0,-1.E0,0.E0));
#864=AXIS2_PLACEMENT_3D('',#861,#862,#863);
#866=DIRECTION('',(0.E0,0.E0,-1.E0));
#867=VECTOR('',#866,6.866304773859E-1);
#868=CARTESIAN_POINT('',(4.73E0,-1.17E0,-6.7E0));
#869=LINE('',#868,#867);
#870=DIRECTION('',(1.E0,0.E0,0.E0));
#871=VECTOR('',#870,7.E-1);
#872=CARTESIAN_POINT('',(4.73E0,1.17E0,-7.386630477386E0));
#873=LINE('',#872,#871);
#874=DIRECTION('',(0.E0,0.E0,1.E0));
#875=VECTOR('',#874,6.866304773859E-1);
#876=CARTESIAN_POINT('',(5.43E0,1.17E0,-7.386630477386E0));
#877=LINE('',#876,#875);
#878=DIRECTION('',(0.E0,0.E0,-1.E0));
#879=VECTOR('',#878,6.866304773859E-1);
#880=CARTESIAN_POINT('',(5.43E0,1.37E0,-6.7E0));
#881=LINE('',#880,#879);
#882=CARTESIAN_POINT('',(5.43E0,9.7E-1,-7.386630477386E0));
#883=DIRECTION('',(-1.E0,0.E0,0.E0));
#884=DIRECTION('',(0.E0,1.E0,1.332267629550E-14));
#885=AXIS2_PLACEMENT_3D('',#882,#883,#884);
#887=CARTESIAN_POINT('',(5.43E0,3.67E0,-8.694300160448E0));
#888=DIRECTION('',(1.E0,0.E0,0.E0));
#889=DIRECTION('',(0.E0,-9.E-1,4.358898943541E-1));
#890=AXIS2_PLACEMENT_3D('',#887,#888,#889);
#892=DIRECTION('',(0.E0,-8.846153846154E-1,-4.663213712685E-1));
#893=VECTOR('',#892,2.E-1);
#894=CARTESIAN_POINT('',(5.43E0,1.37E0,-9.906735725746E0));
#895=LINE('',#894,#893);
#896=CARTESIAN_POINT('',(5.43E0,3.67E0,-8.694300160448E0));
#897=DIRECTION('',(-1.E0,0.E0,0.E0));
#898=DIRECTION('',(0.E0,-8.846153846154E-1,-4.663213712685E-1));
#899=AXIS2_PLACEMENT_3D('',#896,#897,#898);
#901=CARTESIAN_POINT('',(5.43E0,9.7E-1,-7.386630477386E0));
#902=DIRECTION('',(1.E0,0.E0,0.E0));
#903=DIRECTION('',(0.E0,9.E-1,-4.358898943542E-1));
#904=AXIS2_PLACEMENT_3D('',#901,#902,#903);
#906=DIRECTION('',(0.E0,0.E0,1.E0));
#907=VECTOR('',#906,6.866304773859E-1);
#908=CARTESIAN_POINT('',(5.43E0,-1.37E0,-7.386630477386E0));
#909=LINE('',#908,#907);
#910=DIRECTION('',(0.E0,0.E0,-1.E0));
#911=VECTOR('',#910,6.866304773859E-1);
#912=CARTESIAN_POINT('',(5.43E0,-1.17E0,-6.7E0));
#913=LINE('',#912,#911);
#914=CARTESIAN_POINT('',(5.43E0,-9.7E-1,-7.386630477386E0));
#915=DIRECTION('',(1.E0,0.E0,0.E0));
#916=DIRECTION('',(0.E0,-1.E0,0.E0));
#917=AXIS2_PLACEMENT_3D('',#914,#915,#916);
#919=CARTESIAN_POINT('',(5.43E0,-3.67E0,-8.694300160448E0));
#920=DIRECTION('',(-1.E0,0.E0,0.E0));
#921=DIRECTION('',(0.E0,9.E-1,4.358898943541E-1));
#922=AXIS2_PLACEMENT_3D('',#919,#920,#921);
#924=DIRECTION('',(0.E0,-8.846153846154E-1,4.663213712685E-1));
#925=VECTOR('',#924,2.E-1);
#926=CARTESIAN_POINT('',(5.43E0,-1.193076923077E0,-1.E1));
#927=LINE('',#926,#925);
#928=CARTESIAN_POINT('',(5.43E0,-3.67E0,-8.694300160448E0));
#929=DIRECTION('',(1.E0,0.E0,0.E0));
#930=DIRECTION('',(0.E0,8.846153846154E-1,-4.663213712685E-1));
#931=AXIS2_PLACEMENT_3D('',#928,#929,#930);
#933=CARTESIAN_POINT('',(5.43E0,-9.7E-1,-7.386630477386E0));
#934=DIRECTION('',(-1.E0,0.E0,0.E0));
#935=DIRECTION('',(0.E0,-9.E-1,-4.358898943540E-1));
#936=AXIS2_PLACEMENT_3D('',#933,#934,#935);
#938=DIRECTION('',(1.E0,0.E0,0.E0));
#939=VECTOR('',#938,7.E-1);
#940=CARTESIAN_POINT('',(4.73E0,1.37E0,-7.386630477386E0));
#941=LINE('',#940,#939);
#942=DIRECTION('',(1.E0,0.E0,0.E0));
#943=VECTOR('',#942,7.E-1);
#944=CARTESIAN_POINT('',(4.73E0,1.33E0,-7.560986435127E0));
#945=LINE('',#944,#943);
#946=DIRECTION('',(1.E0,0.E0,0.E0));
#947=VECTOR('',#946,7.E-1);
#948=CARTESIAN_POINT('',(4.73E0,1.37E0,-9.906735725746E0));
#949=LINE('',#948,#947);
#950=DIRECTION('',(1.E0,0.E0,0.E0));
#951=VECTOR('',#950,7.E-1);
#952=CARTESIAN_POINT('',(4.73E0,1.193076923077E0,-1.E1));
#953=LINE('',#952,#951);
#954=DIRECTION('',(1.E0,0.E0,0.E0));
#955=VECTOR('',#954,7.E-1);
#956=CARTESIAN_POINT('',(4.73E0,1.15E0,-7.473808456257E0));
#957=LINE('',#956,#955);
#958=DIRECTION('',(1.E0,0.E0,0.E0));
#959=VECTOR('',#958,7.E-1);
#960=CARTESIAN_POINT('',(4.73E0,-1.37E0,-7.386630477386E0));
#961=LINE('',#960,#959);
#962=DIRECTION('',(1.E0,0.E0,0.E0));
#963=VECTOR('',#962,7.E-1);
#964=CARTESIAN_POINT('',(4.73E0,-1.33E0,-7.560986435128E0));
#965=LINE('',#964,#963);
#966=DIRECTION('',(1.E0,0.E0,0.E0));
#967=VECTOR('',#966,7.E-1);
#968=CARTESIAN_POINT('',(4.73E0,-1.37E0,-9.906735725746E0));
#969=LINE('',#968,#967);
#970=DIRECTION('',(1.E0,0.E0,0.E0));
#971=VECTOR('',#970,7.E-1);
#972=CARTESIAN_POINT('',(4.73E0,-1.193076923077E0,-1.E1));
#973=LINE('',#972,#971);
#974=DIRECTION('',(1.E0,0.E0,0.E0));
#975=VECTOR('',#974,7.E-1);
#976=CARTESIAN_POINT('',(4.73E0,-1.15E0,-7.473808456257E0));
#977=LINE('',#976,#975);
#978=DIRECTION('',(1.E0,0.E0,0.E0));
#979=VECTOR('',#978,7.E-1);
#980=CARTESIAN_POINT('',(4.73E0,-1.17E0,-7.386630477386E0));
#981=LINE('',#980,#979);
#982=DIRECTION('',(0.E0,0.E0,1.E0));
#983=VECTOR('',#982,6.866304773859E-1);
#984=CARTESIAN_POINT('',(2.19E0,1.17E0,-7.386630477386E0));
#985=LINE('',#984,#983);
#986=CARTESIAN_POINT('',(2.19E0,9.7E-1,-7.386630477386E0));
#987=DIRECTION('',(1.E0,0.E0,0.E0));
#988=DIRECTION('',(0.E0,9.E-1,-4.358898943542E-1));
#989=AXIS2_PLACEMENT_3D('',#986,#987,#988);
#991=CARTESIAN_POINT('',(2.19E0,3.67E0,-8.694300160448E0));
#992=DIRECTION('',(-1.E0,0.E0,0.E0));
#993=DIRECTION('',(0.E0,-8.846153846154E-1,-4.663213712685E-1));
#994=AXIS2_PLACEMENT_3D('',#991,#992,#993);
#996=DIRECTION('',(0.E0,-8.846153846154E-1,-4.663213712685E-1));
#997=VECTOR('',#996,2.E-1);
#998=CARTESIAN_POINT('',(2.19E0,1.37E0,-9.906735725746E0));
#999=LINE('',#998,#997);
#1000=CARTESIAN_POINT('',(2.19E0,3.67E0,-8.694300160448E0));
#1001=DIRECTION('',(1.E0,0.E0,0.E0));
#1002=DIRECTION('',(0.E0,-9.E-1,4.358898943541E-1));
#1003=AXIS2_PLACEMENT_3D('',#1000,#1001,#1002);
#1005=CARTESIAN_POINT('',(2.19E0,9.7E-1,-7.386630477386E0));
#1006=DIRECTION('',(-1.E0,0.E0,0.E0));
#1007=DIRECTION('',(0.E0,1.E0,1.332267629550E-14));
#1008=AXIS2_PLACEMENT_3D('',#1005,#1006,#1007);
#1010=DIRECTION('',(0.E0,0.E0,-1.E0));
#1011=VECTOR('',#1010,6.866304773859E-1);
#1012=CARTESIAN_POINT('',(2.19E0,1.37E0,-6.7E0));
#1013=LINE('',#1012,#1011);
#1014=DIRECTION('',(0.E0,0.E0,1.E0));
#1015=VECTOR('',#1014,6.866304773859E-1);
#1016=CARTESIAN_POINT('',(2.19E0,-1.37E0,-7.386630477386E0));
#1017=LINE('',#1016,#1015);
#1018=CARTESIAN_POINT('',(2.19E0,-9.7E-1,-7.386630477386E0));
#1019=DIRECTION('',(-1.E0,0.E0,0.E0));
#1020=DIRECTION('',(0.E0,-9.E-1,-4.358898943540E-1));
#1021=AXIS2_PLACEMENT_3D('',#1018,#1019,#1020);
#1023=CARTESIAN_POINT('',(2.19E0,-3.67E0,-8.694300160448E0));
#1024=DIRECTION('',(1.E0,0.E0,0.E0));
#1025=DIRECTION('',(0.E0,8.846153846154E-1,-4.663213712685E-1));
#1026=AXIS2_PLACEMENT_3D('',#1023,#1024,#1025);
#1028=DIRECTION('',(0.E0,-8.846153846154E-1,4.663213712685E-1));
#1029=VECTOR('',#1028,2.E-1);
#1030=CARTESIAN_POINT('',(2.19E0,-1.193076923077E0,-1.E1));
#1031=LINE('',#1030,#1029);
#1032=CARTESIAN_POINT('',(2.19E0,-3.67E0,-8.694300160448E0));
#1033=DIRECTION('',(-1.E0,0.E0,0.E0));
#1034=DIRECTION('',(0.E0,9.E-1,4.358898943541E-1));
#1035=AXIS2_PLACEMENT_3D('',#1032,#1033,#1034);
#1037=CARTESIAN_POINT('',(2.19E0,-9.7E-1,-7.386630477386E0));
#1038=DIRECTION('',(1.E0,0.E0,0.E0));
#1039=DIRECTION('',(0.E0,-1.E0,0.E0));
#1040=AXIS2_PLACEMENT_3D('',#1037,#1038,#1039);
#1042=DIRECTION('',(0.E0,0.E0,-1.E0));
#1043=VECTOR('',#1042,6.866304773859E-1);
#1044=CARTESIAN_POINT('',(2.19E0,-1.17E0,-6.7E0));
#1045=LINE('',#1044,#1043);
#1046=DIRECTION('',(1.E0,0.E0,0.E0));
#1047=VECTOR('',#1046,7.E-1);
#1048=CARTESIAN_POINT('',(2.19E0,1.17E0,-7.386630477386E0));
#1049=LINE('',#1048,#1047);
#1050=DIRECTION('',(0.E0,0.E0,1.E0));
#1051=VECTOR('',#1050,6.866304773859E-1);
#1052=CARTESIAN_POINT('',(2.89E0,1.17E0,-7.386630477386E0));
#1053=LINE('',#1052,#1051);
#1054=DIRECTION('',(0.E0,0.E0,-1.E0));
#1055=VECTOR('',#1054,6.866304773859E-1);
#1056=CARTESIAN_POINT('',(2.89E0,1.37E0,-6.7E0));
#1057=LINE('',#1056,#1055);
#1058=CARTESIAN_POINT('',(2.89E0,9.7E-1,-7.386630477386E0));
#1059=DIRECTION('',(-1.E0,0.E0,0.E0));
#1060=DIRECTION('',(0.E0,1.E0,1.332267629550E-14));
#1061=AXIS2_PLACEMENT_3D('',#1058,#1059,#1060);
#1063=CARTESIAN_POINT('',(2.89E0,3.67E0,-8.694300160448E0));
#1064=DIRECTION('',(1.E0,0.E0,0.E0));
#1065=DIRECTION('',(0.E0,-9.E-1,4.358898943541E-1));
#1066=AXIS2_PLACEMENT_3D('',#1063,#1064,#1065);
#1068=DIRECTION('',(0.E0,-8.846153846154E-1,-4.663213712685E-1));
#1069=VECTOR('',#1068,2.E-1);
#1070=CARTESIAN_POINT('',(2.89E0,1.37E0,-9.906735725746E0));
#1071=LINE('',#1070,#1069);
#1072=CARTESIAN_POINT('',(2.89E0,3.67E0,-8.694300160448E0));
#1073=DIRECTION('',(-1.E0,0.E0,0.E0));
#1074=DIRECTION('',(0.E0,-8.846153846154E-1,-4.663213712685E-1));
#1075=AXIS2_PLACEMENT_3D('',#1072,#1073,#1074);
#1077=CARTESIAN_POINT('',(2.89E0,9.7E-1,-7.386630477386E0));
#1078=DIRECTION('',(1.E0,0.E0,0.E0));
#1079=DIRECTION('',(0.E0,9.E-1,-4.358898943542E-1));
#1080=AXIS2_PLACEMENT_3D('',#1077,#1078,#1079);
#1082=DIRECTION('',(0.E0,0.E0,1.E0));
#1083=VECTOR('',#1082,6.866304773859E-1);
#1084=CARTESIAN_POINT('',(2.89E0,-1.37E0,-7.386630477386E0));
#1085=LINE('',#1084,#1083);
#1086=DIRECTION('',(0.E0,0.E0,-1.E0));
#1087=VECTOR('',#1086,6.866304773859E-1);
#1088=CARTESIAN_POINT('',(2.89E0,-1.17E0,-6.7E0));
#1089=LINE('',#1088,#1087);
#1090=CARTESIAN_POINT('',(2.89E0,-9.7E-1,-7.386630477386E0));
#1091=DIRECTION('',(1.E0,0.E0,0.E0));
#1092=DIRECTION('',(0.E0,-1.E0,0.E0));
#1093=AXIS2_PLACEMENT_3D('',#1090,#1091,#1092);
#1095=CARTESIAN_POINT('',(2.89E0,-3.67E0,-8.694300160448E0));
#1096=DIRECTION('',(-1.E0,0.E0,0.E0));
#1097=DIRECTION('',(0.E0,9.E-1,4.358898943541E-1));
#1098=AXIS2_PLACEMENT_3D('',#1095,#1096,#1097);
#1100=DIRECTION('',(0.E0,-8.846153846154E-1,4.663213712685E-1));
#1101=VECTOR('',#1100,2.E-1);
#1102=CARTESIAN_POINT('',(2.89E0,-1.193076923077E0,-1.E1));
#1103=LINE('',#1102,#1101);
#1104=CARTESIAN_POINT('',(2.89E0,-3.67E0,-8.694300160448E0));
#1105=DIRECTION('',(1.E0,0.E0,0.E0));
#1106=DIRECTION('',(0.E0,8.846153846154E-1,-4.663213712685E-1));
#1107=AXIS2_PLACEMENT_3D('',#1104,#1105,#1106);
#1109=CARTESIAN_POINT('',(2.89E0,-9.7E-1,-7.386630477386E0));
#1110=DIRECTION('',(-1.E0,0.E0,0.E0));
#1111=DIRECTION('',(0.E0,-9.E-1,-4.358898943540E-1));
#1112=AXIS2_PLACEMENT_3D('',#1109,#1110,#1111);
#1114=DIRECTION('',(1.E0,0.E0,0.E0));
#1115=VECTOR('',#1114,7.E-1);
#1116=CARTESIAN_POINT('',(2.19E0,1.37E0,-7.386630477386E0));
#1117=LINE('',#1116,#1115);
#1118=DIRECTION('',(1.E0,0.E0,0.E0));
#1119=VECTOR('',#1118,7.E-1);
#1120=CARTESIAN_POINT('',(2.19E0,1.33E0,-7.560986435127E0));
#1121=LINE('',#1120,#1119);
#1122=DIRECTION('',(1.E0,0.E0,0.E0));
#1123=VECTOR('',#1122,7.E-1);
#1124=CARTESIAN_POINT('',(2.19E0,1.37E0,-9.906735725746E0));
#1125=LINE('',#1124,#1123);
#1126=DIRECTION('',(1.E0,0.E0,0.E0));
#1127=VECTOR('',#1126,7.E-1);
#1128=CARTESIAN_POINT('',(2.19E0,1.193076923077E0,-1.E1));
#1129=LINE('',#1128,#1127);
#1130=DIRECTION('',(1.E0,0.E0,0.E0));
#1131=VECTOR('',#1130,7.E-1);
#1132=CARTESIAN_POINT('',(2.19E0,1.15E0,-7.473808456257E0));
#1133=LINE('',#1132,#1131);
#1134=DIRECTION('',(1.E0,0.E0,0.E0));
#1135=VECTOR('',#1134,7.E-1);
#1136=CARTESIAN_POINT('',(2.19E0,-1.37E0,-7.386630477386E0));
#1137=LINE('',#1136,#1135);
#1138=DIRECTION('',(1.E0,0.E0,0.E0));
#1139=VECTOR('',#1138,7.E-1);
#1140=CARTESIAN_POINT('',(2.19E0,-1.33E0,-7.560986435128E0));
#1141=LINE('',#1140,#1139);
#1142=DIRECTION('',(1.E0,0.E0,0.E0));
#1143=VECTOR('',#1142,7.E-1);
#1144=CARTESIAN_POINT('',(2.19E0,-1.37E0,-9.906735725746E0));
#1145=LINE('',#1144,#1143);
#1146=DIRECTION('',(1.E0,0.E0,0.E0));
#1147=VECTOR('',#1146,7.E-1);
#1148=CARTESIAN_POINT('',(2.19E0,-1.193076923077E0,-1.E1));
#1149=LINE('',#1148,#1147);
#1150=DIRECTION('',(1.E0,0.E0,0.E0));
#1151=VECTOR('',#1150,7.E-1);
#1152=CARTESIAN_POINT('',(2.19E0,-1.15E0,-7.473808456257E0));
#1153=LINE('',#1152,#1151);
#1154=DIRECTION('',(1.E0,0.E0,0.E0));
#1155=VECTOR('',#1154,7.E-1);
#1156=CARTESIAN_POINT('',(2.19E0,-1.17E0,-7.386630477386E0));
#1157=LINE('',#1156,#1155);
#1158=DIRECTION('',(0.E0,0.E0,1.E0));
#1159=VECTOR('',#1158,6.866304773859E-1);
#1160=CARTESIAN_POINT('',(-3.5E-1,1.17E0,-7.386630477386E0));
#1161=LINE('',#1160,#1159);
#1162=CARTESIAN_POINT('',(-3.5E-1,9.7E-1,-7.386630477386E0));
#1163=DIRECTION('',(1.E0,0.E0,0.E0));
#1164=DIRECTION('',(0.E0,9.E-1,-4.358898943542E-1));
#1165=AXIS2_PLACEMENT_3D('',#1162,#1163,#1164);
#1167=CARTESIAN_POINT('',(-3.5E-1,3.67E0,-8.694300160448E0));
#1168=DIRECTION('',(-1.E0,0.E0,0.E0));
#1169=DIRECTION('',(0.E0,-8.846153846154E-1,-4.663213712685E-1));
#1170=AXIS2_PLACEMENT_3D('',#1167,#1168,#1169);
#1172=DIRECTION('',(0.E0,-8.846153846154E-1,-4.663213712685E-1));
#1173=VECTOR('',#1172,2.E-1);
#1174=CARTESIAN_POINT('',(-3.5E-1,1.37E0,-9.906735725746E0));
#1175=LINE('',#1174,#1173);
#1176=CARTESIAN_POINT('',(-3.5E-1,3.67E0,-8.694300160448E0));
#1177=DIRECTION('',(1.E0,0.E0,0.E0));
#1178=DIRECTION('',(0.E0,-9.E-1,4.358898943541E-1));
#1179=AXIS2_PLACEMENT_3D('',#1176,#1177,#1178);
#1181=CARTESIAN_POINT('',(-3.5E-1,9.7E-1,-7.386630477386E0));
#1182=DIRECTION('',(-1.E0,0.E0,0.E0));
#1183=DIRECTION('',(0.E0,1.E0,1.332267629550E-14));
#1184=AXIS2_PLACEMENT_3D('',#1181,#1182,#1183);
#1186=DIRECTION('',(0.E0,0.E0,-1.E0));
#1187=VECTOR('',#1186,6.866304773859E-1);
#1188=CARTESIAN_POINT('',(-3.5E-1,1.37E0,-6.7E0));
#1189=LINE('',#1188,#1187);
#1190=DIRECTION('',(0.E0,0.E0,1.E0));
#1191=VECTOR('',#1190,6.866304773859E-1);
#1192=CARTESIAN_POINT('',(-3.5E-1,-1.37E0,-7.386630477386E0));
#1193=LINE('',#1192,#1191);
#1194=CARTESIAN_POINT('',(-3.5E-1,-9.7E-1,-7.386630477386E0));
#1195=DIRECTION('',(-1.E0,0.E0,0.E0));
#1196=DIRECTION('',(0.E0,-9.E-1,-4.358898943540E-1));
#1197=AXIS2_PLACEMENT_3D('',#1194,#1195,#1196);
#1199=CARTESIAN_POINT('',(-3.5E-1,-3.67E0,-8.694300160448E0));
#1200=DIRECTION('',(1.E0,0.E0,0.E0));
#1201=DIRECTION('',(0.E0,8.846153846154E-1,-4.663213712685E-1));
#1202=AXIS2_PLACEMENT_3D('',#1199,#1200,#1201);
#1204=DIRECTION('',(0.E0,-8.846153846154E-1,4.663213712685E-1));
#1205=VECTOR('',#1204,2.E-1);
#1206=CARTESIAN_POINT('',(-3.5E-1,-1.193076923077E0,-1.E1));
#1207=LINE('',#1206,#1205);
#1208=CARTESIAN_POINT('',(-3.5E-1,-3.67E0,-8.694300160448E0));
#1209=DIRECTION('',(-1.E0,0.E0,0.E0));
#1210=DIRECTION('',(0.E0,9.E-1,4.358898943541E-1));
#1211=AXIS2_PLACEMENT_3D('',#1208,#1209,#1210);
#1213=CARTESIAN_POINT('',(-3.5E-1,-9.7E-1,-7.386630477386E0));
#1214=DIRECTION('',(1.E0,0.E0,0.E0));
#1215=DIRECTION('',(0.E0,-1.E0,0.E0));
#1216=AXIS2_PLACEMENT_3D('',#1213,#1214,#1215);
#1218=DIRECTION('',(0.E0,0.E0,-1.E0));
#1219=VECTOR('',#1218,6.866304773859E-1);
#1220=CARTESIAN_POINT('',(-3.5E-1,-1.17E0,-6.7E0));
#1221=LINE('',#1220,#1219);
#1222=DIRECTION('',(1.E0,0.E0,0.E0));
#1223=VECTOR('',#1222,7.E-1);
#1224=CARTESIAN_POINT('',(-3.5E-1,1.17E0,-7.386630477386E0));
#1225=LINE('',#1224,#1223);
#1226=DIRECTION('',(0.E0,0.E0,1.E0));
#1227=VECTOR('',#1226,6.866304773859E-1);
#1228=CARTESIAN_POINT('',(3.5E-1,1.17E0,-7.386630477386E0));
#1229=LINE('',#1228,#1227);
#1230=DIRECTION('',(0.E0,0.E0,-1.E0));
#1231=VECTOR('',#1230,6.866304773859E-1);
#1232=CARTESIAN_POINT('',(3.5E-1,1.37E0,-6.7E0));
#1233=LINE('',#1232,#1231);
#1234=CARTESIAN_POINT('',(3.5E-1,9.7E-1,-7.386630477386E0));
#1235=DIRECTION('',(-1.E0,0.E0,0.E0));
#1236=DIRECTION('',(0.E0,1.E0,1.332267629550E-14));
#1237=AXIS2_PLACEMENT_3D('',#1234,#1235,#1236);
#1239=CARTESIAN_POINT('',(3.5E-1,3.67E0,-8.694300160448E0));
#1240=DIRECTION('',(1.E0,0.E0,0.E0));
#1241=DIRECTION('',(0.E0,-9.E-1,4.358898943541E-1));
#1242=AXIS2_PLACEMENT_3D('',#1239,#1240,#1241);
#1244=DIRECTION('',(0.E0,-8.846153846154E-1,-4.663213712685E-1));
#1245=VECTOR('',#1244,2.E-1);
#1246=CARTESIAN_POINT('',(3.5E-1,1.37E0,-9.906735725746E0));
#1247=LINE('',#1246,#1245);
#1248=CARTESIAN_POINT('',(3.5E-1,3.67E0,-8.694300160448E0));
#1249=DIRECTION('',(-1.E0,0.E0,0.E0));
#1250=DIRECTION('',(0.E0,-8.846153846154E-1,-4.663213712685E-1));
#1251=AXIS2_PLACEMENT_3D('',#1248,#1249,#1250);
#1253=CARTESIAN_POINT('',(3.5E-1,9.7E-1,-7.386630477386E0));
#1254=DIRECTION('',(1.E0,0.E0,0.E0));
#1255=DIRECTION('',(0.E0,9.E-1,-4.358898943542E-1));
#1256=AXIS2_PLACEMENT_3D('',#1253,#1254,#1255);
#1258=DIRECTION('',(0.E0,0.E0,1.E0));
#1259=VECTOR('',#1258,6.866304773859E-1);
#1260=CARTESIAN_POINT('',(3.5E-1,-1.37E0,-7.386630477386E0));
#1261=LINE('',#1260,#1259);
#1262=DIRECTION('',(0.E0,0.E0,-1.E0));
#1263=VECTOR('',#1262,6.866304773859E-1);
#1264=CARTESIAN_POINT('',(3.5E-1,-1.17E0,-6.7E0));
#1265=LINE('',#1264,#1263);
#1266=CARTESIAN_POINT('',(3.5E-1,-9.7E-1,-7.386630477386E0));
#1267=DIRECTION('',(1.E0,0.E0,0.E0));
#1268=DIRECTION('',(0.E0,-1.E0,0.E0));
#1269=AXIS2_PLACEMENT_3D('',#1266,#1267,#1268);
#1271=CARTESIAN_POINT('',(3.5E-1,-3.67E0,-8.694300160448E0));
#1272=DIRECTION('',(-1.E0,0.E0,0.E0));
#1273=DIRECTION('',(0.E0,9.E-1,4.358898943541E-1));
#1274=AXIS2_PLACEMENT_3D('',#1271,#1272,#1273);
#1276=DIRECTION('',(0.E0,-8.846153846154E-1,4.663213712685E-1));
#1277=VECTOR('',#1276,2.E-1);
#1278=CARTESIAN_POINT('',(3.5E-1,-1.193076923077E0,-1.E1));
#1279=LINE('',#1278,#1277);
#1280=CARTESIAN_POINT('',(3.5E-1,-3.67E0,-8.694300160448E0));
#1281=DIRECTION('',(1.E0,0.E0,0.E0));
#1282=DIRECTION('',(0.E0,8.846153846154E-1,-4.663213712685E-1));
#1283=AXIS2_PLACEMENT_3D('',#1280,#1281,#1282);
#1285=CARTESIAN_POINT('',(3.5E-1,-9.7E-1,-7.386630477386E0));
#1286=DIRECTION('',(-1.E0,0.E0,0.E0));
#1287=DIRECTION('',(0.E0,-9.E-1,-4.358898943540E-1));
#1288=AXIS2_PLACEMENT_3D('',#1285,#1286,#1287);
#1290=DIRECTION('',(1.E0,0.E0,0.E0));
#1291=VECTOR('',#1290,7.E-1);
#1292=CARTESIAN_POINT('',(-3.5E-1,1.37E0,-7.386630477386E0));
#1293=LINE('',#1292,#1291);
#1294=DIRECTION('',(1.E0,0.E0,0.E0));
#1295=VECTOR('',#1294,7.E-1);
#1296=CARTESIAN_POINT('',(-3.5E-1,1.33E0,-7.560986435127E0));
#1297=LINE('',#1296,#1295);
#1298=DIRECTION('',(1.E0,0.E0,0.E0));
#1299=VECTOR('',#1298,7.E-1);
#1300=CARTESIAN_POINT('',(-3.5E-1,1.37E0,-9.906735725746E0));
#1301=LINE('',#1300,#1299);
#1302=DIRECTION('',(1.E0,0.E0,0.E0));
#1303=VECTOR('',#1302,7.E-1);
#1304=CARTESIAN_POINT('',(-3.5E-1,1.193076923077E0,-1.E1));
#1305=LINE('',#1304,#1303);
#1306=DIRECTION('',(1.E0,0.E0,0.E0));
#1307=VECTOR('',#1306,7.E-1);
#1308=CARTESIAN_POINT('',(-3.5E-1,1.15E0,-7.473808456257E0));
#1309=LINE('',#1308,#1307);
#1310=DIRECTION('',(1.E0,0.E0,0.E0));
#1311=VECTOR('',#1310,7.E-1);
#1312=CARTESIAN_POINT('',(-3.5E-1,-1.37E0,-7.386630477386E0));
#1313=LINE('',#1312,#1311);
#1314=DIRECTION('',(1.E0,0.E0,0.E0));
#1315=VECTOR('',#1314,7.E-1);
#1316=CARTESIAN_POINT('',(-3.5E-1,-1.33E0,-7.560986435128E0));
#1317=LINE('',#1316,#1315);
#1318=DIRECTION('',(1.E0,0.E0,0.E0));
#1319=VECTOR('',#1318,7.E-1);
#1320=CARTESIAN_POINT('',(-3.5E-1,-1.37E0,-9.906735725746E0));
#1321=LINE('',#1320,#1319);
#1322=DIRECTION('',(1.E0,0.E0,0.E0));
#1323=VECTOR('',#1322,7.E-1);
#1324=CARTESIAN_POINT('',(-3.5E-1,-1.193076923077E0,-1.E1));
#1325=LINE('',#1324,#1323);
#1326=DIRECTION('',(1.E0,0.E0,0.E0));
#1327=VECTOR('',#1326,7.E-1);
#1328=CARTESIAN_POINT('',(-3.5E-1,-1.15E0,-7.473808456257E0));
#1329=LINE('',#1328,#1327);
#1330=DIRECTION('',(1.E0,0.E0,0.E0));
#1331=VECTOR('',#1330,7.E-1);
#1332=CARTESIAN_POINT('',(-3.5E-1,-1.17E0,-7.386630477386E0));
#1333=LINE('',#1332,#1331);
#1334=DIRECTION('',(0.E0,0.E0,1.E0));
#1335=VECTOR('',#1334,6.866304773859E-1);
#1336=CARTESIAN_POINT('',(-2.89E0,1.17E0,-7.386630477386E0));
#1337=LINE('',#1336,#1335);
#1338=CARTESIAN_POINT('',(-2.89E0,9.7E-1,-7.386630477386E0));
#1339=DIRECTION('',(1.E0,0.E0,0.E0));
#1340=DIRECTION('',(0.E0,9.E-1,-4.358898943542E-1));
#1341=AXIS2_PLACEMENT_3D('',#1338,#1339,#1340);
#1343=CARTESIAN_POINT('',(-2.89E0,3.67E0,-8.694300160448E0));
#1344=DIRECTION('',(-1.E0,0.E0,0.E0));
#1345=DIRECTION('',(0.E0,-8.846153846154E-1,-4.663213712685E-1));
#1346=AXIS2_PLACEMENT_3D('',#1343,#1344,#1345);
#1348=DIRECTION('',(0.E0,-8.846153846154E-1,-4.663213712685E-1));
#1349=VECTOR('',#1348,2.E-1);
#1350=CARTESIAN_POINT('',(-2.89E0,1.37E0,-9.906735725746E0));
#1351=LINE('',#1350,#1349);
#1352=CARTESIAN_POINT('',(-2.89E0,3.67E0,-8.694300160448E0));
#1353=DIRECTION('',(1.E0,0.E0,0.E0));
#1354=DIRECTION('',(0.E0,-9.E-1,4.358898943541E-1));
#1355=AXIS2_PLACEMENT_3D('',#1352,#1353,#1354);
#1357=CARTESIAN_POINT('',(-2.89E0,9.7E-1,-7.386630477386E0));
#1358=DIRECTION('',(-1.E0,0.E0,0.E0));
#1359=DIRECTION('',(0.E0,1.E0,1.332267629550E-14));
#1360=AXIS2_PLACEMENT_3D('',#1357,#1358,#1359);
#1362=DIRECTION('',(0.E0,0.E0,-1.E0));
#1363=VECTOR('',#1362,6.866304773859E-1);
#1364=CARTESIAN_POINT('',(-2.89E0,1.37E0,-6.7E0));
#1365=LINE('',#1364,#1363);
#1366=DIRECTION('',(0.E0,0.E0,1.E0));
#1367=VECTOR('',#1366,6.866304773859E-1);
#1368=CARTESIAN_POINT('',(-2.89E0,-1.37E0,-7.386630477386E0));
#1369=LINE('',#1368,#1367);
#1370=CARTESIAN_POINT('',(-2.89E0,-9.7E-1,-7.386630477386E0));
#1371=DIRECTION('',(-1.E0,0.E0,0.E0));
#1372=DIRECTION('',(0.E0,-9.E-1,-4.358898943540E-1));
#1373=AXIS2_PLACEMENT_3D('',#1370,#1371,#1372);
#1375=CARTESIAN_POINT('',(-2.89E0,-3.67E0,-8.694300160448E0));
#1376=DIRECTION('',(1.E0,0.E0,0.E0));
#1377=DIRECTION('',(0.E0,8.846153846154E-1,-4.663213712685E-1));
#1378=AXIS2_PLACEMENT_3D('',#1375,#1376,#1377);
#1380=DIRECTION('',(0.E0,-8.846153846154E-1,4.663213712685E-1));
#1381=VECTOR('',#1380,2.E-1);
#1382=CARTESIAN_POINT('',(-2.89E0,-1.193076923077E0,-1.E1));
#1383=LINE('',#1382,#1381);
#1384=CARTESIAN_POINT('',(-2.89E0,-3.67E0,-8.694300160448E0));
#1385=DIRECTION('',(-1.E0,0.E0,0.E0));
#1386=DIRECTION('',(0.E0,9.E-1,4.358898943541E-1));
#1387=AXIS2_PLACEMENT_3D('',#1384,#1385,#1386);
#1389=CARTESIAN_POINT('',(-2.89E0,-9.7E-1,-7.386630477386E0));
#1390=DIRECTION('',(1.E0,0.E0,0.E0));
#1391=DIRECTION('',(0.E0,-1.E0,0.E0));
#1392=AXIS2_PLACEMENT_3D('',#1389,#1390,#1391);
#1394=DIRECTION('',(0.E0,0.E0,-1.E0));
#1395=VECTOR('',#1394,6.866304773859E-1);
#1396=CARTESIAN_POINT('',(-2.89E0,-1.17E0,-6.7E0));
#1397=LINE('',#1396,#1395);
#1398=DIRECTION('',(1.E0,0.E0,0.E0));
#1399=VECTOR('',#1398,7.E-1);
#1400=CARTESIAN_POINT('',(-2.89E0,1.17E0,-7.386630477386E0));
#1401=LINE('',#1400,#1399);
#1402=DIRECTION('',(0.E0,0.E0,1.E0));
#1403=VECTOR('',#1402,6.866304773859E-1);
#1404=CARTESIAN_POINT('',(-2.19E0,1.17E0,-7.386630477386E0));
#1405=LINE('',#1404,#1403);
#1406=DIRECTION('',(0.E0,0.E0,-1.E0));
#1407=VECTOR('',#1406,6.866304773859E-1);
#1408=CARTESIAN_POINT('',(-2.19E0,1.37E0,-6.7E0));
#1409=LINE('',#1408,#1407);
#1410=CARTESIAN_POINT('',(-2.19E0,9.7E-1,-7.386630477386E0));
#1411=DIRECTION('',(-1.E0,0.E0,0.E0));
#1412=DIRECTION('',(0.E0,1.E0,1.332267629550E-14));
#1413=AXIS2_PLACEMENT_3D('',#1410,#1411,#1412);
#1415=CARTESIAN_POINT('',(-2.19E0,3.67E0,-8.694300160448E0));
#1416=DIRECTION('',(1.E0,0.E0,0.E0));
#1417=DIRECTION('',(0.E0,-9.E-1,4.358898943541E-1));
#1418=AXIS2_PLACEMENT_3D('',#1415,#1416,#1417);
#1420=DIRECTION('',(0.E0,-8.846153846154E-1,-4.663213712685E-1));
#1421=VECTOR('',#1420,2.E-1);
#1422=CARTESIAN_POINT('',(-2.19E0,1.37E0,-9.906735725746E0));
#1423=LINE('',#1422,#1421);
#1424=CARTESIAN_POINT('',(-2.19E0,3.67E0,-8.694300160448E0));
#1425=DIRECTION('',(-1.E0,0.E0,0.E0));
#1426=DIRECTION('',(0.E0,-8.846153846154E-1,-4.663213712685E-1));
#1427=AXIS2_PLACEMENT_3D('',#1424,#1425,#1426);
#1429=CARTESIAN_POINT('',(-2.19E0,9.7E-1,-7.386630477386E0));
#1430=DIRECTION('',(1.E0,0.E0,0.E0));
#1431=DIRECTION('',(0.E0,9.E-1,-4.358898943542E-1));
#1432=AXIS2_PLACEMENT_3D('',#1429,#1430,#1431);
#1434=DIRECTION('',(0.E0,0.E0,1.E0));
#1435=VECTOR('',#1434,6.866304773859E-1);
#1436=CARTESIAN_POINT('',(-2.19E0,-1.37E0,-7.386630477386E0));
#1437=LINE('',#1436,#1435);
#1438=DIRECTION('',(0.E0,0.E0,-1.E0));
#1439=VECTOR('',#1438,6.866304773859E-1);
#1440=CARTESIAN_POINT('',(-2.19E0,-1.17E0,-6.7E0));
#1441=LINE('',#1440,#1439);
#1442=CARTESIAN_POINT('',(-2.19E0,-9.7E-1,-7.386630477386E0));
#1443=DIRECTION('',(1.E0,0.E0,0.E0));
#1444=DIRECTION('',(0.E0,-1.E0,0.E0));
#1445=AXIS2_PLACEMENT_3D('',#1442,#1443,#1444);
#1447=CARTESIAN_POINT('',(-2.19E0,-3.67E0,-8.694300160448E0));
#1448=DIRECTION('',(-1.E0,0.E0,0.E0));
#1449=DIRECTION('',(0.E0,9.E-1,4.358898943541E-1));
#1450=AXIS2_PLACEMENT_3D('',#1447,#1448,#1449);
#1452=DIRECTION('',(0.E0,-8.846153846154E-1,4.663213712685E-1));
#1453=VECTOR('',#1452,2.E-1);
#1454=CARTESIAN_POINT('',(-2.19E0,-1.193076923077E0,-1.E1));
#1455=LINE('',#1454,#1453);
#1456=CARTESIAN_POINT('',(-2.19E0,-3.67E0,-8.694300160448E0));
#1457=DIRECTION('',(1.E0,0.E0,0.E0));
#1458=DIRECTION('',(0.E0,8.846153846154E-1,-4.663213712685E-1));
#1459=AXIS2_PLACEMENT_3D('',#1456,#1457,#1458);
#1461=CARTESIAN_POINT('',(-2.19E0,-9.7E-1,-7.386630477386E0));
#1462=DIRECTION('',(-1.E0,0.E0,0.E0));
#1463=DIRECTION('',(0.E0,-9.E-1,-4.358898943540E-1));
#1464=AXIS2_PLACEMENT_3D('',#1461,#1462,#1463);
#1466=DIRECTION('',(1.E0,0.E0,0.E0));
#1467=VECTOR('',#1466,7.E-1);
#1468=CARTESIAN_POINT('',(-2.89E0,1.37E0,-7.386630477386E0));
#1469=LINE('',#1468,#1467);
#1470=DIRECTION('',(1.E0,0.E0,0.E0));
#1471=VECTOR('',#1470,7.E-1);
#1472=CARTESIAN_POINT('',(-2.89E0,1.33E0,-7.560986435127E0));
#1473=LINE('',#1472,#1471);
#1474=DIRECTION('',(1.E0,0.E0,0.E0));
#1475=VECTOR('',#1474,7.E-1);
#1476=CARTESIAN_POINT('',(-2.89E0,1.37E0,-9.906735725746E0));
#1477=LINE('',#1476,#1475);
#1478=DIRECTION('',(1.E0,0.E0,0.E0));
#1479=VECTOR('',#1478,7.E-1);
#1480=CARTESIAN_POINT('',(-2.89E0,1.193076923077E0,-1.E1));
#1481=LINE('',#1480,#1479);
#1482=DIRECTION('',(1.E0,0.E0,0.E0));
#1483=VECTOR('',#1482,7.E-1);
#1484=CARTESIAN_POINT('',(-2.89E0,1.15E0,-7.473808456257E0));
#1485=LINE('',#1484,#1483);
#1486=DIRECTION('',(1.E0,0.E0,0.E0));
#1487=VECTOR('',#1486,7.E-1);
#1488=CARTESIAN_POINT('',(-2.89E0,-1.37E0,-7.386630477386E0));
#1489=LINE('',#1488,#1487);
#1490=DIRECTION('',(1.E0,0.E0,0.E0));
#1491=VECTOR('',#1490,7.E-1);
#1492=CARTESIAN_POINT('',(-2.89E0,-1.33E0,-7.560986435128E0));
#1493=LINE('',#1492,#1491);
#1494=DIRECTION('',(1.E0,0.E0,0.E0));
#1495=VECTOR('',#1494,7.E-1);
#1496=CARTESIAN_POINT('',(-2.89E0,-1.37E0,-9.906735725746E0));
#1497=LINE('',#1496,#1495);
#1498=DIRECTION('',(1.E0,0.E0,0.E0));
#1499=VECTOR('',#1498,7.E-1);
#1500=CARTESIAN_POINT('',(-2.89E0,-1.193076923077E0,-1.E1));
#1501=LINE('',#1500,#1499);
#1502=DIRECTION('',(1.E0,0.E0,0.E0));
#1503=VECTOR('',#1502,7.E-1);
#1504=CARTESIAN_POINT('',(-2.89E0,-1.15E0,-7.473808456257E0));
#1505=LINE('',#1504,#1503);
#1506=DIRECTION('',(1.E0,0.E0,0.E0));
#1507=VECTOR('',#1506,7.E-1);
#1508=CARTESIAN_POINT('',(-2.89E0,-1.17E0,-7.386630477386E0));
#1509=LINE('',#1508,#1507);
#1510=DIRECTION('',(0.E0,0.E0,1.E0));
#1511=VECTOR('',#1510,6.866304773859E-1);
#1512=CARTESIAN_POINT('',(-5.43E0,1.17E0,-7.386630477386E0));
#1513=LINE('',#1512,#1511);
#1514=CARTESIAN_POINT('',(-5.43E0,9.7E-1,-7.386630477386E0));
#1515=DIRECTION('',(1.E0,0.E0,0.E0));
#1516=DIRECTION('',(0.E0,9.E-1,-4.358898943542E-1));
#1517=AXIS2_PLACEMENT_3D('',#1514,#1515,#1516);
#1519=CARTESIAN_POINT('',(-5.43E0,3.67E0,-8.694300160448E0));
#1520=DIRECTION('',(-1.E0,0.E0,0.E0));
#1521=DIRECTION('',(0.E0,-8.846153846154E-1,-4.663213712685E-1));
#1522=AXIS2_PLACEMENT_3D('',#1519,#1520,#1521);
#1524=DIRECTION('',(0.E0,-8.846153846154E-1,-4.663213712685E-1));
#1525=VECTOR('',#1524,2.E-1);
#1526=CARTESIAN_POINT('',(-5.43E0,1.37E0,-9.906735725746E0));
#1527=LINE('',#1526,#1525);
#1528=CARTESIAN_POINT('',(-5.43E0,3.67E0,-8.694300160448E0));
#1529=DIRECTION('',(1.E0,0.E0,0.E0));
#1530=DIRECTION('',(0.E0,-9.E-1,4.358898943541E-1));
#1531=AXIS2_PLACEMENT_3D('',#1528,#1529,#1530);
#1533=CARTESIAN_POINT('',(-5.43E0,9.7E-1,-7.386630477386E0));
#1534=DIRECTION('',(-1.E0,0.E0,0.E0));
#1535=DIRECTION('',(0.E0,1.E0,1.332267629550E-14));
#1536=AXIS2_PLACEMENT_3D('',#1533,#1534,#1535);
#1538=DIRECTION('',(0.E0,0.E0,-1.E0));
#1539=VECTOR('',#1538,6.866304773859E-1);
#1540=CARTESIAN_POINT('',(-5.43E0,1.37E0,-6.7E0));
#1541=LINE('',#1540,#1539);
#1542=DIRECTION('',(0.E0,0.E0,1.E0));
#1543=VECTOR('',#1542,6.866304773859E-1);
#1544=CARTESIAN_POINT('',(-5.43E0,-1.37E0,-7.386630477386E0));
#1545=LINE('',#1544,#1543);
#1546=CARTESIAN_POINT('',(-5.43E0,-9.7E-1,-7.386630477386E0));
#1547=DIRECTION('',(-1.E0,0.E0,0.E0));
#1548=DIRECTION('',(0.E0,-9.E-1,-4.358898943540E-1));
#1549=AXIS2_PLACEMENT_3D('',#1546,#1547,#1548);
#1551=CARTESIAN_POINT('',(-5.43E0,-3.67E0,-8.694300160448E0));
#1552=DIRECTION('',(1.E0,0.E0,0.E0));
#1553=DIRECTION('',(0.E0,8.846153846154E-1,-4.663213712685E-1));
#1554=AXIS2_PLACEMENT_3D('',#1551,#1552,#1553);
#1556=DIRECTION('',(0.E0,-8.846153846154E-1,4.663213712685E-1));
#1557=VECTOR('',#1556,2.E-1);
#1558=CARTESIAN_POINT('',(-5.43E0,-1.193076923077E0,-1.E1));
#1559=LINE('',#1558,#1557);
#1560=CARTESIAN_POINT('',(-5.43E0,-3.67E0,-8.694300160448E0));
#1561=DIRECTION('',(-1.E0,0.E0,0.E0));
#1562=DIRECTION('',(0.E0,9.E-1,4.358898943541E-1));
#1563=AXIS2_PLACEMENT_3D('',#1560,#1561,#1562);
#1565=CARTESIAN_POINT('',(-5.43E0,-9.7E-1,-7.386630477386E0));
#1566=DIRECTION('',(1.E0,0.E0,0.E0));
#1567=DIRECTION('',(0.E0,-1.E0,0.E0));
#1568=AXIS2_PLACEMENT_3D('',#1565,#1566,#1567);
#1570=DIRECTION('',(0.E0,0.E0,-1.E0));
#1571=VECTOR('',#1570,6.866304773859E-1);
#1572=CARTESIAN_POINT('',(-5.43E0,-1.17E0,-6.7E0));
#1573=LINE('',#1572,#1571);
#1574=DIRECTION('',(1.E0,0.E0,0.E0));
#1575=VECTOR('',#1574,7.E-1);
#1576=CARTESIAN_POINT('',(-5.43E0,1.17E0,-7.386630477386E0));
#1577=LINE('',#1576,#1575);
#1578=DIRECTION('',(0.E0,0.E0,1.E0));
#1579=VECTOR('',#1578,6.866304773859E-1);
#1580=CARTESIAN_POINT('',(-4.73E0,1.17E0,-7.386630477386E0));
#1581=LINE('',#1580,#1579);
#1582=DIRECTION('',(0.E0,0.E0,-1.E0));
#1583=VECTOR('',#1582,6.866304773859E-1);
#1584=CARTESIAN_POINT('',(-4.73E0,1.37E0,-6.7E0));
#1585=LINE('',#1584,#1583);
#1586=CARTESIAN_POINT('',(-4.73E0,9.7E-1,-7.386630477386E0));
#1587=DIRECTION('',(-1.E0,0.E0,0.E0));
#1588=DIRECTION('',(0.E0,1.E0,1.332267629550E-14));
#1589=AXIS2_PLACEMENT_3D('',#1586,#1587,#1588);
#1591=CARTESIAN_POINT('',(-4.73E0,3.67E0,-8.694300160448E0));
#1592=DIRECTION('',(1.E0,0.E0,0.E0));
#1593=DIRECTION('',(0.E0,-9.E-1,4.358898943541E-1));
#1594=AXIS2_PLACEMENT_3D('',#1591,#1592,#1593);
#1596=DIRECTION('',(0.E0,-8.846153846154E-1,-4.663213712685E-1));
#1597=VECTOR('',#1596,2.E-1);
#1598=CARTESIAN_POINT('',(-4.73E0,1.37E0,-9.906735725746E0));
#1599=LINE('',#1598,#1597);
#1600=CARTESIAN_POINT('',(-4.73E0,3.67E0,-8.694300160448E0));
#1601=DIRECTION('',(-1.E0,0.E0,0.E0));
#1602=DIRECTION('',(0.E0,-8.846153846154E-1,-4.663213712685E-1));
#1603=AXIS2_PLACEMENT_3D('',#1600,#1601,#1602);
#1605=CARTESIAN_POINT('',(-4.73E0,9.7E-1,-7.386630477386E0));
#1606=DIRECTION('',(1.E0,0.E0,0.E0));
#1607=DIRECTION('',(0.E0,9.E-1,-4.358898943542E-1));
#1608=AXIS2_PLACEMENT_3D('',#1605,#1606,#1607);
#1610=DIRECTION('',(0.E0,0.E0,1.E0));
#1611=VECTOR('',#1610,6.866304773859E-1);
#1612=CARTESIAN_POINT('',(-4.73E0,-1.37E0,-7.386630477386E0));
#1613=LINE('',#1612,#1611);
#1614=DIRECTION('',(0.E0,0.E0,-1.E0));
#1615=VECTOR('',#1614,6.866304773859E-1);
#1616=CARTESIAN_POINT('',(-4.73E0,-1.17E0,-6.7E0));
#1617=LINE('',#1616,#1615);
#1618=CARTESIAN_POINT('',(-4.73E0,-9.7E-1,-7.386630477386E0));
#1619=DIRECTION('',(1.E0,0.E0,0.E0));
#1620=DIRECTION('',(0.E0,-1.E0,0.E0));
#1621=AXIS2_PLACEMENT_3D('',#1618,#1619,#1620);
#1623=CARTESIAN_POINT('',(-4.73E0,-3.67E0,-8.694300160448E0));
#1624=DIRECTION('',(-1.E0,0.E0,0.E0));
#1625=DIRECTION('',(0.E0,9.E-1,4.358898943541E-1));
#1626=AXIS2_PLACEMENT_3D('',#1623,#1624,#1625);
#1628=DIRECTION('',(0.E0,-8.846153846154E-1,4.663213712685E-1));
#1629=VECTOR('',#1628,2.E-1);
#1630=CARTESIAN_POINT('',(-4.73E0,-1.193076923077E0,-1.E1));
#1631=LINE('',#1630,#1629);
#1632=CARTESIAN_POINT('',(-4.73E0,-3.67E0,-8.694300160448E0));
#1633=DIRECTION('',(1.E0,0.E0,0.E0));
#1634=DIRECTION('',(0.E0,8.846153846154E-1,-4.663213712685E-1));
#1635=AXIS2_PLACEMENT_3D('',#1632,#1633,#1634);
#1637=CARTESIAN_POINT('',(-4.73E0,-9.7E-1,-7.386630477386E0));
#1638=DIRECTION('',(-1.E0,0.E0,0.E0));
#1639=DIRECTION('',(0.E0,-9.E-1,-4.358898943540E-1));
#1640=AXIS2_PLACEMENT_3D('',#1637,#1638,#1639);
#1642=DIRECTION('',(1.E0,0.E0,0.E0));
#1643=VECTOR('',#1642,7.E-1);
#1644=CARTESIAN_POINT('',(-5.43E0,1.37E0,-7.386630477386E0));
#1645=LINE('',#1644,#1643);
#1646=DIRECTION('',(1.E0,0.E0,0.E0));
#1647=VECTOR('',#1646,7.E-1);
#1648=CARTESIAN_POINT('',(-5.43E0,1.33E0,-7.560986435127E0));
#1649=LINE('',#1648,#1647);
#1650=DIRECTION('',(1.E0,0.E0,0.E0));
#1651=VECTOR('',#1650,7.E-1);
#1652=CARTESIAN_POINT('',(-5.43E0,1.37E0,-9.906735725746E0));
#1653=LINE('',#1652,#1651);
#1654=DIRECTION('',(1.E0,0.E0,0.E0));
#1655=VECTOR('',#1654,7.E-1);
#1656=CARTESIAN_POINT('',(-5.43E0,1.193076923077E0,-1.E1));
#1657=LINE('',#1656,#1655);
#1658=DIRECTION('',(1.E0,0.E0,0.E0));
#1659=VECTOR('',#1658,7.E-1);
#1660=CARTESIAN_POINT('',(-5.43E0,1.15E0,-7.473808456257E0));
#1661=LINE('',#1660,#1659);
#1662=DIRECTION('',(1.E0,0.E0,0.E0));
#1663=VECTOR('',#1662,7.E-1);
#1664=CARTESIAN_POINT('',(-5.43E0,-1.37E0,-7.386630477386E0));
#1665=LINE('',#1664,#1663);
#1666=DIRECTION('',(1.E0,0.E0,0.E0));
#1667=VECTOR('',#1666,7.E-1);
#1668=CARTESIAN_POINT('',(-5.43E0,-1.33E0,-7.560986435128E0));
#1669=LINE('',#1668,#1667);
#1670=DIRECTION('',(1.E0,0.E0,0.E0));
#1671=VECTOR('',#1670,7.E-1);
#1672=CARTESIAN_POINT('',(-5.43E0,-1.37E0,-9.906735725746E0));
#1673=LINE('',#1672,#1671);
#1674=DIRECTION('',(1.E0,0.E0,0.E0));
#1675=VECTOR('',#1674,7.E-1);
#1676=CARTESIAN_POINT('',(-5.43E0,-1.193076923077E0,-1.E1));
#1677=LINE('',#1676,#1675);
#1678=DIRECTION('',(1.E0,0.E0,0.E0));
#1679=VECTOR('',#1678,7.E-1);
#1680=CARTESIAN_POINT('',(-5.43E0,-1.15E0,-7.473808456257E0));
#1681=LINE('',#1680,#1679);
#1682=DIRECTION('',(1.E0,0.E0,0.E0));
#1683=VECTOR('',#1682,7.E-1);
#1684=CARTESIAN_POINT('',(-5.43E0,-1.17E0,-7.386630477386E0));
#1685=LINE('',#1684,#1683);
#1686=DIRECTION('',(0.E0,0.E0,1.E0));
#1687=VECTOR('',#1686,6.866304773859E-1);
#1688=CARTESIAN_POINT('',(-7.97E0,1.17E0,-7.386630477386E0));
#1689=LINE('',#1688,#1687);
#1690=CARTESIAN_POINT('',(-7.97E0,9.7E-1,-7.386630477386E0));
#1691=DIRECTION('',(1.E0,0.E0,0.E0));
#1692=DIRECTION('',(0.E0,9.E-1,-4.358898943542E-1));
#1693=AXIS2_PLACEMENT_3D('',#1690,#1691,#1692);
#1695=CARTESIAN_POINT('',(-7.97E0,3.67E0,-8.694300160448E0));
#1696=DIRECTION('',(-1.E0,0.E0,0.E0));
#1697=DIRECTION('',(0.E0,-8.846153846154E-1,-4.663213712685E-1));
#1698=AXIS2_PLACEMENT_3D('',#1695,#1696,#1697);
#1700=DIRECTION('',(0.E0,-8.846153846154E-1,-4.663213712685E-1));
#1701=VECTOR('',#1700,2.E-1);
#1702=CARTESIAN_POINT('',(-7.97E0,1.37E0,-9.906735725746E0));
#1703=LINE('',#1702,#1701);
#1704=CARTESIAN_POINT('',(-7.97E0,3.67E0,-8.694300160448E0));
#1705=DIRECTION('',(1.E0,0.E0,0.E0));
#1706=DIRECTION('',(0.E0,-9.E-1,4.358898943541E-1));
#1707=AXIS2_PLACEMENT_3D('',#1704,#1705,#1706);
#1709=CARTESIAN_POINT('',(-7.97E0,9.7E-1,-7.386630477386E0));
#1710=DIRECTION('',(-1.E0,0.E0,0.E0));
#1711=DIRECTION('',(0.E0,1.E0,1.332267629550E-14));
#1712=AXIS2_PLACEMENT_3D('',#1709,#1710,#1711);
#1714=DIRECTION('',(0.E0,0.E0,-1.E0));
#1715=VECTOR('',#1714,6.866304773859E-1);
#1716=CARTESIAN_POINT('',(-7.97E0,1.37E0,-6.7E0));
#1717=LINE('',#1716,#1715);
#1718=DIRECTION('',(0.E0,0.E0,1.E0));
#1719=VECTOR('',#1718,6.866304773859E-1);
#1720=CARTESIAN_POINT('',(-7.97E0,-1.37E0,-7.386630477386E0));
#1721=LINE('',#1720,#1719);
#1722=CARTESIAN_POINT('',(-7.97E0,-9.7E-1,-7.386630477386E0));
#1723=DIRECTION('',(-1.E0,0.E0,0.E0));
#1724=DIRECTION('',(0.E0,-9.E-1,-4.358898943540E-1));
#1725=AXIS2_PLACEMENT_3D('',#1722,#1723,#1724);
#1727=CARTESIAN_POINT('',(-7.97E0,-3.67E0,-8.694300160448E0));
#1728=DIRECTION('',(1.E0,0.E0,0.E0));
#1729=DIRECTION('',(0.E0,8.846153846154E-1,-4.663213712685E-1));
#1730=AXIS2_PLACEMENT_3D('',#1727,#1728,#1729);
#1732=DIRECTION('',(0.E0,-8.846153846154E-1,4.663213712685E-1));
#1733=VECTOR('',#1732,2.E-1);
#1734=CARTESIAN_POINT('',(-7.97E0,-1.193076923077E0,-1.E1));
#1735=LINE('',#1734,#1733);
#1736=CARTESIAN_POINT('',(-7.97E0,-3.67E0,-8.694300160448E0));
#1737=DIRECTION('',(-1.E0,0.E0,0.E0));
#1738=DIRECTION('',(0.E0,9.E-1,4.358898943541E-1));
#1739=AXIS2_PLACEMENT_3D('',#1736,#1737,#1738);
#1741=CARTESIAN_POINT('',(-7.97E0,-9.7E-1,-7.386630477386E0));
#1742=DIRECTION('',(1.E0,0.E0,0.E0));
#1743=DIRECTION('',(0.E0,-1.E0,0.E0));
#1744=AXIS2_PLACEMENT_3D('',#1741,#1742,#1743);
#1746=DIRECTION('',(0.E0,0.E0,-1.E0));
#1747=VECTOR('',#1746,6.866304773859E-1);
#1748=CARTESIAN_POINT('',(-7.97E0,-1.17E0,-6.7E0));
#1749=LINE('',#1748,#1747);
#1750=DIRECTION('',(1.E0,0.E0,0.E0));
#1751=VECTOR('',#1750,7.E-1);
#1752=CARTESIAN_POINT('',(-7.97E0,1.17E0,-7.386630477386E0));
#1753=LINE('',#1752,#1751);
#1754=DIRECTION('',(0.E0,0.E0,1.E0));
#1755=VECTOR('',#1754,6.866304773859E-1);
#1756=CARTESIAN_POINT('',(-7.27E0,1.17E0,-7.386630477386E0));
#1757=LINE('',#1756,#1755);
#1758=DIRECTION('',(0.E0,0.E0,-1.E0));
#1759=VECTOR('',#1758,6.866304773859E-1);
#1760=CARTESIAN_POINT('',(-7.27E0,1.37E0,-6.7E0));
#1761=LINE('',#1760,#1759);
#1762=CARTESIAN_POINT('',(-7.27E0,9.7E-1,-7.386630477386E0));
#1763=DIRECTION('',(-1.E0,0.E0,0.E0));
#1764=DIRECTION('',(0.E0,1.E0,1.332267629550E-14));
#1765=AXIS2_PLACEMENT_3D('',#1762,#1763,#1764);
#1767=CARTESIAN_POINT('',(-7.27E0,3.67E0,-8.694300160448E0));
#1768=DIRECTION('',(1.E0,0.E0,0.E0));
#1769=DIRECTION('',(0.E0,-9.E-1,4.358898943541E-1));
#1770=AXIS2_PLACEMENT_3D('',#1767,#1768,#1769);
#1772=DIRECTION('',(0.E0,-8.846153846154E-1,-4.663213712685E-1));
#1773=VECTOR('',#1772,2.E-1);
#1774=CARTESIAN_POINT('',(-7.27E0,1.37E0,-9.906735725746E0));
#1775=LINE('',#1774,#1773);
#1776=CARTESIAN_POINT('',(-7.27E0,3.67E0,-8.694300160448E0));
#1777=DIRECTION('',(-1.E0,0.E0,0.E0));
#1778=DIRECTION('',(0.E0,-8.846153846154E-1,-4.663213712685E-1));
#1779=AXIS2_PLACEMENT_3D('',#1776,#1777,#1778);
#1781=CARTESIAN_POINT('',(-7.27E0,9.7E-1,-7.386630477386E0));
#1782=DIRECTION('',(1.E0,0.E0,0.E0));
#1783=DIRECTION('',(0.E0,9.E-1,-4.358898943542E-1));
#1784=AXIS2_PLACEMENT_3D('',#1781,#1782,#1783);
#1786=DIRECTION('',(0.E0,0.E0,1.E0));
#1787=VECTOR('',#1786,6.866304773859E-1);
#1788=CARTESIAN_POINT('',(-7.27E0,-1.37E0,-7.386630477386E0));
#1789=LINE('',#1788,#1787);
#1790=DIRECTION('',(0.E0,0.E0,-1.E0));
#1791=VECTOR('',#1790,6.866304773859E-1);
#1792=CARTESIAN_POINT('',(-7.27E0,-1.17E0,-6.7E0));
#1793=LINE('',#1792,#1791);
#1794=CARTESIAN_POINT('',(-7.27E0,-9.7E-1,-7.386630477386E0));
#1795=DIRECTION('',(1.E0,0.E0,0.E0));
#1796=DIRECTION('',(0.E0,-1.E0,0.E0));
#1797=AXIS2_PLACEMENT_3D('',#1794,#1795,#1796);
#1799=CARTESIAN_POINT('',(-7.27E0,-3.67E0,-8.694300160448E0));
#1800=DIRECTION('',(-1.E0,0.E0,0.E0));
#1801=DIRECTION('',(0.E0,9.E-1,4.358898943541E-1));
#1802=AXIS2_PLACEMENT_3D('',#1799,#1800,#1801);
#1804=DIRECTION('',(0.E0,-8.846153846154E-1,4.663213712685E-1));
#1805=VECTOR('',#1804,2.E-1);
#1806=CARTESIAN_POINT('',(-7.27E0,-1.193076923077E0,-1.E1));
#1807=LINE('',#1806,#1805);
#1808=CARTESIAN_POINT('',(-7.27E0,-3.67E0,-8.694300160448E0));
#1809=DIRECTION('',(1.E0,0.E0,0.E0));
#1810=DIRECTION('',(0.E0,8.846153846154E-1,-4.663213712685E-1));
#1811=AXIS2_PLACEMENT_3D('',#1808,#1809,#1810);
#1813=CARTESIAN_POINT('',(-7.27E0,-9.7E-1,-7.386630477386E0));
#1814=DIRECTION('',(-1.E0,0.E0,0.E0));
#1815=DIRECTION('',(0.E0,-9.E-1,-4.358898943540E-1));
#1816=AXIS2_PLACEMENT_3D('',#1813,#1814,#1815);
#1818=DIRECTION('',(1.E0,0.E0,0.E0));
#1819=VECTOR('',#1818,7.E-1);
#1820=CARTESIAN_POINT('',(-7.97E0,1.37E0,-7.386630477386E0));
#1821=LINE('',#1820,#1819);
#1822=DIRECTION('',(1.E0,0.E0,0.E0));
#1823=VECTOR('',#1822,7.E-1);
#1824=CARTESIAN_POINT('',(-7.97E0,1.33E0,-7.560986435127E0));
#1825=LINE('',#1824,#1823);
#1826=DIRECTION('',(1.E0,0.E0,0.E0));
#1827=VECTOR('',#1826,7.E-1);
#1828=CARTESIAN_POINT('',(-7.97E0,1.37E0,-9.906735725746E0));
#1829=LINE('',#1828,#1827);
#1830=DIRECTION('',(1.E0,0.E0,0.E0));
#1831=VECTOR('',#1830,7.E-1);
#1832=CARTESIAN_POINT('',(-7.97E0,1.193076923077E0,-1.E1));
#1833=LINE('',#1832,#1831);
#1834=DIRECTION('',(1.E0,0.E0,0.E0));
#1835=VECTOR('',#1834,7.E-1);
#1836=CARTESIAN_POINT('',(-7.97E0,1.15E0,-7.473808456257E0));
#1837=LINE('',#1836,#1835);
#1838=DIRECTION('',(1.E0,0.E0,0.E0));
#1839=VECTOR('',#1838,7.E-1);
#1840=CARTESIAN_POINT('',(-7.97E0,-1.37E0,-7.386630477386E0));
#1841=LINE('',#1840,#1839);
#1842=DIRECTION('',(1.E0,0.E0,0.E0));
#1843=VECTOR('',#1842,7.E-1);
#1844=CARTESIAN_POINT('',(-7.97E0,-1.33E0,-7.560986435128E0));
#1845=LINE('',#1844,#1843);
#1846=DIRECTION('',(1.E0,0.E0,0.E0));
#1847=VECTOR('',#1846,7.E-1);
#1848=CARTESIAN_POINT('',(-7.97E0,-1.37E0,-9.906735725746E0));
#1849=LINE('',#1848,#1847);
#1850=DIRECTION('',(1.E0,0.E0,0.E0));
#1851=VECTOR('',#1850,7.E-1);
#1852=CARTESIAN_POINT('',(-7.97E0,-1.193076923077E0,-1.E1));
#1853=LINE('',#1852,#1851);
#1854=DIRECTION('',(1.E0,0.E0,0.E0));
#1855=VECTOR('',#1854,7.E-1);
#1856=CARTESIAN_POINT('',(-7.97E0,-1.15E0,-7.473808456257E0));
#1857=LINE('',#1856,#1855);
#1858=DIRECTION('',(1.E0,0.E0,0.E0));
#1859=VECTOR('',#1858,7.E-1);
#1860=CARTESIAN_POINT('',(-7.97E0,-1.17E0,-7.386630477386E0));
#1861=LINE('',#1860,#1859);
#1862=CARTESIAN_POINT('',(6.672842712475E0,2.075E0,-2.E-1));
#1863=CARTESIAN_POINT('',(6.666069526764E0,2.075E0,-1.808425378142E-1));
#1864=CARTESIAN_POINT('',(6.647861185484E0,2.080526858979E0,
-1.417635458173E-1));
#1865=CARTESIAN_POINT('',(6.604529202405E0,2.106726692638E0,
-8.620925147655E-2));
#1866=CARTESIAN_POINT('',(6.546838207527E0,2.148894927433E0,
-4.063123908903E-2));
#1867=CARTESIAN_POINT('',(6.475957104575E0,2.204853850457E0,
-8.827937442896E-3));
#1868=CARTESIAN_POINT('',(6.419796214953E0,2.250671492366E0,0.E0));
#1869=CARTESIAN_POINT('',(6.39E0,2.275E0,0.E0));
#1871=DIRECTION('',(-1.E0,0.E0,0.E0));
#1872=VECTOR('',#1871,1.15E0);
#1873=CARTESIAN_POINT('',(8.195E0,2.075E0,-4.E-1));
#1874=LINE('',#1873,#1872);
#1875=DIRECTION('',(-9.563047559630E-1,0.E0,-2.923717047227E-1));
#1876=VECTOR('',#1875,3.397881912642E-1);
#1877=CARTESIAN_POINT('',(7.045E0,2.075E0,-4.E-1));
#1878=LINE('',#1877,#1876);
#1879=DIRECTION('',(3.583679495453E-1,0.E0,-9.335804264972E-1));
#1880=VECTOR('',#1879,5.362746830007E-1);
#1881=CARTESIAN_POINT('',(6.720058936674E0,2.075E0,-4.993444527246E-1));
#1882=LINE('',#1881,#1880);
#1883=DIRECTION('',(0.E0,0.E0,1.E0));
#1884=VECTOR('',#1883,7.E-1);
#1885=CARTESIAN_POINT('',(6.69E0,2.075E0,-1.E0));
#1886=LINE('',#1885,#1884);
#1887=DIRECTION('',(1.E0,0.E0,0.E0));
#1888=VECTOR('',#1887,1.894314575051E0);
#1889=CARTESIAN_POINT('',(6.672842712475E0,2.075E0,-2.E-1));
#1890=LINE('',#1889,#1888);
#1891=CARTESIAN_POINT('',(8.85E0,2.075E0,-3.E-1));
#1892=DIRECTION('',(0.E0,1.E0,0.E0));
#1893=DIRECTION('',(-1.E0,0.E0,0.E0));
#1894=AXIS2_PLACEMENT_3D('',#1891,#1892,#1893);
#1896=DIRECTION('',(3.583679495453E-1,0.E0,9.335804264972E-1));
#1897=VECTOR('',#1896,5.362746830007E-1);
#1898=CARTESIAN_POINT('',(8.327757404786E0,2.075E0,-1.E0));
#1899=LINE('',#1898,#1897);
#1900=DIRECTION('',(-9.563047559630E-1,0.E0,2.923717047227E-1));
#1901=VECTOR('',#1900,3.397881912642E-1);
#1902=CARTESIAN_POINT('',(8.519941063326E0,2.075E0,-4.993444527246E-1));
#1903=LINE('',#1902,#1901);
#1904=DIRECTION('',(-1.E0,0.E0,0.E0));
#1905=VECTOR('',#1904,1.15E0);
#1906=CARTESIAN_POINT('',(8.195E0,1.87E0,-4.E-1));
#1907=LINE('',#1906,#1905);
#1908=DIRECTION('',(0.E0,-1.E0,0.E0));
#1909=VECTOR('',#1908,2.05E-1);
#1910=CARTESIAN_POINT('',(8.195E0,2.075E0,-4.E-1));
#1911=LINE('',#1910,#1909);
#1912=DIRECTION('',(-3.583679495453E-1,0.E0,-9.335804264972E-1));
#1913=VECTOR('',#1912,5.990621276191E-1);
#1914=CARTESIAN_POINT('',(8.328213072384E0,1.87E0,-4.407273233991E-1));
#1915=LINE('',#1914,#1913);
#1916=DIRECTION('',(1.E0,0.E0,0.E0));
#1917=VECTOR('',#1916,9.870568121173E-1);
#1918=CARTESIAN_POINT('',(7.126471593941E0,1.87E0,-1.E0));
#1919=LINE('',#1918,#1917);
#1920=DIRECTION('',(-3.583679495453E-1,0.E0,9.335804264972E-1));
#1921=VECTOR('',#1920,5.990621276191E-1);
#1922=CARTESIAN_POINT('',(7.126471593941E0,1.87E0,-1.E0));
#1923=LINE('',#1922,#1921);
#1924=DIRECTION('',(-9.563047559630E-1,0.E0,-2.923717047227E-1));
#1925=VECTOR('',#1924,2.004883796162E-1);
#1926=CARTESIAN_POINT('',(6.911786927616E0,6.65E-1,-4.407273233991E-1));
#1927=LINE('',#1926,#1925);
#1928=DIRECTION('',(-3.583679495453E-1,0.E0,9.335804264972E-1));
#1929=VECTOR('',#1928,5.990621276191E-1);
#1930=CARTESIAN_POINT('',(7.126471593941E0,6.65E-1,-1.E0));
#1931=LINE('',#1930,#1929);
#1932=DIRECTION('',(-1.E0,0.E0,0.E0));
#1933=VECTOR('',#1932,9.870568121173E-1);
#1934=CARTESIAN_POINT('',(8.113528406059E0,6.65E-1,-1.E0));
#1935=LINE('',#1934,#1933);
#1936=DIRECTION('',(-3.583679495453E-1,0.E0,-9.335804264972E-1));
#1937=VECTOR('',#1936,5.990621276191E-1);
#1938=CARTESIAN_POINT('',(8.328213072384E0,6.65E-1,-4.407273233991E-1));
#1939=LINE('',#1938,#1937);
#1940=DIRECTION('',(-9.563047559630E-1,0.E0,2.923717047227E-1));
#1941=VECTOR('',#1940,2.004883796162E-1);
#1942=CARTESIAN_POINT('',(8.519941063326E0,6.65E-1,-4.993444527246E-1));
#1943=LINE('',#1942,#1941);
#1944=DIRECTION('',(-3.583679495453E-1,0.E0,-9.335804264972E-1));
#1945=VECTOR('',#1944,5.362746830007E-1);
#1946=CARTESIAN_POINT('',(8.519941063326E0,6.65E-1,-4.993444527246E-1));
#1947=LINE('',#1946,#1945);
#1948=DIRECTION('',(0.E0,0.E0,1.E0));
#1949=VECTOR('',#1948,7.E-1);
#1950=CARTESIAN_POINT('',(8.55E0,6.65E-1,-1.E0));
#1951=LINE('',#1950,#1949);
#1952=DIRECTION('',(-1.E0,0.E0,0.E0));
#1953=VECTOR('',#1952,2.128337520964E0);
#1954=CARTESIAN_POINT('',(8.684168760482E0,6.65E-1,-5.E-2));
#1955=LINE('',#1954,#1953);
#1956=CARTESIAN_POINT('',(6.39E0,6.65E-1,-3.E-1));
#1957=DIRECTION('',(0.E0,-1.E0,0.E0));
#1958=DIRECTION('',(1.E0,0.E0,0.E0));
#1959=AXIS2_PLACEMENT_3D('',#1956,#1957,#1958);
#1961=DIRECTION('',(3.583679495453E-1,0.E0,-9.335804264972E-1));
#1962=VECTOR('',#1961,5.362746830007E-1);
#1963=CARTESIAN_POINT('',(6.720058936674E0,6.65E-1,-4.993444527246E-1));
#1964=LINE('',#1963,#1962);
#1965=DIRECTION('',(-9.563047559630E-1,0.E0,-2.923717047227E-1));
#1966=VECTOR('',#1965,1.392998116480E-1);
#1967=CARTESIAN_POINT('',(7.045E0,1.87E0,-4.E-1));
#1968=LINE('',#1967,#1966);
#1969=DIRECTION('',(0.E0,1.E0,0.E0));
#1970=VECTOR('',#1969,1.205E0);
#1971=CARTESIAN_POINT('',(6.911786927616E0,6.65E-1,-4.407273233991E-1));
#1972=LINE('',#1971,#1970);
#1973=DIRECTION('',(0.E0,-1.E0,0.E0));
#1974=VECTOR('',#1973,2.05E-1);
#1975=CARTESIAN_POINT('',(7.045E0,2.075E0,-4.E-1));
#1976=LINE('',#1975,#1974);
#1977=DIRECTION('',(0.E0,-1.E0,0.E0));
#1978=VECTOR('',#1977,1.205E0);
#1979=CARTESIAN_POINT('',(7.126471593941E0,1.87E0,-1.E0));
#1980=LINE('',#1979,#1978);
#1981=DIRECTION('',(0.E0,-1.E0,0.E0));
#1982=VECTOR('',#1981,1.205E0);
#1983=CARTESIAN_POINT('',(8.113528406059E0,1.87E0,-1.E0));
#1984=LINE('',#1983,#1982);
#1985=DIRECTION('',(0.E0,-1.E0,0.E0));
#1986=VECTOR('',#1985,1.41E0);
#1987=CARTESIAN_POINT('',(6.720058936674E0,2.075E0,-4.993444527246E-1));
#1988=LINE('',#1987,#1986);
#1989=DIRECTION('',(0.E0,-1.E0,0.E0));
#1990=VECTOR('',#1989,1.41E0);
#1991=CARTESIAN_POINT('',(6.912242595214E0,2.075E0,-1.E0));
#1992=LINE('',#1991,#1990);
#1993=DIRECTION('',(1.E0,0.E0,0.E0));
#1994=VECTOR('',#1993,2.222425952140E-1);
#1995=CARTESIAN_POINT('',(6.69E0,6.65E-1,-1.E0));
#1996=LINE('',#1995,#1994);
#1997=DIRECTION('',(0.E0,-1.E0,0.E0));
#1998=VECTOR('',#1997,1.41E0);
#1999=CARTESIAN_POINT('',(6.69E0,2.075E0,-1.E0));
#2000=LINE('',#1999,#1998);
#2001=DIRECTION('',(-1.E0,0.E0,0.E0));
#2002=VECTOR('',#2001,2.222425952140E-1);
#2003=CARTESIAN_POINT('',(6.912242595214E0,2.075E0,-1.E0));
#2004=LINE('',#2003,#2002);
#2005=DIRECTION('',(0.E0,-1.E0,0.E0));
#2006=VECTOR('',#2005,1.41E0);
#2007=CARTESIAN_POINT('',(8.327757404786E0,2.075E0,-1.E0));
#2008=LINE('',#2007,#2006);
#2009=DIRECTION('',(-1.E0,0.E0,0.E0));
#2010=VECTOR('',#2009,2.222425952140E-1);
#2011=CARTESIAN_POINT('',(8.55E0,2.075E0,-1.E0));
#2012=LINE('',#2011,#2010);
#2013=DIRECTION('',(0.E0,1.E0,0.E0));
#2014=VECTOR('',#2013,1.41E0);
#2015=CARTESIAN_POINT('',(8.55E0,6.65E-1,-1.E0));
#2016=LINE('',#2015,#2014);
#2017=DIRECTION('',(1.E0,0.E0,0.E0));
#2018=VECTOR('',#2017,2.222425952140E-1);
#2019=CARTESIAN_POINT('',(8.327757404786E0,6.65E-1,-1.E0));
#2020=LINE('',#2019,#2018);
#2021=DIRECTION('',(0.E0,1.E0,0.E0));
#2022=VECTOR('',#2021,1.41E0);
#2023=CARTESIAN_POINT('',(6.912242595214E0,-2.075E0,-1.E0));
#2024=LINE('',#2023,#2022);
#2025=DIRECTION('',(-1.E0,0.E0,0.E0));
#2026=VECTOR('',#2025,2.222425952140E-1);
#2027=CARTESIAN_POINT('',(6.912242595214E0,-2.075E0,-1.E0));
#2028=LINE('',#2027,#2026);
#2029=DIRECTION('',(0.E0,1.E0,0.E0));
#2030=VECTOR('',#2029,1.41E0);
#2031=CARTESIAN_POINT('',(6.69E0,-2.075E0,-1.E0));
#2032=LINE('',#2031,#2030);
#2033=DIRECTION('',(1.E0,0.E0,0.E0));
#2034=VECTOR('',#2033,2.222425952140E-1);
#2035=CARTESIAN_POINT('',(6.69E0,-6.65E-1,-1.E0));
#2036=LINE('',#2035,#2034);
#2037=DIRECTION('',(0.E0,1.E0,0.E0));
#2038=VECTOR('',#2037,1.41E0);
#2039=CARTESIAN_POINT('',(8.327757404786E0,-2.075E0,-1.E0));
#2040=LINE('',#2039,#2038);
#2041=DIRECTION('',(1.E0,0.E0,0.E0));
#2042=VECTOR('',#2041,2.222425952140E-1);
#2043=CARTESIAN_POINT('',(8.327757404786E0,-6.65E-1,-1.E0));
#2044=LINE('',#2043,#2042);
#2045=DIRECTION('',(0.E0,-1.E0,0.E0));
#2046=VECTOR('',#2045,1.41E0);
#2047=CARTESIAN_POINT('',(8.55E0,-6.65E-1,-1.E0));
#2048=LINE('',#2047,#2046);
#2049=DIRECTION('',(-1.E0,0.E0,0.E0));
#2050=VECTOR('',#2049,2.222425952140E-1);
#2051=CARTESIAN_POINT('',(8.55E0,-2.075E0,-1.E0));
#2052=LINE('',#2051,#2050);
#2053=DIRECTION('',(0.E0,1.E0,0.E0));
#2054=VECTOR('',#2053,1.41E0);
#2055=CARTESIAN_POINT('',(6.69E0,6.65E-1,-3.E-1));
#2056=LINE('',#2055,#2054);
#2057=DIRECTION('',(0.E0,0.E0,1.E0));
#2058=VECTOR('',#2057,7.E-1);
#2059=CARTESIAN_POINT('',(6.69E0,6.65E-1,-1.E0));
#2060=LINE('',#2059,#2058);
#2061=CARTESIAN_POINT('',(6.555831239518E0,6.65E-1,-5.E-2));
#2062=CARTESIAN_POINT('',(6.547841312384E0,6.65E-1,-4.470008191893E-2));
#2063=CARTESIAN_POINT('',(6.530674132050E0,6.633251652666E-1,
-3.441706158601E-2));
#2064=CARTESIAN_POINT('',(6.501296711749E0,6.564844863359E-1,
-2.073096314946E-2));
#2065=CARTESIAN_POINT('',(6.468149351848E0,6.457967195929E-1,
-9.610885533876E-3));
#2066=CARTESIAN_POINT('',(6.431509554720E0,6.319274606962E-1,
-2.032976800387E-3));
#2067=CARTESIAN_POINT('',(6.404255542562E0,6.208198008805E-1,0.E0));
#2068=CARTESIAN_POINT('',(6.39E0,6.15E-1,0.E0));
#2070=CARTESIAN_POINT('',(6.39E0,2.075E0,-3.E-1));
#2071=DIRECTION('',(0.E0,1.E0,0.E0));
#2072=DIRECTION('',(9.428090415821E-1,0.E0,3.333333333333E-1));
#2073=AXIS2_PLACEMENT_3D('',#2070,#2071,#2072);
#2075=CARTESIAN_POINT('',(8.684168760482E0,6.65E-1,-5.E-2));
#2076=CARTESIAN_POINT('',(8.692121628956E0,6.65E-1,-4.472466385281E-2));
#2077=CARTESIAN_POINT('',(8.709336642562E0,6.633259887444E-1,
-3.440934463103E-2));
#2078=CARTESIAN_POINT('',(8.738691324995E0,6.564866652553E-1,
-2.073685494802E-2));
#2079=CARTESIAN_POINT('',(8.771845074709E0,6.457991336214E-1,
-9.611963872778E-3));
#2080=CARTESIAN_POINT('',(8.808483852424E0,6.319300028471E-1,
-2.033706004324E-3));
#2081=CARTESIAN_POINT('',(8.835745927075E0,6.208192009037E-1,0.E0));
#2082=CARTESIAN_POINT('',(8.85E0,6.15E-1,0.E0));
#2084=CARTESIAN_POINT('',(8.85E0,6.65E-1,-3.E-1));
#2085=DIRECTION('',(0.E0,-1.E0,0.E0));
#2086=DIRECTION('',(-5.527707983926E-1,0.E0,8.333333333333E-1));
#2087=AXIS2_PLACEMENT_3D('',#2084,#2085,#2086);
#2089=CARTESIAN_POINT('',(8.567157287525E0,2.075E0,-2.E-1));
#2090=CARTESIAN_POINT('',(8.573982937939E0,2.075E0,-1.806941452261E-1));
#2091=CARTESIAN_POINT('',(8.592116425029E0,2.080527587901E0,
-1.418284926516E-1));
#2092=CARTESIAN_POINT('',(8.635480984163E0,2.106729272741E0,
-8.618750521475E-2));
#2093=CARTESIAN_POINT('',(8.693162603126E0,2.148896856032E0,
-4.063410943036E-2));
#2094=CARTESIAN_POINT('',(8.764049746646E0,2.204859033425E0,
-8.826003035207E-3));
#2095=CARTESIAN_POINT('',(8.820196204182E0,2.250665302616E0,0.E0));
#2096=CARTESIAN_POINT('',(8.85E0,2.275E0,0.E0));
#2098=DIRECTION('',(0.E0,-1.E0,0.E0));
#2099=VECTOR('',#2098,1.41E0);
#2100=CARTESIAN_POINT('',(8.55E0,2.075E0,-3.E-1));
#2101=LINE('',#2100,#2099);
#2102=DIRECTION('',(0.E0,0.E0,1.E0));
#2103=VECTOR('',#2102,7.E-1);
#2104=CARTESIAN_POINT('',(8.55E0,2.075E0,-1.E0));
#2105=LINE('',#2104,#2103);
#2106=DIRECTION('',(9.563047559630E-1,0.E0,-2.923717047227E-1));
#2107=VECTOR('',#2106,1.392998116480E-1);
#2108=CARTESIAN_POINT('',(8.195E0,1.87E0,-4.E-1));
#2109=LINE('',#2108,#2107);
#2110=DIRECTION('',(0.E0,-1.E0,0.E0));
#2111=VECTOR('',#2110,1.41E0);
#2112=CARTESIAN_POINT('',(8.519941063326E0,2.075E0,-4.993444527246E-1));
#2113=LINE('',#2112,#2111);
#2114=DIRECTION('',(0.E0,1.E0,0.E0));
#2115=VECTOR('',#2114,1.205E0);
#2116=CARTESIAN_POINT('',(8.328213072384E0,6.65E-1,-4.407273233991E-1));
#2117=LINE('',#2116,#2115);
#2118=DIRECTION('',(0.E0,1.E0,0.E0));
#2119=VECTOR('',#2118,1.41E0);
#2120=CARTESIAN_POINT('',(6.720058936674E0,-2.075E0,-4.993444527246E-1));
#2121=LINE('',#2120,#2119);
#2122=DIRECTION('',(-9.563047559630E-1,0.E0,-2.923717047227E-1));
#2123=VECTOR('',#2122,1.392998116480E-1);
#2124=CARTESIAN_POINT('',(7.045E0,-1.87E0,-4.E-1));
#2125=LINE('',#2124,#2123);
#2126=DIRECTION('',(0.E0,1.E0,0.E0));
#2127=VECTOR('',#2126,2.05E-1);
#2128=CARTESIAN_POINT('',(7.045E0,-2.075E0,-4.E-1));
#2129=LINE('',#2128,#2127);
#2130=DIRECTION('',(0.E0,-1.E0,0.E0));
#2131=VECTOR('',#2130,1.205E0);
#2132=CARTESIAN_POINT('',(6.911786927616E0,-6.65E-1,-4.407273233991E-1));
#2133=LINE('',#2132,#2131);
#2134=DIRECTION('',(-3.583679495453E-1,0.E0,-9.335804264972E-1));
#2135=VECTOR('',#2134,5.990621276191E-1);
#2136=CARTESIAN_POINT('',(8.328213072384E0,-1.87E0,-4.407273233991E-1));
#2137=LINE('',#2136,#2135);
#2138=DIRECTION('',(-3.583679495453E-1,0.E0,9.335804264972E-1));
#2139=VECTOR('',#2138,5.990621276191E-1);
#2140=CARTESIAN_POINT('',(7.126471593941E0,-1.87E0,-1.E0));
#2141=LINE('',#2140,#2139);
#2142=DIRECTION('',(-1.E0,0.E0,0.E0));
#2143=VECTOR('',#2142,9.870568121173E-1);
#2144=CARTESIAN_POINT('',(8.113528406059E0,-1.87E0,-1.E0));
#2145=LINE('',#2144,#2143);
#2146=DIRECTION('',(-9.563047559630E-1,0.E0,2.923717047227E-1));
#2147=VECTOR('',#2146,2.004883796162E-1);
#2148=CARTESIAN_POINT('',(8.519941063326E0,-6.65E-1,-4.993444527246E-1));
#2149=LINE('',#2148,#2147);
#2150=DIRECTION('',(-3.583679495453E-1,0.E0,-9.335804264972E-1));
#2151=VECTOR('',#2150,5.990621276191E-1);
#2152=CARTESIAN_POINT('',(8.328213072384E0,-6.65E-1,-4.407273233991E-1));
#2153=LINE('',#2152,#2151);
#2154=DIRECTION('',(-1.E0,0.E0,0.E0));
#2155=VECTOR('',#2154,9.870568121173E-1);
#2156=CARTESIAN_POINT('',(8.113528406059E0,-6.65E-1,-1.E0));
#2157=LINE('',#2156,#2155);
#2158=DIRECTION('',(-3.583679495453E-1,0.E0,9.335804264972E-1));
#2159=VECTOR('',#2158,5.990621276191E-1);
#2160=CARTESIAN_POINT('',(7.126471593941E0,-6.65E-1,-1.E0));
#2161=LINE('',#2160,#2159);
#2162=DIRECTION('',(-9.563047559630E-1,0.E0,-2.923717047227E-1));
#2163=VECTOR('',#2162,2.004883796162E-1);
#2164=CARTESIAN_POINT('',(6.911786927616E0,-6.65E-1,-4.407273233991E-1));
#2165=LINE('',#2164,#2163);
#2166=DIRECTION('',(3.583679495453E-1,0.E0,-9.335804264972E-1));
#2167=VECTOR('',#2166,5.362746830007E-1);
#2168=CARTESIAN_POINT('',(6.720058936674E0,-6.65E-1,-4.993444527246E-1));
#2169=LINE('',#2168,#2167);
#2170=DIRECTION('',(0.E0,0.E0,-1.E0));
#2171=VECTOR('',#2170,7.E-1);
#2172=CARTESIAN_POINT('',(6.69E0,-6.65E-1,-3.E-1));
#2173=LINE('',#2172,#2171);
#2174=DIRECTION('',(1.E0,0.E0,0.E0));
#2175=VECTOR('',#2174,2.128337520964E0);
#2176=CARTESIAN_POINT('',(6.555831239518E0,-6.65E-1,-5.E-2));
#2177=LINE('',#2176,#2175);
#2178=CARTESIAN_POINT('',(8.85E0,-6.65E-1,-3.E-1));
#2179=DIRECTION('',(0.E0,1.E0,0.E0));
#2180=DIRECTION('',(-1.E0,0.E0,0.E0));
#2181=AXIS2_PLACEMENT_3D('',#2178,#2179,#2180);
#2183=DIRECTION('',(3.583679495453E-1,0.E0,9.335804264972E-1));
#2184=VECTOR('',#2183,5.362746830007E-1);
#2185=CARTESIAN_POINT('',(8.327757404786E0,-6.65E-1,-1.E0));
#2186=LINE('',#2185,#2184);
#2187=DIRECTION('',(9.563047559630E-1,0.E0,-2.923717047227E-1));
#2188=VECTOR('',#2187,1.392998116480E-1);
#2189=CARTESIAN_POINT('',(8.195E0,-1.87E0,-4.E-1));
#2190=LINE('',#2189,#2188);
#2191=DIRECTION('',(0.E0,-1.E0,0.E0));
#2192=VECTOR('',#2191,1.205E0);
#2193=CARTESIAN_POINT('',(8.328213072384E0,-6.65E-1,-4.407273233991E-1));
#2194=LINE('',#2193,#2192);
#2195=DIRECTION('',(0.E0,1.E0,0.E0));
#2196=VECTOR('',#2195,1.41E0);
#2197=CARTESIAN_POINT('',(8.519941063326E0,-2.075E0,-4.993444527246E-1));
#2198=LINE('',#2197,#2196);
#2199=DIRECTION('',(-1.E0,0.E0,0.E0));
#2200=VECTOR('',#2199,1.15E0);
#2201=CARTESIAN_POINT('',(8.195E0,-2.075E0,-4.E-1));
#2202=LINE('',#2201,#2200);
#2203=DIRECTION('',(-9.563047559630E-1,0.E0,2.923717047227E-1));
#2204=VECTOR('',#2203,3.397881912642E-1);
#2205=CARTESIAN_POINT('',(8.519941063326E0,-2.075E0,-4.993444527246E-1));
#2206=LINE('',#2205,#2204);
#2207=DIRECTION('',(3.583679495453E-1,0.E0,9.335804264972E-1));
#2208=VECTOR('',#2207,5.362746830007E-1);
#2209=CARTESIAN_POINT('',(8.327757404786E0,-2.075E0,-1.E0));
#2210=LINE('',#2209,#2208);
#2211=DIRECTION('',(0.E0,0.E0,-1.E0));
#2212=VECTOR('',#2211,7.E-1);
#2213=CARTESIAN_POINT('',(8.55E0,-2.075E0,-3.E-1));
#2214=LINE('',#2213,#2212);
#2215=DIRECTION('',(-1.E0,0.E0,0.E0));
#2216=VECTOR('',#2215,1.894314575051E0);
#2217=CARTESIAN_POINT('',(8.567157287525E0,-2.075E0,-2.E-1));
#2218=LINE('',#2217,#2216);
#2219=CARTESIAN_POINT('',(6.39E0,-2.075E0,-3.E-1));
#2220=DIRECTION('',(0.E0,-1.E0,0.E0));
#2221=DIRECTION('',(1.E0,0.E0,0.E0));
#2222=AXIS2_PLACEMENT_3D('',#2219,#2220,#2221);
#2224=DIRECTION('',(3.583679495453E-1,0.E0,-9.335804264972E-1));
#2225=VECTOR('',#2224,5.362746830007E-1);
#2226=CARTESIAN_POINT('',(6.720058936674E0,-2.075E0,-4.993444527246E-1));
#2227=LINE('',#2226,#2225);
#2228=DIRECTION('',(-9.563047559630E-1,0.E0,-2.923717047227E-1));
#2229=VECTOR('',#2228,3.397881912642E-1);
#2230=CARTESIAN_POINT('',(7.045E0,-2.075E0,-4.E-1));
#2231=LINE('',#2230,#2229);
#2232=DIRECTION('',(-1.E0,0.E0,0.E0));
#2233=VECTOR('',#2232,1.15E0);
#2234=CARTESIAN_POINT('',(8.195E0,-1.87E0,-4.E-1));
#2235=LINE('',#2234,#2233);
#2236=DIRECTION('',(0.E0,1.E0,0.E0));
#2237=VECTOR('',#2236,2.05E-1);
#2238=CARTESIAN_POINT('',(8.195E0,-2.075E0,-4.E-1));
#2239=LINE('',#2238,#2237);
#2240=DIRECTION('',(0.E0,-1.E0,0.E0));
#2241=VECTOR('',#2240,1.41E0);
#2242=CARTESIAN_POINT('',(8.55E0,-6.65E-1,-3.E-1));
#2243=LINE('',#2242,#2241);
#2244=DIRECTION('',(0.E0,0.E0,-1.E0));
#2245=VECTOR('',#2244,7.E-1);
#2246=CARTESIAN_POINT('',(8.55E0,-6.65E-1,-3.E-1));
#2247=LINE('',#2246,#2245);
#2248=CARTESIAN_POINT('',(8.684168760482E0,-6.65E-1,-5.E-2));
#2249=CARTESIAN_POINT('',(8.692158687616E0,-6.65E-1,-4.470008191893E-2));
#2250=CARTESIAN_POINT('',(8.709325867950E0,-6.633251652666E-1,
-3.441706158601E-2));
#2251=CARTESIAN_POINT('',(8.738703288251E0,-6.564844863359E-1,
-2.073096314946E-2));
#2252=CARTESIAN_POINT('',(8.771850648152E0,-6.457967195929E-1,
-9.610885533874E-3));
#2253=CARTESIAN_POINT('',(8.808490445280E0,-6.319274606962E-1,
-2.032976800388E-3));
#2254=CARTESIAN_POINT('',(8.835744457438E0,-6.208198008805E-1,0.E0));
#2255=CARTESIAN_POINT('',(8.85E0,-6.15E-1,0.E0));
#2257=CARTESIAN_POINT('',(8.85E0,-2.075E0,-3.E-1));
#2258=DIRECTION('',(0.E0,-1.E0,0.E0));
#2259=DIRECTION('',(-9.428090415821E-1,0.E0,3.333333333333E-1));
#2260=AXIS2_PLACEMENT_3D('',#2257,#2258,#2259);
#2262=CARTESIAN_POINT('',(6.555831239518E0,-6.65E-1,-5.E-2));
#2263=CARTESIAN_POINT('',(6.547878371044E0,-6.65E-1,-4.472466385281E-2));
#2264=CARTESIAN_POINT('',(6.530663357438E0,-6.633259887444E-1,
-3.440934463103E-2));
#2265=CARTESIAN_POINT('',(6.501308675005E0,-6.564866652553E-1,
-2.073685494803E-2));
#2266=CARTESIAN_POINT('',(6.468154925291E0,-6.457991336214E-1,
-9.611963872781E-3));
#2267=CARTESIAN_POINT('',(6.431516147576E0,-6.319300028471E-1,
-2.033706004325E-3));
#2268=CARTESIAN_POINT('',(6.404254072925E0,-6.208192009037E-1,0.E0));
#2269=CARTESIAN_POINT('',(6.39E0,-6.15E-1,0.E0));
#2271=CARTESIAN_POINT('',(6.672842712475E0,-2.075E0,-2.E-1));
#2272=CARTESIAN_POINT('',(6.666017062062E0,-2.075E0,-1.806941452296E-1));
#2273=CARTESIAN_POINT('',(6.647883574975E0,-2.080527587899E0,
-1.418284926590E-1));
#2274=CARTESIAN_POINT('',(6.604519015840E0,-2.106729272739E0,
-8.618750521725E-2));
#2275=CARTESIAN_POINT('',(6.546837396877E0,-2.148896856031E0,
-4.063410943159E-2));
#2276=CARTESIAN_POINT('',(6.475950253354E0,-2.204859033425E0,
-8.826003035181E-3));
#2277=CARTESIAN_POINT('',(6.419803795819E0,-2.250665302615E0,0.E0));
#2278=CARTESIAN_POINT('',(6.39E0,-2.275E0,0.E0));
#2280=CARTESIAN_POINT('',(6.39E0,-6.65E-1,-3.E-1));
#2281=DIRECTION('',(0.E0,1.E0,0.E0));
#2282=DIRECTION('',(5.527707983926E-1,0.E0,8.333333333333E-1));
#2283=AXIS2_PLACEMENT_3D('',#2280,#2281,#2282);
#2285=DIRECTION('',(0.E0,1.E0,0.E0));
#2286=VECTOR('',#2285,1.41E0);
#2287=CARTESIAN_POINT('',(6.69E0,-2.075E0,-3.E-1));
#2288=LINE('',#2287,#2286);
#2289=DIRECTION('',(0.E0,0.E0,-1.E0));
#2290=VECTOR('',#2289,7.E-1);
#2291=CARTESIAN_POINT('',(6.69E0,-2.075E0,-3.E-1));
#2292=LINE('',#2291,#2290);
#2293=CARTESIAN_POINT('',(8.567157287525E0,-2.075E0,-2.E-1));
#2294=CARTESIAN_POINT('',(8.573930473238E0,-2.075E0,-1.808425378101E-1));
#2295=CARTESIAN_POINT('',(8.592138814521E0,-2.080526858981E0,
-1.417635458084E-1));
#2296=CARTESIAN_POINT('',(8.635470797599E0,-2.106726692641E0,
-8.620925147267E-2));
#2297=CARTESIAN_POINT('',(8.693161792477E0,-2.148894927435E0,
-4.063123908698E-2));
#2298=CARTESIAN_POINT('',(8.764042895426E0,-2.204853850458E0,
-8.827937442740E-3));
#2299=CARTESIAN_POINT('',(8.820203785048E0,-2.250671492367E0,0.E0));
#2300=CARTESIAN_POINT('',(8.85E0,-2.275E0,0.E0));
#2302=DIRECTION('',(0.E0,-1.E0,0.E0));
#2303=VECTOR('',#2302,1.205E0);
#2304=CARTESIAN_POINT('',(8.113528406059E0,-6.65E-1,-1.E0));
#2305=LINE('',#2304,#2303);
#2306=DIRECTION('',(0.E0,-1.E0,0.E0));
#2307=VECTOR('',#2306,1.205E0);
#2308=CARTESIAN_POINT('',(7.126471593941E0,-6.65E-1,-1.E0));
#2309=LINE('',#2308,#2307);
#2310=CARTESIAN_POINT('',(4.132842712475E0,2.075E0,-2.E-1));
#2311=CARTESIAN_POINT('',(4.126069526758E0,2.075E0,-1.808425377982E-1));
#2312=CARTESIAN_POINT('',(4.107861185463E0,2.080526858989E0,
-1.417635457827E-1));
#2313=CARTESIAN_POINT('',(4.064529202388E0,2.106726692650E0,
-8.620925146153E-2));
#2314=CARTESIAN_POINT('',(4.006838207513E0,2.148894927443E0,
-4.063123908113E-2));
#2315=CARTESIAN_POINT('',(3.935957104570E0,2.204853850461E0,
-8.827937442279E-3));
#2316=CARTESIAN_POINT('',(3.879796214951E0,2.250671492368E0,0.E0));
#2317=CARTESIAN_POINT('',(3.85E0,2.275E0,0.E0));
#2319=DIRECTION('',(-1.E0,0.E0,0.E0));
#2320=VECTOR('',#2319,1.15E0);
#2321=CARTESIAN_POINT('',(5.655E0,2.075E0,-4.E-1));
#2322=LINE('',#2321,#2320);
#2323=DIRECTION('',(-9.563047559630E-1,0.E0,-2.923717047227E-1));
#2324=VECTOR('',#2323,3.397881912642E-1);
#2325=CARTESIAN_POINT('',(4.505E0,2.075E0,-4.E-1));
#2326=LINE('',#2325,#2324);
#2327=DIRECTION('',(3.583679495453E-1,0.E0,-9.335804264972E-1));
#2328=VECTOR('',#2327,5.362746830007E-1);
#2329=CARTESIAN_POINT('',(4.180058936674E0,2.075E0,-4.993444527246E-1));
#2330=LINE('',#2329,#2328);
#2331=DIRECTION('',(0.E0,0.E0,1.E0));
#2332=VECTOR('',#2331,7.E-1);
#2333=CARTESIAN_POINT('',(4.15E0,2.075E0,-1.E0));
#2334=LINE('',#2333,#2332);
#2335=DIRECTION('',(1.E0,0.E0,0.E0));
#2336=VECTOR('',#2335,1.894314575051E0);
#2337=CARTESIAN_POINT('',(4.132842712475E0,2.075E0,-2.E-1));
#2338=LINE('',#2337,#2336);
#2339=CARTESIAN_POINT('',(6.31E0,2.075E0,-3.E-1));
#2340=DIRECTION('',(0.E0,1.E0,0.E0));
#2341=DIRECTION('',(-1.E0,0.E0,0.E0));
#2342=AXIS2_PLACEMENT_3D('',#2339,#2340,#2341);
#2344=DIRECTION('',(3.583679495453E-1,0.E0,9.335804264972E-1));
#2345=VECTOR('',#2344,5.362746830007E-1);
#2346=CARTESIAN_POINT('',(5.787757404786E0,2.075E0,-1.E0));
#2347=LINE('',#2346,#2345);
#2348=DIRECTION('',(-9.563047559630E-1,0.E0,2.923717047227E-1));
#2349=VECTOR('',#2348,3.397881912642E-1);
#2350=CARTESIAN_POINT('',(5.979941063326E0,2.075E0,-4.993444527246E-1));
#2351=LINE('',#2350,#2349);
#2352=DIRECTION('',(-1.E0,0.E0,0.E0));
#2353=VECTOR('',#2352,1.15E0);
#2354=CARTESIAN_POINT('',(5.655E0,1.87E0,-4.E-1));
#2355=LINE('',#2354,#2353);
#2356=DIRECTION('',(0.E0,-1.E0,0.E0));
#2357=VECTOR('',#2356,2.05E-1);
#2358=CARTESIAN_POINT('',(5.655E0,2.075E0,-4.E-1));
#2359=LINE('',#2358,#2357);
#2360=DIRECTION('',(-3.583679495453E-1,0.E0,-9.335804264972E-1));
#2361=VECTOR('',#2360,5.990621276191E-1);
#2362=CARTESIAN_POINT('',(5.788213072384E0,1.87E0,-4.407273233991E-1));
#2363=LINE('',#2362,#2361);
#2364=DIRECTION('',(1.E0,0.E0,0.E0));
#2365=VECTOR('',#2364,9.870568121172E-1);
#2366=CARTESIAN_POINT('',(4.586471593941E0,1.87E0,-1.E0));
#2367=LINE('',#2366,#2365);
#2368=DIRECTION('',(-3.583679495453E-1,0.E0,9.335804264972E-1));
#2369=VECTOR('',#2368,5.990621276191E-1);
#2370=CARTESIAN_POINT('',(4.586471593941E0,1.87E0,-1.E0));
#2371=LINE('',#2370,#2369);
#2372=DIRECTION('',(-9.563047559630E-1,0.E0,-2.923717047227E-1));
#2373=VECTOR('',#2372,2.004883796162E-1);
#2374=CARTESIAN_POINT('',(4.371786927616E0,6.65E-1,-4.407273233991E-1));
#2375=LINE('',#2374,#2373);
#2376=DIRECTION('',(-3.583679495453E-1,0.E0,9.335804264972E-1));
#2377=VECTOR('',#2376,5.990621276191E-1);
#2378=CARTESIAN_POINT('',(4.586471593941E0,6.65E-1,-1.E0));
#2379=LINE('',#2378,#2377);
#2380=DIRECTION('',(-1.E0,0.E0,0.E0));
#2381=VECTOR('',#2380,9.870568121172E-1);
#2382=CARTESIAN_POINT('',(5.573528406059E0,6.65E-1,-1.E0));
#2383=LINE('',#2382,#2381);
#2384=DIRECTION('',(-3.583679495453E-1,0.E0,-9.335804264972E-1));
#2385=VECTOR('',#2384,5.990621276191E-1);
#2386=CARTESIAN_POINT('',(5.788213072384E0,6.65E-1,-4.407273233991E-1));
#2387=LINE('',#2386,#2385);
#2388=DIRECTION('',(-9.563047559630E-1,0.E0,2.923717047227E-1));
#2389=VECTOR('',#2388,2.004883796162E-1);
#2390=CARTESIAN_POINT('',(5.979941063326E0,6.65E-1,-4.993444527246E-1));
#2391=LINE('',#2390,#2389);
#2392=DIRECTION('',(3.583679495453E-1,0.E0,9.335804264972E-1));
#2393=VECTOR('',#2392,5.362746830007E-1);
#2394=CARTESIAN_POINT('',(5.787757404786E0,6.65E-1,-1.E0));
#2395=LINE('',#2394,#2393);
#2396=DIRECTION('',(0.E0,0.E0,1.E0));
#2397=VECTOR('',#2396,7.E-1);
#2398=CARTESIAN_POINT('',(6.01E0,6.65E-1,-1.E0));
#2399=LINE('',#2398,#2397);
#2400=DIRECTION('',(-1.E0,0.E0,0.E0));
#2401=VECTOR('',#2400,2.128337520964E0);
#2402=CARTESIAN_POINT('',(6.144168760482E0,6.65E-1,-5.E-2));
#2403=LINE('',#2402,#2401);
#2404=CARTESIAN_POINT('',(3.85E0,6.65E-1,-3.E-1));
#2405=DIRECTION('',(0.E0,-1.E0,0.E0));
#2406=DIRECTION('',(1.E0,0.E0,0.E0));
#2407=AXIS2_PLACEMENT_3D('',#2404,#2405,#2406);
#2409=DIRECTION('',(3.583679495453E-1,0.E0,-9.335804264972E-1));
#2410=VECTOR('',#2409,5.362746830007E-1);
#2411=CARTESIAN_POINT('',(4.180058936674E0,6.65E-1,-4.993444527246E-1));
#2412=LINE('',#2411,#2410);
#2413=DIRECTION('',(-9.563047559630E-1,0.E0,-2.923717047227E-1));
#2414=VECTOR('',#2413,1.392998116480E-1);
#2415=CARTESIAN_POINT('',(4.505E0,1.87E0,-4.E-1));
#2416=LINE('',#2415,#2414);
#2417=DIRECTION('',(0.E0,1.E0,0.E0));
#2418=VECTOR('',#2417,1.205E0);
#2419=CARTESIAN_POINT('',(4.371786927616E0,6.65E-1,-4.407273233991E-1));
#2420=LINE('',#2419,#2418);
#2421=DIRECTION('',(0.E0,-1.E0,0.E0));
#2422=VECTOR('',#2421,2.05E-1);
#2423=CARTESIAN_POINT('',(4.505E0,2.075E0,-4.E-1));
#2424=LINE('',#2423,#2422);
#2425=DIRECTION('',(0.E0,-1.E0,0.E0));
#2426=VECTOR('',#2425,1.205E0);
#2427=CARTESIAN_POINT('',(4.586471593941E0,1.87E0,-1.E0));
#2428=LINE('',#2427,#2426);
#2429=DIRECTION('',(0.E0,-1.E0,0.E0));
#2430=VECTOR('',#2429,1.205E0);
#2431=CARTESIAN_POINT('',(5.573528406059E0,1.87E0,-1.E0));
#2432=LINE('',#2431,#2430);
#2433=DIRECTION('',(0.E0,-1.E0,0.E0));
#2434=VECTOR('',#2433,1.41E0);
#2435=CARTESIAN_POINT('',(4.180058936674E0,2.075E0,-4.993444527246E-1));
#2436=LINE('',#2435,#2434);
#2437=DIRECTION('',(0.E0,-1.E0,0.E0));
#2438=VECTOR('',#2437,1.41E0);
#2439=CARTESIAN_POINT('',(4.372242595214E0,2.075E0,-1.E0));
#2440=LINE('',#2439,#2438);
#2441=DIRECTION('',(1.E0,0.E0,0.E0));
#2442=VECTOR('',#2441,2.222425952140E-1);
#2443=CARTESIAN_POINT('',(4.15E0,6.65E-1,-1.E0));
#2444=LINE('',#2443,#2442);
#2445=DIRECTION('',(0.E0,-1.E0,0.E0));
#2446=VECTOR('',#2445,1.41E0);
#2447=CARTESIAN_POINT('',(4.15E0,2.075E0,-1.E0));
#2448=LINE('',#2447,#2446);
#2449=DIRECTION('',(-1.E0,0.E0,0.E0));
#2450=VECTOR('',#2449,2.222425952140E-1);
#2451=CARTESIAN_POINT('',(4.372242595214E0,2.075E0,-1.E0));
#2452=LINE('',#2451,#2450);
#2453=DIRECTION('',(0.E0,-1.E0,0.E0));
#2454=VECTOR('',#2453,1.41E0);
#2455=CARTESIAN_POINT('',(5.787757404786E0,2.075E0,-1.E0));
#2456=LINE('',#2455,#2454);
#2457=DIRECTION('',(-1.E0,0.E0,0.E0));
#2458=VECTOR('',#2457,2.222425952140E-1);
#2459=CARTESIAN_POINT('',(6.01E0,2.075E0,-1.E0));
#2460=LINE('',#2459,#2458);
#2461=DIRECTION('',(0.E0,1.E0,0.E0));
#2462=VECTOR('',#2461,1.41E0);
#2463=CARTESIAN_POINT('',(6.01E0,6.65E-1,-1.E0));
#2464=LINE('',#2463,#2462);
#2465=DIRECTION('',(1.E0,0.E0,0.E0));
#2466=VECTOR('',#2465,2.222425952140E-1);
#2467=CARTESIAN_POINT('',(5.787757404786E0,6.65E-1,-1.E0));
#2468=LINE('',#2467,#2466);
#2469=DIRECTION('',(0.E0,1.E0,0.E0));
#2470=VECTOR('',#2469,1.41E0);
#2471=CARTESIAN_POINT('',(4.372242595214E0,-2.075E0,-1.E0));
#2472=LINE('',#2471,#2470);
#2473=DIRECTION('',(-1.E0,0.E0,0.E0));
#2474=VECTOR('',#2473,2.222425952140E-1);
#2475=CARTESIAN_POINT('',(4.372242595214E0,-2.075E0,-1.E0));
#2476=LINE('',#2475,#2474);
#2477=DIRECTION('',(0.E0,1.E0,0.E0));
#2478=VECTOR('',#2477,1.41E0);
#2479=CARTESIAN_POINT('',(4.15E0,-2.075E0,-1.E0));
#2480=LINE('',#2479,#2478);
#2481=DIRECTION('',(1.E0,0.E0,0.E0));
#2482=VECTOR('',#2481,2.222425952140E-1);
#2483=CARTESIAN_POINT('',(4.15E0,-6.65E-1,-1.E0));
#2484=LINE('',#2483,#2482);
#2485=DIRECTION('',(0.E0,1.E0,0.E0));
#2486=VECTOR('',#2485,1.41E0);
#2487=CARTESIAN_POINT('',(5.787757404786E0,-2.075E0,-1.E0));
#2488=LINE('',#2487,#2486);
#2489=DIRECTION('',(1.E0,0.E0,0.E0));
#2490=VECTOR('',#2489,2.222425952140E-1);
#2491=CARTESIAN_POINT('',(5.787757404786E0,-6.65E-1,-1.E0));
#2492=LINE('',#2491,#2490);
#2493=DIRECTION('',(0.E0,-1.E0,0.E0));
#2494=VECTOR('',#2493,1.41E0);
#2495=CARTESIAN_POINT('',(6.01E0,-6.65E-1,-1.E0));
#2496=LINE('',#2495,#2494);
#2497=DIRECTION('',(-1.E0,0.E0,0.E0));
#2498=VECTOR('',#2497,2.222425952140E-1);
#2499=CARTESIAN_POINT('',(6.01E0,-2.075E0,-1.E0));
#2500=LINE('',#2499,#2498);
#2501=DIRECTION('',(0.E0,1.E0,0.E0));
#2502=VECTOR('',#2501,1.41E0);
#2503=CARTESIAN_POINT('',(4.15E0,6.65E-1,-3.E-1));
#2504=LINE('',#2503,#2502);
#2505=DIRECTION('',(0.E0,0.E0,1.E0));
#2506=VECTOR('',#2505,7.E-1);
#2507=CARTESIAN_POINT('',(4.15E0,6.65E-1,-1.E0));
#2508=LINE('',#2507,#2506);
#2509=CARTESIAN_POINT('',(4.015831239518E0,6.65E-1,-5.E-2));
#2510=CARTESIAN_POINT('',(4.007841312384E0,6.65E-1,-4.470008191893E-2));
#2511=CARTESIAN_POINT('',(3.990674132050E0,6.633251652666E-1,
-3.441706158601E-2));
#2512=CARTESIAN_POINT('',(3.961296711749E0,6.564844863359E-1,
-2.073096314946E-2));
#2513=CARTESIAN_POINT('',(3.928149351848E0,6.457967195929E-1,
-9.610885533876E-3));
#2514=CARTESIAN_POINT('',(3.891509554720E0,6.319274606962E-1,
-2.032976800387E-3));
#2515=CARTESIAN_POINT('',(3.864255542562E0,6.208198008805E-1,0.E0));
#2516=CARTESIAN_POINT('',(3.85E0,6.15E-1,0.E0));
#2518=CARTESIAN_POINT('',(3.85E0,2.075E0,-3.E-1));
#2519=DIRECTION('',(0.E0,1.E0,0.E0));
#2520=DIRECTION('',(9.428090415821E-1,0.E0,3.333333333333E-1));
#2521=AXIS2_PLACEMENT_3D('',#2518,#2519,#2520);
#2523=CARTESIAN_POINT('',(6.144168760482E0,6.65E-1,-5.E-2));
#2524=CARTESIAN_POINT('',(6.152121628956E0,6.65E-1,-4.472466385281E-2));
#2525=CARTESIAN_POINT('',(6.169336642562E0,6.633259887444E-1,
-3.440934463103E-2));
#2526=CARTESIAN_POINT('',(6.198691324995E0,6.564866652553E-1,
-2.073685494802E-2));
#2527=CARTESIAN_POINT('',(6.231845074709E0,6.457991336214E-1,
-9.611963872776E-3));
#2528=CARTESIAN_POINT('',(6.268483852424E0,6.319300028471E-1,
-2.033706004323E-3));
#2529=CARTESIAN_POINT('',(6.295745927075E0,6.208192009037E-1,0.E0));
#2530=CARTESIAN_POINT('',(6.31E0,6.15E-1,0.E0));
#2532=CARTESIAN_POINT('',(6.31E0,6.65E-1,-3.E-1));
#2533=DIRECTION('',(0.E0,-1.E0,0.E0));
#2534=DIRECTION('',(-5.527707983926E-1,0.E0,8.333333333333E-1));
#2535=AXIS2_PLACEMENT_3D('',#2532,#2533,#2534);
#2537=CARTESIAN_POINT('',(6.027157287525E0,2.075E0,-2.E-1));
#2538=CARTESIAN_POINT('',(6.033982937941E0,2.075E0,-1.806941452196E-1));
#2539=CARTESIAN_POINT('',(6.052116425038E0,2.080527587905E0,
-1.418284926375E-1));
#2540=CARTESIAN_POINT('',(6.095480984168E0,2.106729272745E0,
-8.618750520996E-2));
#2541=CARTESIAN_POINT('',(6.153162603130E0,2.148896856036E0,
-4.063410942799E-2));
#2542=CARTESIAN_POINT('',(6.224049746647E0,2.204859033426E0,
-8.826003035265E-3));
#2543=CARTESIAN_POINT('',(6.280196204182E0,2.250665302616E0,0.E0));
#2544=CARTESIAN_POINT('',(6.31E0,2.275E0,0.E0));
#2546=DIRECTION('',(0.E0,-1.E0,0.E0));
#2547=VECTOR('',#2546,1.41E0);
#2548=CARTESIAN_POINT('',(6.01E0,2.075E0,-3.E-1));
#2549=LINE('',#2548,#2547);
#2550=DIRECTION('',(0.E0,0.E0,1.E0));
#2551=VECTOR('',#2550,7.E-1);
#2552=CARTESIAN_POINT('',(6.01E0,2.075E0,-1.E0));
#2553=LINE('',#2552,#2551);
#2554=DIRECTION('',(9.563047559630E-1,0.E0,-2.923717047227E-1));
#2555=VECTOR('',#2554,1.392998116480E-1);
#2556=CARTESIAN_POINT('',(5.655E0,1.87E0,-4.E-1));
#2557=LINE('',#2556,#2555);
#2558=DIRECTION('',(0.E0,-1.E0,0.E0));
#2559=VECTOR('',#2558,1.41E0);
#2560=CARTESIAN_POINT('',(5.979941063326E0,2.075E0,-4.993444527246E-1));
#2561=LINE('',#2560,#2559);
#2562=DIRECTION('',(0.E0,1.E0,0.E0));
#2563=VECTOR('',#2562,1.205E0);
#2564=CARTESIAN_POINT('',(5.788213072384E0,6.65E-1,-4.407273233991E-1));
#2565=LINE('',#2564,#2563);
#2566=DIRECTION('',(0.E0,1.E0,0.E0));
#2567=VECTOR('',#2566,1.41E0);
#2568=CARTESIAN_POINT('',(4.180058936674E0,-2.075E0,-4.993444527246E-1));
#2569=LINE('',#2568,#2567);
#2570=DIRECTION('',(-9.563047559630E-1,0.E0,-2.923717047227E-1));
#2571=VECTOR('',#2570,1.392998116480E-1);
#2572=CARTESIAN_POINT('',(4.505E0,-1.87E0,-4.E-1));
#2573=LINE('',#2572,#2571);
#2574=DIRECTION('',(0.E0,1.E0,0.E0));
#2575=VECTOR('',#2574,2.05E-1);
#2576=CARTESIAN_POINT('',(4.505E0,-2.075E0,-4.E-1));
#2577=LINE('',#2576,#2575);
#2578=DIRECTION('',(0.E0,-1.E0,0.E0));
#2579=VECTOR('',#2578,1.205E0);
#2580=CARTESIAN_POINT('',(4.371786927616E0,-6.65E-1,-4.407273233991E-1));
#2581=LINE('',#2580,#2579);
#2582=DIRECTION('',(-3.583679495453E-1,0.E0,-9.335804264972E-1));
#2583=VECTOR('',#2582,5.990621276191E-1);
#2584=CARTESIAN_POINT('',(5.788213072384E0,-1.87E0,-4.407273233991E-1));
#2585=LINE('',#2584,#2583);
#2586=DIRECTION('',(-3.583679495453E-1,0.E0,9.335804264972E-1));
#2587=VECTOR('',#2586,5.990621276191E-1);
#2588=CARTESIAN_POINT('',(4.586471593941E0,-1.87E0,-1.E0));
#2589=LINE('',#2588,#2587);
#2590=DIRECTION('',(-1.E0,0.E0,0.E0));
#2591=VECTOR('',#2590,9.870568121172E-1);
#2592=CARTESIAN_POINT('',(5.573528406059E0,-1.87E0,-1.E0));
#2593=LINE('',#2592,#2591);
#2594=DIRECTION('',(-9.563047559630E-1,0.E0,2.923717047227E-1));
#2595=VECTOR('',#2594,2.004883796162E-1);
#2596=CARTESIAN_POINT('',(5.979941063326E0,-6.65E-1,-4.993444527246E-1));
#2597=LINE('',#2596,#2595);
#2598=DIRECTION('',(-3.583679495453E-1,0.E0,-9.335804264972E-1));
#2599=VECTOR('',#2598,5.990621276191E-1);
#2600=CARTESIAN_POINT('',(5.788213072384E0,-6.65E-1,-4.407273233991E-1));
#2601=LINE('',#2600,#2599);
#2602=DIRECTION('',(-1.E0,0.E0,0.E0));
#2603=VECTOR('',#2602,9.870568121172E-1);
#2604=CARTESIAN_POINT('',(5.573528406059E0,-6.65E-1,-1.E0));
#2605=LINE('',#2604,#2603);
#2606=DIRECTION('',(-3.583679495453E-1,0.E0,9.335804264972E-1));
#2607=VECTOR('',#2606,5.990621276191E-1);
#2608=CARTESIAN_POINT('',(4.586471593941E0,-6.65E-1,-1.E0));
#2609=LINE('',#2608,#2607);
#2610=DIRECTION('',(-9.563047559630E-1,0.E0,-2.923717047227E-1));
#2611=VECTOR('',#2610,2.004883796162E-1);
#2612=CARTESIAN_POINT('',(4.371786927616E0,-6.65E-1,-4.407273233991E-1));
#2613=LINE('',#2612,#2611);
#2614=DIRECTION('',(3.583679495453E-1,0.E0,-9.335804264972E-1));
#2615=VECTOR('',#2614,5.362746830007E-1);
#2616=CARTESIAN_POINT('',(4.180058936674E0,-6.65E-1,-4.993444527246E-1));
#2617=LINE('',#2616,#2615);
#2618=DIRECTION('',(0.E0,0.E0,-1.E0));
#2619=VECTOR('',#2618,7.E-1);
#2620=CARTESIAN_POINT('',(4.15E0,-6.65E-1,-3.E-1));
#2621=LINE('',#2620,#2619);
#2622=DIRECTION('',(1.E0,0.E0,0.E0));
#2623=VECTOR('',#2622,2.128337520964E0);
#2624=CARTESIAN_POINT('',(4.015831239518E0,-6.65E-1,-5.E-2));
#2625=LINE('',#2624,#2623);
#2626=CARTESIAN_POINT('',(6.31E0,-6.65E-1,-3.E-1));
#2627=DIRECTION('',(0.E0,1.E0,0.E0));
#2628=DIRECTION('',(-1.E0,0.E0,0.E0));
#2629=AXIS2_PLACEMENT_3D('',#2626,#2627,#2628);
#2631=DIRECTION('',(3.583679495453E-1,0.E0,9.335804264972E-1));
#2632=VECTOR('',#2631,5.362746830007E-1);
#2633=CARTESIAN_POINT('',(5.787757404786E0,-6.65E-1,-1.E0));
#2634=LINE('',#2633,#2632);
#2635=DIRECTION('',(9.563047559630E-1,0.E0,-2.923717047227E-1));
#2636=VECTOR('',#2635,1.392998116480E-1);
#2637=CARTESIAN_POINT('',(5.655E0,-1.87E0,-4.E-1));
#2638=LINE('',#2637,#2636);
#2639=DIRECTION('',(0.E0,-1.E0,0.E0));
#2640=VECTOR('',#2639,1.205E0);
#2641=CARTESIAN_POINT('',(5.788213072384E0,-6.65E-1,-4.407273233991E-1));
#2642=LINE('',#2641,#2640);
#2643=DIRECTION('',(0.E0,1.E0,0.E0));
#2644=VECTOR('',#2643,1.41E0);
#2645=CARTESIAN_POINT('',(5.979941063326E0,-2.075E0,-4.993444527246E-1));
#2646=LINE('',#2645,#2644);
#2647=DIRECTION('',(-1.E0,0.E0,0.E0));
#2648=VECTOR('',#2647,1.15E0);
#2649=CARTESIAN_POINT('',(5.655E0,-2.075E0,-4.E-1));
#2650=LINE('',#2649,#2648);
#2651=DIRECTION('',(-9.563047559630E-1,0.E0,2.923717047227E-1));
#2652=VECTOR('',#2651,3.397881912642E-1);
#2653=CARTESIAN_POINT('',(5.979941063326E0,-2.075E0,-4.993444527246E-1));
#2654=LINE('',#2653,#2652);
#2655=DIRECTION('',(3.583679495453E-1,0.E0,9.335804264972E-1));
#2656=VECTOR('',#2655,5.362746830007E-1);
#2657=CARTESIAN_POINT('',(5.787757404786E0,-2.075E0,-1.E0));
#2658=LINE('',#2657,#2656);
#2659=DIRECTION('',(0.E0,0.E0,-1.E0));
#2660=VECTOR('',#2659,7.E-1);
#2661=CARTESIAN_POINT('',(6.01E0,-2.075E0,-3.E-1));
#2662=LINE('',#2661,#2660);
#2663=DIRECTION('',(-1.E0,0.E0,0.E0));
#2664=VECTOR('',#2663,1.894314575051E0);
#2665=CARTESIAN_POINT('',(6.027157287525E0,-2.075E0,-2.E-1));
#2666=LINE('',#2665,#2664);
#2667=CARTESIAN_POINT('',(3.85E0,-2.075E0,-3.E-1));
#2668=DIRECTION('',(0.E0,-1.E0,0.E0));
#2669=DIRECTION('',(1.E0,0.E0,0.E0));
#2670=AXIS2_PLACEMENT_3D('',#2667,#2668,#2669);
#2672=DIRECTION('',(3.583679495453E-1,0.E0,-9.335804264972E-1));
#2673=VECTOR('',#2672,5.362746830007E-1);
#2674=CARTESIAN_POINT('',(4.180058936674E0,-2.075E0,-4.993444527246E-1));
#2675=LINE('',#2674,#2673);
#2676=DIRECTION('',(-9.563047559630E-1,0.E0,-2.923717047227E-1));
#2677=VECTOR('',#2676,3.397881912642E-1);
#2678=CARTESIAN_POINT('',(4.505E0,-2.075E0,-4.E-1));
#2679=LINE('',#2678,#2677);
#2680=DIRECTION('',(-1.E0,0.E0,0.E0));
#2681=VECTOR('',#2680,1.15E0);
#2682=CARTESIAN_POINT('',(5.655E0,-1.87E0,-4.E-1));
#2683=LINE('',#2682,#2681);
#2684=DIRECTION('',(0.E0,1.E0,0.E0));
#2685=VECTOR('',#2684,2.05E-1);
#2686=CARTESIAN_POINT('',(5.655E0,-2.075E0,-4.E-1));
#2687=LINE('',#2686,#2685);
#2688=DIRECTION('',(0.E0,-1.E0,0.E0));
#2689=VECTOR('',#2688,1.41E0);
#2690=CARTESIAN_POINT('',(6.01E0,-6.65E-1,-3.E-1));
#2691=LINE('',#2690,#2689);
#2692=DIRECTION('',(0.E0,0.E0,-1.E0));
#2693=VECTOR('',#2692,7.E-1);
#2694=CARTESIAN_POINT('',(6.01E0,-6.65E-1,-3.E-1));
#2695=LINE('',#2694,#2693);
#2696=CARTESIAN_POINT('',(6.144168760482E0,-6.65E-1,-5.E-2));
#2697=CARTESIAN_POINT('',(6.152158687616E0,-6.65E-1,-4.470008191893E-2));
#2698=CARTESIAN_POINT('',(6.169325867950E0,-6.633251652666E-1,
-3.441706158601E-2));
#2699=CARTESIAN_POINT('',(6.198703288251E0,-6.564844863359E-1,
-2.073096314946E-2));
#2700=CARTESIAN_POINT('',(6.231850648152E0,-6.457967195929E-1,
-9.610885533875E-3));
#2701=CARTESIAN_POINT('',(6.268490445280E0,-6.319274606962E-1,
-2.032976800388E-3));
#2702=CARTESIAN_POINT('',(6.295744457438E0,-6.208198008805E-1,0.E0));
#2703=CARTESIAN_POINT('',(6.31E0,-6.15E-1,0.E0));
#2705=CARTESIAN_POINT('',(6.31E0,-2.075E0,-3.E-1));
#2706=DIRECTION('',(0.E0,-1.E0,0.E0));
#2707=DIRECTION('',(-9.428090415821E-1,0.E0,3.333333333333E-1));
#2708=AXIS2_PLACEMENT_3D('',#2705,#2706,#2707);
#2710=CARTESIAN_POINT('',(4.015831239518E0,-6.65E-1,-5.E-2));
#2711=CARTESIAN_POINT('',(4.007878371044E0,-6.65E-1,-4.472466385281E-2));
#2712=CARTESIAN_POINT('',(3.990663357438E0,-6.633259887444E-1,
-3.440934463103E-2));
#2713=CARTESIAN_POINT('',(3.961308675005E0,-6.564866652553E-1,
-2.073685494802E-2));
#2714=CARTESIAN_POINT('',(3.928154925291E0,-6.457991336214E-1,
-9.611963872780E-3));
#2715=CARTESIAN_POINT('',(3.891516147576E0,-6.319300028471E-1,
-2.033706004322E-3));
#2716=CARTESIAN_POINT('',(3.864254072925E0,-6.208192009037E-1,0.E0));
#2717=CARTESIAN_POINT('',(3.85E0,-6.15E-1,0.E0));
#2719=CARTESIAN_POINT('',(4.132842712475E0,-2.075E0,-2.E-1));
#2720=CARTESIAN_POINT('',(4.126017062061E0,-2.075E0,-1.806941452263E-1));
#2721=CARTESIAN_POINT('',(4.107883574971E0,-2.080527587901E0,
-1.418284926519E-1));
#2722=CARTESIAN_POINT('',(4.064519015837E0,-2.106729272741E0,
-8.618750521485E-2));
#2723=CARTESIAN_POINT('',(4.006837396875E0,-2.148896856032E0,
-4.063410943041E-2));
#2724=CARTESIAN_POINT('',(3.935950253354E0,-2.204859033425E0,
-8.826003035208E-3));
#2725=CARTESIAN_POINT('',(3.879803795818E0,-2.250665302616E0,0.E0));
#2726=CARTESIAN_POINT('',(3.85E0,-2.275E0,0.E0));
#2728=CARTESIAN_POINT('',(3.85E0,-6.65E-1,-3.E-1));
#2729=DIRECTION('',(0.E0,1.E0,0.E0));
#2730=DIRECTION('',(5.527707983926E-1,0.E0,8.333333333333E-1));
#2731=AXIS2_PLACEMENT_3D('',#2728,#2729,#2730);
#2733=DIRECTION('',(0.E0,1.E0,0.E0));
#2734=VECTOR('',#2733,1.41E0);
#2735=CARTESIAN_POINT('',(4.15E0,-2.075E0,-3.E-1));
#2736=LINE('',#2735,#2734);
#2737=DIRECTION('',(0.E0,0.E0,-1.E0));
#2738=VECTOR('',#2737,7.E-1);
#2739=CARTESIAN_POINT('',(4.15E0,-2.075E0,-3.E-1));
#2740=LINE('',#2739,#2738);
#2741=CARTESIAN_POINT('',(6.027157287525E0,-2.075E0,-2.E-1));
#2742=CARTESIAN_POINT('',(6.033930473240E0,-2.075E0,-1.808425378027E-1));
#2743=CARTESIAN_POINT('',(6.052138814531E0,-2.080526858986E0,
-1.417635457925E-1));
#2744=CARTESIAN_POINT('',(6.095470797607E0,-2.106726692647E0,
-8.620925146581E-2));
#2745=CARTESIAN_POINT('',(6.153161792483E0,-2.148894927440E0,
-4.063123908337E-2));
#2746=CARTESIAN_POINT('',(6.224042895429E0,-2.204853850460E0,
-8.827937442459E-3));
#2747=CARTESIAN_POINT('',(6.280203785048E0,-2.250671492367E0,0.E0));
#2748=CARTESIAN_POINT('',(6.31E0,-2.275E0,0.E0));
#2750=DIRECTION('',(0.E0,-1.E0,0.E0));
#2751=VECTOR('',#2750,1.205E0);
#2752=CARTESIAN_POINT('',(5.573528406059E0,-6.65E-1,-1.E0));
#2753=LINE('',#2752,#2751);
#2754=DIRECTION('',(0.E0,-1.E0,0.E0));
#2755=VECTOR('',#2754,1.205E0);
#2756=CARTESIAN_POINT('',(4.586471593941E0,-6.65E-1,-1.E0));
#2757=LINE('',#2756,#2755);
#2758=CARTESIAN_POINT('',(1.592842712475E0,2.075E0,-2.E-1));
#2759=CARTESIAN_POINT('',(1.586069526761E0,2.075E0,-1.808425378071E-1));
#2760=CARTESIAN_POINT('',(1.567861185475E0,2.080526858983E0,
-1.417635458019E-1));
#2761=CARTESIAN_POINT('',(1.524529202398E0,2.106726692643E0,
-8.620925146989E-2));
#2762=CARTESIAN_POINT('',(1.466838207521E0,2.148894927437E0,
-4.063123908551E-2));
#2763=CARTESIAN_POINT('',(1.395957104573E0,2.204853850459E0,
-8.827937442626E-3));
#2764=CARTESIAN_POINT('',(1.339796214952E0,2.250671492367E0,0.E0));
#2765=CARTESIAN_POINT('',(1.31E0,2.275E0,0.E0));
#2767=DIRECTION('',(-1.E0,0.E0,0.E0));
#2768=VECTOR('',#2767,1.15E0);
#2769=CARTESIAN_POINT('',(3.115E0,2.075E0,-4.E-1));
#2770=LINE('',#2769,#2768);
#2771=DIRECTION('',(-9.563047559630E-1,0.E0,-2.923717047227E-1));
#2772=VECTOR('',#2771,3.397881912642E-1);
#2773=CARTESIAN_POINT('',(1.965E0,2.075E0,-4.E-1));
#2774=LINE('',#2773,#2772);
#2775=DIRECTION('',(3.583679495453E-1,0.E0,-9.335804264972E-1));
#2776=VECTOR('',#2775,5.362746830007E-1);
#2777=CARTESIAN_POINT('',(1.640058936674E0,2.075E0,-4.993444527246E-1));
#2778=LINE('',#2777,#2776);
#2779=DIRECTION('',(0.E0,0.E0,1.E0));
#2780=VECTOR('',#2779,7.E-1);
#2781=CARTESIAN_POINT('',(1.61E0,2.075E0,-1.E0));
#2782=LINE('',#2781,#2780);
#2783=DIRECTION('',(1.E0,0.E0,0.E0));
#2784=VECTOR('',#2783,1.894314575051E0);
#2785=CARTESIAN_POINT('',(1.592842712475E0,2.075E0,-2.E-1));
#2786=LINE('',#2785,#2784);
#2787=CARTESIAN_POINT('',(3.77E0,2.075E0,-3.E-1));
#2788=DIRECTION('',(0.E0,1.E0,0.E0));
#2789=DIRECTION('',(-1.E0,0.E0,0.E0));
#2790=AXIS2_PLACEMENT_3D('',#2787,#2788,#2789);
#2792=DIRECTION('',(3.583679495453E-1,0.E0,9.335804264972E-1));
#2793=VECTOR('',#2792,5.362746830007E-1);
#2794=CARTESIAN_POINT('',(3.247757404786E0,2.075E0,-1.E0));
#2795=LINE('',#2794,#2793);
#2796=DIRECTION('',(-9.563047559630E-1,0.E0,2.923717047227E-1));
#2797=VECTOR('',#2796,3.397881912642E-1);
#2798=CARTESIAN_POINT('',(3.439941063326E0,2.075E0,-4.993444527246E-1));
#2799=LINE('',#2798,#2797);
#2800=DIRECTION('',(-1.E0,0.E0,0.E0));
#2801=VECTOR('',#2800,1.15E0);
#2802=CARTESIAN_POINT('',(3.115E0,1.87E0,-4.E-1));
#2803=LINE('',#2802,#2801);
#2804=DIRECTION('',(0.E0,-1.E0,0.E0));
#2805=VECTOR('',#2804,2.05E-1);
#2806=CARTESIAN_POINT('',(3.115E0,2.075E0,-4.E-1));
#2807=LINE('',#2806,#2805);
#2808=DIRECTION('',(-3.583679495453E-1,0.E0,-9.335804264972E-1));
#2809=VECTOR('',#2808,5.990621276191E-1);
#2810=CARTESIAN_POINT('',(3.248213072384E0,1.87E0,-4.407273233991E-1));
#2811=LINE('',#2810,#2809);
#2812=DIRECTION('',(1.E0,0.E0,0.E0));
#2813=VECTOR('',#2812,9.870568121173E-1);
#2814=CARTESIAN_POINT('',(2.046471593941E0,1.87E0,-1.E0));
#2815=LINE('',#2814,#2813);
#2816=DIRECTION('',(-3.583679495453E-1,0.E0,9.335804264972E-1));
#2817=VECTOR('',#2816,5.990621276191E-1);
#2818=CARTESIAN_POINT('',(2.046471593941E0,1.87E0,-1.E0));
#2819=LINE('',#2818,#2817);
#2820=DIRECTION('',(-9.563047559630E-1,0.E0,-2.923717047227E-1));
#2821=VECTOR('',#2820,2.004883796162E-1);
#2822=CARTESIAN_POINT('',(1.831786927616E0,6.65E-1,-4.407273233991E-1));
#2823=LINE('',#2822,#2821);
#2824=DIRECTION('',(-3.583679495453E-1,0.E0,9.335804264972E-1));
#2825=VECTOR('',#2824,5.990621276191E-1);
#2826=CARTESIAN_POINT('',(2.046471593941E0,6.65E-1,-1.E0));
#2827=LINE('',#2826,#2825);
#2828=DIRECTION('',(-1.E0,0.E0,0.E0));
#2829=VECTOR('',#2828,9.870568121173E-1);
#2830=CARTESIAN_POINT('',(3.033528406059E0,6.65E-1,-1.E0));
#2831=LINE('',#2830,#2829);
#2832=DIRECTION('',(-3.583679495453E-1,0.E0,-9.335804264972E-1));
#2833=VECTOR('',#2832,5.990621276191E-1);
#2834=CARTESIAN_POINT('',(3.248213072384E0,6.65E-1,-4.407273233991E-1));
#2835=LINE('',#2834,#2833);
#2836=DIRECTION('',(-9.563047559630E-1,0.E0,2.923717047227E-1));
#2837=VECTOR('',#2836,2.004883796162E-1);
#2838=CARTESIAN_POINT('',(3.439941063326E0,6.65E-1,-4.993444527246E-1));
#2839=LINE('',#2838,#2837);
#2840=DIRECTION('',(3.583679495453E-1,0.E0,9.335804264972E-1));
#2841=VECTOR('',#2840,5.362746830007E-1);
#2842=CARTESIAN_POINT('',(3.247757404786E0,6.65E-1,-1.E0));
#2843=LINE('',#2842,#2841);
#2844=DIRECTION('',(0.E0,0.E0,1.E0));
#2845=VECTOR('',#2844,7.E-1);
#2846=CARTESIAN_POINT('',(3.47E0,6.65E-1,-1.E0));
#2847=LINE('',#2846,#2845);
#2848=DIRECTION('',(-1.E0,0.E0,0.E0));
#2849=VECTOR('',#2848,2.128337520964E0);
#2850=CARTESIAN_POINT('',(3.604168760482E0,6.65E-1,-5.E-2));
#2851=LINE('',#2850,#2849);
#2852=CARTESIAN_POINT('',(1.31E0,6.65E-1,-3.E-1));
#2853=DIRECTION('',(0.E0,-1.E0,0.E0));
#2854=DIRECTION('',(1.E0,0.E0,0.E0));
#2855=AXIS2_PLACEMENT_3D('',#2852,#2853,#2854);
#2857=DIRECTION('',(3.583679495453E-1,0.E0,-9.335804264972E-1));
#2858=VECTOR('',#2857,5.362746830007E-1);
#2859=CARTESIAN_POINT('',(1.640058936674E0,6.65E-1,-4.993444527246E-1));
#2860=LINE('',#2859,#2858);
#2861=DIRECTION('',(-9.563047559630E-1,0.E0,-2.923717047227E-1));
#2862=VECTOR('',#2861,1.392998116480E-1);
#2863=CARTESIAN_POINT('',(1.965E0,1.87E0,-4.E-1));
#2864=LINE('',#2863,#2862);
#2865=DIRECTION('',(0.E0,1.E0,0.E0));
#2866=VECTOR('',#2865,1.205E0);
#2867=CARTESIAN_POINT('',(1.831786927616E0,6.65E-1,-4.407273233991E-1));
#2868=LINE('',#2867,#2866);
#2869=DIRECTION('',(0.E0,-1.E0,0.E0));
#2870=VECTOR('',#2869,2.05E-1);
#2871=CARTESIAN_POINT('',(1.965E0,2.075E0,-4.E-1));
#2872=LINE('',#2871,#2870);
#2873=DIRECTION('',(0.E0,-1.E0,0.E0));
#2874=VECTOR('',#2873,1.205E0);
#2875=CARTESIAN_POINT('',(2.046471593941E0,1.87E0,-1.E0));
#2876=LINE('',#2875,#2874);
#2877=DIRECTION('',(0.E0,-1.E0,0.E0));
#2878=VECTOR('',#2877,1.205E0);
#2879=CARTESIAN_POINT('',(3.033528406059E0,1.87E0,-1.E0));
#2880=LINE('',#2879,#2878);
#2881=DIRECTION('',(0.E0,-1.E0,0.E0));
#2882=VECTOR('',#2881,1.41E0);
#2883=CARTESIAN_POINT('',(1.640058936674E0,2.075E0,-4.993444527246E-1));
#2884=LINE('',#2883,#2882);
#2885=DIRECTION('',(0.E0,-1.E0,0.E0));
#2886=VECTOR('',#2885,1.41E0);
#2887=CARTESIAN_POINT('',(1.832242595214E0,2.075E0,-1.E0));
#2888=LINE('',#2887,#2886);
#2889=DIRECTION('',(1.E0,0.E0,0.E0));
#2890=VECTOR('',#2889,2.222425952140E-1);
#2891=CARTESIAN_POINT('',(1.61E0,6.65E-1,-1.E0));
#2892=LINE('',#2891,#2890);
#2893=DIRECTION('',(0.E0,-1.E0,0.E0));
#2894=VECTOR('',#2893,1.41E0);
#2895=CARTESIAN_POINT('',(1.61E0,2.075E0,-1.E0));
#2896=LINE('',#2895,#2894);
#2897=DIRECTION('',(-1.E0,0.E0,0.E0));
#2898=VECTOR('',#2897,2.222425952140E-1);
#2899=CARTESIAN_POINT('',(1.832242595214E0,2.075E0,-1.E0));
#2900=LINE('',#2899,#2898);
#2901=DIRECTION('',(0.E0,-1.E0,0.E0));
#2902=VECTOR('',#2901,1.41E0);
#2903=CARTESIAN_POINT('',(3.247757404786E0,2.075E0,-1.E0));
#2904=LINE('',#2903,#2902);
#2905=DIRECTION('',(-1.E0,0.E0,0.E0));
#2906=VECTOR('',#2905,2.222425952140E-1);
#2907=CARTESIAN_POINT('',(3.47E0,2.075E0,-1.E0));
#2908=LINE('',#2907,#2906);
#2909=DIRECTION('',(0.E0,1.E0,0.E0));
#2910=VECTOR('',#2909,1.41E0);
#2911=CARTESIAN_POINT('',(3.47E0,6.65E-1,-1.E0));
#2912=LINE('',#2911,#2910);
#2913=DIRECTION('',(1.E0,0.E0,0.E0));
#2914=VECTOR('',#2913,2.222425952140E-1);
#2915=CARTESIAN_POINT('',(3.247757404786E0,6.65E-1,-1.E0));
#2916=LINE('',#2915,#2914);
#2917=DIRECTION('',(0.E0,1.E0,0.E0));
#2918=VECTOR('',#2917,1.41E0);
#2919=CARTESIAN_POINT('',(1.832242595214E0,-2.075E0,-1.E0));
#2920=LINE('',#2919,#2918);
#2921=DIRECTION('',(-1.E0,0.E0,0.E0));
#2922=VECTOR('',#2921,2.222425952140E-1);
#2923=CARTESIAN_POINT('',(1.832242595214E0,-2.075E0,-1.E0));
#2924=LINE('',#2923,#2922);
#2925=DIRECTION('',(0.E0,1.E0,0.E0));
#2926=VECTOR('',#2925,1.41E0);
#2927=CARTESIAN_POINT('',(1.61E0,-2.075E0,-1.E0));
#2928=LINE('',#2927,#2926);
#2929=DIRECTION('',(1.E0,0.E0,0.E0));
#2930=VECTOR('',#2929,2.222425952140E-1);
#2931=CARTESIAN_POINT('',(1.61E0,-6.65E-1,-1.E0));
#2932=LINE('',#2931,#2930);
#2933=DIRECTION('',(0.E0,1.E0,0.E0));
#2934=VECTOR('',#2933,1.41E0);
#2935=CARTESIAN_POINT('',(3.247757404786E0,-2.075E0,-1.E0));
#2936=LINE('',#2935,#2934);
#2937=DIRECTION('',(1.E0,0.E0,0.E0));
#2938=VECTOR('',#2937,2.222425952140E-1);
#2939=CARTESIAN_POINT('',(3.247757404786E0,-6.65E-1,-1.E0));
#2940=LINE('',#2939,#2938);
#2941=DIRECTION('',(0.E0,-1.E0,0.E0));
#2942=VECTOR('',#2941,1.41E0);
#2943=CARTESIAN_POINT('',(3.47E0,-6.65E-1,-1.E0));
#2944=LINE('',#2943,#2942);
#2945=DIRECTION('',(-1.E0,0.E0,0.E0));
#2946=VECTOR('',#2945,2.222425952140E-1);
#2947=CARTESIAN_POINT('',(3.47E0,-2.075E0,-1.E0));
#2948=LINE('',#2947,#2946);
#2949=DIRECTION('',(0.E0,1.E0,0.E0));
#2950=VECTOR('',#2949,1.41E0);
#2951=CARTESIAN_POINT('',(1.61E0,6.65E-1,-3.E-1));
#2952=LINE('',#2951,#2950);
#2953=DIRECTION('',(0.E0,0.E0,1.E0));
#2954=VECTOR('',#2953,7.E-1);
#2955=CARTESIAN_POINT('',(1.61E0,6.65E-1,-1.E0));
#2956=LINE('',#2955,#2954);
#2957=CARTESIAN_POINT('',(1.475831239518E0,6.65E-1,-5.E-2));
#2958=CARTESIAN_POINT('',(1.467841312384E0,6.65E-1,-4.470008191893E-2));
#2959=CARTESIAN_POINT('',(1.450674132050E0,6.633251652666E-1,
-3.441706158601E-2));
#2960=CARTESIAN_POINT('',(1.421296711749E0,6.564844863359E-1,
-2.073096314946E-2));
#2961=CARTESIAN_POINT('',(1.388149351848E0,6.457967195929E-1,
-9.610885533876E-3));
#2962=CARTESIAN_POINT('',(1.351509554720E0,6.319274606962E-1,
-2.032976800387E-3));
#2963=CARTESIAN_POINT('',(1.324255542562E0,6.208198008805E-1,0.E0));
#2964=CARTESIAN_POINT('',(1.31E0,6.15E-1,0.E0));
#2966=CARTESIAN_POINT('',(1.31E0,2.075E0,-3.E-1));
#2967=DIRECTION('',(0.E0,1.E0,0.E0));
#2968=DIRECTION('',(9.428090415821E-1,0.E0,3.333333333333E-1));
#2969=AXIS2_PLACEMENT_3D('',#2966,#2967,#2968);
#2971=CARTESIAN_POINT('',(3.604168760482E0,6.65E-1,-5.E-2));
#2972=CARTESIAN_POINT('',(3.612121628956E0,6.65E-1,-4.472466385281E-2));
#2973=CARTESIAN_POINT('',(3.629336642562E0,6.633259887444E-1,
-3.440934463103E-2));
#2974=CARTESIAN_POINT('',(3.658691324995E0,6.564866652553E-1,
-2.073685494802E-2));
#2975=CARTESIAN_POINT('',(3.691845074709E0,6.457991336214E-1,
-9.611963872778E-3));
#2976=CARTESIAN_POINT('',(3.728483852424E0,6.319300028471E-1,
-2.033706004324E-3));
#2977=CARTESIAN_POINT('',(3.755745927075E0,6.208192009037E-1,0.E0));
#2978=CARTESIAN_POINT('',(3.77E0,6.15E-1,0.E0));
#2980=CARTESIAN_POINT('',(3.77E0,6.65E-1,-3.E-1));
#2981=DIRECTION('',(0.E0,-1.E0,0.E0));
#2982=DIRECTION('',(-5.527707983926E-1,0.E0,8.333333333333E-1));
#2983=AXIS2_PLACEMENT_3D('',#2980,#2981,#2982);
#2985=CARTESIAN_POINT('',(3.487157287525E0,2.075E0,-2.E-1));
#2986=CARTESIAN_POINT('',(3.493982937940E0,2.075E0,-1.806941452239E-1));
#2987=CARTESIAN_POINT('',(3.512116425032E0,2.080527587902E0,
-1.418284926468E-1));
#2988=CARTESIAN_POINT('',(3.555480984165E0,2.106729272742E0,
-8.618750521310E-2));
#2989=CARTESIAN_POINT('',(3.613162603127E0,2.148896856034E0,
-4.063410942954E-2));
#2990=CARTESIAN_POINT('',(3.684049746646E0,2.204859033426E0,
-8.826003035227E-3));
#2991=CARTESIAN_POINT('',(3.740196204182E0,2.250665302616E0,0.E0));
#2992=CARTESIAN_POINT('',(3.77E0,2.275E0,0.E0));
#2994=DIRECTION('',(0.E0,-1.E0,0.E0));
#2995=VECTOR('',#2994,1.41E0);
#2996=CARTESIAN_POINT('',(3.47E0,2.075E0,-3.E-1));
#2997=LINE('',#2996,#2995);
#2998=DIRECTION('',(0.E0,0.E0,1.E0));
#2999=VECTOR('',#2998,7.E-1);
#3000=CARTESIAN_POINT('',(3.47E0,2.075E0,-1.E0));
#3001=LINE('',#3000,#2999);
#3002=DIRECTION('',(9.563047559630E-1,0.E0,-2.923717047227E-1));
#3003=VECTOR('',#3002,1.392998116480E-1);
#3004=CARTESIAN_POINT('',(3.115E0,1.87E0,-4.E-1));
#3005=LINE('',#3004,#3003);
#3006=DIRECTION('',(0.E0,-1.E0,0.E0));
#3007=VECTOR('',#3006,1.41E0);
#3008=CARTESIAN_POINT('',(3.439941063326E0,2.075E0,-4.993444527246E-1));
#3009=LINE('',#3008,#3007);
#3010=DIRECTION('',(0.E0,1.E0,0.E0));
#3011=VECTOR('',#3010,1.205E0);
#3012=CARTESIAN_POINT('',(3.248213072384E0,6.65E-1,-4.407273233991E-1));
#3013=LINE('',#3012,#3011);
#3014=DIRECTION('',(0.E0,1.E0,0.E0));
#3015=VECTOR('',#3014,1.41E0);
#3016=CARTESIAN_POINT('',(1.640058936674E0,-2.075E0,-4.993444527246E-1));
#3017=LINE('',#3016,#3015);
#3018=DIRECTION('',(-9.563047559630E-1,0.E0,-2.923717047227E-1));
#3019=VECTOR('',#3018,1.392998116480E-1);
#3020=CARTESIAN_POINT('',(1.965E0,-1.87E0,-4.E-1));
#3021=LINE('',#3020,#3019);
#3022=DIRECTION('',(0.E0,1.E0,0.E0));
#3023=VECTOR('',#3022,2.05E-1);
#3024=CARTESIAN_POINT('',(1.965E0,-2.075E0,-4.E-1));
#3025=LINE('',#3024,#3023);
#3026=DIRECTION('',(0.E0,-1.E0,0.E0));
#3027=VECTOR('',#3026,1.205E0);
#3028=CARTESIAN_POINT('',(1.831786927616E0,-6.65E-1,-4.407273233991E-1));
#3029=LINE('',#3028,#3027);
#3030=DIRECTION('',(-3.583679495453E-1,0.E0,-9.335804264972E-1));
#3031=VECTOR('',#3030,5.990621276191E-1);
#3032=CARTESIAN_POINT('',(3.248213072384E0,-1.87E0,-4.407273233991E-1));
#3033=LINE('',#3032,#3031);
#3034=DIRECTION('',(-3.583679495453E-1,0.E0,9.335804264972E-1));
#3035=VECTOR('',#3034,5.990621276191E-1);
#3036=CARTESIAN_POINT('',(2.046471593941E0,-1.87E0,-1.E0));
#3037=LINE('',#3036,#3035);
#3038=DIRECTION('',(-1.E0,0.E0,0.E0));
#3039=VECTOR('',#3038,9.870568121173E-1);
#3040=CARTESIAN_POINT('',(3.033528406059E0,-1.87E0,-1.E0));
#3041=LINE('',#3040,#3039);
#3042=DIRECTION('',(-9.563047559630E-1,0.E0,2.923717047227E-1));
#3043=VECTOR('',#3042,2.004883796162E-1);
#3044=CARTESIAN_POINT('',(3.439941063326E0,-6.65E-1,-4.993444527246E-1));
#3045=LINE('',#3044,#3043);
#3046=DIRECTION('',(-3.583679495453E-1,0.E0,-9.335804264972E-1));
#3047=VECTOR('',#3046,5.990621276191E-1);
#3048=CARTESIAN_POINT('',(3.248213072384E0,-6.65E-1,-4.407273233991E-1));
#3049=LINE('',#3048,#3047);
#3050=DIRECTION('',(-1.E0,0.E0,0.E0));
#3051=VECTOR('',#3050,9.870568121173E-1);
#3052=CARTESIAN_POINT('',(3.033528406059E0,-6.65E-1,-1.E0));
#3053=LINE('',#3052,#3051);
#3054=DIRECTION('',(-3.583679495453E-1,0.E0,9.335804264972E-1));
#3055=VECTOR('',#3054,5.990621276191E-1);
#3056=CARTESIAN_POINT('',(2.046471593941E0,-6.65E-1,-1.E0));
#3057=LINE('',#3056,#3055);
#3058=DIRECTION('',(-9.563047559630E-1,0.E0,-2.923717047227E-1));
#3059=VECTOR('',#3058,2.004883796162E-1);
#3060=CARTESIAN_POINT('',(1.831786927616E0,-6.65E-1,-4.407273233991E-1));
#3061=LINE('',#3060,#3059);
#3062=DIRECTION('',(3.583679495453E-1,0.E0,-9.335804264972E-1));
#3063=VECTOR('',#3062,5.362746830007E-1);
#3064=CARTESIAN_POINT('',(1.640058936674E0,-6.65E-1,-4.993444527246E-1));
#3065=LINE('',#3064,#3063);
#3066=DIRECTION('',(0.E0,0.E0,-1.E0));
#3067=VECTOR('',#3066,7.E-1);
#3068=CARTESIAN_POINT('',(1.61E0,-6.65E-1,-3.E-1));
#3069=LINE('',#3068,#3067);
#3070=DIRECTION('',(1.E0,0.E0,0.E0));
#3071=VECTOR('',#3070,2.128337520964E0);
#3072=CARTESIAN_POINT('',(1.475831239518E0,-6.65E-1,-5.E-2));
#3073=LINE('',#3072,#3071);
#3074=CARTESIAN_POINT('',(3.77E0,-6.65E-1,-3.E-1));
#3075=DIRECTION('',(0.E0,1.E0,0.E0));
#3076=DIRECTION('',(-1.E0,0.E0,0.E0));
#3077=AXIS2_PLACEMENT_3D('',#3074,#3075,#3076);
#3079=DIRECTION('',(3.583679495453E-1,0.E0,9.335804264972E-1));
#3080=VECTOR('',#3079,5.362746830007E-1);
#3081=CARTESIAN_POINT('',(3.247757404786E0,-6.65E-1,-1.E0));
#3082=LINE('',#3081,#3080);
#3083=DIRECTION('',(9.563047559630E-1,0.E0,-2.923717047227E-1));
#3084=VECTOR('',#3083,1.392998116480E-1);
#3085=CARTESIAN_POINT('',(3.115E0,-1.87E0,-4.E-1));
#3086=LINE('',#3085,#3084);
#3087=DIRECTION('',(0.E0,-1.E0,0.E0));
#3088=VECTOR('',#3087,1.205E0);
#3089=CARTESIAN_POINT('',(3.248213072384E0,-6.65E-1,-4.407273233991E-1));
#3090=LINE('',#3089,#3088);
#3091=DIRECTION('',(0.E0,1.E0,0.E0));
#3092=VECTOR('',#3091,1.41E0);
#3093=CARTESIAN_POINT('',(3.439941063326E0,-2.075E0,-4.993444527246E-1));
#3094=LINE('',#3093,#3092);
#3095=DIRECTION('',(-1.E0,0.E0,0.E0));
#3096=VECTOR('',#3095,1.15E0);
#3097=CARTESIAN_POINT('',(3.115E0,-2.075E0,-4.E-1));
#3098=LINE('',#3097,#3096);
#3099=DIRECTION('',(-9.563047559630E-1,0.E0,2.923717047227E-1));
#3100=VECTOR('',#3099,3.397881912642E-1);
#3101=CARTESIAN_POINT('',(3.439941063326E0,-2.075E0,-4.993444527246E-1));
#3102=LINE('',#3101,#3100);
#3103=DIRECTION('',(3.583679495453E-1,0.E0,9.335804264972E-1));
#3104=VECTOR('',#3103,5.362746830007E-1);
#3105=CARTESIAN_POINT('',(3.247757404786E0,-2.075E0,-1.E0));
#3106=LINE('',#3105,#3104);
#3107=DIRECTION('',(0.E0,0.E0,-1.E0));
#3108=VECTOR('',#3107,7.E-1);
#3109=CARTESIAN_POINT('',(3.47E0,-2.075E0,-3.E-1));
#3110=LINE('',#3109,#3108);
#3111=DIRECTION('',(-1.E0,0.E0,0.E0));
#3112=VECTOR('',#3111,1.894314575051E0);
#3113=CARTESIAN_POINT('',(3.487157287525E0,-2.075E0,-2.E-1));
#3114=LINE('',#3113,#3112);
#3115=CARTESIAN_POINT('',(1.31E0,-2.075E0,-3.E-1));
#3116=DIRECTION('',(0.E0,-1.E0,0.E0));
#3117=DIRECTION('',(1.E0,0.E0,0.E0));
#3118=AXIS2_PLACEMENT_3D('',#3115,#3116,#3117);
#3120=DIRECTION('',(3.583679495453E-1,0.E0,-9.335804264972E-1));
#3121=VECTOR('',#3120,5.362746830007E-1);
#3122=CARTESIAN_POINT('',(1.640058936674E0,-2.075E0,-4.993444527246E-1));
#3123=LINE('',#3122,#3121);
#3124=DIRECTION('',(-9.563047559630E-1,0.E0,-2.923717047227E-1));
#3125=VECTOR('',#3124,3.397881912642E-1);
#3126=CARTESIAN_POINT('',(1.965E0,-2.075E0,-4.E-1));
#3127=LINE('',#3126,#3125);
#3128=DIRECTION('',(-1.E0,0.E0,0.E0));
#3129=VECTOR('',#3128,1.15E0);
#3130=CARTESIAN_POINT('',(3.115E0,-1.87E0,-4.E-1));
#3131=LINE('',#3130,#3129);
#3132=DIRECTION('',(0.E0,1.E0,0.E0));
#3133=VECTOR('',#3132,2.05E-1);
#3134=CARTESIAN_POINT('',(3.115E0,-2.075E0,-4.E-1));
#3135=LINE('',#3134,#3133);
#3136=DIRECTION('',(0.E0,-1.E0,0.E0));
#3137=VECTOR('',#3136,1.41E0);
#3138=CARTESIAN_POINT('',(3.47E0,-6.65E-1,-3.E-1));
#3139=LINE('',#3138,#3137);
#3140=DIRECTION('',(0.E0,0.E0,-1.E0));
#3141=VECTOR('',#3140,7.E-1);
#3142=CARTESIAN_POINT('',(3.47E0,-6.65E-1,-3.E-1));
#3143=LINE('',#3142,#3141);
#3144=CARTESIAN_POINT('',(3.604168760482E0,-6.65E-1,-5.E-2));
#3145=CARTESIAN_POINT('',(3.612158687616E0,-6.65E-1,-4.470008191893E-2));
#3146=CARTESIAN_POINT('',(3.629325867950E0,-6.633251652666E-1,
-3.441706158601E-2));
#3147=CARTESIAN_POINT('',(3.658703288251E0,-6.564844863359E-1,
-2.073096314946E-2));
#3148=CARTESIAN_POINT('',(3.691850648152E0,-6.457967195929E-1,
-9.610885533876E-3));
#3149=CARTESIAN_POINT('',(3.728490445280E0,-6.319274606962E-1,
-2.032976800387E-3));
#3150=CARTESIAN_POINT('',(3.755744457438E0,-6.208198008805E-1,0.E0));
#3151=CARTESIAN_POINT('',(3.77E0,-6.15E-1,0.E0));
#3153=CARTESIAN_POINT('',(3.77E0,-2.075E0,-3.E-1));
#3154=DIRECTION('',(0.E0,-1.E0,0.E0));
#3155=DIRECTION('',(-9.428090415821E-1,0.E0,3.333333333333E-1));
#3156=AXIS2_PLACEMENT_3D('',#3153,#3154,#3155);
#3158=CARTESIAN_POINT('',(1.475831239518E0,-6.65E-1,-5.E-2));
#3159=CARTESIAN_POINT('',(1.467878371044E0,-6.65E-1,-4.472466385281E-2));
#3160=CARTESIAN_POINT('',(1.450663357438E0,-6.633259887444E-1,
-3.440934463103E-2));
#3161=CARTESIAN_POINT('',(1.421308675005E0,-6.564866652553E-1,
-2.073685494802E-2));
#3162=CARTESIAN_POINT('',(1.388154925291E0,-6.457991336214E-1,
-9.611963872777E-3));
#3163=CARTESIAN_POINT('',(1.351516147576E0,-6.319300028471E-1,
-2.033706004324E-3));
#3164=CARTESIAN_POINT('',(1.324254072925E0,-6.208192009037E-1,0.E0));
#3165=CARTESIAN_POINT('',(1.31E0,-6.15E-1,0.E0));
#3167=CARTESIAN_POINT('',(1.592842712475E0,-2.075E0,-2.E-1));
#3168=CARTESIAN_POINT('',(1.586017062060E0,-2.075E0,-1.806941452224E-1));
#3169=CARTESIAN_POINT('',(1.567883574966E0,-2.080527587903E0,
-1.418284926437E-1));
#3170=CARTESIAN_POINT('',(1.524519015834E0,-2.106729272743E0,
-8.618750521204E-2));
#3171=CARTESIAN_POINT('',(1.466837396872E0,-2.148896856034E0,
-4.063410942902E-2));
#3172=CARTESIAN_POINT('',(1.395950253353E0,-2.204859033426E0,
-8.826003035240E-3));
#3173=CARTESIAN_POINT('',(1.339803795818E0,-2.250665302616E0,0.E0));
#3174=CARTESIAN_POINT('',(1.31E0,-2.275E0,0.E0));
#3176=CARTESIAN_POINT('',(1.31E0,-6.65E-1,-3.E-1));
#3177=DIRECTION('',(0.E0,1.E0,0.E0));
#3178=DIRECTION('',(5.527707983926E-1,0.E0,8.333333333333E-1));
#3179=AXIS2_PLACEMENT_3D('',#3176,#3177,#3178);
#3181=DIRECTION('',(0.E0,1.E0,0.E0));
#3182=VECTOR('',#3181,1.41E0);
#3183=CARTESIAN_POINT('',(1.61E0,-2.075E0,-3.E-1));
#3184=LINE('',#3183,#3182);
#3185=DIRECTION('',(0.E0,0.E0,-1.E0));
#3186=VECTOR('',#3185,7.E-1);
#3187=CARTESIAN_POINT('',(1.61E0,-2.075E0,-3.E-1));
#3188=LINE('',#3187,#3186);
#3189=CARTESIAN_POINT('',(3.487157287525E0,-2.075E0,-2.E-1));
#3190=CARTESIAN_POINT('',(3.493930473238E0,-2.075E0,-1.808425378082E-1));
#3191=CARTESIAN_POINT('',(3.512138814524E0,-2.080526858983E0,
-1.417635458044E-1));
#3192=CARTESIAN_POINT('',(3.555470797601E0,-2.106726692642E0,
-8.620925147094E-2));
#3193=CARTESIAN_POINT('',(3.613161792478E0,-2.148894927437E0,
-4.063123908608E-2));
#3194=CARTESIAN_POINT('',(3.684042895427E0,-2.204853850459E0,
-8.827937442668E-3));
#3195=CARTESIAN_POINT('',(3.740203785048E0,-2.250671492367E0,0.E0));
#3196=CARTESIAN_POINT('',(3.77E0,-2.275E0,0.E0));
#3198=DIRECTION('',(0.E0,-1.E0,0.E0));
#3199=VECTOR('',#3198,1.205E0);
#3200=CARTESIAN_POINT('',(3.033528406059E0,-6.65E-1,-1.E0));
#3201=LINE('',#3200,#3199);
#3202=DIRECTION('',(0.E0,-1.E0,0.E0));
#3203=VECTOR('',#3202,1.205E0);
#3204=CARTESIAN_POINT('',(2.046471593941E0,-6.65E-1,-1.E0));
#3205=LINE('',#3204,#3203);
#3206=CARTESIAN_POINT('',(-9.471572875254E-1,2.075E0,-2.E-1));
#3207=CARTESIAN_POINT('',(-9.539304732403E-1,2.075E0,-1.808425378030E-1));
#3208=CARTESIAN_POINT('',(-9.721388145308E-1,2.080526858986E0,
-1.417635457930E-1));
#3209=CARTESIAN_POINT('',(-1.015470797607E0,2.106726692646E0,
-8.620925146602E-2));
#3210=CARTESIAN_POINT('',(-1.073161792483E0,2.148894927440E0,
-4.063123908349E-2));
#3211=CARTESIAN_POINT('',(-1.144042895429E0,2.204853850460E0,
-8.827937442467E-3));
#3212=CARTESIAN_POINT('',(-1.200203785048E0,2.250671492367E0,0.E0));
#3213=CARTESIAN_POINT('',(-1.23E0,2.275E0,0.E0));
#3215=DIRECTION('',(-1.E0,0.E0,0.E0));
#3216=VECTOR('',#3215,1.15E0);
#3217=CARTESIAN_POINT('',(5.75E-1,2.075E0,-4.E-1));
#3218=LINE('',#3217,#3216);
#3219=DIRECTION('',(-9.563047559630E-1,0.E0,-2.923717047227E-1));
#3220=VECTOR('',#3219,3.397881912642E-1);
#3221=CARTESIAN_POINT('',(-5.75E-1,2.075E0,-4.E-1));
#3222=LINE('',#3221,#3220);
#3223=DIRECTION('',(3.583679495453E-1,0.E0,-9.335804264972E-1));
#3224=VECTOR('',#3223,5.362746830007E-1);
#3225=CARTESIAN_POINT('',(-8.999410633260E-1,2.075E0,-4.993444527246E-1));
#3226=LINE('',#3225,#3224);
#3227=DIRECTION('',(0.E0,0.E0,1.E0));
#3228=VECTOR('',#3227,7.E-1);
#3229=CARTESIAN_POINT('',(-9.3E-1,2.075E0,-1.E0));
#3230=LINE('',#3229,#3228);
#3231=DIRECTION('',(1.E0,0.E0,0.E0));
#3232=VECTOR('',#3231,1.894314575051E0);
#3233=CARTESIAN_POINT('',(-9.471572875254E-1,2.075E0,-2.E-1));
#3234=LINE('',#3233,#3232);
#3235=CARTESIAN_POINT('',(1.23E0,2.075E0,-3.E-1));
#3236=DIRECTION('',(0.E0,1.E0,0.E0));
#3237=DIRECTION('',(-1.E0,0.E0,0.E0));
#3238=AXIS2_PLACEMENT_3D('',#3235,#3236,#3237);
#3240=DIRECTION('',(3.583679495453E-1,0.E0,9.335804264972E-1));
#3241=VECTOR('',#3240,5.362746830007E-1);
#3242=CARTESIAN_POINT('',(7.077574047860E-1,2.075E0,-1.E0));
#3243=LINE('',#3242,#3241);
#3244=DIRECTION('',(-9.563047559630E-1,0.E0,2.923717047227E-1));
#3245=VECTOR('',#3244,3.397881912642E-1);
#3246=CARTESIAN_POINT('',(8.999410633260E-1,2.075E0,-4.993444527246E-1));
#3247=LINE('',#3246,#3245);
#3248=DIRECTION('',(-1.E0,0.E0,0.E0));
#3249=VECTOR('',#3248,1.15E0);
#3250=CARTESIAN_POINT('',(5.75E-1,1.87E0,-4.E-1));
#3251=LINE('',#3250,#3249);
#3252=DIRECTION('',(0.E0,-1.E0,0.E0));
#3253=VECTOR('',#3252,2.05E-1);
#3254=CARTESIAN_POINT('',(5.75E-1,2.075E0,-4.E-1));
#3255=LINE('',#3254,#3253);
#3256=DIRECTION('',(-3.583679495453E-1,0.E0,-9.335804264972E-1));
#3257=VECTOR('',#3256,5.990621276191E-1);
#3258=CARTESIAN_POINT('',(7.082130723837E-1,1.87E0,-4.407273233991E-1));
#3259=LINE('',#3258,#3257);
#3260=DIRECTION('',(1.E0,0.E0,0.E0));
#3261=VECTOR('',#3260,9.870568121172E-1);
#3262=CARTESIAN_POINT('',(-4.935284060586E-1,1.87E0,-1.E0));
#3263=LINE('',#3262,#3261);
#3264=DIRECTION('',(-3.583679495453E-1,0.E0,9.335804264972E-1));
#3265=VECTOR('',#3264,5.990621276191E-1);
#3266=CARTESIAN_POINT('',(-4.935284060586E-1,1.87E0,-1.E0));
#3267=LINE('',#3266,#3265);
#3268=DIRECTION('',(-9.563047559630E-1,0.E0,-2.923717047227E-1));
#3269=VECTOR('',#3268,2.004883796162E-1);
#3270=CARTESIAN_POINT('',(-7.082130723837E-1,6.65E-1,-4.407273233991E-1));
#3271=LINE('',#3270,#3269);
#3272=DIRECTION('',(-3.583679495453E-1,0.E0,9.335804264972E-1));
#3273=VECTOR('',#3272,5.990621276191E-1);
#3274=CARTESIAN_POINT('',(-4.935284060586E-1,6.65E-1,-1.E0));
#3275=LINE('',#3274,#3273);
#3276=DIRECTION('',(-1.E0,0.E0,0.E0));
#3277=VECTOR('',#3276,9.870568121172E-1);
#3278=CARTESIAN_POINT('',(4.935284060586E-1,6.65E-1,-1.E0));
#3279=LINE('',#3278,#3277);
#3280=DIRECTION('',(-3.583679495453E-1,0.E0,-9.335804264972E-1));
#3281=VECTOR('',#3280,5.990621276191E-1);
#3282=CARTESIAN_POINT('',(7.082130723837E-1,6.65E-1,-4.407273233991E-1));
#3283=LINE('',#3282,#3281);
#3284=DIRECTION('',(-9.563047559630E-1,0.E0,2.923717047227E-1));
#3285=VECTOR('',#3284,2.004883796162E-1);
#3286=CARTESIAN_POINT('',(8.999410633260E-1,6.65E-1,-4.993444527246E-1));
#3287=LINE('',#3286,#3285);
#3288=DIRECTION('',(3.583679495453E-1,0.E0,9.335804264972E-1));
#3289=VECTOR('',#3288,5.362746830007E-1);
#3290=CARTESIAN_POINT('',(7.077574047860E-1,6.65E-1,-1.E0));
#3291=LINE('',#3290,#3289);
#3292=DIRECTION('',(0.E0,0.E0,1.E0));
#3293=VECTOR('',#3292,7.E-1);
#3294=CARTESIAN_POINT('',(9.3E-1,6.65E-1,-1.E0));
#3295=LINE('',#3294,#3293);
#3296=DIRECTION('',(-1.E0,0.E0,0.E0));
#3297=VECTOR('',#3296,2.128337520964E0);
#3298=CARTESIAN_POINT('',(1.064168760482E0,6.65E-1,-5.E-2));
#3299=LINE('',#3298,#3297);
#3300=CARTESIAN_POINT('',(-1.23E0,6.65E-1,-3.E-1));
#3301=DIRECTION('',(0.E0,-1.E0,0.E0));
#3302=DIRECTION('',(1.E0,0.E0,0.E0));
#3303=AXIS2_PLACEMENT_3D('',#3300,#3301,#3302);
#3305=DIRECTION('',(3.583679495453E-1,0.E0,-9.335804264972E-1));
#3306=VECTOR('',#3305,5.362746830007E-1);
#3307=CARTESIAN_POINT('',(-8.999410633260E-1,6.65E-1,-4.993444527246E-1));
#3308=LINE('',#3307,#3306);
#3309=DIRECTION('',(-9.563047559630E-1,0.E0,-2.923717047227E-1));
#3310=VECTOR('',#3309,1.392998116480E-1);
#3311=CARTESIAN_POINT('',(-5.75E-1,1.87E0,-4.E-1));
#3312=LINE('',#3311,#3310);
#3313=DIRECTION('',(0.E0,1.E0,0.E0));
#3314=VECTOR('',#3313,1.205E0);
#3315=CARTESIAN_POINT('',(-7.082130723837E-1,6.65E-1,-4.407273233991E-1));
#3316=LINE('',#3315,#3314);
#3317=DIRECTION('',(0.E0,-1.E0,0.E0));
#3318=VECTOR('',#3317,2.05E-1);
#3319=CARTESIAN_POINT('',(-5.75E-1,2.075E0,-4.E-1));
#3320=LINE('',#3319,#3318);
#3321=DIRECTION('',(0.E0,-1.E0,0.E0));
#3322=VECTOR('',#3321,1.205E0);
#3323=CARTESIAN_POINT('',(-4.935284060586E-1,1.87E0,-1.E0));
#3324=LINE('',#3323,#3322);
#3325=DIRECTION('',(0.E0,-1.E0,0.E0));
#3326=VECTOR('',#3325,1.205E0);
#3327=CARTESIAN_POINT('',(4.935284060586E-1,1.87E0,-1.E0));
#3328=LINE('',#3327,#3326);
#3329=DIRECTION('',(0.E0,-1.E0,0.E0));
#3330=VECTOR('',#3329,1.41E0);
#3331=CARTESIAN_POINT('',(-8.999410633260E-1,2.075E0,-4.993444527246E-1));
#3332=LINE('',#3331,#3330);
#3333=DIRECTION('',(0.E0,-1.E0,0.E0));
#3334=VECTOR('',#3333,1.41E0);
#3335=CARTESIAN_POINT('',(-7.077574047860E-1,2.075E0,-1.E0));
#3336=LINE('',#3335,#3334);
#3337=DIRECTION('',(1.E0,0.E0,0.E0));
#3338=VECTOR('',#3337,2.222425952140E-1);
#3339=CARTESIAN_POINT('',(-9.3E-1,6.65E-1,-1.E0));
#3340=LINE('',#3339,#3338);
#3341=DIRECTION('',(0.E0,-1.E0,0.E0));
#3342=VECTOR('',#3341,1.41E0);
#3343=CARTESIAN_POINT('',(-9.3E-1,2.075E0,-1.E0));
#3344=LINE('',#3343,#3342);
#3345=DIRECTION('',(-1.E0,0.E0,0.E0));
#3346=VECTOR('',#3345,2.222425952140E-1);
#3347=CARTESIAN_POINT('',(-7.077574047860E-1,2.075E0,-1.E0));
#3348=LINE('',#3347,#3346);
#3349=DIRECTION('',(0.E0,-1.E0,0.E0));
#3350=VECTOR('',#3349,1.41E0);
#3351=CARTESIAN_POINT('',(7.077574047860E-1,2.075E0,-1.E0));
#3352=LINE('',#3351,#3350);
#3353=DIRECTION('',(-1.E0,0.E0,0.E0));
#3354=VECTOR('',#3353,2.222425952140E-1);
#3355=CARTESIAN_POINT('',(9.3E-1,2.075E0,-1.E0));
#3356=LINE('',#3355,#3354);
#3357=DIRECTION('',(0.E0,1.E0,0.E0));
#3358=VECTOR('',#3357,1.41E0);
#3359=CARTESIAN_POINT('',(9.3E-1,6.65E-1,-1.E0));
#3360=LINE('',#3359,#3358);
#3361=DIRECTION('',(1.E0,0.E0,0.E0));
#3362=VECTOR('',#3361,2.222425952140E-1);
#3363=CARTESIAN_POINT('',(7.077574047860E-1,6.65E-1,-1.E0));
#3364=LINE('',#3363,#3362);
#3365=DIRECTION('',(0.E0,1.E0,0.E0));
#3366=VECTOR('',#3365,1.41E0);
#3367=CARTESIAN_POINT('',(-7.077574047860E-1,-2.075E0,-1.E0));
#3368=LINE('',#3367,#3366);
#3369=DIRECTION('',(-1.E0,0.E0,0.E0));
#3370=VECTOR('',#3369,2.222425952140E-1);
#3371=CARTESIAN_POINT('',(-7.077574047860E-1,-2.075E0,-1.E0));
#3372=LINE('',#3371,#3370);
#3373=DIRECTION('',(0.E0,1.E0,0.E0));
#3374=VECTOR('',#3373,1.41E0);
#3375=CARTESIAN_POINT('',(-9.3E-1,-2.075E0,-1.E0));
#3376=LINE('',#3375,#3374);
#3377=DIRECTION('',(1.E0,0.E0,0.E0));
#3378=VECTOR('',#3377,2.222425952140E-1);
#3379=CARTESIAN_POINT('',(-9.3E-1,-6.65E-1,-1.E0));
#3380=LINE('',#3379,#3378);
#3381=DIRECTION('',(0.E0,1.E0,0.E0));
#3382=VECTOR('',#3381,1.41E0);
#3383=CARTESIAN_POINT('',(7.077574047860E-1,-2.075E0,-1.E0));
#3384=LINE('',#3383,#3382);
#3385=DIRECTION('',(1.E0,0.E0,0.E0));
#3386=VECTOR('',#3385,2.222425952140E-1);
#3387=CARTESIAN_POINT('',(7.077574047860E-1,-6.65E-1,-1.E0));
#3388=LINE('',#3387,#3386);
#3389=DIRECTION('',(0.E0,-1.E0,0.E0));
#3390=VECTOR('',#3389,1.41E0);
#3391=CARTESIAN_POINT('',(9.3E-1,-6.65E-1,-1.E0));
#3392=LINE('',#3391,#3390);
#3393=DIRECTION('',(-1.E0,0.E0,0.E0));
#3394=VECTOR('',#3393,2.222425952140E-1);
#3395=CARTESIAN_POINT('',(9.3E-1,-2.075E0,-1.E0));
#3396=LINE('',#3395,#3394);
#3397=DIRECTION('',(0.E0,1.E0,0.E0));
#3398=VECTOR('',#3397,1.41E0);
#3399=CARTESIAN_POINT('',(-9.3E-1,6.65E-1,-3.E-1));
#3400=LINE('',#3399,#3398);
#3401=DIRECTION('',(0.E0,0.E0,1.E0));
#3402=VECTOR('',#3401,7.E-1);
#3403=CARTESIAN_POINT('',(-9.3E-1,6.65E-1,-1.E0));
#3404=LINE('',#3403,#3402);
#3405=CARTESIAN_POINT('',(-1.064168760482E0,6.65E-1,-5.E-2));
#3406=CARTESIAN_POINT('',(-1.072158687616E0,6.65E-1,-4.470008191893E-2));
#3407=CARTESIAN_POINT('',(-1.089325867950E0,6.633251652666E-1,
-3.441706158601E-2));
#3408=CARTESIAN_POINT('',(-1.118703288251E0,6.564844863359E-1,
-2.073096314946E-2));
#3409=CARTESIAN_POINT('',(-1.151850648152E0,6.457967195929E-1,
-9.610885533876E-3));
#3410=CARTESIAN_POINT('',(-1.188490445280E0,6.319274606962E-1,
-2.032976800388E-3));
#3411=CARTESIAN_POINT('',(-1.215744457438E0,6.208198008805E-1,0.E0));
#3412=CARTESIAN_POINT('',(-1.23E0,6.15E-1,0.E0));
#3414=CARTESIAN_POINT('',(-1.23E0,2.075E0,-3.E-1));
#3415=DIRECTION('',(0.E0,1.E0,0.E0));
#3416=DIRECTION('',(9.428090415821E-1,0.E0,3.333333333333E-1));
#3417=AXIS2_PLACEMENT_3D('',#3414,#3415,#3416);
#3419=CARTESIAN_POINT('',(1.064168760482E0,6.65E-1,-5.E-2));
#3420=CARTESIAN_POINT('',(1.072121628956E0,6.65E-1,-4.472466385281E-2));
#3421=CARTESIAN_POINT('',(1.089336642562E0,6.633259887444E-1,
-3.440934463103E-2));
#3422=CARTESIAN_POINT('',(1.118691324995E0,6.564866652553E-1,
-2.073685494802E-2));
#3423=CARTESIAN_POINT('',(1.151845074709E0,6.457991336214E-1,
-9.611963872778E-3));
#3424=CARTESIAN_POINT('',(1.188483852424E0,6.319300028471E-1,
-2.033706004324E-3));
#3425=CARTESIAN_POINT('',(1.215745927075E0,6.208192009037E-1,0.E0));
#3426=CARTESIAN_POINT('',(1.23E0,6.15E-1,0.E0));
#3428=CARTESIAN_POINT('',(1.23E0,6.65E-1,-3.E-1));
#3429=DIRECTION('',(0.E0,-1.E0,0.E0));
#3430=DIRECTION('',(-5.527707983926E-1,0.E0,8.333333333333E-1));
#3431=AXIS2_PLACEMENT_3D('',#3428,#3429,#3430);
#3433=CARTESIAN_POINT('',(9.471572875254E-1,2.075E0,-2.E-1));
#3434=CARTESIAN_POINT('',(9.539829379390E-1,2.075E0,-1.806941452260E-1));
#3435=CARTESIAN_POINT('',(9.721164250292E-1,2.080527587901E0,
-1.418284926514E-1));
#3436=CARTESIAN_POINT('',(1.015480984163E0,2.106729272741E0,
-8.618750521468E-2));
#3437=CARTESIAN_POINT('',(1.073162603126E0,2.148896856032E0,
-4.063410943032E-2));
#3438=CARTESIAN_POINT('',(1.144049746646E0,2.204859033425E0,
-8.826003035210E-3));
#3439=CARTESIAN_POINT('',(1.200196204182E0,2.250665302616E0,0.E0));
#3440=CARTESIAN_POINT('',(1.23E0,2.275E0,0.E0));
#3442=DIRECTION('',(0.E0,-1.E0,0.E0));
#3443=VECTOR('',#3442,1.41E0);
#3444=CARTESIAN_POINT('',(9.3E-1,2.075E0,-3.E-1));
#3445=LINE('',#3444,#3443);
#3446=DIRECTION('',(0.E0,0.E0,1.E0));
#3447=VECTOR('',#3446,7.E-1);
#3448=CARTESIAN_POINT('',(9.3E-1,2.075E0,-1.E0));
#3449=LINE('',#3448,#3447);
#3450=DIRECTION('',(9.563047559630E-1,0.E0,-2.923717047227E-1));
#3451=VECTOR('',#3450,1.392998116480E-1);
#3452=CARTESIAN_POINT('',(5.75E-1,1.87E0,-4.E-1));
#3453=LINE('',#3452,#3451);
#3454=DIRECTION('',(0.E0,-1.E0,0.E0));
#3455=VECTOR('',#3454,1.41E0);
#3456=CARTESIAN_POINT('',(8.999410633260E-1,2.075E0,-4.993444527246E-1));
#3457=LINE('',#3456,#3455);
#3458=DIRECTION('',(0.E0,1.E0,0.E0));
#3459=VECTOR('',#3458,1.205E0);
#3460=CARTESIAN_POINT('',(7.082130723837E-1,6.65E-1,-4.407273233991E-1));
#3461=LINE('',#3460,#3459);
#3462=DIRECTION('',(0.E0,1.E0,0.E0));
#3463=VECTOR('',#3462,1.41E0);
#3464=CARTESIAN_POINT('',(-8.999410633260E-1,-2.075E0,-4.993444527246E-1));
#3465=LINE('',#3464,#3463);
#3466=DIRECTION('',(-9.563047559630E-1,0.E0,-2.923717047227E-1));
#3467=VECTOR('',#3466,1.392998116480E-1);
#3468=CARTESIAN_POINT('',(-5.75E-1,-1.87E0,-4.E-1));
#3469=LINE('',#3468,#3467);
#3470=DIRECTION('',(0.E0,1.E0,0.E0));
#3471=VECTOR('',#3470,2.05E-1);
#3472=CARTESIAN_POINT('',(-5.75E-1,-2.075E0,-4.E-1));
#3473=LINE('',#3472,#3471);
#3474=DIRECTION('',(0.E0,-1.E0,0.E0));
#3475=VECTOR('',#3474,1.205E0);
#3476=CARTESIAN_POINT('',(-7.082130723837E-1,-6.65E-1,-4.407273233991E-1));
#3477=LINE('',#3476,#3475);
#3478=DIRECTION('',(-3.583679495453E-1,0.E0,-9.335804264972E-1));
#3479=VECTOR('',#3478,5.990621276191E-1);
#3480=CARTESIAN_POINT('',(7.082130723837E-1,-1.87E0,-4.407273233991E-1));
#3481=LINE('',#3480,#3479);
#3482=DIRECTION('',(-3.583679495453E-1,0.E0,9.335804264972E-1));
#3483=VECTOR('',#3482,5.990621276191E-1);
#3484=CARTESIAN_POINT('',(-4.935284060586E-1,-1.87E0,-1.E0));
#3485=LINE('',#3484,#3483);
#3486=DIRECTION('',(-1.E0,0.E0,0.E0));
#3487=VECTOR('',#3486,9.870568121172E-1);
#3488=CARTESIAN_POINT('',(4.935284060586E-1,-1.87E0,-1.E0));
#3489=LINE('',#3488,#3487);
#3490=DIRECTION('',(-9.563047559630E-1,0.E0,2.923717047227E-1));
#3491=VECTOR('',#3490,2.004883796162E-1);
#3492=CARTESIAN_POINT('',(8.999410633260E-1,-6.65E-1,-4.993444527246E-1));
#3493=LINE('',#3492,#3491);
#3494=DIRECTION('',(-3.583679495453E-1,0.E0,-9.335804264972E-1));
#3495=VECTOR('',#3494,5.990621276191E-1);
#3496=CARTESIAN_POINT('',(7.082130723837E-1,-6.65E-1,-4.407273233991E-1));
#3497=LINE('',#3496,#3495);
#3498=DIRECTION('',(-1.E0,0.E0,0.E0));
#3499=VECTOR('',#3498,9.870568121172E-1);
#3500=CARTESIAN_POINT('',(4.935284060586E-1,-6.65E-1,-1.E0));
#3501=LINE('',#3500,#3499);
#3502=DIRECTION('',(-3.583679495453E-1,0.E0,9.335804264972E-1));
#3503=VECTOR('',#3502,5.990621276191E-1);
#3504=CARTESIAN_POINT('',(-4.935284060586E-1,-6.65E-1,-1.E0));
#3505=LINE('',#3504,#3503);
#3506=DIRECTION('',(-9.563047559630E-1,0.E0,-2.923717047227E-1));
#3507=VECTOR('',#3506,2.004883796162E-1);
#3508=CARTESIAN_POINT('',(-7.082130723837E-1,-6.65E-1,-4.407273233991E-1));
#3509=LINE('',#3508,#3507);
#3510=DIRECTION('',(3.583679495453E-1,0.E0,-9.335804264972E-1));
#3511=VECTOR('',#3510,5.362746830007E-1);
#3512=CARTESIAN_POINT('',(-8.999410633260E-1,-6.65E-1,-4.993444527246E-1));
#3513=LINE('',#3512,#3511);
#3514=DIRECTION('',(0.E0,0.E0,-1.E0));
#3515=VECTOR('',#3514,7.E-1);
#3516=CARTESIAN_POINT('',(-9.3E-1,-6.65E-1,-3.E-1));
#3517=LINE('',#3516,#3515);
#3518=DIRECTION('',(1.E0,0.E0,0.E0));
#3519=VECTOR('',#3518,2.128337520964E0);
#3520=CARTESIAN_POINT('',(-1.064168760482E0,-6.65E-1,-5.E-2));
#3521=LINE('',#3520,#3519);
#3522=CARTESIAN_POINT('',(1.23E0,-6.65E-1,-3.E-1));
#3523=DIRECTION('',(0.E0,1.E0,0.E0));
#3524=DIRECTION('',(-1.E0,0.E0,0.E0));
#3525=AXIS2_PLACEMENT_3D('',#3522,#3523,#3524);
#3527=DIRECTION('',(3.583679495453E-1,0.E0,9.335804264972E-1));
#3528=VECTOR('',#3527,5.362746830007E-1);
#3529=CARTESIAN_POINT('',(7.077574047860E-1,-6.65E-1,-1.E0));
#3530=LINE('',#3529,#3528);
#3531=DIRECTION('',(9.563047559630E-1,0.E0,-2.923717047227E-1));
#3532=VECTOR('',#3531,1.392998116480E-1);
#3533=CARTESIAN_POINT('',(5.75E-1,-1.87E0,-4.E-1));
#3534=LINE('',#3533,#3532);
#3535=DIRECTION('',(0.E0,-1.E0,0.E0));
#3536=VECTOR('',#3535,1.205E0);
#3537=CARTESIAN_POINT('',(7.082130723837E-1,-6.65E-1,-4.407273233991E-1));
#3538=LINE('',#3537,#3536);
#3539=DIRECTION('',(0.E0,1.E0,0.E0));
#3540=VECTOR('',#3539,1.41E0);
#3541=CARTESIAN_POINT('',(8.999410633260E-1,-2.075E0,-4.993444527246E-1));
#3542=LINE('',#3541,#3540);
#3543=DIRECTION('',(-1.E0,0.E0,0.E0));
#3544=VECTOR('',#3543,1.15E0);
#3545=CARTESIAN_POINT('',(5.75E-1,-2.075E0,-4.E-1));
#3546=LINE('',#3545,#3544);
#3547=DIRECTION('',(-9.563047559630E-1,0.E0,2.923717047227E-1));
#3548=VECTOR('',#3547,3.397881912642E-1);
#3549=CARTESIAN_POINT('',(8.999410633260E-1,-2.075E0,-4.993444527246E-1));
#3550=LINE('',#3549,#3548);
#3551=DIRECTION('',(3.583679495453E-1,0.E0,9.335804264972E-1));
#3552=VECTOR('',#3551,5.362746830007E-1);
#3553=CARTESIAN_POINT('',(7.077574047860E-1,-2.075E0,-1.E0));
#3554=LINE('',#3553,#3552);
#3555=DIRECTION('',(0.E0,0.E0,-1.E0));
#3556=VECTOR('',#3555,7.E-1);
#3557=CARTESIAN_POINT('',(9.3E-1,-2.075E0,-3.E-1));
#3558=LINE('',#3557,#3556);
#3559=DIRECTION('',(-1.E0,0.E0,0.E0));
#3560=VECTOR('',#3559,1.894314575051E0);
#3561=CARTESIAN_POINT('',(9.471572875254E-1,-2.075E0,-2.E-1));
#3562=LINE('',#3561,#3560);
#3563=CARTESIAN_POINT('',(-1.23E0,-2.075E0,-3.E-1));
#3564=DIRECTION('',(0.E0,-1.E0,0.E0));
#3565=DIRECTION('',(1.E0,0.E0,0.E0));
#3566=AXIS2_PLACEMENT_3D('',#3563,#3564,#3565);
#3568=DIRECTION('',(3.583679495453E-1,0.E0,-9.335804264972E-1));
#3569=VECTOR('',#3568,5.362746830007E-1);
#3570=CARTESIAN_POINT('',(-8.999410633260E-1,-2.075E0,-4.993444527246E-1));
#3571=LINE('',#3570,#3569);
#3572=DIRECTION('',(-9.563047559630E-1,0.E0,-2.923717047227E-1));
#3573=VECTOR('',#3572,3.397881912642E-1);
#3574=CARTESIAN_POINT('',(-5.75E-1,-2.075E0,-4.E-1));
#3575=LINE('',#3574,#3573);
#3576=DIRECTION('',(-1.E0,0.E0,0.E0));
#3577=VECTOR('',#3576,1.15E0);
#3578=CARTESIAN_POINT('',(5.75E-1,-1.87E0,-4.E-1));
#3579=LINE('',#3578,#3577);
#3580=DIRECTION('',(0.E0,1.E0,0.E0));
#3581=VECTOR('',#3580,2.05E-1);
#3582=CARTESIAN_POINT('',(5.75E-1,-2.075E0,-4.E-1));
#3583=LINE('',#3582,#3581);
#3584=DIRECTION('',(0.E0,-1.E0,0.E0));
#3585=VECTOR('',#3584,1.41E0);
#3586=CARTESIAN_POINT('',(9.3E-1,-6.65E-1,-3.E-1));
#3587=LINE('',#3586,#3585);
#3588=DIRECTION('',(0.E0,0.E0,-1.E0));
#3589=VECTOR('',#3588,7.E-1);
#3590=CARTESIAN_POINT('',(9.3E-1,-6.65E-1,-3.E-1));
#3591=LINE('',#3590,#3589);
#3592=CARTESIAN_POINT('',(1.064168760482E0,-6.65E-1,-5.E-2));
#3593=CARTESIAN_POINT('',(1.072158687616E0,-6.65E-1,-4.470008191893E-2));
#3594=CARTESIAN_POINT('',(1.089325867950E0,-6.633251652666E-1,
-3.441706158601E-2));
#3595=CARTESIAN_POINT('',(1.118703288251E0,-6.564844863359E-1,
-2.073096314946E-2));
#3596=CARTESIAN_POINT('',(1.151850648152E0,-6.457967195929E-1,
-9.610885533876E-3));
#3597=CARTESIAN_POINT('',(1.188490445280E0,-6.319274606962E-1,
-2.032976800387E-3));
#3598=CARTESIAN_POINT('',(1.215744457438E0,-6.208198008805E-1,0.E0));
#3599=CARTESIAN_POINT('',(1.23E0,-6.15E-1,0.E0));
#3601=CARTESIAN_POINT('',(1.23E0,-2.075E0,-3.E-1));
#3602=DIRECTION('',(0.E0,-1.E0,0.E0));
#3603=DIRECTION('',(-9.428090415821E-1,0.E0,3.333333333333E-1));
#3604=AXIS2_PLACEMENT_3D('',#3601,#3602,#3603);
#3606=CARTESIAN_POINT('',(-1.064168760482E0,-6.65E-1,-5.E-2));
#3607=CARTESIAN_POINT('',(-1.072121628956E0,-6.65E-1,-4.472466385281E-2));
#3608=CARTESIAN_POINT('',(-1.089336642562E0,-6.633259887444E-1,
-3.440934463103E-2));
#3609=CARTESIAN_POINT('',(-1.118691324995E0,-6.564866652553E-1,
-2.073685494803E-2));
#3610=CARTESIAN_POINT('',(-1.151845074709E0,-6.457991336214E-1,
-9.611963872776E-3));
#3611=CARTESIAN_POINT('',(-1.188483852424E0,-6.319300028471E-1,
-2.033706004324E-3));
#3612=CARTESIAN_POINT('',(-1.215745927075E0,-6.208192009037E-1,0.E0));
#3613=CARTESIAN_POINT('',(-1.23E0,-6.15E-1,0.E0));
#3615=CARTESIAN_POINT('',(-9.471572875254E-1,-2.075E0,-2.E-1));
#3616=CARTESIAN_POINT('',(-9.539829379413E-1,-2.075E0,-1.806941452195E-1));
#3617=CARTESIAN_POINT('',(-9.721164250378E-1,-2.080527587905E0,
-1.418284926374E-1));
#3618=CARTESIAN_POINT('',(-1.015480984168E0,-2.106729272745E0,
-8.618750520992E-2));
#3619=CARTESIAN_POINT('',(-1.073162603130E0,-2.148896856036E0,
-4.063410942797E-2));
#3620=CARTESIAN_POINT('',(-1.144049746647E0,-2.204859033426E0,
-8.826003035264E-3));
#3621=CARTESIAN_POINT('',(-1.200196204182E0,-2.250665302616E0,0.E0));
#3622=CARTESIAN_POINT('',(-1.23E0,-2.275E0,0.E0));
#3624=CARTESIAN_POINT('',(-1.23E0,-6.65E-1,-3.E-1));
#3625=DIRECTION('',(0.E0,1.E0,0.E0));
#3626=DIRECTION('',(5.527707983926E-1,0.E0,8.333333333333E-1));
#3627=AXIS2_PLACEMENT_3D('',#3624,#3625,#3626);
#3629=DIRECTION('',(0.E0,1.E0,0.E0));
#3630=VECTOR('',#3629,1.41E0);
#3631=CARTESIAN_POINT('',(-9.3E-1,-2.075E0,-3.E-1));
#3632=LINE('',#3631,#3630);
#3633=DIRECTION('',(0.E0,0.E0,-1.E0));
#3634=VECTOR('',#3633,7.E-1);
#3635=CARTESIAN_POINT('',(-9.3E-1,-2.075E0,-3.E-1));
#3636=LINE('',#3635,#3634);
#3637=CARTESIAN_POINT('',(9.471572875254E-1,-2.075E0,-2.E-1));
#3638=CARTESIAN_POINT('',(9.539304732377E-1,-2.075E0,-1.808425378105E-1));
#3639=CARTESIAN_POINT('',(9.721388145209E-1,-2.080526858981E0,
-1.417635458092E-1));
#3640=CARTESIAN_POINT('',(1.015470797599E0,-2.106726692641E0,
-8.620925147305E-2));
#3641=CARTESIAN_POINT('',(1.073161792476E0,-2.148894927435E0,
-4.063123908718E-2));
#3642=CARTESIAN_POINT('',(1.144042895426E0,-2.204853850458E0,
-8.827937442755E-3));
#3643=CARTESIAN_POINT('',(1.200203785048E0,-2.250671492367E0,0.E0));
#3644=CARTESIAN_POINT('',(1.23E0,-2.275E0,0.E0));
#3646=DIRECTION('',(0.E0,-1.E0,0.E0));
#3647=VECTOR('',#3646,1.205E0);
#3648=CARTESIAN_POINT('',(4.935284060586E-1,-6.65E-1,-1.E0));
#3649=LINE('',#3648,#3647);
#3650=DIRECTION('',(0.E0,-1.E0,0.E0));
#3651=VECTOR('',#3650,1.205E0);
#3652=CARTESIAN_POINT('',(-4.935284060586E-1,-6.65E-1,-1.E0));
#3653=LINE('',#3652,#3651);
#3654=CARTESIAN_POINT('',(-3.487157287525E0,2.075E0,-2.E-1));
#3655=CARTESIAN_POINT('',(-3.493930473236E0,2.075E0,-1.808425378162E-1));
#3656=CARTESIAN_POINT('',(-3.512138814513E0,2.080526858977E0,
-1.417635458216E-1));
#3657=CARTESIAN_POINT('',(-3.555470797593E0,2.106726692636E0,
-8.620925147841E-2));
#3658=CARTESIAN_POINT('',(-3.613161792471E0,2.148894927431E0,-4.063123909E-2));
#3659=CARTESIAN_POINT('',(-3.684042895424E0,2.204853850457E0,
-8.827937442974E-3));
#3660=CARTESIAN_POINT('',(-3.740203785047E0,2.250671492366E0,0.E0));
#3661=CARTESIAN_POINT('',(-3.77E0,2.275E0,0.E0));
#3663=DIRECTION('',(-1.E0,0.E0,0.E0));
#3664=VECTOR('',#3663,1.15E0);
#3665=CARTESIAN_POINT('',(-1.965E0,2.075E0,-4.E-1));
#3666=LINE('',#3665,#3664);
#3667=DIRECTION('',(-9.563047559630E-1,0.E0,-2.923717047227E-1));
#3668=VECTOR('',#3667,3.397881912642E-1);
#3669=CARTESIAN_POINT('',(-3.115E0,2.075E0,-4.E-1));
#3670=LINE('',#3669,#3668);
#3671=DIRECTION('',(3.583679495453E-1,0.E0,-9.335804264972E-1));
#3672=VECTOR('',#3671,5.362746830007E-1);
#3673=CARTESIAN_POINT('',(-3.439941063326E0,2.075E0,-4.993444527246E-1));
#3674=LINE('',#3673,#3672);
#3675=DIRECTION('',(0.E0,0.E0,1.E0));
#3676=VECTOR('',#3675,7.E-1);
#3677=CARTESIAN_POINT('',(-3.47E0,2.075E0,-1.E0));
#3678=LINE('',#3677,#3676);
#3679=DIRECTION('',(1.E0,0.E0,0.E0));
#3680=VECTOR('',#3679,1.894314575051E0);
#3681=CARTESIAN_POINT('',(-3.487157287525E0,2.075E0,-2.E-1));
#3682=LINE('',#3681,#3680);
#3683=CARTESIAN_POINT('',(-1.31E0,2.075E0,-3.E-1));
#3684=DIRECTION('',(0.E0,1.E0,0.E0));
#3685=DIRECTION('',(-1.E0,0.E0,0.E0));
#3686=AXIS2_PLACEMENT_3D('',#3683,#3684,#3685);
#3688=DIRECTION('',(3.583679495453E-1,0.E0,9.335804264972E-1));
#3689=VECTOR('',#3688,5.362746830007E-1);
#3690=CARTESIAN_POINT('',(-1.832242595214E0,2.075E0,-1.E0));
#3691=LINE('',#3690,#3689);
#3692=DIRECTION('',(-9.563047559630E-1,0.E0,2.923717047227E-1));
#3693=VECTOR('',#3692,3.397881912642E-1);
#3694=CARTESIAN_POINT('',(-1.640058936674E0,2.075E0,-4.993444527246E-1));
#3695=LINE('',#3694,#3693);
#3696=DIRECTION('',(-1.E0,0.E0,0.E0));
#3697=VECTOR('',#3696,1.15E0);
#3698=CARTESIAN_POINT('',(-1.965E0,1.87E0,-4.E-1));
#3699=LINE('',#3698,#3697);
#3700=DIRECTION('',(0.E0,-1.E0,0.E0));
#3701=VECTOR('',#3700,2.05E-1);
#3702=CARTESIAN_POINT('',(-1.965E0,2.075E0,-4.E-1));
#3703=LINE('',#3702,#3701);
#3704=DIRECTION('',(-3.583679495453E-1,0.E0,-9.335804264972E-1));
#3705=VECTOR('',#3704,5.990621276191E-1);
#3706=CARTESIAN_POINT('',(-1.831786927616E0,1.87E0,-4.407273233991E-1));
#3707=LINE('',#3706,#3705);
#3708=DIRECTION('',(1.E0,0.E0,0.E0));
#3709=VECTOR('',#3708,9.870568121172E-1);
#3710=CARTESIAN_POINT('',(-3.033528406059E0,1.87E0,-1.E0));
#3711=LINE('',#3710,#3709);
#3712=DIRECTION('',(-3.583679495453E-1,0.E0,9.335804264972E-1));
#3713=VECTOR('',#3712,5.990621276191E-1);
#3714=CARTESIAN_POINT('',(-3.033528406059E0,1.87E0,-1.E0));
#3715=LINE('',#3714,#3713);
#3716=DIRECTION('',(-9.563047559630E-1,0.E0,-2.923717047227E-1));
#3717=VECTOR('',#3716,2.004883796162E-1);
#3718=CARTESIAN_POINT('',(-3.248213072384E0,6.65E-1,-4.407273233991E-1));
#3719=LINE('',#3718,#3717);
#3720=DIRECTION('',(-3.583679495453E-1,0.E0,9.335804264972E-1));
#3721=VECTOR('',#3720,5.990621276191E-1);
#3722=CARTESIAN_POINT('',(-3.033528406059E0,6.65E-1,-1.E0));
#3723=LINE('',#3722,#3721);
#3724=DIRECTION('',(-1.E0,0.E0,0.E0));
#3725=VECTOR('',#3724,9.870568121172E-1);
#3726=CARTESIAN_POINT('',(-2.046471593941E0,6.65E-1,-1.E0));
#3727=LINE('',#3726,#3725);
#3728=DIRECTION('',(-3.583679495453E-1,0.E0,-9.335804264972E-1));
#3729=VECTOR('',#3728,5.990621276191E-1);
#3730=CARTESIAN_POINT('',(-1.831786927616E0,6.65E-1,-4.407273233991E-1));
#3731=LINE('',#3730,#3729);
#3732=DIRECTION('',(-9.563047559630E-1,0.E0,2.923717047227E-1));
#3733=VECTOR('',#3732,2.004883796162E-1);
#3734=CARTESIAN_POINT('',(-1.640058936674E0,6.65E-1,-4.993444527246E-1));
#3735=LINE('',#3734,#3733);
#3736=DIRECTION('',(3.583679495453E-1,0.E0,9.335804264972E-1));
#3737=VECTOR('',#3736,5.362746830007E-1);
#3738=CARTESIAN_POINT('',(-1.832242595214E0,6.65E-1,-1.E0));
#3739=LINE('',#3738,#3737);
#3740=DIRECTION('',(0.E0,0.E0,1.E0));
#3741=VECTOR('',#3740,7.E-1);
#3742=CARTESIAN_POINT('',(-1.61E0,6.65E-1,-1.E0));
#3743=LINE('',#3742,#3741);
#3744=DIRECTION('',(-1.E0,0.E0,0.E0));
#3745=VECTOR('',#3744,2.128337520964E0);
#3746=CARTESIAN_POINT('',(-1.475831239518E0,6.65E-1,-5.E-2));
#3747=LINE('',#3746,#3745);
#3748=CARTESIAN_POINT('',(-3.77E0,6.65E-1,-3.E-1));
#3749=DIRECTION('',(0.E0,-1.E0,0.E0));
#3750=DIRECTION('',(1.E0,0.E0,0.E0));
#3751=AXIS2_PLACEMENT_3D('',#3748,#3749,#3750);
#3753=DIRECTION('',(3.583679495453E-1,0.E0,-9.335804264972E-1));
#3754=VECTOR('',#3753,5.362746830007E-1);
#3755=CARTESIAN_POINT('',(-3.439941063326E0,6.65E-1,-4.993444527246E-1));
#3756=LINE('',#3755,#3754);
#3757=DIRECTION('',(-9.563047559630E-1,0.E0,-2.923717047227E-1));
#3758=VECTOR('',#3757,1.392998116480E-1);
#3759=CARTESIAN_POINT('',(-3.115E0,1.87E0,-4.E-1));
#3760=LINE('',#3759,#3758);
#3761=DIRECTION('',(0.E0,1.E0,0.E0));
#3762=VECTOR('',#3761,1.205E0);
#3763=CARTESIAN_POINT('',(-3.248213072384E0,6.65E-1,-4.407273233991E-1));
#3764=LINE('',#3763,#3762);
#3765=DIRECTION('',(0.E0,-1.E0,0.E0));
#3766=VECTOR('',#3765,2.05E-1);
#3767=CARTESIAN_POINT('',(-3.115E0,2.075E0,-4.E-1));
#3768=LINE('',#3767,#3766);
#3769=DIRECTION('',(0.E0,-1.E0,0.E0));
#3770=VECTOR('',#3769,1.205E0);
#3771=CARTESIAN_POINT('',(-3.033528406059E0,1.87E0,-1.E0));
#3772=LINE('',#3771,#3770);
#3773=DIRECTION('',(0.E0,-1.E0,0.E0));
#3774=VECTOR('',#3773,1.205E0);
#3775=CARTESIAN_POINT('',(-2.046471593941E0,1.87E0,-1.E0));
#3776=LINE('',#3775,#3774);
#3777=DIRECTION('',(0.E0,-1.E0,0.E0));
#3778=VECTOR('',#3777,1.41E0);
#3779=CARTESIAN_POINT('',(-3.439941063326E0,2.075E0,-4.993444527246E-1));
#3780=LINE('',#3779,#3778);
#3781=DIRECTION('',(0.E0,-1.E0,0.E0));
#3782=VECTOR('',#3781,1.41E0);
#3783=CARTESIAN_POINT('',(-3.247757404786E0,2.075E0,-1.E0));
#3784=LINE('',#3783,#3782);
#3785=DIRECTION('',(1.E0,0.E0,0.E0));
#3786=VECTOR('',#3785,2.222425952140E-1);
#3787=CARTESIAN_POINT('',(-3.47E0,6.65E-1,-1.E0));
#3788=LINE('',#3787,#3786);
#3789=DIRECTION('',(0.E0,-1.E0,0.E0));
#3790=VECTOR('',#3789,1.41E0);
#3791=CARTESIAN_POINT('',(-3.47E0,2.075E0,-1.E0));
#3792=LINE('',#3791,#3790);
#3793=DIRECTION('',(-1.E0,0.E0,0.E0));
#3794=VECTOR('',#3793,2.222425952140E-1);
#3795=CARTESIAN_POINT('',(-3.247757404786E0,2.075E0,-1.E0));
#3796=LINE('',#3795,#3794);
#3797=DIRECTION('',(0.E0,-1.E0,0.E0));
#3798=VECTOR('',#3797,1.41E0);
#3799=CARTESIAN_POINT('',(-1.832242595214E0,2.075E0,-1.E0));
#3800=LINE('',#3799,#3798);
#3801=DIRECTION('',(-1.E0,0.E0,0.E0));
#3802=VECTOR('',#3801,2.222425952140E-1);
#3803=CARTESIAN_POINT('',(-1.61E0,2.075E0,-1.E0));
#3804=LINE('',#3803,#3802);
#3805=DIRECTION('',(0.E0,1.E0,0.E0));
#3806=VECTOR('',#3805,1.41E0);
#3807=CARTESIAN_POINT('',(-1.61E0,6.65E-1,-1.E0));
#3808=LINE('',#3807,#3806);
#3809=DIRECTION('',(1.E0,0.E0,0.E0));
#3810=VECTOR('',#3809,2.222425952140E-1);
#3811=CARTESIAN_POINT('',(-1.832242595214E0,6.65E-1,-1.E0));
#3812=LINE('',#3811,#3810);
#3813=DIRECTION('',(0.E0,1.E0,0.E0));
#3814=VECTOR('',#3813,1.41E0);
#3815=CARTESIAN_POINT('',(-3.247757404786E0,-2.075E0,-1.E0));
#3816=LINE('',#3815,#3814);
#3817=DIRECTION('',(-1.E0,0.E0,0.E0));
#3818=VECTOR('',#3817,2.222425952140E-1);
#3819=CARTESIAN_POINT('',(-3.247757404786E0,-2.075E0,-1.E0));
#3820=LINE('',#3819,#3818);
#3821=DIRECTION('',(0.E0,1.E0,0.E0));
#3822=VECTOR('',#3821,1.41E0);
#3823=CARTESIAN_POINT('',(-3.47E0,-2.075E0,-1.E0));
#3824=LINE('',#3823,#3822);
#3825=DIRECTION('',(1.E0,0.E0,0.E0));
#3826=VECTOR('',#3825,2.222425952140E-1);
#3827=CARTESIAN_POINT('',(-3.47E0,-6.65E-1,-1.E0));
#3828=LINE('',#3827,#3826);
#3829=DIRECTION('',(0.E0,1.E0,0.E0));
#3830=VECTOR('',#3829,1.41E0);
#3831=CARTESIAN_POINT('',(-1.832242595214E0,-2.075E0,-1.E0));
#3832=LINE('',#3831,#3830);
#3833=DIRECTION('',(1.E0,0.E0,0.E0));
#3834=VECTOR('',#3833,2.222425952140E-1);
#3835=CARTESIAN_POINT('',(-1.832242595214E0,-6.65E-1,-1.E0));
#3836=LINE('',#3835,#3834);
#3837=DIRECTION('',(0.E0,-1.E0,0.E0));
#3838=VECTOR('',#3837,1.41E0);
#3839=CARTESIAN_POINT('',(-1.61E0,-6.65E-1,-1.E0));
#3840=LINE('',#3839,#3838);
#3841=DIRECTION('',(-1.E0,0.E0,0.E0));
#3842=VECTOR('',#3841,2.222425952140E-1);
#3843=CARTESIAN_POINT('',(-1.61E0,-2.075E0,-1.E0));
#3844=LINE('',#3843,#3842);
#3845=DIRECTION('',(0.E0,1.E0,0.E0));
#3846=VECTOR('',#3845,1.41E0);
#3847=CARTESIAN_POINT('',(-3.47E0,6.65E-1,-3.E-1));
#3848=LINE('',#3847,#3846);
#3849=DIRECTION('',(0.E0,0.E0,1.E0));
#3850=VECTOR('',#3849,7.E-1);
#3851=CARTESIAN_POINT('',(-3.47E0,6.65E-1,-1.E0));
#3852=LINE('',#3851,#3850);
#3853=CARTESIAN_POINT('',(-3.604168760482E0,6.65E-1,-5.E-2));
#3854=CARTESIAN_POINT('',(-3.612158687616E0,6.65E-1,-4.470008191893E-2));
#3855=CARTESIAN_POINT('',(-3.629325867950E0,6.633251652666E-1,
-3.441706158601E-2));
#3856=CARTESIAN_POINT('',(-3.658703288251E0,6.564844863359E-1,
-2.073096314946E-2));
#3857=CARTESIAN_POINT('',(-3.691850648152E0,6.457967195929E-1,
-9.610885533876E-3));
#3858=CARTESIAN_POINT('',(-3.728490445280E0,6.319274606962E-1,
-2.032976800387E-3));
#3859=CARTESIAN_POINT('',(-3.755744457438E0,6.208198008805E-1,0.E0));
#3860=CARTESIAN_POINT('',(-3.77E0,6.15E-1,0.E0));
#3862=CARTESIAN_POINT('',(-3.77E0,2.075E0,-3.E-1));
#3863=DIRECTION('',(0.E0,1.E0,0.E0));
#3864=DIRECTION('',(9.428090415821E-1,0.E0,3.333333333333E-1));
#3865=AXIS2_PLACEMENT_3D('',#3862,#3863,#3864);
#3867=CARTESIAN_POINT('',(-1.475831239518E0,6.65E-1,-5.E-2));
#3868=CARTESIAN_POINT('',(-1.467878371044E0,6.65E-1,-4.472466385281E-2));
#3869=CARTESIAN_POINT('',(-1.450663357438E0,6.633259887444E-1,
-3.440934463103E-2));
#3870=CARTESIAN_POINT('',(-1.421308675005E0,6.564866652553E-1,
-2.073685494803E-2));
#3871=CARTESIAN_POINT('',(-1.388154925291E0,6.457991336214E-1,
-9.611963872778E-3));
#3872=CARTESIAN_POINT('',(-1.351516147576E0,6.319300028471E-1,
-2.033706004323E-3));
#3873=CARTESIAN_POINT('',(-1.324254072925E0,6.208192009037E-1,0.E0));
#3874=CARTESIAN_POINT('',(-1.31E0,6.15E-1,0.E0));
#3876=CARTESIAN_POINT('',(-1.31E0,6.65E-1,-3.E-1));
#3877=DIRECTION('',(0.E0,-1.E0,0.E0));
#3878=DIRECTION('',(-5.527707983926E-1,0.E0,8.333333333333E-1));
#3879=AXIS2_PLACEMENT_3D('',#3876,#3877,#3878);
#3881=CARTESIAN_POINT('',(-1.592842712475E0,2.075E0,-2.E-1));
#3882=CARTESIAN_POINT('',(-1.586017062062E0,2.075E0,-1.806941452294E-1));
#3883=CARTESIAN_POINT('',(-1.567883574975E0,2.080527587899E0,
-1.418284926587E-1));
#3884=CARTESIAN_POINT('',(-1.524519015840E0,2.106729272739E0,
-8.618750521715E-2));
#3885=CARTESIAN_POINT('',(-1.466837396877E0,2.148896856031E0,
-4.063410943154E-2));
#3886=CARTESIAN_POINT('',(-1.395950253354E0,2.204859033425E0,
-8.826003035181E-3));
#3887=CARTESIAN_POINT('',(-1.339803795819E0,2.250665302615E0,0.E0));
#3888=CARTESIAN_POINT('',(-1.31E0,2.275E0,0.E0));
#3890=DIRECTION('',(0.E0,-1.E0,0.E0));
#3891=VECTOR('',#3890,1.41E0);
#3892=CARTESIAN_POINT('',(-1.61E0,2.075E0,-3.E-1));
#3893=LINE('',#3892,#3891);
#3894=DIRECTION('',(0.E0,0.E0,1.E0));
#3895=VECTOR('',#3894,7.E-1);
#3896=CARTESIAN_POINT('',(-1.61E0,2.075E0,-1.E0));
#3897=LINE('',#3896,#3895);
#3898=DIRECTION('',(9.563047559630E-1,0.E0,-2.923717047227E-1));
#3899=VECTOR('',#3898,1.392998116480E-1);
#3900=CARTESIAN_POINT('',(-1.965E0,1.87E0,-4.E-1));
#3901=LINE('',#3900,#3899);
#3902=DIRECTION('',(0.E0,-1.E0,0.E0));
#3903=VECTOR('',#3902,1.41E0);
#3904=CARTESIAN_POINT('',(-1.640058936674E0,2.075E0,-4.993444527246E-1));
#3905=LINE('',#3904,#3903);
#3906=DIRECTION('',(0.E0,1.E0,0.E0));
#3907=VECTOR('',#3906,1.205E0);
#3908=CARTESIAN_POINT('',(-1.831786927616E0,6.65E-1,-4.407273233991E-1));
#3909=LINE('',#3908,#3907);
#3910=DIRECTION('',(0.E0,1.E0,0.E0));
#3911=VECTOR('',#3910,1.41E0);
#3912=CARTESIAN_POINT('',(-3.439941063326E0,-2.075E0,-4.993444527246E-1));
#3913=LINE('',#3912,#3911);
#3914=DIRECTION('',(-9.563047559630E-1,0.E0,-2.923717047227E-1));
#3915=VECTOR('',#3914,1.392998116480E-1);
#3916=CARTESIAN_POINT('',(-3.115E0,-1.87E0,-4.E-1));
#3917=LINE('',#3916,#3915);
#3918=DIRECTION('',(0.E0,1.E0,0.E0));
#3919=VECTOR('',#3918,2.05E-1);
#3920=CARTESIAN_POINT('',(-3.115E0,-2.075E0,-4.E-1));
#3921=LINE('',#3920,#3919);
#3922=DIRECTION('',(0.E0,-1.E0,0.E0));
#3923=VECTOR('',#3922,1.205E0);
#3924=CARTESIAN_POINT('',(-3.248213072384E0,-6.65E-1,-4.407273233991E-1));
#3925=LINE('',#3924,#3923);
#3926=DIRECTION('',(-3.583679495453E-1,0.E0,-9.335804264972E-1));
#3927=VECTOR('',#3926,5.990621276191E-1);
#3928=CARTESIAN_POINT('',(-1.831786927616E0,-1.87E0,-4.407273233991E-1));
#3929=LINE('',#3928,#3927);
#3930=DIRECTION('',(-3.583679495453E-1,0.E0,9.335804264972E-1));
#3931=VECTOR('',#3930,5.990621276191E-1);
#3932=CARTESIAN_POINT('',(-3.033528406059E0,-1.87E0,-1.E0));
#3933=LINE('',#3932,#3931);
#3934=DIRECTION('',(-1.E0,0.E0,0.E0));
#3935=VECTOR('',#3934,9.870568121172E-1);
#3936=CARTESIAN_POINT('',(-2.046471593941E0,-1.87E0,-1.E0));
#3937=LINE('',#3936,#3935);
#3938=DIRECTION('',(-9.563047559630E-1,0.E0,2.923717047227E-1));
#3939=VECTOR('',#3938,2.004883796162E-1);
#3940=CARTESIAN_POINT('',(-1.640058936674E0,-6.65E-1,-4.993444527246E-1));
#3941=LINE('',#3940,#3939);
#3942=DIRECTION('',(-3.583679495453E-1,0.E0,-9.335804264972E-1));
#3943=VECTOR('',#3942,5.990621276191E-1);
#3944=CARTESIAN_POINT('',(-1.831786927616E0,-6.65E-1,-4.407273233991E-1));
#3945=LINE('',#3944,#3943);
#3946=DIRECTION('',(-1.E0,0.E0,0.E0));
#3947=VECTOR('',#3946,9.870568121172E-1);
#3948=CARTESIAN_POINT('',(-2.046471593941E0,-6.65E-1,-1.E0));
#3949=LINE('',#3948,#3947);
#3950=DIRECTION('',(-3.583679495453E-1,0.E0,9.335804264972E-1));
#3951=VECTOR('',#3950,5.990621276191E-1);
#3952=CARTESIAN_POINT('',(-3.033528406059E0,-6.65E-1,-1.E0));
#3953=LINE('',#3952,#3951);
#3954=DIRECTION('',(-9.563047559630E-1,0.E0,-2.923717047227E-1));
#3955=VECTOR('',#3954,2.004883796162E-1);
#3956=CARTESIAN_POINT('',(-3.248213072384E0,-6.65E-1,-4.407273233991E-1));
#3957=LINE('',#3956,#3955);
#3958=DIRECTION('',(3.583679495453E-1,0.E0,-9.335804264972E-1));
#3959=VECTOR('',#3958,5.362746830007E-1);
#3960=CARTESIAN_POINT('',(-3.439941063326E0,-6.65E-1,-4.993444527246E-1));
#3961=LINE('',#3960,#3959);
#3962=DIRECTION('',(0.E0,0.E0,-1.E0));
#3963=VECTOR('',#3962,7.E-1);
#3964=CARTESIAN_POINT('',(-3.47E0,-6.65E-1,-3.E-1));
#3965=LINE('',#3964,#3963);
#3966=DIRECTION('',(1.E0,0.E0,0.E0));
#3967=VECTOR('',#3966,2.128337520964E0);
#3968=CARTESIAN_POINT('',(-3.604168760482E0,-6.65E-1,-5.E-2));
#3969=LINE('',#3968,#3967);
#3970=CARTESIAN_POINT('',(-1.31E0,-6.65E-1,-3.E-1));
#3971=DIRECTION('',(0.E0,1.E0,0.E0));
#3972=DIRECTION('',(-1.E0,0.E0,0.E0));
#3973=AXIS2_PLACEMENT_3D('',#3970,#3971,#3972);
#3975=DIRECTION('',(3.583679495453E-1,0.E0,9.335804264972E-1));
#3976=VECTOR('',#3975,5.362746830007E-1);
#3977=CARTESIAN_POINT('',(-1.832242595214E0,-6.65E-1,-1.E0));
#3978=LINE('',#3977,#3976);
#3979=DIRECTION('',(9.563047559630E-1,0.E0,-2.923717047227E-1));
#3980=VECTOR('',#3979,1.392998116480E-1);
#3981=CARTESIAN_POINT('',(-1.965E0,-1.87E0,-4.E-1));
#3982=LINE('',#3981,#3980);
#3983=DIRECTION('',(0.E0,-1.E0,0.E0));
#3984=VECTOR('',#3983,1.205E0);
#3985=CARTESIAN_POINT('',(-1.831786927616E0,-6.65E-1,-4.407273233991E-1));
#3986=LINE('',#3985,#3984);
#3987=DIRECTION('',(0.E0,1.E0,0.E0));
#3988=VECTOR('',#3987,1.41E0);
#3989=CARTESIAN_POINT('',(-1.640058936674E0,-2.075E0,-4.993444527246E-1));
#3990=LINE('',#3989,#3988);
#3991=DIRECTION('',(-1.E0,0.E0,0.E0));
#3992=VECTOR('',#3991,1.15E0);
#3993=CARTESIAN_POINT('',(-1.965E0,-2.075E0,-4.E-1));
#3994=LINE('',#3993,#3992);
#3995=DIRECTION('',(-9.563047559630E-1,0.E0,2.923717047227E-1));
#3996=VECTOR('',#3995,3.397881912642E-1);
#3997=CARTESIAN_POINT('',(-1.640058936674E0,-2.075E0,-4.993444527246E-1));
#3998=LINE('',#3997,#3996);
#3999=DIRECTION('',(3.583679495453E-1,0.E0,9.335804264972E-1));
#4000=VECTOR('',#3999,5.362746830007E-1);
#4001=CARTESIAN_POINT('',(-1.832242595214E0,-2.075E0,-1.E0));
#4002=LINE('',#4001,#4000);
#4003=DIRECTION('',(0.E0,0.E0,-1.E0));
#4004=VECTOR('',#4003,7.E-1);
#4005=CARTESIAN_POINT('',(-1.61E0,-2.075E0,-3.E-1));
#4006=LINE('',#4005,#4004);
#4007=DIRECTION('',(-1.E0,0.E0,0.E0));
#4008=VECTOR('',#4007,1.894314575051E0);
#4009=CARTESIAN_POINT('',(-1.592842712475E0,-2.075E0,-2.E-1));
#4010=LINE('',#4009,#4008);
#4011=CARTESIAN_POINT('',(-3.77E0,-2.075E0,-3.E-1));
#4012=DIRECTION('',(0.E0,-1.E0,0.E0));
#4013=DIRECTION('',(1.E0,0.E0,0.E0));
#4014=AXIS2_PLACEMENT_3D('',#4011,#4012,#4013);
#4016=DIRECTION('',(3.583679495453E-1,0.E0,-9.335804264972E-1));
#4017=VECTOR('',#4016,5.362746830007E-1);
#4018=CARTESIAN_POINT('',(-3.439941063326E0,-2.075E0,-4.993444527246E-1));
#4019=LINE('',#4018,#4017);
#4020=DIRECTION('',(-9.563047559630E-1,0.E0,-2.923717047227E-1));
#4021=VECTOR('',#4020,3.397881912642E-1);
#4022=CARTESIAN_POINT('',(-3.115E0,-2.075E0,-4.E-1));
#4023=LINE('',#4022,#4021);
#4024=DIRECTION('',(-1.E0,0.E0,0.E0));
#4025=VECTOR('',#4024,1.15E0);
#4026=CARTESIAN_POINT('',(-1.965E0,-1.87E0,-4.E-1));
#4027=LINE('',#4026,#4025);
#4028=DIRECTION('',(0.E0,1.E0,0.E0));
#4029=VECTOR('',#4028,2.05E-1);
#4030=CARTESIAN_POINT('',(-1.965E0,-2.075E0,-4.E-1));
#4031=LINE('',#4030,#4029);
#4032=DIRECTION('',(0.E0,-1.E0,0.E0));
#4033=VECTOR('',#4032,1.41E0);
#4034=CARTESIAN_POINT('',(-1.61E0,-6.65E-1,-3.E-1));
#4035=LINE('',#4034,#4033);
#4036=DIRECTION('',(0.E0,0.E0,-1.E0));
#4037=VECTOR('',#4036,7.E-1);
#4038=CARTESIAN_POINT('',(-1.61E0,-6.65E-1,-3.E-1));
#4039=LINE('',#4038,#4037);
#4040=CARTESIAN_POINT('',(-1.475831239518E0,-6.65E-1,-5.E-2));
#4041=CARTESIAN_POINT('',(-1.467841312384E0,-6.65E-1,-4.470008191893E-2));
#4042=CARTESIAN_POINT('',(-1.450674132050E0,-6.633251652666E-1,
-3.441706158601E-2));
#4043=CARTESIAN_POINT('',(-1.421296711749E0,-6.564844863359E-1,
-2.073096314946E-2));
#4044=CARTESIAN_POINT('',(-1.388149351848E0,-6.457967195929E-1,
-9.610885533877E-3));
#4045=CARTESIAN_POINT('',(-1.351509554720E0,-6.319274606962E-1,
-2.032976800387E-3));
#4046=CARTESIAN_POINT('',(-1.324255542562E0,-6.208198008805E-1,0.E0));
#4047=CARTESIAN_POINT('',(-1.31E0,-6.15E-1,0.E0));
#4049=CARTESIAN_POINT('',(-1.31E0,-2.075E0,-3.E-1));
#4050=DIRECTION('',(0.E0,-1.E0,0.E0));
#4051=DIRECTION('',(-9.428090415821E-1,0.E0,3.333333333333E-1));
#4052=AXIS2_PLACEMENT_3D('',#4049,#4050,#4051);
#4054=CARTESIAN_POINT('',(-3.604168760482E0,-6.65E-1,-5.E-2));
#4055=CARTESIAN_POINT('',(-3.612121628956E0,-6.65E-1,-4.472466385281E-2));
#4056=CARTESIAN_POINT('',(-3.629336642562E0,-6.633259887444E-1,
-3.440934463103E-2));
#4057=CARTESIAN_POINT('',(-3.658691324995E0,-6.564866652553E-1,
-2.073685494803E-2));
#4058=CARTESIAN_POINT('',(-3.691845074709E0,-6.457991336214E-1,
-9.611963872776E-3));
#4059=CARTESIAN_POINT('',(-3.728483852424E0,-6.319300028471E-1,
-2.033706004324E-3));
#4060=CARTESIAN_POINT('',(-3.755745927075E0,-6.208192009037E-1,0.E0));
#4061=CARTESIAN_POINT('',(-3.77E0,-6.15E-1,0.E0));
#4063=CARTESIAN_POINT('',(-3.487157287525E0,-2.075E0,-2.E-1));
#4064=CARTESIAN_POINT('',(-3.493982937938E0,-2.075E0,-1.806941452296E-1));
#4065=CARTESIAN_POINT('',(-3.512116425025E0,-2.080527587899E0,
-1.418284926590E-1));
#4066=CARTESIAN_POINT('',(-3.555480984160E0,-2.106729272739E0,
-8.618750521725E-2));
#4067=CARTESIAN_POINT('',(-3.613162603123E0,-2.148896856031E0,
-4.063410943159E-2));
#4068=CARTESIAN_POINT('',(-3.684049746646E0,-2.204859033425E0,
-8.826003035181E-3));
#4069=CARTESIAN_POINT('',(-3.740196204181E0,-2.250665302615E0,0.E0));
#4070=CARTESIAN_POINT('',(-3.77E0,-2.275E0,0.E0));
#4072=CARTESIAN_POINT('',(-3.77E0,-6.65E-1,-3.E-1));
#4073=DIRECTION('',(0.E0,1.E0,0.E0));
#4074=DIRECTION('',(5.527707983926E-1,0.E0,8.333333333333E-1));
#4075=AXIS2_PLACEMENT_3D('',#4072,#4073,#4074);
#4077=DIRECTION('',(0.E0,1.E0,0.E0));
#4078=VECTOR('',#4077,1.41E0);
#4079=CARTESIAN_POINT('',(-3.47E0,-2.075E0,-3.E-1));
#4080=LINE('',#4079,#4078);
#4081=DIRECTION('',(0.E0,0.E0,-1.E0));
#4082=VECTOR('',#4081,7.E-1);
#4083=CARTESIAN_POINT('',(-3.47E0,-2.075E0,-3.E-1));
#4084=LINE('',#4083,#4082);
#4085=CARTESIAN_POINT('',(-1.592842712475E0,-2.075E0,-2.E-1));
#4086=CARTESIAN_POINT('',(-1.586069526764E0,-2.075E0,-1.808425378144E-1));
#4087=CARTESIAN_POINT('',(-1.567861185484E0,-2.080526858979E0,
-1.417635458178E-1));
#4088=CARTESIAN_POINT('',(-1.524529202405E0,-2.106726692638E0,
-8.620925147676E-2));
#4089=CARTESIAN_POINT('',(-1.466838207527E0,-2.148894927432E0,
-4.063123908913E-2));
#4090=CARTESIAN_POINT('',(-1.395957104575E0,-2.204853850457E0,
-8.827937442906E-3));
#4091=CARTESIAN_POINT('',(-1.339796214953E0,-2.250671492366E0,0.E0));
#4092=CARTESIAN_POINT('',(-1.31E0,-2.275E0,0.E0));
#4094=DIRECTION('',(0.E0,-1.E0,0.E0));
#4095=VECTOR('',#4094,1.205E0);
#4096=CARTESIAN_POINT('',(-2.046471593941E0,-6.65E-1,-1.E0));
#4097=LINE('',#4096,#4095);
#4098=DIRECTION('',(0.E0,-1.E0,0.E0));
#4099=VECTOR('',#4098,1.205E0);
#4100=CARTESIAN_POINT('',(-3.033528406059E0,-6.65E-1,-1.E0));
#4101=LINE('',#4100,#4099);
#4102=CARTESIAN_POINT('',(-6.027157287525E0,2.075E0,-2.E-1));
#4103=CARTESIAN_POINT('',(-6.033930473236E0,2.075E0,-1.808425378143E-1));
#4104=CARTESIAN_POINT('',(-6.052138814516E0,2.080526858979E0,
-1.417635458175E-1));
#4105=CARTESIAN_POINT('',(-6.095470797595E0,2.106726692638E0,
-8.620925147663E-2));
#4106=CARTESIAN_POINT('',(-6.153161792473E0,2.148894927433E0,
-4.063123908906E-2));
#4107=CARTESIAN_POINT('',(-6.224042895425E0,2.204853850457E0,
-8.827937442901E-3));
#4108=CARTESIAN_POINT('',(-6.280203785047E0,2.250671492366E0,0.E0));
#4109=CARTESIAN_POINT('',(-6.31E0,2.275E0,0.E0));
#4111=DIRECTION('',(-1.E0,0.E0,0.E0));
#4112=VECTOR('',#4111,1.15E0);
#4113=CARTESIAN_POINT('',(-4.505E0,2.075E0,-4.E-1));
#4114=LINE('',#4113,#4112);
#4115=DIRECTION('',(-9.563047559630E-1,0.E0,-2.923717047227E-1));
#4116=VECTOR('',#4115,3.397881912642E-1);
#4117=CARTESIAN_POINT('',(-5.655E0,2.075E0,-4.E-1));
#4118=LINE('',#4117,#4116);
#4119=DIRECTION('',(3.583679495453E-1,0.E0,-9.335804264972E-1));
#4120=VECTOR('',#4119,5.362746830007E-1);
#4121=CARTESIAN_POINT('',(-5.979941063326E0,2.075E0,-4.993444527246E-1));
#4122=LINE('',#4121,#4120);
#4123=DIRECTION('',(0.E0,0.E0,1.E0));
#4124=VECTOR('',#4123,7.E-1);
#4125=CARTESIAN_POINT('',(-6.01E0,2.075E0,-1.E0));
#4126=LINE('',#4125,#4124);
#4127=DIRECTION('',(1.E0,0.E0,0.E0));
#4128=VECTOR('',#4127,1.894314575051E0);
#4129=CARTESIAN_POINT('',(-6.027157287525E0,2.075E0,-2.E-1));
#4130=LINE('',#4129,#4128);
#4131=CARTESIAN_POINT('',(-3.85E0,2.075E0,-3.E-1));
#4132=DIRECTION('',(0.E0,1.E0,0.E0));
#4133=DIRECTION('',(-1.E0,0.E0,0.E0));
#4134=AXIS2_PLACEMENT_3D('',#4131,#4132,#4133);
#4136=DIRECTION('',(3.583679495453E-1,0.E0,9.335804264972E-1));
#4137=VECTOR('',#4136,5.362746830007E-1);
#4138=CARTESIAN_POINT('',(-4.372242595214E0,2.075E0,-1.E0));
#4139=LINE('',#4138,#4137);
#4140=DIRECTION('',(-9.563047559630E-1,0.E0,2.923717047227E-1));
#4141=VECTOR('',#4140,3.397881912642E-1);
#4142=CARTESIAN_POINT('',(-4.180058936674E0,2.075E0,-4.993444527246E-1));
#4143=LINE('',#4142,#4141);
#4144=DIRECTION('',(-1.E0,0.E0,0.E0));
#4145=VECTOR('',#4144,1.15E0);
#4146=CARTESIAN_POINT('',(-4.505E0,1.87E0,-4.E-1));
#4147=LINE('',#4146,#4145);
#4148=DIRECTION('',(0.E0,-1.E0,0.E0));
#4149=VECTOR('',#4148,2.05E-1);
#4150=CARTESIAN_POINT('',(-4.505E0,2.075E0,-4.E-1));
#4151=LINE('',#4150,#4149);
#4152=DIRECTION('',(-3.583679495453E-1,0.E0,-9.335804264972E-1));
#4153=VECTOR('',#4152,5.990621276191E-1);
#4154=CARTESIAN_POINT('',(-4.371786927616E0,1.87E0,-4.407273233991E-1));
#4155=LINE('',#4154,#4153);
#4156=DIRECTION('',(1.E0,0.E0,0.E0));
#4157=VECTOR('',#4156,9.870568121172E-1);
#4158=CARTESIAN_POINT('',(-5.573528406059E0,1.87E0,-1.E0));
#4159=LINE('',#4158,#4157);
#4160=DIRECTION('',(-3.583679495453E-1,0.E0,9.335804264972E-1));
#4161=VECTOR('',#4160,5.990621276191E-1);
#4162=CARTESIAN_POINT('',(-5.573528406059E0,1.87E0,-1.E0));
#4163=LINE('',#4162,#4161);
#4164=DIRECTION('',(-9.563047559630E-1,0.E0,-2.923717047227E-1));
#4165=VECTOR('',#4164,2.004883796162E-1);
#4166=CARTESIAN_POINT('',(-5.788213072384E0,6.65E-1,-4.407273233991E-1));
#4167=LINE('',#4166,#4165);
#4168=DIRECTION('',(-3.583679495453E-1,0.E0,9.335804264972E-1));
#4169=VECTOR('',#4168,5.990621276191E-1);
#4170=CARTESIAN_POINT('',(-5.573528406059E0,6.65E-1,-1.E0));
#4171=LINE('',#4170,#4169);
#4172=DIRECTION('',(-1.E0,0.E0,0.E0));
#4173=VECTOR('',#4172,9.870568121172E-1);
#4174=CARTESIAN_POINT('',(-4.586471593941E0,6.65E-1,-1.E0));
#4175=LINE('',#4174,#4173);
#4176=DIRECTION('',(-3.583679495453E-1,0.E0,-9.335804264972E-1));
#4177=VECTOR('',#4176,5.990621276191E-1);
#4178=CARTESIAN_POINT('',(-4.371786927616E0,6.65E-1,-4.407273233991E-1));
#4179=LINE('',#4178,#4177);
#4180=DIRECTION('',(-9.563047559630E-1,0.E0,2.923717047227E-1));
#4181=VECTOR('',#4180,2.004883796162E-1);
#4182=CARTESIAN_POINT('',(-4.180058936674E0,6.65E-1,-4.993444527246E-1));
#4183=LINE('',#4182,#4181);
#4184=DIRECTION('',(3.583679495453E-1,0.E0,9.335804264972E-1));
#4185=VECTOR('',#4184,5.362746830007E-1);
#4186=CARTESIAN_POINT('',(-4.372242595214E0,6.65E-1,-1.E0));
#4187=LINE('',#4186,#4185);
#4188=DIRECTION('',(0.E0,0.E0,1.E0));
#4189=VECTOR('',#4188,7.E-1);
#4190=CARTESIAN_POINT('',(-4.15E0,6.65E-1,-1.E0));
#4191=LINE('',#4190,#4189);
#4192=DIRECTION('',(-1.E0,0.E0,0.E0));
#4193=VECTOR('',#4192,2.128337520964E0);
#4194=CARTESIAN_POINT('',(-4.015831239518E0,6.65E-1,-5.E-2));
#4195=LINE('',#4194,#4193);
#4196=CARTESIAN_POINT('',(-6.31E0,6.65E-1,-3.E-1));
#4197=DIRECTION('',(0.E0,-1.E0,0.E0));
#4198=DIRECTION('',(1.E0,0.E0,0.E0));
#4199=AXIS2_PLACEMENT_3D('',#4196,#4197,#4198);
#4201=DIRECTION('',(3.583679495453E-1,0.E0,-9.335804264972E-1));
#4202=VECTOR('',#4201,5.362746830007E-1);
#4203=CARTESIAN_POINT('',(-5.979941063326E0,6.65E-1,-4.993444527246E-1));
#4204=LINE('',#4203,#4202);
#4205=DIRECTION('',(-9.563047559630E-1,0.E0,-2.923717047227E-1));
#4206=VECTOR('',#4205,1.392998116480E-1);
#4207=CARTESIAN_POINT('',(-5.655E0,1.87E0,-4.E-1));
#4208=LINE('',#4207,#4206);
#4209=DIRECTION('',(0.E0,1.E0,0.E0));
#4210=VECTOR('',#4209,1.205E0);
#4211=CARTESIAN_POINT('',(-5.788213072384E0,6.65E-1,-4.407273233991E-1));
#4212=LINE('',#4211,#4210);
#4213=DIRECTION('',(0.E0,-1.E0,0.E0));
#4214=VECTOR('',#4213,2.05E-1);
#4215=CARTESIAN_POINT('',(-5.655E0,2.075E0,-4.E-1));
#4216=LINE('',#4215,#4214);
#4217=DIRECTION('',(0.E0,-1.E0,0.E0));
#4218=VECTOR('',#4217,1.205E0);
#4219=CARTESIAN_POINT('',(-5.573528406059E0,1.87E0,-1.E0));
#4220=LINE('',#4219,#4218);
#4221=DIRECTION('',(0.E0,-1.E0,0.E0));
#4222=VECTOR('',#4221,1.205E0);
#4223=CARTESIAN_POINT('',(-4.586471593941E0,1.87E0,-1.E0));
#4224=LINE('',#4223,#4222);
#4225=DIRECTION('',(0.E0,-1.E0,0.E0));
#4226=VECTOR('',#4225,1.41E0);
#4227=CARTESIAN_POINT('',(-5.979941063326E0,2.075E0,-4.993444527246E-1));
#4228=LINE('',#4227,#4226);
#4229=DIRECTION('',(0.E0,-1.E0,0.E0));
#4230=VECTOR('',#4229,1.41E0);
#4231=CARTESIAN_POINT('',(-5.787757404786E0,2.075E0,-1.E0));
#4232=LINE('',#4231,#4230);
#4233=DIRECTION('',(1.E0,0.E0,0.E0));
#4234=VECTOR('',#4233,2.222425952140E-1);
#4235=CARTESIAN_POINT('',(-6.01E0,6.65E-1,-1.E0));
#4236=LINE('',#4235,#4234);
#4237=DIRECTION('',(0.E0,-1.E0,0.E0));
#4238=VECTOR('',#4237,1.41E0);
#4239=CARTESIAN_POINT('',(-6.01E0,2.075E0,-1.E0));
#4240=LINE('',#4239,#4238);
#4241=DIRECTION('',(-1.E0,0.E0,0.E0));
#4242=VECTOR('',#4241,2.222425952140E-1);
#4243=CARTESIAN_POINT('',(-5.787757404786E0,2.075E0,-1.E0));
#4244=LINE('',#4243,#4242);
#4245=DIRECTION('',(0.E0,-1.E0,0.E0));
#4246=VECTOR('',#4245,1.41E0);
#4247=CARTESIAN_POINT('',(-4.372242595214E0,2.075E0,-1.E0));
#4248=LINE('',#4247,#4246);
#4249=DIRECTION('',(-1.E0,0.E0,0.E0));
#4250=VECTOR('',#4249,2.222425952140E-1);
#4251=CARTESIAN_POINT('',(-4.15E0,2.075E0,-1.E0));
#4252=LINE('',#4251,#4250);
#4253=DIRECTION('',(0.E0,1.E0,0.E0));
#4254=VECTOR('',#4253,1.41E0);
#4255=CARTESIAN_POINT('',(-4.15E0,6.65E-1,-1.E0));
#4256=LINE('',#4255,#4254);
#4257=DIRECTION('',(1.E0,0.E0,0.E0));
#4258=VECTOR('',#4257,2.222425952140E-1);
#4259=CARTESIAN_POINT('',(-4.372242595214E0,6.65E-1,-1.E0));
#4260=LINE('',#4259,#4258);
#4261=DIRECTION('',(0.E0,1.E0,0.E0));
#4262=VECTOR('',#4261,1.41E0);
#4263=CARTESIAN_POINT('',(-5.787757404786E0,-2.075E0,-1.E0));
#4264=LINE('',#4263,#4262);
#4265=DIRECTION('',(-1.E0,0.E0,0.E0));
#4266=VECTOR('',#4265,2.222425952140E-1);
#4267=CARTESIAN_POINT('',(-5.787757404786E0,-2.075E0,-1.E0));
#4268=LINE('',#4267,#4266);
#4269=DIRECTION('',(0.E0,1.E0,0.E0));
#4270=VECTOR('',#4269,1.41E0);
#4271=CARTESIAN_POINT('',(-6.01E0,-2.075E0,-1.E0));
#4272=LINE('',#4271,#4270);
#4273=DIRECTION('',(1.E0,0.E0,0.E0));
#4274=VECTOR('',#4273,2.222425952140E-1);
#4275=CARTESIAN_POINT('',(-6.01E0,-6.65E-1,-1.E0));
#4276=LINE('',#4275,#4274);
#4277=DIRECTION('',(0.E0,1.E0,0.E0));
#4278=VECTOR('',#4277,1.41E0);
#4279=CARTESIAN_POINT('',(-4.372242595214E0,-2.075E0,-1.E0));
#4280=LINE('',#4279,#4278);
#4281=DIRECTION('',(1.E0,0.E0,0.E0));
#4282=VECTOR('',#4281,2.222425952140E-1);
#4283=CARTESIAN_POINT('',(-4.372242595214E0,-6.65E-1,-1.E0));
#4284=LINE('',#4283,#4282);
#4285=DIRECTION('',(0.E0,-1.E0,0.E0));
#4286=VECTOR('',#4285,1.41E0);
#4287=CARTESIAN_POINT('',(-4.15E0,-6.65E-1,-1.E0));
#4288=LINE('',#4287,#4286);
#4289=DIRECTION('',(-1.E0,0.E0,0.E0));
#4290=VECTOR('',#4289,2.222425952140E-1);
#4291=CARTESIAN_POINT('',(-4.15E0,-2.075E0,-1.E0));
#4292=LINE('',#4291,#4290);
#4293=DIRECTION('',(0.E0,1.E0,0.E0));
#4294=VECTOR('',#4293,1.41E0);
#4295=CARTESIAN_POINT('',(-6.01E0,6.65E-1,-3.E-1));
#4296=LINE('',#4295,#4294);
#4297=DIRECTION('',(0.E0,0.E0,1.E0));
#4298=VECTOR('',#4297,7.E-1);
#4299=CARTESIAN_POINT('',(-6.01E0,6.65E-1,-1.E0));
#4300=LINE('',#4299,#4298);
#4301=CARTESIAN_POINT('',(-6.144168760482E0,6.65E-1,-5.E-2));
#4302=CARTESIAN_POINT('',(-6.152158687616E0,6.65E-1,-4.470008191893E-2));
#4303=CARTESIAN_POINT('',(-6.169325867950E0,6.633251652666E-1,
-3.441706158601E-2));
#4304=CARTESIAN_POINT('',(-6.198703288251E0,6.564844863359E-1,
-2.073096314946E-2));
#4305=CARTESIAN_POINT('',(-6.231850648152E0,6.457967195929E-1,
-9.610885533877E-3));
#4306=CARTESIAN_POINT('',(-6.268490445280E0,6.319274606962E-1,
-2.032976800387E-3));
#4307=CARTESIAN_POINT('',(-6.295744457438E0,6.208198008805E-1,0.E0));
#4308=CARTESIAN_POINT('',(-6.31E0,6.15E-1,0.E0));
#4310=CARTESIAN_POINT('',(-6.31E0,2.075E0,-3.E-1));
#4311=DIRECTION('',(0.E0,1.E0,0.E0));
#4312=DIRECTION('',(9.428090415821E-1,0.E0,3.333333333333E-1));
#4313=AXIS2_PLACEMENT_3D('',#4310,#4311,#4312);
#4315=CARTESIAN_POINT('',(-4.015831239518E0,6.65E-1,-5.E-2));
#4316=CARTESIAN_POINT('',(-4.007878371044E0,6.65E-1,-4.472466385281E-2));
#4317=CARTESIAN_POINT('',(-3.990663357438E0,6.633259887444E-1,
-3.440934463103E-2));
#4318=CARTESIAN_POINT('',(-3.961308675005E0,6.564866652553E-1,
-2.073685494803E-2));
#4319=CARTESIAN_POINT('',(-3.928154925291E0,6.457991336214E-1,
-9.611963872775E-3));
#4320=CARTESIAN_POINT('',(-3.891516147576E0,6.319300028471E-1,
-2.033706004324E-3));
#4321=CARTESIAN_POINT('',(-3.864254072925E0,6.208192009037E-1,0.E0));
#4322=CARTESIAN_POINT('',(-3.85E0,6.15E-1,0.E0));
#4324=CARTESIAN_POINT('',(-3.85E0,6.65E-1,-3.E-1));
#4325=DIRECTION('',(0.E0,-1.E0,0.E0));
#4326=DIRECTION('',(-5.527707983926E-1,0.E0,8.333333333333E-1));
#4327=AXIS2_PLACEMENT_3D('',#4324,#4325,#4326);
#4329=CARTESIAN_POINT('',(-4.132842712475E0,2.075E0,-2.E-1));
#4330=CARTESIAN_POINT('',(-4.126017062062E0,2.075E0,-1.806941452294E-1));
#4331=CARTESIAN_POINT('',(-4.107883574975E0,2.080527587899E0,
-1.418284926587E-1));
#4332=CARTESIAN_POINT('',(-4.064519015840E0,2.106729272739E0,
-8.618750521715E-2));
#4333=CARTESIAN_POINT('',(-4.006837396877E0,2.148896856031E0,
-4.063410943154E-2));
#4334=CARTESIAN_POINT('',(-3.935950253354E0,2.204859033425E0,
-8.826003035182E-3));
#4335=CARTESIAN_POINT('',(-3.879803795819E0,2.250665302615E0,0.E0));
#4336=CARTESIAN_POINT('',(-3.85E0,2.275E0,0.E0));
#4338=DIRECTION('',(0.E0,-1.E0,0.E0));
#4339=VECTOR('',#4338,1.41E0);
#4340=CARTESIAN_POINT('',(-4.15E0,2.075E0,-3.E-1));
#4341=LINE('',#4340,#4339);
#4342=DIRECTION('',(0.E0,0.E0,1.E0));
#4343=VECTOR('',#4342,7.E-1);
#4344=CARTESIAN_POINT('',(-4.15E0,2.075E0,-1.E0));
#4345=LINE('',#4344,#4343);
#4346=DIRECTION('',(9.563047559630E-1,0.E0,-2.923717047227E-1));
#4347=VECTOR('',#4346,1.392998116480E-1);
#4348=CARTESIAN_POINT('',(-4.505E0,1.87E0,-4.E-1));
#4349=LINE('',#4348,#4347);
#4350=DIRECTION('',(0.E0,-1.E0,0.E0));
#4351=VECTOR('',#4350,1.41E0);
#4352=CARTESIAN_POINT('',(-4.180058936674E0,2.075E0,-4.993444527246E-1));
#4353=LINE('',#4352,#4351);
#4354=DIRECTION('',(0.E0,1.E0,0.E0));
#4355=VECTOR('',#4354,1.205E0);
#4356=CARTESIAN_POINT('',(-4.371786927616E0,6.65E-1,-4.407273233991E-1));
#4357=LINE('',#4356,#4355);
#4358=DIRECTION('',(0.E0,1.E0,0.E0));
#4359=VECTOR('',#4358,1.41E0);
#4360=CARTESIAN_POINT('',(-5.979941063326E0,-2.075E0,-4.993444527246E-1));
#4361=LINE('',#4360,#4359);
#4362=DIRECTION('',(-9.563047559630E-1,0.E0,-2.923717047227E-1));
#4363=VECTOR('',#4362,1.392998116480E-1);
#4364=CARTESIAN_POINT('',(-5.655E0,-1.87E0,-4.E-1));
#4365=LINE('',#4364,#4363);
#4366=DIRECTION('',(0.E0,1.E0,0.E0));
#4367=VECTOR('',#4366,2.05E-1);
#4368=CARTESIAN_POINT('',(-5.655E0,-2.075E0,-4.E-1));
#4369=LINE('',#4368,#4367);
#4370=DIRECTION('',(0.E0,-1.E0,0.E0));
#4371=VECTOR('',#4370,1.205E0);
#4372=CARTESIAN_POINT('',(-5.788213072384E0,-6.65E-1,-4.407273233991E-1));
#4373=LINE('',#4372,#4371);
#4374=DIRECTION('',(-3.583679495453E-1,0.E0,-9.335804264972E-1));
#4375=VECTOR('',#4374,5.990621276191E-1);
#4376=CARTESIAN_POINT('',(-4.371786927616E0,-1.87E0,-4.407273233991E-1));
#4377=LINE('',#4376,#4375);
#4378=DIRECTION('',(-3.583679495453E-1,0.E0,9.335804264972E-1));
#4379=VECTOR('',#4378,5.990621276191E-1);
#4380=CARTESIAN_POINT('',(-5.573528406059E0,-1.87E0,-1.E0));
#4381=LINE('',#4380,#4379);
#4382=DIRECTION('',(-1.E0,0.E0,0.E0));
#4383=VECTOR('',#4382,9.870568121172E-1);
#4384=CARTESIAN_POINT('',(-4.586471593941E0,-1.87E0,-1.E0));
#4385=LINE('',#4384,#4383);
#4386=DIRECTION('',(-9.563047559630E-1,0.E0,2.923717047227E-1));
#4387=VECTOR('',#4386,2.004883796162E-1);
#4388=CARTESIAN_POINT('',(-4.180058936674E0,-6.65E-1,-4.993444527246E-1));
#4389=LINE('',#4388,#4387);
#4390=DIRECTION('',(-3.583679495453E-1,0.E0,-9.335804264972E-1));
#4391=VECTOR('',#4390,5.990621276191E-1);
#4392=CARTESIAN_POINT('',(-4.371786927616E0,-6.65E-1,-4.407273233991E-1));
#4393=LINE('',#4392,#4391);
#4394=DIRECTION('',(-1.E0,0.E0,0.E0));
#4395=VECTOR('',#4394,9.870568121172E-1);
#4396=CARTESIAN_POINT('',(-4.586471593941E0,-6.65E-1,-1.E0));
#4397=LINE('',#4396,#4395);
#4398=DIRECTION('',(-3.583679495453E-1,0.E0,9.335804264972E-1));
#4399=VECTOR('',#4398,5.990621276191E-1);
#4400=CARTESIAN_POINT('',(-5.573528406059E0,-6.65E-1,-1.E0));
#4401=LINE('',#4400,#4399);
#4402=DIRECTION('',(-9.563047559630E-1,0.E0,-2.923717047227E-1));
#4403=VECTOR('',#4402,2.004883796162E-1);
#4404=CARTESIAN_POINT('',(-5.788213072384E0,-6.65E-1,-4.407273233991E-1));
#4405=LINE('',#4404,#4403);
#4406=DIRECTION('',(3.583679495453E-1,0.E0,-9.335804264972E-1));
#4407=VECTOR('',#4406,5.362746830007E-1);
#4408=CARTESIAN_POINT('',(-5.979941063326E0,-6.65E-1,-4.993444527246E-1));
#4409=LINE('',#4408,#4407);
#4410=DIRECTION('',(0.E0,0.E0,-1.E0));
#4411=VECTOR('',#4410,7.E-1);
#4412=CARTESIAN_POINT('',(-6.01E0,-6.65E-1,-3.E-1));
#4413=LINE('',#4412,#4411);
#4414=DIRECTION('',(1.E0,0.E0,0.E0));
#4415=VECTOR('',#4414,2.128337520964E0);
#4416=CARTESIAN_POINT('',(-6.144168760482E0,-6.65E-1,-5.E-2));
#4417=LINE('',#4416,#4415);
#4418=CARTESIAN_POINT('',(-3.85E0,-6.65E-1,-3.E-1));
#4419=DIRECTION('',(0.E0,1.E0,0.E0));
#4420=DIRECTION('',(-1.E0,0.E0,0.E0));
#4421=AXIS2_PLACEMENT_3D('',#4418,#4419,#4420);
#4423=DIRECTION('',(3.583679495453E-1,0.E0,9.335804264972E-1));
#4424=VECTOR('',#4423,5.362746830007E-1);
#4425=CARTESIAN_POINT('',(-4.372242595214E0,-6.65E-1,-1.E0));
#4426=LINE('',#4425,#4424);
#4427=DIRECTION('',(9.563047559630E-1,0.E0,-2.923717047227E-1));
#4428=VECTOR('',#4427,1.392998116480E-1);
#4429=CARTESIAN_POINT('',(-4.505E0,-1.87E0,-4.E-1));
#4430=LINE('',#4429,#4428);
#4431=DIRECTION('',(0.E0,-1.E0,0.E0));
#4432=VECTOR('',#4431,1.205E0);
#4433=CARTESIAN_POINT('',(-4.371786927616E0,-6.65E-1,-4.407273233991E-1));
#4434=LINE('',#4433,#4432);
#4435=DIRECTION('',(0.E0,1.E0,0.E0));
#4436=VECTOR('',#4435,1.41E0);
#4437=CARTESIAN_POINT('',(-4.180058936674E0,-2.075E0,-4.993444527246E-1));
#4438=LINE('',#4437,#4436);
#4439=DIRECTION('',(-1.E0,0.E0,0.E0));
#4440=VECTOR('',#4439,1.15E0);
#4441=CARTESIAN_POINT('',(-4.505E0,-2.075E0,-4.E-1));
#4442=LINE('',#4441,#4440);
#4443=DIRECTION('',(-9.563047559630E-1,0.E0,2.923717047227E-1));
#4444=VECTOR('',#4443,3.397881912642E-1);
#4445=CARTESIAN_POINT('',(-4.180058936674E0,-2.075E0,-4.993444527246E-1));
#4446=LINE('',#4445,#4444);
#4447=DIRECTION('',(3.583679495453E-1,0.E0,9.335804264972E-1));
#4448=VECTOR('',#4447,5.362746830007E-1);
#4449=CARTESIAN_POINT('',(-4.372242595214E0,-2.075E0,-1.E0));
#4450=LINE('',#4449,#4448);
#4451=DIRECTION('',(0.E0,0.E0,-1.E0));
#4452=VECTOR('',#4451,7.E-1);
#4453=CARTESIAN_POINT('',(-4.15E0,-2.075E0,-3.E-1));
#4454=LINE('',#4453,#4452);
#4455=DIRECTION('',(-1.E0,0.E0,0.E0));
#4456=VECTOR('',#4455,1.894314575051E0);
#4457=CARTESIAN_POINT('',(-4.132842712475E0,-2.075E0,-2.E-1));
#4458=LINE('',#4457,#4456);
#4459=CARTESIAN_POINT('',(-6.31E0,-2.075E0,-3.E-1));
#4460=DIRECTION('',(0.E0,-1.E0,0.E0));
#4461=DIRECTION('',(1.E0,0.E0,0.E0));
#4462=AXIS2_PLACEMENT_3D('',#4459,#4460,#4461);
#4464=DIRECTION('',(3.583679495453E-1,0.E0,-9.335804264972E-1));
#4465=VECTOR('',#4464,5.362746830007E-1);
#4466=CARTESIAN_POINT('',(-5.979941063326E0,-2.075E0,-4.993444527246E-1));
#4467=LINE('',#4466,#4465);
#4468=DIRECTION('',(-9.563047559630E-1,0.E0,-2.923717047227E-1));
#4469=VECTOR('',#4468,3.397881912642E-1);
#4470=CARTESIAN_POINT('',(-5.655E0,-2.075E0,-4.E-1));
#4471=LINE('',#4470,#4469);
#4472=DIRECTION('',(-1.E0,0.E0,0.E0));
#4473=VECTOR('',#4472,1.15E0);
#4474=CARTESIAN_POINT('',(-4.505E0,-1.87E0,-4.E-1));
#4475=LINE('',#4474,#4473);
#4476=DIRECTION('',(0.E0,1.E0,0.E0));
#4477=VECTOR('',#4476,2.05E-1);
#4478=CARTESIAN_POINT('',(-4.505E0,-2.075E0,-4.E-1));
#4479=LINE('',#4478,#4477);
#4480=DIRECTION('',(0.E0,-1.E0,0.E0));
#4481=VECTOR('',#4480,1.41E0);
#4482=CARTESIAN_POINT('',(-4.15E0,-6.65E-1,-3.E-1));
#4483=LINE('',#4482,#4481);
#4484=DIRECTION('',(0.E0,0.E0,-1.E0));
#4485=VECTOR('',#4484,7.E-1);
#4486=CARTESIAN_POINT('',(-4.15E0,-6.65E-1,-3.E-1));
#4487=LINE('',#4486,#4485);
#4488=CARTESIAN_POINT('',(-4.015831239518E0,-6.65E-1,-5.E-2));
#4489=CARTESIAN_POINT('',(-4.007841312384E0,-6.65E-1,-4.470008191893E-2));
#4490=CARTESIAN_POINT('',(-3.990674132050E0,-6.633251652666E-1,
-3.441706158601E-2));
#4491=CARTESIAN_POINT('',(-3.961296711749E0,-6.564844863359E-1,
-2.073096314946E-2));
#4492=CARTESIAN_POINT('',(-3.928149351848E0,-6.457967195929E-1,
-9.610885533877E-3));
#4493=CARTESIAN_POINT('',(-3.891509554720E0,-6.319274606962E-1,
-2.032976800387E-3));
#4494=CARTESIAN_POINT('',(-3.864255542562E0,-6.208198008805E-1,0.E0));
#4495=CARTESIAN_POINT('',(-3.85E0,-6.15E-1,0.E0));
#4497=CARTESIAN_POINT('',(-3.85E0,-2.075E0,-3.E-1));
#4498=DIRECTION('',(0.E0,-1.E0,0.E0));
#4499=DIRECTION('',(-9.428090415821E-1,0.E0,3.333333333333E-1));
#4500=AXIS2_PLACEMENT_3D('',#4497,#4498,#4499);
#4502=CARTESIAN_POINT('',(-6.144168760482E0,-6.65E-1,-5.E-2));
#4503=CARTESIAN_POINT('',(-6.152121628956E0,-6.65E-1,-4.472466385281E-2));
#4504=CARTESIAN_POINT('',(-6.169336642562E0,-6.633259887444E-1,
-3.440934463103E-2));
#4505=CARTESIAN_POINT('',(-6.198691324995E0,-6.564866652553E-1,
-2.073685494802E-2));
#4506=CARTESIAN_POINT('',(-6.231845074709E0,-6.457991336214E-1,
-9.611963872781E-3));
#4507=CARTESIAN_POINT('',(-6.268483852424E0,-6.319300028471E-1,
-2.033706004324E-3));
#4508=CARTESIAN_POINT('',(-6.295745927075E0,-6.208192009037E-1,0.E0));
#4509=CARTESIAN_POINT('',(-6.31E0,-6.15E-1,0.E0));
#4511=CARTESIAN_POINT('',(-6.027157287525E0,-2.075E0,-2.E-1));
#4512=CARTESIAN_POINT('',(-6.033982937938E0,-2.075E0,-1.806941452296E-1));
#4513=CARTESIAN_POINT('',(-6.052116425025E0,-2.080527587899E0,
-1.418284926590E-1));
#4514=CARTESIAN_POINT('',(-6.095480984160E0,-2.106729272739E0,
-8.618750521725E-2));
#4515=CARTESIAN_POINT('',(-6.153162603123E0,-2.148896856031E0,
-4.063410943159E-2));
#4516=CARTESIAN_POINT('',(-6.224049746646E0,-2.204859033425E0,
-8.826003035181E-3));
#4517=CARTESIAN_POINT('',(-6.280196204181E0,-2.250665302615E0,0.E0));
#4518=CARTESIAN_POINT('',(-6.31E0,-2.275E0,0.E0));
#4520=CARTESIAN_POINT('',(-6.31E0,-6.65E-1,-3.E-1));
#4521=DIRECTION('',(0.E0,1.E0,0.E0));
#4522=DIRECTION('',(5.527707983926E-1,0.E0,8.333333333333E-1));
#4523=AXIS2_PLACEMENT_3D('',#4520,#4521,#4522);
#4525=DIRECTION('',(0.E0,1.E0,0.E0));
#4526=VECTOR('',#4525,1.41E0);
#4527=CARTESIAN_POINT('',(-6.01E0,-2.075E0,-3.E-1));
#4528=LINE('',#4527,#4526);
#4529=DIRECTION('',(0.E0,0.E0,-1.E0));
#4530=VECTOR('',#4529,7.E-1);
#4531=CARTESIAN_POINT('',(-6.01E0,-2.075E0,-3.E-1));
#4532=LINE('',#4531,#4530);
#4533=CARTESIAN_POINT('',(-4.132842712475E0,-2.075E0,-2.E-1));
#4534=CARTESIAN_POINT('',(-4.126069526764E0,-2.075E0,-1.808425378144E-1));
#4535=CARTESIAN_POINT('',(-4.107861185484E0,-2.080526858979E0,
-1.417635458178E-1));
#4536=CARTESIAN_POINT('',(-4.064529202405E0,-2.106726692638E0,
-8.620925147678E-2));
#4537=CARTESIAN_POINT('',(-4.006838207527E0,-2.148894927432E0,
-4.063123908914E-2));
#4538=CARTESIAN_POINT('',(-3.935957104575E0,-2.204853850457E0,
-8.827937442906E-3));
#4539=CARTESIAN_POINT('',(-3.879796214953E0,-2.250671492366E0,0.E0));
#4540=CARTESIAN_POINT('',(-3.85E0,-2.275E0,0.E0));
#4542=DIRECTION('',(0.E0,-1.E0,0.E0));
#4543=VECTOR('',#4542,1.205E0);
#4544=CARTESIAN_POINT('',(-4.586471593941E0,-6.65E-1,-1.E0));
#4545=LINE('',#4544,#4543);
#4546=DIRECTION('',(0.E0,-1.E0,0.E0));
#4547=VECTOR('',#4546,1.205E0);
#4548=CARTESIAN_POINT('',(-5.573528406059E0,-6.65E-1,-1.E0));
#4549=LINE('',#4548,#4547);
#4550=CARTESIAN_POINT('',(-8.567157287525E0,2.075E0,-2.E-1));
#4551=CARTESIAN_POINT('',(-8.573930473235E0,2.075E0,-1.808425378180E-1));
#4552=CARTESIAN_POINT('',(-8.592138814511E0,2.080526858976E0,
-1.417635458256E-1));
#4553=CARTESIAN_POINT('',(-8.635470797591E0,2.106726692635E0,
-8.620925148012E-2));
#4554=CARTESIAN_POINT('',(-8.693161792470E0,2.148894927430E0,
-4.063123909090E-2));
#4555=CARTESIAN_POINT('',(-8.764042895424E0,2.204853850456E0,
-8.827937443045E-3));
#4556=CARTESIAN_POINT('',(-8.820203785047E0,2.250671492366E0,0.E0));
#4557=CARTESIAN_POINT('',(-8.85E0,2.275E0,0.E0));
#4559=DIRECTION('',(-1.E0,0.E0,0.E0));
#4560=VECTOR('',#4559,1.15E0);
#4561=CARTESIAN_POINT('',(-7.045E0,2.075E0,-4.E-1));
#4562=LINE('',#4561,#4560);
#4563=DIRECTION('',(-9.563047559630E-1,0.E0,-2.923717047227E-1));
#4564=VECTOR('',#4563,3.397881912642E-1);
#4565=CARTESIAN_POINT('',(-8.195E0,2.075E0,-4.E-1));
#4566=LINE('',#4565,#4564);
#4567=DIRECTION('',(3.583679495453E-1,0.E0,-9.335804264972E-1));
#4568=VECTOR('',#4567,5.362746830007E-1);
#4569=CARTESIAN_POINT('',(-8.519941063326E0,2.075E0,-4.993444527246E-1));
#4570=LINE('',#4569,#4568);
#4571=DIRECTION('',(0.E0,0.E0,1.E0));
#4572=VECTOR('',#4571,7.E-1);
#4573=CARTESIAN_POINT('',(-8.55E0,2.075E0,-1.E0));
#4574=LINE('',#4573,#4572);
#4575=DIRECTION('',(1.E0,0.E0,0.E0));
#4576=VECTOR('',#4575,1.894314575051E0);
#4577=CARTESIAN_POINT('',(-8.567157287525E0,2.075E0,-2.E-1));
#4578=LINE('',#4577,#4576);
#4579=CARTESIAN_POINT('',(-6.39E0,2.075E0,-3.E-1));
#4580=DIRECTION('',(0.E0,1.E0,0.E0));
#4581=DIRECTION('',(-1.E0,0.E0,0.E0));
#4582=AXIS2_PLACEMENT_3D('',#4579,#4580,#4581);
#4584=DIRECTION('',(3.583679495453E-1,0.E0,9.335804264972E-1));
#4585=VECTOR('',#4584,5.362746830007E-1);
#4586=CARTESIAN_POINT('',(-6.912242595214E0,2.075E0,-1.E0));
#4587=LINE('',#4586,#4585);
#4588=DIRECTION('',(-9.563047559630E-1,0.E0,2.923717047227E-1));
#4589=VECTOR('',#4588,3.397881912642E-1);
#4590=CARTESIAN_POINT('',(-6.720058936674E0,2.075E0,-4.993444527246E-1));
#4591=LINE('',#4590,#4589);
#4592=DIRECTION('',(-1.E0,0.E0,0.E0));
#4593=VECTOR('',#4592,1.15E0);
#4594=CARTESIAN_POINT('',(-7.045E0,1.87E0,-4.E-1));
#4595=LINE('',#4594,#4593);
#4596=DIRECTION('',(0.E0,-1.E0,0.E0));
#4597=VECTOR('',#4596,2.05E-1);
#4598=CARTESIAN_POINT('',(-7.045E0,2.075E0,-4.E-1));
#4599=LINE('',#4598,#4597);
#4600=DIRECTION('',(-3.583679495453E-1,0.E0,-9.335804264972E-1));
#4601=VECTOR('',#4600,5.990621276191E-1);
#4602=CARTESIAN_POINT('',(-6.911786927616E0,1.87E0,-4.407273233991E-1));
#4603=LINE('',#4602,#4601);
#4604=DIRECTION('',(1.E0,0.E0,0.E0));
#4605=VECTOR('',#4604,9.870568121172E-1);
#4606=CARTESIAN_POINT('',(-8.113528406059E0,1.87E0,-1.E0));
#4607=LINE('',#4606,#4605);
#4608=DIRECTION('',(-3.583679495453E-1,0.E0,9.335804264972E-1));
#4609=VECTOR('',#4608,5.990621276191E-1);
#4610=CARTESIAN_POINT('',(-8.113528406059E0,1.87E0,-1.E0));
#4611=LINE('',#4610,#4609);
#4612=DIRECTION('',(-9.563047559630E-1,0.E0,-2.923717047227E-1));
#4613=VECTOR('',#4612,2.004883796162E-1);
#4614=CARTESIAN_POINT('',(-8.328213072384E0,6.65E-1,-4.407273233991E-1));
#4615=LINE('',#4614,#4613);
#4616=DIRECTION('',(-3.583679495453E-1,0.E0,9.335804264972E-1));
#4617=VECTOR('',#4616,5.990621276191E-1);
#4618=CARTESIAN_POINT('',(-8.113528406059E0,6.65E-1,-1.E0));
#4619=LINE('',#4618,#4617);
#4620=DIRECTION('',(-1.E0,0.E0,0.E0));
#4621=VECTOR('',#4620,9.870568121172E-1);
#4622=CARTESIAN_POINT('',(-7.126471593941E0,6.65E-1,-1.E0));
#4623=LINE('',#4622,#4621);
#4624=DIRECTION('',(-3.583679495453E-1,0.E0,-9.335804264972E-1));
#4625=VECTOR('',#4624,5.990621276191E-1);
#4626=CARTESIAN_POINT('',(-6.911786927616E0,6.65E-1,-4.407273233991E-1));
#4627=LINE('',#4626,#4625);
#4628=DIRECTION('',(-9.563047559630E-1,0.E0,2.923717047227E-1));
#4629=VECTOR('',#4628,2.004883796162E-1);
#4630=CARTESIAN_POINT('',(-6.720058936674E0,6.65E-1,-4.993444527246E-1));
#4631=LINE('',#4630,#4629);
#4632=DIRECTION('',(3.583679495453E-1,0.E0,9.335804264972E-1));
#4633=VECTOR('',#4632,5.362746830007E-1);
#4634=CARTESIAN_POINT('',(-6.912242595214E0,6.65E-1,-1.E0));
#4635=LINE('',#4634,#4633);
#4636=DIRECTION('',(0.E0,0.E0,1.E0));
#4637=VECTOR('',#4636,7.E-1);
#4638=CARTESIAN_POINT('',(-6.69E0,6.65E-1,-1.E0));
#4639=LINE('',#4638,#4637);
#4640=DIRECTION('',(-1.E0,0.E0,0.E0));
#4641=VECTOR('',#4640,2.128337520964E0);
#4642=CARTESIAN_POINT('',(-6.555831239518E0,6.65E-1,-5.E-2));
#4643=LINE('',#4642,#4641);
#4644=CARTESIAN_POINT('',(-8.85E0,6.65E-1,-3.E-1));
#4645=DIRECTION('',(0.E0,-1.E0,0.E0));
#4646=DIRECTION('',(1.E0,0.E0,0.E0));
#4647=AXIS2_PLACEMENT_3D('',#4644,#4645,#4646);
#4649=DIRECTION('',(3.583679495453E-1,0.E0,-9.335804264972E-1));
#4650=VECTOR('',#4649,5.362746830007E-1);
#4651=CARTESIAN_POINT('',(-8.519941063326E0,6.65E-1,-4.993444527246E-1));
#4652=LINE('',#4651,#4650);
#4653=DIRECTION('',(-9.563047559630E-1,0.E0,-2.923717047227E-1));
#4654=VECTOR('',#4653,1.392998116480E-1);
#4655=CARTESIAN_POINT('',(-8.195E0,1.87E0,-4.E-1));
#4656=LINE('',#4655,#4654);
#4657=DIRECTION('',(0.E0,1.E0,0.E0));
#4658=VECTOR('',#4657,1.205E0);
#4659=CARTESIAN_POINT('',(-8.328213072384E0,6.65E-1,-4.407273233991E-1));
#4660=LINE('',#4659,#4658);
#4661=DIRECTION('',(0.E0,-1.E0,0.E0));
#4662=VECTOR('',#4661,2.05E-1);
#4663=CARTESIAN_POINT('',(-8.195E0,2.075E0,-4.E-1));
#4664=LINE('',#4663,#4662);
#4665=DIRECTION('',(0.E0,-1.E0,0.E0));
#4666=VECTOR('',#4665,1.205E0);
#4667=CARTESIAN_POINT('',(-8.113528406059E0,1.87E0,-1.E0));
#4668=LINE('',#4667,#4666);
#4669=DIRECTION('',(0.E0,-1.E0,0.E0));
#4670=VECTOR('',#4669,1.205E0);
#4671=CARTESIAN_POINT('',(-7.126471593941E0,1.87E0,-1.E0));
#4672=LINE('',#4671,#4670);
#4673=DIRECTION('',(0.E0,-1.E0,0.E0));
#4674=VECTOR('',#4673,1.41E0);
#4675=CARTESIAN_POINT('',(-8.519941063326E0,2.075E0,-4.993444527246E-1));
#4676=LINE('',#4675,#4674);
#4677=DIRECTION('',(0.E0,-1.E0,0.E0));
#4678=VECTOR('',#4677,1.41E0);
#4679=CARTESIAN_POINT('',(-8.327757404786E0,2.075E0,-1.E0));
#4680=LINE('',#4679,#4678);
#4681=DIRECTION('',(1.E0,0.E0,0.E0));
#4682=VECTOR('',#4681,2.222425952140E-1);
#4683=CARTESIAN_POINT('',(-8.55E0,6.65E-1,-1.E0));
#4684=LINE('',#4683,#4682);
#4685=DIRECTION('',(0.E0,-1.E0,0.E0));
#4686=VECTOR('',#4685,1.41E0);
#4687=CARTESIAN_POINT('',(-8.55E0,2.075E0,-1.E0));
#4688=LINE('',#4687,#4686);
#4689=DIRECTION('',(-1.E0,0.E0,0.E0));
#4690=VECTOR('',#4689,2.222425952140E-1);
#4691=CARTESIAN_POINT('',(-8.327757404786E0,2.075E0,-1.E0));
#4692=LINE('',#4691,#4690);
#4693=DIRECTION('',(0.E0,-1.E0,0.E0));
#4694=VECTOR('',#4693,1.41E0);
#4695=CARTESIAN_POINT('',(-6.912242595214E0,2.075E0,-1.E0));
#4696=LINE('',#4695,#4694);
#4697=DIRECTION('',(-1.E0,0.E0,0.E0));
#4698=VECTOR('',#4697,2.222425952140E-1);
#4699=CARTESIAN_POINT('',(-6.69E0,2.075E0,-1.E0));
#4700=LINE('',#4699,#4698);
#4701=DIRECTION('',(0.E0,1.E0,0.E0));
#4702=VECTOR('',#4701,1.41E0);
#4703=CARTESIAN_POINT('',(-6.69E0,6.65E-1,-1.E0));
#4704=LINE('',#4703,#4702);
#4705=DIRECTION('',(1.E0,0.E0,0.E0));
#4706=VECTOR('',#4705,2.222425952140E-1);
#4707=CARTESIAN_POINT('',(-6.912242595214E0,6.65E-1,-1.E0));
#4708=LINE('',#4707,#4706);
#4709=DIRECTION('',(0.E0,1.E0,0.E0));
#4710=VECTOR('',#4709,1.41E0);
#4711=CARTESIAN_POINT('',(-8.327757404786E0,-2.075E0,-1.E0));
#4712=LINE('',#4711,#4710);
#4713=DIRECTION('',(-1.E0,0.E0,0.E0));
#4714=VECTOR('',#4713,2.222425952140E-1);
#4715=CARTESIAN_POINT('',(-8.327757404786E0,-2.075E0,-1.E0));
#4716=LINE('',#4715,#4714);
#4717=DIRECTION('',(0.E0,1.E0,0.E0));
#4718=VECTOR('',#4717,1.41E0);
#4719=CARTESIAN_POINT('',(-8.55E0,-2.075E0,-1.E0));
#4720=LINE('',#4719,#4718);
#4721=DIRECTION('',(1.E0,0.E0,0.E0));
#4722=VECTOR('',#4721,2.222425952140E-1);
#4723=CARTESIAN_POINT('',(-8.55E0,-6.65E-1,-1.E0));
#4724=LINE('',#4723,#4722);
#4725=DIRECTION('',(0.E0,1.E0,0.E0));
#4726=VECTOR('',#4725,1.41E0);
#4727=CARTESIAN_POINT('',(-6.912242595214E0,-2.075E0,-1.E0));
#4728=LINE('',#4727,#4726);
#4729=DIRECTION('',(1.E0,0.E0,0.E0));
#4730=VECTOR('',#4729,2.222425952140E-1);
#4731=CARTESIAN_POINT('',(-6.912242595214E0,-6.65E-1,-1.E0));
#4732=LINE('',#4731,#4730);
#4733=DIRECTION('',(0.E0,-1.E0,0.E0));
#4734=VECTOR('',#4733,1.41E0);
#4735=CARTESIAN_POINT('',(-6.69E0,-6.65E-1,-1.E0));
#4736=LINE('',#4735,#4734);
#4737=DIRECTION('',(-1.E0,0.E0,0.E0));
#4738=VECTOR('',#4737,2.222425952140E-1);
#4739=CARTESIAN_POINT('',(-6.69E0,-2.075E0,-1.E0));
#4740=LINE('',#4739,#4738);
#4741=DIRECTION('',(0.E0,1.E0,0.E0));
#4742=VECTOR('',#4741,1.41E0);
#4743=CARTESIAN_POINT('',(-8.55E0,6.65E-1,-3.E-1));
#4744=LINE('',#4743,#4742);
#4745=DIRECTION('',(0.E0,0.E0,1.E0));
#4746=VECTOR('',#4745,7.E-1);
#4747=CARTESIAN_POINT('',(-8.55E0,6.65E-1,-1.E0));
#4748=LINE('',#4747,#4746);
#4749=CARTESIAN_POINT('',(-8.684168760482E0,6.65E-1,-5.E-2));
#4750=CARTESIAN_POINT('',(-8.692158687616E0,6.65E-1,-4.470008191893E-2));
#4751=CARTESIAN_POINT('',(-8.709325867950E0,6.633251652666E-1,
-3.441706158601E-2));
#4752=CARTESIAN_POINT('',(-8.738703288251E0,6.564844863359E-1,
-2.073096314946E-2));
#4753=CARTESIAN_POINT('',(-8.771850648152E0,6.457967195929E-1,
-9.610885533876E-3));
#4754=CARTESIAN_POINT('',(-8.808490445280E0,6.319274606962E-1,
-2.032976800388E-3));
#4755=CARTESIAN_POINT('',(-8.835744457438E0,6.208198008805E-1,0.E0));
#4756=CARTESIAN_POINT('',(-8.85E0,6.15E-1,0.E0));
#4758=CARTESIAN_POINT('',(-8.85E0,2.075E0,-3.E-1));
#4759=DIRECTION('',(0.E0,1.E0,0.E0));
#4760=DIRECTION('',(9.428090415821E-1,0.E0,3.333333333333E-1));
#4761=AXIS2_PLACEMENT_3D('',#4758,#4759,#4760);
#4763=CARTESIAN_POINT('',(-6.555831239518E0,6.65E-1,-5.E-2));
#4764=CARTESIAN_POINT('',(-6.547878371044E0,6.65E-1,-4.472466385281E-2));
#4765=CARTESIAN_POINT('',(-6.530663357438E0,6.633259887444E-1,
-3.440934463103E-2));
#4766=CARTESIAN_POINT('',(-6.501308675005E0,6.564866652553E-1,
-2.073685494803E-2));
#4767=CARTESIAN_POINT('',(-6.468154925291E0,6.457991336214E-1,
-9.611963872781E-3));
#4768=CARTESIAN_POINT('',(-6.431516147576E0,6.319300028471E-1,
-2.033706004324E-3));
#4769=CARTESIAN_POINT('',(-6.404254072925E0,6.208192009037E-1,0.E0));
#4770=CARTESIAN_POINT('',(-6.39E0,6.15E-1,0.E0));
#4772=CARTESIAN_POINT('',(-6.39E0,6.65E-1,-3.E-1));
#4773=DIRECTION('',(0.E0,-1.E0,0.E0));
#4774=DIRECTION('',(-5.527707983926E-1,0.E0,8.333333333333E-1));
#4775=AXIS2_PLACEMENT_3D('',#4772,#4773,#4774);
#4777=CARTESIAN_POINT('',(-6.672842712475E0,2.075E0,-2.E-1));
#4778=CARTESIAN_POINT('',(-6.666017062060E0,2.075E0,-1.806941452222E-1));
#4779=CARTESIAN_POINT('',(-6.647883574966E0,2.080527587904E0,
-1.418284926432E-1));
#4780=CARTESIAN_POINT('',(-6.604519015834E0,2.106729272743E0,
-8.618750521189E-2));
#4781=CARTESIAN_POINT('',(-6.546837396872E0,2.148896856034E0,
-4.063410942894E-2));
#4782=CARTESIAN_POINT('',(-6.475950253353E0,2.204859033426E0,
-8.826003035242E-3));
#4783=CARTESIAN_POINT('',(-6.419803795818E0,2.250665302616E0,0.E0));
#4784=CARTESIAN_POINT('',(-6.39E0,2.275E0,0.E0));
#4786=DIRECTION('',(0.E0,-1.E0,0.E0));
#4787=VECTOR('',#4786,1.41E0);
#4788=CARTESIAN_POINT('',(-6.69E0,2.075E0,-3.E-1));
#4789=LINE('',#4788,#4787);
#4790=DIRECTION('',(0.E0,0.E0,1.E0));
#4791=VECTOR('',#4790,7.E-1);
#4792=CARTESIAN_POINT('',(-6.69E0,2.075E0,-1.E0));
#4793=LINE('',#4792,#4791);
#4794=DIRECTION('',(9.563047559630E-1,0.E0,-2.923717047227E-1));
#4795=VECTOR('',#4794,1.392998116480E-1);
#4796=CARTESIAN_POINT('',(-7.045E0,1.87E0,-4.E-1));
#4797=LINE('',#4796,#4795);
#4798=DIRECTION('',(0.E0,-1.E0,0.E0));
#4799=VECTOR('',#4798,1.41E0);
#4800=CARTESIAN_POINT('',(-6.720058936674E0,2.075E0,-4.993444527246E-1));
#4801=LINE('',#4800,#4799);
#4802=DIRECTION('',(0.E0,1.E0,0.E0));
#4803=VECTOR('',#4802,1.205E0);
#4804=CARTESIAN_POINT('',(-6.911786927616E0,6.65E-1,-4.407273233991E-1));
#4805=LINE('',#4804,#4803);
#4806=DIRECTION('',(0.E0,1.E0,0.E0));
#4807=VECTOR('',#4806,1.41E0);
#4808=CARTESIAN_POINT('',(-8.519941063326E0,-2.075E0,-4.993444527246E-1));
#4809=LINE('',#4808,#4807);
#4810=DIRECTION('',(-9.563047559630E-1,0.E0,-2.923717047227E-1));
#4811=VECTOR('',#4810,1.392998116480E-1);
#4812=CARTESIAN_POINT('',(-8.195E0,-1.87E0,-4.E-1));
#4813=LINE('',#4812,#4811);
#4814=DIRECTION('',(0.E0,1.E0,0.E0));
#4815=VECTOR('',#4814,2.05E-1);
#4816=CARTESIAN_POINT('',(-8.195E0,-2.075E0,-4.E-1));
#4817=LINE('',#4816,#4815);
#4818=DIRECTION('',(0.E0,-1.E0,0.E0));
#4819=VECTOR('',#4818,1.205E0);
#4820=CARTESIAN_POINT('',(-8.328213072384E0,-6.65E-1,-4.407273233991E-1));
#4821=LINE('',#4820,#4819);
#4822=DIRECTION('',(-3.583679495453E-1,0.E0,-9.335804264972E-1));
#4823=VECTOR('',#4822,5.990621276191E-1);
#4824=CARTESIAN_POINT('',(-6.911786927616E0,-1.87E0,-4.407273233991E-1));
#4825=LINE('',#4824,#4823);
#4826=DIRECTION('',(-3.583679495453E-1,0.E0,9.335804264972E-1));
#4827=VECTOR('',#4826,5.990621276191E-1);
#4828=CARTESIAN_POINT('',(-8.113528406059E0,-1.87E0,-1.E0));
#4829=LINE('',#4828,#4827);
#4830=DIRECTION('',(-1.E0,0.E0,0.E0));
#4831=VECTOR('',#4830,9.870568121172E-1);
#4832=CARTESIAN_POINT('',(-7.126471593941E0,-1.87E0,-1.E0));
#4833=LINE('',#4832,#4831);
#4834=DIRECTION('',(-9.563047559630E-1,0.E0,2.923717047227E-1));
#4835=VECTOR('',#4834,2.004883796162E-1);
#4836=CARTESIAN_POINT('',(-6.720058936674E0,-6.65E-1,-4.993444527246E-1));
#4837=LINE('',#4836,#4835);
#4838=DIRECTION('',(-3.583679495453E-1,0.E0,-9.335804264972E-1));
#4839=VECTOR('',#4838,5.990621276191E-1);
#4840=CARTESIAN_POINT('',(-6.911786927616E0,-6.65E-1,-4.407273233991E-1));
#4841=LINE('',#4840,#4839);
#4842=DIRECTION('',(-1.E0,0.E0,0.E0));
#4843=VECTOR('',#4842,9.870568121172E-1);
#4844=CARTESIAN_POINT('',(-7.126471593941E0,-6.65E-1,-1.E0));
#4845=LINE('',#4844,#4843);
#4846=DIRECTION('',(-3.583679495453E-1,0.E0,9.335804264972E-1));
#4847=VECTOR('',#4846,5.990621276191E-1);
#4848=CARTESIAN_POINT('',(-8.113528406059E0,-6.65E-1,-1.E0));
#4849=LINE('',#4848,#4847);
#4850=DIRECTION('',(-9.563047559630E-1,0.E0,-2.923717047227E-1));
#4851=VECTOR('',#4850,2.004883796162E-1);
#4852=CARTESIAN_POINT('',(-8.328213072384E0,-6.65E-1,-4.407273233991E-1));
#4853=LINE('',#4852,#4851);
#4854=DIRECTION('',(3.583679495453E-1,0.E0,-9.335804264972E-1));
#4855=VECTOR('',#4854,5.362746830007E-1);
#4856=CARTESIAN_POINT('',(-8.519941063326E0,-6.65E-1,-4.993444527246E-1));
#4857=LINE('',#4856,#4855);
#4858=DIRECTION('',(0.E0,0.E0,-1.E0));
#4859=VECTOR('',#4858,7.E-1);
#4860=CARTESIAN_POINT('',(-8.55E0,-6.65E-1,-3.E-1));
#4861=LINE('',#4860,#4859);
#4862=DIRECTION('',(1.E0,0.E0,0.E0));
#4863=VECTOR('',#4862,2.128337520964E0);
#4864=CARTESIAN_POINT('',(-8.684168760482E0,-6.65E-1,-5.E-2));
#4865=LINE('',#4864,#4863);
#4866=CARTESIAN_POINT('',(-6.39E0,-6.65E-1,-3.E-1));
#4867=DIRECTION('',(0.E0,1.E0,0.E0));
#4868=DIRECTION('',(-1.E0,0.E0,0.E0));
#4869=AXIS2_PLACEMENT_3D('',#4866,#4867,#4868);
#4871=DIRECTION('',(3.583679495453E-1,0.E0,9.335804264972E-1));
#4872=VECTOR('',#4871,5.362746830007E-1);
#4873=CARTESIAN_POINT('',(-6.912242595214E0,-6.65E-1,-1.E0));
#4874=LINE('',#4873,#4872);
#4875=DIRECTION('',(9.563047559630E-1,0.E0,-2.923717047227E-1));
#4876=VECTOR('',#4875,1.392998116480E-1);
#4877=CARTESIAN_POINT('',(-7.045E0,-1.87E0,-4.E-1));
#4878=LINE('',#4877,#4876);
#4879=DIRECTION('',(0.E0,-1.E0,0.E0));
#4880=VECTOR('',#4879,1.205E0);
#4881=CARTESIAN_POINT('',(-6.911786927616E0,-6.65E-1,-4.407273233991E-1));
#4882=LINE('',#4881,#4880);
#4883=DIRECTION('',(0.E0,1.E0,0.E0));
#4884=VECTOR('',#4883,1.41E0);
#4885=CARTESIAN_POINT('',(-6.720058936674E0,-2.075E0,-4.993444527246E-1));
#4886=LINE('',#4885,#4884);
#4887=DIRECTION('',(-1.E0,0.E0,0.E0));
#4888=VECTOR('',#4887,1.15E0);
#4889=CARTESIAN_POINT('',(-7.045E0,-2.075E0,-4.E-1));
#4890=LINE('',#4889,#4888);
#4891=DIRECTION('',(-9.563047559630E-1,0.E0,2.923717047227E-1));
#4892=VECTOR('',#4891,3.397881912642E-1);
#4893=CARTESIAN_POINT('',(-6.720058936674E0,-2.075E0,-4.993444527246E-1));
#4894=LINE('',#4893,#4892);
#4895=DIRECTION('',(3.583679495453E-1,0.E0,9.335804264972E-1));
#4896=VECTOR('',#4895,5.362746830007E-1);
#4897=CARTESIAN_POINT('',(-6.912242595214E0,-2.075E0,-1.E0));
#4898=LINE('',#4897,#4896);
#4899=DIRECTION('',(0.E0,0.E0,-1.E0));
#4900=VECTOR('',#4899,7.E-1);
#4901=CARTESIAN_POINT('',(-6.69E0,-2.075E0,-3.E-1));
#4902=LINE('',#4901,#4900);
#4903=DIRECTION('',(-1.E0,0.E0,0.E0));
#4904=VECTOR('',#4903,1.894314575051E0);
#4905=CARTESIAN_POINT('',(-6.672842712475E0,-2.075E0,-2.E-1));
#4906=LINE('',#4905,#4904);
#4907=CARTESIAN_POINT('',(-8.85E0,-2.075E0,-3.E-1));
#4908=DIRECTION('',(0.E0,-1.E0,0.E0));
#4909=DIRECTION('',(1.E0,0.E0,0.E0));
#4910=AXIS2_PLACEMENT_3D('',#4907,#4908,#4909);
#4912=DIRECTION('',(3.583679495453E-1,0.E0,-9.335804264972E-1));
#4913=VECTOR('',#4912,5.362746830007E-1);
#4914=CARTESIAN_POINT('',(-8.519941063326E0,-2.075E0,-4.993444527246E-1));
#4915=LINE('',#4914,#4913);
#4916=DIRECTION('',(-9.563047559630E-1,0.E0,-2.923717047227E-1));
#4917=VECTOR('',#4916,3.397881912642E-1);
#4918=CARTESIAN_POINT('',(-8.195E0,-2.075E0,-4.E-1));
#4919=LINE('',#4918,#4917);
#4920=DIRECTION('',(-1.E0,0.E0,0.E0));
#4921=VECTOR('',#4920,1.15E0);
#4922=CARTESIAN_POINT('',(-7.045E0,-1.87E0,-4.E-1));
#4923=LINE('',#4922,#4921);
#4924=DIRECTION('',(0.E0,1.E0,0.E0));
#4925=VECTOR('',#4924,2.05E-1);
#4926=CARTESIAN_POINT('',(-7.045E0,-2.075E0,-4.E-1));
#4927=LINE('',#4926,#4925);
#4928=DIRECTION('',(0.E0,-1.E0,0.E0));
#4929=VECTOR('',#4928,1.41E0);
#4930=CARTESIAN_POINT('',(-6.69E0,-6.65E-1,-3.E-1));
#4931=LINE('',#4930,#4929);
#4932=DIRECTION('',(0.E0,0.E0,-1.E0));
#4933=VECTOR('',#4932,7.E-1);
#4934=CARTESIAN_POINT('',(-6.69E0,-6.65E-1,-3.E-1));
#4935=LINE('',#4934,#4933);
#4936=CARTESIAN_POINT('',(-6.555831239518E0,-6.65E-1,-5.E-2));
#4937=CARTESIAN_POINT('',(-6.547841312384E0,-6.65E-1,-4.470008191893E-2));
#4938=CARTESIAN_POINT('',(-6.530674132050E0,-6.633251652666E-1,
-3.441706158601E-2));
#4939=CARTESIAN_POINT('',(-6.501296711749E0,-6.564844863359E-1,
-2.073096314946E-2));
#4940=CARTESIAN_POINT('',(-6.468149351848E0,-6.457967195929E-1,
-9.610885533877E-3));
#4941=CARTESIAN_POINT('',(-6.431509554720E0,-6.319274606962E-1,
-2.032976800387E-3));
#4942=CARTESIAN_POINT('',(-6.404255542562E0,-6.208198008805E-1,0.E0));
#4943=CARTESIAN_POINT('',(-6.39E0,-6.15E-1,0.E0));
#4945=CARTESIAN_POINT('',(-6.39E0,-2.075E0,-3.E-1));
#4946=DIRECTION('',(0.E0,-1.E0,0.E0));
#4947=DIRECTION('',(-9.428090415821E-1,0.E0,3.333333333333E-1));
#4948=AXIS2_PLACEMENT_3D('',#4945,#4946,#4947);
#4950=CARTESIAN_POINT('',(-8.684168760482E0,-6.65E-1,-5.E-2));
#4951=CARTESIAN_POINT('',(-8.692121628956E0,-6.65E-1,-4.472466385281E-2));
#4952=CARTESIAN_POINT('',(-8.709336642562E0,-6.633259887444E-1,
-3.440934463103E-2));
#4953=CARTESIAN_POINT('',(-8.738691324995E0,-6.564866652553E-1,
-2.073685494803E-2));
#4954=CARTESIAN_POINT('',(-8.771845074709E0,-6.457991336214E-1,
-9.611963872776E-3));
#4955=CARTESIAN_POINT('',(-8.808483852424E0,-6.319300028471E-1,
-2.033706004323E-3));
#4956=CARTESIAN_POINT('',(-8.835745927075E0,-6.208192009037E-1,0.E0));
#4957=CARTESIAN_POINT('',(-8.85E0,-6.15E-1,0.E0));
#4959=CARTESIAN_POINT('',(-8.567157287525E0,-2.075E0,-2.E-1));
#4960=CARTESIAN_POINT('',(-8.573982937937E0,-2.075E0,-1.806941452328E-1));
#4961=CARTESIAN_POINT('',(-8.592116425020E0,-2.080527587896E0,
-1.418284926661E-1));
#4962=CARTESIAN_POINT('',(-8.635480984157E0,-2.106729272737E0,
-8.618750521965E-2));
#4963=CARTESIAN_POINT('',(-8.693162603121E0,-2.148896856029E0,
-4.063410943277E-2));
#4964=CARTESIAN_POINT('',(-8.764049746645E0,-2.204859033425E0,
-8.826003035154E-3));
#4965=CARTESIAN_POINT('',(-8.820196204181E0,-2.250665302615E0,0.E0));
#4966=CARTESIAN_POINT('',(-8.85E0,-2.275E0,0.E0));
#4968=CARTESIAN_POINT('',(-8.85E0,-6.65E-1,-3.E-1));
#4969=DIRECTION('',(0.E0,1.E0,0.E0));
#4970=DIRECTION('',(5.527707983926E-1,0.E0,8.333333333333E-1));
#4971=AXIS2_PLACEMENT_3D('',#4968,#4969,#4970);
#4973=DIRECTION('',(0.E0,1.E0,0.E0));
#4974=VECTOR('',#4973,1.41E0);
#4975=CARTESIAN_POINT('',(-8.55E0,-2.075E0,-3.E-1));
#4976=LINE('',#4975,#4974);
#4977=DIRECTION('',(0.E0,0.E0,-1.E0));
#4978=VECTOR('',#4977,7.E-1);
#4979=CARTESIAN_POINT('',(-8.55E0,-2.075E0,-3.E-1));
#4980=LINE('',#4979,#4978);
#4981=CARTESIAN_POINT('',(-6.672842712475E0,-2.075E0,-2.E-1));
#4982=CARTESIAN_POINT('',(-6.666069526761E0,-2.075E0,-1.808425378069E-1));
#4983=CARTESIAN_POINT('',(-6.647861185474E0,-2.080526858983E0,
-1.417635458016E-1));
#4984=CARTESIAN_POINT('',(-6.604529202398E0,-2.106726692643E0,
-8.620925146974E-2));
#4985=CARTESIAN_POINT('',(-6.546838207521E0,-2.148894927438E0,
-4.063123908544E-2));
#4986=CARTESIAN_POINT('',(-6.475957104573E0,-2.204853850459E0,
-8.827937442617E-3));
#4987=CARTESIAN_POINT('',(-6.419796214952E0,-2.250671492367E0,0.E0));
#4988=CARTESIAN_POINT('',(-6.39E0,-2.275E0,0.E0));
#4990=DIRECTION('',(0.E0,-1.E0,0.E0));
#4991=VECTOR('',#4990,1.205E0);
#4992=CARTESIAN_POINT('',(-7.126471593941E0,-6.65E-1,-1.E0));
#4993=LINE('',#4992,#4991);
#4994=DIRECTION('',(0.E0,-1.E0,0.E0));
#4995=VECTOR('',#4994,1.205E0);
#4996=CARTESIAN_POINT('',(-8.113528406059E0,-6.65E-1,-1.E0));
#4997=LINE('',#4996,#4995);
#4998=CARTESIAN_POINT('',(8.89E0,2.53E0,0.E0));
#4999=CARTESIAN_POINT('',(-8.89E0,2.53E0,0.E0));
#5000=VERTEX_POINT('',#4998);
#5001=VERTEX_POINT('',#4999);
#5002=CARTESIAN_POINT('',(8.89E0,2.53E0,-7.E0));
#5003=VERTEX_POINT('',#5002);
#5004=CARTESIAN_POINT('',(-8.89E0,2.53E0,-7.E0));
#5005=VERTEX_POINT('',#5004);
#5006=CARTESIAN_POINT('',(8.89E0,-2.53E0,0.E0));
#5007=CARTESIAN_POINT('',(-8.89E0,-2.53E0,0.E0));
#5008=VERTEX_POINT('',#5006);
#5009=VERTEX_POINT('',#5007);
#5010=CARTESIAN_POINT('',(8.89E0,-2.53E0,-7.E0));
#5011=VERTEX_POINT('',#5010);
#5012=CARTESIAN_POINT('',(-8.89E0,-2.53E0,-7.E0));
#5013=VERTEX_POINT('',#5012);
#5014=CARTESIAN_POINT('',(8.89E0,-1.83E0,-6.7E0));
#5015=CARTESIAN_POINT('',(8.89E0,-1.939191070280E0,-7.E0));
#5016=VERTEX_POINT('',#5014);
#5017=VERTEX_POINT('',#5015);
#5018=CARTESIAN_POINT('',(8.89E0,1.83E0,-6.7E0));
#5019=VERTEX_POINT('',#5018);
#5020=CARTESIAN_POINT('',(8.89E0,1.939191070280E0,-7.E0));
#5021=VERTEX_POINT('',#5020);
#5022=CARTESIAN_POINT('',(-8.89E0,-1.83E0,-6.7E0));
#5023=CARTESIAN_POINT('',(-8.89E0,-1.939191070280E0,-7.E0));
#5024=VERTEX_POINT('',#5022);
#5025=VERTEX_POINT('',#5023);
#5026=CARTESIAN_POINT('',(-8.89E0,1.83E0,-6.7E0));
#5027=VERTEX_POINT('',#5026);
#5028=CARTESIAN_POINT('',(-8.89E0,1.939191070280E0,-7.E0));
#5029=VERTEX_POINT('',#5028);
#5030=CARTESIAN_POINT('',(6.69E0,2.075E0,-1.E0));
#5031=CARTESIAN_POINT('',(6.69E0,6.65E-1,-1.E0));
#5032=VERTEX_POINT('',#5030);
#5033=VERTEX_POINT('',#5031);
#5034=CARTESIAN_POINT('',(8.55E0,6.65E-1,-1.E0));
#5035=CARTESIAN_POINT('',(8.55E0,2.075E0,-1.E0));
#5036=VERTEX_POINT('',#5034);
#5037=VERTEX_POINT('',#5035);
#5038=CARTESIAN_POINT('',(8.55E0,-6.65E-1,-1.E0));
#5039=CARTESIAN_POINT('',(8.55E0,-2.075E0,-1.E0));
#5040=VERTEX_POINT('',#5038);
#5041=VERTEX_POINT('',#5039);
#5042=CARTESIAN_POINT('',(6.69E0,-2.075E0,-1.E0));
#5043=CARTESIAN_POINT('',(6.69E0,-6.65E-1,-1.E0));
#5044=VERTEX_POINT('',#5042);
#5045=VERTEX_POINT('',#5043);
#5046=CARTESIAN_POINT('',(7.27E0,1.193076923077E0,-1.E1));
#5047=CARTESIAN_POINT('',(7.27E0,1.15E0,-7.473808456257E0));
#5048=VERTEX_POINT('',#5046);
#5049=VERTEX_POINT('',#5047);
#5050=CARTESIAN_POINT('',(7.27E0,1.33E0,-7.560986435127E0));
#5051=CARTESIAN_POINT('',(7.27E0,1.37E0,-9.906735725746E0));
#5052=VERTEX_POINT('',#5050);
#5053=VERTEX_POINT('',#5051);
#5054=CARTESIAN_POINT('',(7.97E0,1.193076923077E0,-1.E1));
#5055=CARTESIAN_POINT('',(7.97E0,1.15E0,-7.473808456257E0));
#5056=VERTEX_POINT('',#5054);
#5057=VERTEX_POINT('',#5055);
#5058=CARTESIAN_POINT('',(7.97E0,1.33E0,-7.560986435127E0));
#5059=CARTESIAN_POINT('',(7.97E0,1.37E0,-9.906735725746E0));
#5060=VERTEX_POINT('',#5058);
#5061=VERTEX_POINT('',#5059);
#5062=CARTESIAN_POINT('',(7.27E0,1.17E0,-7.386630477386E0));
#5063=VERTEX_POINT('',#5062);
#5064=CARTESIAN_POINT('',(7.27E0,1.37E0,-7.386630477386E0));
#5065=VERTEX_POINT('',#5064);
#5066=CARTESIAN_POINT('',(7.27E0,-1.15E0,-7.473808456257E0));
#5067=CARTESIAN_POINT('',(7.27E0,-1.193076923077E0,-1.E1));
#5068=VERTEX_POINT('',#5066);
#5069=VERTEX_POINT('',#5067);
#5070=CARTESIAN_POINT('',(7.27E0,-1.37E0,-9.906735725746E0));
#5071=VERTEX_POINT('',#5070);
#5072=CARTESIAN_POINT('',(7.27E0,-1.33E0,-7.560986435127E0));
#5073=VERTEX_POINT('',#5072);
#5074=CARTESIAN_POINT('',(7.27E0,-1.37E0,-7.386630477386E0));
#5075=VERTEX_POINT('',#5074);
#5076=CARTESIAN_POINT('',(7.27E0,-1.17E0,-7.386630477386E0));
#5077=VERTEX_POINT('',#5076);
#5078=CARTESIAN_POINT('',(7.97E0,1.17E0,-7.386630477386E0));
#5079=VERTEX_POINT('',#5078);
#5080=CARTESIAN_POINT('',(7.97E0,1.37E0,-7.386630477386E0));
#5081=VERTEX_POINT('',#5080);
#5082=CARTESIAN_POINT('',(7.97E0,-1.15E0,-7.473808456257E0));
#5083=CARTESIAN_POINT('',(7.97E0,-1.193076923077E0,-1.E1));
#5084=VERTEX_POINT('',#5082);
#5085=VERTEX_POINT('',#5083);
#5086=CARTESIAN_POINT('',(7.97E0,-1.37E0,-9.906735725746E0));
#5087=VERTEX_POINT('',#5086);
#5088=CARTESIAN_POINT('',(7.97E0,-1.33E0,-7.560986435127E0));
#5089=VERTEX_POINT('',#5088);
#5090=CARTESIAN_POINT('',(7.97E0,-1.37E0,-7.386630477386E0));
#5091=VERTEX_POINT('',#5090);
#5092=CARTESIAN_POINT('',(7.97E0,-1.17E0,-7.386630477386E0));
#5093=VERTEX_POINT('',#5092);
#5094=CARTESIAN_POINT('',(7.27E0,1.37E0,-6.7E0));
#5095=CARTESIAN_POINT('',(7.27E0,1.17E0,-6.7E0));
#5096=VERTEX_POINT('',#5094);
#5097=VERTEX_POINT('',#5095);
#5098=CARTESIAN_POINT('',(7.27E0,-1.17E0,-6.7E0));
#5099=CARTESIAN_POINT('',(7.27E0,-1.37E0,-6.7E0));
#5100=VERTEX_POINT('',#5098);
#5101=VERTEX_POINT('',#5099);
#5102=CARTESIAN_POINT('',(7.97E0,1.37E0,-6.7E0));
#5103=CARTESIAN_POINT('',(7.97E0,1.17E0,-6.7E0));
#5104=VERTEX_POINT('',#5102);
#5105=VERTEX_POINT('',#5103);
#5106=CARTESIAN_POINT('',(7.97E0,-1.17E0,-6.7E0));
#5107=CARTESIAN_POINT('',(7.97E0,-1.37E0,-6.7E0));
#5108=VERTEX_POINT('',#5106);
#5109=VERTEX_POINT('',#5107);
#5110=CARTESIAN_POINT('',(6.39E0,2.275E0,0.E0));
#5111=CARTESIAN_POINT('',(8.85E0,2.275E0,0.E0));
#5112=VERTEX_POINT('',#5110);
#5113=VERTEX_POINT('',#5111);
#5114=CARTESIAN_POINT('',(8.85E0,6.15E-1,0.E0));
#5115=VERTEX_POINT('',#5114);
#5116=CARTESIAN_POINT('',(8.55E0,2.075E0,-3.E-1));
#5117=CARTESIAN_POINT('',(8.55E0,6.65E-1,-3.E-1));
#5118=VERTEX_POINT('',#5116);
#5119=VERTEX_POINT('',#5117);
#5120=CARTESIAN_POINT('',(6.39E0,6.15E-1,0.E0));
#5121=VERTEX_POINT('',#5120);
#5122=CARTESIAN_POINT('',(6.69E0,6.65E-1,-3.E-1));
#5123=CARTESIAN_POINT('',(6.69E0,2.075E0,-3.E-1));
#5124=VERTEX_POINT('',#5122);
#5125=VERTEX_POINT('',#5123);
#5126=CARTESIAN_POINT('',(6.39E0,-6.15E-1,0.E0));
#5127=CARTESIAN_POINT('',(8.85E0,-6.15E-1,0.E0));
#5128=VERTEX_POINT('',#5126);
#5129=VERTEX_POINT('',#5127);
#5130=CARTESIAN_POINT('',(8.55E0,-6.65E-1,-3.E-1));
#5131=CARTESIAN_POINT('',(8.55E0,-2.075E0,-3.E-1));
#5132=VERTEX_POINT('',#5130);
#5133=VERTEX_POINT('',#5131);
#5134=CARTESIAN_POINT('',(8.85E0,-2.275E0,0.E0));
#5135=VERTEX_POINT('',#5134);
#5136=CARTESIAN_POINT('',(6.39E0,-2.275E0,0.E0));
#5137=VERTEX_POINT('',#5136);
#5138=CARTESIAN_POINT('',(6.69E0,-2.075E0,-3.E-1));
#5139=CARTESIAN_POINT('',(6.69E0,-6.65E-1,-3.E-1));
#5140=VERTEX_POINT('',#5138);
#5141=VERTEX_POINT('',#5139);
#5142=CARTESIAN_POINT('',(6.555831239518E0,6.65E-1,-5.E-2));
#5143=VERTEX_POINT('',#5142);
#5144=CARTESIAN_POINT('',(6.672842712475E0,2.075E0,-2.E-1));
#5145=VERTEX_POINT('',#5144);
#5146=VERTEX_POINT('',#2075);
#5147=CARTESIAN_POINT('',(8.567157287525E0,2.075E0,-2.E-1));
#5148=VERTEX_POINT('',#5147);
#5149=CARTESIAN_POINT('',(6.672842712475E0,-2.075E0,-2.E-1));
#5150=VERTEX_POINT('',#5149);
#5151=CARTESIAN_POINT('',(6.555831239518E0,-6.65E-1,-5.E-2));
#5152=VERTEX_POINT('',#5151);
#5153=CARTESIAN_POINT('',(8.684168760482E0,-6.65E-1,-5.E-2));
#5154=VERTEX_POINT('',#5153);
#5155=VERTEX_POINT('',#2293);
#5156=CARTESIAN_POINT('',(8.19E0,6.E-1,-6.6E0));
#5157=CARTESIAN_POINT('',(8.19E0,-6.E-1,-6.6E0));
#5158=VERTEX_POINT('',#5156);
#5159=VERTEX_POINT('',#5157);
#5160=CARTESIAN_POINT('',(8.04E0,-6.E-1,-6.6E0));
#5161=VERTEX_POINT('',#5160);
#5162=CARTESIAN_POINT('',(7.89E0,-4.212766170502E-1,-6.6E0));
#5163=VERTEX_POINT('',#5162);
#5164=CARTESIAN_POINT('',(7.89E0,-2.170212507248E-1,-6.6E0));
#5165=VERTEX_POINT('',#5164);
#5166=CARTESIAN_POINT('',(8.04E0,-3.957447052002E-1,-6.6E0));
#5167=VERTEX_POINT('',#5166);
#5168=CARTESIAN_POINT('',(8.04E0,6.E-1,-6.6E0));
#5169=VERTEX_POINT('',#5168);
#5170=CARTESIAN_POINT('',(8.19E0,6.E-1,-6.7E0));
#5171=CARTESIAN_POINT('',(8.19E0,-6.E-1,-6.7E0));
#5172=VERTEX_POINT('',#5170);
#5173=VERTEX_POINT('',#5171);
#5174=CARTESIAN_POINT('',(8.04E0,-6.E-1,-6.7E0));
#5175=VERTEX_POINT('',#5174);
#5176=CARTESIAN_POINT('',(7.89E0,-4.212766170502E-1,-6.7E0));
#5177=VERTEX_POINT('',#5176);
#5178=CARTESIAN_POINT('',(7.89E0,-2.170212507248E-1,-6.7E0));
#5179=VERTEX_POINT('',#5178);
#5180=CARTESIAN_POINT('',(8.04E0,-3.957447052002E-1,-6.7E0));
#5181=VERTEX_POINT('',#5180);
#5182=CARTESIAN_POINT('',(8.04E0,6.E-1,-6.7E0));
#5183=VERTEX_POINT('',#5182);
#5184=CARTESIAN_POINT('',(6.720058936674E0,2.075E0,-4.993444527246E-1));
#5185=CARTESIAN_POINT('',(6.720058936674E0,6.65E-1,-4.993444527246E-1));
#5186=VERTEX_POINT('',#5184);
#5187=VERTEX_POINT('',#5185);
#5188=CARTESIAN_POINT('',(8.519941063326E0,2.075E0,-4.993444527246E-1));
#5189=CARTESIAN_POINT('',(8.519941063326E0,6.65E-1,-4.993444527246E-1));
#5190=VERTEX_POINT('',#5188);
#5191=VERTEX_POINT('',#5189);
#5192=CARTESIAN_POINT('',(6.912242595214E0,6.65E-1,-1.E0));
#5193=VERTEX_POINT('',#5192);
#5194=CARTESIAN_POINT('',(8.327757404786E0,6.65E-1,-1.E0));
#5195=VERTEX_POINT('',#5194);
#5196=CARTESIAN_POINT('',(6.912242595214E0,2.075E0,-1.E0));
#5197=VERTEX_POINT('',#5196);
#5198=CARTESIAN_POINT('',(8.327757404786E0,2.075E0,-1.E0));
#5199=VERTEX_POINT('',#5198);
#5200=CARTESIAN_POINT('',(8.195E0,2.075E0,-4.E-1));
#5201=CARTESIAN_POINT('',(7.045E0,2.075E0,-4.E-1));
#5202=VERTEX_POINT('',#5200);
#5203=VERTEX_POINT('',#5201);
#5204=CARTESIAN_POINT('',(8.113528406059E0,6.65E-1,-1.E0));
#5205=CARTESIAN_POINT('',(7.126471593941E0,6.65E-1,-1.E0));
#5206=VERTEX_POINT('',#5204);
#5207=VERTEX_POINT('',#5205);
#5208=CARTESIAN_POINT('',(7.126471593941E0,1.87E0,-1.E0));
#5209=CARTESIAN_POINT('',(8.113528406059E0,1.87E0,-1.E0));
#5210=VERTEX_POINT('',#5208);
#5211=VERTEX_POINT('',#5209);
#5212=CARTESIAN_POINT('',(8.328213072384E0,6.65E-1,-4.407273233991E-1));
#5213=VERTEX_POINT('',#5212);
#5214=CARTESIAN_POINT('',(6.911786927616E0,6.65E-1,-4.407273233991E-1));
#5215=VERTEX_POINT('',#5214);
#5216=CARTESIAN_POINT('',(8.328213072384E0,1.87E0,-4.407273233991E-1));
#5217=VERTEX_POINT('',#5216);
#5218=CARTESIAN_POINT('',(6.911786927616E0,1.87E0,-4.407273233991E-1));
#5219=VERTEX_POINT('',#5218);
#5220=CARTESIAN_POINT('',(8.195E0,1.87E0,-4.E-1));
#5221=CARTESIAN_POINT('',(7.045E0,1.87E0,-4.E-1));
#5222=VERTEX_POINT('',#5220);
#5223=VERTEX_POINT('',#5221);
#5224=CARTESIAN_POINT('',(8.113528406059E0,-6.65E-1,-1.E0));
#5225=CARTESIAN_POINT('',(7.126471593941E0,-6.65E-1,-1.E0));
#5226=VERTEX_POINT('',#5224);
#5227=VERTEX_POINT('',#5225);
#5228=CARTESIAN_POINT('',(8.113528406059E0,-1.87E0,-1.E0));
#5229=CARTESIAN_POINT('',(7.126471593941E0,-1.87E0,-1.E0));
#5230=VERTEX_POINT('',#5228);
#5231=VERTEX_POINT('',#5229);
#5232=CARTESIAN_POINT('',(8.328213072384E0,-6.65E-1,-4.407273233991E-1));
#5233=VERTEX_POINT('',#5232);
#5234=CARTESIAN_POINT('',(6.911786927616E0,-6.65E-1,-4.407273233991E-1));
#5235=VERTEX_POINT('',#5234);
#5236=CARTESIAN_POINT('',(8.328213072384E0,-1.87E0,-4.407273233991E-1));
#5237=VERTEX_POINT('',#5236);
#5238=CARTESIAN_POINT('',(6.911786927616E0,-1.87E0,-4.407273233991E-1));
#5239=VERTEX_POINT('',#5238);
#5240=CARTESIAN_POINT('',(6.720058936674E0,-2.075E0,-4.993444527246E-1));
#5241=CARTESIAN_POINT('',(6.720058936674E0,-6.65E-1,-4.993444527246E-1));
#5242=VERTEX_POINT('',#5240);
#5243=VERTEX_POINT('',#5241);
#5244=CARTESIAN_POINT('',(8.519941063326E0,-2.075E0,-4.993444527246E-1));
#5245=CARTESIAN_POINT('',(8.519941063326E0,-6.65E-1,-4.993444527246E-1));
#5246=VERTEX_POINT('',#5244);
#5247=VERTEX_POINT('',#5245);
#5248=CARTESIAN_POINT('',(6.912242595214E0,-2.075E0,-1.E0));
#5249=CARTESIAN_POINT('',(6.912242595214E0,-6.65E-1,-1.E0));
#5250=VERTEX_POINT('',#5248);
#5251=VERTEX_POINT('',#5249);
#5252=CARTESIAN_POINT('',(8.327757404786E0,-2.075E0,-1.E0));
#5253=CARTESIAN_POINT('',(8.327757404786E0,-6.65E-1,-1.E0));
#5254=VERTEX_POINT('',#5252);
#5255=VERTEX_POINT('',#5253);
#5256=CARTESIAN_POINT('',(8.195E0,-2.075E0,-4.E-1));
#5257=CARTESIAN_POINT('',(7.045E0,-2.075E0,-4.E-1));
#5258=VERTEX_POINT('',#5256);
#5259=VERTEX_POINT('',#5257);
#5260=CARTESIAN_POINT('',(8.195E0,-1.87E0,-4.E-1));
#5261=CARTESIAN_POINT('',(7.045E0,-1.87E0,-4.E-1));
#5262=VERTEX_POINT('',#5260);
#5263=VERTEX_POINT('',#5261);
#5264=CARTESIAN_POINT('',(4.15E0,2.075E0,-1.E0));
#5265=CARTESIAN_POINT('',(4.15E0,6.65E-1,-1.E0));
#5266=VERTEX_POINT('',#5264);
#5267=VERTEX_POINT('',#5265);
#5268=CARTESIAN_POINT('',(6.01E0,6.65E-1,-1.E0));
#5269=CARTESIAN_POINT('',(6.01E0,2.075E0,-1.E0));
#5270=VERTEX_POINT('',#5268);
#5271=VERTEX_POINT('',#5269);
#5272=CARTESIAN_POINT('',(6.01E0,-6.65E-1,-1.E0));
#5273=CARTESIAN_POINT('',(6.01E0,-2.075E0,-1.E0));
#5274=VERTEX_POINT('',#5272);
#5275=VERTEX_POINT('',#5273);
#5276=CARTESIAN_POINT('',(4.15E0,-2.075E0,-1.E0));
#5277=CARTESIAN_POINT('',(4.15E0,-6.65E-1,-1.E0));
#5278=VERTEX_POINT('',#5276);
#5279=VERTEX_POINT('',#5277);
#5280=CARTESIAN_POINT('',(1.61E0,2.075E0,-1.E0));
#5281=CARTESIAN_POINT('',(1.61E0,6.65E-1,-1.E0));
#5282=VERTEX_POINT('',#5280);
#5283=VERTEX_POINT('',#5281);
#5284=CARTESIAN_POINT('',(3.47E0,6.65E-1,-1.E0));
#5285=CARTESIAN_POINT('',(3.47E0,2.075E0,-1.E0));
#5286=VERTEX_POINT('',#5284);
#5287=VERTEX_POINT('',#5285);
#5288=CARTESIAN_POINT('',(3.47E0,-6.65E-1,-1.E0));
#5289=CARTESIAN_POINT('',(3.47E0,-2.075E0,-1.E0));
#5290=VERTEX_POINT('',#5288);
#5291=VERTEX_POINT('',#5289);
#5292=CARTESIAN_POINT('',(1.61E0,-2.075E0,-1.E0));
#5293=CARTESIAN_POINT('',(1.61E0,-6.65E-1,-1.E0));
#5294=VERTEX_POINT('',#5292);
#5295=VERTEX_POINT('',#5293);
#5296=CARTESIAN_POINT('',(3.85E0,2.275E0,0.E0));
#5297=CARTESIAN_POINT('',(6.31E0,2.275E0,0.E0));
#5298=VERTEX_POINT('',#5296);
#5299=VERTEX_POINT('',#5297);
#5300=CARTESIAN_POINT('',(6.31E0,6.15E-1,0.E0));
#5301=VERTEX_POINT('',#5300);
#5302=CARTESIAN_POINT('',(6.01E0,2.075E0,-3.E-1));
#5303=CARTESIAN_POINT('',(6.01E0,6.65E-1,-3.E-1));
#5304=VERTEX_POINT('',#5302);
#5305=VERTEX_POINT('',#5303);
#5306=CARTESIAN_POINT('',(3.85E0,6.15E-1,0.E0));
#5307=VERTEX_POINT('',#5306);
#5308=CARTESIAN_POINT('',(4.15E0,6.65E-1,-3.E-1));
#5309=CARTESIAN_POINT('',(4.15E0,2.075E0,-3.E-1));
#5310=VERTEX_POINT('',#5308);
#5311=VERTEX_POINT('',#5309);
#5312=CARTESIAN_POINT('',(3.85E0,-6.15E-1,0.E0));
#5313=CARTESIAN_POINT('',(6.31E0,-6.15E-1,0.E0));
#5314=VERTEX_POINT('',#5312);
#5315=VERTEX_POINT('',#5313);
#5316=CARTESIAN_POINT('',(6.01E0,-6.65E-1,-3.E-1));
#5317=CARTESIAN_POINT('',(6.01E0,-2.075E0,-3.E-1));
#5318=VERTEX_POINT('',#5316);
#5319=VERTEX_POINT('',#5317);
#5320=CARTESIAN_POINT('',(6.31E0,-2.275E0,0.E0));
#5321=VERTEX_POINT('',#5320);
#5322=CARTESIAN_POINT('',(3.85E0,-2.275E0,0.E0));
#5323=VERTEX_POINT('',#5322);
#5324=CARTESIAN_POINT('',(4.15E0,-2.075E0,-3.E-1));
#5325=CARTESIAN_POINT('',(4.15E0,-6.65E-1,-3.E-1));
#5326=VERTEX_POINT('',#5324);
#5327=VERTEX_POINT('',#5325);
#5328=CARTESIAN_POINT('',(4.015831239518E0,6.65E-1,-5.E-2));
#5329=VERTEX_POINT('',#5328);
#5330=CARTESIAN_POINT('',(4.132842712475E0,2.075E0,-2.E-1));
#5331=VERTEX_POINT('',#5330);
#5332=VERTEX_POINT('',#2523);
#5333=CARTESIAN_POINT('',(6.027157287525E0,2.075E0,-2.E-1));
#5334=VERTEX_POINT('',#5333);
#5335=CARTESIAN_POINT('',(4.132842712475E0,-2.075E0,-2.E-1));
#5336=VERTEX_POINT('',#5335);
#5337=CARTESIAN_POINT('',(4.015831239518E0,-6.65E-1,-5.E-2));
#5338=VERTEX_POINT('',#5337);
#5339=CARTESIAN_POINT('',(6.144168760482E0,-6.65E-1,-5.E-2));
#5340=VERTEX_POINT('',#5339);
#5341=VERTEX_POINT('',#2741);
#5342=CARTESIAN_POINT('',(1.31E0,2.275E0,0.E0));
#5343=CARTESIAN_POINT('',(3.77E0,2.275E0,0.E0));
#5344=VERTEX_POINT('',#5342);
#5345=VERTEX_POINT('',#5343);
#5346=CARTESIAN_POINT('',(3.77E0,6.15E-1,0.E0));
#5347=VERTEX_POINT('',#5346);
#5348=CARTESIAN_POINT('',(3.47E0,2.075E0,-3.E-1));
#5349=CARTESIAN_POINT('',(3.47E0,6.65E-1,-3.E-1));
#5350=VERTEX_POINT('',#5348);
#5351=VERTEX_POINT('',#5349);
#5352=CARTESIAN_POINT('',(1.31E0,6.15E-1,0.E0));
#5353=VERTEX_POINT('',#5352);
#5354=CARTESIAN_POINT('',(1.61E0,6.65E-1,-3.E-1));
#5355=CARTESIAN_POINT('',(1.61E0,2.075E0,-3.E-1));
#5356=VERTEX_POINT('',#5354);
#5357=VERTEX_POINT('',#5355);
#5358=CARTESIAN_POINT('',(1.31E0,-6.15E-1,0.E0));
#5359=CARTESIAN_POINT('',(3.77E0,-6.15E-1,0.E0));
#5360=VERTEX_POINT('',#5358);
#5361=VERTEX_POINT('',#5359);
#5362=CARTESIAN_POINT('',(3.47E0,-6.65E-1,-3.E-1));
#5363=CARTESIAN_POINT('',(3.47E0,-2.075E0,-3.E-1));
#5364=VERTEX_POINT('',#5362);
#5365=VERTEX_POINT('',#5363);
#5366=CARTESIAN_POINT('',(3.77E0,-2.275E0,0.E0));
#5367=VERTEX_POINT('',#5366);
#5368=CARTESIAN_POINT('',(1.31E0,-2.275E0,0.E0));
#5369=VERTEX_POINT('',#5368);
#5370=CARTESIAN_POINT('',(1.61E0,-2.075E0,-3.E-1));
#5371=CARTESIAN_POINT('',(1.61E0,-6.65E-1,-3.E-1));
#5372=VERTEX_POINT('',#5370);
#5373=VERTEX_POINT('',#5371);
#5374=CARTESIAN_POINT('',(1.475831239518E0,6.65E-1,-5.E-2));
#5375=VERTEX_POINT('',#5374);
#5376=CARTESIAN_POINT('',(1.592842712475E0,2.075E0,-2.E-1));
#5377=VERTEX_POINT('',#5376);
#5378=VERTEX_POINT('',#2971);
#5379=CARTESIAN_POINT('',(3.487157287525E0,2.075E0,-2.E-1));
#5380=VERTEX_POINT('',#5379);
#5381=CARTESIAN_POINT('',(1.592842712475E0,-2.075E0,-2.E-1));
#5382=VERTEX_POINT('',#5381);
#5383=CARTESIAN_POINT('',(1.475831239518E0,-6.65E-1,-5.E-2));
#5384=VERTEX_POINT('',#5383);
#5385=CARTESIAN_POINT('',(3.604168760482E0,-6.65E-1,-5.E-2));
#5386=VERTEX_POINT('',#5385);
#5387=VERTEX_POINT('',#3189);
#5388=CARTESIAN_POINT('',(4.73E0,1.193076923077E0,-1.E1));
#5389=CARTESIAN_POINT('',(4.73E0,1.15E0,-7.473808456257E0));
#5390=VERTEX_POINT('',#5388);
#5391=VERTEX_POINT('',#5389);
#5392=CARTESIAN_POINT('',(4.73E0,1.33E0,-7.560986435127E0));
#5393=CARTESIAN_POINT('',(4.73E0,1.37E0,-9.906735725746E0));
#5394=VERTEX_POINT('',#5392);
#5395=VERTEX_POINT('',#5393);
#5396=CARTESIAN_POINT('',(5.43E0,1.193076923077E0,-1.E1));
#5397=CARTESIAN_POINT('',(5.43E0,1.15E0,-7.473808456257E0));
#5398=VERTEX_POINT('',#5396);
#5399=VERTEX_POINT('',#5397);
#5400=CARTESIAN_POINT('',(5.43E0,1.33E0,-7.560986435127E0));
#5401=CARTESIAN_POINT('',(5.43E0,1.37E0,-9.906735725746E0));
#5402=VERTEX_POINT('',#5400);
#5403=VERTEX_POINT('',#5401);
#5404=CARTESIAN_POINT('',(4.73E0,1.17E0,-7.386630477386E0));
#5405=VERTEX_POINT('',#5404);
#5406=CARTESIAN_POINT('',(4.73E0,1.37E0,-7.386630477386E0));
#5407=VERTEX_POINT('',#5406);
#5408=CARTESIAN_POINT('',(4.73E0,-1.15E0,-7.473808456257E0));
#5409=CARTESIAN_POINT('',(4.73E0,-1.193076923077E0,-1.E1));
#5410=VERTEX_POINT('',#5408);
#5411=VERTEX_POINT('',#5409);
#5412=CARTESIAN_POINT('',(4.73E0,-1.37E0,-9.906735725746E0));
#5413=VERTEX_POINT('',#5412);
#5414=CARTESIAN_POINT('',(4.73E0,-1.33E0,-7.560986435127E0));
#5415=VERTEX_POINT('',#5414);
#5416=CARTESIAN_POINT('',(4.73E0,-1.37E0,-7.386630477386E0));
#5417=VERTEX_POINT('',#5416);
#5418=CARTESIAN_POINT('',(4.73E0,-1.17E0,-7.386630477386E0));
#5419=VERTEX_POINT('',#5418);
#5420=CARTESIAN_POINT('',(5.43E0,1.17E0,-7.386630477386E0));
#5421=VERTEX_POINT('',#5420);
#5422=CARTESIAN_POINT('',(5.43E0,1.37E0,-7.386630477386E0));
#5423=VERTEX_POINT('',#5422);
#5424=CARTESIAN_POINT('',(5.43E0,-1.15E0,-7.473808456257E0));
#5425=CARTESIAN_POINT('',(5.43E0,-1.193076923077E0,-1.E1));
#5426=VERTEX_POINT('',#5424);
#5427=VERTEX_POINT('',#5425);
#5428=CARTESIAN_POINT('',(5.43E0,-1.37E0,-9.906735725746E0));
#5429=VERTEX_POINT('',#5428);
#5430=CARTESIAN_POINT('',(5.43E0,-1.33E0,-7.560986435127E0));
#5431=VERTEX_POINT('',#5430);
#5432=CARTESIAN_POINT('',(5.43E0,-1.37E0,-7.386630477386E0));
#5433=VERTEX_POINT('',#5432);
#5434=CARTESIAN_POINT('',(5.43E0,-1.17E0,-7.386630477386E0));
#5435=VERTEX_POINT('',#5434);
#5436=CARTESIAN_POINT('',(4.73E0,1.17E0,-6.7E0));
#5437=VERTEX_POINT('',#5436);
#5438=CARTESIAN_POINT('',(4.73E0,1.37E0,-6.7E0));
#5439=VERTEX_POINT('',#5438);
#5440=CARTESIAN_POINT('',(4.73E0,-1.37E0,-6.7E0));
#5441=VERTEX_POINT('',#5440);
#5442=CARTESIAN_POINT('',(4.73E0,-1.17E0,-6.7E0));
#5443=VERTEX_POINT('',#5442);
#5444=CARTESIAN_POINT('',(5.43E0,1.17E0,-6.7E0));
#5445=VERTEX_POINT('',#5444);
#5446=CARTESIAN_POINT('',(5.43E0,1.37E0,-6.7E0));
#5447=VERTEX_POINT('',#5446);
#5448=CARTESIAN_POINT('',(5.43E0,-1.37E0,-6.7E0));
#5449=VERTEX_POINT('',#5448);
#5450=CARTESIAN_POINT('',(5.43E0,-1.17E0,-6.7E0));
#5451=VERTEX_POINT('',#5450);
#5452=CARTESIAN_POINT('',(4.180058936674E0,2.075E0,-4.993444527246E-1));
#5453=CARTESIAN_POINT('',(4.180058936674E0,6.65E-1,-4.993444527246E-1));
#5454=VERTEX_POINT('',#5452);
#5455=VERTEX_POINT('',#5453);
#5456=CARTESIAN_POINT('',(5.979941063326E0,2.075E0,-4.993444527246E-1));
#5457=CARTESIAN_POINT('',(5.979941063326E0,6.65E-1,-4.993444527246E-1));
#5458=VERTEX_POINT('',#5456);
#5459=VERTEX_POINT('',#5457);
#5460=CARTESIAN_POINT('',(5.573528406059E0,6.65E-1,-1.E0));
#5461=CARTESIAN_POINT('',(4.586471593941E0,6.65E-1,-1.E0));
#5462=VERTEX_POINT('',#5460);
#5463=VERTEX_POINT('',#5461);
#5464=CARTESIAN_POINT('',(4.586471593941E0,1.87E0,-1.E0));
#5465=CARTESIAN_POINT('',(5.573528406059E0,1.87E0,-1.E0));
#5466=VERTEX_POINT('',#5464);
#5467=VERTEX_POINT('',#5465);
#5468=CARTESIAN_POINT('',(5.788213072384E0,6.65E-1,-4.407273233991E-1));
#5469=VERTEX_POINT('',#5468);
#5470=CARTESIAN_POINT('',(4.371786927616E0,6.65E-1,-4.407273233991E-1));
#5471=VERTEX_POINT('',#5470);
#5472=CARTESIAN_POINT('',(5.788213072384E0,1.87E0,-4.407273233991E-1));
#5473=VERTEX_POINT('',#5472);
#5474=CARTESIAN_POINT('',(4.371786927616E0,1.87E0,-4.407273233991E-1));
#5475=VERTEX_POINT('',#5474);
#5476=CARTESIAN_POINT('',(4.180058936674E0,-2.075E0,-4.993444527246E-1));
#5477=CARTESIAN_POINT('',(4.180058936674E0,-6.65E-1,-4.993444527246E-1));
#5478=VERTEX_POINT('',#5476);
#5479=VERTEX_POINT('',#5477);
#5480=CARTESIAN_POINT('',(5.979941063326E0,-2.075E0,-4.993444527246E-1));
#5481=CARTESIAN_POINT('',(5.979941063326E0,-6.65E-1,-4.993444527246E-1));
#5482=VERTEX_POINT('',#5480);
#5483=VERTEX_POINT('',#5481);
#5484=CARTESIAN_POINT('',(5.573528406059E0,-6.65E-1,-1.E0));
#5485=CARTESIAN_POINT('',(4.586471593941E0,-6.65E-1,-1.E0));
#5486=VERTEX_POINT('',#5484);
#5487=VERTEX_POINT('',#5485);
#5488=CARTESIAN_POINT('',(5.573528406059E0,-1.87E0,-1.E0));
#5489=CARTESIAN_POINT('',(4.586471593941E0,-1.87E0,-1.E0));
#5490=VERTEX_POINT('',#5488);
#5491=VERTEX_POINT('',#5489);
#5492=CARTESIAN_POINT('',(5.788213072384E0,-6.65E-1,-4.407273233991E-1));
#5493=VERTEX_POINT('',#5492);
#5494=CARTESIAN_POINT('',(4.371786927616E0,-6.65E-1,-4.407273233991E-1));
#5495=VERTEX_POINT('',#5494);
#5496=CARTESIAN_POINT('',(5.788213072384E0,-1.87E0,-4.407273233991E-1));
#5497=VERTEX_POINT('',#5496);
#5498=CARTESIAN_POINT('',(4.371786927616E0,-1.87E0,-4.407273233991E-1));
#5499=VERTEX_POINT('',#5498);
#5500=CARTESIAN_POINT('',(2.19E0,1.193076923077E0,-1.E1));
#5501=CARTESIAN_POINT('',(2.19E0,1.15E0,-7.473808456257E0));
#5502=VERTEX_POINT('',#5500);
#5503=VERTEX_POINT('',#5501);
#5504=CARTESIAN_POINT('',(2.19E0,1.33E0,-7.560986435127E0));
#5505=CARTESIAN_POINT('',(2.19E0,1.37E0,-9.906735725746E0));
#5506=VERTEX_POINT('',#5504);
#5507=VERTEX_POINT('',#5505);
#5508=CARTESIAN_POINT('',(2.89E0,1.193076923077E0,-1.E1));
#5509=CARTESIAN_POINT('',(2.89E0,1.15E0,-7.473808456257E0));
#5510=VERTEX_POINT('',#5508);
#5511=VERTEX_POINT('',#5509);
#5512=CARTESIAN_POINT('',(2.89E0,1.33E0,-7.560986435127E0));
#5513=CARTESIAN_POINT('',(2.89E0,1.37E0,-9.906735725746E0));
#5514=VERTEX_POINT('',#5512);
#5515=VERTEX_POINT('',#5513);
#5516=CARTESIAN_POINT('',(2.19E0,1.17E0,-7.386630477386E0));
#5517=VERTEX_POINT('',#5516);
#5518=CARTESIAN_POINT('',(2.19E0,1.37E0,-7.386630477386E0));
#5519=VERTEX_POINT('',#5518);
#5520=CARTESIAN_POINT('',(2.19E0,-1.15E0,-7.473808456257E0));
#5521=CARTESIAN_POINT('',(2.19E0,-1.193076923077E0,-1.E1));
#5522=VERTEX_POINT('',#5520);
#5523=VERTEX_POINT('',#5521);
#5524=CARTESIAN_POINT('',(2.19E0,-1.37E0,-9.906735725746E0));
#5525=VERTEX_POINT('',#5524);
#5526=CARTESIAN_POINT('',(2.19E0,-1.33E0,-7.560986435127E0));
#5527=VERTEX_POINT('',#5526);
#5528=CARTESIAN_POINT('',(2.19E0,-1.37E0,-7.386630477386E0));
#5529=VERTEX_POINT('',#5528);
#5530=CARTESIAN_POINT('',(2.19E0,-1.17E0,-7.386630477386E0));
#5531=VERTEX_POINT('',#5530);
#5532=CARTESIAN_POINT('',(2.89E0,1.17E0,-7.386630477386E0));
#5533=VERTEX_POINT('',#5532);
#5534=CARTESIAN_POINT('',(2.89E0,1.37E0,-7.386630477386E0));
#5535=VERTEX_POINT('',#5534);
#5536=CARTESIAN_POINT('',(2.89E0,-1.15E0,-7.473808456257E0));
#5537=CARTESIAN_POINT('',(2.89E0,-1.193076923077E0,-1.E1));
#5538=VERTEX_POINT('',#5536);
#5539=VERTEX_POINT('',#5537);
#5540=CARTESIAN_POINT('',(2.89E0,-1.37E0,-9.906735725746E0));
#5541=VERTEX_POINT('',#5540);
#5542=CARTESIAN_POINT('',(2.89E0,-1.33E0,-7.560986435127E0));
#5543=VERTEX_POINT('',#5542);
#5544=CARTESIAN_POINT('',(2.89E0,-1.37E0,-7.386630477386E0));
#5545=VERTEX_POINT('',#5544);
#5546=CARTESIAN_POINT('',(2.89E0,-1.17E0,-7.386630477386E0));
#5547=VERTEX_POINT('',#5546);
#5548=CARTESIAN_POINT('',(2.19E0,1.17E0,-6.7E0));
#5549=VERTEX_POINT('',#5548);
#5550=CARTESIAN_POINT('',(2.19E0,1.37E0,-6.7E0));
#5551=VERTEX_POINT('',#5550);
#5552=CARTESIAN_POINT('',(2.19E0,-1.37E0,-6.7E0));
#5553=VERTEX_POINT('',#5552);
#5554=CARTESIAN_POINT('',(2.19E0,-1.17E0,-6.7E0));
#5555=VERTEX_POINT('',#5554);
#5556=CARTESIAN_POINT('',(2.89E0,1.17E0,-6.7E0));
#5557=VERTEX_POINT('',#5556);
#5558=CARTESIAN_POINT('',(2.89E0,1.37E0,-6.7E0));
#5559=VERTEX_POINT('',#5558);
#5560=CARTESIAN_POINT('',(2.89E0,-1.37E0,-6.7E0));
#5561=VERTEX_POINT('',#5560);
#5562=CARTESIAN_POINT('',(2.89E0,-1.17E0,-6.7E0));
#5563=VERTEX_POINT('',#5562);
#5564=CARTESIAN_POINT('',(1.640058936674E0,2.075E0,-4.993444527246E-1));
#5565=CARTESIAN_POINT('',(1.640058936674E0,6.65E-1,-4.993444527246E-1));
#5566=VERTEX_POINT('',#5564);
#5567=VERTEX_POINT('',#5565);
#5568=CARTESIAN_POINT('',(3.439941063326E0,2.075E0,-4.993444527246E-1));
#5569=CARTESIAN_POINT('',(3.439941063326E0,6.65E-1,-4.993444527246E-1));
#5570=VERTEX_POINT('',#5568);
#5571=VERTEX_POINT('',#5569);
#5572=CARTESIAN_POINT('',(3.033528406059E0,6.65E-1,-1.E0));
#5573=CARTESIAN_POINT('',(2.046471593941E0,6.65E-1,-1.E0));
#5574=VERTEX_POINT('',#5572);
#5575=VERTEX_POINT('',#5573);
#5576=CARTESIAN_POINT('',(2.046471593941E0,1.87E0,-1.E0));
#5577=CARTESIAN_POINT('',(3.033528406059E0,1.87E0,-1.E0));
#5578=VERTEX_POINT('',#5576);
#5579=VERTEX_POINT('',#5577);
#5580=CARTESIAN_POINT('',(3.248213072384E0,6.65E-1,-4.407273233991E-1));
#5581=VERTEX_POINT('',#5580);
#5582=CARTESIAN_POINT('',(1.831786927616E0,6.65E-1,-4.407273233991E-1));
#5583=VERTEX_POINT('',#5582);
#5584=CARTESIAN_POINT('',(3.248213072384E0,1.87E0,-4.407273233991E-1));
#5585=VERTEX_POINT('',#5584);
#5586=CARTESIAN_POINT('',(1.831786927616E0,1.87E0,-4.407273233991E-1));
#5587=VERTEX_POINT('',#5586);
#5588=CARTESIAN_POINT('',(1.640058936674E0,-2.075E0,-4.993444527246E-1));
#5589=CARTESIAN_POINT('',(1.640058936674E0,-6.65E-1,-4.993444527246E-1));
#5590=VERTEX_POINT('',#5588);
#5591=VERTEX_POINT('',#5589);
#5592=CARTESIAN_POINT('',(3.439941063326E0,-2.075E0,-4.993444527246E-1));
#5593=CARTESIAN_POINT('',(3.439941063326E0,-6.65E-1,-4.993444527246E-1));
#5594=VERTEX_POINT('',#5592);
#5595=VERTEX_POINT('',#5593);
#5596=CARTESIAN_POINT('',(3.033528406059E0,-6.65E-1,-1.E0));
#5597=CARTESIAN_POINT('',(2.046471593941E0,-6.65E-1,-1.E0));
#5598=VERTEX_POINT('',#5596);
#5599=VERTEX_POINT('',#5597);
#5600=CARTESIAN_POINT('',(3.033528406059E0,-1.87E0,-1.E0));
#5601=CARTESIAN_POINT('',(2.046471593941E0,-1.87E0,-1.E0));
#5602=VERTEX_POINT('',#5600);
#5603=VERTEX_POINT('',#5601);
#5604=CARTESIAN_POINT('',(3.248213072384E0,-6.65E-1,-4.407273233991E-1));
#5605=VERTEX_POINT('',#5604);
#5606=CARTESIAN_POINT('',(1.831786927616E0,-6.65E-1,-4.407273233991E-1));
#5607=VERTEX_POINT('',#5606);
#5608=CARTESIAN_POINT('',(3.248213072384E0,-1.87E0,-4.407273233991E-1));
#5609=VERTEX_POINT('',#5608);
#5610=CARTESIAN_POINT('',(1.831786927616E0,-1.87E0,-4.407273233991E-1));
#5611=VERTEX_POINT('',#5610);
#5612=CARTESIAN_POINT('',(4.372242595214E0,2.075E0,-1.E0));
#5613=CARTESIAN_POINT('',(4.372242595214E0,6.65E-1,-1.E0));
#5614=VERTEX_POINT('',#5612);
#5615=VERTEX_POINT('',#5613);
#5616=CARTESIAN_POINT('',(5.787757404786E0,2.075E0,-1.E0));
#5617=CARTESIAN_POINT('',(5.787757404786E0,6.65E-1,-1.E0));
#5618=VERTEX_POINT('',#5616);
#5619=VERTEX_POINT('',#5617);
#5620=CARTESIAN_POINT('',(5.655E0,2.075E0,-4.E-1));
#5621=CARTESIAN_POINT('',(4.505E0,2.075E0,-4.E-1));
#5622=VERTEX_POINT('',#5620);
#5623=VERTEX_POINT('',#5621);
#5624=CARTESIAN_POINT('',(5.655E0,1.87E0,-4.E-1));
#5625=CARTESIAN_POINT('',(4.505E0,1.87E0,-4.E-1));
#5626=VERTEX_POINT('',#5624);
#5627=VERTEX_POINT('',#5625);
#5628=CARTESIAN_POINT('',(4.372242595214E0,-2.075E0,-1.E0));
#5629=CARTESIAN_POINT('',(4.372242595214E0,-6.65E-1,-1.E0));
#5630=VERTEX_POINT('',#5628);
#5631=VERTEX_POINT('',#5629);
#5632=CARTESIAN_POINT('',(5.787757404786E0,-2.075E0,-1.E0));
#5633=CARTESIAN_POINT('',(5.787757404786E0,-6.65E-1,-1.E0));
#5634=VERTEX_POINT('',#5632);
#5635=VERTEX_POINT('',#5633);
#5636=CARTESIAN_POINT('',(5.655E0,-2.075E0,-4.E-1));
#5637=CARTESIAN_POINT('',(4.505E0,-2.075E0,-4.E-1));
#5638=VERTEX_POINT('',#5636);
#5639=VERTEX_POINT('',#5637);
#5640=CARTESIAN_POINT('',(5.655E0,-1.87E0,-4.E-1));
#5641=CARTESIAN_POINT('',(4.505E0,-1.87E0,-4.E-1));
#5642=VERTEX_POINT('',#5640);
#5643=VERTEX_POINT('',#5641);
#5644=CARTESIAN_POINT('',(1.832242595214E0,2.075E0,-1.E0));
#5645=CARTESIAN_POINT('',(1.832242595214E0,6.65E-1,-1.E0));
#5646=VERTEX_POINT('',#5644);
#5647=VERTEX_POINT('',#5645);
#5648=CARTESIAN_POINT('',(3.247757404786E0,2.075E0,-1.E0));
#5649=CARTESIAN_POINT('',(3.247757404786E0,6.65E-1,-1.E0));
#5650=VERTEX_POINT('',#5648);
#5651=VERTEX_POINT('',#5649);
#5652=CARTESIAN_POINT('',(3.115E0,2.075E0,-4.E-1));
#5653=CARTESIAN_POINT('',(1.965E0,2.075E0,-4.E-1));
#5654=VERTEX_POINT('',#5652);
#5655=VERTEX_POINT('',#5653);
#5656=CARTESIAN_POINT('',(3.115E0,1.87E0,-4.E-1));
#5657=CARTESIAN_POINT('',(1.965E0,1.87E0,-4.E-1));
#5658=VERTEX_POINT('',#5656);
#5659=VERTEX_POINT('',#5657);
#5660=CARTESIAN_POINT('',(1.832242595214E0,-2.075E0,-1.E0));
#5661=CARTESIAN_POINT('',(1.832242595214E0,-6.65E-1,-1.E0));
#5662=VERTEX_POINT('',#5660);
#5663=VERTEX_POINT('',#5661);
#5664=CARTESIAN_POINT('',(3.247757404786E0,-2.075E0,-1.E0));
#5665=CARTESIAN_POINT('',(3.247757404786E0,-6.65E-1,-1.E0));
#5666=VERTEX_POINT('',#5664);
#5667=VERTEX_POINT('',#5665);
#5668=CARTESIAN_POINT('',(3.115E0,-2.075E0,-4.E-1));
#5669=CARTESIAN_POINT('',(1.965E0,-2.075E0,-4.E-1));
#5670=VERTEX_POINT('',#5668);
#5671=VERTEX_POINT('',#5669);
#5672=CARTESIAN_POINT('',(3.115E0,-1.87E0,-4.E-1));
#5673=CARTESIAN_POINT('',(1.965E0,-1.87E0,-4.E-1));
#5674=VERTEX_POINT('',#5672);
#5675=VERTEX_POINT('',#5673);
#5676=CARTESIAN_POINT('',(-9.3E-1,2.075E0,-1.E0));
#5677=CARTESIAN_POINT('',(-9.3E-1,6.65E-1,-1.E0));
#5678=VERTEX_POINT('',#5676);
#5679=VERTEX_POINT('',#5677);
#5680=CARTESIAN_POINT('',(9.3E-1,6.65E-1,-1.E0));
#5681=CARTESIAN_POINT('',(9.3E-1,2.075E0,-1.E0));
#5682=VERTEX_POINT('',#5680);
#5683=VERTEX_POINT('',#5681);
#5684=CARTESIAN_POINT('',(9.3E-1,-6.65E-1,-1.E0));
#5685=CARTESIAN_POINT('',(9.3E-1,-2.075E0,-1.E0));
#5686=VERTEX_POINT('',#5684);
#5687=VERTEX_POINT('',#5685);
#5688=CARTESIAN_POINT('',(-9.3E-1,-2.075E0,-1.E0));
#5689=CARTESIAN_POINT('',(-9.3E-1,-6.65E-1,-1.E0));
#5690=VERTEX_POINT('',#5688);
#5691=VERTEX_POINT('',#5689);
#5692=CARTESIAN_POINT('',(-3.47E0,2.075E0,-1.E0));
#5693=CARTESIAN_POINT('',(-3.47E0,6.65E-1,-1.E0));
#5694=VERTEX_POINT('',#5692);
#5695=VERTEX_POINT('',#5693);
#5696=CARTESIAN_POINT('',(-1.61E0,6.65E-1,-1.E0));
#5697=CARTESIAN_POINT('',(-1.61E0,2.075E0,-1.E0));
#5698=VERTEX_POINT('',#5696);
#5699=VERTEX_POINT('',#5697);
#5700=CARTESIAN_POINT('',(-1.61E0,-6.65E-1,-1.E0));
#5701=CARTESIAN_POINT('',(-1.61E0,-2.075E0,-1.E0));
#5702=VERTEX_POINT('',#5700);
#5703=VERTEX_POINT('',#5701);
#5704=CARTESIAN_POINT('',(-3.47E0,-2.075E0,-1.E0));
#5705=CARTESIAN_POINT('',(-3.47E0,-6.65E-1,-1.E0));
#5706=VERTEX_POINT('',#5704);
#5707=VERTEX_POINT('',#5705);
#5708=CARTESIAN_POINT('',(-6.01E0,2.075E0,-1.E0));
#5709=CARTESIAN_POINT('',(-6.01E0,6.65E-1,-1.E0));
#5710=VERTEX_POINT('',#5708);
#5711=VERTEX_POINT('',#5709);
#5712=CARTESIAN_POINT('',(-4.15E0,6.65E-1,-1.E0));
#5713=CARTESIAN_POINT('',(-4.15E0,2.075E0,-1.E0));
#5714=VERTEX_POINT('',#5712);
#5715=VERTEX_POINT('',#5713);
#5716=CARTESIAN_POINT('',(-4.15E0,-6.65E-1,-1.E0));
#5717=CARTESIAN_POINT('',(-4.15E0,-2.075E0,-1.E0));
#5718=VERTEX_POINT('',#5716);
#5719=VERTEX_POINT('',#5717);
#5720=CARTESIAN_POINT('',(-6.01E0,-2.075E0,-1.E0));
#5721=CARTESIAN_POINT('',(-6.01E0,-6.65E-1,-1.E0));
#5722=VERTEX_POINT('',#5720);
#5723=VERTEX_POINT('',#5721);
#5724=CARTESIAN_POINT('',(-8.55E0,2.075E0,-1.E0));
#5725=CARTESIAN_POINT('',(-8.55E0,6.65E-1,-1.E0));
#5726=VERTEX_POINT('',#5724);
#5727=VERTEX_POINT('',#5725);
#5728=CARTESIAN_POINT('',(-6.69E0,6.65E-1,-1.E0));
#5729=CARTESIAN_POINT('',(-6.69E0,2.075E0,-1.E0));
#5730=VERTEX_POINT('',#5728);
#5731=VERTEX_POINT('',#5729);
#5732=CARTESIAN_POINT('',(-6.69E0,-6.65E-1,-1.E0));
#5733=CARTESIAN_POINT('',(-6.69E0,-2.075E0,-1.E0));
#5734=VERTEX_POINT('',#5732);
#5735=VERTEX_POINT('',#5733);
#5736=CARTESIAN_POINT('',(-8.55E0,-2.075E0,-1.E0));
#5737=CARTESIAN_POINT('',(-8.55E0,-6.65E-1,-1.E0));
#5738=VERTEX_POINT('',#5736);
#5739=VERTEX_POINT('',#5737);
#5740=CARTESIAN_POINT('',(-1.23E0,2.275E0,0.E0));
#5741=CARTESIAN_POINT('',(1.23E0,2.275E0,0.E0));
#5742=VERTEX_POINT('',#5740);
#5743=VERTEX_POINT('',#5741);
#5744=CARTESIAN_POINT('',(1.23E0,6.15E-1,0.E0));
#5745=VERTEX_POINT('',#5744);
#5746=CARTESIAN_POINT('',(9.3E-1,2.075E0,-3.E-1));
#5747=CARTESIAN_POINT('',(9.3E-1,6.65E-1,-3.E-1));
#5748=VERTEX_POINT('',#5746);
#5749=VERTEX_POINT('',#5747);
#5750=CARTESIAN_POINT('',(-1.23E0,6.15E-1,0.E0));
#5751=VERTEX_POINT('',#5750);
#5752=CARTESIAN_POINT('',(-9.3E-1,6.65E-1,-3.E-1));
#5753=CARTESIAN_POINT('',(-9.3E-1,2.075E0,-3.E-1));
#5754=VERTEX_POINT('',#5752);
#5755=VERTEX_POINT('',#5753);
#5756=CARTESIAN_POINT('',(-1.23E0,-6.15E-1,0.E0));
#5757=CARTESIAN_POINT('',(1.23E0,-6.15E-1,0.E0));
#5758=VERTEX_POINT('',#5756);
#5759=VERTEX_POINT('',#5757);
#5760=CARTESIAN_POINT('',(9.3E-1,-6.65E-1,-3.E-1));
#5761=CARTESIAN_POINT('',(9.3E-1,-2.075E0,-3.E-1));
#5762=VERTEX_POINT('',#5760);
#5763=VERTEX_POINT('',#5761);
#5764=CARTESIAN_POINT('',(1.23E0,-2.275E0,0.E0));
#5765=VERTEX_POINT('',#5764);
#5766=CARTESIAN_POINT('',(-1.23E0,-2.275E0,0.E0));
#5767=VERTEX_POINT('',#5766);
#5768=CARTESIAN_POINT('',(-9.3E-1,-2.075E0,-3.E-1));
#5769=CARTESIAN_POINT('',(-9.3E-1,-6.65E-1,-3.E-1));
#5770=VERTEX_POINT('',#5768);
#5771=VERTEX_POINT('',#5769);
#5772=CARTESIAN_POINT('',(-1.064168760482E0,6.65E-1,-5.E-2));
#5773=VERTEX_POINT('',#5772);
#5774=CARTESIAN_POINT('',(-9.471572875254E-1,2.075E0,-2.E-1));
#5775=VERTEX_POINT('',#5774);
#5776=VERTEX_POINT('',#3419);
#5777=CARTESIAN_POINT('',(9.471572875254E-1,2.075E0,-2.E-1));
#5778=VERTEX_POINT('',#5777);
#5779=CARTESIAN_POINT('',(-9.471572875254E-1,-2.075E0,-2.E-1));
#5780=VERTEX_POINT('',#5779);
#5781=CARTESIAN_POINT('',(-1.064168760482E0,-6.65E-1,-5.E-2));
#5782=VERTEX_POINT('',#5781);
#5783=CARTESIAN_POINT('',(1.064168760482E0,-6.65E-1,-5.E-2));
#5784=VERTEX_POINT('',#5783);
#5785=VERTEX_POINT('',#3637);
#5786=CARTESIAN_POINT('',(-3.77E0,2.275E0,0.E0));
#5787=CARTESIAN_POINT('',(-1.31E0,2.275E0,0.E0));
#5788=VERTEX_POINT('',#5786);
#5789=VERTEX_POINT('',#5787);
#5790=CARTESIAN_POINT('',(-1.31E0,6.15E-1,0.E0));
#5791=VERTEX_POINT('',#5790);
#5792=CARTESIAN_POINT('',(-1.61E0,2.075E0,-3.E-1));
#5793=CARTESIAN_POINT('',(-1.61E0,6.65E-1,-3.E-1));
#5794=VERTEX_POINT('',#5792);
#5795=VERTEX_POINT('',#5793);
#5796=CARTESIAN_POINT('',(-3.77E0,6.15E-1,0.E0));
#5797=VERTEX_POINT('',#5796);
#5798=CARTESIAN_POINT('',(-3.47E0,6.65E-1,-3.E-1));
#5799=CARTESIAN_POINT('',(-3.47E0,2.075E0,-3.E-1));
#5800=VERTEX_POINT('',#5798);
#5801=VERTEX_POINT('',#5799);
#5802=CARTESIAN_POINT('',(-3.77E0,-6.15E-1,0.E0));
#5803=CARTESIAN_POINT('',(-1.31E0,-6.15E-1,0.E0));
#5804=VERTEX_POINT('',#5802);
#5805=VERTEX_POINT('',#5803);
#5806=CARTESIAN_POINT('',(-1.61E0,-6.65E-1,-3.E-1));
#5807=CARTESIAN_POINT('',(-1.61E0,-2.075E0,-3.E-1));
#5808=VERTEX_POINT('',#5806);
#5809=VERTEX_POINT('',#5807);
#5810=CARTESIAN_POINT('',(-1.31E0,-2.275E0,0.E0));
#5811=VERTEX_POINT('',#5810);
#5812=CARTESIAN_POINT('',(-3.77E0,-2.275E0,0.E0));
#5813=VERTEX_POINT('',#5812);
#5814=CARTESIAN_POINT('',(-3.47E0,-2.075E0,-3.E-1));
#5815=CARTESIAN_POINT('',(-3.47E0,-6.65E-1,-3.E-1));
#5816=VERTEX_POINT('',#5814);
#5817=VERTEX_POINT('',#5815);
#5818=CARTESIAN_POINT('',(-3.604168760482E0,6.65E-1,-5.E-2));
#5819=VERTEX_POINT('',#5818);
#5820=CARTESIAN_POINT('',(-3.487157287525E0,2.075E0,-2.E-1));
#5821=VERTEX_POINT('',#5820);
#5822=VERTEX_POINT('',#3867);
#5823=CARTESIAN_POINT('',(-1.592842712475E0,2.075E0,-2.E-1));
#5824=VERTEX_POINT('',#5823);
#5825=CARTESIAN_POINT('',(-3.487157287525E0,-2.075E0,-2.E-1));
#5826=VERTEX_POINT('',#5825);
#5827=CARTESIAN_POINT('',(-3.604168760482E0,-6.65E-1,-5.E-2));
#5828=VERTEX_POINT('',#5827);
#5829=CARTESIAN_POINT('',(-1.475831239518E0,-6.65E-1,-5.E-2));
#5830=VERTEX_POINT('',#5829);
#5831=VERTEX_POINT('',#4085);
#5832=CARTESIAN_POINT('',(-6.31E0,2.275E0,0.E0));
#5833=CARTESIAN_POINT('',(-3.85E0,2.275E0,0.E0));
#5834=VERTEX_POINT('',#5832);
#5835=VERTEX_POINT('',#5833);
#5836=CARTESIAN_POINT('',(-3.85E0,6.15E-1,0.E0));
#5837=VERTEX_POINT('',#5836);
#5838=CARTESIAN_POINT('',(-4.15E0,2.075E0,-3.E-1));
#5839=CARTESIAN_POINT('',(-4.15E0,6.65E-1,-3.E-1));
#5840=VERTEX_POINT('',#5838);
#5841=VERTEX_POINT('',#5839);
#5842=CARTESIAN_POINT('',(-6.31E0,6.15E-1,0.E0));
#5843=VERTEX_POINT('',#5842);
#5844=CARTESIAN_POINT('',(-6.01E0,6.65E-1,-3.E-1));
#5845=CARTESIAN_POINT('',(-6.01E0,2.075E0,-3.E-1));
#5846=VERTEX_POINT('',#5844);
#5847=VERTEX_POINT('',#5845);
#5848=CARTESIAN_POINT('',(-6.31E0,-6.15E-1,0.E0));
#5849=CARTESIAN_POINT('',(-3.85E0,-6.15E-1,0.E0));
#5850=VERTEX_POINT('',#5848);
#5851=VERTEX_POINT('',#5849);
#5852=CARTESIAN_POINT('',(-4.15E0,-6.65E-1,-3.E-1));
#5853=CARTESIAN_POINT('',(-4.15E0,-2.075E0,-3.E-1));
#5854=VERTEX_POINT('',#5852);
#5855=VERTEX_POINT('',#5853);
#5856=CARTESIAN_POINT('',(-3.85E0,-2.275E0,0.E0));
#5857=VERTEX_POINT('',#5856);
#5858=CARTESIAN_POINT('',(-6.31E0,-2.275E0,0.E0));
#5859=VERTEX_POINT('',#5858);
#5860=CARTESIAN_POINT('',(-6.01E0,-2.075E0,-3.E-1));
#5861=CARTESIAN_POINT('',(-6.01E0,-6.65E-1,-3.E-1));
#5862=VERTEX_POINT('',#5860);
#5863=VERTEX_POINT('',#5861);
#5864=CARTESIAN_POINT('',(-6.144168760482E0,6.65E-1,-5.E-2));
#5865=VERTEX_POINT('',#5864);
#5866=CARTESIAN_POINT('',(-6.027157287525E0,2.075E0,-2.E-1));
#5867=VERTEX_POINT('',#5866);
#5868=VERTEX_POINT('',#4315);
#5869=CARTESIAN_POINT('',(-4.132842712475E0,2.075E0,-2.E-1));
#5870=VERTEX_POINT('',#5869);
#5871=CARTESIAN_POINT('',(-6.027157287525E0,-2.075E0,-2.E-1));
#5872=VERTEX_POINT('',#5871);
#5873=CARTESIAN_POINT('',(-6.144168760482E0,-6.65E-1,-5.E-2));
#5874=VERTEX_POINT('',#5873);
#5875=CARTESIAN_POINT('',(-4.015831239518E0,-6.65E-1,-5.E-2));
#5876=VERTEX_POINT('',#5875);
#5877=VERTEX_POINT('',#4533);
#5878=CARTESIAN_POINT('',(-8.85E0,2.275E0,0.E0));
#5879=CARTESIAN_POINT('',(-6.39E0,2.275E0,0.E0));
#5880=VERTEX_POINT('',#5878);
#5881=VERTEX_POINT('',#5879);
#5882=CARTESIAN_POINT('',(-6.39E0,6.15E-1,0.E0));
#5883=VERTEX_POINT('',#5882);
#5884=CARTESIAN_POINT('',(-6.69E0,2.075E0,-3.E-1));
#5885=CARTESIAN_POINT('',(-6.69E0,6.65E-1,-3.E-1));
#5886=VERTEX_POINT('',#5884);
#5887=VERTEX_POINT('',#5885);
#5888=CARTESIAN_POINT('',(-8.85E0,6.15E-1,0.E0));
#5889=VERTEX_POINT('',#5888);
#5890=CARTESIAN_POINT('',(-8.55E0,6.65E-1,-3.E-1));
#5891=CARTESIAN_POINT('',(-8.55E0,2.075E0,-3.E-1));
#5892=VERTEX_POINT('',#5890);
#5893=VERTEX_POINT('',#5891);
#5894=CARTESIAN_POINT('',(-8.85E0,-6.15E-1,0.E0));
#5895=CARTESIAN_POINT('',(-6.39E0,-6.15E-1,0.E0));
#5896=VERTEX_POINT('',#5894);
#5897=VERTEX_POINT('',#5895);
#5898=CARTESIAN_POINT('',(-6.69E0,-6.65E-1,-3.E-1));
#5899=CARTESIAN_POINT('',(-6.69E0,-2.075E0,-3.E-1));
#5900=VERTEX_POINT('',#5898);
#5901=VERTEX_POINT('',#5899);
#5902=CARTESIAN_POINT('',(-6.39E0,-2.275E0,0.E0));
#5903=VERTEX_POINT('',#5902);
#5904=CARTESIAN_POINT('',(-8.85E0,-2.275E0,0.E0));
#5905=VERTEX_POINT('',#5904);
#5906=CARTESIAN_POINT('',(-8.55E0,-2.075E0,-3.E-1));
#5907=CARTESIAN_POINT('',(-8.55E0,-6.65E-1,-3.E-1));
#5908=VERTEX_POINT('',#5906);
#5909=VERTEX_POINT('',#5907);
#5910=CARTESIAN_POINT('',(-8.684168760482E0,6.65E-1,-5.E-2));
#5911=VERTEX_POINT('',#5910);
#5912=CARTESIAN_POINT('',(-8.567157287525E0,2.075E0,-2.E-1));
#5913=VERTEX_POINT('',#5912);
#5914=VERTEX_POINT('',#4763);
#5915=CARTESIAN_POINT('',(-6.672842712475E0,2.075E0,-2.E-1));
#5916=VERTEX_POINT('',#5915);
#5917=CARTESIAN_POINT('',(-8.567157287525E0,-2.075E0,-2.E-1));
#5918=VERTEX_POINT('',#5917);
#5919=CARTESIAN_POINT('',(-8.684168760482E0,-6.65E-1,-5.E-2));
#5920=VERTEX_POINT('',#5919);
#5921=CARTESIAN_POINT('',(-6.555831239518E0,-6.65E-1,-5.E-2));
#5922=VERTEX_POINT('',#5921);
#5923=VERTEX_POINT('',#4981);
#5924=CARTESIAN_POINT('',(-3.5E-1,1.193076923077E0,-1.E1));
#5925=CARTESIAN_POINT('',(-3.5E-1,1.15E0,-7.473808456257E0));
#5926=VERTEX_POINT('',#5924);
#5927=VERTEX_POINT('',#5925);
#5928=CARTESIAN_POINT('',(-3.5E-1,1.33E0,-7.560986435127E0));
#5929=CARTESIAN_POINT('',(-3.5E-1,1.37E0,-9.906735725746E0));
#5930=VERTEX_POINT('',#5928);
#5931=VERTEX_POINT('',#5929);
#5932=CARTESIAN_POINT('',(3.5E-1,1.193076923077E0,-1.E1));
#5933=CARTESIAN_POINT('',(3.5E-1,1.15E0,-7.473808456257E0));
#5934=VERTEX_POINT('',#5932);
#5935=VERTEX_POINT('',#5933);
#5936=CARTESIAN_POINT('',(3.5E-1,1.33E0,-7.560986435127E0));
#5937=CARTESIAN_POINT('',(3.5E-1,1.37E0,-9.906735725746E0));
#5938=VERTEX_POINT('',#5936);
#5939=VERTEX_POINT('',#5937);
#5940=CARTESIAN_POINT('',(-3.5E-1,1.17E0,-7.386630477386E0));
#5941=VERTEX_POINT('',#5940);
#5942=CARTESIAN_POINT('',(-3.5E-1,1.37E0,-7.386630477386E0));
#5943=VERTEX_POINT('',#5942);
#5944=CARTESIAN_POINT('',(-3.5E-1,-1.15E0,-7.473808456257E0));
#5945=CARTESIAN_POINT('',(-3.5E-1,-1.193076923077E0,-1.E1));
#5946=VERTEX_POINT('',#5944);
#5947=VERTEX_POINT('',#5945);
#5948=CARTESIAN_POINT('',(-3.5E-1,-1.37E0,-9.906735725746E0));
#5949=VERTEX_POINT('',#5948);
#5950=CARTESIAN_POINT('',(-3.5E-1,-1.33E0,-7.560986435127E0));
#5951=VERTEX_POINT('',#5950);
#5952=CARTESIAN_POINT('',(-3.5E-1,-1.37E0,-7.386630477386E0));
#5953=VERTEX_POINT('',#5952);
#5954=CARTESIAN_POINT('',(-3.5E-1,-1.17E0,-7.386630477386E0));
#5955=VERTEX_POINT('',#5954);
#5956=CARTESIAN_POINT('',(3.5E-1,1.17E0,-7.386630477386E0));
#5957=VERTEX_POINT('',#5956);
#5958=CARTESIAN_POINT('',(3.5E-1,1.37E0,-7.386630477386E0));
#5959=VERTEX_POINT('',#5958);
#5960=CARTESIAN_POINT('',(3.5E-1,-1.15E0,-7.473808456257E0));
#5961=CARTESIAN_POINT('',(3.5E-1,-1.193076923077E0,-1.E1));
#5962=VERTEX_POINT('',#5960);
#5963=VERTEX_POINT('',#5961);
#5964=CARTESIAN_POINT('',(3.5E-1,-1.37E0,-9.906735725746E0));
#5965=VERTEX_POINT('',#5964);
#5966=CARTESIAN_POINT('',(3.5E-1,-1.33E0,-7.560986435127E0));
#5967=VERTEX_POINT('',#5966);
#5968=CARTESIAN_POINT('',(3.5E-1,-1.37E0,-7.386630477386E0));
#5969=VERTEX_POINT('',#5968);
#5970=CARTESIAN_POINT('',(3.5E-1,-1.17E0,-7.386630477386E0));
#5971=VERTEX_POINT('',#5970);
#5972=CARTESIAN_POINT('',(-3.5E-1,1.17E0,-6.7E0));
#5973=VERTEX_POINT('',#5972);
#5974=CARTESIAN_POINT('',(-3.5E-1,1.37E0,-6.7E0));
#5975=VERTEX_POINT('',#5974);
#5976=CARTESIAN_POINT('',(-3.5E-1,-1.37E0,-6.7E0));
#5977=VERTEX_POINT('',#5976);
#5978=CARTESIAN_POINT('',(-3.5E-1,-1.17E0,-6.7E0));
#5979=VERTEX_POINT('',#5978);
#5980=CARTESIAN_POINT('',(3.5E-1,1.17E0,-6.7E0));
#5981=VERTEX_POINT('',#5980);
#5982=CARTESIAN_POINT('',(3.5E-1,1.37E0,-6.7E0));
#5983=VERTEX_POINT('',#5982);
#5984=CARTESIAN_POINT('',(3.5E-1,-1.37E0,-6.7E0));
#5985=VERTEX_POINT('',#5984);
#5986=CARTESIAN_POINT('',(3.5E-1,-1.17E0,-6.7E0));
#5987=VERTEX_POINT('',#5986);
#5988=CARTESIAN_POINT('',(-8.999410633260E-1,2.075E0,-4.993444527246E-1));
#5989=CARTESIAN_POINT('',(-8.999410633260E-1,6.65E-1,-4.993444527246E-1));
#5990=VERTEX_POINT('',#5988);
#5991=VERTEX_POINT('',#5989);
#5992=CARTESIAN_POINT('',(8.999410633260E-1,2.075E0,-4.993444527246E-1));
#5993=CARTESIAN_POINT('',(8.999410633260E-1,6.65E-1,-4.993444527246E-1));
#5994=VERTEX_POINT('',#5992);
#5995=VERTEX_POINT('',#5993);
#5996=CARTESIAN_POINT('',(4.935284060586E-1,6.65E-1,-1.E0));
#5997=CARTESIAN_POINT('',(-4.935284060586E-1,6.65E-1,-1.E0));
#5998=VERTEX_POINT('',#5996);
#5999=VERTEX_POINT('',#5997);
#6000=CARTESIAN_POINT('',(-4.935284060586E-1,1.87E0,-1.E0));
#6001=CARTESIAN_POINT('',(4.935284060586E-1,1.87E0,-1.E0));
#6002=VERTEX_POINT('',#6000);
#6003=VERTEX_POINT('',#6001);
#6004=CARTESIAN_POINT('',(7.082130723837E-1,6.65E-1,-4.407273233991E-1));
#6005=VERTEX_POINT('',#6004);
#6006=CARTESIAN_POINT('',(-7.082130723837E-1,6.65E-1,-4.407273233991E-1));
#6007=VERTEX_POINT('',#6006);
#6008=CARTESIAN_POINT('',(7.082130723837E-1,1.87E0,-4.407273233991E-1));
#6009=VERTEX_POINT('',#6008);
#6010=CARTESIAN_POINT('',(-7.082130723837E-1,1.87E0,-4.407273233991E-1));
#6011=VERTEX_POINT('',#6010);
#6012=CARTESIAN_POINT('',(-8.999410633260E-1,-2.075E0,-4.993444527246E-1));
#6013=CARTESIAN_POINT('',(-8.999410633260E-1,-6.65E-1,-4.993444527246E-1));
#6014=VERTEX_POINT('',#6012);
#6015=VERTEX_POINT('',#6013);
#6016=CARTESIAN_POINT('',(8.999410633260E-1,-2.075E0,-4.993444527246E-1));
#6017=CARTESIAN_POINT('',(8.999410633260E-1,-6.65E-1,-4.993444527246E-1));
#6018=VERTEX_POINT('',#6016);
#6019=VERTEX_POINT('',#6017);
#6020=CARTESIAN_POINT('',(4.935284060586E-1,-6.65E-1,-1.E0));
#6021=CARTESIAN_POINT('',(-4.935284060586E-1,-6.65E-1,-1.E0));
#6022=VERTEX_POINT('',#6020);
#6023=VERTEX_POINT('',#6021);
#6024=CARTESIAN_POINT('',(4.935284060586E-1,-1.87E0,-1.E0));
#6025=CARTESIAN_POINT('',(-4.935284060586E-1,-1.87E0,-1.E0));
#6026=VERTEX_POINT('',#6024);
#6027=VERTEX_POINT('',#6025);
#6028=CARTESIAN_POINT('',(7.082130723837E-1,-6.65E-1,-4.407273233991E-1));
#6029=VERTEX_POINT('',#6028);
#6030=CARTESIAN_POINT('',(-7.082130723837E-1,-6.65E-1,-4.407273233991E-1));
#6031=VERTEX_POINT('',#6030);
#6032=CARTESIAN_POINT('',(7.082130723837E-1,-1.87E0,-4.407273233991E-1));
#6033=VERTEX_POINT('',#6032);
#6034=CARTESIAN_POINT('',(-7.082130723837E-1,-1.87E0,-4.407273233991E-1));
#6035=VERTEX_POINT('',#6034);
#6036=CARTESIAN_POINT('',(-2.89E0,1.193076923077E0,-1.E1));
#6037=CARTESIAN_POINT('',(-2.89E0,1.15E0,-7.473808456257E0));
#6038=VERTEX_POINT('',#6036);
#6039=VERTEX_POINT('',#6037);
#6040=CARTESIAN_POINT('',(-2.89E0,1.33E0,-7.560986435127E0));
#6041=CARTESIAN_POINT('',(-2.89E0,1.37E0,-9.906735725746E0));
#6042=VERTEX_POINT('',#6040);
#6043=VERTEX_POINT('',#6041);
#6044=CARTESIAN_POINT('',(-2.19E0,1.193076923077E0,-1.E1));
#6045=CARTESIAN_POINT('',(-2.19E0,1.15E0,-7.473808456257E0));
#6046=VERTEX_POINT('',#6044);
#6047=VERTEX_POINT('',#6045);
#6048=CARTESIAN_POINT('',(-2.19E0,1.33E0,-7.560986435127E0));
#6049=CARTESIAN_POINT('',(-2.19E0,1.37E0,-9.906735725746E0));
#6050=VERTEX_POINT('',#6048);
#6051=VERTEX_POINT('',#6049);
#6052=CARTESIAN_POINT('',(-2.89E0,1.17E0,-7.386630477386E0));
#6053=VERTEX_POINT('',#6052);
#6054=CARTESIAN_POINT('',(-2.89E0,1.37E0,-7.386630477386E0));
#6055=VERTEX_POINT('',#6054);
#6056=CARTESIAN_POINT('',(-2.89E0,-1.15E0,-7.473808456257E0));
#6057=CARTESIAN_POINT('',(-2.89E0,-1.193076923077E0,-1.E1));
#6058=VERTEX_POINT('',#6056);
#6059=VERTEX_POINT('',#6057);
#6060=CARTESIAN_POINT('',(-2.89E0,-1.37E0,-9.906735725746E0));
#6061=VERTEX_POINT('',#6060);
#6062=CARTESIAN_POINT('',(-2.89E0,-1.33E0,-7.560986435127E0));
#6063=VERTEX_POINT('',#6062);
#6064=CARTESIAN_POINT('',(-2.89E0,-1.37E0,-7.386630477386E0));
#6065=VERTEX_POINT('',#6064);
#6066=CARTESIAN_POINT('',(-2.89E0,-1.17E0,-7.386630477386E0));
#6067=VERTEX_POINT('',#6066);
#6068=CARTESIAN_POINT('',(-2.19E0,1.17E0,-7.386630477386E0));
#6069=VERTEX_POINT('',#6068);
#6070=CARTESIAN_POINT('',(-2.19E0,1.37E0,-7.386630477386E0));
#6071=VERTEX_POINT('',#6070);
#6072=CARTESIAN_POINT('',(-2.19E0,-1.15E0,-7.473808456257E0));
#6073=CARTESIAN_POINT('',(-2.19E0,-1.193076923077E0,-1.E1));
#6074=VERTEX_POINT('',#6072);
#6075=VERTEX_POINT('',#6073);
#6076=CARTESIAN_POINT('',(-2.19E0,-1.37E0,-9.906735725746E0));
#6077=VERTEX_POINT('',#6076);
#6078=CARTESIAN_POINT('',(-2.19E0,-1.33E0,-7.560986435127E0));
#6079=VERTEX_POINT('',#6078);
#6080=CARTESIAN_POINT('',(-2.19E0,-1.37E0,-7.386630477386E0));
#6081=VERTEX_POINT('',#6080);
#6082=CARTESIAN_POINT('',(-2.19E0,-1.17E0,-7.386630477386E0));
#6083=VERTEX_POINT('',#6082);
#6084=CARTESIAN_POINT('',(-2.89E0,1.17E0,-6.7E0));
#6085=VERTEX_POINT('',#6084);
#6086=CARTESIAN_POINT('',(-2.89E0,1.37E0,-6.7E0));
#6087=VERTEX_POINT('',#6086);
#6088=CARTESIAN_POINT('',(-2.89E0,-1.37E0,-6.7E0));
#6089=VERTEX_POINT('',#6088);
#6090=CARTESIAN_POINT('',(-2.89E0,-1.17E0,-6.7E0));
#6091=VERTEX_POINT('',#6090);
#6092=CARTESIAN_POINT('',(-2.19E0,1.17E0,-6.7E0));
#6093=VERTEX_POINT('',#6092);
#6094=CARTESIAN_POINT('',(-2.19E0,1.37E0,-6.7E0));
#6095=VERTEX_POINT('',#6094);
#6096=CARTESIAN_POINT('',(-2.19E0,-1.37E0,-6.7E0));
#6097=VERTEX_POINT('',#6096);
#6098=CARTESIAN_POINT('',(-2.19E0,-1.17E0,-6.7E0));
#6099=VERTEX_POINT('',#6098);
#6100=CARTESIAN_POINT('',(-3.439941063326E0,2.075E0,-4.993444527246E-1));
#6101=CARTESIAN_POINT('',(-3.439941063326E0,6.65E-1,-4.993444527246E-1));
#6102=VERTEX_POINT('',#6100);
#6103=VERTEX_POINT('',#6101);
#6104=CARTESIAN_POINT('',(-1.640058936674E0,2.075E0,-4.993444527246E-1));
#6105=CARTESIAN_POINT('',(-1.640058936674E0,6.65E-1,-4.993444527246E-1));
#6106=VERTEX_POINT('',#6104);
#6107=VERTEX_POINT('',#6105);
#6108=CARTESIAN_POINT('',(-2.046471593941E0,6.65E-1,-1.E0));
#6109=CARTESIAN_POINT('',(-3.033528406059E0,6.65E-1,-1.E0));
#6110=VERTEX_POINT('',#6108);
#6111=VERTEX_POINT('',#6109);
#6112=CARTESIAN_POINT('',(-3.033528406059E0,1.87E0,-1.E0));
#6113=CARTESIAN_POINT('',(-2.046471593941E0,1.87E0,-1.E0));
#6114=VERTEX_POINT('',#6112);
#6115=VERTEX_POINT('',#6113);
#6116=CARTESIAN_POINT('',(-1.831786927616E0,6.65E-1,-4.407273233991E-1));
#6117=VERTEX_POINT('',#6116);
#6118=CARTESIAN_POINT('',(-3.248213072384E0,6.65E-1,-4.407273233991E-1));
#6119=VERTEX_POINT('',#6118);
#6120=CARTESIAN_POINT('',(-1.831786927616E0,1.87E0,-4.407273233991E-1));
#6121=VERTEX_POINT('',#6120);
#6122=CARTESIAN_POINT('',(-3.248213072384E0,1.87E0,-4.407273233991E-1));
#6123=VERTEX_POINT('',#6122);
#6124=CARTESIAN_POINT('',(-3.439941063326E0,-2.075E0,-4.993444527246E-1));
#6125=CARTESIAN_POINT('',(-3.439941063326E0,-6.65E-1,-4.993444527246E-1));
#6126=VERTEX_POINT('',#6124);
#6127=VERTEX_POINT('',#6125);
#6128=CARTESIAN_POINT('',(-1.640058936674E0,-2.075E0,-4.993444527246E-1));
#6129=CARTESIAN_POINT('',(-1.640058936674E0,-6.65E-1,-4.993444527246E-1));
#6130=VERTEX_POINT('',#6128);
#6131=VERTEX_POINT('',#6129);
#6132=CARTESIAN_POINT('',(-2.046471593941E0,-6.65E-1,-1.E0));
#6133=CARTESIAN_POINT('',(-3.033528406059E0,-6.65E-1,-1.E0));
#6134=VERTEX_POINT('',#6132);
#6135=VERTEX_POINT('',#6133);
#6136=CARTESIAN_POINT('',(-2.046471593941E0,-1.87E0,-1.E0));
#6137=CARTESIAN_POINT('',(-3.033528406059E0,-1.87E0,-1.E0));
#6138=VERTEX_POINT('',#6136);
#6139=VERTEX_POINT('',#6137);
#6140=CARTESIAN_POINT('',(-1.831786927616E0,-6.65E-1,-4.407273233991E-1));
#6141=VERTEX_POINT('',#6140);
#6142=CARTESIAN_POINT('',(-3.248213072384E0,-6.65E-1,-4.407273233991E-1));
#6143=VERTEX_POINT('',#6142);
#6144=CARTESIAN_POINT('',(-1.831786927616E0,-1.87E0,-4.407273233991E-1));
#6145=VERTEX_POINT('',#6144);
#6146=CARTESIAN_POINT('',(-3.248213072384E0,-1.87E0,-4.407273233991E-1));
#6147=VERTEX_POINT('',#6146);
#6148=CARTESIAN_POINT('',(-5.43E0,1.193076923077E0,-1.E1));
#6149=CARTESIAN_POINT('',(-5.43E0,1.15E0,-7.473808456257E0));
#6150=VERTEX_POINT('',#6148);
#6151=VERTEX_POINT('',#6149);
#6152=CARTESIAN_POINT('',(-5.43E0,1.33E0,-7.560986435127E0));
#6153=CARTESIAN_POINT('',(-5.43E0,1.37E0,-9.906735725746E0));
#6154=VERTEX_POINT('',#6152);
#6155=VERTEX_POINT('',#6153);
#6156=CARTESIAN_POINT('',(-4.73E0,1.193076923077E0,-1.E1));
#6157=CARTESIAN_POINT('',(-4.73E0,1.15E0,-7.473808456257E0));
#6158=VERTEX_POINT('',#6156);
#6159=VERTEX_POINT('',#6157);
#6160=CARTESIAN_POINT('',(-4.73E0,1.33E0,-7.560986435127E0));
#6161=CARTESIAN_POINT('',(-4.73E0,1.37E0,-9.906735725746E0));
#6162=VERTEX_POINT('',#6160);
#6163=VERTEX_POINT('',#6161);
#6164=CARTESIAN_POINT('',(-5.43E0,1.17E0,-7.386630477386E0));
#6165=VERTEX_POINT('',#6164);
#6166=CARTESIAN_POINT('',(-5.43E0,1.37E0,-7.386630477386E0));
#6167=VERTEX_POINT('',#6166);
#6168=CARTESIAN_POINT('',(-5.43E0,-1.15E0,-7.473808456257E0));
#6169=CARTESIAN_POINT('',(-5.43E0,-1.193076923077E0,-1.E1));
#6170=VERTEX_POINT('',#6168);
#6171=VERTEX_POINT('',#6169);
#6172=CARTESIAN_POINT('',(-5.43E0,-1.37E0,-9.906735725746E0));
#6173=VERTEX_POINT('',#6172);
#6174=CARTESIAN_POINT('',(-5.43E0,-1.33E0,-7.560986435127E0));
#6175=VERTEX_POINT('',#6174);
#6176=CARTESIAN_POINT('',(-5.43E0,-1.37E0,-7.386630477386E0));
#6177=VERTEX_POINT('',#6176);
#6178=CARTESIAN_POINT('',(-5.43E0,-1.17E0,-7.386630477386E0));
#6179=VERTEX_POINT('',#6178);
#6180=CARTESIAN_POINT('',(-4.73E0,1.17E0,-7.386630477386E0));
#6181=VERTEX_POINT('',#6180);
#6182=CARTESIAN_POINT('',(-4.73E0,1.37E0,-7.386630477386E0));
#6183=VERTEX_POINT('',#6182);
#6184=CARTESIAN_POINT('',(-4.73E0,-1.15E0,-7.473808456257E0));
#6185=CARTESIAN_POINT('',(-4.73E0,-1.193076923077E0,-1.E1));
#6186=VERTEX_POINT('',#6184);
#6187=VERTEX_POINT('',#6185);
#6188=CARTESIAN_POINT('',(-4.73E0,-1.37E0,-9.906735725746E0));
#6189=VERTEX_POINT('',#6188);
#6190=CARTESIAN_POINT('',(-4.73E0,-1.33E0,-7.560986435127E0));
#6191=VERTEX_POINT('',#6190);
#6192=CARTESIAN_POINT('',(-4.73E0,-1.37E0,-7.386630477386E0));
#6193=VERTEX_POINT('',#6192);
#6194=CARTESIAN_POINT('',(-4.73E0,-1.17E0,-7.386630477386E0));
#6195=VERTEX_POINT('',#6194);
#6196=CARTESIAN_POINT('',(-5.43E0,1.17E0,-6.7E0));
#6197=VERTEX_POINT('',#6196);
#6198=CARTESIAN_POINT('',(-5.43E0,1.37E0,-6.7E0));
#6199=VERTEX_POINT('',#6198);
#6200=CARTESIAN_POINT('',(-5.43E0,-1.37E0,-6.7E0));
#6201=VERTEX_POINT('',#6200);
#6202=CARTESIAN_POINT('',(-5.43E0,-1.17E0,-6.7E0));
#6203=VERTEX_POINT('',#6202);
#6204=CARTESIAN_POINT('',(-4.73E0,1.17E0,-6.7E0));
#6205=VERTEX_POINT('',#6204);
#6206=CARTESIAN_POINT('',(-4.73E0,1.37E0,-6.7E0));
#6207=VERTEX_POINT('',#6206);
#6208=CARTESIAN_POINT('',(-4.73E0,-1.37E0,-6.7E0));
#6209=VERTEX_POINT('',#6208);
#6210=CARTESIAN_POINT('',(-4.73E0,-1.17E0,-6.7E0));
#6211=VERTEX_POINT('',#6210);
#6212=CARTESIAN_POINT('',(-5.979941063326E0,2.075E0,-4.993444527246E-1));
#6213=CARTESIAN_POINT('',(-5.979941063326E0,6.65E-1,-4.993444527246E-1));
#6214=VERTEX_POINT('',#6212);
#6215=VERTEX_POINT('',#6213);
#6216=CARTESIAN_POINT('',(-4.180058936674E0,2.075E0,-4.993444527246E-1));
#6217=CARTESIAN_POINT('',(-4.180058936674E0,6.65E-1,-4.993444527246E-1));
#6218=VERTEX_POINT('',#6216);
#6219=VERTEX_POINT('',#6217);
#6220=CARTESIAN_POINT('',(-4.586471593941E0,6.65E-1,-1.E0));
#6221=CARTESIAN_POINT('',(-5.573528406059E0,6.65E-1,-1.E0));
#6222=VERTEX_POINT('',#6220);
#6223=VERTEX_POINT('',#6221);
#6224=CARTESIAN_POINT('',(-5.573528406059E0,1.87E0,-1.E0));
#6225=CARTESIAN_POINT('',(-4.586471593941E0,1.87E0,-1.E0));
#6226=VERTEX_POINT('',#6224);
#6227=VERTEX_POINT('',#6225);
#6228=CARTESIAN_POINT('',(-4.371786927616E0,6.65E-1,-4.407273233991E-1));
#6229=VERTEX_POINT('',#6228);
#6230=CARTESIAN_POINT('',(-5.788213072384E0,6.65E-1,-4.407273233991E-1));
#6231=VERTEX_POINT('',#6230);
#6232=CARTESIAN_POINT('',(-4.371786927616E0,1.87E0,-4.407273233991E-1));
#6233=VERTEX_POINT('',#6232);
#6234=CARTESIAN_POINT('',(-5.788213072384E0,1.87E0,-4.407273233991E-1));
#6235=VERTEX_POINT('',#6234);
#6236=CARTESIAN_POINT('',(-5.979941063326E0,-2.075E0,-4.993444527246E-1));
#6237=CARTESIAN_POINT('',(-5.979941063326E0,-6.65E-1,-4.993444527246E-1));
#6238=VERTEX_POINT('',#6236);
#6239=VERTEX_POINT('',#6237);
#6240=CARTESIAN_POINT('',(-4.180058936674E0,-2.075E0,-4.993444527246E-1));
#6241=CARTESIAN_POINT('',(-4.180058936674E0,-6.65E-1,-4.993444527246E-1));
#6242=VERTEX_POINT('',#6240);
#6243=VERTEX_POINT('',#6241);
#6244=CARTESIAN_POINT('',(-4.586471593941E0,-6.65E-1,-1.E0));
#6245=CARTESIAN_POINT('',(-5.573528406059E0,-6.65E-1,-1.E0));
#6246=VERTEX_POINT('',#6244);
#6247=VERTEX_POINT('',#6245);
#6248=CARTESIAN_POINT('',(-4.586471593941E0,-1.87E0,-1.E0));
#6249=CARTESIAN_POINT('',(-5.573528406059E0,-1.87E0,-1.E0));
#6250=VERTEX_POINT('',#6248);
#6251=VERTEX_POINT('',#6249);
#6252=CARTESIAN_POINT('',(-4.371786927616E0,-6.65E-1,-4.407273233991E-1));
#6253=VERTEX_POINT('',#6252);
#6254=CARTESIAN_POINT('',(-5.788213072384E0,-6.65E-1,-4.407273233991E-1));
#6255=VERTEX_POINT('',#6254);
#6256=CARTESIAN_POINT('',(-4.371786927616E0,-1.87E0,-4.407273233991E-1));
#6257=VERTEX_POINT('',#6256);
#6258=CARTESIAN_POINT('',(-5.788213072384E0,-1.87E0,-4.407273233991E-1));
#6259=VERTEX_POINT('',#6258);
#6260=CARTESIAN_POINT('',(-7.97E0,1.193076923077E0,-1.E1));
#6261=CARTESIAN_POINT('',(-7.97E0,1.15E0,-7.473808456257E0));
#6262=VERTEX_POINT('',#6260);
#6263=VERTEX_POINT('',#6261);
#6264=CARTESIAN_POINT('',(-7.97E0,1.33E0,-7.560986435127E0));
#6265=CARTESIAN_POINT('',(-7.97E0,1.37E0,-9.906735725746E0));
#6266=VERTEX_POINT('',#6264);
#6267=VERTEX_POINT('',#6265);
#6268=CARTESIAN_POINT('',(-7.27E0,1.193076923077E0,-1.E1));
#6269=CARTESIAN_POINT('',(-7.27E0,1.15E0,-7.473808456257E0));
#6270=VERTEX_POINT('',#6268);
#6271=VERTEX_POINT('',#6269);
#6272=CARTESIAN_POINT('',(-7.27E0,1.33E0,-7.560986435127E0));
#6273=CARTESIAN_POINT('',(-7.27E0,1.37E0,-9.906735725746E0));
#6274=VERTEX_POINT('',#6272);
#6275=VERTEX_POINT('',#6273);
#6276=CARTESIAN_POINT('',(-7.97E0,1.17E0,-7.386630477386E0));
#6277=VERTEX_POINT('',#6276);
#6278=CARTESIAN_POINT('',(-7.97E0,1.37E0,-7.386630477386E0));
#6279=VERTEX_POINT('',#6278);
#6280=CARTESIAN_POINT('',(-7.97E0,-1.15E0,-7.473808456257E0));
#6281=CARTESIAN_POINT('',(-7.97E0,-1.193076923077E0,-1.E1));
#6282=VERTEX_POINT('',#6280);
#6283=VERTEX_POINT('',#6281);
#6284=CARTESIAN_POINT('',(-7.97E0,-1.37E0,-9.906735725746E0));
#6285=VERTEX_POINT('',#6284);
#6286=CARTESIAN_POINT('',(-7.97E0,-1.33E0,-7.560986435127E0));
#6287=VERTEX_POINT('',#6286);
#6288=CARTESIAN_POINT('',(-7.97E0,-1.37E0,-7.386630477386E0));
#6289=VERTEX_POINT('',#6288);
#6290=CARTESIAN_POINT('',(-7.97E0,-1.17E0,-7.386630477386E0));
#6291=VERTEX_POINT('',#6290);
#6292=CARTESIAN_POINT('',(-7.27E0,1.17E0,-7.386630477386E0));
#6293=VERTEX_POINT('',#6292);
#6294=CARTESIAN_POINT('',(-7.27E0,1.37E0,-7.386630477386E0));
#6295=VERTEX_POINT('',#6294);
#6296=CARTESIAN_POINT('',(-7.27E0,-1.15E0,-7.473808456257E0));
#6297=CARTESIAN_POINT('',(-7.27E0,-1.193076923077E0,-1.E1));
#6298=VERTEX_POINT('',#6296);
#6299=VERTEX_POINT('',#6297);
#6300=CARTESIAN_POINT('',(-7.27E0,-1.37E0,-9.906735725746E0));
#6301=VERTEX_POINT('',#6300);
#6302=CARTESIAN_POINT('',(-7.27E0,-1.33E0,-7.560986435127E0));
#6303=VERTEX_POINT('',#6302);
#6304=CARTESIAN_POINT('',(-7.27E0,-1.37E0,-7.386630477386E0));
#6305=VERTEX_POINT('',#6304);
#6306=CARTESIAN_POINT('',(-7.27E0,-1.17E0,-7.386630477386E0));
#6307=VERTEX_POINT('',#6306);
#6308=CARTESIAN_POINT('',(-7.97E0,1.17E0,-6.7E0));
#6309=VERTEX_POINT('',#6308);
#6310=CARTESIAN_POINT('',(-7.97E0,1.37E0,-6.7E0));
#6311=VERTEX_POINT('',#6310);
#6312=CARTESIAN_POINT('',(-7.97E0,-1.37E0,-6.7E0));
#6313=VERTEX_POINT('',#6312);
#6314=CARTESIAN_POINT('',(-7.97E0,-1.17E0,-6.7E0));
#6315=VERTEX_POINT('',#6314);
#6316=CARTESIAN_POINT('',(-7.27E0,1.17E0,-6.7E0));
#6317=VERTEX_POINT('',#6316);
#6318=CARTESIAN_POINT('',(-7.27E0,1.37E0,-6.7E0));
#6319=VERTEX_POINT('',#6318);
#6320=CARTESIAN_POINT('',(-7.27E0,-1.37E0,-6.7E0));
#6321=VERTEX_POINT('',#6320);
#6322=CARTESIAN_POINT('',(-7.27E0,-1.17E0,-6.7E0));
#6323=VERTEX_POINT('',#6322);
#6324=CARTESIAN_POINT('',(-8.519941063326E0,2.075E0,-4.993444527246E-1));
#6325=CARTESIAN_POINT('',(-8.519941063326E0,6.65E-1,-4.993444527246E-1));
#6326=VERTEX_POINT('',#6324);
#6327=VERTEX_POINT('',#6325);
#6328=CARTESIAN_POINT('',(-6.720058936674E0,2.075E0,-4.993444527246E-1));
#6329=CARTESIAN_POINT('',(-6.720058936674E0,6.65E-1,-4.993444527246E-1));
#6330=VERTEX_POINT('',#6328);
#6331=VERTEX_POINT('',#6329);
#6332=CARTESIAN_POINT('',(-7.126471593941E0,6.65E-1,-1.E0));
#6333=CARTESIAN_POINT('',(-8.113528406059E0,6.65E-1,-1.E0));
#6334=VERTEX_POINT('',#6332);
#6335=VERTEX_POINT('',#6333);
#6336=CARTESIAN_POINT('',(-8.113528406059E0,1.87E0,-1.E0));
#6337=CARTESIAN_POINT('',(-7.126471593941E0,1.87E0,-1.E0));
#6338=VERTEX_POINT('',#6336);
#6339=VERTEX_POINT('',#6337);
#6340=CARTESIAN_POINT('',(-6.911786927616E0,6.65E-1,-4.407273233991E-1));
#6341=VERTEX_POINT('',#6340);
#6342=CARTESIAN_POINT('',(-8.328213072384E0,6.65E-1,-4.407273233991E-1));
#6343=VERTEX_POINT('',#6342);
#6344=CARTESIAN_POINT('',(-6.911786927616E0,1.87E0,-4.407273233991E-1));
#6345=VERTEX_POINT('',#6344);
#6346=CARTESIAN_POINT('',(-8.328213072384E0,1.87E0,-4.407273233991E-1));
#6347=VERTEX_POINT('',#6346);
#6348=CARTESIAN_POINT('',(-8.519941063326E0,-2.075E0,-4.993444527246E-1));
#6349=CARTESIAN_POINT('',(-8.519941063326E0,-6.65E-1,-4.993444527246E-1));
#6350=VERTEX_POINT('',#6348);
#6351=VERTEX_POINT('',#6349);
#6352=CARTESIAN_POINT('',(-6.720058936674E0,-2.075E0,-4.993444527246E-1));
#6353=CARTESIAN_POINT('',(-6.720058936674E0,-6.65E-1,-4.993444527246E-1));
#6354=VERTEX_POINT('',#6352);
#6355=VERTEX_POINT('',#6353);
#6356=CARTESIAN_POINT('',(-7.126471593941E0,-6.65E-1,-1.E0));
#6357=CARTESIAN_POINT('',(-8.113528406059E0,-6.65E-1,-1.E0));
#6358=VERTEX_POINT('',#6356);
#6359=VERTEX_POINT('',#6357);
#6360=CARTESIAN_POINT('',(-7.126471593941E0,-1.87E0,-1.E0));
#6361=CARTESIAN_POINT('',(-8.113528406059E0,-1.87E0,-1.E0));
#6362=VERTEX_POINT('',#6360);
#6363=VERTEX_POINT('',#6361);
#6364=CARTESIAN_POINT('',(-6.911786927616E0,-6.65E-1,-4.407273233991E-1));
#6365=VERTEX_POINT('',#6364);
#6366=CARTESIAN_POINT('',(-8.328213072384E0,-6.65E-1,-4.407273233991E-1));
#6367=VERTEX_POINT('',#6366);
#6368=CARTESIAN_POINT('',(-6.911786927616E0,-1.87E0,-4.407273233991E-1));
#6369=VERTEX_POINT('',#6368);
#6370=CARTESIAN_POINT('',(-8.328213072384E0,-1.87E0,-4.407273233991E-1));
#6371=VERTEX_POINT('',#6370);
#6372=CARTESIAN_POINT('',(-7.077574047860E-1,2.075E0,-1.E0));
#6373=CARTESIAN_POINT('',(-7.077574047860E-1,6.65E-1,-1.E0));
#6374=VERTEX_POINT('',#6372);
#6375=VERTEX_POINT('',#6373);
#6376=CARTESIAN_POINT('',(7.077574047860E-1,2.075E0,-1.E0));
#6377=CARTESIAN_POINT('',(7.077574047860E-1,6.65E-1,-1.E0));
#6378=VERTEX_POINT('',#6376);
#6379=VERTEX_POINT('',#6377);
#6380=CARTESIAN_POINT('',(5.75E-1,2.075E0,-4.E-1));
#6381=CARTESIAN_POINT('',(-5.75E-1,2.075E0,-4.E-1));
#6382=VERTEX_POINT('',#6380);
#6383=VERTEX_POINT('',#6381);
#6384=CARTESIAN_POINT('',(5.75E-1,1.87E0,-4.E-1));
#6385=CARTESIAN_POINT('',(-5.75E-1,1.87E0,-4.E-1));
#6386=VERTEX_POINT('',#6384);
#6387=VERTEX_POINT('',#6385);
#6388=CARTESIAN_POINT('',(-7.077574047860E-1,-2.075E0,-1.E0));
#6389=CARTESIAN_POINT('',(-7.077574047860E-1,-6.65E-1,-1.E0));
#6390=VERTEX_POINT('',#6388);
#6391=VERTEX_POINT('',#6389);
#6392=CARTESIAN_POINT('',(7.077574047860E-1,-2.075E0,-1.E0));
#6393=CARTESIAN_POINT('',(7.077574047860E-1,-6.65E-1,-1.E0));
#6394=VERTEX_POINT('',#6392);
#6395=VERTEX_POINT('',#6393);
#6396=CARTESIAN_POINT('',(5.75E-1,-2.075E0,-4.E-1));
#6397=CARTESIAN_POINT('',(-5.75E-1,-2.075E0,-4.E-1));
#6398=VERTEX_POINT('',#6396);
#6399=VERTEX_POINT('',#6397);
#6400=CARTESIAN_POINT('',(5.75E-1,-1.87E0,-4.E-1));
#6401=CARTESIAN_POINT('',(-5.75E-1,-1.87E0,-4.E-1));
#6402=VERTEX_POINT('',#6400);
#6403=VERTEX_POINT('',#6401);
#6404=CARTESIAN_POINT('',(-3.247757404786E0,2.075E0,-1.E0));
#6405=CARTESIAN_POINT('',(-3.247757404786E0,6.65E-1,-1.E0));
#6406=VERTEX_POINT('',#6404);
#6407=VERTEX_POINT('',#6405);
#6408=CARTESIAN_POINT('',(-1.832242595214E0,2.075E0,-1.E0));
#6409=CARTESIAN_POINT('',(-1.832242595214E0,6.65E-1,-1.E0));
#6410=VERTEX_POINT('',#6408);
#6411=VERTEX_POINT('',#6409);
#6412=CARTESIAN_POINT('',(-1.965E0,2.075E0,-4.E-1));
#6413=CARTESIAN_POINT('',(-3.115E0,2.075E0,-4.E-1));
#6414=VERTEX_POINT('',#6412);
#6415=VERTEX_POINT('',#6413);
#6416=CARTESIAN_POINT('',(-1.965E0,1.87E0,-4.E-1));
#6417=CARTESIAN_POINT('',(-3.115E0,1.87E0,-4.E-1));
#6418=VERTEX_POINT('',#6416);
#6419=VERTEX_POINT('',#6417);
#6420=CARTESIAN_POINT('',(-3.247757404786E0,-2.075E0,-1.E0));
#6421=CARTESIAN_POINT('',(-3.247757404786E0,-6.65E-1,-1.E0));
#6422=VERTEX_POINT('',#6420);
#6423=VERTEX_POINT('',#6421);
#6424=CARTESIAN_POINT('',(-1.832242595214E0,-2.075E0,-1.E0));
#6425=CARTESIAN_POINT('',(-1.832242595214E0,-6.65E-1,-1.E0));
#6426=VERTEX_POINT('',#6424);
#6427=VERTEX_POINT('',#6425);
#6428=CARTESIAN_POINT('',(-1.965E0,-2.075E0,-4.E-1));
#6429=CARTESIAN_POINT('',(-3.115E0,-2.075E0,-4.E-1));
#6430=VERTEX_POINT('',#6428);
#6431=VERTEX_POINT('',#6429);
#6432=CARTESIAN_POINT('',(-1.965E0,-1.87E0,-4.E-1));
#6433=CARTESIAN_POINT('',(-3.115E0,-1.87E0,-4.E-1));
#6434=VERTEX_POINT('',#6432);
#6435=VERTEX_POINT('',#6433);
#6436=CARTESIAN_POINT('',(-5.787757404786E0,2.075E0,-1.E0));
#6437=CARTESIAN_POINT('',(-5.787757404786E0,6.65E-1,-1.E0));
#6438=VERTEX_POINT('',#6436);
#6439=VERTEX_POINT('',#6437);
#6440=CARTESIAN_POINT('',(-4.372242595214E0,2.075E0,-1.E0));
#6441=CARTESIAN_POINT('',(-4.372242595214E0,6.65E-1,-1.E0));
#6442=VERTEX_POINT('',#6440);
#6443=VERTEX_POINT('',#6441);
#6444=CARTESIAN_POINT('',(-4.505E0,2.075E0,-4.E-1));
#6445=CARTESIAN_POINT('',(-5.655E0,2.075E0,-4.E-1));
#6446=VERTEX_POINT('',#6444);
#6447=VERTEX_POINT('',#6445);
#6448=CARTESIAN_POINT('',(-4.505E0,1.87E0,-4.E-1));
#6449=CARTESIAN_POINT('',(-5.655E0,1.87E0,-4.E-1));
#6450=VERTEX_POINT('',#6448);
#6451=VERTEX_POINT('',#6449);
#6452=CARTESIAN_POINT('',(-5.787757404786E0,-2.075E0,-1.E0));
#6453=CARTESIAN_POINT('',(-5.787757404786E0,-6.65E-1,-1.E0));
#6454=VERTEX_POINT('',#6452);
#6455=VERTEX_POINT('',#6453);
#6456=CARTESIAN_POINT('',(-4.372242595214E0,-2.075E0,-1.E0));
#6457=CARTESIAN_POINT('',(-4.372242595214E0,-6.65E-1,-1.E0));
#6458=VERTEX_POINT('',#6456);
#6459=VERTEX_POINT('',#6457);
#6460=CARTESIAN_POINT('',(-4.505E0,-2.075E0,-4.E-1));
#6461=CARTESIAN_POINT('',(-5.655E0,-2.075E0,-4.E-1));
#6462=VERTEX_POINT('',#6460);
#6463=VERTEX_POINT('',#6461);
#6464=CARTESIAN_POINT('',(-4.505E0,-1.87E0,-4.E-1));
#6465=CARTESIAN_POINT('',(-5.655E0,-1.87E0,-4.E-1));
#6466=VERTEX_POINT('',#6464);
#6467=VERTEX_POINT('',#6465);
#6468=CARTESIAN_POINT('',(-8.327757404786E0,2.075E0,-1.E0));
#6469=CARTESIAN_POINT('',(-8.327757404786E0,6.65E-1,-1.E0));
#6470=VERTEX_POINT('',#6468);
#6471=VERTEX_POINT('',#6469);
#6472=CARTESIAN_POINT('',(-6.912242595214E0,2.075E0,-1.E0));
#6473=CARTESIAN_POINT('',(-6.912242595214E0,6.65E-1,-1.E0));
#6474=VERTEX_POINT('',#6472);
#6475=VERTEX_POINT('',#6473);
#6476=CARTESIAN_POINT('',(-7.045E0,2.075E0,-4.E-1));
#6477=CARTESIAN_POINT('',(-8.195E0,2.075E0,-4.E-1));
#6478=VERTEX_POINT('',#6476);
#6479=VERTEX_POINT('',#6477);
#6480=CARTESIAN_POINT('',(-7.045E0,1.87E0,-4.E-1));
#6481=CARTESIAN_POINT('',(-8.195E0,1.87E0,-4.E-1));
#6482=VERTEX_POINT('',#6480);
#6483=VERTEX_POINT('',#6481);
#6484=CARTESIAN_POINT('',(-8.327757404786E0,-2.075E0,-1.E0));
#6485=CARTESIAN_POINT('',(-8.327757404786E0,-6.65E-1,-1.E0));
#6486=VERTEX_POINT('',#6484);
#6487=VERTEX_POINT('',#6485);
#6488=CARTESIAN_POINT('',(-6.912242595214E0,-2.075E0,-1.E0));
#6489=CARTESIAN_POINT('',(-6.912242595214E0,-6.65E-1,-1.E0));
#6490=VERTEX_POINT('',#6488);
#6491=VERTEX_POINT('',#6489);
#6492=CARTESIAN_POINT('',(-7.045E0,-2.075E0,-4.E-1));
#6493=CARTESIAN_POINT('',(-8.195E0,-2.075E0,-4.E-1));
#6494=VERTEX_POINT('',#6492);
#6495=VERTEX_POINT('',#6493);
#6496=CARTESIAN_POINT('',(-7.045E0,-1.87E0,-4.E-1));
#6497=CARTESIAN_POINT('',(-8.195E0,-1.87E0,-4.E-1));
#6498=VERTEX_POINT('',#6496);
#6499=VERTEX_POINT('',#6497);
#6500=CARTESIAN_POINT('',(0.E0,2.53E0,0.E0));
#6501=DIRECTION('',(0.E0,1.E0,0.E0));
#6502=DIRECTION('',(1.E0,0.E0,0.E0));
#6503=AXIS2_PLACEMENT_3D('',#6500,#6501,#6502);
#6504=PLANE('',#6503);
#6506=ORIENTED_EDGE('',*,*,#6505,.T.);
#6508=ORIENTED_EDGE('',*,*,#6507,.T.);
#6510=ORIENTED_EDGE('',*,*,#6509,.T.);
#6512=ORIENTED_EDGE('',*,*,#6511,.T.);
#6513=EDGE_LOOP('',(#6506,#6508,#6510,#6512));
#6514=FACE_OUTER_BOUND('',#6513,.F.);
#6516=CARTESIAN_POINT('',(-8.89E0,2.53E0,0.E0));
#6517=DIRECTION('',(0.E0,0.E0,1.E0));
#6518=DIRECTION('',(1.E0,0.E0,0.E0));
#6519=AXIS2_PLACEMENT_3D('',#6516,#6517,#6518);
#6520=PLANE('',#6519);
#6521=ORIENTED_EDGE('',*,*,#6505,.F.);
#6523=ORIENTED_EDGE('',*,*,#6522,.F.);
#6525=ORIENTED_EDGE('',*,*,#6524,.T.);
#6527=ORIENTED_EDGE('',*,*,#6526,.T.);
#6528=EDGE_LOOP('',(#6521,#6523,#6525,#6527));
#6529=FACE_OUTER_BOUND('',#6528,.F.);
#6531=ORIENTED_EDGE('',*,*,#6530,.F.);
#6533=ORIENTED_EDGE('',*,*,#6532,.F.);
#6535=ORIENTED_EDGE('',*,*,#6534,.F.);
#6537=ORIENTED_EDGE('',*,*,#6536,.F.);
#6538=EDGE_LOOP('',(#6531,#6533,#6535,#6537));
#6539=FACE_BOUND('',#6538,.F.);
#6541=ORIENTED_EDGE('',*,*,#6540,.F.);
#6543=ORIENTED_EDGE('',*,*,#6542,.F.);
#6545=ORIENTED_EDGE('',*,*,#6544,.F.);
#6547=ORIENTED_EDGE('',*,*,#6546,.F.);
#6548=EDGE_LOOP('',(#6541,#6543,#6545,#6547));
#6549=FACE_BOUND('',#6548,.F.);
#6551=ORIENTED_EDGE('',*,*,#6550,.F.);
#6553=ORIENTED_EDGE('',*,*,#6552,.F.);
#6555=ORIENTED_EDGE('',*,*,#6554,.F.);
#6557=ORIENTED_EDGE('',*,*,#6556,.F.);
#6558=EDGE_LOOP('',(#6551,#6553,#6555,#6557));
#6559=FACE_BOUND('',#6558,.F.);
#6561=ORIENTED_EDGE('',*,*,#6560,.F.);
#6563=ORIENTED_EDGE('',*,*,#6562,.F.);
#6565=ORIENTED_EDGE('',*,*,#6564,.F.);
#6567=ORIENTED_EDGE('',*,*,#6566,.F.);
#6568=EDGE_LOOP('',(#6561,#6563,#6565,#6567));
#6569=FACE_BOUND('',#6568,.F.);
#6571=ORIENTED_EDGE('',*,*,#6570,.F.);
#6573=ORIENTED_EDGE('',*,*,#6572,.F.);
#6575=ORIENTED_EDGE('',*,*,#6574,.F.);
#6577=ORIENTED_EDGE('',*,*,#6576,.F.);
#6578=EDGE_LOOP('',(#6571,#6573,#6575,#6577));
#6579=FACE_BOUND('',#6578,.F.);
#6581=ORIENTED_EDGE('',*,*,#6580,.F.);
#6583=ORIENTED_EDGE('',*,*,#6582,.F.);
#6585=ORIENTED_EDGE('',*,*,#6584,.F.);
#6587=ORIENTED_EDGE('',*,*,#6586,.F.);
#6588=EDGE_LOOP('',(#6581,#6583,#6585,#6587));
#6589=FACE_BOUND('',#6588,.F.);
#6591=ORIENTED_EDGE('',*,*,#6590,.F.);
#6593=ORIENTED_EDGE('',*,*,#6592,.F.);
#6595=ORIENTED_EDGE('',*,*,#6594,.F.);
#6597=ORIENTED_EDGE('',*,*,#6596,.F.);
#6598=EDGE_LOOP('',(#6591,#6593,#6595,#6597));
#6599=FACE_BOUND('',#6598,.F.);
#6601=ORIENTED_EDGE('',*,*,#6600,.F.);
#6603=ORIENTED_EDGE('',*,*,#6602,.F.);
#6605=ORIENTED_EDGE('',*,*,#6604,.F.);
#6607=ORIENTED_EDGE('',*,*,#6606,.F.);
#6608=EDGE_LOOP('',(#6601,#6603,#6605,#6607));
#6609=FACE_BOUND('',#6608,.F.);
#6611=ORIENTED_EDGE('',*,*,#6610,.F.);
#6613=ORIENTED_EDGE('',*,*,#6612,.F.);
#6615=ORIENTED_EDGE('',*,*,#6614,.F.);
#6617=ORIENTED_EDGE('',*,*,#6616,.F.);
#6618=EDGE_LOOP('',(#6611,#6613,#6615,#6617));
#6619=FACE_BOUND('',#6618,.F.);
#6621=ORIENTED_EDGE('',*,*,#6620,.F.);
#6623=ORIENTED_EDGE('',*,*,#6622,.F.);
#6625=ORIENTED_EDGE('',*,*,#6624,.F.);
#6627=ORIENTED_EDGE('',*,*,#6626,.F.);
#6628=EDGE_LOOP('',(#6621,#6623,#6625,#6627));
#6629=FACE_BOUND('',#6628,.F.);
#6631=ORIENTED_EDGE('',*,*,#6630,.F.);
#6633=ORIENTED_EDGE('',*,*,#6632,.F.);
#6635=ORIENTED_EDGE('',*,*,#6634,.F.);
#6637=ORIENTED_EDGE('',*,*,#6636,.F.);
#6638=EDGE_LOOP('',(#6631,#6633,#6635,#6637));
#6639=FACE_BOUND('',#6638,.F.);
#6641=ORIENTED_EDGE('',*,*,#6640,.F.);
#6643=ORIENTED_EDGE('',*,*,#6642,.F.);
#6645=ORIENTED_EDGE('',*,*,#6644,.F.);
#6647=ORIENTED_EDGE('',*,*,#6646,.F.);
#6648=EDGE_LOOP('',(#6641,#6643,#6645,#6647));
#6649=FACE_BOUND('',#6648,.F.);
#6651=ORIENTED_EDGE('',*,*,#6650,.F.);
#6653=ORIENTED_EDGE('',*,*,#6652,.F.);
#6655=ORIENTED_EDGE('',*,*,#6654,.F.);
#6657=ORIENTED_EDGE('',*,*,#6656,.F.);
#6658=EDGE_LOOP('',(#6651,#6653,#6655,#6657));
#6659=FACE_BOUND('',#6658,.F.);
#6661=ORIENTED_EDGE('',*,*,#6660,.F.);
#6663=ORIENTED_EDGE('',*,*,#6662,.F.);
#6665=ORIENTED_EDGE('',*,*,#6664,.F.);
#6667=ORIENTED_EDGE('',*,*,#6666,.F.);
#6668=EDGE_LOOP('',(#6661,#6663,#6665,#6667));
#6669=FACE_BOUND('',#6668,.F.);
#6671=CARTESIAN_POINT('',(8.89E0,2.53E0,0.E0));
#6672=DIRECTION('',(1.E0,0.E0,0.E0));
#6673=DIRECTION('',(0.E0,0.E0,-1.E0));
#6674=AXIS2_PLACEMENT_3D('',#6671,#6672,#6673);
#6675=PLANE('',#6674);
#6677=ORIENTED_EDGE('',*,*,#6676,.T.);
#6679=ORIENTED_EDGE('',*,*,#6678,.F.);
#6681=ORIENTED_EDGE('',*,*,#6680,.T.);
#6682=ORIENTED_EDGE('',*,*,#6522,.T.);
#6683=ORIENTED_EDGE('',*,*,#6511,.F.);
#6685=ORIENTED_EDGE('',*,*,#6684,.F.);
#6687=ORIENTED_EDGE('',*,*,#6686,.T.);
#6689=ORIENTED_EDGE('',*,*,#6688,.T.);
#6690=EDGE_LOOP('',(#6677,#6679,#6681,#6682,#6683,#6685,#6687,#6689));
#6691=FACE_OUTER_BOUND('',#6690,.F.);
#6693=CARTESIAN_POINT('',(8.89E0,-1.939191070280E0,-7.E0));
#6694=DIRECTION('',(0.E0,-9.396926207859E-1,3.420201433257E-1));
#6695=DIRECTION('',(0.E0,3.420201433257E-1,9.396926207859E-1));
#6696=AXIS2_PLACEMENT_3D('',#6693,#6694,#6695);
#6697=PLANE('',#6696);
#6698=ORIENTED_EDGE('',*,*,#6676,.F.);
#6700=ORIENTED_EDGE('',*,*,#6699,.F.);
#6702=ORIENTED_EDGE('',*,*,#6701,.T.);
#6704=ORIENTED_EDGE('',*,*,#6703,.F.);
#6705=EDGE_LOOP('',(#6698,#6700,#6702,#6704));
#6706=FACE_OUTER_BOUND('',#6705,.F.);
#6708=CARTESIAN_POINT('',(8.89E0,-1.83E0,-6.7E0));
#6709=DIRECTION('',(0.E0,0.E0,1.E0));
#6710=DIRECTION('',(0.E0,1.E0,0.E0));
#6711=AXIS2_PLACEMENT_3D('',#6708,#6709,#6710);
#6712=PLANE('',#6711);
#6713=ORIENTED_EDGE('',*,*,#6688,.F.);
#6715=ORIENTED_EDGE('',*,*,#6714,.F.);
#6717=ORIENTED_EDGE('',*,*,#6716,.T.);
#6718=ORIENTED_EDGE('',*,*,#6699,.T.);
#6719=EDGE_LOOP('',(#6713,#6715,#6717,#6718));
#6720=FACE_OUTER_BOUND('',#6719,.F.);
#6722=ORIENTED_EDGE('',*,*,#6721,.T.);
#6724=ORIENTED_EDGE('',*,*,#6723,.T.);
#6726=ORIENTED_EDGE('',*,*,#6725,.T.);
#6728=ORIENTED_EDGE('',*,*,#6727,.T.);
#6730=ORIENTED_EDGE('',*,*,#6729,.T.);
#6732=ORIENTED_EDGE('',*,*,#6731,.T.);
#6734=ORIENTED_EDGE('',*,*,#6733,.T.);
#6735=EDGE_LOOP('',(#6722,#6724,#6726,#6728,#6730,#6732,#6734));
#6736=FACE_BOUND('',#6735,.F.);
#6738=ORIENTED_EDGE('',*,*,#6737,.F.);
#6740=ORIENTED_EDGE('',*,*,#6739,.F.);
#6742=ORIENTED_EDGE('',*,*,#6741,.T.);
#6744=ORIENTED_EDGE('',*,*,#6743,.T.);
#6745=EDGE_LOOP('',(#6738,#6740,#6742,#6744));
#6746=FACE_BOUND('',#6745,.F.);
#6748=ORIENTED_EDGE('',*,*,#6747,.F.);
#6750=ORIENTED_EDGE('',*,*,#6749,.F.);
#6752=ORIENTED_EDGE('',*,*,#6751,.T.);
#6754=ORIENTED_EDGE('',*,*,#6753,.T.);
#6755=EDGE_LOOP('',(#6748,#6750,#6752,#6754));
#6756=FACE_BOUND('',#6755,.F.);
#6758=ORIENTED_EDGE('',*,*,#6757,.F.);
#6760=ORIENTED_EDGE('',*,*,#6759,.F.);
#6762=ORIENTED_EDGE('',*,*,#6761,.T.);
#6764=ORIENTED_EDGE('',*,*,#6763,.T.);
#6765=EDGE_LOOP('',(#6758,#6760,#6762,#6764));
#6766=FACE_BOUND('',#6765,.F.);
#6768=ORIENTED_EDGE('',*,*,#6767,.F.);
#6770=ORIENTED_EDGE('',*,*,#6769,.F.);
#6772=ORIENTED_EDGE('',*,*,#6771,.T.);
#6774=ORIENTED_EDGE('',*,*,#6773,.T.);
#6775=EDGE_LOOP('',(#6768,#6770,#6772,#6774));
#6776=FACE_BOUND('',#6775,.F.);
#6778=ORIENTED_EDGE('',*,*,#6777,.F.);
#6780=ORIENTED_EDGE('',*,*,#6779,.F.);
#6782=ORIENTED_EDGE('',*,*,#6781,.T.);
#6784=ORIENTED_EDGE('',*,*,#6783,.T.);
#6785=EDGE_LOOP('',(#6778,#6780,#6782,#6784));
#6786=FACE_BOUND('',#6785,.F.);
#6788=ORIENTED_EDGE('',*,*,#6787,.F.);
#6790=ORIENTED_EDGE('',*,*,#6789,.F.);
#6792=ORIENTED_EDGE('',*,*,#6791,.T.);
#6794=ORIENTED_EDGE('',*,*,#6793,.T.);
#6795=EDGE_LOOP('',(#6788,#6790,#6792,#6794));
#6796=FACE_BOUND('',#6795,.F.);
#6798=ORIENTED_EDGE('',*,*,#6797,.F.);
#6800=ORIENTED_EDGE('',*,*,#6799,.F.);
#6802=ORIENTED_EDGE('',*,*,#6801,.T.);
#6804=ORIENTED_EDGE('',*,*,#6803,.T.);
#6805=EDGE_LOOP('',(#6798,#6800,#6802,#6804));
#6806=FACE_BOUND('',#6805,.F.);
#6808=ORIENTED_EDGE('',*,*,#6807,.F.);
#6810=ORIENTED_EDGE('',*,*,#6809,.F.);
#6812=ORIENTED_EDGE('',*,*,#6811,.T.);
#6814=ORIENTED_EDGE('',*,*,#6813,.T.);
#6815=EDGE_LOOP('',(#6808,#6810,#6812,#6814));
#6816=FACE_BOUND('',#6815,.F.);
#6818=ORIENTED_EDGE('',*,*,#6817,.F.);
#6820=ORIENTED_EDGE('',*,*,#6819,.F.);
#6822=ORIENTED_EDGE('',*,*,#6821,.T.);
#6824=ORIENTED_EDGE('',*,*,#6823,.T.);
#6825=EDGE_LOOP('',(#6818,#6820,#6822,#6824));
#6826=FACE_BOUND('',#6825,.F.);
#6828=ORIENTED_EDGE('',*,*,#6827,.F.);
#6830=ORIENTED_EDGE('',*,*,#6829,.F.);
#6832=ORIENTED_EDGE('',*,*,#6831,.T.);
#6834=ORIENTED_EDGE('',*,*,#6833,.T.);
#6835=EDGE_LOOP('',(#6828,#6830,#6832,#6834));
#6836=FACE_BOUND('',#6835,.F.);
#6838=ORIENTED_EDGE('',*,*,#6837,.F.);
#6840=ORIENTED_EDGE('',*,*,#6839,.F.);
#6842=ORIENTED_EDGE('',*,*,#6841,.T.);
#6844=ORIENTED_EDGE('',*,*,#6843,.T.);
#6845=EDGE_LOOP('',(#6838,#6840,#6842,#6844));
#6846=FACE_BOUND('',#6845,.F.);
#6848=ORIENTED_EDGE('',*,*,#6847,.F.);
#6850=ORIENTED_EDGE('',*,*,#6849,.F.);
#6852=ORIENTED_EDGE('',*,*,#6851,.T.);
#6854=ORIENTED_EDGE('',*,*,#6853,.T.);
#6855=EDGE_LOOP('',(#6848,#6850,#6852,#6854));
#6856=FACE_BOUND('',#6855,.F.);
#6858=ORIENTED_EDGE('',*,*,#6857,.F.);
#6860=ORIENTED_EDGE('',*,*,#6859,.F.);
#6862=ORIENTED_EDGE('',*,*,#6861,.T.);
#6864=ORIENTED_EDGE('',*,*,#6863,.T.);
#6865=EDGE_LOOP('',(#6858,#6860,#6862,#6864));
#6866=FACE_BOUND('',#6865,.F.);
#6868=ORIENTED_EDGE('',*,*,#6867,.F.);
#6870=ORIENTED_EDGE('',*,*,#6869,.F.);
#6872=ORIENTED_EDGE('',*,*,#6871,.T.);
#6874=ORIENTED_EDGE('',*,*,#6873,.T.);
#6875=EDGE_LOOP('',(#6868,#6870,#6872,#6874));
#6876=FACE_BOUND('',#6875,.F.);
#6878=CARTESIAN_POINT('',(8.89E0,1.83E0,-6.7E0));
#6879=DIRECTION('',(0.E0,9.396926207859E-1,3.420201433257E-1));
#6880=DIRECTION('',(0.E0,3.420201433257E-1,-9.396926207859E-1));
#6881=AXIS2_PLACEMENT_3D('',#6878,#6879,#6880);
#6882=PLANE('',#6881);
#6883=ORIENTED_EDGE('',*,*,#6686,.F.);
#6885=ORIENTED_EDGE('',*,*,#6884,.T.);
#6887=ORIENTED_EDGE('',*,*,#6886,.T.);
#6888=ORIENTED_EDGE('',*,*,#6714,.T.);
#6889=EDGE_LOOP('',(#6883,#6885,#6887,#6888));
#6890=FACE_OUTER_BOUND('',#6889,.F.);
#6892=CARTESIAN_POINT('',(8.89E0,2.53E0,-7.E0));
#6893=DIRECTION('',(0.E0,0.E0,-1.E0));
#6894=DIRECTION('',(-1.E0,0.E0,0.E0));
#6895=AXIS2_PLACEMENT_3D('',#6892,#6893,#6894);
#6896=PLANE('',#6895);
#6897=ORIENTED_EDGE('',*,*,#6703,.T.);
#6899=ORIENTED_EDGE('',*,*,#6898,.F.);
#6901=ORIENTED_EDGE('',*,*,#6900,.T.);
#6902=ORIENTED_EDGE('',*,*,#6678,.T.);
#6903=EDGE_LOOP('',(#6897,#6899,#6901,#6902));
#6904=FACE_OUTER_BOUND('',#6903,.F.);
#6906=CARTESIAN_POINT('',(8.89E0,2.53E0,-7.E0));
#6907=DIRECTION('',(0.E0,0.E0,-1.E0));
#6908=DIRECTION('',(-1.E0,0.E0,0.E0));
#6909=AXIS2_PLACEMENT_3D('',#6906,#6907,#6908);
#6910=PLANE('',#6909);
#6911=ORIENTED_EDGE('',*,*,#6884,.F.);
#6912=ORIENTED_EDGE('',*,*,#6684,.T.);
#6913=ORIENTED_EDGE('',*,*,#6509,.F.);
#6915=ORIENTED_EDGE('',*,*,#6914,.F.);
#6916=EDGE_LOOP('',(#6911,#6912,#6913,#6915));
#6917=FACE_OUTER_BOUND('',#6916,.F.);
#6919=CARTESIAN_POINT('',(-8.89E0,2.53E0,-7.E0));
#6920=DIRECTION('',(-1.E0,0.E0,0.E0));
#6921=DIRECTION('',(0.E0,0.E0,1.E0));
#6922=AXIS2_PLACEMENT_3D('',#6919,#6920,#6921);
#6923=PLANE('',#6922);
#6924=ORIENTED_EDGE('',*,*,#6701,.F.);
#6925=ORIENTED_EDGE('',*,*,#6716,.F.);
#6926=ORIENTED_EDGE('',*,*,#6886,.F.);
#6927=ORIENTED_EDGE('',*,*,#6914,.T.);
#6928=ORIENTED_EDGE('',*,*,#6507,.F.);
#6929=ORIENTED_EDGE('',*,*,#6526,.F.);
#6931=ORIENTED_EDGE('',*,*,#6930,.T.);
#6932=ORIENTED_EDGE('',*,*,#6898,.T.);
#6933=EDGE_LOOP('',(#6924,#6925,#6926,#6927,#6928,#6929,#6931,#6932));
#6934=FACE_OUTER_BOUND('',#6933,.F.);
#6936=CARTESIAN_POINT('',(0.E0,-2.53E0,0.E0));
#6937=DIRECTION('',(0.E0,1.E0,0.E0));
#6938=DIRECTION('',(1.E0,0.E0,0.E0));
#6939=AXIS2_PLACEMENT_3D('',#6936,#6937,#6938);
#6940=PLANE('',#6939);
#6941=ORIENTED_EDGE('',*,*,#6524,.F.);
#6942=ORIENTED_EDGE('',*,*,#6680,.F.);
#6943=ORIENTED_EDGE('',*,*,#6900,.F.);
#6944=ORIENTED_EDGE('',*,*,#6930,.F.);
#6945=EDGE_LOOP('',(#6941,#6942,#6943,#6944));
#6946=FACE_OUTER_BOUND('',#6945,.F.);
#6948=CARTESIAN_POINT('',(8.19E0,6.E-1,-6.7E0));
#6949=DIRECTION('',(1.E0,0.E0,0.E0));
#6950=DIRECTION('',(0.E0,-1.E0,0.E0));
#6951=AXIS2_PLACEMENT_3D('',#6948,#6949,#6950);
#6952=PLANE('',#6951);
#6953=ORIENTED_EDGE('',*,*,#6721,.F.);
#6955=ORIENTED_EDGE('',*,*,#6954,.T.);
#6957=ORIENTED_EDGE('',*,*,#6956,.T.);
#6959=ORIENTED_EDGE('',*,*,#6958,.F.);
#6960=EDGE_LOOP('',(#6953,#6955,#6957,#6959));
#6961=FACE_OUTER_BOUND('',#6960,.F.);
#6963=CARTESIAN_POINT('',(8.04E0,6.E-1,-6.7E0));
#6964=DIRECTION('',(0.E0,1.E0,0.E0));
#6965=DIRECTION('',(1.E0,0.E0,0.E0));
#6966=AXIS2_PLACEMENT_3D('',#6963,#6964,#6965);
#6967=PLANE('',#6966);
#6968=ORIENTED_EDGE('',*,*,#6733,.F.);
#6970=ORIENTED_EDGE('',*,*,#6969,.T.);
#6972=ORIENTED_EDGE('',*,*,#6971,.T.);
#6973=ORIENTED_EDGE('',*,*,#6954,.F.);
#6974=EDGE_LOOP('',(#6968,#6970,#6972,#6973));
#6975=FACE_OUTER_BOUND('',#6974,.F.);
#6977=CARTESIAN_POINT('',(8.04E0,-3.957447052002E-1,-6.7E0));
#6978=DIRECTION('',(-1.E0,0.E0,0.E0));
#6979=DIRECTION('',(0.E0,1.E0,0.E0));
#6980=AXIS2_PLACEMENT_3D('',#6977,#6978,#6979);
#6981=PLANE('',#6980);
#6982=ORIENTED_EDGE('',*,*,#6731,.F.);
#6984=ORIENTED_EDGE('',*,*,#6983,.T.);
#6986=ORIENTED_EDGE('',*,*,#6985,.T.);
#6987=ORIENTED_EDGE('',*,*,#6969,.F.);
#6988=EDGE_LOOP('',(#6982,#6984,#6986,#6987));
#6989=FACE_OUTER_BOUND('',#6988,.F.);
#6991=CARTESIAN_POINT('',(7.89E0,-2.170212507248E-1,-6.7E0));
#6992=DIRECTION('',(7.659743427825E-1,6.428711427642E-1,0.E0));
#6993=DIRECTION('',(6.428711427642E-1,-7.659743427825E-1,0.E0));
#6994=AXIS2_PLACEMENT_3D('',#6991,#6992,#6993);
#6995=PLANE('',#6994);
#6996=ORIENTED_EDGE('',*,*,#6729,.F.);
#6998=ORIENTED_EDGE('',*,*,#6997,.T.);
#7000=ORIENTED_EDGE('',*,*,#6999,.T.);
#7001=ORIENTED_EDGE('',*,*,#6983,.F.);
#7002=EDGE_LOOP('',(#6996,#6998,#7000,#7001));
#7003=FACE_OUTER_BOUND('',#7002,.F.);
#7005=CARTESIAN_POINT('',(7.89E0,-4.212766170502E-1,-6.7E0));
#7006=DIRECTION('',(-1.E0,0.E0,0.E0));
#7007=DIRECTION('',(0.E0,1.E0,0.E0));
#7008=AXIS2_PLACEMENT_3D('',#7005,#7006,#7007);
#7009=PLANE('',#7008);
#7010=ORIENTED_EDGE('',*,*,#6727,.F.);
#7012=ORIENTED_EDGE('',*,*,#7011,.T.);
#7014=ORIENTED_EDGE('',*,*,#7013,.T.);
#7015=ORIENTED_EDGE('',*,*,#6997,.F.);
#7016=EDGE_LOOP('',(#7010,#7012,#7014,#7015));
#7017=FACE_OUTER_BOUND('',#7016,.F.);
#7019=CARTESIAN_POINT('',(8.04E0,-6.E-1,-6.7E0));
#7020=DIRECTION('',(-7.659742160926E-1,-6.428712937139E-1,0.E0));
#7021=DIRECTION('',(-6.428712937139E-1,7.659742160926E-1,0.E0));
#7022=AXIS2_PLACEMENT_3D('',#7019,#7020,#7021);
#7023=PLANE('',#7022);
#7024=ORIENTED_EDGE('',*,*,#6725,.F.);
#7026=ORIENTED_EDGE('',*,*,#7025,.T.);
#7028=ORIENTED_EDGE('',*,*,#7027,.T.);
#7029=ORIENTED_EDGE('',*,*,#7011,.F.);
#7030=EDGE_LOOP('',(#7024,#7026,#7028,#7029));
#7031=FACE_OUTER_BOUND('',#7030,.F.);
#7033=CARTESIAN_POINT('',(8.19E0,-6.E-1,-6.7E0));
#7034=DIRECTION('',(0.E0,-1.E0,0.E0));
#7035=DIRECTION('',(-1.E0,0.E0,0.E0));
#7036=AXIS2_PLACEMENT_3D('',#7033,#7034,#7035);
#7037=PLANE('',#7036);
#7038=ORIENTED_EDGE('',*,*,#6723,.F.);
#7039=ORIENTED_EDGE('',*,*,#6958,.T.);
#7041=ORIENTED_EDGE('',*,*,#7040,.T.);
#7042=ORIENTED_EDGE('',*,*,#7025,.F.);
#7043=EDGE_LOOP('',(#7038,#7039,#7041,#7042));
#7044=FACE_OUTER_BOUND('',#7043,.F.);
#7046=CARTESIAN_POINT('',(8.89E0,2.53E0,-6.6E0));
#7047=DIRECTION('',(0.E0,0.E0,-1.E0));
#7048=DIRECTION('',(-1.E0,0.E0,0.E0));
#7049=AXIS2_PLACEMENT_3D('',#7046,#7047,#7048);
#7050=PLANE('',#7049);
#7051=ORIENTED_EDGE('',*,*,#6956,.F.);
#7052=ORIENTED_EDGE('',*,*,#6971,.F.);
#7053=ORIENTED_EDGE('',*,*,#6985,.F.);
#7054=ORIENTED_EDGE('',*,*,#6999,.F.);
#7055=ORIENTED_EDGE('',*,*,#7013,.F.);
#7056=ORIENTED_EDGE('',*,*,#7027,.F.);
#7057=ORIENTED_EDGE('',*,*,#7040,.F.);
#7058=EDGE_LOOP('',(#7051,#7052,#7053,#7054,#7055,#7056,#7057));
#7059=FACE_OUTER_BOUND('',#7058,.F.);
#7061=CARTESIAN_POINT('',(7.27E0,-1.83E0,-6.7E0));
#7062=DIRECTION('',(-1.E0,0.E0,0.E0));
#7063=DIRECTION('',(0.E0,-1.E0,0.E0));
#7064=AXIS2_PLACEMENT_3D('',#7061,#7062,#7063);
#7065=PLANE('',#7064);
#7066=ORIENTED_EDGE('',*,*,#6737,.T.);
#7068=ORIENTED_EDGE('',*,*,#7067,.F.);
#7070=ORIENTED_EDGE('',*,*,#7069,.F.);
#7072=ORIENTED_EDGE('',*,*,#7071,.F.);
#7074=ORIENTED_EDGE('',*,*,#7073,.F.);
#7076=ORIENTED_EDGE('',*,*,#7075,.F.);
#7078=ORIENTED_EDGE('',*,*,#7077,.F.);
#7080=ORIENTED_EDGE('',*,*,#7079,.F.);
#7081=EDGE_LOOP('',(#7066,#7068,#7070,#7072,#7074,#7076,#7078,#7080));
#7082=FACE_OUTER_BOUND('',#7081,.F.);
#7084=CARTESIAN_POINT('',(7.27E0,-1.83E0,-6.7E0));
#7085=DIRECTION('',(-1.E0,0.E0,0.E0));
#7086=DIRECTION('',(0.E0,-1.E0,0.E0));
#7087=AXIS2_PLACEMENT_3D('',#7084,#7085,#7086);
#7088=PLANE('',#7087);
#7089=ORIENTED_EDGE('',*,*,#6747,.T.);
#7091=ORIENTED_EDGE('',*,*,#7090,.F.);
#7093=ORIENTED_EDGE('',*,*,#7092,.F.);
#7095=ORIENTED_EDGE('',*,*,#7094,.F.);
#7097=ORIENTED_EDGE('',*,*,#7096,.F.);
#7099=ORIENTED_EDGE('',*,*,#7098,.F.);
#7101=ORIENTED_EDGE('',*,*,#7100,.F.);
#7103=ORIENTED_EDGE('',*,*,#7102,.F.);
#7104=EDGE_LOOP('',(#7089,#7091,#7093,#7095,#7097,#7099,#7101,#7103));
#7105=FACE_OUTER_BOUND('',#7104,.F.);
#7107=CARTESIAN_POINT('',(7.27E0,1.17E0,-7.386630477386E0));
#7108=DIRECTION('',(0.E0,-1.E0,0.E0));
#7109=DIRECTION('',(0.E0,0.E0,1.E0));
#7110=AXIS2_PLACEMENT_3D('',#7107,#7108,#7109);
#7111=PLANE('',#7110);
#7112=ORIENTED_EDGE('',*,*,#6743,.F.);
#7114=ORIENTED_EDGE('',*,*,#7113,.F.);
#7116=ORIENTED_EDGE('',*,*,#7115,.F.);
#7117=ORIENTED_EDGE('',*,*,#7067,.T.);
#7118=EDGE_LOOP('',(#7112,#7114,#7116,#7117));
#7119=FACE_OUTER_BOUND('',#7118,.F.);
#7121=CARTESIAN_POINT('',(7.97E0,-1.83E0,-6.7E0));
#7122=DIRECTION('',(-1.E0,0.E0,0.E0));
#7123=DIRECTION('',(0.E0,-1.E0,0.E0));
#7124=AXIS2_PLACEMENT_3D('',#7121,#7122,#7123);
#7125=PLANE('',#7124);
#7126=ORIENTED_EDGE('',*,*,#6741,.F.);
#7128=ORIENTED_EDGE('',*,*,#7127,.T.);
#7130=ORIENTED_EDGE('',*,*,#7129,.T.);
#7132=ORIENTED_EDGE('',*,*,#7131,.T.);
#7134=ORIENTED_EDGE('',*,*,#7133,.T.);
#7136=ORIENTED_EDGE('',*,*,#7135,.T.);
#7138=ORIENTED_EDGE('',*,*,#7137,.T.);
#7139=ORIENTED_EDGE('',*,*,#7113,.T.);
#7140=EDGE_LOOP('',(#7126,#7128,#7130,#7132,#7134,#7136,#7138,#7139));
#7141=FACE_OUTER_BOUND('',#7140,.F.);
#7143=CARTESIAN_POINT('',(7.97E0,-1.83E0,-6.7E0));
#7144=DIRECTION('',(-1.E0,0.E0,0.E0));
#7145=DIRECTION('',(0.E0,-1.E0,0.E0));
#7146=AXIS2_PLACEMENT_3D('',#7143,#7144,#7145);
#7147=PLANE('',#7146);
#7148=ORIENTED_EDGE('',*,*,#6751,.F.);
#7150=ORIENTED_EDGE('',*,*,#7149,.T.);
#7152=ORIENTED_EDGE('',*,*,#7151,.T.);
#7154=ORIENTED_EDGE('',*,*,#7153,.T.);
#7156=ORIENTED_EDGE('',*,*,#7155,.T.);
#7158=ORIENTED_EDGE('',*,*,#7157,.T.);
#7160=ORIENTED_EDGE('',*,*,#7159,.T.);
#7162=ORIENTED_EDGE('',*,*,#7161,.T.);
#7163=EDGE_LOOP('',(#7148,#7150,#7152,#7154,#7156,#7158,#7160,#7162));
#7164=FACE_OUTER_BOUND('',#7163,.F.);
#7166=CARTESIAN_POINT('',(7.27E0,1.37E0,-6.7E0));
#7167=DIRECTION('',(0.E0,1.E0,0.E0));
#7168=DIRECTION('',(0.E0,0.E0,-1.E0));
#7169=AXIS2_PLACEMENT_3D('',#7166,#7167,#7168);
#7170=PLANE('',#7169);
#7171=ORIENTED_EDGE('',*,*,#6739,.T.);
#7172=ORIENTED_EDGE('',*,*,#7079,.T.);
#7174=ORIENTED_EDGE('',*,*,#7173,.T.);
#7175=ORIENTED_EDGE('',*,*,#7127,.F.);
#7176=EDGE_LOOP('',(#7171,#7172,#7174,#7175));
#7177=FACE_OUTER_BOUND('',#7176,.F.);
#7179=CARTESIAN_POINT('',(7.27E0,9.7E-1,-7.386630477386E0));
#7180=DIRECTION('',(-1.E0,0.E0,0.E0));
#7181=DIRECTION('',(0.E0,-1.E0,0.E0));
#7182=AXIS2_PLACEMENT_3D('',#7179,#7180,#7181);
#7183=CYLINDRICAL_SURFACE('',#7182,4.E-1);
#7184=ORIENTED_EDGE('',*,*,#7077,.T.);
#7186=ORIENTED_EDGE('',*,*,#7185,.T.);
#7187=ORIENTED_EDGE('',*,*,#7129,.F.);
#7188=ORIENTED_EDGE('',*,*,#7173,.F.);
#7189=EDGE_LOOP('',(#7184,#7186,#7187,#7188));
#7190=FACE_OUTER_BOUND('',#7189,.F.);
#7192=CARTESIAN_POINT('',(7.27E0,3.67E0,-8.694300160448E0));
#7193=DIRECTION('',(-1.E0,0.E0,0.E0));
#7194=DIRECTION('',(0.E0,-1.E0,0.E0));
#7195=AXIS2_PLACEMENT_3D('',#7192,#7193,#7194);
#7196=CYLINDRICAL_SURFACE('',#7195,2.6E0);
#7197=ORIENTED_EDGE('',*,*,#7075,.T.);
#7199=ORIENTED_EDGE('',*,*,#7198,.T.);
#7200=ORIENTED_EDGE('',*,*,#7131,.F.);
#7201=ORIENTED_EDGE('',*,*,#7185,.F.);
#7202=EDGE_LOOP('',(#7197,#7199,#7200,#7201));
#7203=FACE_OUTER_BOUND('',#7202,.F.);
#7205=CARTESIAN_POINT('',(7.27E0,1.37E0,-9.906735725746E0));
#7206=DIRECTION('',(0.E0,4.663213712685E-1,-8.846153846154E-1));
#7207=DIRECTION('',(0.E0,-8.846153846154E-1,-4.663213712685E-1));
#7208=AXIS2_PLACEMENT_3D('',#7205,#7206,#7207);
#7209=PLANE('',#7208);
#7210=ORIENTED_EDGE('',*,*,#7073,.T.);
#7212=ORIENTED_EDGE('',*,*,#7211,.T.);
#7213=ORIENTED_EDGE('',*,*,#7133,.F.);
#7214=ORIENTED_EDGE('',*,*,#7198,.F.);
#7215=EDGE_LOOP('',(#7210,#7212,#7213,#7214));
#7216=FACE_OUTER_BOUND('',#7215,.F.);
#7218=CARTESIAN_POINT('',(7.27E0,3.67E0,-8.694300160448E0));
#7219=DIRECTION('',(-1.E0,0.E0,0.E0));
#7220=DIRECTION('',(0.E0,-1.E0,0.E0));
#7221=AXIS2_PLACEMENT_3D('',#7218,#7219,#7220);
#7222=CYLINDRICAL_SURFACE('',#7221,2.8E0);
#7223=ORIENTED_EDGE('',*,*,#7071,.T.);
#7225=ORIENTED_EDGE('',*,*,#7224,.T.);
#7226=ORIENTED_EDGE('',*,*,#7135,.F.);
#7227=ORIENTED_EDGE('',*,*,#7211,.F.);
#7228=EDGE_LOOP('',(#7223,#7225,#7226,#7227));
#7229=FACE_OUTER_BOUND('',#7228,.F.);
#7231=CARTESIAN_POINT('',(7.27E0,9.7E-1,-7.386630477386E0));
#7232=DIRECTION('',(-1.E0,0.E0,0.E0));
#7233=DIRECTION('',(0.E0,-1.E0,0.E0));
#7234=AXIS2_PLACEMENT_3D('',#7231,#7232,#7233);
#7235=CYLINDRICAL_SURFACE('',#7234,2.E-1);
#7236=ORIENTED_EDGE('',*,*,#7069,.T.);
#7237=ORIENTED_EDGE('',*,*,#7115,.T.);
#7238=ORIENTED_EDGE('',*,*,#7137,.F.);
#7239=ORIENTED_EDGE('',*,*,#7224,.F.);
#7240=EDGE_LOOP('',(#7236,#7237,#7238,#7239));
#7241=FACE_OUTER_BOUND('',#7240,.F.);
#7243=CARTESIAN_POINT('',(7.27E0,-1.17E0,-6.7E0));
#7244=DIRECTION('',(0.E0,1.E0,0.E0));
#7245=DIRECTION('',(0.E0,0.E0,-1.E0));
#7246=AXIS2_PLACEMENT_3D('',#7243,#7244,#7245);
#7247=PLANE('',#7246);
#7248=ORIENTED_EDGE('',*,*,#6749,.T.);
#7249=ORIENTED_EDGE('',*,*,#7102,.T.);
#7251=ORIENTED_EDGE('',*,*,#7250,.T.);
#7252=ORIENTED_EDGE('',*,*,#7149,.F.);
#7253=EDGE_LOOP('',(#7248,#7249,#7251,#7252));
#7254=FACE_OUTER_BOUND('',#7253,.F.);
#7256=CARTESIAN_POINT('',(7.27E0,-9.7E-1,-7.386630477386E0));
#7257=DIRECTION('',(-1.E0,0.E0,0.E0));
#7258=DIRECTION('',(0.E0,-1.E0,0.E0));
#7259=AXIS2_PLACEMENT_3D('',#7256,#7257,#7258);
#7260=CYLINDRICAL_SURFACE('',#7259,2.E-1);
#7261=ORIENTED_EDGE('',*,*,#7100,.T.);
#7263=ORIENTED_EDGE('',*,*,#7262,.T.);
#7264=ORIENTED_EDGE('',*,*,#7151,.F.);
#7265=ORIENTED_EDGE('',*,*,#7250,.F.);
#7266=EDGE_LOOP('',(#7261,#7263,#7264,#7265));
#7267=FACE_OUTER_BOUND('',#7266,.F.);
#7269=CARTESIAN_POINT('',(7.27E0,-3.67E0,-8.694300160448E0));
#7270=DIRECTION('',(-1.E0,0.E0,0.E0));
#7271=DIRECTION('',(0.E0,-1.E0,0.E0));
#7272=AXIS2_PLACEMENT_3D('',#7269,#7270,#7271);
#7273=CYLINDRICAL_SURFACE('',#7272,2.8E0);
#7274=ORIENTED_EDGE('',*,*,#7098,.T.);
#7276=ORIENTED_EDGE('',*,*,#7275,.T.);
#7277=ORIENTED_EDGE('',*,*,#7153,.F.);
#7278=ORIENTED_EDGE('',*,*,#7262,.F.);
#7279=EDGE_LOOP('',(#7274,#7276,#7277,#7278));
#7280=FACE_OUTER_BOUND('',#7279,.F.);
#7282=CARTESIAN_POINT('',(7.27E0,-1.193076923077E0,-1.E1));
#7283=DIRECTION('',(0.E0,-4.663213712685E-1,-8.846153846154E-1));
#7284=DIRECTION('',(0.E0,-8.846153846154E-1,4.663213712685E-1));
#7285=AXIS2_PLACEMENT_3D('',#7282,#7283,#7284);
#7286=PLANE('',#7285);
#7287=ORIENTED_EDGE('',*,*,#7096,.T.);
#7289=ORIENTED_EDGE('',*,*,#7288,.T.);
#7290=ORIENTED_EDGE('',*,*,#7155,.F.);
#7291=ORIENTED_EDGE('',*,*,#7275,.F.);
#7292=EDGE_LOOP('',(#7287,#7289,#7290,#7291));
#7293=FACE_OUTER_BOUND('',#7292,.F.);
#7295=CARTESIAN_POINT('',(7.27E0,-3.67E0,-8.694300160448E0));
#7296=DIRECTION('',(-1.E0,0.E0,0.E0));
#7297=DIRECTION('',(0.E0,-1.E0,0.E0));
#7298=AXIS2_PLACEMENT_3D('',#7295,#7296,#7297);
#7299=CYLINDRICAL_SURFACE('',#7298,2.6E0);
#7300=ORIENTED_EDGE('',*,*,#7094,.T.);
#7302=ORIENTED_EDGE('',*,*,#7301,.T.);
#7303=ORIENTED_EDGE('',*,*,#7157,.F.);
#7304=ORIENTED_EDGE('',*,*,#7288,.F.);
#7305=EDGE_LOOP('',(#7300,#7302,#7303,#7304));
#7306=FACE_OUTER_BOUND('',#7305,.F.);
#7308=CARTESIAN_POINT('',(7.27E0,-9.7E-1,-7.386630477386E0));
#7309=DIRECTION('',(-1.E0,0.E0,0.E0));
#7310=DIRECTION('',(0.E0,-1.E0,0.E0));
#7311=AXIS2_PLACEMENT_3D('',#7308,#7309,#7310);
#7312=CYLINDRICAL_SURFACE('',#7311,4.E-1);
#7313=ORIENTED_EDGE('',*,*,#7092,.T.);
#7315=ORIENTED_EDGE('',*,*,#7314,.T.);
#7316=ORIENTED_EDGE('',*,*,#7159,.F.);
#7317=ORIENTED_EDGE('',*,*,#7301,.F.);
#7318=EDGE_LOOP('',(#7313,#7315,#7316,#7317));
#7319=FACE_OUTER_BOUND('',#7318,.F.);
#7321=CARTESIAN_POINT('',(7.27E0,-1.37E0,-7.386630477386E0));
#7322=DIRECTION('',(0.E0,-1.E0,0.E0));
#7323=DIRECTION('',(0.E0,0.E0,1.E0));
#7324=AXIS2_PLACEMENT_3D('',#7321,#7322,#7323);
#7325=PLANE('',#7324);
#7326=ORIENTED_EDGE('',*,*,#6753,.F.);
#7327=ORIENTED_EDGE('',*,*,#7161,.F.);
#7328=ORIENTED_EDGE('',*,*,#7314,.F.);
#7329=ORIENTED_EDGE('',*,*,#7090,.T.);
#7330=EDGE_LOOP('',(#7326,#7327,#7328,#7329));
#7331=FACE_OUTER_BOUND('',#7330,.F.);
#7333=CARTESIAN_POINT('',(4.73E0,-1.83E0,-6.7E0));
#7334=DIRECTION('',(-1.E0,0.E0,0.E0));
#7335=DIRECTION('',(0.E0,-1.E0,0.E0));
#7336=AXIS2_PLACEMENT_3D('',#7333,#7334,#7335);
#7337=PLANE('',#7336);
#7339=ORIENTED_EDGE('',*,*,#7338,.F.);
#7341=ORIENTED_EDGE('',*,*,#7340,.F.);
#7343=ORIENTED_EDGE('',*,*,#7342,.F.);
#7345=ORIENTED_EDGE('',*,*,#7344,.F.);
#7347=ORIENTED_EDGE('',*,*,#7346,.F.);
#7349=ORIENTED_EDGE('',*,*,#7348,.F.);
#7351=ORIENTED_EDGE('',*,*,#7350,.F.);
#7352=ORIENTED_EDGE('',*,*,#6757,.T.);
#7353=EDGE_LOOP('',(#7339,#7341,#7343,#7345,#7347,#7349,#7351,#7352));
#7354=FACE_OUTER_BOUND('',#7353,.F.);
#7356=CARTESIAN_POINT('',(4.73E0,-1.83E0,-6.7E0));
#7357=DIRECTION('',(-1.E0,0.E0,0.E0));
#7358=DIRECTION('',(0.E0,-1.E0,0.E0));
#7359=AXIS2_PLACEMENT_3D('',#7356,#7357,#7358);
#7360=PLANE('',#7359);
#7362=ORIENTED_EDGE('',*,*,#7361,.F.);
#7364=ORIENTED_EDGE('',*,*,#7363,.F.);
#7366=ORIENTED_EDGE('',*,*,#7365,.F.);
#7368=ORIENTED_EDGE('',*,*,#7367,.F.);
#7370=ORIENTED_EDGE('',*,*,#7369,.F.);
#7372=ORIENTED_EDGE('',*,*,#7371,.F.);
#7374=ORIENTED_EDGE('',*,*,#7373,.F.);
#7375=ORIENTED_EDGE('',*,*,#6767,.T.);
#7376=EDGE_LOOP('',(#7362,#7364,#7366,#7368,#7370,#7372,#7374,#7375));
#7377=FACE_OUTER_BOUND('',#7376,.F.);
#7379=CARTESIAN_POINT('',(4.73E0,1.17E0,-7.386630477386E0));
#7380=DIRECTION('',(0.E0,-1.E0,0.E0));
#7381=DIRECTION('',(0.E0,0.E0,1.E0));
#7382=AXIS2_PLACEMENT_3D('',#7379,#7380,#7381);
#7383=PLANE('',#7382);
#7384=ORIENTED_EDGE('',*,*,#7338,.T.);
#7385=ORIENTED_EDGE('',*,*,#6763,.F.);
#7387=ORIENTED_EDGE('',*,*,#7386,.F.);
#7389=ORIENTED_EDGE('',*,*,#7388,.F.);
#7390=EDGE_LOOP('',(#7384,#7385,#7387,#7389));
#7391=FACE_OUTER_BOUND('',#7390,.F.);
#7393=CARTESIAN_POINT('',(5.43E0,-1.83E0,-6.7E0));
#7394=DIRECTION('',(-1.E0,0.E0,0.E0));
#7395=DIRECTION('',(0.E0,-1.E0,0.E0));
#7396=AXIS2_PLACEMENT_3D('',#7393,#7394,#7395);
#7397=PLANE('',#7396);
#7398=ORIENTED_EDGE('',*,*,#7386,.T.);
#7399=ORIENTED_EDGE('',*,*,#6761,.F.);
#7401=ORIENTED_EDGE('',*,*,#7400,.T.);
#7403=ORIENTED_EDGE('',*,*,#7402,.T.);
#7405=ORIENTED_EDGE('',*,*,#7404,.T.);
#7407=ORIENTED_EDGE('',*,*,#7406,.T.);
#7409=ORIENTED_EDGE('',*,*,#7408,.T.);
#7411=ORIENTED_EDGE('',*,*,#7410,.T.);
#7412=EDGE_LOOP('',(#7398,#7399,#7401,#7403,#7405,#7407,#7409,#7411));
#7413=FACE_OUTER_BOUND('',#7412,.F.);
#7415=CARTESIAN_POINT('',(5.43E0,-1.83E0,-6.7E0));
#7416=DIRECTION('',(-1.E0,0.E0,0.E0));
#7417=DIRECTION('',(0.E0,-1.E0,0.E0));
#7418=AXIS2_PLACEMENT_3D('',#7415,#7416,#7417);
#7419=PLANE('',#7418);
#7421=ORIENTED_EDGE('',*,*,#7420,.T.);
#7422=ORIENTED_EDGE('',*,*,#6771,.F.);
#7424=ORIENTED_EDGE('',*,*,#7423,.T.);
#7426=ORIENTED_EDGE('',*,*,#7425,.T.);
#7428=ORIENTED_EDGE('',*,*,#7427,.T.);
#7430=ORIENTED_EDGE('',*,*,#7429,.T.);
#7432=ORIENTED_EDGE('',*,*,#7431,.T.);
#7434=ORIENTED_EDGE('',*,*,#7433,.T.);
#7435=EDGE_LOOP('',(#7421,#7422,#7424,#7426,#7428,#7430,#7432,#7434));
#7436=FACE_OUTER_BOUND('',#7435,.F.);
#7438=CARTESIAN_POINT('',(4.73E0,1.37E0,-6.7E0));
#7439=DIRECTION('',(0.E0,1.E0,0.E0));
#7440=DIRECTION('',(0.E0,0.E0,-1.E0));
#7441=AXIS2_PLACEMENT_3D('',#7438,#7439,#7440);
#7442=PLANE('',#7441);
#7443=ORIENTED_EDGE('',*,*,#7350,.T.);
#7445=ORIENTED_EDGE('',*,*,#7444,.T.);
#7446=ORIENTED_EDGE('',*,*,#7400,.F.);
#7447=ORIENTED_EDGE('',*,*,#6759,.T.);
#7448=EDGE_LOOP('',(#7443,#7445,#7446,#7447));
#7449=FACE_OUTER_BOUND('',#7448,.F.);
#7451=CARTESIAN_POINT('',(4.73E0,9.7E-1,-7.386630477386E0));
#7452=DIRECTION('',(-1.E0,0.E0,0.E0));
#7453=DIRECTION('',(0.E0,-1.E0,0.E0));
#7454=AXIS2_PLACEMENT_3D('',#7451,#7452,#7453);
#7455=CYLINDRICAL_SURFACE('',#7454,4.E-1);
#7456=ORIENTED_EDGE('',*,*,#7348,.T.);
#7458=ORIENTED_EDGE('',*,*,#7457,.T.);
#7459=ORIENTED_EDGE('',*,*,#7402,.F.);
#7460=ORIENTED_EDGE('',*,*,#7444,.F.);
#7461=EDGE_LOOP('',(#7456,#7458,#7459,#7460));
#7462=FACE_OUTER_BOUND('',#7461,.F.);
#7464=CARTESIAN_POINT('',(4.73E0,3.67E0,-8.694300160448E0));
#7465=DIRECTION('',(-1.E0,0.E0,0.E0));
#7466=DIRECTION('',(0.E0,-1.E0,0.E0));
#7467=AXIS2_PLACEMENT_3D('',#7464,#7465,#7466);
#7468=CYLINDRICAL_SURFACE('',#7467,2.6E0);
#7469=ORIENTED_EDGE('',*,*,#7346,.T.);
#7471=ORIENTED_EDGE('',*,*,#7470,.T.);
#7472=ORIENTED_EDGE('',*,*,#7404,.F.);
#7473=ORIENTED_EDGE('',*,*,#7457,.F.);
#7474=EDGE_LOOP('',(#7469,#7471,#7472,#7473));
#7475=FACE_OUTER_BOUND('',#7474,.F.);
#7477=CARTESIAN_POINT('',(4.73E0,1.37E0,-9.906735725746E0));
#7478=DIRECTION('',(0.E0,4.663213712685E-1,-8.846153846154E-1));
#7479=DIRECTION('',(0.E0,-8.846153846154E-1,-4.663213712685E-1));
#7480=AXIS2_PLACEMENT_3D('',#7477,#7478,#7479);
#7481=PLANE('',#7480);
#7482=ORIENTED_EDGE('',*,*,#7344,.T.);
#7484=ORIENTED_EDGE('',*,*,#7483,.T.);
#7485=ORIENTED_EDGE('',*,*,#7406,.F.);
#7486=ORIENTED_EDGE('',*,*,#7470,.F.);
#7487=EDGE_LOOP('',(#7482,#7484,#7485,#7486));
#7488=FACE_OUTER_BOUND('',#7487,.F.);
#7490=CARTESIAN_POINT('',(4.73E0,3.67E0,-8.694300160448E0));
#7491=DIRECTION('',(-1.E0,0.E0,0.E0));
#7492=DIRECTION('',(0.E0,-1.E0,0.E0));
#7493=AXIS2_PLACEMENT_3D('',#7490,#7491,#7492);
#7494=CYLINDRICAL_SURFACE('',#7493,2.8E0);
#7495=ORIENTED_EDGE('',*,*,#7342,.T.);
#7497=ORIENTED_EDGE('',*,*,#7496,.T.);
#7498=ORIENTED_EDGE('',*,*,#7408,.F.);
#7499=ORIENTED_EDGE('',*,*,#7483,.F.);
#7500=EDGE_LOOP('',(#7495,#7497,#7498,#7499));
#7501=FACE_OUTER_BOUND('',#7500,.F.);
#7503=CARTESIAN_POINT('',(4.73E0,9.7E-1,-7.386630477386E0));
#7504=DIRECTION('',(-1.E0,0.E0,0.E0));
#7505=DIRECTION('',(0.E0,-1.E0,0.E0));
#7506=AXIS2_PLACEMENT_3D('',#7503,#7504,#7505);
#7507=CYLINDRICAL_SURFACE('',#7506,2.E-1);
#7508=ORIENTED_EDGE('',*,*,#7340,.T.);
#7509=ORIENTED_EDGE('',*,*,#7388,.T.);
#7510=ORIENTED_EDGE('',*,*,#7410,.F.);
#7511=ORIENTED_EDGE('',*,*,#7496,.F.);
#7512=EDGE_LOOP('',(#7508,#7509,#7510,#7511));
#7513=FACE_OUTER_BOUND('',#7512,.F.);
#7515=CARTESIAN_POINT('',(4.73E0,-1.37E0,-7.386630477386E0));
#7516=DIRECTION('',(0.E0,-1.E0,0.E0));
#7517=DIRECTION('',(0.E0,0.E0,1.E0));
#7518=AXIS2_PLACEMENT_3D('',#7515,#7516,#7517);
#7519=PLANE('',#7518);
#7520=ORIENTED_EDGE('',*,*,#7361,.T.);
#7521=ORIENTED_EDGE('',*,*,#6773,.F.);
#7522=ORIENTED_EDGE('',*,*,#7420,.F.);
#7524=ORIENTED_EDGE('',*,*,#7523,.F.);
#7525=EDGE_LOOP('',(#7520,#7521,#7522,#7524));
#7526=FACE_OUTER_BOUND('',#7525,.F.);
#7528=CARTESIAN_POINT('',(4.73E0,-9.7E-1,-7.386630477386E0));
#7529=DIRECTION('',(-1.E0,0.E0,0.E0));
#7530=DIRECTION('',(0.E0,-1.E0,0.E0));
#7531=AXIS2_PLACEMENT_3D('',#7528,#7529,#7530);
#7532=CYLINDRICAL_SURFACE('',#7531,4.E-1);
#7533=ORIENTED_EDGE('',*,*,#7363,.T.);
#7534=ORIENTED_EDGE('',*,*,#7523,.T.);
#7535=ORIENTED_EDGE('',*,*,#7433,.F.);
#7537=ORIENTED_EDGE('',*,*,#7536,.F.);
#7538=EDGE_LOOP('',(#7533,#7534,#7535,#7537));
#7539=FACE_OUTER_BOUND('',#7538,.F.);
#7541=CARTESIAN_POINT('',(4.73E0,-3.67E0,-8.694300160448E0));
#7542=DIRECTION('',(-1.E0,0.E0,0.E0));
#7543=DIRECTION('',(0.E0,-1.E0,0.E0));
#7544=AXIS2_PLACEMENT_3D('',#7541,#7542,#7543);
#7545=CYLINDRICAL_SURFACE('',#7544,2.6E0);
#7546=ORIENTED_EDGE('',*,*,#7365,.T.);
#7547=ORIENTED_EDGE('',*,*,#7536,.T.);
#7548=ORIENTED_EDGE('',*,*,#7431,.F.);
#7550=ORIENTED_EDGE('',*,*,#7549,.F.);
#7551=EDGE_LOOP('',(#7546,#7547,#7548,#7550));
#7552=FACE_OUTER_BOUND('',#7551,.F.);
#7554=CARTESIAN_POINT('',(4.73E0,-1.193076923077E0,-1.E1));
#7555=DIRECTION('',(0.E0,-4.663213712685E-1,-8.846153846154E-1));
#7556=DIRECTION('',(0.E0,-8.846153846154E-1,4.663213712685E-1));
#7557=AXIS2_PLACEMENT_3D('',#7554,#7555,#7556);
#7558=PLANE('',#7557);
#7559=ORIENTED_EDGE('',*,*,#7367,.T.);
#7560=ORIENTED_EDGE('',*,*,#7549,.T.);
#7561=ORIENTED_EDGE('',*,*,#7429,.F.);
#7563=ORIENTED_EDGE('',*,*,#7562,.F.);
#7564=EDGE_LOOP('',(#7559,#7560,#7561,#7563));
#7565=FACE_OUTER_BOUND('',#7564,.F.);
#7567=CARTESIAN_POINT('',(4.73E0,-3.67E0,-8.694300160448E0));
#7568=DIRECTION('',(-1.E0,0.E0,0.E0));
#7569=DIRECTION('',(0.E0,-1.E0,0.E0));
#7570=AXIS2_PLACEMENT_3D('',#7567,#7568,#7569);
#7571=CYLINDRICAL_SURFACE('',#7570,2.8E0);
#7572=ORIENTED_EDGE('',*,*,#7369,.T.);
#7573=ORIENTED_EDGE('',*,*,#7562,.T.);
#7574=ORIENTED_EDGE('',*,*,#7427,.F.);
#7576=ORIENTED_EDGE('',*,*,#7575,.F.);
#7577=EDGE_LOOP('',(#7572,#7573,#7574,#7576));
#7578=FACE_OUTER_BOUND('',#7577,.F.);
#7580=CARTESIAN_POINT('',(4.73E0,-9.7E-1,-7.386630477386E0));
#7581=DIRECTION('',(-1.E0,0.E0,0.E0));
#7582=DIRECTION('',(0.E0,-1.E0,0.E0));
#7583=AXIS2_PLACEMENT_3D('',#7580,#7581,#7582);
#7584=CYLINDRICAL_SURFACE('',#7583,2.E-1);
#7585=ORIENTED_EDGE('',*,*,#7371,.T.);
#7586=ORIENTED_EDGE('',*,*,#7575,.T.);
#7587=ORIENTED_EDGE('',*,*,#7425,.F.);
#7589=ORIENTED_EDGE('',*,*,#7588,.F.);
#7590=EDGE_LOOP('',(#7585,#7586,#7587,#7589));
#7591=FACE_OUTER_BOUND('',#7590,.F.);
#7593=CARTESIAN_POINT('',(4.73E0,-1.17E0,-6.7E0));
#7594=DIRECTION('',(0.E0,1.E0,0.E0));
#7595=DIRECTION('',(0.E0,0.E0,-1.E0));
#7596=AXIS2_PLACEMENT_3D('',#7593,#7594,#7595);
#7597=PLANE('',#7596);
#7598=ORIENTED_EDGE('',*,*,#7373,.T.);
#7599=ORIENTED_EDGE('',*,*,#7588,.T.);
#7600=ORIENTED_EDGE('',*,*,#7423,.F.);
#7601=ORIENTED_EDGE('',*,*,#6769,.T.);
#7602=EDGE_LOOP('',(#7598,#7599,#7600,#7601));
#7603=FACE_OUTER_BOUND('',#7602,.F.);
#7605=CARTESIAN_POINT('',(2.19E0,-1.83E0,-6.7E0));
#7606=DIRECTION('',(-1.E0,0.E0,0.E0));
#7607=DIRECTION('',(0.E0,-1.E0,0.E0));
#7608=AXIS2_PLACEMENT_3D('',#7605,#7606,#7607);
#7609=PLANE('',#7608);
#7611=ORIENTED_EDGE('',*,*,#7610,.F.);
#7613=ORIENTED_EDGE('',*,*,#7612,.F.);
#7615=ORIENTED_EDGE('',*,*,#7614,.F.);
#7617=ORIENTED_EDGE('',*,*,#7616,.F.);
#7619=ORIENTED_EDGE('',*,*,#7618,.F.);
#7621=ORIENTED_EDGE('',*,*,#7620,.F.);
#7623=ORIENTED_EDGE('',*,*,#7622,.F.);
#7624=ORIENTED_EDGE('',*,*,#6777,.T.);
#7625=EDGE_LOOP('',(#7611,#7613,#7615,#7617,#7619,#7621,#7623,#7624));
#7626=FACE_OUTER_BOUND('',#7625,.F.);
#7628=CARTESIAN_POINT('',(2.19E0,-1.83E0,-6.7E0));
#7629=DIRECTION('',(-1.E0,0.E0,0.E0));
#7630=DIRECTION('',(0.E0,-1.E0,0.E0));
#7631=AXIS2_PLACEMENT_3D('',#7628,#7629,#7630);
#7632=PLANE('',#7631);
#7634=ORIENTED_EDGE('',*,*,#7633,.F.);
#7636=ORIENTED_EDGE('',*,*,#7635,.F.);
#7638=ORIENTED_EDGE('',*,*,#7637,.F.);
#7640=ORIENTED_EDGE('',*,*,#7639,.F.);
#7642=ORIENTED_EDGE('',*,*,#7641,.F.);
#7644=ORIENTED_EDGE('',*,*,#7643,.F.);
#7646=ORIENTED_EDGE('',*,*,#7645,.F.);
#7647=ORIENTED_EDGE('',*,*,#6787,.T.);
#7648=EDGE_LOOP('',(#7634,#7636,#7638,#7640,#7642,#7644,#7646,#7647));
#7649=FACE_OUTER_BOUND('',#7648,.F.);
#7651=CARTESIAN_POINT('',(2.19E0,1.17E0,-7.386630477386E0));
#7652=DIRECTION('',(0.E0,-1.E0,0.E0));
#7653=DIRECTION('',(0.E0,0.E0,1.E0));
#7654=AXIS2_PLACEMENT_3D('',#7651,#7652,#7653);
#7655=PLANE('',#7654);
#7656=ORIENTED_EDGE('',*,*,#7610,.T.);
#7657=ORIENTED_EDGE('',*,*,#6783,.F.);
#7659=ORIENTED_EDGE('',*,*,#7658,.F.);
#7661=ORIENTED_EDGE('',*,*,#7660,.F.);
#7662=EDGE_LOOP('',(#7656,#7657,#7659,#7661));
#7663=FACE_OUTER_BOUND('',#7662,.F.);
#7665=CARTESIAN_POINT('',(2.89E0,-1.83E0,-6.7E0));
#7666=DIRECTION('',(-1.E0,0.E0,0.E0));
#7667=DIRECTION('',(0.E0,-1.E0,0.E0));
#7668=AXIS2_PLACEMENT_3D('',#7665,#7666,#7667);
#7669=PLANE('',#7668);
#7670=ORIENTED_EDGE('',*,*,#7658,.T.);
#7671=ORIENTED_EDGE('',*,*,#6781,.F.);
#7673=ORIENTED_EDGE('',*,*,#7672,.T.);
#7675=ORIENTED_EDGE('',*,*,#7674,.T.);
#7677=ORIENTED_EDGE('',*,*,#7676,.T.);
#7679=ORIENTED_EDGE('',*,*,#7678,.T.);
#7681=ORIENTED_EDGE('',*,*,#7680,.T.);
#7683=ORIENTED_EDGE('',*,*,#7682,.T.);
#7684=EDGE_LOOP('',(#7670,#7671,#7673,#7675,#7677,#7679,#7681,#7683));
#7685=FACE_OUTER_BOUND('',#7684,.F.);
#7687=CARTESIAN_POINT('',(2.89E0,-1.83E0,-6.7E0));
#7688=DIRECTION('',(-1.E0,0.E0,0.E0));
#7689=DIRECTION('',(0.E0,-1.E0,0.E0));
#7690=AXIS2_PLACEMENT_3D('',#7687,#7688,#7689);
#7691=PLANE('',#7690);
#7693=ORIENTED_EDGE('',*,*,#7692,.T.);
#7694=ORIENTED_EDGE('',*,*,#6791,.F.);
#7696=ORIENTED_EDGE('',*,*,#7695,.T.);
#7698=ORIENTED_EDGE('',*,*,#7697,.T.);
#7700=ORIENTED_EDGE('',*,*,#7699,.T.);
#7702=ORIENTED_EDGE('',*,*,#7701,.T.);
#7704=ORIENTED_EDGE('',*,*,#7703,.T.);
#7706=ORIENTED_EDGE('',*,*,#7705,.T.);
#7707=EDGE_LOOP('',(#7693,#7694,#7696,#7698,#7700,#7702,#7704,#7706));
#7708=FACE_OUTER_BOUND('',#7707,.F.);
#7710=CARTESIAN_POINT('',(2.19E0,1.37E0,-6.7E0));
#7711=DIRECTION('',(0.E0,1.E0,0.E0));
#7712=DIRECTION('',(0.E0,0.E0,-1.E0));
#7713=AXIS2_PLACEMENT_3D('',#7710,#7711,#7712);
#7714=PLANE('',#7713);
#7715=ORIENTED_EDGE('',*,*,#7622,.T.);
#7717=ORIENTED_EDGE('',*,*,#7716,.T.);
#7718=ORIENTED_EDGE('',*,*,#7672,.F.);
#7719=ORIENTED_EDGE('',*,*,#6779,.T.);
#7720=EDGE_LOOP('',(#7715,#7717,#7718,#7719));
#7721=FACE_OUTER_BOUND('',#7720,.F.);
#7723=CARTESIAN_POINT('',(2.19E0,9.7E-1,-7.386630477386E0));
#7724=DIRECTION('',(-1.E0,0.E0,0.E0));
#7725=DIRECTION('',(0.E0,-1.E0,0.E0));
#7726=AXIS2_PLACEMENT_3D('',#7723,#7724,#7725);
#7727=CYLINDRICAL_SURFACE('',#7726,4.E-1);
#7728=ORIENTED_EDGE('',*,*,#7620,.T.);
#7730=ORIENTED_EDGE('',*,*,#7729,.T.);
#7731=ORIENTED_EDGE('',*,*,#7674,.F.);
#7732=ORIENTED_EDGE('',*,*,#7716,.F.);
#7733=EDGE_LOOP('',(#7728,#7730,#7731,#7732));
#7734=FACE_OUTER_BOUND('',#7733,.F.);
#7736=CARTESIAN_POINT('',(2.19E0,3.67E0,-8.694300160448E0));
#7737=DIRECTION('',(-1.E0,0.E0,0.E0));
#7738=DIRECTION('',(0.E0,-1.E0,0.E0));
#7739=AXIS2_PLACEMENT_3D('',#7736,#7737,#7738);
#7740=CYLINDRICAL_SURFACE('',#7739,2.6E0);
#7741=ORIENTED_EDGE('',*,*,#7618,.T.);
#7743=ORIENTED_EDGE('',*,*,#7742,.T.);
#7744=ORIENTED_EDGE('',*,*,#7676,.F.);
#7745=ORIENTED_EDGE('',*,*,#7729,.F.);
#7746=EDGE_LOOP('',(#7741,#7743,#7744,#7745));
#7747=FACE_OUTER_BOUND('',#7746,.F.);
#7749=CARTESIAN_POINT('',(2.19E0,1.37E0,-9.906735725746E0));
#7750=DIRECTION('',(0.E0,4.663213712685E-1,-8.846153846154E-1));
#7751=DIRECTION('',(0.E0,-8.846153846154E-1,-4.663213712685E-1));
#7752=AXIS2_PLACEMENT_3D('',#7749,#7750,#7751);
#7753=PLANE('',#7752);
#7754=ORIENTED_EDGE('',*,*,#7616,.T.);
#7756=ORIENTED_EDGE('',*,*,#7755,.T.);
#7757=ORIENTED_EDGE('',*,*,#7678,.F.);
#7758=ORIENTED_EDGE('',*,*,#7742,.F.);
#7759=EDGE_LOOP('',(#7754,#7756,#7757,#7758));
#7760=FACE_OUTER_BOUND('',#7759,.F.);
#7762=CARTESIAN_POINT('',(2.19E0,3.67E0,-8.694300160448E0));
#7763=DIRECTION('',(-1.E0,0.E0,0.E0));
#7764=DIRECTION('',(0.E0,-1.E0,0.E0));
#7765=AXIS2_PLACEMENT_3D('',#7762,#7763,#7764);
#7766=CYLINDRICAL_SURFACE('',#7765,2.8E0);
#7767=ORIENTED_EDGE('',*,*,#7614,.T.);
#7769=ORIENTED_EDGE('',*,*,#7768,.T.);
#7770=ORIENTED_EDGE('',*,*,#7680,.F.);
#7771=ORIENTED_EDGE('',*,*,#7755,.F.);
#7772=EDGE_LOOP('',(#7767,#7769,#7770,#7771));
#7773=FACE_OUTER_BOUND('',#7772,.F.);
#7775=CARTESIAN_POINT('',(2.19E0,9.7E-1,-7.386630477386E0));
#7776=DIRECTION('',(-1.E0,0.E0,0.E0));
#7777=DIRECTION('',(0.E0,-1.E0,0.E0));
#7778=AXIS2_PLACEMENT_3D('',#7775,#7776,#7777);
#7779=CYLINDRICAL_SURFACE('',#7778,2.E-1);
#7780=ORIENTED_EDGE('',*,*,#7612,.T.);
#7781=ORIENTED_EDGE('',*,*,#7660,.T.);
#7782=ORIENTED_EDGE('',*,*,#7682,.F.);
#7783=ORIENTED_EDGE('',*,*,#7768,.F.);
#7784=EDGE_LOOP('',(#7780,#7781,#7782,#7783));
#7785=FACE_OUTER_BOUND('',#7784,.F.);
#7787=CARTESIAN_POINT('',(2.19E0,-1.37E0,-7.386630477386E0));
#7788=DIRECTION('',(0.E0,-1.E0,0.E0));
#7789=DIRECTION('',(0.E0,0.E0,1.E0));
#7790=AXIS2_PLACEMENT_3D('',#7787,#7788,#7789);
#7791=PLANE('',#7790);
#7792=ORIENTED_EDGE('',*,*,#7633,.T.);
#7793=ORIENTED_EDGE('',*,*,#6793,.F.);
#7794=ORIENTED_EDGE('',*,*,#7692,.F.);
#7796=ORIENTED_EDGE('',*,*,#7795,.F.);
#7797=EDGE_LOOP('',(#7792,#7793,#7794,#7796));
#7798=FACE_OUTER_BOUND('',#7797,.F.);
#7800=CARTESIAN_POINT('',(2.19E0,-9.7E-1,-7.386630477386E0));
#7801=DIRECTION('',(-1.E0,0.E0,0.E0));
#7802=DIRECTION('',(0.E0,-1.E0,0.E0));
#7803=AXIS2_PLACEMENT_3D('',#7800,#7801,#7802);
#7804=CYLINDRICAL_SURFACE('',#7803,4.E-1);
#7805=ORIENTED_EDGE('',*,*,#7635,.T.);
#7806=ORIENTED_EDGE('',*,*,#7795,.T.);
#7807=ORIENTED_EDGE('',*,*,#7705,.F.);
#7809=ORIENTED_EDGE('',*,*,#7808,.F.);
#7810=EDGE_LOOP('',(#7805,#7806,#7807,#7809));
#7811=FACE_OUTER_BOUND('',#7810,.F.);
#7813=CARTESIAN_POINT('',(2.19E0,-3.67E0,-8.694300160448E0));
#7814=DIRECTION('',(-1.E0,0.E0,0.E0));
#7815=DIRECTION('',(0.E0,-1.E0,0.E0));
#7816=AXIS2_PLACEMENT_3D('',#7813,#7814,#7815);
#7817=CYLINDRICAL_SURFACE('',#7816,2.6E0);
#7818=ORIENTED_EDGE('',*,*,#7637,.T.);
#7819=ORIENTED_EDGE('',*,*,#7808,.T.);
#7820=ORIENTED_EDGE('',*,*,#7703,.F.);
#7822=ORIENTED_EDGE('',*,*,#7821,.F.);
#7823=EDGE_LOOP('',(#7818,#7819,#7820,#7822));
#7824=FACE_OUTER_BOUND('',#7823,.F.);
#7826=CARTESIAN_POINT('',(2.19E0,-1.193076923077E0,-1.E1));
#7827=DIRECTION('',(0.E0,-4.663213712685E-1,-8.846153846154E-1));
#7828=DIRECTION('',(0.E0,-8.846153846154E-1,4.663213712685E-1));
#7829=AXIS2_PLACEMENT_3D('',#7826,#7827,#7828);
#7830=PLANE('',#7829);
#7831=ORIENTED_EDGE('',*,*,#7639,.T.);
#7832=ORIENTED_EDGE('',*,*,#7821,.T.);
#7833=ORIENTED_EDGE('',*,*,#7701,.F.);
#7835=ORIENTED_EDGE('',*,*,#7834,.F.);
#7836=EDGE_LOOP('',(#7831,#7832,#7833,#7835));
#7837=FACE_OUTER_BOUND('',#7836,.F.);
#7839=CARTESIAN_POINT('',(2.19E0,-3.67E0,-8.694300160448E0));
#7840=DIRECTION('',(-1.E0,0.E0,0.E0));
#7841=DIRECTION('',(0.E0,-1.E0,0.E0));
#7842=AXIS2_PLACEMENT_3D('',#7839,#7840,#7841);
#7843=CYLINDRICAL_SURFACE('',#7842,2.8E0);
#7844=ORIENTED_EDGE('',*,*,#7641,.T.);
#7845=ORIENTED_EDGE('',*,*,#7834,.T.);
#7846=ORIENTED_EDGE('',*,*,#7699,.F.);
#7848=ORIENTED_EDGE('',*,*,#7847,.F.);
#7849=EDGE_LOOP('',(#7844,#7845,#7846,#7848));
#7850=FACE_OUTER_BOUND('',#7849,.F.);
#7852=CARTESIAN_POINT('',(2.19E0,-9.7E-1,-7.386630477386E0));
#7853=DIRECTION('',(-1.E0,0.E0,0.E0));
#7854=DIRECTION('',(0.E0,-1.E0,0.E0));
#7855=AXIS2_PLACEMENT_3D('',#7852,#7853,#7854);
#7856=CYLINDRICAL_SURFACE('',#7855,2.E-1);
#7857=ORIENTED_EDGE('',*,*,#7643,.T.);
#7858=ORIENTED_EDGE('',*,*,#7847,.T.);
#7859=ORIENTED_EDGE('',*,*,#7697,.F.);
#7861=ORIENTED_EDGE('',*,*,#7860,.F.);
#7862=EDGE_LOOP('',(#7857,#7858,#7859,#7861));
#7863=FACE_OUTER_BOUND('',#7862,.F.);
#7865=CARTESIAN_POINT('',(2.19E0,-1.17E0,-6.7E0));
#7866=DIRECTION('',(0.E0,1.E0,0.E0));
#7867=DIRECTION('',(0.E0,0.E0,-1.E0));
#7868=AXIS2_PLACEMENT_3D('',#7865,#7866,#7867);
#7869=PLANE('',#7868);
#7870=ORIENTED_EDGE('',*,*,#7645,.T.);
#7871=ORIENTED_EDGE('',*,*,#7860,.T.);
#7872=ORIENTED_EDGE('',*,*,#7695,.F.);
#7873=ORIENTED_EDGE('',*,*,#6789,.T.);
#7874=EDGE_LOOP('',(#7870,#7871,#7872,#7873));
#7875=FACE_OUTER_BOUND('',#7874,.F.);
#7877=CARTESIAN_POINT('',(-3.5E-1,-1.83E0,-6.7E0));
#7878=DIRECTION('',(-1.E0,0.E0,0.E0));
#7879=DIRECTION('',(0.E0,-1.E0,0.E0));
#7880=AXIS2_PLACEMENT_3D('',#7877,#7878,#7879);
#7881=PLANE('',#7880);
#7883=ORIENTED_EDGE('',*,*,#7882,.F.);
#7885=ORIENTED_EDGE('',*,*,#7884,.F.);
#7887=ORIENTED_EDGE('',*,*,#7886,.F.);
#7889=ORIENTED_EDGE('',*,*,#7888,.F.);
#7891=ORIENTED_EDGE('',*,*,#7890,.F.);
#7893=ORIENTED_EDGE('',*,*,#7892,.F.);
#7895=ORIENTED_EDGE('',*,*,#7894,.F.);
#7896=ORIENTED_EDGE('',*,*,#6797,.T.);
#7897=EDGE_LOOP('',(#7883,#7885,#7887,#7889,#7891,#7893,#7895,#7896));
#7898=FACE_OUTER_BOUND('',#7897,.F.);
#7900=CARTESIAN_POINT('',(-3.5E-1,-1.83E0,-6.7E0));
#7901=DIRECTION('',(-1.E0,0.E0,0.E0));
#7902=DIRECTION('',(0.E0,-1.E0,0.E0));
#7903=AXIS2_PLACEMENT_3D('',#7900,#7901,#7902);
#7904=PLANE('',#7903);
#7906=ORIENTED_EDGE('',*,*,#7905,.F.);
#7908=ORIENTED_EDGE('',*,*,#7907,.F.);
#7910=ORIENTED_EDGE('',*,*,#7909,.F.);
#7912=ORIENTED_EDGE('',*,*,#7911,.F.);
#7914=ORIENTED_EDGE('',*,*,#7913,.F.);
#7916=ORIENTED_EDGE('',*,*,#7915,.F.);
#7918=ORIENTED_EDGE('',*,*,#7917,.F.);
#7919=ORIENTED_EDGE('',*,*,#6807,.T.);
#7920=EDGE_LOOP('',(#7906,#7908,#7910,#7912,#7914,#7916,#7918,#7919));
#7921=FACE_OUTER_BOUND('',#7920,.F.);
#7923=CARTESIAN_POINT('',(-3.5E-1,1.17E0,-7.386630477386E0));
#7924=DIRECTION('',(0.E0,-1.E0,0.E0));
#7925=DIRECTION('',(0.E0,0.E0,1.E0));
#7926=AXIS2_PLACEMENT_3D('',#7923,#7924,#7925);
#7927=PLANE('',#7926);
#7928=ORIENTED_EDGE('',*,*,#7882,.T.);
#7929=ORIENTED_EDGE('',*,*,#6803,.F.);
#7931=ORIENTED_EDGE('',*,*,#7930,.F.);
#7933=ORIENTED_EDGE('',*,*,#7932,.F.);
#7934=EDGE_LOOP('',(#7928,#7929,#7931,#7933));
#7935=FACE_OUTER_BOUND('',#7934,.F.);
#7937=CARTESIAN_POINT('',(3.5E-1,-1.83E0,-6.7E0));
#7938=DIRECTION('',(-1.E0,0.E0,0.E0));
#7939=DIRECTION('',(0.E0,-1.E0,0.E0));
#7940=AXIS2_PLACEMENT_3D('',#7937,#7938,#7939);
#7941=PLANE('',#7940);
#7942=ORIENTED_EDGE('',*,*,#7930,.T.);
#7943=ORIENTED_EDGE('',*,*,#6801,.F.);
#7945=ORIENTED_EDGE('',*,*,#7944,.T.);
#7947=ORIENTED_EDGE('',*,*,#7946,.T.);
#7949=ORIENTED_EDGE('',*,*,#7948,.T.);
#7951=ORIENTED_EDGE('',*,*,#7950,.T.);
#7953=ORIENTED_EDGE('',*,*,#7952,.T.);
#7955=ORIENTED_EDGE('',*,*,#7954,.T.);
#7956=EDGE_LOOP('',(#7942,#7943,#7945,#7947,#7949,#7951,#7953,#7955));
#7957=FACE_OUTER_BOUND('',#7956,.F.);
#7959=CARTESIAN_POINT('',(3.5E-1,-1.83E0,-6.7E0));
#7960=DIRECTION('',(-1.E0,0.E0,0.E0));
#7961=DIRECTION('',(0.E0,-1.E0,0.E0));
#7962=AXIS2_PLACEMENT_3D('',#7959,#7960,#7961);
#7963=PLANE('',#7962);
#7965=ORIENTED_EDGE('',*,*,#7964,.T.);
#7966=ORIENTED_EDGE('',*,*,#6811,.F.);
#7968=ORIENTED_EDGE('',*,*,#7967,.T.);
#7970=ORIENTED_EDGE('',*,*,#7969,.T.);
#7972=ORIENTED_EDGE('',*,*,#7971,.T.);
#7974=ORIENTED_EDGE('',*,*,#7973,.T.);
#7976=ORIENTED_EDGE('',*,*,#7975,.T.);
#7978=ORIENTED_EDGE('',*,*,#7977,.T.);
#7979=EDGE_LOOP('',(#7965,#7966,#7968,#7970,#7972,#7974,#7976,#7978));
#7980=FACE_OUTER_BOUND('',#7979,.F.);
#7982=CARTESIAN_POINT('',(-3.5E-1,1.37E0,-6.7E0));
#7983=DIRECTION('',(0.E0,1.E0,0.E0));
#7984=DIRECTION('',(0.E0,0.E0,-1.E0));
#7985=AXIS2_PLACEMENT_3D('',#7982,#7983,#7984);
#7986=PLANE('',#7985);
#7987=ORIENTED_EDGE('',*,*,#7894,.T.);
#7989=ORIENTED_EDGE('',*,*,#7988,.T.);
#7990=ORIENTED_EDGE('',*,*,#7944,.F.);
#7991=ORIENTED_EDGE('',*,*,#6799,.T.);
#7992=EDGE_LOOP('',(#7987,#7989,#7990,#7991));
#7993=FACE_OUTER_BOUND('',#7992,.F.);
#7995=CARTESIAN_POINT('',(-3.5E-1,9.7E-1,-7.386630477386E0));
#7996=DIRECTION('',(-1.E0,0.E0,0.E0));
#7997=DIRECTION('',(0.E0,-1.E0,0.E0));
#7998=AXIS2_PLACEMENT_3D('',#7995,#7996,#7997);
#7999=CYLINDRICAL_SURFACE('',#7998,4.E-1);
#8000=ORIENTED_EDGE('',*,*,#7892,.T.);
#8002=ORIENTED_EDGE('',*,*,#8001,.T.);
#8003=ORIENTED_EDGE('',*,*,#7946,.F.);
#8004=ORIENTED_EDGE('',*,*,#7988,.F.);
#8005=EDGE_LOOP('',(#8000,#8002,#8003,#8004));
#8006=FACE_OUTER_BOUND('',#8005,.F.);
#8008=CARTESIAN_POINT('',(-3.5E-1,3.67E0,-8.694300160448E0));
#8009=DIRECTION('',(-1.E0,0.E0,0.E0));
#8010=DIRECTION('',(0.E0,-1.E0,0.E0));
#8011=AXIS2_PLACEMENT_3D('',#8008,#8009,#8010);
#8012=CYLINDRICAL_SURFACE('',#8011,2.6E0);
#8013=ORIENTED_EDGE('',*,*,#7890,.T.);
#8015=ORIENTED_EDGE('',*,*,#8014,.T.);
#8016=ORIENTED_EDGE('',*,*,#7948,.F.);
#8017=ORIENTED_EDGE('',*,*,#8001,.F.);
#8018=EDGE_LOOP('',(#8013,#8015,#8016,#8017));
#8019=FACE_OUTER_BOUND('',#8018,.F.);
#8021=CARTESIAN_POINT('',(-3.5E-1,1.37E0,-9.906735725746E0));
#8022=DIRECTION('',(0.E0,4.663213712685E-1,-8.846153846154E-1));
#8023=DIRECTION('',(0.E0,-8.846153846154E-1,-4.663213712685E-1));
#8024=AXIS2_PLACEMENT_3D('',#8021,#8022,#8023);
#8025=PLANE('',#8024);
#8026=ORIENTED_EDGE('',*,*,#7888,.T.);
#8028=ORIENTED_EDGE('',*,*,#8027,.T.);
#8029=ORIENTED_EDGE('',*,*,#7950,.F.);
#8030=ORIENTED_EDGE('',*,*,#8014,.F.);
#8031=EDGE_LOOP('',(#8026,#8028,#8029,#8030));
#8032=FACE_OUTER_BOUND('',#8031,.F.);
#8034=CARTESIAN_POINT('',(-3.5E-1,3.67E0,-8.694300160448E0));
#8035=DIRECTION('',(-1.E0,0.E0,0.E0));
#8036=DIRECTION('',(0.E0,-1.E0,0.E0));
#8037=AXIS2_PLACEMENT_3D('',#8034,#8035,#8036);
#8038=CYLINDRICAL_SURFACE('',#8037,2.8E0);
#8039=ORIENTED_EDGE('',*,*,#7886,.T.);
#8041=ORIENTED_EDGE('',*,*,#8040,.T.);
#8042=ORIENTED_EDGE('',*,*,#7952,.F.);
#8043=ORIENTED_EDGE('',*,*,#8027,.F.);
#8044=EDGE_LOOP('',(#8039,#8041,#8042,#8043));
#8045=FACE_OUTER_BOUND('',#8044,.F.);
#8047=CARTESIAN_POINT('',(-3.5E-1,9.7E-1,-7.386630477386E0));
#8048=DIRECTION('',(-1.E0,0.E0,0.E0));
#8049=DIRECTION('',(0.E0,-1.E0,0.E0));
#8050=AXIS2_PLACEMENT_3D('',#8047,#8048,#8049);
#8051=CYLINDRICAL_SURFACE('',#8050,2.E-1);
#8052=ORIENTED_EDGE('',*,*,#7884,.T.);
#8053=ORIENTED_EDGE('',*,*,#7932,.T.);
#8054=ORIENTED_EDGE('',*,*,#7954,.F.);
#8055=ORIENTED_EDGE('',*,*,#8040,.F.);
#8056=EDGE_LOOP('',(#8052,#8053,#8054,#8055));
#8057=FACE_OUTER_BOUND('',#8056,.F.);
#8059=CARTESIAN_POINT('',(-3.5E-1,-1.37E0,-7.386630477386E0));
#8060=DIRECTION('',(0.E0,-1.E0,0.E0));
#8061=DIRECTION('',(0.E0,0.E0,1.E0));
#8062=AXIS2_PLACEMENT_3D('',#8059,#8060,#8061);
#8063=PLANE('',#8062);
#8064=ORIENTED_EDGE('',*,*,#7905,.T.);
#8065=ORIENTED_EDGE('',*,*,#6813,.F.);
#8066=ORIENTED_EDGE('',*,*,#7964,.F.);
#8068=ORIENTED_EDGE('',*,*,#8067,.F.);
#8069=EDGE_LOOP('',(#8064,#8065,#8066,#8068));
#8070=FACE_OUTER_BOUND('',#8069,.F.);
#8072=CARTESIAN_POINT('',(-3.5E-1,-9.7E-1,-7.386630477386E0));
#8073=DIRECTION('',(-1.E0,0.E0,0.E0));
#8074=DIRECTION('',(0.E0,-1.E0,0.E0));
#8075=AXIS2_PLACEMENT_3D('',#8072,#8073,#8074);
#8076=CYLINDRICAL_SURFACE('',#8075,4.E-1);
#8077=ORIENTED_EDGE('',*,*,#7907,.T.);
#8078=ORIENTED_EDGE('',*,*,#8067,.T.);
#8079=ORIENTED_EDGE('',*,*,#7977,.F.);
#8081=ORIENTED_EDGE('',*,*,#8080,.F.);
#8082=EDGE_LOOP('',(#8077,#8078,#8079,#8081));
#8083=FACE_OUTER_BOUND('',#8082,.F.);
#8085=CARTESIAN_POINT('',(-3.5E-1,-3.67E0,-8.694300160448E0));
#8086=DIRECTION('',(-1.E0,0.E0,0.E0));
#8087=DIRECTION('',(0.E0,-1.E0,0.E0));
#8088=AXIS2_PLACEMENT_3D('',#8085,#8086,#8087);
#8089=CYLINDRICAL_SURFACE('',#8088,2.6E0);
#8090=ORIENTED_EDGE('',*,*,#7909,.T.);
#8091=ORIENTED_EDGE('',*,*,#8080,.T.);
#8092=ORIENTED_EDGE('',*,*,#7975,.F.);
#8094=ORIENTED_EDGE('',*,*,#8093,.F.);
#8095=EDGE_LOOP('',(#8090,#8091,#8092,#8094));
#8096=FACE_OUTER_BOUND('',#8095,.F.);
#8098=CARTESIAN_POINT('',(-3.5E-1,-1.193076923077E0,-1.E1));
#8099=DIRECTION('',(0.E0,-4.663213712685E-1,-8.846153846154E-1));
#8100=DIRECTION('',(0.E0,-8.846153846154E-1,4.663213712685E-1));
#8101=AXIS2_PLACEMENT_3D('',#8098,#8099,#8100);
#8102=PLANE('',#8101);
#8103=ORIENTED_EDGE('',*,*,#7911,.T.);
#8104=ORIENTED_EDGE('',*,*,#8093,.T.);
#8105=ORIENTED_EDGE('',*,*,#7973,.F.);
#8107=ORIENTED_EDGE('',*,*,#8106,.F.);
#8108=EDGE_LOOP('',(#8103,#8104,#8105,#8107));
#8109=FACE_OUTER_BOUND('',#8108,.F.);
#8111=CARTESIAN_POINT('',(-3.5E-1,-3.67E0,-8.694300160448E0));
#8112=DIRECTION('',(-1.E0,0.E0,0.E0));
#8113=DIRECTION('',(0.E0,-1.E0,0.E0));
#8114=AXIS2_PLACEMENT_3D('',#8111,#8112,#8113);
#8115=CYLINDRICAL_SURFACE('',#8114,2.8E0);
#8116=ORIENTED_EDGE('',*,*,#7913,.T.);
#8117=ORIENTED_EDGE('',*,*,#8106,.T.);
#8118=ORIENTED_EDGE('',*,*,#7971,.F.);
#8120=ORIENTED_EDGE('',*,*,#8119,.F.);
#8121=EDGE_LOOP('',(#8116,#8117,#8118,#8120));
#8122=FACE_OUTER_BOUND('',#8121,.F.);
#8124=CARTESIAN_POINT('',(-3.5E-1,-9.7E-1,-7.386630477386E0));
#8125=DIRECTION('',(-1.E0,0.E0,0.E0));
#8126=DIRECTION('',(0.E0,-1.E0,0.E0));
#8127=AXIS2_PLACEMENT_3D('',#8124,#8125,#8126);
#8128=CYLINDRICAL_SURFACE('',#8127,2.E-1);
#8129=ORIENTED_EDGE('',*,*,#7915,.T.);
#8130=ORIENTED_EDGE('',*,*,#8119,.T.);
#8131=ORIENTED_EDGE('',*,*,#7969,.F.);
#8133=ORIENTED_EDGE('',*,*,#8132,.F.);
#8134=EDGE_LOOP('',(#8129,#8130,#8131,#8133));
#8135=FACE_OUTER_BOUND('',#8134,.F.);
#8137=CARTESIAN_POINT('',(-3.5E-1,-1.17E0,-6.7E0));
#8138=DIRECTION('',(0.E0,1.E0,0.E0));
#8139=DIRECTION('',(0.E0,0.E0,-1.E0));
#8140=AXIS2_PLACEMENT_3D('',#8137,#8138,#8139);
#8141=PLANE('',#8140);
#8142=ORIENTED_EDGE('',*,*,#7917,.T.);
#8143=ORIENTED_EDGE('',*,*,#8132,.T.);
#8144=ORIENTED_EDGE('',*,*,#7967,.F.);
#8145=ORIENTED_EDGE('',*,*,#6809,.T.);
#8146=EDGE_LOOP('',(#8142,#8143,#8144,#8145));
#8147=FACE_OUTER_BOUND('',#8146,.F.);
#8149=CARTESIAN_POINT('',(-2.89E0,-1.83E0,-6.7E0));
#8150=DIRECTION('',(-1.E0,0.E0,0.E0));
#8151=DIRECTION('',(0.E0,-1.E0,0.E0));
#8152=AXIS2_PLACEMENT_3D('',#8149,#8150,#8151);
#8153=PLANE('',#8152);
#8155=ORIENTED_EDGE('',*,*,#8154,.F.);
#8157=ORIENTED_EDGE('',*,*,#8156,.F.);
#8159=ORIENTED_EDGE('',*,*,#8158,.F.);
#8161=ORIENTED_EDGE('',*,*,#8160,.F.);
#8163=ORIENTED_EDGE('',*,*,#8162,.F.);
#8165=ORIENTED_EDGE('',*,*,#8164,.F.);
#8167=ORIENTED_EDGE('',*,*,#8166,.F.);
#8168=ORIENTED_EDGE('',*,*,#6817,.T.);
#8169=EDGE_LOOP('',(#8155,#8157,#8159,#8161,#8163,#8165,#8167,#8168));
#8170=FACE_OUTER_BOUND('',#8169,.F.);
#8172=CARTESIAN_POINT('',(-2.89E0,-1.83E0,-6.7E0));
#8173=DIRECTION('',(-1.E0,0.E0,0.E0));
#8174=DIRECTION('',(0.E0,-1.E0,0.E0));
#8175=AXIS2_PLACEMENT_3D('',#8172,#8173,#8174);
#8176=PLANE('',#8175);
#8178=ORIENTED_EDGE('',*,*,#8177,.F.);
#8180=ORIENTED_EDGE('',*,*,#8179,.F.);
#8182=ORIENTED_EDGE('',*,*,#8181,.F.);
#8184=ORIENTED_EDGE('',*,*,#8183,.F.);
#8186=ORIENTED_EDGE('',*,*,#8185,.F.);
#8188=ORIENTED_EDGE('',*,*,#8187,.F.);
#8190=ORIENTED_EDGE('',*,*,#8189,.F.);
#8191=ORIENTED_EDGE('',*,*,#6827,.T.);
#8192=EDGE_LOOP('',(#8178,#8180,#8182,#8184,#8186,#8188,#8190,#8191));
#8193=FACE_OUTER_BOUND('',#8192,.F.);
#8195=CARTESIAN_POINT('',(-2.89E0,1.17E0,-7.386630477386E0));
#8196=DIRECTION('',(0.E0,-1.E0,0.E0));
#8197=DIRECTION('',(0.E0,0.E0,1.E0));
#8198=AXIS2_PLACEMENT_3D('',#8195,#8196,#8197);
#8199=PLANE('',#8198);
#8200=ORIENTED_EDGE('',*,*,#8154,.T.);
#8201=ORIENTED_EDGE('',*,*,#6823,.F.);
#8203=ORIENTED_EDGE('',*,*,#8202,.F.);
#8205=ORIENTED_EDGE('',*,*,#8204,.F.);
#8206=EDGE_LOOP('',(#8200,#8201,#8203,#8205));
#8207=FACE_OUTER_BOUND('',#8206,.F.);
#8209=CARTESIAN_POINT('',(-2.19E0,-1.83E0,-6.7E0));
#8210=DIRECTION('',(-1.E0,0.E0,0.E0));
#8211=DIRECTION('',(0.E0,-1.E0,0.E0));
#8212=AXIS2_PLACEMENT_3D('',#8209,#8210,#8211);
#8213=PLANE('',#8212);
#8214=ORIENTED_EDGE('',*,*,#8202,.T.);
#8215=ORIENTED_EDGE('',*,*,#6821,.F.);
#8217=ORIENTED_EDGE('',*,*,#8216,.T.);
#8219=ORIENTED_EDGE('',*,*,#8218,.T.);
#8221=ORIENTED_EDGE('',*,*,#8220,.T.);
#8223=ORIENTED_EDGE('',*,*,#8222,.T.);
#8225=ORIENTED_EDGE('',*,*,#8224,.T.);
#8227=ORIENTED_EDGE('',*,*,#8226,.T.);
#8228=EDGE_LOOP('',(#8214,#8215,#8217,#8219,#8221,#8223,#8225,#8227));
#8229=FACE_OUTER_BOUND('',#8228,.F.);
#8231=CARTESIAN_POINT('',(-2.19E0,-1.83E0,-6.7E0));
#8232=DIRECTION('',(-1.E0,0.E0,0.E0));
#8233=DIRECTION('',(0.E0,-1.E0,0.E0));
#8234=AXIS2_PLACEMENT_3D('',#8231,#8232,#8233);
#8235=PLANE('',#8234);
#8237=ORIENTED_EDGE('',*,*,#8236,.T.);
#8238=ORIENTED_EDGE('',*,*,#6831,.F.);
#8240=ORIENTED_EDGE('',*,*,#8239,.T.);
#8242=ORIENTED_EDGE('',*,*,#8241,.T.);
#8244=ORIENTED_EDGE('',*,*,#8243,.T.);
#8246=ORIENTED_EDGE('',*,*,#8245,.T.);
#8248=ORIENTED_EDGE('',*,*,#8247,.T.);
#8250=ORIENTED_EDGE('',*,*,#8249,.T.);
#8251=EDGE_LOOP('',(#8237,#8238,#8240,#8242,#8244,#8246,#8248,#8250));
#8252=FACE_OUTER_BOUND('',#8251,.F.);
#8254=CARTESIAN_POINT('',(-2.89E0,1.37E0,-6.7E0));
#8255=DIRECTION('',(0.E0,1.E0,0.E0));
#8256=DIRECTION('',(0.E0,0.E0,-1.E0));
#8257=AXIS2_PLACEMENT_3D('',#8254,#8255,#8256);
#8258=PLANE('',#8257);
#8259=ORIENTED_EDGE('',*,*,#8166,.T.);
#8261=ORIENTED_EDGE('',*,*,#8260,.T.);
#8262=ORIENTED_EDGE('',*,*,#8216,.F.);
#8263=ORIENTED_EDGE('',*,*,#6819,.T.);
#8264=EDGE_LOOP('',(#8259,#8261,#8262,#8263));
#8265=FACE_OUTER_BOUND('',#8264,.F.);
#8267=CARTESIAN_POINT('',(-2.89E0,9.7E-1,-7.386630477386E0));
#8268=DIRECTION('',(-1.E0,0.E0,0.E0));
#8269=DIRECTION('',(0.E0,-1.E0,0.E0));
#8270=AXIS2_PLACEMENT_3D('',#8267,#8268,#8269);
#8271=CYLINDRICAL_SURFACE('',#8270,4.E-1);
#8272=ORIENTED_EDGE('',*,*,#8164,.T.);
#8274=ORIENTED_EDGE('',*,*,#8273,.T.);
#8275=ORIENTED_EDGE('',*,*,#8218,.F.);
#8276=ORIENTED_EDGE('',*,*,#8260,.F.);
#8277=EDGE_LOOP('',(#8272,#8274,#8275,#8276));
#8278=FACE_OUTER_BOUND('',#8277,.F.);
#8280=CARTESIAN_POINT('',(-2.89E0,3.67E0,-8.694300160448E0));
#8281=DIRECTION('',(-1.E0,0.E0,0.E0));
#8282=DIRECTION('',(0.E0,-1.E0,0.E0));
#8283=AXIS2_PLACEMENT_3D('',#8280,#8281,#8282);
#8284=CYLINDRICAL_SURFACE('',#8283,2.6E0);
#8285=ORIENTED_EDGE('',*,*,#8162,.T.);
#8287=ORIENTED_EDGE('',*,*,#8286,.T.);
#8288=ORIENTED_EDGE('',*,*,#8220,.F.);
#8289=ORIENTED_EDGE('',*,*,#8273,.F.);
#8290=EDGE_LOOP('',(#8285,#8287,#8288,#8289));
#8291=FACE_OUTER_BOUND('',#8290,.F.);
#8293=CARTESIAN_POINT('',(-2.89E0,1.37E0,-9.906735725746E0));
#8294=DIRECTION('',(0.E0,4.663213712685E-1,-8.846153846154E-1));
#8295=DIRECTION('',(0.E0,-8.846153846154E-1,-4.663213712685E-1));
#8296=AXIS2_PLACEMENT_3D('',#8293,#8294,#8295);
#8297=PLANE('',#8296);
#8298=ORIENTED_EDGE('',*,*,#8160,.T.);
#8300=ORIENTED_EDGE('',*,*,#8299,.T.);
#8301=ORIENTED_EDGE('',*,*,#8222,.F.);
#8302=ORIENTED_EDGE('',*,*,#8286,.F.);
#8303=EDGE_LOOP('',(#8298,#8300,#8301,#8302));
#8304=FACE_OUTER_BOUND('',#8303,.F.);
#8306=CARTESIAN_POINT('',(-2.89E0,3.67E0,-8.694300160448E0));
#8307=DIRECTION('',(-1.E0,0.E0,0.E0));
#8308=DIRECTION('',(0.E0,-1.E0,0.E0));
#8309=AXIS2_PLACEMENT_3D('',#8306,#8307,#8308);
#8310=CYLINDRICAL_SURFACE('',#8309,2.8E0);
#8311=ORIENTED_EDGE('',*,*,#8158,.T.);
#8313=ORIENTED_EDGE('',*,*,#8312,.T.);
#8314=ORIENTED_EDGE('',*,*,#8224,.F.);
#8315=ORIENTED_EDGE('',*,*,#8299,.F.);
#8316=EDGE_LOOP('',(#8311,#8313,#8314,#8315));
#8317=FACE_OUTER_BOUND('',#8316,.F.);
#8319=CARTESIAN_POINT('',(-2.89E0,9.7E-1,-7.386630477386E0));
#8320=DIRECTION('',(-1.E0,0.E0,0.E0));
#8321=DIRECTION('',(0.E0,-1.E0,0.E0));
#8322=AXIS2_PLACEMENT_3D('',#8319,#8320,#8321);
#8323=CYLINDRICAL_SURFACE('',#8322,2.E-1);
#8324=ORIENTED_EDGE('',*,*,#8156,.T.);
#8325=ORIENTED_EDGE('',*,*,#8204,.T.);
#8326=ORIENTED_EDGE('',*,*,#8226,.F.);
#8327=ORIENTED_EDGE('',*,*,#8312,.F.);
#8328=EDGE_LOOP('',(#8324,#8325,#8326,#8327));
#8329=FACE_OUTER_BOUND('',#8328,.F.);
#8331=CARTESIAN_POINT('',(-2.89E0,-1.37E0,-7.386630477386E0));
#8332=DIRECTION('',(0.E0,-1.E0,0.E0));
#8333=DIRECTION('',(0.E0,0.E0,1.E0));
#8334=AXIS2_PLACEMENT_3D('',#8331,#8332,#8333);
#8335=PLANE('',#8334);
#8336=ORIENTED_EDGE('',*,*,#8177,.T.);
#8337=ORIENTED_EDGE('',*,*,#6833,.F.);
#8338=ORIENTED_EDGE('',*,*,#8236,.F.);
#8340=ORIENTED_EDGE('',*,*,#8339,.F.);
#8341=EDGE_LOOP('',(#8336,#8337,#8338,#8340));
#8342=FACE_OUTER_BOUND('',#8341,.F.);
#8344=CARTESIAN_POINT('',(-2.89E0,-9.7E-1,-7.386630477386E0));
#8345=DIRECTION('',(-1.E0,0.E0,0.E0));
#8346=DIRECTION('',(0.E0,-1.E0,0.E0));
#8347=AXIS2_PLACEMENT_3D('',#8344,#8345,#8346);
#8348=CYLINDRICAL_SURFACE('',#8347,4.E-1);
#8349=ORIENTED_EDGE('',*,*,#8179,.T.);
#8350=ORIENTED_EDGE('',*,*,#8339,.T.);
#8351=ORIENTED_EDGE('',*,*,#8249,.F.);
#8353=ORIENTED_EDGE('',*,*,#8352,.F.);
#8354=EDGE_LOOP('',(#8349,#8350,#8351,#8353));
#8355=FACE_OUTER_BOUND('',#8354,.F.);
#8357=CARTESIAN_POINT('',(-2.89E0,-3.67E0,-8.694300160448E0));
#8358=DIRECTION('',(-1.E0,0.E0,0.E0));
#8359=DIRECTION('',(0.E0,-1.E0,0.E0));
#8360=AXIS2_PLACEMENT_3D('',#8357,#8358,#8359);
#8361=CYLINDRICAL_SURFACE('',#8360,2.6E0);
#8362=ORIENTED_EDGE('',*,*,#8181,.T.);
#8363=ORIENTED_EDGE('',*,*,#8352,.T.);
#8364=ORIENTED_EDGE('',*,*,#8247,.F.);
#8366=ORIENTED_EDGE('',*,*,#8365,.F.);
#8367=EDGE_LOOP('',(#8362,#8363,#8364,#8366));
#8368=FACE_OUTER_BOUND('',#8367,.F.);
#8370=CARTESIAN_POINT('',(-2.89E0,-1.193076923077E0,-1.E1));
#8371=DIRECTION('',(0.E0,-4.663213712685E-1,-8.846153846154E-1));
#8372=DIRECTION('',(0.E0,-8.846153846154E-1,4.663213712685E-1));
#8373=AXIS2_PLACEMENT_3D('',#8370,#8371,#8372);
#8374=PLANE('',#8373);
#8375=ORIENTED_EDGE('',*,*,#8183,.T.);
#8376=ORIENTED_EDGE('',*,*,#8365,.T.);
#8377=ORIENTED_EDGE('',*,*,#8245,.F.);
#8379=ORIENTED_EDGE('',*,*,#8378,.F.);
#8380=EDGE_LOOP('',(#8375,#8376,#8377,#8379));
#8381=FACE_OUTER_BOUND('',#8380,.F.);
#8383=CARTESIAN_POINT('',(-2.89E0,-3.67E0,-8.694300160448E0));
#8384=DIRECTION('',(-1.E0,0.E0,0.E0));
#8385=DIRECTION('',(0.E0,-1.E0,0.E0));
#8386=AXIS2_PLACEMENT_3D('',#8383,#8384,#8385);
#8387=CYLINDRICAL_SURFACE('',#8386,2.8E0);
#8388=ORIENTED_EDGE('',*,*,#8185,.T.);
#8389=ORIENTED_EDGE('',*,*,#8378,.T.);
#8390=ORIENTED_EDGE('',*,*,#8243,.F.);
#8392=ORIENTED_EDGE('',*,*,#8391,.F.);
#8393=EDGE_LOOP('',(#8388,#8389,#8390,#8392));
#8394=FACE_OUTER_BOUND('',#8393,.F.);
#8396=CARTESIAN_POINT('',(-2.89E0,-9.7E-1,-7.386630477386E0));
#8397=DIRECTION('',(-1.E0,0.E0,0.E0));
#8398=DIRECTION('',(0.E0,-1.E0,0.E0));
#8399=AXIS2_PLACEMENT_3D('',#8396,#8397,#8398);
#8400=CYLINDRICAL_SURFACE('',#8399,2.E-1);
#8401=ORIENTED_EDGE('',*,*,#8187,.T.);
#8402=ORIENTED_EDGE('',*,*,#8391,.T.);
#8403=ORIENTED_EDGE('',*,*,#8241,.F.);
#8405=ORIENTED_EDGE('',*,*,#8404,.F.);
#8406=EDGE_LOOP('',(#8401,#8402,#8403,#8405));
#8407=FACE_OUTER_BOUND('',#8406,.F.);
#8409=CARTESIAN_POINT('',(-2.89E0,-1.17E0,-6.7E0));
#8410=DIRECTION('',(0.E0,1.E0,0.E0));
#8411=DIRECTION('',(0.E0,0.E0,-1.E0));
#8412=AXIS2_PLACEMENT_3D('',#8409,#8410,#8411);
#8413=PLANE('',#8412);
#8414=ORIENTED_EDGE('',*,*,#8189,.T.);
#8415=ORIENTED_EDGE('',*,*,#8404,.T.);
#8416=ORIENTED_EDGE('',*,*,#8239,.F.);
#8417=ORIENTED_EDGE('',*,*,#6829,.T.);
#8418=EDGE_LOOP('',(#8414,#8415,#8416,#8417));
#8419=FACE_OUTER_BOUND('',#8418,.F.);
#8421=CARTESIAN_POINT('',(-5.43E0,-1.83E0,-6.7E0));
#8422=DIRECTION('',(-1.E0,0.E0,0.E0));
#8423=DIRECTION('',(0.E0,-1.E0,0.E0));
#8424=AXIS2_PLACEMENT_3D('',#8421,#8422,#8423);
#8425=PLANE('',#8424);
#8427=ORIENTED_EDGE('',*,*,#8426,.F.);
#8429=ORIENTED_EDGE('',*,*,#8428,.F.);
#8431=ORIENTED_EDGE('',*,*,#8430,.F.);
#8433=ORIENTED_EDGE('',*,*,#8432,.F.);
#8435=ORIENTED_EDGE('',*,*,#8434,.F.);
#8437=ORIENTED_EDGE('',*,*,#8436,.F.);
#8439=ORIENTED_EDGE('',*,*,#8438,.F.);
#8440=ORIENTED_EDGE('',*,*,#6837,.T.);
#8441=EDGE_LOOP('',(#8427,#8429,#8431,#8433,#8435,#8437,#8439,#8440));
#8442=FACE_OUTER_BOUND('',#8441,.F.);
#8444=CARTESIAN_POINT('',(-5.43E0,-1.83E0,-6.7E0));
#8445=DIRECTION('',(-1.E0,0.E0,0.E0));
#8446=DIRECTION('',(0.E0,-1.E0,0.E0));
#8447=AXIS2_PLACEMENT_3D('',#8444,#8445,#8446);
#8448=PLANE('',#8447);
#8450=ORIENTED_EDGE('',*,*,#8449,.F.);
#8452=ORIENTED_EDGE('',*,*,#8451,.F.);
#8454=ORIENTED_EDGE('',*,*,#8453,.F.);
#8456=ORIENTED_EDGE('',*,*,#8455,.F.);
#8458=ORIENTED_EDGE('',*,*,#8457,.F.);
#8460=ORIENTED_EDGE('',*,*,#8459,.F.);
#8462=ORIENTED_EDGE('',*,*,#8461,.F.);
#8463=ORIENTED_EDGE('',*,*,#6847,.T.);
#8464=EDGE_LOOP('',(#8450,#8452,#8454,#8456,#8458,#8460,#8462,#8463));
#8465=FACE_OUTER_BOUND('',#8464,.F.);
#8467=CARTESIAN_POINT('',(-5.43E0,1.17E0,-7.386630477386E0));
#8468=DIRECTION('',(0.E0,-1.E0,0.E0));
#8469=DIRECTION('',(0.E0,0.E0,1.E0));
#8470=AXIS2_PLACEMENT_3D('',#8467,#8468,#8469);
#8471=PLANE('',#8470);
#8472=ORIENTED_EDGE('',*,*,#8426,.T.);
#8473=ORIENTED_EDGE('',*,*,#6843,.F.);
#8475=ORIENTED_EDGE('',*,*,#8474,.F.);
#8477=ORIENTED_EDGE('',*,*,#8476,.F.);
#8478=EDGE_LOOP('',(#8472,#8473,#8475,#8477));
#8479=FACE_OUTER_BOUND('',#8478,.F.);
#8481=CARTESIAN_POINT('',(-4.73E0,-1.83E0,-6.7E0));
#8482=DIRECTION('',(-1.E0,0.E0,0.E0));
#8483=DIRECTION('',(0.E0,-1.E0,0.E0));
#8484=AXIS2_PLACEMENT_3D('',#8481,#8482,#8483);
#8485=PLANE('',#8484);
#8486=ORIENTED_EDGE('',*,*,#8474,.T.);
#8487=ORIENTED_EDGE('',*,*,#6841,.F.);
#8489=ORIENTED_EDGE('',*,*,#8488,.T.);
#8491=ORIENTED_EDGE('',*,*,#8490,.T.);
#8493=ORIENTED_EDGE('',*,*,#8492,.T.);
#8495=ORIENTED_EDGE('',*,*,#8494,.T.);
#8497=ORIENTED_EDGE('',*,*,#8496,.T.);
#8499=ORIENTED_EDGE('',*,*,#8498,.T.);
#8500=EDGE_LOOP('',(#8486,#8487,#8489,#8491,#8493,#8495,#8497,#8499));
#8501=FACE_OUTER_BOUND('',#8500,.F.);
#8503=CARTESIAN_POINT('',(-4.73E0,-1.83E0,-6.7E0));
#8504=DIRECTION('',(-1.E0,0.E0,0.E0));
#8505=DIRECTION('',(0.E0,-1.E0,0.E0));
#8506=AXIS2_PLACEMENT_3D('',#8503,#8504,#8505);
#8507=PLANE('',#8506);
#8509=ORIENTED_EDGE('',*,*,#8508,.T.);
#8510=ORIENTED_EDGE('',*,*,#6851,.F.);
#8512=ORIENTED_EDGE('',*,*,#8511,.T.);
#8514=ORIENTED_EDGE('',*,*,#8513,.T.);
#8516=ORIENTED_EDGE('',*,*,#8515,.T.);
#8518=ORIENTED_EDGE('',*,*,#8517,.T.);
#8520=ORIENTED_EDGE('',*,*,#8519,.T.);
#8522=ORIENTED_EDGE('',*,*,#8521,.T.);
#8523=EDGE_LOOP('',(#8509,#8510,#8512,#8514,#8516,#8518,#8520,#8522));
#8524=FACE_OUTER_BOUND('',#8523,.F.);
#8526=CARTESIAN_POINT('',(-5.43E0,1.37E0,-6.7E0));
#8527=DIRECTION('',(0.E0,1.E0,0.E0));
#8528=DIRECTION('',(0.E0,0.E0,-1.E0));
#8529=AXIS2_PLACEMENT_3D('',#8526,#8527,#8528);
#8530=PLANE('',#8529);
#8531=ORIENTED_EDGE('',*,*,#8438,.T.);
#8533=ORIENTED_EDGE('',*,*,#8532,.T.);
#8534=ORIENTED_EDGE('',*,*,#8488,.F.);
#8535=ORIENTED_EDGE('',*,*,#6839,.T.);
#8536=EDGE_LOOP('',(#8531,#8533,#8534,#8535));
#8537=FACE_OUTER_BOUND('',#8536,.F.);
#8539=CARTESIAN_POINT('',(-5.43E0,9.7E-1,-7.386630477386E0));
#8540=DIRECTION('',(-1.E0,0.E0,0.E0));
#8541=DIRECTION('',(0.E0,-1.E0,0.E0));
#8542=AXIS2_PLACEMENT_3D('',#8539,#8540,#8541);
#8543=CYLINDRICAL_SURFACE('',#8542,4.E-1);
#8544=ORIENTED_EDGE('',*,*,#8436,.T.);
#8546=ORIENTED_EDGE('',*,*,#8545,.T.);
#8547=ORIENTED_EDGE('',*,*,#8490,.F.);
#8548=ORIENTED_EDGE('',*,*,#8532,.F.);
#8549=EDGE_LOOP('',(#8544,#8546,#8547,#8548));
#8550=FACE_OUTER_BOUND('',#8549,.F.);
#8552=CARTESIAN_POINT('',(-5.43E0,3.67E0,-8.694300160448E0));
#8553=DIRECTION('',(-1.E0,0.E0,0.E0));
#8554=DIRECTION('',(0.E0,-1.E0,0.E0));
#8555=AXIS2_PLACEMENT_3D('',#8552,#8553,#8554);
#8556=CYLINDRICAL_SURFACE('',#8555,2.6E0);
#8557=ORIENTED_EDGE('',*,*,#8434,.T.);
#8559=ORIENTED_EDGE('',*,*,#8558,.T.);
#8560=ORIENTED_EDGE('',*,*,#8492,.F.);
#8561=ORIENTED_EDGE('',*,*,#8545,.F.);
#8562=EDGE_LOOP('',(#8557,#8559,#8560,#8561));
#8563=FACE_OUTER_BOUND('',#8562,.F.);
#8565=CARTESIAN_POINT('',(-5.43E0,1.37E0,-9.906735725746E0));
#8566=DIRECTION('',(0.E0,4.663213712685E-1,-8.846153846154E-1));
#8567=DIRECTION('',(0.E0,-8.846153846154E-1,-4.663213712685E-1));
#8568=AXIS2_PLACEMENT_3D('',#8565,#8566,#8567);
#8569=PLANE('',#8568);
#8570=ORIENTED_EDGE('',*,*,#8432,.T.);
#8572=ORIENTED_EDGE('',*,*,#8571,.T.);
#8573=ORIENTED_EDGE('',*,*,#8494,.F.);
#8574=ORIENTED_EDGE('',*,*,#8558,.F.);
#8575=EDGE_LOOP('',(#8570,#8572,#8573,#8574));
#8576=FACE_OUTER_BOUND('',#8575,.F.);
#8578=CARTESIAN_POINT('',(-5.43E0,3.67E0,-8.694300160448E0));
#8579=DIRECTION('',(-1.E0,0.E0,0.E0));
#8580=DIRECTION('',(0.E0,-1.E0,0.E0));
#8581=AXIS2_PLACEMENT_3D('',#8578,#8579,#8580);
#8582=CYLINDRICAL_SURFACE('',#8581,2.8E0);
#8583=ORIENTED_EDGE('',*,*,#8430,.T.);
#8585=ORIENTED_EDGE('',*,*,#8584,.T.);
#8586=ORIENTED_EDGE('',*,*,#8496,.F.);
#8587=ORIENTED_EDGE('',*,*,#8571,.F.);
#8588=EDGE_LOOP('',(#8583,#8585,#8586,#8587));
#8589=FACE_OUTER_BOUND('',#8588,.F.);
#8591=CARTESIAN_POINT('',(-5.43E0,9.7E-1,-7.386630477386E0));
#8592=DIRECTION('',(-1.E0,0.E0,0.E0));
#8593=DIRECTION('',(0.E0,-1.E0,0.E0));
#8594=AXIS2_PLACEMENT_3D('',#8591,#8592,#8593);
#8595=CYLINDRICAL_SURFACE('',#8594,2.E-1);
#8596=ORIENTED_EDGE('',*,*,#8428,.T.);
#8597=ORIENTED_EDGE('',*,*,#8476,.T.);
#8598=ORIENTED_EDGE('',*,*,#8498,.F.);
#8599=ORIENTED_EDGE('',*,*,#8584,.F.);
#8600=EDGE_LOOP('',(#8596,#8597,#8598,#8599));
#8601=FACE_OUTER_BOUND('',#8600,.F.);
#8603=CARTESIAN_POINT('',(-5.43E0,-1.37E0,-7.386630477386E0));
#8604=DIRECTION('',(0.E0,-1.E0,0.E0));
#8605=DIRECTION('',(0.E0,0.E0,1.E0));
#8606=AXIS2_PLACEMENT_3D('',#8603,#8604,#8605);
#8607=PLANE('',#8606);
#8608=ORIENTED_EDGE('',*,*,#8449,.T.);
#8609=ORIENTED_EDGE('',*,*,#6853,.F.);
#8610=ORIENTED_EDGE('',*,*,#8508,.F.);
#8612=ORIENTED_EDGE('',*,*,#8611,.F.);
#8613=EDGE_LOOP('',(#8608,#8609,#8610,#8612));
#8614=FACE_OUTER_BOUND('',#8613,.F.);
#8616=CARTESIAN_POINT('',(-5.43E0,-9.7E-1,-7.386630477386E0));
#8617=DIRECTION('',(-1.E0,0.E0,0.E0));
#8618=DIRECTION('',(0.E0,-1.E0,0.E0));
#8619=AXIS2_PLACEMENT_3D('',#8616,#8617,#8618);
#8620=CYLINDRICAL_SURFACE('',#8619,4.E-1);
#8621=ORIENTED_EDGE('',*,*,#8451,.T.);
#8622=ORIENTED_EDGE('',*,*,#8611,.T.);
#8623=ORIENTED_EDGE('',*,*,#8521,.F.);
#8625=ORIENTED_EDGE('',*,*,#8624,.F.);
#8626=EDGE_LOOP('',(#8621,#8622,#8623,#8625));
#8627=FACE_OUTER_BOUND('',#8626,.F.);
#8629=CARTESIAN_POINT('',(-5.43E0,-3.67E0,-8.694300160448E0));
#8630=DIRECTION('',(-1.E0,0.E0,0.E0));
#8631=DIRECTION('',(0.E0,-1.E0,0.E0));
#8632=AXIS2_PLACEMENT_3D('',#8629,#8630,#8631);
#8633=CYLINDRICAL_SURFACE('',#8632,2.6E0);
#8634=ORIENTED_EDGE('',*,*,#8453,.T.);
#8635=ORIENTED_EDGE('',*,*,#8624,.T.);
#8636=ORIENTED_EDGE('',*,*,#8519,.F.);
#8638=ORIENTED_EDGE('',*,*,#8637,.F.);
#8639=EDGE_LOOP('',(#8634,#8635,#8636,#8638));
#8640=FACE_OUTER_BOUND('',#8639,.F.);
#8642=CARTESIAN_POINT('',(-5.43E0,-1.193076923077E0,-1.E1));
#8643=DIRECTION('',(0.E0,-4.663213712685E-1,-8.846153846154E-1));
#8644=DIRECTION('',(0.E0,-8.846153846154E-1,4.663213712685E-1));
#8645=AXIS2_PLACEMENT_3D('',#8642,#8643,#8644);
#8646=PLANE('',#8645);
#8647=ORIENTED_EDGE('',*,*,#8455,.T.);
#8648=ORIENTED_EDGE('',*,*,#8637,.T.);
#8649=ORIENTED_EDGE('',*,*,#8517,.F.);
#8651=ORIENTED_EDGE('',*,*,#8650,.F.);
#8652=EDGE_LOOP('',(#8647,#8648,#8649,#8651));
#8653=FACE_OUTER_BOUND('',#8652,.F.);
#8655=CARTESIAN_POINT('',(-5.43E0,-3.67E0,-8.694300160448E0));
#8656=DIRECTION('',(-1.E0,0.E0,0.E0));
#8657=DIRECTION('',(0.E0,-1.E0,0.E0));
#8658=AXIS2_PLACEMENT_3D('',#8655,#8656,#8657);
#8659=CYLINDRICAL_SURFACE('',#8658,2.8E0);
#8660=ORIENTED_EDGE('',*,*,#8457,.T.);
#8661=ORIENTED_EDGE('',*,*,#8650,.T.);
#8662=ORIENTED_EDGE('',*,*,#8515,.F.);
#8664=ORIENTED_EDGE('',*,*,#8663,.F.);
#8665=EDGE_LOOP('',(#8660,#8661,#8662,#8664));
#8666=FACE_OUTER_BOUND('',#8665,.F.);
#8668=CARTESIAN_POINT('',(-5.43E0,-9.7E-1,-7.386630477386E0));
#8669=DIRECTION('',(-1.E0,0.E0,0.E0));
#8670=DIRECTION('',(0.E0,-1.E0,0.E0));
#8671=AXIS2_PLACEMENT_3D('',#8668,#8669,#8670);
#8672=CYLINDRICAL_SURFACE('',#8671,2.E-1);
#8673=ORIENTED_EDGE('',*,*,#8459,.T.);
#8674=ORIENTED_EDGE('',*,*,#8663,.T.);
#8675=ORIENTED_EDGE('',*,*,#8513,.F.);
#8677=ORIENTED_EDGE('',*,*,#8676,.F.);
#8678=EDGE_LOOP('',(#8673,#8674,#8675,#8677));
#8679=FACE_OUTER_BOUND('',#8678,.F.);
#8681=CARTESIAN_POINT('',(-5.43E0,-1.17E0,-6.7E0));
#8682=DIRECTION('',(0.E0,1.E0,0.E0));
#8683=DIRECTION('',(0.E0,0.E0,-1.E0));
#8684=AXIS2_PLACEMENT_3D('',#8681,#8682,#8683);
#8685=PLANE('',#8684);
#8686=ORIENTED_EDGE('',*,*,#8461,.T.);
#8687=ORIENTED_EDGE('',*,*,#8676,.T.);
#8688=ORIENTED_EDGE('',*,*,#8511,.F.);
#8689=ORIENTED_EDGE('',*,*,#6849,.T.);
#8690=EDGE_LOOP('',(#8686,#8687,#8688,#8689));
#8691=FACE_OUTER_BOUND('',#8690,.F.);
#8693=CARTESIAN_POINT('',(-7.97E0,-1.83E0,-6.7E0));
#8694=DIRECTION('',(-1.E0,0.E0,0.E0));
#8695=DIRECTION('',(0.E0,-1.E0,0.E0));
#8696=AXIS2_PLACEMENT_3D('',#8693,#8694,#8695);
#8697=PLANE('',#8696);
#8699=ORIENTED_EDGE('',*,*,#8698,.F.);
#8701=ORIENTED_EDGE('',*,*,#8700,.F.);
#8703=ORIENTED_EDGE('',*,*,#8702,.F.);
#8705=ORIENTED_EDGE('',*,*,#8704,.F.);
#8707=ORIENTED_EDGE('',*,*,#8706,.F.);
#8709=ORIENTED_EDGE('',*,*,#8708,.F.);
#8711=ORIENTED_EDGE('',*,*,#8710,.F.);
#8712=ORIENTED_EDGE('',*,*,#6857,.T.);
#8713=EDGE_LOOP('',(#8699,#8701,#8703,#8705,#8707,#8709,#8711,#8712));
#8714=FACE_OUTER_BOUND('',#8713,.F.);
#8716=CARTESIAN_POINT('',(-7.97E0,-1.83E0,-6.7E0));
#8717=DIRECTION('',(-1.E0,0.E0,0.E0));
#8718=DIRECTION('',(0.E0,-1.E0,0.E0));
#8719=AXIS2_PLACEMENT_3D('',#8716,#8717,#8718);
#8720=PLANE('',#8719);
#8722=ORIENTED_EDGE('',*,*,#8721,.F.);
#8724=ORIENTED_EDGE('',*,*,#8723,.F.);
#8726=ORIENTED_EDGE('',*,*,#8725,.F.);
#8728=ORIENTED_EDGE('',*,*,#8727,.F.);
#8730=ORIENTED_EDGE('',*,*,#8729,.F.);
#8732=ORIENTED_EDGE('',*,*,#8731,.F.);
#8734=ORIENTED_EDGE('',*,*,#8733,.F.);
#8735=ORIENTED_EDGE('',*,*,#6867,.T.);
#8736=EDGE_LOOP('',(#8722,#8724,#8726,#8728,#8730,#8732,#8734,#8735));
#8737=FACE_OUTER_BOUND('',#8736,.F.);
#8739=CARTESIAN_POINT('',(-7.97E0,1.17E0,-7.386630477386E0));
#8740=DIRECTION('',(0.E0,-1.E0,0.E0));
#8741=DIRECTION('',(0.E0,0.E0,1.E0));
#8742=AXIS2_PLACEMENT_3D('',#8739,#8740,#8741);
#8743=PLANE('',#8742);
#8744=ORIENTED_EDGE('',*,*,#8698,.T.);
#8745=ORIENTED_EDGE('',*,*,#6863,.F.);
#8747=ORIENTED_EDGE('',*,*,#8746,.F.);
#8749=ORIENTED_EDGE('',*,*,#8748,.F.);
#8750=EDGE_LOOP('',(#8744,#8745,#8747,#8749));
#8751=FACE_OUTER_BOUND('',#8750,.F.);
#8753=CARTESIAN_POINT('',(-7.27E0,-1.83E0,-6.7E0));
#8754=DIRECTION('',(-1.E0,0.E0,0.E0));
#8755=DIRECTION('',(0.E0,-1.E0,0.E0));
#8756=AXIS2_PLACEMENT_3D('',#8753,#8754,#8755);
#8757=PLANE('',#8756);
#8758=ORIENTED_EDGE('',*,*,#8746,.T.);
#8759=ORIENTED_EDGE('',*,*,#6861,.F.);
#8761=ORIENTED_EDGE('',*,*,#8760,.T.);
#8763=ORIENTED_EDGE('',*,*,#8762,.T.);
#8765=ORIENTED_EDGE('',*,*,#8764,.T.);
#8767=ORIENTED_EDGE('',*,*,#8766,.T.);
#8769=ORIENTED_EDGE('',*,*,#8768,.T.);
#8771=ORIENTED_EDGE('',*,*,#8770,.T.);
#8772=EDGE_LOOP('',(#8758,#8759,#8761,#8763,#8765,#8767,#8769,#8771));
#8773=FACE_OUTER_BOUND('',#8772,.F.);
#8775=CARTESIAN_POINT('',(-7.27E0,-1.83E0,-6.7E0));
#8776=DIRECTION('',(-1.E0,0.E0,0.E0));
#8777=DIRECTION('',(0.E0,-1.E0,0.E0));
#8778=AXIS2_PLACEMENT_3D('',#8775,#8776,#8777);
#8779=PLANE('',#8778);
#8781=ORIENTED_EDGE('',*,*,#8780,.T.);
#8782=ORIENTED_EDGE('',*,*,#6871,.F.);
#8784=ORIENTED_EDGE('',*,*,#8783,.T.);
#8786=ORIENTED_EDGE('',*,*,#8785,.T.);
#8788=ORIENTED_EDGE('',*,*,#8787,.T.);
#8790=ORIENTED_EDGE('',*,*,#8789,.T.);
#8792=ORIENTED_EDGE('',*,*,#8791,.T.);
#8794=ORIENTED_EDGE('',*,*,#8793,.T.);
#8795=EDGE_LOOP('',(#8781,#8782,#8784,#8786,#8788,#8790,#8792,#8794));
#8796=FACE_OUTER_BOUND('',#8795,.F.);
#8798=CARTESIAN_POINT('',(-7.97E0,1.37E0,-6.7E0));
#8799=DIRECTION('',(0.E0,1.E0,0.E0));
#8800=DIRECTION('',(0.E0,0.E0,-1.E0));
#8801=AXIS2_PLACEMENT_3D('',#8798,#8799,#8800);
#8802=PLANE('',#8801);
#8803=ORIENTED_EDGE('',*,*,#8710,.T.);
#8805=ORIENTED_EDGE('',*,*,#8804,.T.);
#8806=ORIENTED_EDGE('',*,*,#8760,.F.);
#8807=ORIENTED_EDGE('',*,*,#6859,.T.);
#8808=EDGE_LOOP('',(#8803,#8805,#8806,#8807));
#8809=FACE_OUTER_BOUND('',#8808,.F.);
#8811=CARTESIAN_POINT('',(-7.97E0,9.7E-1,-7.386630477386E0));
#8812=DIRECTION('',(-1.E0,0.E0,0.E0));
#8813=DIRECTION('',(0.E0,-1.E0,0.E0));
#8814=AXIS2_PLACEMENT_3D('',#8811,#8812,#8813);
#8815=CYLINDRICAL_SURFACE('',#8814,4.E-1);
#8816=ORIENTED_EDGE('',*,*,#8708,.T.);
#8818=ORIENTED_EDGE('',*,*,#8817,.T.);
#8819=ORIENTED_EDGE('',*,*,#8762,.F.);
#8820=ORIENTED_EDGE('',*,*,#8804,.F.);
#8821=EDGE_LOOP('',(#8816,#8818,#8819,#8820));
#8822=FACE_OUTER_BOUND('',#8821,.F.);
#8824=CARTESIAN_POINT('',(-7.97E0,3.67E0,-8.694300160448E0));
#8825=DIRECTION('',(-1.E0,0.E0,0.E0));
#8826=DIRECTION('',(0.E0,-1.E0,0.E0));
#8827=AXIS2_PLACEMENT_3D('',#8824,#8825,#8826);
#8828=CYLINDRICAL_SURFACE('',#8827,2.6E0);
#8829=ORIENTED_EDGE('',*,*,#8706,.T.);
#8831=ORIENTED_EDGE('',*,*,#8830,.T.);
#8832=ORIENTED_EDGE('',*,*,#8764,.F.);
#8833=ORIENTED_EDGE('',*,*,#8817,.F.);
#8834=EDGE_LOOP('',(#8829,#8831,#8832,#8833));
#8835=FACE_OUTER_BOUND('',#8834,.F.);
#8837=CARTESIAN_POINT('',(-7.97E0,1.37E0,-9.906735725746E0));
#8838=DIRECTION('',(0.E0,4.663213712685E-1,-8.846153846154E-1));
#8839=DIRECTION('',(0.E0,-8.846153846154E-1,-4.663213712685E-1));
#8840=AXIS2_PLACEMENT_3D('',#8837,#8838,#8839);
#8841=PLANE('',#8840);
#8842=ORIENTED_EDGE('',*,*,#8704,.T.);
#8844=ORIENTED_EDGE('',*,*,#8843,.T.);
#8845=ORIENTED_EDGE('',*,*,#8766,.F.);
#8846=ORIENTED_EDGE('',*,*,#8830,.F.);
#8847=EDGE_LOOP('',(#8842,#8844,#8845,#8846));
#8848=FACE_OUTER_BOUND('',#8847,.F.);
#8850=CARTESIAN_POINT('',(-7.97E0,3.67E0,-8.694300160448E0));
#8851=DIRECTION('',(-1.E0,0.E0,0.E0));
#8852=DIRECTION('',(0.E0,-1.E0,0.E0));
#8853=AXIS2_PLACEMENT_3D('',#8850,#8851,#8852);
#8854=CYLINDRICAL_SURFACE('',#8853,2.8E0);
#8855=ORIENTED_EDGE('',*,*,#8702,.T.);
#8857=ORIENTED_EDGE('',*,*,#8856,.T.);
#8858=ORIENTED_EDGE('',*,*,#8768,.F.);
#8859=ORIENTED_EDGE('',*,*,#8843,.F.);
#8860=EDGE_LOOP('',(#8855,#8857,#8858,#8859));
#8861=FACE_OUTER_BOUND('',#8860,.F.);
#8863=CARTESIAN_POINT('',(-7.97E0,9.7E-1,-7.386630477386E0));
#8864=DIRECTION('',(-1.E0,0.E0,0.E0));
#8865=DIRECTION('',(0.E0,-1.E0,0.E0));
#8866=AXIS2_PLACEMENT_3D('',#8863,#8864,#8865);
#8867=CYLINDRICAL_SURFACE('',#8866,2.E-1);
#8868=ORIENTED_EDGE('',*,*,#8700,.T.);
#8869=ORIENTED_EDGE('',*,*,#8748,.T.);
#8870=ORIENTED_EDGE('',*,*,#8770,.F.);
#8871=ORIENTED_EDGE('',*,*,#8856,.F.);
#8872=EDGE_LOOP('',(#8868,#8869,#8870,#8871));
#8873=FACE_OUTER_BOUND('',#8872,.F.);
#8875=CARTESIAN_POINT('',(-7.97E0,-1.37E0,-7.386630477386E0));
#8876=DIRECTION('',(0.E0,-1.E0,0.E0));
#8877=DIRECTION('',(0.E0,0.E0,1.E0));
#8878=AXIS2_PLACEMENT_3D('',#8875,#8876,#8877);
#8879=PLANE('',#8878);
#8880=ORIENTED_EDGE('',*,*,#8721,.T.);
#8881=ORIENTED_EDGE('',*,*,#6873,.F.);
#8882=ORIENTED_EDGE('',*,*,#8780,.F.);
#8884=ORIENTED_EDGE('',*,*,#8883,.F.);
#8885=EDGE_LOOP('',(#8880,#8881,#8882,#8884));
#8886=FACE_OUTER_BOUND('',#8885,.F.);
#8888=CARTESIAN_POINT('',(-7.97E0,-9.7E-1,-7.386630477386E0));
#8889=DIRECTION('',(-1.E0,0.E0,0.E0));
#8890=DIRECTION('',(0.E0,-1.E0,0.E0));
#8891=AXIS2_PLACEMENT_3D('',#8888,#8889,#8890);
#8892=CYLINDRICAL_SURFACE('',#8891,4.E-1);
#8893=ORIENTED_EDGE('',*,*,#8723,.T.);
#8894=ORIENTED_EDGE('',*,*,#8883,.T.);
#8895=ORIENTED_EDGE('',*,*,#8793,.F.);
#8897=ORIENTED_EDGE('',*,*,#8896,.F.);
#8898=EDGE_LOOP('',(#8893,#8894,#8895,#8897));
#8899=FACE_OUTER_BOUND('',#8898,.F.);
#8901=CARTESIAN_POINT('',(-7.97E0,-3.67E0,-8.694300160448E0));
#8902=DIRECTION('',(-1.E0,0.E0,0.E0));
#8903=DIRECTION('',(0.E0,-1.E0,0.E0));
#8904=AXIS2_PLACEMENT_3D('',#8901,#8902,#8903);
#8905=CYLINDRICAL_SURFACE('',#8904,2.6E0);
#8906=ORIENTED_EDGE('',*,*,#8725,.T.);
#8907=ORIENTED_EDGE('',*,*,#8896,.T.);
#8908=ORIENTED_EDGE('',*,*,#8791,.F.);
#8910=ORIENTED_EDGE('',*,*,#8909,.F.);
#8911=EDGE_LOOP('',(#8906,#8907,#8908,#8910));
#8912=FACE_OUTER_BOUND('',#8911,.F.);
#8914=CARTESIAN_POINT('',(-7.97E0,-1.193076923077E0,-1.E1));
#8915=DIRECTION('',(0.E0,-4.663213712685E-1,-8.846153846154E-1));
#8916=DIRECTION('',(0.E0,-8.846153846154E-1,4.663213712685E-1));
#8917=AXIS2_PLACEMENT_3D('',#8914,#8915,#8916);
#8918=PLANE('',#8917);
#8919=ORIENTED_EDGE('',*,*,#8727,.T.);
#8920=ORIENTED_EDGE('',*,*,#8909,.T.);
#8921=ORIENTED_EDGE('',*,*,#8789,.F.);
#8923=ORIENTED_EDGE('',*,*,#8922,.F.);
#8924=EDGE_LOOP('',(#8919,#8920,#8921,#8923));
#8925=FACE_OUTER_BOUND('',#8924,.F.);
#8927=CARTESIAN_POINT('',(-7.97E0,-3.67E0,-8.694300160448E0));
#8928=DIRECTION('',(-1.E0,0.E0,0.E0));
#8929=DIRECTION('',(0.E0,-1.E0,0.E0));
#8930=AXIS2_PLACEMENT_3D('',#8927,#8928,#8929);
#8931=CYLINDRICAL_SURFACE('',#8930,2.8E0);
#8932=ORIENTED_EDGE('',*,*,#8729,.T.);
#8933=ORIENTED_EDGE('',*,*,#8922,.T.);
#8934=ORIENTED_EDGE('',*,*,#8787,.F.);
#8936=ORIENTED_EDGE('',*,*,#8935,.F.);
#8937=EDGE_LOOP('',(#8932,#8933,#8934,#8936));
#8938=FACE_OUTER_BOUND('',#8937,.F.);
#8940=CARTESIAN_POINT('',(-7.97E0,-9.7E-1,-7.386630477386E0));
#8941=DIRECTION('',(-1.E0,0.E0,0.E0));
#8942=DIRECTION('',(0.E0,-1.E0,0.E0));
#8943=AXIS2_PLACEMENT_3D('',#8940,#8941,#8942);
#8944=CYLINDRICAL_SURFACE('',#8943,2.E-1);
#8945=ORIENTED_EDGE('',*,*,#8731,.T.);
#8946=ORIENTED_EDGE('',*,*,#8935,.T.);
#8947=ORIENTED_EDGE('',*,*,#8785,.F.);
#8949=ORIENTED_EDGE('',*,*,#8948,.F.);
#8950=EDGE_LOOP('',(#8945,#8946,#8947,#8949));
#8951=FACE_OUTER_BOUND('',#8950,.F.);
#8953=CARTESIAN_POINT('',(-7.97E0,-1.17E0,-6.7E0));
#8954=DIRECTION('',(0.E0,1.E0,0.E0));
#8955=DIRECTION('',(0.E0,0.E0,-1.E0));
#8956=AXIS2_PLACEMENT_3D('',#8953,#8954,#8955);
#8957=PLANE('',#8956);
#8958=ORIENTED_EDGE('',*,*,#8733,.T.);
#8959=ORIENTED_EDGE('',*,*,#8948,.T.);
#8960=ORIENTED_EDGE('',*,*,#8783,.F.);
#8961=ORIENTED_EDGE('',*,*,#6869,.T.);
#8962=EDGE_LOOP('',(#8958,#8959,#8960,#8961));
#8963=FACE_OUTER_BOUND('',#8962,.F.);
#8965=CARTESIAN_POINT('',(-3.2068008E1,2.275E0,-2.E-1));
#8966=DIRECTION('',(1.E0,0.E0,0.E0));
#8967=DIRECTION('',(0.E0,0.E0,1.E0));
#8968=AXIS2_PLACEMENT_3D('',#8965,#8966,#8967);
#8969=CYLINDRICAL_SURFACE('',#8968,2.E-1);
#8971=ORIENTED_EDGE('',*,*,#8970,.F.);
#8973=ORIENTED_EDGE('',*,*,#8972,.T.);
#8974=ORIENTED_EDGE('',*,*,#6530,.T.);
#8976=ORIENTED_EDGE('',*,*,#8975,.F.);
#8977=EDGE_LOOP('',(#8971,#8973,#8974,#8976));
#8978=FACE_OUTER_BOUND('',#8977,.F.);
#8980=CARTESIAN_POINT('',(6.69E0,2.075E0,0.E0));
#8981=DIRECTION('',(0.E0,1.E0,0.E0));
#8982=DIRECTION('',(1.E0,0.E0,0.E0));
#8983=AXIS2_PLACEMENT_3D('',#8980,#8981,#8982);
#8984=PLANE('',#8983);
#8986=ORIENTED_EDGE('',*,*,#8985,.T.);
#8988=ORIENTED_EDGE('',*,*,#8987,.T.);
#8990=ORIENTED_EDGE('',*,*,#8989,.T.);
#8992=ORIENTED_EDGE('',*,*,#8991,.T.);
#8994=ORIENTED_EDGE('',*,*,#8993,.T.);
#8996=ORIENTED_EDGE('',*,*,#8995,.F.);
#8997=ORIENTED_EDGE('',*,*,#8970,.T.);
#8999=ORIENTED_EDGE('',*,*,#8998,.F.);
#9001=ORIENTED_EDGE('',*,*,#9000,.F.);
#9003=ORIENTED_EDGE('',*,*,#9002,.T.);
#9005=ORIENTED_EDGE('',*,*,#9004,.T.);
#9007=ORIENTED_EDGE('',*,*,#9006,.T.);
#9008=EDGE_LOOP('',(#8986,#8988,#8990,#8992,#8994,#8996,#8997,#8999,#9001,#9003,
#9005,#9007));
#9009=FACE_OUTER_BOUND('',#9008,.F.);
#9011=CARTESIAN_POINT('',(8.195E0,2.075E0,-4.E-1));
#9012=DIRECTION('',(0.E0,0.E0,1.E0));
#9013=DIRECTION('',(-1.E0,0.E0,0.E0));
#9014=AXIS2_PLACEMENT_3D('',#9011,#9012,#9013);
#9015=PLANE('',#9014);
#9017=ORIENTED_EDGE('',*,*,#9016,.T.);
#9019=ORIENTED_EDGE('',*,*,#9018,.F.);
#9020=ORIENTED_EDGE('',*,*,#8985,.F.);
#9022=ORIENTED_EDGE('',*,*,#9021,.T.);
#9023=EDGE_LOOP('',(#9017,#9019,#9020,#9022));
#9024=FACE_OUTER_BOUND('',#9023,.F.);
#9026=CARTESIAN_POINT('',(0.E0,1.87E0,-1.E0));
#9027=DIRECTION('',(0.E0,1.E0,0.E0));
#9028=DIRECTION('',(-1.E0,0.E0,0.E0));
#9029=AXIS2_PLACEMENT_3D('',#9026,#9027,#9028);
#9030=PLANE('',#9029);
#9032=ORIENTED_EDGE('',*,*,#9031,.T.);
#9034=ORIENTED_EDGE('',*,*,#9033,.F.);
#9036=ORIENTED_EDGE('',*,*,#9035,.T.);
#9038=ORIENTED_EDGE('',*,*,#9037,.F.);
#9039=ORIENTED_EDGE('',*,*,#9016,.F.);
#9041=ORIENTED_EDGE('',*,*,#9040,.T.);
#9042=EDGE_LOOP('',(#9032,#9034,#9036,#9038,#9039,#9041));
#9043=FACE_OUTER_BOUND('',#9042,.F.);
#9045=CARTESIAN_POINT('',(8.343846827080E0,6.65E-1,-4.E-1));
#9046=DIRECTION('',(9.335804264972E-1,0.E0,-3.583679495453E-1));
#9047=DIRECTION('',(-3.583679495453E-1,0.E0,-9.335804264972E-1));
#9048=AXIS2_PLACEMENT_3D('',#9045,#9046,#9047);
#9049=PLANE('',#9048);
#9051=ORIENTED_EDGE('',*,*,#9050,.T.);
#9053=ORIENTED_EDGE('',*,*,#9052,.F.);
#9054=ORIENTED_EDGE('',*,*,#9031,.F.);
#9056=ORIENTED_EDGE('',*,*,#9055,.F.);
#9057=EDGE_LOOP('',(#9051,#9053,#9054,#9056));
#9058=FACE_OUTER_BOUND('',#9057,.F.);
#9060=CARTESIAN_POINT('',(8.55E0,6.65E-1,0.E0));
#9061=DIRECTION('',(0.E0,-1.E0,0.E0));
#9062=DIRECTION('',(-1.E0,0.E0,0.E0));
#9063=AXIS2_PLACEMENT_3D('',#9060,#9061,#9062);
#9064=PLANE('',#9063);
#9066=ORIENTED_EDGE('',*,*,#9065,.F.);
#9068=ORIENTED_EDGE('',*,*,#9067,.F.);
#9070=ORIENTED_EDGE('',*,*,#9069,.F.);
#9071=ORIENTED_EDGE('',*,*,#9050,.F.);
#9073=ORIENTED_EDGE('',*,*,#9072,.F.);
#9075=ORIENTED_EDGE('',*,*,#9074,.T.);
#9077=ORIENTED_EDGE('',*,*,#9076,.T.);
#9079=ORIENTED_EDGE('',*,*,#9078,.T.);
#9081=ORIENTED_EDGE('',*,*,#9080,.F.);
#9083=ORIENTED_EDGE('',*,*,#9082,.T.);
#9085=ORIENTED_EDGE('',*,*,#9084,.F.);
#9087=ORIENTED_EDGE('',*,*,#9086,.F.);
#9089=ORIENTED_EDGE('',*,*,#9088,.T.);
#9091=ORIENTED_EDGE('',*,*,#9090,.F.);
#9092=EDGE_LOOP('',(#9066,#9068,#9070,#9071,#9073,#9075,#9077,#9079,#9081,#9083,
#9085,#9087,#9089,#9091));
#9093=FACE_OUTER_BOUND('',#9092,.F.);
#9095=CARTESIAN_POINT('',(7.045E0,2.075E0,-4.E-1));
#9096=DIRECTION('',(-2.923717047227E-1,0.E0,9.563047559630E-1));
#9097=DIRECTION('',(-9.563047559630E-1,0.E0,-2.923717047227E-1));
#9098=AXIS2_PLACEMENT_3D('',#9095,#9096,#9097);
#9099=PLANE('',#9098);
#9100=ORIENTED_EDGE('',*,*,#9037,.T.);
#9102=ORIENTED_EDGE('',*,*,#9101,.F.);
#9103=ORIENTED_EDGE('',*,*,#9065,.T.);
#9105=ORIENTED_EDGE('',*,*,#9104,.F.);
#9106=ORIENTED_EDGE('',*,*,#8987,.F.);
#9107=ORIENTED_EDGE('',*,*,#9018,.T.);
#9108=EDGE_LOOP('',(#9100,#9102,#9103,#9105,#9106,#9107));
#9109=FACE_OUTER_BOUND('',#9108,.F.);
#9111=CARTESIAN_POINT('',(7.126471593941E0,6.65E-1,-1.E0));
#9112=DIRECTION('',(-9.335804264972E-1,0.E0,-3.583679495453E-1));
#9113=DIRECTION('',(-3.583679495453E-1,0.E0,9.335804264972E-1));
#9114=AXIS2_PLACEMENT_3D('',#9111,#9112,#9113);
#9115=PLANE('',#9114);
#9116=ORIENTED_EDGE('',*,*,#9067,.T.);
#9117=ORIENTED_EDGE('',*,*,#9101,.T.);
#9118=ORIENTED_EDGE('',*,*,#9035,.F.);
#9120=ORIENTED_EDGE('',*,*,#9119,.T.);
#9121=EDGE_LOOP('',(#9116,#9117,#9118,#9120));
#9122=FACE_OUTER_BOUND('',#9121,.F.);
#9124=CARTESIAN_POINT('',(8.113528406059E0,6.65E-1,-1.E0));
#9125=DIRECTION('',(0.E0,0.E0,-1.E0));
#9126=DIRECTION('',(-1.E0,0.E0,0.E0));
#9127=AXIS2_PLACEMENT_3D('',#9124,#9125,#9126);
#9128=PLANE('',#9127);
#9129=ORIENTED_EDGE('',*,*,#9069,.T.);
#9130=ORIENTED_EDGE('',*,*,#9119,.F.);
#9131=ORIENTED_EDGE('',*,*,#9033,.T.);
#9132=ORIENTED_EDGE('',*,*,#9052,.T.);
#9133=EDGE_LOOP('',(#9129,#9130,#9131,#9132));
#9134=FACE_OUTER_BOUND('',#9133,.F.);
#9136=CARTESIAN_POINT('',(6.720058936674E0,2.075E0,-4.993444527246E-1));
#9137=DIRECTION('',(-9.335804264972E-1,0.E0,-3.583679495453E-1));
#9138=DIRECTION('',(3.583679495453E-1,0.E0,-9.335804264972E-1));
#9139=AXIS2_PLACEMENT_3D('',#9136,#9137,#9138);
#9140=PLANE('',#9139);
#9141=ORIENTED_EDGE('',*,*,#9104,.T.);
#9142=ORIENTED_EDGE('',*,*,#9090,.T.);
#9144=ORIENTED_EDGE('',*,*,#9143,.F.);
#9145=ORIENTED_EDGE('',*,*,#8989,.F.);
#9146=EDGE_LOOP('',(#9141,#9142,#9144,#9145));
#9147=FACE_OUTER_BOUND('',#9146,.F.);
#9149=CARTESIAN_POINT('',(0.E0,0.E0,-1.E0));
#9150=DIRECTION('',(0.E0,0.E0,-1.E0));
#9151=DIRECTION('',(0.E0,1.E0,0.E0));
#9152=AXIS2_PLACEMENT_3D('',#9149,#9150,#9151);
#9153=PLANE('',#9152);
#9154=ORIENTED_EDGE('',*,*,#9143,.T.);
#9155=ORIENTED_EDGE('',*,*,#9088,.F.);
#9157=ORIENTED_EDGE('',*,*,#9156,.F.);
#9158=ORIENTED_EDGE('',*,*,#8991,.F.);
#9159=EDGE_LOOP('',(#9154,#9155,#9157,#9158));
#9160=FACE_OUTER_BOUND('',#9159,.F.);
#9162=CARTESIAN_POINT('',(0.E0,0.E0,-1.E0));
#9163=DIRECTION('',(0.E0,0.E0,-1.E0));
#9164=DIRECTION('',(0.E0,1.E0,0.E0));
#9165=AXIS2_PLACEMENT_3D('',#9162,#9163,#9164);
#9166=PLANE('',#9165);
#9168=ORIENTED_EDGE('',*,*,#9167,.F.);
#9169=ORIENTED_EDGE('',*,*,#9002,.F.);
#9171=ORIENTED_EDGE('',*,*,#9170,.F.);
#9172=ORIENTED_EDGE('',*,*,#9076,.F.);
#9173=EDGE_LOOP('',(#9168,#9169,#9171,#9172));
#9174=FACE_OUTER_BOUND('',#9173,.F.);
#9176=CARTESIAN_POINT('',(0.E0,0.E0,-1.E0));
#9177=DIRECTION('',(0.E0,0.E0,-1.E0));
#9178=DIRECTION('',(0.E0,1.E0,0.E0));
#9179=AXIS2_PLACEMENT_3D('',#9176,#9177,#9178);
#9180=PLANE('',#9179);
#9182=ORIENTED_EDGE('',*,*,#9181,.F.);
#9184=ORIENTED_EDGE('',*,*,#9183,.T.);
#9186=ORIENTED_EDGE('',*,*,#9185,.T.);
#9188=ORIENTED_EDGE('',*,*,#9187,.T.);
#9189=EDGE_LOOP('',(#9182,#9184,#9186,#9188));
#9190=FACE_OUTER_BOUND('',#9189,.F.);
#9192=CARTESIAN_POINT('',(0.E0,0.E0,-1.E0));
#9193=DIRECTION('',(0.E0,0.E0,-1.E0));
#9194=DIRECTION('',(0.E0,1.E0,0.E0));
#9195=AXIS2_PLACEMENT_3D('',#9192,#9193,#9194);
#9196=PLANE('',#9195);
#9198=ORIENTED_EDGE('',*,*,#9197,.T.);
#9200=ORIENTED_EDGE('',*,*,#9199,.T.);
#9202=ORIENTED_EDGE('',*,*,#9201,.T.);
#9204=ORIENTED_EDGE('',*,*,#9203,.T.);
#9205=EDGE_LOOP('',(#9198,#9200,#9202,#9204));
#9206=FACE_OUTER_BOUND('',#9205,.F.);
#9208=CARTESIAN_POINT('',(6.69E0,6.65E-1,0.E0));
#9209=DIRECTION('',(-1.E0,0.E0,0.E0));
#9210=DIRECTION('',(0.E0,1.E0,0.E0));
#9211=AXIS2_PLACEMENT_3D('',#9208,#9209,#9210);
#9212=PLANE('',#9211);
#9214=ORIENTED_EDGE('',*,*,#9213,.T.);
#9215=ORIENTED_EDGE('',*,*,#8993,.F.);
#9216=ORIENTED_EDGE('',*,*,#9156,.T.);
#9217=ORIENTED_EDGE('',*,*,#9086,.T.);
#9218=EDGE_LOOP('',(#9214,#9215,#9216,#9217));
#9219=FACE_OUTER_BOUND('',#9218,.F.);
#9221=CARTESIAN_POINT('',(6.39E0,-9.126216E0,-3.E-1));
#9222=DIRECTION('',(0.E0,1.E0,0.E0));
#9223=DIRECTION('',(0.E0,0.E0,1.E0));
#9224=AXIS2_PLACEMENT_3D('',#9221,#9222,#9223);
#9225=CYLINDRICAL_SURFACE('',#9224,3.E-1);
#9226=ORIENTED_EDGE('',*,*,#9213,.F.);
#9227=ORIENTED_EDGE('',*,*,#9084,.T.);
#9229=ORIENTED_EDGE('',*,*,#9228,.T.);
#9230=ORIENTED_EDGE('',*,*,#6532,.T.);
#9231=ORIENTED_EDGE('',*,*,#8972,.F.);
#9232=ORIENTED_EDGE('',*,*,#8995,.T.);
#9233=EDGE_LOOP('',(#9226,#9227,#9229,#9230,#9231,#9232));
#9234=FACE_OUTER_BOUND('',#9233,.F.);
#9236=CARTESIAN_POINT('',(3.2068008E1,6.15E-1,-5.E-2));
#9237=DIRECTION('',(-1.E0,0.E0,0.E0));
#9238=DIRECTION('',(0.E0,0.E0,1.E0));
#9239=AXIS2_PLACEMENT_3D('',#9236,#9237,#9238);
#9240=CYLINDRICAL_SURFACE('',#9239,5.E-2);
#9241=ORIENTED_EDGE('',*,*,#9082,.F.);
#9243=ORIENTED_EDGE('',*,*,#9242,.T.);
#9244=ORIENTED_EDGE('',*,*,#6534,.T.);
#9245=ORIENTED_EDGE('',*,*,#9228,.F.);
#9246=EDGE_LOOP('',(#9241,#9243,#9244,#9245));
#9247=FACE_OUTER_BOUND('',#9246,.F.);
#9249=CARTESIAN_POINT('',(8.85E0,9.126216E0,-3.E-1));
#9250=DIRECTION('',(0.E0,-1.E0,0.E0));
#9251=DIRECTION('',(0.E0,0.E0,1.E0));
#9252=AXIS2_PLACEMENT_3D('',#9249,#9250,#9251);
#9253=CYLINDRICAL_SURFACE('',#9252,3.E-1);
#9254=ORIENTED_EDGE('',*,*,#6536,.T.);
#9255=ORIENTED_EDGE('',*,*,#9242,.F.);
#9256=ORIENTED_EDGE('',*,*,#9080,.T.);
#9258=ORIENTED_EDGE('',*,*,#9257,.F.);
#9259=ORIENTED_EDGE('',*,*,#8998,.T.);
#9260=ORIENTED_EDGE('',*,*,#8975,.T.);
#9261=EDGE_LOOP('',(#9254,#9255,#9256,#9258,#9259,#9260));
#9262=FACE_OUTER_BOUND('',#9261,.F.);
#9264=CARTESIAN_POINT('',(8.55E0,2.075E0,0.E0));
#9265=DIRECTION('',(1.E0,0.E0,0.E0));
#9266=DIRECTION('',(0.E0,-1.E0,0.E0));
#9267=AXIS2_PLACEMENT_3D('',#9264,#9265,#9266);
#9268=PLANE('',#9267);
#9269=ORIENTED_EDGE('',*,*,#9257,.T.);
#9270=ORIENTED_EDGE('',*,*,#9078,.F.);
#9271=ORIENTED_EDGE('',*,*,#9170,.T.);
#9272=ORIENTED_EDGE('',*,*,#9000,.T.);
#9273=EDGE_LOOP('',(#9269,#9270,#9271,#9272));
#9274=FACE_OUTER_BOUND('',#9273,.F.);
#9276=CARTESIAN_POINT('',(8.327757404786E0,2.075E0,-1.E0));
#9277=DIRECTION('',(9.335804264972E-1,0.E0,-3.583679495453E-1));
#9278=DIRECTION('',(3.583679495453E-1,0.E0,9.335804264972E-1));
#9279=AXIS2_PLACEMENT_3D('',#9276,#9277,#9278);
#9280=PLANE('',#9279);
#9282=ORIENTED_EDGE('',*,*,#9281,.F.);
#9283=ORIENTED_EDGE('',*,*,#9004,.F.);
#9284=ORIENTED_EDGE('',*,*,#9167,.T.);
#9285=ORIENTED_EDGE('',*,*,#9074,.F.);
#9286=EDGE_LOOP('',(#9282,#9283,#9284,#9285));
#9287=FACE_OUTER_BOUND('',#9286,.F.);
#9289=CARTESIAN_POINT('',(8.519941063326E0,2.075E0,-4.993444527246E-1));
#9290=DIRECTION('',(2.923717047227E-1,0.E0,9.563047559630E-1));
#9291=DIRECTION('',(-9.563047559630E-1,0.E0,2.923717047227E-1));
#9292=AXIS2_PLACEMENT_3D('',#9289,#9290,#9291);
#9293=PLANE('',#9292);
#9294=ORIENTED_EDGE('',*,*,#9040,.F.);
#9295=ORIENTED_EDGE('',*,*,#9021,.F.);
#9296=ORIENTED_EDGE('',*,*,#9006,.F.);
#9297=ORIENTED_EDGE('',*,*,#9281,.T.);
#9298=ORIENTED_EDGE('',*,*,#9072,.T.);
#9299=ORIENTED_EDGE('',*,*,#9055,.T.);
#9300=EDGE_LOOP('',(#9294,#9295,#9296,#9297,#9298,#9299));
#9301=FACE_OUTER_BOUND('',#9300,.F.);
#9303=CARTESIAN_POINT('',(6.720058936674E0,-2.075E0,-4.993444527246E-1));
#9304=DIRECTION('',(9.335804264972E-1,0.E0,3.583679495453E-1));
#9305=DIRECTION('',(3.583679495453E-1,0.E0,-9.335804264972E-1));
#9306=AXIS2_PLACEMENT_3D('',#9303,#9304,#9305);
#9307=PLANE('',#9306);
#9309=ORIENTED_EDGE('',*,*,#9308,.F.);
#9311=ORIENTED_EDGE('',*,*,#9310,.T.);
#9312=ORIENTED_EDGE('',*,*,#9181,.T.);
#9314=ORIENTED_EDGE('',*,*,#9313,.F.);
#9315=EDGE_LOOP('',(#9309,#9311,#9312,#9314));
#9316=FACE_OUTER_BOUND('',#9315,.F.);
#9318=CARTESIAN_POINT('',(7.045E0,-2.075E0,-4.E-1));
#9319=DIRECTION('',(2.923717047227E-1,0.E0,-9.563047559630E-1));
#9320=DIRECTION('',(-9.563047559630E-1,0.E0,-2.923717047227E-1));
#9321=AXIS2_PLACEMENT_3D('',#9318,#9319,#9320);
#9322=PLANE('',#9321);
#9324=ORIENTED_EDGE('',*,*,#9323,.F.);
#9326=ORIENTED_EDGE('',*,*,#9325,.F.);
#9328=ORIENTED_EDGE('',*,*,#9327,.T.);
#9329=ORIENTED_EDGE('',*,*,#9308,.T.);
#9331=ORIENTED_EDGE('',*,*,#9330,.F.);
#9333=ORIENTED_EDGE('',*,*,#9332,.T.);
#9334=EDGE_LOOP('',(#9324,#9326,#9328,#9329,#9331,#9333));
#9335=FACE_OUTER_BOUND('',#9334,.F.);
#9337=CARTESIAN_POINT('',(0.E0,-1.87E0,-1.E0));
#9338=DIRECTION('',(0.E0,1.E0,0.E0));
#9339=DIRECTION('',(-1.E0,0.E0,0.E0));
#9340=AXIS2_PLACEMENT_3D('',#9337,#9338,#9339);
#9341=PLANE('',#9340);
#9343=ORIENTED_EDGE('',*,*,#9342,.F.);
#9345=ORIENTED_EDGE('',*,*,#9344,.F.);
#9347=ORIENTED_EDGE('',*,*,#9346,.T.);
#9348=ORIENTED_EDGE('',*,*,#9323,.T.);
#9350=ORIENTED_EDGE('',*,*,#9349,.F.);
#9352=ORIENTED_EDGE('',*,*,#9351,.F.);
#9353=EDGE_LOOP('',(#9343,#9345,#9347,#9348,#9350,#9352));
#9354=FACE_OUTER_BOUND('',#9353,.F.);
#9356=CARTESIAN_POINT('',(8.343846827080E0,-6.65E-1,-4.E-1));
#9357=DIRECTION('',(-9.335804264972E-1,0.E0,3.583679495453E-1));
#9358=DIRECTION('',(-3.583679495453E-1,0.E0,-9.335804264972E-1));
#9359=AXIS2_PLACEMENT_3D('',#9356,#9357,#9358);
#9360=PLANE('',#9359);
#9362=ORIENTED_EDGE('',*,*,#9361,.F.);
#9364=ORIENTED_EDGE('',*,*,#9363,.T.);
#9365=ORIENTED_EDGE('',*,*,#9342,.T.);
#9367=ORIENTED_EDGE('',*,*,#9366,.F.);
#9368=EDGE_LOOP('',(#9362,#9364,#9365,#9367));
#9369=FACE_OUTER_BOUND('',#9368,.F.);
#9371=CARTESIAN_POINT('',(6.69E0,-6.65E-1,0.E0));
#9372=DIRECTION('',(0.E0,1.E0,0.E0));
#9373=DIRECTION('',(1.E0,0.E0,0.E0));
#9374=AXIS2_PLACEMENT_3D('',#9371,#9372,#9373);
#9375=PLANE('',#9374);
#9377=ORIENTED_EDGE('',*,*,#9376,.T.);
#9378=ORIENTED_EDGE('',*,*,#9361,.T.);
#9380=ORIENTED_EDGE('',*,*,#9379,.T.);
#9382=ORIENTED_EDGE('',*,*,#9381,.T.);
#9383=ORIENTED_EDGE('',*,*,#9330,.T.);
#9384=ORIENTED_EDGE('',*,*,#9313,.T.);
#9385=ORIENTED_EDGE('',*,*,#9187,.F.);
#9387=ORIENTED_EDGE('',*,*,#9386,.F.);
#9389=ORIENTED_EDGE('',*,*,#9388,.F.);
#9391=ORIENTED_EDGE('',*,*,#9390,.T.);
#9393=ORIENTED_EDGE('',*,*,#9392,.F.);
#9395=ORIENTED_EDGE('',*,*,#9394,.T.);
#9396=ORIENTED_EDGE('',*,*,#9199,.F.);
#9398=ORIENTED_EDGE('',*,*,#9397,.T.);
#9399=EDGE_LOOP('',(#9377,#9378,#9380,#9382,#9383,#9384,#9385,#9387,#9389,#9391,
#9393,#9395,#9396,#9398));
#9400=FACE_OUTER_BOUND('',#9399,.F.);
#9402=CARTESIAN_POINT('',(8.519941063326E0,-2.075E0,-4.993444527246E-1));
#9403=DIRECTION('',(-2.923717047227E-1,0.E0,-9.563047559630E-1));
#9404=DIRECTION('',(-9.563047559630E-1,0.E0,2.923717047227E-1));
#9405=AXIS2_PLACEMENT_3D('',#9402,#9403,#9404);
#9406=PLANE('',#9405);
#9407=ORIENTED_EDGE('',*,*,#9344,.T.);
#9408=ORIENTED_EDGE('',*,*,#9363,.F.);
#9409=ORIENTED_EDGE('',*,*,#9376,.F.);
#9411=ORIENTED_EDGE('',*,*,#9410,.F.);
#9413=ORIENTED_EDGE('',*,*,#9412,.T.);
#9415=ORIENTED_EDGE('',*,*,#9414,.T.);
#9416=EDGE_LOOP('',(#9407,#9408,#9409,#9411,#9413,#9415));
#9417=FACE_OUTER_BOUND('',#9416,.F.);
#9419=CARTESIAN_POINT('',(8.327757404786E0,-2.075E0,-1.E0));
#9420=DIRECTION('',(-9.335804264972E-1,0.E0,3.583679495453E-1));
#9421=DIRECTION('',(3.583679495453E-1,0.E0,9.335804264972E-1));
#9422=AXIS2_PLACEMENT_3D('',#9419,#9420,#9421);
#9423=PLANE('',#9422);
#9424=ORIENTED_EDGE('',*,*,#9410,.T.);
#9425=ORIENTED_EDGE('',*,*,#9397,.F.);
#9426=ORIENTED_EDGE('',*,*,#9197,.F.);
#9428=ORIENTED_EDGE('',*,*,#9427,.T.);
#9429=EDGE_LOOP('',(#9424,#9425,#9426,#9428));
#9430=FACE_OUTER_BOUND('',#9429,.F.);
#9432=CARTESIAN_POINT('',(8.55E0,-2.075E0,0.E0));
#9433=DIRECTION('',(0.E0,-1.E0,0.E0));
#9434=DIRECTION('',(-1.E0,0.E0,0.E0));
#9435=AXIS2_PLACEMENT_3D('',#9432,#9433,#9434);
#9436=PLANE('',#9435);
#9438=ORIENTED_EDGE('',*,*,#9437,.F.);
#9439=ORIENTED_EDGE('',*,*,#9412,.F.);
#9440=ORIENTED_EDGE('',*,*,#9427,.F.);
#9441=ORIENTED_EDGE('',*,*,#9203,.F.);
#9443=ORIENTED_EDGE('',*,*,#9442,.F.);
#9445=ORIENTED_EDGE('',*,*,#9444,.F.);
#9447=ORIENTED_EDGE('',*,*,#9446,.T.);
#9449=ORIENTED_EDGE('',*,*,#9448,.F.);
#9451=ORIENTED_EDGE('',*,*,#9450,.T.);
#9452=ORIENTED_EDGE('',*,*,#9183,.F.);
#9453=ORIENTED_EDGE('',*,*,#9310,.F.);
#9454=ORIENTED_EDGE('',*,*,#9327,.F.);
#9455=EDGE_LOOP('',(#9438,#9439,#9440,#9441,#9443,#9445,#9447,#9449,#9451,#9452,
#9453,#9454));
#9456=FACE_OUTER_BOUND('',#9455,.F.);
#9458=CARTESIAN_POINT('',(8.195E0,-2.075E0,-4.E-1));
#9459=DIRECTION('',(0.E0,0.E0,-1.E0));
#9460=DIRECTION('',(-1.E0,0.E0,0.E0));
#9461=AXIS2_PLACEMENT_3D('',#9458,#9459,#9460);
#9462=PLANE('',#9461);
#9463=ORIENTED_EDGE('',*,*,#9346,.F.);
#9464=ORIENTED_EDGE('',*,*,#9414,.F.);
#9465=ORIENTED_EDGE('',*,*,#9437,.T.);
#9466=ORIENTED_EDGE('',*,*,#9325,.T.);
#9467=EDGE_LOOP('',(#9463,#9464,#9465,#9466));
#9468=FACE_OUTER_BOUND('',#9467,.F.);
#9470=CARTESIAN_POINT('',(8.55E0,-6.65E-1,0.E0));
#9471=DIRECTION('',(1.E0,0.E0,0.E0));
#9472=DIRECTION('',(0.E0,-1.E0,0.E0));
#9473=AXIS2_PLACEMENT_3D('',#9470,#9471,#9472);
#9474=PLANE('',#9473);
#9476=ORIENTED_EDGE('',*,*,#9475,.T.);
#9477=ORIENTED_EDGE('',*,*,#9442,.T.);
#9478=ORIENTED_EDGE('',*,*,#9201,.F.);
#9479=ORIENTED_EDGE('',*,*,#9394,.F.);
#9480=EDGE_LOOP('',(#9476,#9477,#9478,#9479));
#9481=FACE_OUTER_BOUND('',#9480,.F.);
#9483=CARTESIAN_POINT('',(8.85E0,9.126216E0,-3.E-1));
#9484=DIRECTION('',(0.E0,-1.E0,0.E0));
#9485=DIRECTION('',(0.E0,0.E0,1.E0));
#9486=AXIS2_PLACEMENT_3D('',#9483,#9484,#9485);
#9487=CYLINDRICAL_SURFACE('',#9486,3.E-1);
#9488=ORIENTED_EDGE('',*,*,#9475,.F.);
#9489=ORIENTED_EDGE('',*,*,#9392,.T.);
#9491=ORIENTED_EDGE('',*,*,#9490,.T.);
#9492=ORIENTED_EDGE('',*,*,#6546,.T.);
#9494=ORIENTED_EDGE('',*,*,#9493,.F.);
#9495=ORIENTED_EDGE('',*,*,#9444,.T.);
#9496=EDGE_LOOP('',(#9488,#9489,#9491,#9492,#9494,#9495));
#9497=FACE_OUTER_BOUND('',#9496,.F.);
#9499=CARTESIAN_POINT('',(-3.117912812217E1,-6.15E-1,-5.E-2));
#9500=DIRECTION('',(1.E0,0.E0,0.E0));
#9501=DIRECTION('',(0.E0,0.E0,1.E0));
#9502=AXIS2_PLACEMENT_3D('',#9499,#9500,#9501);
#9503=CYLINDRICAL_SURFACE('',#9502,5.E-2);
#9504=ORIENTED_EDGE('',*,*,#6540,.T.);
#9505=ORIENTED_EDGE('',*,*,#9490,.F.);
#9506=ORIENTED_EDGE('',*,*,#9390,.F.);
#9508=ORIENTED_EDGE('',*,*,#9507,.T.);
#9509=EDGE_LOOP('',(#9504,#9505,#9506,#9508));
#9510=FACE_OUTER_BOUND('',#9509,.F.);
#9512=CARTESIAN_POINT('',(6.39E0,-9.126216E0,-3.E-1));
#9513=DIRECTION('',(0.E0,1.E0,0.E0));
#9514=DIRECTION('',(0.E0,0.E0,1.E0));
#9515=AXIS2_PLACEMENT_3D('',#9512,#9513,#9514);
#9516=CYLINDRICAL_SURFACE('',#9515,3.E-1);
#9518=ORIENTED_EDGE('',*,*,#9517,.F.);
#9519=ORIENTED_EDGE('',*,*,#9448,.T.);
#9521=ORIENTED_EDGE('',*,*,#9520,.T.);
#9522=ORIENTED_EDGE('',*,*,#6542,.T.);
#9523=ORIENTED_EDGE('',*,*,#9507,.F.);
#9524=ORIENTED_EDGE('',*,*,#9388,.T.);
#9525=EDGE_LOOP('',(#9518,#9519,#9521,#9522,#9523,#9524));
#9526=FACE_OUTER_BOUND('',#9525,.F.);
#9528=CARTESIAN_POINT('',(6.69E0,-2.075E0,0.E0));
#9529=DIRECTION('',(-1.E0,0.E0,0.E0));
#9530=DIRECTION('',(0.E0,1.E0,0.E0));
#9531=AXIS2_PLACEMENT_3D('',#9528,#9529,#9530);
#9532=PLANE('',#9531);
#9533=ORIENTED_EDGE('',*,*,#9517,.T.);
#9534=ORIENTED_EDGE('',*,*,#9386,.T.);
#9535=ORIENTED_EDGE('',*,*,#9185,.F.);
#9536=ORIENTED_EDGE('',*,*,#9450,.F.);
#9537=EDGE_LOOP('',(#9533,#9534,#9535,#9536));
#9538=FACE_OUTER_BOUND('',#9537,.F.);
#9540=CARTESIAN_POINT('',(3.2068008E1,-2.275E0,-2.E-1));
#9541=DIRECTION('',(-1.E0,0.E0,0.E0));
#9542=DIRECTION('',(0.E0,0.E0,1.E0));
#9543=AXIS2_PLACEMENT_3D('',#9540,#9541,#9542);
#9544=CYLINDRICAL_SURFACE('',#9543,2.E-1);
#9545=ORIENTED_EDGE('',*,*,#9446,.F.);
#9546=ORIENTED_EDGE('',*,*,#9493,.T.);
#9547=ORIENTED_EDGE('',*,*,#6544,.T.);
#9548=ORIENTED_EDGE('',*,*,#9520,.F.);
#9549=EDGE_LOOP('',(#9545,#9546,#9547,#9548));
#9550=FACE_OUTER_BOUND('',#9549,.F.);
#9552=CARTESIAN_POINT('',(8.113528406059E0,-6.65E-1,-1.E0));
#9553=DIRECTION('',(0.E0,0.E0,1.E0));
#9554=DIRECTION('',(-1.E0,0.E0,0.E0));
#9555=AXIS2_PLACEMENT_3D('',#9552,#9553,#9554);
#9556=PLANE('',#9555);
#9557=ORIENTED_EDGE('',*,*,#9379,.F.);
#9558=ORIENTED_EDGE('',*,*,#9366,.T.);
#9559=ORIENTED_EDGE('',*,*,#9351,.T.);
#9561=ORIENTED_EDGE('',*,*,#9560,.F.);
#9562=EDGE_LOOP('',(#9557,#9558,#9559,#9561));
#9563=FACE_OUTER_BOUND('',#9562,.F.);
#9565=CARTESIAN_POINT('',(7.126471593941E0,-6.65E-1,-1.E0));
#9566=DIRECTION('',(9.335804264972E-1,0.E0,3.583679495453E-1));
#9567=DIRECTION('',(-3.583679495453E-1,0.E0,9.335804264972E-1));
#9568=AXIS2_PLACEMENT_3D('',#9565,#9566,#9567);
#9569=PLANE('',#9568);
#9570=ORIENTED_EDGE('',*,*,#9381,.F.);
#9571=ORIENTED_EDGE('',*,*,#9560,.T.);
#9572=ORIENTED_EDGE('',*,*,#9349,.T.);
#9573=ORIENTED_EDGE('',*,*,#9332,.F.);
#9574=EDGE_LOOP('',(#9570,#9571,#9572,#9573));
#9575=FACE_OUTER_BOUND('',#9574,.F.);
#9577=CARTESIAN_POINT('',(-3.013197680377E1,2.275E0,-2.E-1));
#9578=DIRECTION('',(1.E0,0.E0,0.E0));
#9579=DIRECTION('',(0.E0,0.E0,1.E0));
#9580=AXIS2_PLACEMENT_3D('',#9577,#9578,#9579);
#9581=CYLINDRICAL_SURFACE('',#9580,2.E-1);
#9583=ORIENTED_EDGE('',*,*,#9582,.F.);
#9585=ORIENTED_EDGE('',*,*,#9584,.T.);
#9586=ORIENTED_EDGE('',*,*,#6550,.T.);
#9588=ORIENTED_EDGE('',*,*,#9587,.F.);
#9589=EDGE_LOOP('',(#9583,#9585,#9586,#9588));
#9590=FACE_OUTER_BOUND('',#9589,.F.);
#9592=CARTESIAN_POINT('',(4.15E0,2.075E0,0.E0));
#9593=DIRECTION('',(0.E0,1.E0,0.E0));
#9594=DIRECTION('',(1.E0,0.E0,0.E0));
#9595=AXIS2_PLACEMENT_3D('',#9592,#9593,#9594);
#9596=PLANE('',#9595);
#9598=ORIENTED_EDGE('',*,*,#9597,.T.);
#9600=ORIENTED_EDGE('',*,*,#9599,.T.);
#9602=ORIENTED_EDGE('',*,*,#9601,.T.);
#9604=ORIENTED_EDGE('',*,*,#9603,.T.);
#9606=ORIENTED_EDGE('',*,*,#9605,.T.);
#9608=ORIENTED_EDGE('',*,*,#9607,.F.);
#9609=ORIENTED_EDGE('',*,*,#9582,.T.);
#9611=ORIENTED_EDGE('',*,*,#9610,.F.);
#9613=ORIENTED_EDGE('',*,*,#9612,.F.);
#9615=ORIENTED_EDGE('',*,*,#9614,.T.);
#9617=ORIENTED_EDGE('',*,*,#9616,.T.);
#9619=ORIENTED_EDGE('',*,*,#9618,.T.);
#9620=EDGE_LOOP('',(#9598,#9600,#9602,#9604,#9606,#9608,#9609,#9611,#9613,#9615,
#9617,#9619));
#9621=FACE_OUTER_BOUND('',#9620,.F.);
#9623=CARTESIAN_POINT('',(5.655E0,2.075E0,-4.E-1));
#9624=DIRECTION('',(0.E0,0.E0,1.E0));
#9625=DIRECTION('',(-1.E0,0.E0,0.E0));
#9626=AXIS2_PLACEMENT_3D('',#9623,#9624,#9625);
#9627=PLANE('',#9626);
#9629=ORIENTED_EDGE('',*,*,#9628,.T.);
#9631=ORIENTED_EDGE('',*,*,#9630,.F.);
#9632=ORIENTED_EDGE('',*,*,#9597,.F.);
#9634=ORIENTED_EDGE('',*,*,#9633,.T.);
#9635=EDGE_LOOP('',(#9629,#9631,#9632,#9634));
#9636=FACE_OUTER_BOUND('',#9635,.F.);
#9638=CARTESIAN_POINT('',(-2.54E0,1.87E0,-1.E0));
#9639=DIRECTION('',(0.E0,1.E0,0.E0));
#9640=DIRECTION('',(-1.E0,0.E0,0.E0));
#9641=AXIS2_PLACEMENT_3D('',#9638,#9639,#9640);
#9642=PLANE('',#9641);
#9644=ORIENTED_EDGE('',*,*,#9643,.T.);
#9646=ORIENTED_EDGE('',*,*,#9645,.F.);
#9648=ORIENTED_EDGE('',*,*,#9647,.T.);
#9650=ORIENTED_EDGE('',*,*,#9649,.F.);
#9651=ORIENTED_EDGE('',*,*,#9628,.F.);
#9653=ORIENTED_EDGE('',*,*,#9652,.T.);
#9654=EDGE_LOOP('',(#9644,#9646,#9648,#9650,#9651,#9653));
#9655=FACE_OUTER_BOUND('',#9654,.F.);
#9657=CARTESIAN_POINT('',(5.803846827080E0,6.65E-1,-4.E-1));
#9658=DIRECTION('',(9.335804264972E-1,0.E0,-3.583679495453E-1));
#9659=DIRECTION('',(-3.583679495453E-1,0.E0,-9.335804264972E-1));
#9660=AXIS2_PLACEMENT_3D('',#9657,#9658,#9659);
#9661=PLANE('',#9660);
#9663=ORIENTED_EDGE('',*,*,#9662,.T.);
#9665=ORIENTED_EDGE('',*,*,#9664,.F.);
#9666=ORIENTED_EDGE('',*,*,#9643,.F.);
#9668=ORIENTED_EDGE('',*,*,#9667,.F.);
#9669=EDGE_LOOP('',(#9663,#9665,#9666,#9668));
#9670=FACE_OUTER_BOUND('',#9669,.F.);
#9672=CARTESIAN_POINT('',(6.01E0,6.65E-1,0.E0));
#9673=DIRECTION('',(0.E0,-1.E0,0.E0));
#9674=DIRECTION('',(-1.E0,0.E0,0.E0));
#9675=AXIS2_PLACEMENT_3D('',#9672,#9673,#9674);
#9676=PLANE('',#9675);
#9678=ORIENTED_EDGE('',*,*,#9677,.F.);
#9680=ORIENTED_EDGE('',*,*,#9679,.F.);
#9682=ORIENTED_EDGE('',*,*,#9681,.F.);
#9683=ORIENTED_EDGE('',*,*,#9662,.F.);
#9685=ORIENTED_EDGE('',*,*,#9684,.F.);
#9687=ORIENTED_EDGE('',*,*,#9686,.F.);
#9689=ORIENTED_EDGE('',*,*,#9688,.T.);
#9691=ORIENTED_EDGE('',*,*,#9690,.T.);
#9693=ORIENTED_EDGE('',*,*,#9692,.F.);
#9695=ORIENTED_EDGE('',*,*,#9694,.T.);
#9697=ORIENTED_EDGE('',*,*,#9696,.F.);
#9699=ORIENTED_EDGE('',*,*,#9698,.F.);
#9701=ORIENTED_EDGE('',*,*,#9700,.T.);
#9703=ORIENTED_EDGE('',*,*,#9702,.F.);
#9704=EDGE_LOOP('',(#9678,#9680,#9682,#9683,#9685,#9687,#9689,#9691,#9693,#9695,
#9697,#9699,#9701,#9703));
#9705=FACE_OUTER_BOUND('',#9704,.F.);
#9707=CARTESIAN_POINT('',(4.505E0,2.075E0,-4.E-1));
#9708=DIRECTION('',(-2.923717047227E-1,0.E0,9.563047559630E-1));
#9709=DIRECTION('',(-9.563047559630E-1,0.E0,-2.923717047227E-1));
#9710=AXIS2_PLACEMENT_3D('',#9707,#9708,#9709);
#9711=PLANE('',#9710);
#9712=ORIENTED_EDGE('',*,*,#9649,.T.);
#9714=ORIENTED_EDGE('',*,*,#9713,.F.);
#9715=ORIENTED_EDGE('',*,*,#9677,.T.);
#9717=ORIENTED_EDGE('',*,*,#9716,.F.);
#9718=ORIENTED_EDGE('',*,*,#9599,.F.);
#9719=ORIENTED_EDGE('',*,*,#9630,.T.);
#9720=EDGE_LOOP('',(#9712,#9714,#9715,#9717,#9718,#9719));
#9721=FACE_OUTER_BOUND('',#9720,.F.);
#9723=CARTESIAN_POINT('',(4.586471593941E0,6.65E-1,-1.E0));
#9724=DIRECTION('',(-9.335804264972E-1,0.E0,-3.583679495453E-1));
#9725=DIRECTION('',(-3.583679495453E-1,0.E0,9.335804264972E-1));
#9726=AXIS2_PLACEMENT_3D('',#9723,#9724,#9725);
#9727=PLANE('',#9726);
#9728=ORIENTED_EDGE('',*,*,#9679,.T.);
#9729=ORIENTED_EDGE('',*,*,#9713,.T.);
#9730=ORIENTED_EDGE('',*,*,#9647,.F.);
#9732=ORIENTED_EDGE('',*,*,#9731,.T.);
#9733=EDGE_LOOP('',(#9728,#9729,#9730,#9732));
#9734=FACE_OUTER_BOUND('',#9733,.F.);
#9736=CARTESIAN_POINT('',(5.573528406059E0,6.65E-1,-1.E0));
#9737=DIRECTION('',(0.E0,0.E0,-1.E0));
#9738=DIRECTION('',(-1.E0,0.E0,0.E0));
#9739=AXIS2_PLACEMENT_3D('',#9736,#9737,#9738);
#9740=PLANE('',#9739);
#9741=ORIENTED_EDGE('',*,*,#9681,.T.);
#9742=ORIENTED_EDGE('',*,*,#9731,.F.);
#9743=ORIENTED_EDGE('',*,*,#9645,.T.);
#9744=ORIENTED_EDGE('',*,*,#9664,.T.);
#9745=EDGE_LOOP('',(#9741,#9742,#9743,#9744));
#9746=FACE_OUTER_BOUND('',#9745,.F.);
#9748=CARTESIAN_POINT('',(4.180058936674E0,2.075E0,-4.993444527246E-1));
#9749=DIRECTION('',(-9.335804264972E-1,0.E0,-3.583679495453E-1));
#9750=DIRECTION('',(3.583679495453E-1,0.E0,-9.335804264972E-1));
#9751=AXIS2_PLACEMENT_3D('',#9748,#9749,#9750);
#9752=PLANE('',#9751);
#9753=ORIENTED_EDGE('',*,*,#9716,.T.);
#9754=ORIENTED_EDGE('',*,*,#9702,.T.);
#9756=ORIENTED_EDGE('',*,*,#9755,.F.);
#9757=ORIENTED_EDGE('',*,*,#9601,.F.);
#9758=EDGE_LOOP('',(#9753,#9754,#9756,#9757));
#9759=FACE_OUTER_BOUND('',#9758,.F.);
#9761=CARTESIAN_POINT('',(-2.54E0,0.E0,-1.E0));
#9762=DIRECTION('',(0.E0,0.E0,-1.E0));
#9763=DIRECTION('',(0.E0,1.E0,0.E0));
#9764=AXIS2_PLACEMENT_3D('',#9761,#9762,#9763);
#9765=PLANE('',#9764);
#9766=ORIENTED_EDGE('',*,*,#9755,.T.);
#9767=ORIENTED_EDGE('',*,*,#9700,.F.);
#9769=ORIENTED_EDGE('',*,*,#9768,.F.);
#9770=ORIENTED_EDGE('',*,*,#9603,.F.);
#9771=EDGE_LOOP('',(#9766,#9767,#9769,#9770));
#9772=FACE_OUTER_BOUND('',#9771,.F.);
#9774=CARTESIAN_POINT('',(-2.54E0,0.E0,-1.E0));
#9775=DIRECTION('',(0.E0,0.E0,-1.E0));
#9776=DIRECTION('',(0.E0,1.E0,0.E0));
#9777=AXIS2_PLACEMENT_3D('',#9774,#9775,#9776);
#9778=PLANE('',#9777);
#9780=ORIENTED_EDGE('',*,*,#9779,.F.);
#9781=ORIENTED_EDGE('',*,*,#9614,.F.);
#9783=ORIENTED_EDGE('',*,*,#9782,.F.);
#9784=ORIENTED_EDGE('',*,*,#9688,.F.);
#9785=EDGE_LOOP('',(#9780,#9781,#9783,#9784));
#9786=FACE_OUTER_BOUND('',#9785,.F.);
#9788=CARTESIAN_POINT('',(-2.54E0,0.E0,-1.E0));
#9789=DIRECTION('',(0.E0,0.E0,-1.E0));
#9790=DIRECTION('',(0.E0,1.E0,0.E0));
#9791=AXIS2_PLACEMENT_3D('',#9788,#9789,#9790);
#9792=PLANE('',#9791);
#9794=ORIENTED_EDGE('',*,*,#9793,.F.);
#9796=ORIENTED_EDGE('',*,*,#9795,.T.);
#9798=ORIENTED_EDGE('',*,*,#9797,.T.);
#9800=ORIENTED_EDGE('',*,*,#9799,.T.);
#9801=EDGE_LOOP('',(#9794,#9796,#9798,#9800));
#9802=FACE_OUTER_BOUND('',#9801,.F.);
#9804=CARTESIAN_POINT('',(-2.54E0,0.E0,-1.E0));
#9805=DIRECTION('',(0.E0,0.E0,-1.E0));
#9806=DIRECTION('',(0.E0,1.E0,0.E0));
#9807=AXIS2_PLACEMENT_3D('',#9804,#9805,#9806);
#9808=PLANE('',#9807);
#9810=ORIENTED_EDGE('',*,*,#9809,.T.);
#9812=ORIENTED_EDGE('',*,*,#9811,.T.);
#9814=ORIENTED_EDGE('',*,*,#9813,.T.);
#9816=ORIENTED_EDGE('',*,*,#9815,.T.);
#9817=EDGE_LOOP('',(#9810,#9812,#9814,#9816));
#9818=FACE_OUTER_BOUND('',#9817,.F.);
#9820=CARTESIAN_POINT('',(4.15E0,6.65E-1,0.E0));
#9821=DIRECTION('',(-1.E0,0.E0,0.E0));
#9822=DIRECTION('',(0.E0,1.E0,0.E0));
#9823=AXIS2_PLACEMENT_3D('',#9820,#9821,#9822);
#9824=PLANE('',#9823);
#9826=ORIENTED_EDGE('',*,*,#9825,.T.);
#9827=ORIENTED_EDGE('',*,*,#9605,.F.);
#9828=ORIENTED_EDGE('',*,*,#9768,.T.);
#9829=ORIENTED_EDGE('',*,*,#9698,.T.);
#9830=EDGE_LOOP('',(#9826,#9827,#9828,#9829));
#9831=FACE_OUTER_BOUND('',#9830,.F.);
#9833=CARTESIAN_POINT('',(3.85E0,-9.126216E0,-3.E-1));
#9834=DIRECTION('',(0.E0,1.E0,0.E0));
#9835=DIRECTION('',(0.E0,0.E0,1.E0));
#9836=AXIS2_PLACEMENT_3D('',#9833,#9834,#9835);
#9837=CYLINDRICAL_SURFACE('',#9836,3.E-1);
#9838=ORIENTED_EDGE('',*,*,#9825,.F.);
#9839=ORIENTED_EDGE('',*,*,#9696,.T.);
#9841=ORIENTED_EDGE('',*,*,#9840,.T.);
#9842=ORIENTED_EDGE('',*,*,#6552,.T.);
#9843=ORIENTED_EDGE('',*,*,#9584,.F.);
#9844=ORIENTED_EDGE('',*,*,#9607,.T.);
#9845=EDGE_LOOP('',(#9838,#9839,#9841,#9842,#9843,#9844));
#9846=FACE_OUTER_BOUND('',#9845,.F.);
#9848=CARTESIAN_POINT('',(3.2068008E1,6.15E-1,-5.E-2));
#9849=DIRECTION('',(-1.E0,0.E0,0.E0));
#9850=DIRECTION('',(0.E0,0.E0,1.E0));
#9851=AXIS2_PLACEMENT_3D('',#9848,#9849,#9850);
#9852=CYLINDRICAL_SURFACE('',#9851,5.E-2);
#9853=ORIENTED_EDGE('',*,*,#9694,.F.);
#9855=ORIENTED_EDGE('',*,*,#9854,.T.);
#9856=ORIENTED_EDGE('',*,*,#6554,.T.);
#9857=ORIENTED_EDGE('',*,*,#9840,.F.);
#9858=EDGE_LOOP('',(#9853,#9855,#9856,#9857));
#9859=FACE_OUTER_BOUND('',#9858,.F.);
#9861=CARTESIAN_POINT('',(6.31E0,9.126216E0,-3.E-1));
#9862=DIRECTION('',(0.E0,-1.E0,0.E0));
#9863=DIRECTION('',(0.E0,0.E0,1.E0));
#9864=AXIS2_PLACEMENT_3D('',#9861,#9862,#9863);
#9865=CYLINDRICAL_SURFACE('',#9864,3.E-1);
#9866=ORIENTED_EDGE('',*,*,#6556,.T.);
#9867=ORIENTED_EDGE('',*,*,#9854,.F.);
#9868=ORIENTED_EDGE('',*,*,#9692,.T.);
#9870=ORIENTED_EDGE('',*,*,#9869,.F.);
#9871=ORIENTED_EDGE('',*,*,#9610,.T.);
#9872=ORIENTED_EDGE('',*,*,#9587,.T.);
#9873=EDGE_LOOP('',(#9866,#9867,#9868,#9870,#9871,#9872));
#9874=FACE_OUTER_BOUND('',#9873,.F.);
#9876=CARTESIAN_POINT('',(6.01E0,2.075E0,0.E0));
#9877=DIRECTION('',(1.E0,0.E0,0.E0));
#9878=DIRECTION('',(0.E0,-1.E0,0.E0));
#9879=AXIS2_PLACEMENT_3D('',#9876,#9877,#9878);
#9880=PLANE('',#9879);
#9881=ORIENTED_EDGE('',*,*,#9869,.T.);
#9882=ORIENTED_EDGE('',*,*,#9690,.F.);
#9883=ORIENTED_EDGE('',*,*,#9782,.T.);
#9884=ORIENTED_EDGE('',*,*,#9612,.T.);
#9885=EDGE_LOOP('',(#9881,#9882,#9883,#9884));
#9886=FACE_OUTER_BOUND('',#9885,.F.);
#9888=CARTESIAN_POINT('',(5.787757404786E0,2.075E0,-1.E0));
#9889=DIRECTION('',(9.335804264972E-1,0.E0,-3.583679495453E-1));
#9890=DIRECTION('',(3.583679495453E-1,0.E0,9.335804264972E-1));
#9891=AXIS2_PLACEMENT_3D('',#9888,#9889,#9890);
#9892=PLANE('',#9891);
#9894=ORIENTED_EDGE('',*,*,#9893,.F.);
#9895=ORIENTED_EDGE('',*,*,#9616,.F.);
#9896=ORIENTED_EDGE('',*,*,#9779,.T.);
#9897=ORIENTED_EDGE('',*,*,#9686,.T.);
#9898=EDGE_LOOP('',(#9894,#9895,#9896,#9897));
#9899=FACE_OUTER_BOUND('',#9898,.F.);
#9901=CARTESIAN_POINT('',(5.979941063326E0,2.075E0,-4.993444527246E-1));
#9902=DIRECTION('',(2.923717047227E-1,0.E0,9.563047559630E-1));
#9903=DIRECTION('',(-9.563047559630E-1,0.E0,2.923717047227E-1));
#9904=AXIS2_PLACEMENT_3D('',#9901,#9902,#9903);
#9905=PLANE('',#9904);
#9906=ORIENTED_EDGE('',*,*,#9652,.F.);
#9907=ORIENTED_EDGE('',*,*,#9633,.F.);
#9908=ORIENTED_EDGE('',*,*,#9618,.F.);
#9909=ORIENTED_EDGE('',*,*,#9893,.T.);
#9910=ORIENTED_EDGE('',*,*,#9684,.T.);
#9911=ORIENTED_EDGE('',*,*,#9667,.T.);
#9912=EDGE_LOOP('',(#9906,#9907,#9908,#9909,#9910,#9911));
#9913=FACE_OUTER_BOUND('',#9912,.F.);
#9915=CARTESIAN_POINT('',(4.180058936674E0,-2.075E0,-4.993444527246E-1));
#9916=DIRECTION('',(9.335804264972E-1,0.E0,3.583679495453E-1));
#9917=DIRECTION('',(3.583679495453E-1,0.E0,-9.335804264972E-1));
#9918=AXIS2_PLACEMENT_3D('',#9915,#9916,#9917);
#9919=PLANE('',#9918);
#9921=ORIENTED_EDGE('',*,*,#9920,.F.);
#9923=ORIENTED_EDGE('',*,*,#9922,.T.);
#9924=ORIENTED_EDGE('',*,*,#9793,.T.);
#9926=ORIENTED_EDGE('',*,*,#9925,.F.);
#9927=EDGE_LOOP('',(#9921,#9923,#9924,#9926));
#9928=FACE_OUTER_BOUND('',#9927,.F.);
#9930=CARTESIAN_POINT('',(4.505E0,-2.075E0,-4.E-1));
#9931=DIRECTION('',(2.923717047227E-1,0.E0,-9.563047559630E-1));
#9932=DIRECTION('',(-9.563047559630E-1,0.E0,-2.923717047227E-1));
#9933=AXIS2_PLACEMENT_3D('',#9930,#9931,#9932);
#9934=PLANE('',#9933);
#9936=ORIENTED_EDGE('',*,*,#9935,.F.);
#9938=ORIENTED_EDGE('',*,*,#9937,.F.);
#9940=ORIENTED_EDGE('',*,*,#9939,.T.);
#9941=ORIENTED_EDGE('',*,*,#9920,.T.);
#9943=ORIENTED_EDGE('',*,*,#9942,.F.);
#9945=ORIENTED_EDGE('',*,*,#9944,.T.);
#9946=EDGE_LOOP('',(#9936,#9938,#9940,#9941,#9943,#9945));
#9947=FACE_OUTER_BOUND('',#9946,.F.);
#9949=CARTESIAN_POINT('',(-2.54E0,-1.87E0,-1.E0));
#9950=DIRECTION('',(0.E0,1.E0,0.E0));
#9951=DIRECTION('',(-1.E0,0.E0,0.E0));
#9952=AXIS2_PLACEMENT_3D('',#9949,#9950,#9951);
#9953=PLANE('',#9952);
#9955=ORIENTED_EDGE('',*,*,#9954,.F.);
#9957=ORIENTED_EDGE('',*,*,#9956,.F.);
#9959=ORIENTED_EDGE('',*,*,#9958,.T.);
#9960=ORIENTED_EDGE('',*,*,#9935,.T.);
#9962=ORIENTED_EDGE('',*,*,#9961,.F.);
#9964=ORIENTED_EDGE('',*,*,#9963,.F.);
#9965=EDGE_LOOP('',(#9955,#9957,#9959,#9960,#9962,#9964));
#9966=FACE_OUTER_BOUND('',#9965,.F.);
#9968=CARTESIAN_POINT('',(5.803846827080E0,-6.65E-1,-4.E-1));
#9969=DIRECTION('',(-9.335804264972E-1,0.E0,3.583679495453E-1));
#9970=DIRECTION('',(-3.583679495453E-1,0.E0,-9.335804264972E-1));
#9971=AXIS2_PLACEMENT_3D('',#9968,#9969,#9970);
#9972=PLANE('',#9971);
#9974=ORIENTED_EDGE('',*,*,#9973,.F.);
#9976=ORIENTED_EDGE('',*,*,#9975,.T.);
#9977=ORIENTED_EDGE('',*,*,#9954,.T.);
#9979=ORIENTED_EDGE('',*,*,#9978,.F.);
#9980=EDGE_LOOP('',(#9974,#9976,#9977,#9979));
#9981=FACE_OUTER_BOUND('',#9980,.F.);
#9983=CARTESIAN_POINT('',(4.15E0,-6.65E-1,0.E0));
#9984=DIRECTION('',(0.E0,1.E0,0.E0));
#9985=DIRECTION('',(1.E0,0.E0,0.E0));
#9986=AXIS2_PLACEMENT_3D('',#9983,#9984,#9985);
#9987=PLANE('',#9986);
#9989=ORIENTED_EDGE('',*,*,#9988,.T.);
#9990=ORIENTED_EDGE('',*,*,#9973,.T.);
#9992=ORIENTED_EDGE('',*,*,#9991,.T.);
#9994=ORIENTED_EDGE('',*,*,#9993,.T.);
#9995=ORIENTED_EDGE('',*,*,#9942,.T.);
#9996=ORIENTED_EDGE('',*,*,#9925,.T.);
#9997=ORIENTED_EDGE('',*,*,#9799,.F.);
#9999=ORIENTED_EDGE('',*,*,#9998,.F.);
#10001=ORIENTED_EDGE('',*,*,#10000,.F.);
#10003=ORIENTED_EDGE('',*,*,#10002,.T.);
#10005=ORIENTED_EDGE('',*,*,#10004,.F.);
#10007=ORIENTED_EDGE('',*,*,#10006,.T.);
#10008=ORIENTED_EDGE('',*,*,#9811,.F.);
#10010=ORIENTED_EDGE('',*,*,#10009,.T.);
#10011=EDGE_LOOP('',(#9989,#9990,#9992,#9994,#9995,#9996,#9997,#9999,#10001,
#10003,#10005,#10007,#10008,#10010));
#10012=FACE_OUTER_BOUND('',#10011,.F.);
#10014=CARTESIAN_POINT('',(5.979941063326E0,-2.075E0,-4.993444527246E-1));
#10015=DIRECTION('',(-2.923717047227E-1,0.E0,-9.563047559630E-1));
#10016=DIRECTION('',(-9.563047559630E-1,0.E0,2.923717047227E-1));
#10017=AXIS2_PLACEMENT_3D('',#10014,#10015,#10016);
#10018=PLANE('',#10017);
#10019=ORIENTED_EDGE('',*,*,#9956,.T.);
#10020=ORIENTED_EDGE('',*,*,#9975,.F.);
#10021=ORIENTED_EDGE('',*,*,#9988,.F.);
#10023=ORIENTED_EDGE('',*,*,#10022,.F.);
#10025=ORIENTED_EDGE('',*,*,#10024,.T.);
#10027=ORIENTED_EDGE('',*,*,#10026,.T.);
#10028=EDGE_LOOP('',(#10019,#10020,#10021,#10023,#10025,#10027));
#10029=FACE_OUTER_BOUND('',#10028,.F.);
#10031=CARTESIAN_POINT('',(5.787757404786E0,-2.075E0,-1.E0));
#10032=DIRECTION('',(-9.335804264972E-1,0.E0,3.583679495453E-1));
#10033=DIRECTION('',(3.583679495453E-1,0.E0,9.335804264972E-1));
#10034=AXIS2_PLACEMENT_3D('',#10031,#10032,#10033);
#10035=PLANE('',#10034);
#10036=ORIENTED_EDGE('',*,*,#10022,.T.);
#10037=ORIENTED_EDGE('',*,*,#10009,.F.);
#10038=ORIENTED_EDGE('',*,*,#9809,.F.);
#10040=ORIENTED_EDGE('',*,*,#10039,.T.);
#10041=EDGE_LOOP('',(#10036,#10037,#10038,#10040));
#10042=FACE_OUTER_BOUND('',#10041,.F.);
#10044=CARTESIAN_POINT('',(6.01E0,-2.075E0,0.E0));
#10045=DIRECTION('',(0.E0,-1.E0,0.E0));
#10046=DIRECTION('',(-1.E0,0.E0,0.E0));
#10047=AXIS2_PLACEMENT_3D('',#10044,#10045,#10046);
#10048=PLANE('',#10047);
#10050=ORIENTED_EDGE('',*,*,#10049,.F.);
#10051=ORIENTED_EDGE('',*,*,#10024,.F.);
#10052=ORIENTED_EDGE('',*,*,#10039,.F.);
#10053=ORIENTED_EDGE('',*,*,#9815,.F.);
#10055=ORIENTED_EDGE('',*,*,#10054,.F.);
#10057=ORIENTED_EDGE('',*,*,#10056,.F.);
#10059=ORIENTED_EDGE('',*,*,#10058,.T.);
#10061=ORIENTED_EDGE('',*,*,#10060,.F.);
#10063=ORIENTED_EDGE('',*,*,#10062,.T.);
#10064=ORIENTED_EDGE('',*,*,#9795,.F.);
#10065=ORIENTED_EDGE('',*,*,#9922,.F.);
#10066=ORIENTED_EDGE('',*,*,#9939,.F.);
#10067=EDGE_LOOP('',(#10050,#10051,#10052,#10053,#10055,#10057,#10059,#10061,
#10063,#10064,#10065,#10066));
#10068=FACE_OUTER_BOUND('',#10067,.F.);
#10070=CARTESIAN_POINT('',(5.655E0,-2.075E0,-4.E-1));
#10071=DIRECTION('',(0.E0,0.E0,-1.E0));
#10072=DIRECTION('',(-1.E0,0.E0,0.E0));
#10073=AXIS2_PLACEMENT_3D('',#10070,#10071,#10072);
#10074=PLANE('',#10073);
#10075=ORIENTED_EDGE('',*,*,#9958,.F.);
#10076=ORIENTED_EDGE('',*,*,#10026,.F.);
#10077=ORIENTED_EDGE('',*,*,#10049,.T.);
#10078=ORIENTED_EDGE('',*,*,#9937,.T.);
#10079=EDGE_LOOP('',(#10075,#10076,#10077,#10078));
#10080=FACE_OUTER_BOUND('',#10079,.F.);
#10082=CARTESIAN_POINT('',(6.01E0,-6.65E-1,0.E0));
#10083=DIRECTION('',(1.E0,0.E0,0.E0));
#10084=DIRECTION('',(0.E0,-1.E0,0.E0));
#10085=AXIS2_PLACEMENT_3D('',#10082,#10083,#10084);
#10086=PLANE('',#10085);
#10088=ORIENTED_EDGE('',*,*,#10087,.T.);
#10089=ORIENTED_EDGE('',*,*,#10054,.T.);
#10090=ORIENTED_EDGE('',*,*,#9813,.F.);
#10091=ORIENTED_EDGE('',*,*,#10006,.F.);
#10092=EDGE_LOOP('',(#10088,#10089,#10090,#10091));
#10093=FACE_OUTER_BOUND('',#10092,.F.);
#10095=CARTESIAN_POINT('',(6.31E0,9.126216E0,-3.E-1));
#10096=DIRECTION('',(0.E0,-1.E0,0.E0));
#10097=DIRECTION('',(0.E0,0.E0,1.E0));
#10098=AXIS2_PLACEMENT_3D('',#10095,#10096,#10097);
#10099=CYLINDRICAL_SURFACE('',#10098,3.E-1);
#10100=ORIENTED_EDGE('',*,*,#10087,.F.);
#10101=ORIENTED_EDGE('',*,*,#10004,.T.);
#10103=ORIENTED_EDGE('',*,*,#10102,.T.);
#10104=ORIENTED_EDGE('',*,*,#6566,.T.);
#10106=ORIENTED_EDGE('',*,*,#10105,.F.);
#10107=ORIENTED_EDGE('',*,*,#10056,.T.);
#10108=EDGE_LOOP('',(#10100,#10101,#10103,#10104,#10106,#10107));
#10109=FACE_OUTER_BOUND('',#10108,.F.);
#10111=CARTESIAN_POINT('',(-2.907680921605E1,-6.15E-1,-5.E-2));
#10112=DIRECTION('',(1.E0,0.E0,0.E0));
#10113=DIRECTION('',(0.E0,0.E0,1.E0));
#10114=AXIS2_PLACEMENT_3D('',#10111,#10112,#10113);
#10115=CYLINDRICAL_SURFACE('',#10114,5.E-2);
#10116=ORIENTED_EDGE('',*,*,#6560,.T.);
#10117=ORIENTED_EDGE('',*,*,#10102,.F.);
#10118=ORIENTED_EDGE('',*,*,#10002,.F.);
#10120=ORIENTED_EDGE('',*,*,#10119,.T.);
#10121=EDGE_LOOP('',(#10116,#10117,#10118,#10120));
#10122=FACE_OUTER_BOUND('',#10121,.F.);
#10124=CARTESIAN_POINT('',(3.85E0,-9.126216E0,-3.E-1));
#10125=DIRECTION('',(0.E0,1.E0,0.E0));
#10126=DIRECTION('',(0.E0,0.E0,1.E0));
#10127=AXIS2_PLACEMENT_3D('',#10124,#10125,#10126);
#10128=CYLINDRICAL_SURFACE('',#10127,3.E-1);
#10130=ORIENTED_EDGE('',*,*,#10129,.F.);
#10131=ORIENTED_EDGE('',*,*,#10060,.T.);
#10133=ORIENTED_EDGE('',*,*,#10132,.T.);
#10134=ORIENTED_EDGE('',*,*,#6562,.T.);
#10135=ORIENTED_EDGE('',*,*,#10119,.F.);
#10136=ORIENTED_EDGE('',*,*,#10000,.T.);
#10137=EDGE_LOOP('',(#10130,#10131,#10133,#10134,#10135,#10136));
#10138=FACE_OUTER_BOUND('',#10137,.F.);
#10140=CARTESIAN_POINT('',(4.15E0,-2.075E0,0.E0));
#10141=DIRECTION('',(-1.E0,0.E0,0.E0));
#10142=DIRECTION('',(0.E0,1.E0,0.E0));
#10143=AXIS2_PLACEMENT_3D('',#10140,#10141,#10142);
#10144=PLANE('',#10143);
#10145=ORIENTED_EDGE('',*,*,#10129,.T.);
#10146=ORIENTED_EDGE('',*,*,#9998,.T.);
#10147=ORIENTED_EDGE('',*,*,#9797,.F.);
#10148=ORIENTED_EDGE('',*,*,#10062,.F.);
#10149=EDGE_LOOP('',(#10145,#10146,#10147,#10148));
#10150=FACE_OUTER_BOUND('',#10149,.F.);
#10152=CARTESIAN_POINT('',(3.2068008E1,-2.275E0,-2.E-1));
#10153=DIRECTION('',(-1.E0,0.E0,0.E0));
#10154=DIRECTION('',(0.E0,0.E0,1.E0));
#10155=AXIS2_PLACEMENT_3D('',#10152,#10153,#10154);
#10156=CYLINDRICAL_SURFACE('',#10155,2.E-1);
#10157=ORIENTED_EDGE('',*,*,#10058,.F.);
#10158=ORIENTED_EDGE('',*,*,#10105,.T.);
#10159=ORIENTED_EDGE('',*,*,#6564,.T.);
#10160=ORIENTED_EDGE('',*,*,#10132,.F.);
#10161=EDGE_LOOP('',(#10157,#10158,#10159,#10160));
#10162=FACE_OUTER_BOUND('',#10161,.F.);
#10164=CARTESIAN_POINT('',(5.573528406059E0,-6.65E-1,-1.E0));
#10165=DIRECTION('',(0.E0,0.E0,1.E0));
#10166=DIRECTION('',(-1.E0,0.E0,0.E0));
#10167=AXIS2_PLACEMENT_3D('',#10164,#10165,#10166);
#10168=PLANE('',#10167);
#10169=ORIENTED_EDGE('',*,*,#9991,.F.);
#10170=ORIENTED_EDGE('',*,*,#9978,.T.);
#10171=ORIENTED_EDGE('',*,*,#9963,.T.);
#10173=ORIENTED_EDGE('',*,*,#10172,.F.);
#10174=EDGE_LOOP('',(#10169,#10170,#10171,#10173));
#10175=FACE_OUTER_BOUND('',#10174,.F.);
#10177=CARTESIAN_POINT('',(4.586471593941E0,-6.65E-1,-1.E0));
#10178=DIRECTION('',(9.335804264972E-1,0.E0,3.583679495453E-1));
#10179=DIRECTION('',(-3.583679495453E-1,0.E0,9.335804264972E-1));
#10180=AXIS2_PLACEMENT_3D('',#10177,#10178,#10179);
#10181=PLANE('',#10180);
#10182=ORIENTED_EDGE('',*,*,#9993,.F.);
#10183=ORIENTED_EDGE('',*,*,#10172,.T.);
#10184=ORIENTED_EDGE('',*,*,#9961,.T.);
#10185=ORIENTED_EDGE('',*,*,#9944,.F.);
#10186=EDGE_LOOP('',(#10182,#10183,#10184,#10185));
#10187=FACE_OUTER_BOUND('',#10186,.F.);
#10189=CARTESIAN_POINT('',(-2.834031917078E1,2.275E0,-2.E-1));
#10190=DIRECTION('',(1.E0,0.E0,0.E0));
#10191=DIRECTION('',(0.E0,0.E0,1.E0));
#10192=AXIS2_PLACEMENT_3D('',#10189,#10190,#10191);
#10193=CYLINDRICAL_SURFACE('',#10192,2.E-1);
#10195=ORIENTED_EDGE('',*,*,#10194,.F.);
#10197=ORIENTED_EDGE('',*,*,#10196,.T.);
#10198=ORIENTED_EDGE('',*,*,#6570,.T.);
#10200=ORIENTED_EDGE('',*,*,#10199,.F.);
#10201=EDGE_LOOP('',(#10195,#10197,#10198,#10200));
#10202=FACE_OUTER_BOUND('',#10201,.F.);
#10204=CARTESIAN_POINT('',(1.61E0,2.075E0,0.E0));
#10205=DIRECTION('',(0.E0,1.E0,0.E0));
#10206=DIRECTION('',(1.E0,0.E0,0.E0));
#10207=AXIS2_PLACEMENT_3D('',#10204,#10205,#10206);
#10208=PLANE('',#10207);
#10210=ORIENTED_EDGE('',*,*,#10209,.T.);
#10212=ORIENTED_EDGE('',*,*,#10211,.T.);
#10214=ORIENTED_EDGE('',*,*,#10213,.T.);
#10216=ORIENTED_EDGE('',*,*,#10215,.T.);
#10218=ORIENTED_EDGE('',*,*,#10217,.T.);
#10220=ORIENTED_EDGE('',*,*,#10219,.F.);
#10221=ORIENTED_EDGE('',*,*,#10194,.T.);
#10223=ORIENTED_EDGE('',*,*,#10222,.F.);
#10225=ORIENTED_EDGE('',*,*,#10224,.F.);
#10227=ORIENTED_EDGE('',*,*,#10226,.T.);
#10229=ORIENTED_EDGE('',*,*,#10228,.T.);
#10231=ORIENTED_EDGE('',*,*,#10230,.T.);
#10232=EDGE_LOOP('',(#10210,#10212,#10214,#10216,#10218,#10220,#10221,#10223,
#10225,#10227,#10229,#10231));
#10233=FACE_OUTER_BOUND('',#10232,.F.);
#10235=CARTESIAN_POINT('',(3.115E0,2.075E0,-4.E-1));
#10236=DIRECTION('',(0.E0,0.E0,1.E0));
#10237=DIRECTION('',(-1.E0,0.E0,0.E0));
#10238=AXIS2_PLACEMENT_3D('',#10235,#10236,#10237);
#10239=PLANE('',#10238);
#10241=ORIENTED_EDGE('',*,*,#10240,.T.);
#10243=ORIENTED_EDGE('',*,*,#10242,.F.);
#10244=ORIENTED_EDGE('',*,*,#10209,.F.);
#10246=ORIENTED_EDGE('',*,*,#10245,.T.);
#10247=EDGE_LOOP('',(#10241,#10243,#10244,#10246));
#10248=FACE_OUTER_BOUND('',#10247,.F.);
#10250=CARTESIAN_POINT('',(-5.08E0,1.87E0,-1.E0));
#10251=DIRECTION('',(0.E0,1.E0,0.E0));
#10252=DIRECTION('',(-1.E0,0.E0,0.E0));
#10253=AXIS2_PLACEMENT_3D('',#10250,#10251,#10252);
#10254=PLANE('',#10253);
#10256=ORIENTED_EDGE('',*,*,#10255,.T.);
#10258=ORIENTED_EDGE('',*,*,#10257,.F.);
#10260=ORIENTED_EDGE('',*,*,#10259,.T.);
#10262=ORIENTED_EDGE('',*,*,#10261,.F.);
#10263=ORIENTED_EDGE('',*,*,#10240,.F.);
#10265=ORIENTED_EDGE('',*,*,#10264,.T.);
#10266=EDGE_LOOP('',(#10256,#10258,#10260,#10262,#10263,#10265));
#10267=FACE_OUTER_BOUND('',#10266,.F.);
#10269=CARTESIAN_POINT('',(3.263846827080E0,6.65E-1,-4.E-1));
#10270=DIRECTION('',(9.335804264972E-1,0.E0,-3.583679495453E-1));
#10271=DIRECTION('',(-3.583679495453E-1,0.E0,-9.335804264972E-1));
#10272=AXIS2_PLACEMENT_3D('',#10269,#10270,#10271);
#10273=PLANE('',#10272);
#10275=ORIENTED_EDGE('',*,*,#10274,.T.);
#10277=ORIENTED_EDGE('',*,*,#10276,.F.);
#10278=ORIENTED_EDGE('',*,*,#10255,.F.);
#10280=ORIENTED_EDGE('',*,*,#10279,.F.);
#10281=EDGE_LOOP('',(#10275,#10277,#10278,#10280));
#10282=FACE_OUTER_BOUND('',#10281,.F.);
#10284=CARTESIAN_POINT('',(3.47E0,6.65E-1,0.E0));
#10285=DIRECTION('',(0.E0,-1.E0,0.E0));
#10286=DIRECTION('',(-1.E0,0.E0,0.E0));
#10287=AXIS2_PLACEMENT_3D('',#10284,#10285,#10286);
#10288=PLANE('',#10287);
#10290=ORIENTED_EDGE('',*,*,#10289,.F.);
#10292=ORIENTED_EDGE('',*,*,#10291,.F.);
#10294=ORIENTED_EDGE('',*,*,#10293,.F.);
#10295=ORIENTED_EDGE('',*,*,#10274,.F.);
#10297=ORIENTED_EDGE('',*,*,#10296,.F.);
#10299=ORIENTED_EDGE('',*,*,#10298,.F.);
#10301=ORIENTED_EDGE('',*,*,#10300,.T.);
#10303=ORIENTED_EDGE('',*,*,#10302,.T.);
#10305=ORIENTED_EDGE('',*,*,#10304,.F.);
#10307=ORIENTED_EDGE('',*,*,#10306,.T.);
#10309=ORIENTED_EDGE('',*,*,#10308,.F.);
#10311=ORIENTED_EDGE('',*,*,#10310,.F.);
#10313=ORIENTED_EDGE('',*,*,#10312,.T.);
#10315=ORIENTED_EDGE('',*,*,#10314,.F.);
#10316=EDGE_LOOP('',(#10290,#10292,#10294,#10295,#10297,#10299,#10301,#10303,
#10305,#10307,#10309,#10311,#10313,#10315));
#10317=FACE_OUTER_BOUND('',#10316,.F.);
#10319=CARTESIAN_POINT('',(1.965E0,2.075E0,-4.E-1));
#10320=DIRECTION('',(-2.923717047227E-1,0.E0,9.563047559630E-1));
#10321=DIRECTION('',(-9.563047559630E-1,0.E0,-2.923717047227E-1));
#10322=AXIS2_PLACEMENT_3D('',#10319,#10320,#10321);
#10323=PLANE('',#10322);
#10324=ORIENTED_EDGE('',*,*,#10261,.T.);
#10326=ORIENTED_EDGE('',*,*,#10325,.F.);
#10327=ORIENTED_EDGE('',*,*,#10289,.T.);
#10329=ORIENTED_EDGE('',*,*,#10328,.F.);
#10330=ORIENTED_EDGE('',*,*,#10211,.F.);
#10331=ORIENTED_EDGE('',*,*,#10242,.T.);
#10332=EDGE_LOOP('',(#10324,#10326,#10327,#10329,#10330,#10331));
#10333=FACE_OUTER_BOUND('',#10332,.F.);
#10335=CARTESIAN_POINT('',(2.046471593941E0,6.65E-1,-1.E0));
#10336=DIRECTION('',(-9.335804264972E-1,0.E0,-3.583679495453E-1));
#10337=DIRECTION('',(-3.583679495453E-1,0.E0,9.335804264972E-1));
#10338=AXIS2_PLACEMENT_3D('',#10335,#10336,#10337);
#10339=PLANE('',#10338);
#10340=ORIENTED_EDGE('',*,*,#10291,.T.);
#10341=ORIENTED_EDGE('',*,*,#10325,.T.);
#10342=ORIENTED_EDGE('',*,*,#10259,.F.);
#10344=ORIENTED_EDGE('',*,*,#10343,.T.);
#10345=EDGE_LOOP('',(#10340,#10341,#10342,#10344));
#10346=FACE_OUTER_BOUND('',#10345,.F.);
#10348=CARTESIAN_POINT('',(3.033528406059E0,6.65E-1,-1.E0));
#10349=DIRECTION('',(0.E0,0.E0,-1.E0));
#10350=DIRECTION('',(-1.E0,0.E0,0.E0));
#10351=AXIS2_PLACEMENT_3D('',#10348,#10349,#10350);
#10352=PLANE('',#10351);
#10353=ORIENTED_EDGE('',*,*,#10293,.T.);
#10354=ORIENTED_EDGE('',*,*,#10343,.F.);
#10355=ORIENTED_EDGE('',*,*,#10257,.T.);
#10356=ORIENTED_EDGE('',*,*,#10276,.T.);
#10357=EDGE_LOOP('',(#10353,#10354,#10355,#10356));
#10358=FACE_OUTER_BOUND('',#10357,.F.);
#10360=CARTESIAN_POINT('',(1.640058936674E0,2.075E0,-4.993444527246E-1));
#10361=DIRECTION('',(-9.335804264972E-1,0.E0,-3.583679495453E-1));
#10362=DIRECTION('',(3.583679495453E-1,0.E0,-9.335804264972E-1));
#10363=AXIS2_PLACEMENT_3D('',#10360,#10361,#10362);
#10364=PLANE('',#10363);
#10365=ORIENTED_EDGE('',*,*,#10328,.T.);
#10366=ORIENTED_EDGE('',*,*,#10314,.T.);
#10368=ORIENTED_EDGE('',*,*,#10367,.F.);
#10369=ORIENTED_EDGE('',*,*,#10213,.F.);
#10370=EDGE_LOOP('',(#10365,#10366,#10368,#10369));
#10371=FACE_OUTER_BOUND('',#10370,.F.);
#10373=CARTESIAN_POINT('',(-5.08E0,0.E0,-1.E0));
#10374=DIRECTION('',(0.E0,0.E0,-1.E0));
#10375=DIRECTION('',(0.E0,1.E0,0.E0));
#10376=AXIS2_PLACEMENT_3D('',#10373,#10374,#10375);
#10377=PLANE('',#10376);
#10378=ORIENTED_EDGE('',*,*,#10367,.T.);
#10379=ORIENTED_EDGE('',*,*,#10312,.F.);
#10381=ORIENTED_EDGE('',*,*,#10380,.F.);
#10382=ORIENTED_EDGE('',*,*,#10215,.F.);
#10383=EDGE_LOOP('',(#10378,#10379,#10381,#10382));
#10384=FACE_OUTER_BOUND('',#10383,.F.);
#10386=CARTESIAN_POINT('',(-5.08E0,0.E0,-1.E0));
#10387=DIRECTION('',(0.E0,0.E0,-1.E0));
#10388=DIRECTION('',(0.E0,1.E0,0.E0));
#10389=AXIS2_PLACEMENT_3D('',#10386,#10387,#10388);
#10390=PLANE('',#10389);
#10392=ORIENTED_EDGE('',*,*,#10391,.F.);
#10393=ORIENTED_EDGE('',*,*,#10226,.F.);
#10395=ORIENTED_EDGE('',*,*,#10394,.F.);
#10396=ORIENTED_EDGE('',*,*,#10300,.F.);
#10397=EDGE_LOOP('',(#10392,#10393,#10395,#10396));
#10398=FACE_OUTER_BOUND('',#10397,.F.);
#10400=CARTESIAN_POINT('',(-5.08E0,0.E0,-1.E0));
#10401=DIRECTION('',(0.E0,0.E0,-1.E0));
#10402=DIRECTION('',(0.E0,1.E0,0.E0));
#10403=AXIS2_PLACEMENT_3D('',#10400,#10401,#10402);
#10404=PLANE('',#10403);
#10406=ORIENTED_EDGE('',*,*,#10405,.F.);
#10408=ORIENTED_EDGE('',*,*,#10407,.T.);
#10410=ORIENTED_EDGE('',*,*,#10409,.T.);
#10412=ORIENTED_EDGE('',*,*,#10411,.T.);
#10413=EDGE_LOOP('',(#10406,#10408,#10410,#10412));
#10414=FACE_OUTER_BOUND('',#10413,.F.);
#10416=CARTESIAN_POINT('',(-5.08E0,0.E0,-1.E0));
#10417=DIRECTION('',(0.E0,0.E0,-1.E0));
#10418=DIRECTION('',(0.E0,1.E0,0.E0));
#10419=AXIS2_PLACEMENT_3D('',#10416,#10417,#10418);
#10420=PLANE('',#10419);
#10422=ORIENTED_EDGE('',*,*,#10421,.T.);
#10424=ORIENTED_EDGE('',*,*,#10423,.T.);
#10426=ORIENTED_EDGE('',*,*,#10425,.T.);
#10428=ORIENTED_EDGE('',*,*,#10427,.T.);
#10429=EDGE_LOOP('',(#10422,#10424,#10426,#10428));
#10430=FACE_OUTER_BOUND('',#10429,.F.);
#10432=CARTESIAN_POINT('',(1.61E0,6.65E-1,0.E0));
#10433=DIRECTION('',(-1.E0,0.E0,0.E0));
#10434=DIRECTION('',(0.E0,1.E0,0.E0));
#10435=AXIS2_PLACEMENT_3D('',#10432,#10433,#10434);
#10436=PLANE('',#10435);
#10438=ORIENTED_EDGE('',*,*,#10437,.T.);
#10439=ORIENTED_EDGE('',*,*,#10217,.F.);
#10440=ORIENTED_EDGE('',*,*,#10380,.T.);
#10441=ORIENTED_EDGE('',*,*,#10310,.T.);
#10442=EDGE_LOOP('',(#10438,#10439,#10440,#10441));
#10443=FACE_OUTER_BOUND('',#10442,.F.);
#10445=CARTESIAN_POINT('',(1.31E0,-9.126216E0,-3.E-1));
#10446=DIRECTION('',(0.E0,1.E0,0.E0));
#10447=DIRECTION('',(0.E0,0.E0,1.E0));
#10448=AXIS2_PLACEMENT_3D('',#10445,#10446,#10447);
#10449=CYLINDRICAL_SURFACE('',#10448,3.E-1);
#10450=ORIENTED_EDGE('',*,*,#10437,.F.);
#10451=ORIENTED_EDGE('',*,*,#10308,.T.);
#10453=ORIENTED_EDGE('',*,*,#10452,.T.);
#10454=ORIENTED_EDGE('',*,*,#6572,.T.);
#10455=ORIENTED_EDGE('',*,*,#10196,.F.);
#10456=ORIENTED_EDGE('',*,*,#10219,.T.);
#10457=EDGE_LOOP('',(#10450,#10451,#10453,#10454,#10455,#10456));
#10458=FACE_OUTER_BOUND('',#10457,.F.);
#10460=CARTESIAN_POINT('',(3.2068008E1,6.15E-1,-5.E-2));
#10461=DIRECTION('',(-1.E0,0.E0,0.E0));
#10462=DIRECTION('',(0.E0,0.E0,1.E0));
#10463=AXIS2_PLACEMENT_3D('',#10460,#10461,#10462);
#10464=CYLINDRICAL_SURFACE('',#10463,5.E-2);
#10465=ORIENTED_EDGE('',*,*,#10306,.F.);
#10467=ORIENTED_EDGE('',*,*,#10466,.T.);
#10468=ORIENTED_EDGE('',*,*,#6574,.T.);
#10469=ORIENTED_EDGE('',*,*,#10452,.F.);
#10470=EDGE_LOOP('',(#10465,#10467,#10468,#10469));
#10471=FACE_OUTER_BOUND('',#10470,.F.);
#10473=CARTESIAN_POINT('',(3.77E0,9.126216E0,-3.E-1));
#10474=DIRECTION('',(0.E0,-1.E0,0.E0));
#10475=DIRECTION('',(0.E0,0.E0,1.E0));
#10476=AXIS2_PLACEMENT_3D('',#10473,#10474,#10475);
#10477=CYLINDRICAL_SURFACE('',#10476,3.E-1);
#10478=ORIENTED_EDGE('',*,*,#6576,.T.);
#10479=ORIENTED_EDGE('',*,*,#10466,.F.);
#10480=ORIENTED_EDGE('',*,*,#10304,.T.);
#10482=ORIENTED_EDGE('',*,*,#10481,.F.);
#10483=ORIENTED_EDGE('',*,*,#10222,.T.);
#10484=ORIENTED_EDGE('',*,*,#10199,.T.);
#10485=EDGE_LOOP('',(#10478,#10479,#10480,#10482,#10483,#10484));
#10486=FACE_OUTER_BOUND('',#10485,.F.);
#10488=CARTESIAN_POINT('',(3.47E0,2.075E0,0.E0));
#10489=DIRECTION('',(1.E0,0.E0,0.E0));
#10490=DIRECTION('',(0.E0,-1.E0,0.E0));
#10491=AXIS2_PLACEMENT_3D('',#10488,#10489,#10490);
#10492=PLANE('',#10491);
#10493=ORIENTED_EDGE('',*,*,#10481,.T.);
#10494=ORIENTED_EDGE('',*,*,#10302,.F.);
#10495=ORIENTED_EDGE('',*,*,#10394,.T.);
#10496=ORIENTED_EDGE('',*,*,#10224,.T.);
#10497=EDGE_LOOP('',(#10493,#10494,#10495,#10496));
#10498=FACE_OUTER_BOUND('',#10497,.F.);
#10500=CARTESIAN_POINT('',(3.247757404786E0,2.075E0,-1.E0));
#10501=DIRECTION('',(9.335804264972E-1,0.E0,-3.583679495453E-1));
#10502=DIRECTION('',(3.583679495453E-1,0.E0,9.335804264972E-1));
#10503=AXIS2_PLACEMENT_3D('',#10500,#10501,#10502);
#10504=PLANE('',#10503);
#10506=ORIENTED_EDGE('',*,*,#10505,.F.);
#10507=ORIENTED_EDGE('',*,*,#10228,.F.);
#10508=ORIENTED_EDGE('',*,*,#10391,.T.);
#10509=ORIENTED_EDGE('',*,*,#10298,.T.);
#10510=EDGE_LOOP('',(#10506,#10507,#10508,#10509));
#10511=FACE_OUTER_BOUND('',#10510,.F.);
#10513=CARTESIAN_POINT('',(3.439941063326E0,2.075E0,-4.993444527246E-1));
#10514=DIRECTION('',(2.923717047227E-1,0.E0,9.563047559630E-1));
#10515=DIRECTION('',(-9.563047559630E-1,0.E0,2.923717047227E-1));
#10516=AXIS2_PLACEMENT_3D('',#10513,#10514,#10515);
#10517=PLANE('',#10516);
#10518=ORIENTED_EDGE('',*,*,#10264,.F.);
#10519=ORIENTED_EDGE('',*,*,#10245,.F.);
#10520=ORIENTED_EDGE('',*,*,#10230,.F.);
#10521=ORIENTED_EDGE('',*,*,#10505,.T.);
#10522=ORIENTED_EDGE('',*,*,#10296,.T.);
#10523=ORIENTED_EDGE('',*,*,#10279,.T.);
#10524=EDGE_LOOP('',(#10518,#10519,#10520,#10521,#10522,#10523));
#10525=FACE_OUTER_BOUND('',#10524,.F.);
#10527=CARTESIAN_POINT('',(1.640058936674E0,-2.075E0,-4.993444527246E-1));
#10528=DIRECTION('',(9.335804264972E-1,0.E0,3.583679495453E-1));
#10529=DIRECTION('',(3.583679495453E-1,0.E0,-9.335804264972E-1));
#10530=AXIS2_PLACEMENT_3D('',#10527,#10528,#10529);
#10531=PLANE('',#10530);
#10533=ORIENTED_EDGE('',*,*,#10532,.F.);
#10535=ORIENTED_EDGE('',*,*,#10534,.T.);
#10536=ORIENTED_EDGE('',*,*,#10405,.T.);
#10538=ORIENTED_EDGE('',*,*,#10537,.F.);
#10539=EDGE_LOOP('',(#10533,#10535,#10536,#10538));
#10540=FACE_OUTER_BOUND('',#10539,.F.);
#10542=CARTESIAN_POINT('',(1.965E0,-2.075E0,-4.E-1));
#10543=DIRECTION('',(2.923717047227E-1,0.E0,-9.563047559630E-1));
#10544=DIRECTION('',(-9.563047559630E-1,0.E0,-2.923717047227E-1));
#10545=AXIS2_PLACEMENT_3D('',#10542,#10543,#10544);
#10546=PLANE('',#10545);
#10548=ORIENTED_EDGE('',*,*,#10547,.F.);
#10550=ORIENTED_EDGE('',*,*,#10549,.F.);
#10552=ORIENTED_EDGE('',*,*,#10551,.T.);
#10553=ORIENTED_EDGE('',*,*,#10532,.T.);
#10555=ORIENTED_EDGE('',*,*,#10554,.F.);
#10557=ORIENTED_EDGE('',*,*,#10556,.T.);
#10558=EDGE_LOOP('',(#10548,#10550,#10552,#10553,#10555,#10557));
#10559=FACE_OUTER_BOUND('',#10558,.F.);
#10561=CARTESIAN_POINT('',(-5.08E0,-1.87E0,-1.E0));
#10562=DIRECTION('',(0.E0,1.E0,0.E0));
#10563=DIRECTION('',(-1.E0,0.E0,0.E0));
#10564=AXIS2_PLACEMENT_3D('',#10561,#10562,#10563);
#10565=PLANE('',#10564);
#10567=ORIENTED_EDGE('',*,*,#10566,.F.);
#10569=ORIENTED_EDGE('',*,*,#10568,.F.);
#10571=ORIENTED_EDGE('',*,*,#10570,.T.);
#10572=ORIENTED_EDGE('',*,*,#10547,.T.);
#10574=ORIENTED_EDGE('',*,*,#10573,.F.);
#10576=ORIENTED_EDGE('',*,*,#10575,.F.);
#10577=EDGE_LOOP('',(#10567,#10569,#10571,#10572,#10574,#10576));
#10578=FACE_OUTER_BOUND('',#10577,.F.);
#10580=CARTESIAN_POINT('',(3.263846827080E0,-6.65E-1,-4.E-1));
#10581=DIRECTION('',(-9.335804264972E-1,0.E0,3.583679495453E-1));
#10582=DIRECTION('',(-3.583679495453E-1,0.E0,-9.335804264972E-1));
#10583=AXIS2_PLACEMENT_3D('',#10580,#10581,#10582);
#10584=PLANE('',#10583);
#10586=ORIENTED_EDGE('',*,*,#10585,.F.);
#10588=ORIENTED_EDGE('',*,*,#10587,.T.);
#10589=ORIENTED_EDGE('',*,*,#10566,.T.);
#10591=ORIENTED_EDGE('',*,*,#10590,.F.);
#10592=EDGE_LOOP('',(#10586,#10588,#10589,#10591));
#10593=FACE_OUTER_BOUND('',#10592,.F.);
#10595=CARTESIAN_POINT('',(1.61E0,-6.65E-1,0.E0));
#10596=DIRECTION('',(0.E0,1.E0,0.E0));
#10597=DIRECTION('',(1.E0,0.E0,0.E0));
#10598=AXIS2_PLACEMENT_3D('',#10595,#10596,#10597);
#10599=PLANE('',#10598);
#10601=ORIENTED_EDGE('',*,*,#10600,.T.);
#10602=ORIENTED_EDGE('',*,*,#10585,.T.);
#10604=ORIENTED_EDGE('',*,*,#10603,.T.);
#10606=ORIENTED_EDGE('',*,*,#10605,.T.);
#10607=ORIENTED_EDGE('',*,*,#10554,.T.);
#10608=ORIENTED_EDGE('',*,*,#10537,.T.);
#10609=ORIENTED_EDGE('',*,*,#10411,.F.);
#10611=ORIENTED_EDGE('',*,*,#10610,.F.);
#10613=ORIENTED_EDGE('',*,*,#10612,.F.);
#10615=ORIENTED_EDGE('',*,*,#10614,.T.);
#10617=ORIENTED_EDGE('',*,*,#10616,.F.);
#10619=ORIENTED_EDGE('',*,*,#10618,.T.);
#10620=ORIENTED_EDGE('',*,*,#10423,.F.);
#10622=ORIENTED_EDGE('',*,*,#10621,.T.);
#10623=EDGE_LOOP('',(#10601,#10602,#10604,#10606,#10607,#10608,#10609,#10611,
#10613,#10615,#10617,#10619,#10620,#10622));
#10624=FACE_OUTER_BOUND('',#10623,.F.);
#10626=CARTESIAN_POINT('',(3.439941063326E0,-2.075E0,-4.993444527246E-1));
#10627=DIRECTION('',(-2.923717047227E-1,0.E0,-9.563047559630E-1));
#10628=DIRECTION('',(-9.563047559630E-1,0.E0,2.923717047227E-1));
#10629=AXIS2_PLACEMENT_3D('',#10626,#10627,#10628);
#10630=PLANE('',#10629);
#10631=ORIENTED_EDGE('',*,*,#10568,.T.);
#10632=ORIENTED_EDGE('',*,*,#10587,.F.);
#10633=ORIENTED_EDGE('',*,*,#10600,.F.);
#10635=ORIENTED_EDGE('',*,*,#10634,.F.);
#10637=ORIENTED_EDGE('',*,*,#10636,.T.);
#10639=ORIENTED_EDGE('',*,*,#10638,.T.);
#10640=EDGE_LOOP('',(#10631,#10632,#10633,#10635,#10637,#10639));
#10641=FACE_OUTER_BOUND('',#10640,.F.);
#10643=CARTESIAN_POINT('',(3.247757404786E0,-2.075E0,-1.E0));
#10644=DIRECTION('',(-9.335804264972E-1,0.E0,3.583679495453E-1));
#10645=DIRECTION('',(3.583679495453E-1,0.E0,9.335804264972E-1));
#10646=AXIS2_PLACEMENT_3D('',#10643,#10644,#10645);
#10647=PLANE('',#10646);
#10648=ORIENTED_EDGE('',*,*,#10634,.T.);
#10649=ORIENTED_EDGE('',*,*,#10621,.F.);
#10650=ORIENTED_EDGE('',*,*,#10421,.F.);
#10652=ORIENTED_EDGE('',*,*,#10651,.T.);
#10653=EDGE_LOOP('',(#10648,#10649,#10650,#10652));
#10654=FACE_OUTER_BOUND('',#10653,.F.);
#10656=CARTESIAN_POINT('',(3.47E0,-2.075E0,0.E0));
#10657=DIRECTION('',(0.E0,-1.E0,0.E0));
#10658=DIRECTION('',(-1.E0,0.E0,0.E0));
#10659=AXIS2_PLACEMENT_3D('',#10656,#10657,#10658);
#10660=PLANE('',#10659);
#10662=ORIENTED_EDGE('',*,*,#10661,.F.);
#10663=ORIENTED_EDGE('',*,*,#10636,.F.);
#10664=ORIENTED_EDGE('',*,*,#10651,.F.);
#10665=ORIENTED_EDGE('',*,*,#10427,.F.);
#10667=ORIENTED_EDGE('',*,*,#10666,.F.);
#10669=ORIENTED_EDGE('',*,*,#10668,.F.);
#10671=ORIENTED_EDGE('',*,*,#10670,.T.);
#10673=ORIENTED_EDGE('',*,*,#10672,.F.);
#10675=ORIENTED_EDGE('',*,*,#10674,.T.);
#10676=ORIENTED_EDGE('',*,*,#10407,.F.);
#10677=ORIENTED_EDGE('',*,*,#10534,.F.);
#10678=ORIENTED_EDGE('',*,*,#10551,.F.);
#10679=EDGE_LOOP('',(#10662,#10663,#10664,#10665,#10667,#10669,#10671,#10673,
#10675,#10676,#10677,#10678));
#10680=FACE_OUTER_BOUND('',#10679,.F.);
#10682=CARTESIAN_POINT('',(3.115E0,-2.075E0,-4.E-1));
#10683=DIRECTION('',(0.E0,0.E0,-1.E0));
#10684=DIRECTION('',(-1.E0,0.E0,0.E0));
#10685=AXIS2_PLACEMENT_3D('',#10682,#10683,#10684);
#10686=PLANE('',#10685);
#10687=ORIENTED_EDGE('',*,*,#10570,.F.);
#10688=ORIENTED_EDGE('',*,*,#10638,.F.);
#10689=ORIENTED_EDGE('',*,*,#10661,.T.);
#10690=ORIENTED_EDGE('',*,*,#10549,.T.);
#10691=EDGE_LOOP('',(#10687,#10688,#10689,#10690));
#10692=FACE_OUTER_BOUND('',#10691,.F.);
#10694=CARTESIAN_POINT('',(3.47E0,-6.65E-1,0.E0));
#10695=DIRECTION('',(1.E0,0.E0,0.E0));
#10696=DIRECTION('',(0.E0,-1.E0,0.E0));
#10697=AXIS2_PLACEMENT_3D('',#10694,#10695,#10696);
#10698=PLANE('',#10697);
#10700=ORIENTED_EDGE('',*,*,#10699,.T.);
#10701=ORIENTED_EDGE('',*,*,#10666,.T.);
#10702=ORIENTED_EDGE('',*,*,#10425,.F.);
#10703=ORIENTED_EDGE('',*,*,#10618,.F.);
#10704=EDGE_LOOP('',(#10700,#10701,#10702,#10703));
#10705=FACE_OUTER_BOUND('',#10704,.F.);
#10707=CARTESIAN_POINT('',(3.77E0,9.126216E0,-3.E-1));
#10708=DIRECTION('',(0.E0,-1.E0,0.E0));
#10709=DIRECTION('',(0.E0,0.E0,1.E0));
#10710=AXIS2_PLACEMENT_3D('',#10707,#10708,#10709);
#10711=CYLINDRICAL_SURFACE('',#10710,3.E-1);
#10712=ORIENTED_EDGE('',*,*,#10699,.F.);
#10713=ORIENTED_EDGE('',*,*,#10616,.T.);
#10715=ORIENTED_EDGE('',*,*,#10714,.T.);
#10716=ORIENTED_EDGE('',*,*,#6586,.T.);
#10718=ORIENTED_EDGE('',*,*,#10717,.F.);
#10719=ORIENTED_EDGE('',*,*,#10668,.T.);
#10720=EDGE_LOOP('',(#10712,#10713,#10715,#10716,#10718,#10719));
#10721=FACE_OUTER_BOUND('',#10720,.F.);
#10723=CARTESIAN_POINT('',(-2.712635908146E1,-6.15E-1,-5.E-2));
#10724=DIRECTION('',(1.E0,0.E0,0.E0));
#10725=DIRECTION('',(0.E0,0.E0,1.E0));
#10726=AXIS2_PLACEMENT_3D('',#10723,#10724,#10725);
#10727=CYLINDRICAL_SURFACE('',#10726,5.E-2);
#10728=ORIENTED_EDGE('',*,*,#6580,.T.);
#10729=ORIENTED_EDGE('',*,*,#10714,.F.);
#10730=ORIENTED_EDGE('',*,*,#10614,.F.);
#10732=ORIENTED_EDGE('',*,*,#10731,.T.);
#10733=EDGE_LOOP('',(#10728,#10729,#10730,#10732));
#10734=FACE_OUTER_BOUND('',#10733,.F.);
#10736=CARTESIAN_POINT('',(1.31E0,-9.126216E0,-3.E-1));
#10737=DIRECTION('',(0.E0,1.E0,0.E0));
#10738=DIRECTION('',(0.E0,0.E0,1.E0));
#10739=AXIS2_PLACEMENT_3D('',#10736,#10737,#10738);
#10740=CYLINDRICAL_SURFACE('',#10739,3.E-1);
#10742=ORIENTED_EDGE('',*,*,#10741,.F.);
#10743=ORIENTED_EDGE('',*,*,#10672,.T.);
#10745=ORIENTED_EDGE('',*,*,#10744,.T.);
#10746=ORIENTED_EDGE('',*,*,#6582,.T.);
#10747=ORIENTED_EDGE('',*,*,#10731,.F.);
#10748=ORIENTED_EDGE('',*,*,#10612,.T.);
#10749=EDGE_LOOP('',(#10742,#10743,#10745,#10746,#10747,#10748));
#10750=FACE_OUTER_BOUND('',#10749,.F.);
#10752=CARTESIAN_POINT('',(1.61E0,-2.075E0,0.E0));
#10753=DIRECTION('',(-1.E0,0.E0,0.E0));
#10754=DIRECTION('',(0.E0,1.E0,0.E0));
#10755=AXIS2_PLACEMENT_3D('',#10752,#10753,#10754);
#10756=PLANE('',#10755);
#10757=ORIENTED_EDGE('',*,*,#10741,.T.);
#10758=ORIENTED_EDGE('',*,*,#10610,.T.);
#10759=ORIENTED_EDGE('',*,*,#10409,.F.);
#10760=ORIENTED_EDGE('',*,*,#10674,.F.);
#10761=EDGE_LOOP('',(#10757,#10758,#10759,#10760));
#10762=FACE_OUTER_BOUND('',#10761,.F.);
#10764=CARTESIAN_POINT('',(3.197669907751E1,-2.275E0,-2.E-1));
#10765=DIRECTION('',(-1.E0,0.E0,0.E0));
#10766=DIRECTION('',(0.E0,0.E0,1.E0));
#10767=AXIS2_PLACEMENT_3D('',#10764,#10765,#10766);
#10768=CYLINDRICAL_SURFACE('',#10767,2.E-1);
#10769=ORIENTED_EDGE('',*,*,#10670,.F.);
#10770=ORIENTED_EDGE('',*,*,#10717,.T.);
#10771=ORIENTED_EDGE('',*,*,#6584,.T.);
#10772=ORIENTED_EDGE('',*,*,#10744,.F.);
#10773=EDGE_LOOP('',(#10769,#10770,#10771,#10772));
#10774=FACE_OUTER_BOUND('',#10773,.F.);
#10776=CARTESIAN_POINT('',(3.033528406059E0,-6.65E-1,-1.E0));
#10777=DIRECTION('',(0.E0,0.E0,1.E0));
#10778=DIRECTION('',(-1.E0,0.E0,0.E0));
#10779=AXIS2_PLACEMENT_3D('',#10776,#10777,#10778);
#10780=PLANE('',#10779);
#10781=ORIENTED_EDGE('',*,*,#10603,.F.);
#10782=ORIENTED_EDGE('',*,*,#10590,.T.);
#10783=ORIENTED_EDGE('',*,*,#10575,.T.);
#10785=ORIENTED_EDGE('',*,*,#10784,.F.);
#10786=EDGE_LOOP('',(#10781,#10782,#10783,#10785));
#10787=FACE_OUTER_BOUND('',#10786,.F.);
#10789=CARTESIAN_POINT('',(2.046471593941E0,-6.65E-1,-1.E0));
#10790=DIRECTION('',(9.335804264972E-1,0.E0,3.583679495453E-1));
#10791=DIRECTION('',(-3.583679495453E-1,0.E0,9.335804264972E-1));
#10792=AXIS2_PLACEMENT_3D('',#10789,#10790,#10791);
#10793=PLANE('',#10792);
#10794=ORIENTED_EDGE('',*,*,#10605,.F.);
#10795=ORIENTED_EDGE('',*,*,#10784,.T.);
#10796=ORIENTED_EDGE('',*,*,#10573,.T.);
#10797=ORIENTED_EDGE('',*,*,#10556,.F.);
#10798=EDGE_LOOP('',(#10794,#10795,#10796,#10797));
#10799=FACE_OUTER_BOUND('',#10798,.F.);
#10801=CARTESIAN_POINT('',(-2.682603953849E1,2.275E0,-2.E-1));
#10802=DIRECTION('',(1.E0,0.E0,0.E0));
#10803=DIRECTION('',(0.E0,0.E0,1.E0));
#10804=AXIS2_PLACEMENT_3D('',#10801,#10802,#10803);
#10805=CYLINDRICAL_SURFACE('',#10804,2.E-1);
#10807=ORIENTED_EDGE('',*,*,#10806,.F.);
#10809=ORIENTED_EDGE('',*,*,#10808,.T.);
#10810=ORIENTED_EDGE('',*,*,#6590,.T.);
#10812=ORIENTED_EDGE('',*,*,#10811,.F.);
#10813=EDGE_LOOP('',(#10807,#10809,#10810,#10812));
#10814=FACE_OUTER_BOUND('',#10813,.F.);
#10816=CARTESIAN_POINT('',(-9.3E-1,2.075E0,0.E0));
#10817=DIRECTION('',(0.E0,1.E0,0.E0));
#10818=DIRECTION('',(1.E0,0.E0,0.E0));
#10819=AXIS2_PLACEMENT_3D('',#10816,#10817,#10818);
#10820=PLANE('',#10819);
#10822=ORIENTED_EDGE('',*,*,#10821,.T.);
#10824=ORIENTED_EDGE('',*,*,#10823,.T.);
#10826=ORIENTED_EDGE('',*,*,#10825,.T.);
#10828=ORIENTED_EDGE('',*,*,#10827,.T.);
#10830=ORIENTED_EDGE('',*,*,#10829,.T.);
#10832=ORIENTED_EDGE('',*,*,#10831,.F.);
#10833=ORIENTED_EDGE('',*,*,#10806,.T.);
#10835=ORIENTED_EDGE('',*,*,#10834,.F.);
#10837=ORIENTED_EDGE('',*,*,#10836,.F.);
#10839=ORIENTED_EDGE('',*,*,#10838,.T.);
#10841=ORIENTED_EDGE('',*,*,#10840,.T.);
#10843=ORIENTED_EDGE('',*,*,#10842,.T.);
#10844=EDGE_LOOP('',(#10822,#10824,#10826,#10828,#10830,#10832,#10833,#10835,
#10837,#10839,#10841,#10843));
#10845=FACE_OUTER_BOUND('',#10844,.F.);
#10847=CARTESIAN_POINT('',(5.75E-1,2.075E0,-4.E-1));
#10848=DIRECTION('',(0.E0,0.E0,1.E0));
#10849=DIRECTION('',(-1.E0,0.E0,0.E0));
#10850=AXIS2_PLACEMENT_3D('',#10847,#10848,#10849);
#10851=PLANE('',#10850);
#10853=ORIENTED_EDGE('',*,*,#10852,.T.);
#10855=ORIENTED_EDGE('',*,*,#10854,.F.);
#10856=ORIENTED_EDGE('',*,*,#10821,.F.);
#10858=ORIENTED_EDGE('',*,*,#10857,.T.);
#10859=EDGE_LOOP('',(#10853,#10855,#10856,#10858));
#10860=FACE_OUTER_BOUND('',#10859,.F.);
#10862=CARTESIAN_POINT('',(-7.62E0,1.87E0,-1.E0));
#10863=DIRECTION('',(0.E0,1.E0,0.E0));
#10864=DIRECTION('',(-1.E0,0.E0,0.E0));
#10865=AXIS2_PLACEMENT_3D('',#10862,#10863,#10864);
#10866=PLANE('',#10865);
#10868=ORIENTED_EDGE('',*,*,#10867,.T.);
#10870=ORIENTED_EDGE('',*,*,#10869,.F.);
#10872=ORIENTED_EDGE('',*,*,#10871,.T.);
#10874=ORIENTED_EDGE('',*,*,#10873,.F.);
#10875=ORIENTED_EDGE('',*,*,#10852,.F.);
#10877=ORIENTED_EDGE('',*,*,#10876,.T.);
#10878=EDGE_LOOP('',(#10868,#10870,#10872,#10874,#10875,#10877));
#10879=FACE_OUTER_BOUND('',#10878,.F.);
#10881=CARTESIAN_POINT('',(7.238468270799E-1,6.65E-1,-4.E-1));
#10882=DIRECTION('',(9.335804264972E-1,0.E0,-3.583679495453E-1));
#10883=DIRECTION('',(-3.583679495453E-1,0.E0,-9.335804264972E-1));
#10884=AXIS2_PLACEMENT_3D('',#10881,#10882,#10883);
#10885=PLANE('',#10884);
#10887=ORIENTED_EDGE('',*,*,#10886,.T.);
#10889=ORIENTED_EDGE('',*,*,#10888,.F.);
#10890=ORIENTED_EDGE('',*,*,#10867,.F.);
#10892=ORIENTED_EDGE('',*,*,#10891,.F.);
#10893=EDGE_LOOP('',(#10887,#10889,#10890,#10892));
#10894=FACE_OUTER_BOUND('',#10893,.F.);
#10896=CARTESIAN_POINT('',(9.3E-1,6.65E-1,0.E0));
#10897=DIRECTION('',(0.E0,-1.E0,0.E0));
#10898=DIRECTION('',(-1.E0,0.E0,0.E0));
#10899=AXIS2_PLACEMENT_3D('',#10896,#10897,#10898);
#10900=PLANE('',#10899);
#10902=ORIENTED_EDGE('',*,*,#10901,.F.);
#10904=ORIENTED_EDGE('',*,*,#10903,.F.);
#10906=ORIENTED_EDGE('',*,*,#10905,.F.);
#10907=ORIENTED_EDGE('',*,*,#10886,.F.);
#10909=ORIENTED_EDGE('',*,*,#10908,.F.);
#10911=ORIENTED_EDGE('',*,*,#10910,.F.);
#10913=ORIENTED_EDGE('',*,*,#10912,.T.);
#10915=ORIENTED_EDGE('',*,*,#10914,.T.);
#10917=ORIENTED_EDGE('',*,*,#10916,.F.);
#10919=ORIENTED_EDGE('',*,*,#10918,.T.);
#10921=ORIENTED_EDGE('',*,*,#10920,.F.);
#10923=ORIENTED_EDGE('',*,*,#10922,.F.);
#10925=ORIENTED_EDGE('',*,*,#10924,.T.);
#10927=ORIENTED_EDGE('',*,*,#10926,.F.);
#10928=EDGE_LOOP('',(#10902,#10904,#10906,#10907,#10909,#10911,#10913,#10915,
#10917,#10919,#10921,#10923,#10925,#10927));
#10929=FACE_OUTER_BOUND('',#10928,.F.);
#10931=CARTESIAN_POINT('',(-5.75E-1,2.075E0,-4.E-1));
#10932=DIRECTION('',(-2.923717047227E-1,0.E0,9.563047559630E-1));
#10933=DIRECTION('',(-9.563047559630E-1,0.E0,-2.923717047227E-1));
#10934=AXIS2_PLACEMENT_3D('',#10931,#10932,#10933);
#10935=PLANE('',#10934);
#10936=ORIENTED_EDGE('',*,*,#10873,.T.);
#10938=ORIENTED_EDGE('',*,*,#10937,.F.);
#10939=ORIENTED_EDGE('',*,*,#10901,.T.);
#10941=ORIENTED_EDGE('',*,*,#10940,.F.);
#10942=ORIENTED_EDGE('',*,*,#10823,.F.);
#10943=ORIENTED_EDGE('',*,*,#10854,.T.);
#10944=EDGE_LOOP('',(#10936,#10938,#10939,#10941,#10942,#10943));
#10945=FACE_OUTER_BOUND('',#10944,.F.);
#10947=CARTESIAN_POINT('',(-4.935284060586E-1,6.65E-1,-1.E0));
#10948=DIRECTION('',(-9.335804264972E-1,0.E0,-3.583679495453E-1));
#10949=DIRECTION('',(-3.583679495453E-1,0.E0,9.335804264972E-1));
#10950=AXIS2_PLACEMENT_3D('',#10947,#10948,#10949);
#10951=PLANE('',#10950);
#10952=ORIENTED_EDGE('',*,*,#10903,.T.);
#10953=ORIENTED_EDGE('',*,*,#10937,.T.);
#10954=ORIENTED_EDGE('',*,*,#10871,.F.);
#10956=ORIENTED_EDGE('',*,*,#10955,.T.);
#10957=EDGE_LOOP('',(#10952,#10953,#10954,#10956));
#10958=FACE_OUTER_BOUND('',#10957,.F.);
#10960=CARTESIAN_POINT('',(4.935284060586E-1,6.65E-1,-1.E0));
#10961=DIRECTION('',(0.E0,0.E0,-1.E0));
#10962=DIRECTION('',(-1.E0,0.E0,0.E0));
#10963=AXIS2_PLACEMENT_3D('',#10960,#10961,#10962);
#10964=PLANE('',#10963);
#10965=ORIENTED_EDGE('',*,*,#10905,.T.);
#10966=ORIENTED_EDGE('',*,*,#10955,.F.);
#10967=ORIENTED_EDGE('',*,*,#10869,.T.);
#10968=ORIENTED_EDGE('',*,*,#10888,.T.);
#10969=EDGE_LOOP('',(#10965,#10966,#10967,#10968));
#10970=FACE_OUTER_BOUND('',#10969,.F.);
#10972=CARTESIAN_POINT('',(-8.999410633260E-1,2.075E0,-4.993444527246E-1));
#10973=DIRECTION('',(-9.335804264972E-1,0.E0,-3.583679495453E-1));
#10974=DIRECTION('',(3.583679495453E-1,0.E0,-9.335804264972E-1));
#10975=AXIS2_PLACEMENT_3D('',#10972,#10973,#10974);
#10976=PLANE('',#10975);
#10977=ORIENTED_EDGE('',*,*,#10940,.T.);
#10978=ORIENTED_EDGE('',*,*,#10926,.T.);
#10980=ORIENTED_EDGE('',*,*,#10979,.F.);
#10981=ORIENTED_EDGE('',*,*,#10825,.F.);
#10982=EDGE_LOOP('',(#10977,#10978,#10980,#10981));
#10983=FACE_OUTER_BOUND('',#10982,.F.);
#10985=CARTESIAN_POINT('',(-7.62E0,0.E0,-1.E0));
#10986=DIRECTION('',(0.E0,0.E0,-1.E0));
#10987=DIRECTION('',(0.E0,1.E0,0.E0));
#10988=AXIS2_PLACEMENT_3D('',#10985,#10986,#10987);
#10989=PLANE('',#10988);
#10990=ORIENTED_EDGE('',*,*,#10979,.T.);
#10991=ORIENTED_EDGE('',*,*,#10924,.F.);
#10993=ORIENTED_EDGE('',*,*,#10992,.F.);
#10994=ORIENTED_EDGE('',*,*,#10827,.F.);
#10995=EDGE_LOOP('',(#10990,#10991,#10993,#10994));
#10996=FACE_OUTER_BOUND('',#10995,.F.);
#10998=CARTESIAN_POINT('',(-7.62E0,0.E0,-1.E0));
#10999=DIRECTION('',(0.E0,0.E0,-1.E0));
#11000=DIRECTION('',(0.E0,1.E0,0.E0));
#11001=AXIS2_PLACEMENT_3D('',#10998,#10999,#11000);
#11002=PLANE('',#11001);
#11004=ORIENTED_EDGE('',*,*,#11003,.F.);
#11005=ORIENTED_EDGE('',*,*,#10838,.F.);
#11007=ORIENTED_EDGE('',*,*,#11006,.F.);
#11008=ORIENTED_EDGE('',*,*,#10912,.F.);
#11009=EDGE_LOOP('',(#11004,#11005,#11007,#11008));
#11010=FACE_OUTER_BOUND('',#11009,.F.);
#11012=CARTESIAN_POINT('',(-7.62E0,0.E0,-1.E0));
#11013=DIRECTION('',(0.E0,0.E0,-1.E0));
#11014=DIRECTION('',(0.E0,1.E0,0.E0));
#11015=AXIS2_PLACEMENT_3D('',#11012,#11013,#11014);
#11016=PLANE('',#11015);
#11018=ORIENTED_EDGE('',*,*,#11017,.F.);
#11020=ORIENTED_EDGE('',*,*,#11019,.T.);
#11022=ORIENTED_EDGE('',*,*,#11021,.T.);
#11024=ORIENTED_EDGE('',*,*,#11023,.T.);
#11025=EDGE_LOOP('',(#11018,#11020,#11022,#11024));
#11026=FACE_OUTER_BOUND('',#11025,.F.);
#11028=CARTESIAN_POINT('',(-7.62E0,0.E0,-1.E0));
#11029=DIRECTION('',(0.E0,0.E0,-1.E0));
#11030=DIRECTION('',(0.E0,1.E0,0.E0));
#11031=AXIS2_PLACEMENT_3D('',#11028,#11029,#11030);
#11032=PLANE('',#11031);
#11034=ORIENTED_EDGE('',*,*,#11033,.T.);
#11036=ORIENTED_EDGE('',*,*,#11035,.T.);
#11038=ORIENTED_EDGE('',*,*,#11037,.T.);
#11040=ORIENTED_EDGE('',*,*,#11039,.T.);
#11041=EDGE_LOOP('',(#11034,#11036,#11038,#11040));
#11042=FACE_OUTER_BOUND('',#11041,.F.);
#11044=CARTESIAN_POINT('',(-9.3E-1,6.65E-1,0.E0));
#11045=DIRECTION('',(-1.E0,0.E0,0.E0));
#11046=DIRECTION('',(0.E0,1.E0,0.E0));
#11047=AXIS2_PLACEMENT_3D('',#11044,#11045,#11046);
#11048=PLANE('',#11047);
#11050=ORIENTED_EDGE('',*,*,#11049,.T.);
#11051=ORIENTED_EDGE('',*,*,#10829,.F.);
#11052=ORIENTED_EDGE('',*,*,#10992,.T.);
#11053=ORIENTED_EDGE('',*,*,#10922,.T.);
#11054=EDGE_LOOP('',(#11050,#11051,#11052,#11053));
#11055=FACE_OUTER_BOUND('',#11054,.F.);
#11057=CARTESIAN_POINT('',(-1.23E0,-9.126216E0,-3.E-1));
#11058=DIRECTION('',(0.E0,1.E0,0.E0));
#11059=DIRECTION('',(0.E0,0.E0,1.E0));
#11060=AXIS2_PLACEMENT_3D('',#11057,#11058,#11059);
#11061=CYLINDRICAL_SURFACE('',#11060,3.E-1);
#11062=ORIENTED_EDGE('',*,*,#11049,.F.);
#11063=ORIENTED_EDGE('',*,*,#10920,.T.);
#11065=ORIENTED_EDGE('',*,*,#11064,.T.);
#11066=ORIENTED_EDGE('',*,*,#6592,.T.);
#11067=ORIENTED_EDGE('',*,*,#10808,.F.);
#11068=ORIENTED_EDGE('',*,*,#10831,.T.);
#11069=EDGE_LOOP('',(#11062,#11063,#11065,#11066,#11067,#11068));
#11070=FACE_OUTER_BOUND('',#11069,.F.);
#11072=CARTESIAN_POINT('',(2.595797352933E1,6.15E-1,-5.E-2));
#11073=DIRECTION('',(-1.E0,0.E0,0.E0));
#11074=DIRECTION('',(0.E0,0.E0,1.E0));
#11075=AXIS2_PLACEMENT_3D('',#11072,#11073,#11074);
#11076=CYLINDRICAL_SURFACE('',#11075,5.E-2);
#11077=ORIENTED_EDGE('',*,*,#10918,.F.);
#11079=ORIENTED_EDGE('',*,*,#11078,.T.);
#11080=ORIENTED_EDGE('',*,*,#6594,.T.);
#11081=ORIENTED_EDGE('',*,*,#11064,.F.);
#11082=EDGE_LOOP('',(#11077,#11079,#11080,#11081));
#11083=FACE_OUTER_BOUND('',#11082,.F.);
#11085=CARTESIAN_POINT('',(1.23E0,9.126216E0,-3.E-1));
#11086=DIRECTION('',(0.E0,-1.E0,0.E0));
#11087=DIRECTION('',(0.E0,0.E0,1.E0));
#11088=AXIS2_PLACEMENT_3D('',#11085,#11086,#11087);
#11089=CYLINDRICAL_SURFACE('',#11088,3.E-1);
#11090=ORIENTED_EDGE('',*,*,#6596,.T.);
#11091=ORIENTED_EDGE('',*,*,#11078,.F.);
#11092=ORIENTED_EDGE('',*,*,#10916,.T.);
#11094=ORIENTED_EDGE('',*,*,#11093,.F.);
#11095=ORIENTED_EDGE('',*,*,#10834,.T.);
#11096=ORIENTED_EDGE('',*,*,#10811,.T.);
#11097=EDGE_LOOP('',(#11090,#11091,#11092,#11094,#11095,#11096));
#11098=FACE_OUTER_BOUND('',#11097,.F.);
#11100=CARTESIAN_POINT('',(9.3E-1,2.075E0,0.E0));
#11101=DIRECTION('',(1.E0,0.E0,0.E0));
#11102=DIRECTION('',(0.E0,-1.E0,0.E0));
#11103=AXIS2_PLACEMENT_3D('',#11100,#11101,#11102);
#11104=PLANE('',#11103);
#11105=ORIENTED_EDGE('',*,*,#11093,.T.);
#11106=ORIENTED_EDGE('',*,*,#10914,.F.);
#11107=ORIENTED_EDGE('',*,*,#11006,.T.);
#11108=ORIENTED_EDGE('',*,*,#10836,.T.);
#11109=EDGE_LOOP('',(#11105,#11106,#11107,#11108));
#11110=FACE_OUTER_BOUND('',#11109,.F.);
#11112=CARTESIAN_POINT('',(7.077574047860E-1,2.075E0,-1.E0));
#11113=DIRECTION('',(9.335804264972E-1,0.E0,-3.583679495453E-1));
#11114=DIRECTION('',(3.583679495453E-1,0.E0,9.335804264972E-1));
#11115=AXIS2_PLACEMENT_3D('',#11112,#11113,#11114);
#11116=PLANE('',#11115);
#11118=ORIENTED_EDGE('',*,*,#11117,.F.);
#11119=ORIENTED_EDGE('',*,*,#10840,.F.);
#11120=ORIENTED_EDGE('',*,*,#11003,.T.);
#11121=ORIENTED_EDGE('',*,*,#10910,.T.);
#11122=EDGE_LOOP('',(#11118,#11119,#11120,#11121));
#11123=FACE_OUTER_BOUND('',#11122,.F.);
#11125=CARTESIAN_POINT('',(8.999410633260E-1,2.075E0,-4.993444527246E-1));
#11126=DIRECTION('',(2.923717047227E-1,0.E0,9.563047559630E-1));
#11127=DIRECTION('',(-9.563047559630E-1,0.E0,2.923717047227E-1));
#11128=AXIS2_PLACEMENT_3D('',#11125,#11126,#11127);
#11129=PLANE('',#11128);
#11130=ORIENTED_EDGE('',*,*,#10876,.F.);
#11131=ORIENTED_EDGE('',*,*,#10857,.F.);
#11132=ORIENTED_EDGE('',*,*,#10842,.F.);
#11133=ORIENTED_EDGE('',*,*,#11117,.T.);
#11134=ORIENTED_EDGE('',*,*,#10908,.T.);
#11135=ORIENTED_EDGE('',*,*,#10891,.T.);
#11136=EDGE_LOOP('',(#11130,#11131,#11132,#11133,#11134,#11135));
#11137=FACE_OUTER_BOUND('',#11136,.F.);
#11139=CARTESIAN_POINT('',(-8.999410633260E-1,-2.075E0,-4.993444527246E-1));
#11140=DIRECTION('',(9.335804264972E-1,0.E0,3.583679495453E-1));
#11141=DIRECTION('',(3.583679495453E-1,0.E0,-9.335804264972E-1));
#11142=AXIS2_PLACEMENT_3D('',#11139,#11140,#11141);
#11143=PLANE('',#11142);
#11145=ORIENTED_EDGE('',*,*,#11144,.F.);
#11147=ORIENTED_EDGE('',*,*,#11146,.T.);
#11148=ORIENTED_EDGE('',*,*,#11017,.T.);
#11150=ORIENTED_EDGE('',*,*,#11149,.F.);
#11151=EDGE_LOOP('',(#11145,#11147,#11148,#11150));
#11152=FACE_OUTER_BOUND('',#11151,.F.);
#11154=CARTESIAN_POINT('',(-5.75E-1,-2.075E0,-4.E-1));
#11155=DIRECTION('',(2.923717047227E-1,0.E0,-9.563047559630E-1));
#11156=DIRECTION('',(-9.563047559630E-1,0.E0,-2.923717047227E-1));
#11157=AXIS2_PLACEMENT_3D('',#11154,#11155,#11156);
#11158=PLANE('',#11157);
#11160=ORIENTED_EDGE('',*,*,#11159,.F.);
#11162=ORIENTED_EDGE('',*,*,#11161,.F.);
#11164=ORIENTED_EDGE('',*,*,#11163,.T.);
#11165=ORIENTED_EDGE('',*,*,#11144,.T.);
#11167=ORIENTED_EDGE('',*,*,#11166,.F.);
#11169=ORIENTED_EDGE('',*,*,#11168,.T.);
#11170=EDGE_LOOP('',(#11160,#11162,#11164,#11165,#11167,#11169));
#11171=FACE_OUTER_BOUND('',#11170,.F.);
#11173=CARTESIAN_POINT('',(-7.62E0,-1.87E0,-1.E0));
#11174=DIRECTION('',(0.E0,1.E0,0.E0));
#11175=DIRECTION('',(-1.E0,0.E0,0.E0));
#11176=AXIS2_PLACEMENT_3D('',#11173,#11174,#11175);
#11177=PLANE('',#11176);
#11179=ORIENTED_EDGE('',*,*,#11178,.F.);
#11181=ORIENTED_EDGE('',*,*,#11180,.F.);
#11183=ORIENTED_EDGE('',*,*,#11182,.T.);
#11184=ORIENTED_EDGE('',*,*,#11159,.T.);
#11186=ORIENTED_EDGE('',*,*,#11185,.F.);
#11188=ORIENTED_EDGE('',*,*,#11187,.F.);
#11189=EDGE_LOOP('',(#11179,#11181,#11183,#11184,#11186,#11188));
#11190=FACE_OUTER_BOUND('',#11189,.F.);
#11192=CARTESIAN_POINT('',(7.238468270799E-1,-6.65E-1,-4.E-1));
#11193=DIRECTION('',(-9.335804264972E-1,0.E0,3.583679495453E-1));
#11194=DIRECTION('',(-3.583679495453E-1,0.E0,-9.335804264972E-1));
#11195=AXIS2_PLACEMENT_3D('',#11192,#11193,#11194);
#11196=PLANE('',#11195);
#11198=ORIENTED_EDGE('',*,*,#11197,.F.);
#11200=ORIENTED_EDGE('',*,*,#11199,.T.);
#11201=ORIENTED_EDGE('',*,*,#11178,.T.);
#11203=ORIENTED_EDGE('',*,*,#11202,.F.);
#11204=EDGE_LOOP('',(#11198,#11200,#11201,#11203));
#11205=FACE_OUTER_BOUND('',#11204,.F.);
#11207=CARTESIAN_POINT('',(-9.3E-1,-6.65E-1,0.E0));
#11208=DIRECTION('',(0.E0,1.E0,0.E0));
#11209=DIRECTION('',(1.E0,0.E0,0.E0));
#11210=AXIS2_PLACEMENT_3D('',#11207,#11208,#11209);
#11211=PLANE('',#11210);
#11213=ORIENTED_EDGE('',*,*,#11212,.T.);
#11214=ORIENTED_EDGE('',*,*,#11197,.T.);
#11216=ORIENTED_EDGE('',*,*,#11215,.T.);
#11218=ORIENTED_EDGE('',*,*,#11217,.T.);
#11219=ORIENTED_EDGE('',*,*,#11166,.T.);
#11220=ORIENTED_EDGE('',*,*,#11149,.T.);
#11221=ORIENTED_EDGE('',*,*,#11023,.F.);
#11223=ORIENTED_EDGE('',*,*,#11222,.F.);
#11225=ORIENTED_EDGE('',*,*,#11224,.F.);
#11227=ORIENTED_EDGE('',*,*,#11226,.T.);
#11229=ORIENTED_EDGE('',*,*,#11228,.F.);
#11231=ORIENTED_EDGE('',*,*,#11230,.T.);
#11232=ORIENTED_EDGE('',*,*,#11035,.F.);
#11234=ORIENTED_EDGE('',*,*,#11233,.T.);
#11235=EDGE_LOOP('',(#11213,#11214,#11216,#11218,#11219,#11220,#11221,#11223,
#11225,#11227,#11229,#11231,#11232,#11234));
#11236=FACE_OUTER_BOUND('',#11235,.F.);
#11238=CARTESIAN_POINT('',(8.999410633260E-1,-2.075E0,-4.993444527246E-1));
#11239=DIRECTION('',(-2.923717047227E-1,0.E0,-9.563047559630E-1));
#11240=DIRECTION('',(-9.563047559630E-1,0.E0,2.923717047227E-1));
#11241=AXIS2_PLACEMENT_3D('',#11238,#11239,#11240);
#11242=PLANE('',#11241);
#11243=ORIENTED_EDGE('',*,*,#11180,.T.);
#11244=ORIENTED_EDGE('',*,*,#11199,.F.);
#11245=ORIENTED_EDGE('',*,*,#11212,.F.);
#11247=ORIENTED_EDGE('',*,*,#11246,.F.);
#11249=ORIENTED_EDGE('',*,*,#11248,.T.);
#11251=ORIENTED_EDGE('',*,*,#11250,.T.);
#11252=EDGE_LOOP('',(#11243,#11244,#11245,#11247,#11249,#11251));
#11253=FACE_OUTER_BOUND('',#11252,.F.);
#11255=CARTESIAN_POINT('',(7.077574047860E-1,-2.075E0,-1.E0));
#11256=DIRECTION('',(-9.335804264972E-1,0.E0,3.583679495453E-1));
#11257=DIRECTION('',(3.583679495453E-1,0.E0,9.335804264972E-1));
#11258=AXIS2_PLACEMENT_3D('',#11255,#11256,#11257);
#11259=PLANE('',#11258);
#11260=ORIENTED_EDGE('',*,*,#11246,.T.);
#11261=ORIENTED_EDGE('',*,*,#11233,.F.);
#11262=ORIENTED_EDGE('',*,*,#11033,.F.);
#11264=ORIENTED_EDGE('',*,*,#11263,.T.);
#11265=EDGE_LOOP('',(#11260,#11261,#11262,#11264));
#11266=FACE_OUTER_BOUND('',#11265,.F.);
#11268=CARTESIAN_POINT('',(9.3E-1,-2.075E0,0.E0));
#11269=DIRECTION('',(0.E0,-1.E0,0.E0));
#11270=DIRECTION('',(-1.E0,0.E0,0.E0));
#11271=AXIS2_PLACEMENT_3D('',#11268,#11269,#11270);
#11272=PLANE('',#11271);
#11274=ORIENTED_EDGE('',*,*,#11273,.F.);
#11275=ORIENTED_EDGE('',*,*,#11248,.F.);
#11276=ORIENTED_EDGE('',*,*,#11263,.F.);
#11277=ORIENTED_EDGE('',*,*,#11039,.F.);
#11279=ORIENTED_EDGE('',*,*,#11278,.F.);
#11281=ORIENTED_EDGE('',*,*,#11280,.F.);
#11283=ORIENTED_EDGE('',*,*,#11282,.T.);
#11285=ORIENTED_EDGE('',*,*,#11284,.F.);
#11287=ORIENTED_EDGE('',*,*,#11286,.T.);
#11288=ORIENTED_EDGE('',*,*,#11019,.F.);
#11289=ORIENTED_EDGE('',*,*,#11146,.F.);
#11290=ORIENTED_EDGE('',*,*,#11163,.F.);
#11291=EDGE_LOOP('',(#11274,#11275,#11276,#11277,#11279,#11281,#11283,#11285,
#11287,#11288,#11289,#11290));
#11292=FACE_OUTER_BOUND('',#11291,.F.);
#11294=CARTESIAN_POINT('',(5.75E-1,-2.075E0,-4.E-1));
#11295=DIRECTION('',(0.E0,0.E0,-1.E0));
#11296=DIRECTION('',(-1.E0,0.E0,0.E0));
#11297=AXIS2_PLACEMENT_3D('',#11294,#11295,#11296);
#11298=PLANE('',#11297);
#11299=ORIENTED_EDGE('',*,*,#11182,.F.);
#11300=ORIENTED_EDGE('',*,*,#11250,.F.);
#11301=ORIENTED_EDGE('',*,*,#11273,.T.);
#11302=ORIENTED_EDGE('',*,*,#11161,.T.);
#11303=EDGE_LOOP('',(#11299,#11300,#11301,#11302));
#11304=FACE_OUTER_BOUND('',#11303,.F.);
#11306=CARTESIAN_POINT('',(9.3E-1,-6.65E-1,0.E0));
#11307=DIRECTION('',(1.E0,0.E0,0.E0));
#11308=DIRECTION('',(0.E0,-1.E0,0.E0));
#11309=AXIS2_PLACEMENT_3D('',#11306,#11307,#11308);
#11310=PLANE('',#11309);
#11312=ORIENTED_EDGE('',*,*,#11311,.T.);
#11313=ORIENTED_EDGE('',*,*,#11278,.T.);
#11314=ORIENTED_EDGE('',*,*,#11037,.F.);
#11315=ORIENTED_EDGE('',*,*,#11230,.F.);
#11316=EDGE_LOOP('',(#11312,#11313,#11314,#11315));
#11317=FACE_OUTER_BOUND('',#11316,.F.);
#11319=CARTESIAN_POINT('',(1.23E0,9.126216E0,-3.E-1));
#11320=DIRECTION('',(0.E0,-1.E0,0.E0));
#11321=DIRECTION('',(0.E0,0.E0,1.E0));
#11322=AXIS2_PLACEMENT_3D('',#11319,#11320,#11321);
#11323=CYLINDRICAL_SURFACE('',#11322,3.E-1);
#11324=ORIENTED_EDGE('',*,*,#11311,.F.);
#11325=ORIENTED_EDGE('',*,*,#11228,.T.);
#11327=ORIENTED_EDGE('',*,*,#11326,.T.);
#11328=ORIENTED_EDGE('',*,*,#6606,.T.);
#11330=ORIENTED_EDGE('',*,*,#11329,.F.);
#11331=ORIENTED_EDGE('',*,*,#11280,.T.);
#11332=EDGE_LOOP('',(#11324,#11325,#11327,#11328,#11330,#11331));
#11333=FACE_OUTER_BOUND('',#11332,.F.);
#11335=CARTESIAN_POINT('',(-2.541159917007E1,-6.15E-1,-5.E-2));
#11336=DIRECTION('',(1.E0,0.E0,0.E0));
#11337=DIRECTION('',(0.E0,0.E0,1.E0));
#11338=AXIS2_PLACEMENT_3D('',#11335,#11336,#11337);
#11339=CYLINDRICAL_SURFACE('',#11338,5.E-2);
#11340=ORIENTED_EDGE('',*,*,#6600,.T.);
#11341=ORIENTED_EDGE('',*,*,#11326,.F.);
#11342=ORIENTED_EDGE('',*,*,#11226,.F.);
#11344=ORIENTED_EDGE('',*,*,#11343,.T.);
#11345=EDGE_LOOP('',(#11340,#11341,#11342,#11344));
#11346=FACE_OUTER_BOUND('',#11345,.F.);
#11348=CARTESIAN_POINT('',(-1.23E0,-9.126216E0,-3.E-1));
#11349=DIRECTION('',(0.E0,1.E0,0.E0));
#11350=DIRECTION('',(0.E0,0.E0,1.E0));
#11351=AXIS2_PLACEMENT_3D('',#11348,#11349,#11350);
#11352=CYLINDRICAL_SURFACE('',#11351,3.E-1);
#11354=ORIENTED_EDGE('',*,*,#11353,.F.);
#11355=ORIENTED_EDGE('',*,*,#11284,.T.);
#11357=ORIENTED_EDGE('',*,*,#11356,.T.);
#11358=ORIENTED_EDGE('',*,*,#6602,.T.);
#11359=ORIENTED_EDGE('',*,*,#11343,.F.);
#11360=ORIENTED_EDGE('',*,*,#11224,.T.);
#11361=EDGE_LOOP('',(#11354,#11355,#11357,#11358,#11359,#11360));
#11362=FACE_OUTER_BOUND('',#11361,.F.);
#11364=CARTESIAN_POINT('',(-9.3E-1,-2.075E0,0.E0));
#11365=DIRECTION('',(-1.E0,0.E0,0.E0));
#11366=DIRECTION('',(0.E0,1.E0,0.E0));
#11367=AXIS2_PLACEMENT_3D('',#11364,#11365,#11366);
#11368=PLANE('',#11367);
#11369=ORIENTED_EDGE('',*,*,#11353,.T.);
#11370=ORIENTED_EDGE('',*,*,#11222,.T.);
#11371=ORIENTED_EDGE('',*,*,#11021,.F.);
#11372=ORIENTED_EDGE('',*,*,#11286,.F.);
#11373=EDGE_LOOP('',(#11369,#11370,#11371,#11372));
#11374=FACE_OUTER_BOUND('',#11373,.F.);
#11376=CARTESIAN_POINT('',(2.514156051700E1,-2.275E0,-2.E-1));
#11377=DIRECTION('',(-1.E0,0.E0,0.E0));
#11378=DIRECTION('',(0.E0,0.E0,1.E0));
#11379=AXIS2_PLACEMENT_3D('',#11376,#11377,#11378);
#11380=CYLINDRICAL_SURFACE('',#11379,2.E-1);
#11381=ORIENTED_EDGE('',*,*,#11282,.F.);
#11382=ORIENTED_EDGE('',*,*,#11329,.T.);
#11383=ORIENTED_EDGE('',*,*,#6604,.T.);
#11384=ORIENTED_EDGE('',*,*,#11356,.F.);
#11385=EDGE_LOOP('',(#11381,#11382,#11383,#11384));
#11386=FACE_OUTER_BOUND('',#11385,.F.);
#11388=CARTESIAN_POINT('',(4.935284060586E-1,-6.65E-1,-1.E0));
#11389=DIRECTION('',(0.E0,0.E0,1.E0));
#11390=DIRECTION('',(-1.E0,0.E0,0.E0));
#11391=AXIS2_PLACEMENT_3D('',#11388,#11389,#11390);
#11392=PLANE('',#11391);
#11393=ORIENTED_EDGE('',*,*,#11215,.F.);
#11394=ORIENTED_EDGE('',*,*,#11202,.T.);
#11395=ORIENTED_EDGE('',*,*,#11187,.T.);
#11397=ORIENTED_EDGE('',*,*,#11396,.F.);
#11398=EDGE_LOOP('',(#11393,#11394,#11395,#11397));
#11399=FACE_OUTER_BOUND('',#11398,.F.);
#11401=CARTESIAN_POINT('',(-4.935284060586E-1,-6.65E-1,-1.E0));
#11402=DIRECTION('',(9.335804264972E-1,0.E0,3.583679495453E-1));
#11403=DIRECTION('',(-3.583679495453E-1,0.E0,9.335804264972E-1));
#11404=AXIS2_PLACEMENT_3D('',#11401,#11402,#11403);
#11405=PLANE('',#11404);
#11406=ORIENTED_EDGE('',*,*,#11217,.F.);
#11407=ORIENTED_EDGE('',*,*,#11396,.T.);
#11408=ORIENTED_EDGE('',*,*,#11185,.T.);
#11409=ORIENTED_EDGE('',*,*,#11168,.F.);
#11410=EDGE_LOOP('',(#11406,#11407,#11408,#11409));
#11411=FACE_OUTER_BOUND('',#11410,.F.);
#11413=CARTESIAN_POINT('',(-2.836401143042E1,2.275E0,-2.E-1));
#11414=DIRECTION('',(1.E0,0.E0,0.E0));
#11415=DIRECTION('',(0.E0,0.E0,1.E0));
#11416=AXIS2_PLACEMENT_3D('',#11413,#11414,#11415);
#11417=CYLINDRICAL_SURFACE('',#11416,2.E-1);
#11419=ORIENTED_EDGE('',*,*,#11418,.F.);
#11421=ORIENTED_EDGE('',*,*,#11420,.T.);
#11422=ORIENTED_EDGE('',*,*,#6610,.T.);
#11424=ORIENTED_EDGE('',*,*,#11423,.F.);
#11425=EDGE_LOOP('',(#11419,#11421,#11422,#11424));
#11426=FACE_OUTER_BOUND('',#11425,.F.);
#11428=CARTESIAN_POINT('',(-3.47E0,2.075E0,0.E0));
#11429=DIRECTION('',(0.E0,1.E0,0.E0));
#11430=DIRECTION('',(1.E0,0.E0,0.E0));
#11431=AXIS2_PLACEMENT_3D('',#11428,#11429,#11430);
#11432=PLANE('',#11431);
#11434=ORIENTED_EDGE('',*,*,#11433,.T.);
#11436=ORIENTED_EDGE('',*,*,#11435,.T.);
#11438=ORIENTED_EDGE('',*,*,#11437,.T.);
#11440=ORIENTED_EDGE('',*,*,#11439,.T.);
#11442=ORIENTED_EDGE('',*,*,#11441,.T.);
#11444=ORIENTED_EDGE('',*,*,#11443,.F.);
#11445=ORIENTED_EDGE('',*,*,#11418,.T.);
#11447=ORIENTED_EDGE('',*,*,#11446,.F.);
#11449=ORIENTED_EDGE('',*,*,#11448,.F.);
#11451=ORIENTED_EDGE('',*,*,#11450,.T.);
#11453=ORIENTED_EDGE('',*,*,#11452,.T.);
#11455=ORIENTED_EDGE('',*,*,#11454,.T.);
#11456=EDGE_LOOP('',(#11434,#11436,#11438,#11440,#11442,#11444,#11445,#11447,
#11449,#11451,#11453,#11455));
#11457=FACE_OUTER_BOUND('',#11456,.F.);
#11459=CARTESIAN_POINT('',(-1.965E0,2.075E0,-4.E-1));
#11460=DIRECTION('',(0.E0,0.E0,1.E0));
#11461=DIRECTION('',(-1.E0,0.E0,0.E0));
#11462=AXIS2_PLACEMENT_3D('',#11459,#11460,#11461);
#11463=PLANE('',#11462);
#11465=ORIENTED_EDGE('',*,*,#11464,.T.);
#11467=ORIENTED_EDGE('',*,*,#11466,.F.);
#11468=ORIENTED_EDGE('',*,*,#11433,.F.);
#11470=ORIENTED_EDGE('',*,*,#11469,.T.);
#11471=EDGE_LOOP('',(#11465,#11467,#11468,#11470));
#11472=FACE_OUTER_BOUND('',#11471,.F.);
#11474=CARTESIAN_POINT('',(-1.016E1,1.87E0,-1.E0));
#11475=DIRECTION('',(0.E0,1.E0,0.E0));
#11476=DIRECTION('',(-1.E0,0.E0,0.E0));
#11477=AXIS2_PLACEMENT_3D('',#11474,#11475,#11476);
#11478=PLANE('',#11477);
#11480=ORIENTED_EDGE('',*,*,#11479,.T.);
#11482=ORIENTED_EDGE('',*,*,#11481,.F.);
#11484=ORIENTED_EDGE('',*,*,#11483,.T.);
#11486=ORIENTED_EDGE('',*,*,#11485,.F.);
#11487=ORIENTED_EDGE('',*,*,#11464,.F.);
#11489=ORIENTED_EDGE('',*,*,#11488,.T.);
#11490=EDGE_LOOP('',(#11480,#11482,#11484,#11486,#11487,#11489));
#11491=FACE_OUTER_BOUND('',#11490,.F.);
#11493=CARTESIAN_POINT('',(-1.816153172920E0,6.65E-1,-4.E-1));
#11494=DIRECTION('',(9.335804264972E-1,0.E0,-3.583679495453E-1));
#11495=DIRECTION('',(-3.583679495453E-1,0.E0,-9.335804264972E-1));
#11496=AXIS2_PLACEMENT_3D('',#11493,#11494,#11495);
#11497=PLANE('',#11496);
#11499=ORIENTED_EDGE('',*,*,#11498,.T.);
#11501=ORIENTED_EDGE('',*,*,#11500,.F.);
#11502=ORIENTED_EDGE('',*,*,#11479,.F.);
#11504=ORIENTED_EDGE('',*,*,#11503,.F.);
#11505=EDGE_LOOP('',(#11499,#11501,#11502,#11504));
#11506=FACE_OUTER_BOUND('',#11505,.F.);
#11508=CARTESIAN_POINT('',(-1.61E0,6.65E-1,0.E0));
#11509=DIRECTION('',(0.E0,-1.E0,0.E0));
#11510=DIRECTION('',(-1.E0,0.E0,0.E0));
#11511=AXIS2_PLACEMENT_3D('',#11508,#11509,#11510);
#11512=PLANE('',#11511);
#11514=ORIENTED_EDGE('',*,*,#11513,.F.);
#11516=ORIENTED_EDGE('',*,*,#11515,.F.);
#11518=ORIENTED_EDGE('',*,*,#11517,.F.);
#11519=ORIENTED_EDGE('',*,*,#11498,.F.);
#11521=ORIENTED_EDGE('',*,*,#11520,.F.);
#11523=ORIENTED_EDGE('',*,*,#11522,.F.);
#11525=ORIENTED_EDGE('',*,*,#11524,.T.);
#11527=ORIENTED_EDGE('',*,*,#11526,.T.);
#11529=ORIENTED_EDGE('',*,*,#11528,.F.);
#11531=ORIENTED_EDGE('',*,*,#11530,.T.);
#11533=ORIENTED_EDGE('',*,*,#11532,.F.);
#11535=ORIENTED_EDGE('',*,*,#11534,.F.);
#11537=ORIENTED_EDGE('',*,*,#11536,.T.);
#11539=ORIENTED_EDGE('',*,*,#11538,.F.);
#11540=EDGE_LOOP('',(#11514,#11516,#11518,#11519,#11521,#11523,#11525,#11527,
#11529,#11531,#11533,#11535,#11537,#11539));
#11541=FACE_OUTER_BOUND('',#11540,.F.);
#11543=CARTESIAN_POINT('',(-3.115E0,2.075E0,-4.E-1));
#11544=DIRECTION('',(-2.923717047227E-1,0.E0,9.563047559630E-1));
#11545=DIRECTION('',(-9.563047559630E-1,0.E0,-2.923717047227E-1));
#11546=AXIS2_PLACEMENT_3D('',#11543,#11544,#11545);
#11547=PLANE('',#11546);
#11548=ORIENTED_EDGE('',*,*,#11485,.T.);
#11550=ORIENTED_EDGE('',*,*,#11549,.F.);
#11551=ORIENTED_EDGE('',*,*,#11513,.T.);
#11553=ORIENTED_EDGE('',*,*,#11552,.F.);
#11554=ORIENTED_EDGE('',*,*,#11435,.F.);
#11555=ORIENTED_EDGE('',*,*,#11466,.T.);
#11556=EDGE_LOOP('',(#11548,#11550,#11551,#11553,#11554,#11555));
#11557=FACE_OUTER_BOUND('',#11556,.F.);
#11559=CARTESIAN_POINT('',(-3.033528406059E0,6.65E-1,-1.E0));
#11560=DIRECTION('',(-9.335804264972E-1,0.E0,-3.583679495453E-1));
#11561=DIRECTION('',(-3.583679495453E-1,0.E0,9.335804264972E-1));
#11562=AXIS2_PLACEMENT_3D('',#11559,#11560,#11561);
#11563=PLANE('',#11562);
#11564=ORIENTED_EDGE('',*,*,#11515,.T.);
#11565=ORIENTED_EDGE('',*,*,#11549,.T.);
#11566=ORIENTED_EDGE('',*,*,#11483,.F.);
#11568=ORIENTED_EDGE('',*,*,#11567,.T.);
#11569=EDGE_LOOP('',(#11564,#11565,#11566,#11568));
#11570=FACE_OUTER_BOUND('',#11569,.F.);
#11572=CARTESIAN_POINT('',(-2.046471593941E0,6.65E-1,-1.E0));
#11573=DIRECTION('',(0.E0,0.E0,-1.E0));
#11574=DIRECTION('',(-1.E0,0.E0,0.E0));
#11575=AXIS2_PLACEMENT_3D('',#11572,#11573,#11574);
#11576=PLANE('',#11575);
#11577=ORIENTED_EDGE('',*,*,#11517,.T.);
#11578=ORIENTED_EDGE('',*,*,#11567,.F.);
#11579=ORIENTED_EDGE('',*,*,#11481,.T.);
#11580=ORIENTED_EDGE('',*,*,#11500,.T.);
#11581=EDGE_LOOP('',(#11577,#11578,#11579,#11580));
#11582=FACE_OUTER_BOUND('',#11581,.F.);
#11584=CARTESIAN_POINT('',(-3.439941063326E0,2.075E0,-4.993444527246E-1));
#11585=DIRECTION('',(-9.335804264972E-1,0.E0,-3.583679495453E-1));
#11586=DIRECTION('',(3.583679495453E-1,0.E0,-9.335804264972E-1));
#11587=AXIS2_PLACEMENT_3D('',#11584,#11585,#11586);
#11588=PLANE('',#11587);
#11589=ORIENTED_EDGE('',*,*,#11552,.T.);
#11590=ORIENTED_EDGE('',*,*,#11538,.T.);
#11592=ORIENTED_EDGE('',*,*,#11591,.F.);
#11593=ORIENTED_EDGE('',*,*,#11437,.F.);
#11594=EDGE_LOOP('',(#11589,#11590,#11592,#11593));
#11595=FACE_OUTER_BOUND('',#11594,.F.);
#11597=CARTESIAN_POINT('',(-1.016E1,0.E0,-1.E0));
#11598=DIRECTION('',(0.E0,0.E0,-1.E0));
#11599=DIRECTION('',(0.E0,1.E0,0.E0));
#11600=AXIS2_PLACEMENT_3D('',#11597,#11598,#11599);
#11601=PLANE('',#11600);
#11602=ORIENTED_EDGE('',*,*,#11591,.T.);
#11603=ORIENTED_EDGE('',*,*,#11536,.F.);
#11605=ORIENTED_EDGE('',*,*,#11604,.F.);
#11606=ORIENTED_EDGE('',*,*,#11439,.F.);
#11607=EDGE_LOOP('',(#11602,#11603,#11605,#11606));
#11608=FACE_OUTER_BOUND('',#11607,.F.);
#11610=CARTESIAN_POINT('',(-1.016E1,0.E0,-1.E0));
#11611=DIRECTION('',(0.E0,0.E0,-1.E0));
#11612=DIRECTION('',(0.E0,1.E0,0.E0));
#11613=AXIS2_PLACEMENT_3D('',#11610,#11611,#11612);
#11614=PLANE('',#11613);
#11616=ORIENTED_EDGE('',*,*,#11615,.F.);
#11617=ORIENTED_EDGE('',*,*,#11450,.F.);
#11619=ORIENTED_EDGE('',*,*,#11618,.F.);
#11620=ORIENTED_EDGE('',*,*,#11524,.F.);
#11621=EDGE_LOOP('',(#11616,#11617,#11619,#11620));
#11622=FACE_OUTER_BOUND('',#11621,.F.);
#11624=CARTESIAN_POINT('',(-1.016E1,0.E0,-1.E0));
#11625=DIRECTION('',(0.E0,0.E0,-1.E0));
#11626=DIRECTION('',(0.E0,1.E0,0.E0));
#11627=AXIS2_PLACEMENT_3D('',#11624,#11625,#11626);
#11628=PLANE('',#11627);
#11630=ORIENTED_EDGE('',*,*,#11629,.F.);
#11632=ORIENTED_EDGE('',*,*,#11631,.T.);
#11634=ORIENTED_EDGE('',*,*,#11633,.T.);
#11636=ORIENTED_EDGE('',*,*,#11635,.T.);
#11637=EDGE_LOOP('',(#11630,#11632,#11634,#11636));
#11638=FACE_OUTER_BOUND('',#11637,.F.);
#11640=CARTESIAN_POINT('',(-1.016E1,0.E0,-1.E0));
#11641=DIRECTION('',(0.E0,0.E0,-1.E0));
#11642=DIRECTION('',(0.E0,1.E0,0.E0));
#11643=AXIS2_PLACEMENT_3D('',#11640,#11641,#11642);
#11644=PLANE('',#11643);
#11646=ORIENTED_EDGE('',*,*,#11645,.T.);
#11648=ORIENTED_EDGE('',*,*,#11647,.T.);
#11650=ORIENTED_EDGE('',*,*,#11649,.T.);
#11652=ORIENTED_EDGE('',*,*,#11651,.T.);
#11653=EDGE_LOOP('',(#11646,#11648,#11650,#11652));
#11654=FACE_OUTER_BOUND('',#11653,.F.);
#11656=CARTESIAN_POINT('',(-3.47E0,6.65E-1,0.E0));
#11657=DIRECTION('',(-1.E0,0.E0,0.E0));
#11658=DIRECTION('',(0.E0,1.E0,0.E0));
#11659=AXIS2_PLACEMENT_3D('',#11656,#11657,#11658);
#11660=PLANE('',#11659);
#11662=ORIENTED_EDGE('',*,*,#11661,.T.);
#11663=ORIENTED_EDGE('',*,*,#11441,.F.);
#11664=ORIENTED_EDGE('',*,*,#11604,.T.);
#11665=ORIENTED_EDGE('',*,*,#11534,.T.);
#11666=EDGE_LOOP('',(#11662,#11663,#11664,#11665));
#11667=FACE_OUTER_BOUND('',#11666,.F.);
#11669=CARTESIAN_POINT('',(-3.77E0,-9.126216E0,-3.E-1));
#11670=DIRECTION('',(0.E0,1.E0,0.E0));
#11671=DIRECTION('',(0.E0,0.E0,1.E0));
#11672=AXIS2_PLACEMENT_3D('',#11669,#11670,#11671);
#11673=CYLINDRICAL_SURFACE('',#11672,3.E-1);
#11674=ORIENTED_EDGE('',*,*,#11661,.F.);
#11675=ORIENTED_EDGE('',*,*,#11532,.T.);
#11677=ORIENTED_EDGE('',*,*,#11676,.T.);
#11678=ORIENTED_EDGE('',*,*,#6612,.T.);
#11679=ORIENTED_EDGE('',*,*,#11420,.F.);
#11680=ORIENTED_EDGE('',*,*,#11443,.T.);
#11681=EDGE_LOOP('',(#11674,#11675,#11677,#11678,#11679,#11680));
#11682=FACE_OUTER_BOUND('',#11681,.F.);
#11684=CARTESIAN_POINT('',(2.354671618389E1,6.15E-1,-5.E-2));
#11685=DIRECTION('',(-1.E0,0.E0,0.E0));
#11686=DIRECTION('',(0.E0,0.E0,1.E0));
#11687=AXIS2_PLACEMENT_3D('',#11684,#11685,#11686);
#11688=CYLINDRICAL_SURFACE('',#11687,5.E-2);
#11689=ORIENTED_EDGE('',*,*,#11530,.F.);
#11691=ORIENTED_EDGE('',*,*,#11690,.T.);
#11692=ORIENTED_EDGE('',*,*,#6614,.T.);
#11693=ORIENTED_EDGE('',*,*,#11676,.F.);
#11694=EDGE_LOOP('',(#11689,#11691,#11692,#11693));
#11695=FACE_OUTER_BOUND('',#11694,.F.);
#11697=CARTESIAN_POINT('',(-1.31E0,9.126216E0,-3.E-1));
#11698=DIRECTION('',(0.E0,-1.E0,0.E0));
#11699=DIRECTION('',(0.E0,0.E0,1.E0));
#11700=AXIS2_PLACEMENT_3D('',#11697,#11698,#11699);
#11701=CYLINDRICAL_SURFACE('',#11700,3.E-1);
#11702=ORIENTED_EDGE('',*,*,#6616,.T.);
#11703=ORIENTED_EDGE('',*,*,#11690,.F.);
#11704=ORIENTED_EDGE('',*,*,#11528,.T.);
#11706=ORIENTED_EDGE('',*,*,#11705,.F.);
#11707=ORIENTED_EDGE('',*,*,#11446,.T.);
#11708=ORIENTED_EDGE('',*,*,#11423,.T.);
#11709=EDGE_LOOP('',(#11702,#11703,#11704,#11706,#11707,#11708));
#11710=FACE_OUTER_BOUND('',#11709,.F.);
#11712=CARTESIAN_POINT('',(-1.61E0,2.075E0,0.E0));
#11713=DIRECTION('',(1.E0,0.E0,0.E0));
#11714=DIRECTION('',(0.E0,-1.E0,0.E0));
#11715=AXIS2_PLACEMENT_3D('',#11712,#11713,#11714);
#11716=PLANE('',#11715);
#11717=ORIENTED_EDGE('',*,*,#11705,.T.);
#11718=ORIENTED_EDGE('',*,*,#11526,.F.);
#11719=ORIENTED_EDGE('',*,*,#11618,.T.);
#11720=ORIENTED_EDGE('',*,*,#11448,.T.);
#11721=EDGE_LOOP('',(#11717,#11718,#11719,#11720));
#11722=FACE_OUTER_BOUND('',#11721,.F.);
#11724=CARTESIAN_POINT('',(-1.832242595214E0,2.075E0,-1.E0));
#11725=DIRECTION('',(9.335804264972E-1,0.E0,-3.583679495453E-1));
#11726=DIRECTION('',(3.583679495453E-1,0.E0,9.335804264972E-1));
#11727=AXIS2_PLACEMENT_3D('',#11724,#11725,#11726);
#11728=PLANE('',#11727);
#11730=ORIENTED_EDGE('',*,*,#11729,.F.);
#11731=ORIENTED_EDGE('',*,*,#11452,.F.);
#11732=ORIENTED_EDGE('',*,*,#11615,.T.);
#11733=ORIENTED_EDGE('',*,*,#11522,.T.);
#11734=EDGE_LOOP('',(#11730,#11731,#11732,#11733));
#11735=FACE_OUTER_BOUND('',#11734,.F.);
#11737=CARTESIAN_POINT('',(-1.640058936674E0,2.075E0,-4.993444527246E-1));
#11738=DIRECTION('',(2.923717047227E-1,0.E0,9.563047559630E-1));
#11739=DIRECTION('',(-9.563047559630E-1,0.E0,2.923717047227E-1));
#11740=AXIS2_PLACEMENT_3D('',#11737,#11738,#11739);
#11741=PLANE('',#11740);
#11742=ORIENTED_EDGE('',*,*,#11488,.F.);
#11743=ORIENTED_EDGE('',*,*,#11469,.F.);
#11744=ORIENTED_EDGE('',*,*,#11454,.F.);
#11745=ORIENTED_EDGE('',*,*,#11729,.T.);
#11746=ORIENTED_EDGE('',*,*,#11520,.T.);
#11747=ORIENTED_EDGE('',*,*,#11503,.T.);
#11748=EDGE_LOOP('',(#11742,#11743,#11744,#11745,#11746,#11747));
#11749=FACE_OUTER_BOUND('',#11748,.F.);
#11751=CARTESIAN_POINT('',(-3.439941063326E0,-2.075E0,-4.993444527246E-1));
#11752=DIRECTION('',(9.335804264972E-1,0.E0,3.583679495453E-1));
#11753=DIRECTION('',(3.583679495453E-1,0.E0,-9.335804264972E-1));
#11754=AXIS2_PLACEMENT_3D('',#11751,#11752,#11753);
#11755=PLANE('',#11754);
#11757=ORIENTED_EDGE('',*,*,#11756,.F.);
#11759=ORIENTED_EDGE('',*,*,#11758,.T.);
#11760=ORIENTED_EDGE('',*,*,#11629,.T.);
#11762=ORIENTED_EDGE('',*,*,#11761,.F.);
#11763=EDGE_LOOP('',(#11757,#11759,#11760,#11762));
#11764=FACE_OUTER_BOUND('',#11763,.F.);
#11766=CARTESIAN_POINT('',(-3.115E0,-2.075E0,-4.E-1));
#11767=DIRECTION('',(2.923717047227E-1,0.E0,-9.563047559630E-1));
#11768=DIRECTION('',(-9.563047559630E-1,0.E0,-2.923717047227E-1));
#11769=AXIS2_PLACEMENT_3D('',#11766,#11767,#11768);
#11770=PLANE('',#11769);
#11772=ORIENTED_EDGE('',*,*,#11771,.F.);
#11774=ORIENTED_EDGE('',*,*,#11773,.F.);
#11776=ORIENTED_EDGE('',*,*,#11775,.T.);
#11777=ORIENTED_EDGE('',*,*,#11756,.T.);
#11779=ORIENTED_EDGE('',*,*,#11778,.F.);
#11781=ORIENTED_EDGE('',*,*,#11780,.T.);
#11782=EDGE_LOOP('',(#11772,#11774,#11776,#11777,#11779,#11781));
#11783=FACE_OUTER_BOUND('',#11782,.F.);
#11785=CARTESIAN_POINT('',(-1.016E1,-1.87E0,-1.E0));
#11786=DIRECTION('',(0.E0,1.E0,0.E0));
#11787=DIRECTION('',(-1.E0,0.E0,0.E0));
#11788=AXIS2_PLACEMENT_3D('',#11785,#11786,#11787);
#11789=PLANE('',#11788);
#11791=ORIENTED_EDGE('',*,*,#11790,.F.);
#11793=ORIENTED_EDGE('',*,*,#11792,.F.);
#11795=ORIENTED_EDGE('',*,*,#11794,.T.);
#11796=ORIENTED_EDGE('',*,*,#11771,.T.);
#11798=ORIENTED_EDGE('',*,*,#11797,.F.);
#11800=ORIENTED_EDGE('',*,*,#11799,.F.);
#11801=EDGE_LOOP('',(#11791,#11793,#11795,#11796,#11798,#11800));
#11802=FACE_OUTER_BOUND('',#11801,.F.);
#11804=CARTESIAN_POINT('',(-1.816153172920E0,-6.65E-1,-4.E-1));
#11805=DIRECTION('',(-9.335804264972E-1,0.E0,3.583679495453E-1));
#11806=DIRECTION('',(-3.583679495453E-1,0.E0,-9.335804264972E-1));
#11807=AXIS2_PLACEMENT_3D('',#11804,#11805,#11806);
#11808=PLANE('',#11807);
#11810=ORIENTED_EDGE('',*,*,#11809,.F.);
#11812=ORIENTED_EDGE('',*,*,#11811,.T.);
#11813=ORIENTED_EDGE('',*,*,#11790,.T.);
#11815=ORIENTED_EDGE('',*,*,#11814,.F.);
#11816=EDGE_LOOP('',(#11810,#11812,#11813,#11815));
#11817=FACE_OUTER_BOUND('',#11816,.F.);
#11819=CARTESIAN_POINT('',(-3.47E0,-6.65E-1,0.E0));
#11820=DIRECTION('',(0.E0,1.E0,0.E0));
#11821=DIRECTION('',(1.E0,0.E0,0.E0));
#11822=AXIS2_PLACEMENT_3D('',#11819,#11820,#11821);
#11823=PLANE('',#11822);
#11825=ORIENTED_EDGE('',*,*,#11824,.T.);
#11826=ORIENTED_EDGE('',*,*,#11809,.T.);
#11828=ORIENTED_EDGE('',*,*,#11827,.T.);
#11830=ORIENTED_EDGE('',*,*,#11829,.T.);
#11831=ORIENTED_EDGE('',*,*,#11778,.T.);
#11832=ORIENTED_EDGE('',*,*,#11761,.T.);
#11833=ORIENTED_EDGE('',*,*,#11635,.F.);
#11835=ORIENTED_EDGE('',*,*,#11834,.F.);
#11837=ORIENTED_EDGE('',*,*,#11836,.F.);
#11839=ORIENTED_EDGE('',*,*,#11838,.T.);
#11841=ORIENTED_EDGE('',*,*,#11840,.F.);
#11843=ORIENTED_EDGE('',*,*,#11842,.T.);
#11844=ORIENTED_EDGE('',*,*,#11647,.F.);
#11846=ORIENTED_EDGE('',*,*,#11845,.T.);
#11847=EDGE_LOOP('',(#11825,#11826,#11828,#11830,#11831,#11832,#11833,#11835,
#11837,#11839,#11841,#11843,#11844,#11846));
#11848=FACE_OUTER_BOUND('',#11847,.F.);
#11850=CARTESIAN_POINT('',(-1.640058936674E0,-2.075E0,-4.993444527246E-1));
#11851=DIRECTION('',(-2.923717047227E-1,0.E0,-9.563047559630E-1));
#11852=DIRECTION('',(-9.563047559630E-1,0.E0,2.923717047227E-1));
#11853=AXIS2_PLACEMENT_3D('',#11850,#11851,#11852);
#11854=PLANE('',#11853);
#11855=ORIENTED_EDGE('',*,*,#11792,.T.);
#11856=ORIENTED_EDGE('',*,*,#11811,.F.);
#11857=ORIENTED_EDGE('',*,*,#11824,.F.);
#11859=ORIENTED_EDGE('',*,*,#11858,.F.);
#11861=ORIENTED_EDGE('',*,*,#11860,.T.);
#11863=ORIENTED_EDGE('',*,*,#11862,.T.);
#11864=EDGE_LOOP('',(#11855,#11856,#11857,#11859,#11861,#11863));
#11865=FACE_OUTER_BOUND('',#11864,.F.);
#11867=CARTESIAN_POINT('',(-1.832242595214E0,-2.075E0,-1.E0));
#11868=DIRECTION('',(-9.335804264972E-1,0.E0,3.583679495453E-1));
#11869=DIRECTION('',(3.583679495453E-1,0.E0,9.335804264972E-1));
#11870=AXIS2_PLACEMENT_3D('',#11867,#11868,#11869);
#11871=PLANE('',#11870);
#11872=ORIENTED_EDGE('',*,*,#11858,.T.);
#11873=ORIENTED_EDGE('',*,*,#11845,.F.);
#11874=ORIENTED_EDGE('',*,*,#11645,.F.);
#11876=ORIENTED_EDGE('',*,*,#11875,.T.);
#11877=EDGE_LOOP('',(#11872,#11873,#11874,#11876));
#11878=FACE_OUTER_BOUND('',#11877,.F.);
#11880=CARTESIAN_POINT('',(-1.61E0,-2.075E0,0.E0));
#11881=DIRECTION('',(0.E0,-1.E0,0.E0));
#11882=DIRECTION('',(-1.E0,0.E0,0.E0));
#11883=AXIS2_PLACEMENT_3D('',#11880,#11881,#11882);
#11884=PLANE('',#11883);
#11886=ORIENTED_EDGE('',*,*,#11885,.F.);
#11887=ORIENTED_EDGE('',*,*,#11860,.F.);
#11888=ORIENTED_EDGE('',*,*,#11875,.F.);
#11889=ORIENTED_EDGE('',*,*,#11651,.F.);
#11891=ORIENTED_EDGE('',*,*,#11890,.F.);
#11893=ORIENTED_EDGE('',*,*,#11892,.F.);
#11895=ORIENTED_EDGE('',*,*,#11894,.T.);
#11897=ORIENTED_EDGE('',*,*,#11896,.F.);
#11899=ORIENTED_EDGE('',*,*,#11898,.T.);
#11900=ORIENTED_EDGE('',*,*,#11631,.F.);
#11901=ORIENTED_EDGE('',*,*,#11758,.F.);
#11902=ORIENTED_EDGE('',*,*,#11775,.F.);
#11903=EDGE_LOOP('',(#11886,#11887,#11888,#11889,#11891,#11893,#11895,#11897,
#11899,#11900,#11901,#11902));
#11904=FACE_OUTER_BOUND('',#11903,.F.);
#11906=CARTESIAN_POINT('',(-1.965E0,-2.075E0,-4.E-1));
#11907=DIRECTION('',(0.E0,0.E0,-1.E0));
#11908=DIRECTION('',(-1.E0,0.E0,0.E0));
#11909=AXIS2_PLACEMENT_3D('',#11906,#11907,#11908);
#11910=PLANE('',#11909);
#11911=ORIENTED_EDGE('',*,*,#11794,.F.);
#11912=ORIENTED_EDGE('',*,*,#11862,.F.);
#11913=ORIENTED_EDGE('',*,*,#11885,.T.);
#11914=ORIENTED_EDGE('',*,*,#11773,.T.);
#11915=EDGE_LOOP('',(#11911,#11912,#11913,#11914));
#11916=FACE_OUTER_BOUND('',#11915,.F.);
#11918=CARTESIAN_POINT('',(-1.61E0,-6.65E-1,0.E0));
#11919=DIRECTION('',(1.E0,0.E0,0.E0));
#11920=DIRECTION('',(0.E0,-1.E0,0.E0));
#11921=AXIS2_PLACEMENT_3D('',#11918,#11919,#11920);
#11922=PLANE('',#11921);
#11924=ORIENTED_EDGE('',*,*,#11923,.T.);
#11925=ORIENTED_EDGE('',*,*,#11890,.T.);
#11926=ORIENTED_EDGE('',*,*,#11649,.F.);
#11927=ORIENTED_EDGE('',*,*,#11842,.F.);
#11928=EDGE_LOOP('',(#11924,#11925,#11926,#11927));
#11929=FACE_OUTER_BOUND('',#11928,.F.);
#11931=CARTESIAN_POINT('',(-1.31E0,9.126216E0,-3.E-1));
#11932=DIRECTION('',(0.E0,-1.E0,0.E0));
#11933=DIRECTION('',(0.E0,0.E0,1.E0));
#11934=AXIS2_PLACEMENT_3D('',#11931,#11932,#11933);
#11935=CYLINDRICAL_SURFACE('',#11934,3.E-1);
#11936=ORIENTED_EDGE('',*,*,#11923,.F.);
#11937=ORIENTED_EDGE('',*,*,#11840,.T.);
#11939=ORIENTED_EDGE('',*,*,#11938,.T.);
#11940=ORIENTED_EDGE('',*,*,#6626,.T.);
#11942=ORIENTED_EDGE('',*,*,#11941,.F.);
#11943=ORIENTED_EDGE('',*,*,#11892,.T.);
#11944=EDGE_LOOP('',(#11936,#11937,#11939,#11940,#11942,#11943));
#11945=FACE_OUTER_BOUND('',#11944,.F.);
#11947=CARTESIAN_POINT('',(-2.915871749936E1,-6.15E-1,-5.E-2));
#11948=DIRECTION('',(1.E0,0.E0,0.E0));
#11949=DIRECTION('',(0.E0,0.E0,1.E0));
#11950=AXIS2_PLACEMENT_3D('',#11947,#11948,#11949);
#11951=CYLINDRICAL_SURFACE('',#11950,5.E-2);
#11952=ORIENTED_EDGE('',*,*,#6620,.T.);
#11953=ORIENTED_EDGE('',*,*,#11938,.F.);
#11954=ORIENTED_EDGE('',*,*,#11838,.F.);
#11956=ORIENTED_EDGE('',*,*,#11955,.T.);
#11957=EDGE_LOOP('',(#11952,#11953,#11954,#11956));
#11958=FACE_OUTER_BOUND('',#11957,.F.);
#11960=CARTESIAN_POINT('',(-3.77E0,-9.126216E0,-3.E-1));
#11961=DIRECTION('',(0.E0,1.E0,0.E0));
#11962=DIRECTION('',(0.E0,0.E0,1.E0));
#11963=AXIS2_PLACEMENT_3D('',#11960,#11961,#11962);
#11964=CYLINDRICAL_SURFACE('',#11963,3.E-1);
#11966=ORIENTED_EDGE('',*,*,#11965,.F.);
#11967=ORIENTED_EDGE('',*,*,#11896,.T.);
#11969=ORIENTED_EDGE('',*,*,#11968,.T.);
#11970=ORIENTED_EDGE('',*,*,#6622,.T.);
#11971=ORIENTED_EDGE('',*,*,#11955,.F.);
#11972=ORIENTED_EDGE('',*,*,#11836,.T.);
#11973=EDGE_LOOP('',(#11966,#11967,#11969,#11970,#11971,#11972));
#11974=FACE_OUTER_BOUND('',#11973,.F.);
#11976=CARTESIAN_POINT('',(-3.47E0,-2.075E0,0.E0));
#11977=DIRECTION('',(-1.E0,0.E0,0.E0));
#11978=DIRECTION('',(0.E0,1.E0,0.E0));
#11979=AXIS2_PLACEMENT_3D('',#11976,#11977,#11978);
#11980=PLANE('',#11979);
#11981=ORIENTED_EDGE('',*,*,#11965,.T.);
#11982=ORIENTED_EDGE('',*,*,#11834,.T.);
#11983=ORIENTED_EDGE('',*,*,#11633,.F.);
#11984=ORIENTED_EDGE('',*,*,#11898,.F.);
#11985=EDGE_LOOP('',(#11981,#11982,#11983,#11984));
#11986=FACE_OUTER_BOUND('',#11985,.F.);
#11988=CARTESIAN_POINT('',(2.492515068105E1,-2.275E0,-2.E-1));
#11989=DIRECTION('',(-1.E0,0.E0,0.E0));
#11990=DIRECTION('',(0.E0,0.E0,1.E0));
#11991=AXIS2_PLACEMENT_3D('',#11988,#11989,#11990);
#11992=CYLINDRICAL_SURFACE('',#11991,2.E-1);
#11993=ORIENTED_EDGE('',*,*,#11894,.F.);
#11994=ORIENTED_EDGE('',*,*,#11941,.T.);
#11995=ORIENTED_EDGE('',*,*,#6624,.T.);
#11996=ORIENTED_EDGE('',*,*,#11968,.F.);
#11997=EDGE_LOOP('',(#11993,#11994,#11995,#11996));
#11998=FACE_OUTER_BOUND('',#11997,.F.);
#12000=CARTESIAN_POINT('',(-2.046471593941E0,-6.65E-1,-1.E0));
#12001=DIRECTION('',(0.E0,0.E0,1.E0));
#12002=DIRECTION('',(-1.E0,0.E0,0.E0));
#12003=AXIS2_PLACEMENT_3D('',#12000,#12001,#12002);
#12004=PLANE('',#12003);
#12005=ORIENTED_EDGE('',*,*,#11827,.F.);
#12006=ORIENTED_EDGE('',*,*,#11814,.T.);
#12007=ORIENTED_EDGE('',*,*,#11799,.T.);
#12009=ORIENTED_EDGE('',*,*,#12008,.F.);
#12010=EDGE_LOOP('',(#12005,#12006,#12007,#12009));
#12011=FACE_OUTER_BOUND('',#12010,.F.);
#12013=CARTESIAN_POINT('',(-3.033528406059E0,-6.65E-1,-1.E0));
#12014=DIRECTION('',(9.335804264972E-1,0.E0,3.583679495453E-1));
#12015=DIRECTION('',(-3.583679495453E-1,0.E0,9.335804264972E-1));
#12016=AXIS2_PLACEMENT_3D('',#12013,#12014,#12015);
#12017=PLANE('',#12016);
#12018=ORIENTED_EDGE('',*,*,#11829,.F.);
#12019=ORIENTED_EDGE('',*,*,#12008,.T.);
#12020=ORIENTED_EDGE('',*,*,#11797,.T.);
#12021=ORIENTED_EDGE('',*,*,#11780,.F.);
#12022=EDGE_LOOP('',(#12018,#12019,#12020,#12021));
#12023=FACE_OUTER_BOUND('',#12022,.F.);
#12025=CARTESIAN_POINT('',(-3.2068008E1,2.275E0,-2.E-1));
#12026=DIRECTION('',(1.E0,0.E0,0.E0));
#12027=DIRECTION('',(0.E0,0.E0,1.E0));
#12028=AXIS2_PLACEMENT_3D('',#12025,#12026,#12027);
#12029=CYLINDRICAL_SURFACE('',#12028,2.E-1);
#12031=ORIENTED_EDGE('',*,*,#12030,.F.);
#12033=ORIENTED_EDGE('',*,*,#12032,.T.);
#12034=ORIENTED_EDGE('',*,*,#6630,.T.);
#12036=ORIENTED_EDGE('',*,*,#12035,.F.);
#12037=EDGE_LOOP('',(#12031,#12033,#12034,#12036));
#12038=FACE_OUTER_BOUND('',#12037,.F.);
#12040=CARTESIAN_POINT('',(-6.01E0,2.075E0,0.E0));
#12041=DIRECTION('',(0.E0,1.E0,0.E0));
#12042=DIRECTION('',(1.E0,0.E0,0.E0));
#12043=AXIS2_PLACEMENT_3D('',#12040,#12041,#12042);
#12044=PLANE('',#12043);
#12046=ORIENTED_EDGE('',*,*,#12045,.T.);
#12048=ORIENTED_EDGE('',*,*,#12047,.T.);
#12050=ORIENTED_EDGE('',*,*,#12049,.T.);
#12052=ORIENTED_EDGE('',*,*,#12051,.T.);
#12054=ORIENTED_EDGE('',*,*,#12053,.T.);
#12056=ORIENTED_EDGE('',*,*,#12055,.F.);
#12057=ORIENTED_EDGE('',*,*,#12030,.T.);
#12059=ORIENTED_EDGE('',*,*,#12058,.F.);
#12061=ORIENTED_EDGE('',*,*,#12060,.F.);
#12063=ORIENTED_EDGE('',*,*,#12062,.T.);
#12065=ORIENTED_EDGE('',*,*,#12064,.T.);
#12067=ORIENTED_EDGE('',*,*,#12066,.T.);
#12068=EDGE_LOOP('',(#12046,#12048,#12050,#12052,#12054,#12056,#12057,#12059,
#12061,#12063,#12065,#12067));
#12069=FACE_OUTER_BOUND('',#12068,.F.);
#12071=CARTESIAN_POINT('',(-4.505E0,2.075E0,-4.E-1));
#12072=DIRECTION('',(0.E0,0.E0,1.E0));
#12073=DIRECTION('',(-1.E0,0.E0,0.E0));
#12074=AXIS2_PLACEMENT_3D('',#12071,#12072,#12073);
#12075=PLANE('',#12074);
#12077=ORIENTED_EDGE('',*,*,#12076,.T.);
#12079=ORIENTED_EDGE('',*,*,#12078,.F.);
#12080=ORIENTED_EDGE('',*,*,#12045,.F.);
#12082=ORIENTED_EDGE('',*,*,#12081,.T.);
#12083=EDGE_LOOP('',(#12077,#12079,#12080,#12082));
#12084=FACE_OUTER_BOUND('',#12083,.F.);
#12086=CARTESIAN_POINT('',(-1.27E1,1.87E0,-1.E0));
#12087=DIRECTION('',(0.E0,1.E0,0.E0));
#12088=DIRECTION('',(-1.E0,0.E0,0.E0));
#12089=AXIS2_PLACEMENT_3D('',#12086,#12087,#12088);
#12090=PLANE('',#12089);
#12092=ORIENTED_EDGE('',*,*,#12091,.T.);
#12094=ORIENTED_EDGE('',*,*,#12093,.F.);
#12096=ORIENTED_EDGE('',*,*,#12095,.T.);
#12098=ORIENTED_EDGE('',*,*,#12097,.F.);
#12099=ORIENTED_EDGE('',*,*,#12076,.F.);
#12101=ORIENTED_EDGE('',*,*,#12100,.T.);
#12102=EDGE_LOOP('',(#12092,#12094,#12096,#12098,#12099,#12101));
#12103=FACE_OUTER_BOUND('',#12102,.F.);
#12105=CARTESIAN_POINT('',(-4.356153172920E0,6.65E-1,-4.E-1));
#12106=DIRECTION('',(9.335804264972E-1,0.E0,-3.583679495453E-1));
#12107=DIRECTION('',(-3.583679495453E-1,0.E0,-9.335804264972E-1));
#12108=AXIS2_PLACEMENT_3D('',#12105,#12106,#12107);
#12109=PLANE('',#12108);
#12111=ORIENTED_EDGE('',*,*,#12110,.T.);
#12113=ORIENTED_EDGE('',*,*,#12112,.F.);
#12114=ORIENTED_EDGE('',*,*,#12091,.F.);
#12116=ORIENTED_EDGE('',*,*,#12115,.F.);
#12117=EDGE_LOOP('',(#12111,#12113,#12114,#12116));
#12118=FACE_OUTER_BOUND('',#12117,.F.);
#12120=CARTESIAN_POINT('',(-4.15E0,6.65E-1,0.E0));
#12121=DIRECTION('',(0.E0,-1.E0,0.E0));
#12122=DIRECTION('',(-1.E0,0.E0,0.E0));
#12123=AXIS2_PLACEMENT_3D('',#12120,#12121,#12122);
#12124=PLANE('',#12123);
#12126=ORIENTED_EDGE('',*,*,#12125,.F.);
#12128=ORIENTED_EDGE('',*,*,#12127,.F.);
#12130=ORIENTED_EDGE('',*,*,#12129,.F.);
#12131=ORIENTED_EDGE('',*,*,#12110,.F.);
#12133=ORIENTED_EDGE('',*,*,#12132,.F.);
#12135=ORIENTED_EDGE('',*,*,#12134,.F.);
#12137=ORIENTED_EDGE('',*,*,#12136,.T.);
#12139=ORIENTED_EDGE('',*,*,#12138,.T.);
#12141=ORIENTED_EDGE('',*,*,#12140,.F.);
#12143=ORIENTED_EDGE('',*,*,#12142,.T.);
#12145=ORIENTED_EDGE('',*,*,#12144,.F.);
#12147=ORIENTED_EDGE('',*,*,#12146,.F.);
#12149=ORIENTED_EDGE('',*,*,#12148,.T.);
#12151=ORIENTED_EDGE('',*,*,#12150,.F.);
#12152=EDGE_LOOP('',(#12126,#12128,#12130,#12131,#12133,#12135,#12137,#12139,
#12141,#12143,#12145,#12147,#12149,#12151));
#12153=FACE_OUTER_BOUND('',#12152,.F.);
#12155=CARTESIAN_POINT('',(-5.655E0,2.075E0,-4.E-1));
#12156=DIRECTION('',(-2.923717047227E-1,0.E0,9.563047559630E-1));
#12157=DIRECTION('',(-9.563047559630E-1,0.E0,-2.923717047227E-1));
#12158=AXIS2_PLACEMENT_3D('',#12155,#12156,#12157);
#12159=PLANE('',#12158);
#12160=ORIENTED_EDGE('',*,*,#12097,.T.);
#12162=ORIENTED_EDGE('',*,*,#12161,.F.);
#12163=ORIENTED_EDGE('',*,*,#12125,.T.);
#12165=ORIENTED_EDGE('',*,*,#12164,.F.);
#12166=ORIENTED_EDGE('',*,*,#12047,.F.);
#12167=ORIENTED_EDGE('',*,*,#12078,.T.);
#12168=EDGE_LOOP('',(#12160,#12162,#12163,#12165,#12166,#12167));
#12169=FACE_OUTER_BOUND('',#12168,.F.);
#12171=CARTESIAN_POINT('',(-5.573528406059E0,6.65E-1,-1.E0));
#12172=DIRECTION('',(-9.335804264972E-1,0.E0,-3.583679495453E-1));
#12173=DIRECTION('',(-3.583679495453E-1,0.E0,9.335804264972E-1));
#12174=AXIS2_PLACEMENT_3D('',#12171,#12172,#12173);
#12175=PLANE('',#12174);
#12176=ORIENTED_EDGE('',*,*,#12127,.T.);
#12177=ORIENTED_EDGE('',*,*,#12161,.T.);
#12178=ORIENTED_EDGE('',*,*,#12095,.F.);
#12180=ORIENTED_EDGE('',*,*,#12179,.T.);
#12181=EDGE_LOOP('',(#12176,#12177,#12178,#12180));
#12182=FACE_OUTER_BOUND('',#12181,.F.);
#12184=CARTESIAN_POINT('',(-4.586471593941E0,6.65E-1,-1.E0));
#12185=DIRECTION('',(0.E0,0.E0,-1.E0));
#12186=DIRECTION('',(-1.E0,0.E0,0.E0));
#12187=AXIS2_PLACEMENT_3D('',#12184,#12185,#12186);
#12188=PLANE('',#12187);
#12189=ORIENTED_EDGE('',*,*,#12129,.T.);
#12190=ORIENTED_EDGE('',*,*,#12179,.F.);
#12191=ORIENTED_EDGE('',*,*,#12093,.T.);
#12192=ORIENTED_EDGE('',*,*,#12112,.T.);
#12193=EDGE_LOOP('',(#12189,#12190,#12191,#12192));
#12194=FACE_OUTER_BOUND('',#12193,.F.);
#12196=CARTESIAN_POINT('',(-5.979941063326E0,2.075E0,-4.993444527246E-1));
#12197=DIRECTION('',(-9.335804264972E-1,0.E0,-3.583679495453E-1));
#12198=DIRECTION('',(3.583679495453E-1,0.E0,-9.335804264972E-1));
#12199=AXIS2_PLACEMENT_3D('',#12196,#12197,#12198);
#12200=PLANE('',#12199);
#12201=ORIENTED_EDGE('',*,*,#12164,.T.);
#12202=ORIENTED_EDGE('',*,*,#12150,.T.);
#12204=ORIENTED_EDGE('',*,*,#12203,.F.);
#12205=ORIENTED_EDGE('',*,*,#12049,.F.);
#12206=EDGE_LOOP('',(#12201,#12202,#12204,#12205));
#12207=FACE_OUTER_BOUND('',#12206,.F.);
#12209=CARTESIAN_POINT('',(-1.27E1,0.E0,-1.E0));
#12210=DIRECTION('',(0.E0,0.E0,-1.E0));
#12211=DIRECTION('',(0.E0,1.E0,0.E0));
#12212=AXIS2_PLACEMENT_3D('',#12209,#12210,#12211);
#12213=PLANE('',#12212);
#12214=ORIENTED_EDGE('',*,*,#12203,.T.);
#12215=ORIENTED_EDGE('',*,*,#12148,.F.);
#12217=ORIENTED_EDGE('',*,*,#12216,.F.);
#12218=ORIENTED_EDGE('',*,*,#12051,.F.);
#12219=EDGE_LOOP('',(#12214,#12215,#12217,#12218));
#12220=FACE_OUTER_BOUND('',#12219,.F.);
#12222=CARTESIAN_POINT('',(-1.27E1,0.E0,-1.E0));
#12223=DIRECTION('',(0.E0,0.E0,-1.E0));
#12224=DIRECTION('',(0.E0,1.E0,0.E0));
#12225=AXIS2_PLACEMENT_3D('',#12222,#12223,#12224);
#12226=PLANE('',#12225);
#12228=ORIENTED_EDGE('',*,*,#12227,.F.);
#12229=ORIENTED_EDGE('',*,*,#12062,.F.);
#12231=ORIENTED_EDGE('',*,*,#12230,.F.);
#12232=ORIENTED_EDGE('',*,*,#12136,.F.);
#12233=EDGE_LOOP('',(#12228,#12229,#12231,#12232));
#12234=FACE_OUTER_BOUND('',#12233,.F.);
#12236=CARTESIAN_POINT('',(-1.27E1,0.E0,-1.E0));
#12237=DIRECTION('',(0.E0,0.E0,-1.E0));
#12238=DIRECTION('',(0.E0,1.E0,0.E0));
#12239=AXIS2_PLACEMENT_3D('',#12236,#12237,#12238);
#12240=PLANE('',#12239);
#12242=ORIENTED_EDGE('',*,*,#12241,.F.);
#12244=ORIENTED_EDGE('',*,*,#12243,.T.);
#12246=ORIENTED_EDGE('',*,*,#12245,.T.);
#12248=ORIENTED_EDGE('',*,*,#12247,.T.);
#12249=EDGE_LOOP('',(#12242,#12244,#12246,#12248));
#12250=FACE_OUTER_BOUND('',#12249,.F.);
#12252=CARTESIAN_POINT('',(-1.27E1,0.E0,-1.E0));
#12253=DIRECTION('',(0.E0,0.E0,-1.E0));
#12254=DIRECTION('',(0.E0,1.E0,0.E0));
#12255=AXIS2_PLACEMENT_3D('',#12252,#12253,#12254);
#12256=PLANE('',#12255);
#12258=ORIENTED_EDGE('',*,*,#12257,.T.);
#12260=ORIENTED_EDGE('',*,*,#12259,.T.);
#12262=ORIENTED_EDGE('',*,*,#12261,.T.);
#12264=ORIENTED_EDGE('',*,*,#12263,.T.);
#12265=EDGE_LOOP('',(#12258,#12260,#12262,#12264));
#12266=FACE_OUTER_BOUND('',#12265,.F.);
#12268=CARTESIAN_POINT('',(-6.01E0,6.65E-1,0.E0));
#12269=DIRECTION('',(-1.E0,0.E0,0.E0));
#12270=DIRECTION('',(0.E0,1.E0,0.E0));
#12271=AXIS2_PLACEMENT_3D('',#12268,#12269,#12270);
#12272=PLANE('',#12271);
#12274=ORIENTED_EDGE('',*,*,#12273,.T.);
#12275=ORIENTED_EDGE('',*,*,#12053,.F.);
#12276=ORIENTED_EDGE('',*,*,#12216,.T.);
#12277=ORIENTED_EDGE('',*,*,#12146,.T.);
#12278=EDGE_LOOP('',(#12274,#12275,#12276,#12277));
#12279=FACE_OUTER_BOUND('',#12278,.F.);
#12281=CARTESIAN_POINT('',(-6.31E0,-9.126216E0,-3.E-1));
#12282=DIRECTION('',(0.E0,1.E0,0.E0));
#12283=DIRECTION('',(0.E0,0.E0,1.E0));
#12284=AXIS2_PLACEMENT_3D('',#12281,#12282,#12283);
#12285=CYLINDRICAL_SURFACE('',#12284,3.E-1);
#12286=ORIENTED_EDGE('',*,*,#12273,.F.);
#12287=ORIENTED_EDGE('',*,*,#12144,.T.);
#12289=ORIENTED_EDGE('',*,*,#12288,.T.);
#12290=ORIENTED_EDGE('',*,*,#6632,.T.);
#12291=ORIENTED_EDGE('',*,*,#12032,.F.);
#12292=ORIENTED_EDGE('',*,*,#12055,.T.);
#12293=EDGE_LOOP('',(#12286,#12287,#12289,#12290,#12291,#12292));
#12294=FACE_OUTER_BOUND('',#12293,.F.);
#12296=CARTESIAN_POINT('',(2.603505334345E1,6.15E-1,-5.E-2));
#12297=DIRECTION('',(-1.E0,0.E0,0.E0));
#12298=DIRECTION('',(0.E0,0.E0,1.E0));
#12299=AXIS2_PLACEMENT_3D('',#12296,#12297,#12298);
#12300=CYLINDRICAL_SURFACE('',#12299,5.E-2);
#12301=ORIENTED_EDGE('',*,*,#12142,.F.);
#12303=ORIENTED_EDGE('',*,*,#12302,.T.);
#12304=ORIENTED_EDGE('',*,*,#6634,.T.);
#12305=ORIENTED_EDGE('',*,*,#12288,.F.);
#12306=EDGE_LOOP('',(#12301,#12303,#12304,#12305));
#12307=FACE_OUTER_BOUND('',#12306,.F.);
#12309=CARTESIAN_POINT('',(-3.85E0,9.126216E0,-3.E-1));
#12310=DIRECTION('',(0.E0,-1.E0,0.E0));
#12311=DIRECTION('',(0.E0,0.E0,1.E0));
#12312=AXIS2_PLACEMENT_3D('',#12309,#12310,#12311);
#12313=CYLINDRICAL_SURFACE('',#12312,3.E-1);
#12314=ORIENTED_EDGE('',*,*,#6636,.T.);
#12315=ORIENTED_EDGE('',*,*,#12302,.F.);
#12316=ORIENTED_EDGE('',*,*,#12140,.T.);
#12318=ORIENTED_EDGE('',*,*,#12317,.F.);
#12319=ORIENTED_EDGE('',*,*,#12058,.T.);
#12320=ORIENTED_EDGE('',*,*,#12035,.T.);
#12321=EDGE_LOOP('',(#12314,#12315,#12316,#12318,#12319,#12320));
#12322=FACE_OUTER_BOUND('',#12321,.F.);
#12324=CARTESIAN_POINT('',(-4.15E0,2.075E0,0.E0));
#12325=DIRECTION('',(1.E0,0.E0,0.E0));
#12326=DIRECTION('',(0.E0,-1.E0,0.E0));
#12327=AXIS2_PLACEMENT_3D('',#12324,#12325,#12326);
#12328=PLANE('',#12327);
#12329=ORIENTED_EDGE('',*,*,#12317,.T.);
#12330=ORIENTED_EDGE('',*,*,#12138,.F.);
#12331=ORIENTED_EDGE('',*,*,#12230,.T.);
#12332=ORIENTED_EDGE('',*,*,#12060,.T.);
#12333=EDGE_LOOP('',(#12329,#12330,#12331,#12332));
#12334=FACE_OUTER_BOUND('',#12333,.F.);
#12336=CARTESIAN_POINT('',(-4.372242595214E0,2.075E0,-1.E0));
#12337=DIRECTION('',(9.335804264972E-1,0.E0,-3.583679495453E-1));
#12338=DIRECTION('',(3.583679495453E-1,0.E0,9.335804264972E-1));
#12339=AXIS2_PLACEMENT_3D('',#12336,#12337,#12338);
#12340=PLANE('',#12339);
#12342=ORIENTED_EDGE('',*,*,#12341,.F.);
#12343=ORIENTED_EDGE('',*,*,#12064,.F.);
#12344=ORIENTED_EDGE('',*,*,#12227,.T.);
#12345=ORIENTED_EDGE('',*,*,#12134,.T.);
#12346=EDGE_LOOP('',(#12342,#12343,#12344,#12345));
#12347=FACE_OUTER_BOUND('',#12346,.F.);
#12349=CARTESIAN_POINT('',(-4.180058936674E0,2.075E0,-4.993444527246E-1));
#12350=DIRECTION('',(2.923717047227E-1,0.E0,9.563047559630E-1));
#12351=DIRECTION('',(-9.563047559630E-1,0.E0,2.923717047227E-1));
#12352=AXIS2_PLACEMENT_3D('',#12349,#12350,#12351);
#12353=PLANE('',#12352);
#12354=ORIENTED_EDGE('',*,*,#12100,.F.);
#12355=ORIENTED_EDGE('',*,*,#12081,.F.);
#12356=ORIENTED_EDGE('',*,*,#12066,.F.);
#12357=ORIENTED_EDGE('',*,*,#12341,.T.);
#12358=ORIENTED_EDGE('',*,*,#12132,.T.);
#12359=ORIENTED_EDGE('',*,*,#12115,.T.);
#12360=EDGE_LOOP('',(#12354,#12355,#12356,#12357,#12358,#12359));
#12361=FACE_OUTER_BOUND('',#12360,.F.);
#12363=CARTESIAN_POINT('',(-5.979941063326E0,-2.075E0,-4.993444527246E-1));
#12364=DIRECTION('',(9.335804264972E-1,0.E0,3.583679495453E-1));
#12365=DIRECTION('',(3.583679495453E-1,0.E0,-9.335804264972E-1));
#12366=AXIS2_PLACEMENT_3D('',#12363,#12364,#12365);
#12367=PLANE('',#12366);
#12369=ORIENTED_EDGE('',*,*,#12368,.F.);
#12371=ORIENTED_EDGE('',*,*,#12370,.T.);
#12372=ORIENTED_EDGE('',*,*,#12241,.T.);
#12374=ORIENTED_EDGE('',*,*,#12373,.F.);
#12375=EDGE_LOOP('',(#12369,#12371,#12372,#12374));
#12376=FACE_OUTER_BOUND('',#12375,.F.);
#12378=CARTESIAN_POINT('',(-5.655E0,-2.075E0,-4.E-1));
#12379=DIRECTION('',(2.923717047227E-1,0.E0,-9.563047559630E-1));
#12380=DIRECTION('',(-9.563047559630E-1,0.E0,-2.923717047227E-1));
#12381=AXIS2_PLACEMENT_3D('',#12378,#12379,#12380);
#12382=PLANE('',#12381);
#12384=ORIENTED_EDGE('',*,*,#12383,.F.);
#12386=ORIENTED_EDGE('',*,*,#12385,.F.);
#12388=ORIENTED_EDGE('',*,*,#12387,.T.);
#12389=ORIENTED_EDGE('',*,*,#12368,.T.);
#12391=ORIENTED_EDGE('',*,*,#12390,.F.);
#12393=ORIENTED_EDGE('',*,*,#12392,.T.);
#12394=EDGE_LOOP('',(#12384,#12386,#12388,#12389,#12391,#12393));
#12395=FACE_OUTER_BOUND('',#12394,.F.);
#12397=CARTESIAN_POINT('',(-1.27E1,-1.87E0,-1.E0));
#12398=DIRECTION('',(0.E0,1.E0,0.E0));
#12399=DIRECTION('',(-1.E0,0.E0,0.E0));
#12400=AXIS2_PLACEMENT_3D('',#12397,#12398,#12399);
#12401=PLANE('',#12400);
#12403=ORIENTED_EDGE('',*,*,#12402,.F.);
#12405=ORIENTED_EDGE('',*,*,#12404,.F.);
#12407=ORIENTED_EDGE('',*,*,#12406,.T.);
#12408=ORIENTED_EDGE('',*,*,#12383,.T.);
#12410=ORIENTED_EDGE('',*,*,#12409,.F.);
#12412=ORIENTED_EDGE('',*,*,#12411,.F.);
#12413=EDGE_LOOP('',(#12403,#12405,#12407,#12408,#12410,#12412));
#12414=FACE_OUTER_BOUND('',#12413,.F.);
#12416=CARTESIAN_POINT('',(-4.356153172920E0,-6.65E-1,-4.E-1));
#12417=DIRECTION('',(-9.335804264972E-1,0.E0,3.583679495453E-1));
#12418=DIRECTION('',(-3.583679495453E-1,0.E0,-9.335804264972E-1));
#12419=AXIS2_PLACEMENT_3D('',#12416,#12417,#12418);
#12420=PLANE('',#12419);
#12422=ORIENTED_EDGE('',*,*,#12421,.F.);
#12424=ORIENTED_EDGE('',*,*,#12423,.T.);
#12425=ORIENTED_EDGE('',*,*,#12402,.T.);
#12427=ORIENTED_EDGE('',*,*,#12426,.F.);
#12428=EDGE_LOOP('',(#12422,#12424,#12425,#12427));
#12429=FACE_OUTER_BOUND('',#12428,.F.);
#12431=CARTESIAN_POINT('',(-6.01E0,-6.65E-1,0.E0));
#12432=DIRECTION('',(0.E0,1.E0,0.E0));
#12433=DIRECTION('',(1.E0,0.E0,0.E0));
#12434=AXIS2_PLACEMENT_3D('',#12431,#12432,#12433);
#12435=PLANE('',#12434);
#12437=ORIENTED_EDGE('',*,*,#12436,.T.);
#12438=ORIENTED_EDGE('',*,*,#12421,.T.);
#12440=ORIENTED_EDGE('',*,*,#12439,.T.);
#12442=ORIENTED_EDGE('',*,*,#12441,.T.);
#12443=ORIENTED_EDGE('',*,*,#12390,.T.);
#12444=ORIENTED_EDGE('',*,*,#12373,.T.);
#12445=ORIENTED_EDGE('',*,*,#12247,.F.);
#12447=ORIENTED_EDGE('',*,*,#12446,.F.);
#12449=ORIENTED_EDGE('',*,*,#12448,.F.);
#12451=ORIENTED_EDGE('',*,*,#12450,.T.);
#12453=ORIENTED_EDGE('',*,*,#12452,.F.);
#12455=ORIENTED_EDGE('',*,*,#12454,.T.);
#12456=ORIENTED_EDGE('',*,*,#12259,.F.);
#12458=ORIENTED_EDGE('',*,*,#12457,.T.);
#12459=EDGE_LOOP('',(#12437,#12438,#12440,#12442,#12443,#12444,#12445,#12447,
#12449,#12451,#12453,#12455,#12456,#12458));
#12460=FACE_OUTER_BOUND('',#12459,.F.);
#12462=CARTESIAN_POINT('',(-4.180058936674E0,-2.075E0,-4.993444527246E-1));
#12463=DIRECTION('',(-2.923717047227E-1,0.E0,-9.563047559630E-1));
#12464=DIRECTION('',(-9.563047559630E-1,0.E0,2.923717047227E-1));
#12465=AXIS2_PLACEMENT_3D('',#12462,#12463,#12464);
#12466=PLANE('',#12465);
#12467=ORIENTED_EDGE('',*,*,#12404,.T.);
#12468=ORIENTED_EDGE('',*,*,#12423,.F.);
#12469=ORIENTED_EDGE('',*,*,#12436,.F.);
#12471=ORIENTED_EDGE('',*,*,#12470,.F.);
#12473=ORIENTED_EDGE('',*,*,#12472,.T.);
#12475=ORIENTED_EDGE('',*,*,#12474,.T.);
#12476=EDGE_LOOP('',(#12467,#12468,#12469,#12471,#12473,#12475));
#12477=FACE_OUTER_BOUND('',#12476,.F.);
#12479=CARTESIAN_POINT('',(-4.372242595214E0,-2.075E0,-1.E0));
#12480=DIRECTION('',(-9.335804264972E-1,0.E0,3.583679495453E-1));
#12481=DIRECTION('',(3.583679495453E-1,0.E0,9.335804264972E-1));
#12482=AXIS2_PLACEMENT_3D('',#12479,#12480,#12481);
#12483=PLANE('',#12482);
#12484=ORIENTED_EDGE('',*,*,#12470,.T.);
#12485=ORIENTED_EDGE('',*,*,#12457,.F.);
#12486=ORIENTED_EDGE('',*,*,#12257,.F.);
#12488=ORIENTED_EDGE('',*,*,#12487,.T.);
#12489=EDGE_LOOP('',(#12484,#12485,#12486,#12488));
#12490=FACE_OUTER_BOUND('',#12489,.F.);
#12492=CARTESIAN_POINT('',(-4.15E0,-2.075E0,0.E0));
#12493=DIRECTION('',(0.E0,-1.E0,0.E0));
#12494=DIRECTION('',(-1.E0,0.E0,0.E0));
#12495=AXIS2_PLACEMENT_3D('',#12492,#12493,#12494);
#12496=PLANE('',#12495);
#12498=ORIENTED_EDGE('',*,*,#12497,.F.);
#12499=ORIENTED_EDGE('',*,*,#12472,.F.);
#12500=ORIENTED_EDGE('',*,*,#12487,.F.);
#12501=ORIENTED_EDGE('',*,*,#12263,.F.);
#12503=ORIENTED_EDGE('',*,*,#12502,.F.);
#12505=ORIENTED_EDGE('',*,*,#12504,.F.);
#12507=ORIENTED_EDGE('',*,*,#12506,.T.);
#12509=ORIENTED_EDGE('',*,*,#12508,.F.);
#12511=ORIENTED_EDGE('',*,*,#12510,.T.);
#12512=ORIENTED_EDGE('',*,*,#12243,.F.);
#12513=ORIENTED_EDGE('',*,*,#12370,.F.);
#12514=ORIENTED_EDGE('',*,*,#12387,.F.);
#12515=EDGE_LOOP('',(#12498,#12499,#12500,#12501,#12503,#12505,#12507,#12509,
#12511,#12512,#12513,#12514));
#12516=FACE_OUTER_BOUND('',#12515,.F.);
#12518=CARTESIAN_POINT('',(-4.505E0,-2.075E0,-4.E-1));
#12519=DIRECTION('',(0.E0,0.E0,-1.E0));
#12520=DIRECTION('',(-1.E0,0.E0,0.E0));
#12521=AXIS2_PLACEMENT_3D('',#12518,#12519,#12520);
#12522=PLANE('',#12521);
#12523=ORIENTED_EDGE('',*,*,#12406,.F.);
#12524=ORIENTED_EDGE('',*,*,#12474,.F.);
#12525=ORIENTED_EDGE('',*,*,#12497,.T.);
#12526=ORIENTED_EDGE('',*,*,#12385,.T.);
#12527=EDGE_LOOP('',(#12523,#12524,#12525,#12526));
#12528=FACE_OUTER_BOUND('',#12527,.F.);
#12530=CARTESIAN_POINT('',(-4.15E0,-6.65E-1,0.E0));
#12531=DIRECTION('',(1.E0,0.E0,0.E0));
#12532=DIRECTION('',(0.E0,-1.E0,0.E0));
#12533=AXIS2_PLACEMENT_3D('',#12530,#12531,#12532);
#12534=PLANE('',#12533);
#12536=ORIENTED_EDGE('',*,*,#12535,.T.);
#12537=ORIENTED_EDGE('',*,*,#12502,.T.);
#12538=ORIENTED_EDGE('',*,*,#12261,.F.);
#12539=ORIENTED_EDGE('',*,*,#12454,.F.);
#12540=EDGE_LOOP('',(#12536,#12537,#12538,#12539));
#12541=FACE_OUTER_BOUND('',#12540,.F.);
#12543=CARTESIAN_POINT('',(-3.85E0,9.126216E0,-3.E-1));
#12544=DIRECTION('',(0.E0,-1.E0,0.E0));
#12545=DIRECTION('',(0.E0,0.E0,1.E0));
#12546=AXIS2_PLACEMENT_3D('',#12543,#12544,#12545);
#12547=CYLINDRICAL_SURFACE('',#12546,3.E-1);
#12548=ORIENTED_EDGE('',*,*,#12535,.F.);
#12549=ORIENTED_EDGE('',*,*,#12452,.T.);
#12551=ORIENTED_EDGE('',*,*,#12550,.T.);
#12552=ORIENTED_EDGE('',*,*,#6646,.T.);
#12554=ORIENTED_EDGE('',*,*,#12553,.F.);
#12555=ORIENTED_EDGE('',*,*,#12504,.T.);
#12556=EDGE_LOOP('',(#12548,#12549,#12551,#12552,#12554,#12555));
#12557=FACE_OUTER_BOUND('',#12556,.F.);
#12559=CARTESIAN_POINT('',(-3.2068008E1,-6.15E-1,-5.E-2));
#12560=DIRECTION('',(1.E0,0.E0,0.E0));
#12561=DIRECTION('',(0.E0,0.E0,1.E0));
#12562=AXIS2_PLACEMENT_3D('',#12559,#12560,#12561);
#12563=CYLINDRICAL_SURFACE('',#12562,5.E-2);
#12564=ORIENTED_EDGE('',*,*,#6640,.T.);
#12565=ORIENTED_EDGE('',*,*,#12550,.F.);
#12566=ORIENTED_EDGE('',*,*,#12450,.F.);
#12568=ORIENTED_EDGE('',*,*,#12567,.T.);
#12569=EDGE_LOOP('',(#12564,#12565,#12566,#12568));
#12570=FACE_OUTER_BOUND('',#12569,.F.);
#12572=CARTESIAN_POINT('',(-6.31E0,-9.126216E0,-3.E-1));
#12573=DIRECTION('',(0.E0,1.E0,0.E0));
#12574=DIRECTION('',(0.E0,0.E0,1.E0));
#12575=AXIS2_PLACEMENT_3D('',#12572,#12573,#12574);
#12576=CYLINDRICAL_SURFACE('',#12575,3.E-1);
#12578=ORIENTED_EDGE('',*,*,#12577,.F.);
#12579=ORIENTED_EDGE('',*,*,#12508,.T.);
#12581=ORIENTED_EDGE('',*,*,#12580,.T.);
#12582=ORIENTED_EDGE('',*,*,#6642,.T.);
#12583=ORIENTED_EDGE('',*,*,#12567,.F.);
#12584=ORIENTED_EDGE('',*,*,#12448,.T.);
#12585=EDGE_LOOP('',(#12578,#12579,#12581,#12582,#12583,#12584));
#12586=FACE_OUTER_BOUND('',#12585,.F.);
#12588=CARTESIAN_POINT('',(-6.01E0,-2.075E0,0.E0));
#12589=DIRECTION('',(-1.E0,0.E0,0.E0));
#12590=DIRECTION('',(0.E0,1.E0,0.E0));
#12591=AXIS2_PLACEMENT_3D('',#12588,#12589,#12590);
#12592=PLANE('',#12591);
#12593=ORIENTED_EDGE('',*,*,#12577,.T.);
#12594=ORIENTED_EDGE('',*,*,#12446,.T.);
#12595=ORIENTED_EDGE('',*,*,#12245,.F.);
#12596=ORIENTED_EDGE('',*,*,#12510,.F.);
#12597=EDGE_LOOP('',(#12593,#12594,#12595,#12596));
#12598=FACE_OUTER_BOUND('',#12597,.F.);
#12600=CARTESIAN_POINT('',(2.719289592587E1,-2.275E0,-2.E-1));
#12601=DIRECTION('',(-1.E0,0.E0,0.E0));
#12602=DIRECTION('',(0.E0,0.E0,1.E0));
#12603=AXIS2_PLACEMENT_3D('',#12600,#12601,#12602);
#12604=CYLINDRICAL_SURFACE('',#12603,2.E-1);
#12605=ORIENTED_EDGE('',*,*,#12506,.F.);
#12606=ORIENTED_EDGE('',*,*,#12553,.T.);
#12607=ORIENTED_EDGE('',*,*,#6644,.T.);
#12608=ORIENTED_EDGE('',*,*,#12580,.F.);
#12609=EDGE_LOOP('',(#12605,#12606,#12607,#12608));
#12610=FACE_OUTER_BOUND('',#12609,.F.);
#12612=CARTESIAN_POINT('',(-4.586471593941E0,-6.65E-1,-1.E0));
#12613=DIRECTION('',(0.E0,0.E0,1.E0));
#12614=DIRECTION('',(-1.E0,0.E0,0.E0));
#12615=AXIS2_PLACEMENT_3D('',#12612,#12613,#12614);
#12616=PLANE('',#12615);
#12617=ORIENTED_EDGE('',*,*,#12439,.F.);
#12618=ORIENTED_EDGE('',*,*,#12426,.T.);
#12619=ORIENTED_EDGE('',*,*,#12411,.T.);
#12621=ORIENTED_EDGE('',*,*,#12620,.F.);
#12622=EDGE_LOOP('',(#12617,#12618,#12619,#12621));
#12623=FACE_OUTER_BOUND('',#12622,.F.);
#12625=CARTESIAN_POINT('',(-5.573528406059E0,-6.65E-1,-1.E0));
#12626=DIRECTION('',(9.335804264972E-1,0.E0,3.583679495453E-1));
#12627=DIRECTION('',(-3.583679495453E-1,0.E0,9.335804264972E-1));
#12628=AXIS2_PLACEMENT_3D('',#12625,#12626,#12627);
#12629=PLANE('',#12628);
#12630=ORIENTED_EDGE('',*,*,#12441,.F.);
#12631=ORIENTED_EDGE('',*,*,#12620,.T.);
#12632=ORIENTED_EDGE('',*,*,#12409,.T.);
#12633=ORIENTED_EDGE('',*,*,#12392,.F.);
#12634=EDGE_LOOP('',(#12630,#12631,#12632,#12633));
#12635=FACE_OUTER_BOUND('',#12634,.F.);
#12637=CARTESIAN_POINT('',(-3.2068008E1,2.275E0,-2.E-1));
#12638=DIRECTION('',(1.E0,0.E0,0.E0));
#12639=DIRECTION('',(0.E0,0.E0,1.E0));
#12640=AXIS2_PLACEMENT_3D('',#12637,#12638,#12639);
#12641=CYLINDRICAL_SURFACE('',#12640,2.E-1);
#12643=ORIENTED_EDGE('',*,*,#12642,.F.);
#12645=ORIENTED_EDGE('',*,*,#12644,.T.);
#12646=ORIENTED_EDGE('',*,*,#6650,.T.);
#12648=ORIENTED_EDGE('',*,*,#12647,.F.);
#12649=EDGE_LOOP('',(#12643,#12645,#12646,#12648));
#12650=FACE_OUTER_BOUND('',#12649,.F.);
#12652=CARTESIAN_POINT('',(-8.55E0,2.075E0,0.E0));
#12653=DIRECTION('',(0.E0,1.E0,0.E0));
#12654=DIRECTION('',(1.E0,0.E0,0.E0));
#12655=AXIS2_PLACEMENT_3D('',#12652,#12653,#12654);
#12656=PLANE('',#12655);
#12658=ORIENTED_EDGE('',*,*,#12657,.T.);
#12660=ORIENTED_EDGE('',*,*,#12659,.T.);
#12662=ORIENTED_EDGE('',*,*,#12661,.T.);
#12664=ORIENTED_EDGE('',*,*,#12663,.T.);
#12666=ORIENTED_EDGE('',*,*,#12665,.T.);
#12668=ORIENTED_EDGE('',*,*,#12667,.F.);
#12669=ORIENTED_EDGE('',*,*,#12642,.T.);
#12671=ORIENTED_EDGE('',*,*,#12670,.F.);
#12673=ORIENTED_EDGE('',*,*,#12672,.F.);
#12675=ORIENTED_EDGE('',*,*,#12674,.T.);
#12677=ORIENTED_EDGE('',*,*,#12676,.T.);
#12679=ORIENTED_EDGE('',*,*,#12678,.T.);
#12680=EDGE_LOOP('',(#12658,#12660,#12662,#12664,#12666,#12668,#12669,#12671,
#12673,#12675,#12677,#12679));
#12681=FACE_OUTER_BOUND('',#12680,.F.);
#12683=CARTESIAN_POINT('',(-7.045E0,2.075E0,-4.E-1));
#12684=DIRECTION('',(0.E0,0.E0,1.E0));
#12685=DIRECTION('',(-1.E0,0.E0,0.E0));
#12686=AXIS2_PLACEMENT_3D('',#12683,#12684,#12685);
#12687=PLANE('',#12686);
#12689=ORIENTED_EDGE('',*,*,#12688,.T.);
#12691=ORIENTED_EDGE('',*,*,#12690,.F.);
#12692=ORIENTED_EDGE('',*,*,#12657,.F.);
#12694=ORIENTED_EDGE('',*,*,#12693,.T.);
#12695=EDGE_LOOP('',(#12689,#12691,#12692,#12694));
#12696=FACE_OUTER_BOUND('',#12695,.F.);
#12698=CARTESIAN_POINT('',(-1.524E1,1.87E0,-1.E0));
#12699=DIRECTION('',(0.E0,1.E0,0.E0));
#12700=DIRECTION('',(-1.E0,0.E0,0.E0));
#12701=AXIS2_PLACEMENT_3D('',#12698,#12699,#12700);
#12702=PLANE('',#12701);
#12704=ORIENTED_EDGE('',*,*,#12703,.T.);
#12706=ORIENTED_EDGE('',*,*,#12705,.F.);
#12708=ORIENTED_EDGE('',*,*,#12707,.T.);
#12710=ORIENTED_EDGE('',*,*,#12709,.F.);
#12711=ORIENTED_EDGE('',*,*,#12688,.F.);
#12713=ORIENTED_EDGE('',*,*,#12712,.T.);
#12714=EDGE_LOOP('',(#12704,#12706,#12708,#12710,#12711,#12713));
#12715=FACE_OUTER_BOUND('',#12714,.F.);
#12717=CARTESIAN_POINT('',(-6.896153172920E0,6.65E-1,-4.E-1));
#12718=DIRECTION('',(9.335804264972E-1,0.E0,-3.583679495453E-1));
#12719=DIRECTION('',(-3.583679495453E-1,0.E0,-9.335804264972E-1));
#12720=AXIS2_PLACEMENT_3D('',#12717,#12718,#12719);
#12721=PLANE('',#12720);
#12723=ORIENTED_EDGE('',*,*,#12722,.T.);
#12725=ORIENTED_EDGE('',*,*,#12724,.F.);
#12726=ORIENTED_EDGE('',*,*,#12703,.F.);
#12728=ORIENTED_EDGE('',*,*,#12727,.F.);
#12729=EDGE_LOOP('',(#12723,#12725,#12726,#12728));
#12730=FACE_OUTER_BOUND('',#12729,.F.);
#12732=CARTESIAN_POINT('',(-6.69E0,6.65E-1,0.E0));
#12733=DIRECTION('',(0.E0,-1.E0,0.E0));
#12734=DIRECTION('',(-1.E0,0.E0,0.E0));
#12735=AXIS2_PLACEMENT_3D('',#12732,#12733,#12734);
#12736=PLANE('',#12735);
#12738=ORIENTED_EDGE('',*,*,#12737,.F.);
#12740=ORIENTED_EDGE('',*,*,#12739,.F.);
#12742=ORIENTED_EDGE('',*,*,#12741,.F.);
#12743=ORIENTED_EDGE('',*,*,#12722,.F.);
#12745=ORIENTED_EDGE('',*,*,#12744,.F.);
#12747=ORIENTED_EDGE('',*,*,#12746,.F.);
#12749=ORIENTED_EDGE('',*,*,#12748,.T.);
#12751=ORIENTED_EDGE('',*,*,#12750,.T.);
#12753=ORIENTED_EDGE('',*,*,#12752,.F.);
#12755=ORIENTED_EDGE('',*,*,#12754,.T.);
#12757=ORIENTED_EDGE('',*,*,#12756,.F.);
#12759=ORIENTED_EDGE('',*,*,#12758,.F.);
#12761=ORIENTED_EDGE('',*,*,#12760,.T.);
#12763=ORIENTED_EDGE('',*,*,#12762,.F.);
#12764=EDGE_LOOP('',(#12738,#12740,#12742,#12743,#12745,#12747,#12749,#12751,
#12753,#12755,#12757,#12759,#12761,#12763));
#12765=FACE_OUTER_BOUND('',#12764,.F.);
#12767=CARTESIAN_POINT('',(-8.195E0,2.075E0,-4.E-1));
#12768=DIRECTION('',(-2.923717047227E-1,0.E0,9.563047559630E-1));
#12769=DIRECTION('',(-9.563047559630E-1,0.E0,-2.923717047227E-1));
#12770=AXIS2_PLACEMENT_3D('',#12767,#12768,#12769);
#12771=PLANE('',#12770);
#12772=ORIENTED_EDGE('',*,*,#12709,.T.);
#12774=ORIENTED_EDGE('',*,*,#12773,.F.);
#12775=ORIENTED_EDGE('',*,*,#12737,.T.);
#12777=ORIENTED_EDGE('',*,*,#12776,.F.);
#12778=ORIENTED_EDGE('',*,*,#12659,.F.);
#12779=ORIENTED_EDGE('',*,*,#12690,.T.);
#12780=EDGE_LOOP('',(#12772,#12774,#12775,#12777,#12778,#12779));
#12781=FACE_OUTER_BOUND('',#12780,.F.);
#12783=CARTESIAN_POINT('',(-8.113528406059E0,6.65E-1,-1.E0));
#12784=DIRECTION('',(-9.335804264972E-1,0.E0,-3.583679495453E-1));
#12785=DIRECTION('',(-3.583679495453E-1,0.E0,9.335804264972E-1));
#12786=AXIS2_PLACEMENT_3D('',#12783,#12784,#12785);
#12787=PLANE('',#12786);
#12788=ORIENTED_EDGE('',*,*,#12739,.T.);
#12789=ORIENTED_EDGE('',*,*,#12773,.T.);
#12790=ORIENTED_EDGE('',*,*,#12707,.F.);
#12792=ORIENTED_EDGE('',*,*,#12791,.T.);
#12793=EDGE_LOOP('',(#12788,#12789,#12790,#12792));
#12794=FACE_OUTER_BOUND('',#12793,.F.);
#12796=CARTESIAN_POINT('',(-7.126471593941E0,6.65E-1,-1.E0));
#12797=DIRECTION('',(0.E0,0.E0,-1.E0));
#12798=DIRECTION('',(-1.E0,0.E0,0.E0));
#12799=AXIS2_PLACEMENT_3D('',#12796,#12797,#12798);
#12800=PLANE('',#12799);
#12801=ORIENTED_EDGE('',*,*,#12741,.T.);
#12802=ORIENTED_EDGE('',*,*,#12791,.F.);
#12803=ORIENTED_EDGE('',*,*,#12705,.T.);
#12804=ORIENTED_EDGE('',*,*,#12724,.T.);
#12805=EDGE_LOOP('',(#12801,#12802,#12803,#12804));
#12806=FACE_OUTER_BOUND('',#12805,.F.);
#12808=CARTESIAN_POINT('',(-8.519941063326E0,2.075E0,-4.993444527246E-1));
#12809=DIRECTION('',(-9.335804264972E-1,0.E0,-3.583679495453E-1));
#12810=DIRECTION('',(3.583679495453E-1,0.E0,-9.335804264972E-1));
#12811=AXIS2_PLACEMENT_3D('',#12808,#12809,#12810);
#12812=PLANE('',#12811);
#12813=ORIENTED_EDGE('',*,*,#12776,.T.);
#12814=ORIENTED_EDGE('',*,*,#12762,.T.);
#12816=ORIENTED_EDGE('',*,*,#12815,.F.);
#12817=ORIENTED_EDGE('',*,*,#12661,.F.);
#12818=EDGE_LOOP('',(#12813,#12814,#12816,#12817));
#12819=FACE_OUTER_BOUND('',#12818,.F.);
#12821=CARTESIAN_POINT('',(-1.524E1,0.E0,-1.E0));
#12822=DIRECTION('',(0.E0,0.E0,-1.E0));
#12823=DIRECTION('',(0.E0,1.E0,0.E0));
#12824=AXIS2_PLACEMENT_3D('',#12821,#12822,#12823);
#12825=PLANE('',#12824);
#12826=ORIENTED_EDGE('',*,*,#12815,.T.);
#12827=ORIENTED_EDGE('',*,*,#12760,.F.);
#12829=ORIENTED_EDGE('',*,*,#12828,.F.);
#12830=ORIENTED_EDGE('',*,*,#12663,.F.);
#12831=EDGE_LOOP('',(#12826,#12827,#12829,#12830));
#12832=FACE_OUTER_BOUND('',#12831,.F.);
#12834=CARTESIAN_POINT('',(-1.524E1,0.E0,-1.E0));
#12835=DIRECTION('',(0.E0,0.E0,-1.E0));
#12836=DIRECTION('',(0.E0,1.E0,0.E0));
#12837=AXIS2_PLACEMENT_3D('',#12834,#12835,#12836);
#12838=PLANE('',#12837);
#12840=ORIENTED_EDGE('',*,*,#12839,.F.);
#12841=ORIENTED_EDGE('',*,*,#12674,.F.);
#12843=ORIENTED_EDGE('',*,*,#12842,.F.);
#12844=ORIENTED_EDGE('',*,*,#12748,.F.);
#12845=EDGE_LOOP('',(#12840,#12841,#12843,#12844));
#12846=FACE_OUTER_BOUND('',#12845,.F.);
#12848=CARTESIAN_POINT('',(-1.524E1,0.E0,-1.E0));
#12849=DIRECTION('',(0.E0,0.E0,-1.E0));
#12850=DIRECTION('',(0.E0,1.E0,0.E0));
#12851=AXIS2_PLACEMENT_3D('',#12848,#12849,#12850);
#12852=PLANE('',#12851);
#12854=ORIENTED_EDGE('',*,*,#12853,.F.);
#12856=ORIENTED_EDGE('',*,*,#12855,.T.);
#12858=ORIENTED_EDGE('',*,*,#12857,.T.);
#12860=ORIENTED_EDGE('',*,*,#12859,.T.);
#12861=EDGE_LOOP('',(#12854,#12856,#12858,#12860));
#12862=FACE_OUTER_BOUND('',#12861,.F.);
#12864=CARTESIAN_POINT('',(-1.524E1,0.E0,-1.E0));
#12865=DIRECTION('',(0.E0,0.E0,-1.E0));
#12866=DIRECTION('',(0.E0,1.E0,0.E0));
#12867=AXIS2_PLACEMENT_3D('',#12864,#12865,#12866);
#12868=PLANE('',#12867);
#12870=ORIENTED_EDGE('',*,*,#12869,.T.);
#12872=ORIENTED_EDGE('',*,*,#12871,.T.);
#12874=ORIENTED_EDGE('',*,*,#12873,.T.);
#12876=ORIENTED_EDGE('',*,*,#12875,.T.);
#12877=EDGE_LOOP('',(#12870,#12872,#12874,#12876));
#12878=FACE_OUTER_BOUND('',#12877,.F.);
#12880=CARTESIAN_POINT('',(-8.55E0,6.65E-1,0.E0));
#12881=DIRECTION('',(-1.E0,0.E0,0.E0));
#12882=DIRECTION('',(0.E0,1.E0,0.E0));
#12883=AXIS2_PLACEMENT_3D('',#12880,#12881,#12882);
#12884=PLANE('',#12883);
#12886=ORIENTED_EDGE('',*,*,#12885,.T.);
#12887=ORIENTED_EDGE('',*,*,#12665,.F.);
#12888=ORIENTED_EDGE('',*,*,#12828,.T.);
#12889=ORIENTED_EDGE('',*,*,#12758,.T.);
#12890=EDGE_LOOP('',(#12886,#12887,#12888,#12889));
#12891=FACE_OUTER_BOUND('',#12890,.F.);
#12893=CARTESIAN_POINT('',(-8.85E0,-9.126216E0,-3.E-1));
#12894=DIRECTION('',(0.E0,1.E0,0.E0));
#12895=DIRECTION('',(0.E0,0.E0,1.E0));
#12896=AXIS2_PLACEMENT_3D('',#12893,#12894,#12895);
#12897=CYLINDRICAL_SURFACE('',#12896,3.E-1);
#12898=ORIENTED_EDGE('',*,*,#12885,.F.);
#12899=ORIENTED_EDGE('',*,*,#12756,.T.);
#12901=ORIENTED_EDGE('',*,*,#12900,.T.);
#12902=ORIENTED_EDGE('',*,*,#6652,.T.);
#12903=ORIENTED_EDGE('',*,*,#12644,.F.);
#12904=ORIENTED_EDGE('',*,*,#12667,.T.);
#12905=EDGE_LOOP('',(#12898,#12899,#12901,#12902,#12903,#12904));
#12906=FACE_OUTER_BOUND('',#12905,.F.);
#12908=CARTESIAN_POINT('',(2.854085839191E1,6.15E-1,-5.E-2));
#12909=DIRECTION('',(-1.E0,0.E0,0.E0));
#12910=DIRECTION('',(0.E0,0.E0,1.E0));
#12911=AXIS2_PLACEMENT_3D('',#12908,#12909,#12910);
#12912=CYLINDRICAL_SURFACE('',#12911,5.E-2);
#12913=ORIENTED_EDGE('',*,*,#12754,.F.);
#12915=ORIENTED_EDGE('',*,*,#12914,.T.);
#12916=ORIENTED_EDGE('',*,*,#6654,.T.);
#12917=ORIENTED_EDGE('',*,*,#12900,.F.);
#12918=EDGE_LOOP('',(#12913,#12915,#12916,#12917));
#12919=FACE_OUTER_BOUND('',#12918,.F.);
#12921=CARTESIAN_POINT('',(-6.39E0,9.126216E0,-3.E-1));
#12922=DIRECTION('',(0.E0,-1.E0,0.E0));
#12923=DIRECTION('',(0.E0,0.E0,1.E0));
#12924=AXIS2_PLACEMENT_3D('',#12921,#12922,#12923);
#12925=CYLINDRICAL_SURFACE('',#12924,3.E-1);
#12926=ORIENTED_EDGE('',*,*,#6656,.T.);
#12927=ORIENTED_EDGE('',*,*,#12914,.F.);
#12928=ORIENTED_EDGE('',*,*,#12752,.T.);
#12930=ORIENTED_EDGE('',*,*,#12929,.F.);
#12931=ORIENTED_EDGE('',*,*,#12670,.T.);
#12932=ORIENTED_EDGE('',*,*,#12647,.T.);
#12933=EDGE_LOOP('',(#12926,#12927,#12928,#12930,#12931,#12932));
#12934=FACE_OUTER_BOUND('',#12933,.F.);
#12936=CARTESIAN_POINT('',(-6.69E0,2.075E0,0.E0));
#12937=DIRECTION('',(1.E0,0.E0,0.E0));
#12938=DIRECTION('',(0.E0,-1.E0,0.E0));
#12939=AXIS2_PLACEMENT_3D('',#12936,#12937,#12938);
#12940=PLANE('',#12939);
#12941=ORIENTED_EDGE('',*,*,#12929,.T.);
#12942=ORIENTED_EDGE('',*,*,#12750,.F.);
#12943=ORIENTED_EDGE('',*,*,#12842,.T.);
#12944=ORIENTED_EDGE('',*,*,#12672,.T.);
#12945=EDGE_LOOP('',(#12941,#12942,#12943,#12944));
#12946=FACE_OUTER_BOUND('',#12945,.F.);
#12948=CARTESIAN_POINT('',(-6.912242595214E0,2.075E0,-1.E0));
#12949=DIRECTION('',(9.335804264972E-1,0.E0,-3.583679495453E-1));
#12950=DIRECTION('',(3.583679495453E-1,0.E0,9.335804264972E-1));
#12951=AXIS2_PLACEMENT_3D('',#12948,#12949,#12950);
#12952=PLANE('',#12951);
#12954=ORIENTED_EDGE('',*,*,#12953,.F.);
#12955=ORIENTED_EDGE('',*,*,#12676,.F.);
#12956=ORIENTED_EDGE('',*,*,#12839,.T.);
#12957=ORIENTED_EDGE('',*,*,#12746,.T.);
#12958=EDGE_LOOP('',(#12954,#12955,#12956,#12957));
#12959=FACE_OUTER_BOUND('',#12958,.F.);
#12961=CARTESIAN_POINT('',(-6.720058936674E0,2.075E0,-4.993444527246E-1));
#12962=DIRECTION('',(2.923717047227E-1,0.E0,9.563047559630E-1));
#12963=DIRECTION('',(-9.563047559630E-1,0.E0,2.923717047227E-1));
#12964=AXIS2_PLACEMENT_3D('',#12961,#12962,#12963);
#12965=PLANE('',#12964);
#12966=ORIENTED_EDGE('',*,*,#12712,.F.);
#12967=ORIENTED_EDGE('',*,*,#12693,.F.);
#12968=ORIENTED_EDGE('',*,*,#12678,.F.);
#12969=ORIENTED_EDGE('',*,*,#12953,.T.);
#12970=ORIENTED_EDGE('',*,*,#12744,.T.);
#12971=ORIENTED_EDGE('',*,*,#12727,.T.);
#12972=EDGE_LOOP('',(#12966,#12967,#12968,#12969,#12970,#12971));
#12973=FACE_OUTER_BOUND('',#12972,.F.);
#12975=CARTESIAN_POINT('',(-8.519941063326E0,-2.075E0,-4.993444527246E-1));
#12976=DIRECTION('',(9.335804264972E-1,0.E0,3.583679495453E-1));
#12977=DIRECTION('',(3.583679495453E-1,0.E0,-9.335804264972E-1));
#12978=AXIS2_PLACEMENT_3D('',#12975,#12976,#12977);
#12979=PLANE('',#12978);
#12981=ORIENTED_EDGE('',*,*,#12980,.F.);
#12983=ORIENTED_EDGE('',*,*,#12982,.T.);
#12984=ORIENTED_EDGE('',*,*,#12853,.T.);
#12986=ORIENTED_EDGE('',*,*,#12985,.F.);
#12987=EDGE_LOOP('',(#12981,#12983,#12984,#12986));
#12988=FACE_OUTER_BOUND('',#12987,.F.);
#12990=CARTESIAN_POINT('',(-8.195E0,-2.075E0,-4.E-1));
#12991=DIRECTION('',(2.923717047227E-1,0.E0,-9.563047559630E-1));
#12992=DIRECTION('',(-9.563047559630E-1,0.E0,-2.923717047227E-1));
#12993=AXIS2_PLACEMENT_3D('',#12990,#12991,#12992);
#12994=PLANE('',#12993);
#12996=ORIENTED_EDGE('',*,*,#12995,.F.);
#12998=ORIENTED_EDGE('',*,*,#12997,.F.);
#13000=ORIENTED_EDGE('',*,*,#12999,.T.);
#13001=ORIENTED_EDGE('',*,*,#12980,.T.);
#13003=ORIENTED_EDGE('',*,*,#13002,.F.);
#13005=ORIENTED_EDGE('',*,*,#13004,.T.);
#13006=EDGE_LOOP('',(#12996,#12998,#13000,#13001,#13003,#13005));
#13007=FACE_OUTER_BOUND('',#13006,.F.);
#13009=CARTESIAN_POINT('',(-1.524E1,-1.87E0,-1.E0));
#13010=DIRECTION('',(0.E0,1.E0,0.E0));
#13011=DIRECTION('',(-1.E0,0.E0,0.E0));
#13012=AXIS2_PLACEMENT_3D('',#13009,#13010,#13011);
#13013=PLANE('',#13012);
#13015=ORIENTED_EDGE('',*,*,#13014,.F.);
#13017=ORIENTED_EDGE('',*,*,#13016,.F.);
#13019=ORIENTED_EDGE('',*,*,#13018,.T.);
#13020=ORIENTED_EDGE('',*,*,#12995,.T.);
#13022=ORIENTED_EDGE('',*,*,#13021,.F.);
#13024=ORIENTED_EDGE('',*,*,#13023,.F.);
#13025=EDGE_LOOP('',(#13015,#13017,#13019,#13020,#13022,#13024));
#13026=FACE_OUTER_BOUND('',#13025,.F.);
#13028=CARTESIAN_POINT('',(-6.896153172920E0,-6.65E-1,-4.E-1));
#13029=DIRECTION('',(-9.335804264972E-1,0.E0,3.583679495453E-1));
#13030=DIRECTION('',(-3.583679495453E-1,0.E0,-9.335804264972E-1));
#13031=AXIS2_PLACEMENT_3D('',#13028,#13029,#13030);
#13032=PLANE('',#13031);
#13034=ORIENTED_EDGE('',*,*,#13033,.F.);
#13036=ORIENTED_EDGE('',*,*,#13035,.T.);
#13037=ORIENTED_EDGE('',*,*,#13014,.T.);
#13039=ORIENTED_EDGE('',*,*,#13038,.F.);
#13040=EDGE_LOOP('',(#13034,#13036,#13037,#13039));
#13041=FACE_OUTER_BOUND('',#13040,.F.);
#13043=CARTESIAN_POINT('',(-8.55E0,-6.65E-1,0.E0));
#13044=DIRECTION('',(0.E0,1.E0,0.E0));
#13045=DIRECTION('',(1.E0,0.E0,0.E0));
#13046=AXIS2_PLACEMENT_3D('',#13043,#13044,#13045);
#13047=PLANE('',#13046);
#13049=ORIENTED_EDGE('',*,*,#13048,.T.);
#13050=ORIENTED_EDGE('',*,*,#13033,.T.);
#13052=ORIENTED_EDGE('',*,*,#13051,.T.);
#13054=ORIENTED_EDGE('',*,*,#13053,.T.);
#13055=ORIENTED_EDGE('',*,*,#13002,.T.);
#13056=ORIENTED_EDGE('',*,*,#12985,.T.);
#13057=ORIENTED_EDGE('',*,*,#12859,.F.);
#13059=ORIENTED_EDGE('',*,*,#13058,.F.);
#13061=ORIENTED_EDGE('',*,*,#13060,.F.);
#13063=ORIENTED_EDGE('',*,*,#13062,.T.);
#13065=ORIENTED_EDGE('',*,*,#13064,.F.);
#13067=ORIENTED_EDGE('',*,*,#13066,.T.);
#13068=ORIENTED_EDGE('',*,*,#12871,.F.);
#13070=ORIENTED_EDGE('',*,*,#13069,.T.);
#13071=EDGE_LOOP('',(#13049,#13050,#13052,#13054,#13055,#13056,#13057,#13059,
#13061,#13063,#13065,#13067,#13068,#13070));
#13072=FACE_OUTER_BOUND('',#13071,.F.);
#13074=CARTESIAN_POINT('',(-6.720058936674E0,-2.075E0,-4.993444527246E-1));
#13075=DIRECTION('',(-2.923717047227E-1,0.E0,-9.563047559630E-1));
#13076=DIRECTION('',(-9.563047559630E-1,0.E0,2.923717047227E-1));
#13077=AXIS2_PLACEMENT_3D('',#13074,#13075,#13076);
#13078=PLANE('',#13077);
#13079=ORIENTED_EDGE('',*,*,#13016,.T.);
#13080=ORIENTED_EDGE('',*,*,#13035,.F.);
#13081=ORIENTED_EDGE('',*,*,#13048,.F.);
#13083=ORIENTED_EDGE('',*,*,#13082,.F.);
#13085=ORIENTED_EDGE('',*,*,#13084,.T.);
#13087=ORIENTED_EDGE('',*,*,#13086,.T.);
#13088=EDGE_LOOP('',(#13079,#13080,#13081,#13083,#13085,#13087));
#13089=FACE_OUTER_BOUND('',#13088,.F.);
#13091=CARTESIAN_POINT('',(-6.912242595214E0,-2.075E0,-1.E0));
#13092=DIRECTION('',(-9.335804264972E-1,0.E0,3.583679495453E-1));
#13093=DIRECTION('',(3.583679495453E-1,0.E0,9.335804264972E-1));
#13094=AXIS2_PLACEMENT_3D('',#13091,#13092,#13093);
#13095=PLANE('',#13094);
#13096=ORIENTED_EDGE('',*,*,#13082,.T.);
#13097=ORIENTED_EDGE('',*,*,#13069,.F.);
#13098=ORIENTED_EDGE('',*,*,#12869,.F.);
#13100=ORIENTED_EDGE('',*,*,#13099,.T.);
#13101=EDGE_LOOP('',(#13096,#13097,#13098,#13100));
#13102=FACE_OUTER_BOUND('',#13101,.F.);
#13104=CARTESIAN_POINT('',(-6.69E0,-2.075E0,0.E0));
#13105=DIRECTION('',(0.E0,-1.E0,0.E0));
#13106=DIRECTION('',(-1.E0,0.E0,0.E0));
#13107=AXIS2_PLACEMENT_3D('',#13104,#13105,#13106);
#13108=PLANE('',#13107);
#13110=ORIENTED_EDGE('',*,*,#13109,.F.);
#13111=ORIENTED_EDGE('',*,*,#13084,.F.);
#13112=ORIENTED_EDGE('',*,*,#13099,.F.);
#13113=ORIENTED_EDGE('',*,*,#12875,.F.);
#13115=ORIENTED_EDGE('',*,*,#13114,.F.);
#13117=ORIENTED_EDGE('',*,*,#13116,.F.);
#13119=ORIENTED_EDGE('',*,*,#13118,.T.);
#13121=ORIENTED_EDGE('',*,*,#13120,.F.);
#13123=ORIENTED_EDGE('',*,*,#13122,.T.);
#13124=ORIENTED_EDGE('',*,*,#12855,.F.);
#13125=ORIENTED_EDGE('',*,*,#12982,.F.);
#13126=ORIENTED_EDGE('',*,*,#12999,.F.);
#13127=EDGE_LOOP('',(#13110,#13111,#13112,#13113,#13115,#13117,#13119,#13121,
#13123,#13124,#13125,#13126));
#13128=FACE_OUTER_BOUND('',#13127,.F.);
#13130=CARTESIAN_POINT('',(-7.045E0,-2.075E0,-4.E-1));
#13131=DIRECTION('',(0.E0,0.E0,-1.E0));
#13132=DIRECTION('',(-1.E0,0.E0,0.E0));
#13133=AXIS2_PLACEMENT_3D('',#13130,#13131,#13132);
#13134=PLANE('',#13133);
#13135=ORIENTED_EDGE('',*,*,#13018,.F.);
#13136=ORIENTED_EDGE('',*,*,#13086,.F.);
#13137=ORIENTED_EDGE('',*,*,#13109,.T.);
#13138=ORIENTED_EDGE('',*,*,#12997,.T.);
#13139=EDGE_LOOP('',(#13135,#13136,#13137,#13138));
#13140=FACE_OUTER_BOUND('',#13139,.F.);
#13142=CARTESIAN_POINT('',(-6.69E0,-6.65E-1,0.E0));
#13143=DIRECTION('',(1.E0,0.E0,0.E0));
#13144=DIRECTION('',(0.E0,-1.E0,0.E0));
#13145=AXIS2_PLACEMENT_3D('',#13142,#13143,#13144);
#13146=PLANE('',#13145);
#13148=ORIENTED_EDGE('',*,*,#13147,.T.);
#13149=ORIENTED_EDGE('',*,*,#13114,.T.);
#13150=ORIENTED_EDGE('',*,*,#12873,.F.);
#13151=ORIENTED_EDGE('',*,*,#13066,.F.);
#13152=EDGE_LOOP('',(#13148,#13149,#13150,#13151));
#13153=FACE_OUTER_BOUND('',#13152,.F.);
#13155=CARTESIAN_POINT('',(-6.39E0,9.126216E0,-3.E-1));
#13156=DIRECTION('',(0.E0,-1.E0,0.E0));
#13157=DIRECTION('',(0.E0,0.E0,1.E0));
#13158=AXIS2_PLACEMENT_3D('',#13155,#13156,#13157);
#13159=CYLINDRICAL_SURFACE('',#13158,3.E-1);
#13160=ORIENTED_EDGE('',*,*,#13147,.F.);
#13161=ORIENTED_EDGE('',*,*,#13064,.T.);
#13163=ORIENTED_EDGE('',*,*,#13162,.T.);
#13164=ORIENTED_EDGE('',*,*,#6666,.T.);
#13166=ORIENTED_EDGE('',*,*,#13165,.F.);
#13167=ORIENTED_EDGE('',*,*,#13116,.T.);
#13168=EDGE_LOOP('',(#13160,#13161,#13163,#13164,#13166,#13167));
#13169=FACE_OUTER_BOUND('',#13168,.F.);
#13171=CARTESIAN_POINT('',(-3.2068008E1,-6.15E-1,-5.E-2));
#13172=DIRECTION('',(1.E0,0.E0,0.E0));
#13173=DIRECTION('',(0.E0,0.E0,1.E0));
#13174=AXIS2_PLACEMENT_3D('',#13171,#13172,#13173);
#13175=CYLINDRICAL_SURFACE('',#13174,5.E-2);
#13176=ORIENTED_EDGE('',*,*,#6660,.T.);
#13177=ORIENTED_EDGE('',*,*,#13162,.F.);
#13178=ORIENTED_EDGE('',*,*,#13062,.F.);
#13180=ORIENTED_EDGE('',*,*,#13179,.T.);
#13181=EDGE_LOOP('',(#13176,#13177,#13178,#13180));
#13182=FACE_OUTER_BOUND('',#13181,.F.);
#13184=CARTESIAN_POINT('',(-8.85E0,-9.126216E0,-3.E-1));
#13185=DIRECTION('',(0.E0,1.E0,0.E0));
#13186=DIRECTION('',(0.E0,0.E0,1.E0));
#13187=AXIS2_PLACEMENT_3D('',#13184,#13185,#13186);
#13188=CYLINDRICAL_SURFACE('',#13187,3.E-1);
#13190=ORIENTED_EDGE('',*,*,#13189,.F.);
#13191=ORIENTED_EDGE('',*,*,#13120,.T.);
#13193=ORIENTED_EDGE('',*,*,#13192,.T.);
#13194=ORIENTED_EDGE('',*,*,#6662,.T.);
#13195=ORIENTED_EDGE('',*,*,#13179,.F.);
#13196=ORIENTED_EDGE('',*,*,#13060,.T.);
#13197=EDGE_LOOP('',(#13190,#13191,#13193,#13194,#13195,#13196));
#13198=FACE_OUTER_BOUND('',#13197,.F.);
#13200=CARTESIAN_POINT('',(-8.55E0,-2.075E0,0.E0));
#13201=DIRECTION('',(-1.E0,0.E0,0.E0));
#13202=DIRECTION('',(0.E0,1.E0,0.E0));
#13203=AXIS2_PLACEMENT_3D('',#13200,#13201,#13202);
#13204=PLANE('',#13203);
#13205=ORIENTED_EDGE('',*,*,#13189,.T.);
#13206=ORIENTED_EDGE('',*,*,#13058,.T.);
#13207=ORIENTED_EDGE('',*,*,#12857,.F.);
#13208=ORIENTED_EDGE('',*,*,#13122,.F.);
#13209=EDGE_LOOP('',(#13205,#13206,#13207,#13208));
#13210=FACE_OUTER_BOUND('',#13209,.F.);
#13212=CARTESIAN_POINT('',(2.953765125426E1,-2.275E0,-2.E-1));
#13213=DIRECTION('',(-1.E0,0.E0,0.E0));
#13214=DIRECTION('',(0.E0,0.E0,1.E0));
#13215=AXIS2_PLACEMENT_3D('',#13212,#13213,#13214);
#13216=CYLINDRICAL_SURFACE('',#13215,2.E-1);
#13217=ORIENTED_EDGE('',*,*,#13118,.F.);
#13218=ORIENTED_EDGE('',*,*,#13165,.T.);
#13219=ORIENTED_EDGE('',*,*,#6664,.T.);
#13220=ORIENTED_EDGE('',*,*,#13192,.F.);
#13221=EDGE_LOOP('',(#13217,#13218,#13219,#13220));
#13222=FACE_OUTER_BOUND('',#13221,.F.);
#13224=CARTESIAN_POINT('',(-7.126471593941E0,-6.65E-1,-1.E0));
#13225=DIRECTION('',(0.E0,0.E0,1.E0));
#13226=DIRECTION('',(-1.E0,0.E0,0.E0));
#13227=AXIS2_PLACEMENT_3D('',#13224,#13225,#13226);
#13228=PLANE('',#13227);
#13229=ORIENTED_EDGE('',*,*,#13051,.F.);
#13230=ORIENTED_EDGE('',*,*,#13038,.T.);
#13231=ORIENTED_EDGE('',*,*,#13023,.T.);
#13233=ORIENTED_EDGE('',*,*,#13232,.F.);
#13234=EDGE_LOOP('',(#13229,#13230,#13231,#13233));
#13235=FACE_OUTER_BOUND('',#13234,.F.);
#13237=CARTESIAN_POINT('',(-8.113528406059E0,-6.65E-1,-1.E0));
#13238=DIRECTION('',(9.335804264972E-1,0.E0,3.583679495453E-1));
#13239=DIRECTION('',(-3.583679495453E-1,0.E0,9.335804264972E-1));
#13240=AXIS2_PLACEMENT_3D('',#13237,#13238,#13239);
#13241=PLANE('',#13240);
#13242=ORIENTED_EDGE('',*,*,#13053,.F.);
#13243=ORIENTED_EDGE('',*,*,#13232,.T.);
#13244=ORIENTED_EDGE('',*,*,#13021,.T.);
#13245=ORIENTED_EDGE('',*,*,#13004,.F.);
#13246=EDGE_LOOP('',(#13242,#13243,#13244,#13245));
#13247=FACE_OUTER_BOUND('',#13246,.F.);
#13249=CLOSED_SHELL('',(#6515,#6670,#6692,#6707,#6877,#6891,#6905,#6918,#6935,
#6947,#6962,#6976,#6990,#7004,#7018,#7032,#7045,#7060,#7083,#7106,#7120,#7142,
#7165,#7178,#7191,#7204,#7217,#7230,#7242,#7255,#7268,#7281,#7294,#7307,#7320,
#7332,#7355,#7378,#7392,#7414,#7437,#7450,#7463,#7476,#7489,#7502,#7514,#7527,
#7540,#7553,#7566,#7579,#7592,#7604,#7627,#7650,#7664,#7686,#7709,#7722,#7735,
#7748,#7761,#7774,#7786,#7799,#7812,#7825,#7838,#7851,#7864,#7876,#7899,#7922,
#7936,#7958,#7981,#7994,#8007,#8020,#8033,#8046,#8058,#8071,#8084,#8097,#8110,
#8123,#8136,#8148,#8171,#8194,#8208,#8230,#8253,#8266,#8279,#8292,#8305,#8318,
#8330,#8343,#8356,#8369,#8382,#8395,#8408,#8420,#8443,#8466,#8480,#8502,#8525,
#8538,#8551,#8564,#8577,#8590,#8602,#8615,#8628,#8641,#8654,#8667,#8680,#8692,
#8715,#8738,#8752,#8774,#8797,#8810,#8823,#8836,#8849,#8862,#8874,#8887,#8900,
#8913,#8926,#8939,#8952,#8964,#8979,#9010,#9025,#9044,#9059,#9094,#9110,#9123,
#9135,#9148,#9161,#9175,#9191,#9207,#9220,#9235,#9248,#9263,#9275,#9288,#9302,
#9317,#9336,#9355,#9370,#9401,#9418,#9431,#9457,#9469,#9482,#9498,#9511,#9527,
#9539,#9551,#9564,#9576,#9591,#9622,#9637,#9656,#9671,#9706,#9722,#9735,#9747,
#9760,#9773,#9787,#9803,#9819,#9832,#9847,#9860,#9875,#9887,#9900,#9914,#9929,
#9948,#9967,#9982,#10013,#10030,#10043,#10069,#10081,#10094,#10110,#10123,
#10139,#10151,#10163,#10176,#10188,#10203,#10234,#10249,#10268,#10283,#10318,
#10334,#10347,#10359,#10372,#10385,#10399,#10415,#10431,#10444,#10459,#10472,
#10487,#10499,#10512,#10526,#10541,#10560,#10579,#10594,#10625,#10642,#10655,
#10681,#10693,#10706,#10722,#10735,#10751,#10763,#10775,#10788,#10800,#10815,
#10846,#10861,#10880,#10895,#10930,#10946,#10959,#10971,#10984,#10997,#11011,
#11027,#11043,#11056,#11071,#11084,#11099,#11111,#11124,#11138,#11153,#11172,
#11191,#11206,#11237,#11254,#11267,#11293,#11305,#11318,#11334,#11347,#11363,
#11375,#11387,#11400,#11412,#11427,#11458,#11473,#11492,#11507,#11542,#11558,
#11571,#11583,#11596,#11609,#11623,#11639,#11655,#11668,#11683,#11696,#11711,
#11723,#11736,#11750,#11765,#11784,#11803,#11818,#11849,#11866,#11879,#11905,
#11917,#11930,#11946,#11959,#11975,#11987,#11999,#12012,#12024,#12039,#12070,
#12085,#12104,#12119,#12154,#12170,#12183,#12195,#12208,#12221,#12235,#12251,
#12267,#12280,#12295,#12308,#12323,#12335,#12348,#12362,#12377,#12396,#12415,
#12430,#12461,#12478,#12491,#12517,#12529,#12542,#12558,#12571,#12587,#12599,
#12611,#12624,#12636,#12651,#12682,#12697,#12716,#12731,#12766,#12782,#12795,
#12807,#12820,#12833,#12847,#12863,#12879,#12892,#12907,#12920,#12935,#12947,
#12960,#12974,#12989,#13008,#13027,#13042,#13073,#13090,#13103,#13129,#13141,
#13154,#13170,#13183,#13199,#13211,#13223,#13236,#13248));
#13250=MANIFOLD_SOLID_BREP('',#13249);
#13253=PLANE_ANGLE_MEASURE_WITH_UNIT(PLANE_ANGLE_MEASURE(1.745329251994E-2),
#13252);
#13254=(CONVERSION_BASED_UNIT('DEGREE',#13253)NAMED_UNIT(*)PLANE_ANGLE_UNIT());
#13256=UNCERTAINTY_MEASURE_WITH_UNIT(LENGTH_MEASURE(2.101658064831E-3),#13251,
'distance_accuracy_value',
'Maximum model space distance between geometric entities at asserted connectivities');
#13259=APPLICATION_CONTEXT('automotive_design');
#13260=APPLICATION_PROTOCOL_DEFINITION('international standard',
'automotive_design',2001,#13259);
#13261=PRODUCT_DEFINITION_CONTEXT('part definition',#13259,'design');
#13262=PRODUCT_CONTEXT('',#13259,'mechanical');
#13263=PRODUCT('C-215307-7','C-215307-7','NOT SPECIFIED',(#13262));
#13264=PRODUCT_DEFINITION_FORMATION('1','LAST_VERSION',#13263);
#13272=DERIVED_UNIT_ELEMENT(#13271,2.E0);
#13273=DERIVED_UNIT((#13272));
#13274=MEASURE_REPRESENTATION_ITEM('surface area measure',AREA_MEASURE(
7.097694986412E2),#13273);
#13279=DERIVED_UNIT_ELEMENT(#13278,3.E0);
#13280=DERIVED_UNIT((#13279));
#13281=MEASURE_REPRESENTATION_ITEM('volume measure',VOLUME_MEASURE(
5.850083944068E2),#13280);
#13285=CARTESIAN_POINT('centre point',(-2.914033494851E-4,2.141115855188E-6,
-3.602238063536E0));
#13290=DERIVED_UNIT_ELEMENT(#13289,2.E0);
#13291=DERIVED_UNIT((#13290));
#13292=MEASURE_REPRESENTATION_ITEM('surface area measure',AREA_MEASURE(
7.097694986412E2),#13291);
#13297=DERIVED_UNIT_ELEMENT(#13296,3.E0);
#13298=DERIVED_UNIT((#13297));
#13299=MEASURE_REPRESENTATION_ITEM('volume measure',VOLUME_MEASURE(
5.850083944068E2),#13298);
#13303=CARTESIAN_POINT('centre point',(-2.914033494851E-4,2.141115855188E-6,
-3.602238063536E0));
#13308=PRODUCT_RELATED_PRODUCT_CATEGORY('part','',(#13263));
#1=COLOUR_RGB('',8.784E-1,9.49E-1,1.E0);
#638=CIRCLE('',#637,2.E-1);
#643=CIRCLE('',#642,2.8E0);
#652=CIRCLE('',#651,2.6E0);
#657=CIRCLE('',#656,4.E-1);
#670=CIRCLE('',#669,4.E-1);
#675=CIRCLE('',#674,2.6E0);
#684=CIRCLE('',#683,2.8E0);
#689=CIRCLE('',#688,2.E-1);
#706=CIRCLE('',#705,4.E-1);
#711=CIRCLE('',#710,2.6E0);
#720=CIRCLE('',#719,2.8E0);
#725=CIRCLE('',#724,2.E-1);
#738=CIRCLE('',#737,2.E-1);
#743=CIRCLE('',#742,2.8E0);
#752=CIRCLE('',#751,2.6E0);
#757=CIRCLE('',#756,4.E-1);
#814=CIRCLE('',#813,2.E-1);
#819=CIRCLE('',#818,2.8E0);
#828=CIRCLE('',#827,2.6E0);
#833=CIRCLE('',#832,4.E-1);
#846=CIRCLE('',#845,4.E-1);
#851=CIRCLE('',#850,2.6E0);
#860=CIRCLE('',#859,2.8E0);
#865=CIRCLE('',#864,2.E-1);
#886=CIRCLE('',#885,4.E-1);
#891=CIRCLE('',#890,2.6E0);
#900=CIRCLE('',#899,2.8E0);
#905=CIRCLE('',#904,2.E-1);
#918=CIRCLE('',#917,2.E-1);
#923=CIRCLE('',#922,2.8E0);
#932=CIRCLE('',#931,2.6E0);
#937=CIRCLE('',#936,4.E-1);
#990=CIRCLE('',#989,2.E-1);
#995=CIRCLE('',#994,2.8E0);
#1004=CIRCLE('',#1003,2.6E0);
#1009=CIRCLE('',#1008,4.E-1);
#1022=CIRCLE('',#1021,4.E-1);
#1027=CIRCLE('',#1026,2.6E0);
#1036=CIRCLE('',#1035,2.8E0);
#1041=CIRCLE('',#1040,2.E-1);
#1062=CIRCLE('',#1061,4.E-1);
#1067=CIRCLE('',#1066,2.6E0);
#1076=CIRCLE('',#1075,2.8E0);
#1081=CIRCLE('',#1080,2.E-1);
#1094=CIRCLE('',#1093,2.E-1);
#1099=CIRCLE('',#1098,2.8E0);
#1108=CIRCLE('',#1107,2.6E0);
#1113=CIRCLE('',#1112,4.E-1);
#1166=CIRCLE('',#1165,2.E-1);
#1171=CIRCLE('',#1170,2.8E0);
#1180=CIRCLE('',#1179,2.6E0);
#1185=CIRCLE('',#1184,4.E-1);
#1198=CIRCLE('',#1197,4.E-1);
#1203=CIRCLE('',#1202,2.6E0);
#1212=CIRCLE('',#1211,2.8E0);
#1217=CIRCLE('',#1216,2.E-1);
#1238=CIRCLE('',#1237,4.E-1);
#1243=CIRCLE('',#1242,2.6E0);
#1252=CIRCLE('',#1251,2.8E0);
#1257=CIRCLE('',#1256,2.E-1);
#1270=CIRCLE('',#1269,2.E-1);
#1275=CIRCLE('',#1274,2.8E0);
#1284=CIRCLE('',#1283,2.6E0);
#1289=CIRCLE('',#1288,4.E-1);
#1342=CIRCLE('',#1341,2.E-1);
#1347=CIRCLE('',#1346,2.8E0);
#1356=CIRCLE('',#1355,2.6E0);
#1361=CIRCLE('',#1360,4.E-1);
#1374=CIRCLE('',#1373,4.E-1);
#1379=CIRCLE('',#1378,2.6E0);
#1388=CIRCLE('',#1387,2.8E0);
#1393=CIRCLE('',#1392,2.E-1);
#1414=CIRCLE('',#1413,4.E-1);
#1419=CIRCLE('',#1418,2.6E0);
#1428=CIRCLE('',#1427,2.8E0);
#1433=CIRCLE('',#1432,2.E-1);
#1446=CIRCLE('',#1445,2.E-1);
#1451=CIRCLE('',#1450,2.8E0);
#1460=CIRCLE('',#1459,2.6E0);
#1465=CIRCLE('',#1464,4.E-1);
#1518=CIRCLE('',#1517,2.E-1);
#1523=CIRCLE('',#1522,2.8E0);
#1532=CIRCLE('',#1531,2.6E0);
#1537=CIRCLE('',#1536,4.E-1);
#1550=CIRCLE('',#1549,4.E-1);
#1555=CIRCLE('',#1554,2.6E0);
#1564=CIRCLE('',#1563,2.8E0);
#1569=CIRCLE('',#1568,2.E-1);
#1590=CIRCLE('',#1589,4.E-1);
#1595=CIRCLE('',#1594,2.6E0);
#1604=CIRCLE('',#1603,2.8E0);
#1609=CIRCLE('',#1608,2.E-1);
#1622=CIRCLE('',#1621,2.E-1);
#1627=CIRCLE('',#1626,2.8E0);
#1636=CIRCLE('',#1635,2.6E0);
#1641=CIRCLE('',#1640,4.E-1);
#1694=CIRCLE('',#1693,2.E-1);
#1699=CIRCLE('',#1698,2.8E0);
#1708=CIRCLE('',#1707,2.6E0);
#1713=CIRCLE('',#1712,4.E-1);
#1726=CIRCLE('',#1725,4.E-1);
#1731=CIRCLE('',#1730,2.6E0);
#1740=CIRCLE('',#1739,2.8E0);
#1745=CIRCLE('',#1744,2.E-1);
#1766=CIRCLE('',#1765,4.E-1);
#1771=CIRCLE('',#1770,2.6E0);
#1780=CIRCLE('',#1779,2.8E0);
#1785=CIRCLE('',#1784,2.E-1);
#1798=CIRCLE('',#1797,2.E-1);
#1803=CIRCLE('',#1802,2.8E0);
#1812=CIRCLE('',#1811,2.6E0);
#1817=CIRCLE('',#1816,4.E-1);
#1870=B_SPLINE_CURVE_WITH_KNOTS('',3,(#1862,#1863,#1864,#1865,#1866,#1867,#1868,
#1869),.UNSPECIFIED.,.F.,.F.,(4,1,1,1,1,4),(0.E0,2.E-1,4.E-1,6.E-1,8.E-1,1.E0),
.UNSPECIFIED.);
#1895=CIRCLE('',#1894,3.E-1);
#1960=CIRCLE('',#1959,3.E-1);
#2069=B_SPLINE_CURVE_WITH_KNOTS('',3,(#2061,#2062,#2063,#2064,#2065,#2066,#2067,
#2068),.UNSPECIFIED.,.F.,.F.,(4,1,1,1,1,4),(0.E0,2.E-1,4.E-1,6.E-1,8.E-1,1.E0),
.UNSPECIFIED.);
#2074=CIRCLE('',#2073,3.E-1);
#2083=B_SPLINE_CURVE_WITH_KNOTS('',3,(#2075,#2076,#2077,#2078,#2079,#2080,#2081,
#2082),.UNSPECIFIED.,.F.,.F.,(4,1,1,1,1,4),(0.E0,2.E-1,4.E-1,6.E-1,8.E-1,1.E0),
.UNSPECIFIED.);
#2088=CIRCLE('',#2087,3.E-1);
#2097=B_SPLINE_CURVE_WITH_KNOTS('',3,(#2089,#2090,#2091,#2092,#2093,#2094,#2095,
#2096),.UNSPECIFIED.,.F.,.F.,(4,1,1,1,1,4),(0.E0,2.E-1,4.E-1,6.E-1,8.E-1,1.E0),
.UNSPECIFIED.);
#2182=CIRCLE('',#2181,3.E-1);
#2223=CIRCLE('',#2222,3.E-1);
#2256=B_SPLINE_CURVE_WITH_KNOTS('',3,(#2248,#2249,#2250,#2251,#2252,#2253,#2254,
#2255),.UNSPECIFIED.,.F.,.F.,(4,1,1,1,1,4),(0.E0,2.E-1,4.E-1,6.E-1,8.E-1,1.E0),
.UNSPECIFIED.);
#2261=CIRCLE('',#2260,3.E-1);
#2270=B_SPLINE_CURVE_WITH_KNOTS('',3,(#2262,#2263,#2264,#2265,#2266,#2267,#2268,
#2269),.UNSPECIFIED.,.F.,.F.,(4,1,1,1,1,4),(0.E0,2.E-1,4.E-1,6.E-1,8.E-1,1.E0),
.UNSPECIFIED.);
#2279=B_SPLINE_CURVE_WITH_KNOTS('',3,(#2271,#2272,#2273,#2274,#2275,#2276,#2277,
#2278),.UNSPECIFIED.,.F.,.F.,(4,1,1,1,1,4),(0.E0,2.E-1,4.E-1,6.E-1,8.E-1,1.E0),
.UNSPECIFIED.);
#2284=CIRCLE('',#2283,3.E-1);
#2301=B_SPLINE_CURVE_WITH_KNOTS('',3,(#2293,#2294,#2295,#2296,#2297,#2298,#2299,
#2300),.UNSPECIFIED.,.F.,.F.,(4,1,1,1,1,4),(0.E0,2.E-1,4.E-1,6.E-1,8.E-1,1.E0),
.UNSPECIFIED.);
#2318=B_SPLINE_CURVE_WITH_KNOTS('',3,(#2310,#2311,#2312,#2313,#2314,#2315,#2316,
#2317),.UNSPECIFIED.,.F.,.F.,(4,1,1,1,1,4),(0.E0,2.E-1,4.E-1,6.E-1,8.E-1,1.E0),
.UNSPECIFIED.);
#2343=CIRCLE('',#2342,3.E-1);
#2408=CIRCLE('',#2407,3.E-1);
#2517=B_SPLINE_CURVE_WITH_KNOTS('',3,(#2509,#2510,#2511,#2512,#2513,#2514,#2515,
#2516),.UNSPECIFIED.,.F.,.F.,(4,1,1,1,1,4),(0.E0,2.E-1,4.E-1,6.E-1,8.E-1,1.E0),
.UNSPECIFIED.);
#2522=CIRCLE('',#2521,3.E-1);
#2531=B_SPLINE_CURVE_WITH_KNOTS('',3,(#2523,#2524,#2525,#2526,#2527,#2528,#2529,
#2530),.UNSPECIFIED.,.F.,.F.,(4,1,1,1,1,4),(0.E0,2.E-1,4.E-1,6.E-1,8.E-1,1.E0),
.UNSPECIFIED.);
#2536=CIRCLE('',#2535,3.E-1);
#2545=B_SPLINE_CURVE_WITH_KNOTS('',3,(#2537,#2538,#2539,#2540,#2541,#2542,#2543,
#2544),.UNSPECIFIED.,.F.,.F.,(4,1,1,1,1,4),(0.E0,2.E-1,4.E-1,6.E-1,8.E-1,1.E0),
.UNSPECIFIED.);
#2630=CIRCLE('',#2629,3.E-1);
#2671=CIRCLE('',#2670,3.E-1);
#2704=B_SPLINE_CURVE_WITH_KNOTS('',3,(#2696,#2697,#2698,#2699,#2700,#2701,#2702,
#2703),.UNSPECIFIED.,.F.,.F.,(4,1,1,1,1,4),(0.E0,2.E-1,4.E-1,6.E-1,8.E-1,1.E0),
.UNSPECIFIED.);
#2709=CIRCLE('',#2708,3.E-1);
#2718=B_SPLINE_CURVE_WITH_KNOTS('',3,(#2710,#2711,#2712,#2713,#2714,#2715,#2716,
#2717),.UNSPECIFIED.,.F.,.F.,(4,1,1,1,1,4),(0.E0,2.E-1,4.E-1,6.E-1,8.E-1,1.E0),
.UNSPECIFIED.);
#2727=B_SPLINE_CURVE_WITH_KNOTS('',3,(#2719,#2720,#2721,#2722,#2723,#2724,#2725,
#2726),.UNSPECIFIED.,.F.,.F.,(4,1,1,1,1,4),(0.E0,2.E-1,4.E-1,6.E-1,8.E-1,1.E0),
.UNSPECIFIED.);
#2732=CIRCLE('',#2731,3.E-1);
#2749=B_SPLINE_CURVE_WITH_KNOTS('',3,(#2741,#2742,#2743,#2744,#2745,#2746,#2747,
#2748),.UNSPECIFIED.,.F.,.F.,(4,1,1,1,1,4),(0.E0,2.E-1,4.E-1,6.E-1,8.E-1,1.E0),
.UNSPECIFIED.);
#2766=B_SPLINE_CURVE_WITH_KNOTS('',3,(#2758,#2759,#2760,#2761,#2762,#2763,#2764,
#2765),.UNSPECIFIED.,.F.,.F.,(4,1,1,1,1,4),(0.E0,2.E-1,4.E-1,6.E-1,8.E-1,1.E0),
.UNSPECIFIED.);
#2791=CIRCLE('',#2790,3.E-1);
#2856=CIRCLE('',#2855,3.E-1);
#2965=B_SPLINE_CURVE_WITH_KNOTS('',3,(#2957,#2958,#2959,#2960,#2961,#2962,#2963,
#2964),.UNSPECIFIED.,.F.,.F.,(4,1,1,1,1,4),(0.E0,2.E-1,4.E-1,6.E-1,8.E-1,1.E0),
.UNSPECIFIED.);
#2970=CIRCLE('',#2969,3.E-1);
#2979=B_SPLINE_CURVE_WITH_KNOTS('',3,(#2971,#2972,#2973,#2974,#2975,#2976,#2977,
#2978),.UNSPECIFIED.,.F.,.F.,(4,1,1,1,1,4),(0.E0,2.E-1,4.E-1,6.E-1,8.E-1,1.E0),
.UNSPECIFIED.);
#2984=CIRCLE('',#2983,3.E-1);
#2993=B_SPLINE_CURVE_WITH_KNOTS('',3,(#2985,#2986,#2987,#2988,#2989,#2990,#2991,
#2992),.UNSPECIFIED.,.F.,.F.,(4,1,1,1,1,4),(0.E0,2.E-1,4.E-1,6.E-1,8.E-1,1.E0),
.UNSPECIFIED.);
#3078=CIRCLE('',#3077,3.E-1);
#3119=CIRCLE('',#3118,3.E-1);
#3152=B_SPLINE_CURVE_WITH_KNOTS('',3,(#3144,#3145,#3146,#3147,#3148,#3149,#3150,
#3151),.UNSPECIFIED.,.F.,.F.,(4,1,1,1,1,4),(0.E0,2.E-1,4.E-1,6.E-1,8.E-1,1.E0),
.UNSPECIFIED.);
#3157=CIRCLE('',#3156,3.E-1);
#3166=B_SPLINE_CURVE_WITH_KNOTS('',3,(#3158,#3159,#3160,#3161,#3162,#3163,#3164,
#3165),.UNSPECIFIED.,.F.,.F.,(4,1,1,1,1,4),(0.E0,2.E-1,4.E-1,6.E-1,8.E-1,1.E0),
.UNSPECIFIED.);
#3175=B_SPLINE_CURVE_WITH_KNOTS('',3,(#3167,#3168,#3169,#3170,#3171,#3172,#3173,
#3174),.UNSPECIFIED.,.F.,.F.,(4,1,1,1,1,4),(0.E0,2.E-1,4.E-1,6.E-1,8.E-1,1.E0),
.UNSPECIFIED.);
#3180=CIRCLE('',#3179,3.E-1);
#3197=B_SPLINE_CURVE_WITH_KNOTS('',3,(#3189,#3190,#3191,#3192,#3193,#3194,#3195,
#3196),.UNSPECIFIED.,.F.,.F.,(4,1,1,1,1,4),(0.E0,2.E-1,4.E-1,6.E-1,8.E-1,1.E0),
.UNSPECIFIED.);
#3214=B_SPLINE_CURVE_WITH_KNOTS('',3,(#3206,#3207,#3208,#3209,#3210,#3211,#3212,
#3213),.UNSPECIFIED.,.F.,.F.,(4,1,1,1,1,4),(0.E0,2.E-1,4.E-1,6.E-1,8.E-1,1.E0),
.UNSPECIFIED.);
#3239=CIRCLE('',#3238,3.E-1);
#3304=CIRCLE('',#3303,3.E-1);
#3413=B_SPLINE_CURVE_WITH_KNOTS('',3,(#3405,#3406,#3407,#3408,#3409,#3410,#3411,
#3412),.UNSPECIFIED.,.F.,.F.,(4,1,1,1,1,4),(0.E0,2.E-1,4.E-1,6.E-1,8.E-1,1.E0),
.UNSPECIFIED.);
#3418=CIRCLE('',#3417,3.E-1);
#3427=B_SPLINE_CURVE_WITH_KNOTS('',3,(#3419,#3420,#3421,#3422,#3423,#3424,#3425,
#3426),.UNSPECIFIED.,.F.,.F.,(4,1,1,1,1,4),(0.E0,2.E-1,4.E-1,6.E-1,8.E-1,1.E0),
.UNSPECIFIED.);
#3432=CIRCLE('',#3431,3.E-1);
#3441=B_SPLINE_CURVE_WITH_KNOTS('',3,(#3433,#3434,#3435,#3436,#3437,#3438,#3439,
#3440),.UNSPECIFIED.,.F.,.F.,(4,1,1,1,1,4),(0.E0,2.E-1,4.E-1,6.E-1,8.E-1,1.E0),
.UNSPECIFIED.);
#3526=CIRCLE('',#3525,3.E-1);
#3567=CIRCLE('',#3566,3.E-1);
#3600=B_SPLINE_CURVE_WITH_KNOTS('',3,(#3592,#3593,#3594,#3595,#3596,#3597,#3598,
#3599),.UNSPECIFIED.,.F.,.F.,(4,1,1,1,1,4),(0.E0,2.E-1,4.E-1,6.E-1,8.E-1,1.E0),
.UNSPECIFIED.);
#3605=CIRCLE('',#3604,3.E-1);
#3614=B_SPLINE_CURVE_WITH_KNOTS('',3,(#3606,#3607,#3608,#3609,#3610,#3611,#3612,
#3613),.UNSPECIFIED.,.F.,.F.,(4,1,1,1,1,4),(0.E0,2.E-1,4.E-1,6.E-1,8.E-1,1.E0),
.UNSPECIFIED.);
#3623=B_SPLINE_CURVE_WITH_KNOTS('',3,(#3615,#3616,#3617,#3618,#3619,#3620,#3621,
#3622),.UNSPECIFIED.,.F.,.F.,(4,1,1,1,1,4),(0.E0,2.E-1,4.E-1,6.E-1,8.E-1,1.E0),
.UNSPECIFIED.);
#3628=CIRCLE('',#3627,3.E-1);
#3645=B_SPLINE_CURVE_WITH_KNOTS('',3,(#3637,#3638,#3639,#3640,#3641,#3642,#3643,
#3644),.UNSPECIFIED.,.F.,.F.,(4,1,1,1,1,4),(0.E0,2.E-1,4.E-1,6.E-1,8.E-1,1.E0),
.UNSPECIFIED.);
#3662=B_SPLINE_CURVE_WITH_KNOTS('',3,(#3654,#3655,#3656,#3657,#3658,#3659,#3660,
#3661),.UNSPECIFIED.,.F.,.F.,(4,1,1,1,1,4),(0.E0,2.E-1,4.E-1,6.E-1,8.E-1,1.E0),
.UNSPECIFIED.);
#3687=CIRCLE('',#3686,3.E-1);
#3752=CIRCLE('',#3751,3.E-1);
#3861=B_SPLINE_CURVE_WITH_KNOTS('',3,(#3853,#3854,#3855,#3856,#3857,#3858,#3859,
#3860),.UNSPECIFIED.,.F.,.F.,(4,1,1,1,1,4),(0.E0,2.E-1,4.E-1,6.E-1,8.E-1,1.E0),
.UNSPECIFIED.);
#3866=CIRCLE('',#3865,3.E-1);
#3875=B_SPLINE_CURVE_WITH_KNOTS('',3,(#3867,#3868,#3869,#3870,#3871,#3872,#3873,
#3874),.UNSPECIFIED.,.F.,.F.,(4,1,1,1,1,4),(0.E0,2.E-1,4.E-1,6.E-1,8.E-1,1.E0),
.UNSPECIFIED.);
#3880=CIRCLE('',#3879,3.E-1);
#3889=B_SPLINE_CURVE_WITH_KNOTS('',3,(#3881,#3882,#3883,#3884,#3885,#3886,#3887,
#3888),.UNSPECIFIED.,.F.,.F.,(4,1,1,1,1,4),(0.E0,2.E-1,4.E-1,6.E-1,8.E-1,1.E0),
.UNSPECIFIED.);
#3974=CIRCLE('',#3973,3.E-1);
#4015=CIRCLE('',#4014,3.E-1);
#4048=B_SPLINE_CURVE_WITH_KNOTS('',3,(#4040,#4041,#4042,#4043,#4044,#4045,#4046,
#4047),.UNSPECIFIED.,.F.,.F.,(4,1,1,1,1,4),(0.E0,2.E-1,4.E-1,6.E-1,8.E-1,1.E0),
.UNSPECIFIED.);
#4053=CIRCLE('',#4052,3.E-1);
#4062=B_SPLINE_CURVE_WITH_KNOTS('',3,(#4054,#4055,#4056,#4057,#4058,#4059,#4060,
#4061),.UNSPECIFIED.,.F.,.F.,(4,1,1,1,1,4),(0.E0,2.E-1,4.E-1,6.E-1,8.E-1,1.E0),
.UNSPECIFIED.);
#4071=B_SPLINE_CURVE_WITH_KNOTS('',3,(#4063,#4064,#4065,#4066,#4067,#4068,#4069,
#4070),.UNSPECIFIED.,.F.,.F.,(4,1,1,1,1,4),(0.E0,2.E-1,4.E-1,6.E-1,8.E-1,1.E0),
.UNSPECIFIED.);
#4076=CIRCLE('',#4075,3.E-1);
#4093=B_SPLINE_CURVE_WITH_KNOTS('',3,(#4085,#4086,#4087,#4088,#4089,#4090,#4091,
#4092),.UNSPECIFIED.,.F.,.F.,(4,1,1,1,1,4),(0.E0,2.E-1,4.E-1,6.E-1,8.E-1,1.E0),
.UNSPECIFIED.);
#4110=B_SPLINE_CURVE_WITH_KNOTS('',3,(#4102,#4103,#4104,#4105,#4106,#4107,#4108,
#4109),.UNSPECIFIED.,.F.,.F.,(4,1,1,1,1,4),(0.E0,2.E-1,4.E-1,6.E-1,8.E-1,1.E0),
.UNSPECIFIED.);
#4135=CIRCLE('',#4134,3.E-1);
#4200=CIRCLE('',#4199,3.E-1);
#4309=B_SPLINE_CURVE_WITH_KNOTS('',3,(#4301,#4302,#4303,#4304,#4305,#4306,#4307,
#4308),.UNSPECIFIED.,.F.,.F.,(4,1,1,1,1,4),(0.E0,2.E-1,4.E-1,6.E-1,8.E-1,1.E0),
.UNSPECIFIED.);
#4314=CIRCLE('',#4313,3.E-1);
#4323=B_SPLINE_CURVE_WITH_KNOTS('',3,(#4315,#4316,#4317,#4318,#4319,#4320,#4321,
#4322),.UNSPECIFIED.,.F.,.F.,(4,1,1,1,1,4),(0.E0,2.E-1,4.E-1,6.E-1,8.E-1,1.E0),
.UNSPECIFIED.);
#4328=CIRCLE('',#4327,3.E-1);
#4337=B_SPLINE_CURVE_WITH_KNOTS('',3,(#4329,#4330,#4331,#4332,#4333,#4334,#4335,
#4336),.UNSPECIFIED.,.F.,.F.,(4,1,1,1,1,4),(0.E0,2.E-1,4.E-1,6.E-1,8.E-1,1.E0),
.UNSPECIFIED.);
#4422=CIRCLE('',#4421,3.E-1);
#4463=CIRCLE('',#4462,3.E-1);
#4496=B_SPLINE_CURVE_WITH_KNOTS('',3,(#4488,#4489,#4490,#4491,#4492,#4493,#4494,
#4495),.UNSPECIFIED.,.F.,.F.,(4,1,1,1,1,4),(0.E0,2.E-1,4.E-1,6.E-1,8.E-1,1.E0),
.UNSPECIFIED.);
#4501=CIRCLE('',#4500,3.E-1);
#4510=B_SPLINE_CURVE_WITH_KNOTS('',3,(#4502,#4503,#4504,#4505,#4506,#4507,#4508,
#4509),.UNSPECIFIED.,.F.,.F.,(4,1,1,1,1,4),(0.E0,2.E-1,4.E-1,6.E-1,8.E-1,1.E0),
.UNSPECIFIED.);
#4519=B_SPLINE_CURVE_WITH_KNOTS('',3,(#4511,#4512,#4513,#4514,#4515,#4516,#4517,
#4518),.UNSPECIFIED.,.F.,.F.,(4,1,1,1,1,4),(0.E0,2.E-1,4.E-1,6.E-1,8.E-1,1.E0),
.UNSPECIFIED.);
#4524=CIRCLE('',#4523,3.E-1);
#4541=B_SPLINE_CURVE_WITH_KNOTS('',3,(#4533,#4534,#4535,#4536,#4537,#4538,#4539,
#4540),.UNSPECIFIED.,.F.,.F.,(4,1,1,1,1,4),(0.E0,2.E-1,4.E-1,6.E-1,8.E-1,1.E0),
.UNSPECIFIED.);
#4558=B_SPLINE_CURVE_WITH_KNOTS('',3,(#4550,#4551,#4552,#4553,#4554,#4555,#4556,
#4557),.UNSPECIFIED.,.F.,.F.,(4,1,1,1,1,4),(0.E0,2.E-1,4.E-1,6.E-1,8.E-1,1.E0),
.UNSPECIFIED.);
#4583=CIRCLE('',#4582,3.E-1);
#4648=CIRCLE('',#4647,3.E-1);
#4757=B_SPLINE_CURVE_WITH_KNOTS('',3,(#4749,#4750,#4751,#4752,#4753,#4754,#4755,
#4756),.UNSPECIFIED.,.F.,.F.,(4,1,1,1,1,4),(0.E0,2.E-1,4.E-1,6.E-1,8.E-1,1.E0),
.UNSPECIFIED.);
#4762=CIRCLE('',#4761,3.E-1);
#4771=B_SPLINE_CURVE_WITH_KNOTS('',3,(#4763,#4764,#4765,#4766,#4767,#4768,#4769,
#4770),.UNSPECIFIED.,.F.,.F.,(4,1,1,1,1,4),(0.E0,2.E-1,4.E-1,6.E-1,8.E-1,1.E0),
.UNSPECIFIED.);
#4776=CIRCLE('',#4775,3.E-1);
#4785=B_SPLINE_CURVE_WITH_KNOTS('',3,(#4777,#4778,#4779,#4780,#4781,#4782,#4783,
#4784),.UNSPECIFIED.,.F.,.F.,(4,1,1,1,1,4),(0.E0,2.E-1,4.E-1,6.E-1,8.E-1,1.E0),
.UNSPECIFIED.);
#4870=CIRCLE('',#4869,3.E-1);
#4911=CIRCLE('',#4910,3.E-1);
#4944=B_SPLINE_CURVE_WITH_KNOTS('',3,(#4936,#4937,#4938,#4939,#4940,#4941,#4942,
#4943),.UNSPECIFIED.,.F.,.F.,(4,1,1,1,1,4),(0.E0,2.E-1,4.E-1,6.E-1,8.E-1,1.E0),
.UNSPECIFIED.);
#4949=CIRCLE('',#4948,3.E-1);
#4958=B_SPLINE_CURVE_WITH_KNOTS('',3,(#4950,#4951,#4952,#4953,#4954,#4955,#4956,
#4957),.UNSPECIFIED.,.F.,.F.,(4,1,1,1,1,4),(0.E0,2.E-1,4.E-1,6.E-1,8.E-1,1.E0),
.UNSPECIFIED.);
#4967=B_SPLINE_CURVE_WITH_KNOTS('',3,(#4959,#4960,#4961,#4962,#4963,#4964,#4965,
#4966),.UNSPECIFIED.,.F.,.F.,(4,1,1,1,1,4),(0.E0,2.E-1,4.E-1,6.E-1,8.E-1,1.E0),
.UNSPECIFIED.);
#4972=CIRCLE('',#4971,3.E-1);
#4989=B_SPLINE_CURVE_WITH_KNOTS('',3,(#4981,#4982,#4983,#4984,#4985,#4986,#4987,
#4988),.UNSPECIFIED.,.F.,.F.,(4,1,1,1,1,4),(0.E0,2.E-1,4.E-1,6.E-1,8.E-1,1.E0),
.UNSPECIFIED.);
#6505=EDGE_CURVE('',#5000,#5001,#5,.T.);
#6507=EDGE_CURVE('',#5001,#5005,#9,.T.);
#6509=EDGE_CURVE('',#5005,#5003,#13,.T.);
#6511=EDGE_CURVE('',#5003,#5000,#17,.T.);
#6515=ADVANCED_FACE('',(#6514),#6504,.T.);
#6522=EDGE_CURVE('',#5008,#5000,#253,.T.);
#6524=EDGE_CURVE('',#5008,#5009,#561,.T.);
#6526=EDGE_CURVE('',#5009,#5001,#21,.T.);
#6530=EDGE_CURVE('',#5112,#5113,#25,.T.);
#6532=EDGE_CURVE('',#5121,#5112,#29,.T.);
#6534=EDGE_CURVE('',#5115,#5121,#33,.T.);
#6536=EDGE_CURVE('',#5113,#5115,#37,.T.);
#6540=EDGE_CURVE('',#5128,#5129,#41,.T.);
#6542=EDGE_CURVE('',#5137,#5128,#45,.T.);
#6544=EDGE_CURVE('',#5135,#5137,#49,.T.);
#6546=EDGE_CURVE('',#5129,#5135,#53,.T.);
#6550=EDGE_CURVE('',#5298,#5299,#57,.T.);
#6552=EDGE_CURVE('',#5307,#5298,#61,.T.);
#6554=EDGE_CURVE('',#5301,#5307,#65,.T.);
#6556=EDGE_CURVE('',#5299,#5301,#69,.T.);
#6560=EDGE_CURVE('',#5314,#5315,#73,.T.);
#6562=EDGE_CURVE('',#5323,#5314,#77,.T.);
#6564=EDGE_CURVE('',#5321,#5323,#81,.T.);
#6566=EDGE_CURVE('',#5315,#5321,#85,.T.);
#6570=EDGE_CURVE('',#5344,#5345,#89,.T.);
#6572=EDGE_CURVE('',#5353,#5344,#93,.T.);
#6574=EDGE_CURVE('',#5347,#5353,#97,.T.);
#6576=EDGE_CURVE('',#5345,#5347,#101,.T.);
#6580=EDGE_CURVE('',#5360,#5361,#105,.T.);
#6582=EDGE_CURVE('',#5369,#5360,#109,.T.);
#6584=EDGE_CURVE('',#5367,#5369,#113,.T.);
#6586=EDGE_CURVE('',#5361,#5367,#117,.T.);
#6590=EDGE_CURVE('',#5742,#5743,#121,.T.);
#6592=EDGE_CURVE('',#5751,#5742,#125,.T.);
#6594=EDGE_CURVE('',#5745,#5751,#129,.T.);
#6596=EDGE_CURVE('',#5743,#5745,#133,.T.);
#6600=EDGE_CURVE('',#5758,#5759,#137,.T.);
#6602=EDGE_CURVE('',#5767,#5758,#141,.T.);
#6604=EDGE_CURVE('',#5765,#5767,#145,.T.);
#6606=EDGE_CURVE('',#5759,#5765,#149,.T.);
#6610=EDGE_CURVE('',#5788,#5789,#153,.T.);
#6612=EDGE_CURVE('',#5797,#5788,#157,.T.);
#6614=EDGE_CURVE('',#5791,#5797,#161,.T.);
#6616=EDGE_CURVE('',#5789,#5791,#165,.T.);
#6620=EDGE_CURVE('',#5804,#5805,#169,.T.);
#6622=EDGE_CURVE('',#5813,#5804,#173,.T.);
#6624=EDGE_CURVE('',#5811,#5813,#177,.T.);
#6626=EDGE_CURVE('',#5805,#5811,#181,.T.);
#6630=EDGE_CURVE('',#5834,#5835,#185,.T.);
#6632=EDGE_CURVE('',#5843,#5834,#189,.T.);
#6634=EDGE_CURVE('',#5837,#5843,#193,.T.);
#6636=EDGE_CURVE('',#5835,#5837,#197,.T.);
#6640=EDGE_CURVE('',#5850,#5851,#201,.T.);
#6642=EDGE_CURVE('',#5859,#5850,#205,.T.);
#6644=EDGE_CURVE('',#5857,#5859,#209,.T.);
#6646=EDGE_CURVE('',#5851,#5857,#213,.T.);
#6650=EDGE_CURVE('',#5880,#5881,#217,.T.);
#6652=EDGE_CURVE('',#5889,#5880,#221,.T.);
#6654=EDGE_CURVE('',#5883,#5889,#225,.T.);
#6656=EDGE_CURVE('',#5881,#5883,#229,.T.);
#6660=EDGE_CURVE('',#5896,#5897,#233,.T.);
#6662=EDGE_CURVE('',#5905,#5896,#237,.T.);
#6664=EDGE_CURVE('',#5903,#5905,#241,.T.);
#6666=EDGE_CURVE('',#5897,#5903,#245,.T.);
#6670=ADVANCED_FACE('',(#6529,#6539,#6549,#6559,#6569,#6579,#6589,#6599,#6609,
#6619,#6629,#6639,#6649,#6659,#6669),#6520,.T.);
#6676=EDGE_CURVE('',#5016,#5017,#249,.T.);
#6678=EDGE_CURVE('',#5011,#5017,#529,.T.);
#6680=EDGE_CURVE('',#5011,#5008,#565,.T.);
#6684=EDGE_CURVE('',#5021,#5003,#537,.T.);
#6686=EDGE_CURVE('',#5021,#5019,#257,.T.);
#6688=EDGE_CURVE('',#5019,#5016,#261,.T.);
#6692=ADVANCED_FACE('',(#6691),#6675,.T.);
#6699=EDGE_CURVE('',#5024,#5016,#265,.T.);
#6701=EDGE_CURVE('',#5024,#5025,#541,.T.);
#6703=EDGE_CURVE('',#5017,#5025,#525,.T.);
#6707=ADVANCED_FACE('',(#6706),#6697,.F.);
#6714=EDGE_CURVE('',#5027,#5019,#521,.T.);
#6716=EDGE_CURVE('',#5027,#5024,#545,.T.);
#6721=EDGE_CURVE('',#5172,#5173,#269,.T.);
#6723=EDGE_CURVE('',#5173,#5175,#273,.T.);
#6725=EDGE_CURVE('',#5175,#5177,#277,.T.);
#6727=EDGE_CURVE('',#5177,#5179,#281,.T.);
#6729=EDGE_CURVE('',#5179,#5181,#285,.T.);
#6731=EDGE_CURVE('',#5181,#5183,#289,.T.);
#6733=EDGE_CURVE('',#5183,#5172,#293,.T.);
#6737=EDGE_CURVE('',#5096,#5097,#297,.T.);
#6739=EDGE_CURVE('',#5104,#5096,#301,.T.);
#6741=EDGE_CURVE('',#5104,#5105,#305,.T.);
#6743=EDGE_CURVE('',#5105,#5097,#309,.T.);
#6747=EDGE_CURVE('',#5100,#5101,#313,.T.);
#6749=EDGE_CURVE('',#5108,#5100,#317,.T.);
#6751=EDGE_CURVE('',#5108,#5109,#321,.T.);
#6753=EDGE_CURVE('',#5109,#5101,#325,.T.);
#6757=EDGE_CURVE('',#5439,#5437,#329,.T.);
#6759=EDGE_CURVE('',#5447,#5439,#333,.T.);
#6761=EDGE_CURVE('',#5447,#5445,#337,.T.);
#6763=EDGE_CURVE('',#5445,#5437,#341,.T.);
#6767=EDGE_CURVE('',#5443,#5441,#345,.T.);
#6769=EDGE_CURVE('',#5451,#5443,#349,.T.);
#6771=EDGE_CURVE('',#5451,#5449,#353,.T.);
#6773=EDGE_CURVE('',#5449,#5441,#357,.T.);
#6777=EDGE_CURVE('',#5551,#5549,#361,.T.);
#6779=EDGE_CURVE('',#5559,#5551,#365,.T.);
#6781=EDGE_CURVE('',#5559,#5557,#369,.T.);
#6783=EDGE_CURVE('',#5557,#5549,#373,.T.);
#6787=EDGE_CURVE('',#5555,#5553,#377,.T.);
#6789=EDGE_CURVE('',#5563,#5555,#381,.T.);
#6791=EDGE_CURVE('',#5563,#5561,#385,.T.);
#6793=EDGE_CURVE('',#5561,#5553,#389,.T.);
#6797=EDGE_CURVE('',#5975,#5973,#393,.T.);
#6799=EDGE_CURVE('',#5983,#5975,#397,.T.);
#6801=EDGE_CURVE('',#5983,#5981,#401,.T.);
#6803=EDGE_CURVE('',#5981,#5973,#405,.T.);
#6807=EDGE_CURVE('',#5979,#5977,#409,.T.);
#6809=EDGE_CURVE('',#5987,#5979,#413,.T.);
#6811=EDGE_CURVE('',#5987,#5985,#417,.T.);
#6813=EDGE_CURVE('',#5985,#5977,#421,.T.);
#6817=EDGE_CURVE('',#6087,#6085,#425,.T.);
#6819=EDGE_CURVE('',#6095,#6087,#429,.T.);
#6821=EDGE_CURVE('',#6095,#6093,#433,.T.);
#6823=EDGE_CURVE('',#6093,#6085,#437,.T.);
#6827=EDGE_CURVE('',#6091,#6089,#441,.T.);
#6829=EDGE_CURVE('',#6099,#6091,#445,.T.);
#6831=EDGE_CURVE('',#6099,#6097,#449,.T.);
#6833=EDGE_CURVE('',#6097,#6089,#453,.T.);
#6837=EDGE_CURVE('',#6199,#6197,#457,.T.);
#6839=EDGE_CURVE('',#6207,#6199,#461,.T.);
#6841=EDGE_CURVE('',#6207,#6205,#465,.T.);
#6843=EDGE_CURVE('',#6205,#6197,#469,.T.);
#6847=EDGE_CURVE('',#6203,#6201,#473,.T.);
#6849=EDGE_CURVE('',#6211,#6203,#477,.T.);
#6851=EDGE_CURVE('',#6211,#6209,#481,.T.);
#6853=EDGE_CURVE('',#6209,#6201,#485,.T.);
#6857=EDGE_CURVE('',#6311,#6309,#489,.T.);
#6859=EDGE_CURVE('',#6319,#6311,#493,.T.);
#6861=EDGE_CURVE('',#6319,#6317,#497,.T.);
#6863=EDGE_CURVE('',#6317,#6309,#501,.T.);
#6867=EDGE_CURVE('',#6315,#6313,#505,.T.);
#6869=EDGE_CURVE('',#6323,#6315,#509,.T.);
#6871=EDGE_CURVE('',#6323,#6321,#513,.T.);
#6873=EDGE_CURVE('',#6321,#6313,#517,.T.);
#6877=ADVANCED_FACE('',(#6720,#6736,#6746,#6756,#6766,#6776,#6786,#6796,#6806,
#6816,#6826,#6836,#6846,#6856,#6866,#6876),#6712,.F.);
#6884=EDGE_CURVE('',#5021,#5029,#533,.T.);
#6886=EDGE_CURVE('',#5029,#5027,#549,.T.);
#6891=ADVANCED_FACE('',(#6890),#6882,.F.);
#6898=EDGE_CURVE('',#5013,#5025,#557,.T.);
#6900=EDGE_CURVE('',#5013,#5011,#569,.T.);
#6905=ADVANCED_FACE('',(#6904),#6896,.T.);
#6914=EDGE_CURVE('',#5029,#5005,#553,.T.);
#6918=ADVANCED_FACE('',(#6917),#6910,.T.);
#6930=EDGE_CURVE('',#5009,#5013,#573,.T.);
#6935=ADVANCED_FACE('',(#6934),#6923,.T.);
#6947=ADVANCED_FACE('',(#6946),#6940,.F.);
#6954=EDGE_CURVE('',#5172,#5158,#577,.T.);
#6956=EDGE_CURVE('',#5158,#5159,#605,.T.);
#6958=EDGE_CURVE('',#5173,#5159,#601,.T.);
#6962=ADVANCED_FACE('',(#6961),#6952,.F.);
#6969=EDGE_CURVE('',#5183,#5169,#581,.T.);
#6971=EDGE_CURVE('',#5169,#5158,#609,.T.);
#6976=ADVANCED_FACE('',(#6975),#6967,.F.);
#6983=EDGE_CURVE('',#5181,#5167,#585,.T.);
#6985=EDGE_CURVE('',#5167,#5169,#613,.T.);
#6990=ADVANCED_FACE('',(#6989),#6981,.F.);
#6997=EDGE_CURVE('',#5179,#5165,#589,.T.);
#6999=EDGE_CURVE('',#5165,#5167,#617,.T.);
#7004=ADVANCED_FACE('',(#7003),#6995,.F.);
#7011=EDGE_CURVE('',#5177,#5163,#593,.T.);
#7013=EDGE_CURVE('',#5163,#5165,#621,.T.);
#7018=ADVANCED_FACE('',(#7017),#7009,.F.);
#7025=EDGE_CURVE('',#5175,#5161,#597,.T.);
#7027=EDGE_CURVE('',#5161,#5163,#625,.T.);
#7032=ADVANCED_FACE('',(#7031),#7023,.F.);
#7040=EDGE_CURVE('',#5159,#5161,#629,.T.);
#7045=ADVANCED_FACE('',(#7044),#7037,.F.);
#7060=ADVANCED_FACE('',(#7059),#7050,.T.);
#7067=EDGE_CURVE('',#5063,#5097,#633,.T.);
#7069=EDGE_CURVE('',#5049,#5063,#638,.T.);
#7071=EDGE_CURVE('',#5048,#5049,#643,.T.);
#7073=EDGE_CURVE('',#5053,#5048,#647,.T.);
#7075=EDGE_CURVE('',#5052,#5053,#652,.T.);
#7077=EDGE_CURVE('',#5065,#5052,#657,.T.);
#7079=EDGE_CURVE('',#5096,#5065,#661,.T.);
#7083=ADVANCED_FACE('',(#7082),#7065,.T.);
#7090=EDGE_CURVE('',#5075,#5101,#665,.T.);
#7092=EDGE_CURVE('',#5073,#5075,#670,.T.);
#7094=EDGE_CURVE('',#5071,#5073,#675,.T.);
#7096=EDGE_CURVE('',#5069,#5071,#679,.T.);
#7098=EDGE_CURVE('',#5068,#5069,#684,.T.);
#7100=EDGE_CURVE('',#5077,#5068,#689,.T.);
#7102=EDGE_CURVE('',#5100,#5077,#693,.T.);
#7106=ADVANCED_FACE('',(#7105),#7088,.T.);
#7113=EDGE_CURVE('',#5079,#5105,#729,.T.);
#7115=EDGE_CURVE('',#5063,#5079,#697,.T.);
#7120=ADVANCED_FACE('',(#7119),#7111,.T.);
#7127=EDGE_CURVE('',#5104,#5081,#701,.T.);
#7129=EDGE_CURVE('',#5081,#5060,#706,.T.);
#7131=EDGE_CURVE('',#5060,#5061,#711,.T.);
#7133=EDGE_CURVE('',#5061,#5056,#715,.T.);
#7135=EDGE_CURVE('',#5056,#5057,#720,.T.);
#7137=EDGE_CURVE('',#5057,#5079,#725,.T.);
#7142=ADVANCED_FACE('',(#7141),#7125,.F.);
#7149=EDGE_CURVE('',#5108,#5093,#733,.T.);
#7151=EDGE_CURVE('',#5093,#5084,#738,.T.);
#7153=EDGE_CURVE('',#5084,#5085,#743,.T.);
#7155=EDGE_CURVE('',#5085,#5087,#747,.T.);
#7157=EDGE_CURVE('',#5087,#5089,#752,.T.);
#7159=EDGE_CURVE('',#5089,#5091,#757,.T.);
#7161=EDGE_CURVE('',#5091,#5109,#761,.T.);
#7165=ADVANCED_FACE('',(#7164),#7147,.F.);
#7173=EDGE_CURVE('',#5065,#5081,#765,.T.);
#7178=ADVANCED_FACE('',(#7177),#7170,.T.);
#7185=EDGE_CURVE('',#5052,#5060,#769,.T.);
#7191=ADVANCED_FACE('',(#7190),#7183,.T.);
#7198=EDGE_CURVE('',#5053,#5061,#773,.T.);
#7204=ADVANCED_FACE('',(#7203),#7196,.F.);
#7211=EDGE_CURVE('',#5048,#5056,#777,.T.);
#7217=ADVANCED_FACE('',(#7216),#7209,.T.);
#7224=EDGE_CURVE('',#5049,#5057,#781,.T.);
#7230=ADVANCED_FACE('',(#7229),#7222,.T.);
#7242=ADVANCED_FACE('',(#7241),#7235,.F.);
#7250=EDGE_CURVE('',#5077,#5093,#785,.T.);
#7255=ADVANCED_FACE('',(#7254),#7247,.T.);
#7262=EDGE_CURVE('',#5068,#5084,#789,.T.);
#7268=ADVANCED_FACE('',(#7267),#7260,.F.);
#7275=EDGE_CURVE('',#5069,#5085,#793,.T.);
#7281=ADVANCED_FACE('',(#7280),#7273,.T.);
#7288=EDGE_CURVE('',#5071,#5087,#797,.T.);
#7294=ADVANCED_FACE('',(#7293),#7286,.T.);
#7301=EDGE_CURVE('',#5073,#5089,#801,.T.);
#7307=ADVANCED_FACE('',(#7306),#7299,.F.);
#7314=EDGE_CURVE('',#5075,#5091,#805,.T.);
#7320=ADVANCED_FACE('',(#7319),#7312,.T.);
#7332=ADVANCED_FACE('',(#7331),#7325,.T.);
#7338=EDGE_CURVE('',#5405,#5437,#809,.T.);
#7340=EDGE_CURVE('',#5391,#5405,#814,.T.);
#7342=EDGE_CURVE('',#5390,#5391,#819,.T.);
#7344=EDGE_CURVE('',#5395,#5390,#823,.T.);
#7346=EDGE_CURVE('',#5394,#5395,#828,.T.);
#7348=EDGE_CURVE('',#5407,#5394,#833,.T.);
#7350=EDGE_CURVE('',#5439,#5407,#837,.T.);
#7355=ADVANCED_FACE('',(#7354),#7337,.T.);
#7361=EDGE_CURVE('',#5417,#5441,#841,.T.);
#7363=EDGE_CURVE('',#5415,#5417,#846,.T.);
#7365=EDGE_CURVE('',#5413,#5415,#851,.T.);
#7367=EDGE_CURVE('',#5411,#5413,#855,.T.);
#7369=EDGE_CURVE('',#5410,#5411,#860,.T.);
#7371=EDGE_CURVE('',#5419,#5410,#865,.T.);
#7373=EDGE_CURVE('',#5443,#5419,#869,.T.);
#7378=ADVANCED_FACE('',(#7377),#7360,.T.);
#7386=EDGE_CURVE('',#5421,#5445,#877,.T.);
#7388=EDGE_CURVE('',#5405,#5421,#873,.T.);
#7392=ADVANCED_FACE('',(#7391),#7383,.T.);
#7400=EDGE_CURVE('',#5447,#5423,#881,.T.);
#7402=EDGE_CURVE('',#5423,#5402,#886,.T.);
#7404=EDGE_CURVE('',#5402,#5403,#891,.T.);
#7406=EDGE_CURVE('',#5403,#5398,#895,.T.);
#7408=EDGE_CURVE('',#5398,#5399,#900,.T.);
#7410=EDGE_CURVE('',#5399,#5421,#905,.T.);
#7414=ADVANCED_FACE('',(#7413),#7397,.F.);
#7420=EDGE_CURVE('',#5433,#5449,#909,.T.);
#7423=EDGE_CURVE('',#5451,#5435,#913,.T.);
#7425=EDGE_CURVE('',#5435,#5426,#918,.T.);
#7427=EDGE_CURVE('',#5426,#5427,#923,.T.);
#7429=EDGE_CURVE('',#5427,#5429,#927,.T.);
#7431=EDGE_CURVE('',#5429,#5431,#932,.T.);
#7433=EDGE_CURVE('',#5431,#5433,#937,.T.);
#7437=ADVANCED_FACE('',(#7436),#7419,.F.);
#7444=EDGE_CURVE('',#5407,#5423,#941,.T.);
#7450=ADVANCED_FACE('',(#7449),#7442,.T.);
#7457=EDGE_CURVE('',#5394,#5402,#945,.T.);
#7463=ADVANCED_FACE('',(#7462),#7455,.T.);
#7470=EDGE_CURVE('',#5395,#5403,#949,.T.);
#7476=ADVANCED_FACE('',(#7475),#7468,.F.);
#7483=EDGE_CURVE('',#5390,#5398,#953,.T.);
#7489=ADVANCED_FACE('',(#7488),#7481,.T.);
#7496=EDGE_CURVE('',#5391,#5399,#957,.T.);
#7502=ADVANCED_FACE('',(#7501),#7494,.T.);
#7514=ADVANCED_FACE('',(#7513),#7507,.F.);
#7523=EDGE_CURVE('',#5417,#5433,#961,.T.);
#7527=ADVANCED_FACE('',(#7526),#7519,.T.);
#7536=EDGE_CURVE('',#5415,#5431,#965,.T.);
#7540=ADVANCED_FACE('',(#7539),#7532,.T.);
#7549=EDGE_CURVE('',#5413,#5429,#969,.T.);
#7553=ADVANCED_FACE('',(#7552),#7545,.F.);
#7562=EDGE_CURVE('',#5411,#5427,#973,.T.);
#7566=ADVANCED_FACE('',(#7565),#7558,.T.);
#7575=EDGE_CURVE('',#5410,#5426,#977,.T.);
#7579=ADVANCED_FACE('',(#7578),#7571,.T.);
#7588=EDGE_CURVE('',#5419,#5435,#981,.T.);
#7592=ADVANCED_FACE('',(#7591),#7584,.F.);
#7604=ADVANCED_FACE('',(#7603),#7597,.T.);
#7610=EDGE_CURVE('',#5517,#5549,#985,.T.);
#7612=EDGE_CURVE('',#5503,#5517,#990,.T.);
#7614=EDGE_CURVE('',#5502,#5503,#995,.T.);
#7616=EDGE_CURVE('',#5507,#5502,#999,.T.);
#7618=EDGE_CURVE('',#5506,#5507,#1004,.T.);
#7620=EDGE_CURVE('',#5519,#5506,#1009,.T.);
#7622=EDGE_CURVE('',#5551,#5519,#1013,.T.);
#7627=ADVANCED_FACE('',(#7626),#7609,.T.);
#7633=EDGE_CURVE('',#5529,#5553,#1017,.T.);
#7635=EDGE_CURVE('',#5527,#5529,#1022,.T.);
#7637=EDGE_CURVE('',#5525,#5527,#1027,.T.);
#7639=EDGE_CURVE('',#5523,#5525,#1031,.T.);
#7641=EDGE_CURVE('',#5522,#5523,#1036,.T.);
#7643=EDGE_CURVE('',#5531,#5522,#1041,.T.);
#7645=EDGE_CURVE('',#5555,#5531,#1045,.T.);
#7650=ADVANCED_FACE('',(#7649),#7632,.T.);
#7658=EDGE_CURVE('',#5533,#5557,#1053,.T.);
#7660=EDGE_CURVE('',#5517,#5533,#1049,.T.);
#7664=ADVANCED_FACE('',(#7663),#7655,.T.);
#7672=EDGE_CURVE('',#5559,#5535,#1057,.T.);
#7674=EDGE_CURVE('',#5535,#5514,#1062,.T.);
#7676=EDGE_CURVE('',#5514,#5515,#1067,.T.);
#7678=EDGE_CURVE('',#5515,#5510,#1071,.T.);
#7680=EDGE_CURVE('',#5510,#5511,#1076,.T.);
#7682=EDGE_CURVE('',#5511,#5533,#1081,.T.);
#7686=ADVANCED_FACE('',(#7685),#7669,.F.);
#7692=EDGE_CURVE('',#5545,#5561,#1085,.T.);
#7695=EDGE_CURVE('',#5563,#5547,#1089,.T.);
#7697=EDGE_CURVE('',#5547,#5538,#1094,.T.);
#7699=EDGE_CURVE('',#5538,#5539,#1099,.T.);
#7701=EDGE_CURVE('',#5539,#5541,#1103,.T.);
#7703=EDGE_CURVE('',#5541,#5543,#1108,.T.);
#7705=EDGE_CURVE('',#5543,#5545,#1113,.T.);
#7709=ADVANCED_FACE('',(#7708),#7691,.F.);
#7716=EDGE_CURVE('',#5519,#5535,#1117,.T.);
#7722=ADVANCED_FACE('',(#7721),#7714,.T.);
#7729=EDGE_CURVE('',#5506,#5514,#1121,.T.);
#7735=ADVANCED_FACE('',(#7734),#7727,.T.);
#7742=EDGE_CURVE('',#5507,#5515,#1125,.T.);
#7748=ADVANCED_FACE('',(#7747),#7740,.F.);
#7755=EDGE_CURVE('',#5502,#5510,#1129,.T.);
#7761=ADVANCED_FACE('',(#7760),#7753,.T.);
#7768=EDGE_CURVE('',#5503,#5511,#1133,.T.);
#7774=ADVANCED_FACE('',(#7773),#7766,.T.);
#7786=ADVANCED_FACE('',(#7785),#7779,.F.);
#7795=EDGE_CURVE('',#5529,#5545,#1137,.T.);
#7799=ADVANCED_FACE('',(#7798),#7791,.T.);
#7808=EDGE_CURVE('',#5527,#5543,#1141,.T.);
#7812=ADVANCED_FACE('',(#7811),#7804,.T.);
#7821=EDGE_CURVE('',#5525,#5541,#1145,.T.);
#7825=ADVANCED_FACE('',(#7824),#7817,.F.);
#7834=EDGE_CURVE('',#5523,#5539,#1149,.T.);
#7838=ADVANCED_FACE('',(#7837),#7830,.T.);
#7847=EDGE_CURVE('',#5522,#5538,#1153,.T.);
#7851=ADVANCED_FACE('',(#7850),#7843,.T.);
#7860=EDGE_CURVE('',#5531,#5547,#1157,.T.);
#7864=ADVANCED_FACE('',(#7863),#7856,.F.);
#7876=ADVANCED_FACE('',(#7875),#7869,.T.);
#7882=EDGE_CURVE('',#5941,#5973,#1161,.T.);
#7884=EDGE_CURVE('',#5927,#5941,#1166,.T.);
#7886=EDGE_CURVE('',#5926,#5927,#1171,.T.);
#7888=EDGE_CURVE('',#5931,#5926,#1175,.T.);
#7890=EDGE_CURVE('',#5930,#5931,#1180,.T.);
#7892=EDGE_CURVE('',#5943,#5930,#1185,.T.);
#7894=EDGE_CURVE('',#5975,#5943,#1189,.T.);
#7899=ADVANCED_FACE('',(#7898),#7881,.T.);
#7905=EDGE_CURVE('',#5953,#5977,#1193,.T.);
#7907=EDGE_CURVE('',#5951,#5953,#1198,.T.);
#7909=EDGE_CURVE('',#5949,#5951,#1203,.T.);
#7911=EDGE_CURVE('',#5947,#5949,#1207,.T.);
#7913=EDGE_CURVE('',#5946,#5947,#1212,.T.);
#7915=EDGE_CURVE('',#5955,#5946,#1217,.T.);
#7917=EDGE_CURVE('',#5979,#5955,#1221,.T.);
#7922=ADVANCED_FACE('',(#7921),#7904,.T.);
#7930=EDGE_CURVE('',#5957,#5981,#1229,.T.);
#7932=EDGE_CURVE('',#5941,#5957,#1225,.T.);
#7936=ADVANCED_FACE('',(#7935),#7927,.T.);
#7944=EDGE_CURVE('',#5983,#5959,#1233,.T.);
#7946=EDGE_CURVE('',#5959,#5938,#1238,.T.);
#7948=EDGE_CURVE('',#5938,#5939,#1243,.T.);
#7950=EDGE_CURVE('',#5939,#5934,#1247,.T.);
#7952=EDGE_CURVE('',#5934,#5935,#1252,.T.);
#7954=EDGE_CURVE('',#5935,#5957,#1257,.T.);
#7958=ADVANCED_FACE('',(#7957),#7941,.F.);
#7964=EDGE_CURVE('',#5969,#5985,#1261,.T.);
#7967=EDGE_CURVE('',#5987,#5971,#1265,.T.);
#7969=EDGE_CURVE('',#5971,#5962,#1270,.T.);
#7971=EDGE_CURVE('',#5962,#5963,#1275,.T.);
#7973=EDGE_CURVE('',#5963,#5965,#1279,.T.);
#7975=EDGE_CURVE('',#5965,#5967,#1284,.T.);
#7977=EDGE_CURVE('',#5967,#5969,#1289,.T.);
#7981=ADVANCED_FACE('',(#7980),#7963,.F.);
#7988=EDGE_CURVE('',#5943,#5959,#1293,.T.);
#7994=ADVANCED_FACE('',(#7993),#7986,.T.);
#8001=EDGE_CURVE('',#5930,#5938,#1297,.T.);
#8007=ADVANCED_FACE('',(#8006),#7999,.T.);
#8014=EDGE_CURVE('',#5931,#5939,#1301,.T.);
#8020=ADVANCED_FACE('',(#8019),#8012,.F.);
#8027=EDGE_CURVE('',#5926,#5934,#1305,.T.);
#8033=ADVANCED_FACE('',(#8032),#8025,.T.);
#8040=EDGE_CURVE('',#5927,#5935,#1309,.T.);
#8046=ADVANCED_FACE('',(#8045),#8038,.T.);
#8058=ADVANCED_FACE('',(#8057),#8051,.F.);
#8067=EDGE_CURVE('',#5953,#5969,#1313,.T.);
#8071=ADVANCED_FACE('',(#8070),#8063,.T.);
#8080=EDGE_CURVE('',#5951,#5967,#1317,.T.);
#8084=ADVANCED_FACE('',(#8083),#8076,.T.);
#8093=EDGE_CURVE('',#5949,#5965,#1321,.T.);
#8097=ADVANCED_FACE('',(#8096),#8089,.F.);
#8106=EDGE_CURVE('',#5947,#5963,#1325,.T.);
#8110=ADVANCED_FACE('',(#8109),#8102,.T.);
#8119=EDGE_CURVE('',#5946,#5962,#1329,.T.);
#8123=ADVANCED_FACE('',(#8122),#8115,.T.);
#8132=EDGE_CURVE('',#5955,#5971,#1333,.T.);
#8136=ADVANCED_FACE('',(#8135),#8128,.F.);
#8148=ADVANCED_FACE('',(#8147),#8141,.T.);
#8154=EDGE_CURVE('',#6053,#6085,#1337,.T.);
#8156=EDGE_CURVE('',#6039,#6053,#1342,.T.);
#8158=EDGE_CURVE('',#6038,#6039,#1347,.T.);
#8160=EDGE_CURVE('',#6043,#6038,#1351,.T.);
#8162=EDGE_CURVE('',#6042,#6043,#1356,.T.);
#8164=EDGE_CURVE('',#6055,#6042,#1361,.T.);
#8166=EDGE_CURVE('',#6087,#6055,#1365,.T.);
#8171=ADVANCED_FACE('',(#8170),#8153,.T.);
#8177=EDGE_CURVE('',#6065,#6089,#1369,.T.);
#8179=EDGE_CURVE('',#6063,#6065,#1374,.T.);
#8181=EDGE_CURVE('',#6061,#6063,#1379,.T.);
#8183=EDGE_CURVE('',#6059,#6061,#1383,.T.);
#8185=EDGE_CURVE('',#6058,#6059,#1388,.T.);
#8187=EDGE_CURVE('',#6067,#6058,#1393,.T.);
#8189=EDGE_CURVE('',#6091,#6067,#1397,.T.);
#8194=ADVANCED_FACE('',(#8193),#8176,.T.);
#8202=EDGE_CURVE('',#6069,#6093,#1405,.T.);
#8204=EDGE_CURVE('',#6053,#6069,#1401,.T.);
#8208=ADVANCED_FACE('',(#8207),#8199,.T.);
#8216=EDGE_CURVE('',#6095,#6071,#1409,.T.);
#8218=EDGE_CURVE('',#6071,#6050,#1414,.T.);
#8220=EDGE_CURVE('',#6050,#6051,#1419,.T.);
#8222=EDGE_CURVE('',#6051,#6046,#1423,.T.);
#8224=EDGE_CURVE('',#6046,#6047,#1428,.T.);
#8226=EDGE_CURVE('',#6047,#6069,#1433,.T.);
#8230=ADVANCED_FACE('',(#8229),#8213,.F.);
#8236=EDGE_CURVE('',#6081,#6097,#1437,.T.);
#8239=EDGE_CURVE('',#6099,#6083,#1441,.T.);
#8241=EDGE_CURVE('',#6083,#6074,#1446,.T.);
#8243=EDGE_CURVE('',#6074,#6075,#1451,.T.);
#8245=EDGE_CURVE('',#6075,#6077,#1455,.T.);
#8247=EDGE_CURVE('',#6077,#6079,#1460,.T.);
#8249=EDGE_CURVE('',#6079,#6081,#1465,.T.);
#8253=ADVANCED_FACE('',(#8252),#8235,.F.);
#8260=EDGE_CURVE('',#6055,#6071,#1469,.T.);
#8266=ADVANCED_FACE('',(#8265),#8258,.T.);
#8273=EDGE_CURVE('',#6042,#6050,#1473,.T.);
#8279=ADVANCED_FACE('',(#8278),#8271,.T.);
#8286=EDGE_CURVE('',#6043,#6051,#1477,.T.);
#8292=ADVANCED_FACE('',(#8291),#8284,.F.);
#8299=EDGE_CURVE('',#6038,#6046,#1481,.T.);
#8305=ADVANCED_FACE('',(#8304),#8297,.T.);
#8312=EDGE_CURVE('',#6039,#6047,#1485,.T.);
#8318=ADVANCED_FACE('',(#8317),#8310,.T.);
#8330=ADVANCED_FACE('',(#8329),#8323,.F.);
#8339=EDGE_CURVE('',#6065,#6081,#1489,.T.);
#8343=ADVANCED_FACE('',(#8342),#8335,.T.);
#8352=EDGE_CURVE('',#6063,#6079,#1493,.T.);
#8356=ADVANCED_FACE('',(#8355),#8348,.T.);
#8365=EDGE_CURVE('',#6061,#6077,#1497,.T.);
#8369=ADVANCED_FACE('',(#8368),#8361,.F.);
#8378=EDGE_CURVE('',#6059,#6075,#1501,.T.);
#8382=ADVANCED_FACE('',(#8381),#8374,.T.);
#8391=EDGE_CURVE('',#6058,#6074,#1505,.T.);
#8395=ADVANCED_FACE('',(#8394),#8387,.T.);
#8404=EDGE_CURVE('',#6067,#6083,#1509,.T.);
#8408=ADVANCED_FACE('',(#8407),#8400,.F.);
#8420=ADVANCED_FACE('',(#8419),#8413,.T.);
#8426=EDGE_CURVE('',#6165,#6197,#1513,.T.);
#8428=EDGE_CURVE('',#6151,#6165,#1518,.T.);
#8430=EDGE_CURVE('',#6150,#6151,#1523,.T.);
#8432=EDGE_CURVE('',#6155,#6150,#1527,.T.);
#8434=EDGE_CURVE('',#6154,#6155,#1532,.T.);
#8436=EDGE_CURVE('',#6167,#6154,#1537,.T.);
#8438=EDGE_CURVE('',#6199,#6167,#1541,.T.);
#8443=ADVANCED_FACE('',(#8442),#8425,.T.);
#8449=EDGE_CURVE('',#6177,#6201,#1545,.T.);
#8451=EDGE_CURVE('',#6175,#6177,#1550,.T.);
#8453=EDGE_CURVE('',#6173,#6175,#1555,.T.);
#8455=EDGE_CURVE('',#6171,#6173,#1559,.T.);
#8457=EDGE_CURVE('',#6170,#6171,#1564,.T.);
#8459=EDGE_CURVE('',#6179,#6170,#1569,.T.);
#8461=EDGE_CURVE('',#6203,#6179,#1573,.T.);
#8466=ADVANCED_FACE('',(#8465),#8448,.T.);
#8474=EDGE_CURVE('',#6181,#6205,#1581,.T.);
#8476=EDGE_CURVE('',#6165,#6181,#1577,.T.);
#8480=ADVANCED_FACE('',(#8479),#8471,.T.);
#8488=EDGE_CURVE('',#6207,#6183,#1585,.T.);
#8490=EDGE_CURVE('',#6183,#6162,#1590,.T.);
#8492=EDGE_CURVE('',#6162,#6163,#1595,.T.);
#8494=EDGE_CURVE('',#6163,#6158,#1599,.T.);
#8496=EDGE_CURVE('',#6158,#6159,#1604,.T.);
#8498=EDGE_CURVE('',#6159,#6181,#1609,.T.);
#8502=ADVANCED_FACE('',(#8501),#8485,.F.);
#8508=EDGE_CURVE('',#6193,#6209,#1613,.T.);
#8511=EDGE_CURVE('',#6211,#6195,#1617,.T.);
#8513=EDGE_CURVE('',#6195,#6186,#1622,.T.);
#8515=EDGE_CURVE('',#6186,#6187,#1627,.T.);
#8517=EDGE_CURVE('',#6187,#6189,#1631,.T.);
#8519=EDGE_CURVE('',#6189,#6191,#1636,.T.);
#8521=EDGE_CURVE('',#6191,#6193,#1641,.T.);
#8525=ADVANCED_FACE('',(#8524),#8507,.F.);
#8532=EDGE_CURVE('',#6167,#6183,#1645,.T.);
#8538=ADVANCED_FACE('',(#8537),#8530,.T.);
#8545=EDGE_CURVE('',#6154,#6162,#1649,.T.);
#8551=ADVANCED_FACE('',(#8550),#8543,.T.);
#8558=EDGE_CURVE('',#6155,#6163,#1653,.T.);
#8564=ADVANCED_FACE('',(#8563),#8556,.F.);
#8571=EDGE_CURVE('',#6150,#6158,#1657,.T.);
#8577=ADVANCED_FACE('',(#8576),#8569,.T.);
#8584=EDGE_CURVE('',#6151,#6159,#1661,.T.);
#8590=ADVANCED_FACE('',(#8589),#8582,.T.);
#8602=ADVANCED_FACE('',(#8601),#8595,.F.);
#8611=EDGE_CURVE('',#6177,#6193,#1665,.T.);
#8615=ADVANCED_FACE('',(#8614),#8607,.T.);
#8624=EDGE_CURVE('',#6175,#6191,#1669,.T.);
#8628=ADVANCED_FACE('',(#8627),#8620,.T.);
#8637=EDGE_CURVE('',#6173,#6189,#1673,.T.);
#8641=ADVANCED_FACE('',(#8640),#8633,.F.);
#8650=EDGE_CURVE('',#6171,#6187,#1677,.T.);
#8654=ADVANCED_FACE('',(#8653),#8646,.T.);
#8663=EDGE_CURVE('',#6170,#6186,#1681,.T.);
#8667=ADVANCED_FACE('',(#8666),#8659,.T.);
#8676=EDGE_CURVE('',#6179,#6195,#1685,.T.);
#8680=ADVANCED_FACE('',(#8679),#8672,.F.);
#8692=ADVANCED_FACE('',(#8691),#8685,.T.);
#8698=EDGE_CURVE('',#6277,#6309,#1689,.T.);
#8700=EDGE_CURVE('',#6263,#6277,#1694,.T.);
#8702=EDGE_CURVE('',#6262,#6263,#1699,.T.);
#8704=EDGE_CURVE('',#6267,#6262,#1703,.T.);
#8706=EDGE_CURVE('',#6266,#6267,#1708,.T.);
#8708=EDGE_CURVE('',#6279,#6266,#1713,.T.);
#8710=EDGE_CURVE('',#6311,#6279,#1717,.T.);
#8715=ADVANCED_FACE('',(#8714),#8697,.T.);
#8721=EDGE_CURVE('',#6289,#6313,#1721,.T.);
#8723=EDGE_CURVE('',#6287,#6289,#1726,.T.);
#8725=EDGE_CURVE('',#6285,#6287,#1731,.T.);
#8727=EDGE_CURVE('',#6283,#6285,#1735,.T.);
#8729=EDGE_CURVE('',#6282,#6283,#1740,.T.);
#8731=EDGE_CURVE('',#6291,#6282,#1745,.T.);
#8733=EDGE_CURVE('',#6315,#6291,#1749,.T.);
#8738=ADVANCED_FACE('',(#8737),#8720,.T.);
#8746=EDGE_CURVE('',#6293,#6317,#1757,.T.);
#8748=EDGE_CURVE('',#6277,#6293,#1753,.T.);
#8752=ADVANCED_FACE('',(#8751),#8743,.T.);
#8760=EDGE_CURVE('',#6319,#6295,#1761,.T.);
#8762=EDGE_CURVE('',#6295,#6274,#1766,.T.);
#8764=EDGE_CURVE('',#6274,#6275,#1771,.T.);
#8766=EDGE_CURVE('',#6275,#6270,#1775,.T.);
#8768=EDGE_CURVE('',#6270,#6271,#1780,.T.);
#8770=EDGE_CURVE('',#6271,#6293,#1785,.T.);
#8774=ADVANCED_FACE('',(#8773),#8757,.F.);
#8780=EDGE_CURVE('',#6305,#6321,#1789,.T.);
#8783=EDGE_CURVE('',#6323,#6307,#1793,.T.);
#8785=EDGE_CURVE('',#6307,#6298,#1798,.T.);
#8787=EDGE_CURVE('',#6298,#6299,#1803,.T.);
#8789=EDGE_CURVE('',#6299,#6301,#1807,.T.);
#8791=EDGE_CURVE('',#6301,#6303,#1812,.T.);
#8793=EDGE_CURVE('',#6303,#6305,#1817,.T.);
#8797=ADVANCED_FACE('',(#8796),#8779,.F.);
#8804=EDGE_CURVE('',#6279,#6295,#1821,.T.);
#8810=ADVANCED_FACE('',(#8809),#8802,.T.);
#8817=EDGE_CURVE('',#6266,#6274,#1825,.T.);
#8823=ADVANCED_FACE('',(#8822),#8815,.T.);
#8830=EDGE_CURVE('',#6267,#6275,#1829,.T.);
#8836=ADVANCED_FACE('',(#8835),#8828,.F.);
#8843=EDGE_CURVE('',#6262,#6270,#1833,.T.);
#8849=ADVANCED_FACE('',(#8848),#8841,.T.);
#8856=EDGE_CURVE('',#6263,#6271,#1837,.T.);
#8862=ADVANCED_FACE('',(#8861),#8854,.T.);
#8874=ADVANCED_FACE('',(#8873),#8867,.F.);
#8883=EDGE_CURVE('',#6289,#6305,#1841,.T.);
#8887=ADVANCED_FACE('',(#8886),#8879,.T.);
#8896=EDGE_CURVE('',#6287,#6303,#1845,.T.);
#8900=ADVANCED_FACE('',(#8899),#8892,.T.);
#8909=EDGE_CURVE('',#6285,#6301,#1849,.T.);
#8913=ADVANCED_FACE('',(#8912),#8905,.F.);
#8922=EDGE_CURVE('',#6283,#6299,#1853,.T.);
#8926=ADVANCED_FACE('',(#8925),#8918,.T.);
#8935=EDGE_CURVE('',#6282,#6298,#1857,.T.);
#8939=ADVANCED_FACE('',(#8938),#8931,.T.);
#8948=EDGE_CURVE('',#6291,#6307,#1861,.T.);
#8952=ADVANCED_FACE('',(#8951),#8944,.F.);
#8964=ADVANCED_FACE('',(#8963),#8957,.T.);
#8970=EDGE_CURVE('',#5145,#5148,#1890,.T.);
#8972=EDGE_CURVE('',#5145,#5112,#1870,.T.);
#8975=EDGE_CURVE('',#5148,#5113,#2097,.T.);
#8979=ADVANCED_FACE('',(#8978),#8969,.T.);
#8985=EDGE_CURVE('',#5202,#5203,#1874,.T.);
#8987=EDGE_CURVE('',#5203,#5186,#1878,.T.);
#8989=EDGE_CURVE('',#5186,#5197,#1882,.T.);
#8991=EDGE_CURVE('',#5197,#5032,#2004,.T.);
#8993=EDGE_CURVE('',#5032,#5125,#1886,.T.);
#8995=EDGE_CURVE('',#5145,#5125,#2074,.T.);
#8998=EDGE_CURVE('',#5118,#5148,#1895,.T.);
#9000=EDGE_CURVE('',#5037,#5118,#2105,.T.);
#9002=EDGE_CURVE('',#5037,#5199,#2012,.T.);
#9004=EDGE_CURVE('',#5199,#5190,#1899,.T.);
#9006=EDGE_CURVE('',#5190,#5202,#1903,.T.);
#9010=ADVANCED_FACE('',(#9009),#8984,.F.);
#9016=EDGE_CURVE('',#5222,#5223,#1907,.T.);
#9018=EDGE_CURVE('',#5203,#5223,#1976,.T.);
#9021=EDGE_CURVE('',#5202,#5222,#1911,.T.);
#9025=ADVANCED_FACE('',(#9024),#9015,.T.);
#9031=EDGE_CURVE('',#5217,#5211,#1915,.T.);
#9033=EDGE_CURVE('',#5210,#5211,#1919,.T.);
#9035=EDGE_CURVE('',#5210,#5219,#1923,.T.);
#9037=EDGE_CURVE('',#5223,#5219,#1968,.T.);
#9040=EDGE_CURVE('',#5222,#5217,#2109,.T.);
#9044=ADVANCED_FACE('',(#9043),#9030,.F.);
#9050=EDGE_CURVE('',#5213,#5206,#1939,.T.);
#9052=EDGE_CURVE('',#5211,#5206,#1984,.T.);
#9055=EDGE_CURVE('',#5213,#5217,#2117,.T.);
#9059=ADVANCED_FACE('',(#9058),#9049,.F.);
#9065=EDGE_CURVE('',#5215,#5187,#1927,.T.);
#9067=EDGE_CURVE('',#5207,#5215,#1931,.T.);
#9069=EDGE_CURVE('',#5206,#5207,#1935,.T.);
#9072=EDGE_CURVE('',#5191,#5213,#1943,.T.);
#9074=EDGE_CURVE('',#5191,#5195,#1947,.T.);
#9076=EDGE_CURVE('',#5195,#5036,#2020,.T.);
#9078=EDGE_CURVE('',#5036,#5119,#1951,.T.);
#9080=EDGE_CURVE('',#5146,#5119,#2088,.T.);
#9082=EDGE_CURVE('',#5146,#5143,#1955,.T.);
#9084=EDGE_CURVE('',#5124,#5143,#1960,.T.);
#9086=EDGE_CURVE('',#5033,#5124,#2060,.T.);
#9088=EDGE_CURVE('',#5033,#5193,#1996,.T.);
#9090=EDGE_CURVE('',#5187,#5193,#1964,.T.);
#9094=ADVANCED_FACE('',(#9093),#9064,.F.);
#9101=EDGE_CURVE('',#5215,#5219,#1972,.T.);
#9104=EDGE_CURVE('',#5186,#5187,#1988,.T.);
#9110=ADVANCED_FACE('',(#9109),#9099,.T.);
#9119=EDGE_CURVE('',#5210,#5207,#1980,.T.);
#9123=ADVANCED_FACE('',(#9122),#9115,.F.);
#9135=ADVANCED_FACE('',(#9134),#9128,.F.);
#9143=EDGE_CURVE('',#5197,#5193,#1992,.T.);
#9148=ADVANCED_FACE('',(#9147),#9140,.T.);
#9156=EDGE_CURVE('',#5032,#5033,#2000,.T.);
#9161=ADVANCED_FACE('',(#9160),#9153,.F.);
#9167=EDGE_CURVE('',#5199,#5195,#2008,.T.);
#9170=EDGE_CURVE('',#5036,#5037,#2016,.T.);
#9175=ADVANCED_FACE('',(#9174),#9166,.F.);
#9181=EDGE_CURVE('',#5250,#5251,#2024,.T.);
#9183=EDGE_CURVE('',#5250,#5044,#2028,.T.);
#9185=EDGE_CURVE('',#5044,#5045,#2032,.T.);
#9187=EDGE_CURVE('',#5045,#5251,#2036,.T.);
#9191=ADVANCED_FACE('',(#9190),#9180,.F.);
#9197=EDGE_CURVE('',#5254,#5255,#2040,.T.);
#9199=EDGE_CURVE('',#5255,#5040,#2044,.T.);
#9201=EDGE_CURVE('',#5040,#5041,#2048,.T.);
#9203=EDGE_CURVE('',#5041,#5254,#2052,.T.);
#9207=ADVANCED_FACE('',(#9206),#9196,.F.);
#9213=EDGE_CURVE('',#5124,#5125,#2056,.T.);
#9220=ADVANCED_FACE('',(#9219),#9212,.F.);
#9228=EDGE_CURVE('',#5143,#5121,#2069,.T.);
#9235=ADVANCED_FACE('',(#9234),#9225,.T.);
#9242=EDGE_CURVE('',#5146,#5115,#2083,.T.);
#9248=ADVANCED_FACE('',(#9247),#9240,.T.);
#9257=EDGE_CURVE('',#5118,#5119,#2101,.T.);
#9263=ADVANCED_FACE('',(#9262),#9253,.T.);
#9275=ADVANCED_FACE('',(#9274),#9268,.F.);
#9281=EDGE_CURVE('',#5190,#5191,#2113,.T.);
#9288=ADVANCED_FACE('',(#9287),#9280,.T.);
#9302=ADVANCED_FACE('',(#9301),#9293,.T.);
#9308=EDGE_CURVE('',#5242,#5243,#2121,.T.);
#9310=EDGE_CURVE('',#5242,#5250,#2227,.T.);
#9313=EDGE_CURVE('',#5243,#5251,#2169,.T.);
#9317=ADVANCED_FACE('',(#9316),#9307,.F.);
#9323=EDGE_CURVE('',#5263,#5239,#2125,.T.);
#9325=EDGE_CURVE('',#5259,#5263,#2129,.T.);
#9327=EDGE_CURVE('',#5259,#5242,#2231,.T.);
#9330=EDGE_CURVE('',#5235,#5243,#2165,.T.);
#9332=EDGE_CURVE('',#5235,#5239,#2133,.T.);
#9336=ADVANCED_FACE('',(#9335),#9322,.F.);
#9342=EDGE_CURVE('',#5237,#5230,#2137,.T.);
#9344=EDGE_CURVE('',#5262,#5237,#2190,.T.);
#9346=EDGE_CURVE('',#5262,#5263,#2235,.T.);
#9349=EDGE_CURVE('',#5231,#5239,#2141,.T.);
#9351=EDGE_CURVE('',#5230,#5231,#2145,.T.);
#9355=ADVANCED_FACE('',(#9354),#9341,.T.);
#9361=EDGE_CURVE('',#5233,#5226,#2153,.T.);
#9363=EDGE_CURVE('',#5233,#5237,#2194,.T.);
#9366=EDGE_CURVE('',#5226,#5230,#2305,.T.);
#9370=ADVANCED_FACE('',(#9369),#9360,.T.);
#9376=EDGE_CURVE('',#5247,#5233,#2149,.T.);
#9379=EDGE_CURVE('',#5226,#5227,#2157,.T.);
#9381=EDGE_CURVE('',#5227,#5235,#2161,.T.);
#9386=EDGE_CURVE('',#5141,#5045,#2173,.T.);
#9388=EDGE_CURVE('',#5152,#5141,#2284,.T.);
#9390=EDGE_CURVE('',#5152,#5154,#2177,.T.);
#9392=EDGE_CURVE('',#5132,#5154,#2182,.T.);
#9394=EDGE_CURVE('',#5132,#5040,#2247,.T.);
#9397=EDGE_CURVE('',#5255,#5247,#2186,.T.);
#9401=ADVANCED_FACE('',(#9400),#9375,.F.);
#9410=EDGE_CURVE('',#5246,#5247,#2198,.T.);
#9412=EDGE_CURVE('',#5246,#5258,#2206,.T.);
#9414=EDGE_CURVE('',#5258,#5262,#2239,.T.);
#9418=ADVANCED_FACE('',(#9417),#9406,.F.);
#9427=EDGE_CURVE('',#5254,#5246,#2210,.T.);
#9431=ADVANCED_FACE('',(#9430),#9423,.F.);
#9437=EDGE_CURVE('',#5258,#5259,#2202,.T.);
#9442=EDGE_CURVE('',#5133,#5041,#2214,.T.);
#9444=EDGE_CURVE('',#5155,#5133,#2261,.T.);
#9446=EDGE_CURVE('',#5155,#5150,#2218,.T.);
#9448=EDGE_CURVE('',#5140,#5150,#2223,.T.);
#9450=EDGE_CURVE('',#5140,#5044,#2292,.T.);
#9457=ADVANCED_FACE('',(#9456),#9436,.F.);
#9469=ADVANCED_FACE('',(#9468),#9462,.F.);
#9475=EDGE_CURVE('',#5132,#5133,#2243,.T.);
#9482=ADVANCED_FACE('',(#9481),#9474,.F.);
#9490=EDGE_CURVE('',#5154,#5129,#2256,.T.);
#9493=EDGE_CURVE('',#5155,#5135,#2301,.T.);
#9498=ADVANCED_FACE('',(#9497),#9487,.T.);
#9507=EDGE_CURVE('',#5152,#5128,#2270,.T.);
#9511=ADVANCED_FACE('',(#9510),#9503,.T.);
#9517=EDGE_CURVE('',#5140,#5141,#2288,.T.);
#9520=EDGE_CURVE('',#5150,#5137,#2279,.T.);
#9527=ADVANCED_FACE('',(#9526),#9516,.T.);
#9539=ADVANCED_FACE('',(#9538),#9532,.F.);
#9551=ADVANCED_FACE('',(#9550),#9544,.T.);
#9560=EDGE_CURVE('',#5227,#5231,#2309,.T.);
#9564=ADVANCED_FACE('',(#9563),#9556,.T.);
#9576=ADVANCED_FACE('',(#9575),#9569,.T.);
#9582=EDGE_CURVE('',#5331,#5334,#2338,.T.);
#9584=EDGE_CURVE('',#5331,#5298,#2318,.T.);
#9587=EDGE_CURVE('',#5334,#5299,#2545,.T.);
#9591=ADVANCED_FACE('',(#9590),#9581,.T.);
#9597=EDGE_CURVE('',#5622,#5623,#2322,.T.);
#9599=EDGE_CURVE('',#5623,#5454,#2326,.T.);
#9601=EDGE_CURVE('',#5454,#5614,#2330,.T.);
#9603=EDGE_CURVE('',#5614,#5266,#2452,.T.);
#9605=EDGE_CURVE('',#5266,#5311,#2334,.T.);
#9607=EDGE_CURVE('',#5331,#5311,#2522,.T.);
#9610=EDGE_CURVE('',#5304,#5334,#2343,.T.);
#9612=EDGE_CURVE('',#5271,#5304,#2553,.T.);
#9614=EDGE_CURVE('',#5271,#5618,#2460,.T.);
#9616=EDGE_CURVE('',#5618,#5458,#2347,.T.);
#9618=EDGE_CURVE('',#5458,#5622,#2351,.T.);
#9622=ADVANCED_FACE('',(#9621),#9596,.F.);
#9628=EDGE_CURVE('',#5626,#5627,#2355,.T.);
#9630=EDGE_CURVE('',#5623,#5627,#2424,.T.);
#9633=EDGE_CURVE('',#5622,#5626,#2359,.T.);
#9637=ADVANCED_FACE('',(#9636),#9627,.T.);
#9643=EDGE_CURVE('',#5473,#5467,#2363,.T.);
#9645=EDGE_CURVE('',#5466,#5467,#2367,.T.);
#9647=EDGE_CURVE('',#5466,#5475,#2371,.T.);
#9649=EDGE_CURVE('',#5627,#5475,#2416,.T.);
#9652=EDGE_CURVE('',#5626,#5473,#2557,.T.);
#9656=ADVANCED_FACE('',(#9655),#9642,.F.);
#9662=EDGE_CURVE('',#5469,#5462,#2387,.T.);
#9664=EDGE_CURVE('',#5467,#5462,#2432,.T.);
#9667=EDGE_CURVE('',#5469,#5473,#2565,.T.);
#9671=ADVANCED_FACE('',(#9670),#9661,.F.);
#9677=EDGE_CURVE('',#5471,#5455,#2375,.T.);
#9679=EDGE_CURVE('',#5463,#5471,#2379,.T.);
#9681=EDGE_CURVE('',#5462,#5463,#2383,.T.);
#9684=EDGE_CURVE('',#5459,#5469,#2391,.T.);
#9686=EDGE_CURVE('',#5619,#5459,#2395,.T.);
#9688=EDGE_CURVE('',#5619,#5270,#2468,.T.);
#9690=EDGE_CURVE('',#5270,#5305,#2399,.T.);
#9692=EDGE_CURVE('',#5332,#5305,#2536,.T.);
#9694=EDGE_CURVE('',#5332,#5329,#2403,.T.);
#9696=EDGE_CURVE('',#5310,#5329,#2408,.T.);
#9698=EDGE_CURVE('',#5267,#5310,#2508,.T.);
#9700=EDGE_CURVE('',#5267,#5615,#2444,.T.);
#9702=EDGE_CURVE('',#5455,#5615,#2412,.T.);
#9706=ADVANCED_FACE('',(#9705),#9676,.F.);
#9713=EDGE_CURVE('',#5471,#5475,#2420,.T.);
#9716=EDGE_CURVE('',#5454,#5455,#2436,.T.);
#9722=ADVANCED_FACE('',(#9721),#9711,.T.);
#9731=EDGE_CURVE('',#5466,#5463,#2428,.T.);
#9735=ADVANCED_FACE('',(#9734),#9727,.F.);
#9747=ADVANCED_FACE('',(#9746),#9740,.F.);
#9755=EDGE_CURVE('',#5614,#5615,#2440,.T.);
#9760=ADVANCED_FACE('',(#9759),#9752,.T.);
#9768=EDGE_CURVE('',#5266,#5267,#2448,.T.);
#9773=ADVANCED_FACE('',(#9772),#9765,.F.);
#9779=EDGE_CURVE('',#5618,#5619,#2456,.T.);
#9782=EDGE_CURVE('',#5270,#5271,#2464,.T.);
#9787=ADVANCED_FACE('',(#9786),#9778,.F.);
#9793=EDGE_CURVE('',#5630,#5631,#2472,.T.);
#9795=EDGE_CURVE('',#5630,#5278,#2476,.T.);
#9797=EDGE_CURVE('',#5278,#5279,#2480,.T.);
#9799=EDGE_CURVE('',#5279,#5631,#2484,.T.);
#9803=ADVANCED_FACE('',(#9802),#9792,.F.);
#9809=EDGE_CURVE('',#5634,#5635,#2488,.T.);
#9811=EDGE_CURVE('',#5635,#5274,#2492,.T.);
#9813=EDGE_CURVE('',#5274,#5275,#2496,.T.);
#9815=EDGE_CURVE('',#5275,#5634,#2500,.T.);
#9819=ADVANCED_FACE('',(#9818),#9808,.F.);
#9825=EDGE_CURVE('',#5310,#5311,#2504,.T.);
#9832=ADVANCED_FACE('',(#9831),#9824,.F.);
#9840=EDGE_CURVE('',#5329,#5307,#2517,.T.);
#9847=ADVANCED_FACE('',(#9846),#9837,.T.);
#9854=EDGE_CURVE('',#5332,#5301,#2531,.T.);
#9860=ADVANCED_FACE('',(#9859),#9852,.T.);
#9869=EDGE_CURVE('',#5304,#5305,#2549,.T.);
#9875=ADVANCED_FACE('',(#9874),#9865,.T.);
#9887=ADVANCED_FACE('',(#9886),#9880,.F.);
#9893=EDGE_CURVE('',#5458,#5459,#2561,.T.);
#9900=ADVANCED_FACE('',(#9899),#9892,.T.);
#9914=ADVANCED_FACE('',(#9913),#9905,.T.);
#9920=EDGE_CURVE('',#5478,#5479,#2569,.T.);
#9922=EDGE_CURVE('',#5478,#5630,#2675,.T.);
#9925=EDGE_CURVE('',#5479,#5631,#2617,.T.);
#9929=ADVANCED_FACE('',(#9928),#9919,.F.);
#9935=EDGE_CURVE('',#5643,#5499,#2573,.T.);
#9937=EDGE_CURVE('',#5639,#5643,#2577,.T.);
#9939=EDGE_CURVE('',#5639,#5478,#2679,.T.);
#9942=EDGE_CURVE('',#5495,#5479,#2613,.T.);
#9944=EDGE_CURVE('',#5495,#5499,#2581,.T.);
#9948=ADVANCED_FACE('',(#9947),#9934,.F.);
#9954=EDGE_CURVE('',#5497,#5490,#2585,.T.);
#9956=EDGE_CURVE('',#5642,#5497,#2638,.T.);
#9958=EDGE_CURVE('',#5642,#5643,#2683,.T.);
#9961=EDGE_CURVE('',#5491,#5499,#2589,.T.);
#9963=EDGE_CURVE('',#5490,#5491,#2593,.T.);
#9967=ADVANCED_FACE('',(#9966),#9953,.T.);
#9973=EDGE_CURVE('',#5493,#5486,#2601,.T.);
#9975=EDGE_CURVE('',#5493,#5497,#2642,.T.);
#9978=EDGE_CURVE('',#5486,#5490,#2753,.T.);
#9982=ADVANCED_FACE('',(#9981),#9972,.T.);
#9988=EDGE_CURVE('',#5483,#5493,#2597,.T.);
#9991=EDGE_CURVE('',#5486,#5487,#2605,.T.);
#9993=EDGE_CURVE('',#5487,#5495,#2609,.T.);
#9998=EDGE_CURVE('',#5327,#5279,#2621,.T.);
#10000=EDGE_CURVE('',#5338,#5327,#2732,.T.);
#10002=EDGE_CURVE('',#5338,#5340,#2625,.T.);
#10004=EDGE_CURVE('',#5318,#5340,#2630,.T.);
#10006=EDGE_CURVE('',#5318,#5274,#2695,.T.);
#10009=EDGE_CURVE('',#5635,#5483,#2634,.T.);
#10013=ADVANCED_FACE('',(#10012),#9987,.F.);
#10022=EDGE_CURVE('',#5482,#5483,#2646,.T.);
#10024=EDGE_CURVE('',#5482,#5638,#2654,.T.);
#10026=EDGE_CURVE('',#5638,#5642,#2687,.T.);
#10030=ADVANCED_FACE('',(#10029),#10018,.F.);
#10039=EDGE_CURVE('',#5634,#5482,#2658,.T.);
#10043=ADVANCED_FACE('',(#10042),#10035,.F.);
#10049=EDGE_CURVE('',#5638,#5639,#2650,.T.);
#10054=EDGE_CURVE('',#5319,#5275,#2662,.T.);
#10056=EDGE_CURVE('',#5341,#5319,#2709,.T.);
#10058=EDGE_CURVE('',#5341,#5336,#2666,.T.);
#10060=EDGE_CURVE('',#5326,#5336,#2671,.T.);
#10062=EDGE_CURVE('',#5326,#5278,#2740,.T.);
#10069=ADVANCED_FACE('',(#10068),#10048,.F.);
#10081=ADVANCED_FACE('',(#10080),#10074,.F.);
#10087=EDGE_CURVE('',#5318,#5319,#2691,.T.);
#10094=ADVANCED_FACE('',(#10093),#10086,.F.);
#10102=EDGE_CURVE('',#5340,#5315,#2704,.T.);
#10105=EDGE_CURVE('',#5341,#5321,#2749,.T.);
#10110=ADVANCED_FACE('',(#10109),#10099,.T.);
#10119=EDGE_CURVE('',#5338,#5314,#2718,.T.);
#10123=ADVANCED_FACE('',(#10122),#10115,.T.);
#10129=EDGE_CURVE('',#5326,#5327,#2736,.T.);
#10132=EDGE_CURVE('',#5336,#5323,#2727,.T.);
#10139=ADVANCED_FACE('',(#10138),#10128,.T.);
#10151=ADVANCED_FACE('',(#10150),#10144,.F.);
#10163=ADVANCED_FACE('',(#10162),#10156,.T.);
#10172=EDGE_CURVE('',#5487,#5491,#2757,.T.);
#10176=ADVANCED_FACE('',(#10175),#10168,.T.);
#10188=ADVANCED_FACE('',(#10187),#10181,.T.);
#10194=EDGE_CURVE('',#5377,#5380,#2786,.T.);
#10196=EDGE_CURVE('',#5377,#5344,#2766,.T.);
#10199=EDGE_CURVE('',#5380,#5345,#2993,.T.);
#10203=ADVANCED_FACE('',(#10202),#10193,.T.);
#10209=EDGE_CURVE('',#5654,#5655,#2770,.T.);
#10211=EDGE_CURVE('',#5655,#5566,#2774,.T.);
#10213=EDGE_CURVE('',#5566,#5646,#2778,.T.);
#10215=EDGE_CURVE('',#5646,#5282,#2900,.T.);
#10217=EDGE_CURVE('',#5282,#5357,#2782,.T.);
#10219=EDGE_CURVE('',#5377,#5357,#2970,.T.);
#10222=EDGE_CURVE('',#5350,#5380,#2791,.T.);
#10224=EDGE_CURVE('',#5287,#5350,#3001,.T.);
#10226=EDGE_CURVE('',#5287,#5650,#2908,.T.);
#10228=EDGE_CURVE('',#5650,#5570,#2795,.T.);
#10230=EDGE_CURVE('',#5570,#5654,#2799,.T.);
#10234=ADVANCED_FACE('',(#10233),#10208,.F.);
#10240=EDGE_CURVE('',#5658,#5659,#2803,.T.);
#10242=EDGE_CURVE('',#5655,#5659,#2872,.T.);
#10245=EDGE_CURVE('',#5654,#5658,#2807,.T.);
#10249=ADVANCED_FACE('',(#10248),#10239,.T.);
#10255=EDGE_CURVE('',#5585,#5579,#2811,.T.);
#10257=EDGE_CURVE('',#5578,#5579,#2815,.T.);
#10259=EDGE_CURVE('',#5578,#5587,#2819,.T.);
#10261=EDGE_CURVE('',#5659,#5587,#2864,.T.);
#10264=EDGE_CURVE('',#5658,#5585,#3005,.T.);
#10268=ADVANCED_FACE('',(#10267),#10254,.F.);
#10274=EDGE_CURVE('',#5581,#5574,#2835,.T.);
#10276=EDGE_CURVE('',#5579,#5574,#2880,.T.);
#10279=EDGE_CURVE('',#5581,#5585,#3013,.T.);
#10283=ADVANCED_FACE('',(#10282),#10273,.F.);
#10289=EDGE_CURVE('',#5583,#5567,#2823,.T.);
#10291=EDGE_CURVE('',#5575,#5583,#2827,.T.);
#10293=EDGE_CURVE('',#5574,#5575,#2831,.T.);
#10296=EDGE_CURVE('',#5571,#5581,#2839,.T.);
#10298=EDGE_CURVE('',#5651,#5571,#2843,.T.);
#10300=EDGE_CURVE('',#5651,#5286,#2916,.T.);
#10302=EDGE_CURVE('',#5286,#5351,#2847,.T.);
#10304=EDGE_CURVE('',#5378,#5351,#2984,.T.);
#10306=EDGE_CURVE('',#5378,#5375,#2851,.T.);
#10308=EDGE_CURVE('',#5356,#5375,#2856,.T.);
#10310=EDGE_CURVE('',#5283,#5356,#2956,.T.);
#10312=EDGE_CURVE('',#5283,#5647,#2892,.T.);
#10314=EDGE_CURVE('',#5567,#5647,#2860,.T.);
#10318=ADVANCED_FACE('',(#10317),#10288,.F.);
#10325=EDGE_CURVE('',#5583,#5587,#2868,.T.);
#10328=EDGE_CURVE('',#5566,#5567,#2884,.T.);
#10334=ADVANCED_FACE('',(#10333),#10323,.T.);
#10343=EDGE_CURVE('',#5578,#5575,#2876,.T.);
#10347=ADVANCED_FACE('',(#10346),#10339,.F.);
#10359=ADVANCED_FACE('',(#10358),#10352,.F.);
#10367=EDGE_CURVE('',#5646,#5647,#2888,.T.);
#10372=ADVANCED_FACE('',(#10371),#10364,.T.);
#10380=EDGE_CURVE('',#5282,#5283,#2896,.T.);
#10385=ADVANCED_FACE('',(#10384),#10377,.F.);
#10391=EDGE_CURVE('',#5650,#5651,#2904,.T.);
#10394=EDGE_CURVE('',#5286,#5287,#2912,.T.);
#10399=ADVANCED_FACE('',(#10398),#10390,.F.);
#10405=EDGE_CURVE('',#5662,#5663,#2920,.T.);
#10407=EDGE_CURVE('',#5662,#5294,#2924,.T.);
#10409=EDGE_CURVE('',#5294,#5295,#2928,.T.);
#10411=EDGE_CURVE('',#5295,#5663,#2932,.T.);
#10415=ADVANCED_FACE('',(#10414),#10404,.F.);
#10421=EDGE_CURVE('',#5666,#5667,#2936,.T.);
#10423=EDGE_CURVE('',#5667,#5290,#2940,.T.);
#10425=EDGE_CURVE('',#5290,#5291,#2944,.T.);
#10427=EDGE_CURVE('',#5291,#5666,#2948,.T.);
#10431=ADVANCED_FACE('',(#10430),#10420,.F.);
#10437=EDGE_CURVE('',#5356,#5357,#2952,.T.);
#10444=ADVANCED_FACE('',(#10443),#10436,.F.);
#10452=EDGE_CURVE('',#5375,#5353,#2965,.T.);
#10459=ADVANCED_FACE('',(#10458),#10449,.T.);
#10466=EDGE_CURVE('',#5378,#5347,#2979,.T.);
#10472=ADVANCED_FACE('',(#10471),#10464,.T.);
#10481=EDGE_CURVE('',#5350,#5351,#2997,.T.);
#10487=ADVANCED_FACE('',(#10486),#10477,.T.);
#10499=ADVANCED_FACE('',(#10498),#10492,.F.);
#10505=EDGE_CURVE('',#5570,#5571,#3009,.T.);
#10512=ADVANCED_FACE('',(#10511),#10504,.T.);
#10526=ADVANCED_FACE('',(#10525),#10517,.T.);
#10532=EDGE_CURVE('',#5590,#5591,#3017,.T.);
#10534=EDGE_CURVE('',#5590,#5662,#3123,.T.);
#10537=EDGE_CURVE('',#5591,#5663,#3065,.T.);
#10541=ADVANCED_FACE('',(#10540),#10531,.F.);
#10547=EDGE_CURVE('',#5675,#5611,#3021,.T.);
#10549=EDGE_CURVE('',#5671,#5675,#3025,.T.);
#10551=EDGE_CURVE('',#5671,#5590,#3127,.T.);
#10554=EDGE_CURVE('',#5607,#5591,#3061,.T.);
#10556=EDGE_CURVE('',#5607,#5611,#3029,.T.);
#10560=ADVANCED_FACE('',(#10559),#10546,.F.);
#10566=EDGE_CURVE('',#5609,#5602,#3033,.T.);
#10568=EDGE_CURVE('',#5674,#5609,#3086,.T.);
#10570=EDGE_CURVE('',#5674,#5675,#3131,.T.);
#10573=EDGE_CURVE('',#5603,#5611,#3037,.T.);
#10575=EDGE_CURVE('',#5602,#5603,#3041,.T.);
#10579=ADVANCED_FACE('',(#10578),#10565,.T.);
#10585=EDGE_CURVE('',#5605,#5598,#3049,.T.);
#10587=EDGE_CURVE('',#5605,#5609,#3090,.T.);
#10590=EDGE_CURVE('',#5598,#5602,#3201,.T.);
#10594=ADVANCED_FACE('',(#10593),#10584,.T.);
#10600=EDGE_CURVE('',#5595,#5605,#3045,.T.);
#10603=EDGE_CURVE('',#5598,#5599,#3053,.T.);
#10605=EDGE_CURVE('',#5599,#5607,#3057,.T.);
#10610=EDGE_CURVE('',#5373,#5295,#3069,.T.);
#10612=EDGE_CURVE('',#5384,#5373,#3180,.T.);
#10614=EDGE_CURVE('',#5384,#5386,#3073,.T.);
#10616=EDGE_CURVE('',#5364,#5386,#3078,.T.);
#10618=EDGE_CURVE('',#5364,#5290,#3143,.T.);
#10621=EDGE_CURVE('',#5667,#5595,#3082,.T.);
#10625=ADVANCED_FACE('',(#10624),#10599,.F.);
#10634=EDGE_CURVE('',#5594,#5595,#3094,.T.);
#10636=EDGE_CURVE('',#5594,#5670,#3102,.T.);
#10638=EDGE_CURVE('',#5670,#5674,#3135,.T.);
#10642=ADVANCED_FACE('',(#10641),#10630,.F.);
#10651=EDGE_CURVE('',#5666,#5594,#3106,.T.);
#10655=ADVANCED_FACE('',(#10654),#10647,.F.);
#10661=EDGE_CURVE('',#5670,#5671,#3098,.T.);
#10666=EDGE_CURVE('',#5365,#5291,#3110,.T.);
#10668=EDGE_CURVE('',#5387,#5365,#3157,.T.);
#10670=EDGE_CURVE('',#5387,#5382,#3114,.T.);
#10672=EDGE_CURVE('',#5372,#5382,#3119,.T.);
#10674=EDGE_CURVE('',#5372,#5294,#3188,.T.);
#10681=ADVANCED_FACE('',(#10680),#10660,.F.);
#10693=ADVANCED_FACE('',(#10692),#10686,.F.);
#10699=EDGE_CURVE('',#5364,#5365,#3139,.T.);
#10706=ADVANCED_FACE('',(#10705),#10698,.F.);
#10714=EDGE_CURVE('',#5386,#5361,#3152,.T.);
#10717=EDGE_CURVE('',#5387,#5367,#3197,.T.);
#10722=ADVANCED_FACE('',(#10721),#10711,.T.);
#10731=EDGE_CURVE('',#5384,#5360,#3166,.T.);
#10735=ADVANCED_FACE('',(#10734),#10727,.T.);
#10741=EDGE_CURVE('',#5372,#5373,#3184,.T.);
#10744=EDGE_CURVE('',#5382,#5369,#3175,.T.);
#10751=ADVANCED_FACE('',(#10750),#10740,.T.);
#10763=ADVANCED_FACE('',(#10762),#10756,.F.);
#10775=ADVANCED_FACE('',(#10774),#10768,.T.);
#10784=EDGE_CURVE('',#5599,#5603,#3205,.T.);
#10788=ADVANCED_FACE('',(#10787),#10780,.T.);
#10800=ADVANCED_FACE('',(#10799),#10793,.T.);
#10806=EDGE_CURVE('',#5775,#5778,#3234,.T.);
#10808=EDGE_CURVE('',#5775,#5742,#3214,.T.);
#10811=EDGE_CURVE('',#5778,#5743,#3441,.T.);
#10815=ADVANCED_FACE('',(#10814),#10805,.T.);
#10821=EDGE_CURVE('',#6382,#6383,#3218,.T.);
#10823=EDGE_CURVE('',#6383,#5990,#3222,.T.);
#10825=EDGE_CURVE('',#5990,#6374,#3226,.T.);
#10827=EDGE_CURVE('',#6374,#5678,#3348,.T.);
#10829=EDGE_CURVE('',#5678,#5755,#3230,.T.);
#10831=EDGE_CURVE('',#5775,#5755,#3418,.T.);
#10834=EDGE_CURVE('',#5748,#5778,#3239,.T.);
#10836=EDGE_CURVE('',#5683,#5748,#3449,.T.);
#10838=EDGE_CURVE('',#5683,#6378,#3356,.T.);
#10840=EDGE_CURVE('',#6378,#5994,#3243,.T.);
#10842=EDGE_CURVE('',#5994,#6382,#3247,.T.);
#10846=ADVANCED_FACE('',(#10845),#10820,.F.);
#10852=EDGE_CURVE('',#6386,#6387,#3251,.T.);
#10854=EDGE_CURVE('',#6383,#6387,#3320,.T.);
#10857=EDGE_CURVE('',#6382,#6386,#3255,.T.);
#10861=ADVANCED_FACE('',(#10860),#10851,.T.);
#10867=EDGE_CURVE('',#6009,#6003,#3259,.T.);
#10869=EDGE_CURVE('',#6002,#6003,#3263,.T.);
#10871=EDGE_CURVE('',#6002,#6011,#3267,.T.);
#10873=EDGE_CURVE('',#6387,#6011,#3312,.T.);
#10876=EDGE_CURVE('',#6386,#6009,#3453,.T.);
#10880=ADVANCED_FACE('',(#10879),#10866,.F.);
#10886=EDGE_CURVE('',#6005,#5998,#3283,.T.);
#10888=EDGE_CURVE('',#6003,#5998,#3328,.T.);
#10891=EDGE_CURVE('',#6005,#6009,#3461,.T.);
#10895=ADVANCED_FACE('',(#10894),#10885,.F.);
#10901=EDGE_CURVE('',#6007,#5991,#3271,.T.);
#10903=EDGE_CURVE('',#5999,#6007,#3275,.T.);
#10905=EDGE_CURVE('',#5998,#5999,#3279,.T.);
#10908=EDGE_CURVE('',#5995,#6005,#3287,.T.);
#10910=EDGE_CURVE('',#6379,#5995,#3291,.T.);
#10912=EDGE_CURVE('',#6379,#5682,#3364,.T.);
#10914=EDGE_CURVE('',#5682,#5749,#3295,.T.);
#10916=EDGE_CURVE('',#5776,#5749,#3432,.T.);
#10918=EDGE_CURVE('',#5776,#5773,#3299,.T.);
#10920=EDGE_CURVE('',#5754,#5773,#3304,.T.);
#10922=EDGE_CURVE('',#5679,#5754,#3404,.T.);
#10924=EDGE_CURVE('',#5679,#6375,#3340,.T.);
#10926=EDGE_CURVE('',#5991,#6375,#3308,.T.);
#10930=ADVANCED_FACE('',(#10929),#10900,.F.);
#10937=EDGE_CURVE('',#6007,#6011,#3316,.T.);
#10940=EDGE_CURVE('',#5990,#5991,#3332,.T.);
#10946=ADVANCED_FACE('',(#10945),#10935,.T.);
#10955=EDGE_CURVE('',#6002,#5999,#3324,.T.);
#10959=ADVANCED_FACE('',(#10958),#10951,.F.);
#10971=ADVANCED_FACE('',(#10970),#10964,.F.);
#10979=EDGE_CURVE('',#6374,#6375,#3336,.T.);
#10984=ADVANCED_FACE('',(#10983),#10976,.T.);
#10992=EDGE_CURVE('',#5678,#5679,#3344,.T.);
#10997=ADVANCED_FACE('',(#10996),#10989,.F.);
#11003=EDGE_CURVE('',#6378,#6379,#3352,.T.);
#11006=EDGE_CURVE('',#5682,#5683,#3360,.T.);
#11011=ADVANCED_FACE('',(#11010),#11002,.F.);
#11017=EDGE_CURVE('',#6390,#6391,#3368,.T.);
#11019=EDGE_CURVE('',#6390,#5690,#3372,.T.);
#11021=EDGE_CURVE('',#5690,#5691,#3376,.T.);
#11023=EDGE_CURVE('',#5691,#6391,#3380,.T.);
#11027=ADVANCED_FACE('',(#11026),#11016,.F.);
#11033=EDGE_CURVE('',#6394,#6395,#3384,.T.);
#11035=EDGE_CURVE('',#6395,#5686,#3388,.T.);
#11037=EDGE_CURVE('',#5686,#5687,#3392,.T.);
#11039=EDGE_CURVE('',#5687,#6394,#3396,.T.);
#11043=ADVANCED_FACE('',(#11042),#11032,.F.);
#11049=EDGE_CURVE('',#5754,#5755,#3400,.T.);
#11056=ADVANCED_FACE('',(#11055),#11048,.F.);
#11064=EDGE_CURVE('',#5773,#5751,#3413,.T.);
#11071=ADVANCED_FACE('',(#11070),#11061,.T.);
#11078=EDGE_CURVE('',#5776,#5745,#3427,.T.);
#11084=ADVANCED_FACE('',(#11083),#11076,.T.);
#11093=EDGE_CURVE('',#5748,#5749,#3445,.T.);
#11099=ADVANCED_FACE('',(#11098),#11089,.T.);
#11111=ADVANCED_FACE('',(#11110),#11104,.F.);
#11117=EDGE_CURVE('',#5994,#5995,#3457,.T.);
#11124=ADVANCED_FACE('',(#11123),#11116,.T.);
#11138=ADVANCED_FACE('',(#11137),#11129,.T.);
#11144=EDGE_CURVE('',#6014,#6015,#3465,.T.);
#11146=EDGE_CURVE('',#6014,#6390,#3571,.T.);
#11149=EDGE_CURVE('',#6015,#6391,#3513,.T.);
#11153=ADVANCED_FACE('',(#11152),#11143,.F.);
#11159=EDGE_CURVE('',#6403,#6035,#3469,.T.);
#11161=EDGE_CURVE('',#6399,#6403,#3473,.T.);
#11163=EDGE_CURVE('',#6399,#6014,#3575,.T.);
#11166=EDGE_CURVE('',#6031,#6015,#3509,.T.);
#11168=EDGE_CURVE('',#6031,#6035,#3477,.T.);
#11172=ADVANCED_FACE('',(#11171),#11158,.F.);
#11178=EDGE_CURVE('',#6033,#6026,#3481,.T.);
#11180=EDGE_CURVE('',#6402,#6033,#3534,.T.);
#11182=EDGE_CURVE('',#6402,#6403,#3579,.T.);
#11185=EDGE_CURVE('',#6027,#6035,#3485,.T.);
#11187=EDGE_CURVE('',#6026,#6027,#3489,.T.);
#11191=ADVANCED_FACE('',(#11190),#11177,.T.);
#11197=EDGE_CURVE('',#6029,#6022,#3497,.T.);
#11199=EDGE_CURVE('',#6029,#6033,#3538,.T.);
#11202=EDGE_CURVE('',#6022,#6026,#3649,.T.);
#11206=ADVANCED_FACE('',(#11205),#11196,.T.);
#11212=EDGE_CURVE('',#6019,#6029,#3493,.T.);
#11215=EDGE_CURVE('',#6022,#6023,#3501,.T.);
#11217=EDGE_CURVE('',#6023,#6031,#3505,.T.);
#11222=EDGE_CURVE('',#5771,#5691,#3517,.T.);
#11224=EDGE_CURVE('',#5782,#5771,#3628,.T.);
#11226=EDGE_CURVE('',#5782,#5784,#3521,.T.);
#11228=EDGE_CURVE('',#5762,#5784,#3526,.T.);
#11230=EDGE_CURVE('',#5762,#5686,#3591,.T.);
#11233=EDGE_CURVE('',#6395,#6019,#3530,.T.);
#11237=ADVANCED_FACE('',(#11236),#11211,.F.);
#11246=EDGE_CURVE('',#6018,#6019,#3542,.T.);
#11248=EDGE_CURVE('',#6018,#6398,#3550,.T.);
#11250=EDGE_CURVE('',#6398,#6402,#3583,.T.);
#11254=ADVANCED_FACE('',(#11253),#11242,.F.);
#11263=EDGE_CURVE('',#6394,#6018,#3554,.T.);
#11267=ADVANCED_FACE('',(#11266),#11259,.F.);
#11273=EDGE_CURVE('',#6398,#6399,#3546,.T.);
#11278=EDGE_CURVE('',#5763,#5687,#3558,.T.);
#11280=EDGE_CURVE('',#5785,#5763,#3605,.T.);
#11282=EDGE_CURVE('',#5785,#5780,#3562,.T.);
#11284=EDGE_CURVE('',#5770,#5780,#3567,.T.);
#11286=EDGE_CURVE('',#5770,#5690,#3636,.T.);
#11293=ADVANCED_FACE('',(#11292),#11272,.F.);
#11305=ADVANCED_FACE('',(#11304),#11298,.F.);
#11311=EDGE_CURVE('',#5762,#5763,#3587,.T.);
#11318=ADVANCED_FACE('',(#11317),#11310,.F.);
#11326=EDGE_CURVE('',#5784,#5759,#3600,.T.);
#11329=EDGE_CURVE('',#5785,#5765,#3645,.T.);
#11334=ADVANCED_FACE('',(#11333),#11323,.T.);
#11343=EDGE_CURVE('',#5782,#5758,#3614,.T.);
#11347=ADVANCED_FACE('',(#11346),#11339,.T.);
#11353=EDGE_CURVE('',#5770,#5771,#3632,.T.);
#11356=EDGE_CURVE('',#5780,#5767,#3623,.T.);
#11363=ADVANCED_FACE('',(#11362),#11352,.T.);
#11375=ADVANCED_FACE('',(#11374),#11368,.F.);
#11387=ADVANCED_FACE('',(#11386),#11380,.T.);
#11396=EDGE_CURVE('',#6023,#6027,#3653,.T.);
#11400=ADVANCED_FACE('',(#11399),#11392,.T.);
#11412=ADVANCED_FACE('',(#11411),#11405,.T.);
#11418=EDGE_CURVE('',#5821,#5824,#3682,.T.);
#11420=EDGE_CURVE('',#5821,#5788,#3662,.T.);
#11423=EDGE_CURVE('',#5824,#5789,#3889,.T.);
#11427=ADVANCED_FACE('',(#11426),#11417,.T.);
#11433=EDGE_CURVE('',#6414,#6415,#3666,.T.);
#11435=EDGE_CURVE('',#6415,#6102,#3670,.T.);
#11437=EDGE_CURVE('',#6102,#6406,#3674,.T.);
#11439=EDGE_CURVE('',#6406,#5694,#3796,.T.);
#11441=EDGE_CURVE('',#5694,#5801,#3678,.T.);
#11443=EDGE_CURVE('',#5821,#5801,#3866,.T.);
#11446=EDGE_CURVE('',#5794,#5824,#3687,.T.);
#11448=EDGE_CURVE('',#5699,#5794,#3897,.T.);
#11450=EDGE_CURVE('',#5699,#6410,#3804,.T.);
#11452=EDGE_CURVE('',#6410,#6106,#3691,.T.);
#11454=EDGE_CURVE('',#6106,#6414,#3695,.T.);
#11458=ADVANCED_FACE('',(#11457),#11432,.F.);
#11464=EDGE_CURVE('',#6418,#6419,#3699,.T.);
#11466=EDGE_CURVE('',#6415,#6419,#3768,.T.);
#11469=EDGE_CURVE('',#6414,#6418,#3703,.T.);
#11473=ADVANCED_FACE('',(#11472),#11463,.T.);
#11479=EDGE_CURVE('',#6121,#6115,#3707,.T.);
#11481=EDGE_CURVE('',#6114,#6115,#3711,.T.);
#11483=EDGE_CURVE('',#6114,#6123,#3715,.T.);
#11485=EDGE_CURVE('',#6419,#6123,#3760,.T.);
#11488=EDGE_CURVE('',#6418,#6121,#3901,.T.);
#11492=ADVANCED_FACE('',(#11491),#11478,.F.);
#11498=EDGE_CURVE('',#6117,#6110,#3731,.T.);
#11500=EDGE_CURVE('',#6115,#6110,#3776,.T.);
#11503=EDGE_CURVE('',#6117,#6121,#3909,.T.);
#11507=ADVANCED_FACE('',(#11506),#11497,.F.);
#11513=EDGE_CURVE('',#6119,#6103,#3719,.T.);
#11515=EDGE_CURVE('',#6111,#6119,#3723,.T.);
#11517=EDGE_CURVE('',#6110,#6111,#3727,.T.);
#11520=EDGE_CURVE('',#6107,#6117,#3735,.T.);
#11522=EDGE_CURVE('',#6411,#6107,#3739,.T.);
#11524=EDGE_CURVE('',#6411,#5698,#3812,.T.);
#11526=EDGE_CURVE('',#5698,#5795,#3743,.T.);
#11528=EDGE_CURVE('',#5822,#5795,#3880,.T.);
#11530=EDGE_CURVE('',#5822,#5819,#3747,.T.);
#11532=EDGE_CURVE('',#5800,#5819,#3752,.T.);
#11534=EDGE_CURVE('',#5695,#5800,#3852,.T.);
#11536=EDGE_CURVE('',#5695,#6407,#3788,.T.);
#11538=EDGE_CURVE('',#6103,#6407,#3756,.T.);
#11542=ADVANCED_FACE('',(#11541),#11512,.F.);
#11549=EDGE_CURVE('',#6119,#6123,#3764,.T.);
#11552=EDGE_CURVE('',#6102,#6103,#3780,.T.);
#11558=ADVANCED_FACE('',(#11557),#11547,.T.);
#11567=EDGE_CURVE('',#6114,#6111,#3772,.T.);
#11571=ADVANCED_FACE('',(#11570),#11563,.F.);
#11583=ADVANCED_FACE('',(#11582),#11576,.F.);
#11591=EDGE_CURVE('',#6406,#6407,#3784,.T.);
#11596=ADVANCED_FACE('',(#11595),#11588,.T.);
#11604=EDGE_CURVE('',#5694,#5695,#3792,.T.);
#11609=ADVANCED_FACE('',(#11608),#11601,.F.);
#11615=EDGE_CURVE('',#6410,#6411,#3800,.T.);
#11618=EDGE_CURVE('',#5698,#5699,#3808,.T.);
#11623=ADVANCED_FACE('',(#11622),#11614,.F.);
#11629=EDGE_CURVE('',#6422,#6423,#3816,.T.);
#11631=EDGE_CURVE('',#6422,#5706,#3820,.T.);
#11633=EDGE_CURVE('',#5706,#5707,#3824,.T.);
#11635=EDGE_CURVE('',#5707,#6423,#3828,.T.);
#11639=ADVANCED_FACE('',(#11638),#11628,.F.);
#11645=EDGE_CURVE('',#6426,#6427,#3832,.T.);
#11647=EDGE_CURVE('',#6427,#5702,#3836,.T.);
#11649=EDGE_CURVE('',#5702,#5703,#3840,.T.);
#11651=EDGE_CURVE('',#5703,#6426,#3844,.T.);
#11655=ADVANCED_FACE('',(#11654),#11644,.F.);
#11661=EDGE_CURVE('',#5800,#5801,#3848,.T.);
#11668=ADVANCED_FACE('',(#11667),#11660,.F.);
#11676=EDGE_CURVE('',#5819,#5797,#3861,.T.);
#11683=ADVANCED_FACE('',(#11682),#11673,.T.);
#11690=EDGE_CURVE('',#5822,#5791,#3875,.T.);
#11696=ADVANCED_FACE('',(#11695),#11688,.T.);
#11705=EDGE_CURVE('',#5794,#5795,#3893,.T.);
#11711=ADVANCED_FACE('',(#11710),#11701,.T.);
#11723=ADVANCED_FACE('',(#11722),#11716,.F.);
#11729=EDGE_CURVE('',#6106,#6107,#3905,.T.);
#11736=ADVANCED_FACE('',(#11735),#11728,.T.);
#11750=ADVANCED_FACE('',(#11749),#11741,.T.);
#11756=EDGE_CURVE('',#6126,#6127,#3913,.T.);
#11758=EDGE_CURVE('',#6126,#6422,#4019,.T.);
#11761=EDGE_CURVE('',#6127,#6423,#3961,.T.);
#11765=ADVANCED_FACE('',(#11764),#11755,.F.);
#11771=EDGE_CURVE('',#6435,#6147,#3917,.T.);
#11773=EDGE_CURVE('',#6431,#6435,#3921,.T.);
#11775=EDGE_CURVE('',#6431,#6126,#4023,.T.);
#11778=EDGE_CURVE('',#6143,#6127,#3957,.T.);
#11780=EDGE_CURVE('',#6143,#6147,#3925,.T.);
#11784=ADVANCED_FACE('',(#11783),#11770,.F.);
#11790=EDGE_CURVE('',#6145,#6138,#3929,.T.);
#11792=EDGE_CURVE('',#6434,#6145,#3982,.T.);
#11794=EDGE_CURVE('',#6434,#6435,#4027,.T.);
#11797=EDGE_CURVE('',#6139,#6147,#3933,.T.);
#11799=EDGE_CURVE('',#6138,#6139,#3937,.T.);
#11803=ADVANCED_FACE('',(#11802),#11789,.T.);
#11809=EDGE_CURVE('',#6141,#6134,#3945,.T.);
#11811=EDGE_CURVE('',#6141,#6145,#3986,.T.);
#11814=EDGE_CURVE('',#6134,#6138,#4097,.T.);
#11818=ADVANCED_FACE('',(#11817),#11808,.T.);
#11824=EDGE_CURVE('',#6131,#6141,#3941,.T.);
#11827=EDGE_CURVE('',#6134,#6135,#3949,.T.);
#11829=EDGE_CURVE('',#6135,#6143,#3953,.T.);
#11834=EDGE_CURVE('',#5817,#5707,#3965,.T.);
#11836=EDGE_CURVE('',#5828,#5817,#4076,.T.);
#11838=EDGE_CURVE('',#5828,#5830,#3969,.T.);
#11840=EDGE_CURVE('',#5808,#5830,#3974,.T.);
#11842=EDGE_CURVE('',#5808,#5702,#4039,.T.);
#11845=EDGE_CURVE('',#6427,#6131,#3978,.T.);
#11849=ADVANCED_FACE('',(#11848),#11823,.F.);
#11858=EDGE_CURVE('',#6130,#6131,#3990,.T.);
#11860=EDGE_CURVE('',#6130,#6430,#3998,.T.);
#11862=EDGE_CURVE('',#6430,#6434,#4031,.T.);
#11866=ADVANCED_FACE('',(#11865),#11854,.F.);
#11875=EDGE_CURVE('',#6426,#6130,#4002,.T.);
#11879=ADVANCED_FACE('',(#11878),#11871,.F.);
#11885=EDGE_CURVE('',#6430,#6431,#3994,.T.);
#11890=EDGE_CURVE('',#5809,#5703,#4006,.T.);
#11892=EDGE_CURVE('',#5831,#5809,#4053,.T.);
#11894=EDGE_CURVE('',#5831,#5826,#4010,.T.);
#11896=EDGE_CURVE('',#5816,#5826,#4015,.T.);
#11898=EDGE_CURVE('',#5816,#5706,#4084,.T.);
#11905=ADVANCED_FACE('',(#11904),#11884,.F.);
#11917=ADVANCED_FACE('',(#11916),#11910,.F.);
#11923=EDGE_CURVE('',#5808,#5809,#4035,.T.);
#11930=ADVANCED_FACE('',(#11929),#11922,.F.);
#11938=EDGE_CURVE('',#5830,#5805,#4048,.T.);
#11941=EDGE_CURVE('',#5831,#5811,#4093,.T.);
#11946=ADVANCED_FACE('',(#11945),#11935,.T.);
#11955=EDGE_CURVE('',#5828,#5804,#4062,.T.);
#11959=ADVANCED_FACE('',(#11958),#11951,.T.);
#11965=EDGE_CURVE('',#5816,#5817,#4080,.T.);
#11968=EDGE_CURVE('',#5826,#5813,#4071,.T.);
#11975=ADVANCED_FACE('',(#11974),#11964,.T.);
#11987=ADVANCED_FACE('',(#11986),#11980,.F.);
#11999=ADVANCED_FACE('',(#11998),#11992,.T.);
#12008=EDGE_CURVE('',#6135,#6139,#4101,.T.);
#12012=ADVANCED_FACE('',(#12011),#12004,.T.);
#12024=ADVANCED_FACE('',(#12023),#12017,.T.);
#12030=EDGE_CURVE('',#5867,#5870,#4130,.T.);
#12032=EDGE_CURVE('',#5867,#5834,#4110,.T.);
#12035=EDGE_CURVE('',#5870,#5835,#4337,.T.);
#12039=ADVANCED_FACE('',(#12038),#12029,.T.);
#12045=EDGE_CURVE('',#6446,#6447,#4114,.T.);
#12047=EDGE_CURVE('',#6447,#6214,#4118,.T.);
#12049=EDGE_CURVE('',#6214,#6438,#4122,.T.);
#12051=EDGE_CURVE('',#6438,#5710,#4244,.T.);
#12053=EDGE_CURVE('',#5710,#5847,#4126,.T.);
#12055=EDGE_CURVE('',#5867,#5847,#4314,.T.);
#12058=EDGE_CURVE('',#5840,#5870,#4135,.T.);
#12060=EDGE_CURVE('',#5715,#5840,#4345,.T.);
#12062=EDGE_CURVE('',#5715,#6442,#4252,.T.);
#12064=EDGE_CURVE('',#6442,#6218,#4139,.T.);
#12066=EDGE_CURVE('',#6218,#6446,#4143,.T.);
#12070=ADVANCED_FACE('',(#12069),#12044,.F.);
#12076=EDGE_CURVE('',#6450,#6451,#4147,.T.);
#12078=EDGE_CURVE('',#6447,#6451,#4216,.T.);
#12081=EDGE_CURVE('',#6446,#6450,#4151,.T.);
#12085=ADVANCED_FACE('',(#12084),#12075,.T.);
#12091=EDGE_CURVE('',#6233,#6227,#4155,.T.);
#12093=EDGE_CURVE('',#6226,#6227,#4159,.T.);
#12095=EDGE_CURVE('',#6226,#6235,#4163,.T.);
#12097=EDGE_CURVE('',#6451,#6235,#4208,.T.);
#12100=EDGE_CURVE('',#6450,#6233,#4349,.T.);
#12104=ADVANCED_FACE('',(#12103),#12090,.F.);
#12110=EDGE_CURVE('',#6229,#6222,#4179,.T.);
#12112=EDGE_CURVE('',#6227,#6222,#4224,.T.);
#12115=EDGE_CURVE('',#6229,#6233,#4357,.T.);
#12119=ADVANCED_FACE('',(#12118),#12109,.F.);
#12125=EDGE_CURVE('',#6231,#6215,#4167,.T.);
#12127=EDGE_CURVE('',#6223,#6231,#4171,.T.);
#12129=EDGE_CURVE('',#6222,#6223,#4175,.T.);
#12132=EDGE_CURVE('',#6219,#6229,#4183,.T.);
#12134=EDGE_CURVE('',#6443,#6219,#4187,.T.);
#12136=EDGE_CURVE('',#6443,#5714,#4260,.T.);
#12138=EDGE_CURVE('',#5714,#5841,#4191,.T.);
#12140=EDGE_CURVE('',#5868,#5841,#4328,.T.);
#12142=EDGE_CURVE('',#5868,#5865,#4195,.T.);
#12144=EDGE_CURVE('',#5846,#5865,#4200,.T.);
#12146=EDGE_CURVE('',#5711,#5846,#4300,.T.);
#12148=EDGE_CURVE('',#5711,#6439,#4236,.T.);
#12150=EDGE_CURVE('',#6215,#6439,#4204,.T.);
#12154=ADVANCED_FACE('',(#12153),#12124,.F.);
#12161=EDGE_CURVE('',#6231,#6235,#4212,.T.);
#12164=EDGE_CURVE('',#6214,#6215,#4228,.T.);
#12170=ADVANCED_FACE('',(#12169),#12159,.T.);
#12179=EDGE_CURVE('',#6226,#6223,#4220,.T.);
#12183=ADVANCED_FACE('',(#12182),#12175,.F.);
#12195=ADVANCED_FACE('',(#12194),#12188,.F.);
#12203=EDGE_CURVE('',#6438,#6439,#4232,.T.);
#12208=ADVANCED_FACE('',(#12207),#12200,.T.);
#12216=EDGE_CURVE('',#5710,#5711,#4240,.T.);
#12221=ADVANCED_FACE('',(#12220),#12213,.F.);
#12227=EDGE_CURVE('',#6442,#6443,#4248,.T.);
#12230=EDGE_CURVE('',#5714,#5715,#4256,.T.);
#12235=ADVANCED_FACE('',(#12234),#12226,.F.);
#12241=EDGE_CURVE('',#6454,#6455,#4264,.T.);
#12243=EDGE_CURVE('',#6454,#5722,#4268,.T.);
#12245=EDGE_CURVE('',#5722,#5723,#4272,.T.);
#12247=EDGE_CURVE('',#5723,#6455,#4276,.T.);
#12251=ADVANCED_FACE('',(#12250),#12240,.F.);
#12257=EDGE_CURVE('',#6458,#6459,#4280,.T.);
#12259=EDGE_CURVE('',#6459,#5718,#4284,.T.);
#12261=EDGE_CURVE('',#5718,#5719,#4288,.T.);
#12263=EDGE_CURVE('',#5719,#6458,#4292,.T.);
#12267=ADVANCED_FACE('',(#12266),#12256,.F.);
#12273=EDGE_CURVE('',#5846,#5847,#4296,.T.);
#12280=ADVANCED_FACE('',(#12279),#12272,.F.);
#12288=EDGE_CURVE('',#5865,#5843,#4309,.T.);
#12295=ADVANCED_FACE('',(#12294),#12285,.T.);
#12302=EDGE_CURVE('',#5868,#5837,#4323,.T.);
#12308=ADVANCED_FACE('',(#12307),#12300,.T.);
#12317=EDGE_CURVE('',#5840,#5841,#4341,.T.);
#12323=ADVANCED_FACE('',(#12322),#12313,.T.);
#12335=ADVANCED_FACE('',(#12334),#12328,.F.);
#12341=EDGE_CURVE('',#6218,#6219,#4353,.T.);
#12348=ADVANCED_FACE('',(#12347),#12340,.T.);
#12362=ADVANCED_FACE('',(#12361),#12353,.T.);
#12368=EDGE_CURVE('',#6238,#6239,#4361,.T.);
#12370=EDGE_CURVE('',#6238,#6454,#4467,.T.);
#12373=EDGE_CURVE('',#6239,#6455,#4409,.T.);
#12377=ADVANCED_FACE('',(#12376),#12367,.F.);
#12383=EDGE_CURVE('',#6467,#6259,#4365,.T.);
#12385=EDGE_CURVE('',#6463,#6467,#4369,.T.);
#12387=EDGE_CURVE('',#6463,#6238,#4471,.T.);
#12390=EDGE_CURVE('',#6255,#6239,#4405,.T.);
#12392=EDGE_CURVE('',#6255,#6259,#4373,.T.);
#12396=ADVANCED_FACE('',(#12395),#12382,.F.);
#12402=EDGE_CURVE('',#6257,#6250,#4377,.T.);
#12404=EDGE_CURVE('',#6466,#6257,#4430,.T.);
#12406=EDGE_CURVE('',#6466,#6467,#4475,.T.);
#12409=EDGE_CURVE('',#6251,#6259,#4381,.T.);
#12411=EDGE_CURVE('',#6250,#6251,#4385,.T.);
#12415=ADVANCED_FACE('',(#12414),#12401,.T.);
#12421=EDGE_CURVE('',#6253,#6246,#4393,.T.);
#12423=EDGE_CURVE('',#6253,#6257,#4434,.T.);
#12426=EDGE_CURVE('',#6246,#6250,#4545,.T.);
#12430=ADVANCED_FACE('',(#12429),#12420,.T.);
#12436=EDGE_CURVE('',#6243,#6253,#4389,.T.);
#12439=EDGE_CURVE('',#6246,#6247,#4397,.T.);
#12441=EDGE_CURVE('',#6247,#6255,#4401,.T.);
#12446=EDGE_CURVE('',#5863,#5723,#4413,.T.);
#12448=EDGE_CURVE('',#5874,#5863,#4524,.T.);
#12450=EDGE_CURVE('',#5874,#5876,#4417,.T.);
#12452=EDGE_CURVE('',#5854,#5876,#4422,.T.);
#12454=EDGE_CURVE('',#5854,#5718,#4487,.T.);
#12457=EDGE_CURVE('',#6459,#6243,#4426,.T.);
#12461=ADVANCED_FACE('',(#12460),#12435,.F.);
#12470=EDGE_CURVE('',#6242,#6243,#4438,.T.);
#12472=EDGE_CURVE('',#6242,#6462,#4446,.T.);
#12474=EDGE_CURVE('',#6462,#6466,#4479,.T.);
#12478=ADVANCED_FACE('',(#12477),#12466,.F.);
#12487=EDGE_CURVE('',#6458,#6242,#4450,.T.);
#12491=ADVANCED_FACE('',(#12490),#12483,.F.);
#12497=EDGE_CURVE('',#6462,#6463,#4442,.T.);
#12502=EDGE_CURVE('',#5855,#5719,#4454,.T.);
#12504=EDGE_CURVE('',#5877,#5855,#4501,.T.);
#12506=EDGE_CURVE('',#5877,#5872,#4458,.T.);
#12508=EDGE_CURVE('',#5862,#5872,#4463,.T.);
#12510=EDGE_CURVE('',#5862,#5722,#4532,.T.);
#12517=ADVANCED_FACE('',(#12516),#12496,.F.);
#12529=ADVANCED_FACE('',(#12528),#12522,.F.);
#12535=EDGE_CURVE('',#5854,#5855,#4483,.T.);
#12542=ADVANCED_FACE('',(#12541),#12534,.F.);
#12550=EDGE_CURVE('',#5876,#5851,#4496,.T.);
#12553=EDGE_CURVE('',#5877,#5857,#4541,.T.);
#12558=ADVANCED_FACE('',(#12557),#12547,.T.);
#12567=EDGE_CURVE('',#5874,#5850,#4510,.T.);
#12571=ADVANCED_FACE('',(#12570),#12563,.T.);
#12577=EDGE_CURVE('',#5862,#5863,#4528,.T.);
#12580=EDGE_CURVE('',#5872,#5859,#4519,.T.);
#12587=ADVANCED_FACE('',(#12586),#12576,.T.);
#12599=ADVANCED_FACE('',(#12598),#12592,.F.);
#12611=ADVANCED_FACE('',(#12610),#12604,.T.);
#12620=EDGE_CURVE('',#6247,#6251,#4549,.T.);
#12624=ADVANCED_FACE('',(#12623),#12616,.T.);
#12636=ADVANCED_FACE('',(#12635),#12629,.T.);
#12642=EDGE_CURVE('',#5913,#5916,#4578,.T.);
#12644=EDGE_CURVE('',#5913,#5880,#4558,.T.);
#12647=EDGE_CURVE('',#5916,#5881,#4785,.T.);
#12651=ADVANCED_FACE('',(#12650),#12641,.T.);
#12657=EDGE_CURVE('',#6478,#6479,#4562,.T.);
#12659=EDGE_CURVE('',#6479,#6326,#4566,.T.);
#12661=EDGE_CURVE('',#6326,#6470,#4570,.T.);
#12663=EDGE_CURVE('',#6470,#5726,#4692,.T.);
#12665=EDGE_CURVE('',#5726,#5893,#4574,.T.);
#12667=EDGE_CURVE('',#5913,#5893,#4762,.T.);
#12670=EDGE_CURVE('',#5886,#5916,#4583,.T.);
#12672=EDGE_CURVE('',#5731,#5886,#4793,.T.);
#12674=EDGE_CURVE('',#5731,#6474,#4700,.T.);
#12676=EDGE_CURVE('',#6474,#6330,#4587,.T.);
#12678=EDGE_CURVE('',#6330,#6478,#4591,.T.);
#12682=ADVANCED_FACE('',(#12681),#12656,.F.);
#12688=EDGE_CURVE('',#6482,#6483,#4595,.T.);
#12690=EDGE_CURVE('',#6479,#6483,#4664,.T.);
#12693=EDGE_CURVE('',#6478,#6482,#4599,.T.);
#12697=ADVANCED_FACE('',(#12696),#12687,.T.);
#12703=EDGE_CURVE('',#6345,#6339,#4603,.T.);
#12705=EDGE_CURVE('',#6338,#6339,#4607,.T.);
#12707=EDGE_CURVE('',#6338,#6347,#4611,.T.);
#12709=EDGE_CURVE('',#6483,#6347,#4656,.T.);
#12712=EDGE_CURVE('',#6482,#6345,#4797,.T.);
#12716=ADVANCED_FACE('',(#12715),#12702,.F.);
#12722=EDGE_CURVE('',#6341,#6334,#4627,.T.);
#12724=EDGE_CURVE('',#6339,#6334,#4672,.T.);
#12727=EDGE_CURVE('',#6341,#6345,#4805,.T.);
#12731=ADVANCED_FACE('',(#12730),#12721,.F.);
#12737=EDGE_CURVE('',#6343,#6327,#4615,.T.);
#12739=EDGE_CURVE('',#6335,#6343,#4619,.T.);
#12741=EDGE_CURVE('',#6334,#6335,#4623,.T.);
#12744=EDGE_CURVE('',#6331,#6341,#4631,.T.);
#12746=EDGE_CURVE('',#6475,#6331,#4635,.T.);
#12748=EDGE_CURVE('',#6475,#5730,#4708,.T.);
#12750=EDGE_CURVE('',#5730,#5887,#4639,.T.);
#12752=EDGE_CURVE('',#5914,#5887,#4776,.T.);
#12754=EDGE_CURVE('',#5914,#5911,#4643,.T.);
#12756=EDGE_CURVE('',#5892,#5911,#4648,.T.);
#12758=EDGE_CURVE('',#5727,#5892,#4748,.T.);
#12760=EDGE_CURVE('',#5727,#6471,#4684,.T.);
#12762=EDGE_CURVE('',#6327,#6471,#4652,.T.);
#12766=ADVANCED_FACE('',(#12765),#12736,.F.);
#12773=EDGE_CURVE('',#6343,#6347,#4660,.T.);
#12776=EDGE_CURVE('',#6326,#6327,#4676,.T.);
#12782=ADVANCED_FACE('',(#12781),#12771,.T.);
#12791=EDGE_CURVE('',#6338,#6335,#4668,.T.);
#12795=ADVANCED_FACE('',(#12794),#12787,.F.);
#12807=ADVANCED_FACE('',(#12806),#12800,.F.);
#12815=EDGE_CURVE('',#6470,#6471,#4680,.T.);
#12820=ADVANCED_FACE('',(#12819),#12812,.T.);
#12828=EDGE_CURVE('',#5726,#5727,#4688,.T.);
#12833=ADVANCED_FACE('',(#12832),#12825,.F.);
#12839=EDGE_CURVE('',#6474,#6475,#4696,.T.);
#12842=EDGE_CURVE('',#5730,#5731,#4704,.T.);
#12847=ADVANCED_FACE('',(#12846),#12838,.F.);
#12853=EDGE_CURVE('',#6486,#6487,#4712,.T.);
#12855=EDGE_CURVE('',#6486,#5738,#4716,.T.);
#12857=EDGE_CURVE('',#5738,#5739,#4720,.T.);
#12859=EDGE_CURVE('',#5739,#6487,#4724,.T.);
#12863=ADVANCED_FACE('',(#12862),#12852,.F.);
#12869=EDGE_CURVE('',#6490,#6491,#4728,.T.);
#12871=EDGE_CURVE('',#6491,#5734,#4732,.T.);
#12873=EDGE_CURVE('',#5734,#5735,#4736,.T.);
#12875=EDGE_CURVE('',#5735,#6490,#4740,.T.);
#12879=ADVANCED_FACE('',(#12878),#12868,.F.);
#12885=EDGE_CURVE('',#5892,#5893,#4744,.T.);
#12892=ADVANCED_FACE('',(#12891),#12884,.F.);
#12900=EDGE_CURVE('',#5911,#5889,#4757,.T.);
#12907=ADVANCED_FACE('',(#12906),#12897,.T.);
#12914=EDGE_CURVE('',#5914,#5883,#4771,.T.);
#12920=ADVANCED_FACE('',(#12919),#12912,.T.);
#12929=EDGE_CURVE('',#5886,#5887,#4789,.T.);
#12935=ADVANCED_FACE('',(#12934),#12925,.T.);
#12947=ADVANCED_FACE('',(#12946),#12940,.F.);
#12953=EDGE_CURVE('',#6330,#6331,#4801,.T.);
#12960=ADVANCED_FACE('',(#12959),#12952,.T.);
#12974=ADVANCED_FACE('',(#12973),#12965,.T.);
#12980=EDGE_CURVE('',#6350,#6351,#4809,.T.);
#12982=EDGE_CURVE('',#6350,#6486,#4915,.T.);
#12985=EDGE_CURVE('',#6351,#6487,#4857,.T.);
#12989=ADVANCED_FACE('',(#12988),#12979,.F.);
#12995=EDGE_CURVE('',#6499,#6371,#4813,.T.);
#12997=EDGE_CURVE('',#6495,#6499,#4817,.T.);
#12999=EDGE_CURVE('',#6495,#6350,#4919,.T.);
#13002=EDGE_CURVE('',#6367,#6351,#4853,.T.);
#13004=EDGE_CURVE('',#6367,#6371,#4821,.T.);
#13008=ADVANCED_FACE('',(#13007),#12994,.F.);
#13014=EDGE_CURVE('',#6369,#6362,#4825,.T.);
#13016=EDGE_CURVE('',#6498,#6369,#4878,.T.);
#13018=EDGE_CURVE('',#6498,#6499,#4923,.T.);
#13021=EDGE_CURVE('',#6363,#6371,#4829,.T.);
#13023=EDGE_CURVE('',#6362,#6363,#4833,.T.);
#13027=ADVANCED_FACE('',(#13026),#13013,.T.);
#13033=EDGE_CURVE('',#6365,#6358,#4841,.T.);
#13035=EDGE_CURVE('',#6365,#6369,#4882,.T.);
#13038=EDGE_CURVE('',#6358,#6362,#4993,.T.);
#13042=ADVANCED_FACE('',(#13041),#13032,.T.);
#13048=EDGE_CURVE('',#6355,#6365,#4837,.T.);
#13051=EDGE_CURVE('',#6358,#6359,#4845,.T.);
#13053=EDGE_CURVE('',#6359,#6367,#4849,.T.);
#13058=EDGE_CURVE('',#5909,#5739,#4861,.T.);
#13060=EDGE_CURVE('',#5920,#5909,#4972,.T.);
#13062=EDGE_CURVE('',#5920,#5922,#4865,.T.);
#13064=EDGE_CURVE('',#5900,#5922,#4870,.T.);
#13066=EDGE_CURVE('',#5900,#5734,#4935,.T.);
#13069=EDGE_CURVE('',#6491,#6355,#4874,.T.);
#13073=ADVANCED_FACE('',(#13072),#13047,.F.);
#13082=EDGE_CURVE('',#6354,#6355,#4886,.T.);
#13084=EDGE_CURVE('',#6354,#6494,#4894,.T.);
#13086=EDGE_CURVE('',#6494,#6498,#4927,.T.);
#13090=ADVANCED_FACE('',(#13089),#13078,.F.);
#13099=EDGE_CURVE('',#6490,#6354,#4898,.T.);
#13103=ADVANCED_FACE('',(#13102),#13095,.F.);
#13109=EDGE_CURVE('',#6494,#6495,#4890,.T.);
#13114=EDGE_CURVE('',#5901,#5735,#4902,.T.);
#13116=EDGE_CURVE('',#5923,#5901,#4949,.T.);
#13118=EDGE_CURVE('',#5923,#5918,#4906,.T.);
#13120=EDGE_CURVE('',#5908,#5918,#4911,.T.);
#13122=EDGE_CURVE('',#5908,#5738,#4980,.T.);
#13129=ADVANCED_FACE('',(#13128),#13108,.F.);
#13141=ADVANCED_FACE('',(#13140),#13134,.F.);
#13147=EDGE_CURVE('',#5900,#5901,#4931,.T.);
#13154=ADVANCED_FACE('',(#13153),#13146,.F.);
#13162=EDGE_CURVE('',#5922,#5897,#4944,.T.);
#13165=EDGE_CURVE('',#5923,#5903,#4989,.T.);
#13170=ADVANCED_FACE('',(#13169),#13159,.T.);
#13179=EDGE_CURVE('',#5920,#5896,#4958,.T.);
#13183=ADVANCED_FACE('',(#13182),#13175,.T.);
#13189=EDGE_CURVE('',#5908,#5909,#4976,.T.);
#13192=EDGE_CURVE('',#5918,#5905,#4967,.T.);
#13199=ADVANCED_FACE('',(#13198),#13188,.T.);
#13211=ADVANCED_FACE('',(#13210),#13204,.F.);
#13223=ADVANCED_FACE('',(#13222),#13216,.T.);
#13232=EDGE_CURVE('',#6359,#6363,#4997,.T.);
#13236=ADVANCED_FACE('',(#13235),#13228,.T.);
#13248=ADVANCED_FACE('',(#13247),#13241,.T.);
#13251=(LENGTH_UNIT()NAMED_UNIT(*)SI_UNIT(.MILLI.,.METRE.));
#13252=(NAMED_UNIT(*)PLANE_ANGLE_UNIT()SI_UNIT($,.RADIAN.));
#13255=(NAMED_UNIT(*)SI_UNIT($,.STERADIAN.)SOLID_ANGLE_UNIT());
#13257=(GEOMETRIC_REPRESENTATION_CONTEXT(3)GLOBAL_UNCERTAINTY_ASSIGNED_CONTEXT((
#13256))GLOBAL_UNIT_ASSIGNED_CONTEXT((#13251,#13254,#13255))REPRESENTATION_CONTEXT('ID1','3'));
#13258=ADVANCED_BREP_SHAPE_REPRESENTATION('',(#13250),#13257);
#13265=PRODUCT_DEFINITION('part definition','',#13264,#13261);
#13266=PRODUCT_DEFINITION_SHAPE('','SHAPE FOR C-215307-7.',#13265);
#13267=SHAPE_ASPECT('','solid data associated with C-215307-7',#13266,.F.);
#13268=PROPERTY_DEFINITION('',
'shape for solid data with which properties are associated',#13267);
#13269=SHAPE_REPRESENTATION('',(#13250),#13257);
#13270=SHAPE_DEFINITION_REPRESENTATION(#13268,#13269);
#13271=(LENGTH_UNIT()NAMED_UNIT(*)SI_UNIT(.MILLI.,.METRE.));
#13275=PROPERTY_DEFINITION('geometric validation property','area of C-215307-7',
#13267);
#13276=REPRESENTATION('surface area',(#13274),#13257);
#13277=PROPERTY_DEFINITION_REPRESENTATION(#13275,#13276);
#13278=(LENGTH_UNIT()NAMED_UNIT(*)SI_UNIT(.MILLI.,.METRE.));
#13282=PROPERTY_DEFINITION('geometric validation property',
'volume of C-215307-7',#13267);
#13283=REPRESENTATION('volume',(#13281),#13257);
#13284=PROPERTY_DEFINITION_REPRESENTATION(#13282,#13283);
#13286=PROPERTY_DEFINITION('geometric validation property',
'centroid of C-215307-7',#13267);
#13287=REPRESENTATION('centroid',(#13285),#13257);
#13288=PROPERTY_DEFINITION_REPRESENTATION(#13286,#13287);
#13289=(LENGTH_UNIT()NAMED_UNIT(*)SI_UNIT(.MILLI.,.METRE.));
#13293=PROPERTY_DEFINITION('geometric validation property','area of C-215307-7',
#13266);
#13294=REPRESENTATION('surface area',(#13292),#13257);
#13295=PROPERTY_DEFINITION_REPRESENTATION(#13293,#13294);
#13296=(LENGTH_UNIT()NAMED_UNIT(*)SI_UNIT(.MILLI.,.METRE.));
#13300=PROPERTY_DEFINITION('geometric validation property',
'volume of C-215307-7',#13266);
#13301=REPRESENTATION('volume',(#13299),#13257);
#13302=PROPERTY_DEFINITION_REPRESENTATION(#13300,#13301);
#13304=PROPERTY_DEFINITION('geometric validation property',
'centroid of C-215307-7',#13266);
#13305=REPRESENTATION('centroid',(#13303),#13257);
#13306=PROPERTY_DEFINITION_REPRESENTATION(#13304,#13305);
#13307=SHAPE_DEFINITION_REPRESENTATION(#13266,#13258);
ENDSEC;
END-ISO-10303-21;
